// Generated from photos/clockface_dial_bg_v4_source.png by scripts/convert_photo.py
// (240x240 RGB565, source was already square) -- not meant to be
// hand-edited. Source image generated by Google Gemini.

#include "clock_dial_bg.h"

static const uint8_t clock_dial_bg_map[] = {
    0xff,0xff,0xff,0xff,0xff,0xff,0xff,0xff,0xff,0xff,0xff,0xff,0xff,0xff,0xff,0xff,
    0xff,0xff,0xff,0xff,0xdf,0xff,0xff,0xff,0xff,0xff,0xdf,0xff,0xdf,0xff,0xff,0xff,
    0xdf,0xff,0xdf,0xff,0xff,0xff,0xdf,0xff,0xdf,0xff,0xdf,0xff,0xdf,0xff,0xff,0xff,
    0xdf,0xff,0xdf,0xff,0xdf,0xff,0xdf,0xff,0xdf,0xff,0xdf,0xff,0xdf,0xff,0xdf,0xff,
    0xdf,0xff,0xdf,0xff,0xdf,0xff,0xdf,0xff,0xdf,0xff,0xdf,0xff,0xdf,0xff,0xdf,0xff,
    0xdf,0xff,0xdf,0xff,0xdf,0xff,0xdf,0xff,0xdf,0xff,0xdf,0xff,0xdf,0xff,0xdf,0xff,
    0xdf,0xff,0xdf,0xff,0xdf,0xff,0xdf,0xff,0xdf,0xff,0xdf,0xff,0xdf,0xff,0xdf,0xff,
    0xdf,0xff,0xdf,0xff,0xdf,0xff,0xdf,0xff,0xdf,0xff,0xdf,0xff,0xdf,0xff,0xdf,0xff,
    0xdf,0xff,0xdf,0xff,0xdf,0xff,0xdf,0xff,0xdf,0xff,0xdf,0xff,0xff,0xff,0xff,0xff,
    0xff,0xff,0x9d,0xf7,0xba,0xde,0xef,0x8b,0xd3,0xa4,0xd2,0xa4,0xae,0x7b,0x04,0x29,
    0x28,0x4a,0x49,0x52,0x48,0x52,0x48,0x52,0x48,0x4a,0x48,0x4a,0x48,0x52,0x48,0x4a,
    0x69,0x52,0xa6,0x39,0x6d,0x73,0xb2,0xa4,0xe3,0x20,0x81,0x10,0xc3,0x18,0xa2,0x10,
    0x61,0x10,0x41,0x08,0x81,0x10,0x45,0x31,0x89,0x5a,0xad,0x7b,0x50,0x94,0xce,0x83,
    0x69,0x52,0xc7,0x41,0x28,0x4a,0x49,0x52,0x24,0x29,0xe7,0x41,0x30,0x94,0xe7,0x41,
    0xa6,0x39,0xe7,0x41,0x8a,0x5a,0x8d,0x7b,0x24,0x29,0x29,0x42,0x6e,0x73,0xb2,0xa4,
    0xc7,0x39,0x25,0x29,0x8e,0x7b,0x91,0x9c,0xa6,0x39,0x41,0x08,0x49,0x52,0x0f,0x8c,
    0x50,0x94,0xa6,0x39,0x00,0x00,0xa3,0x18,0xa6,0x39,0x89,0x5a,0x2c,0x6b,0xce,0x83,
    0xce,0x83,0x0b,0x6b,0x07,0x4a,0x24,0x29,0x81,0x10,0x40,0x08,0x41,0x08,0x61,0x10,
    0x82,0x10,0x81,0x10,0x85,0x31,0xce,0x83,0xaa,0x5a,0xa2,0x18,0x24,0x29,0xa6,0x39,
    0xa6,0x39,0xa6,0x39,0xa6,0x39,0xa6,0x39,0xa6,0x39,0xa6,0x39,0x48,0x52,0xef,0x8b,
    0xae,0x83,0xaa,0x5a,0x28,0x4a,0xc7,0x41,0x8e,0x73,0x99,0xd6,0xdf,0xff,0xff,0xff,
    0xdf,0xff,0x9e,0xf7,0xbe,0xf7,0xbe,0xf7,0xbe,0xf7,0xbe,0xf7,0xbe,0xf7,0xbe,0xf7,
    0xbe,0xf7,0xbe,0xf7,0xbe,0xf7,0xbe,0xf7,0xbe,0xf7,0xbe,0xf7,0xbe,0xf7,0xbe,0xf7,
    0xbe,0xf7,0xbe,0xf7,0xbe,0xf7,0xbe,0xf7,0xbe,0xf7,0xbe,0xf7,0xbe,0xf7,0xbe,0xf7,
    0xbe,0xf7,0xbe,0xf7,0xbe,0xf7,0xbe,0xf7,0xbe,0xf7,0xbe,0xf7,0xbe,0xf7,0xbe,0xf7,
    0xbe,0xf7,0xbe,0xf7,0xbe,0xf7,0xbe,0xf7,0xbe,0xf7,0xbe,0xf7,0xbe,0xf7,0xbe,0xf7,
    0xbe,0xf7,0xbe,0xf7,0xbe,0xf7,0xbe,0xf7,0xbe,0xf7,0xbe,0xf7,0xbe,0xf7,0xbe,0xf7,
    0xbe,0xf7,0xbe,0xf7,0xbe,0xf7,0xbe,0xf7,0xbe,0xf7,0xbe,0xf7,0xbe,0xf7,0xbe,0xf7,
    0xbe,0xf7,0xbe,0xf7,0xbe,0xf7,0xbe,0xf7,0xbe,0xf7,0xbe,0xf7,0xbe,0xf7,0xbe,0xf7,
    0xbe,0xf7,0xbe,0xf7,0xbe,0xf7,0xbe,0xf7,0xbe,0xf7,0xbe,0xf7,0xbe,0xf7,0xbe,0xf7,
    0xff,0xff,0xff,0xff,0xff,0xff,0xff,0xff,0xdf,0xff,0xff,0xff,0xff,0xff,0xff,0xff,
    0xff,0xff,0xff,0xff,0xff,0xff,0xff,0xff,0xff,0xff,0xff,0xff,0xdf,0xff,0xdf,0xff,
    0xdf,0xff,0xdf,0xff,0xdf,0xff,0xdf,0xff,0xdf,0xff,0xdf,0xff,0xdf,0xff,0xff,0xff,
    0xdf,0xff,0xdf,0xff,0xdf,0xff,0xff,0xff,0xdf,0xff,0xdf,0xff,0xdf,0xff,0xdf,0xff,
    0xdf,0xff,0xdf,0xff,0xdf,0xff,0xdf,0xff,0xdf,0xff,0xdf,0xff,0xdf,0xff,0xdf,0xff,
    0xdf,0xff,0xdf,0xff,0xdf,0xff,0xdf,0xff,0xdf,0xff,0xdf,0xff,0xdf,0xff,0xdf,0xff,
    0xff,0xff,0xdf,0xff,0xdf,0xff,0xdf,0xff,0xdf,0xff,0xdf,0xff,0xdf,0xff,0xdf,0xff,
    0xdf,0xff,0xdf,0xff,0xdf,0xff,0xdf,0xff,0xdf,0xff,0xdf,0xff,0xdf,0xff,0xdf,0xff,
    0xdf,0xff,0xdf,0xff,0xde,0xff,0xdf,0xff,0xff,0xff,0xff,0xff,0xde,0xff,0x3c,0xef,
    0x79,0xd6,0xd7,0xc5,0x34,0xad,0xcf,0x83,0x30,0x8c,0xd3,0xa4,0x10,0x8c,0x24,0x29,
    0xa6,0x39,0x49,0x52,0x48,0x52,0x48,0x4a,0x48,0x4a,0x48,0x4a,0x48,0x4a,0x48,0x4a,
    0x69,0x52,0xe7,0x41,0x8a,0x52,0xf3,0xac,0xc7,0x39,0xc2,0x18,0xa6,0x39,0xa6,0x39,
    0x86,0x31,0x45,0x29,0x04,0x21,0xa2,0x10,0x61,0x08,0xa2,0x10,0x65,0x31,0xca,0x62,
    0xef,0x83,0xce,0x83,0x69,0x52,0xc6,0x41,0x28,0x4a,0x24,0x29,0x68,0x52,0xef,0x8b,
    0xa6,0x39,0xa6,0x39,0x07,0x4a,0xcf,0x83,0xe7,0x41,0x86,0x31,0x6e,0x73,0xd2,0xa4,
    0xc7,0x41,0x66,0x31,0x30,0x8c,0xae,0x7b,0x82,0x10,0x45,0x29,0x8d,0x7b,0x30,0x8c,
    0xc7,0x39,0x20,0x00,0xa2,0x18,0x86,0x39,0xcb,0x62,0xce,0x83,0x8d,0x7b,0x48,0x52,
    0x03,0x21,0x41,0x08,0x00,0x00,0x20,0x00,0x82,0x10,0xc3,0x18,0x04,0x21,0x24,0x29,
    0x45,0x29,0xa6,0x39,0x2c,0x6b,0xce,0x83,0xe7,0x41,0x82,0x10,0x65,0x31,0xa6,0x39,
    0xa6,0x39,0xa6,0x39,0xa6,0x39,0xa6,0x39,0xa6,0x39,0xa6,0x39,0xaa,0x5a,0xef,0x8b,
    0x6d,0x73,0x89,0x5a,0xc6,0x41,0x82,0x10,0x04,0x29,0x48,0x52,0x6d,0x73,0x55,0xad,
    0x3c,0xef,0xff,0xff,0xff,0xff,0xbe,0xf7,0xbe,0xf7,0xbe,0xf7,0xbe,0xf7,0xbe,0xf7,
    0xbe,0xf7,0xbe,0xf7,0xbe,0xf7,0xbe,0xf7,0xbe,0xf7,0xbe,0xf7,0xbe,0xf7,0xbe,0xf7,
    0xbe,0xf7,0xbe,0xf7,0xbe,0xf7,0xbe,0xf7,0xbe,0xf7,0xbe,0xf7,0xbe,0xf7,0xbe,0xf7,
    0xbe,0xf7,0xbe,0xf7,0xbe,0xf7,0xbe,0xf7,0xbe,0xf7,0xbe,0xf7,0xbe,0xf7,0xbe,0xf7,
    0xbe,0xf7,0xbe,0xf7,0xbe,0xf7,0xbe,0xf7,0xbe,0xf7,0xbe,0xf7,0xbe,0xf7,0xbe,0xf7,
    0xbe,0xf7,0xbe,0xf7,0xbe,0xf7,0xbe,0xf7,0xbe,0xf7,0xbe,0xf7,0xbe,0xf7,0xbe,0xf7,
    0xbe,0xf7,0xbe,0xf7,0xbe,0xf7,0xbe,0xf7,0xbe,0xf7,0xbe,0xf7,0xbe,0xf7,0xbe,0xf7,
    0xbe,0xf7,0xbe,0xf7,0xbe,0xf7,0xbe,0xf7,0xbe,0xf7,0xbe,0xf7,0xbe,0xf7,0xbe,0xf7,
    0xbe,0xf7,0xbe,0xf7,0xbe,0xf7,0xbe,0xf7,0xbe,0xf7,0xbe,0xf7,0xbe,0xf7,0xbe,0xf7,
    0xff,0xff,0xdf,0xff,0xff,0xff,0xff,0xff,0xdf,0xff,0xff,0xff,0xff,0xff,0xff,0xff,
    0xff,0xff,0xff,0xff,0xff,0xff,0xff,0xff,0xff,0xff,0xff,0xff,0xff,0xff,0xdf,0xff,
    0xdf,0xff,0xdf,0xff,0xdf,0xff,0xdf,0xff,0xdf,0xff,0xdf,0xff,0xdf,0xff,0xdf,0xff,
    0xdf,0xff,0xdf,0xff,0xdf,0xff,0xff,0xff,0xdf,0xff,0xdf,0xff,0xdf,0xff,0xdf,0xff,
    0xdf,0xff,0xdf,0xff,0xdf,0xff,0xdf,0xff,0xdf,0xff,0xdf,0xff,0xdf,0xff,0xdf,0xff,
    0xdf,0xff,0xdf,0xff,0xdf,0xff,0xdf,0xff,0xdf,0xff,0xdf,0xff,0xdf,0xff,0xdf,0xff,
    0xdf,0xff,0xdf,0xff,0xdf,0xff,0xdf,0xff,0xdf,0xff,0xdf,0xff,0xdf,0xff,0xdf,0xff,
    0xdf,0xff,0xdf,0xff,0xdf,0xff,0xdf,0xff,0xdf,0xff,0xdf,0xff,0xdf,0xff,0xdf,0xff,
    0xdf,0xff,0xdf,0xff,0xff,0xff,0xff,0xff,0x9e,0xf7,0xfb,0xe6,0x38,0xce,0x75,0xb5,
    0xb2,0xa4,0x50,0x94,0x50,0x94,0x0f,0x8c,0xd2,0xa4,0xb2,0xa4,0x50,0x94,0x08,0x4a,
    0xe3,0x20,0x48,0x52,0x28,0x4a,0x48,0x4a,0x48,0x4a,0x48,0x4a,0x48,0x52,0x48,0x52,
    0x48,0x52,0x28,0x4a,0xe7,0x41,0xd3,0xa4,0xcb,0x5a,0x82,0x10,0xe7,0x41,0x28,0x4a,
    0x28,0x4a,0x08,0x4a,0xe7,0x41,0xe7,0x41,0xa6,0x39,0x45,0x29,0xc3,0x18,0x82,0x10,
    0xe3,0x20,0x89,0x52,0xce,0x83,0x4c,0x73,0x07,0x42,0xa6,0x39,0x04,0x21,0x69,0x52,
    0xce,0x83,0x86,0x31,0x86,0x39,0x2c,0x73,0x2c,0x6b,0x04,0x21,0xec,0x62,0xb2,0x9c,
    0xa7,0x39,0x86,0x31,0x92,0x9c,0x89,0x52,0xa2,0x18,0xeb,0x62,0x71,0x94,0xc6,0x39,
    0x00,0x00,0xc3,0x18,0x29,0x4a,0x8d,0x7b,0x6d,0x73,0xe7,0x41,0x81,0x10,0x00,0x00,
    0x20,0x08,0x82,0x10,0xe3,0x20,0x24,0x29,0x65,0x31,0x65,0x31,0x86,0x31,0x86,0x39,
    0xc6,0x39,0x69,0x52,0xae,0x7b,0x2c,0x73,0x24,0x21,0xa2,0x18,0xa6,0x39,0xa6,0x39,
    0xc6,0x39,0xc6,0x39,0xa6,0x39,0xa6,0x39,0x86,0x31,0xc6,0x39,0xeb,0x6a,0xef,0x83,
    0x0b,0x6b,0xa9,0x5a,0x08,0x4a,0x45,0x29,0xe7,0x41,0x48,0x52,0x28,0x4a,0xe7,0x41,
    0x69,0x52,0x51,0x94,0x9a,0xd6,0xdf,0xff,0xff,0xff,0xbe,0xf7,0x9e,0xf7,0xbe,0xf7,
    0xbe,0xf7,0xbe,0xf7,0xbe,0xf7,0xbe,0xf7,0xbe,0xf7,0xbe,0xf7,0xbe,0xf7,0xbe,0xf7,
    0xbe,0xf7,0xbe,0xf7,0xbe,0xf7,0xbe,0xf7,0xbe,0xf7,0xbe,0xf7,0xbe,0xf7,0xbe,0xf7,
    0xbe,0xf7,0xbe,0xf7,0xbe,0xf7,0xbe,0xf7,0xbe,0xf7,0xbe,0xf7,0xbe,0xf7,0xbe,0xf7,
    0xbe,0xf7,0xbe,0xf7,0xbe,0xf7,0xbe,0xf7,0xbe,0xf7,0xbe,0xf7,0xbe,0xf7,0xbe,0xf7,
    0xbe,0xf7,0xbe,0xf7,0xbe,0xf7,0xbe,0xf7,0xbe,0xf7,0xbe,0xf7,0xbe,0xf7,0xbe,0xf7,
    0xbe,0xf7,0xbe,0xf7,0xbe,0xf7,0xbe,0xf7,0xbe,0xf7,0xbe,0xf7,0xbe,0xf7,0xbe,0xf7,
    0xbe,0xf7,0xbe,0xf7,0xbe,0xf7,0xbe,0xf7,0xbe,0xf7,0xbe,0xf7,0xbe,0xf7,0xbe,0xf7,
    0xbe,0xf7,0xbe,0xf7,0xbe,0xf7,0xbe,0xf7,0xbe,0xf7,0xbe,0xf7,0xbe,0xf7,0xbe,0xf7,
    0xff,0xff,0xff,0xff,0xff,0xff,0xff,0xff,0xff,0xff,0xff,0xff,0xff,0xff,0xff,0xff,
    0xff,0xff,0xff,0xff,0xff,0xff,0xff,0xff,0xdf,0xff,0xdf,0xff,0xff,0xff,0xff,0xff,
    0xff,0xff,0xdf,0xff,0xdf,0xff,0xdf,0xff,0xdf,0xff,0xdf,0xff,0xdf,0xff,0xdf,0xff,
    0xdf,0xff,0xdf,0xff,0xdf,0xff,0xff,0xff,0xdf,0xff,0xdf,0xff,0xdf,0xff,0xdf,0xff,
    0xdf,0xff,0xdf,0xff,0xdf,0xff,0xdf,0xff,0xdf,0xff,0xdf,0xff,0xdf,0xff,0xdf,0xff,
    0xdf,0xff,0xdf,0xff,0xdf,0xff,0xdf,0xff,0xdf,0xff,0xdf,0xff,0xdf,0xff,0xdf,0xff,
    0xdf,0xff,0xff,0xff,0xdf,0xff,0xdf,0xff,0xdf,0xff,0xdf,0xff,0xdf,0xff,0xdf,0xff,
    0xdf,0xff,0xdf,0xff,0xdf,0xff,0xdf,0xff,0xdf,0xff,0xdf,0xff,0xdf,0xff,0xdf,0xff,
    0xff,0xff,0xff,0xff,0x7d,0xef,0x99,0xd6,0xf7,0xc5,0x54,0xb5,0xb2,0x9c,0xef,0x8b,
    0xef,0x8b,0xb2,0x9c,0x75,0xb5,0xf7,0xc5,0xb6,0xbd,0x92,0x9c,0x51,0x94,0x4d,0x73,
    0xc3,0x18,0x07,0x4a,0x48,0x52,0x48,0x4a,0x48,0x4a,0x48,0x4a,0x48,0x4a,0x48,0x52,
    0x28,0x4a,0x69,0x52,0xa6,0x39,0x30,0x94,0xcf,0x83,0xa2,0x10,0xc6,0x39,0x28,0x4a,
    0x28,0x4a,0x28,0x4a,0x28,0x4a,0x28,0x4a,0x28,0x4a,0x49,0x52,0x69,0x52,0x69,0x52,
    0xe7,0x41,0x24,0x29,0x45,0x29,0x69,0x52,0x6d,0x73,0x8a,0x5a,0xa6,0x39,0x24,0x29,
    0x2c,0x73,0x6d,0x7b,0x45,0x29,0x69,0x52,0x0f,0x8c,0x65,0x31,0x08,0x42,0xb2,0x9c,
    0x65,0x31,0x49,0x4a,0x92,0x9c,0x65,0x31,0xa6,0x39,0xd2,0xa4,0x69,0x52,0x00,0x00,
    0x45,0x29,0x4d,0x73,0x8d,0x7b,0xc6,0x39,0x40,0x08,0x00,0x00,0x61,0x10,0x04,0x21,
    0x65,0x31,0x86,0x39,0xa6,0x39,0xa6,0x39,0xa6,0x39,0xa6,0x39,0xa6,0x39,0xa6,0x39,
    0x08,0x4a,0xcb,0x62,0xef,0x83,0xa9,0x5a,0xa2,0x10,0x03,0x21,0xa6,0x39,0xa6,0x39,
    0xc6,0x39,0xc6,0x39,0xa6,0x39,0xa6,0x39,0x85,0x31,0x08,0x4a,0x4c,0x73,0xce,0x83,
    0xcb,0x62,0xeb,0x62,0x2c,0x6b,0x2c,0x6b,0xaa,0x5a,0x69,0x52,0x69,0x52,0x8a,0x5a,
    0x89,0x5a,0x28,0x4a,0x49,0x52,0xae,0x7b,0xf7,0xc5,0xbe,0xf7,0xff,0xff,0xbe,0xff,
    0x9e,0xf7,0xbe,0xf7,0xbe,0xf7,0xbe,0xf7,0xbe,0xf7,0xbe,0xf7,0xbe,0xf7,0xbe,0xf7,
    0xbe,0xf7,0xbe,0xf7,0xbe,0xf7,0xbe,0xf7,0xbe,0xf7,0xbe,0xf7,0xbe,0xf7,0xbe,0xf7,
    0xbe,0xf7,0xbe,0xf7,0xbe,0xf7,0xbe,0xf7,0xbe,0xf7,0xbe,0xf7,0xbe,0xf7,0xbe,0xf7,
    0xbe,0xf7,0xbe,0xf7,0xbe,0xf7,0xbe,0xf7,0xbe,0xf7,0xbe,0xf7,0xbe,0xf7,0xbe,0xf7,
    0xbe,0xf7,0xbe,0xf7,0xbe,0xf7,0xbe,0xf7,0xbe,0xf7,0xbe,0xf7,0xbe,0xf7,0xbe,0xf7,
    0xbe,0xf7,0xbe,0xf7,0xbe,0xf7,0xbe,0xf7,0xbe,0xf7,0xbe,0xf7,0xbe,0xf7,0xbe,0xf7,
    0xbe,0xf7,0xbe,0xf7,0xbe,0xf7,0xbe,0xf7,0xbe,0xf7,0xbe,0xf7,0xbe,0xf7,0xbe,0xf7,
    0xbe,0xf7,0xbe,0xf7,0xbe,0xf7,0xbe,0xf7,0xbe,0xf7,0xbe,0xf7,0xbe,0xf7,0xbe,0xf7,
    0xdf,0xff,0xff,0xff,0xdf,0xff,0xff,0xff,0xff,0xff,0xdf,0xff,0xff,0xff,0xff,0xff,
    0xff,0xff,0xdf,0xff,0xff,0xff,0xff,0xff,0xff,0xff,0xdf,0xff,0xdf,0xff,0xff,0xff,
    0xdf,0xff,0xdf,0xff,0xdf,0xff,0xdf,0xff,0xff,0xff,0xdf,0xff,0xdf,0xff,0xff,0xff,
    0xdf,0xff,0xff,0xff,0xff,0xff,0xdf,0xff,0xdf,0xff,0xdf,0xff,0xdf,0xff,0xdf,0xff,
    0xdf,0xff,0xdf,0xff,0xdf,0xff,0xdf,0xff,0xdf,0xff,0xdf,0xff,0xdf,0xff,0xdf,0xff,
    0xdf,0xff,0xdf,0xff,0xdf,0xff,0xdf,0xff,0xdf,0xff,0xdf,0xff,0xdf,0xff,0xdf,0xff,
    0xdf,0xff,0xdf,0xff,0xdf,0xff,0xdf,0xff,0xdf,0xff,0xdf,0xff,0xdf,0xff,0xdf,0xff,
    0xdf,0xff,0xdf,0xff,0xdf,0xff,0xdf,0xff,0xdf,0xff,0xdf,0xff,0xff,0xff,0xdf,0xff,
    0x5c,0xef,0x79,0xd6,0x95,0xbd,0xf3,0xac,0x71,0x9c,0xef,0x8b,0x10,0x8c,0x13,0xad,
    0xd7,0xc5,0x17,0xce,0xb6,0xbd,0x71,0x9c,0xaa,0x5a,0xa6,0x39,0x51,0x94,0x71,0x9c,
    0x86,0x39,0xa6,0x39,0x69,0x52,0x48,0x4a,0x48,0x4a,0x48,0x4a,0x48,0x4a,0x48,0x52,
    0x48,0x52,0x69,0x52,0xc7,0x39,0x8e,0x73,0xb2,0x9c,0x04,0x21,0x45,0x31,0x28,0x52,
    0x89,0x5a,0xca,0x62,0xaa,0x62,0x89,0x5a,0x69,0x52,0x8a,0x5a,0xca,0x62,0x2b,0x6b,
    0x6c,0x73,0x8d,0x7b,0x2c,0x6b,0x28,0x4a,0x0b,0x6b,0x50,0x94,0x8d,0x7b,0xeb,0x62,
    0x4c,0x73,0xef,0x8b,0x4d,0x73,0x2c,0x73,0x0f,0x8c,0x4c,0x73,0x4d,0x73,0x30,0x8c,
    0x2c,0x6b,0xce,0x83,0x0f,0x8c,0xeb,0x62,0xce,0x83,0x30,0x8c,0xaa,0x5a,0x69,0x52,
    0xae,0x7b,0xcf,0x83,0x08,0x4a,0xe3,0x20,0x04,0x21,0x24,0x29,0x65,0x31,0x86,0x39,
    0x86,0x39,0x86,0x39,0xa6,0x39,0xa6,0x39,0xc6,0x39,0xc6,0x39,0xc6,0x39,0xc7,0x41,
    0x89,0x5a,0x4c,0x73,0xee,0x83,0x07,0x4a,0x61,0x10,0x44,0x29,0xc6,0x39,0xc6,0x39,
    0xa6,0x39,0xa6,0x39,0xa6,0x39,0xa6,0x39,0x86,0x39,0x89,0x52,0xae,0x7b,0x4c,0x73,
    0xca,0x62,0x24,0x29,0x85,0x31,0xaa,0x62,0x2c,0x73,0x2c,0x6b,0xeb,0x62,0xaa,0x5a,
    0xaa,0x5a,0xaa,0x62,0xaa,0x5a,0x69,0x5a,0x28,0x52,0x0c,0x6b,0x55,0xad,0x7d,0xef,
    0xff,0xff,0xdf,0xff,0x9e,0xf7,0xbe,0xf7,0xbe,0xf7,0xbe,0xf7,0xbe,0xf7,0xbe,0xf7,
    0xbe,0xf7,0xbe,0xf7,0xbe,0xf7,0xbe,0xf7,0xbe,0xf7,0xbe,0xf7,0xbe,0xf7,0xbe,0xf7,
    0xbe,0xf7,0xbe,0xf7,0xbe,0xf7,0xbe,0xf7,0xbe,0xf7,0xbe,0xf7,0xde,0xf7,0xbe,0xf7,
    0xbe,0xf7,0xbe,0xf7,0xbe,0xf7,0xbe,0xf7,0xbe,0xf7,0xbe,0xf7,0xbe,0xf7,0xbe,0xf7,
    0xbe,0xf7,0xbe,0xf7,0xbe,0xf7,0xbe,0xf7,0xbe,0xf7,0xbe,0xf7,0xbe,0xf7,0xbe,0xf7,
    0xbe,0xf7,0xbe,0xf7,0xbe,0xf7,0xbe,0xf7,0xbe,0xf7,0xbe,0xf7,0xbe,0xf7,0xbe,0xf7,
    0xbe,0xf7,0xbe,0xf7,0xbe,0xf7,0xbe,0xf7,0xbe,0xf7,0xbe,0xf7,0xbe,0xf7,0xbe,0xf7,
    0xbe,0xf7,0xbe,0xf7,0xbe,0xf7,0xbe,0xf7,0xbe,0xf7,0xbe,0xf7,0xbe,0xf7,0xbe,0xf7,
    0xff,0xff,0xdf,0xff,0xdf,0xff,0xdf,0xff,0xdf,0xff,0xdf,0xff,0xdf,0xff,0xdf,0xff,
    0xdf,0xff,0xff,0xff,0xdf,0xff,0xdf,0xff,0xdf,0xff,0xdf,0xff,0xdf,0xff,0xdf,0xff,
    0xdf,0xff,0xff,0xff,0xdf,0xff,0xff,0xff,0xdf,0xff,0xdf,0xff,0xdf,0xff,0xff,0xff,
    0xff,0xff,0xdf,0xff,0xff,0xff,0xdf,0xff,0xdf,0xff,0xdf,0xff,0xdf,0xff,0xdf,0xff,
    0xdf,0xff,0xdf,0xff,0xdf,0xff,0xdf,0xff,0xdf,0xff,0xdf,0xff,0xdf,0xff,0xdf,0xff,
    0xdf,0xff,0xdf,0xff,0xdf,0xff,0xdf,0xff,0xdf,0xff,0xdf,0xff,0xdf,0xff,0xdf,0xff,
    0xdf,0xff,0xdf,0xff,0xdf,0xff,0xdf,0xff,0xdf,0xff,0xdf,0xff,0xdf,0xff,0xdf,0xff,
    0xdf,0xff,0xdf,0xff,0xdf,0xff,0xdf,0xff,0xff,0xff,0xdf,0xff,0x3c,0xef,0x79,0xd6,
    0xb6,0xbd,0xd3,0xa4,0x30,0x8c,0xef,0x8b,0x71,0x94,0x34,0xad,0xf7,0xc5,0xd6,0xc5,
    0xf3,0xa4,0x4d,0x73,0xa6,0x39,0x61,0x10,0x00,0x00,0x00,0x00,0x4d,0x73,0x54,0xb5,
    0xcb,0x62,0x24,0x29,0x48,0x52,0x28,0x4a,0x28,0x4a,0x28,0x4a,0x28,0x4a,0x28,0x4a,
    0x28,0x4a,0x49,0x52,0x08,0x4a,0xaa,0x5a,0x34,0xad,0x08,0x42,0xc3,0x20,0x69,0x52,
    0xca,0x62,0xcb,0x62,0xaa,0x5a,0x0c,0x6b,0x8d,0x73,0xce,0x7b,0x30,0x8c,0x71,0x94,
    0x92,0x9c,0xb2,0x9c,0xb2,0x9c,0x71,0x94,0x30,0x8c,0xcf,0x83,0xef,0x83,0xef,0x83,
    0xef,0x83,0xae,0x7b,0xcf,0x83,0xef,0x83,0xae,0x83,0xce,0x83,0xce,0x83,0xae,0x7b,
    0xce,0x83,0xae,0x7b,0xae,0x7b,0xcf,0x83,0xae,0x7b,0x8d,0x7b,0xae,0x7b,0xae,0x7b,
    0x4d,0x73,0x2c,0x6b,0x4c,0x73,0x8d,0x7b,0x8d,0x7b,0x4d,0x73,0x2c,0x6b,0x0c,0x6b,
    0xcb,0x62,0x89,0x52,0x28,0x4a,0xc7,0x39,0x86,0x39,0x65,0x31,0x86,0x31,0xa6,0x39,
    0x69,0x52,0x8d,0x7b,0x8d,0x7b,0x85,0x31,0xa2,0x18,0x85,0x39,0xa6,0x39,0xa6,0x39,
    0xc6,0x39,0xc6,0x39,0xc6,0x39,0xa6,0x39,0xe7,0x41,0xeb,0x6a,0xcf,0x83,0xeb,0x6a,
    0x08,0x4a,0x00,0x00,0x00,0x00,0x20,0x08,0xe3,0x20,0x07,0x42,0xcb,0x62,0x2c,0x73,
    0x0b,0x6b,0xca,0x62,0x8a,0x5a,0x8a,0x5a,0xaa,0x5a,0x49,0x52,0x08,0x4a,0xeb,0x6a,
    0x34,0xad,0x7d,0xef,0xff,0xff,0xdf,0xff,0x9e,0xf7,0xbe,0xf7,0xbe,0xf7,0xbe,0xf7,
    0xbe,0xf7,0xbe,0xf7,0xbe,0xf7,0xbe,0xf7,0xbe,0xf7,0xbe,0xf7,0xbe,0xf7,0xbe,0xf7,
    0xbe,0xf7,0xbe,0xf7,0xbe,0xf7,0xbe,0xf7,0xbe,0xf7,0xbe,0xf7,0xbe,0xf7,0xbe,0xf7,
    0xbe,0xf7,0xbe,0xf7,0xbe,0xf7,0xbe,0xf7,0xbe,0xf7,0xbe,0xf7,0xbe,0xf7,0xbe,0xf7,
    0xbe,0xf7,0xbe,0xf7,0xbe,0xf7,0xbe,0xf7,0xbe,0xf7,0xbe,0xf7,0xbe,0xf7,0xbe,0xf7,
    0xbe,0xf7,0xbe,0xf7,0xbe,0xf7,0xbe,0xf7,0xbe,0xf7,0xbe,0xf7,0xbe,0xf7,0xbe,0xf7,
    0xbe,0xf7,0xbe,0xf7,0xbe,0xf7,0xbe,0xf7,0xbe,0xf7,0xbe,0xf7,0xbe,0xf7,0xbe,0xf7,
    0xbe,0xf7,0xbe,0xf7,0xbe,0xf7,0xbe,0xf7,0xbe,0xf7,0xbe,0xf7,0xbe,0xf7,0xbe,0xf7,
    0xff,0xff,0xdf,0xff,0xdf,0xff,0xdf,0xff,0xdf,0xff,0xff,0xff,0xff,0xff,0xdf,0xff,
    0xdf,0xff,0xdf,0xff,0xdf,0xff,0xff,0xff,0xff,0xff,0xdf,0xff,0xdf,0xff,0xdf,0xff,
    0xff,0xff,0xff,0xff,0xdf,0xff,0xdf,0xff,0xdf,0xff,0xdf,0xff,0xff,0xff,0xff,0xff,
    0xdf,0xff,0xff,0xff,0xdf,0xff,0xdf,0xff,0xdf,0xff,0xdf,0xff,0xdf,0xff,0xdf,0xff,
    0xdf,0xff,0xdf,0xff,0xdf,0xff,0xdf,0xff,0xdf,0xff,0xdf,0xff,0xdf,0xff,0xdf,0xff,
    0xdf,0xff,0xdf,0xff,0xdf,0xff,0xdf,0xff,0xdf,0xff,0xdf,0xff,0xdf,0xff,0xdf,0xff,
    0xdf,0xff,0xdf,0xff,0xdf,0xff,0xdf,0xff,0xdf,0xff,0xdf,0xff,0xdf,0xff,0xdf,0xff,
    0xdf,0xff,0xdf,0xff,0xff,0xff,0xdf,0xff,0x3c,0xe7,0x79,0xd6,0xb6,0xbd,0xd3,0xa4,
    0x30,0x8c,0x10,0x8c,0xd2,0x9c,0x95,0xbd,0xf7,0xc5,0x96,0xbd,0x51,0x94,0x69,0x52,
    0xe3,0x20,0x00,0x00,0x00,0x00,0x00,0x00,0xa2,0x18,0x61,0x10,0xa6,0x39,0x95,0xbd,
    0x0f,0x8c,0x04,0x21,0xc7,0x41,0x28,0x4a,0x28,0x4a,0x08,0x4a,0x28,0x4a,0x49,0x52,
    0xaa,0x5a,0xeb,0x62,0x0b,0x6b,0x49,0x52,0xb2,0x9c,0x4d,0x73,0x28,0x4a,0x4c,0x73,
    0xce,0x83,0x10,0x8c,0x10,0x8c,0x50,0x94,0x50,0x94,0x30,0x8c,0x10,0x8c,0x0f,0x84,
    0xef,0x83,0xef,0x83,0xef,0x83,0x0f,0x8c,0x0f,0x84,0x0f,0x8c,0x0f,0x8c,0xef,0x83,
    0xef,0x83,0xcf,0x83,0xce,0x83,0xce,0x83,0xce,0x83,0xae,0x83,0xae,0x7b,0xae,0x83,
    0xae,0x7b,0xae,0x7b,0xce,0x7b,0xae,0x7b,0xce,0x7b,0xce,0x83,0xae,0x7b,0x8d,0x7b,
    0x8d,0x7b,0x6d,0x73,0x4d,0x73,0x4d,0x73,0x4c,0x73,0x4c,0x73,0x2c,0x6b,0x2c,0x6b,
    0x4c,0x73,0x4c,0x73,0x4c,0x73,0x2c,0x6b,0xeb,0x62,0x8a,0x5a,0x49,0x52,0xe7,0x41,
    0xc7,0x39,0xef,0x83,0x0b,0x6b,0xa2,0x18,0xc3,0x18,0xa6,0x39,0xc6,0x41,0xc6,0x39,
    0xc6,0x39,0xa6,0x39,0xc6,0x39,0xa6,0x39,0x69,0x52,0xae,0x7b,0xae,0x7b,0xcb,0x62,
    0x44,0x29,0x00,0x00,0x41,0x08,0x20,0x00,0x00,0x00,0x00,0x00,0x41,0x08,0x65,0x31,
    0xaa,0x62,0x4c,0x73,0x0b,0x6b,0x69,0x52,0x69,0x52,0x8a,0x5a,0xaa,0x5a,0x8a,0x5a,
    0x28,0x52,0xcb,0x62,0x14,0xa5,0x5d,0xef,0xff,0xff,0xbe,0xf7,0x9e,0xf7,0xbe,0xf7,
    0xbe,0xf7,0xbe,0xf7,0xbe,0xf7,0xbe,0xf7,0xbe,0xf7,0xbe,0xf7,0xbe,0xf7,0xbe,0xf7,
    0xbe,0xf7,0xbe,0xf7,0xbe,0xf7,0xbe,0xf7,0xbe,0xf7,0xbe,0xf7,0xbe,0xf7,0xbe,0xf7,
    0xbe,0xf7,0xbe,0xf7,0xbe,0xf7,0xbe,0xf7,0xbe,0xf7,0xbe,0xf7,0xbe,0xf7,0xbe,0xf7,
    0xbe,0xf7,0xbe,0xf7,0xbe,0xf7,0xbe,0xf7,0xbe,0xf7,0xbe,0xf7,0xbe,0xf7,0xbe,0xf7,
    0xbe,0xf7,0xbe,0xf7,0xbe,0xf7,0xbe,0xf7,0xbe,0xf7,0xbe,0xf7,0xbe,0xf7,0xbe,0xf7,
    0xbe,0xf7,0xbe,0xf7,0xbe,0xf7,0xbe,0xf7,0xbe,0xf7,0xbe,0xf7,0xbe,0xf7,0xbe,0xf7,
    0xbe,0xf7,0xbe,0xf7,0xbe,0xf7,0xbe,0xf7,0xbe,0xf7,0xbe,0xf7,0xbe,0xf7,0xbe,0xf7,
    0xdf,0xff,0xdf,0xff,0xdf,0xff,0xdf,0xff,0xdf,0xff,0xdf,0xff,0xdf,0xff,0xdf,0xff,
    0xdf,0xff,0xdf,0xff,0xdf,0xff,0xdf,0xff,0xff,0xff,0xdf,0xff,0xdf,0xff,0xdf,0xff,
    0xff,0xff,0xdf,0xff,0xdf,0xff,0xdf,0xff,0xdf,0xff,0xff,0xff,0xdf,0xff,0xdf,0xff,
    0xdf,0xff,0xdf,0xff,0xdf,0xff,0xdf,0xff,0xdf,0xff,0xdf,0xff,0xdf,0xff,0xdf,0xff,
    0xdf,0xff,0xdf,0xff,0xdf,0xff,0xdf,0xff,0xdf,0xff,0xdf,0xff,0xdf,0xff,0xdf,0xff,
    0xdf,0xff,0xdf,0xff,0xdf,0xff,0xdf,0xff,0xdf,0xff,0xdf,0xff,0xdf,0xff,0xdf,0xff,
    0xdf,0xff,0xdf,0xff,0xdf,0xff,0xdf,0xff,0xdf,0xff,0xdf,0xff,0xdf,0xff,0xdf,0xff,
    0xff,0xff,0xff,0xff,0x3c,0xef,0x58,0xce,0x96,0xbd,0xf3,0xa4,0x30,0x8c,0x0f,0x8c,
    0xf3,0xa4,0xd6,0xbd,0x17,0xce,0x54,0xb5,0xae,0x7b,0xc6,0x41,0x61,0x10,0x00,0x00,
    0x00,0x00,0x20,0x00,0x82,0x10,0xe3,0x20,0x65,0x31,0x65,0x31,0x82,0x10,0xf3,0xa4,
    0x13,0xad,0xc7,0x41,0x65,0x31,0x69,0x52,0xaa,0x5a,0xaa,0x5a,0xaa,0x62,0xaa,0x62,
    0xcb,0x62,0x4d,0x73,0xef,0x83,0x30,0x8c,0x50,0x94,0x30,0x8c,0x50,0x94,0x30,0x8c,
    0x0f,0x8c,0x0f,0x8c,0xef,0x8b,0xef,0x8b,0x0f,0x8c,0x10,0x8c,0x30,0x8c,0x30,0x8c,
    0x10,0x8c,0xef,0x83,0xce,0x83,0x8d,0x7b,0x2c,0x6b,0xeb,0x62,0xaa,0x5a,0x89,0x5a,
    0x48,0x52,0x07,0x4a,0xe7,0x41,0xc6,0x41,0xa6,0x39,0x86,0x39,0x85,0x39,0x85,0x39,
    0x85,0x39,0xa6,0x39,0xc6,0x39,0xe7,0x41,0xe7,0x41,0x07,0x4a,0x07,0x4a,0x08,0x4a,
    0x28,0x4a,0x69,0x52,0x89,0x5a,0xaa,0x5a,0xeb,0x62,0x0c,0x6b,0x2c,0x6b,0x2c,0x6b,
    0x4c,0x73,0x2c,0x6b,0x0c,0x6b,0x0b,0x6b,0x0b,0x6b,0x0b,0x6b,0x0b,0x6b,0x0b,0x6b,
    0xeb,0x62,0x0b,0x6b,0xeb,0x62,0xc6,0x41,0x86,0x39,0xa6,0x39,0x86,0x39,0x86,0x31,
    0xa6,0x39,0xc6,0x39,0xc6,0x39,0xc7,0x39,0xeb,0x6a,0x0f,0x8c,0x6d,0x73,0xaa,0x5a,
    0x61,0x08,0x00,0x00,0x81,0x10,0xa2,0x18,0x61,0x10,0x40,0x08,0x00,0x00,0x00,0x00,
    0x00,0x00,0x24,0x29,0x48,0x52,0xaa,0x5a,0xca,0x62,0xaa,0x5a,0x8a,0x5a,0x8a,0x5a,
    0xca,0x62,0x89,0x5a,0x08,0x4a,0xaa,0x5a,0x14,0xad,0x9d,0xf7,0xff,0xff,0xbe,0xf7,
    0x9e,0xf7,0xbe,0xf7,0xbe,0xf7,0xbe,0xf7,0xbe,0xf7,0xbe,0xf7,0xbe,0xf7,0xbe,0xf7,
    0xbe,0xf7,0xbe,0xf7,0xbe,0xf7,0xbe,0xf7,0xbe,0xf7,0xbe,0xf7,0xbe,0xf7,0xbe,0xf7,
    0xbe,0xf7,0xbe,0xf7,0xbe,0xf7,0xbe,0xf7,0xbe,0xf7,0xbe,0xf7,0xbe,0xf7,0xbe,0xf7,
    0xbe,0xf7,0xbe,0xf7,0xbe,0xf7,0xbe,0xf7,0xbe,0xf7,0xbe,0xf7,0xbe,0xf7,0xbe,0xf7,
    0xbe,0xf7,0xbe,0xf7,0xbe,0xf7,0xbe,0xf7,0xbe,0xf7,0xbe,0xf7,0xbe,0xf7,0xbe,0xf7,
    0xbe,0xf7,0xbe,0xf7,0xbe,0xf7,0xbe,0xf7,0xbe,0xf7,0xbe,0xf7,0xbe,0xf7,0xbe,0xf7,
    0xbe,0xf7,0xbe,0xf7,0xbe,0xf7,0xbe,0xf7,0xbe,0xf7,0xbe,0xf7,0xbe,0xf7,0xbe,0xf7,
    0xdf,0xff,0xdf,0xff,0xff,0xff,0xdf,0xff,0xdf,0xff,0xdf,0xff,0xdf,0xff,0xdf,0xff,
    0xdf,0xff,0xdf,0xff,0xdf,0xff,0xdf,0xff,0xdf,0xff,0xdf,0xff,0xdf,0xff,0xdf,0xff,
    0xdf,0xff,0xff,0xff,0xdf,0xff,0xff,0xff,0xdf,0xff,0xdf,0xff,0xdf,0xff,0xdf,0xff,
    0xdf,0xff,0xdf,0xff,0xdf,0xff,0xdf,0xff,0xdf,0xff,0xdf,0xff,0xdf,0xff,0xdf,0xff,
    0xdf,0xff,0xdf,0xff,0xdf,0xff,0xdf,0xff,0xdf,0xff,0xdf,0xff,0xdf,0xff,0xdf,0xff,
    0xdf,0xff,0xdf,0xff,0xdf,0xff,0xdf,0xff,0xdf,0xff,0xdf,0xff,0xdf,0xff,0xdf,0xff,
    0xdf,0xff,0xdf,0xff,0xdf,0xff,0xdf,0xff,0xdf,0xff,0xdf,0xff,0xff,0xff,0xff,0xff,
    0x7d,0xef,0x79,0xd6,0x96,0xbd,0xf3,0xa4,0x30,0x94,0x30,0x8c,0x13,0xa5,0xf7,0xc5,
    0x18,0xce,0x55,0xb5,0x6d,0x7b,0x65,0x31,0x20,0x08,0x00,0x00,0x00,0x00,0x41,0x08,
    0xc3,0x18,0x24,0x29,0x45,0x31,0x65,0x31,0x65,0x31,0xe7,0x41,0x61,0x10,0x4c,0x73,
    0x95,0xbd,0x2c,0x6b,0x24,0x29,0xca,0x62,0x2c,0x73,0x2c,0x73,0x4c,0x73,0xce,0x83,
    0x71,0x94,0xb2,0xa4,0x91,0x9c,0x51,0x94,0x30,0x8c,0x30,0x8c,0x30,0x8c,0x30,0x8c,
    0x30,0x8c,0x30,0x8c,0x0f,0x8c,0xae,0x83,0x4c,0x73,0xca,0x62,0x69,0x52,0xe7,0x41,
    0x85,0x39,0x44,0x31,0x24,0x29,0x03,0x21,0xe3,0x20,0xc2,0x18,0xa2,0x18,0xa2,0x18,
    0xa2,0x18,0xa2,0x18,0xa2,0x10,0x82,0x10,0x81,0x10,0xe3,0x20,0x24,0x29,0x24,0x29,
    0x24,0x29,0x24,0x29,0xc2,0x18,0xa2,0x18,0xa2,0x18,0xa2,0x18,0x82,0x10,0x81,0x10,
    0x81,0x10,0x82,0x10,0xa2,0x18,0xc2,0x18,0xe3,0x20,0x23,0x29,0x44,0x31,0x85,0x31,
    0xc6,0x39,0x07,0x4a,0x48,0x52,0xaa,0x5a,0xeb,0x62,0x0b,0x6b,0x0b,0x6b,0xeb,0x6a,
    0xeb,0x62,0xca,0x62,0xeb,0x62,0x0b,0x6b,0x0b,0x6b,0xaa,0x62,0x48,0x52,0xe7,0x41,
    0x86,0x39,0x85,0x31,0x85,0x31,0xe7,0x41,0x2c,0x6b,0x30,0x8c,0x4c,0x73,0x28,0x4a,
    0x00,0x00,0x00,0x00,0x82,0x10,0xa2,0x18,0xa2,0x18,0xa2,0x10,0x82,0x10,0x61,0x08,
    0x00,0x00,0x00,0x00,0x00,0x00,0xc2,0x18,0xe7,0x41,0xca,0x62,0xeb,0x6a,0xca,0x62,
    0x8a,0x5a,0x89,0x5a,0xaa,0x5a,0x89,0x5a,0x07,0x4a,0xcb,0x62,0x95,0xb5,0xde,0xff,
    0xff,0xff,0x9e,0xf7,0xbe,0xf7,0xbe,0xf7,0xbe,0xf7,0xbe,0xf7,0xbe,0xf7,0xbe,0xf7,
    0xbe,0xf7,0xbe,0xf7,0xbe,0xf7,0xbe,0xf7,0xbe,0xf7,0xbe,0xf7,0xbe,0xf7,0xbe,0xf7,
    0xbe,0xf7,0xbe,0xf7,0xbe,0xf7,0xbe,0xf7,0xbe,0xf7,0xbe,0xf7,0xbe,0xf7,0xbe,0xf7,
    0xbe,0xf7,0xbe,0xf7,0xbe,0xf7,0xbe,0xf7,0xbe,0xf7,0xbe,0xf7,0xbe,0xf7,0xbe,0xf7,
    0xbe,0xf7,0xbe,0xf7,0xbe,0xf7,0xbe,0xf7,0xbe,0xf7,0xbe,0xf7,0xbe,0xf7,0xbe,0xf7,
    0xbe,0xf7,0xbe,0xf7,0xbe,0xf7,0xbe,0xf7,0xbe,0xf7,0xbe,0xf7,0xbe,0xf7,0xbe,0xf7,
    0xbe,0xf7,0xbe,0xf7,0xbe,0xf7,0xbe,0xf7,0xbe,0xf7,0xbe,0xf7,0xbe,0xf7,0xbe,0xf7,
    0xdf,0xff,0xdf,0xff,0xff,0xff,0xdf,0xff,0xdf,0xff,0xdf,0xff,0xdf,0xff,0xdf,0xff,
    0xdf,0xff,0xdf,0xff,0xdf,0xff,0xdf,0xff,0xdf,0xff,0xdf,0xff,0xdf,0xff,0xdf,0xff,
    0xdf,0xff,0xdf,0xff,0xdf,0xff,0xff,0xff,0xdf,0xff,0xff,0xff,0xff,0xff,0xdf,0xff,
    0xdf,0xff,0xdf,0xff,0xdf,0xff,0xdf,0xff,0xdf,0xff,0xdf,0xff,0xdf,0xff,0xdf,0xff,
    0xdf,0xff,0xdf,0xff,0xdf,0xff,0xdf,0xff,0xdf,0xff,0xdf,0xff,0xdf,0xff,0xdf,0xff,
    0xdf,0xff,0xdf,0xff,0xdf,0xff,0xdf,0xff,0xdf,0xff,0xdf,0xff,0xdf,0xff,0xdf,0xff,
    0xdf,0xff,0xdf,0xff,0xdf,0xff,0xdf,0xff,0xff,0xff,0xff,0xff,0x9e,0xf7,0xba,0xde,
    0xd7,0xc5,0x13,0xad,0x30,0x94,0x10,0x8c,0xf3,0xa4,0xf7,0xc5,0x38,0xce,0x54,0xb5,
    0x8e,0x7b,0x65,0x31,0x00,0x00,0x00,0x00,0x00,0x00,0x61,0x10,0xe3,0x20,0x44,0x29,
    0x85,0x31,0x85,0x31,0x85,0x31,0x65,0x31,0x85,0x31,0x48,0x52,0xc7,0x41,0x65,0x31,
    0x74,0xb5,0x30,0x94,0x07,0x42,0xae,0x7b,0xb2,0x9c,0xb2,0x9c,0x91,0x9c,0x51,0x94,
    0x30,0x94,0x10,0x8c,0x10,0x8c,0x30,0x94,0x51,0x94,0x30,0x94,0xcf,0x83,0x4c,0x73,
    0x89,0x5a,0xc7,0x41,0x44,0x31,0xe3,0x20,0x81,0x10,0x41,0x08,0x41,0x08,0x61,0x10,
    0xa2,0x18,0xc2,0x18,0xe3,0x20,0xe3,0x20,0xe3,0x20,0xc3,0x20,0xa2,0x18,0xa2,0x10,
    0x82,0x10,0x81,0x10,0x81,0x10,0x61,0x08,0x61,0x08,0x82,0x10,0xc3,0x18,0xc3,0x18,
    0xc3,0x18,0xa2,0x18,0x82,0x10,0x61,0x08,0x81,0x10,0x82,0x10,0x82,0x10,0x82,0x10,
    0xa2,0x10,0xa2,0x10,0xc2,0x18,0xe3,0x20,0xe3,0x20,0xc2,0x18,0xa2,0x18,0x82,0x10,
    0x81,0x10,0x61,0x10,0x81,0x10,0xa2,0x18,0xe3,0x20,0x45,0x31,0xc6,0x41,0x28,0x4a,
    0xaa,0x5a,0xeb,0x62,0xeb,0x6a,0xeb,0x6a,0xeb,0x62,0xcb,0x62,0xca,0x62,0xca,0x62,
    0xaa,0x5a,0x69,0x52,0x48,0x52,0xe7,0x41,0x4d,0x73,0x0f,0x8c,0xeb,0x62,0x04,0x21,
    0x00,0x00,0x41,0x08,0xa2,0x18,0x82,0x10,0x82,0x10,0x82,0x10,0xa2,0x18,0xa2,0x18,
    0x82,0x10,0x61,0x10,0x20,0x00,0x00,0x00,0x00,0x00,0xa2,0x18,0x07,0x42,0x0b,0x6b,
    0x0c,0x6b,0xca,0x62,0x69,0x52,0x69,0x52,0xaa,0x5a,0x48,0x52,0xc7,0x41,0x2c,0x6b,
    0x58,0xce,0xff,0xff,0xdf,0xff,0x9e,0xf7,0xbe,0xf7,0xbe,0xf7,0xbe,0xf7,0xbe,0xf7,
    0xbe,0xf7,0xbe,0xf7,0xbe,0xf7,0xbe,0xf7,0xbe,0xf7,0xbe,0xf7,0xbe,0xf7,0xbe,0xf7,
    0xbe,0xf7,0xbe,0xf7,0xbe,0xf7,0xbe,0xf7,0xbe,0xf7,0xbe,0xf7,0xbe,0xf7,0xbe,0xf7,
    0xbe,0xf7,0xbe,0xf7,0xbe,0xf7,0xbe,0xf7,0xbe,0xf7,0xbe,0xf7,0xbe,0xf7,0xbe,0xf7,
    0xbe,0xf7,0xbe,0xf7,0xbe,0xf7,0xbe,0xf7,0xbe,0xf7,0xbe,0xf7,0xbe,0xf7,0xbe,0xf7,
    0xbe,0xf7,0xbe,0xf7,0xbe,0xf7,0xbe,0xf7,0xbe,0xf7,0xbe,0xf7,0xbe,0xf7,0xbe,0xf7,
    0xbe,0xf7,0xbe,0xf7,0xbe,0xf7,0xbe,0xf7,0xbe,0xf7,0xbe,0xf7,0xbe,0xf7,0xbe,0xf7,
    0xdf,0xff,0xdf,0xff,0xdf,0xff,0xdf,0xff,0xdf,0xff,0xdf,0xff,0xdf,0xff,0xdf,0xff,
    0xdf,0xff,0xdf,0xff,0xdf,0xff,0xdf,0xff,0xdf,0xff,0xdf,0xff,0xdf,0xff,0xdf,0xff,
    0xdf,0xff,0xdf,0xff,0xdf,0xff,0xff,0xff,0xdf,0xff,0xdf,0xff,0xdf,0xff,0xdf,0xff,
    0xdf,0xff,0xdf,0xff,0xdf,0xff,0xdf,0xff,0xdf,0xff,0xdf,0xff,0xdf,0xff,0xdf,0xff,
    0xdf,0xff,0xdf,0xff,0xdf,0xff,0xdf,0xff,0xdf,0xff,0xdf,0xff,0xdf,0xff,0xdf,0xff,
    0xdf,0xff,0xdf,0xff,0xdf,0xff,0xdf,0xff,0xdf,0xff,0xdf,0xff,0xdf,0xff,0xdf,0xff,
    0xdf,0xff,0xdf,0xff,0xdf,0xff,0xff,0xff,0xbe,0xff,0xfb,0xe6,0x38,0xce,0x54,0xb5,
    0x71,0x9c,0x0f,0x8c,0xd2,0xa4,0xd6,0xc5,0x38,0xce,0x75,0xb5,0x6d,0x7b,0x45,0x31,
    0x00,0x00,0x00,0x00,0x00,0x00,0x82,0x10,0x03,0x21,0x44,0x29,0x65,0x31,0x65,0x31,
    0x85,0x31,0x86,0x39,0xe7,0x41,0x89,0x5a,0xca,0x62,0x69,0x52,0x69,0x52,0x8a,0x5a,
    0xb2,0xa4,0x50,0x94,0x71,0x94,0xd2,0xa4,0x91,0x9c,0x30,0x8c,0x10,0x8c,0x10,0x8c,
    0x10,0x8c,0xef,0x8b,0x8e,0x7b,0xeb,0x62,0x28,0x52,0x85,0x39,0xe3,0x20,0x81,0x10,
    0x40,0x08,0x20,0x08,0x40,0x08,0x61,0x08,0x61,0x10,0x81,0x10,0x81,0x10,0x61,0x10,
    0x61,0x08,0x41,0x08,0x41,0x08,0x20,0x08,0x20,0x00,0x20,0x00,0x00,0x00,0x00,0x00,
    0x00,0x00,0x00,0x00,0x00,0x00,0x00,0x00,0x00,0x00,0x00,0x00,0x00,0x00,0x00,0x00,
    0x00,0x00,0x00,0x00,0x00,0x00,0x00,0x00,0x00,0x00,0x00,0x00,0x00,0x00,0x00,0x00,
    0x00,0x00,0x20,0x00,0x20,0x00,0x40,0x08,0x41,0x08,0x41,0x08,0x61,0x08,0x81,0x10,
    0x81,0x10,0x82,0x10,0x82,0x10,0x82,0x10,0x61,0x10,0x61,0x10,0x61,0x10,0x81,0x10,
    0xa2,0x18,0x03,0x29,0x65,0x31,0xe7,0x41,0x69,0x52,0xca,0x62,0xeb,0x62,0xeb,0x62,
    0xcb,0x62,0xca,0x62,0xca,0x62,0xcb,0x62,0x0c,0x6b,0xeb,0x6a,0xcb,0x62,0xa2,0x18,
    0x00,0x00,0x00,0x00,0x41,0x08,0x82,0x10,0xa2,0x18,0xa2,0x18,0x82,0x10,0x82,0x10,
    0x82,0x10,0xa2,0x10,0x82,0x10,0x81,0x10,0x41,0x08,0x00,0x00,0x00,0x00,0xa2,0x18,
    0x07,0x4a,0x0b,0x6b,0x2c,0x6b,0x89,0x5a,0x48,0x52,0x69,0x52,0x89,0x5a,0x28,0x4a,
    0xe7,0x49,0xcf,0x83,0xfb,0xe6,0xff,0xff,0xbe,0xf7,0x9e,0xf7,0xbe,0xf7,0xbe,0xf7,
    0xbe,0xf7,0xbe,0xf7,0xbe,0xf7,0xbe,0xf7,0xbe,0xf7,0xbe,0xf7,0xbe,0xf7,0xbe,0xf7,
    0xbe,0xf7,0xbe,0xf7,0xbe,0xf7,0xbe,0xf7,0xbe,0xf7,0xbe,0xf7,0xbe,0xf7,0xbe,0xf7,
    0xbe,0xf7,0xbe,0xf7,0xbe,0xf7,0xbe,0xf7,0xbe,0xf7,0xbe,0xf7,0xbe,0xf7,0xbe,0xf7,
    0xbe,0xf7,0xbe,0xf7,0xbe,0xf7,0xbe,0xf7,0xbe,0xf7,0xbe,0xf7,0xbe,0xf7,0xbe,0xf7,
    0xbe,0xf7,0xbe,0xf7,0xbe,0xf7,0xbe,0xf7,0xbe,0xf7,0xbe,0xf7,0xbe,0xf7,0xbe,0xf7,
    0xbe,0xf7,0xbe,0xf7,0xbe,0xf7,0xbe,0xf7,0xbe,0xf7,0xbe,0xf7,0xbe,0xf7,0xbe,0xf7,
    0xdf,0xff,0xff,0xff,0xff,0xff,0xff,0xff,0xdf,0xff,0xdf,0xff,0xdf,0xff,0xdf,0xff,
    0xdf,0xff,0xdf,0xff,0xdf,0xff,0xdf,0xff,0xdf,0xff,0xdf,0xff,0xdf,0xff,0xdf,0xff,
    0xff,0xff,0xdf,0xff,0xdf,0xff,0xdf,0xff,0xdf,0xff,0xdf,0xff,0xdf,0xff,0xdf,0xff,
    0xdf,0xff,0xdf,0xff,0xdf,0xff,0xdf,0xff,0xdf,0xff,0xdf,0xff,0xdf,0xff,0xdf,0xff,
    0xdf,0xff,0xdf,0xff,0xdf,0xff,0xdf,0xff,0xdf,0xff,0xdf,0xff,0xdf,0xff,0xdf,0xff,
    0xdf,0xff,0xdf,0xff,0xdf,0xff,0xdf,0xff,0xdf,0xff,0xdf,0xff,0xdf,0xff,0xdf,0xff,
    0xdf,0xff,0xff,0xff,0xff,0xff,0x5d,0xef,0x59,0xd6,0x96,0xbd,0x92,0x9c,0xef,0x8b,
    0x91,0x9c,0xb6,0xbd,0x18,0xce,0x54,0xb5,0x6d,0x7b,0x44,0x29,0x00,0x00,0x00,0x00,
    0x20,0x00,0xa2,0x10,0x04,0x29,0x45,0x31,0x65,0x31,0x65,0x31,0x85,0x31,0xa6,0x39,
    0x28,0x4a,0xeb,0x6a,0x0b,0x6b,0x48,0x52,0xe7,0x41,0xeb,0x62,0x10,0x8c,0xb2,0xa4,
    0x50,0x94,0x50,0x94,0x51,0x94,0x50,0x94,0x71,0x94,0x71,0x94,0x0f,0x8c,0x4d,0x73,
    0x48,0x52,0x45,0x31,0xa2,0x18,0x61,0x10,0x41,0x08,0x61,0x10,0x81,0x10,0x82,0x18,
    0x81,0x10,0x61,0x10,0x41,0x08,0x20,0x08,0x00,0x00,0x00,0x00,0x00,0x00,0x00,0x00,
    0x00,0x00,0x00,0x00,0x00,0x00,0x00,0x00,0x00,0x00,0x00,0x00,0x00,0x00,0x00,0x00,
    0x00,0x00,0x00,0x00,0x00,0x00,0x00,0x00,0x00,0x00,0x00,0x00,0x00,0x00,0x00,0x00,
    0x00,0x00,0x00,0x00,0x00,0x00,0x00,0x00,0x00,0x00,0x00,0x00,0x00,0x00,0x00,0x00,
    0x00,0x00,0x00,0x00,0x00,0x00,0x00,0x00,0x00,0x00,0x00,0x00,0x00,0x00,0x00,0x00,
    0x00,0x00,0x00,0x00,0x20,0x00,0x20,0x00,0x41,0x08,0x61,0x08,0x61,0x10,0x81,0x10,
    0x81,0x10,0x61,0x10,0x61,0x08,0x61,0x08,0x81,0x10,0xe3,0x20,0x65,0x31,0x07,0x4a,
    0x8a,0x5a,0xeb,0x62,0xeb,0x62,0xca,0x62,0xaa,0x5a,0xaa,0x5a,0xcb,0x62,0x8a,0x5a,
    0xa6,0x39,0xc3,0x18,0x20,0x08,0x00,0x00,0x20,0x08,0x82,0x10,0xa2,0x18,0xa2,0x18,
    0x82,0x10,0x82,0x10,0x82,0x10,0x82,0x10,0xa2,0x18,0x81,0x10,0x40,0x08,0x00,0x00,
    0x00,0x00,0xa2,0x18,0x07,0x4a,0xca,0x62,0x89,0x5a,0x49,0x52,0x69,0x52,0x89,0x5a,
    0x89,0x5a,0xe7,0x41,0x28,0x52,0xf3,0xa4,0xbe,0xf7,0xff,0xff,0x9e,0xf7,0xbe,0xf7,
    0xbe,0xf7,0xbe,0xf7,0xbe,0xf7,0xbe,0xf7,0xbe,0xf7,0xbe,0xf7,0xbe,0xf7,0xbe,0xf7,
    0xbe,0xf7,0xbe,0xf7,0xbe,0xf7,0xbe,0xf7,0xbe,0xf7,0xbe,0xf7,0xbe,0xf7,0xbe,0xf7,
    0xbe,0xf7,0xbe,0xf7,0xbe,0xf7,0xbe,0xf7,0xbe,0xf7,0xbe,0xf7,0xbe,0xf7,0xbe,0xf7,
    0xbe,0xf7,0xbe,0xf7,0xbe,0xf7,0xbe,0xf7,0xbe,0xf7,0xbe,0xf7,0xbe,0xf7,0xbe,0xf7,
    0xbe,0xf7,0xbe,0xf7,0xbe,0xf7,0xbe,0xf7,0xbe,0xf7,0xbe,0xf7,0xbe,0xf7,0xbe,0xf7,
    0xbe,0xf7,0xbe,0xf7,0xbe,0xf7,0xbe,0xf7,0xbe,0xf7,0xbe,0xf7,0xbe,0xf7,0xbe,0xf7,
    0xdf,0xff,0xdf,0xff,0xdf,0xff,0xdf,0xff,0xdf,0xff,0xdf,0xff,0xdf,0xff,0xdf,0xff,
    0xdf,0xff,0xdf,0xff,0xdf,0xff,0xdf,0xff,0xdf,0xff,0xdf,0xff,0xdf,0xff,0xdf,0xff,
    0xdf,0xff,0xdf,0xff,0xdf,0xff,0xdf,0xff,0xdf,0xff,0xdf,0xff,0xdf,0xff,0xdf,0xff,
    0xdf,0xff,0xdf,0xff,0xdf,0xff,0xdf,0xff,0xdf,0xff,0xdf,0xff,0xdf,0xff,0xdf,0xff,
    0xdf,0xff,0xdf,0xff,0xdf,0xff,0xdf,0xff,0xdf,0xff,0xdf,0xff,0xdf,0xff,0xdf,0xff,
    0xdf,0xff,0xdf,0xff,0xdf,0xff,0xdf,0xff,0xdf,0xff,0xdf,0xff,0xdf,0xff,0xdf,0xff,
    0xff,0xff,0x9e,0xf7,0xba,0xde,0xf7,0xc5,0x14,0xad,0x10,0x8c,0x50,0x94,0x75,0xb5,
    0x38,0xce,0xb6,0xc5,0x0f,0x8c,0xa6,0x39,0x00,0x00,0x00,0x00,0x20,0x00,0xa2,0x10,
    0x24,0x29,0x65,0x31,0x85,0x31,0x85,0x31,0x86,0x39,0xc6,0x39,0x69,0x52,0x0b,0x6b,
    0xeb,0x62,0x28,0x4a,0x28,0x4a,0xae,0x7b,0x54,0xb5,0x55,0xb5,0x91,0x9c,0x30,0x8c,
    0x71,0x94,0x71,0x9c,0x71,0x9c,0x0f,0x8c,0x4c,0x73,0x48,0x52,0x24,0x29,0x82,0x18,
    0x41,0x08,0x61,0x10,0x81,0x10,0x81,0x10,0x61,0x10,0x61,0x10,0x41,0x08,0x20,0x08,
    0x00,0x00,0x00,0x00,0x00,0x00,0x00,0x00,0x00,0x00,0x00,0x00,0x00,0x00,0x00,0x00,
    0x00,0x00,0x00,0x00,0x00,0x00,0x00,0x00,0x20,0x00,0x20,0x00,0x20,0x08,0x21,0x08,
    0x41,0x08,0x41,0x08,0x41,0x08,0x41,0x08,0x41,0x08,0x41,0x08,0x41,0x08,0x41,0x08,
    0x41,0x08,0x41,0x08,0x41,0x08,0x41,0x08,0x41,0x08,0x41,0x08,0x41,0x08,0x41,0x08,
    0x21,0x08,0x20,0x08,0x20,0x00,0x20,0x00,0x20,0x00,0x20,0x00,0x00,0x00,0x00,0x00,
    0x00,0x00,0x00,0x00,0x00,0x00,0x00,0x00,0x00,0x00,0x00,0x00,0x00,0x00,0x00,0x00,
    0x20,0x08,0x41,0x08,0x61,0x10,0x81,0x10,0x61,0x10,0x61,0x10,0x61,0x08,0x61,0x10,
    0xc2,0x20,0x65,0x31,0x08,0x4a,0xaa,0x5a,0xcb,0x62,0xcb,0x62,0xca,0x62,0xaa,0x62,
    0xcb,0x62,0xcb,0x62,0x89,0x5a,0xa6,0x39,0x82,0x10,0x00,0x00,0x00,0x00,0x61,0x10,
    0xa2,0x10,0xa2,0x18,0x82,0x10,0x82,0x10,0x82,0x10,0x82,0x10,0x82,0x10,0x81,0x10,
    0x41,0x08,0x00,0x00,0x00,0x00,0xc2,0x18,0x07,0x4a,0x8a,0x5a,0x89,0x5a,0x69,0x52,
    0x69,0x52,0x89,0x5a,0x69,0x52,0xe7,0x41,0xeb,0x62,0x38,0xce,0xff,0xff,0xbe,0xf7,
    0x9e,0xf7,0xbe,0xf7,0xbe,0xf7,0xbe,0xf7,0xbe,0xf7,0xbe,0xf7,0xbe,0xf7,0xbe,0xf7,
    0xbe,0xf7,0xbe,0xf7,0xbe,0xf7,0xbe,0xf7,0xbe,0xf7,0xbe,0xf7,0xbe,0xf7,0xbe,0xf7,
    0xbe,0xf7,0xbe,0xf7,0xbe,0xf7,0xbe,0xf7,0xbe,0xf7,0xbe,0xf7,0xbe,0xf7,0xbe,0xf7,
    0xbe,0xf7,0xbe,0xf7,0xbe,0xf7,0xbe,0xf7,0xbe,0xf7,0xbe,0xf7,0xbe,0xf7,0xbe,0xf7,
    0xbe,0xf7,0xbe,0xf7,0xbe,0xf7,0xbe,0xf7,0xbe,0xf7,0xbe,0xf7,0xbe,0xf7,0xbe,0xf7,
    0xbe,0xf7,0xbe,0xf7,0xbe,0xf7,0xbe,0xf7,0xbe,0xf7,0xbe,0xf7,0xbe,0xf7,0xbe,0xf7,
    0xdf,0xff,0xdf,0xff,0xdf,0xff,0xdf,0xff,0xdf,0xff,0xdf,0xff,0xdf,0xff,0xdf,0xff,
    0xdf,0xff,0xdf,0xff,0xdf,0xff,0xdf,0xff,0xdf,0xff,0xdf,0xff,0xdf,0xff,0xdf,0xff,
    0xdf,0xff,0xff,0xff,0xdf,0xff,0xdf,0xff,0xdf,0xff,0xdf,0xff,0xdf,0xff,0xdf,0xff,
    0xdf,0xff,0xdf,0xff,0xdf,0xff,0xdf,0xff,0xdf,0xff,0xdf,0xff,0xdf,0xff,0xdf,0xff,
    0xdf,0xff,0xdf,0xff,0xdf,0xff,0xdf,0xff,0xdf,0xff,0xdf,0xff,0xdf,0xff,0xdf,0xff,
    0xdf,0xff,0xdf,0xff,0xdf,0xff,0xdf,0xff,0xdf,0xff,0xde,0xff,0xff,0xff,0xdf,0xff,
    0x1c,0xe7,0x58,0xce,0x95,0xbd,0x71,0x9c,0x30,0x8c,0x34,0xad,0x38,0xce,0xf7,0xcd,
    0x91,0x9c,0x28,0x4a,0x20,0x08,0x00,0x00,0x00,0x00,0x82,0x10,0x04,0x29,0x65,0x31,
    0x85,0x39,0x86,0x39,0xa6,0x39,0xe7,0x49,0xaa,0x5a,0x0c,0x6b,0x89,0x5a,0xe7,0x41,
    0x8a,0x5a,0x30,0x8c,0x34,0xb5,0x54,0xb5,0xb2,0x9c,0x51,0x94,0x71,0x94,0x71,0x9c,
    0x30,0x94,0x4d,0x73,0x28,0x4a,0x03,0x29,0x81,0x10,0x41,0x10,0x61,0x10,0x81,0x10,
    0x82,0x10,0x61,0x10,0x40,0x08,0x00,0x00,0x00,0x00,0x00,0x00,0x00,0x00,0x00,0x00,
    0x00,0x00,0x00,0x00,0x00,0x00,0x00,0x00,0x00,0x00,0x00,0x00,0x00,0x00,0x20,0x00,
    0x20,0x08,0x41,0x08,0x41,0x08,0x41,0x08,0x61,0x08,0x61,0x08,0x41,0x08,0x41,0x08,
    0x41,0x08,0x41,0x08,0x20,0x08,0x20,0x08,0x20,0x08,0x40,0x08,0x41,0x08,0x20,0x08,
    0x21,0x08,0x20,0x08,0x00,0x00,0x00,0x00,0x00,0x00,0x00,0x00,0x20,0x00,0x20,0x00,
    0x20,0x08,0x41,0x08,0x61,0x08,0x61,0x10,0x61,0x10,0x61,0x08,0x61,0x08,0x41,0x08,
    0x41,0x08,0x21,0x08,0x20,0x08,0x20,0x00,0x00,0x00,0x00,0x00,0x00,0x00,0x00,0x00,
    0x00,0x00,0x00,0x00,0x00,0x00,0x00,0x00,0x20,0x08,0x61,0x08,0x81,0x10,0xa2,0x18,
    0xa2,0x18,0x81,0x10,0x81,0x10,0xc2,0x20,0x45,0x31,0xe7,0x41,0x89,0x5a,0xca,0x62,
    0xca,0x62,0xca,0x62,0xcb,0x62,0xeb,0x6a,0xca,0x62,0x07,0x4a,0x04,0x21,0x20,0x00,
    0x00,0x00,0x61,0x08,0x82,0x10,0xa2,0x18,0x82,0x10,0x82,0x10,0x82,0x10,0x82,0x10,
    0xa2,0x18,0x81,0x10,0x41,0x08,0x00,0x00,0x00,0x00,0x04,0x21,0x48,0x52,0xca,0x62,
    0x89,0x5a,0x69,0x52,0x69,0x52,0xaa,0x5a,0x48,0x52,0xe7,0x49,0x71,0x94,0x9d,0xf7,
    0xff,0xff,0x9e,0xf7,0xbe,0xf7,0xbe,0xf7,0xbe,0xf7,0xbe,0xf7,0xbe,0xf7,0xbe,0xf7,
    0xbe,0xf7,0xbe,0xf7,0xbe,0xf7,0xbe,0xf7,0xbe,0xf7,0xbe,0xf7,0xbe,0xf7,0xbe,0xf7,
    0xbe,0xf7,0xbe,0xf7,0xbe,0xf7,0xbe,0xf7,0xbe,0xf7,0xbe,0xf7,0xbe,0xf7,0xbe,0xf7,
    0xbe,0xf7,0xbe,0xf7,0xbe,0xf7,0xbe,0xf7,0xbe,0xf7,0xbe,0xf7,0xbe,0xf7,0xbe,0xf7,
    0xbe,0xf7,0xbe,0xf7,0xbe,0xf7,0xbe,0xf7,0xbe,0xf7,0xbe,0xf7,0xbe,0xf7,0xbe,0xf7,
    0xbe,0xf7,0xbe,0xf7,0xbe,0xf7,0xbe,0xf7,0xbe,0xf7,0xbe,0xf7,0xbe,0xf7,0xbe,0xf7,
    0xdf,0xff,0xdf,0xff,0xdf,0xff,0xdf,0xff,0xdf,0xff,0xdf,0xff,0xdf,0xff,0xdf,0xff,
    0xdf,0xff,0xdf,0xff,0xdf,0xff,0xdf,0xff,0xdf,0xff,0xff,0xff,0xdf,0xff,0xff,0xff,
    0xdf,0xff,0xdf,0xff,0xdf,0xff,0xdf,0xff,0xdf,0xff,0xdf,0xff,0xdf,0xff,0xdf,0xff,
    0xdf,0xff,0xdf,0xff,0xdf,0xff,0xdf,0xff,0xdf,0xff,0xdf,0xff,0xdf,0xff,0xdf,0xff,
    0xdf,0xff,0xdf,0xff,0xdf,0xff,0xdf,0xff,0xdf,0xff,0xdf,0xff,0xdf,0xff,0xdf,0xff,
    0xdf,0xff,0xdf,0xff,0xdf,0xff,0xdf,0xff,0xdf,0xff,0xff,0xff,0x7d,0xf7,0x9a,0xde,
    0xf7,0xc5,0xd3,0xa4,0xef,0x8b,0xb2,0x9c,0x17,0xc6,0x59,0xd6,0x34,0xb5,0xcb,0x62,
    0xa2,0x18,0x00,0x00,0x00,0x00,0x61,0x10,0xe3,0x20,0x44,0x29,0x65,0x31,0x85,0x39,
    0xa6,0x39,0xe7,0x41,0xcb,0x62,0x4d,0x73,0xaa,0x5a,0x07,0x42,0xeb,0x62,0xb2,0x9c,
    0x34,0xb5,0xb2,0xa4,0x30,0x8c,0x50,0x94,0x71,0x94,0x51,0x94,0xae,0x7b,0x49,0x52,
    0x04,0x29,0x41,0x08,0x20,0x08,0x41,0x08,0x81,0x10,0x61,0x10,0x41,0x08,0x20,0x00,
    0x00,0x00,0x00,0x00,0x00,0x00,0x00,0x00,0x00,0x00,0x00,0x00,0x00,0x00,0x00,0x00,
    0x00,0x00,0x20,0x00,0x21,0x08,0x41,0x08,0x41,0x08,0x21,0x08,0x20,0x00,0x00,0x00,
    0x00,0x00,0x00,0x00,0x20,0x08,0x81,0x10,0xe3,0x20,0x44,0x29,0xa6,0x39,0x07,0x42,
    0x49,0x52,0xaa,0x5a,0xeb,0x62,0x0c,0x63,0x2c,0x6b,0x0c,0x6b,0x0b,0x63,0x0c,0x6b,
    0x0b,0x63,0x0c,0x6b,0x2c,0x6b,0x0b,0x63,0xeb,0x62,0xca,0x5a,0x8a,0x5a,0x48,0x4a,
    0xc7,0x41,0x65,0x31,0x04,0x21,0xa2,0x18,0x61,0x10,0x40,0x08,0x20,0x00,0x20,0x00,
    0x20,0x08,0x41,0x08,0x61,0x08,0x61,0x10,0x61,0x08,0x41,0x08,0x41,0x08,0x20,0x00,
    0x00,0x00,0x00,0x00,0x00,0x00,0x00,0x00,0x00,0x00,0x00,0x00,0x00,0x00,0x40,0x08,
    0x61,0x08,0x82,0x10,0xa2,0x18,0x82,0x10,0x61,0x10,0x61,0x10,0xa2,0x18,0x65,0x31,
    0x28,0x52,0xca,0x62,0xeb,0x6a,0xcb,0x62,0xca,0x62,0xcb,0x62,0xca,0x62,0x28,0x4a,
    0x24,0x29,0x20,0x08,0x00,0x00,0x41,0x08,0x82,0x10,0xa2,0x18,0xa2,0x18,0x82,0x10,
    0x82,0x10,0x82,0x10,0x82,0x10,0x61,0x10,0x20,0x00,0x00,0x00,0x20,0x08,0x65,0x31,
    0xaa,0x5a,0xeb,0x62,0x89,0x5a,0x69,0x5a,0x8a,0x5a,0xaa,0x5a,0x07,0x4a,0xaa,0x62,
    0xf7,0xc5,0xff,0xff,0xbe,0xf7,0x9e,0xf7,0xbe,0xf7,0xbe,0xf7,0xbe,0xf7,0xbe,0xf7,
    0xbe,0xf7,0xbe,0xf7,0xbe,0xf7,0xbe,0xf7,0xbe,0xf7,0xbe,0xf7,0xbe,0xf7,0xbe,0xf7,
    0xbe,0xf7,0xbe,0xf7,0xbe,0xf7,0xbe,0xf7,0xbe,0xf7,0xbe,0xf7,0xbe,0xf7,0xbe,0xf7,
    0xbe,0xf7,0xbe,0xf7,0xbe,0xf7,0xbe,0xf7,0xbe,0xf7,0xbe,0xf7,0xbe,0xf7,0xbe,0xf7,
    0xbe,0xf7,0xbe,0xf7,0xbe,0xf7,0xbe,0xf7,0xbe,0xf7,0xbe,0xf7,0xbe,0xf7,0xbe,0xf7,
    0xbe,0xf7,0xbe,0xf7,0xbe,0xf7,0xbe,0xf7,0xbe,0xf7,0xbe,0xf7,0xbe,0xf7,0xbe,0xf7,
    0xdf,0xff,0xdf,0xff,0xdf,0xff,0xdf,0xff,0xdf,0xff,0xdf,0xff,0xdf,0xff,0xdf,0xff,
    0xdf,0xff,0xdf,0xff,0xdf,0xff,0xdf,0xff,0xdf,0xff,0xdf,0xff,0xdf,0xff,0xdf,0xff,
    0xdf,0xff,0xdf,0xff,0xdf,0xff,0xdf,0xff,0xdf,0xff,0xdf,0xff,0xdf,0xff,0xdf,0xff,
    0xdf,0xff,0xdf,0xff,0xdf,0xff,0xdf,0xff,0xdf,0xff,0xdf,0xff,0xdf,0xff,0xdf,0xff,
    0xdf,0xff,0xdf,0xff,0xdf,0xff,0xdf,0xff,0xdf,0xff,0xdf,0xff,0xdf,0xff,0xdf,0xff,
    0xdf,0xff,0xdf,0xff,0xdf,0xff,0xff,0xff,0xff,0xff,0x1c,0xe7,0x38,0xce,0x95,0xbd,
    0x51,0x94,0xef,0x8b,0x55,0xb5,0x59,0xd6,0xf7,0xc5,0xef,0x8b,0x24,0x29,0x00,0x00,
    0x00,0x00,0x41,0x08,0xc3,0x18,0x24,0x29,0x65,0x31,0x85,0x31,0x85,0x39,0xc7,0x41,
    0xca,0x62,0x4d,0x73,0x89,0x5a,0xe7,0x41,0x4d,0x73,0xd3,0xa4,0x34,0xb5,0x71,0x9c,
    0xef,0x83,0x30,0x8c,0x50,0x94,0xcf,0x83,0xaa,0x62,0x85,0x39,0x82,0x18,0x41,0x10,
    0x41,0x10,0x61,0x10,0x61,0x10,0x41,0x08,0x00,0x00,0x00,0x00,0x00,0x00,0x00,0x00,
    0x00,0x00,0x00,0x00,0x00,0x00,0x00,0x00,0x00,0x00,0x20,0x00,0x41,0x08,0x41,0x08,
    0x41,0x08,0x41,0x08,0x20,0x08,0x41,0x08,0x82,0x10,0xe3,0x20,0x85,0x31,0x08,0x4a,
    0xaa,0x5a,0x4c,0x73,0xce,0x83,0x50,0x94,0x91,0x9c,0xb2,0xa4,0xb2,0x9c,0x71,0x9c,
    0x30,0x8c,0xef,0x83,0xce,0x83,0xae,0x7b,0x4c,0x73,0xb2,0x9c,0x17,0xce,0xf7,0xc5,
    0xf7,0xcd,0x54,0xb5,0x4c,0x6b,0x6d,0x73,0x8d,0x7b,0xcf,0x83,0x30,0x8c,0x91,0x9c,
    0xd3,0xa4,0x13,0xad,0x34,0xb5,0x13,0xad,0x92,0x9c,0x10,0x8c,0x6d,0x7b,0xcb,0x62,
    0x28,0x4a,0x85,0x31,0xe3,0x20,0x61,0x10,0x20,0x00,0x00,0x00,0x20,0x08,0x41,0x08,
    0x61,0x08,0x41,0x08,0x41,0x08,0x20,0x08,0x20,0x08,0x20,0x00,0x20,0x00,0x00,0x00,
    0x00,0x00,0x00,0x00,0x20,0x00,0x41,0x08,0x61,0x10,0x82,0x10,0x82,0x18,0x81,0x10,
    0x81,0x18,0x03,0x29,0xc6,0x41,0x69,0x5a,0xca,0x62,0xca,0x62,0x8a,0x5a,0x8a,0x5a,
    0xaa,0x62,0x48,0x52,0x45,0x31,0x61,0x10,0x00,0x00,0x40,0x08,0x82,0x10,0xa2,0x18,
    0x82,0x10,0x82,0x10,0x82,0x10,0x82,0x10,0x82,0x10,0x61,0x10,0x00,0x00,0x00,0x00,
    0x61,0x10,0xe7,0x41,0xeb,0x6a,0xaa,0x62,0x69,0x52,0x89,0x5a,0xaa,0x5a,0x48,0x52,
    0xc6,0x41,0x10,0x8c,0x9e,0xf7,0xff,0xff,0x9d,0xf7,0xbe,0xf7,0xbe,0xf7,0xbe,0xf7,
    0xbe,0xf7,0xbe,0xf7,0xbe,0xf7,0xbe,0xf7,0xbe,0xf7,0xbe,0xf7,0xbe,0xf7,0xbe,0xf7,
    0xbe,0xf7,0xbe,0xf7,0xbe,0xf7,0xbe,0xf7,0xbe,0xf7,0xbe,0xf7,0xbe,0xf7,0xbe,0xf7,
    0xbe,0xf7,0xbe,0xf7,0xbe,0xf7,0xbe,0xf7,0xbe,0xf7,0xbe,0xf7,0xbe,0xf7,0xbe,0xf7,
    0xbe,0xf7,0xbe,0xf7,0xbe,0xf7,0xbe,0xf7,0xbe,0xf7,0xbe,0xf7,0xbe,0xf7,0xbe,0xf7,
    0xbe,0xf7,0xbe,0xf7,0xbe,0xf7,0xbe,0xf7,0xbe,0xf7,0xbe,0xf7,0xbe,0xf7,0xbe,0xf7,
    0xdf,0xff,0xdf,0xff,0xdf,0xff,0xdf,0xff,0xdf,0xff,0xdf,0xff,0xdf,0xff,0xdf,0xff,
    0xdf,0xff,0xdf,0xff,0xdf,0xff,0xdf,0xff,0xdf,0xff,0xdf,0xff,0xdf,0xff,0xdf,0xff,
    0xdf,0xff,0xdf,0xff,0xdf,0xff,0xdf,0xff,0xdf,0xff,0xdf,0xff,0xdf,0xff,0xdf,0xff,
    0xdf,0xff,0xdf,0xff,0xdf,0xff,0xdf,0xff,0xdf,0xff,0xdf,0xff,0xdf,0xff,0xdf,0xff,
    0xdf,0xff,0xdf,0xff,0xdf,0xff,0xdf,0xff,0xdf,0xff,0xdf,0xff,0xdf,0xff,0xdf,0xff,
    0xdf,0xff,0xdf,0xff,0xff,0xff,0xbe,0xf7,0xba,0xde,0xf7,0xcd,0xf3,0xac,0x10,0x8c,
    0xb2,0x9c,0xf7,0xc5,0x18,0xce,0xd3,0xa4,0x69,0x52,0x20,0x08,0x00,0x00,0x41,0x08,
    0xc3,0x18,0x24,0x29,0x65,0x31,0x85,0x31,0xa6,0x39,0xc7,0x41,0x8a,0x5a,0x2c,0x73,
    0x69,0x5a,0x07,0x4a,0x2c,0x6b,0x14,0xad,0x55,0xb5,0x91,0x9c,0x30,0x8c,0x50,0x94,
    0x30,0x94,0x8d,0x7b,0x28,0x52,0xe3,0x20,0x40,0x10,0x41,0x10,0x81,0x18,0x82,0x10,
    0x61,0x10,0x20,0x00,0x00,0x00,0x00,0x00,0x00,0x00,0x00,0x00,0x00,0x00,0x00,0x00,
    0x00,0x00,0x20,0x00,0x41,0x08,0x41,0x08,0x40,0x08,0x20,0x00,0x20,0x00,0x61,0x08,
    0xe3,0x20,0xa6,0x39,0xeb,0x62,0xce,0x83,0x50,0x94,0x91,0x9c,0x71,0x94,0x0f,0x8c,
    0x6d,0x7b,0xeb,0x62,0x28,0x4a,0x6d,0x73,0x34,0xb5,0x24,0x29,0x03,0x21,0xe3,0x20,
    0xc2,0x18,0xa2,0x18,0xa2,0x18,0xa2,0x18,0x20,0x08,0x6d,0x73,0x79,0xd6,0xf7,0xc5,
    0x38,0xce,0xd2,0xa4,0x21,0x08,0x61,0x10,0x61,0x10,0x61,0x10,0x82,0x10,0xa2,0x18,
    0xe3,0x20,0xa2,0x18,0x91,0x9c,0x91,0x9c,0xc7,0x41,0xca,0x62,0x6c,0x73,0x0f,0x8c,
    0xb2,0x9c,0xf3,0xac,0xf3,0xa4,0x71,0x9c,0xae,0x83,0xaa,0x5a,0xa6,0x39,0xc3,0x18,
    0x20,0x08,0x00,0x00,0x20,0x00,0x61,0x08,0x82,0x10,0x61,0x10,0x61,0x08,0x41,0x08,
    0x20,0x08,0x20,0x00,0x00,0x00,0x00,0x00,0x00,0x00,0x20,0x00,0x41,0x08,0x82,0x10,
    0xa2,0x18,0x82,0x18,0x61,0x10,0xa2,0x18,0x45,0x31,0x28,0x4a,0xaa,0x5a,0xaa,0x5a,
    0x8a,0x5a,0xaa,0x5a,0xcb,0x62,0xaa,0x5a,0x86,0x39,0x41,0x10,0x00,0x00,0x20,0x08,
    0x82,0x10,0x82,0x10,0x82,0x10,0x82,0x10,0x82,0x10,0x82,0x10,0x81,0x10,0x41,0x08,
    0x00,0x00,0x00,0x00,0x03,0x21,0x69,0x5a,0xca,0x62,0x69,0x5a,0x48,0x52,0x69,0x52,
    0x89,0x5a,0xc7,0x41,0xcb,0x62,0x99,0xd6,0xff,0xff,0x9e,0xf7,0x9e,0xf7,0xbe,0xf7,
    0xbe,0xf7,0xbe,0xf7,0xbe,0xf7,0xbe,0xf7,0xbe,0xf7,0xbe,0xf7,0xbe,0xf7,0xbe,0xf7,
    0xbe,0xf7,0xbe,0xf7,0xbe,0xf7,0xbe,0xf7,0xbe,0xf7,0xbe,0xf7,0xbe,0xf7,0xbe,0xf7,
    0xbe,0xf7,0xbe,0xf7,0xbe,0xf7,0xbe,0xf7,0xbe,0xf7,0xbe,0xf7,0xbe,0xf7,0xbe,0xf7,
    0xbe,0xf7,0xbe,0xf7,0xbe,0xf7,0xbe,0xf7,0xbe,0xf7,0xbe,0xf7,0xbe,0xf7,0xbe,0xf7,
    0xbe,0xf7,0xbe,0xf7,0xbe,0xf7,0xbe,0xf7,0xbe,0xf7,0xbe,0xf7,0xbe,0xf7,0xbe,0xf7,
    0xdf,0xff,0xdf,0xff,0xdf,0xff,0xdf,0xff,0xdf,0xff,0xdf,0xff,0xdf,0xff,0xdf,0xff,
    0xdf,0xff,0xdf,0xff,0xdf,0xff,0xdf,0xff,0xdf,0xff,0xdf,0xff,0xdf,0xff,0xdf,0xff,
    0xdf,0xff,0xdf,0xff,0xdf,0xff,0xdf,0xff,0xdf,0xff,0xdf,0xff,0xdf,0xff,0xdf,0xff,
    0xdf,0xff,0xdf,0xff,0xdf,0xff,0xdf,0xff,0xdf,0xff,0xdf,0xff,0xdf,0xff,0xdf,0xff,
    0xdf,0xff,0xdf,0xff,0xdf,0xff,0xdf,0xff,0xdf,0xff,0xdf,0xff,0xdf,0xff,0xdf,0xff,
    0xdf,0xff,0xff,0xff,0x5d,0xef,0x79,0xd6,0xb6,0xc5,0x71,0x9c,0x10,0x8c,0x75,0xb5,
    0x59,0xd6,0xb6,0xbd,0x4d,0x73,0xc3,0x20,0x00,0x00,0x00,0x00,0xa2,0x18,0x24,0x29,
    0x85,0x31,0x86,0x39,0xa6,0x39,0xc6,0x41,0x89,0x5a,0x2c,0x73,0x69,0x5a,0xc7,0x41,
    0x2c,0x6b,0x14,0xad,0x55,0xb5,0xd2,0xa4,0x71,0x9c,0xb2,0x9c,0x91,0x9c,0x6d,0x7b,
    0xe7,0x41,0xa2,0x18,0x20,0x08,0x41,0x10,0x81,0x10,0x61,0x10,0x40,0x08,0x00,0x00,
    0x00,0x00,0x00,0x00,0x00,0x00,0x00,0x00,0x00,0x00,0x00,0x00,0x20,0x00,0x21,0x08,
    0x41,0x08,0x41,0x08,0x61,0x08,0xa2,0x18,0x65,0x31,0x48,0x4a,0x2c,0x6b,0xef,0x8b,
    0x91,0x9c,0x34,0xb5,0xef,0x83,0xeb,0x62,0x08,0x4a,0x65,0x31,0x04,0x21,0xc3,0x18,
    0xa2,0x18,0xa2,0x18,0x61,0x10,0x08,0x42,0xb6,0xc5,0x44,0x29,0xe3,0x20,0x04,0x21,
    0x03,0x21,0xe3,0x20,0xe3,0x20,0xe3,0x20,0x81,0x10,0xce,0x7b,0xba,0xde,0x38,0xce,
    0x79,0xd6,0x34,0xb5,0x82,0x10,0xa2,0x18,0xc2,0x18,0xc3,0x20,0xe3,0x20,0xe3,0x20,
    0x03,0x21,0x82,0x10,0x13,0xad,0x8d,0x7b,0x20,0x08,0xa2,0x18,0x82,0x10,0x82,0x10,
    0xa2,0x18,0x04,0x21,0x85,0x31,0x28,0x4a,0x0b,0x6b,0x95,0xbd,0xb6,0xc5,0x13,0xad,
    0xb2,0xa4,0x8d,0x7b,0x48,0x4a,0x24,0x29,0x61,0x10,0x40,0x08,0x61,0x08,0x61,0x10,
    0x61,0x10,0x61,0x08,0x41,0x08,0x20,0x00,0x20,0x00,0x00,0x00,0x00,0x00,0x00,0x00,
    0x20,0x08,0x61,0x10,0xa2,0x18,0xa2,0x18,0x81,0x10,0x81,0x10,0x04,0x29,0xe7,0x41,
    0xaa,0x5a,0xca,0x62,0xaa,0x62,0xca,0x62,0xcb,0x62,0x69,0x52,0x65,0x31,0x41,0x08,
    0x00,0x00,0x41,0x08,0x82,0x10,0x82,0x10,0x82,0x10,0x82,0x10,0x82,0x10,0x82,0x10,
    0x81,0x10,0x20,0x00,0x00,0x00,0x40,0x08,0xc6,0x41,0xaa,0x5a,0x49,0x52,0x28,0x4a,
    0x48,0x52,0x89,0x5a,0x08,0x4a,0x07,0x4a,0x55,0xb5,0xff,0xff,0xbe,0xff,0x9d,0xf7,
    0xbe,0xf7,0xbe,0xf7,0xbe,0xf7,0xbe,0xf7,0xbe,0xf7,0xbe,0xf7,0xbe,0xf7,0xbe,0xf7,
    0xbe,0xf7,0xbe,0xf7,0xbe,0xf7,0xbe,0xf7,0xbe,0xf7,0xbe,0xf7,0xbe,0xf7,0xbe,0xf7,
    0xbe,0xf7,0xbe,0xf7,0xbe,0xf7,0xbe,0xf7,0xbe,0xf7,0xbe,0xf7,0xbe,0xf7,0xbe,0xf7,
    0xbe,0xf7,0xbe,0xf7,0xbe,0xf7,0xbe,0xf7,0xbe,0xf7,0xbe,0xf7,0xbe,0xf7,0xbe,0xf7,
    0xbe,0xf7,0xbe,0xf7,0xbe,0xf7,0xbe,0xf7,0xbe,0xf7,0xbe,0xf7,0xbe,0xf7,0xbe,0xf7,
    0xdf,0xff,0xdf,0xff,0xdf,0xff,0xdf,0xff,0xdf,0xff,0xdf,0xff,0xdf,0xff,0xdf,0xff,
    0xdf,0xff,0xdf,0xff,0xdf,0xff,0xdf,0xff,0xdf,0xff,0xdf,0xff,0xdf,0xff,0xdf,0xff,
    0xdf,0xff,0xdf,0xff,0xdf,0xff,0xdf,0xff,0xdf,0xff,0xdf,0xff,0xdf,0xff,0xdf,0xff,
    0xdf,0xff,0xdf,0xff,0xdf,0xff,0xdf,0xff,0xdf,0xff,0xdf,0xff,0xdf,0xff,0xdf,0xff,
    0xdf,0xff,0xdf,0xff,0xdf,0xff,0xdf,0xff,0xdf,0xff,0xdf,0xff,0xdf,0xff,0xff,0xff,
    0xdf,0xff,0x1b,0xe7,0x38,0xce,0x54,0xb5,0x30,0x8c,0x91,0x9c,0x17,0xce,0x59,0xd6,
    0xd3,0xa4,0x07,0x4a,0x00,0x00,0x00,0x00,0x41,0x08,0xe3,0x20,0x65,0x31,0x85,0x39,
    0xa6,0x39,0xc6,0x41,0x69,0x52,0x4c,0x73,0xcb,0x62,0xc6,0x39,0xeb,0x62,0x13,0xad,
    0x34,0xb5,0x51,0x94,0x50,0x94,0x92,0x9c,0x71,0x9c,0x4c,0x73,0xa6,0x39,0x81,0x18,
    0x41,0x08,0x61,0x10,0x61,0x10,0x41,0x08,0x00,0x00,0x00,0x00,0x00,0x00,0x00,0x00,
    0x00,0x00,0x00,0x00,0x00,0x00,0x20,0x00,0x20,0x00,0x20,0x00,0x20,0x00,0x41,0x08,
    0xc3,0x18,0xe7,0x41,0x2c,0x6b,0x30,0x8c,0x71,0x94,0xcf,0x83,0xeb,0x62,0xe7,0x41,
    0xe7,0x41,0x14,0xad,0x65,0x31,0x82,0x10,0xe3,0x20,0x03,0x21,0x04,0x29,0x04,0x21,
    0xe3,0x20,0xc3,0x18,0x61,0x10,0x24,0x29,0xf7,0xc5,0x86,0x39,0x82,0x10,0xe3,0x20,
    0x44,0x29,0x86,0x39,0xc7,0x41,0x28,0x4a,0x08,0x4a,0xd3,0xa4,0x1b,0xef,0x9a,0xde,
    0xba,0xe6,0xd7,0xc5,0x28,0x4a,0x08,0x4a,0xc7,0x41,0xa6,0x39,0x65,0x31,0x04,0x29,
    0xc3,0x20,0x61,0x10,0x75,0xb5,0xaa,0x5a,0x00,0x00,0xa2,0x18,0xa2,0x18,0xe3,0x20,
    0xe3,0x20,0xe3,0x18,0xa2,0x18,0x82,0x10,0x41,0x08,0x54,0xb5,0x69,0x52,0x04,0x21,
    0x89,0x5a,0xce,0x83,0xf3,0xac,0x54,0xb5,0xd2,0xa4,0x6d,0x73,0xa6,0x39,0x61,0x10,
    0x20,0x00,0x20,0x00,0x61,0x08,0x61,0x10,0x61,0x08,0x41,0x08,0x21,0x08,0x20,0x00,
    0x00,0x00,0x00,0x00,0x20,0x00,0x41,0x08,0x82,0x10,0xa2,0x18,0x82,0x10,0x81,0x10,
    0x03,0x29,0xe7,0x41,0xaa,0x62,0xeb,0x62,0xaa,0x5a,0xaa,0x5a,0xaa,0x62,0x28,0x52,
    0x04,0x29,0x20,0x00,0x00,0x00,0x61,0x08,0x82,0x10,0x82,0x10,0x82,0x10,0x82,0x10,
    0x82,0x10,0x82,0x10,0x61,0x08,0x00,0x00,0x00,0x00,0x03,0x21,0x48,0x52,0xaa,0x5a,
    0x49,0x52,0x48,0x52,0x49,0x52,0x49,0x52,0xe7,0x49,0xcf,0x83,0x5d,0xef,0xff,0xff,
    0x9d,0xf7,0xbe,0xf7,0xbe,0xf7,0xbe,0xf7,0xbe,0xf7,0xbe,0xf7,0xbe,0xf7,0xbe,0xf7,
    0xbe,0xf7,0xbe,0xf7,0xbe,0xf7,0xbe,0xf7,0xbe,0xf7,0xbe,0xf7,0xbe,0xf7,0xbe,0xf7,
    0xbe,0xf7,0xbe,0xf7,0xbe,0xf7,0xbe,0xf7,0xbe,0xf7,0xbe,0xf7,0xbe,0xf7,0xbe,0xf7,
    0xbe,0xf7,0xbe,0xf7,0xbe,0xf7,0xbe,0xf7,0xbe,0xf7,0xbe,0xf7,0xbe,0xf7,0xbe,0xf7,
    0xbe,0xf7,0xbe,0xf7,0xbe,0xf7,0xbe,0xf7,0xbe,0xf7,0xbe,0xf7,0xbe,0xf7,0xbe,0xf7,
    0xdf,0xff,0xdf,0xff,0xdf,0xff,0xdf,0xff,0xdf,0xff,0xdf,0xff,0xdf,0xff,0xff,0xff,
    0xdf,0xff,0xdf,0xff,0xff,0xff,0xdf,0xff,0xdf,0xff,0xdf,0xff,0xdf,0xff,0xdf,0xff,
    0xdf,0xff,0xdf,0xff,0xdf,0xff,0xdf,0xff,0xdf,0xff,0xdf,0xff,0xdf,0xff,0xdf,0xff,
    0xdf,0xff,0xdf,0xff,0xdf,0xff,0xdf,0xff,0xdf,0xff,0xdf,0xff,0xdf,0xff,0xdf,0xff,
    0xdf,0xff,0xdf,0xff,0xdf,0xff,0xdf,0xff,0xdf,0xff,0xdf,0xff,0xff,0xff,0xbe,0xf7,
    0xba,0xde,0xf7,0xc5,0xb2,0xa4,0x0f,0x8c,0x34,0xad,0x79,0xd6,0xf7,0xcd,0x8e,0x7b,
    0xa2,0x18,0x00,0x00,0x00,0x00,0x82,0x10,0x24,0x29,0x65,0x31,0x85,0x31,0xa6,0x39,
    0x07,0x4a,0x4c,0x73,0x6d,0x7b,0x08,0x4a,0xaa,0x5a,0x91,0x9c,0x34,0xb5,0x50,0x94,
    0x0f,0x8c,0x71,0x94,0x30,0x8c,0x0b,0x6b,0x65,0x39,0x61,0x10,0x61,0x10,0x81,0x10,
    0x81,0x10,0x40,0x08,0x00,0x00,0x00,0x00,0x00,0x00,0x00,0x00,0x00,0x00,0x00,0x00,
    0x20,0x00,0x41,0x08,0x41,0x08,0x20,0x00,0x20,0x08,0xe3,0x20,0xe7,0x41,0x2c,0x6b,
    0xef,0x83,0xce,0x83,0x0b,0x6b,0x28,0x4a,0x44,0x29,0xc3,0x18,0xa2,0x18,0xc3,0x18,
    0xc2,0x18,0xd3,0xa4,0x8a,0x5a,0x61,0x08,0xa2,0x18,0xa2,0x18,0xe3,0x20,0x65,0x31,
    0x08,0x4a,0xaa,0x5a,0x2c,0x6b,0xef,0x8b,0x99,0xde,0x54,0xb5,0xf3,0xac,0x34,0xb5,
    0x75,0xb5,0xb6,0xbd,0xb6,0xbd,0xb6,0xbd,0xb6,0xbd,0x95,0xbd,0x75,0xb5,0x75,0xb5,
    0x34,0xb5,0x34,0xb5,0x55,0xb5,0x54,0xb5,0x75,0xb5,0x95,0xbd,0x96,0xbd,0x75,0xbd,
    0x34,0xb5,0x34,0xad,0x99,0xde,0x13,0xad,0x8e,0x7b,0x2c,0x6b,0x69,0x52,0xa6,0x39,
    0x04,0x21,0x82,0x10,0x61,0x10,0x41,0x08,0x45,0x31,0xd6,0xc5,0x24,0x29,0x82,0x10,
    0x81,0x10,0x61,0x10,0xa2,0x18,0x65,0x31,0xcb,0x62,0x50,0x94,0x34,0xb5,0xf2,0xa4,
    0x4c,0x73,0xe7,0x41,0xa2,0x18,0x20,0x00,0x41,0x08,0x81,0x10,0x82,0x10,0x41,0x08,
    0x20,0x08,0x20,0x00,0x00,0x00,0x00,0x00,0x00,0x00,0x41,0x08,0x82,0x10,0xa2,0x18,
    0x81,0x10,0x81,0x10,0xe3,0x20,0xc6,0x41,0xaa,0x5a,0xca,0x62,0x89,0x5a,0x89,0x5a,
    0x89,0x5a,0xe7,0x41,0xc3,0x18,0x00,0x00,0x00,0x00,0x61,0x10,0x82,0x10,0x82,0x10,
    0x82,0x10,0x81,0x10,0x82,0x10,0x81,0x10,0x40,0x08,0x00,0x00,0x41,0x08,0xa6,0x39,
    0xaa,0x5a,0x49,0x52,0x28,0x4a,0x48,0x52,0x69,0x52,0xe7,0x41,0x69,0x5a,0x59,0xce,
    0xff,0xff,0x9e,0xf7,0x9e,0xf7,0xbe,0xf7,0xbe,0xf7,0xbe,0xf7,0xbe,0xf7,0xbe,0xf7,
    0xbe,0xf7,0xbe,0xf7,0xbe,0xf7,0xbe,0xf7,0xbe,0xf7,0xbe,0xf7,0xbe,0xf7,0xbe,0xf7,
    0xbe,0xf7,0xbe,0xf7,0xbe,0xf7,0xbe,0xf7,0xbe,0xf7,0xbe,0xf7,0xbe,0xf7,0xbe,0xf7,
    0xbe,0xf7,0xbe,0xf7,0xbe,0xf7,0xbe,0xf7,0xbe,0xf7,0xbe,0xf7,0xbe,0xf7,0xbe,0xf7,
    0xbe,0xf7,0xbe,0xf7,0xbe,0xf7,0xbe,0xf7,0xbe,0xf7,0xbe,0xf7,0xbe,0xf7,0xbe,0xf7,
    0xdf,0xff,0xdf,0xff,0xdf,0xff,0xdf,0xff,0xdf,0xff,0xdf,0xff,0xdf,0xff,0xdf,0xff,
    0xdf,0xff,0xdf,0xff,0xdf,0xff,0xdf,0xff,0xdf,0xff,0xdf,0xff,0xdf,0xff,0xdf,0xff,
    0xdf,0xff,0xdf,0xff,0xdf,0xff,0xdf,0xff,0xdf,0xff,0xdf,0xff,0xdf,0xff,0xdf,0xff,
    0xdf,0xff,0xdf,0xff,0xdf,0xff,0xdf,0xff,0xdf,0xff,0xdf,0xff,0xdf,0xff,0xdf,0xff,
    0xdf,0xff,0xdf,0xff,0xdf,0xff,0xdf,0xff,0xdf,0xff,0xff,0xff,0x7d,0xef,0x7a,0xd6,
    0xb6,0xbd,0x50,0x94,0x30,0x8c,0xd6,0xc5,0x79,0xd6,0x55,0xb5,0x69,0x52,0x00,0x00,
    0x00,0x00,0x40,0x08,0xe3,0x20,0x65,0x31,0x85,0x31,0x85,0x39,0xa6,0x39,0xaa,0x5a,
    0xae,0x83,0x8a,0x5a,0x28,0x4a,0x91,0x9c,0x75,0xbd,0x92,0x9c,0x10,0x8c,0x50,0x94,
    0x50,0x94,0x0c,0x6b,0x45,0x31,0x41,0x08,0x41,0x08,0x81,0x18,0x81,0x10,0x20,0x08,
    0x00,0x00,0x00,0x00,0x00,0x00,0x00,0x00,0x00,0x00,0x00,0x00,0x20,0x00,0x20,0x08,
    0x20,0x08,0x41,0x08,0x03,0x21,0x69,0x52,0xae,0x7b,0xef,0x8b,0xd2,0xa4,0x2c,0x6b,
    0x24,0x29,0xc3,0x18,0xc2,0x18,0x03,0x21,0x24,0x29,0x24,0x29,0xe3,0x20,0xc2,0x18,
    0x20,0x08,0x10,0x8c,0x71,0x94,0x08,0x4a,0xae,0x7b,0x91,0x9c,0x75,0xb5,0xf7,0xc5,
    0xf7,0xc5,0xb6,0xbd,0xf3,0xac,0x50,0x94,0x2c,0x73,0xcb,0x62,0x48,0x52,0xc6,0x41,
    0x65,0x31,0x24,0x29,0x04,0x29,0xe3,0x20,0xc2,0x20,0xa2,0x18,0xa2,0x18,0xa2,0x18,
    0x82,0x18,0x81,0x18,0x81,0x18,0x82,0x18,0xc2,0x20,0xe3,0x20,0x24,0x29,0x85,0x39,
    0xe7,0x41,0x89,0x5a,0xcb,0x62,0x8d,0x7b,0x50,0x94,0x13,0xad,0x95,0xbd,0xd6,0xc5,
    0x95,0xbd,0x13,0xad,0x30,0x94,0xaa,0x5a,0x4d,0x73,0x95,0xbd,0x61,0x10,0x61,0x10,
    0xa2,0x18,0xc3,0x20,0xe3,0x20,0xe3,0x18,0x81,0x10,0x61,0x10,0xa2,0x18,0xaa,0x5a,
    0x17,0xd6,0x13,0xad,0x33,0xad,0x0f,0x8c,0xe7,0x41,0x82,0x18,0x20,0x08,0x41,0x08,
    0x61,0x10,0x61,0x08,0x41,0x08,0x20,0x08,0x20,0x00,0x00,0x00,0x00,0x00,0x21,0x08,
    0x61,0x10,0xa2,0x18,0x82,0x18,0x81,0x10,0xe3,0x20,0xe7,0x41,0x8a,0x5a,0xaa,0x5a,
    0x69,0x5a,0x89,0x5a,0x89,0x5a,0x07,0x4a,0xc3,0x20,0x00,0x00,0x20,0x08,0x81,0x10,
    0x82,0x10,0x81,0x10,0x81,0x10,0x81,0x10,0x82,0x10,0x61,0x10,0x00,0x00,0x00,0x00,
    0xe3,0x20,0x48,0x52,0x48,0x52,0x28,0x4a,0x28,0x52,0x49,0x52,0x08,0x4a,0xc7,0x41,
    0x34,0xad,0xff,0xff,0xbe,0xf7,0x9e,0xf7,0xbe,0xf7,0xbe,0xf7,0xbe,0xf7,0xbe,0xf7,
    0xbe,0xf7,0xbe,0xf7,0xbe,0xf7,0xbe,0xf7,0xbe,0xf7,0xbe,0xf7,0xbe,0xf7,0xbe,0xf7,
    0xbe,0xf7,0xbe,0xf7,0xbe,0xf7,0xbe,0xf7,0xbe,0xf7,0xbe,0xf7,0xbe,0xf7,0xbe,0xf7,
    0xbe,0xf7,0xbe,0xf7,0xbe,0xf7,0xbe,0xf7,0xbe,0xf7,0xbe,0xf7,0xbe,0xf7,0xbe,0xf7,
    0xbe,0xf7,0xbe,0xf7,0xbe,0xf7,0xbe,0xf7,0xbe,0xf7,0xbe,0xf7,0xbe,0xf7,0xbe,0xf7,
    0xdf,0xff,0xdf,0xff,0xdf,0xff,0xdf,0xff,0xdf,0xff,0xdf,0xff,0xdf,0xff,0xdf,0xff,
    0xdf,0xff,0xdf,0xff,0xdf,0xff,0xdf,0xff,0xdf,0xff,0xdf,0xff,0xdf,0xff,0xdf,0xff,
    0xdf,0xff,0xdf,0xff,0xdf,0xff,0xdf,0xff,0xdf,0xff,0xdf,0xff,0xff,0xff,0xdf,0xff,
    0xdf,0xff,0xdf,0xff,0xdf,0xff,0xdf,0xff,0xdf,0xff,0xdf,0xff,0xdf,0xff,0xdf,0xff,
    0xdf,0xff,0xdf,0xff,0xdf,0xff,0xdf,0xff,0xff,0xff,0x1c,0xe7,0x38,0xce,0x75,0xb5,
    0x30,0x8c,0xb2,0x9c,0x38,0xce,0x38,0xce,0x92,0x9c,0x65,0x31,0x00,0x00,0x00,0x00,
    0x61,0x10,0x24,0x29,0x85,0x31,0xa6,0x39,0xa6,0x39,0xe7,0x49,0x2c,0x73,0x4c,0x73,
    0x28,0x4a,0x8e,0x7b,0xb6,0xbd,0x34,0xad,0x51,0x94,0x92,0x9c,0x91,0x9c,0x6d,0x73,
    0x86,0x39,0x61,0x10,0x40,0x08,0x81,0x10,0x61,0x10,0x20,0x08,0x00,0x00,0x00,0x00,
    0x00,0x00,0x00,0x00,0x00,0x00,0x00,0x00,0x20,0x08,0x20,0x08,0x20,0x08,0xa2,0x18,
    0x08,0x4a,0xae,0x83,0x91,0x9c,0x0f,0x8c,0xaa,0x5a,0xe3,0x20,0x6d,0x73,0xef,0x83,
    0xa2,0x10,0x24,0x29,0x03,0x21,0xc3,0x18,0xc3,0x20,0x45,0x31,0x28,0x4a,0x4d,0x73,
    0x51,0x94,0xb6,0xc5,0x17,0xce,0x34,0xb5,0x51,0x94,0x6d,0x73,0xaa,0x5a,0xe7,0x49,
    0x45,0x31,0xe3,0x20,0xa2,0x18,0x81,0x18,0x81,0x18,0x61,0x10,0x81,0x18,0xa2,0x18,
    0xa2,0x18,0xc2,0x18,0xe3,0x20,0x04,0x29,0x24,0x29,0x44,0x31,0x44,0x31,0x45,0x31,
    0x44,0x31,0x24,0x31,0x24,0x29,0x03,0x29,0xe3,0x20,0xc2,0x20,0xc2,0x20,0xc2,0x18,
    0xa2,0x18,0xa2,0x18,0xa2,0x18,0x81,0x18,0x61,0x10,0x81,0x18,0xc2,0x18,0x24,0x29,
    0xe7,0x41,0xcb,0x62,0xef,0x83,0xd2,0xa4,0x95,0xbd,0x17,0xce,0x34,0xb5,0x10,0x8c,
    0xca,0x62,0x65,0x31,0xa2,0x18,0x61,0x10,0xa2,0x18,0xe3,0x20,0x61,0x08,0xeb,0x62,
    0xf3,0xac,0x61,0x10,0xc7,0x41,0xae,0x83,0x33,0xad,0x13,0xad,0x8d,0x7b,0x45,0x29,
    0x20,0x00,0x20,0x00,0x61,0x10,0x81,0x10,0x61,0x08,0x41,0x08,0x20,0x08,0x20,0x00,
    0x00,0x00,0x20,0x00,0x61,0x10,0xa2,0x18,0x82,0x10,0x61,0x10,0x03,0x21,0x07,0x4a,
    0xaa,0x5a,0xaa,0x5a,0x8a,0x5a,0xaa,0x62,0xaa,0x62,0xa6,0x39,0x61,0x10,0x00,0x00,
    0x61,0x08,0x81,0x10,0x82,0x10,0x82,0x10,0x81,0x10,0x82,0x10,0x81,0x10,0x20,0x00,
    0x00,0x00,0x61,0x10,0xe7,0x41,0x69,0x5a,0x28,0x52,0x48,0x52,0x48,0x52,0x48,0x52,
    0x86,0x39,0x30,0x8c,0xdf,0xff,0xbe,0xff,0x9e,0xf7,0xbe,0xf7,0xbe,0xf7,0xbe,0xf7,
    0xbe,0xf7,0xbe,0xf7,0xbe,0xf7,0xbe,0xf7,0xbe,0xf7,0xbe,0xf7,0xbe,0xf7,0xbe,0xf7,
    0xbe,0xf7,0xbe,0xf7,0xbe,0xf7,0xbe,0xf7,0xbe,0xf7,0xbe,0xf7,0xbe,0xf7,0xbe,0xf7,
    0xbe,0xf7,0xbe,0xf7,0xbe,0xf7,0xbe,0xf7,0xbe,0xf7,0xbe,0xf7,0xbe,0xf7,0xbe,0xf7,
    0xbe,0xf7,0xbe,0xf7,0xbe,0xf7,0xbe,0xf7,0xbe,0xf7,0xbe,0xf7,0xbe,0xf7,0xbe,0xf7,
    0xdf,0xff,0xdf,0xff,0xdf,0xff,0xdf,0xff,0xdf,0xff,0xdf,0xff,0xdf,0xff,0xdf,0xff,
    0xdf,0xff,0xdf,0xff,0xdf,0xff,0xdf,0xff,0xdf,0xff,0xdf,0xff,0xdf,0xff,0xdf,0xff,
    0xdf,0xff,0xdf,0xff,0xdf,0xff,0xdf,0xff,0xdf,0xff,0xdf,0xff,0xdf,0xff,0xdf,0xff,
    0xdf,0xff,0xdf,0xff,0xdf,0xff,0xdf,0xff,0xdf,0xff,0xdf,0xff,0xdf,0xff,0xdf,0xff,
    0xdf,0xff,0xdf,0xff,0xff,0xff,0xdf,0xff,0xdb,0xde,0xf7,0xc5,0xd3,0xa4,0x30,0x8c,
    0x34,0xad,0x59,0xd6,0xd7,0xc5,0x8d,0x7b,0x82,0x10,0x00,0x00,0x20,0x00,0xc2,0x18,
    0x44,0x29,0x85,0x31,0xa6,0x39,0xa6,0x41,0x8a,0x5a,0x8d,0x7b,0x89,0x5a,0xaa,0x5a,
    0xf3,0xa4,0x55,0xb5,0x71,0x9c,0x91,0x9c,0xb2,0xa4,0xef,0x83,0x07,0x4a,0xa2,0x18,
    0x82,0x10,0xa2,0x18,0x61,0x10,0x20,0x08,0x00,0x00,0x00,0x00,0x00,0x00,0x00,0x00,
    0x00,0x00,0x20,0x00,0x41,0x08,0x20,0x08,0x40,0x08,0x24,0x29,0xcb,0x62,0x0f,0x8c,
    0xef,0x83,0xca,0x62,0x86,0x39,0xc3,0x20,0xe3,0x20,0xe3,0x18,0x28,0x4a,0x95,0xbd,
    0x24,0x29,0xa2,0x18,0xa6,0x39,0x0c,0x6b,0x92,0x9c,0x96,0xbd,0x96,0xbd,0xf3,0xa4,
    0xae,0x83,0x48,0x52,0x44,0x29,0xa2,0x18,0x61,0x10,0x61,0x10,0xa2,0x18,0xe3,0x20,
    0x24,0x29,0x65,0x31,0x85,0x31,0x85,0x31,0x85,0x31,0x65,0x31,0x44,0x29,0x04,0x21,
    0x44,0x29,0x04,0x21,0x24,0x29,0x45,0x29,0x45,0x29,0x65,0x29,0x65,0x31,0x24,0x29,
    0x04,0x21,0x45,0x29,0xa6,0x39,0xa6,0x39,0x65,0x31,0x45,0x29,0x24,0x29,0x24,0x21,
    0x45,0x29,0x65,0x31,0x65,0x31,0x65,0x31,0x45,0x31,0x45,0x29,0x24,0x29,0xc3,0x20,
    0xa2,0x18,0x61,0x10,0x41,0x10,0x61,0x10,0xc2,0x18,0x85,0x31,0xca,0x62,0x30,0x8c,
    0x54,0xb5,0xd6,0xc5,0x34,0xad,0xae,0x83,0x08,0x4a,0xe3,0x20,0x00,0x00,0xf3,0xac,
    0xae,0x83,0x61,0x10,0xc3,0x18,0x61,0x10,0xc3,0x18,0x28,0x4a,0x0f,0x8c,0x34,0xb5,
    0x50,0x94,0x28,0x4a,0x61,0x10,0x20,0x00,0x81,0x10,0x82,0x10,0x61,0x08,0x41,0x08,
    0x20,0x00,0x00,0x00,0x00,0x00,0x20,0x00,0x61,0x10,0xc2,0x18,0x04,0x21,0xc3,0x20,
    0x45,0x31,0x48,0x52,0xca,0x62,0xaa,0x62,0xaa,0x5a,0xca,0x62,0x49,0x52,0x24,0x29,
    0x00,0x00,0x20,0x00,0x61,0x10,0x82,0x10,0x82,0x10,0x81,0x10,0x81,0x10,0x81,0x10,
    0x41,0x08,0x00,0x00,0x20,0x00,0x85,0x31,0x89,0x5a,0x69,0x52,0x48,0x52,0x48,0x52,
    0x69,0x5a,0x86,0x39,0x4d,0x73,0x7d,0xf7,0xdf,0xff,0x9e,0xf7,0xbe,0xf7,0xbe,0xf7,
    0xbe,0xf7,0xbe,0xf7,0xbe,0xf7,0xbe,0xf7,0xbe,0xf7,0xbe,0xf7,0xbe,0xf7,0xbe,0xf7,
    0xbe,0xf7,0xbe,0xf7,0xbe,0xf7,0xbe,0xf7,0xbe,0xf7,0xbe,0xf7,0xbe,0xf7,0xbe,0xf7,
    0xbe,0xf7,0xbe,0xf7,0xbe,0xf7,0xbe,0xf7,0xbe,0xf7,0xbe,0xf7,0xbe,0xf7,0xbe,0xf7,
    0xbe,0xf7,0xbe,0xf7,0xbe,0xf7,0xbe,0xf7,0xbe,0xf7,0xbe,0xf7,0xbe,0xf7,0xbe,0xf7,
    0xdf,0xff,0xdf,0xff,0xdf,0xff,0xdf,0xff,0xdf,0xff,0xdf,0xff,0xdf,0xff,0xdf,0xff,
    0xdf,0xff,0xdf,0xff,0xdf,0xff,0xdf,0xff,0xdf,0xff,0xdf,0xff,0xdf,0xff,0xdf,0xff,
    0xdf,0xff,0xdf,0xff,0xdf,0xff,0xdf,0xff,0xdf,0xff,0xdf,0xff,0xdf,0xff,0xdf,0xff,
    0xdf,0xff,0xdf,0xff,0xdf,0xff,0xdf,0xff,0xdf,0xff,0xdf,0xff,0xdf,0xff,0xdf,0xff,
    0xdf,0xff,0xff,0xff,0xde,0xff,0x9a,0xd6,0xb6,0xbd,0x71,0x94,0xef,0x8b,0x96,0xbd,
    0x79,0xd6,0x75,0xbd,0x8a,0x5a,0x20,0x00,0x00,0x00,0x61,0x08,0x04,0x21,0x65,0x31,
    0x85,0x31,0xa6,0x39,0x07,0x4a,0x6c,0x73,0x4c,0x73,0xe7,0x41,0xcf,0x83,0x75,0xbd,
    0x71,0x9c,0x30,0x94,0x92,0x9c,0x30,0x8c,0x8a,0x5a,0xc3,0x20,0xa2,0x18,0x03,0x21,
    0xc2,0x18,0x40,0x08,0x00,0x00,0x00,0x00,0x00,0x00,0x00,0x00,0x00,0x00,0x20,0x00,
    0x41,0x08,0x40,0x08,0x81,0x10,0xa6,0x39,0x0c,0x6b,0x0f,0x8c,0x2c,0x6b,0x86,0x39,
    0xa2,0x18,0xc2,0x18,0x04,0x21,0x24,0x29,0x03,0x21,0xa2,0x18,0x45,0x31,0xd6,0xc5,
    0xb2,0x9c,0x92,0x9c,0x13,0xad,0x71,0x9c,0x4d,0x73,0x07,0x4a,0x04,0x29,0x82,0x18,
    0x61,0x10,0xa2,0x18,0xe3,0x20,0x24,0x29,0x65,0x29,0x85,0x31,0x85,0x31,0x85,0x31,
    0x86,0x31,0x65,0x31,0x65,0x31,0x65,0x29,0x45,0x29,0x04,0x21,0x45,0x29,0xca,0x62,
    0x2c,0x6b,0xe3,0x18,0xe3,0x20,0x24,0x29,0x24,0x29,0x24,0x29,0x04,0x21,0xe7,0x41,
    0xaa,0x5a,0xaa,0x5a,0x69,0x5a,0x48,0x52,0x08,0x4a,0xe7,0x49,0xe7,0x49,0x08,0x42,
    0x86,0x39,0x04,0x21,0x24,0x21,0x24,0x29,0x04,0x21,0x24,0x21,0x04,0x21,0x04,0x21,
    0x24,0x21,0x24,0x29,0x45,0x29,0x45,0x31,0x44,0x29,0x03,0x21,0xc2,0x18,0x81,0x10,
    0xa2,0x18,0x45,0x31,0x8a,0x5a,0x30,0x94,0x54,0xb5,0x54,0xb5,0x51,0x94,0x99,0xde,
    0x8a,0x5a,0x21,0x08,0x82,0x10,0xc3,0x18,0xe3,0x20,0x82,0x10,0x41,0x08,0x03,0x21,
    0x0b,0x6b,0x34,0xb5,0xd2,0xa4,0xcb,0x62,0xc3,0x18,0x20,0x00,0x61,0x10,0x82,0x10,
    0x61,0x08,0x20,0x08,0x20,0x00,0x00,0x00,0x00,0x00,0x20,0x00,0xa2,0x18,0x24,0x29,
    0x03,0x21,0xe3,0x20,0x86,0x39,0x89,0x5a,0xeb,0x62,0xaa,0x5a,0x89,0x5a,0x89,0x5a,
    0xc6,0x39,0x61,0x10,0x00,0x00,0x41,0x08,0x82,0x10,0x82,0x10,0x81,0x10,0x61,0x10,
    0x82,0x10,0x61,0x10,0x00,0x00,0x00,0x00,0xe3,0x20,0x69,0x52,0x69,0x52,0x28,0x4a,
    0x48,0x52,0x49,0x52,0xa6,0x39,0xaa,0x62,0xfb,0xe6,0xff,0xff,0x9e,0xf7,0xbe,0xf7,
    0x9e,0xf7,0x9e,0xf7,0xbe,0xf7,0xbe,0xf7,0xbe,0xf7,0xbe,0xf7,0xbe,0xf7,0xbe,0xf7,
    0xbe,0xf7,0xbe,0xf7,0xbe,0xf7,0xbe,0xf7,0xbe,0xf7,0xbe,0xf7,0xbe,0xf7,0xbe,0xf7,
    0xbe,0xf7,0xbe,0xf7,0xbe,0xf7,0xbe,0xf7,0xbe,0xf7,0xbe,0xf7,0xbe,0xf7,0xbe,0xf7,
    0xbe,0xf7,0xbe,0xf7,0xbe,0xf7,0xbe,0xf7,0xbe,0xf7,0xbe,0xf7,0xbe,0xf7,0xbe,0xf7,
    0xdf,0xff,0xdf,0xff,0xdf,0xff,0xdf,0xff,0xdf,0xff,0xdf,0xff,0xdf,0xff,0xdf,0xff,
    0xdf,0xff,0xdf,0xff,0xdf,0xff,0xdf,0xff,0xdf,0xff,0xdf,0xff,0xdf,0xff,0xdf,0xff,
    0xdf,0xff,0xdf,0xff,0xdf,0xff,0xdf,0xff,0xdf,0xff,0xdf,0xff,0xdf,0xff,0xdf,0xff,
    0xdf,0xff,0xdf,0xff,0xdf,0xff,0xdf,0xff,0xdf,0xff,0xdf,0xff,0xdf,0xff,0xdf,0xff,
    0xff,0xff,0xbe,0xf7,0x59,0xd6,0x95,0xbd,0x51,0x94,0x30,0x8c,0xb6,0xbd,0x59,0xd6,
    0xf3,0xac,0x86,0x39,0x00,0x00,0x00,0x00,0xa2,0x18,0x24,0x29,0x65,0x31,0xa6,0x39,
    0xc6,0x41,0x8a,0x5a,0xae,0x7b,0x89,0x5a,0x8a,0x5a,0xd3,0xa4,0x13,0xad,0x10,0x8c,
    0x51,0x94,0x71,0x94,0x0b,0x6b,0x04,0x29,0x81,0x18,0xe3,0x20,0xe3,0x20,0x81,0x10,
    0x00,0x00,0x00,0x00,0x00,0x00,0x00,0x00,0x00,0x00,0x20,0x00,0x41,0x08,0x20,0x08,
    0x82,0x18,0x48,0x52,0x0f,0x8c,0x30,0x8c,0xd3,0xa4,0x86,0x39,0x81,0x10,0xe3,0x20,
    0x24,0x29,0x03,0x21,0xa2,0x18,0xe3,0x20,0x28,0x4a,0x10,0x8c,0xb6,0xbd,0xb6,0xbd,
    0x50,0x94,0x69,0x5a,0x24,0x29,0x61,0x10,0x61,0x10,0xa2,0x18,0x04,0x21,0x45,0x29,
    0x65,0x31,0x85,0x31,0x65,0x31,0x65,0x31,0x45,0x29,0x45,0x29,0x45,0x29,0x44,0x29,
    0x45,0x29,0x45,0x29,0x65,0x31,0x44,0x29,0x04,0x21,0x49,0x52,0x6d,0x73,0x69,0x52,
    0xeb,0x6a,0xc3,0x18,0xc3,0x18,0x24,0x29,0x04,0x21,0x04,0x21,0x0b,0x6b,0x2c,0x6b,
    0x69,0x5a,0x4c,0x73,0x91,0x9c,0x54,0xb5,0x75,0xb5,0x13,0xad,0x30,0x94,0x2c,0x73,
    0xaa,0x62,0x29,0x4a,0x24,0x29,0x04,0x21,0x24,0x29,0x24,0x21,0x24,0x21,0x24,0x21,
    0x04,0x21,0x04,0x21,0x04,0x21,0x04,0x21,0x24,0x29,0x44,0x29,0x65,0x31,0x65,0x31,
    0x44,0x29,0xe3,0x20,0x61,0x10,0x20,0x08,0x82,0x18,0xa6,0x39,0x8d,0x7b,0x34,0xad,
    0xf7,0xcd,0x14,0xad,0x0b,0x6b,0x04,0x29,0x41,0x08,0x81,0x10,0xe3,0x20,0xc2,0x18,
    0x41,0x08,0x82,0x10,0xb6,0xc5,0xf6,0xc5,0x54,0xb5,0x8d,0x73,0x24,0x21,0x20,0x08,
    0x41,0x08,0x61,0x10,0x41,0x08,0x20,0x08,0x20,0x00,0x00,0x00,0x00,0x00,0x82,0x10,
    0x03,0x29,0x24,0x29,0xe3,0x20,0x03,0x21,0x07,0x4a,0xaa,0x5a,0xaa,0x5a,0x69,0x5a,
    0x89,0x5a,0x28,0x4a,0x03,0x21,0x00,0x00,0x20,0x00,0x61,0x10,0x82,0x10,0x81,0x10,
    0x81,0x10,0x81,0x10,0x81,0x10,0x20,0x08,0x00,0x00,0x82,0x10,0x28,0x4a,0x69,0x52,
    0x28,0x4a,0x28,0x4a,0x48,0x52,0xc6,0x41,0x08,0x4a,0x59,0xd6,0xff,0xff,0x7e,0xf7,
    0x9e,0xf7,0x9e,0xf7,0x9e,0xf7,0x9e,0xf7,0xbe,0xf7,0xbe,0xf7,0xbe,0xf7,0xbe,0xf7,
    0xbe,0xf7,0xbe,0xf7,0xbe,0xf7,0xbe,0xf7,0xbe,0xf7,0xbe,0xf7,0xbe,0xf7,0xbe,0xf7,
    0xbe,0xf7,0xbe,0xf7,0xbe,0xf7,0xbe,0xf7,0xbe,0xf7,0xbe,0xf7,0xbe,0xf7,0xbe,0xf7,
    0xbe,0xf7,0xbe,0xf7,0xbe,0xf7,0xbe,0xf7,0xbe,0xf7,0xbe,0xf7,0xbe,0xf7,0xbe,0xf7,
    0xdf,0xff,0xdf,0xff,0xdf,0xff,0xdf,0xff,0xff,0xff,0xdf,0xff,0xdf,0xff,0xdf,0xff,
    0xdf,0xff,0xdf,0xff,0xdf,0xff,0xdf,0xff,0xdf,0xff,0xdf,0xff,0xdf,0xff,0xdf,0xff,
    0xdf,0xff,0xdf,0xff,0xdf,0xff,0xdf,0xff,0xdf,0xff,0xdf,0xff,0xdf,0xff,0xdf,0xff,
    0xdf,0xff,0xdf,0xff,0xdf,0xff,0xdf,0xff,0xdf,0xff,0xdf,0xff,0xdf,0xff,0xff,0xff,
    0x9d,0xf7,0x59,0xd6,0x55,0xb5,0x10,0x8c,0x51,0x94,0xd6,0xc5,0x18,0xce,0x71,0x9c,
    0x03,0x21,0x00,0x00,0x20,0x08,0x03,0x21,0x85,0x31,0x85,0x31,0xa6,0x39,0xe7,0x41,
    0x2c,0x73,0x6d,0x7b,0x08,0x4a,0xae,0x7b,0x96,0xbd,0x91,0x9c,0x30,0x94,0xb2,0x9c,
    0xef,0x83,0xc6,0x41,0x40,0x08,0x81,0x10,0xc2,0x20,0x82,0x18,0x20,0x08,0x00,0x00,
    0x00,0x00,0x00,0x00,0x00,0x00,0x20,0x00,0x40,0x08,0x20,0x00,0x61,0x10,0x28,0x4a,
    0x30,0x94,0x30,0x8c,0x89,0x5a,0xc3,0x18,0x71,0x94,0x6d,0x73,0xa2,0x18,0xe3,0x20,
    0xa2,0x18,0x65,0x31,0x4c,0x73,0x34,0xb5,0xd6,0xc5,0xb2,0x9c,0xca,0x62,0x44,0x31,
    0xa2,0x18,0xa2,0x18,0x03,0x21,0x45,0x29,0x85,0x31,0x86,0x31,0x86,0x31,0x65,0x31,
    0x65,0x31,0x45,0x31,0x45,0x29,0x45,0x29,0x45,0x29,0x45,0x29,0x45,0x29,0x45,0x29,
    0x65,0x29,0x45,0x29,0x03,0x21,0xa6,0x39,0x6d,0x73,0x4d,0x73,0x2c,0x6b,0x54,0xb5,
    0xcf,0x83,0xc3,0x18,0xc3,0x18,0x24,0x29,0x04,0x21,0x4d,0x73,0xca,0x62,0x8d,0x7b,
    0x38,0xce,0xbe,0xff,0xff,0xff,0xff,0xff,0xff,0xff,0xff,0xff,0xbe,0xff,0x7d,0xf7,
    0xb6,0xc5,0x4d,0x73,0x69,0x52,0x04,0x21,0x04,0x21,0x24,0x29,0x24,0x29,0x24,0x29,
    0x24,0x29,0x24,0x29,0x24,0x29,0x24,0x29,0x24,0x29,0x24,0x29,0x04,0x21,0x04,0x21,
    0x04,0x21,0x24,0x29,0x24,0x29,0x45,0x29,0x24,0x29,0xc3,0x20,0x61,0x10,0x82,0x18,
    0xa6,0x39,0xae,0x7b,0xb6,0xbd,0xf7,0xcd,0x71,0x94,0x08,0x4a,0xa2,0x18,0x81,0x10,
    0x61,0x10,0x69,0x52,0xf7,0xcd,0xe3,0x20,0xc6,0x39,0x71,0x9c,0xb6,0xbd,0xef,0x83,
    0x24,0x29,0x00,0x00,0x41,0x08,0x61,0x10,0x41,0x08,0x20,0x08,0x20,0x00,0x20,0x00,
    0x41,0x08,0x82,0x10,0xe3,0x20,0xe3,0x20,0xc2,0x18,0x45,0x31,0x69,0x52,0xaa,0x5a,
    0x69,0x52,0x69,0x52,0x69,0x52,0xc6,0x41,0x82,0x10,0x00,0x00,0x61,0x08,0x81,0x10,
    0x81,0x10,0x81,0x10,0x81,0x10,0x81,0x10,0x41,0x08,0x00,0x00,0x40,0x08,0xe7,0x41,
    0x89,0x5a,0x28,0x4a,0x28,0x4a,0x28,0x52,0xe7,0x41,0xc7,0x41,0xd7,0xc5,0xff,0xff,
    0x9e,0xf7,0x9e,0xf7,0x9e,0xf7,0x9e,0xf7,0xbe,0xf7,0x9e,0xf7,0xbe,0xf7,0xbe,0xf7,
    0xbe,0xf7,0xbe,0xf7,0xbe,0xf7,0xbe,0xf7,0xbe,0xf7,0xbe,0xf7,0xbe,0xf7,0xbe,0xf7,
    0xbe,0xf7,0xbe,0xf7,0xbe,0xf7,0xbe,0xf7,0xbe,0xf7,0xbe,0xf7,0xbe,0xf7,0xbe,0xf7,
    0xbe,0xf7,0xbe,0xf7,0xbe,0xf7,0xbe,0xf7,0xbe,0xf7,0xbe,0xf7,0xbe,0xf7,0xbe,0xf7,
    0xdf,0xff,0xdf,0xff,0xdf,0xff,0xdf,0xff,0xff,0xff,0xdf,0xff,0xdf,0xff,0xdf,0xff,
    0xdf,0xff,0xdf,0xff,0xdf,0xff,0xdf,0xff,0xdf,0xff,0xdf,0xff,0xdf,0xff,0xdf,0xff,
    0xdf,0xff,0xdf,0xff,0xdf,0xff,0xdf,0xff,0xdf,0xff,0xdf,0xff,0xdf,0xff,0xdf,0xff,
    0xdf,0xff,0xdf,0xff,0xdf,0xff,0xdf,0xff,0xdf,0xff,0xdf,0xff,0xff,0xff,0x7d,0xef,
    0x38,0xce,0x34,0xad,0xcf,0x83,0x71,0x9c,0xf7,0xc5,0xd7,0xc5,0x8d,0x7b,0x82,0x10,
    0x00,0x00,0x41,0x08,0x44,0x29,0xa6,0x39,0xa6,0x39,0xc6,0x39,0x48,0x52,0x8d,0x7b,
    0xaa,0x62,0x69,0x52,0xf3,0xa4,0x34,0xb5,0x50,0x94,0x91,0x9c,0x91,0x9c,0x0b,0x6b,
    0xc3,0x20,0x20,0x08,0x81,0x10,0x61,0x10,0x20,0x00,0x00,0x00,0x00,0x00,0x00,0x00,
    0x00,0x00,0x20,0x00,0x41,0x08,0x41,0x08,0x61,0x10,0x08,0x4a,0xef,0x83,0xef,0x83,
    0x28,0x4a,0xe3,0x20,0xe3,0x20,0xe3,0x20,0x89,0x52,0x75,0xb5,0x44,0x29,0x49,0x52,
    0xd2,0xa4,0xb6,0xbd,0xd2,0xa4,0xcb,0x62,0x24,0x29,0x81,0x18,0xa2,0x18,0x24,0x29,
    0xa6,0x39,0xa7,0x39,0xa6,0x39,0x86,0x31,0x65,0x31,0x65,0x31,0x45,0x31,0x65,0x31,
    0x65,0x31,0x65,0x31,0x65,0x31,0x65,0x31,0x65,0x31,0x65,0x29,0x65,0x29,0x65,0x29,
    0x24,0x29,0x44,0x29,0xca,0x5a,0x6d,0x73,0xeb,0x62,0xb2,0x9c,0x7d,0xf7,0x9e,0xf7,
    0x10,0x8c,0x04,0x21,0xe3,0x20,0xe3,0x20,0x6d,0x73,0x8a,0x5a,0x50,0x94,0xdf,0xff,
    0xdf,0xff,0xba,0xde,0x75,0xb5,0xf3,0xac,0x34,0xad,0x79,0xd6,0xbe,0xff,0x7d,0xef,
    0xbe,0xff,0xdb,0xe6,0x6d,0x7b,0x49,0x52,0xe3,0x20,0x24,0x21,0x24,0x29,0x24,0x29,
    0x24,0x29,0x24,0x29,0x24,0x29,0x24,0x29,0x24,0x29,0x24,0x29,0x24,0x29,0x24,0x29,
    0x24,0x29,0x04,0x21,0x04,0x21,0x04,0x21,0x04,0x21,0x24,0x29,0x45,0x29,0x24,0x29,
    0xc3,0x20,0x41,0x10,0x61,0x10,0xc7,0x41,0x0f,0x8c,0xd6,0xc5,0xb6,0xbd,0x8d,0x7b,
    0xc2,0x20,0x34,0xb5,0x0f,0x8c,0x41,0x08,0xc2,0x18,0x61,0x10,0x86,0x39,0x0f,0x8c,
    0x75,0xb5,0xef,0x83,0x24,0x29,0x20,0x08,0x61,0x10,0x81,0x10,0x41,0x08,0x41,0x08,
    0x20,0x00,0x20,0x00,0x40,0x08,0xa2,0x10,0xe3,0x20,0xa2,0x18,0xc2,0x18,0xe7,0x41,
    0xaa,0x5a,0x8a,0x5a,0x69,0x5a,0x8a,0x5a,0x69,0x52,0x03,0x21,0x00,0x00,0x40,0x08,
    0x81,0x10,0x81,0x10,0x81,0x10,0x81,0x10,0x81,0x10,0x61,0x10,0x00,0x00,0x20,0x00,
    0xa6,0x39,0x89,0x5a,0x28,0x4a,0x28,0x4a,0x28,0x4a,0xe7,0x41,0x85,0x39,0x54,0xad,
    0xff,0xff,0x9e,0xf7,0x9e,0xf7,0x9e,0xf7,0xbe,0xf7,0xbe,0xf7,0xbe,0xf7,0xbe,0xf7,
    0xbe,0xf7,0xbe,0xf7,0xbe,0xf7,0xbe,0xf7,0xbe,0xf7,0xbe,0xf7,0xbe,0xf7,0xbe,0xf7,
    0xbe,0xf7,0xbe,0xf7,0xbe,0xf7,0xbe,0xf7,0xbe,0xf7,0xbe,0xf7,0xbe,0xf7,0xbe,0xf7,
    0xbe,0xf7,0xbe,0xf7,0xbe,0xf7,0xbe,0xf7,0xbe,0xf7,0xbe,0xf7,0xbe,0xf7,0xbe,0xf7,
    0xdf,0xff,0xdf,0xff,0xdf,0xff,0xdf,0xff,0xdf,0xff,0xdf,0xff,0xdf,0xff,0xdf,0xff,
    0xdf,0xff,0xdf,0xff,0xdf,0xff,0xdf,0xff,0xdf,0xff,0xdf,0xff,0xdf,0xff,0xdf,0xff,
    0xdf,0xff,0xdf,0xff,0xdf,0xff,0xdf,0xff,0xdf,0xff,0xdf,0xff,0xdf,0xff,0xdf,0xff,
    0xdf,0xff,0xdf,0xff,0xdf,0xff,0xdf,0xff,0xdf,0xff,0xff,0xff,0x5d,0xef,0x38,0xce,
    0xf3,0xac,0xce,0x83,0xb2,0x9c,0xf7,0xcd,0x95,0xbd,0xca,0x62,0x00,0x00,0x00,0x00,
    0x81,0x10,0x45,0x29,0x86,0x39,0xa6,0x39,0xc7,0x41,0xca,0x62,0xae,0x7b,0x07,0x4a,
    0x2c,0x6b,0x95,0xbd,0x91,0x9c,0x50,0x94,0xf3,0xac,0x51,0x94,0xe7,0x41,0x61,0x10,
    0x61,0x10,0x82,0x18,0x40,0x08,0x00,0x00,0x00,0x00,0x00,0x00,0x00,0x00,0x00,0x00,
    0x41,0x08,0x41,0x08,0x61,0x10,0x86,0x39,0xcf,0x83,0xef,0x83,0x07,0x4a,0xc3,0x20,
    0xe3,0x20,0x44,0x29,0x24,0x29,0xc3,0x18,0x86,0x39,0x17,0xce,0x17,0xce,0x95,0xbd,
    0xef,0x83,0xa6,0x41,0x81,0x10,0x61,0x10,0xe3,0x20,0x65,0x31,0xa6,0x39,0xa6,0x39,
    0xa6,0x31,0x65,0x31,0x65,0x31,0x65,0x31,0x65,0x31,0x65,0x31,0x65,0x31,0x65,0x31,
    0x65,0x31,0x65,0x31,0x65,0x31,0x65,0x31,0x65,0x29,0x65,0x29,0x65,0x29,0x24,0x21,
    0xc7,0x41,0x8e,0x7b,0xaa,0x5a,0xeb,0x62,0x18,0xce,0xdf,0xff,0xbe,0xf7,0x7d,0xf7,
    0x30,0x8c,0x24,0x29,0xc3,0x18,0x29,0x4a,0x6d,0x73,0x2c,0x6b,0x9e,0xff,0x7d,0xef,
    0xd6,0xbd,0x0c,0x6b,0xa6,0x39,0x65,0x31,0xc7,0x41,0x8a,0x5a,0xb2,0x9c,0x7d,0xf7,
    0x3c,0xef,0x9e,0xf7,0xba,0xde,0x2c,0x73,0xa7,0x39,0xe3,0x18,0x44,0x29,0x24,0x29,
    0x24,0x29,0x24,0x29,0x24,0x29,0x24,0x29,0x24,0x29,0x24,0x29,0x24,0x29,0x24,0x29,
    0x24,0x29,0x24,0x21,0x24,0x29,0x24,0x29,0x04,0x21,0x04,0x21,0x04,0x21,0x04,0x21,
    0x24,0x29,0x44,0x29,0x04,0x29,0xa2,0x18,0x41,0x08,0xc3,0x20,0xcb,0x62,0x54,0xb5,
    0x17,0xce,0x3c,0xf7,0xeb,0x62,0x20,0x08,0xa2,0x18,0xe3,0x20,0xa2,0x10,0x40,0x08,
    0x24,0x29,0x0f,0x8c,0xd6,0xc5,0x8d,0x7b,0xe3,0x20,0x20,0x08,0x82,0x10,0x81,0x10,
    0x41,0x08,0x20,0x08,0x00,0x00,0x00,0x00,0x41,0x08,0xa2,0x18,0xc2,0x18,0x81,0x10,
    0x44,0x29,0x69,0x52,0xaa,0x62,0x89,0x5a,0x89,0x5a,0x69,0x5a,0x65,0x31,0x20,0x00,
    0x00,0x00,0x61,0x10,0x81,0x10,0x81,0x10,0x81,0x10,0x81,0x10,0x61,0x10,0x00,0x00,
    0x00,0x00,0x24,0x29,0x69,0x52,0x28,0x4a,0x07,0x4a,0x07,0x4a,0xe7,0x41,0x65,0x31,
    0xd3,0xa4,0xff,0xff,0x9e,0xf7,0x9e,0xf7,0xbe,0xf7,0xbe,0xf7,0x9e,0xf7,0x9e,0xf7,
    0xbe,0xf7,0xbe,0xf7,0xbe,0xf7,0xbe,0xf7,0xbe,0xf7,0xbe,0xf7,0xbe,0xf7,0xbe,0xf7,
    0xbe,0xf7,0xbe,0xf7,0xbe,0xf7,0xbe,0xf7,0xbe,0xf7,0xbe,0xf7,0xbe,0xf7,0xbe,0xf7,
    0xbe,0xf7,0xbe,0xf7,0xbe,0xf7,0xbe,0xf7,0xbe,0xf7,0xbe,0xf7,0xbe,0xf7,0xbe,0xf7,
    0xdf,0xff,0xdf,0xff,0xdf,0xff,0xdf,0xff,0xdf,0xff,0xdf,0xff,0xdf,0xff,0xdf,0xff,
    0xdf,0xff,0xdf,0xff,0xdf,0xff,0xdf,0xff,0xdf,0xff,0xdf,0xff,0xdf,0xff,0xdf,0xff,
    0xdf,0xff,0xdf,0xff,0xdf,0xff,0xdf,0xff,0xdf,0xff,0xdf,0xff,0xdf,0xff,0xdf,0xff,
    0xdf,0xff,0xdf,0xff,0xdf,0xff,0xdf,0xff,0xff,0xff,0x3c,0xef,0x18,0xce,0x14,0xad,
    0xef,0x83,0xb2,0x9c,0xf7,0xcd,0x75,0xbd,0x69,0x52,0x00,0x00,0x00,0x00,0xa2,0x10,
    0x65,0x31,0x85,0x31,0xa6,0x39,0xe7,0x41,0x4c,0x73,0x8d,0x7b,0xe7,0x41,0x50,0x8c,
    0x75,0xbd,0x30,0x94,0x30,0x8c,0xb2,0xa4,0x6d,0x7b,0xe3,0x28,0x41,0x10,0xa2,0x18,
    0x61,0x10,0x20,0x00,0x00,0x00,0x00,0x00,0x00,0x00,0x00,0x00,0x20,0x00,0x40,0x08,
    0x40,0x08,0x44,0x29,0x4c,0x6b,0x34,0xad,0x4c,0x6b,0xc3,0x18,0x04,0x21,0x45,0x29,
    0x04,0x21,0xa2,0x18,0x86,0x39,0x0f,0x8c,0xf7,0xcd,0x13,0xad,0x0b,0x6b,0x24,0x29,
    0x81,0x18,0xc2,0x18,0x24,0x29,0x65,0x31,0x86,0x31,0x86,0x31,0x65,0x31,0x65,0x31,
    0x65,0x31,0x65,0x31,0x65,0x31,0x65,0x31,0x65,0x31,0x65,0x31,0x65,0x31,0x65,0x31,
    0x65,0x31,0x65,0x31,0x65,0x31,0x65,0x31,0x65,0x31,0x65,0x29,0x65,0x31,0xe4,0x20,
    0xeb,0x62,0xaa,0x5a,0xb2,0xa4,0xbe,0xff,0xbe,0xff,0x7d,0xf7,0xbe,0xf7,0x9d,0xf7,
    0x30,0x8c,0x24,0x29,0xe3,0x20,0x8d,0x7b,0xaa,0x62,0x59,0xd6,0xbe,0xf7,0x38,0xce,
    0x8a,0x5a,0x81,0x10,0x61,0x10,0xa2,0x10,0xa2,0x10,0x04,0x21,0xe7,0x41,0xb2,0x9c,
    0x9e,0xff,0x3c,0xef,0xbe,0xff,0x95,0xbd,0x6a,0x5a,0x04,0x21,0x24,0x29,0x24,0x29,
    0x24,0x29,0x44,0x29,0x44,0x29,0x44,0x29,0x24,0x29,0x24,0x29,0x24,0x29,0x24,0x29,
    0x24,0x29,0x24,0x29,0x24,0x29,0x24,0x21,0x04,0x21,0x04,0x21,0x04,0x21,0x04,0x21,
    0x04,0x21,0xe3,0x20,0xe3,0x20,0x24,0x29,0x44,0x29,0x24,0x29,0x82,0x10,0x61,0x10,
    0xe7,0x41,0x51,0x94,0x37,0xce,0x13,0xad,0x08,0x4a,0x41,0x08,0x61,0x10,0xe3,0x20,
    0xc2,0x18,0x41,0x08,0x07,0x4a,0xba,0xde,0xb6,0xbd,0xaa,0x5a,0x61,0x10,0x40,0x08,
    0x82,0x10,0x61,0x08,0x40,0x08,0x20,0x00,0x00,0x00,0x20,0x00,0x81,0x10,0xc3,0x20,
    0x82,0x18,0xa2,0x18,0xe7,0x41,0xaa,0x5a,0x69,0x5a,0x69,0x52,0x69,0x5a,0xc6,0x41,
    0x82,0x10,0x00,0x00,0x61,0x08,0x81,0x10,0x81,0x10,0x61,0x10,0x81,0x10,0x61,0x10,
    0x20,0x00,0x00,0x00,0xe3,0x20,0x49,0x52,0x28,0x4a,0x07,0x4a,0xe7,0x41,0x07,0x4a,
    0x65,0x31,0x92,0x9c,0xff,0xff,0x9e,0xf7,0x9e,0xf7,0x9e,0xf7,0xbe,0xf7,0xbe,0xf7,
    0x9e,0xf7,0xbe,0xf7,0xbe,0xf7,0xbe,0xf7,0xbe,0xf7,0xbe,0xf7,0xbe,0xf7,0xbe,0xf7,
    0xbe,0xf7,0xbe,0xf7,0xbe,0xf7,0xbe,0xf7,0xbe,0xf7,0xbe,0xf7,0xbe,0xf7,0xbe,0xf7,
    0xbe,0xf7,0xbe,0xf7,0xbe,0xf7,0xbe,0xf7,0xbe,0xf7,0xbe,0xf7,0xbe,0xf7,0xbe,0xf7,
    0xdf,0xff,0xdf,0xff,0xdf,0xff,0xdf,0xff,0xdf,0xff,0xdf,0xff,0xdf,0xff,0xdf,0xff,
    0xdf,0xff,0xdf,0xff,0xdf,0xff,0xdf,0xff,0xdf,0xff,0xdf,0xff,0xdf,0xff,0xdf,0xff,
    0xdf,0xff,0xde,0xff,0xdf,0xff,0xdf,0xff,0xdf,0xff,0xdf,0xff,0xdf,0xff,0xdf,0xff,
    0xdf,0xff,0xdf,0xff,0xdf,0xff,0xff,0xff,0x3c,0xef,0xf7,0xc5,0x14,0xad,0x30,0x94,
    0x34,0xad,0x17,0xce,0x75,0xb5,0x48,0x52,0x00,0x00,0x00,0x00,0xa2,0x18,0x65,0x31,
    0x85,0x31,0xa6,0x39,0xe7,0x41,0xae,0x7b,0x2c,0x6b,0x07,0x42,0x54,0xb5,0x55,0xb5,
    0x30,0x8c,0x71,0x9c,0x50,0x94,0x69,0x5a,0x61,0x10,0x61,0x10,0x82,0x18,0x41,0x08,
    0x00,0x00,0x00,0x00,0x00,0x00,0x00,0x00,0x00,0x00,0x41,0x08,0x20,0x00,0xc2,0x18,
    0x0b,0x6b,0xb2,0x9c,0x55,0xad,0x96,0xb5,0xb2,0x9c,0x45,0x29,0x44,0x29,0xe3,0x20,
    0xa6,0x39,0x10,0x8c,0xf7,0xcd,0xf3,0xa4,0x69,0x52,0xe3,0x20,0x82,0x18,0x03,0x21,
    0x85,0x31,0xa6,0x39,0xa6,0x39,0x85,0x31,0x65,0x31,0x65,0x31,0x65,0x31,0x85,0x31,
    0x65,0x31,0x85,0x31,0x85,0x31,0x65,0x31,0x65,0x31,0x65,0x31,0x85,0x31,0x65,0x31,
    0x85,0x31,0x65,0x31,0x65,0x31,0x65,0x31,0x65,0x31,0x65,0x31,0x65,0x31,0x04,0x21,
    0x8a,0x5a,0xeb,0x62,0xfb,0xe6,0x38,0xce,0x7d,0xf7,0x9e,0xf7,0xbe,0xf7,0x9e,0xf7,
    0x51,0x94,0x24,0x21,0x45,0x29,0x6d,0x73,0xef,0x8b,0x9d,0xf7,0x3c,0xef,0x10,0x8c,
    0xa2,0x18,0xc3,0x18,0x45,0x29,0x44,0x29,0x45,0x29,0xc3,0x18,0xc7,0x41,0xeb,0x6a,
    0xba,0xde,0x7d,0xf7,0x7d,0xf7,0xfb,0xe6,0x8e,0x7b,0x65,0x31,0x04,0x21,0x44,0x29,
    0x24,0x29,0x44,0x29,0x44,0x29,0x44,0x29,0x24,0x29,0x24,0x29,0x24,0x29,0x24,0x29,
    0x24,0x29,0x24,0x29,0x24,0x29,0x24,0x29,0x24,0x29,0x04,0x29,0x04,0x21,0x04,0x21,
    0x04,0x21,0x04,0x21,0x04,0x21,0x03,0x21,0xe3,0x20,0x04,0x21,0x44,0x29,0x44,0x29,
    0xa2,0x18,0x41,0x08,0x44,0x29,0xce,0x83,0xd6,0xc5,0x13,0xad,0x28,0x4a,0x82,0x10,
    0xa2,0x18,0x82,0x10,0xce,0x83,0xba,0xde,0x79,0xd6,0x99,0xde,0x34,0xb5,0x49,0x52,
    0x20,0x08,0x41,0x08,0x61,0x10,0x41,0x08,0x40,0x08,0x20,0x00,0x00,0x00,0x41,0x08,
    0xc3,0x18,0xc2,0x18,0x81,0x10,0x65,0x31,0x69,0x52,0x89,0x5a,0x69,0x52,0x69,0x5a,
    0x49,0x52,0x24,0x29,0x00,0x00,0x40,0x08,0x61,0x10,0x61,0x10,0x61,0x10,0x61,0x10,
    0x61,0x10,0x40,0x08,0x00,0x00,0xa2,0x18,0x48,0x52,0x48,0x52,0x07,0x4a,0xe7,0x41,
    0xe7,0x49,0x65,0x31,0x91,0x9c,0xff,0xff,0x9e,0xf7,0x9e,0xf7,0x9e,0xf7,0x9e,0xf7,
    0x9e,0xf7,0x9e,0xf7,0xbe,0xf7,0xbe,0xf7,0xbe,0xf7,0xbe,0xf7,0xbe,0xf7,0xbe,0xf7,
    0xbe,0xf7,0xbe,0xf7,0xbe,0xf7,0xbe,0xf7,0xbe,0xf7,0xbe,0xf7,0xbe,0xf7,0xbe,0xf7,
    0xbe,0xf7,0xbe,0xf7,0xbe,0xf7,0xbe,0xf7,0xbe,0xf7,0xbe,0xf7,0xbe,0xf7,0xbe,0xf7,
    0xdf,0xff,0xdf,0xff,0xdf,0xff,0xdf,0xff,0xdf,0xff,0xdf,0xff,0xdf,0xff,0xdf,0xff,
    0xdf,0xff,0xdf,0xff,0xdf,0xff,0xdf,0xff,0xdf,0xff,0xdf,0xff,0xdf,0xff,0xdf,0xff,
    0xdf,0xff,0xdf,0xff,0xdf,0xff,0xdf,0xff,0xdf,0xff,0xdf,0xff,0xdf,0xff,0xdf,0xff,
    0xdf,0xff,0xdf,0xff,0xff,0xff,0x3c,0xef,0x18,0xce,0xd3,0xa4,0x10,0x8c,0x55,0xb5,
    0x18,0xce,0x34,0xad,0xe7,0x41,0x00,0x00,0x20,0x00,0xe3,0x20,0x65,0x31,0x85,0x31,
    0xa6,0x39,0x08,0x4a,0xae,0x7b,0x8a,0x5a,0x8a,0x5a,0xd7,0xc5,0x14,0xad,0x51,0x94,
    0xb2,0xa4,0xef,0x8b,0xa6,0x41,0x20,0x08,0x61,0x10,0x61,0x10,0x20,0x00,0x00,0x00,
    0x00,0x00,0x00,0x00,0x00,0x00,0x41,0x08,0x40,0x08,0x40,0x08,0x48,0x52,0x30,0x94,
    0x10,0x8c,0x55,0xb5,0x75,0xb5,0xb6,0xbd,0x58,0xce,0x6d,0x73,0x45,0x31,0x51,0x94,
    0x18,0xce,0xf3,0xa4,0x28,0x4a,0x82,0x10,0x82,0x18,0x24,0x29,0x85,0x31,0xa6,0x39,
    0xa6,0x31,0x85,0x31,0x65,0x31,0x65,0x31,0x85,0x31,0x85,0x31,0x85,0x31,0x85,0x31,
    0x85,0x31,0x85,0x31,0x85,0x31,0x85,0x31,0x85,0x31,0x85,0x31,0x85,0x31,0x85,0x31,
    0x85,0x31,0x85,0x31,0x85,0x31,0x65,0x31,0x65,0x31,0x65,0x31,0x65,0x31,0x04,0x21,
    0x0c,0x63,0x8e,0x7b,0x2c,0x73,0x8a,0x5a,0x1c,0xef,0xbe,0xf7,0xbe,0xf7,0x9e,0xf7,
    0x71,0x94,0x04,0x21,0x65,0x31,0x0b,0x6b,0xb2,0x9c,0xdf,0xff,0xba,0xde,0xcb,0x62,
    0xa2,0x10,0x45,0x29,0x24,0x29,0x24,0x29,0x24,0x29,0x24,0x29,0xa6,0x39,0xeb,0x6a,
    0x96,0xbd,0xbe,0xff,0x5d,0xf7,0x7d,0xf7,0x51,0x94,0x86,0x39,0xe3,0x20,0x44,0x29,
    0x24,0x29,0x24,0x29,0x44,0x29,0x24,0x29,0x24,0x29,0x24,0x29,0x24,0x29,0x24,0x29,
    0x24,0x29,0x24,0x29,0x24,0x29,0x24,0x29,0x24,0x29,0x24,0x29,0x24,0x21,0x24,0x29,
    0x04,0x21,0x24,0x29,0x24,0x21,0x24,0x29,0x24,0x21,0x03,0x21,0xe3,0x20,0xe3,0x20,
    0x24,0x29,0x24,0x29,0xc2,0x18,0x00,0x00,0xa2,0x18,0x6d,0x7b,0xf7,0xcd,0x75,0xbd,
    0x07,0x4a,0xc7,0x41,0xda,0xe6,0x99,0xde,0x58,0xd6,0x79,0xde,0x75,0xbd,0x95,0xbd,
    0xd2,0xa4,0xe3,0x20,0x00,0x00,0x82,0x10,0x61,0x10,0x41,0x08,0x21,0x08,0x00,0x00,
    0x20,0x00,0x82,0x10,0xc2,0x18,0x81,0x10,0xe3,0x20,0x28,0x4a,0x8a,0x5a,0x69,0x52,
    0x89,0x5a,0x8a,0x5a,0x65,0x31,0x20,0x08,0x20,0x08,0x61,0x10,0x61,0x10,0x61,0x10,
    0x61,0x10,0x61,0x10,0x41,0x08,0x00,0x00,0xa2,0x18,0x49,0x52,0x48,0x52,0xe7,0x41,
    0xe7,0x41,0xe7,0x49,0x24,0x31,0x51,0x94,0xff,0xff,0x9d,0xf7,0x9e,0xf7,0x9e,0xf7,
    0x9e,0xf7,0x9e,0xf7,0xbe,0xf7,0x9e,0xf7,0x9e,0xf7,0xbe,0xf7,0xbe,0xf7,0xbe,0xf7,
    0xbe,0xf7,0xbe,0xf7,0xbe,0xf7,0xbe,0xf7,0xbe,0xf7,0xbe,0xf7,0xbe,0xf7,0xbe,0xf7,
    0xbe,0xf7,0xbe,0xf7,0xbe,0xf7,0xbe,0xf7,0xbe,0xf7,0xbe,0xf7,0xbe,0xf7,0xbe,0xf7,
    0xdf,0xff,0xdf,0xff,0xdf,0xff,0xff,0xff,0xdf,0xff,0xdf,0xff,0xdf,0xff,0xdf,0xff,
    0xdf,0xff,0xdf,0xff,0xdf,0xff,0xdf,0xff,0xdf,0xff,0xdf,0xff,0xdf,0xff,0xdf,0xff,
    0xdf,0xff,0xdf,0xff,0xdf,0xff,0xdf,0xff,0xdf,0xff,0xdf,0xff,0xdf,0xff,0xdf,0xff,
    0xdf,0xff,0xff,0xff,0x3c,0xef,0xf8,0xcd,0xb2,0xa4,0xcf,0x83,0x34,0xb5,0x17,0xce,
    0xf3,0xac,0x65,0x31,0x00,0x00,0x20,0x00,0x03,0x21,0x65,0x31,0x85,0x31,0xa6,0x39,
    0x48,0x52,0x8e,0x7b,0x07,0x4a,0x2c,0x6b,0xd6,0xc5,0xb2,0x9c,0x71,0x94,0xf3,0xa4,
    0x4d,0x73,0xc3,0x20,0x20,0x08,0x81,0x10,0x41,0x08,0x00,0x00,0x00,0x00,0x00,0x00,
    0x00,0x00,0x20,0x00,0x61,0x08,0x40,0x08,0x04,0x29,0xae,0x83,0x30,0x8c,0xa6,0x39,
    0x82,0x18,0xb2,0x9c,0xf7,0xc5,0xb6,0xbd,0xf7,0xc5,0x17,0xce,0xf7,0xc5,0x54,0xb5,
    0x69,0x52,0xa2,0x18,0x82,0x18,0x04,0x21,0x65,0x31,0xa6,0x39,0x86,0x31,0x85,0x31,
    0x65,0x31,0x85,0x31,0x86,0x31,0x85,0x31,0x86,0x31,0x86,0x31,0x85,0x31,0x85,0x31,
    0x85,0x31,0x86,0x31,0x86,0x31,0x86,0x31,0x85,0x31,0x85,0x31,0x85,0x31,0x85,0x31,
    0x85,0x31,0x85,0x31,0x85,0x31,0x85,0x31,0x65,0x31,0x65,0x31,0x65,0x31,0x45,0x29,
    0xa6,0x39,0xe3,0x20,0xc7,0x41,0xcb,0x62,0xba,0xde,0xbe,0xff,0xbe,0xf7,0x9d,0xf7,
    0x71,0x94,0x24,0x21,0x65,0x31,0xaa,0x62,0xb2,0x9c,0xff,0xff,0x58,0xd6,0xab,0x62,
    0xa2,0x18,0x04,0x21,0x24,0x29,0x24,0x29,0x24,0x29,0x04,0x21,0xe7,0x41,0x0c,0x6b,
    0x34,0xad,0xff,0xff,0x5d,0xef,0x9d,0xf7,0xd3,0xa4,0x65,0x31,0xe3,0x18,0x44,0x29,
    0x24,0x29,0x44,0x29,0x44,0x29,0x44,0x29,0x44,0x29,0x24,0x29,0x24,0x29,0x24,0x29,
    0x24,0x29,0x24,0x29,0x24,0x29,0x24,0x29,0x24,0x29,0x24,0x29,0x24,0x29,0x24,0x29,
    0x24,0x29,0x24,0x21,0x24,0x29,0x24,0x21,0x24,0x21,0x04,0x21,0x04,0x21,0x04,0x21,
    0xe3,0x20,0xe3,0x20,0x04,0x21,0x24,0x29,0xc3,0x18,0x20,0x08,0xe3,0x20,0xcf,0x83,
    0x17,0xce,0x79,0xde,0xda,0xe6,0x79,0xd6,0x99,0xde,0x99,0xde,0x65,0x31,0x82,0x10,
    0x30,0x8c,0xf7,0xcd,0xeb,0x62,0x40,0x08,0x61,0x08,0x82,0x10,0x61,0x08,0x41,0x08,
    0x20,0x00,0x00,0x00,0x41,0x08,0xa2,0x18,0x82,0x10,0xa2,0x18,0xe7,0x41,0xaa,0x62,
    0x89,0x5a,0x69,0x5a,0x89,0x5a,0xa6,0x39,0x41,0x08,0x20,0x00,0x61,0x10,0x61,0x10,
    0x61,0x10,0x61,0x10,0x61,0x10,0x41,0x08,0x00,0x00,0x82,0x10,0x28,0x4a,0x28,0x52,
    0xe7,0x41,0xc6,0x41,0xc6,0x41,0x04,0x29,0x71,0x94,0xff,0xff,0x9d,0xf7,0x9e,0xf7,
    0x9e,0xf7,0x9e,0xf7,0x9e,0xf7,0x9e,0xf7,0x9e,0xf7,0x9e,0xf7,0x9e,0xf7,0xbe,0xf7,
    0xbe,0xf7,0xbe,0xf7,0xbe,0xf7,0xbe,0xf7,0xbe,0xf7,0xbe,0xf7,0xbe,0xf7,0xbe,0xf7,
    0xbe,0xf7,0xbe,0xf7,0xbe,0xf7,0xbe,0xf7,0xbe,0xf7,0xbe,0xf7,0xbe,0xf7,0xbe,0xf7,
    0xdf,0xff,0xdf,0xff,0xdf,0xff,0xdf,0xff,0xdf,0xff,0xdf,0xff,0xdf,0xff,0xdf,0xff,
    0xdf,0xff,0xdf,0xff,0xdf,0xff,0xdf,0xff,0xdf,0xff,0xdf,0xff,0xdf,0xff,0xdf,0xff,
    0xdf,0xff,0xdf,0xff,0xdf,0xff,0xdf,0xff,0xdf,0xff,0xdf,0xff,0xdf,0xff,0xdf,0xff,
    0xff,0xff,0x3c,0xef,0xf7,0xc5,0xd3,0xa4,0xce,0x83,0xf3,0xac,0xf7,0xcd,0xd2,0xa4,
    0x45,0x31,0x00,0x00,0x41,0x08,0x04,0x29,0x65,0x31,0x85,0x39,0xa6,0x39,0x69,0x52,
    0x8d,0x7b,0xc7,0x41,0x0f,0x84,0xb6,0xbd,0x50,0x94,0x71,0x9c,0x71,0x9c,0xaa,0x62,
    0x81,0x18,0x61,0x10,0x81,0x10,0x20,0x08,0x00,0x00,0x00,0x00,0x00,0x00,0x00,0x00,
    0x41,0x08,0x61,0x08,0x61,0x10,0xaa,0x5a,0xb2,0x9c,0xcb,0x62,0xc3,0x18,0xc3,0x18,
    0xc3,0x18,0x08,0x42,0xb6,0xbd,0xf7,0xc5,0x38,0xce,0x14,0xad,0xaa,0x5a,0xe3,0x20,
    0xe3,0x20,0x44,0x29,0x65,0x31,0x86,0x31,0x86,0x31,0x85,0x31,0x65,0x31,0x85,0x31,
    0x85,0x31,0x85,0x31,0x86,0x31,0x86,0x31,0x86,0x31,0x86,0x31,0x86,0x31,0x86,0x31,
    0x85,0x31,0x86,0x31,0x86,0x31,0x85,0x31,0x85,0x31,0x85,0x31,0x85,0x31,0x86,0x31,
    0x85,0x31,0x85,0x31,0x65,0x31,0x65,0x31,0x85,0x31,0x65,0x31,0x65,0x31,0x65,0x31,
    0x04,0x21,0x61,0x08,0x28,0x4a,0x0c,0x6b,0xba,0xde,0xbe,0xff,0x9e,0xf7,0x7d,0xf7,
    0x51,0x94,0x45,0x29,0x24,0x29,0xaa,0x62,0x51,0x94,0xff,0xff,0xba,0xde,0x4d,0x73,
    0x45,0x31,0xc3,0x18,0x24,0x29,0x24,0x29,0x44,0x29,0xe3,0x20,0x8a,0x5a,0xcb,0x62,
    0xf7,0xc5,0xdf,0xff,0x7d,0xf7,0x9e,0xf7,0xd3,0xa4,0x24,0x29,0xe3,0x18,0x44,0x29,
    0x24,0x29,0x44,0x29,0x44,0x29,0x44,0x29,0x44,0x29,0x44,0x29,0x24,0x29,0x24,0x29,
    0x24,0x29,0x24,0x29,0x24,0x29,0x24,0x29,0x24,0x29,0x24,0x29,0x24,0x29,0x24,0x29,
    0x24,0x29,0x24,0x29,0x24,0x21,0x24,0x21,0x24,0x21,0x24,0x21,0x04,0x21,0x04,0x21,
    0x04,0x21,0x04,0x21,0xe3,0x20,0xe3,0x18,0x04,0x21,0x45,0x31,0x03,0x21,0x41,0x10,
    0x24,0x29,0xef,0x83,0x58,0xd6,0xda,0xe6,0xda,0xe6,0x8e,0x7b,0x41,0x08,0xc2,0x18,
    0x20,0x00,0xc6,0x39,0x75,0xbd,0x34,0xb5,0x85,0x31,0x20,0x08,0x82,0x10,0x61,0x10,
    0x41,0x08,0x20,0x00,0x00,0x00,0x20,0x00,0x82,0x10,0xa2,0x18,0x81,0x10,0x65,0x31,
    0x8a,0x5a,0x8a,0x5a,0x69,0x52,0x49,0x52,0xc7,0x41,0x61,0x10,0x00,0x00,0x61,0x08,
    0x61,0x10,0x61,0x10,0x61,0x10,0x61,0x10,0x41,0x08,0x00,0x00,0x61,0x10,0x07,0x4a,
    0x28,0x52,0xc7,0x41,0xa6,0x39,0xc6,0x41,0x24,0x29,0x92,0x9c,0xff,0xff,0x9d,0xf7,
    0x9e,0xf7,0x9e,0xf7,0x9e,0xf7,0x9e,0xf7,0x9e,0xf7,0x9e,0xf7,0x9e,0xf7,0x9e,0xf7,
    0xbe,0xf7,0xbe,0xf7,0xbe,0xf7,0xbe,0xf7,0xbe,0xf7,0xbe,0xf7,0xbe,0xf7,0xbe,0xf7,
    0xbe,0xf7,0xbe,0xf7,0xbe,0xf7,0xbe,0xf7,0xbe,0xf7,0xbe,0xf7,0xbe,0xf7,0xbe,0xf7,
    0xdf,0xff,0xdf,0xff,0xdf,0xff,0xdf,0xff,0xdf,0xff,0xdf,0xff,0xdf,0xff,0xdf,0xff,
    0xdf,0xff,0xdf,0xff,0xdf,0xff,0xdf,0xff,0xdf,0xff,0xdf,0xff,0xdf,0xff,0xdf,0xff,
    0xff,0xff,0xdf,0xff,0xdf,0xff,0xdf,0xff,0xdf,0xff,0xdf,0xff,0xdf,0xff,0xff,0xff,
    0x5c,0xef,0xf7,0xc5,0xf3,0xac,0x0f,0x8c,0x13,0xad,0xf7,0xc5,0xb2,0xa4,0x24,0x29,
    0x00,0x00,0x41,0x08,0x24,0x29,0x85,0x31,0xa6,0x39,0xa6,0x41,0xaa,0x62,0x8e,0x7b,
    0x07,0x4a,0x71,0x94,0x75,0xbd,0x30,0x94,0x92,0x9c,0x30,0x94,0xc7,0x41,0x40,0x10,
    0x81,0x10,0x61,0x10,0x00,0x00,0x00,0x00,0x00,0x00,0x00,0x00,0x00,0x00,0x41,0x08,
    0x20,0x08,0x24,0x29,0x0f,0x8c,0x50,0x94,0xa6,0x39,0xc3,0x18,0x24,0x29,0x24,0x21,
    0x82,0x10,0xe7,0x41,0xf7,0xcd,0x75,0xb5,0xcb,0x62,0xe3,0x20,0xc2,0x18,0x65,0x31,
    0xa6,0x39,0xa6,0x39,0x86,0x31,0x85,0x31,0x65,0x31,0x85,0x31,0x86,0x31,0x85,0x31,
    0x86,0x31,0x86,0x31,0x86,0x31,0x86,0x31,0x86,0x31,0x86,0x31,0x86,0x31,0x86,0x31,
    0x86,0x31,0x86,0x31,0x86,0x31,0x85,0x31,0x85,0x31,0x86,0x31,0x86,0x31,0x86,0x31,
    0x86,0x31,0x85,0x31,0x86,0x31,0x65,0x31,0x66,0x31,0x65,0x31,0x65,0x31,0x65,0x31,
    0x85,0x31,0x24,0x29,0x8a,0x5a,0x0c,0x6b,0xba,0xde,0xbe,0xff,0x9e,0xf7,0x5d,0xef,
    0x51,0x8c,0x45,0x29,0x04,0x21,0x28,0x4a,0x8e,0x7b,0x7d,0xf7,0x9e,0xff,0x71,0x9c,
    0xaa,0x5a,0xe3,0x20,0x04,0x29,0x24,0x29,0x04,0x21,0x24,0x29,0x6d,0x7b,0xca,0x62,
    0x5d,0xef,0x9e,0xf7,0x9e,0xf7,0x9d,0xf7,0x51,0x94,0xe3,0x20,0x04,0x21,0x24,0x29,
    0x24,0x29,0x44,0x29,0x44,0x29,0x44,0x29,0x24,0x29,0x24,0x29,0x24,0x29,0x24,0x29,
    0x24,0x29,0x24,0x29,0x24,0x29,0x24,0x29,0x24,0x29,0x24,0x29,0x24,0x29,0x24,0x29,
    0x24,0x29,0x24,0x29,0x24,0x29,0x24,0x29,0x24,0x21,0x24,0x21,0x04,0x21,0x04,0x21,
    0x04,0x21,0x03,0x21,0x03,0x21,0x04,0x21,0xe3,0x20,0xe3,0x20,0x04,0x29,0x45,0x31,
    0xe3,0x20,0x41,0x08,0x45,0x31,0x71,0x94,0x1b,0xef,0xae,0x83,0x41,0x08,0x82,0x10,
    0xe3,0x20,0x61,0x10,0x82,0x10,0xae,0x7b,0x58,0xd6,0x6d,0x73,0x41,0x08,0x41,0x08,
    0x61,0x10,0x41,0x08,0x20,0x08,0x20,0x00,0x00,0x00,0x81,0x10,0xc2,0x20,0x61,0x10,
    0x04,0x29,0x69,0x5a,0x8a,0x5a,0x49,0x52,0x69,0x52,0x28,0x4a,0xa2,0x18,0x00,0x00,
    0x41,0x08,0x61,0x10,0x61,0x10,0x61,0x10,0x61,0x10,0x41,0x08,0x00,0x00,0x41,0x08,
    0xe7,0x41,0x08,0x4a,0xc7,0x41,0xc6,0x39,0xa6,0x39,0x04,0x29,0xf3,0xa4,0xff,0xff,
    0x7d,0xf7,0x9e,0xf7,0x9e,0xf7,0x9e,0xf7,0x9e,0xf7,0x9e,0xf7,0x9e,0xf7,0x9e,0xf7,
    0x9e,0xf7,0x9e,0xf7,0xbe,0xf7,0xbe,0xf7,0xbe,0xf7,0xbe,0xf7,0xbe,0xf7,0xbe,0xf7,
    0xbe,0xf7,0xbe,0xf7,0xbe,0xf7,0xbe,0xf7,0xbe,0xf7,0xbe,0xf7,0xbe,0xf7,0xbe,0xf7,
    0xdf,0xff,0xdf,0xff,0xdf,0xff,0xdf,0xff,0xdf,0xff,0xdf,0xff,0xdf,0xff,0xdf,0xff,
    0xdf,0xff,0xdf,0xff,0xdf,0xff,0xdf,0xff,0xdf,0xff,0xdf,0xff,0xdf,0xff,0xdf,0xff,
    0xdf,0xff,0xdf,0xff,0xdf,0xff,0xdf,0xff,0xdf,0xff,0xdf,0xff,0xff,0xff,0x7d,0xef,
    0x38,0xce,0xf3,0xac,0x0f,0x8c,0x34,0xad,0xf7,0xcd,0xb2,0xa4,0x24,0x29,0x00,0x00,
    0x41,0x08,0x24,0x29,0x85,0x31,0x86,0x39,0xc6,0x41,0x2c,0x6b,0x8d,0x7b,0x07,0x4a,
    0x13,0xad,0x54,0xb5,0x30,0x94,0xb2,0xa4,0x0f,0x8c,0x65,0x31,0x20,0x08,0x81,0x18,
    0x61,0x10,0x00,0x00,0x00,0x00,0x00,0x00,0x00,0x00,0x20,0x00,0x41,0x08,0x20,0x08,
    0x28,0x4a,0x71,0x9c,0x0b,0x6b,0xe3,0x20,0x04,0x21,0x65,0x31,0xe3,0x20,0x04,0x21,
    0xae,0x83,0x18,0xce,0xae,0x83,0x04,0x29,0x81,0x18,0x24,0x29,0x86,0x39,0xa6,0x39,
    0x86,0x31,0x86,0x31,0x86,0x31,0x85,0x31,0x86,0x31,0x86,0x31,0x86,0x31,0x86,0x31,
    0x86,0x31,0x86,0x31,0x86,0x31,0x86,0x31,0x86,0x31,0x86,0x31,0x86,0x31,0x86,0x31,
    0x86,0x31,0x86,0x31,0x86,0x31,0x85,0x31,0x86,0x31,0x86,0x31,0x86,0x31,0x86,0x31,
    0x86,0x31,0x86,0x31,0x86,0x31,0x66,0x31,0x65,0x31,0x65,0x31,0x65,0x31,0x65,0x31,
    0x65,0x31,0x24,0x29,0xaa,0x5a,0x0c,0x6b,0xba,0xde,0xbe,0xf7,0x9d,0xf7,0x5d,0xef,
    0x51,0x8c,0x45,0x29,0x25,0x29,0x65,0x31,0xcb,0x62,0x75,0xb5,0xff,0xff,0x58,0xd6,
    0x0c,0x6b,0xc3,0x18,0x04,0x21,0x44,0x29,0xc2,0x18,0x4c,0x73,0x69,0x5a,0xf3,0xa4,
    0xdf,0xff,0x7d,0xf7,0xbe,0xff,0xfb,0xe6,0x0c,0x6b,0xa2,0x18,0x24,0x29,0x24,0x29,
    0x24,0x29,0x44,0x29,0x44,0x29,0x44,0x29,0x24,0x29,0x24,0x29,0x24,0x29,0x24,0x29,
    0x24,0x29,0x24,0x29,0x24,0x29,0x24,0x29,0x24,0x29,0x24,0x29,0x24,0x29,0x24,0x29,
    0x24,0x29,0x24,0x21,0x24,0x21,0x24,0x29,0x24,0x21,0x04,0x21,0x04,0x21,0x04,0x21,
    0x04,0x21,0x04,0x21,0x04,0x21,0x04,0x21,0x04,0x21,0x04,0x21,0xe3,0x20,0xe3,0x20,
    0x04,0x29,0x44,0x29,0xa2,0x18,0x20,0x08,0x28,0x4a,0xf7,0xc5,0x95,0xbd,0x86,0x39,
    0x41,0x08,0xe3,0x20,0xe3,0x20,0x20,0x08,0xe7,0x41,0xb6,0xbd,0xd2,0xa4,0x04,0x21,
    0x00,0x00,0x82,0x10,0x61,0x08,0x41,0x08,0x20,0x00,0x20,0x00,0x61,0x10,0xe3,0x20,
    0xa2,0x18,0xe3,0x20,0x28,0x52,0x8a,0x5a,0x69,0x52,0x89,0x5a,0x48,0x52,0xc3,0x18,
    0x00,0x00,0x41,0x08,0x61,0x10,0x61,0x10,0x61,0x10,0x61,0x10,0x61,0x10,0x00,0x00,
    0x61,0x08,0x07,0x4a,0x28,0x4a,0xe7,0x41,0xc6,0x41,0xa6,0x39,0x24,0x29,0x55,0xb5,
    0xff,0xff,0x7d,0xef,0x9e,0xf7,0x9e,0xf7,0x9e,0xf7,0x9e,0xf7,0x9e,0xf7,0x9e,0xf7,
    0x9e,0xf7,0xbe,0xf7,0xbe,0xf7,0xbe,0xf7,0xbe,0xf7,0xbe,0xf7,0xbe,0xf7,0xbe,0xf7,
    0xbe,0xf7,0xbe,0xf7,0xbe,0xf7,0xbe,0xf7,0xbe,0xf7,0xbe,0xf7,0xbe,0xf7,0xbe,0xf7,
    0xdf,0xff,0xdf,0xff,0xdf,0xff,0xdf,0xff,0xdf,0xff,0xdf,0xff,0xdf,0xff,0xdf,0xff,
    0xdf,0xff,0xdf,0xff,0xdf,0xff,0xdf,0xff,0xdf,0xff,0xdf,0xff,0xdf,0xff,0xdf,0xff,
    0xdf,0xff,0xdf,0xff,0xdf,0xff,0xdf,0xff,0xdf,0xff,0xff,0xff,0x7d,0xf7,0x38,0xce,
    0x14,0xad,0xef,0x83,0x34,0xad,0x38,0xce,0xd2,0xa4,0x04,0x29,0x00,0x00,0x41,0x08,
    0x04,0x29,0x65,0x31,0x86,0x39,0xc6,0x41,0x2c,0x73,0x4c,0x73,0x28,0x4a,0x54,0xb5,
    0x14,0xad,0x71,0x9c,0xb2,0xa4,0x8d,0x7b,0xc3,0x20,0x20,0x08,0x61,0x18,0x41,0x08,
    0x00,0x00,0x00,0x00,0x00,0x00,0x00,0x00,0x41,0x08,0x20,0x08,0xa2,0x18,0x4c,0x73,
    0x95,0xbd,0xce,0x83,0x61,0x10,0x45,0x29,0x45,0x29,0xc3,0x20,0x69,0x52,0xb6,0xc5,
    0x55,0xb5,0xe7,0x41,0x81,0x10,0xe3,0x20,0x65,0x31,0xa6,0x39,0x86,0x31,0x86,0x31,
    0x85,0x31,0x86,0x31,0x86,0x31,0x86,0x31,0x86,0x31,0x86,0x31,0x86,0x31,0x86,0x31,
    0x86,0x31,0x86,0x31,0x86,0x31,0x86,0x31,0x86,0x31,0x86,0x31,0x86,0x31,0x86,0x31,
    0x86,0x31,0x86,0x31,0x86,0x31,0x86,0x31,0x86,0x31,0x86,0x31,0x86,0x31,0x86,0x31,
    0x86,0x31,0x85,0x31,0x86,0x31,0x65,0x31,0x65,0x31,0x65,0x31,0x65,0x31,0x65,0x31,
    0x65,0x31,0x24,0x29,0x8a,0x5a,0xeb,0x62,0x9a,0xde,0xbe,0xff,0x9e,0xf7,0x5c,0xef,
    0x10,0x84,0x45,0x29,0x45,0x31,0x24,0x29,0xa6,0x39,0x2c,0x73,0xd7,0xc5,0x51,0x94,
    0xc3,0x18,0x61,0x10,0x24,0x29,0xc3,0x18,0x28,0x4a,0x2c,0x73,0xcb,0x62,0x7d,0xf7,
    0x7d,0xf7,0x9e,0xf7,0xbe,0xff,0x75,0xb5,0x86,0x31,0xc3,0x18,0x45,0x29,0x24,0x29,
    0x24,0x29,0x44,0x29,0x44,0x29,0x44,0x29,0x24,0x29,0x24,0x29,0x24,0x29,0x24,0x29,
    0x24,0x29,0x24,0x29,0x24,0x29,0x24,0x29,0x24,0x29,0x24,0x29,0x24,0x29,0x24,0x29,
    0x24,0x29,0x24,0x29,0x24,0x21,0x24,0x29,0x24,0x21,0x24,0x21,0x04,0x21,0x04,0x21,
    0x04,0x21,0x04,0x21,0x04,0x21,0x04,0x21,0x04,0x21,0x03,0x21,0x04,0x21,0x04,0x21,
    0xe3,0x20,0xe3,0x20,0x24,0x29,0x24,0x29,0x61,0x10,0x81,0x10,0xcf,0x83,0x79,0xde,
    0xef,0x83,0xa2,0x18,0x82,0x10,0x04,0x29,0x00,0x00,0x69,0x52,0xba,0xe6,0x95,0xc5,
    0x49,0x52,0x00,0x00,0x82,0x10,0x81,0x10,0x41,0x08,0x41,0x08,0x00,0x00,0x41,0x08,
    0xc3,0x20,0xa2,0x18,0xa2,0x18,0xe7,0x41,0x89,0x5a,0x69,0x52,0x69,0x52,0x28,0x52,
    0xe3,0x20,0x00,0x00,0x41,0x08,0x61,0x10,0x61,0x10,0x61,0x10,0x61,0x10,0x41,0x08,
    0x00,0x00,0x61,0x10,0x07,0x4a,0x07,0x4a,0xe7,0x41,0xc6,0x41,0x86,0x39,0x24,0x31,
    0xd6,0xbd,0xff,0xff,0x7d,0xef,0x9e,0xf7,0x9e,0xf7,0x9e,0xf7,0x9e,0xf7,0x9e,0xf7,
    0x9e,0xf7,0x9e,0xf7,0x9e,0xf7,0x9e,0xf7,0xbe,0xf7,0xbe,0xf7,0xbe,0xf7,0xbe,0xf7,
    0xbe,0xf7,0xbe,0xf7,0xbe,0xf7,0xbe,0xf7,0xbe,0xf7,0xbe,0xf7,0xbe,0xf7,0xbe,0xf7,
    0xdf,0xff,0xdf,0xff,0xdf,0xff,0xdf,0xff,0xdf,0xff,0xdf,0xff,0xdf,0xff,0xdf,0xff,
    0xdf,0xff,0xdf,0xff,0xdf,0xff,0xdf,0xff,0xdf,0xff,0xdf,0xff,0xdf,0xff,0xdf,0xff,
    0xdf,0xff,0xdf,0xff,0xdf,0xff,0xdf,0xff,0xff,0xff,0xbe,0xf7,0x38,0xce,0x14,0xad,
    0xce,0x83,0xf3,0xa4,0x38,0xce,0x34,0xb5,0x65,0x31,0x00,0x00,0x41,0x08,0x04,0x29,
    0x65,0x31,0x85,0x31,0xa6,0x39,0x2c,0x6b,0x0b,0x6b,0x28,0x4a,0xb6,0xbd,0xf3,0xac,
    0x92,0x9c,0xf3,0xac,0x2c,0x6b,0x61,0x10,0x20,0x08,0x61,0x10,0x20,0x00,0x00,0x00,
    0x00,0x00,0x00,0x00,0x00,0x00,0x61,0x08,0x40,0x08,0x86,0x39,0x71,0x9c,0x0b,0x6b,
    0xe7,0x41,0xd6,0xc5,0x89,0x5a,0xa2,0x10,0x24,0x29,0x51,0x94,0x79,0xd6,0x8d,0x7b,
    0xc3,0x20,0xa2,0x18,0x44,0x29,0x86,0x31,0x86,0x31,0x86,0x31,0x85,0x31,0x86,0x31,
    0x86,0x31,0x86,0x31,0x86,0x31,0x86,0x31,0x86,0x31,0x86,0x31,0x86,0x31,0x86,0x31,
    0x86,0x31,0x86,0x31,0x86,0x31,0x86,0x31,0x86,0x31,0x86,0x31,0x86,0x31,0x86,0x31,
    0x86,0x31,0x86,0x31,0x86,0x31,0x86,0x31,0x86,0x31,0x86,0x31,0x86,0x31,0x86,0x31,
    0x86,0x31,0x86,0x31,0x86,0x31,0x65,0x31,0x65,0x31,0x65,0x31,0x65,0x31,0x65,0x31,
    0x65,0x31,0x24,0x29,0x6a,0x52,0xeb,0x6a,0x9a,0xde,0xbe,0xff,0x9e,0xf7,0x5c,0xef,
    0xcf,0x83,0x24,0x29,0x24,0x29,0x65,0x31,0xe3,0x20,0x24,0x29,0x89,0x5a,0x04,0x29,
    0x61,0x10,0x24,0x29,0x03,0x21,0x65,0x31,0x8d,0x7b,0x28,0x52,0x9a,0xde,0x9d,0xf7,
    0x7d,0xf7,0xbe,0xf7,0xba,0xde,0x2c,0x6b,0x82,0x10,0x44,0x29,0x44,0x29,0x24,0x29,
    0x44,0x29,0x44,0x29,0x44,0x29,0x44,0x29,0x24,0x29,0x24,0x29,0x24,0x29,0x24,0x29,
    0x24,0x29,0x24,0x29,0x24,0x29,0x24,0x29,0x24,0x29,0x44,0x29,0x44,0x29,0x24,0x29,
    0x24,0x29,0x24,0x29,0x24,0x21,0x24,0x21,0x24,0x21,0x24,0x21,0x04,0x21,0x04,0x21,
    0x04,0x21,0x04,0x21,0x04,0x21,0x04,0x21,0x04,0x21,0x04,0x21,0x04,0x21,0x03,0x21,
    0x03,0x21,0x03,0x21,0xe3,0x20,0xe3,0x20,0x24,0x29,0xe3,0x20,0x20,0x08,0xa6,0x39,
    0xd6,0xc5,0xf7,0xcd,0xe7,0x49,0x00,0x00,0x44,0x29,0x99,0xde,0xeb,0x62,0x65,0x31,
    0xd6,0xc5,0xce,0x83,0x41,0x08,0x61,0x10,0x82,0x10,0x61,0x08,0x41,0x08,0x00,0x00,
    0x20,0x00,0xa2,0x18,0xa2,0x18,0x61,0x10,0xa6,0x39,0x89,0x5a,0x48,0x52,0x28,0x52,
    0x28,0x52,0xe3,0x20,0x00,0x00,0x41,0x08,0x61,0x08,0x61,0x10,0x61,0x10,0x61,0x10,
    0x41,0x08,0x00,0x00,0x61,0x10,0x07,0x4a,0x07,0x4a,0xe7,0x41,0xa6,0x39,0x65,0x39,
    0x65,0x39,0x59,0xce,0xdf,0xff,0x7d,0xf7,0x9e,0xf7,0x9e,0xf7,0x9e,0xf7,0x9e,0xf7,
    0x9e,0xf7,0x9e,0xf7,0x9e,0xf7,0x9e,0xf7,0x9e,0xf7,0xbe,0xf7,0xbe,0xf7,0xbe,0xf7,
    0xbe,0xf7,0xbe,0xf7,0xbe,0xf7,0xbe,0xf7,0xbe,0xf7,0xbe,0xf7,0xbe,0xf7,0xbe,0xf7,
    0xdf,0xff,0xdf,0xff,0xdf,0xff,0xdf,0xff,0xdf,0xff,0xdf,0xff,0xdf,0xff,0xdf,0xff,
    0xdf,0xff,0xdf,0xff,0xdf,0xff,0xdf,0xff,0xdf,0xff,0xdf,0xff,0xdf,0xff,0xdf,0xff,
    0xdf,0xff,0xdf,0xff,0xdf,0xff,0xff,0xff,0xdf,0xff,0x59,0xd6,0x54,0xb5,0xef,0x8b,
    0xb2,0xa4,0xf7,0xcd,0x54,0xb5,0xc6,0x41,0x00,0x00,0x41,0x08,0x24,0x29,0x65,0x31,
    0x85,0x31,0xa6,0x39,0x2c,0x6b,0xeb,0x62,0x28,0x4a,0xb6,0xbd,0xd3,0xa4,0x91,0x9c,
    0xf3,0xac,0x0b,0x6b,0x61,0x10,0x61,0x10,0x61,0x10,0x00,0x00,0x00,0x00,0x00,0x00,
    0x00,0x00,0x20,0x00,0x61,0x08,0x61,0x10,0xaa,0x5a,0xd2,0xa4,0x48,0x4a,0xa2,0x18,
    0xa2,0x18,0x6d,0x73,0x96,0xbd,0x8a,0x5a,0xb6,0xc5,0x95,0xbd,0xc7,0x41,0x82,0x18,
    0x24,0x29,0x85,0x31,0x86,0x31,0x86,0x31,0x85,0x31,0x86,0x31,0x86,0x31,0x86,0x31,
    0x86,0x31,0x86,0x31,0x86,0x31,0xa6,0x31,0x86,0x31,0x86,0x31,0x86,0x31,0x86,0x31,
    0x86,0x31,0x86,0x31,0x86,0x31,0x86,0x31,0x86,0x31,0x86,0x31,0x86,0x31,0x86,0x31,
    0x86,0x31,0x86,0x31,0x86,0x31,0x86,0x31,0x86,0x31,0x86,0x31,0x86,0x31,0x86,0x31,
    0x86,0x31,0x86,0x31,0x86,0x31,0x65,0x31,0x65,0x31,0x65,0x31,0x65,0x31,0x65,0x31,
    0x65,0x31,0x24,0x29,0x6a,0x52,0x0c,0x6b,0xba,0xde,0xbe,0xff,0xbe,0xf7,0x5d,0xef,
    0xcf,0x83,0x04,0x21,0x04,0x21,0x45,0x29,0x65,0x31,0xe3,0x20,0x61,0x10,0x82,0x10,
    0x45,0x29,0x24,0x29,0x24,0x29,0x8e,0x7b,0x48,0x52,0xf7,0xc5,0xbe,0xff,0x5d,0xef,
    0x9e,0xf7,0x1c,0xef,0x10,0x8c,0xe3,0x20,0xe3,0x18,0x45,0x29,0x44,0x29,0x44,0x29,
    0x44,0x29,0x44,0x29,0x44,0x29,0x44,0x29,0x44,0x29,0x24,0x29,0x24,0x29,0x24,0x29,
    0x24,0x29,0x44,0x29,0x44,0x29,0x24,0x29,0x24,0x29,0x24,0x29,0x24,0x29,0x24,0x29,
    0x24,0x29,0x24,0x29,0x24,0x21,0x24,0x21,0x24,0x21,0x24,0x21,0x04,0x21,0x24,0x21,
    0x24,0x21,0x04,0x21,0x04,0x21,0x04,0x21,0x04,0x21,0x04,0x21,0x04,0x21,0x04,0x21,
    0x03,0x21,0x03,0x21,0x03,0x21,0xe3,0x20,0xc3,0x18,0xe3,0x20,0x24,0x29,0xa2,0x18,
    0x62,0x10,0xae,0x7b,0xba,0xe6,0x6d,0x73,0xf3,0xac,0xf3,0xa4,0x41,0x08,0x41,0x08,
    0xc3,0x20,0x13,0xad,0x54,0xb5,0x04,0x29,0x41,0x08,0xa2,0x10,0x61,0x08,0x41,0x08,
    0x00,0x00,0x00,0x00,0x82,0x10,0xc2,0x18,0x82,0x10,0xa6,0x39,0x89,0x5a,0x48,0x52,
    0x48,0x52,0x48,0x52,0x03,0x21,0x00,0x00,0x40,0x08,0x41,0x08,0x61,0x10,0x61,0x08,
    0x61,0x10,0x41,0x08,0x00,0x00,0x82,0x10,0x07,0x4a,0xe7,0x41,0xc7,0x41,0xa6,0x39,
    0x65,0x31,0xc7,0x41,0xfb,0xe6,0xde,0xff,0x7e,0xf7,0x9e,0xf7,0x9e,0xf7,0x9e,0xf7,
    0x9e,0xf7,0x9e,0xf7,0x9e,0xf7,0x9e,0xf7,0x9e,0xf7,0x9e,0xf7,0x9e,0xf7,0xbe,0xf7,
    0x9e,0xf7,0xbe,0xf7,0xbe,0xf7,0xbe,0xf7,0xbe,0xf7,0xbe,0xf7,0xbe,0xf7,0xbe,0xf7,
    0xdf,0xff,0xdf,0xff,0xdf,0xff,0xdf,0xff,0xdf,0xff,0xdf,0xff,0xdf,0xff,0xdf,0xff,
    0xdf,0xff,0xdf,0xff,0xdf,0xff,0xdf,0xff,0xdf,0xff,0xdf,0xff,0xdf,0xff,0xdf,0xff,
    0xdf,0xff,0xdf,0xff,0xdf,0xff,0xff,0xff,0x9a,0xd6,0x75,0xb5,0x30,0x8c,0xb2,0xa4,
    0xd7,0xc5,0x75,0xbd,0x08,0x4a,0x00,0x00,0x20,0x00,0x24,0x29,0x85,0x31,0x86,0x39,
    0xc6,0x41,0x4c,0x73,0xeb,0x62,0x49,0x52,0xb6,0xbd,0xb2,0xa4,0x91,0x9c,0xd3,0xa4,
    0xeb,0x62,0x41,0x10,0x61,0x18,0x81,0x18,0x00,0x00,0x00,0x00,0x00,0x00,0x00,0x00,
    0x21,0x08,0x61,0x08,0xc2,0x18,0x8e,0x7b,0x91,0x9c,0xa6,0x39,0xc3,0x20,0x45,0x29,
    0x04,0x21,0xa2,0x18,0xd6,0xc5,0xda,0xe6,0xae,0x7b,0xc3,0x20,0xc3,0x20,0x86,0x39,
    0xa6,0x39,0x86,0x39,0x86,0x31,0x85,0x31,0x86,0x31,0x86,0x31,0x86,0x31,0x86,0x31,
    0xa6,0x31,0xa6,0x31,0xa6,0x31,0x86,0x31,0x86,0x31,0x86,0x31,0x86,0x31,0x86,0x31,
    0x86,0x31,0x86,0x31,0x86,0x31,0x86,0x31,0xa6,0x31,0x86,0x31,0x86,0x31,0x86,0x31,
    0x86,0x31,0x86,0x31,0x85,0x31,0x86,0x31,0x86,0x31,0x86,0x31,0x86,0x31,0x86,0x31,
    0x86,0x31,0x66,0x31,0x66,0x31,0x65,0x31,0x65,0x31,0x65,0x31,0x65,0x31,0x65,0x31,
    0x65,0x31,0x24,0x29,0x8a,0x5a,0x2c,0x6b,0xba,0xde,0xbe,0xff,0xbe,0xf7,0x7d,0xef,
    0xef,0x83,0xe4,0x20,0x04,0x21,0x45,0x29,0x45,0x29,0x45,0x29,0x24,0x29,0x44,0x29,
    0x45,0x29,0x04,0x29,0x8d,0x7b,0x49,0x52,0x34,0xad,0xdf,0xff,0x5d,0xef,0x9e,0xf7,
    0x3c,0xef,0xb2,0xa4,0x45,0x31,0x61,0x10,0x45,0x29,0x24,0x29,0x24,0x29,0x24,0x29,
    0x44,0x29,0x44,0x29,0x44,0x29,0x44,0x29,0x44,0x29,0x44,0x29,0x44,0x29,0x24,0x29,
    0x44,0x29,0x44,0x29,0x44,0x29,0x44,0x29,0x44,0x29,0x44,0x29,0x24,0x29,0x24,0x29,
    0x24,0x29,0x24,0x29,0x24,0x21,0x24,0x21,0x24,0x21,0x24,0x21,0x04,0x21,0x24,0x21,
    0x04,0x21,0x04,0x21,0x04,0x21,0x04,0x21,0x04,0x21,0x04,0x21,0x04,0x21,0x04,0x21,
    0x04,0x21,0x03,0x21,0x03,0x21,0x03,0x21,0x03,0x21,0xe3,0x20,0xc3,0x20,0x04,0x29,
    0x04,0x21,0x20,0x08,0x86,0x39,0x95,0xbd,0x7d,0xff,0x08,0x4a,0x00,0x00,0xe3,0x20,
    0x82,0x10,0x41,0x08,0xef,0x83,0x79,0xd6,0x28,0x4a,0x00,0x00,0x82,0x10,0x61,0x08,
    0x41,0x08,0x20,0x00,0x00,0x00,0x82,0x10,0xe3,0x20,0xa2,0x18,0x86,0x39,0x89,0x5a,
    0x49,0x52,0x49,0x52,0x28,0x52,0x03,0x21,0x00,0x00,0x41,0x08,0x61,0x08,0x61,0x08,
    0x41,0x08,0x61,0x10,0x41,0x08,0x00,0x00,0xc2,0x18,0x08,0x4a,0xc7,0x41,0xc6,0x41,
    0xc7,0x41,0x24,0x29,0x48,0x52,0x7d,0xf7,0x9e,0xf7,0x7d,0xf7,0x9e,0xf7,0x9e,0xf7,
    0x9e,0xf7,0x9e,0xf7,0x9e,0xf7,0x9e,0xf7,0x9e,0xf7,0x9e,0xf7,0x9e,0xf7,0xbe,0xf7,
    0x9e,0xf7,0x9e,0xf7,0xbe,0xf7,0x9e,0xf7,0x9e,0xf7,0xbe,0xf7,0xbe,0xf7,0xbe,0xf7,
    0xdf,0xff,0xdf,0xff,0xdf,0xff,0xdf,0xff,0xdf,0xff,0xdf,0xff,0xdf,0xff,0xdf,0xff,
    0xdf,0xff,0xdf,0xff,0xdf,0xff,0xdf,0xff,0xdf,0xff,0xdf,0xff,0xdf,0xff,0xdf,0xff,
    0xdf,0xff,0xdf,0xff,0xff,0xff,0xdb,0xde,0x96,0xbd,0x30,0x94,0x91,0x9c,0xd6,0xc5,
    0x75,0xbd,0x49,0x52,0x00,0x00,0x20,0x00,0x03,0x21,0x85,0x31,0xa6,0x39,0xc6,0x41,
    0x4c,0x73,0x0b,0x6b,0x28,0x4a,0x95,0xbd,0x91,0x9c,0x71,0x9c,0xb2,0xa4,0x8a,0x5a,
    0x40,0x10,0x81,0x10,0x81,0x10,0x00,0x00,0x00,0x00,0x00,0x00,0x00,0x00,0x41,0x08,
    0x41,0x08,0xe3,0x20,0xce,0x83,0x8d,0x7b,0x24,0x29,0x04,0x21,0x65,0x31,0xe3,0x20,
    0x45,0x31,0x14,0xad,0x75,0xbd,0x07,0x4a,0x61,0x10,0x24,0x29,0xc6,0x39,0xc7,0x39,
    0x86,0x31,0x85,0x31,0x86,0x31,0x86,0x31,0x86,0x31,0x86,0x31,0x86,0x31,0x86,0x31,
    0x86,0x31,0x86,0x31,0x86,0x31,0x86,0x31,0xa6,0x31,0x86,0x31,0x86,0x31,0x86,0x31,
    0xa6,0x31,0x86,0x31,0x86,0x31,0xa6,0x31,0xa6,0x31,0xa6,0x31,0x86,0x31,0x86,0x31,
    0x86,0x31,0x86,0x31,0x85,0x31,0x86,0x31,0x85,0x31,0x85,0x31,0x85,0x31,0x86,0x31,
    0x86,0x31,0x86,0x31,0x66,0x31,0x65,0x31,0x65,0x31,0x65,0x31,0x65,0x31,0x65,0x31,
    0x85,0x31,0x24,0x29,0x8a,0x5a,0x2c,0x6b,0xba,0xde,0xbe,0xff,0xbe,0xf7,0x5d,0xef,
    0xcf,0x83,0x04,0x21,0x04,0x21,0x45,0x29,0x44,0x29,0x44,0x29,0x44,0x29,0x45,0x29,
    0x03,0x21,0x6d,0x73,0xaa,0x62,0x71,0x94,0xff,0xff,0x7d,0xf7,0xbe,0xf7,0x5c,0xef,
    0xb2,0xa4,0x86,0x39,0x41,0x08,0x24,0x21,0x24,0x29,0x24,0x29,0x24,0x29,0x24,0x29,
    0x44,0x29,0x44,0x29,0x44,0x29,0x44,0x29,0x44,0x29,0x44,0x29,0x24,0x29,0x44,0x29,
    0x24,0x29,0x44,0x29,0x44,0x29,0x44,0x29,0x44,0x29,0x44,0x29,0x44,0x29,0x24,0x29,
    0x24,0x29,0x24,0x29,0x24,0x21,0x24,0x21,0x24,0x21,0x24,0x21,0x24,0x21,0x24,0x21,
    0x24,0x21,0x24,0x21,0x04,0x21,0x04,0x21,0x04,0x21,0x04,0x21,0x04,0x21,0x04,0x21,
    0x03,0x21,0x03,0x21,0x03,0x21,0x03,0x21,0x03,0x21,0x03,0x21,0xe3,0x20,0xc3,0x18,
    0xe3,0x20,0x24,0x29,0x61,0x10,0x41,0x08,0xcf,0x83,0x79,0xde,0xaa,0x5a,0x20,0x08,
    0xc3,0x18,0xc3,0x18,0x20,0x08,0xaa,0x5a,0x79,0xde,0xcb,0x62,0x00,0x00,0x82,0x10,
    0x61,0x10,0x41,0x08,0x20,0x00,0x00,0x00,0x82,0x10,0xe3,0x20,0x82,0x18,0x85,0x39,
    0x69,0x5a,0x48,0x52,0x28,0x52,0x28,0x4a,0x24,0x29,0x00,0x00,0x41,0x08,0x41,0x08,
    0x41,0x08,0x41,0x08,0x61,0x10,0x41,0x08,0x00,0x00,0x03,0x21,0x28,0x4a,0xc7,0x41,
    0xc7,0x41,0xc6,0x41,0xe3,0x20,0x2c,0x6b,0xde,0xff,0x7d,0xf7,0x9d,0xf7,0x9e,0xf7,
    0x9e,0xf7,0x9e,0xf7,0x9e,0xf7,0x9e,0xf7,0x9e,0xf7,0x9e,0xf7,0x9e,0xf7,0x9e,0xf7,
    0x9e,0xf7,0xbe,0xf7,0xbe,0xf7,0x9e,0xf7,0xbe,0xf7,0xbe,0xf7,0xbe,0xf7,0xbe,0xf7,
    0xdf,0xff,0xdf,0xff,0xdf,0xff,0xdf,0xff,0xdf,0xff,0xdf,0xff,0xdf,0xff,0xdf,0xff,
    0xdf,0xff,0xde,0xff,0xdf,0xff,0xdf,0xff,0xdf,0xff,0xdf,0xff,0xdf,0xff,0xdf,0xff,
    0xde,0xff,0xff,0xff,0x1c,0xe7,0xb6,0xbd,0x51,0x94,0x30,0x94,0xd7,0xc5,0xb6,0xc5,
    0xaa,0x5a,0x00,0x00,0x00,0x00,0xe3,0x20,0x65,0x31,0x85,0x31,0xc6,0x41,0x2c,0x6b,
    0x0b,0x6b,0x28,0x4a,0xb6,0xbd,0x91,0x9c,0x71,0x9c,0xb2,0xa4,0x49,0x52,0x20,0x08,
    0x61,0x10,0x61,0x10,0x00,0x00,0x00,0x00,0x00,0x00,0x00,0x00,0x41,0x08,0x20,0x08,
    0x44,0x29,0xae,0x7b,0x69,0x52,0xc2,0x18,0x24,0x29,0x65,0x31,0xc3,0x18,0x49,0x52,
    0x38,0xd6,0xb2,0x9c,0x04,0x29,0x82,0x18,0x45,0x29,0xc6,0x39,0xa6,0x39,0x85,0x31,
    0x86,0x31,0x86,0x31,0x86,0x31,0x86,0x31,0x86,0x31,0x86,0x31,0x86,0x31,0x86,0x31,
    0x86,0x31,0x86,0x31,0xa6,0x31,0x86,0x31,0x86,0x31,0x86,0x31,0xa6,0x31,0x86,0x31,
    0xa6,0x31,0x86,0x31,0x86,0x31,0x86,0x31,0xa6,0x31,0x86,0x31,0x86,0x31,0x86,0x31,
    0x86,0x31,0x86,0x31,0x86,0x31,0x86,0x31,0x86,0x31,0x86,0x31,0x86,0x31,0x86,0x31,
    0x86,0x31,0x86,0x31,0x65,0x31,0x65,0x31,0x65,0x31,0x65,0x31,0x65,0x31,0x65,0x31,
    0x85,0x31,0x24,0x29,0x8a,0x52,0x0c,0x6b,0xda,0xde,0xbe,0xff,0xbe,0xf7,0x5d,0xef,
    0xef,0x83,0x04,0x21,0x04,0x21,0x45,0x29,0x24,0x29,0x24,0x29,0x45,0x29,0xe3,0x20,
    0x0c,0x6b,0xcb,0x62,0x6d,0x73,0xdf,0xff,0x7d,0xf7,0xbe,0xff,0x9e,0xf7,0x14,0xad,
    0xe7,0x41,0x21,0x08,0x04,0x21,0x24,0x29,0x24,0x29,0x24,0x29,0x24,0x29,0x24,0x29,
    0x24,0x29,0x44,0x29,0x44,0x29,0x44,0x29,0x44,0x29,0x44,0x29,0x44,0x29,0x44,0x29,
    0x44,0x29,0x44,0x29,0x24,0x29,0x44,0x29,0x44,0x29,0x44,0x29,0x24,0x29,0x24,0x29,
    0x24,0x29,0x24,0x21,0x24,0x21,0x24,0x21,0x24,0x21,0x24,0x21,0x24,0x21,0x24,0x21,
    0x24,0x21,0x24,0x21,0x24,0x21,0x04,0x21,0x04,0x21,0x04,0x21,0x04,0x21,0x04,0x21,
    0x04,0x21,0x03,0x21,0x03,0x21,0x03,0x21,0x03,0x21,0x03,0x21,0xe3,0x20,0xe3,0x20,
    0xc3,0x18,0xc3,0x18,0x04,0x29,0xc3,0x18,0x00,0x00,0x89,0x5a,0x99,0xde,0x0f,0x8c,
    0x61,0x10,0xa2,0x18,0xe3,0x20,0x20,0x08,0x65,0x31,0xf7,0xcd,0xef,0x83,0x20,0x00,
    0x61,0x10,0x81,0x10,0x41,0x08,0x41,0x08,0x20,0x00,0x61,0x10,0xc3,0x20,0x81,0x10,
    0x24,0x29,0x48,0x52,0x28,0x4a,0x28,0x4a,0x28,0x4a,0xe3,0x20,0x00,0x00,0x41,0x08,
    0x41,0x08,0x41,0x08,0x41,0x08,0x41,0x10,0x41,0x08,0x00,0x00,0x24,0x29,0x08,0x4a,
    0xc6,0x41,0xc6,0x41,0xa6,0x39,0xe3,0x20,0x71,0x94,0xff,0xff,0x7d,0xef,0x9d,0xf7,
    0x9e,0xf7,0x9e,0xf7,0x9e,0xf7,0x9e,0xf7,0x9e,0xf7,0x9e,0xf7,0x9e,0xf7,0x9e,0xf7,
    0x9e,0xf7,0x9e,0xf7,0x9e,0xf7,0xbe,0xf7,0x9e,0xf7,0xbe,0xf7,0xbe,0xf7,0xbe,0xf7,
    0xdf,0xff,0xdf,0xff,0xdf,0xff,0xdf,0xff,0xdf,0xff,0xdf,0xff,0xdf,0xff,0xdf,0xff,
    0xff,0xff,0xff,0xff,0xdf,0xff,0xdf,0xff,0xdf,0xff,0xdf,0xff,0xdf,0xff,0xdf,0xff,
    0xff,0xff,0x5d,0xef,0xd7,0xc5,0x92,0x9c,0xef,0x83,0x96,0xbd,0xf7,0xc5,0x4c,0x73,
    0x00,0x00,0x00,0x00,0xc3,0x18,0x65,0x31,0x85,0x31,0xa6,0x39,0xeb,0x6a,0x4c,0x73,
    0x07,0x4a,0x95,0xbd,0xd2,0xa4,0x92,0x9c,0xb2,0x9c,0x48,0x52,0x20,0x08,0x61,0x10,
    0x61,0x10,0x00,0x00,0x00,0x00,0x00,0x00,0x00,0x00,0x61,0x08,0x20,0x08,0xc7,0x41,
    0x8e,0x7b,0xc6,0x39,0xc2,0x18,0x24,0x29,0x44,0x29,0xc3,0x18,0x8e,0x7b,0xba,0xde,
    0x6d,0x73,0xa2,0x18,0xe3,0x20,0x65,0x31,0xc6,0x39,0x86,0x31,0x86,0x31,0x86,0x31,
    0x86,0x31,0x86,0x31,0x86,0x31,0xa6,0x31,0xa6,0x31,0xa6,0x31,0x86,0x31,0x86,0x31,
    0x86,0x31,0x86,0x31,0xa6,0x31,0xa6,0x31,0xa6,0x31,0xa6,0x31,0xa6,0x31,0x86,0x31,
    0x86,0x31,0x86,0x31,0xa6,0x31,0xa6,0x31,0x86,0x31,0x86,0x31,0x86,0x31,0x86,0x31,
    0x86,0x31,0x86,0x31,0x85,0x31,0x86,0x31,0x86,0x31,0x86,0x31,0x86,0x31,0x86,0x31,
    0x86,0x31,0x86,0x31,0x66,0x31,0x85,0x31,0x65,0x31,0x65,0x31,0x65,0x31,0x65,0x31,
    0x65,0x31,0x24,0x29,0x69,0x52,0x2c,0x6b,0xda,0xde,0xbe,0xff,0xbe,0xf7,0x7d,0xef,
    0xef,0x83,0x04,0x21,0x04,0x21,0x44,0x29,0x24,0x29,0x44,0x29,0xc3,0x18,0x48,0x4a,
    0x4c,0x73,0xaa,0x62,0x7d,0xf7,0x9e,0xf7,0x9d,0xf7,0xbe,0xf7,0x54,0xb5,0x08,0x4a,
    0x61,0x08,0xe3,0x20,0x03,0x21,0x03,0x21,0x04,0x21,0x04,0x21,0x24,0x29,0x24,0x29,
    0x24,0x29,0x45,0x29,0x44,0x29,0x44,0x29,0x44,0x29,0x44,0x29,0x44,0x29,0x44,0x29,
    0x44,0x29,0x44,0x29,0x44,0x29,0x44,0x29,0x44,0x29,0x24,0x29,0x44,0x29,0x24,0x29,
    0x24,0x29,0x24,0x21,0x24,0x21,0x24,0x21,0x24,0x21,0x24,0x21,0x24,0x21,0x24,0x21,
    0x24,0x21,0x24,0x21,0x24,0x21,0x24,0x21,0x04,0x21,0x04,0x21,0x04,0x21,0x04,0x21,
    0x04,0x21,0x04,0x21,0x04,0x21,0x03,0x21,0x03,0x21,0x03,0x21,0xe3,0x20,0xe3,0x20,
    0xe3,0x20,0xe3,0x20,0xc2,0x18,0xe3,0x20,0x24,0x29,0x20,0x08,0x45,0x31,0xd6,0xc5,
    0x54,0xb5,0xe3,0x20,0x61,0x10,0xe3,0x20,0x41,0x08,0xa2,0x18,0x75,0xbd,0xb2,0xa4,
    0x61,0x10,0x61,0x10,0x82,0x10,0x41,0x08,0x41,0x08,0x00,0x00,0x41,0x08,0xc2,0x20,
    0x61,0x10,0x24,0x29,0x48,0x52,0x28,0x4a,0x28,0x4a,0x28,0x4a,0xe3,0x20,0x00,0x00,
    0x41,0x08,0x41,0x08,0x41,0x08,0x41,0x08,0x41,0x10,0x20,0x08,0x00,0x00,0x44,0x31,
    0x07,0x4a,0xc7,0x41,0xc6,0x41,0x85,0x39,0x24,0x29,0x75,0xb5,0xff,0xff,0x7d,0xef,
    0x9d,0xf7,0x9e,0xf7,0x9e,0xf7,0x9e,0xf7,0x9e,0xf7,0x9e,0xf7,0x9e,0xf7,0x9e,0xf7,
    0x9e,0xf7,0x9e,0xf7,0x9e,0xf7,0xbe,0xf7,0xbe,0xf7,0xbe,0xf7,0xbe,0xf7,0xbe,0xf7,
    0xdf,0xff,0xdf,0xff,0xdf,0xff,0xdf,0xff,0xdf,0xff,0xdf,0xff,0xdf,0xff,0xdf,0xff,
    0xdf,0xff,0xdf,0xff,0xdf,0xff,0xde,0xff,0xdf,0xff,0xdf,0xff,0xdf,0xff,0xff,0xff,
    0xbe,0xf7,0xf8,0xc5,0xf3,0xa4,0xef,0x83,0x75,0xb5,0x17,0xce,0xef,0x8b,0x41,0x08,
    0x00,0x00,0xa2,0x18,0x65,0x31,0x85,0x31,0x85,0x39,0xaa,0x5a,0x8d,0x7b,0x08,0x4a,
    0x75,0xb5,0xf3,0xa4,0xb2,0x9c,0xb2,0xa4,0x69,0x52,0x20,0x08,0x61,0x10,0x61,0x10,
    0x00,0x00,0x00,0x00,0x00,0x00,0x00,0x00,0x61,0x08,0x41,0x08,0x8a,0x5a,0x91,0x9c,
    0x71,0x94,0x24,0x29,0xe3,0x20,0x04,0x21,0xc3,0x20,0x51,0x94,0x58,0xd6,0x49,0x52,
    0xa2,0x18,0x44,0x29,0xa6,0x39,0xc6,0x39,0x86,0x31,0x86,0x31,0xa6,0x31,0x86,0x31,
    0x86,0x31,0x86,0x31,0xa6,0x31,0xa6,0x31,0xa6,0x31,0xa6,0x31,0xa6,0x31,0xa6,0x31,
    0x86,0x31,0xa6,0x31,0xa6,0x31,0xa6,0x31,0xa6,0x31,0xa6,0x31,0xa6,0x31,0x86,0x31,
    0xa6,0x31,0xa6,0x31,0xa6,0x31,0xa6,0x31,0x86,0x31,0x86,0x31,0x86,0x31,0x86,0x31,
    0x86,0x31,0x86,0x31,0x86,0x31,0x85,0x31,0x86,0x31,0x86,0x31,0x86,0x31,0x86,0x31,
    0x86,0x31,0x86,0x31,0x65,0x31,0x85,0x31,0x85,0x31,0x65,0x31,0x65,0x31,0x65,0x31,
    0x85,0x31,0x24,0x29,0x69,0x52,0x2c,0x6b,0xdb,0xde,0xbe,0xff,0x9e,0xf7,0x7d,0xf7,
    0x30,0x8c,0x24,0x21,0x04,0x21,0x44,0x29,0x44,0x29,0xe3,0x20,0x86,0x31,0x0b,0x6b,
    0x69,0x52,0xfb,0xe6,0x9e,0xf7,0x9d,0xf7,0xff,0xff,0x17,0xce,0x0c,0x6b,0x24,0x29,
    0xa6,0x39,0xc6,0x41,0xa6,0x39,0x86,0x39,0xa6,0x39,0x85,0x31,0x44,0x29,0x24,0x29,
    0x24,0x29,0x44,0x29,0x44,0x29,0x44,0x29,0x44,0x29,0x44,0x29,0x44,0x29,0x44,0x29,
    0x44,0x29,0x44,0x29,0x24,0x29,0x44,0x29,0x44,0x29,0x44,0x29,0x24,0x29,0x24,0x29,
    0x24,0x21,0x24,0x21,0x24,0x21,0x24,0x21,0x24,0x21,0x24,0x21,0x24,0x21,0x24,0x21,
    0x24,0x21,0x24,0x21,0x24,0x21,0x24,0x21,0x24,0x21,0x04,0x21,0x04,0x21,0x04,0x21,
    0x04,0x21,0x04,0x21,0x04,0x21,0x04,0x21,0x03,0x21,0x03,0x21,0xe3,0x20,0xe3,0x20,
    0xe3,0x20,0xe3,0x20,0xe3,0x20,0xc3,0x18,0xe3,0x20,0x24,0x29,0x82,0x10,0x81,0x10,
    0xb2,0x9c,0x17,0xce,0x65,0x31,0x20,0x08,0xa2,0x18,0x41,0x08,0xf3,0xa4,0xda,0xe6,
    0x75,0xb5,0x03,0x21,0x61,0x08,0x82,0x10,0x41,0x08,0x20,0x08,0x00,0x00,0x41,0x08,
    0xc2,0x18,0x61,0x10,0x45,0x31,0x69,0x52,0x28,0x4a,0x48,0x52,0x28,0x52,0xc3,0x18,
    0x00,0x00,0x41,0x08,0x41,0x08,0x41,0x08,0x41,0x08,0x41,0x08,0x20,0x00,0x00,0x00,
    0xa6,0x39,0xe7,0x49,0xc7,0x41,0xa6,0x39,0x65,0x31,0x85,0x39,0x79,0xd6,0xdf,0xff,
    0x7d,0xf7,0x9d,0xf7,0x9e,0xf7,0x9e,0xf7,0x9e,0xf7,0x9e,0xf7,0x9e,0xf7,0x9e,0xf7,
    0x9e,0xf7,0x9e,0xf7,0x9e,0xf7,0x9e,0xf7,0xbe,0xf7,0xbe,0xf7,0x9e,0xf7,0xbe,0xf7,
    0xde,0xff,0xde,0xff,0xdf,0xff,0xdf,0xff,0xdf,0xff,0xdf,0xff,0xdf,0xff,0xdf,0xff,
    0xde,0xff,0xdf,0xff,0xdf,0xff,0xdf,0xff,0xdf,0xff,0xdf,0xff,0xdf,0xff,0xdf,0xff,
    0x79,0xd6,0x55,0xb5,0xef,0x83,0x13,0xad,0x38,0xce,0xb2,0xa4,0xc3,0x20,0x00,0x00,
    0x82,0x10,0x65,0x31,0x85,0x31,0xa6,0x39,0x89,0x5a,0xae,0x7b,0xa6,0x39,0x14,0xad,
    0xf3,0xac,0x92,0x9c,0xd3,0xa4,0x8a,0x5a,0x20,0x08,0x61,0x10,0x41,0x08,0x00,0x00,
    0x00,0x00,0x00,0x00,0x00,0x00,0x61,0x08,0x61,0x10,0x2c,0x6b,0x91,0x9c,0x44,0x29,
    0x8d,0x7b,0x75,0xbd,0x65,0x31,0x04,0x29,0x34,0xb5,0x75,0xbd,0x65,0x31,0xa2,0x18,
    0x85,0x31,0xc7,0x39,0xa6,0x39,0x86,0x31,0xa6,0x39,0xa6,0x31,0xa6,0x31,0xa6,0x39,
    0xa6,0x31,0xa6,0x39,0xa6,0x31,0xa6,0x31,0xa6,0x31,0xa6,0x31,0xa6,0x31,0xa6,0x31,
    0xa6,0x31,0x86,0x31,0xa6,0x31,0xa6,0x31,0xa6,0x31,0xa6,0x31,0xa6,0x31,0xa6,0x31,
    0xa6,0x31,0xa6,0x31,0xa6,0x31,0x86,0x31,0x86,0x31,0x86,0x31,0x86,0x31,0x86,0x31,
    0x86,0x31,0x86,0x31,0x85,0x31,0x85,0x31,0x86,0x31,0x86,0x31,0x86,0x31,0x86,0x31,
    0x86,0x31,0x85,0x31,0x65,0x31,0x85,0x31,0x85,0x31,0x85,0x31,0x65,0x31,0x65,0x31,
    0x65,0x31,0x24,0x29,0x6a,0x52,0x0c,0x6b,0xda,0xde,0xbe,0xff,0x9e,0xf7,0x7d,0xf7,
    0x30,0x94,0x25,0x29,0x24,0x29,0x45,0x29,0x04,0x21,0x44,0x29,0x4d,0x73,0xe7,0x41,
    0xf7,0xc5,0x9d,0xf7,0x7d,0xf7,0x9e,0xf7,0x14,0xad,0x8a,0x5a,0x69,0x52,0x8a,0x5a,
    0x8a,0x5a,0x69,0x5a,0x49,0x52,0x29,0x52,0x28,0x4a,0x0c,0x6b,0x45,0x31,0xe3,0x20,
    0x44,0x29,0x44,0x29,0x44,0x29,0x44,0x29,0x44,0x29,0x44,0x29,0x44,0x29,0x44,0x29,
    0x44,0x29,0x44,0x29,0x44,0x29,0x44,0x29,0x44,0x29,0x24,0x29,0x24,0x29,0x24,0x21,
    0x24,0x21,0x24,0x21,0x24,0x21,0x24,0x21,0x24,0x21,0x24,0x21,0x24,0x21,0x24,0x21,
    0x24,0x21,0x24,0x21,0x24,0x21,0x24,0x21,0x24,0x21,0x24,0x21,0x04,0x21,0x04,0x21,
    0x04,0x21,0x04,0x21,0x04,0x21,0x03,0x21,0x03,0x21,0x03,0x21,0x03,0x21,0x03,0x21,
    0xe3,0x20,0xe3,0x20,0xe3,0x20,0xe3,0x20,0xe3,0x18,0xc3,0x18,0x24,0x29,0xc3,0x18,
    0x20,0x00,0x6d,0x73,0x79,0xde,0x49,0x52,0x20,0x08,0x75,0xb5,0x38,0xce,0xe3,0x20,
    0x50,0x94,0x38,0xd6,0x24,0x29,0x41,0x08,0x82,0x10,0x41,0x08,0x20,0x00,0x00,0x00,
    0x41,0x08,0xe3,0x20,0x81,0x10,0x85,0x39,0x69,0x5a,0x28,0x52,0x48,0x52,0x07,0x4a,
    0xa2,0x18,0x00,0x00,0x40,0x08,0x40,0x08,0x41,0x08,0x40,0x08,0x41,0x08,0x00,0x00,
    0x61,0x08,0x07,0x4a,0xc6,0x41,0xc7,0x41,0xa6,0x39,0x45,0x31,0x28,0x52,0x5c,0xef,
    0x9e,0xf7,0x9d,0xf7,0x9d,0xf7,0x9e,0xf7,0x9e,0xf7,0x9e,0xf7,0x9e,0xf7,0x9e,0xf7,
    0x9e,0xf7,0x9e,0xf7,0x9e,0xf7,0x9e,0xf7,0x9e,0xf7,0xbe,0xf7,0xbe,0xf7,0xbe,0xf7,
    0xdf,0xff,0xdf,0xff,0xdf,0xff,0xdf,0xff,0xdf,0xff,0xdf,0xff,0xdf,0xff,0xde,0xff,
    0xdf,0xff,0xdf,0xff,0xdf,0xff,0xdf,0xff,0xdf,0xff,0xdf,0xff,0xff,0xff,0xdb,0xde,
    0xb6,0xbd,0x10,0x8c,0x91,0x9c,0x38,0xce,0x54,0xb5,0x85,0x31,0x00,0x00,0x41,0x08,
    0x45,0x31,0x85,0x31,0x86,0x39,0x28,0x52,0xce,0x83,0x86,0x39,0x92,0x9c,0x13,0xad,
    0x91,0x9c,0xf3,0xa4,0xcb,0x62,0x61,0x10,0x61,0x10,0x41,0x10,0x00,0x00,0x00,0x00,
    0x00,0x00,0x00,0x00,0x61,0x08,0x61,0x08,0x2c,0x6b,0x51,0x94,0x45,0x29,0x04,0x21,
    0x03,0x21,0x71,0x94,0x34,0xb5,0x75,0xbd,0x92,0x9c,0xc2,0x18,0xc2,0x18,0xa6,0x39,
    0xc7,0x39,0xa6,0x39,0x86,0x31,0xa6,0x39,0xa6,0x39,0xa6,0x39,0xa6,0x39,0xa6,0x31,
    0xa6,0x31,0xa6,0x39,0xa6,0x31,0xa6,0x31,0xa6,0x31,0xa6,0x31,0xa6,0x31,0x86,0x31,
    0x86,0x31,0x86,0x31,0xa6,0x31,0xa6,0x31,0xa6,0x31,0xa6,0x31,0xa6,0x31,0x86,0x31,
    0xa6,0x31,0x86,0x31,0xa6,0x31,0x86,0x31,0x86,0x31,0x86,0x31,0x86,0x31,0x86,0x31,
    0x86,0x31,0x86,0x31,0x86,0x31,0x86,0x31,0x86,0x31,0x86,0x31,0x86,0x31,0x86,0x31,
    0x86,0x31,0x85,0x31,0x85,0x31,0x65,0x31,0x85,0x31,0x65,0x31,0x65,0x29,0x65,0x29,
    0x65,0x31,0x24,0x29,0x69,0x52,0xeb,0x62,0xba,0xde,0xbe,0xff,0x9e,0xf7,0x7d,0xf7,
    0x30,0x8c,0x04,0x21,0x24,0x29,0x44,0x29,0x04,0x21,0xae,0x7b,0xe7,0x49,0x14,0xad,
    0x7d,0xf7,0x3c,0xef,0x7d,0xf7,0x5c,0xef,0x14,0xa5,0xd3,0xa4,0x14,0xa5,0xf4,0xa4,
    0xf3,0xa4,0x13,0xa5,0xf3,0xa4,0xf4,0xa4,0xb2,0x9c,0xeb,0x62,0xc3,0x18,0x03,0x21,
    0x24,0x29,0x24,0x29,0x44,0x29,0x44,0x29,0x44,0x29,0x44,0x29,0x44,0x29,0x44,0x29,
    0x44,0x29,0x44,0x29,0x44,0x29,0x44,0x29,0x44,0x29,0x24,0x29,0x24,0x29,0x24,0x21,
    0x24,0x21,0x24,0x21,0x24,0x21,0x24,0x21,0x24,0x21,0x24,0x21,0x24,0x21,0x24,0x21,
    0x24,0x21,0x24,0x21,0x04,0x21,0x24,0x21,0x24,0x21,0x04,0x21,0x04,0x21,0x04,0x21,
    0x04,0x21,0x04,0x21,0x04,0x21,0x04,0x21,0x04,0x21,0x03,0x21,0x03,0x21,0x03,0x21,
    0xe3,0x20,0xe3,0x20,0xe3,0x20,0xe3,0x18,0xe3,0x20,0xe3,0x20,0xc3,0x18,0x03,0x21,
    0x03,0x21,0x00,0x00,0x69,0x52,0xf7,0xcd,0xb6,0xc5,0xf7,0xc5,0x24,0x29,0x81,0x10,
    0x41,0x08,0xce,0x83,0x58,0xd6,0x45,0x31,0x00,0x00,0x82,0x10,0x41,0x08,0x20,0x00,
    0x00,0x00,0x61,0x08,0xe3,0x20,0x82,0x10,0x85,0x39,0x49,0x52,0x28,0x4a,0x28,0x4a,
    0xc7,0x41,0x61,0x10,0x00,0x00,0x40,0x08,0x41,0x08,0x41,0x08,0x41,0x08,0x41,0x08,
    0x00,0x00,0xa2,0x18,0xe7,0x49,0xa6,0x39,0xa6,0x39,0x86,0x39,0x03,0x29,0x6d,0x7b,
    0xff,0xff,0x7d,0xef,0x9d,0xf7,0x9d,0xf7,0x9e,0xf7,0x9e,0xf7,0x9e,0xf7,0x9e,0xf7,
    0x9e,0xf7,0x9e,0xf7,0x9e,0xf7,0x9e,0xf7,0x9e,0xf7,0xbe,0xf7,0xbe,0xf7,0xbe,0xf7,
    0xdf,0xff,0xdf,0xff,0xdf,0xff,0xdf,0xff,0xdf,0xff,0xdf,0xff,0xdf,0xff,0xdf,0xff,
    0xdf,0xff,0xdf,0xff,0xde,0xff,0xdf,0xff,0xdf,0xff,0xff,0xff,0x5d,0xef,0xf7,0xc5,
    0x51,0x94,0x0f,0x8c,0xf7,0xc5,0x96,0xbd,0x48,0x52,0x00,0x00,0x40,0x00,0x24,0x29,
    0x85,0x39,0xa6,0x39,0x08,0x4a,0xce,0x83,0xa6,0x39,0xef,0x83,0x54,0xb5,0x50,0x94,
    0xd3,0xa4,0x0b,0x6b,0x61,0x10,0x81,0x10,0x61,0x10,0x00,0x00,0x00,0x00,0x00,0x00,
    0x00,0x00,0x61,0x08,0x41,0x08,0x0b,0x63,0xce,0x83,0x24,0x29,0x04,0x21,0x65,0x31,
    0xe3,0x18,0x49,0x52,0xfb,0xee,0xef,0x83,0x81,0x10,0xe3,0x20,0xa6,0x39,0xe7,0x41,
    0x86,0x31,0x86,0x31,0xa6,0x39,0xa6,0x39,0xa6,0x39,0xa6,0x39,0xa6,0x39,0xa6,0x39,
    0xa6,0x31,0xa6,0x39,0xa6,0x39,0xa6,0x31,0xa6,0x31,0xa6,0x31,0xa6,0x31,0x86,0x31,
    0xa6,0x31,0xa6,0x31,0xa6,0x31,0xa6,0x31,0xa6,0x31,0xa6,0x31,0xa6,0x31,0xa6,0x31,
    0xa6,0x31,0x86,0x31,0x86,0x31,0x86,0x31,0x86,0x31,0x86,0x31,0x86,0x31,0x86,0x31,
    0x86,0x31,0x86,0x31,0x86,0x31,0x86,0x31,0x86,0x31,0x66,0x31,0x86,0x31,0x86,0x31,
    0x86,0x31,0x85,0x31,0x65,0x31,0x65,0x31,0x85,0x31,0x85,0x31,0x65,0x29,0x65,0x29,
    0x65,0x31,0x24,0x21,0x49,0x52,0xeb,0x62,0xba,0xde,0x9e,0xf7,0x9d,0xf7,0x7d,0xef,
    0x10,0x8c,0x04,0x21,0x24,0x29,0x03,0x21,0x8d,0x7b,0x69,0x52,0x71,0x94,0xbe,0xff,
    0x5c,0xef,0x7d,0xf7,0x7d,0xf7,0x7d,0xf7,0xde,0xff,0xde,0xff,0xbe,0xff,0xbe,0xff,
    0xbe,0xff,0xbe,0xff,0x9d,0xf7,0x9e,0xff,0xdb,0xe6,0xaa,0x5a,0x82,0x10,0x24,0x29,
    0x24,0x29,0x44,0x29,0x44,0x29,0x44,0x29,0x44,0x29,0x44,0x29,0x44,0x29,0x44,0x29,
    0x44,0x29,0x44,0x29,0x24,0x29,0x44,0x29,0x24,0x29,0x24,0x21,0x24,0x21,0x24,0x21,
    0x24,0x21,0x24,0x21,0x24,0x21,0x24,0x21,0x24,0x21,0x24,0x21,0x24,0x21,0x24,0x21,
    0x24,0x21,0x24,0x21,0x24,0x21,0x24,0x21,0x24,0x21,0x04,0x21,0x04,0x21,0x04,0x21,
    0x04,0x21,0x04,0x21,0x04,0x21,0x04,0x21,0x04,0x21,0x03,0x21,0x03,0x21,0x03,0x21,
    0x03,0x21,0x03,0x21,0x03,0x21,0xe3,0x20,0xe3,0x20,0xe3,0x18,0xe3,0x20,0xc2,0x18,
    0xe3,0x20,0x24,0x29,0x20,0x08,0x45,0x31,0x79,0xde,0x71,0x94,0x00,0x00,0xe3,0x20,
    0xc3,0x18,0x20,0x08,0x4c,0x6b,0x38,0xd6,0x65,0x31,0x00,0x00,0x82,0x10,0x41,0x08,
    0x41,0x08,0x20,0x00,0x81,0x10,0xc3,0x20,0x82,0x10,0xa6,0x39,0x48,0x52,0x07,0x4a,
    0x07,0x4a,0xa6,0x39,0x21,0x08,0x20,0x00,0x41,0x08,0x41,0x08,0x41,0x08,0x41,0x08,
    0x41,0x08,0x00,0x00,0xe3,0x20,0xe7,0x41,0x86,0x39,0xa6,0x39,0x85,0x39,0xe3,0x28,
    0x13,0xad,0xff,0xff,0x7d,0xef,0x9d,0xf7,0x9d,0xf7,0x9e,0xf7,0x9e,0xf7,0x9e,0xf7,
    0x9e,0xf7,0x9e,0xf7,0x9e,0xf7,0x9e,0xf7,0xbe,0xf7,0x9e,0xf7,0xbe,0xf7,0xbe,0xf7,
    0xdf,0xff,0xdf,0xff,0xdf,0xff,0xdf,0xff,0xde,0xff,0xdf,0xff,0xde,0xff,0xde,0xff,
    0xdf,0xff,0xdf,0xff,0xdf,0xff,0xdf,0xff,0xff,0xff,0xbe,0xf7,0x39,0xce,0xd3,0xa4,
    0xae,0x83,0x75,0xbd,0xd6,0xc5,0x2c,0x73,0x00,0x00,0x00,0x00,0x03,0x21,0x85,0x31,
    0xa6,0x39,0xe7,0x41,0xce,0x83,0x48,0x52,0x2c,0x6b,0xb6,0xc5,0x50,0x94,0xd2,0xa4,
    0x6d,0x73,0x61,0x10,0x61,0x10,0x61,0x10,0x00,0x00,0x00,0x00,0x00,0x00,0x00,0x00,
    0x61,0x08,0x41,0x08,0x2c,0x6b,0xce,0x83,0xe3,0x20,0x04,0x21,0x65,0x31,0xe3,0x18,
    0xca,0x5a,0x79,0xde,0x2c,0x73,0x82,0x18,0x03,0x21,0xa6,0x39,0xc6,0x39,0x86,0x31,
    0x86,0x31,0xa6,0x39,0xa6,0x39,0xa6,0x39,0xa6,0x39,0xa6,0x39,0xa6,0x39,0xa6,0x39,
    0xa6,0x39,0xa6,0x39,0xa6,0x31,0xa6,0x31,0xa6,0x31,0xa6,0x31,0xa6,0x31,0xa6,0x31,
    0xa6,0x31,0xa6,0x31,0xa6,0x31,0xa6,0x31,0xa6,0x31,0xa6,0x31,0xa6,0x31,0x86,0x31,
    0xa6,0x31,0x86,0x31,0x86,0x31,0x86,0x31,0x86,0x31,0x86,0x31,0x86,0x31,0x86,0x31,
    0x86,0x31,0x86,0x31,0x86,0x31,0x86,0x31,0x86,0x31,0x86,0x31,0x85,0x31,0x65,0x31,
    0x65,0x31,0x65,0x31,0x85,0x31,0x65,0x31,0x65,0x31,0x65,0x31,0x65,0x31,0x65,0x29,
    0x65,0x29,0x24,0x21,0x49,0x52,0xcb,0x62,0xfb,0xe6,0xff,0xff,0xde,0xff,0xbe,0xff,
    0x10,0x8c,0x04,0x21,0xe3,0x20,0xca,0x62,0x2c,0x6b,0xef,0x83,0xff,0xff,0xbe,0xff,
    0xbe,0xff,0xbe,0xff,0xbe,0xff,0xbe,0xff,0xbe,0xff,0xbe,0xff,0xbe,0xff,0xbe,0xff,
    0xbe,0xff,0xbe,0xff,0x9d,0xf7,0xbe,0xff,0xd7,0xc5,0xe7,0x41,0xa2,0x18,0x24,0x29,
    0x24,0x29,0x44,0x29,0x44,0x29,0x44,0x29,0x44,0x29,0x44,0x29,0x44,0x29,0x44,0x29,
    0x24,0x29,0x24,0x29,0x44,0x29,0x44,0x29,0x24,0x29,0x24,0x29,0x24,0x21,0x24,0x21,
    0x24,0x21,0x24,0x21,0x24,0x21,0x24,0x21,0x24,0x21,0x24,0x21,0x24,0x21,0x24,0x21,
    0x24,0x21,0x24,0x21,0x04,0x21,0x04,0x21,0x04,0x21,0x04,0x21,0x04,0x21,0x04,0x21,
    0x04,0x21,0x04,0x21,0x04,0x21,0x04,0x21,0x04,0x21,0x04,0x21,0x03,0x21,0x03,0x21,
    0x03,0x21,0x03,0x21,0xe3,0x20,0xe3,0x20,0xe3,0x20,0xe3,0x20,0xe3,0x18,0xe3,0x20,
    0xc3,0x18,0xc3,0x18,0x24,0x29,0x61,0x10,0x24,0x29,0x38,0xd6,0x91,0x9c,0x41,0x08,
    0xc2,0x18,0xc3,0x18,0x00,0x00,0xca,0x62,0x38,0xd6,0x65,0x31,0x20,0x08,0xa2,0x10,
    0x61,0x08,0x41,0x08,0x20,0x00,0x82,0x10,0xc2,0x18,0x82,0x10,0xc6,0x41,0x28,0x4a,
    0x07,0x4a,0x28,0x4a,0x85,0x39,0x20,0x00,0x20,0x00,0x40,0x08,0x40,0x08,0x40,0x08,
    0x41,0x08,0x20,0x08,0x00,0x00,0x45,0x31,0xc6,0x41,0x86,0x39,0x85,0x39,0x65,0x31,
    0x65,0x31,0x99,0xd6,0xde,0xff,0x7d,0xef,0x9d,0xf7,0x9d,0xf7,0x9e,0xf7,0x9e,0xf7,
    0x9e,0xf7,0x9e,0xf7,0x9e,0xf7,0x9e,0xf7,0x9e,0xf7,0x9e,0xf7,0x9e,0xf7,0xbe,0xf7,
    0xdf,0xff,0xde,0xff,0xde,0xff,0xdf,0xff,0xde,0xff,0xdf,0xff,0xde,0xff,0xdf,0xff,
    0xdf,0xff,0xdf,0xff,0xdf,0xff,0xdf,0xff,0xff,0xff,0x9a,0xd6,0x55,0xb5,0xcf,0x83,
    0xf3,0xa4,0xf7,0xc5,0x30,0x94,0x61,0x10,0x00,0x00,0xa2,0x18,0x65,0x31,0xa6,0x39,
    0xc6,0x41,0x8d,0x7b,0x0c,0x6b,0x8a,0x52,0xf7,0xcd,0x70,0x94,0xb2,0xa4,0xcf,0x83,
    0xa2,0x18,0x41,0x10,0x61,0x10,0x00,0x00,0x00,0x00,0x00,0x00,0x00,0x00,0x61,0x08,
    0x61,0x10,0x4d,0x73,0xef,0x83,0x03,0x21,0x03,0x21,0x45,0x29,0xc2,0x18,0x0c,0x6b,
    0xda,0xe6,0xeb,0x62,0xa2,0x18,0x44,0x29,0xa6,0x39,0xc6,0x39,0x86,0x31,0xa6,0x39,
    0xa6,0x39,0xa6,0x39,0xa6,0x39,0xa6,0x39,0xa6,0x39,0xa6,0x39,0xa6,0x39,0xa6,0x31,
    0xa6,0x31,0xa6,0x31,0xa6,0x31,0xa6,0x31,0xa6,0x31,0x86,0x31,0xa6,0x31,0x86,0x31,
    0xa6,0x31,0xa6,0x31,0xa6,0x31,0xa6,0x31,0xa6,0x31,0xa6,0x31,0xa6,0x31,0x86,0x31,
    0x86,0x31,0x86,0x31,0xa6,0x31,0x86,0x31,0x86,0x31,0x86,0x31,0x86,0x31,0x86,0x31,
    0x86,0x31,0x86,0x31,0x86,0x31,0x85,0x31,0x85,0x31,0x85,0x31,0x85,0x31,0x65,0x31,
    0x85,0x31,0x65,0x31,0x65,0x31,0x65,0x31,0x85,0x31,0x65,0x31,0x65,0x31,0x65,0x29,
    0x65,0x31,0x24,0x21,0x69,0x52,0x4d,0x73,0xf3,0xac,0x95,0xbd,0x95,0xbd,0xb6,0xc5,
    0x30,0x94,0x04,0x21,0x86,0x39,0xef,0x8b,0xaa,0x62,0x54,0xb5,0xb6,0xbd,0x74,0xb5,
    0x54,0xb5,0x54,0xb5,0x54,0xb5,0x54,0xb5,0x54,0xb5,0x54,0xb5,0x74,0xb5,0x75,0xbd,
    0x75,0xb5,0x74,0xb5,0x54,0xb5,0x95,0xbd,0x71,0x9c,0x65,0x31,0xc3,0x18,0x24,0x29,
    0x24,0x29,0x24,0x29,0x44,0x29,0x44,0x29,0x44,0x29,0x44,0x29,0x44,0x29,0x44,0x29,
    0x24,0x29,0x24,0x29,0x24,0x29,0x24,0x29,0x24,0x29,0x24,0x29,0x24,0x21,0x24,0x21,
    0x24,0x21,0x24,0x21,0x24,0x21,0x24,0x21,0x24,0x21,0x24,0x21,0x24,0x21,0x24,0x21,
    0x24,0x21,0x04,0x21,0x24,0x21,0x04,0x21,0x04,0x21,0x04,0x21,0x04,0x21,0x04,0x21,
    0x04,0x21,0x04,0x21,0x04,0x21,0x04,0x21,0x03,0x21,0x04,0x21,0x04,0x21,0x03,0x21,
    0x03,0x21,0x03,0x21,0xe3,0x20,0xe3,0x20,0xe3,0x20,0xe3,0x20,0xe3,0x18,0xe3,0x18,
    0xe3,0x20,0xc3,0x18,0xc3,0x18,0x44,0x29,0xa2,0x18,0x04,0x21,0x17,0xce,0xb2,0x9c,
    0x40,0x08,0xa2,0x18,0xc2,0x18,0x00,0x00,0xeb,0x62,0x78,0xd6,0x65,0x31,0x41,0x08,
    0x82,0x10,0x61,0x08,0x41,0x08,0x20,0x00,0x82,0x18,0xc2,0x18,0xa2,0x18,0xe7,0x49,
    0x28,0x52,0x08,0x4a,0x28,0x4a,0x24,0x29,0x00,0x00,0x40,0x08,0x40,0x08,0x40,0x08,
    0x40,0x08,0x41,0x08,0x20,0x00,0x20,0x00,0xa6,0x39,0xa6,0x41,0x86,0x39,0x86,0x39,
    0x24,0x29,0xaa,0x5a,0x9e,0xf7,0x9d,0xf7,0x7d,0xf7,0x9d,0xf7,0x9d,0xf7,0x9e,0xf7,
    0x9e,0xf7,0x9e,0xf7,0x9e,0xf7,0x9d,0xf7,0x9e,0xf7,0x9e,0xf7,0x9e,0xf7,0x9e,0xf7,
    0xdf,0xff,0xde,0xff,0xde,0xff,0xdf,0xff,0xdf,0xff,0xdf,0xff,0xdf,0xff,0xdf,0xff,
    0xdf,0xff,0xdf,0xff,0xde,0xff,0xff,0xff,0x1c,0xe7,0xb7,0xc5,0x30,0x8c,0x51,0x94,
    0xd6,0xc5,0x13,0xad,0x44,0x31,0x00,0x00,0x61,0x10,0x45,0x31,0x85,0x31,0xa6,0x39,
    0xeb,0x62,0x8e,0x7b,0xc7,0x39,0xb6,0xc5,0x92,0x9c,0x91,0x9c,0x30,0x94,0x03,0x29,
    0x40,0x08,0x61,0x10,0x00,0x00,0x00,0x00,0x00,0x00,0x00,0x00,0x61,0x08,0x41,0x08,
    0xeb,0x62,0xef,0x83,0xe3,0x20,0x03,0x21,0x44,0x29,0xa2,0x18,0x2c,0x6b,0xba,0xde,
    0xcb,0x62,0xa2,0x18,0x65,0x31,0xc7,0x39,0xa6,0x39,0x86,0x31,0xa6,0x39,0xa6,0x39,
    0xa6,0x39,0xa6,0x39,0xa6,0x39,0xa6,0x39,0xa6,0x39,0xa6,0x39,0xa6,0x39,0xa6,0x39,
    0xa6,0x31,0xa6,0x39,0xa6,0x31,0xa6,0x31,0x86,0x31,0xa6,0x31,0xa6,0x31,0xa6,0x31,
    0xa6,0x39,0xa6,0x31,0xa6,0x31,0xa6,0x31,0xa6,0x31,0xa6,0x31,0xa6,0x31,0x86,0x31,
    0x86,0x31,0x86,0x31,0x86,0x31,0x86,0x31,0x86,0x31,0x86,0x31,0x86,0x31,0x86,0x31,
    0x86,0x31,0x86,0x31,0x85,0x31,0x85,0x31,0x85,0x31,0x85,0x31,0x85,0x31,0x65,0x31,
    0x66,0x31,0x85,0x31,0x65,0x31,0x85,0x31,0x65,0x31,0x65,0x31,0x65,0x29,0x65,0x29,
    0x65,0x29,0x44,0x29,0x45,0x31,0xc6,0x39,0x65,0x31,0x45,0x31,0x45,0x31,0x65,0x31,
    0xa6,0x39,0xc3,0x18,0x44,0x29,0xc6,0x39,0xc7,0x41,0x86,0x31,0x65,0x31,0x65,0x31,
    0x45,0x29,0x45,0x29,0x45,0x29,0x45,0x29,0x45,0x31,0x65,0x31,0x65,0x31,0x65,0x31,
    0x65,0x31,0x65,0x31,0x45,0x31,0x65,0x31,0x65,0x31,0xa2,0x18,0x04,0x21,0x24,0x29,
    0x24,0x29,0x44,0x29,0x44,0x29,0x44,0x29,0x44,0x29,0x44,0x29,0x24,0x29,0x24,0x29,
    0x24,0x29,0x24,0x29,0x24,0x29,0x24,0x29,0x24,0x21,0x24,0x21,0x24,0x21,0x24,0x21,
    0x24,0x21,0x24,0x21,0x24,0x21,0x24,0x21,0x24,0x21,0x24,0x21,0x24,0x21,0x24,0x21,
    0x24,0x21,0x04,0x21,0x04,0x21,0x04,0x21,0x04,0x21,0x04,0x21,0x04,0x21,0x04,0x21,
    0x04,0x21,0x04,0x21,0x04,0x21,0x04,0x21,0x04,0x21,0x04,0x21,0x04,0x21,0x03,0x21,
    0x03,0x21,0x03,0x21,0xe3,0x20,0x03,0x21,0xe3,0x20,0xe3,0x20,0xe3,0x20,0xe3,0x18,
    0xe3,0x18,0xe3,0x18,0xc3,0x18,0xc3,0x18,0x44,0x29,0xa2,0x18,0xc3,0x18,0xb6,0xbd,
    0xb2,0x9c,0x20,0x08,0xa2,0x10,0xc3,0x18,0x20,0x08,0x6d,0x73,0xf7,0xc5,0x03,0x21,
    0x61,0x10,0x82,0x10,0x41,0x08,0x20,0x00,0x00,0x00,0xc2,0x18,0xa2,0x18,0xe3,0x20,
    0x28,0x4a,0x28,0x4a,0x07,0x4a,0xe7,0x41,0xc3,0x20,0x00,0x00,0x41,0x08,0x40,0x08,
    0x40,0x08,0x40,0x08,0x41,0x08,0x00,0x00,0x82,0x10,0xc7,0x41,0x86,0x39,0x85,0x31,
    0x85,0x39,0xe3,0x28,0x10,0x8c,0xff,0xff,0x7d,0xef,0x7d,0xf7,0x9d,0xf7,0x9d,0xf7,
    0x9d,0xf7,0x9e,0xf7,0x9e,0xf7,0x9e,0xf7,0x9e,0xf7,0x9e,0xf7,0xbe,0xf7,0x9e,0xf7,
    0xdf,0xff,0xde,0xff,0xde,0xff,0xdf,0xff,0xdf,0xff,0xdf,0xff,0xdf,0xff,0xdf,0xff,
    0xdf,0xff,0xde,0xff,0xff,0xff,0x9e,0xf7,0xf7,0xc5,0xd3,0xa4,0xef,0x8b,0x96,0xbd,
    0x75,0xbd,0x0b,0x6b,0x00,0x00,0x20,0x00,0x24,0x21,0x65,0x31,0x86,0x39,0x48,0x52,
    0xce,0x83,0x86,0x39,0x34,0xad,0x13,0xad,0x71,0x9c,0x71,0x9c,0xc6,0x41,0x20,0x08,
    0x81,0x10,0x20,0x00,0x00,0x00,0x00,0x00,0x00,0x00,0x61,0x08,0x40,0x08,0xaa,0x5a,
    0x14,0xad,0x44,0x29,0xa2,0x18,0x45,0x29,0xa2,0x18,0x2c,0x73,0x58,0xd6,0x28,0x4a,
    0x82,0x18,0x65,0x31,0xc6,0x39,0xa6,0x39,0x86,0x31,0xa6,0x39,0xa6,0x39,0xa6,0x39,
    0xa6,0x39,0xa6,0x39,0xa6,0x39,0xa6,0x39,0xa6,0x39,0xa6,0x39,0xa6,0x39,0xa6,0x39,
    0xa6,0x31,0xa6,0x31,0xa6,0x31,0xa6,0x39,0xa6,0x39,0xa6,0x31,0xa6,0x31,0xa6,0x31,
    0xa6,0x31,0xa6,0x31,0xa6,0x31,0xa6,0x31,0xa6,0x31,0x86,0x31,0x86,0x31,0x86,0x31,
    0x86,0x31,0x86,0x31,0x86,0x31,0x86,0x31,0x86,0x31,0x86,0x31,0x86,0x31,0x86,0x31,
    0x85,0x31,0x85,0x31,0x85,0x31,0x85,0x31,0x86,0x31,0x86,0x31,0x85,0x31,0x65,0x31,
    0x65,0x31,0x65,0x31,0x65,0x31,0x65,0x31,0x65,0x31,0x65,0x31,0x65,0x31,0x65,0x29,
    0x45,0x29,0x45,0x29,0x04,0x21,0x82,0x10,0xa2,0x10,0xa2,0x10,0xa2,0x10,0xa2,0x10,
    0xa2,0x10,0x04,0x21,0x24,0x29,0xc2,0x18,0xc2,0x18,0xc3,0x18,0xc3,0x18,0xa2,0x18,
    0xa2,0x10,0xa2,0x10,0xa2,0x10,0xa2,0x18,0xa2,0x18,0xc2,0x18,0xc3,0x18,0xc3,0x18,
    0xc3,0x18,0xc3,0x18,0xc3,0x18,0xc3,0x18,0xa2,0x18,0xe3,0x20,0x24,0x29,0x24,0x29,
    0x24,0x29,0x24,0x29,0x44,0x29,0x44,0x29,0x44,0x29,0x24,0x29,0x24,0x29,0x24,0x29,
    0x24,0x29,0x24,0x29,0x24,0x29,0x24,0x29,0x24,0x21,0x24,0x21,0x24,0x21,0x24,0x21,
    0x24,0x21,0x24,0x21,0x24,0x21,0x24,0x21,0x24,0x21,0x24,0x21,0x24,0x21,0x24,0x21,
    0x04,0x21,0x04,0x21,0x04,0x21,0x04,0x21,0x04,0x21,0x04,0x21,0x04,0x21,0x04,0x21,
    0x04,0x21,0x04,0x21,0x04,0x21,0x04,0x21,0x03,0x21,0x04,0x21,0x03,0x21,0x03,0x21,
    0x03,0x21,0x03,0x21,0xe3,0x20,0xe3,0x20,0xe3,0x20,0xe3,0x20,0xe3,0x20,0xe3,0x18,
    0xe3,0x18,0xc3,0x18,0xe3,0x20,0xc3,0x18,0xa2,0x18,0x24,0x29,0xa2,0x18,0x61,0x10,
    0x54,0xb5,0xf3,0xa4,0x61,0x10,0xa2,0x18,0xc3,0x18,0x00,0x00,0xd6,0xc5,0x17,0xce,
    0xa2,0x18,0x61,0x10,0x61,0x10,0x41,0x08,0x20,0x00,0x20,0x00,0xc2,0x18,0xa2,0x18,
    0x24,0x29,0x48,0x52,0x07,0x4a,0xc7,0x41,0xa6,0x39,0x82,0x10,0x00,0x00,0x20,0x08,
    0x40,0x08,0x40,0x08,0x40,0x08,0x41,0x08,0x00,0x00,0xe3,0x20,0xe7,0x41,0x85,0x31,
    0x65,0x31,0x65,0x31,0x04,0x29,0xf7,0xc5,0xde,0xff,0x7d,0xef,0x7d,0xf7,0x9d,0xf7,
    0x9d,0xf7,0x9d,0xf7,0x9e,0xf7,0x9e,0xf7,0x9e,0xf7,0x9e,0xf7,0x9e,0xf7,0x9e,0xf7,
    0xdf,0xff,0xde,0xff,0xde,0xff,0xdf,0xff,0xdf,0xff,0xdf,0xff,0xdf,0xff,0xde,0xff,
    0xdf,0xff,0xdf,0xff,0xff,0xff,0x79,0xd6,0xf3,0xac,0xef,0x8b,0x34,0xb5,0xb6,0xc5,
    0xce,0x83,0x41,0x08,0x00,0x00,0xe3,0x20,0x65,0x31,0x85,0x31,0xe7,0x41,0x8e,0x7b,
    0xc7,0x41,0x10,0x8c,0x75,0xbd,0x71,0x9c,0xb2,0xa4,0x49,0x52,0x40,0x10,0x82,0x18,
    0x20,0x08,0x00,0x00,0x00,0x00,0x00,0x00,0x41,0x08,0x20,0x00,0x49,0x52,0x50,0x94,
    0xce,0x83,0x92,0x9c,0x45,0x29,0x82,0x10,0x4d,0x73,0x58,0xd6,0xe7,0x41,0x81,0x10,
    0x65,0x31,0xc6,0x39,0xa6,0x39,0x86,0x39,0xa6,0x39,0xa6,0x39,0xa6,0x39,0xa6,0x39,
    0xa6,0x39,0xa6,0x39,0xa6,0x39,0xa6,0x39,0xa6,0x39,0xa6,0x39,0xa6,0x39,0xa6,0x39,
    0xa6,0x39,0xa6,0x31,0xa6,0x31,0xa6,0x31,0xa6,0x31,0xa6,0x31,0xa6,0x31,0xa6,0x39,
    0xa6,0x31,0xa6,0x31,0xa6,0x31,0xa6,0x31,0xa6,0x31,0xa6,0x31,0x86,0x31,0x86,0x31,
    0x86,0x31,0x86,0x31,0x86,0x31,0x86,0x31,0x86,0x31,0x86,0x31,0x86,0x31,0x85,0x31,
    0x85,0x31,0x85,0x31,0x86,0x31,0x86,0x31,0x66,0x31,0x85,0x31,0x85,0x31,0x85,0x31,
    0x86,0x31,0x65,0x31,0x65,0x31,0x65,0x31,0x65,0x29,0x65,0x31,0x65,0x31,0x65,0x31,
    0x45,0x29,0x45,0x29,0x45,0x29,0x65,0x31,0x45,0x31,0x45,0x29,0x65,0x31,0x65,0x31,
    0x65,0x31,0x65,0x31,0x65,0x31,0x65,0x31,0x65,0x31,0x65,0x31,0x65,0x31,0x45,0x29,
    0x45,0x29,0x45,0x29,0x45,0x29,0x44,0x29,0x45,0x29,0x45,0x29,0x45,0x29,0x45,0x29,
    0x45,0x29,0x45,0x29,0x45,0x29,0x45,0x29,0x45,0x29,0x44,0x29,0x24,0x29,0x24,0x29,
    0x24,0x29,0x24,0x29,0x44,0x29,0x44,0x29,0x24,0x29,0x24,0x29,0x24,0x29,0x24,0x29,
    0x24,0x29,0x24,0x29,0x24,0x29,0x24,0x29,0x24,0x21,0x24,0x21,0x24,0x21,0x24,0x21,
    0x24,0x21,0x24,0x21,0x24,0x21,0x24,0x21,0x24,0x21,0x24,0x21,0x24,0x21,0x04,0x21,
    0x04,0x21,0x04,0x21,0x04,0x21,0x04,0x21,0x04,0x21,0x04,0x21,0x04,0x21,0x04,0x21,
    0x04,0x21,0x04,0x21,0x04,0x21,0x04,0x21,0x04,0x21,0x03,0x21,0x03,0x21,0x03,0x21,
    0x03,0x21,0x03,0x21,0xe3,0x20,0xe3,0x20,0xe3,0x20,0xe3,0x20,0xe3,0x20,0xe3,0x20,
    0xe3,0x20,0xe3,0x18,0xc3,0x18,0xc3,0x18,0xc3,0x18,0xa2,0x18,0x04,0x21,0xa2,0x18,
    0x41,0x08,0x95,0xbd,0x34,0xad,0x81,0x10,0x20,0x08,0x71,0x94,0xb6,0xc5,0x71,0x94,
    0x54,0xb5,0x41,0x08,0x61,0x08,0x61,0x10,0x41,0x08,0x20,0x00,0x20,0x08,0xc3,0x20,
    0xa2,0x18,0x65,0x31,0x48,0x52,0xe7,0x41,0xe7,0x41,0xa6,0x39,0x41,0x08,0x00,0x00,
    0x20,0x08,0x20,0x08,0x40,0x08,0x41,0x08,0x20,0x08,0x00,0x00,0x65,0x31,0xa6,0x41,
    0x65,0x31,0x65,0x31,0x04,0x29,0x28,0x4a,0x5d,0xf7,0x9d,0xf7,0x7d,0xef,0x7d,0xf7,
    0x9d,0xf7,0x9d,0xf7,0x9e,0xf7,0x9e,0xf7,0x9e,0xf7,0x9e,0xf7,0x9e,0xf7,0x9e,0xf7,
    0xdf,0xff,0xde,0xff,0xde,0xff,0xdf,0xff,0xdf,0xff,0xdf,0xff,0xdf,0xff,0xdf,0xff,
    0xde,0xff,0xff,0xff,0x1c,0xe7,0x95,0xbd,0x0f,0x8c,0x92,0x9c,0xf7,0xc5,0xd2,0xa4,
    0x03,0x29,0x00,0x00,0xa2,0x10,0x45,0x31,0x65,0x31,0xa6,0x39,0x0c,0x6b,0x89,0x5a,
    0xcb,0x62,0x96,0xc5,0x50,0x9c,0xd2,0xa4,0x2c,0x6b,0x61,0x10,0x81,0x18,0x41,0x10,
    0x00,0x00,0x00,0x00,0x00,0x00,0x41,0x08,0x20,0x00,0xc7,0x39,0x92,0x9c,0x85,0x31,
    0xa2,0x18,0x71,0x9c,0x13,0xad,0x6d,0x73,0x99,0xde,0x48,0x52,0x82,0x18,0x65,0x31,
    0xc7,0x39,0xa6,0x39,0x86,0x31,0xa6,0x39,0xa6,0x39,0xa6,0x39,0xa6,0x39,0xa6,0x39,
    0xa6,0x39,0xa6,0x39,0xa6,0x39,0xa6,0x39,0xa6,0x39,0xa6,0x39,0xa6,0x39,0xa6,0x39,
    0xa6,0x31,0xa6,0x31,0xa6,0x31,0xa6,0x31,0xa6,0x31,0xa6,0x31,0xa6,0x31,0xa6,0x31,
    0xa6,0x31,0xa6,0x31,0xa6,0x31,0xa6,0x31,0x86,0x31,0x86,0x31,0x86,0x31,0x86,0x31,
    0x86,0x31,0x86,0x31,0x86,0x31,0x86,0x31,0x86,0x31,0x86,0x31,0x86,0x31,0x86,0x31,
    0x86,0x31,0x85,0x31,0x86,0x31,0x86,0x31,0x86,0x31,0x85,0x31,0x65,0x31,0x86,0x31,
    0x66,0x31,0x65,0x31,0x65,0x31,0x65,0x31,0x65,0x31,0x65,0x31,0x65,0x31,0x65,0x31,
    0x45,0x29,0x45,0x29,0x45,0x29,0x45,0x29,0x45,0x29,0x45,0x29,0x45,0x29,0x45,0x29,
    0x45,0x29,0x45,0x29,0x45,0x29,0x65,0x29,0x45,0x29,0x45,0x29,0x44,0x29,0x44,0x29,
    0x45,0x29,0x45,0x29,0x44,0x29,0x44,0x29,0x24,0x29,0x24,0x29,0x24,0x29,0x24,0x29,
    0x24,0x29,0x24,0x29,0x24,0x29,0x24,0x29,0x24,0x29,0x44,0x29,0x24,0x29,0x24,0x29,
    0x44,0x29,0x24,0x29,0x24,0x29,0x24,0x29,0x24,0x29,0x24,0x29,0x24,0x29,0x24,0x29,
    0x24,0x29,0x24,0x29,0x24,0x21,0x24,0x29,0x24,0x21,0x24,0x21,0x24,0x21,0x24,0x21,
    0x24,0x21,0x24,0x21,0x24,0x21,0x24,0x21,0x24,0x21,0x24,0x21,0x24,0x21,0x04,0x21,
    0x04,0x21,0x04,0x21,0x04,0x21,0x04,0x21,0x04,0x21,0x04,0x21,0x04,0x21,0x04,0x21,
    0x04,0x21,0x04,0x21,0x04,0x21,0x04,0x21,0x04,0x21,0x03,0x21,0x03,0x21,0x03,0x21,
    0x03,0x21,0xe3,0x20,0xe3,0x20,0xe3,0x20,0xe3,0x20,0xe3,0x20,0xe3,0x20,0xe3,0x20,
    0xe3,0x20,0xe3,0x20,0xe3,0x18,0xc3,0x18,0xc3,0x18,0xe3,0x18,0xa2,0x18,0x04,0x29,
    0xa2,0x18,0xa2,0x18,0x17,0xce,0x13,0xad,0x50,0x94,0x58,0xd6,0x04,0x29,0x00,0x00,
    0xf3,0xac,0xb2,0xa4,0x00,0x00,0x62,0x10,0x61,0x10,0x41,0x08,0x20,0x00,0x41,0x08,
    0xe3,0x20,0x82,0x18,0xa6,0x39,0x28,0x52,0xe7,0x41,0xe7,0x49,0x65,0x31,0x00,0x00,
    0x20,0x00,0x20,0x08,0x40,0x08,0x40,0x08,0x41,0x08,0x00,0x00,0x41,0x08,0xc6,0x41,
    0x65,0x31,0x65,0x31,0x65,0x31,0xc3,0x20,0xcf,0x83,0xff,0xff,0x5d,0xef,0x7d,0xf7,
    0x9d,0xf7,0x9d,0xf7,0x9d,0xf7,0x9e,0xf7,0x9e,0xf7,0x9e,0xf7,0x9e,0xf7,0x9e,0xf7,
    0xdf,0xff,0xdf,0xff,0xde,0xff,0xdf,0xff,0xdf,0xff,0xdf,0xff,0xdf,0xff,0xdf,0xff,
    0xff,0xff,0x9e,0xf7,0xf7,0xc5,0x91,0x9c,0xef,0x8b,0xb6,0xbd,0x95,0xbd,0x48,0x52,
    0x00,0x00,0x61,0x08,0x44,0x29,0x65,0x31,0x85,0x39,0x69,0x5a,0x0c,0x6b,0xe7,0x41,
    0x95,0xbd,0x50,0x9c,0xb2,0xa4,0xae,0x83,0xa2,0x18,0x61,0x10,0x61,0x10,0x00,0x00,
    0x00,0x00,0x00,0x00,0x41,0x08,0x20,0x08,0x45,0x29,0xb2,0x9c,0xc7,0x39,0xc3,0x18,
    0x24,0x29,0xc3,0x18,0x13,0xad,0x1b,0xef,0xaa,0x5a,0x82,0x18,0x65,0x31,0xa7,0x39,
    0x86,0x39,0x86,0x31,0xa6,0x39,0xa6,0x39,0xa6,0x39,0xa6,0x39,0xa6,0x39,0xa6,0x39,
    0xa6,0x39,0xa6,0x39,0xa6,0x39,0xa6,0x39,0xa6,0x39,0xa6,0x39,0xa6,0x31,0xa6,0x39,
    0xa6,0x39,0xa6,0x39,0xa6,0x39,0xa6,0x31,0xa6,0x31,0xa6,0x31,0xa6,0x31,0xa6,0x31,
    0xa6,0x31,0xa6,0x31,0xa6,0x31,0x86,0x31,0xa6,0x31,0x86,0x31,0x86,0x31,0x86,0x31,
    0x85,0x31,0x86,0x31,0x86,0x31,0x86,0x31,0x86,0x31,0x86,0x31,0x86,0x31,0x86,0x31,
    0x85,0x31,0x65,0x31,0x85,0x31,0x85,0x31,0x65,0x31,0x65,0x31,0x65,0x31,0x65,0x31,
    0x65,0x31,0x65,0x31,0x65,0x31,0x65,0x31,0x65,0x31,0x65,0x31,0x65,0x31,0x65,0x31,
    0x45,0x29,0x45,0x29,0x45,0x29,0x45,0x29,0x45,0x29,0x65,0x29,0x65,0x29,0x45,0x29,
    0x44,0x29,0x44,0x29,0x44,0x29,0x44,0x29,0x24,0x29,0x04,0x21,0x04,0x21,0x04,0x21,
    0x04,0x21,0x04,0x21,0x04,0x21,0x04,0x21,0x04,0x21,0x24,0x21,0x24,0x21,0x24,0x29,
    0x44,0x29,0x44,0x29,0x44,0x29,0x44,0x29,0x24,0x29,0x24,0x29,0x24,0x29,0x24,0x29,
    0x24,0x29,0x44,0x29,0x24,0x29,0x24,0x29,0x24,0x29,0x24,0x29,0x24,0x29,0x24,0x29,
    0x24,0x29,0x24,0x29,0x24,0x21,0x24,0x21,0x24,0x21,0x24,0x21,0x24,0x21,0x24,0x21,
    0x24,0x21,0x24,0x21,0x24,0x21,0x24,0x21,0x24,0x21,0x24,0x21,0x04,0x21,0x04,0x21,
    0x04,0x21,0x04,0x21,0x04,0x21,0x04,0x21,0x04,0x21,0x04,0x21,0x04,0x21,0x04,0x21,
    0x04,0x21,0x04,0x21,0x04,0x21,0x04,0x21,0x04,0x21,0x03,0x21,0x03,0x21,0x03,0x21,
    0x03,0x21,0x03,0x21,0xe3,0x20,0xe3,0x20,0xe3,0x20,0xe3,0x20,0xe3,0x20,0xe3,0x20,
    0xe3,0x20,0xe3,0x20,0xe3,0x18,0xe3,0x18,0xe3,0x18,0xc3,0x18,0xc3,0x18,0xa2,0x18,
    0x04,0x29,0xa2,0x18,0xc3,0x20,0x17,0xce,0xda,0xe6,0xa2,0x18,0x61,0x08,0x82,0x18,
    0x41,0x08,0x34,0xb5,0xce,0x83,0x00,0x00,0xa2,0x10,0x61,0x10,0x41,0x08,0x20,0x00,
    0x81,0x10,0xc3,0x20,0xa2,0x18,0x07,0x4a,0x28,0x4a,0xe7,0x41,0xe7,0x41,0xc3,0x18,
    0x00,0x00,0x20,0x08,0x40,0x08,0x40,0x08,0x40,0x08,0x41,0x08,0x00,0x00,0xc3,0x20,
    0xc6,0x41,0x85,0x39,0x65,0x31,0x44,0x31,0x03,0x29,0xd7,0xc5,0xde,0xff,0x5d,0xef,
    0x7d,0xf7,0x9d,0xf7,0x9d,0xf7,0x9e,0xf7,0x9e,0xf7,0x9e,0xf7,0x9e,0xf7,0x9e,0xf7,
    0xdf,0xff,0xdf,0xff,0xdf,0xff,0xdf,0xff,0xdf,0xff,0xdf,0xff,0xdf,0xff,0xdf,0xff,
    0xff,0xff,0x79,0xd6,0x13,0xad,0xae,0x83,0x14,0xad,0xd7,0xc5,0xce,0x83,0x20,0x08,
    0x20,0x00,0x04,0x21,0x65,0x31,0x85,0x31,0xe7,0x41,0x6d,0x73,0x65,0x31,0xb2,0xa4,
    0x91,0xa4,0x50,0x9c,0x51,0x94,0x24,0x31,0x20,0x08,0x61,0x10,0x00,0x00,0x00,0x00,
    0x00,0x00,0x20,0x00,0x61,0x08,0xe3,0x20,0x71,0x9c,0x49,0x52,0xa2,0x18,0x45,0x29,
    0xe3,0x20,0x08,0x4a,0x58,0xd6,0x0c,0x6b,0x82,0x18,0x24,0x29,0xa6,0x39,0xa6,0x39,
    0x86,0x31,0xa6,0x39,0xa6,0x39,0xa6,0x39,0xa6,0x39,0xa6,0x39,0xa6,0x39,0xa6,0x39,
    0xa6,0x39,0xa6,0x39,0xa6,0x39,0xa6,0x39,0xa6,0x39,0xa6,0x39,0xa6,0x39,0xa6,0x39,
    0xa6,0x39,0xa6,0x39,0xa6,0x39,0xa6,0x31,0xa6,0x31,0xa6,0x31,0xa6,0x31,0xa6,0x31,
    0x86,0x31,0x86,0x31,0xa6,0x31,0xa6,0x31,0x86,0x31,0x86,0x31,0x86,0x31,0x86,0x31,
    0x86,0x31,0x86,0x31,0x86,0x31,0x86,0x31,0x86,0x31,0x86,0x31,0x86,0x31,0x86,0x31,
    0x85,0x31,0x85,0x31,0x65,0x31,0x85,0x31,0x65,0x31,0x65,0x31,0x85,0x31,0x65,0x31,
    0x65,0x31,0x65,0x31,0x65,0x31,0x65,0x31,0x65,0x31,0x65,0x29,0x65,0x31,0x65,0x31,
    0x65,0x31,0x65,0x29,0x24,0x29,0x04,0x21,0xe4,0x20,0xe3,0x18,0xc3,0x18,0xc3,0x18,
    0xe3,0x20,0xe4,0x20,0x04,0x21,0x24,0x29,0x25,0x29,0x45,0x29,0x45,0x29,0x45,0x31,
    0x45,0x31,0x45,0x31,0x45,0x29,0x04,0x29,0xe4,0x20,0xe3,0x20,0xc3,0x18,0xc3,0x18,
    0xc3,0x18,0xe3,0x18,0xe3,0x20,0x04,0x21,0x24,0x21,0x44,0x29,0x44,0x29,0x44,0x29,
    0x44,0x29,0x24,0x29,0x24,0x29,0x24,0x29,0x24,0x29,0x24,0x29,0x24,0x29,0x24,0x21,
    0x24,0x21,0x24,0x21,0x24,0x21,0x24,0x21,0x24,0x21,0x24,0x21,0x24,0x21,0x24,0x21,
    0x24,0x21,0x24,0x21,0x24,0x21,0x24,0x21,0x24,0x21,0x24,0x21,0x04,0x21,0x04,0x21,
    0x04,0x21,0x04,0x21,0x04,0x21,0x04,0x21,0x04,0x21,0x04,0x21,0x04,0x21,0x04,0x21,
    0x04,0x21,0x04,0x21,0x04,0x21,0x04,0x21,0x04,0x21,0x03,0x21,0x03,0x21,0x03,0x21,
    0x03,0x21,0x03,0x21,0xe3,0x20,0xe3,0x20,0xe3,0x20,0xe3,0x20,0xe3,0x20,0xe3,0x20,
    0xe3,0x20,0xe3,0x18,0xe3,0x20,0xe3,0x18,0xe3,0x20,0xe3,0x18,0xc3,0x18,0xc3,0x18,
    0xa2,0x18,0x24,0x29,0xa2,0x18,0xe3,0x20,0xb6,0xc5,0x4c,0x73,0x20,0x08,0xc3,0x18,
    0x41,0x08,0x82,0x10,0xd6,0xc5,0x0b,0x6b,0x20,0x08,0xa2,0x18,0x61,0x10,0x41,0x08,
    0x20,0x00,0xa2,0x18,0xa2,0x18,0xe3,0x20,0x28,0x4a,0x07,0x4a,0xc7,0x41,0xa6,0x39,
    0x61,0x10,0x20,0x00,0x40,0x08,0x40,0x08,0x20,0x08,0x40,0x08,0x41,0x08,0x00,0x00,
    0x45,0x31,0xa6,0x41,0xa6,0x39,0x65,0x31,0xe3,0x20,0x28,0x4a,0x5d,0xef,0x7d,0xf7,
    0x7d,0xf7,0x9d,0xf7,0x7d,0xf7,0x9d,0xf7,0x9e,0xf7,0x9e,0xf7,0x9e,0xf7,0x9e,0xf7,
    0xdf,0xff,0xdf,0xff,0xdf,0xff,0xdf,0xff,0xdf,0xff,0xdf,0xff,0xdf,0xff,0xff,0xff,
    0x3c,0xef,0x96,0xbd,0x10,0x94,0x50,0x94,0xb6,0xc5,0xf3,0xac,0x03,0x21,0x00,0x00,
    0xa2,0x18,0x65,0x31,0x65,0x31,0xa6,0x39,0x2c,0x6b,0x08,0x4a,0x8e,0x7b,0x34,0xb5,
    0x0f,0x8c,0x92,0x9c,0x28,0x4a,0x20,0x08,0x81,0x10,0x20,0x00,0x00,0x00,0x00,0x00,
    0x00,0x00,0x61,0x10,0x82,0x10,0x30,0x8c,0x0c,0x6b,0xa2,0x18,0x44,0x29,0xe3,0x20,
    0x86,0x39,0x58,0xd6,0x8e,0x7b,0x82,0x10,0x44,0x29,0xa6,0x39,0xa6,0x39,0xa6,0x39,
    0xa6,0x39,0xa6,0x39,0xa6,0x39,0xa6,0x39,0xa6,0x39,0xa6,0x39,0xa6,0x39,0xa6,0x39,
    0xa6,0x39,0xa6,0x39,0xa6,0x39,0xa6,0x39,0xa6,0x39,0xa6,0x39,0xa6,0x39,0xa6,0x31,
    0xa6,0x39,0xa6,0x31,0xa6,0x31,0xa6,0x31,0xa6,0x31,0xa6,0x31,0xa6,0x31,0xa6,0x31,
    0x86,0x31,0x86,0x31,0x86,0x31,0x86,0x31,0x86,0x31,0x86,0x31,0x86,0x31,0x86,0x31,
    0x85,0x31,0x86,0x31,0x86,0x31,0x86,0x31,0x86,0x31,0x86,0x31,0x85,0x31,0x85,0x31,
    0x85,0x31,0x65,0x31,0x65,0x31,0x85,0x31,0x85,0x31,0x65,0x31,0x65,0x31,0x65,0x31,
    0x65,0x31,0x65,0x31,0x65,0x31,0x65,0x31,0x65,0x31,0x65,0x29,0x45,0x29,0x04,0x21,
    0xe4,0x20,0x04,0x21,0x24,0x29,0x45,0x31,0x86,0x39,0xc7,0x41,0xe7,0x41,0x08,0x4a,
    0x48,0x4a,0x48,0x52,0x48,0x52,0x48,0x52,0x49,0x52,0x49,0x52,0x49,0x52,0x49,0x52,
    0x49,0x52,0x49,0x52,0x49,0x52,0x28,0x4a,0x28,0x4a,0x28,0x4a,0x28,0x4a,0x07,0x4a,
    0xe7,0x41,0xc7,0x41,0x86,0x39,0x45,0x29,0x04,0x21,0xc3,0x18,0xc3,0x18,0xe3,0x20,
    0x04,0x21,0x24,0x29,0x44,0x29,0x44,0x29,0x24,0x29,0x24,0x29,0x24,0x29,0x24,0x29,
    0x24,0x21,0x24,0x21,0x24,0x21,0x24,0x21,0x24,0x29,0x24,0x21,0x24,0x21,0x24,0x21,
    0x24,0x21,0x24,0x21,0x24,0x21,0x24,0x21,0x24,0x21,0x24,0x21,0x04,0x21,0x04,0x21,
    0x04,0x21,0x04,0x21,0x04,0x21,0x04,0x21,0x04,0x21,0x04,0x21,0x04,0x21,0x03,0x21,
    0x03,0x21,0x04,0x21,0x04,0x21,0x03,0x21,0x03,0x21,0x03,0x21,0x03,0x21,0x03,0x21,
    0x03,0x21,0x03,0x21,0x03,0x21,0xe3,0x20,0xe3,0x20,0xe3,0x20,0xe3,0x20,0xe3,0x20,
    0xe3,0x20,0xe3,0x20,0xe3,0x18,0xe3,0x18,0xe3,0x20,0xe3,0x20,0xe3,0x18,0xc3,0x18,
    0xc3,0x18,0xa2,0x18,0x04,0x29,0x82,0x10,0x45,0x29,0x79,0xde,0xaa,0x5a,0x00,0x00,
    0xc3,0x18,0x41,0x08,0x45,0x31,0x58,0xd6,0x28,0x4a,0x41,0x08,0xa2,0x10,0x41,0x08,
    0x20,0x08,0x20,0x00,0xc3,0x18,0x82,0x10,0x44,0x29,0x48,0x52,0xe7,0x49,0xe7,0x41,
    0x65,0x31,0x20,0x08,0x20,0x08,0x40,0x08,0x40,0x08,0x20,0x08,0x41,0x08,0x20,0x00,
    0x41,0x08,0xa6,0x39,0x85,0x39,0x86,0x39,0x44,0x31,0xc3,0x20,0x30,0x8c,0xdf,0xff,
    0x5d,0xef,0x7d,0xf7,0x7d,0xf7,0x9d,0xf7,0x9d,0xf7,0x9e,0xf7,0x9e,0xf7,0x9e,0xf7,
    0xdf,0xff,0xdf,0xff,0xde,0xff,0xdf,0xff,0xdf,0xff,0xde,0xff,0xdf,0xff,0xdf,0xff,
    0x18,0xce,0xb2,0xa4,0xef,0x8b,0x55,0xb5,0x95,0xbd,0xaa,0x62,0x00,0x00,0x41,0x08,
    0x45,0x31,0x65,0x31,0x85,0x39,0x69,0x5a,0xcb,0x62,0x69,0x52,0x96,0xc5,0x30,0x94,
    0x91,0x9c,0x2c,0x73,0x41,0x10,0x61,0x10,0x41,0x08,0x00,0x00,0x00,0x00,0x00,0x00,
    0x61,0x08,0x61,0x10,0x6d,0x73,0xce,0x83,0xc3,0x18,0x24,0x29,0x04,0x21,0x24,0x29,
    0xf7,0xc5,0x0f,0x8c,0x61,0x10,0x24,0x29,0xa6,0x39,0xa6,0x39,0x86,0x39,0xa6,0x39,
    0xa6,0x39,0xa6,0x39,0xa6,0x39,0xa6,0x39,0xa6,0x39,0xa6,0x39,0xa6,0x39,0xa6,0x39,
    0xa6,0x39,0xa6,0x39,0xa6,0x39,0xa6,0x39,0xa6,0x39,0xa6,0x39,0xa6,0x39,0xa6,0x39,
    0xa6,0x31,0x86,0x31,0xa6,0x31,0xa6,0x31,0xa6,0x31,0xa6,0x31,0xa6,0x31,0xa6,0x31,
    0xa6,0x31,0x86,0x31,0x86,0x31,0x86,0x31,0x86,0x31,0x86,0x31,0x86,0x31,0x86,0x31,
    0x85,0x31,0x86,0x31,0x86,0x31,0x86,0x31,0x86,0x31,0x85,0x31,0x86,0x31,0x85,0x31,
    0x85,0x31,0x85,0x31,0x65,0x31,0x65,0x31,0x65,0x31,0x65,0x31,0x65,0x31,0x65,0x31,
    0x65,0x31,0x65,0x31,0x45,0x29,0x04,0x21,0xe3,0x20,0x04,0x21,0x45,0x31,0xa6,0x39,
    0x08,0x4a,0x69,0x52,0x89,0x5a,0x89,0x5a,0x49,0x52,0x08,0x4a,0xe7,0x41,0xc6,0x39,
    0xa6,0x39,0x86,0x39,0x86,0x31,0x86,0x31,0x86,0x39,0x86,0x39,0x86,0x39,0x86,0x39,
    0x86,0x39,0x66,0x31,0x66,0x31,0x65,0x31,0x65,0x31,0x65,0x31,0x86,0x31,0x86,0x31,
    0xa6,0x39,0xc7,0x41,0xe7,0x41,0x08,0x4a,0x08,0x4a,0x07,0x4a,0xc6,0x41,0x65,0x31,
    0x24,0x29,0xe3,0x20,0xc3,0x18,0xe3,0x20,0x04,0x21,0x24,0x29,0x24,0x29,0x24,0x29,
    0x24,0x29,0x24,0x21,0x24,0x29,0x24,0x21,0x24,0x21,0x24,0x21,0x24,0x21,0x24,0x21,
    0x24,0x21,0x24,0x21,0x24,0x21,0x24,0x21,0x24,0x21,0x04,0x21,0x04,0x21,0x04,0x21,
    0x04,0x21,0x04,0x21,0x04,0x21,0x04,0x21,0x04,0x21,0x04,0x21,0x04,0x21,0x03,0x21,
    0x03,0x21,0x04,0x21,0x03,0x21,0x03,0x21,0x03,0x21,0x03,0x21,0x03,0x21,0x03,0x21,
    0x03,0x21,0xe3,0x20,0xe3,0x20,0xe3,0x20,0xe3,0x20,0xe3,0x20,0xe3,0x20,0xe3,0x20,
    0xe3,0x20,0xe3,0x20,0xe3,0x18,0xe3,0x20,0xe3,0x20,0xe3,0x20,0xe3,0x18,0xe3,0x18,
    0xc3,0x18,0xc3,0x18,0xa2,0x18,0x04,0x29,0x41,0x08,0xc7,0x41,0x58,0xd6,0xc7,0x41,
    0x20,0x08,0xc3,0x20,0x20,0x08,0x48,0x52,0x17,0xce,0x04,0x29,0x61,0x08,0x62,0x10,
    0x41,0x08,0x20,0x00,0x41,0x08,0xe3,0x20,0x82,0x18,0xa6,0x39,0x48,0x52,0xe7,0x49,
    0xe7,0x49,0x03,0x21,0x00,0x00,0x40,0x08,0x20,0x08,0x20,0x08,0x40,0x08,0x41,0x08,
    0x00,0x00,0xc2,0x18,0xa6,0x41,0x86,0x39,0x65,0x31,0x44,0x31,0x24,0x31,0x58,0xd6,
    0xbe,0xf7,0x5d,0xef,0x7d,0xf7,0x7d,0xf7,0x9d,0xf7,0x9d,0xf7,0x9d,0xf7,0x9e,0xf7,
    0xdf,0xff,0xdf,0xff,0xdf,0xff,0xdf,0xff,0xde,0xff,0xde,0xff,0xff,0xff,0xfb,0xe6,
    0x34,0xb5,0xcf,0x83,0xd3,0xa4,0xb6,0xbd,0x0f,0x8c,0x61,0x10,0x00,0x00,0x03,0x21,
    0x85,0x31,0x85,0x31,0xe7,0x41,0x2c,0x73,0xa6,0x39,0x14,0xad,0x91,0xa4,0x91,0x9c,
    0x30,0x94,0x03,0x29,0x41,0x10,0x81,0x10,0x00,0x00,0x00,0x00,0x00,0x00,0x41,0x08,
    0x20,0x08,0x89,0x5a,0x50,0x94,0x24,0x21,0x24,0x29,0x45,0x29,0xe3,0x20,0x34,0xb5,
    0xb2,0x9c,0x61,0x10,0x04,0x21,0xc7,0x41,0xa6,0x39,0x86,0x31,0xa6,0x39,0xa6,0x39,
    0xa6,0x39,0xa6,0x39,0xa6,0x39,0xa6,0x39,0xa6,0x39,0xa6,0x39,0xa6,0x39,0xa6,0x39,
    0xa6,0x39,0xa6,0x39,0xa6,0x39,0xa6,0x39,0xa6,0x39,0xa6,0x39,0xa6,0x39,0xa6,0x39,
    0xa6,0x39,0xa6,0x39,0xa6,0x31,0x86,0x31,0xa6,0x31,0x86,0x31,0x86,0x31,0x86,0x31,
    0x86,0x31,0x86,0x31,0x86,0x31,0x86,0x31,0x86,0x31,0x86,0x31,0x86,0x31,0x86,0x31,
    0x86,0x31,0x86,0x31,0x86,0x31,0x85,0x31,0x85,0x31,0x86,0x31,0x85,0x31,0x85,0x31,
    0x66,0x31,0x66,0x31,0x65,0x31,0x65,0x31,0x65,0x31,0x85,0x31,0x86,0x31,0x45,0x29,
    0x04,0x21,0xe3,0x20,0x04,0x29,0xa6,0x39,0x28,0x4a,0x89,0x5a,0x8a,0x5a,0x49,0x52,
    0x28,0x4a,0x08,0x42,0xc7,0x41,0xa6,0x39,0x86,0x31,0x65,0x31,0x65,0x31,0x65,0x31,
    0x65,0x29,0x65,0x31,0x65,0x31,0x65,0x31,0x65,0x31,0x65,0x31,0x65,0x31,0x65,0x31,
    0x65,0x31,0x65,0x31,0x65,0x31,0x65,0x31,0x65,0x31,0x65,0x31,0x65,0x31,0x45,0x29,
    0x45,0x29,0x44,0x29,0x24,0x29,0x24,0x29,0x25,0x29,0x45,0x31,0x86,0x39,0xe7,0x41,
    0x08,0x4a,0x07,0x4a,0xc7,0x41,0x65,0x31,0xe4,0x20,0xc3,0x18,0xc3,0x18,0x04,0x21,
    0x24,0x29,0x24,0x29,0x24,0x29,0x24,0x21,0x24,0x21,0x24,0x21,0x24,0x29,0x24,0x21,
    0x24,0x21,0x24,0x21,0x24,0x21,0x24,0x21,0x24,0x21,0x24,0x21,0x04,0x21,0x04,0x21,
    0x04,0x21,0x04,0x21,0x04,0x21,0x04,0x21,0x04,0x21,0x04,0x21,0x04,0x21,0x03,0x21,
    0x03,0x21,0x03,0x21,0x03,0x21,0x03,0x21,0x03,0x21,0x03,0x21,0x03,0x21,0x03,0x21,
    0x03,0x21,0xe3,0x20,0x03,0x21,0xe3,0x20,0xe3,0x20,0xe3,0x20,0xe3,0x20,0xe3,0x20,
    0xe3,0x20,0xe3,0x20,0xe3,0x18,0xe3,0x20,0xe3,0x20,0xe3,0x20,0xe3,0x20,0xe3,0x18,
    0xe3,0x18,0xe3,0x18,0xc3,0x18,0xa2,0x18,0x24,0x29,0x00,0x00,0xaa,0x5a,0x58,0xd6,
    0x45,0x31,0x61,0x10,0xe3,0x20,0x00,0x00,0x8e,0x7b,0x54,0xb5,0x41,0x08,0x62,0x10,
    0x61,0x08,0x41,0x08,0x20,0x00,0x81,0x10,0xe3,0x20,0xc3,0x18,0x28,0x4a,0x08,0x4a,
    0xe7,0x41,0xc6,0x41,0x82,0x10,0x00,0x00,0x41,0x08,0x40,0x08,0x40,0x08,0x41,0x08,
    0x20,0x08,0x00,0x00,0x45,0x31,0x86,0x39,0x86,0x39,0x65,0x31,0xe3,0x28,0xcb,0x62,
    0xbe,0xff,0x5d,0xef,0x7d,0xf7,0x7d,0xf7,0x7d,0xf7,0x9d,0xf7,0x9d,0xf7,0x9e,0xf7,
    0xdf,0xff,0xdf,0xff,0xdf,0xff,0xdf,0xff,0xde,0xff,0xff,0xff,0x9e,0xf7,0xd7,0xc5,
    0x30,0x94,0x50,0x94,0x96,0xbd,0x13,0xad,0x45,0x31,0x00,0x00,0x82,0x10,0x65,0x31,
    0x85,0x31,0xa6,0x39,0x2c,0x73,0xe7,0x41,0xae,0x7b,0x33,0xb5,0x50,0x94,0x91,0x9c,
    0xe7,0x41,0x20,0x08,0xa2,0x18,0x00,0x00,0x00,0x00,0x00,0x00,0x20,0x00,0x20,0x00,
    0x45,0x29,0xd3,0xa4,0x65,0x31,0xc3,0x18,0x65,0x31,0xc3,0x18,0x51,0x94,0x95,0xbd,
    0xa2,0x18,0xe3,0x20,0xc7,0x39,0xc7,0x39,0x86,0x31,0xa6,0x39,0xa6,0x39,0xa6,0x39,
    0xa6,0x39,0xa6,0x39,0xa6,0x39,0xa6,0x39,0xa6,0x39,0xa6,0x39,0xa6,0x39,0xa6,0x39,
    0xa6,0x39,0xa6,0x39,0xa6,0x39,0xa6,0x39,0xa6,0x39,0xa6,0x39,0xa6,0x39,0xa6,0x39,
    0xa6,0x39,0xa6,0x39,0xa6,0x31,0x86,0x31,0x86,0x31,0x86,0x31,0xa6,0x31,0x86,0x31,
    0x86,0x31,0x86,0x31,0x86,0x31,0x86,0x31,0x86,0x31,0x86,0x31,0x86,0x31,0x86,0x31,
    0x86,0x31,0x85,0x31,0x85,0x31,0x86,0x31,0x85,0x31,0x85,0x31,0x85,0x31,0x85,0x31,
    0x85,0x31,0x65,0x31,0x85,0x31,0x86,0x31,0x85,0x31,0x24,0x29,0xe3,0x20,0x04,0x29,
    0x86,0x39,0x28,0x4a,0x89,0x5a,0x69,0x52,0x49,0x4a,0x08,0x4a,0xe7,0x41,0xc7,0x39,
    0xa6,0x39,0x86,0x31,0x86,0x31,0x65,0x31,0x65,0x31,0x65,0x31,0x65,0x31,0x65,0x31,
    0x65,0x31,0x65,0x31,0x65,0x31,0x65,0x31,0x24,0x29,0xa6,0x39,0x49,0x52,0xc7,0x41,
    0x86,0x39,0x45,0x31,0x65,0x31,0x65,0x31,0x65,0x31,0x65,0x31,0x65,0x31,0x45,0x29,
    0x65,0x29,0x45,0x29,0x45,0x29,0x45,0x29,0x45,0x29,0x44,0x29,0x24,0x29,0x04,0x21,
    0x04,0x21,0x24,0x29,0x86,0x31,0xe7,0x41,0x07,0x4a,0xc7,0x41,0x65,0x31,0xe3,0x20,
    0xa3,0x18,0xc3,0x18,0x04,0x21,0x24,0x29,0x24,0x21,0x24,0x21,0x24,0x21,0x24,0x21,
    0x24,0x21,0x24,0x21,0x24,0x21,0x04,0x21,0x24,0x21,0x04,0x21,0x04,0x21,0x04,0x21,
    0x04,0x21,0x04,0x21,0x04,0x21,0x04,0x21,0x04,0x21,0x04,0x21,0x04,0x21,0x03,0x21,
    0x04,0x21,0x03,0x21,0x03,0x21,0x03,0x21,0x03,0x21,0x03,0x21,0x03,0x21,0xe3,0x20,
    0xe3,0x20,0xe3,0x20,0x03,0x21,0xe3,0x20,0xe3,0x20,0xe3,0x20,0xe3,0x20,0xe3,0x20,
    0xe3,0x20,0xe3,0x20,0xe3,0x20,0xe3,0x20,0xe3,0x20,0xe3,0x20,0xe3,0x18,0xe3,0x18,
    0xe3,0x18,0xc3,0x18,0xc3,0x18,0xc2,0x18,0xc3,0x18,0x04,0x29,0x00,0x00,0xae,0x7b,
    0x17,0xce,0xa2,0x18,0x82,0x10,0xa2,0x18,0x00,0x00,0x34,0xb5,0xae,0x83,0x00,0x00,
    0x82,0x10,0x61,0x08,0x41,0x08,0x20,0x08,0xc2,0x18,0xa2,0x18,0x04,0x29,0x28,0x52,
    0xe7,0x41,0xe7,0x49,0x65,0x39,0x20,0x08,0x20,0x08,0x40,0x08,0x40,0x08,0x40,0x08,
    0x41,0x08,0x00,0x00,0x61,0x08,0xa6,0x41,0x85,0x39,0x86,0x39,0x45,0x31,0xe3,0x28,
    0x96,0xbd,0xde,0xff,0x5d,0xef,0x7d,0xf7,0x7d,0xef,0x9d,0xf7,0x9d,0xf7,0x9e,0xf7,
    0xdf,0xff,0xdf,0xff,0xdf,0xff,0xdf,0xff,0xde,0xff,0xff,0xff,0x9a,0xd6,0xd3,0xa4,
    0xce,0x83,0x55,0xb5,0x75,0xbd,0xcb,0x62,0x00,0x00,0x20,0x00,0x24,0x29,0x65,0x31,
    0x85,0x31,0x69,0x5a,0xeb,0x62,0x48,0x4a,0x75,0xbd,0x30,0x94,0x91,0x9c,0xeb,0x62,
    0x41,0x10,0x82,0x18,0x41,0x08,0x00,0x00,0x00,0x00,0x00,0x00,0x41,0x08,0x82,0x10,
    0x0f,0x8c,0xf3,0xa4,0x91,0x9c,0x86,0x31,0x82,0x10,0x2c,0x6b,0x58,0xd6,0x86,0x39,
    0xc3,0x18,0xa6,0x39,0xc7,0x39,0x86,0x31,0xa6,0x39,0xa6,0x39,0xa6,0x39,0xa6,0x39,
    0xa6,0x39,0xa6,0x39,0xa6,0x39,0xa6,0x39,0xa6,0x39,0xa6,0x39,0xa6,0x39,0xa6,0x39,
    0xa6,0x39,0xa6,0x39,0xa6,0x39,0xa6,0x39,0xa6,0x39,0xa6,0x39,0xa6,0x39,0xa6,0x31,
    0xa6,0x39,0xa6,0x31,0xa6,0x31,0xa6,0x31,0x86,0x31,0x86,0x31,0xa6,0x31,0x86,0x31,
    0x86,0x31,0x86,0x31,0x86,0x31,0x86,0x31,0x86,0x31,0x86,0x31,0x86,0x31,0x86,0x31,
    0x85,0x31,0x85,0x31,0x86,0x31,0x86,0x31,0x85,0x31,0x85,0x31,0x85,0x31,0x85,0x31,
    0x85,0x31,0x86,0x31,0x65,0x31,0x04,0x21,0xe3,0x20,0x65,0x31,0x28,0x4a,0x8a,0x5a,
    0x8a,0x5a,0x48,0x4a,0xe7,0x41,0xc7,0x39,0xa6,0x39,0x86,0x31,0x65,0x31,0x65,0x31,
    0x45,0x31,0x65,0x31,0x65,0x31,0x65,0x31,0x65,0x31,0x65,0x31,0x65,0x31,0x65,0x31,
    0x65,0x31,0x65,0x31,0x65,0x31,0x24,0x29,0xe7,0x41,0xaa,0x5a,0x49,0x52,0x4d,0x73,
    0xcb,0x62,0xa6,0x39,0x65,0x31,0x65,0x31,0x65,0x31,0x65,0x31,0x65,0x31,0x45,0x29,
    0x45,0x29,0x45,0x29,0x45,0x29,0x45,0x29,0x45,0x29,0x44,0x29,0x45,0x29,0x45,0x29,
    0x44,0x29,0x24,0x29,0x04,0x21,0xe4,0x20,0x04,0x21,0x45,0x29,0xc6,0x39,0x07,0x4a,
    0xe7,0x41,0x45,0x29,0xc3,0x18,0xc3,0x18,0x03,0x21,0x24,0x29,0x24,0x29,0x04,0x21,
    0x24,0x21,0x24,0x21,0x04,0x21,0x04,0x21,0x04,0x21,0x04,0x21,0x04,0x21,0x04,0x21,
    0x04,0x21,0x04,0x21,0x04,0x21,0x04,0x21,0x04,0x21,0x03,0x21,0x04,0x21,0x03,0x21,
    0x03,0x21,0x04,0x21,0x03,0x21,0x03,0x21,0x03,0x21,0x03,0x21,0x03,0x21,0xe3,0x20,
    0xe3,0x20,0xe3,0x20,0xe3,0x20,0xe3,0x20,0xe3,0x20,0xe3,0x20,0xe3,0x20,0xe3,0x20,
    0xe3,0x20,0xe3,0x20,0xe3,0x20,0xe3,0x20,0xe3,0x20,0xe3,0x20,0xe3,0x20,0xe3,0x20,
    0xc3,0x18,0xc3,0x18,0xc3,0x18,0xc3,0x18,0xa2,0x18,0xc3,0x18,0xe3,0x20,0x20,0x08,
    0xf3,0xa4,0x13,0xad,0x00,0x08,0x20,0x08,0x0b,0x6b,0xd6,0xc5,0x58,0xd6,0x08,0x4a,
    0x20,0x08,0xa2,0x10,0x61,0x08,0x21,0x08,0x41,0x08,0xe3,0x20,0xa2,0x18,0x86,0x39,
    0x07,0x4a,0xc7,0x41,0xe7,0x49,0xe3,0x20,0x00,0x00,0x40,0x08,0x40,0x08,0x40,0x08,
    0x40,0x08,0x41,0x08,0x00,0x00,0x04,0x29,0xa6,0x39,0x85,0x39,0x65,0x31,0x04,0x29,
    0x49,0x52,0x7d,0xf7,0x7d,0xf7,0x7d,0xf7,0x7d,0xf7,0x7d,0xf7,0x9d,0xf7,0x9d,0xf7,
    0xdf,0xff,0xdf,0xff,0xdf,0xff,0xde,0xff,0xff,0xff,0x5d,0xef,0x75,0xbd,0xef,0x8b,
    0x71,0x9c,0xb6,0xc5,0x30,0x94,0x61,0x10,0x00,0x00,0xc3,0x18,0x65,0x31,0x65,0x31,
    0xc6,0x41,0x4c,0x73,0xa6,0x39,0xb2,0x9c,0xb1,0xa4,0x91,0x9c,0xcf,0x83,0xe3,0x20,
    0x61,0x10,0x61,0x10,0x00,0x00,0x00,0x00,0x00,0x00,0x41,0x08,0x20,0x08,0x8e,0x7b,
    0x4c,0x73,0xc3,0x18,0x91,0x9c,0xb6,0xc5,0x2c,0x73,0x38,0xce,0x8a,0x5a,0xa2,0x18,
    0x86,0x39,0xa6,0x39,0x86,0x31,0xa6,0x39,0xa6,0x39,0xa6,0x39,0xa6,0x39,0xa6,0x39,
    0xa6,0x39,0xa6,0x39,0xa6,0x39,0xa6,0x39,0xa6,0x39,0xa6,0x39,0xa6,0x39,0xa6,0x39,
    0xa6,0x39,0xa6,0x39,0xa6,0x39,0xa6,0x39,0xa6,0x39,0xa6,0x39,0xa6,0x31,0xa6,0x31,
    0xa6,0x31,0xa6,0x31,0xa6,0x31,0x86,0x31,0x86,0x31,0xa6,0x31,0x86,0x31,0x86,0x31,
    0x86,0x31,0x86,0x31,0x86,0x31,0x86,0x31,0x86,0x31,0x86,0x31,0x86,0x31,0x86,0x31,
    0x86,0x31,0x86,0x31,0x86,0x31,0x86,0x31,0x85,0x31,0x85,0x31,0x85,0x31,0x86,0x31,
    0x65,0x31,0x04,0x21,0x04,0x21,0xa6,0x39,0x69,0x52,0x89,0x5a,0x49,0x52,0x08,0x4a,
    0xe7,0x41,0xc6,0x39,0x86,0x31,0x65,0x31,0x65,0x29,0x65,0x31,0x65,0x31,0x65,0x31,
    0x65,0x31,0x65,0x31,0x65,0x31,0x65,0x31,0x65,0x31,0x65,0x31,0x65,0x31,0x65,0x31,
    0x65,0x31,0x65,0x31,0x65,0x31,0x65,0x31,0x8a,0x5a,0x8a,0x5a,0xd7,0xc5,0xfb,0xe6,
    0xfb,0xe6,0xf3,0xa4,0xc7,0x41,0x45,0x29,0x65,0x31,0x65,0x31,0x65,0x29,0x45,0x29,
    0x45,0x29,0x45,0x29,0x45,0x29,0x45,0x29,0x44,0x29,0x45,0x29,0x44,0x29,0x44,0x29,
    0x44,0x29,0x44,0x29,0x44,0x29,0x44,0x29,0x24,0x29,0x04,0x21,0xe3,0x20,0x04,0x21,
    0x65,0x31,0xe7,0x41,0x07,0x4a,0x85,0x39,0xe3,0x20,0xc3,0x18,0x03,0x21,0x24,0x29,
    0x24,0x21,0x04,0x21,0x04,0x21,0x04,0x21,0x04,0x21,0x04,0x21,0x04,0x21,0x04,0x21,
    0x04,0x21,0x04,0x21,0x04,0x21,0x04,0x21,0x03,0x21,0x03,0x21,0x03,0x21,0x03,0x21,
    0x03,0x21,0x03,0x21,0x03,0x21,0x03,0x21,0xe3,0x20,0x03,0x21,0xe3,0x20,0xe3,0x20,
    0xe3,0x20,0xe3,0x20,0xe3,0x20,0xe3,0x20,0xe3,0x20,0xe3,0x20,0xe3,0x20,0xe3,0x20,
    0xe3,0x20,0xe3,0x20,0xe3,0x20,0xe3,0x20,0xe3,0x20,0xe3,0x20,0xe3,0x18,0xe3,0x20,
    0xe3,0x18,0xe3,0x18,0xc3,0x18,0xc3,0x18,0xc3,0x18,0xa2,0x18,0xc3,0x20,0xc3,0x18,
    0x82,0x18,0x17,0xce,0x0f,0x8c,0x30,0x94,0xb9,0xe6,0xe7,0x41,0x08,0x4a,0x58,0xd6,
    0x04,0x29,0x62,0x10,0x82,0x10,0x41,0x08,0x20,0x00,0x61,0x10,0x03,0x21,0xe3,0x20,
    0xe7,0x41,0xe7,0x49,0x07,0x4a,0xc7,0x41,0x81,0x10,0x20,0x00,0x40,0x08,0x40,0x08,
    0x20,0x08,0x40,0x08,0x20,0x00,0x20,0x00,0x86,0x39,0x65,0x39,0x85,0x39,0x65,0x31,
    0xe3,0x20,0xd2,0xa4,0xdf,0xff,0x5d,0xef,0x7d,0xf7,0x7d,0xf7,0x7d,0xf7,0x9d,0xf7,
    0xdf,0xff,0xdf,0xff,0xdf,0xff,0xdf,0xff,0xdf,0xff,0x38,0xce,0xd3,0xa4,0xcf,0x83,
    0x54,0xb5,0x75,0xbd,0x08,0x4a,0x00,0x00,0x41,0x08,0x44,0x31,0x85,0x31,0x86,0x39,
    0xeb,0x62,0x08,0x4a,0x0b,0x63,0x34,0xb5,0x50,0x9c,0x91,0x9c,0xc7,0x41,0x61,0x10,
    0xa2,0x18,0x00,0x00,0x00,0x00,0x00,0x00,0x41,0x08,0x41,0x08,0x89,0x52,0x71,0x9c,
    0xe3,0x20,0xe3,0x20,0xc3,0x18,0x8e,0x7b,0xfb,0xe6,0x4d,0x73,0xa2,0x18,0x86,0x39,
    0xc7,0x39,0xa6,0x39,0x86,0x39,0xa6,0x39,0xa6,0x39,0xa6,0x39,0xa6,0x39,0xa6,0x39,
    0xa6,0x39,0xa6,0x39,0xa6,0x39,0xa6,0x39,0xa6,0x39,0xa6,0x39,0xa6,0x39,0xa6,0x39,
    0xa6,0x39,0xa6,0x39,0xa6,0x39,0xa6,0x39,0xa6,0x39,0xa6,0x39,0xa6,0x39,0xa6,0x31,
    0xa6,0x39,0xa6,0x31,0xa6,0x31,0xa6,0x31,0xa6,0x31,0x86,0x31,0xa6,0x31,0xa6,0x31,
    0x86,0x31,0x86,0x31,0x86,0x31,0x86,0x31,0x86,0x31,0x85,0x31,0x86,0x31,0x86,0x31,
    0x86,0x31,0x86,0x31,0x86,0x31,0x65,0x31,0x85,0x31,0x86,0x31,0x65,0x31,0x03,0x21,
    0x04,0x21,0xe7,0x41,0x69,0x5a,0x8a,0x5a,0x49,0x52,0x08,0x4a,0xc7,0x41,0x86,0x39,
    0x65,0x31,0x65,0x31,0x65,0x31,0x65,0x31,0x65,0x31,0x65,0x31,0x65,0x31,0x65,0x31,
    0x65,0x31,0x65,0x31,0x65,0x31,0x65,0x31,0x65,0x31,0x65,0x31,0x65,0x31,0x65,0x31,
    0x65,0x31,0x65,0x31,0x45,0x29,0xc7,0x39,0x28,0x52,0x34,0xad,0x5c,0xef,0xfb,0xe6,
    0x3c,0xef,0x7d,0xf7,0x8e,0x7b,0x24,0x29,0x65,0x31,0x65,0x31,0x65,0x29,0x65,0x29,
    0x45,0x29,0x45,0x29,0x45,0x29,0x45,0x29,0x44,0x29,0x44,0x29,0x44,0x29,0x44,0x29,
    0x44,0x29,0x44,0x29,0x24,0x29,0x44,0x29,0x24,0x29,0x24,0x29,0x44,0x29,0x24,0x29,
    0x03,0x21,0xe3,0x20,0x24,0x29,0xa6,0x39,0x07,0x4a,0xa6,0x39,0xe3,0x20,0xc3,0x18,
    0x03,0x21,0x24,0x21,0x24,0x21,0x04,0x21,0x04,0x21,0x04,0x21,0x04,0x21,0x04,0x21,
    0x04,0x21,0x03,0x21,0x04,0x21,0x03,0x21,0x04,0x21,0x04,0x21,0x03,0x21,0x03,0x21,
    0x03,0x21,0x03,0x21,0x03,0x21,0x03,0x21,0x03,0x21,0x03,0x21,0xe3,0x20,0xe3,0x20,
    0xe3,0x20,0xe3,0x20,0xe3,0x20,0xe3,0x20,0xe3,0x20,0xe3,0x20,0xe3,0x20,0xe3,0x20,
    0xe3,0x20,0xe3,0x20,0xe3,0x20,0xe3,0x20,0xe3,0x20,0xe3,0x20,0xe3,0x20,0xe3,0x18,
    0xe3,0x18,0xe3,0x18,0xc3,0x18,0xc3,0x18,0xc3,0x18,0xc3,0x18,0xa2,0x18,0x04,0x21,
    0x61,0x10,0x45,0x31,0xda,0xe6,0xd6,0xc5,0x04,0x29,0x20,0x08,0x00,0x00,0x0f,0x8c,
    0x75,0xb5,0x61,0x10,0xa2,0x18,0x61,0x10,0x41,0x08,0x20,0x00,0xc2,0x18,0x03,0x21,
    0x45,0x31,0x08,0x4a,0xe7,0x49,0x07,0x4a,0x65,0x31,0x40,0x08,0x40,0x08,0x40,0x08,
    0x40,0x08,0x20,0x08,0x41,0x08,0x00,0x00,0xc3,0x18,0xa6,0x41,0x85,0x39,0x85,0x39,
    0x24,0x29,0xe7,0x41,0x1c,0xef,0x7d,0xf7,0x7d,0xef,0x7d,0xf7,0x7d,0xf7,0x9d,0xf7,
    0xdf,0xff,0xdf,0xff,0xde,0xff,0xff,0xff,0x1c,0xe7,0x96,0xbd,0x30,0x94,0x91,0x9c,
    0xd6,0xc5,0x71,0x9c,0x41,0x10,0x00,0x00,0xe3,0x20,0x65,0x31,0x65,0x31,0x28,0x4a,
    0xeb,0x6a,0xa6,0x39,0x75,0xb5,0x51,0x9c,0xd2,0xa4,0x2c,0x6b,0x82,0x18,0xc3,0x20,
    0x40,0x08,0x00,0x00,0x00,0x00,0x20,0x00,0x61,0x08,0x45,0x29,0xf3,0xa4,0xc6,0x39,
    0xe3,0x20,0x45,0x29,0xa2,0x18,0x30,0x8c,0xb2,0x9c,0x82,0x18,0x45,0x31,0xc7,0x39,
    0xa6,0x39,0x86,0x31,0xa6,0x39,0xa6,0x39,0xa6,0x39,0xa6,0x39,0xa6,0x39,0xa6,0x39,
    0xa6,0x31,0xa6,0x39,0xa6,0x39,0xa6,0x39,0xa6,0x39,0xa6,0x39,0xa6,0x39,0xa6,0x39,
    0xa6,0x39,0xa6,0x39,0xa6,0x39,0xa6,0x39,0xa6,0x39,0xa6,0x39,0xa6,0x39,0xa6,0x39,
    0xa6,0x31,0xa6,0x31,0xa6,0x31,0xa6,0x31,0xa6,0x31,0xa6,0x31,0xa6,0x31,0x86,0x31,
    0xa6,0x31,0x86,0x31,0x86,0x31,0x86,0x31,0x86,0x31,0x86,0x31,0x86,0x31,0x85,0x31,
    0x85,0x31,0x85,0x31,0x85,0x31,0x86,0x31,0x86,0x31,0x04,0x21,0x04,0x21,0xc7,0x39,
    0x69,0x52,0x49,0x52,0x28,0x4a,0x08,0x42,0xc7,0x41,0x86,0x31,0x65,0x31,0x65,0x31,
    0x85,0x31,0x85,0x31,0x65,0x31,0x65,0x31,0x65,0x31,0x65,0x31,0x65,0x31,0x65,0x31,
    0x65,0x31,0x65,0x31,0x65,0x31,0x65,0x31,0x65,0x31,0x65,0x31,0x65,0x31,0x65,0x31,
    0x65,0x31,0x65,0x31,0x65,0x29,0x86,0x39,0x49,0x52,0xf7,0xc5,0x1c,0xef,0x1c,0xe7,
    0x1c,0xe7,0x9d,0xf7,0x71,0x94,0xe3,0x20,0x65,0x31,0x65,0x31,0x65,0x29,0x65,0x29,
    0x65,0x29,0x45,0x29,0x45,0x29,0x44,0x29,0x44,0x29,0x44,0x29,0x44,0x29,0x44,0x29,
    0x44,0x29,0x44,0x29,0x24,0x29,0x44,0x29,0x44,0x29,0x24,0x29,0x24,0x29,0x24,0x29,
    0x24,0x29,0x24,0x29,0x04,0x21,0xe3,0x20,0x04,0x21,0x86,0x39,0xe7,0x41,0x86,0x39,
    0xc3,0x20,0xa3,0x18,0x03,0x21,0x24,0x21,0x04,0x21,0x04,0x21,0x04,0x21,0x04,0x21,
    0x03,0x21,0x04,0x21,0x03,0x21,0x04,0x21,0x03,0x21,0x03,0x21,0x03,0x21,0x03,0x21,
    0x03,0x21,0x03,0x21,0x03,0x21,0x03,0x21,0x03,0x21,0x03,0x21,0xe3,0x20,0xe3,0x20,
    0x03,0x21,0xe3,0x20,0xe3,0x20,0xe3,0x20,0xe3,0x20,0xe3,0x20,0xe3,0x20,0xe3,0x20,
    0xe3,0x20,0xe3,0x20,0xe3,0x20,0xe3,0x20,0xe3,0x20,0xe3,0x20,0xe3,0x20,0xe3,0x20,
    0xe3,0x20,0xe3,0x18,0xe3,0x18,0xc3,0x18,0xc3,0x18,0xc3,0x18,0xc3,0x18,0xa2,0x18,
    0x04,0x29,0x00,0x00,0xaa,0x5a,0xf7,0xcd,0xa2,0x18,0x81,0x10,0xa2,0x18,0x41,0x10,
    0xd6,0xc5,0xae,0x7b,0x00,0x00,0x82,0x10,0x41,0x08,0x20,0x08,0x41,0x08,0x03,0x21,
    0x04,0x29,0xc6,0x41,0x07,0x4a,0xc6,0x41,0xc7,0x41,0xe3,0x20,0x20,0x00,0x40,0x08,
    0x40,0x08,0x40,0x08,0x40,0x08,0x20,0x08,0x00,0x00,0x85,0x39,0x86,0x39,0x85,0x39,
    0x45,0x31,0xe3,0x20,0x50,0x94,0xdf,0xff,0x5d,0xef,0x7d,0xf7,0x7d,0xf7,0x7d,0xf7,
    0xdf,0xff,0xdf,0xff,0xdf,0xff,0xdf,0xff,0x18,0xce,0xf3,0xa4,0xef,0x8b,0x55,0xb5,
    0x75,0xbd,0x08,0x4a,0x00,0x00,0x61,0x08,0x44,0x31,0x65,0x31,0x86,0x39,0x0b,0x6b,
    0x65,0x31,0x50,0x8c,0x34,0xb5,0x91,0x9c,0x50,0x94,0x24,0x31,0xe3,0x20,0x82,0x10,
    0x00,0x00,0x00,0x00,0x00,0x00,0x61,0x08,0x61,0x10,0x50,0x94,0x2c,0x6b,0xc3,0x18,
    0x65,0x31,0xc3,0x18,0x0c,0x6b,0xf7,0xcd,0x24,0x29,0xe3,0x20,0xa6,0x39,0xa6,0x39,
    0x86,0x31,0xa6,0x39,0xa6,0x39,0xa6,0x39,0xa6,0x39,0xa6,0x39,0xa6,0x39,0xa6,0x39,
    0xa6,0x39,0xa6,0x39,0xa6,0x39,0xa6,0x39,0xa6,0x39,0xa6,0x39,0xa6,0x39,0xa6,0x39,
    0xa6,0x39,0xa6,0x39,0xa6,0x39,0xa6,0x39,0xa6,0x39,0xa6,0x39,0xa6,0x39,0xa6,0x31,
    0xa6,0x31,0xa6,0x31,0xa6,0x31,0xa6,0x31,0xa6,0x31,0xa6,0x31,0xa6,0x31,0x86,0x31,
    0x86,0x31,0x86,0x31,0x86,0x31,0x86,0x31,0x86,0x31,0x86,0x31,0x86,0x31,0x85,0x31,
    0x85,0x31,0x86,0x31,0xa6,0x31,0x45,0x29,0xe4,0x20,0xa6,0x39,0x69,0x5a,0x49,0x52,
    0xe7,0x41,0xe7,0x39,0xa6,0x39,0x65,0x31,0x65,0x31,0x65,0x31,0x86,0x31,0x85,0x31,
    0x85,0x31,0x65,0x31,0x65,0x31,0x65,0x31,0x65,0x31,0x65,0x31,0x65,0x31,0x65,0x31,
    0x65,0x31,0x65,0x31,0x65,0x31,0x65,0x31,0x65,0x31,0x65,0x31,0x65,0x31,0x65,0x31,
    0x65,0x31,0x65,0x31,0x65,0x31,0x65,0x29,0x86,0x39,0xb2,0xa4,0x7d,0xf7,0x3c,0xef,
    0x7d,0xf7,0x3c,0xef,0xeb,0x62,0xc3,0x20,0x65,0x31,0x65,0x31,0x65,0x29,0x45,0x29,
    0x45,0x29,0x45,0x29,0x45,0x29,0x45,0x29,0x44,0x29,0x44,0x29,0x44,0x29,0x44,0x29,
    0x44,0x29,0x44,0x29,0x44,0x29,0x44,0x29,0x44,0x29,0x44,0x29,0x44,0x29,0x44,0x29,
    0x24,0x29,0x24,0x29,0x24,0x29,0x24,0x29,0x24,0x21,0xe3,0x18,0xe3,0x20,0x65,0x31,
    0xe7,0x41,0x65,0x31,0xc3,0x18,0xc3,0x18,0x24,0x21,0x04,0x21,0x04,0x21,0x04,0x21,
    0x04,0x21,0x03,0x21,0x03,0x21,0x03,0x21,0x03,0x21,0x03,0x21,0x03,0x21,0x03,0x21,
    0x03,0x21,0x03,0x21,0xe3,0x20,0x03,0x21,0xe3,0x20,0xe3,0x20,0xe3,0x20,0xe3,0x20,
    0x03,0x21,0xe3,0x20,0x03,0x21,0x03,0x21,0xe3,0x20,0xe3,0x20,0xe3,0x20,0xe3,0x20,
    0xe3,0x20,0xe3,0x20,0xe3,0x18,0xe3,0x20,0xe3,0x20,0xe3,0x20,0xe3,0x20,0xe3,0x20,
    0xe3,0x20,0xe3,0x20,0xe3,0x18,0xc3,0x18,0xc3,0x18,0xc3,0x18,0xc3,0x18,0xc2,0x18,
    0xc3,0x18,0x03,0x21,0x00,0x00,0x71,0x94,0x34,0xb5,0x20,0x08,0xc2,0x18,0x61,0x10,
    0x65,0x31,0x58,0xd6,0x85,0x31,0x21,0x08,0x62,0x10,0x41,0x08,0x20,0x00,0x81,0x10,
    0x24,0x29,0x44,0x29,0x28,0x4a,0xc6,0x41,0xa6,0x41,0x86,0x39,0x61,0x08,0x20,0x00,
    0x40,0x08,0x40,0x08,0x40,0x08,0x41,0x08,0x00,0x00,0x82,0x10,0xa6,0x41,0x85,0x39,
    0x65,0x31,0x24,0x29,0x85,0x39,0xda,0xe6,0x9d,0xf7,0x7d,0xef,0x7d,0xf7,0x7d,0xf7,
    0xdf,0xff,0xde,0xff,0xff,0xff,0xfb,0xe6,0x55,0xb5,0x30,0x94,0xb2,0xa4,0x96,0xbd,
    0xef,0x8b,0x20,0x08,0x00,0x00,0x04,0x29,0x65,0x31,0x65,0x31,0x48,0x52,0x69,0x52,
    0xe7,0x41,0x75,0xbd,0x30,0x94,0xb2,0xa4,0x69,0x5a,0xa2,0x18,0xe3,0x20,0x00,0x00,
    0x00,0x00,0x00,0x00,0x41,0x08,0x41,0x08,0xaa,0x5a,0xb2,0x9c,0x03,0x21,0x45,0x29,
    0x24,0x29,0xe7,0x41,0x59,0xd6,0x69,0x52,0x82,0x18,0x86,0x31,0xa6,0x39,0x86,0x31,
    0x86,0x31,0x86,0x31,0xa6,0x39,0xa6,0x31,0xa6,0x31,0xa6,0x39,0xa6,0x39,0xa6,0x39,
    0xa6,0x39,0xa6,0x39,0xa6,0x39,0xa6,0x39,0xa6,0x39,0xa6,0x39,0xa6,0x39,0xa6,0x39,
    0xa6,0x39,0xa6,0x39,0xa6,0x39,0xa6,0x39,0xa6,0x39,0xa6,0x31,0xa6,0x31,0xa6,0x31,
    0xa6,0x31,0xa6,0x31,0xa6,0x31,0xa6,0x31,0x86,0x31,0xa6,0x31,0x86,0x31,0x86,0x31,
    0x86,0x31,0x86,0x31,0x86,0x31,0x86,0x31,0x86,0x31,0x86,0x31,0x85,0x31,0x85,0x31,
    0x86,0x31,0x65,0x31,0xe4,0x20,0x86,0x39,0xaa,0x5a,0x8a,0x5a,0x28,0x4a,0xe7,0x41,
    0x86,0x31,0x45,0x29,0x45,0x29,0x65,0x31,0x65,0x31,0x85,0x31,0x85,0x31,0x85,0x31,
    0x85,0x31,0x65,0x31,0x65,0x31,0x85,0x31,0x85,0x31,0x65,0x29,0x65,0x31,0x65,0x31,
    0x65,0x31,0x65,0x31,0x65,0x31,0x65,0x31,0x65,0x31,0x65,0x31,0x65,0x31,0x65,0x31,
    0x65,0x31,0x65,0x29,0x65,0x31,0x65,0x29,0x04,0x29,0x08,0x4a,0x14,0xad,0xba,0xde,
    0x79,0xd6,0xce,0x83,0xe3,0x20,0x04,0x21,0x65,0x31,0x65,0x29,0x45,0x29,0x45,0x29,
    0x45,0x29,0x45,0x29,0x45,0x29,0x45,0x29,0x44,0x29,0x44,0x29,0x44,0x29,0x44,0x29,
    0x24,0x29,0x44,0x29,0x24,0x29,0x44,0x29,0x44,0x29,0x44,0x29,0x24,0x29,0x44,0x29,
    0x24,0x29,0x24,0x29,0x24,0x29,0x24,0x29,0x24,0x21,0x24,0x29,0x04,0x21,0xc3,0x18,
    0xe3,0x20,0x86,0x39,0xe7,0x41,0x24,0x29,0xa3,0x18,0xe3,0x20,0x24,0x21,0x04,0x21,
    0x04,0x21,0x03,0x21,0x03,0x21,0x03,0x21,0x03,0x21,0x04,0x21,0x03,0x21,0x03,0x21,
    0x03,0x21,0x03,0x21,0x03,0x21,0xe3,0x20,0xe3,0x20,0xe3,0x20,0xe3,0x20,0xe3,0x20,
    0xe3,0x20,0xe3,0x20,0xe3,0x20,0xe3,0x20,0xe3,0x20,0xe3,0x20,0xe3,0x20,0xe3,0x20,
    0xe3,0x20,0xe3,0x20,0xe3,0x20,0xe3,0x20,0xe3,0x18,0xe3,0x20,0xe3,0x18,0xe3,0x20,
    0xe3,0x20,0xe3,0x20,0xe3,0x18,0xe3,0x18,0xc3,0x18,0xc3,0x18,0xc3,0x18,0xc3,0x18,
    0xa2,0x18,0xe3,0x20,0xc3,0x20,0x61,0x10,0x17,0xce,0x4c,0x73,0x20,0x08,0xc3,0x18,
    0x00,0x00,0x6d,0x73,0x95,0xbd,0x20,0x08,0x82,0x10,0x61,0x10,0x41,0x08,0x41,0x08,
    0xc3,0x20,0x24,0x29,0xa6,0x39,0x07,0x4a,0xa6,0x39,0xc6,0x41,0x24,0x29,0x20,0x00,
    0x40,0x08,0x40,0x08,0x40,0x08,0x40,0x08,0x41,0x08,0x00,0x00,0x45,0x31,0xa6,0x41,
    0x86,0x39,0x45,0x31,0xc2,0x20,0x0f,0x8c,0xdf,0xff,0x5c,0xef,0x7d,0xef,0x7d,0xf7,
    0xdf,0xff,0xde,0xff,0xdf,0xff,0x18,0xce,0xb2,0x9c,0x30,0x94,0x75,0xb5,0x34,0xad,
    0xa6,0x39,0x00,0x00,0xa2,0x10,0x65,0x31,0x65,0x31,0x86,0x39,0xeb,0x6a,0x45,0x29,
    0x91,0x94,0x91,0xa4,0x91,0x9c,0xce,0x83,0xe3,0x20,0xe3,0x20,0x61,0x10,0x00,0x00,
    0x00,0x00,0x20,0x00,0x61,0x10,0x24,0x29,0xf3,0xac,0xe7,0x41,0xe3,0x20,0x65,0x31,
    0x04,0x21,0x95,0xbd,0x30,0x8c,0xa2,0x18,0x65,0x31,0xa6,0x39,0x86,0x31,0x86,0x31,
    0x86,0x31,0x86,0x31,0xa6,0x31,0xa6,0x39,0xa6,0x39,0xa6,0x39,0xa6,0x39,0xa6,0x39,
    0xa6,0x39,0xa6,0x39,0xa6,0x39,0xa6,0x39,0xa6,0x39,0xa6,0x39,0xa6,0x39,0xa6,0x39,
    0xa6,0x39,0xa6,0x39,0xa6,0x39,0xa6,0x39,0xa6,0x39,0xa6,0x31,0xa6,0x31,0xa6,0x31,
    0xa6,0x31,0xa6,0x31,0xa6,0x31,0x86,0x31,0x86,0x31,0x86,0x31,0x86,0x31,0x86,0x31,
    0x86,0x31,0x86,0x31,0x86,0x31,0x86,0x31,0x86,0x31,0x66,0x31,0x86,0x31,0x86,0x31,
    0x04,0x21,0x04,0x29,0x49,0x52,0xcb,0x62,0x69,0x52,0x28,0x4a,0xc7,0x39,0x44,0x29,
    0x24,0x29,0x45,0x29,0x65,0x31,0x65,0x31,0x65,0x31,0x65,0x31,0x85,0x31,0x85,0x31,
    0x85,0x31,0x65,0x31,0x65,0x31,0x65,0x31,0x65,0x31,0x65,0x31,0x65,0x31,0x65,0x31,
    0x65,0x31,0x65,0x31,0x65,0x29,0x65,0x31,0x65,0x31,0x65,0x31,0x65,0x31,0x65,0x31,
    0x65,0x31,0x65,0x31,0x65,0x31,0x65,0x31,0x45,0x29,0xe3,0x20,0x24,0x29,0xe7,0x41,
    0x85,0x39,0xa2,0x18,0xe3,0x18,0x45,0x29,0x45,0x29,0x65,0x29,0x65,0x29,0x45,0x29,
    0x45,0x29,0x44,0x29,0x44,0x29,0x44,0x29,0x44,0x29,0x44,0x29,0x44,0x29,0x24,0x29,
    0x24,0x29,0x44,0x29,0x44,0x29,0x24,0x29,0x24,0x29,0x24,0x29,0x24,0x29,0x24,0x29,
    0x24,0x29,0x24,0x29,0x24,0x29,0x24,0x29,0x04,0x21,0xe3,0x20,0x03,0x21,0x04,0x21,
    0x04,0x21,0xc3,0x18,0x24,0x29,0xc7,0x41,0xa6,0x39,0xe3,0x20,0xc3,0x18,0x04,0x21,
    0x04,0x21,0x03,0x21,0x03,0x21,0x04,0x21,0x03,0x21,0x03,0x21,0x03,0x21,0x03,0x21,
    0x03,0x21,0x03,0x21,0x03,0x21,0xe3,0x20,0x03,0x21,0xe3,0x20,0x03,0x21,0xe3,0x20,
    0xe3,0x20,0xe3,0x20,0xe3,0x20,0xe3,0x20,0xe3,0x20,0xe3,0x20,0xe3,0x20,0xe3,0x20,
    0xe3,0x18,0xe3,0x20,0xe3,0x20,0xe3,0x20,0xe3,0x20,0xe3,0x20,0xe3,0x20,0xe3,0x20,
    0xe3,0x20,0xe3,0x20,0xe3,0x18,0xe3,0x18,0xc3,0x18,0xe3,0x18,0xe3,0x18,0xc3,0x18,
    0xc3,0x18,0xa2,0x18,0x04,0x29,0x61,0x10,0xc7,0x41,0xb9,0xde,0x45,0x31,0x61,0x10,
    0x82,0x10,0x41,0x08,0xb6,0xbd,0x4c,0x73,0x00,0x00,0xa2,0x18,0x61,0x10,0x41,0x08,
    0x61,0x10,0x24,0x29,0x24,0x29,0xe7,0x49,0xc6,0x41,0xa6,0x41,0xa6,0x41,0x82,0x10,
    0x20,0x00,0x40,0x08,0x40,0x08,0x40,0x08,0x41,0x08,0x20,0x00,0x61,0x10,0xc6,0x41,
    0x85,0x39,0x85,0x39,0x04,0x29,0x44,0x31,0x9a,0xde,0x9d,0xf7,0x5d,0xef,0x7d,0xf7,
    0xde,0xff,0xff,0xff,0x1c,0xe7,0x55,0xb5,0xef,0x8b,0xd3,0xa4,0xb6,0xc5,0xae,0x7b,
    0x20,0x00,0x20,0x00,0x24,0x29,0x65,0x31,0x65,0x31,0x69,0x5a,0x28,0x4a,0x49,0x4a,
    0x13,0xb5,0x30,0x94,0x92,0x9c,0xe7,0x41,0x81,0x18,0xe3,0x20,0x00,0x00,0x00,0x00,
    0x00,0x00,0x61,0x10,0x41,0x08,0x8d,0x7b,0x0b,0x6b,0x61,0x10,0x65,0x31,0xc3,0x18,
    0xae,0x7b,0xb6,0xbd,0xe3,0x20,0x45,0x29,0xa6,0x39,0x86,0x31,0x86,0x31,0x86,0x31,
    0xa6,0x31,0xa6,0x39,0xa6,0x31,0xa6,0x39,0xa6,0x39,0xa6,0x39,0xa6,0x39,0xa6,0x39,
    0xa6,0x39,0xa6,0x39,0xa6,0x39,0xa6,0x39,0xa6,0x39,0xa6,0x39,0xa6,0x39,0xa6,0x39,
    0xa6,0x39,0xa6,0x39,0xa6,0x39,0xa6,0x39,0xa6,0x39,0xa6,0x31,0xa6,0x31,0xa6,0x31,
    0xa6,0x31,0xa6,0x31,0x86,0x31,0x86,0x31,0x86,0x31,0x86,0x31,0x86,0x31,0x86,0x31,
    0x86,0x31,0x86,0x31,0x85,0x31,0x86,0x31,0x85,0x31,0x86,0x31,0x65,0x29,0xc3,0x18,
    0xa6,0x39,0xcb,0x62,0x8a,0x5a,0x28,0x4a,0x07,0x42,0x86,0x31,0x65,0x31,0x07,0x42,
    0xe7,0x41,0xc7,0x39,0x65,0x31,0x65,0x31,0x85,0x31,0x65,0x31,0x65,0x31,0x65,0x31,
    0x85,0x31,0x65,0x31,0x65,0x31,0x65,0x31,0x65,0x31,0x65,0x31,0x65,0x31,0x65,0x31,
    0x65,0x31,0x65,0x31,0x65,0x31,0x65,0x31,0x65,0x31,0x65,0x31,0x65,0x31,0x65,0x31,
    0x65,0x29,0x65,0x31,0x65,0x31,0x65,0x29,0x65,0x31,0x65,0x29,0x24,0x29,0xe3,0x20,
    0xe3,0x18,0x24,0x21,0x45,0x29,0x45,0x29,0x45,0x29,0x45,0x29,0x45,0x29,0x45,0x29,
    0x45,0x29,0x44,0x29,0x44,0x29,0x44,0x29,0x44,0x29,0x44,0x29,0x44,0x29,0x24,0x29,
    0x24,0x29,0x24,0x29,0x44,0x29,0x44,0x29,0x24,0x29,0x44,0x29,0x44,0x29,0x24,0x29,
    0x24,0x29,0x24,0x29,0x24,0x29,0x04,0x21,0x24,0x29,0x86,0x39,0x24,0x29,0x24,0x29,
    0x24,0x29,0x24,0x29,0x04,0x21,0xe3,0x20,0x45,0x31,0xe7,0x41,0x65,0x31,0xa2,0x18,
    0xe3,0x20,0x24,0x21,0x03,0x21,0x03,0x21,0x03,0x21,0x04,0x21,0x03,0x21,0x03,0x21,
    0x03,0x21,0x03,0x21,0x03,0x21,0xe3,0x20,0x03,0x21,0x03,0x21,0x03,0x21,0xe3,0x20,
    0xe3,0x20,0xe3,0x20,0xe3,0x20,0xe3,0x20,0xe3,0x20,0xe3,0x20,0xe3,0x20,0xe3,0x20,
    0xe3,0x20,0xe3,0x20,0xe3,0x18,0xe3,0x20,0xe3,0x20,0xe3,0x20,0xe3,0x20,0xe3,0x20,
    0xe3,0x20,0xe3,0x20,0xe3,0x20,0xe3,0x18,0xe3,0x18,0xe3,0x18,0xe3,0x18,0xc3,0x18,
    0xc3,0x18,0xc2,0x18,0xa2,0x18,0x24,0x29,0x00,0x08,0xcf,0x83,0x54,0xb5,0x00,0x00,
    0xa2,0x18,0x00,0x00,0x24,0x29,0x17,0xce,0x04,0x21,0x61,0x10,0x82,0x10,0x61,0x08,
    0x41,0x08,0xc2,0x18,0x24,0x29,0x65,0x31,0x08,0x4a,0xa6,0x41,0xc7,0x41,0x44,0x29,
    0x20,0x00,0x40,0x08,0x40,0x08,0x40,0x08,0x40,0x08,0x41,0x08,0x00,0x00,0x24,0x29,
    0xa6,0x39,0x86,0x39,0x65,0x31,0xc2,0x20,0xef,0x83,0xde,0xff,0x5c,0xef,0x7d,0xef,
    0xdf,0xff,0xbe,0xff,0xf7,0xc5,0x92,0x9c,0xef,0x83,0x75,0xbd,0x14,0xad,0x45,0x31,
    0x00,0x00,0xa2,0x18,0x65,0x31,0x65,0x31,0xa6,0x39,0x0b,0x6b,0x45,0x29,0x91,0x9c,
    0x30,0x94,0x71,0x9c,0x4d,0x73,0x61,0x10,0xa2,0x18,0x41,0x08,0x00,0x00,0x00,0x00,
    0x41,0x08,0x61,0x08,0x86,0x39,0x13,0xad,0x10,0x8c,0xc7,0x41,0x82,0x10,0xc7,0x39,
    0x38,0xce,0x28,0x4a,0xe3,0x20,0xa6,0x39,0xa6,0x39,0x86,0x31,0x86,0x31,0xa6,0x31,
    0xa6,0x31,0xa6,0x39,0xa6,0x39,0xa6,0x39,0xa6,0x39,0xa6,0x39,0xa6,0x39,0xa6,0x39,
    0xa6,0x39,0xa6,0x39,0xa6,0x39,0xa6,0x39,0xa6,0x39,0xa6,0x39,0xa6,0x39,0xa6,0x39,
    0xa6,0x39,0xa6,0x39,0xa6,0x31,0xa6,0x31,0xa6,0x31,0xa6,0x31,0xa6,0x31,0xa6,0x31,
    0xa6,0x31,0x86,0x31,0x86,0x31,0x86,0x31,0x86,0x31,0x86,0x31,0x86,0x31,0x86,0x31,
    0x86,0x31,0x86,0x31,0x85,0x31,0x85,0x31,0xa6,0x31,0x24,0x29,0x04,0x21,0x69,0x52,
    0xcb,0x62,0x28,0x4a,0xe7,0x41,0xa6,0x39,0x65,0x31,0xa6,0x39,0xcb,0x62,0x49,0x52,
    0xeb,0x62,0xeb,0x62,0x08,0x4a,0x66,0x31,0x65,0x31,0x65,0x31,0x65,0x31,0x85,0x31,
    0x65,0x31,0x65,0x31,0x65,0x31,0x65,0x31,0x65,0x31,0x65,0x31,0x65,0x31,0x65,0x31,
    0x65,0x31,0x65,0x29,0x65,0x31,0x65,0x31,0x65,0x31,0x65,0x31,0x65,0x31,0x65,0x29,
    0x65,0x29,0x65,0x29,0x65,0x29,0x65,0x29,0x65,0x29,0x65,0x29,0x65,0x31,0x65,0x31,
    0x65,0x31,0x65,0x29,0x45,0x29,0x45,0x29,0x45,0x29,0x45,0x29,0x45,0x29,0x45,0x29,
    0x45,0x29,0x44,0x29,0x44,0x29,0x44,0x29,0x44,0x29,0x44,0x29,0x44,0x29,0x44,0x29,
    0x24,0x29,0x24,0x29,0x24,0x29,0x24,0x29,0x44,0x29,0x24,0x29,0x24,0x29,0x24,0x29,
    0x24,0x29,0x24,0x29,0x03,0x21,0x86,0x31,0xaa,0x5a,0xe7,0x49,0x69,0x52,0x08,0x4a,
    0x65,0x31,0x24,0x29,0x24,0x21,0x24,0x29,0xe3,0x18,0xe3,0x20,0xa6,0x39,0xc6,0x39,
    0xc3,0x18,0xc3,0x18,0x04,0x21,0x04,0x21,0x03,0x21,0x03,0x21,0x03,0x21,0x03,0x21,
    0x03,0x21,0x03,0x21,0x03,0x21,0xe3,0x20,0xe3,0x20,0x03,0x21,0x03,0x21,0xe3,0x20,
    0x03,0x21,0xe3,0x20,0xe3,0x20,0xe3,0x20,0xe3,0x20,0xe3,0x20,0xe3,0x20,0xe3,0x20,
    0xe3,0x20,0xe3,0x18,0xe3,0x20,0xe3,0x20,0xe3,0x20,0xe3,0x20,0xe3,0x18,0xe3,0x18,
    0xe3,0x20,0xe3,0x20,0xe3,0x20,0xe3,0x18,0xe3,0x18,0xe3,0x18,0xe3,0x18,0xc3,0x18,
    0xc3,0x18,0xc3,0x18,0xc2,0x18,0xc3,0x18,0xe3,0x20,0x41,0x08,0xb6,0xbd,0x6d,0x73,
    0x00,0x00,0x04,0x29,0x30,0x8c,0xdb,0xe6,0x71,0x94,0x41,0x08,0xa2,0x18,0x61,0x10,
    0x41,0x08,0x41,0x08,0x03,0x21,0xc3,0x18,0xe7,0x41,0xe7,0x41,0xa6,0x41,0xa6,0x41,
    0x82,0x18,0x20,0x00,0x40,0x08,0x40,0x08,0x40,0x08,0x41,0x08,0x00,0x00,0x61,0x08,
    0xc6,0x41,0x85,0x39,0x85,0x39,0x04,0x29,0xa6,0x39,0xdb,0xe6,0x7d,0xf7,0x5d,0xef,
    0xff,0xff,0x1b,0xe7,0x34,0xad,0xae,0x83,0xb2,0x9c,0x96,0xbd,0x6d,0x7b,0x00,0x00,
    0x20,0x00,0x24,0x29,0x65,0x31,0x65,0x31,0x69,0x5a,0x28,0x4a,0xeb,0x62,0x13,0xad,
    0x0f,0x8c,0x51,0x94,0x65,0x31,0x40,0x08,0x81,0x10,0x00,0x00,0x00,0x00,0x00,0x00,
    0x81,0x10,0xa2,0x18,0x30,0x8c,0x34,0xad,0x96,0xbd,0xd7,0xc5,0x6d,0x7b,0x34,0xad,
    0xef,0x83,0xa2,0x18,0x85,0x31,0xa6,0x39,0x86,0x31,0x86,0x31,0x86,0x31,0x86,0x31,
    0xa6,0x39,0xa6,0x31,0xa6,0x39,0xa6,0x39,0xa6,0x39,0xa6,0x39,0xa6,0x39,0xa6,0x39,
    0xa6,0x39,0xa6,0x39,0xa6,0x39,0xa6,0x39,0xa6,0x39,0xa6,0x39,0xa6,0x31,0xa6,0x39,
    0xa6,0x31,0xa6,0x31,0xa6,0x31,0xa6,0x39,0xa6,0x31,0xa6,0x31,0xa6,0x31,0xa6,0x31,
    0x86,0x31,0x86,0x31,0x86,0x31,0x86,0x31,0x86,0x31,0x86,0x31,0x86,0x31,0x86,0x31,
    0x86,0x31,0x85,0x31,0x85,0x31,0xa6,0x31,0x04,0x21,0x45,0x31,0xeb,0x62,0xaa,0x5a,
    0x08,0x4a,0xc7,0x39,0x65,0x29,0x65,0x31,0x45,0x29,0xcb,0x62,0x8a,0x5a,0x34,0xad,
    0xba,0xde,0xda,0xde,0xd3,0xa4,0xc7,0x41,0x24,0x29,0x65,0x31,0x65,0x31,0x65,0x31,
    0x65,0x31,0x85,0x31,0x65,0x31,0x65,0x31,0x65,0x31,0x65,0x31,0x65,0x31,0x65,0x31,
    0x65,0x29,0x65,0x31,0x65,0x31,0x65,0x31,0x65,0x31,0x65,0x31,0x65,0x31,0x65,0x31,
    0x65,0x29,0x65,0x29,0x65,0x29,0x65,0x29,0x65,0x29,0x65,0x29,0x65,0x29,0x45,0x29,
    0x45,0x29,0x45,0x29,0x45,0x29,0x45,0x29,0x45,0x29,0x45,0x29,0x45,0x29,0x45,0x29,
    0x45,0x29,0x44,0x29,0x44,0x29,0x44,0x29,0x44,0x29,0x44,0x29,0x44,0x29,0x24,0x29,
    0x44,0x29,0x44,0x29,0x44,0x29,0x24,0x29,0x24,0x29,0x24,0x29,0x24,0x29,0x24,0x29,
    0x24,0x29,0x24,0x21,0x04,0x21,0xaa,0x5a,0xaa,0x5a,0x75,0xb5,0xda,0xe6,0xba,0xde,
    0xef,0x83,0x65,0x31,0x04,0x21,0x04,0x21,0x04,0x21,0xe3,0x20,0xc3,0x18,0x45,0x31,
    0xe7,0x41,0x24,0x29,0xa2,0x18,0x04,0x21,0x04,0x21,0x03,0x21,0x03,0x21,0x03,0x21,
    0x03,0x21,0xe3,0x20,0xe3,0x20,0x03,0x21,0xe3,0x20,0x03,0x21,0x03,0x21,0x03,0x21,
    0xe3,0x20,0xe3,0x20,0xe3,0x20,0xe3,0x20,0xe3,0x20,0xe3,0x20,0xe3,0x20,0xe3,0x20,
    0xe3,0x20,0xe3,0x20,0xe3,0x20,0xe3,0x20,0xe3,0x20,0xe3,0x20,0xe3,0x18,0xe3,0x18,
    0xe3,0x20,0xe3,0x20,0xe3,0x20,0xe3,0x18,0xe3,0x18,0xe3,0x18,0xe3,0x18,0xe3,0x18,
    0xc3,0x18,0xc3,0x18,0xc3,0x18,0xa2,0x18,0xe4,0x20,0x61,0x10,0xa6,0x39,0x99,0xde,
    0xef,0x83,0x18,0xce,0xfb,0xee,0x79,0xde,0xfb,0xee,0x49,0x52,0x41,0x08,0x82,0x10,
    0x41,0x08,0x20,0x00,0xa2,0x10,0xc3,0x18,0x24,0x29,0x08,0x4a,0xc6,0x41,0xc7,0x41,
    0x45,0x31,0x20,0x08,0x40,0x08,0x40,0x08,0x40,0x08,0x40,0x08,0x41,0x08,0x00,0x00,
    0x45,0x31,0xc6,0x41,0x86,0x39,0x45,0x31,0xc3,0x20,0x30,0x94,0xbe,0xff,0x5c,0xef,
    0xdf,0xff,0x18,0xc6,0x51,0x94,0xce,0x83,0x54,0xb5,0xf3,0xac,0x65,0x31,0x00,0x00,
    0xa2,0x10,0x45,0x31,0x45,0x31,0xa6,0x39,0xeb,0x62,0x65,0x31,0xd3,0xa4,0x50,0x94,
    0x92,0x9c,0x0b,0x6b,0x61,0x10,0x81,0x10,0x20,0x00,0x00,0x00,0x00,0x00,0x41,0x08,
    0x61,0x10,0xeb,0x62,0x75,0xbd,0x34,0xb5,0xb6,0xbd,0xf7,0xc5,0x79,0xde,0x75,0xb5,
    0x04,0x21,0x04,0x29,0xa6,0x39,0x86,0x31,0x86,0x31,0x86,0x31,0x86,0x31,0x86,0x31,
    0xa6,0x31,0xa6,0x39,0xa6,0x39,0xa6,0x39,0xa6,0x39,0xa6,0x39,0xa6,0x39,0xa6,0x39,
    0xa6,0x39,0xa6,0x39,0xa6,0x39,0xa6,0x39,0xa6,0x39,0xa6,0x39,0xa6,0x31,0xa6,0x31,
    0xa6,0x31,0xa6,0x39,0xa6,0x39,0xa6,0x31,0xa6,0x31,0xa6,0x31,0xa6,0x31,0xa6,0x31,
    0x86,0x31,0x86,0x31,0x86,0x31,0x86,0x31,0x86,0x31,0x86,0x31,0x86,0x31,0x85,0x31,
    0x85,0x31,0x86,0x31,0x86,0x31,0xe3,0x20,0xa6,0x39,0xeb,0x6a,0x69,0x52,0x08,0x4a,
    0xa6,0x39,0x45,0x29,0x65,0x31,0x45,0x29,0xc6,0x39,0x69,0x52,0x92,0x9c,0x9d,0xf7,
    0x3c,0xef,0x5d,0xef,0x9e,0xf7,0x6d,0x7b,0xe3,0x20,0x65,0x29,0x65,0x31,0x65,0x31,
    0x85,0x31,0x85,0x31,0x65,0x31,0x65,0x31,0x65,0x31,0x65,0x31,0x65,0x31,0x65,0x31,
    0x65,0x31,0x65,0x31,0x65,0x31,0x65,0x29,0x65,0x31,0x65,0x29,0x65,0x29,0x65,0x31,
    0x65,0x29,0x65,0x29,0x65,0x29,0x65,0x29,0x65,0x29,0x65,0x29,0x65,0x29,0x45,0x29,
    0x45,0x29,0x45,0x29,0x45,0x29,0x45,0x29,0x45,0x29,0x45,0x29,0x45,0x29,0x45,0x29,
    0x44,0x29,0x44,0x29,0x44,0x29,0x44,0x29,0x44,0x29,0x44,0x29,0x44,0x29,0x44,0x29,
    0x44,0x29,0x44,0x29,0x24,0x29,0x24,0x29,0x24,0x29,0x24,0x29,0x24,0x29,0x24,0x29,
    0x24,0x29,0xe3,0x20,0x86,0x31,0x49,0x52,0x34,0xad,0x9d,0xf7,0x3c,0xef,0x7d,0xf7,
    0x3c,0xef,0x8a,0x5a,0xc3,0x18,0x03,0x21,0x04,0x21,0x04,0x21,0x04,0x21,0xc3,0x18,
    0x04,0x21,0xe7,0x41,0x65,0x31,0xa2,0x18,0xe3,0x20,0x04,0x21,0x03,0x21,0x03,0x21,
    0x03,0x21,0x03,0x21,0xe3,0x20,0xe3,0x20,0x03,0x21,0x03,0x21,0xe3,0x20,0xe3,0x20,
    0xe3,0x20,0xe3,0x20,0xe3,0x20,0xe3,0x20,0xe3,0x20,0xe3,0x20,0xe3,0x20,0xe3,0x18,
    0xe3,0x20,0xe3,0x18,0xe3,0x20,0xe3,0x18,0xe3,0x20,0xe3,0x20,0xe3,0x18,0xe3,0x18,
    0xe3,0x20,0xe3,0x20,0xe3,0x18,0xe3,0x18,0xe3,0x18,0xe3,0x18,0xe3,0x18,0xe3,0x18,
    0xc3,0x18,0xc3,0x18,0xc3,0x18,0xc3,0x18,0xa2,0x18,0x04,0x29,0x20,0x08,0xcf,0x83,
    0x7d,0xf7,0x79,0xde,0x79,0xde,0x79,0xde,0x1b,0xef,0xd6,0xc5,0x82,0x10,0x82,0x10,
    0x61,0x08,0x40,0x08,0x40,0x08,0xe3,0x20,0xa2,0x18,0xc6,0x41,0xe7,0x49,0xc7,0x41,
    0xc6,0x41,0xa2,0x18,0x20,0x08,0x40,0x08,0x40,0x08,0x20,0x08,0x40,0x08,0x00,0x00,
    0x61,0x10,0xc7,0x41,0x86,0x39,0x65,0x31,0x03,0x29,0xc7,0x41,0x1b,0xe7,0x7d,0xf7,
    0x1c,0xe7,0x34,0xad,0xce,0x83,0x71,0x94,0x54,0xb5,0xae,0x83,0x20,0x00,0x00,0x00,
    0x04,0x21,0x45,0x31,0x45,0x31,0x69,0x5a,0xe7,0x41,0xca,0x5a,0x13,0xad,0x50,0x94,
    0x50,0x94,0x45,0x31,0x41,0x10,0x61,0x10,0x00,0x00,0x00,0x00,0x00,0x00,0x41,0x08,
    0x65,0x31,0xb2,0x9c,0xb2,0x9c,0x17,0xce,0x17,0xc6,0xf7,0xc5,0x38,0xd6,0x8a,0x5a,
    0xa2,0x18,0x86,0x31,0x86,0x39,0x86,0x31,0x86,0x31,0x86,0x31,0xa6,0x31,0xa6,0x39,
    0xa6,0x39,0xa6,0x31,0xa6,0x39,0xa6,0x39,0xa6,0x39,0xa6,0x39,0xa6,0x39,0xa6,0x39,
    0xa6,0x39,0xa6,0x39,0xa6,0x39,0xa6,0x31,0xa6,0x31,0xa6,0x39,0xa6,0x31,0xa6,0x31,
    0xa6,0x39,0xa6,0x39,0xa6,0x31,0xa6,0x31,0xa6,0x31,0x86,0x31,0x86,0x31,0x86,0x31,
    0x86,0x31,0x86,0x31,0x86,0x31,0x86,0x31,0x86,0x31,0x86,0x31,0x86,0x31,0x85,0x31,
    0x86,0x31,0x86,0x31,0xa3,0x18,0xe7,0x41,0xeb,0x62,0x28,0x4a,0x08,0x42,0x85,0x31,
    0x65,0x31,0x85,0x31,0x65,0x31,0x45,0x29,0xa6,0x39,0x49,0x52,0xf7,0xc5,0x5c,0xef,
    0x3c,0xef,0x1c,0xef,0x7d,0xf7,0x92,0x9c,0xc3,0x20,0x65,0x29,0x65,0x31,0x65,0x31,
    0x65,0x31,0x65,0x31,0x65,0x31,0x65,0x31,0x65,0x31,0x65,0x31,0x65,0x29,0x65,0x31,
    0x65,0x31,0x65,0x31,0x65,0x31,0x65,0x31,0x65,0x29,0x65,0x29,0x65,0x29,0x65,0x29,
    0x45,0x29,0x45,0x29,0x65,0x29,0x65,0x29,0x65,0x29,0x65,0x29,0x65,0x29,0x45,0x29,
    0x45,0x29,0x45,0x29,0x45,0x29,0x45,0x29,0x45,0x29,0x45,0x29,0x45,0x29,0x45,0x29,
    0x44,0x29,0x44,0x29,0x44,0x29,0x44,0x29,0x24,0x29,0x44,0x29,0x44,0x29,0x44,0x29,
    0x44,0x29,0x24,0x29,0x24,0x29,0x24,0x29,0x24,0x29,0x24,0x29,0x24,0x29,0x24,0x29,
    0x24,0x29,0x04,0x21,0x65,0x31,0x69,0x52,0x58,0xd6,0x5c,0xef,0x3c,0xef,0x3c,0xef,
    0x7d,0xf7,0xef,0x83,0x82,0x10,0xe3,0x20,0x03,0x21,0x04,0x21,0x04,0x21,0x04,0x21,
    0xe3,0x20,0xc3,0x20,0xa6,0x39,0x85,0x39,0xa3,0x18,0xe3,0x20,0x04,0x21,0xe3,0x20,
    0x03,0x21,0x03,0x21,0x03,0x21,0x03,0x21,0xe3,0x20,0xe3,0x20,0xe3,0x20,0xe3,0x20,
    0xe3,0x20,0xe3,0x20,0xe3,0x20,0xe3,0x20,0xe3,0x20,0xe3,0x18,0xe3,0x20,0xe3,0x20,
    0xe3,0x18,0xe3,0x18,0xe3,0x18,0xe3,0x18,0xe3,0x20,0xe3,0x20,0xe3,0x20,0xe3,0x18,
    0xe3,0x18,0xe3,0x18,0xe3,0x18,0xe3,0x18,0xe3,0x20,0xe3,0x18,0xe3,0x18,0xe3,0x18,
    0xc3,0x18,0xc3,0x18,0xc3,0x18,0xc3,0x18,0xa2,0x18,0xc3,0x18,0xc3,0x20,0x82,0x10,
    0xd6,0xc5,0xba,0xe6,0x9a,0xde,0x3c,0xef,0x38,0xce,0x58,0xd6,0x4c,0x6b,0x00,0x00,
    0x82,0x10,0x41,0x08,0x20,0x00,0x82,0x10,0xc3,0x20,0x04,0x29,0x28,0x52,0xc7,0x41,
    0xc7,0x41,0x45,0x31,0x20,0x08,0x40,0x08,0x20,0x08,0x40,0x08,0x40,0x08,0x41,0x08,
    0x00,0x00,0x65,0x31,0xa6,0x41,0x86,0x39,0x24,0x29,0xe3,0x20,0xf3,0xa4,0xbe,0xff,
    0xf7,0xc5,0x92,0x9c,0x8e,0x7b,0xd2,0xa4,0xf3,0xac,0xe7,0x41,0x00,0x00,0x82,0x10,
    0x45,0x31,0x45,0x31,0x86,0x39,0xaa,0x62,0x24,0x29,0x92,0x9c,0x50,0x94,0x91,0x9c,
    0xeb,0x62,0x81,0x10,0x81,0x10,0x20,0x00,0x00,0x00,0x00,0x00,0x41,0x08,0x20,0x08,
    0xae,0x7b,0x2c,0x6b,0x82,0x18,0x4d,0x73,0xb6,0xbd,0x79,0xd6,0xb2,0x9c,0xa2,0x18,
    0x45,0x29,0x86,0x39,0x85,0x31,0x86,0x31,0x86,0x31,0xa6,0x31,0xa6,0x31,0xa6,0x31,
    0xa6,0x39,0xa6,0x39,0xa6,0x31,0xa6,0x39,0xa6,0x39,0xa6,0x39,0xa6,0x39,0xa6,0x39,
    0xa6,0x39,0xa6,0x39,0xa6,0x39,0xa6,0x31,0xa6,0x31,0xa6,0x31,0xa6,0x31,0xa6,0x39,
    0xa6,0x39,0xa6,0x39,0xa6,0x31,0xa6,0x31,0xa6,0x31,0x86,0x31,0x86,0x31,0x86,0x31,
    0x86,0x31,0x86,0x31,0x86,0x31,0x86,0x31,0x86,0x31,0x86,0x31,0x65,0x31,0x86,0x31,
    0x65,0x31,0xc3,0x18,0x28,0x4a,0xcb,0x62,0x08,0x42,0xe7,0x41,0x65,0x31,0x85,0x31,
    0x86,0x31,0x65,0x31,0x65,0x31,0x65,0x31,0x65,0x31,0xe7,0x41,0x14,0xad,0xbe,0xff,
    0x3c,0xef,0x5d,0xef,0x7d,0xf7,0x6d,0x73,0xa2,0x18,0x65,0x31,0x65,0x31,0x65,0x31,
    0x65,0x31,0x65,0x31,0x65,0x31,0x65,0x31,0x65,0x31,0x65,0x31,0x65,0x31,0x65,0x31,
    0x65,0x31,0x65,0x31,0x65,0x29,0x65,0x29,0x65,0x29,0x65,0x29,0x65,0x29,0x65,0x31,
    0x65,0x29,0x65,0x29,0x45,0x29,0x65,0x29,0x65,0x29,0x65,0x29,0x45,0x29,0x45,0x29,
    0x45,0x29,0x45,0x29,0x45,0x29,0x45,0x29,0x45,0x29,0x45,0x29,0x45,0x29,0x45,0x29,
    0x44,0x29,0x45,0x29,0x44,0x29,0x44,0x29,0x44,0x29,0x44,0x29,0x44,0x29,0x44,0x29,
    0x24,0x29,0x24,0x29,0x24,0x29,0x24,0x29,0x24,0x29,0x24,0x29,0x24,0x29,0x24,0x29,
    0x24,0x21,0x04,0x21,0x04,0x21,0xa6,0x39,0x95,0xbd,0xbe,0xff,0x3c,0xef,0x3c,0xef,
    0x9e,0xf7,0x2c,0x73,0x62,0x10,0x03,0x21,0x04,0x21,0x04,0x21,0x04,0x21,0x04,0x21,
    0x04,0x21,0xe3,0x20,0xa3,0x18,0x45,0x31,0xa6,0x39,0xc3,0x20,0xc3,0x18,0x04,0x21,
    0x03,0x21,0x03,0x21,0x03,0x21,0xe3,0x20,0x03,0x21,0xe3,0x20,0xe3,0x20,0xe3,0x20,
    0xe3,0x20,0xe3,0x20,0xe3,0x18,0xe3,0x20,0xe3,0x20,0xe3,0x18,0xe3,0x18,0xe3,0x18,
    0xe3,0x20,0xe3,0x18,0xe3,0x18,0xe3,0x18,0xe3,0x20,0xe3,0x20,0xe3,0x18,0xe3,0x20,
    0xe3,0x18,0xe3,0x20,0xe3,0x20,0xe3,0x18,0xe3,0x20,0xe3,0x18,0xe3,0x18,0xe3,0x18,
    0xc3,0x18,0xc3,0x18,0xc3,0x18,0xc3,0x18,0xc2,0x18,0xa2,0x10,0xe4,0x20,0x41,0x10,
    0x49,0x52,0xfb,0xee,0x79,0xd6,0x92,0x9c,0x03,0x21,0x85,0x31,0x17,0xce,0xa2,0x18,
    0x61,0x10,0x61,0x10,0x41,0x08,0x40,0x08,0xc3,0x20,0xa2,0x18,0xc7,0x41,0xe7,0x49,
    0xa6,0x41,0xa6,0x41,0xa2,0x18,0x20,0x00,0x40,0x08,0x40,0x08,0x20,0x08,0x41,0x08,
    0x00,0x00,0x82,0x10,0xc6,0x41,0x86,0x39,0x65,0x31,0xe3,0x20,0x48,0x52,0x3c,0xef,
    0x55,0xb5,0x0f,0x8c,0x10,0x8c,0xf3,0xac,0xef,0x8b,0x41,0x08,0x00,0x00,0x03,0x21,
    0x65,0x31,0x45,0x31,0x48,0x52,0xa6,0x39,0x69,0x52,0xd3,0xac,0x30,0x94,0x0f,0x8c,
    0x24,0x31,0x61,0x10,0x61,0x10,0x00,0x00,0x00,0x00,0x20,0x00,0x20,0x08,0x65,0x31,
    0x92,0x9c,0x04,0x21,0xe3,0x20,0x82,0x18,0x69,0x52,0x79,0xd6,0xe7,0x41,0xe3,0x20,
    0x86,0x31,0x86,0x31,0x85,0x31,0x86,0x31,0x86,0x31,0x86,0x31,0xa6,0x39,0xa6,0x39,
    0xa6,0x31,0xa6,0x39,0xa6,0x39,0xa6,0x39,0xa6,0x39,0xa6,0x39,0xa6,0x39,0xa6,0x39,
    0xa6,0x39,0xa6,0x39,0xa6,0x31,0xa6,0x39,0xa6,0x31,0xa6,0x31,0xa6,0x39,0xa6,0x31,
    0xa6,0x31,0xa6,0x31,0xa6,0x31,0x86,0x31,0x86,0x31,0xa6,0x31,0x86,0x31,0x86,0x31,
    0x86,0x31,0x86,0x31,0x86,0x31,0x86,0x31,0x86,0x31,0x85,0x31,0xa6,0x31,0x45,0x29,
    0xc3,0x18,0x69,0x52,0xcb,0x62,0x08,0x42,0xa6,0x39,0x65,0x31,0x86,0x31,0x86,0x31,
    0x85,0x31,0x65,0x31,0x85,0x31,0x65,0x31,0x65,0x31,0x65,0x31,0xaa,0x62,0xf7,0xc5,
    0x3c,0xef,0x1c,0xef,0xd2,0xa4,0x04,0x29,0xe3,0x18,0x65,0x31,0x65,0x31,0x65,0x31,
    0x65,0x31,0x65,0x31,0x65,0x31,0x65,0x31,0x65,0x31,0x65,0x31,0x65,0x31,0x65,0x31,
    0x65,0x31,0x65,0x31,0x65,0x31,0x65,0x29,0x65,0x29,0x65,0x29,0x45,0x29,0x65,0x29,
    0x65,0x29,0x65,0x29,0x65,0x29,0x45,0x29,0x45,0x29,0x45,0x29,0x45,0x29,0x45,0x29,
    0x45,0x29,0x45,0x29,0x45,0x29,0x45,0x29,0x45,0x29,0x45,0x29,0x45,0x29,0x45,0x29,
    0x44,0x29,0x44,0x29,0x44,0x29,0x24,0x29,0x44,0x29,0x44,0x29,0x24,0x29,0x24,0x29,
    0x24,0x29,0x24,0x29,0x24,0x29,0x24,0x29,0x24,0x29,0x24,0x29,0x24,0x29,0x24,0x29,
    0x24,0x29,0x24,0x29,0x04,0x21,0x04,0x21,0x69,0x52,0x18,0xce,0x3c,0xef,0x3c,0xef,
    0xf3,0xac,0x24,0x29,0xc3,0x18,0x04,0x21,0x04,0x21,0x04,0x21,0x04,0x21,0x04,0x21,
    0x04,0x21,0x04,0x21,0x03,0x21,0xa3,0x18,0x24,0x29,0xa6,0x39,0xe3,0x20,0xc3,0x18,
    0x03,0x21,0xe3,0x20,0x03,0x21,0x03,0x21,0x03,0x21,0xe3,0x20,0xe3,0x20,0xe3,0x20,
    0xe3,0x20,0xe3,0x20,0xe3,0x20,0xe3,0x20,0xe3,0x20,0xe3,0x20,0xe3,0x20,0xe3,0x20,
    0xe3,0x20,0xe3,0x18,0xe3,0x20,0xe3,0x20,0xe3,0x20,0xe3,0x20,0xe3,0x20,0xe3,0x18,
    0xe3,0x18,0xe3,0x18,0xe3,0x18,0xe3,0x18,0xe3,0x20,0xe3,0x18,0xc3,0x18,0xe3,0x18,
    0xe3,0x18,0xc3,0x18,0xc3,0x18,0xc3,0x18,0xc3,0x18,0xc2,0x18,0xa2,0x18,0x04,0x29,
    0x20,0x08,0x13,0xad,0x30,0x94,0x00,0x00,0xa2,0x18,0x00,0x00,0x71,0x94,0xef,0x83,
    0x00,0x00,0x82,0x10,0x61,0x10,0x40,0x08,0x61,0x10,0xc3,0x20,0x24,0x29,0x08,0x4a,
    0xa6,0x41,0xa6,0x39,0x45,0x31,0x20,0x08,0x40,0x08,0x40,0x08,0x40,0x08,0x40,0x08,
    0x41,0x08,0x00,0x00,0x85,0x39,0xa6,0x39,0xa6,0x39,0x24,0x29,0x04,0x29,0x34,0xb5,
    0xf3,0xac,0xae,0x83,0xb2,0xa4,0xd3,0xac,0x69,0x52,0x00,0x00,0x61,0x10,0x65,0x31,
    0x65,0x31,0x86,0x39,0x8a,0x5a,0x04,0x21,0x51,0x94,0x30,0x94,0x71,0x94,0xaa,0x62,
    0x81,0x18,0x82,0x18,0x20,0x00,0x00,0x00,0x00,0x00,0x41,0x08,0x41,0x08,0xef,0x83,
    0xaa,0x5a,0x82,0x10,0x24,0x29,0xe3,0x20,0xd3,0xa4,0x51,0x94,0xa2,0x18,0x65,0x31,
    0x86,0x31,0x86,0x31,0x86,0x31,0x86,0x31,0x86,0x31,0xa6,0x31,0xa6,0x31,0xa6,0x31,
    0xa6,0x39,0xa6,0x31,0xa6,0x31,0xa6,0x39,0xa6,0x39,0xa6,0x31,0xa6,0x39,0xa6,0x39,
    0xa6,0x39,0xa6,0x39,0xa6,0x39,0xa6,0x39,0xa6,0x39,0xa6,0x31,0xa6,0x31,0xa6,0x31,
    0xa6,0x31,0xa6,0x31,0xa6,0x31,0x86,0x31,0x86,0x31,0x86,0x31,0x86,0x31,0x86,0x31,
    0x86,0x31,0x86,0x31,0x86,0x31,0x85,0x31,0x85,0x31,0xa6,0x31,0x45,0x29,0xe4,0x20,
    0x8a,0x5a,0x8a,0x5a,0x08,0x42,0x86,0x31,0x65,0x31,0x85,0x31,0x85,0x31,0x85,0x31,
    0x85,0x31,0x65,0x31,0x65,0x31,0x65,0x31,0x65,0x31,0x45,0x29,0x24,0x29,0xc6,0x41,
    0xcb,0x62,0x49,0x52,0xe3,0x20,0xa2,0x18,0x45,0x29,0x65,0x31,0x65,0x31,0x65,0x31,
    0x65,0x31,0x65,0x31,0x65,0x31,0x65,0x31,0x65,0x31,0x65,0x31,0x65,0x31,0x65,0x31,
    0x65,0x29,0x65,0x31,0x65,0x29,0x65,0x29,0x65,0x29,0x65,0x29,0x65,0x29,0x65,0x29,
    0x65,0x29,0x45,0x29,0x45,0x29,0x45,0x29,0x45,0x29,0x45,0x29,0x45,0x29,0x45,0x29,
    0x45,0x29,0x45,0x29,0x45,0x29,0x45,0x29,0x45,0x29,0x44,0x29,0x44,0x29,0x44,0x29,
    0x44,0x29,0x44,0x29,0x24,0x29,0x44,0x29,0x44,0x29,0x44,0x29,0x44,0x29,0x24,0x29,
    0x24,0x29,0x24,0x29,0x24,0x29,0x24,0x29,0x24,0x29,0x24,0x29,0x24,0x29,0x24,0x29,
    0x24,0x21,0x04,0x21,0x24,0x21,0xe3,0x20,0xa3,0x18,0x45,0x31,0x8a,0x5a,0x28,0x4a,
    0xc3,0x18,0xa2,0x10,0xe4,0x20,0x04,0x21,0x04,0x21,0x04,0x21,0x04,0x21,0x04,0x21,
    0x03,0x21,0x03,0x21,0x03,0x21,0x03,0x21,0xa3,0x18,0x04,0x29,0xa6,0x41,0xe4,0x20,
    0xc3,0x18,0x03,0x21,0xe3,0x20,0x03,0x21,0xe3,0x20,0xe3,0x20,0xe3,0x20,0xe3,0x20,
    0xe3,0x20,0xe3,0x20,0xe3,0x20,0xe3,0x20,0xe3,0x20,0xe3,0x20,0xe3,0x20,0xe3,0x18,
    0xe3,0x20,0xe3,0x20,0xe3,0x18,0xe3,0x20,0xe3,0x20,0xe3,0x20,0xe3,0x18,0xe3,0x18,
    0xe3,0x20,0xe3,0x18,0xe3,0x18,0xe3,0x18,0xe3,0x18,0xe3,0x18,0xe3,0x18,0xc3,0x18,
    0xe3,0x18,0xc3,0x18,0xc3,0x18,0xc3,0x18,0xc3,0x18,0xc2,0x18,0xa2,0x10,0xe3,0x20,
    0x82,0x18,0xa6,0x39,0x17,0xce,0x04,0x21,0x82,0x10,0x41,0x08,0x24,0x29,0x17,0xce,
    0x24,0x29,0x61,0x10,0x82,0x10,0x41,0x08,0x40,0x08,0xc2,0x18,0xc3,0x20,0xc7,0x41,
    0xe7,0x41,0xa6,0x39,0x86,0x39,0xa2,0x18,0x20,0x00,0x40,0x08,0x40,0x08,0x20,0x08,
    0x41,0x08,0x00,0x00,0xc3,0x18,0xc6,0x41,0x86,0x39,0x65,0x31,0xe3,0x28,0xaa,0x62,
    0xef,0x8b,0x0f,0x8c,0x34,0xb5,0x30,0x94,0xa2,0x18,0x00,0x00,0xe3,0x20,0x65,0x31,
    0x65,0x31,0x28,0x4a,0xc6,0x41,0x49,0x4a,0xb2,0xa4,0xef,0x8b,0xef,0x8b,0x44,0x31,
    0x81,0x18,0x61,0x10,0x00,0x00,0x00,0x00,0x20,0x08,0x41,0x08,0xe7,0x41,0x71,0x9c,
    0xc3,0x18,0x04,0x21,0xc3,0x20,0x49,0x52,0x38,0xce,0x65,0x31,0x04,0x21,0x86,0x39,
    0x86,0x31,0x86,0x31,0x86,0x31,0x86,0x31,0x86,0x31,0x86,0x31,0x86,0x31,0xa6,0x31,
    0xa6,0x31,0xa6,0x39,0xa6,0x39,0xa6,0x39,0xa6,0x39,0xa6,0x39,0xa6,0x39,0xa6,0x39,
    0xa6,0x39,0xa6,0x31,0xa6,0x39,0xa6,0x39,0xa6,0x31,0xa6,0x31,0xa6,0x31,0xa6,0x31,
    0x86,0x31,0x86,0x31,0x86,0x31,0x86,0x31,0x86,0x31,0x86,0x31,0x86,0x31,0x86,0x31,
    0x86,0x31,0x86,0x31,0x86,0x31,0x85,0x31,0xa6,0x31,0x45,0x29,0xe4,0x20,0xaa,0x62,
    0x6a,0x5a,0xe8,0x41,0x86,0x31,0x65,0x31,0x85,0x31,0x85,0x31,0x85,0x31,0x65,0x31,
    0x65,0x31,0x66,0x31,0x65,0x31,0x65,0x31,0x65,0x31,0x65,0x31,0x45,0x29,0xe3,0x20,
    0xa2,0x18,0x82,0x10,0xe3,0x20,0x65,0x29,0x65,0x31,0x65,0x31,0x65,0x31,0x65,0x31,
    0x65,0x31,0x65,0x31,0x65,0x31,0x65,0x31,0x65,0x31,0x65,0x31,0x65,0x31,0x65,0x31,
    0x65,0x29,0x65,0x31,0x65,0x29,0x65,0x29,0x65,0x29,0x65,0x29,0x45,0x29,0x65,0x29,
    0x65,0x29,0x45,0x29,0x45,0x29,0x45,0x29,0x45,0x29,0x45,0x29,0x45,0x29,0x45,0x29,
    0x45,0x29,0x45,0x29,0x45,0x29,0x45,0x29,0x45,0x29,0x45,0x29,0x45,0x29,0x44,0x29,
    0x44,0x29,0x44,0x29,0x44,0x29,0x44,0x29,0x44,0x29,0x44,0x29,0x24,0x29,0x24,0x29,
    0x24,0x29,0x24,0x29,0x24,0x29,0x24,0x29,0x24,0x29,0x24,0x29,0x24,0x29,0x24,0x29,
    0x24,0x29,0x24,0x21,0x04,0x21,0x24,0x21,0xe3,0x20,0xa3,0x18,0x61,0x10,0x61,0x08,
    0xa3,0x18,0x04,0x21,0x04,0x21,0x04,0x21,0x04,0x21,0x04,0x21,0x04,0x21,0x04,0x21,
    0x03,0x21,0x03,0x21,0x03,0x21,0xe3,0x20,0x04,0x21,0xc3,0x18,0x04,0x21,0xa6,0x41,
    0x04,0x21,0xc3,0x18,0x03,0x21,0xe3,0x20,0xe3,0x20,0xe3,0x20,0xe3,0x20,0xe3,0x20,
    0xe3,0x20,0xe3,0x20,0xe3,0x20,0xe3,0x20,0xe3,0x18,0xe3,0x18,0xe3,0x20,0xe3,0x18,
    0xe3,0x20,0xe3,0x20,0xe3,0x20,0xe3,0x20,0xe3,0x20,0xe3,0x20,0xe3,0x18,0xe3,0x18,
    0xe3,0x18,0xe3,0x18,0xe3,0x18,0xe3,0x20,0xe3,0x18,0xe3,0x18,0xe3,0x18,0xc3,0x18,
    0xc3,0x18,0xc3,0x18,0xc3,0x18,0xc3,0x18,0xc2,0x18,0xc3,0x18,0xc2,0x18,0xa2,0x18,
    0x24,0x29,0x00,0x08,0xb2,0x9c,0x10,0x8c,0x00,0x00,0xa2,0x18,0x00,0x00,0x50,0x94,
    0x91,0x9c,0x20,0x08,0xa2,0x18,0x61,0x10,0x40,0x08,0x82,0x10,0xc3,0x20,0x44,0x29,
    0x28,0x4a,0xa6,0x41,0xa6,0x41,0x24,0x29,0x20,0x00,0x40,0x08,0x20,0x08,0x20,0x08,
    0x40,0x08,0x20,0x08,0x20,0x08,0xa6,0x39,0x86,0x39,0xa6,0x39,0x24,0x29,0x45,0x31,
    0x8d,0x7b,0xb2,0x9c,0x34,0xb5,0x8a,0x5a,0x00,0x00,0x41,0x08,0x44,0x29,0x65,0x31,
    0x65,0x31,0x89,0x5a,0x03,0x21,0x0f,0x8c,0x10,0x94,0x50,0x94,0xaa,0x62,0x82,0x18,
    0x82,0x10,0x20,0x00,0x00,0x00,0x00,0x00,0x41,0x08,0x61,0x10,0x30,0x8c,0xaa,0x5a,
    0xa2,0x18,0x24,0x29,0xa2,0x18,0x13,0xad,0xae,0x7b,0x82,0x10,0x65,0x31,0x86,0x31,
    0x86,0x31,0x86,0x31,0x86,0x31,0x86,0x31,0x86,0x31,0x86,0x31,0x86,0x39,0xa6,0x31,
    0xa6,0x31,0xa6,0x31,0x86,0x39,0xa6,0x39,0xa6,0x39,0xa6,0x39,0xa6,0x39,0xa6,0x39,
    0xa6,0x39,0xa6,0x39,0xa6,0x39,0xa6,0x39,0xa6,0x31,0xa6,0x31,0xa6,0x31,0xa6,0x31,
    0x86,0x31,0x86,0x31,0xa6,0x31,0x86,0x31,0x86,0x31,0x86,0x31,0x86,0x31,0x86,0x31,
    0x86,0x31,0x86,0x31,0x85,0x31,0x86,0x31,0x45,0x29,0xe3,0x20,0xaa,0x62,0x69,0x52,
    0x08,0x42,0x86,0x31,0x65,0x31,0x85,0x31,0x85,0x31,0x85,0x31,0x85,0x31,0x65,0x31,
    0x85,0x31,0x65,0x31,0x65,0x31,0x65,0x31,0x65,0x31,0x65,0x31,0x65,0x31,0x86,0x31,
    0x65,0x31,0x65,0x31,0x65,0x31,0x65,0x31,0x65,0x31,0x65,0x31,0x65,0x31,0x65,0x31,
    0x65,0x31,0x65,0x31,0x65,0x31,0x65,0x31,0x65,0x31,0x65,0x31,0x65,0x31,0x65,0x31,
    0x65,0x31,0x65,0x29,0x65,0x29,0x65,0x29,0x65,0x29,0x65,0x29,0x65,0x29,0x45,0x29,
    0x45,0x29,0x45,0x29,0x45,0x29,0x45,0x29,0x45,0x29,0x45,0x29,0x45,0x29,0x45,0x29,
    0x45,0x29,0x45,0x29,0x45,0x29,0x45,0x29,0x44,0x29,0x45,0x29,0x45,0x29,0x44,0x29,
    0x44,0x29,0x44,0x29,0x44,0x29,0x44,0x29,0x44,0x29,0x24,0x29,0x24,0x29,0x24,0x29,
    0x24,0x29,0x24,0x29,0x24,0x29,0x24,0x29,0x24,0x29,0x24,0x29,0x24,0x29,0x24,0x29,
    0x24,0x29,0x24,0x21,0x04,0x21,0x04,0x21,0x24,0x21,0x24,0x29,0x24,0x21,0x24,0x21,
    0x24,0x21,0x04,0x21,0x04,0x21,0x04,0x21,0x04,0x21,0x04,0x21,0x04,0x21,0x04,0x21,
    0x04,0x21,0x04,0x21,0x03,0x21,0x03,0x21,0xe3,0x20,0x03,0x21,0xc3,0x18,0xe4,0x20,
    0x86,0x39,0x04,0x21,0xc2,0x18,0xe3,0x20,0xe3,0x20,0xe3,0x20,0xe3,0x20,0xe3,0x20,
    0xe3,0x20,0xe3,0x18,0xe3,0x18,0xe3,0x20,0xe3,0x18,0xe3,0x18,0xe3,0x18,0xe3,0x18,
    0xe3,0x18,0xe3,0x20,0xe3,0x20,0xe3,0x20,0xe3,0x20,0xe3,0x20,0xe3,0x20,0xe3,0x18,
    0xe3,0x18,0xe3,0x18,0xe3,0x18,0xe3,0x18,0xe3,0x18,0xc3,0x18,0xc3,0x18,0xc3,0x18,
    0xc3,0x18,0xc3,0x18,0xc3,0x18,0xc3,0x18,0xc3,0x18,0xc3,0x18,0xc2,0x18,0xa2,0x18,
    0xe3,0x20,0xa2,0x18,0x24,0x29,0x38,0xd6,0x45,0x29,0x41,0x08,0x61,0x10,0x24,0x29,
    0x58,0xd6,0x65,0x31,0x61,0x10,0x62,0x10,0x41,0x08,0x21,0x08,0xc3,0x20,0xc2,0x18,
    0xe7,0x41,0xe7,0x49,0xa6,0x39,0x65,0x39,0x61,0x10,0x20,0x08,0x20,0x08,0x40,0x08,
    0x20,0x08,0x41,0x08,0x00,0x00,0x24,0x29,0xa6,0x39,0xa6,0x41,0x45,0x31,0x24,0x31,
    0xcf,0x83,0x14,0xad,0x71,0x9c,0xe3,0x20,0x00,0x00,0xc2,0x18,0x44,0x31,0x45,0x29,
    0xe7,0x41,0xe7,0x49,0xc6,0x39,0xb2,0xa4,0xef,0x8b,0x0f,0x8c,0x65,0x31,0x61,0x10,
    0x61,0x10,0x00,0x00,0x00,0x00,0x20,0x00,0x20,0x08,0xe7,0x41,0xb2,0xa4,0xe4,0x20,
    0x24,0x29,0xc3,0x18,0x69,0x52,0xb6,0xbd,0xe4,0x20,0xe4,0x20,0x86,0x39,0x85,0x31,
    0x85,0x31,0x86,0x31,0x86,0x31,0x86,0x31,0x86,0x31,0xa6,0x31,0xa6,0x31,0xa6,0x39,
    0xa6,0x31,0xa6,0x31,0xa6,0x39,0xa6,0x39,0xa6,0x39,0xa6,0x39,0xa6,0x39,0xa6,0x39,
    0xa6,0x31,0xa6,0x39,0xa6,0x39,0xa6,0x39,0xa6,0x31,0xa6,0x31,0xa6,0x31,0x86,0x31,
    0x86,0x31,0xa6,0x31,0x86,0x31,0x86,0x31,0x86,0x31,0x86,0x31,0x86,0x31,0x86,0x31,
    0x86,0x31,0x86,0x31,0x86,0x31,0x65,0x29,0xe4,0x20,0xaa,0x5a,0x8a,0x5a,0x08,0x42,
    0x86,0x31,0x85,0x31,0x85,0x31,0x85,0x31,0x85,0x31,0x85,0x31,0x85,0x31,0x85,0x31,
    0x85,0x31,0x65,0x31,0x65,0x31,0x65,0x31,0x65,0x31,0x65,0x31,0x65,0x31,0x65,0x31,
    0x65,0x31,0x65,0x31,0x65,0x31,0x65,0x31,0x65,0x31,0x65,0x31,0x65,0x31,0x65,0x29,
    0x65,0x31,0x65,0x31,0x65,0x31,0x65,0x31,0x65,0x31,0x65,0x31,0x65,0x29,0x65,0x29,
    0x65,0x29,0x65,0x29,0x65,0x29,0x65,0x29,0x65,0x29,0x45,0x29,0x45,0x29,0x65,0x29,
    0x45,0x29,0x45,0x29,0x45,0x29,0x45,0x29,0x45,0x29,0x45,0x29,0x45,0x29,0x45,0x29,
    0x45,0x29,0x45,0x29,0x44,0x29,0x44,0x29,0x44,0x29,0x44,0x29,0x45,0x29,0x44,0x29,
    0x44,0x29,0x44,0x29,0x44,0x29,0x24,0x29,0x44,0x29,0x24,0x29,0x24,0x29,0x24,0x29,
    0x24,0x29,0x24,0x29,0x24,0x29,0x24,0x29,0x24,0x29,0x24,0x29,0x24,0x29,0x24,0x29,
    0x24,0x29,0x24,0x21,0x04,0x21,0x24,0x21,0x24,0x21,0x04,0x21,0x04,0x21,0x04,0x21,
    0x04,0x21,0x04,0x21,0x04,0x21,0x04,0x21,0x04,0x21,0x04,0x21,0x04,0x21,0x04,0x21,
    0x04,0x21,0x03,0x21,0x03,0x21,0x03,0x21,0xe3,0x20,0xe3,0x20,0x03,0x21,0xc3,0x18,
    0xc3,0x20,0x86,0x39,0xe3,0x20,0xc3,0x18,0xe3,0x20,0xe3,0x20,0xe3,0x20,0xe3,0x20,
    0xe3,0x20,0xe3,0x18,0xe3,0x18,0xe3,0x20,0xe3,0x18,0xe3,0x18,0xe3,0x18,0xe3,0x20,
    0xe3,0x18,0xe3,0x18,0xe3,0x18,0xe3,0x20,0xe3,0x20,0xe3,0x18,0xe3,0x18,0xe3,0x18,
    0xe3,0x18,0xe3,0x18,0xe3,0x18,0xe3,0x18,0xe3,0x18,0xc3,0x18,0xc3,0x18,0xc3,0x18,
    0xc3,0x18,0xc3,0x18,0xc3,0x18,0xc3,0x18,0xc3,0x18,0xc2,0x18,0xc2,0x18,0xc2,0x18,
    0xa2,0x10,0x04,0x29,0x00,0x00,0x50,0x94,0x91,0x9c,0x00,0x00,0xc2,0x18,0x00,0x00,
    0x71,0x9c,0xb2,0xa4,0x00,0x00,0x82,0x10,0x41,0x08,0x20,0x00,0x82,0x10,0xc3,0x20,
    0x65,0x31,0x28,0x52,0xa6,0x39,0x86,0x39,0xe3,0x20,0x20,0x08,0x40,0x08,0x40,0x08,
    0x20,0x08,0x41,0x08,0x20,0x00,0x61,0x10,0xa6,0x41,0x65,0x39,0x86,0x39,0x24,0x29,
    0x71,0x94,0x34,0xb5,0x4c,0x73,0x00,0x00,0x20,0x00,0x04,0x29,0x44,0x29,0x45,0x31,
    0x49,0x52,0x44,0x29,0x8e,0x7b,0x71,0x9c,0x50,0x94,0x2c,0x73,0xa2,0x18,0x82,0x18,
    0x20,0x08,0x00,0x00,0x00,0x00,0x41,0x08,0x41,0x08,0x10,0x8c,0x8a,0x5a,0x82,0x10,
    0x45,0x29,0xe3,0x20,0x34,0xad,0x4c,0x6b,0x61,0x08,0x65,0x31,0x86,0x31,0x85,0x31,
    0x86,0x31,0x86,0x31,0x86,0x31,0x86,0x31,0xa6,0x31,0xa6,0x31,0x86,0x31,0x86,0x31,
    0x86,0x31,0xa6,0x39,0xa6,0x31,0xa6,0x39,0xa6,0x39,0xa6,0x31,0xa6,0x31,0xa6,0x31,
    0xa6,0x39,0xa6,0x31,0xa6,0x31,0xa6,0x31,0xa6,0x31,0x86,0x31,0x86,0x31,0x86,0x31,
    0x86,0x31,0x86,0x31,0x86,0x31,0x86,0x31,0x86,0x31,0x86,0x31,0x86,0x31,0x86,0x31,
    0x86,0x31,0x86,0x31,0x65,0x31,0xe3,0x20,0x8a,0x5a,0xaa,0x5a,0x08,0x42,0x86,0x31,
    0x65,0x31,0x85,0x31,0x85,0x31,0x85,0x31,0x85,0x31,0x65,0x31,0x85,0x31,0x85,0x31,
    0x65,0x31,0x65,0x31,0x65,0x31,0x65,0x31,0x65,0x31,0x65,0x31,0x65,0x31,0x65,0x31,
    0x65,0x31,0x65,0x31,0x65,0x31,0x65,0x31,0x65,0x31,0x65,0x31,0x65,0x31,0x65,0x31,
    0x65,0x31,0x65,0x31,0x65,0x31,0x65,0x31,0x65,0x31,0x65,0x31,0x65,0x29,0x65,0x29,
    0x65,0x29,0x65,0x29,0x65,0x29,0x65,0x29,0x65,0x29,0x65,0x29,0x45,0x29,0x45,0x29,
    0x45,0x29,0x45,0x29,0x45,0x29,0x45,0x29,0x45,0x29,0x45,0x29,0x45,0x29,0x45,0x29,
    0x45,0x29,0x44,0x29,0x44,0x29,0x44,0x29,0x44,0x29,0x44,0x29,0x44,0x29,0x44,0x29,
    0x44,0x29,0x44,0x29,0x44,0x29,0x24,0x29,0x44,0x29,0x24,0x29,0x24,0x29,0x24,0x29,
    0x24,0x29,0x24,0x29,0x24,0x29,0x24,0x29,0x24,0x29,0x24,0x29,0x24,0x29,0x24,0x29,
    0x24,0x29,0x24,0x29,0x24,0x21,0x24,0x21,0x24,0x21,0x24,0x21,0x24,0x21,0x04,0x21,
    0x04,0x21,0x04,0x21,0x04,0x21,0x04,0x21,0x04,0x21,0x04,0x21,0x04,0x21,0x04,0x21,
    0x04,0x21,0x04,0x21,0x03,0x21,0x03,0x21,0x03,0x21,0x03,0x21,0xe3,0x20,0x03,0x21,
    0xc3,0x18,0xe3,0x20,0x86,0x39,0xe3,0x20,0xc3,0x18,0xe3,0x20,0xe3,0x20,0xe3,0x20,
    0xe3,0x18,0xe3,0x18,0xe3,0x20,0xe3,0x20,0xe3,0x18,0xe3,0x18,0xe3,0x18,0xe3,0x18,
    0xe3,0x20,0xe3,0x18,0xe3,0x20,0xe3,0x20,0xe3,0x18,0xe3,0x18,0xe3,0x18,0xe3,0x18,
    0xe3,0x18,0xe3,0x18,0xe3,0x18,0xe3,0x18,0xe3,0x18,0xe3,0x20,0xc3,0x18,0xe3,0x18,
    0xe3,0x18,0xc3,0x18,0xc3,0x18,0xc3,0x18,0xc3,0x18,0xc2,0x18,0xc2,0x18,0xc2,0x18,
    0xa2,0x18,0xc3,0x18,0xa2,0x18,0x03,0x21,0x38,0xd6,0x45,0x31,0x82,0x10,0x41,0x10,
    0xa2,0x18,0x17,0xce,0x45,0x31,0x41,0x08,0x61,0x10,0x40,0x08,0x41,0x08,0xe3,0x20,
    0xe3,0x20,0xe7,0x49,0xc6,0x41,0xa6,0x39,0x65,0x31,0x41,0x08,0x40,0x08,0x20,0x08,
    0x40,0x08,0x40,0x08,0x41,0x08,0x00,0x00,0x65,0x31,0x65,0x39,0x86,0x39,0x24,0x29,
    0xf3,0xa4,0xf3,0xac,0xc6,0x41,0x00,0x00,0x82,0x10,0x44,0x29,0x44,0x29,0x86,0x39,
    0x28,0x4a,0x45,0x29,0xd2,0xa4,0x10,0x8c,0x51,0x94,0x07,0x4a,0x81,0x18,0x82,0x10,
    0x00,0x00,0x00,0x00,0x00,0x00,0x20,0x08,0x65,0x31,0x95,0xbd,0xef,0x8b,0x86,0x39,
    0x82,0x10,0xaa,0x5a,0xb6,0xbd,0xe3,0x20,0x04,0x21,0x86,0x31,0x65,0x31,0x85,0x31,
    0x86,0x31,0x86,0x31,0x86,0x31,0x86,0x31,0x86,0x31,0x86,0x31,0x86,0x31,0x86,0x31,
    0xa6,0x31,0x86,0x31,0xa6,0x31,0x86,0x31,0x86,0x39,0xa6,0x31,0xa6,0x31,0xa6,0x31,
    0xa6,0x31,0xa6,0x31,0x86,0x31,0xa6,0x31,0x86,0x31,0x86,0x31,0x86,0x31,0x86,0x31,
    0x86,0x31,0x86,0x31,0x86,0x31,0x86,0x31,0x86,0x31,0x86,0x31,0x86,0x31,0x85,0x31,
    0x86,0x31,0x86,0x31,0xc3,0x18,0x69,0x52,0xaa,0x5a,0x28,0x4a,0x86,0x31,0x65,0x31,
    0x85,0x31,0x85,0x31,0x85,0x31,0x85,0x31,0x65,0x31,0x65,0x31,0x65,0x31,0x65,0x31,
    0x65,0x31,0x65,0x31,0x65,0x31,0x65,0x31,0x65,0x31,0x65,0x31,0x65,0x31,0x65,0x31,
    0x65,0x31,0x65,0x31,0x65,0x31,0x65,0x31,0x65,0x31,0x65,0x31,0x65,0x31,0x65,0x31,
    0x65,0x31,0x65,0x31,0x65,0x31,0x65,0x29,0x65,0x29,0x65,0x29,0x65,0x29,0x65,0x29,
    0x65,0x29,0x65,0x29,0x65,0x29,0x65,0x29,0x65,0x29,0x65,0x29,0x65,0x29,0x45,0x29,
    0x45,0x29,0x45,0x29,0x45,0x29,0x45,0x29,0x45,0x29,0x45,0x29,0x45,0x29,0x45,0x29,
    0x45,0x29,0x45,0x29,0x44,0x29,0x45,0x29,0x44,0x29,0x44,0x29,0x44,0x29,0x44,0x29,
    0x44,0x29,0x44,0x29,0x44,0x29,0x44,0x29,0x44,0x29,0x24,0x29,0x24,0x29,0x24,0x29,
    0x24,0x29,0x24,0x29,0x24,0x29,0x24,0x29,0x24,0x29,0x24,0x21,0x24,0x21,0x24,0x29,
    0x24,0x21,0x24,0x21,0x24,0x21,0x24,0x21,0x24,0x21,0x24,0x21,0x24,0x21,0x04,0x21,
    0x04,0x21,0x04,0x21,0x04,0x21,0x04,0x21,0x04,0x21,0x04,0x21,0x04,0x21,0x03,0x21,
    0x03,0x21,0x03,0x21,0x03,0x21,0x03,0x21,0x03,0x21,0x03,0x21,0xe3,0x20,0xe3,0x20,
    0xe3,0x20,0xa2,0x18,0x04,0x21,0xa6,0x39,0xc3,0x18,0xc3,0x18,0xe3,0x20,0xe3,0x20,
    0xe3,0x18,0xe3,0x18,0xe3,0x18,0xe3,0x18,0xe3,0x18,0xe3,0x18,0xe3,0x18,0xe3,0x18,
    0xe3,0x20,0xe3,0x20,0xe3,0x20,0xe3,0x18,0xe3,0x20,0xe3,0x18,0xe3,0x18,0xe3,0x20,
    0xe3,0x18,0xe3,0x18,0xe3,0x18,0xe3,0x18,0xe3,0x18,0xc3,0x18,0xc3,0x18,0xe3,0x18,
    0xc3,0x18,0xc3,0x18,0xc3,0x18,0xc3,0x18,0xc3,0x18,0xc2,0x18,0xc2,0x18,0xc2,0x18,
    0xc2,0x18,0x82,0x10,0x04,0x21,0x00,0x00,0x70,0x9c,0x71,0x94,0x00,0x00,0xa2,0x18,
    0x2c,0x6b,0x1b,0xf7,0xce,0x83,0x00,0x00,0x82,0x10,0x41,0x08,0x20,0x00,0xa2,0x18,
    0xe3,0x20,0x85,0x39,0xe7,0x49,0x86,0x39,0x86,0x39,0xc3,0x20,0x20,0x08,0x40,0x08,
    0x20,0x08,0x20,0x08,0x41,0x08,0x00,0x00,0xc2,0x18,0x86,0x39,0xa6,0x39,0x45,0x31,
    0x14,0xad,0x10,0x8c,0x81,0x10,0x00,0x00,0xe3,0x20,0x45,0x31,0x45,0x29,0x08,0x4a,
    0x45,0x29,0xaa,0x5a,0xd2,0xa4,0x30,0x94,0xae,0x83,0x03,0x29,0x82,0x18,0x41,0x08,
    0x00,0x00,0x00,0x00,0x41,0x08,0x20,0x08,0xae,0x7b,0xce,0x83,0x71,0x94,0x18,0xce,
    0x71,0x94,0x95,0xbd,0x8e,0x7b,0x61,0x10,0x65,0x31,0x65,0x31,0x85,0x31,0x86,0x31,
    0x86,0x31,0x86,0x31,0x86,0x31,0x86,0x31,0x86,0x31,0xa6,0x31,0x86,0x39,0xa6,0x31,
    0x86,0x31,0x86,0x31,0x86,0x31,0x86,0x31,0xa6,0x31,0xa6,0x31,0xa6,0x31,0xa6,0x31,
    0xa6,0x39,0xa6,0x31,0x86,0x31,0x86,0x31,0x86,0x31,0x86,0x31,0x86,0x31,0x86,0x31,
    0x86,0x31,0x86,0x31,0x86,0x31,0x86,0x31,0x86,0x31,0x86,0x31,0x85,0x31,0x85,0x31,
    0xa6,0x31,0xe3,0x18,0x08,0x4a,0xcb,0x62,0x28,0x4a,0xa6,0x39,0x65,0x31,0x85,0x31,
    0x85,0x31,0x85,0x31,0x65,0x31,0x85,0x31,0x85,0x31,0x65,0x31,0x85,0x31,0x65,0x31,
    0x65,0x31,0x65,0x31,0x65,0x31,0x65,0x31,0x65,0x31,0x65,0x31,0x65,0x31,0x65,0x31,
    0x65,0x31,0x65,0x31,0x65,0x31,0x65,0x31,0x65,0x31,0x65,0x31,0x65,0x29,0x65,0x31,
    0x65,0x31,0x65,0x29,0x65,0x29,0x65,0x31,0x65,0x31,0x65,0x31,0x65,0x31,0x65,0x29,
    0x65,0x29,0x65,0x31,0x45,0x29,0x45,0x29,0x65,0x29,0x65,0x29,0x45,0x29,0x45,0x29,
    0x45,0x29,0x45,0x29,0x45,0x29,0x45,0x29,0x45,0x29,0x45,0x29,0x45,0x29,0x45,0x29,
    0x44,0x29,0x45,0x29,0x45,0x29,0x45,0x29,0x44,0x29,0x44,0x29,0x44,0x29,0x44,0x29,
    0x44,0x29,0x44,0x29,0x44,0x29,0x44,0x29,0x24,0x29,0x24,0x29,0x24,0x29,0x24,0x29,
    0x24,0x29,0x24,0x29,0x24,0x29,0x24,0x29,0x24,0x29,0x24,0x29,0x24,0x29,0x24,0x29,
    0x24,0x21,0x24,0x21,0x24,0x21,0x24,0x21,0x24,0x21,0x04,0x21,0x04,0x21,0x04,0x21,
    0x04,0x21,0x04,0x21,0x04,0x21,0x04,0x21,0x04,0x21,0x04,0x21,0x04,0x21,0x03,0x21,
    0x03,0x21,0x04,0x21,0x03,0x21,0x03,0x21,0x03,0x21,0x03,0x21,0xe3,0x20,0xe3,0x20,
    0xe3,0x20,0xe3,0x20,0xa2,0x18,0x24,0x29,0x85,0x39,0xa2,0x18,0xe3,0x20,0xe3,0x20,
    0xe3,0x18,0xe3,0x18,0xe3,0x20,0xe3,0x18,0xe3,0x18,0xe3,0x18,0xe3,0x20,0xe3,0x20,
    0xe3,0x18,0xe3,0x20,0xe3,0x20,0xe3,0x18,0xe3,0x18,0xe3,0x18,0xe3,0x18,0xe3,0x20,
    0xe3,0x20,0xe3,0x18,0xe3,0x18,0xe3,0x18,0xe3,0x18,0xe3,0x18,0xc3,0x18,0xc3,0x18,
    0xc3,0x18,0xc3,0x18,0xc3,0x18,0xc3,0x18,0xc3,0x18,0xc3,0x18,0xc2,0x18,0xc2,0x18,
    0xc2,0x18,0xa2,0x10,0xc3,0x18,0xa2,0x18,0x65,0x31,0x37,0xce,0x10,0x8c,0x38,0xd6,
    0xf7,0xcd,0x8e,0x7b,0x95,0xc5,0xc3,0x20,0x61,0x08,0x61,0x10,0x41,0x08,0x61,0x10,
    0x03,0x29,0x24,0x29,0x07,0x4a,0xa6,0x39,0x86,0x39,0x45,0x31,0x41,0x08,0x40,0x08,
    0x20,0x08,0x40,0x08,0x40,0x08,0x20,0x08,0x20,0x08,0xa6,0x39,0x86,0x39,0xa6,0x39,
    0xd3,0xa4,0xeb,0x6a,0x00,0x00,0x41,0x08,0x44,0x29,0x65,0x31,0x65,0x31,0x28,0x4a,
    0xc3,0x18,0x50,0x94,0x30,0x94,0x50,0x94,0xaa,0x5a,0x82,0x18,0x82,0x10,0x00,0x00,
    0x00,0x00,0x00,0x00,0x40,0x08,0x24,0x29,0xb2,0xa4,0xe3,0x20,0x61,0x10,0xe7,0x41,
    0x34,0xad,0x58,0xd6,0x45,0x29,0xe3,0x20,0x86,0x31,0x65,0x31,0x85,0x31,0x86,0x31,
    0x86,0x31,0x86,0x31,0x86,0x31,0x86,0x31,0x86,0x31,0x86,0x31,0x86,0x31,0x86,0x39,
    0x86,0x31,0x86,0x31,0x86,0x31,0x86,0x31,0x86,0x31,0xa6,0x31,0xa6,0x31,0x86,0x31,
    0xa6,0x31,0xa6,0x31,0xa6,0x31,0x86,0x31,0x86,0x31,0x86,0x31,0x86,0x31,0x86,0x31,
    0x86,0x31,0x86,0x31,0x86,0x31,0x86,0x31,0x86,0x31,0x86,0x31,0x85,0x31,0xa6,0x31,
    0x04,0x21,0xa7,0x39,0xeb,0x6a,0x08,0x4a,0xa6,0x39,0x65,0x31,0x85,0x31,0x85,0x31,
    0x85,0x31,0x65,0x31,0x65,0x31,0x85,0x31,0x65,0x31,0x85,0x31,0x65,0x31,0x65,0x31,
    0x65,0x31,0x65,0x31,0x65,0x31,0x65,0x31,0x65,0x31,0x65,0x31,0x65,0x31,0x65,0x31,
    0x65,0x31,0x65,0x31,0x65,0x31,0x65,0x31,0x65,0x31,0x65,0x29,0x65,0x29,0x65,0x31,
    0x65,0x31,0x65,0x31,0x65,0x31,0x65,0x29,0x65,0x29,0x65,0x29,0x65,0x29,0x65,0x29,
    0x65,0x29,0x45,0x29,0x45,0x29,0x45,0x29,0x45,0x29,0x45,0x29,0x45,0x29,0x45,0x29,
    0x45,0x29,0x45,0x29,0x45,0x29,0x45,0x29,0x45,0x29,0x45,0x29,0x45,0x29,0x45,0x29,
    0x45,0x29,0x44,0x29,0x45,0x29,0x44,0x29,0x44,0x29,0x44,0x29,0x44,0x29,0x44,0x29,
    0x44,0x29,0x24,0x29,0x24,0x29,0x24,0x29,0x24,0x29,0x24,0x29,0x24,0x29,0x24,0x29,
    0x24,0x29,0x24,0x29,0x24,0x29,0x24,0x29,0x24,0x21,0x24,0x29,0x24,0x29,0x24,0x29,
    0x24,0x29,0x24,0x21,0x24,0x21,0x04,0x21,0x24,0x21,0x24,0x21,0x24,0x21,0x24,0x21,
    0x04,0x21,0x04,0x21,0x04,0x21,0x04,0x21,0x04,0x21,0x04,0x21,0x04,0x21,0x03,0x21,
    0x03,0x21,0x03,0x21,0x03,0x21,0x03,0x21,0x03,0x21,0x03,0x21,0x03,0x21,0xe3,0x20,
    0xe3,0x20,0xe3,0x20,0xe3,0x20,0xa2,0x18,0x45,0x31,0x45,0x31,0xa2,0x18,0xe3,0x20,
    0xe3,0x18,0xe3,0x20,0xe3,0x18,0xe3,0x20,0xe3,0x20,0xe3,0x18,0xe3,0x20,0xe3,0x18,
    0xe3,0x20,0xe3,0x20,0xe3,0x20,0xe3,0x18,0xe3,0x20,0xe3,0x20,0xe3,0x18,0xe3,0x18,
    0xe3,0x18,0xe3,0x18,0xe3,0x18,0xe3,0x18,0xe3,0x18,0xe3,0x18,0xc3,0x18,0xc3,0x18,
    0xc3,0x18,0xc3,0x18,0xc3,0x18,0xc3,0x18,0xc3,0x18,0xc3,0x18,0xc2,0x18,0xc2,0x18,
    0xc2,0x18,0xc2,0x18,0x82,0x10,0x04,0x29,0x20,0x08,0x71,0x9c,0xba,0xe6,0x69,0x52,
    0x61,0x10,0x00,0x00,0x91,0x9c,0x6d,0x73,0x00,0x00,0x82,0x10,0x61,0x10,0x41,0x08,
    0xe3,0x20,0xe3,0x20,0xc7,0x41,0xa6,0x41,0x65,0x31,0x85,0x39,0x82,0x18,0x20,0x08,
    0x20,0x08,0x20,0x08,0x20,0x08,0x41,0x08,0x00,0x00,0x24,0x29,0x86,0x39,0xc6,0x41,
    0x91,0x9c,0x86,0x39,0x00,0x00,0xa2,0x18,0x65,0x31,0x65,0x31,0xc7,0x41,0xa6,0x39,
    0xa6,0x39,0xd3,0xac,0xef,0x8b,0xef,0x8b,0x85,0x39,0x82,0x18,0x61,0x10,0x00,0x00,
    0x00,0x00,0x41,0x08,0x20,0x08,0x2c,0x6b,0x6d,0x7b,0x61,0x10,0x24,0x29,0x41,0x10,
    0x71,0x94,0x51,0x94,0x82,0x10,0x65,0x31,0x65,0x31,0x85,0x31,0x86,0x31,0x86,0x31,
    0x86,0x31,0x86,0x31,0x86,0x31,0x86,0x31,0x86,0x31,0x86,0x31,0x86,0x31,0x86,0x31,
    0x86,0x31,0x86,0x31,0x86,0x31,0x86,0x31,0x86,0x31,0x86,0x31,0xa6,0x31,0xa6,0x31,
    0xa6,0x31,0x86,0x31,0x86,0x31,0x86,0x31,0x86,0x31,0x86,0x31,0x86,0x31,0x86,0x31,
    0x86,0x31,0x86,0x31,0x86,0x31,0x85,0x31,0x85,0x31,0x85,0x31,0x86,0x31,0x45,0x29,
    0x45,0x31,0x0b,0x6b,0x28,0x4a,0xa6,0x39,0x65,0x31,0x85,0x31,0x65,0x31,0x65,0x31,
    0x65,0x31,0x65,0x31,0x65,0x31,0x65,0x31,0x65,0x31,0x85,0x31,0x65,0x31,0x65,0x31,
    0x65,0x31,0x65,0x31,0x65,0x31,0x65,0x31,0x65,0x31,0x65,0x31,0x65,0x31,0x65,0x31,
    0x65,0x31,0x65,0x29,0x65,0x31,0x65,0x31,0x65,0x31,0x65,0x29,0x65,0x29,0x65,0x29,
    0x65,0x29,0x65,0x29,0x65,0x29,0x65,0x29,0x65,0x29,0x65,0x29,0x65,0x29,0x65,0x29,
    0x45,0x29,0x45,0x29,0x65,0x29,0x65,0x29,0x65,0x29,0x45,0x29,0x45,0x29,0x45,0x29,
    0x45,0x29,0x45,0x29,0x45,0x29,0x45,0x29,0x45,0x29,0x45,0x29,0x45,0x29,0x45,0x29,
    0x45,0x29,0x45,0x29,0x44,0x29,0x44,0x29,0x44,0x29,0x44,0x29,0x44,0x29,0x44,0x29,
    0x44,0x29,0x24,0x29,0x24,0x29,0x24,0x29,0x24,0x29,0x24,0x29,0x24,0x29,0x24,0x29,
    0x24,0x29,0x24,0x29,0x24,0x21,0x24,0x29,0x24,0x29,0x24,0x21,0x24,0x29,0x24,0x29,
    0x24,0x21,0x24,0x21,0x24,0x21,0x24,0x21,0x24,0x21,0x24,0x21,0x04,0x21,0x04,0x21,
    0x04,0x21,0x04,0x21,0x04,0x21,0x04,0x21,0x04,0x21,0x04,0x21,0x03,0x21,0x03,0x21,
    0x03,0x21,0x03,0x21,0x03,0x21,0x03,0x21,0x03,0x21,0x03,0x21,0xe3,0x20,0xe3,0x20,
    0xe3,0x20,0xe3,0x20,0xe3,0x20,0xe3,0x20,0xa2,0x18,0x85,0x39,0x24,0x29,0xa3,0x18,
    0xe3,0x20,0xe3,0x20,0xe3,0x18,0xe3,0x20,0xe3,0x20,0xe3,0x20,0xe3,0x18,0xe3,0x18,
    0xe3,0x20,0xe3,0x20,0xe3,0x20,0xe3,0x20,0xe3,0x18,0xe3,0x18,0xe3,0x18,0xe3,0x18,
    0xe3,0x18,0xc3,0x18,0xe3,0x18,0xe3,0x18,0xc3,0x18,0xe3,0x18,0xc3,0x18,0xc3,0x18,
    0xc3,0x18,0xe3,0x18,0xc3,0x18,0xc2,0x18,0xc3,0x18,0xc3,0x18,0xc3,0x18,0xc3,0x18,
    0xc2,0x18,0xc2,0x18,0xa2,0x10,0xc3,0x18,0x82,0x18,0xa6,0x39,0x95,0xbd,0x41,0x08,
    0x61,0x10,0x20,0x08,0xe7,0x41,0xd6,0xc5,0x81,0x10,0x82,0x10,0x81,0x10,0x41,0x08,
    0x82,0x10,0xe3,0x20,0x45,0x31,0x07,0x4a,0x85,0x39,0x85,0x39,0x03,0x21,0x40,0x08,
    0x40,0x08,0x20,0x08,0x20,0x08,0x41,0x08,0x20,0x00,0x82,0x10,0x86,0x39,0x65,0x31,
    0xce,0x83,0x81,0x10,0x00,0x00,0x04,0x29,0x65,0x31,0x65,0x31,0x28,0x4a,0x04,0x21,
    0x4d,0x6b,0x91,0x9c,0x0f,0x8c,0x4c,0x73,0xc3,0x20,0x82,0x18,0x20,0x08,0x00,0x00,
    0x00,0x00,0x61,0x08,0xc3,0x20,0x92,0x9c,0x86,0x39,0xc2,0x18,0xe3,0x20,0xe7,0x41,
    0x79,0xd6,0xc7,0x39,0xc3,0x20,0x65,0x31,0x65,0x31,0x85,0x31,0x86,0x31,0x86,0x31,
    0x86,0x31,0x86,0x31,0x86,0x31,0x86,0x31,0x86,0x31,0x86,0x31,0x86,0x31,0x86,0x31,
    0x86,0x31,0x86,0x31,0x86,0x31,0x86,0x31,0x86,0x31,0x86,0x31,0x86,0x31,0xa6,0x31,
    0x86,0x31,0x86,0x31,0x86,0x31,0x86,0x31,0x86,0x31,0x86,0x31,0x86,0x31,0x86,0x31,
    0x86,0x31,0x86,0x31,0x86,0x31,0x85,0x31,0x85,0x31,0x86,0x31,0x65,0x31,0xe4,0x20,
    0xcb,0x62,0x49,0x4a,0xc7,0x39,0x65,0x31,0x85,0x31,0x85,0x31,0x65,0x31,0x65,0x31,
    0x65,0x31,0x85,0x31,0x65,0x31,0x65,0x31,0x65,0x31,0x65,0x31,0x65,0x31,0x65,0x31,
    0x65,0x31,0x65,0x31,0x65,0x31,0x65,0x31,0x65,0x31,0x65,0x31,0x65,0x31,0x65,0x31,
    0x65,0x31,0x65,0x31,0x65,0x31,0x65,0x31,0x65,0x31,0x65,0x31,0x65,0x29,0x65,0x31,
    0x65,0x29,0x65,0x29,0x65,0x29,0x65,0x29,0x65,0x31,0x65,0x29,0x65,0x29,0x45,0x29,
    0x45,0x29,0x45,0x29,0x45,0x29,0x45,0x29,0x45,0x29,0x45,0x29,0x45,0x29,0x45,0x29,
    0x45,0x29,0x45,0x29,0x45,0x29,0x45,0x29,0x45,0x29,0x45,0x29,0x45,0x29,0x45,0x29,
    0x44,0x29,0x45,0x29,0x44,0x29,0x44,0x29,0x44,0x29,0x44,0x29,0x44,0x29,0x44,0x29,
    0x24,0x29,0x24,0x29,0x24,0x29,0x24,0x29,0x24,0x29,0x24,0x29,0x24,0x29,0x24,0x29,
    0x24,0x29,0x24,0x29,0x24,0x29,0x24,0x29,0x24,0x21,0x24,0x29,0x24,0x29,0x24,0x21,
    0x24,0x21,0x24,0x21,0x24,0x21,0x24,0x21,0x24,0x21,0x04,0x21,0x04,0x21,0x04,0x21,
    0x04,0x21,0x04,0x21,0x04,0x21,0x04,0x21,0x04,0x21,0x03,0x21,0x03,0x21,0x03,0x21,
    0x03,0x21,0x03,0x21,0x03,0x21,0x03,0x21,0x03,0x21,0x03,0x21,0xe3,0x20,0xe3,0x20,
    0xe3,0x20,0xe3,0x20,0xe3,0x20,0xe3,0x20,0xc3,0x18,0xc3,0x18,0x86,0x39,0xe3,0x20,
    0xc3,0x18,0xe3,0x20,0xe3,0x20,0xe3,0x18,0xe3,0x18,0xe3,0x18,0xe3,0x20,0xe3,0x18,
    0xe3,0x20,0xe3,0x20,0xe3,0x18,0xe3,0x18,0xe3,0x18,0xe3,0x18,0xe3,0x18,0xe3,0x18,
    0xe3,0x18,0xe3,0x18,0xe3,0x18,0xc3,0x20,0xe3,0x18,0xc3,0x18,0xe3,0x18,0xe3,0x18,
    0xc3,0x18,0xc3,0x18,0xc3,0x18,0xc3,0x18,0xc3,0x18,0xc3,0x18,0xc2,0x18,0xc3,0x18,
    0xc3,0x18,0xc2,0x18,0xa2,0x18,0xa2,0x10,0x04,0x29,0x20,0x08,0x34,0xb5,0x2c,0x6b,
    0x00,0x00,0x82,0x10,0x20,0x08,0xb6,0xc5,0xca,0x62,0x20,0x08,0x82,0x10,0x61,0x08,
    0x41,0x08,0x04,0x21,0xe3,0x20,0x07,0x4a,0xa6,0x39,0x85,0x39,0x65,0x31,0x61,0x10,
    0x40,0x08,0x40,0x08,0x40,0x08,0x40,0x08,0x41,0x08,0x00,0x00,0x65,0x31,0x45,0x31,
    0xaa,0x62,0x00,0x00,0x41,0x08,0x44,0x31,0x65,0x31,0xa6,0x39,0x28,0x4a,0x04,0x21,
    0x91,0x9c,0x0f,0x8c,0x30,0x8c,0x28,0x4a,0x61,0x10,0x82,0x10,0x00,0x00,0x00,0x00,
    0x20,0x08,0x40,0x08,0x69,0x52,0x50,0x94,0x82,0x18,0x04,0x21,0x82,0x10,0x0f,0x8c,
    0xf3,0xa4,0x62,0x10,0x45,0x29,0x65,0x31,0x65,0x31,0x85,0x31,0x86,0x31,0x86,0x31,
    0x86,0x31,0x86,0x31,0x86,0x31,0x86,0x31,0x86,0x31,0x86,0x31,0x86,0x31,0x86,0x31,
    0x86,0x31,0x86,0x31,0x86,0x31,0xa6,0x31,0xa6,0x31,0xa6,0x31,0x86,0x31,0x86,0x31,
    0x86,0x31,0x86,0x31,0x86,0x31,0x86,0x31,0x86,0x31,0x86,0x31,0x86,0x31,0x86,0x31,
    0x86,0x31,0x86,0x31,0x85,0x31,0x85,0x31,0x65,0x31,0x86,0x31,0xe3,0x20,0x49,0x52,
    0x69,0x52,0xc7,0x39,0x65,0x31,0x65,0x31,0x85,0x31,0x65,0x31,0x85,0x31,0x85,0x31,
    0x85,0x31,0x85,0x31,0x65,0x31,0x65,0x31,0x65,0x31,0x65,0x31,0x65,0x31,0x65,0x31,
    0x85,0x31,0x65,0x31,0x65,0x31,0x65,0x31,0x65,0x31,0x65,0x31,0x65,0x31,0x65,0x31,
    0x65,0x29,0x65,0x29,0x65,0x31,0x65,0x31,0x65,0x31,0x65,0x31,0x65,0x29,0x65,0x29,
    0x65,0x29,0x65,0x29,0x65,0x29,0x65,0x29,0x65,0x29,0x65,0x29,0x65,0x29,0x65,0x29,
    0x65,0x29,0x65,0x29,0x45,0x29,0x45,0x29,0x45,0x29,0x45,0x29,0x45,0x29,0x45,0x29,
    0x45,0x29,0x45,0x29,0x45,0x29,0x45,0x29,0x45,0x29,0x45,0x29,0x44,0x29,0x44,0x29,
    0x44,0x29,0x44,0x29,0x44,0x29,0x44,0x29,0x44,0x29,0x44,0x29,0x44,0x29,0x44,0x29,
    0x24,0x29,0x24,0x29,0x24,0x29,0x24,0x29,0x24,0x29,0x24,0x29,0x24,0x29,0x24,0x29,
    0x24,0x29,0x24,0x29,0x24,0x29,0x24,0x29,0x24,0x21,0x24,0x29,0x24,0x21,0x24,0x21,
    0x24,0x21,0x24,0x21,0x24,0x21,0x24,0x21,0x24,0x21,0x04,0x21,0x04,0x21,0x04,0x21,
    0x04,0x21,0x04,0x21,0x04,0x21,0x04,0x21,0x04,0x21,0x03,0x21,0x04,0x21,0x03,0x21,
    0x03,0x21,0x03,0x21,0x03,0x21,0x03,0x21,0x03,0x21,0x03,0x21,0x03,0x21,0xe3,0x20,
    0xe3,0x20,0xe3,0x20,0xe3,0x20,0xe3,0x20,0xe3,0x20,0xa2,0x18,0xe4,0x20,0x86,0x39,
    0xc3,0x18,0xe3,0x20,0xe3,0x20,0xe3,0x18,0xe3,0x20,0xe3,0x18,0xe3,0x20,0xe3,0x20,
    0xe3,0x20,0xe3,0x18,0xe3,0x18,0xe3,0x18,0xe3,0x18,0xe3,0x18,0xe3,0x18,0xe3,0x18,
    0xe3,0x18,0xe3,0x18,0xc3,0x18,0xc3,0x18,0xe3,0x18,0xe3,0x18,0xe3,0x18,0xe3,0x18,
    0xc3,0x18,0xc3,0x18,0xc3,0x18,0xc3,0x18,0xc3,0x18,0xc3,0x18,0xc2,0x18,0xc2,0x18,
    0xc2,0x18,0xc2,0x18,0xa2,0x18,0xa2,0x10,0xe3,0x20,0x61,0x10,0x89,0x5a,0x95,0xbd,
    0x40,0x08,0xa2,0x10,0x00,0x00,0x4c,0x73,0x74,0xb5,0x20,0x08,0xa2,0x18,0x61,0x10,
    0x40,0x08,0xc3,0x18,0xc3,0x18,0xa6,0x39,0xc6,0x41,0x85,0x39,0xa6,0x39,0xc3,0x18,
    0x20,0x08,0x40,0x08,0x40,0x08,0x40,0x08,0x41,0x08,0x00,0x00,0x04,0x29,0x86,0x39,
    0x86,0x39,0x00,0x00,0xc2,0x18,0x65,0x31,0x65,0x31,0xe7,0x41,0x86,0x39,0xe7,0x41,
    0xd2,0xa4,0xef,0x83,0xae,0x7b,0x24,0x29,0x81,0x10,0x61,0x08,0x00,0x00,0x00,0x00,
    0x61,0x10,0x61,0x10,0x50,0x94,0xca,0x62,0xa2,0x18,0x04,0x21,0xe3,0x20,0xb6,0xbd,
    0x49,0x4a,0x82,0x10,0x65,0x31,0x65,0x31,0x65,0x31,0x86,0x31,0x86,0x31,0x86,0x31,
    0x86,0x31,0x86,0x31,0x86,0x31,0x86,0x31,0x86,0x31,0x86,0x31,0x86,0x31,0x86,0x31,
    0x86,0x31,0x86,0x31,0x86,0x31,0xa6,0x31,0x86,0x31,0x86,0x31,0x86,0x31,0x86,0x31,
    0x86,0x31,0x86,0x31,0x86,0x31,0x86,0x31,0x86,0x31,0x86,0x31,0x86,0x31,0x86,0x31,
    0x86,0x31,0x85,0x31,0x85,0x31,0x85,0x31,0x86,0x31,0x24,0x21,0xc7,0x39,0xaa,0x62,
    0xe7,0x41,0x86,0x31,0x65,0x31,0x65,0x31,0x65,0x31,0x85,0x31,0x65,0x31,0x65,0x31,
    0x85,0x31,0x65,0x31,0x65,0x31,0x65,0x31,0x85,0x31,0x85,0x31,0x65,0x31,0x65,0x31,
    0x65,0x31,0x65,0x31,0x65,0x31,0x65,0x31,0x65,0x31,0x65,0x31,0x65,0x31,0x65,0x31,
    0x65,0x29,0x65,0x29,0x65,0x31,0x65,0x31,0x65,0x29,0x65,0x29,0x65,0x29,0x65,0x29,
    0x65,0x29,0x65,0x29,0x65,0x29,0x65,0x29,0x65,0x29,0x65,0x29,0x65,0x29,0x65,0x29,
    0x45,0x29,0x45,0x29,0x45,0x29,0x45,0x29,0x45,0x29,0x45,0x29,0x45,0x29,0x45,0x29,
    0x45,0x29,0x45,0x29,0x45,0x29,0x45,0x29,0x44,0x29,0x45,0x29,0x44,0x29,0x44,0x29,
    0x44,0x29,0x44,0x29,0x44,0x29,0x44,0x29,0x44,0x29,0x44,0x29,0x44,0x29,0x44,0x29,
    0x44,0x29,0x24,0x29,0x24,0x29,0x24,0x29,0x24,0x29,0x24,0x29,0x24,0x29,0x24,0x29,
    0x24,0x29,0x24,0x29,0x24,0x29,0x24,0x29,0x24,0x21,0x24,0x21,0x24,0x21,0x24,0x21,
    0x24,0x21,0x24,0x21,0x24,0x21,0x24,0x21,0x24,0x21,0x04,0x21,0x04,0x21,0x04,0x21,
    0x04,0x21,0x04,0x21,0x04,0x21,0x04,0x21,0x04,0x21,0x03,0x21,0x03,0x21,0x03,0x21,
    0x03,0x21,0x03,0x21,0x03,0x21,0x03,0x21,0x03,0x21,0x03,0x21,0x03,0x21,0xe3,0x20,
    0xe3,0x20,0xe3,0x20,0xe3,0x20,0xe3,0x20,0xe3,0x20,0xe3,0x20,0xa2,0x18,0x44,0x29,
    0x45,0x31,0xa2,0x18,0xe3,0x20,0xe3,0x18,0xe3,0x20,0xe3,0x18,0xe3,0x20,0xe3,0x20,
    0xe3,0x20,0xe3,0x20,0xe3,0x18,0xe3,0x18,0xe3,0x18,0xe3,0x18,0xe3,0x18,0xe3,0x18,
    0xe3,0x18,0xe3,0x18,0xc3,0x18,0xe3,0x18,0xc3,0x18,0xc3,0x18,0xc3,0x18,0xc3,0x18,
    0xc3,0x18,0xc3,0x18,0xc3,0x18,0xc3,0x18,0xc3,0x18,0xc3,0x18,0xc3,0x18,0xc3,0x18,
    0xc2,0x18,0xc2,0x18,0xa2,0x18,0xa2,0x18,0xa2,0x18,0xe3,0x20,0x61,0x10,0xd6,0xc5,
    0x28,0x4a,0x20,0x08,0x81,0x10,0xe3,0x20,0x38,0xd6,0xa6,0x39,0x61,0x10,0x82,0x10,
    0x41,0x08,0x61,0x10,0xc3,0x20,0x24,0x29,0x07,0x4a,0x85,0x39,0xa6,0x39,0x24,0x29,
    0x20,0x08,0x40,0x08,0x40,0x08,0x40,0x08,0x40,0x08,0x20,0x00,0x81,0x10,0xa6,0x41,
    0x82,0x10,0x00,0x00,0x03,0x21,0x45,0x31,0x65,0x31,0x28,0x4a,0x04,0x21,0x8d,0x73,
    0x71,0x9c,0x10,0x8c,0xcb,0x62,0xa2,0x18,0x82,0x18,0x20,0x00,0x00,0x00,0x00,0x00,
    0x41,0x08,0x65,0x31,0xd2,0xa4,0x24,0x29,0x04,0x21,0xa2,0x18,0xca,0x62,0x75,0xb5,
    0x82,0x10,0x24,0x29,0x65,0x31,0x65,0x31,0x65,0x31,0x85,0x31,0x86,0x31,0x86,0x31,
    0x86,0x31,0x86,0x31,0x86,0x31,0x86,0x31,0x86,0x31,0x86,0x31,0x86,0x31,0x86,0x31,
    0x86,0x31,0x86,0x31,0x86,0x31,0x86,0x31,0x86,0x31,0x86,0x31,0x86,0x31,0x86,0x31,
    0x86,0x31,0x86,0x31,0x86,0x31,0x86,0x31,0x86,0x31,0x86,0x31,0x86,0x31,0x85,0x31,
    0x86,0x31,0x85,0x31,0x85,0x31,0x85,0x31,0x65,0x31,0x45,0x29,0xcb,0x62,0x08,0x42,
    0xa6,0x39,0x45,0x29,0x65,0x31,0x65,0x31,0x65,0x31,0x85,0x31,0x65,0x31,0x65,0x31,
    0x65,0x31,0x65,0x31,0x65,0x31,0x85,0x31,0x65,0x31,0x65,0x31,0x65,0x31,0x65,0x31,
    0x65,0x31,0x65,0x31,0x65,0x31,0x65,0x31,0x65,0x31,0x65,0x31,0x65,0x31,0x65,0x31,
    0x65,0x31,0x65,0x29,0x65,0x31,0x65,0x31,0x65,0x29,0x65,0x29,0x65,0x29,0x65,0x29,
    0x65,0x29,0x65,0x29,0x65,0x29,0x65,0x29,0x65,0x29,0x65,0x29,0x65,0x29,0x65,0x29,
    0x65,0x29,0x45,0x29,0x45,0x29,0x45,0x29,0x45,0x29,0x45,0x29,0x45,0x29,0x45,0x29,
    0x45,0x29,0x45,0x29,0x45,0x29,0x45,0x29,0x45,0x29,0x45,0x29,0x45,0x29,0x44,0x29,
    0x44,0x29,0x44,0x29,0x44,0x29,0x44,0x29,0x44,0x29,0x44,0x29,0x44,0x29,0x44,0x29,
    0x24,0x29,0x24,0x29,0x24,0x29,0x24,0x29,0x24,0x29,0x24,0x29,0x24,0x29,0x24,0x29,
    0x24,0x29,0x24,0x29,0x24,0x29,0x24,0x21,0x24,0x21,0x24,0x21,0x24,0x21,0x24,0x29,
    0x24,0x21,0x24,0x21,0x24,0x21,0x24,0x21,0x04,0x21,0x04,0x21,0x04,0x21,0x04,0x21,
    0x04,0x21,0x04,0x21,0x04,0x21,0x03,0x21,0x04,0x21,0x03,0x21,0x03,0x21,0x03,0x21,
    0x03,0x21,0x03,0x21,0x03,0x21,0x03,0x21,0x03,0x21,0x03,0x21,0xe3,0x20,0xe3,0x20,
    0xe3,0x20,0xe3,0x20,0xe3,0x20,0xe3,0x20,0xe3,0x20,0xe3,0x20,0xc3,0x18,0xa2,0x18,
    0x85,0x39,0x04,0x29,0xc3,0x18,0xe3,0x20,0xe3,0x20,0xe3,0x20,0xe3,0x20,0xe3,0x20,
    0xe3,0x20,0xe3,0x20,0xe3,0x18,0xe3,0x18,0xe3,0x18,0xe3,0x18,0xe3,0x18,0xe3,0x18,
    0xe3,0x18,0xc3,0x18,0xe3,0x18,0xe3,0x18,0xe3,0x18,0xe3,0x18,0xe3,0x18,0xe3,0x18,
    0xc3,0x18,0xc3,0x18,0xc3,0x18,0xc3,0x18,0xc3,0x18,0xc3,0x18,0xc2,0x18,0xc2,0x18,
    0xc2,0x18,0xc2,0x18,0xa2,0x18,0xa2,0x18,0x82,0x10,0xe3,0x20,0x00,0x00,0xae,0x7b,
    0xf3,0xac,0x20,0x08,0xc2,0x18,0x00,0x00,0x91,0x9c,0xef,0x83,0x00,0x00,0x82,0x10,
    0x41,0x08,0x20,0x08,0xc3,0x20,0xe3,0x20,0xe7,0x49,0xa6,0x41,0x86,0x39,0x85,0x39,
    0x61,0x10,0x40,0x08,0x20,0x08,0x40,0x08,0x40,0x08,0x41,0x08,0x20,0x00,0x85,0x39,
    0x00,0x00,0x61,0x08,0x44,0x29,0x45,0x29,0x85,0x31,0x08,0x4a,0x24,0x29,0xb2,0xa4,
    0x10,0x94,0x30,0x94,0xe7,0x41,0x82,0x18,0x61,0x10,0x00,0x00,0x00,0x00,0x20,0x08,
    0x20,0x08,0x2c,0x6b,0xce,0x83,0xa2,0x18,0x24,0x29,0xc2,0x18,0x13,0xa5,0x6d,0x73,
    0x41,0x08,0x65,0x31,0x65,0x31,0x65,0x31,0x65,0x31,0x85,0x31,0x86,0x31,0x86,0x31,
    0x86,0x31,0x86,0x31,0x86,0x31,0x85,0x31,0x86,0x31,0x86,0x31,0x86,0x31,0x86,0x31,
    0x86,0x31,0x86,0x31,0x86,0x31,0x86,0x31,0x86,0x31,0x86,0x31,0x86,0x31,0x86,0x31,
    0x86,0x31,0x86,0x31,0x86,0x31,0x86,0x31,0x86,0x31,0x86,0x31,0x85,0x31,0x85,0x31,
    0x85,0x31,0x85,0x31,0x65,0x31,0x85,0x31,0x04,0x21,0x8a,0x5a,0x69,0x52,0xc7,0x39,
    0x65,0x29,0x65,0x31,0x65,0x31,0x65,0x31,0x65,0x31,0x65,0x31,0x85,0x31,0x65,0x31,
    0x65,0x31,0x65,0x31,0x65,0x31,0x65,0x31,0x65,0x31,0x65,0x31,0x65,0x31,0x65,0x31,
    0x65,0x31,0x65,0x31,0x65,0x31,0x65,0x31,0x65,0x31,0x65,0x31,0x65,0x31,0x65,0x31,
    0x65,0x31,0x65,0x29,0x65,0x31,0x65,0x29,0x65,0x29,0x65,0x31,0x65,0x29,0x65,0x29,
    0x65,0x29,0x45,0x29,0x65,0x29,0x65,0x29,0x65,0x29,0x65,0x29,0x65,0x29,0x65,0x29,
    0x45,0x29,0x45,0x29,0x45,0x29,0x45,0x29,0x45,0x29,0x45,0x29,0x45,0x29,0x45,0x29,
    0x45,0x29,0x45,0x29,0x45,0x29,0x44,0x29,0x44,0x29,0x44,0x29,0x44,0x29,0x44,0x29,
    0x44,0x29,0x44,0x29,0x44,0x29,0x44,0x29,0x44,0x29,0x44,0x29,0x44,0x29,0x44,0x29,
    0x24,0x29,0x24,0x29,0x24,0x29,0x24,0x29,0x24,0x29,0x24,0x29,0x24,0x29,0x24,0x29,
    0x24,0x29,0x24,0x29,0x24,0x29,0x24,0x21,0x24,0x21,0x24,0x21,0x24,0x21,0x24,0x21,
    0x24,0x21,0x24,0x21,0x04,0x21,0x04,0x21,0x04,0x21,0x04,0x21,0x04,0x21,0x04,0x21,
    0x04,0x21,0x04,0x21,0x04,0x21,0x03,0x21,0x03,0x21,0x03,0x21,0x03,0x21,0x03,0x21,
    0x03,0x21,0x03,0x21,0x03,0x21,0x03,0x21,0x03,0x21,0xe3,0x20,0xe3,0x20,0xe3,0x20,
    0xe3,0x20,0xe3,0x20,0xe3,0x20,0xe3,0x20,0xe3,0x20,0xe3,0x20,0xe3,0x20,0xc3,0x18,
    0xe4,0x20,0x86,0x39,0xc3,0x18,0xe3,0x20,0xe3,0x20,0xe3,0x20,0xe3,0x20,0xe3,0x20,
    0xe3,0x20,0xe3,0x18,0xe3,0x18,0xe3,0x18,0xe3,0x18,0xe3,0x18,0xe3,0x18,0xe3,0x18,
    0xe3,0x18,0xe3,0x18,0xe3,0x18,0xe3,0x18,0xc3,0x18,0xe3,0x18,0xe3,0x18,0xc3,0x18,
    0xe3,0x18,0xc3,0x18,0xe3,0x18,0xc3,0x18,0xc3,0x18,0xc3,0x18,0xc3,0x18,0xc2,0x18,
    0xc2,0x18,0xa2,0x18,0xa2,0x18,0xa2,0x18,0xa2,0x18,0xa2,0x18,0x82,0x18,0x45,0x31,
    0x58,0xd6,0x44,0x29,0x61,0x10,0x40,0x08,0x28,0x4a,0x95,0xbd,0x41,0x10,0x81,0x10,
    0x61,0x10,0x20,0x08,0x82,0x18,0xe3,0x20,0xa6,0x39,0xe7,0x49,0x85,0x39,0xa6,0x41,
    0xc3,0x18,0x20,0x08,0x40,0x08,0x40,0x08,0x40,0x08,0x41,0x08,0x00,0x00,0x24,0x29,
    0x00,0x00,0xc2,0x18,0x65,0x31,0x45,0x29,0xc7,0x39,0x85,0x31,0xc7,0x39,0xf3,0xac,
    0x0f,0x8c,0xcf,0x83,0x04,0x29,0x82,0x18,0x41,0x08,0x00,0x00,0x00,0x00,0x41,0x08,
    0x82,0x18,0x30,0x8c,0x85,0x39,0xc3,0x18,0x04,0x21,0xe7,0x41,0xd6,0xc5,0x45,0x29,
    0xe3,0x20,0x65,0x31,0x65,0x31,0x65,0x31,0x85,0x31,0x86,0x31,0x86,0x31,0x86,0x31,
    0x86,0x31,0x86,0x31,0x86,0x31,0x86,0x31,0x86,0x31,0x86,0x31,0x86,0x31,0x86,0x31,
    0x86,0x31,0x86,0x31,0x86,0x31,0x86,0x31,0x86,0x31,0x86,0x31,0x86,0x31,0x86,0x31,
    0x86,0x31,0x86,0x31,0x86,0x31,0x86,0x31,0x86,0x31,0x85,0x31,0x85,0x31,0x85,0x31,
    0x85,0x31,0x85,0x31,0x85,0x31,0x24,0x29,0xa6,0x39,0xcb,0x62,0x08,0x42,0xa6,0x39,
    0x45,0x29,0x44,0x29,0x45,0x29,0x45,0x29,0x65,0x31,0x65,0x31,0x65,0x31,0x85,0x31,
    0x65,0x31,0x65,0x31,0x65,0x31,0x65,0x31,0x65,0x31,0x65,0x31,0x65,0x31,0x65,0x31,
    0x65,0x31,0x65,0x29,0x65,0x31,0x65,0x29,0x65,0x29,0x65,0x29,0x65,0x31,0x65,0x29,
    0x65,0x29,0x65,0x29,0x65,0x29,0x65,0x29,0x65,0x29,0x65,0x29,0x45,0x29,0x65,0x29,
    0x65,0x29,0x45,0x29,0x65,0x29,0x45,0x29,0x45,0x29,0x65,0x29,0x65,0x29,0x45,0x29,
    0x45,0x29,0x45,0x29,0x45,0x29,0x45,0x29,0x45,0x29,0x45,0x29,0x45,0x29,0x45,0x29,
    0x45,0x29,0x45,0x29,0x45,0x29,0x44,0x29,0x44,0x29,0x44,0x29,0x44,0x29,0x44,0x29,
    0x44,0x29,0x44,0x29,0x44,0x29,0x44,0x29,0x44,0x29,0x24,0x29,0x44,0x29,0x44,0x29,
    0x24,0x29,0x24,0x29,0x24,0x29,0x24,0x29,0x24,0x29,0x24,0x29,0x24,0x29,0x24,0x29,
    0x24,0x29,0x24,0x21,0x24,0x21,0x24,0x21,0x24,0x21,0x24,0x21,0x24,0x21,0x24,0x21,
    0x24,0x21,0x24,0x21,0x04,0x21,0x04,0x21,0x04,0x21,0x04,0x21,0x04,0x21,0x04,0x21,
    0x04,0x21,0x04,0x21,0x04,0x21,0x03,0x21,0x03,0x21,0x03,0x21,0x03,0x21,0x03,0x21,
    0x03,0x21,0x03,0x21,0x03,0x21,0xe3,0x20,0xe3,0x20,0xe3,0x20,0xe3,0x20,0xe3,0x20,
    0xe3,0x20,0xe3,0x20,0xe3,0x18,0xc2,0x18,0xc3,0x18,0xc3,0x18,0xe3,0x18,0xe3,0x20,
    0xc3,0x18,0x45,0x31,0x45,0x31,0xc3,0x18,0xe3,0x20,0xe3,0x18,0xe3,0x20,0xe3,0x20,
    0xe3,0x18,0xe3,0x18,0xe3,0x18,0xe3,0x18,0xe3,0x18,0xe3,0x18,0xe3,0x18,0xe3,0x18,
    0xe3,0x18,0xe3,0x18,0xe3,0x18,0xe3,0x18,0xe3,0x18,0xe3,0x18,0xc3,0x18,0xc3,0x18,
    0xc3,0x18,0xc3,0x18,0xc3,0x18,0xc3,0x18,0xc3,0x18,0xc3,0x18,0xc2,0x18,0xc2,0x18,
    0xc2,0x18,0xa2,0x18,0xa2,0x18,0xa2,0x18,0xa2,0x18,0x82,0x10,0xe3,0x20,0x20,0x08,
    0x34,0xb5,0x6d,0x73,0x20,0x08,0x82,0x10,0x00,0x00,0x34,0xb5,0xc7,0x41,0x20,0x08,
    0x61,0x10,0x40,0x08,0x41,0x08,0x04,0x29,0x65,0x31,0x28,0x52,0x86,0x39,0xa6,0x41,
    0x04,0x29,0x20,0x08,0x40,0x08,0x20,0x08,0x40,0x08,0x40,0x08,0x20,0x00,0x82,0x10,
    0x00,0x00,0x03,0x21,0x65,0x31,0x45,0x29,0x08,0x4a,0xe3,0x18,0xeb,0x62,0x71,0x9c,
    0x30,0x8c,0x0b,0x6b,0xa2,0x18,0x82,0x18,0x00,0x00,0x00,0x00,0x00,0x00,0x20,0x08,
    0xa6,0x39,0x34,0xad,0x8a,0x5a,0x24,0x29,0x41,0x10,0xae,0x7b,0xb2,0x9c,0x61,0x10,
    0x24,0x29,0x65,0x31,0x65,0x31,0x65,0x31,0x85,0x31,0x86,0x31,0x86,0x31,0x86,0x31,
    0x86,0x31,0x86,0x31,0x86,0x31,0x86,0x31,0x85,0x31,0x85,0x31,0x86,0x31,0x86,0x31,
    0x86,0x31,0x86,0x31,0x86,0x31,0x86,0x31,0x86,0x31,0x86,0x31,0x86,0x31,0x86,0x31,
    0x86,0x31,0x86,0x31,0x86,0x31,0x86,0x31,0x85,0x31,0x85,0x31,0x85,0x31,0x85,0x31,
    0x65,0x31,0x85,0x31,0x85,0x31,0x24,0x29,0xaa,0x62,0x28,0x4a,0xe7,0x41,0x45,0x29,
    0xa6,0x39,0x08,0x4a,0xe7,0x41,0xe7,0x41,0x86,0x31,0x65,0x31,0x65,0x31,0x65,0x31,
    0x65,0x31,0x65,0x31,0x65,0x31,0x65,0x31,0x65,0x31,0x65,0x31,0x65,0x31,0x65,0x29,
    0x65,0x31,0x65,0x31,0x65,0x31,0x65,0x31,0x65,0x31,0x65,0x29,0x65,0x31,0x65,0x29,
    0x65,0x29,0x65,0x31,0x65,0x29,0x65,0x29,0x65,0x29,0x65,0x29,0x45,0x29,0x65,0x29,
    0x45,0x29,0x45,0x29,0x65,0x29,0x65,0x29,0x65,0x29,0x45,0x29,0x45,0x29,0x45,0x29,
    0x45,0x29,0x45,0x29,0x45,0x29,0x45,0x29,0x45,0x29,0x45,0x29,0x45,0x29,0x45,0x29,
    0x44,0x29,0x45,0x29,0x45,0x29,0x44,0x29,0x44,0x29,0x44,0x29,0x44,0x29,0x44,0x29,
    0x44,0x29,0x44,0x29,0x44,0x29,0x44,0x29,0x44,0x29,0x44,0x29,0x24,0x29,0x24,0x29,
    0x24,0x29,0x24,0x29,0x24,0x29,0x24,0x29,0x24,0x29,0x24,0x29,0x24,0x29,0x24,0x29,
    0x24,0x29,0x24,0x21,0x24,0x21,0x24,0x21,0x24,0x21,0x24,0x21,0x24,0x21,0x24,0x21,
    0x24,0x21,0x24,0x21,0x04,0x21,0x04,0x21,0x04,0x21,0x04,0x21,0x04,0x21,0x03,0x21,
    0x04,0x21,0x04,0x21,0x03,0x21,0x03,0x21,0x03,0x21,0x03,0x21,0x03,0x21,0x03,0x21,
    0x03,0x21,0x03,0x21,0x03,0x21,0x03,0x21,0xe3,0x20,0x03,0x21,0xe3,0x20,0xe3,0x20,
    0xe3,0x20,0xc3,0x18,0x04,0x21,0x65,0x31,0x04,0x21,0xe3,0x20,0xe3,0x20,0xe3,0x20,
    0xe3,0x20,0xc3,0x18,0x65,0x31,0xe3,0x20,0xc3,0x18,0xe3,0x20,0xe3,0x18,0xe3,0x18,
    0xe3,0x18,0xe3,0x18,0xe3,0x18,0xe3,0x18,0xe3,0x18,0xe3,0x18,0xe3,0x18,0xe3,0x18,
    0xe3,0x18,0xe3,0x18,0xe3,0x18,0xe3,0x18,0xe3,0x18,0xe3,0x18,0xe3,0x18,0xe3,0x18,
    0xc3,0x18,0xc3,0x18,0xc3,0x18,0xc3,0x18,0xc3,0x18,0xc2,0x18,0xc2,0x18,0xc2,0x18,
    0xc2,0x18,0xc2,0x18,0xa2,0x18,0xa2,0x18,0xa2,0x18,0x82,0x10,0xc3,0x20,0x41,0x08,
    0xcb,0x62,0x75,0xbd,0x00,0x00,0xa2,0x18,0xe7,0x41,0x17,0xce,0xef,0x83,0x00,0x00,
    0x81,0x10,0x41,0x08,0x20,0x08,0x03,0x21,0x04,0x29,0x28,0x4a,0xa6,0x39,0x85,0x39,
    0x65,0x31,0x41,0x08,0x40,0x08,0x40,0x08,0x40,0x08,0x40,0x08,0x41,0x08,0x00,0x00,
    0x41,0x08,0x24,0x29,0x45,0x31,0x65,0x31,0x07,0x4a,0xa2,0x18,0xef,0x83,0x0f,0x8c,
    0x30,0x94,0x08,0x4a,0x82,0x18,0x82,0x10,0x00,0x00,0x00,0x00,0x40,0x08,0x20,0x08,
    0x0c,0x6b,0x92,0x9c,0xb2,0xa4,0x75,0xb5,0x0f,0x8c,0x95,0xb5,0xaa,0x5a,0x82,0x10,
    0x45,0x31,0x65,0x31,0x65,0x31,0x65,0x31,0x65,0x31,0x86,0x31,0x86,0x31,0x86,0x31,
    0x86,0x31,0x85,0x31,0x86,0x31,0x86,0x31,0x85,0x31,0x86,0x31,0x86,0x31,0x86,0x31,
    0x86,0x31,0x86,0x31,0x86,0x31,0x86,0x31,0x86,0x31,0x86,0x31,0x86,0x31,0x85,0x31,
    0x86,0x31,0x86,0x31,0x86,0x31,0x86,0x31,0x86,0x31,0x85,0x31,0x85,0x31,0x65,0x31,
    0x65,0x31,0x86,0x31,0x04,0x21,0x08,0x4a,0x8a,0x5a,0xe7,0x41,0x65,0x31,0xe7,0x41,
    0x69,0x5a,0x69,0x52,0x2c,0x73,0xcb,0x62,0xe7,0x41,0x65,0x31,0x65,0x31,0x65,0x31,
    0x65,0x31,0x65,0x31,0x65,0x31,0x65,0x31,0x65,0x31,0x65,0x31,0x65,0x31,0x65,0x31,
    0x65,0x29,0x65,0x31,0x65,0x31,0x65,0x29,0x65,0x29,0x65,0x29,0x65,0x29,0x65,0x29,
    0x65,0x31,0x65,0x31,0x65,0x29,0x65,0x29,0x65,0x29,0x65,0x29,0x65,0x29,0x45,0x29,
    0x65,0x29,0x65,0x29,0x45,0x29,0x45,0x29,0x45,0x29,0x45,0x29,0x45,0x29,0x45,0x29,
    0x45,0x29,0x45,0x29,0x45,0x29,0x45,0x29,0x45,0x29,0x45,0x29,0x45,0x29,0x45,0x29,
    0x45,0x29,0x44,0x29,0x44,0x29,0x44,0x29,0x44,0x29,0x44,0x29,0x44,0x29,0x44,0x29,
    0x44,0x29,0x44,0x29,0x44,0x29,0x24,0x29,0x24,0x29,0x44,0x29,0x24,0x29,0x24,0x29,
    0x24,0x29,0x24,0x29,0x24,0x29,0x24,0x29,0x24,0x29,0x24,0x21,0x24,0x29,0x24,0x29,
    0x24,0x29,0x24,0x21,0x24,0x21,0x24,0x29,0x24,0x29,0x24,0x21,0x24,0x29,0x24,0x21,
    0x04,0x21,0x04,0x21,0x04,0x21,0x04,0x21,0x04,0x21,0x04,0x21,0x04,0x21,0x04,0x21,
    0x03,0x21,0x03,0x21,0x03,0x21,0x03,0x21,0x03,0x21,0x03,0x21,0x03,0x21,0x03,0x21,
    0x03,0x21,0x03,0x21,0x03,0x21,0x03,0x21,0xe3,0x20,0xe3,0x20,0xe3,0x20,0xe3,0x20,
    0xc3,0x18,0x24,0x29,0x49,0x52,0xc7,0x41,0x8a,0x5a,0x69,0x52,0x24,0x29,0x03,0x21,
    0xe3,0x20,0xc2,0x18,0x04,0x21,0x45,0x31,0xa2,0x18,0xe3,0x18,0xe3,0x18,0xe3,0x18,
    0xe3,0x20,0xe3,0x18,0xe3,0x18,0xe3,0x18,0xe3,0x18,0xe3,0x18,0xe3,0x18,0xe3,0x18,
    0xe3,0x18,0xe3,0x18,0xe3,0x18,0xe3,0x18,0xc3,0x18,0xc3,0x18,0xc3,0x18,0xc3,0x18,
    0xc3,0x18,0xc3,0x18,0xc3,0x18,0xc3,0x18,0xc3,0x18,0xc3,0x18,0xc3,0x18,0xc2,0x18,
    0xc2,0x18,0xa2,0x18,0xa2,0x18,0xa2,0x18,0xa2,0x18,0x82,0x10,0xa2,0x18,0xc3,0x18,
    0xe3,0x20,0xf6,0xc5,0x13,0xad,0x58,0xd6,0x58,0xd6,0x13,0xad,0x75,0xbd,0x82,0x10,
    0x61,0x10,0x61,0x10,0x40,0x08,0xc3,0x20,0xe3,0x20,0xc6,0x41,0xc6,0x41,0x65,0x39,
    0x85,0x39,0x82,0x10,0x20,0x08,0x40,0x08,0x20,0x08,0x20,0x08,0x41,0x08,0x00,0x00,
    0x82,0x10,0x44,0x29,0x45,0x29,0x86,0x39,0x86,0x39,0x44,0x29,0x71,0x9c,0xcf,0x83,
    0xef,0x83,0x45,0x31,0x82,0x18,0x41,0x08,0x00,0x00,0x00,0x00,0x61,0x08,0x81,0x10,
    0x71,0x9c,0xc6,0x41,0x82,0x18,0x08,0x4a,0xb2,0x9c,0xd6,0xbd,0x04,0x21,0xe3,0x20,
    0x65,0x31,0x65,0x31,0x65,0x31,0x65,0x31,0x65,0x31,0x65,0x31,0x86,0x31,0x86,0x31,
    0x86,0x31,0x86,0x31,0x86,0x31,0x86,0x31,0x86,0x31,0x86,0x31,0x85,0x31,0x86,0x31,
    0x86,0x31,0x86,0x31,0x86,0x31,0x86,0x31,0x86,0x31,0x86,0x31,0x86,0x31,0x85,0x31,
    0x86,0x31,0x85,0x31,0x86,0x31,0x85,0x31,0x85,0x31,0x85,0x31,0x85,0x31,0x85,0x31,
    0x85,0x31,0x65,0x29,0x45,0x29,0xcb,0x62,0xe7,0x41,0x86,0x31,0x85,0x31,0x69,0x52,
    0xcb,0x62,0x18,0xce,0x1b,0xef,0x1b,0xe7,0x92,0x9c,0x86,0x39,0x44,0x29,0x65,0x31,
    0x65,0x31,0x65,0x31,0x65,0x31,0x65,0x31,0x65,0x31,0x65,0x29,0x65,0x31,0x65,0x31,
    0x65,0x31,0x65,0x29,0x65,0x29,0x65,0x29,0x65,0x29,0x65,0x29,0x65,0x31,0x65,0x29,
    0x65,0x31,0x65,0x29,0x65,0x29,0x45,0x29,0x65,0x29,0x65,0x29,0x45,0x29,0x45,0x29,
    0x45,0x29,0x45,0x29,0x65,0x29,0x45,0x29,0x45,0x29,0x45,0x29,0x45,0x29,0x45,0x29,
    0x45,0x29,0x45,0x29,0x45,0x29,0x45,0x29,0x45,0x29,0x45,0x29,0x45,0x29,0x45,0x29,
    0x45,0x29,0x45,0x29,0x44,0x29,0x44,0x29,0x44,0x29,0x44,0x29,0x44,0x29,0x44,0x29,
    0x44,0x29,0x44,0x29,0x44,0x29,0x24,0x29,0x24,0x29,0x24,0x29,0x24,0x29,0x24,0x29,
    0x24,0x29,0x24,0x29,0x24,0x29,0x24,0x29,0x24,0x29,0x24,0x29,0x24,0x29,0x24,0x29,
    0x24,0x21,0x24,0x21,0x24,0x21,0x24,0x21,0x24,0x21,0x04,0x21,0x24,0x21,0x04,0x21,
    0x04,0x21,0x04,0x21,0x04,0x21,0x04,0x21,0x04,0x21,0x04,0x21,0x04,0x21,0x04,0x21,
    0x03,0x21,0x03,0x21,0x04,0x21,0x03,0x21,0x03,0x21,0x03,0x21,0x03,0x21,0x03,0x21,
    0x03,0x21,0x03,0x21,0x03,0x21,0xe3,0x20,0xe3,0x20,0xe3,0x20,0xe3,0x20,0xe3,0x20,
    0xc3,0x18,0x28,0x4a,0x48,0x52,0x75,0xb5,0xfb,0xe6,0x3c,0xef,0xf3,0xa4,0x45,0x31,
    0xe3,0x20,0xc3,0x18,0xa2,0x18,0x45,0x31,0x04,0x29,0xc3,0x18,0xe3,0x20,0xc3,0x18,
    0xe3,0x18,0xe3,0x18,0xe3,0x18,0xe3,0x18,0xe3,0x18,0xe3,0x18,0xe3,0x18,0xe3,0x18,
    0xe3,0x18,0xe3,0x18,0xe3,0x18,0xc3,0x18,0xc3,0x18,0xc3,0x18,0xc3,0x18,0xc3,0x18,
    0xc3,0x18,0xc3,0x18,0xc3,0x18,0xc3,0x18,0xc3,0x18,0xc3,0x18,0xc3,0x18,0xc2,0x18,
    0xc2,0x18,0xc2,0x18,0xa2,0x18,0xa2,0x18,0xa2,0x18,0xa2,0x18,0x82,0x10,0x04,0x21,
    0x40,0x08,0xb2,0xa4,0x58,0xd6,0xeb,0x62,0xc3,0x20,0x00,0x00,0x95,0xc5,0x08,0x4a,
    0x20,0x08,0x81,0x10,0x41,0x08,0x82,0x18,0xe3,0x20,0x45,0x31,0xe7,0x49,0x65,0x39,
    0xa6,0x39,0xe3,0x20,0x20,0x08,0x40,0x08,0x20,0x08,0x20,0x08,0x40,0x08,0x20,0x08,
    0xe3,0x20,0x44,0x29,0x45,0x29,0xc7,0x41,0xe3,0x20,0x28,0x4a,0x71,0x9c,0xce,0x83,
    0x2c,0x6b,0xc3,0x18,0xa2,0x18,0x20,0x08,0x00,0x00,0x20,0x08,0x41,0x08,0xa6,0x39,
    0xb2,0x9c,0xe3,0x20,0xe3,0x20,0x20,0x08,0x2c,0x6b,0x71,0x94,0x62,0x10,0x25,0x29,
    0x65,0x31,0x65,0x31,0x65,0x31,0x65,0x31,0x65,0x31,0x65,0x31,0x86,0x31,0x86,0x31,
    0x86,0x31,0x86,0x31,0x86,0x31,0x86,0x31,0x86,0x31,0x86,0x31,0x85,0x31,0x65,0x31,
    0x86,0x31,0x86,0x31,0x86,0x31,0x86,0x31,0x86,0x31,0x86,0x31,0x86,0x31,0x85,0x31,
    0x86,0x31,0x85,0x31,0x85,0x31,0x85,0x31,0x85,0x31,0x85,0x31,0x85,0x31,0x65,0x31,
    0x86,0x31,0x04,0x21,0x48,0x52,0x49,0x52,0xa6,0x39,0x24,0x29,0xc7,0x39,0x28,0x4a,
    0xb6,0xbd,0x7d,0xf7,0x3c,0xef,0x7d,0xf7,0x7d,0xf7,0xca,0x62,0xe3,0x20,0x65,0x31,
    0x65,0x31,0x65,0x31,0x65,0x31,0x65,0x31,0x65,0x29,0x65,0x31,0x65,0x31,0x65,0x29,
    0x65,0x29,0x65,0x29,0x65,0x29,0x65,0x29,0x65,0x29,0x45,0x29,0x65,0x29,0x65,0x29,
    0x45,0x29,0x65,0x29,0x65,0x29,0x45,0x29,0x45,0x29,0x45,0x29,0x45,0x29,0x45,0x29,
    0x45,0x29,0x45,0x29,0x45,0x29,0x45,0x29,0x45,0x29,0x45,0x29,0x45,0x29,0x45,0x29,
    0x45,0x29,0x45,0x29,0x45,0x29,0x45,0x29,0x45,0x29,0x45,0x29,0x45,0x29,0x45,0x29,
    0x45,0x29,0x44,0x29,0x44,0x29,0x44,0x29,0x44,0x29,0x44,0x29,0x44,0x29,0x24,0x29,
    0x24,0x29,0x44,0x29,0x24,0x29,0x24,0x29,0x24,0x29,0x24,0x29,0x24,0x29,0x24,0x29,
    0x24,0x29,0x24,0x29,0x24,0x29,0x24,0x29,0x24,0x29,0x24,0x29,0x24,0x29,0x24,0x21,
    0x24,0x21,0x24,0x29,0x24,0x21,0x24,0x21,0x24,0x21,0x24,0x21,0x04,0x21,0x04,0x21,
    0x04,0x21,0x04,0x21,0x04,0x21,0x04,0x21,0x04,0x21,0x04,0x21,0x04,0x21,0x04,0x21,
    0x04,0x21,0x03,0x21,0x03,0x21,0x03,0x21,0x03,0x21,0x03,0x21,0x03,0x21,0x03,0x21,
    0x03,0x21,0x03,0x21,0xe3,0x20,0xe3,0x20,0xe3,0x20,0xe3,0x20,0xe3,0x20,0xc3,0x18,
    0x44,0x29,0xc7,0x41,0x71,0x94,0x7d,0xf7,0x3c,0xef,0x3c,0xef,0xbe,0xff,0x6d,0x73,
    0xa2,0x18,0xc2,0x18,0xa2,0x18,0xe3,0x20,0x65,0x31,0xc3,0x18,0xc3,0x18,0xc3,0x18,
    0xe3,0x20,0xe3,0x18,0xe3,0x18,0xe3,0x18,0xe3,0x20,0xe3,0x20,0xe3,0x18,0xe3,0x18,
    0xe3,0x18,0xe3,0x18,0xe3,0x18,0xc3,0x18,0xc3,0x18,0xc3,0x18,0xc3,0x18,0xc3,0x18,
    0xc3,0x18,0xc3,0x18,0xc3,0x18,0xc3,0x18,0xc3,0x18,0xc3,0x18,0xc3,0x18,0xc2,0x18,
    0xc2,0x18,0xa2,0x18,0xa2,0x18,0xa2,0x18,0xa2,0x18,0xa2,0x18,0x82,0x10,0xe3,0x20,
    0x41,0x08,0xeb,0x62,0xf3,0xac,0x00,0x00,0x61,0x10,0x00,0x00,0x0f,0x8c,0x10,0x8c,
    0x00,0x00,0x82,0x18,0x41,0x08,0x61,0x08,0x03,0x29,0x04,0x29,0x08,0x4a,0x85,0x39,
    0x86,0x39,0x44,0x31,0x40,0x08,0x40,0x08,0x20,0x08,0x20,0x08,0x40,0x08,0x41,0x08,
    0x04,0x29,0x45,0x29,0x45,0x31,0xe7,0x41,0x82,0x10,0x4c,0x73,0x0f,0x8c,0xef,0x83,
    0x69,0x52,0x82,0x10,0x82,0x10,0x00,0x00,0x00,0x00,0x41,0x08,0x40,0x08,0x4d,0x73,
    0xef,0x83,0x82,0x10,0x04,0x29,0xc3,0x18,0x34,0xad,0xcb,0x62,0x82,0x10,0x45,0x31,
    0x45,0x31,0x65,0x31,0x65,0x31,0x65,0x31,0x65,0x31,0x65,0x31,0x66,0x31,0x66,0x31,
    0x86,0x31,0x86,0x31,0x86,0x31,0x86,0x31,0x85,0x31,0x86,0x31,0x85,0x31,0x65,0x31,
    0x65,0x31,0x86,0x31,0x86,0x31,0x86,0x31,0x86,0x31,0x86,0x31,0x85,0x31,0x65,0x31,
    0x85,0x31,0x85,0x31,0x65,0x31,0x85,0x31,0x85,0x31,0x85,0x31,0x85,0x31,0x85,0x31,
    0x45,0x29,0x45,0x31,0xaa,0x62,0xa7,0x39,0x65,0x31,0x24,0x29,0x86,0x39,0x69,0x5a,
    0x9a,0xde,0x5d,0xef,0x7d,0xf7,0x5c,0xef,0x9d,0xf7,0x6d,0x73,0xa2,0x18,0x45,0x29,
    0x65,0x31,0x65,0x31,0x65,0x29,0x65,0x31,0x65,0x31,0x65,0x31,0x65,0x31,0x65,0x29,
    0x65,0x29,0x65,0x29,0x65,0x29,0x65,0x29,0x45,0x29,0x45,0x29,0x65,0x29,0x45,0x29,
    0x45,0x29,0x45,0x29,0x45,0x29,0x45,0x29,0x45,0x29,0x45,0x29,0x45,0x29,0x45,0x29,
    0x45,0x29,0x45,0x29,0x45,0x29,0x45,0x29,0x45,0x29,0x45,0x29,0x45,0x29,0x45,0x29,
    0x45,0x29,0x45,0x29,0x45,0x29,0x45,0x29,0x45,0x29,0x45,0x29,0x45,0x29,0x45,0x29,
    0x44,0x29,0x44,0x29,0x44,0x29,0x44,0x29,0x44,0x29,0x44,0x29,0x44,0x29,0x44,0x29,
    0x44,0x29,0x44,0x29,0x24,0x29,0x24,0x29,0x24,0x29,0x24,0x29,0x24,0x29,0x24,0x29,
    0x24,0x29,0x24,0x29,0x24,0x29,0x24,0x29,0x24,0x29,0x24,0x29,0x24,0x29,0x24,0x29,
    0x24,0x29,0x24,0x21,0x24,0x21,0x24,0x21,0x04,0x21,0x04,0x21,0x04,0x21,0x04,0x21,
    0x04,0x21,0x04,0x21,0x04,0x21,0x04,0x21,0x04,0x21,0x04,0x21,0x04,0x21,0x04,0x21,
    0x04,0x21,0x03,0x21,0x03,0x21,0x03,0x21,0x03,0x21,0x03,0x21,0x03,0x21,0x03,0x21,
    0xe3,0x20,0xe3,0x20,0xe3,0x20,0xe3,0x20,0xe3,0x20,0xe3,0x20,0xe3,0x20,0xc3,0x18,
    0x04,0x21,0x86,0x39,0x95,0xbd,0x5c,0xef,0x5c,0xef,0x3c,0xef,0x9d,0xf7,0x92,0x9c,
    0x82,0x18,0xa2,0x18,0xc3,0x18,0xa2,0x18,0x45,0x31,0x04,0x29,0xa2,0x18,0xe3,0x20,
    0xc3,0x18,0xe3,0x18,0xe3,0x18,0xe3,0x18,0xe3,0x18,0xe3,0x18,0xe3,0x18,0xe3,0x18,
    0xe3,0x18,0xe3,0x18,0xe3,0x18,0xc3,0x18,0xc3,0x18,0xc3,0x18,0xc3,0x18,0xc3,0x18,
    0xc3,0x18,0xc3,0x18,0xc3,0x18,0xc3,0x18,0xc3,0x18,0xc2,0x18,0xc3,0x18,0xc2,0x18,
    0xc2,0x18,0xc2,0x18,0xc2,0x18,0xa2,0x18,0xa2,0x18,0xa2,0x10,0xa2,0x10,0xa2,0x18,
    0xc3,0x18,0x04,0x21,0xf7,0xcd,0x45,0x29,0x61,0x10,0x20,0x08,0x28,0x4a,0x95,0xbd,
    0x41,0x10,0x82,0x10,0x61,0x10,0x40,0x08,0xe3,0x20,0xe3,0x20,0x07,0x4a,0xa6,0x41,
    0x85,0x39,0x86,0x39,0x82,0x10,0x20,0x08,0x20,0x08,0x20,0x08,0x20,0x08,0x41,0x08,
    0x24,0x29,0x44,0x29,0x65,0x31,0xa6,0x39,0xc2,0x18,0x30,0x94,0xce,0x83,0xcf,0x83,
    0xa6,0x39,0x82,0x10,0x61,0x10,0x00,0x00,0x00,0x00,0x61,0x10,0x81,0x10,0x91,0x9c,
    0xaa,0x5a,0xa2,0x18,0xe3,0x20,0x86,0x39,0xb6,0xbd,0x65,0x31,0xc3,0x20,0x45,0x29,
    0x45,0x29,0x65,0x31,0x65,0x31,0x65,0x31,0x65,0x31,0x65,0x31,0x66,0x31,0x86,0x31,
    0x86,0x31,0x86,0x31,0x86,0x31,0x86,0x31,0x86,0x31,0x86,0x31,0x86,0x31,0x86,0x31,
    0x86,0x31,0x86,0x31,0x86,0x31,0x86,0x31,0x85,0x31,0x65,0x31,0x85,0x31,0x85,0x31,
    0x65,0x31,0x85,0x31,0x85,0x31,0x85,0x31,0x85,0x31,0x85,0x31,0x65,0x31,0x86,0x31,
    0xe4,0x20,0x49,0x52,0x49,0x52,0xa6,0x39,0x45,0x29,0x45,0x29,0x45,0x31,0xe7,0x49,
    0xd7,0xc5,0xdf,0xff,0x5d,0xef,0x9e,0xf7,0x5c,0xef,0x49,0x52,0xa2,0x18,0x45,0x29,
    0x45,0x29,0x65,0x31,0x65,0x31,0x65,0x31,0x65,0x31,0x65,0x29,0x65,0x29,0x45,0x29,
    0x45,0x29,0x65,0x29,0x65,0x31,0x45,0x31,0x45,0x29,0x45,0x29,0x45,0x29,0x45,0x29,
    0x45,0x29,0x45,0x29,0x45,0x29,0x45,0x29,0x45,0x29,0x45,0x29,0x45,0x29,0x45,0x29,
    0x45,0x29,0x45,0x29,0x45,0x29,0x45,0x29,0x45,0x29,0x45,0x29,0x45,0x29,0x45,0x29,
    0x45,0x29,0x45,0x29,0x45,0x29,0x45,0x29,0x45,0x29,0x45,0x29,0x45,0x29,0x44,0x29,
    0x44,0x29,0x44,0x29,0x44,0x29,0x44,0x29,0x44,0x29,0x44,0x29,0x24,0x29,0x24,0x29,
    0x24,0x29,0x24,0x29,0x24,0x29,0x24,0x29,0x24,0x29,0x24,0x29,0x24,0x29,0x24,0x29,
    0x24,0x29,0x24,0x29,0x24,0x29,0x24,0x29,0x24,0x29,0x24,0x29,0x24,0x29,0x24,0x21,
    0x24,0x21,0x24,0x21,0x04,0x21,0x04,0x21,0x04,0x21,0x04,0x21,0x04,0x21,0x04,0x21,
    0x04,0x21,0x04,0x21,0x04,0x21,0x04,0x21,0x04,0x21,0x04,0x21,0x04,0x21,0x04,0x21,
    0x03,0x21,0x03,0x21,0x03,0x21,0x03,0x21,0x03,0x21,0xe3,0x20,0xe3,0x20,0xe3,0x20,
    0xe3,0x20,0xe3,0x20,0xe3,0x20,0xe3,0x20,0xe3,0x20,0xe3,0x20,0xe3,0x20,0xe3,0x20,
    0xe3,0x18,0x04,0x21,0x71,0x9c,0xde,0xff,0x5d,0xef,0x7d,0xf7,0xde,0xff,0x8d,0x7b,
    0x61,0x10,0xc2,0x18,0xc3,0x18,0xc2,0x18,0xc3,0x20,0x45,0x31,0xa2,0x18,0xe3,0x20,
    0xe3,0x18,0xe3,0x18,0xe3,0x18,0xe3,0x18,0xe3,0x18,0xe3,0x18,0xe3,0x18,0xe3,0x18,
    0xe3,0x18,0xe3,0x18,0xc3,0x18,0xc3,0x18,0xc3,0x18,0xc3,0x18,0xc3,0x18,0xc3,0x18,
    0xc3,0x18,0xc3,0x18,0xc3,0x18,0xc3,0x18,0xc2,0x18,0xc2,0x18,0xc2,0x18,0xc2,0x18,
    0xc2,0x18,0xc2,0x18,0xa2,0x18,0xa2,0x18,0xa2,0x18,0xa2,0x18,0xa2,0x10,0x82,0x10,
    0xe3,0x20,0x20,0x08,0x13,0xad,0xeb,0x6a,0x00,0x00,0x61,0x10,0xe3,0x20,0xf7,0xcd,
    0x65,0x31,0x61,0x10,0x61,0x10,0x40,0x08,0xa2,0x18,0xe3,0x20,0xc6,0x39,0xe7,0x49,
    0x65,0x39,0x86,0x39,0xc3,0x20,0x20,0x08,0x20,0x08,0x20,0x08,0x20,0x08,0x41,0x08,
    0x24,0x29,0x45,0x29,0x86,0x31,0x45,0x31,0x45,0x29,0x91,0x9c,0xce,0x83,0x8e,0x7b,
    0x24,0x29,0x82,0x18,0x41,0x08,0x00,0x00,0x00,0x00,0x41,0x08,0x24,0x29,0x13,0xad,
    0x86,0x39,0xe3,0x20,0xa2,0x18,0x2c,0x6b,0x34,0xad,0x82,0x10,0x24,0x29,0x45,0x29,
    0x65,0x31,0x65,0x31,0x65,0x31,0x65,0x31,0x65,0x31,0x65,0x31,0x86,0x31,0x86,0x31,
    0x86,0x31,0x86,0x31,0x66,0x31,0x86,0x31,0x86,0x31,0x86,0x31,0x86,0x31,0x86,0x31,
    0x85,0x31,0x86,0x31,0x86,0x31,0x85,0x31,0x85,0x31,0x85,0x31,0x85,0x31,0x85,0x31,
    0x65,0x31,0x65,0x31,0x85,0x31,0x65,0x31,0x65,0x31,0x65,0x31,0x65,0x31,0x45,0x29,
    0x45,0x31,0xaa,0x62,0xe7,0x41,0x86,0x31,0x45,0x29,0x65,0x31,0x45,0x29,0x65,0x31,
    0xcb,0x62,0x99,0xd6,0x7d,0xf7,0x1c,0xef,0x30,0x94,0xe3,0x20,0xe3,0x20,0x45,0x29,
    0x45,0x29,0x65,0x31,0x65,0x31,0x65,0x29,0x65,0x29,0x65,0x29,0x65,0x29,0x45,0x29,
    0x45,0x31,0x65,0x29,0x65,0x31,0x45,0x29,0x65,0x29,0x45,0x29,0x45,0x29,0x45,0x29,
    0x45,0x29,0x45,0x29,0x45,0x29,0x45,0x29,0x45,0x29,0x45,0x29,0x45,0x29,0x45,0x29,
    0x45,0x29,0x45,0x29,0x45,0x29,0x45,0x29,0x45,0x29,0x45,0x29,0x45,0x29,0x45,0x29,
    0x45,0x29,0x45,0x29,0x45,0x29,0x45,0x29,0x45,0x29,0x45,0x29,0x44,0x29,0x44,0x29,
    0x44,0x29,0x44,0x29,0x44,0x29,0x44,0x29,0x44,0x29,0x44,0x29,0x24,0x29,0x24,0x29,
    0x24,0x29,0x24,0x29,0x24,0x29,0x24,0x29,0x24,0x29,0x24,0x29,0x24,0x29,0x24,0x29,
    0x24,0x29,0x24,0x29,0x24,0x29,0x24,0x29,0x24,0x29,0x24,0x29,0x24,0x29,0x24,0x21,
    0x24,0x21,0x24,0x21,0x04,0x21,0x04,0x21,0x04,0x21,0x04,0x21,0x04,0x21,0x04,0x21,
    0x04,0x21,0x04,0x21,0x04,0x21,0x04,0x21,0x04,0x21,0x04,0x21,0x04,0x21,0x04,0x21,
    0x03,0x21,0x03,0x21,0x03,0x21,0x03,0x21,0x03,0x21,0xe3,0x20,0x03,0x21,0xe3,0x20,
    0x03,0x21,0xe3,0x20,0xe3,0x20,0xe3,0x20,0xe3,0x20,0xe3,0x20,0xe3,0x20,0xe3,0x20,
    0xe3,0x18,0xc3,0x18,0x65,0x31,0x54,0xad,0x3c,0xef,0x1c,0xef,0xf3,0xa4,0x24,0x29,
    0x82,0x10,0xc3,0x18,0xc3,0x18,0xc3,0x18,0xa2,0x18,0x45,0x31,0x04,0x21,0xc3,0x18,
    0xe3,0x20,0xc3,0x18,0xe3,0x18,0xe3,0x18,0xe3,0x18,0xe3,0x18,0xe3,0x18,0xe3,0x18,
    0xe3,0x18,0xc3,0x18,0xc3,0x18,0xc3,0x18,0xc3,0x18,0xc3,0x18,0xc3,0x18,0xc3,0x18,
    0xc3,0x18,0xc3,0x18,0xc2,0x18,0xc2,0x18,0xc2,0x18,0xc2,0x18,0xc2,0x18,0xa2,0x18,
    0xc2,0x18,0xc2,0x18,0xa2,0x18,0xa2,0x18,0xa2,0x18,0xa2,0x18,0xa2,0x10,0x82,0x10,
    0xc3,0x20,0x20,0x08,0x6d,0x73,0xb2,0xa4,0x00,0x00,0xa2,0x18,0x20,0x08,0x34,0xb5,
    0xeb,0x6a,0x00,0x00,0x82,0x10,0x41,0x08,0x61,0x10,0xe3,0x20,0x45,0x29,0x08,0x4a,
    0x65,0x31,0x85,0x39,0x04,0x29,0x20,0x08,0x20,0x00,0x20,0x08,0x20,0x08,0x20,0x08,
    0x24,0x29,0x45,0x29,0xa6,0x39,0xe3,0x20,0x08,0x42,0x71,0x9c,0xef,0x8b,0x2c,0x73,
    0xc3,0x18,0xa2,0x18,0x20,0x00,0x00,0x00,0x20,0x08,0x40,0x08,0x48,0x52,0xb2,0x9c,
    0xc3,0x20,0x24,0x29,0xa2,0x18,0xf3,0xa4,0xef,0x83,0x62,0x10,0x45,0x29,0x45,0x29,
    0x45,0x31,0x65,0x31,0x65,0x31,0x65,0x31,0x65,0x31,0x65,0x31,0x66,0x31,0x86,0x31,
    0x86,0x31,0x85,0x31,0x66,0x31,0x86,0x31,0x85,0x31,0x85,0x31,0x65,0x31,0x85,0x31,
    0x65,0x31,0x65,0x31,0x86,0x31,0x65,0x31,0x65,0x31,0x65,0x31,0x65,0x31,0x65,0x31,
    0x65,0x31,0x65,0x31,0x85,0x31,0x65,0x31,0x65,0x31,0x65,0x31,0x85,0x31,0x04,0x21,
    0x08,0x4a,0x49,0x52,0xa6,0x39,0x65,0x31,0x65,0x31,0x65,0x31,0x65,0x31,0x45,0x29,
    0x04,0x29,0xe7,0x41,0xeb,0x62,0x07,0x4a,0xa2,0x18,0xc3,0x18,0x45,0x29,0x45,0x29,
    0x65,0x31,0x65,0x31,0x65,0x29,0x65,0x29,0x65,0x31,0x65,0x29,0x65,0x29,0x45,0x29,
    0x45,0x29,0x45,0x29,0x45,0x29,0x45,0x29,0x45,0x29,0x45,0x29,0x45,0x29,0x45,0x29,
    0x65,0x29,0x45,0x29,0x45,0x29,0x45,0x29,0x45,0x29,0x45,0x29,0x45,0x29,0x45,0x29,
    0x45,0x29,0x45,0x29,0x45,0x29,0x45,0x29,0x45,0x29,0x45,0x29,0x45,0x29,0x45,0x29,
    0x44,0x29,0x44,0x29,0x45,0x29,0x45,0x29,0x44,0x29,0x44,0x29,0x44,0x29,0x44,0x29,
    0x44,0x29,0x44,0x29,0x24,0x29,0x24,0x29,0x44,0x29,0x44,0x29,0x24,0x29,0x24,0x29,
    0x24,0x29,0x24,0x29,0x24,0x29,0x24,0x29,0x24,0x29,0x24,0x29,0x24,0x29,0x24,0x29,
    0x24,0x29,0x24,0x29,0x24,0x29,0x24,0x29,0x24,0x29,0x24,0x29,0x24,0x21,0x24,0x21,
    0x24,0x21,0x24,0x21,0x04,0x21,0x04,0x21,0x04,0x21,0x04,0x21,0x04,0x21,0x04,0x21,
    0x04,0x21,0x04,0x21,0x04,0x21,0x04,0x21,0x04,0x21,0x04,0x21,0x04,0x21,0x03,0x21,
    0x03,0x21,0x03,0x21,0x03,0x21,0xe3,0x20,0xe3,0x20,0xe3,0x20,0xe3,0x20,0xe3,0x20,
    0xe3,0x20,0xe3,0x20,0xe3,0x20,0xe3,0x20,0xe3,0x20,0xe3,0x20,0xe3,0x20,0xe3,0x20,
    0xe3,0x20,0xc3,0x18,0xa2,0x18,0xc3,0x20,0xe7,0x41,0xa6,0x39,0x82,0x18,0x61,0x10,
    0xc2,0x18,0xc3,0x18,0xc3,0x18,0xc3,0x18,0xa2,0x18,0xe3,0x20,0x45,0x31,0xc3,0x18,
    0xe3,0x20,0xc3,0x18,0xe3,0x20,0xe3,0x18,0xe3,0x18,0xe3,0x18,0xe3,0x18,0xe3,0x18,
    0xc3,0x18,0xc3,0x18,0xc3,0x18,0xc3,0x18,0xc3,0x18,0xc3,0x18,0xc3,0x18,0xc3,0x18,
    0xc3,0x18,0xc3,0x18,0xc3,0x18,0xc2,0x18,0xc2,0x18,0xc2,0x18,0xc2,0x18,0xc2,0x18,
    0xa2,0x18,0xa2,0x18,0xa2,0x18,0xa2,0x18,0xa2,0x18,0xa2,0x18,0xa2,0x10,0x82,0x10,
    0xa2,0x18,0x62,0x10,0xa6,0x39,0xd6,0xcd,0xa2,0x18,0x82,0x18,0x00,0x00,0xae,0x7b,
    0x91,0x9c,0x00,0x00,0x82,0x10,0x61,0x08,0x41,0x08,0xe3,0x20,0x24,0x29,0x28,0x4a,
    0x85,0x39,0x85,0x39,0x45,0x31,0x41,0x08,0x20,0x08,0x20,0x08,0x20,0x08,0x20,0x00,
    0x24,0x29,0x45,0x29,0xc7,0x41,0x82,0x10,0xeb,0x62,0x30,0x94,0xef,0x8b,0x8a,0x5a,
    0x82,0x18,0xa2,0x18,0x00,0x00,0x00,0x00,0x41,0x08,0x00,0x08,0x6d,0x73,0x8d,0x73,
    0x82,0x10,0x04,0x29,0x04,0x29,0xd7,0xc5,0x69,0x52,0xa3,0x18,0x45,0x29,0x45,0x29,
    0x65,0x31,0x65,0x31,0x65,0x31,0x65,0x31,0x65,0x31,0x65,0x31,0x65,0x31,0x66,0x31,
    0x86,0x31,0x66,0x31,0x66,0x31,0x86,0x31,0x85,0x31,0x85,0x31,0x85,0x31,0x65,0x31,
    0x65,0x31,0x66,0x31,0x66,0x31,0x66,0x31,0x65,0x31,0x65,0x31,0x65,0x31,0x65,0x31,
    0x65,0x31,0x65,0x31,0x65,0x31,0x65,0x31,0x65,0x31,0x65,0x31,0x65,0x31,0x24,0x29,
    0xaa,0x5a,0xe7,0x41,0x86,0x31,0x65,0x31,0x65,0x31,0x65,0x31,0x65,0x31,0x65,0x31,
    0x45,0x29,0x04,0x21,0xa3,0x18,0xa2,0x18,0x24,0x21,0x65,0x29,0x45,0x29,0x45,0x29,
    0x65,0x29,0x65,0x29,0x65,0x29,0x65,0x29,0x65,0x29,0x45,0x29,0x65,0x29,0x45,0x29,
    0x45,0x29,0x65,0x29,0x45,0x29,0x65,0x29,0x65,0x29,0x65,0x29,0x65,0x29,0x45,0x29,
    0x45,0x29,0x45,0x29,0x45,0x29,0x45,0x29,0x45,0x29,0x45,0x29,0x45,0x29,0x45,0x29,
    0x45,0x29,0x45,0x29,0x45,0x29,0x45,0x29,0x45,0x29,0x45,0x29,0x45,0x29,0x45,0x29,
    0x45,0x29,0x44,0x29,0x44,0x29,0x44,0x29,0x44,0x29,0x44,0x29,0x44,0x29,0x44,0x29,
    0x44,0x29,0x44,0x29,0x24,0x29,0x24,0x29,0x44,0x29,0x44,0x29,0x44,0x29,0x24,0x29,
    0x24,0x29,0x24,0x29,0x24,0x29,0x24,0x29,0x24,0x29,0x24,0x29,0x24,0x29,0x24,0x29,
    0x24,0x29,0x24,0x29,0x24,0x29,0x24,0x29,0x24,0x21,0x24,0x21,0x04,0x29,0x24,0x21,
    0x24,0x21,0x24,0x21,0x04,0x21,0x04,0x21,0x04,0x21,0x04,0x21,0x04,0x21,0x04,0x21,
    0x04,0x21,0x04,0x21,0x04,0x21,0x04,0x21,0x03,0x21,0x04,0x21,0x03,0x21,0x03,0x21,
    0x03,0x21,0x03,0x21,0x03,0x21,0x03,0x21,0xe3,0x20,0x03,0x21,0xe3,0x20,0x03,0x21,
    0xe3,0x20,0xe3,0x20,0xe3,0x20,0xe3,0x20,0xe3,0x20,0xe3,0x20,0xe3,0x20,0xe3,0x20,
    0xe3,0x20,0xe3,0x20,0xe3,0x18,0xa3,0x18,0x61,0x10,0x61,0x08,0xa2,0x10,0xc3,0x18,
    0xc3,0x18,0xc3,0x18,0xc3,0x18,0xc3,0x18,0xc3,0x18,0xa2,0x18,0x45,0x31,0xe3,0x20,
    0xc3,0x18,0xe3,0x20,0xe3,0x18,0xc3,0x20,0xe3,0x18,0xe3,0x18,0xe3,0x18,0xc3,0x18,
    0xc3,0x18,0xc3,0x18,0xc3,0x18,0xc3,0x18,0xc3,0x18,0xc3,0x18,0xc3,0x18,0xc2,0x18,
    0xc3,0x18,0xc3,0x18,0xc2,0x18,0xc2,0x18,0xc2,0x18,0xc2,0x18,0xc2,0x18,0xc2,0x18,
    0xc2,0x18,0xa2,0x18,0xa2,0x18,0xa2,0x18,0xa2,0x18,0xa2,0x18,0xa2,0x10,0xa2,0x10,
    0x82,0x10,0xc3,0x18,0x82,0x18,0xf7,0xcd,0x07,0x4a,0x41,0x10,0x41,0x08,0xe7,0x41,
    0xb6,0xc5,0x61,0x10,0x81,0x10,0x61,0x10,0x40,0x08,0xc3,0x20,0x03,0x21,0x28,0x4a,
    0xa6,0x39,0x65,0x39,0x85,0x39,0x61,0x10,0x20,0x08,0x20,0x00,0x20,0x08,0x20,0x08,
    0x24,0x29,0x45,0x29,0xa6,0x39,0x61,0x10,0x8e,0x7b,0xce,0x83,0xce,0x83,0xc7,0x41,
    0x82,0x10,0x81,0x10,0x00,0x00,0x00,0x00,0x41,0x08,0x40,0x08,0x30,0x8c,0x28,0x4a,
    0xa2,0x18,0xe3,0x20,0x08,0x4a,0xf7,0xc5,0x45,0x29,0x04,0x21,0x45,0x29,0x45,0x29,
    0x65,0x31,0x65,0x31,0x65,0x31,0x65,0x31,0x65,0x31,0x65,0x31,0x66,0x31,0x66,0x31,
    0x86,0x31,0x86,0x31,0x66,0x31,0x86,0x31,0x65,0x31,0x65,0x31,0x65,0x31,0x65,0x31,
    0x66,0x31,0x65,0x31,0x65,0x31,0x65,0x31,0x65,0x31,0x65,0x31,0x65,0x31,0x65,0x31,
    0x65,0x31,0x65,0x31,0x65,0x31,0x65,0x31,0x65,0x31,0x85,0x31,0x24,0x21,0xc7,0x41,
    0x8a,0x5a,0xa6,0x39,0x65,0x31,0x65,0x31,0x65,0x31,0x65,0x31,0x65,0x31,0x65,0x31,
    0x65,0x31,0x65,0x31,0x65,0x31,0x65,0x31,0x65,0x31,0x45,0x29,0x45,0x29,0x45,0x29,
    0x65,0x29,0x65,0x29,0x65,0x29,0x65,0x29,0x65,0x29,0x45,0x29,0x45,0x29,0x45,0x29,
    0x45,0x29,0x45,0x29,0x45,0x29,0x45,0x29,0x45,0x29,0x45,0x29,0x45,0x29,0x45,0x29,
    0x45,0x29,0x45,0x29,0x45,0x29,0x45,0x29,0x45,0x29,0x45,0x29,0x45,0x29,0x45,0x29,
    0x45,0x29,0x45,0x29,0x45,0x29,0x45,0x29,0x45,0x29,0x45,0x29,0x45,0x29,0x45,0x29,
    0x44,0x29,0x44,0x29,0x44,0x29,0x44,0x29,0x44,0x29,0x44,0x29,0x44,0x29,0x44,0x29,
    0x44,0x29,0x44,0x29,0x24,0x29,0x44,0x29,0x24,0x29,0x44,0x29,0x24,0x29,0x24,0x29,
    0x24,0x29,0x24,0x29,0x24,0x29,0x24,0x29,0x24,0x29,0x24,0x29,0x24,0x29,0x24,0x21,
    0x24,0x29,0x24,0x29,0x24,0x29,0x24,0x21,0x24,0x21,0x24,0x21,0x24,0x21,0x24,0x21,
    0x04,0x21,0x04,0x21,0x04,0x21,0x04,0x21,0x04,0x21,0x04,0x21,0x04,0x21,0x04,0x21,
    0x04,0x21,0x04,0x21,0x03,0x21,0x04,0x21,0x04,0x21,0x04,0x21,0x04,0x21,0x03,0x21,
    0x03,0x21,0x03,0x21,0x03,0x21,0xe3,0x20,0x03,0x21,0x03,0x21,0x03,0x21,0xe3,0x20,
    0xe3,0x20,0xe3,0x20,0xe3,0x20,0xe3,0x20,0xe3,0x20,0xe3,0x20,0xe3,0x20,0xe3,0x20,
    0xe3,0x18,0xe3,0x18,0xe3,0x18,0xe3,0x20,0xe3,0x18,0xe3,0x20,0xe3,0x20,0xe3,0x18,
    0xc3,0x18,0xc3,0x18,0xc3,0x18,0xc3,0x18,0xc3,0x18,0xa2,0x18,0x04,0x21,0x44,0x29,
    0xa3,0x18,0xe3,0x20,0xe3,0x18,0xc3,0x18,0xe3,0x18,0xe3,0x18,0xe3,0x18,0xc3,0x18,
    0xc3,0x18,0xc3,0x18,0xc3,0x18,0xc3,0x18,0xc3,0x18,0xc3,0x18,0xc3,0x18,0xc3,0x18,
    0xc3,0x18,0xc3,0x18,0xc3,0x18,0xc2,0x18,0xc2,0x18,0xc2,0x18,0xc2,0x18,0xc2,0x18,
    0xc2,0x18,0xa2,0x18,0xa2,0x18,0xa2,0x18,0xa2,0x18,0xa2,0x18,0xa2,0x10,0xa2,0x10,
    0x82,0x10,0xe3,0x18,0x20,0x08,0xd2,0xa4,0xae,0x83,0x20,0x08,0xa2,0x18,0xe3,0x20,
    0x17,0xce,0x86,0x39,0x40,0x08,0x61,0x10,0x40,0x08,0xa2,0x18,0xe3,0x20,0xe7,0x41,
    0xc6,0x41,0x65,0x31,0x86,0x39,0xa2,0x18,0x20,0x00,0x20,0x00,0x20,0x08,0x20,0x08,
    0x24,0x29,0x65,0x31,0x65,0x31,0xc3,0x18,0x0f,0x8c,0xae,0x83,0x8d,0x7b,0x65,0x31,
    0x82,0x18,0x61,0x08,0x00,0x00,0x00,0x00,0x41,0x08,0xc3,0x18,0x92,0x9c,0x04,0x29,
    0x61,0x10,0x41,0x08,0x4d,0x73,0x34,0xad,0xa2,0x18,0x45,0x29,0x45,0x29,0x45,0x29,
    0x65,0x31,0x65,0x31,0x65,0x31,0x65,0x31,0x65,0x31,0x65,0x31,0x65,0x31,0x85,0x31,
    0x66,0x31,0x65,0x31,0x65,0x31,0x85,0x31,0x65,0x31,0x65,0x31,0x65,0x31,0x65,0x31,
    0x65,0x31,0x65,0x31,0x65,0x31,0x65,0x31,0x65,0x31,0x65,0x31,0x65,0x31,0x65,0x31,
    0x65,0x31,0x65,0x31,0x65,0x31,0x65,0x31,0x65,0x31,0x85,0x31,0x04,0x21,0x69,0x52,
    0x28,0x4a,0x86,0x31,0x45,0x29,0x65,0x31,0x65,0x31,0x65,0x31,0x65,0x31,0x65,0x31,
    0x65,0x31,0x65,0x31,0x45,0x29,0x45,0x29,0x45,0x29,0x45,0x29,0x45,0x29,0x65,0x29,
    0x65,0x29,0x65,0x29,0x65,0x29,0x65,0x29,0x65,0x29,0x45,0x29,0x45,0x29,0x45,0x29,
    0x45,0x29,0x45,0x29,0x45,0x29,0x45,0x29,0x45,0x29,0x45,0x29,0x45,0x29,0x45,0x29,
    0x45,0x29,0x45,0x29,0x65,0x29,0x45,0x29,0x45,0x29,0x45,0x29,0x45,0x29,0x45,0x29,
    0x45,0x29,0x45,0x29,0x45,0x29,0x45,0x29,0x45,0x29,0x45,0x29,0x44,0x29,0x44,0x29,
    0x44,0x29,0x44,0x29,0x44,0x29,0x44,0x29,0x44,0x29,0x44,0x29,0x44,0x29,0x44,0x29,
    0x44,0x29,0x24,0x29,0x24,0x29,0x24,0x29,0x44,0x29,0x24,0x29,0x24,0x29,0x24,0x29,
    0x24,0x29,0x24,0x29,0x24,0x29,0x24,0x29,0x24,0x29,0x24,0x29,0x24,0x29,0x24,0x29,
    0x24,0x29,0x24,0x29,0x24,0x21,0x24,0x29,0x24,0x21,0x24,0x21,0x24,0x21,0x04,0x21,
    0x04,0x21,0x04,0x21,0x04,0x21,0x04,0x21,0x04,0x21,0x04,0x21,0x04,0x21,0x04,0x21,
    0x04,0x21,0x04,0x21,0x03,0x21,0x04,0x21,0x04,0x21,0x03,0x21,0x03,0x21,0x03,0x21,
    0x03,0x21,0xe3,0x20,0x03,0x21,0xe3,0x20,0x03,0x21,0xe3,0x20,0xe3,0x20,0xe3,0x20,
    0xe3,0x20,0xe3,0x20,0xe3,0x20,0xe3,0x20,0xe3,0x20,0xe3,0x20,0xe3,0x20,0xe3,0x20,
    0xe3,0x18,0xe3,0x18,0xe3,0x18,0xe3,0x18,0xc3,0x18,0xc3,0x18,0xc3,0x18,0xc3,0x18,
    0xc3,0x18,0xc3,0x18,0xc3,0x18,0xc3,0x18,0xc3,0x18,0xc3,0x18,0xa3,0x18,0x65,0x31,
    0xc3,0x20,0xe3,0x18,0xe3,0x18,0xc3,0x18,0xe3,0x18,0xe3,0x18,0xc3,0x18,0xc3,0x18,
    0xc3,0x18,0xc3,0x18,0xc3,0x18,0xc3,0x18,0xc3,0x18,0xc3,0x18,0xc3,0x18,0xc3,0x18,
    0xc3,0x18,0xc3,0x18,0xc2,0x18,0xc2,0x18,0xc2,0x18,0xc2,0x18,0xc2,0x18,0xc2,0x18,
    0xc2,0x18,0xa2,0x18,0xa2,0x18,0xa2,0x18,0xa2,0x18,0xa2,0x18,0xa2,0x10,0xa2,0x10,
    0x82,0x10,0xc3,0x18,0x20,0x08,0x4c,0x73,0x34,0xb5,0x00,0x00,0x20,0x08,0x00,0x00,
    0x74,0xb5,0xeb,0x62,0x00,0x00,0x81,0x10,0x41,0x08,0x82,0x10,0xe3,0x20,0xa6,0x39,
    0xe7,0x49,0x45,0x31,0x86,0x39,0x04,0x21,0x20,0x00,0x20,0x00,0x20,0x08,0x20,0x00,
    0x24,0x29,0x86,0x39,0x24,0x29,0x45,0x29,0x30,0x94,0xce,0x83,0x4c,0x73,0x44,0x31,
    0xa2,0x18,0x41,0x08,0x00,0x00,0x20,0x08,0x20,0x08,0x65,0x31,0x55,0xb5,0xb2,0xa4,
    0xae,0x7b,0x28,0x4a,0x13,0xa5,0xef,0x83,0x82,0x10,0x45,0x31,0x45,0x29,0x45,0x29,
    0x65,0x31,0x65,0x31,0x65,0x31,0x65,0x31,0x65,0x31,0x65,0x31,0x65,0x31,0x65,0x31,
    0x65,0x31,0x65,0x31,0x65,0x31,0x65,0x31,0x65,0x31,0x65,0x31,0x65,0x31,0x65,0x31,
    0x65,0x31,0x65,0x31,0x65,0x31,0x65,0x31,0x65,0x31,0x65,0x31,0x65,0x31,0x65,0x31,
    0x65,0x31,0x65,0x31,0x65,0x31,0x65,0x31,0x65,0x31,0x45,0x29,0x45,0x31,0x8a,0x5a,
    0xc7,0x39,0x65,0x31,0x65,0x31,0x65,0x31,0x65,0x31,0x65,0x31,0x65,0x31,0x65,0x31,
    0x65,0x31,0x65,0x31,0x65,0x29,0x45,0x29,0x45,0x29,0x65,0x29,0x45,0x29,0x45,0x29,
    0x65,0x29,0x65,0x29,0x65,0x29,0x45,0x29,0x65,0x29,0x65,0x29,0x45,0x29,0x45,0x29,
    0x45,0x29,0x45,0x29,0x45,0x29,0x45,0x29,0x45,0x29,0x45,0x29,0x45,0x29,0x45,0x29,
    0x45,0x29,0x45,0x29,0x45,0x29,0x45,0x29,0x45,0x29,0x45,0x29,0x45,0x29,0x45,0x29,
    0x45,0x29,0x45,0x29,0x45,0x29,0x45,0x29,0x45,0x29,0x45,0x29,0x45,0x29,0x45,0x29,
    0x44,0x29,0x44,0x29,0x44,0x29,0x44,0x29,0x44,0x29,0x44,0x29,0x24,0x29,0x44,0x29,
    0x24,0x29,0x44,0x29,0x24,0x29,0x24,0x29,0x24,0x29,0x24,0x29,0x24,0x29,0x24,0x29,
    0x24,0x29,0x24,0x29,0x24,0x29,0x24,0x29,0x24,0x29,0x24,0x29,0x24,0x29,0x24,0x29,
    0x24,0x29,0x24,0x21,0x24,0x21,0x24,0x21,0x24,0x21,0x24,0x21,0x24,0x21,0x04,0x21,
    0x04,0x21,0x04,0x21,0x04,0x21,0x04,0x21,0x04,0x21,0x04,0x21,0x04,0x21,0x04,0x21,
    0x04,0x21,0x04,0x21,0x04,0x21,0x03,0x21,0x03,0x21,0x03,0x21,0x03,0x21,0x03,0x21,
    0xe3,0x20,0x03,0x21,0x03,0x21,0x03,0x21,0xe3,0x20,0xe3,0x20,0xe3,0x20,0xe3,0x20,
    0xe3,0x20,0xe3,0x20,0xe3,0x20,0xe3,0x20,0xe3,0x20,0xe3,0x20,0xe3,0x20,0xe3,0x20,
    0xe3,0x18,0xe3,0x18,0xe3,0x18,0xe3,0x18,0xe3,0x18,0xc3,0x18,0xe3,0x18,0xe3,0x18,
    0xe3,0x18,0xe3,0x18,0xe3,0x18,0xc3,0x18,0xc3,0x18,0xe3,0x20,0xa2,0x18,0x24,0x29,
    0x24,0x29,0xc3,0x18,0xe3,0x18,0xc3,0x18,0xe3,0x18,0xc3,0x18,0xc3,0x18,0xc3,0x18,
    0xc3,0x18,0xc3,0x18,0xc3,0x18,0xc3,0x18,0xc3,0x18,0xc3,0x18,0xc3,0x18,0xc3,0x18,
    0xc3,0x18,0xc2,0x18,0xc2,0x18,0xc2,0x18,0xc2,0x18,0xc2,0x18,0xc2,0x18,0xc2,0x18,
    0xc2,0x18,0xa2,0x18,0xa2,0x18,0xa2,0x18,0xa2,0x18,0xa2,0x18,0xa2,0x10,0xa2,0x10,
    0x82,0x10,0xa2,0x18,0x82,0x10,0xc7,0x41,0x17,0xce,0x49,0x52,0x2c,0x73,0xd2,0xa4,
    0xda,0xe6,0xef,0x8b,0x00,0x00,0x81,0x10,0x41,0x08,0x61,0x10,0x03,0x21,0x65,0x31,
    0x28,0x4a,0x65,0x31,0x86,0x39,0x45,0x31,0x20,0x08,0x20,0x00,0x20,0x00,0x20,0x00,
    0x24,0x29,0xa6,0x39,0xa2,0x18,0x08,0x4a,0x30,0x94,0xce,0x83,0xeb,0x62,0x04,0x21,
    0x82,0x18,0x20,0x00,0x00,0x00,0x41,0x08,0x20,0x08,0xaa,0x5a,0x50,0x94,0xaa,0x62,
    0x92,0x9c,0x96,0xbd,0x59,0xd6,0x69,0x52,0xa2,0x18,0x45,0x31,0x45,0x29,0x45,0x29,
    0x65,0x31,0x65,0x31,0x65,0x31,0x65,0x31,0x65,0x31,0x65,0x31,0x65,0x31,0x65,0x31,
    0x65,0x31,0x65,0x31,0x65,0x31,0x65,0x31,0x65,0x31,0x65,0x31,0x65,0x31,0x65,0x31,
    0x65,0x31,0x65,0x31,0x65,0x31,0x65,0x31,0x65,0x31,0x65,0x31,0x65,0x31,0x65,0x31,
    0x65,0x31,0x65,0x31,0x65,0x31,0x65,0x31,0x85,0x31,0x04,0x21,0xe7,0x41,0x49,0x52,
    0x86,0x39,0x45,0x31,0x65,0x31,0x65,0x31,0x65,0x31,0x65,0x31,0x65,0x31,0x65,0x29,
    0x65,0x31,0x65,0x31,0x65,0x29,0x65,0x29,0x65,0x29,0x65,0x29,0x65,0x29,0x65,0x29,
    0x65,0x29,0x65,0x29,0x45,0x29,0x65,0x29,0x65,0x29,0x45,0x29,0x45,0x29,0x45,0x29,
    0x45,0x29,0x45,0x29,0x45,0x29,0x45,0x29,0x45,0x29,0x45,0x29,0x45,0x29,0x45,0x29,
    0x45,0x29,0x45,0x29,0x45,0x29,0x45,0x29,0x45,0x29,0x45,0x29,0x45,0x29,0x45,0x29,
    0x44,0x29,0x45,0x29,0x44,0x29,0x44,0x29,0x45,0x29,0x45,0x29,0x44,0x29,0x44,0x29,
    0x44,0x29,0x44,0x29,0x44,0x29,0x44,0x29,0x44,0x29,0x44,0x29,0x44,0x29,0x44,0x29,
    0x24,0x29,0x24,0x29,0x24,0x29,0x24,0x29,0x24,0x29,0x24,0x29,0x24,0x29,0x24,0x29,
    0x24,0x29,0x24,0x29,0x24,0x29,0x24,0x29,0x24,0x29,0x24,0x29,0x24,0x29,0x24,0x29,
    0x24,0x21,0x24,0x21,0x24,0x21,0x24,0x21,0x04,0x21,0x04,0x21,0x04,0x21,0x04,0x21,
    0x04,0x21,0x04,0x21,0x04,0x21,0x04,0x21,0x04,0x21,0x04,0x21,0x04,0x21,0x04,0x21,
    0x04,0x21,0x04,0x21,0x03,0x21,0x03,0x21,0x03,0x21,0x03,0x21,0x03,0x21,0x03,0x21,
    0x03,0x21,0x03,0x21,0x03,0x21,0x03,0x21,0xe3,0x20,0xe3,0x20,0xe3,0x20,0xe3,0x20,
    0xe3,0x20,0xe3,0x20,0xe3,0x20,0xe3,0x20,0xe3,0x20,0xe3,0x20,0xe3,0x20,0xe3,0x18,
    0xe3,0x18,0xe3,0x18,0xe3,0x18,0xe3,0x20,0xe3,0x18,0xe3,0x18,0xe3,0x18,0xe3,0x18,
    0xe3,0x18,0xe3,0x18,0xe3,0x18,0xe3,0x18,0xe3,0x18,0xe3,0x18,0xc2,0x18,0xe3,0x20,
    0x65,0x31,0xc3,0x18,0xc3,0x18,0xe3,0x18,0xe3,0x18,0xc3,0x18,0xc3,0x18,0xc3,0x18,
    0xc3,0x18,0xc3,0x18,0xc3,0x18,0xc3,0x18,0xc3,0x18,0xc3,0x18,0xc3,0x18,0xc3,0x18,
    0xc2,0x18,0xc2,0x18,0xc2,0x18,0xc2,0x18,0xc2,0x18,0xc2,0x18,0xc2,0x18,0xc2,0x18,
    0xa2,0x18,0xa2,0x18,0xa2,0x18,0xa2,0x18,0xa2,0x18,0xa2,0x18,0xa2,0x10,0xa2,0x10,
    0xa2,0x10,0x82,0x10,0xc3,0x18,0xc3,0x18,0x17,0xce,0xda,0xe6,0xd6,0xc5,0x0f,0x84,
    0xef,0x8b,0x34,0xb5,0x20,0x08,0x81,0x10,0x61,0x08,0x41,0x08,0xe3,0x20,0x24,0x29,
    0x28,0x52,0x65,0x39,0x85,0x39,0x65,0x31,0x41,0x08,0x20,0x00,0x20,0x00,0x20,0x08,
    0x24,0x29,0xa6,0x39,0x61,0x10,0xcb,0x62,0xef,0x8b,0x8e,0x7b,0x49,0x52,0xc3,0x18,
    0x82,0x10,0x00,0x00,0x00,0x00,0x61,0x08,0x20,0x08,0xef,0x83,0xeb,0x62,0x00,0x00,
    0x81,0x10,0x45,0x29,0x95,0xbd,0x86,0x39,0xe3,0x18,0x45,0x29,0x45,0x29,0x45,0x29,
    0x65,0x31,0x65,0x31,0x65,0x31,0x65,0x31,0x65,0x31,0x65,0x31,0x65,0x31,0x65,0x31,
    0x65,0x31,0x65,0x31,0x65,0x31,0x65,0x31,0x65,0x31,0x65,0x31,0x65,0x31,0x65,0x31,
    0x65,0x31,0x65,0x31,0x65,0x31,0x65,0x31,0x65,0x31,0x65,0x31,0x65,0x31,0x65,0x31,
    0x65,0x31,0x65,0x31,0x65,0x31,0x65,0x31,0x65,0x31,0x04,0x21,0x69,0x5a,0x08,0x42,
    0x86,0x31,0x45,0x31,0x65,0x31,0x65,0x31,0x65,0x31,0x65,0x31,0x65,0x31,0x65,0x31,
    0x65,0x29,0x65,0x29,0x65,0x29,0x65,0x29,0x65,0x29,0x65,0x29,0x65,0x29,0x65,0x29,
    0x65,0x29,0x65,0x29,0x45,0x29,0x65,0x29,0x65,0x29,0x45,0x29,0x45,0x29,0x45,0x29,
    0x45,0x29,0x45,0x29,0x45,0x29,0x45,0x29,0x45,0x29,0x45,0x29,0x45,0x29,0x45,0x29,
    0x44,0x29,0x45,0x29,0x45,0x29,0x45,0x29,0x45,0x29,0x45,0x29,0x45,0x29,0x45,0x29,
    0x44,0x29,0x44,0x29,0x44,0x29,0x44,0x29,0x44,0x29,0x44,0x29,0x44,0x29,0x44,0x29,
    0x44,0x29,0x44,0x29,0x44,0x29,0x44,0x29,0x44,0x29,0x44,0x29,0x44,0x29,0x44,0x29,
    0x44,0x29,0x24,0x29,0x24,0x29,0x24,0x29,0x24,0x29,0x24,0x29,0x24,0x29,0x24,0x29,
    0x24,0x29,0x24,0x29,0x24,0x29,0x24,0x29,0x24,0x29,0x24,0x29,0x24,0x29,0x24,0x29,
    0x24,0x21,0x24,0x21,0x24,0x21,0x24,0x21,0x24,0x21,0x24,0x21,0x04,0x21,0x04,0x21,
    0x04,0x21,0x04,0x21,0x04,0x21,0x04,0x21,0x04,0x21,0x04,0x21,0x04,0x21,0x04,0x21,
    0x03,0x21,0x03,0x21,0x03,0x21,0x03,0x21,0x03,0x21,0x03,0x21,0x03,0x21,0x03,0x21,
    0x03,0x21,0xe3,0x20,0x03,0x21,0xe3,0x20,0xe3,0x20,0xe3,0x20,0xe3,0x20,0xe3,0x20,
    0xe3,0x20,0xe3,0x20,0xe3,0x20,0xe3,0x20,0xe3,0x20,0xe3,0x20,0xe3,0x18,0xe3,0x18,
    0xe3,0x18,0xe3,0x18,0xe3,0x18,0xe3,0x20,0xe3,0x18,0xe3,0x18,0xe3,0x18,0xe3,0x18,
    0xe3,0x18,0xe3,0x18,0xe3,0x18,0xe3,0x18,0xe3,0x18,0xe3,0x18,0xc3,0x18,0xa2,0x18,
    0x65,0x31,0xe3,0x20,0xc3,0x18,0xe3,0x18,0xc3,0x18,0xc3,0x18,0xc3,0x18,0xc3,0x18,
    0xc3,0x18,0xc3,0x18,0xc3,0x18,0xc3,0x18,0xc3,0x18,0xc3,0x18,0xc2,0x18,0xc2,0x18,
    0xc2,0x18,0xc2,0x18,0xc2,0x18,0xc2,0x18,0xc2,0x18,0xc2,0x18,0xc2,0x18,0xc2,0x18,
    0xc2,0x18,0xa2,0x18,0xa2,0x18,0xa2,0x18,0xa2,0x18,0xa2,0x10,0xa2,0x18,0xa2,0x10,
    0xa2,0x10,0x82,0x10,0x03,0x21,0x41,0x08,0x54,0xb5,0x4c,0x6b,0x00,0x00,0x00,0x00,
    0xc3,0x20,0xb6,0xc5,0xc3,0x18,0x61,0x10,0x61,0x10,0x41,0x08,0xe3,0x20,0x04,0x21,
    0x28,0x4a,0x86,0x39,0x65,0x39,0x85,0x39,0x61,0x10,0x20,0x00,0x20,0x00,0x20,0x08,
    0x24,0x29,0xa6,0x39,0x81,0x10,0x6d,0x73,0xce,0x83,0x8d,0x7b,0xe7,0x41,0xa2,0x18,
    0x61,0x10,0x00,0x00,0x00,0x00,0x61,0x10,0x82,0x18,0xb2,0xa4,0x08,0x4a,0xa2,0x18,
    0xa2,0x18,0xe7,0x41,0x55,0xb5,0xc3,0x18,0x04,0x21,0x24,0x29,0x45,0x29,0x45,0x29,
    0x65,0x29,0x65,0x31,0x65,0x31,0x65,0x31,0x65,0x31,0x65,0x29,0x65,0x31,0x65,0x31,
    0x65,0x31,0x65,0x31,0x65,0x31,0x65,0x31,0x65,0x31,0x65,0x31,0x65,0x31,0x65,0x31,
    0x65,0x31,0x65,0x31,0x65,0x31,0x65,0x31,0x65,0x31,0x65,0x31,0x65,0x31,0x65,0x31,
    0x65,0x31,0x65,0x31,0x65,0x29,0x65,0x31,0x44,0x29,0x65,0x31,0xaa,0x5a,0xc7,0x39,
    0x65,0x31,0x45,0x31,0x65,0x31,0x65,0x29,0x65,0x31,0x65,0x31,0x65,0x31,0x65,0x31,
    0x65,0x29,0x65,0x29,0x65,0x29,0x65,0x29,0x65,0x29,0x65,0x29,0x65,0x29,0x45,0x29,
    0x65,0x29,0x65,0x29,0x65,0x29,0x65,0x29,0x45,0x29,0x45,0x29,0x45,0x29,0x45,0x29,
    0x45,0x29,0x45,0x29,0x65,0x29,0x45,0x29,0x45,0x29,0x45,0x29,0x44,0x29,0x45,0x29,
    0x44,0x29,0x45,0x29,0x44,0x29,0x45,0x29,0x45,0x29,0x45,0x29,0x45,0x29,0x44,0x29,
    0x44,0x29,0x44,0x29,0x44,0x29,0x44,0x29,0x44,0x29,0x44,0x29,0x44,0x29,0x44,0x29,
    0x44,0x29,0x44,0x29,0x44,0x29,0x44,0x29,0x44,0x29,0x44,0x29,0x44,0x29,0x44,0x29,
    0x44,0x29,0x24,0x29,0x24,0x29,0x24,0x29,0x24,0x29,0x24,0x29,0x24,0x29,0x24,0x29,
    0x24,0x29,0x24,0x29,0x24,0x29,0x24,0x21,0x24,0x29,0x24,0x29,0x24,0x29,0x24,0x21,
    0x24,0x21,0x24,0x29,0x24,0x21,0x24,0x21,0x24,0x21,0x04,0x21,0x04,0x21,0x04,0x21,
    0x04,0x21,0x04,0x21,0x04,0x21,0x04,0x21,0x03,0x21,0x04,0x21,0x04,0x21,0x03,0x21,
    0x04,0x21,0x04,0x21,0x03,0x21,0x03,0x21,0x03,0x21,0x03,0x21,0x03,0x21,0x03,0x21,
    0xe3,0x20,0xe3,0x20,0xe3,0x20,0xe3,0x20,0xe3,0x20,0x03,0x21,0xe3,0x20,0xe3,0x20,
    0xe3,0x20,0x03,0x21,0xe3,0x20,0xe3,0x20,0xe3,0x18,0xe3,0x20,0xe3,0x20,0xe3,0x18,
    0xe3,0x18,0xe3,0x18,0xe3,0x20,0xe3,0x18,0xe3,0x18,0xe3,0x18,0xe3,0x18,0xe3,0x18,
    0xe3,0x18,0xe3,0x18,0xe3,0x18,0xe3,0x18,0xe3,0x18,0xe3,0x18,0xe3,0x18,0xa2,0x18,
    0x24,0x29,0x24,0x29,0xc3,0x18,0xe3,0x18,0xc3,0x18,0xc3,0x18,0xc3,0x18,0xc3,0x18,
    0xc3,0x18,0xc3,0x18,0xc3,0x18,0xc3,0x18,0xc2,0x18,0xc3,0x18,0xc2,0x18,0xc2,0x18,
    0xc2,0x18,0xc2,0x18,0xc2,0x18,0xc2,0x18,0xc2,0x18,0xc2,0x18,0xc2,0x18,0xc2,0x18,
    0xc2,0x18,0xa2,0x18,0xa2,0x18,0xa2,0x18,0xa2,0x18,0xa2,0x18,0xa2,0x18,0xa2,0x10,
    0xa2,0x10,0x81,0x10,0x03,0x21,0x41,0x08,0x0f,0x8c,0x30,0x8c,0x00,0x00,0xa2,0x18,
    0x61,0x10,0x75,0xbd,0xc7,0x39,0x20,0x08,0x61,0x10,0x41,0x08,0xa2,0x18,0xe3,0x20,
    0x08,0x4a,0xc6,0x41,0x65,0x31,0x86,0x39,0xa2,0x18,0x20,0x00,0x20,0x00,0x20,0x00,
    0x24,0x29,0x85,0x31,0xa2,0x10,0xef,0x83,0xae,0x83,0x8d,0x7b,0xa6,0x39,0xa2,0x18,
    0x61,0x08,0x00,0x00,0x20,0x00,0x61,0x08,0x24,0x29,0x13,0xad,0x45,0x31,0xc3,0x18,
    0x61,0x10,0x0b,0x63,0xb2,0x9c,0x61,0x08,0x24,0x29,0x24,0x29,0x45,0x29,0x65,0x29,
    0x65,0x29,0x65,0x31,0x65,0x31,0x65,0x31,0x65,0x31,0x65,0x31,0x65,0x31,0x65,0x31,
    0x65,0x31,0x65,0x31,0x65,0x31,0x65,0x31,0x65,0x31,0x65,0x31,0x65,0x31,0x65,0x31,
    0x65,0x31,0x65,0x31,0x65,0x31,0x65,0x31,0x65,0x31,0x65,0x31,0x65,0x31,0x65,0x31,
    0x65,0x29,0x65,0x31,0x65,0x29,0x65,0x31,0x04,0x21,0xe7,0x41,0x69,0x52,0x86,0x31,
    0x65,0x31,0x65,0x31,0x65,0x31,0x65,0x31,0x65,0x31,0x65,0x31,0x65,0x29,0x65,0x31,
    0x65,0x29,0x65,0x29,0x65,0x29,0x65,0x29,0x65,0x29,0x65,0x29,0x65,0x29,0x65,0x29,
    0x65,0x29,0x65,0x29,0x45,0x29,0x45,0x29,0x45,0x29,0x45,0x29,0x45,0x29,0x45,0x29,
    0x45,0x29,0x45,0x29,0x45,0x29,0x65,0x29,0x45,0x29,0x45,0x29,0x45,0x29,0x44,0x29,
    0x45,0x29,0x45,0x29,0x44,0x29,0x45,0x29,0x44,0x29,0x45,0x29,0x44,0x29,0x44,0x29,
    0x44,0x29,0x44,0x29,0x44,0x29,0x44,0x29,0x44,0x29,0x44,0x29,0x44,0x29,0x44,0x29,
    0x44,0x29,0x44,0x29,0x44,0x29,0x44,0x29,0x24,0x29,0x44,0x29,0x24,0x29,0x24,0x29,
    0x24,0x29,0x24,0x29,0x24,0x29,0x24,0x29,0x24,0x29,0x24,0x29,0x24,0x29,0x24,0x29,
    0x24,0x29,0x24,0x29,0x24,0x21,0x24,0x21,0x24,0x21,0x24,0x21,0x24,0x21,0x24,0x29,
    0x24,0x21,0x24,0x21,0x04,0x21,0x04,0x21,0x04,0x21,0x04,0x21,0x04,0x21,0x04,0x21,
    0x04,0x21,0x04,0x21,0x04,0x21,0x04,0x21,0x03,0x21,0x03,0x21,0x04,0x21,0x04,0x21,
    0x04,0x21,0x03,0x21,0x03,0x21,0x03,0x21,0x03,0x21,0x03,0x21,0x03,0x21,0x03,0x21,
    0xe3,0x20,0xe3,0x20,0xe3,0x20,0xe3,0x20,0xe3,0x20,0xe3,0x20,0xe3,0x20,0xe3,0x20,
    0xe3,0x20,0xe3,0x20,0xe3,0x20,0xe3,0x20,0xe3,0x18,0xe3,0x18,0xe3,0x18,0xe3,0x20,
    0xe3,0x18,0xe3,0x20,0xe3,0x20,0xe3,0x20,0xe3,0x18,0xe3,0x18,0xe3,0x18,0xe3,0x18,
    0xe3,0x18,0xe3,0x18,0xe3,0x18,0xe3,0x18,0xe3,0x18,0xe3,0x18,0xe3,0x18,0xc2,0x18,
    0xe3,0x20,0x65,0x31,0xc3,0x18,0xc3,0x18,0xc3,0x18,0xc3,0x18,0xc3,0x18,0xc3,0x18,
    0xc3,0x18,0xc3,0x18,0xc3,0x18,0xc3,0x18,0xc2,0x18,0xc2,0x18,0xc2,0x18,0xc2,0x18,
    0xc2,0x18,0xc2,0x18,0xc2,0x18,0xc2,0x18,0xc2,0x18,0xc2,0x18,0xc2,0x18,0xc2,0x18,
    0xa2,0x18,0xa2,0x18,0xa2,0x18,0xa2,0x18,0xa2,0x18,0xa2,0x10,0xa2,0x18,0xa2,0x10,
    0xa2,0x10,0x82,0x10,0xe3,0x18,0x61,0x10,0xca,0x62,0x13,0xad,0x00,0x00,0x82,0x10,
    0x00,0x00,0xf3,0xa4,0xeb,0x62,0x00,0x00,0x81,0x10,0x40,0x08,0x82,0x10,0x04,0x21,
    0xe7,0x41,0xe7,0x49,0x65,0x31,0xa6,0x39,0xe3,0x20,0x20,0x00,0x20,0x00,0x20,0x00,
    0x45,0x31,0x24,0x29,0xe3,0x20,0x30,0x8c,0xae,0x7b,0x6d,0x7b,0x85,0x39,0xa2,0x18,
    0x41,0x08,0x00,0x00,0x20,0x00,0x40,0x08,0xc6,0x41,0xd3,0xa4,0xe3,0x20,0x04,0x21,
    0x61,0x10,0xef,0x83,0x8e,0x7b,0x41,0x08,0x25,0x29,0x24,0x29,0x45,0x29,0x45,0x29,
    0x65,0x29,0x65,0x29,0x65,0x31,0x65,0x31,0x65,0x31,0x65,0x29,0x65,0x29,0x65,0x31,
    0x65,0x31,0x65,0x29,0x65,0x31,0x65,0x31,0x65,0x31,0x65,0x31,0x65,0x31,0x65,0x31,
    0x65,0x31,0x65,0x31,0x65,0x31,0x65,0x31,0x65,0x31,0x65,0x31,0x65,0x31,0x65,0x31,
    0x65,0x29,0x65,0x31,0x65,0x31,0x65,0x31,0xe4,0x20,0x69,0x52,0x08,0x4a,0x65,0x31,
    0x45,0x31,0x65,0x31,0x65,0x29,0x45,0x31,0x65,0x29,0x65,0x29,0x65,0x29,0x65,0x29,
    0x65,0x29,0x65,0x29,0x45,0x29,0x45,0x29,0x65,0x29,0x65,0x29,0x65,0x29,0x45,0x29,
    0x65,0x29,0x45,0x29,0x45,0x29,0x45,0x29,0x45,0x29,0x45,0x29,0x45,0x29,0x45,0x29,
    0x65,0x29,0x45,0x29,0x45,0x29,0x45,0x29,0x45,0x29,0x45,0x29,0x45,0x29,0x45,0x29,
    0x45,0x29,0x45,0x29,0x45,0x29,0x45,0x29,0x44,0x29,0x44,0x29,0x44,0x29,0x44,0x29,
    0x44,0x29,0x44,0x29,0x44,0x29,0x44,0x29,0x44,0x29,0x44,0x29,0x44,0x29,0x44,0x29,
    0x44,0x29,0x44,0x29,0x44,0x29,0x44,0x29,0x24,0x29,0x44,0x29,0x24,0x29,0x24,0x29,
    0x24,0x29,0x24,0x29,0x24,0x29,0x24,0x29,0x24,0x29,0x24,0x29,0x24,0x29,0x24,0x29,
    0x24,0x29,0x24,0x21,0x24,0x29,0x24,0x29,0x24,0x29,0x24,0x21,0x24,0x21,0x24,0x29,
    0x24,0x21,0x04,0x21,0x04,0x21,0x04,0x21,0x04,0x21,0x04,0x21,0x04,0x21,0x04,0x21,
    0x04,0x21,0x04,0x21,0x04,0x21,0x04,0x21,0x04,0x21,0x03,0x21,0x03,0x21,0x04,0x21,
    0x03,0x21,0x03,0x21,0x03,0x21,0x03,0x21,0x03,0x21,0x03,0x21,0x03,0x21,0x03,0x21,
    0xe3,0x20,0xe3,0x20,0xe3,0x20,0xe3,0x20,0xe3,0x20,0xe3,0x20,0xe3,0x20,0xe3,0x20,
    0xe3,0x20,0xe3,0x20,0xe3,0x20,0xe3,0x20,0xe3,0x18,0xe3,0x18,0xe3,0x18,0xe3,0x18,
    0xe3,0x18,0xe3,0x18,0xe3,0x18,0xe3,0x18,0xe3,0x18,0xe3,0x18,0xe3,0x18,0xe3,0x18,
    0xe3,0x18,0xe3,0x18,0xe3,0x18,0xe3,0x18,0xe3,0x18,0xe3,0x18,0xe3,0x18,0xc3,0x18,
    0xa2,0x18,0x65,0x31,0xc3,0x20,0xc3,0x18,0xc3,0x18,0xc3,0x18,0xc3,0x18,0xc3,0x18,
    0xc3,0x18,0xc3,0x18,0xc3,0x18,0xc3,0x18,0xc2,0x18,0xc2,0x18,0xc2,0x18,0xc2,0x18,
    0xc2,0x18,0xc2,0x18,0xc2,0x18,0xc2,0x18,0xc2,0x18,0xc2,0x18,0xa2,0x18,0xa2,0x18,
    0xa2,0x18,0xa2,0x18,0xa2,0x18,0xa2,0x18,0xa2,0x18,0xa2,0x10,0xa2,0x18,0xa2,0x10,
    0xa2,0x10,0x82,0x10,0xc2,0x18,0xa2,0x18,0x86,0x39,0x74,0xb5,0x61,0x10,0x82,0x10,
    0x00,0x00,0xcf,0x83,0x0f,0x8c,0x00,0x00,0x81,0x10,0x41,0x08,0x61,0x10,0x04,0x29,
    0xc6,0x41,0x48,0x52,0x65,0x31,0xa6,0x39,0x04,0x21,0x20,0x08,0x20,0x00,0x20,0x00,
    0x65,0x31,0xe3,0x18,0x45,0x29,0x30,0x94,0x8e,0x7b,0x2c,0x6b,0x45,0x31,0xc3,0x18,
    0x20,0x08,0x00,0x00,0x41,0x08,0x20,0x00,0x69,0x52,0x51,0x94,0x82,0x18,0x04,0x21,
    0xa2,0x18,0xb2,0xa4,0x69,0x52,0x82,0x10,0x25,0x29,0x44,0x29,0x45,0x29,0x45,0x29,
    0x65,0x31,0x45,0x29,0x45,0x29,0x45,0x29,0x45,0x29,0x45,0x29,0x45,0x29,0x45,0x29,
    0x45,0x29,0x45,0x29,0x45,0x29,0x65,0x29,0x65,0x29,0x65,0x31,0x65,0x31,0x65,0x31,
    0x65,0x31,0x65,0x31,0x65,0x29,0x65,0x31,0x65,0x31,0x65,0x29,0x65,0x31,0x65,0x29,
    0x65,0x29,0x65,0x31,0x65,0x31,0x45,0x29,0x04,0x21,0xaa,0x5a,0xa7,0x39,0x65,0x31,
    0x65,0x31,0x65,0x31,0x65,0x29,0x65,0x29,0x65,0x29,0x65,0x29,0x65,0x31,0x65,0x29,
    0x65,0x29,0x65,0x29,0x65,0x29,0x45,0x29,0x65,0x29,0x65,0x29,0x45,0x29,0x45,0x29,
    0x45,0x29,0x45,0x29,0x45,0x29,0x45,0x29,0x45,0x29,0x45,0x29,0x45,0x29,0x45,0x29,
    0x64,0x29,0x45,0x29,0x45,0x29,0x45,0x29,0x45,0x29,0x45,0x29,0x45,0x29,0x44,0x29,
    0x44,0x29,0x45,0x29,0x45,0x29,0x44,0x29,0x44,0x29,0x44,0x29,0x44,0x29,0x44,0x29,
    0x44,0x29,0x44,0x29,0x44,0x29,0x44,0x29,0x44,0x29,0x44,0x29,0x44,0x29,0x44,0x29,
    0x44,0x29,0x44,0x29,0x24,0x29,0x44,0x29,0x44,0x29,0x24,0x29,0x24,0x29,0x24,0x29,
    0x24,0x29,0x24,0x29,0x24,0x29,0x24,0x29,0x24,0x29,0x24,0x29,0x24,0x29,0x24,0x29,
    0x24,0x29,0x24,0x29,0x24,0x29,0x24,0x29,0x24,0x21,0x24,0x21,0x24,0x21,0x24,0x21,
    0x24,0x21,0x04,0x21,0x04,0x21,0x04,0x21,0x04,0x21,0x04,0x21,0x04,0x21,0x04,0x21,
    0x03,0x21,0x04,0x21,0x04,0x21,0x03,0x21,0x04,0x21,0x03,0x21,0x03,0x21,0x03,0x21,
    0x03,0x21,0x03,0x21,0x03,0x21,0x03,0x21,0x03,0x21,0x03,0x21,0x03,0x21,0xe3,0x20,
    0xe3,0x20,0xe3,0x20,0xe3,0x20,0xe3,0x20,0xe3,0x20,0xe3,0x20,0xe3,0x20,0xe3,0x20,
    0xe3,0x20,0xe3,0x18,0xe3,0x18,0xe3,0x20,0xe3,0x20,0xe3,0x18,0xe3,0x18,0xe3,0x18,
    0xe3,0x18,0xe3,0x18,0xe3,0x18,0xe3,0x18,0xe3,0x18,0xe3,0x18,0xe3,0x18,0xe3,0x20,
    0xe3,0x18,0xe3,0x18,0xe3,0x18,0xe3,0x18,0xe3,0x18,0xe3,0x18,0xe3,0x18,0xe3,0x18,
    0xa2,0x18,0x44,0x29,0x04,0x21,0xc3,0x18,0xc3,0x18,0xc3,0x18,0xc3,0x18,0xc3,0x18,
    0xc2,0x18,0xc3,0x18,0xc3,0x18,0xc2,0x18,0xc2,0x18,0xc2,0x18,0xc2,0x18,0xc2,0x18,
    0xc2,0x18,0xc2,0x18,0xa2,0x18,0xa2,0x18,0xa2,0x18,0xa2,0x18,0xa2,0x18,0xa2,0x18,
    0xa2,0x18,0xa2,0x18,0xa2,0x18,0xa2,0x18,0xa2,0x18,0xa2,0x18,0xa2,0x18,0xa2,0x10,
    0xa2,0x10,0xa2,0x10,0xa2,0x10,0xc3,0x18,0xc2,0x18,0x75,0xbd,0x24,0x29,0x61,0x10,
    0x00,0x00,0xaa,0x5a,0xd2,0xa4,0x00,0x00,0x81,0x10,0x41,0x08,0x61,0x08,0x04,0x21,
    0x86,0x39,0x69,0x5a,0x65,0x31,0x86,0x39,0x24,0x29,0x20,0x08,0x20,0x00,0x20,0x00,
    0x65,0x31,0xa2,0x10,0xe7,0x41,0xef,0x8b,0x8d,0x7b,0xca,0x62,0x24,0x29,0xa3,0x18,
    0x20,0x00,0x00,0x00,0x61,0x08,0x00,0x00,0x0b,0x63,0xae,0x7b,0x61,0x10,0x04,0x21,
    0x04,0x21,0x54,0xb5,0xa6,0x39,0xa3,0x18,0x24,0x29,0x44,0x29,0x45,0x29,0x45,0x29,
    0x45,0x29,0x45,0x29,0x45,0x29,0x45,0x29,0x65,0x31,0x65,0x31,0x65,0x29,0x45,0x31,
    0x65,0x31,0x65,0x29,0x65,0x31,0x65,0x31,0x65,0x31,0x65,0x31,0x65,0x31,0x65,0x31,
    0x65,0x31,0x65,0x31,0x65,0x29,0x65,0x31,0x65,0x29,0x65,0x29,0x65,0x31,0x65,0x31,
    0x65,0x31,0x65,0x29,0x65,0x31,0x24,0x21,0x86,0x31,0xaa,0x5a,0x86,0x31,0x45,0x29,
    0x65,0x31,0x65,0x29,0x65,0x29,0x65,0x29,0x65,0x29,0x45,0x29,0x65,0x29,0x65,0x29,
    0x65,0x29,0x65,0x31,0x65,0x29,0x65,0x29,0x65,0x29,0x45,0x29,0x45,0x29,0x45,0x29,
    0x45,0x29,0x45,0x29,0x45,0x29,0x45,0x29,0x45,0x29,0x45,0x29,0x45,0x29,0x45,0x29,
    0x45,0x29,0x45,0x29,0x45,0x29,0x45,0x29,0x44,0x29,0x45,0x29,0x44,0x29,0x44,0x29,
    0x45,0x29,0x44,0x29,0x44,0x29,0x44,0x29,0x44,0x29,0x44,0x29,0x44,0x29,0x44,0x29,
    0x44,0x29,0x44,0x29,0x44,0x29,0x44,0x29,0x44,0x29,0x44,0x29,0x44,0x29,0x44,0x29,
    0x24,0x29,0x24,0x29,0x24,0x29,0x24,0x29,0x24,0x29,0x24,0x29,0x24,0x29,0x24,0x29,
    0x24,0x29,0x24,0x29,0x24,0x29,0x24,0x29,0x24,0x29,0x24,0x29,0x24,0x29,0x24,0x29,
    0x24,0x29,0x24,0x29,0x24,0x29,0x24,0x21,0x24,0x21,0x24,0x21,0x24,0x21,0x04,0x21,
    0x04,0x21,0x04,0x21,0x04,0x21,0x04,0x21,0x04,0x21,0x04,0x21,0x04,0x21,0x04,0x21,
    0x04,0x21,0x04,0x21,0x03,0x21,0x03,0x21,0x04,0x21,0x03,0x21,0x03,0x21,0x03,0x21,
    0x03,0x21,0x03,0x21,0x03,0x21,0x03,0x21,0x03,0x21,0x03,0x21,0xe3,0x20,0xe3,0x20,
    0xe3,0x20,0xe3,0x20,0xe3,0x20,0xe3,0x20,0xe3,0x20,0xe3,0x20,0xe3,0x20,0xe3,0x20,
    0xe3,0x20,0xe3,0x20,0xe3,0x18,0xe3,0x18,0xe3,0x18,0xe3,0x18,0xe3,0x18,0xe3,0x18,
    0xe3,0x18,0xe3,0x18,0xc3,0x18,0xe3,0x18,0xe3,0x18,0xe3,0x18,0xe3,0x18,0xe3,0x18,
    0xe3,0x18,0xe3,0x18,0xe3,0x18,0xe3,0x18,0xe3,0x18,0xc3,0x18,0xc3,0x18,0xc3,0x18,
    0xa2,0x18,0x04,0x21,0x44,0x29,0xa2,0x18,0xc3,0x18,0xc3,0x18,0xc3,0x18,0xc3,0x18,
    0xc2,0x18,0xc2,0x18,0xc2,0x18,0xc2,0x18,0xc2,0x18,0xc2,0x18,0xa2,0x18,0xc2,0x18,
    0xc2,0x18,0xa2,0x18,0xa2,0x18,0xa2,0x18,0xa2,0x18,0xa2,0x18,0xa2,0x18,0xa2,0x18,
    0xa2,0x18,0xa2,0x18,0xa2,0x18,0xa2,0x18,0xa2,0x18,0xa2,0x18,0xa2,0x18,0xa2,0x10,
    0xa2,0x10,0x82,0x10,0x82,0x10,0xe3,0x20,0x40,0x08,0x34,0xb5,0x28,0x4a,0x20,0x08,
    0x20,0x08,0xa6,0x39,0x54,0xb5,0x41,0x08,0x61,0x10,0x61,0x10,0x41,0x08,0x04,0x29,
    0x45,0x31,0x89,0x5a,0x65,0x31,0x85,0x39,0x45,0x31,0x20,0x08,0x20,0x00,0x20,0x00,
    0x85,0x31,0x81,0x10,0x49,0x52,0xef,0x8b,0x8d,0x7b,0x8a,0x5a,0x04,0x29,0xa2,0x18,
    0x00,0x00,0x00,0x00,0x61,0x10,0x20,0x08,0xce,0x83,0x0b,0x63,0x61,0x10,0xc3,0x20,
    0xa6,0x39,0x95,0xbd,0x24,0x29,0x04,0x21,0x24,0x29,0x44,0x29,0x45,0x29,0x45,0x29,
    0x45,0x29,0x45,0x29,0x65,0x31,0x45,0x29,0x24,0x29,0x24,0x29,0x44,0x29,0x24,0x29,
    0x24,0x29,0x24,0x29,0x24,0x29,0x45,0x29,0x65,0x31,0x65,0x31,0x65,0x31,0x65,0x31,
    0x65,0x31,0x65,0x31,0x65,0x31,0x65,0x31,0x65,0x31,0x65,0x31,0x65,0x29,0x65,0x29,
    0x65,0x29,0x45,0x29,0x65,0x31,0xe3,0x20,0x08,0x4a,0x69,0x52,0x65,0x31,0x45,0x29,
    0x65,0x31,0x65,0x29,0x65,0x29,0x65,0x29,0x45,0x29,0x45,0x29,0x65,0x31,0x65,0x29,
    0x65,0x29,0x45,0x29,0x65,0x29,0x45,0x29,0x45,0x29,0x45,0x29,0x45,0x29,0x45,0x29,
    0x45,0x29,0x45,0x29,0x45,0x29,0x45,0x29,0x45,0x29,0x45,0x29,0x45,0x29,0x45,0x29,
    0x45,0x29,0x45,0x29,0x45,0x29,0x45,0x29,0x44,0x29,0x44,0x29,0x44,0x29,0x44,0x29,
    0x44,0x29,0x44,0x29,0x44,0x29,0x44,0x29,0x44,0x29,0x44,0x29,0x44,0x29,0x44,0x29,
    0x44,0x29,0x44,0x29,0x44,0x29,0x44,0x29,0x44,0x29,0x44,0x29,0x44,0x29,0x44,0x29,
    0x24,0x29,0x24,0x29,0x24,0x29,0x24,0x29,0x24,0x29,0x24,0x29,0x24,0x29,0x24,0x29,
    0x24,0x29,0x24,0x29,0x24,0x29,0x24,0x29,0x24,0x21,0x24,0x21,0x24,0x29,0x24,0x29,
    0x24,0x29,0x24,0x29,0x24,0x21,0x24,0x21,0x24,0x21,0x24,0x21,0x04,0x21,0x04,0x21,
    0x04,0x21,0x04,0x21,0x04,0x21,0x04,0x21,0x04,0x21,0x04,0x21,0x04,0x21,0x04,0x21,
    0x04,0x21,0x04,0x21,0x04,0x21,0x03,0x21,0x03,0x21,0x03,0x21,0x03,0x21,0x03,0x21,
    0x03,0x21,0x03,0x21,0x03,0x21,0xe3,0x20,0x03,0x21,0x03,0x21,0xe3,0x20,0xe3,0x20,
    0xe3,0x20,0xe3,0x20,0xe3,0x20,0xe3,0x20,0xe3,0x20,0xe3,0x20,0xe3,0x18,0xe3,0x20,
    0xe3,0x20,0xe3,0x20,0xe3,0x20,0xe3,0x20,0xe3,0x20,0xe3,0x20,0xe3,0x18,0xe3,0x18,
    0xc3,0x18,0xc3,0x18,0xc3,0x18,0xe3,0x18,0xe3,0x18,0xe3,0x18,0xe3,0x18,0xe3,0x18,
    0xe3,0x20,0xe3,0x18,0xe3,0x18,0xe3,0x18,0xe3,0x18,0xc3,0x18,0xe3,0x18,0xc3,0x18,
    0xc2,0x18,0xe3,0x20,0x65,0x31,0xc3,0x18,0xc3,0x18,0xc3,0x18,0xc3,0x18,0xc3,0x18,
    0xc3,0x18,0xc2,0x18,0xc2,0x18,0xc2,0x18,0xc2,0x18,0xc2,0x18,0xa2,0x18,0xc2,0x18,
    0xa2,0x18,0xa2,0x18,0xa2,0x18,0xa2,0x18,0xa2,0x18,0xa2,0x18,0xa2,0x18,0xa2,0x18,
    0xa2,0x18,0xa2,0x10,0xa2,0x10,0xa2,0x10,0xa2,0x18,0xa2,0x18,0xa2,0x10,0xa2,0x10,
    0xa2,0x10,0x82,0x10,0x81,0x10,0xe3,0x20,0x00,0x00,0xb2,0xa4,0x2c,0x6b,0x00,0x00,
    0x41,0x08,0x04,0x29,0xb6,0xc5,0xc3,0x18,0x41,0x08,0x61,0x10,0x41,0x08,0x04,0x29,
    0x45,0x31,0x69,0x52,0x65,0x39,0x65,0x39,0x65,0x31,0x41,0x08,0x20,0x00,0x20,0x00,
    0x85,0x31,0x41,0x08,0xca,0x62,0xce,0x83,0x8d,0x7b,0x49,0x52,0xe3,0x20,0x82,0x18,
    0x00,0x00,0x00,0x00,0x61,0x10,0x61,0x10,0x71,0x9c,0x28,0x4a,0x61,0x10,0xa2,0x18,
    0x69,0x52,0x75,0xb5,0xe3,0x20,0x24,0x29,0x24,0x29,0x44,0x29,0x45,0x29,0x45,0x29,
    0x45,0x29,0x24,0x29,0x04,0x21,0xa6,0x39,0x69,0x52,0xcb,0x62,0xaa,0x5a,0xaa,0x5a,
    0xab,0x62,0xaa,0x5a,0x49,0x52,0xa6,0x39,0x45,0x29,0x65,0x31,0x65,0x31,0x45,0x31,
    0x65,0x29,0x65,0x31,0x65,0x29,0x65,0x31,0x65,0x29,0x65,0x29,0x65,0x29,0x65,0x29,
    0x65,0x29,0x45,0x29,0x65,0x31,0xe3,0x20,0x69,0x52,0x29,0x4a,0x65,0x31,0x45,0x29,
    0x65,0x29,0x65,0x29,0x65,0x29,0x65,0x29,0x45,0x29,0x65,0x29,0x45,0x29,0x65,0x29,
    0x45,0x29,0x45,0x29,0x45,0x29,0x45,0x29,0x45,0x29,0x45,0x29,0x45,0x29,0x45,0x29,
    0x45,0x29,0x45,0x29,0x45,0x29,0x45,0x29,0x45,0x29,0x45,0x29,0x45,0x29,0x45,0x29,
    0x44,0x29,0x45,0x29,0x45,0x29,0x45,0x29,0x44,0x29,0x44,0x29,0x44,0x29,0x44,0x29,
    0x44,0x29,0x44,0x29,0x44,0x29,0x44,0x29,0x44,0x29,0x44,0x29,0x44,0x29,0x44,0x29,
    0x44,0x29,0x44,0x29,0x44,0x29,0x44,0x29,0x44,0x29,0x44,0x29,0x44,0x29,0x24,0x29,
    0x24,0x29,0x24,0x29,0x24,0x29,0x24,0x29,0x24,0x29,0x24,0x29,0x24,0x29,0x24,0x29,
    0x24,0x29,0x24,0x29,0x24,0x29,0x24,0x29,0x24,0x29,0x24,0x29,0x24,0x29,0x24,0x29,
    0x24,0x29,0x24,0x29,0x24,0x21,0x24,0x21,0x24,0x21,0x24,0x21,0x24,0x21,0x04,0x21,
    0x04,0x21,0x04,0x21,0x04,0x21,0x04,0x21,0x04,0x21,0x04,0x21,0x04,0x21,0x04,0x21,
    0x04,0x21,0x04,0x21,0x03,0x21,0x03,0x21,0x03,0x21,0x03,0x21,0x03,0x21,0x03,0x21,
    0x03,0x21,0x03,0x21,0x03,0x21,0x03,0x21,0x03,0x21,0x03,0x21,0xe3,0x20,0xe3,0x20,
    0xe3,0x20,0xe3,0x20,0xe3,0x20,0xe3,0x20,0xe3,0x20,0xe3,0x20,0xe3,0x20,0xe3,0x20,
    0xe3,0x18,0xe3,0x20,0xe3,0x18,0xe3,0x20,0xe3,0x20,0xe3,0x18,0xe3,0x18,0xe3,0x18,
    0xe3,0x18,0xe3,0x18,0xe3,0x18,0xe3,0x18,0xe3,0x18,0xc3,0x18,0xe3,0x18,0xe3,0x18,
    0xe3,0x18,0xe3,0x18,0xe3,0x18,0xe3,0x18,0xe3,0x18,0xc3,0x18,0xc3,0x18,0xc3,0x18,
    0xc2,0x18,0xa3,0x18,0x65,0x31,0xe3,0x20,0xc3,0x18,0xc3,0x18,0xc2,0x18,0xc2,0x18,
    0xc2,0x18,0xc2,0x18,0xc2,0x18,0xc2,0x18,0xc2,0x18,0xa2,0x18,0xc2,0x18,0xa2,0x18,
    0xc3,0x20,0xe3,0x20,0xe3,0x20,0xe3,0x20,0xe3,0x20,0xe3,0x20,0xe3,0x20,0xe3,0x20,
    0xe3,0x20,0xe3,0x20,0xe3,0x20,0xe3,0x18,0xe3,0x18,0xc3,0x18,0xe3,0x18,0xc2,0x18,
    0xa2,0x18,0x82,0x10,0x81,0x10,0xe3,0x20,0x20,0x08,0xef,0x8b,0xef,0x83,0x00,0x00,
    0x61,0x10,0x61,0x10,0xb6,0xc5,0x65,0x31,0x41,0x08,0x81,0x10,0x41,0x08,0x04,0x21,
    0x44,0x31,0x69,0x52,0xa6,0x39,0x45,0x31,0x65,0x39,0x61,0x10,0x20,0x00,0x20,0x00,
    0x85,0x31,0x41,0x08,0x0c,0x6b,0xae,0x83,0x6d,0x7b,0xc7,0x41,0xc3,0x20,0x82,0x10,
    0x00,0x00,0x20,0x00,0x61,0x10,0xa2,0x18,0xd3,0xa4,0x49,0x52,0xc3,0x20,0x41,0x08,
    0xca,0x5a,0x34,0xad,0xa2,0x18,0x45,0x29,0x24,0x29,0x44,0x29,0x44,0x29,0x45,0x29,
    0x03,0x21,0x65,0x31,0xaa,0x5a,0xaa,0x5a,0x69,0x52,0x8a,0x5a,0xeb,0x62,0x0c,0x6b,
    0x0c,0x6b,0xcb,0x62,0x69,0x5a,0x28,0x52,0x28,0x52,0x85,0x31,0x44,0x29,0x65,0x31,
    0x45,0x29,0x45,0x29,0x45,0x29,0x45,0x29,0x65,0x29,0x65,0x29,0x65,0x29,0x65,0x29,
    0x45,0x29,0x45,0x29,0x45,0x29,0xe4,0x20,0x8a,0x5a,0xe7,0x41,0x65,0x31,0x45,0x29,
    0x65,0x29,0x45,0x29,0x65,0x29,0x65,0x29,0x45,0x29,0x65,0x29,0x45,0x29,0x45,0x29,
    0x45,0x29,0x45,0x29,0x45,0x29,0x45,0x29,0x45,0x29,0x45,0x29,0x45,0x29,0x45,0x29,
    0x45,0x29,0x45,0x29,0x45,0x29,0x45,0x29,0x45,0x29,0x45,0x29,0x44,0x29,0x44,0x29,
    0x45,0x29,0x45,0x29,0x45,0x29,0x44,0x29,0x45,0x29,0x44,0x29,0x44,0x29,0x44,0x29,
    0x44,0x29,0x44,0x29,0x44,0x29,0x44,0x29,0x44,0x29,0x44,0x29,0x44,0x29,0x44,0x29,
    0x44,0x29,0x44,0x29,0x44,0x29,0x44,0x29,0x44,0x29,0x24,0x29,0x24,0x29,0x24,0x29,
    0x24,0x29,0x24,0x29,0x24,0x29,0x24,0x29,0x24,0x29,0x24,0x29,0x24,0x29,0x24,0x29,
    0x24,0x29,0x24,0x29,0x24,0x29,0x24,0x21,0x24,0x29,0x24,0x29,0x24,0x29,0x24,0x29,
    0x24,0x21,0x24,0x21,0x24,0x21,0x24,0x29,0x24,0x29,0x24,0x21,0x04,0x21,0x04,0x21,
    0x04,0x21,0x04,0x21,0x04,0x21,0x04,0x21,0x04,0x21,0x04,0x21,0x04,0x21,0x03,0x21,
    0x04,0x21,0x04,0x21,0x03,0x21,0x04,0x21,0x03,0x21,0x03,0x21,0x03,0x21,0x03,0x21,
    0x03,0x21,0x03,0x21,0x03,0x21,0x03,0x21,0xe3,0x20,0xe3,0x20,0xe3,0x20,0xe3,0x20,
    0xe3,0x20,0xe3,0x20,0xe3,0x20,0xe3,0x20,0xe3,0x20,0xe3,0x20,0xe3,0x20,0xe3,0x20,
    0xe3,0x18,0xe3,0x20,0xe3,0x20,0xe3,0x18,0xe3,0x18,0xe3,0x18,0xe3,0x18,0xe3,0x18,
    0xc3,0x18,0xe3,0x18,0xe3,0x18,0xe3,0x18,0xe3,0x18,0xe3,0x18,0xe3,0x18,0xe3,0x18,
    0xe3,0x18,0xe3,0x18,0xc3,0x18,0xc3,0x18,0xe3,0x18,0xc3,0x18,0xc3,0x18,0xc3,0x18,
    0xc3,0x18,0xa2,0x18,0x45,0x31,0x04,0x21,0xc2,0x18,0xc3,0x18,0xc3,0x18,0xc2,0x18,
    0xc2,0x18,0xc2,0x18,0xc2,0x18,0xc2,0x18,0xc2,0x18,0xa2,0x18,0xa2,0x18,0x82,0x10,
    0x08,0x4a,0x04,0x29,0xc3,0x20,0xc3,0x20,0xc3,0x20,0xa2,0x18,0xa2,0x18,0xa2,0x18,
    0xa2,0x18,0xa2,0x18,0xa2,0x18,0xa2,0x18,0xa2,0x18,0xa2,0x18,0x81,0x10,0xc3,0x20,
    0x24,0x29,0x82,0x10,0x61,0x10,0xe3,0x18,0x20,0x08,0x2c,0x6b,0x71,0x94,0x00,0x00,
    0x82,0x18,0xc3,0x20,0xb6,0xc5,0x48,0x52,0x20,0x08,0x82,0x10,0x41,0x08,0xe3,0x20,
    0x44,0x29,0x69,0x52,0xc7,0x41,0x44,0x31,0x85,0x39,0x82,0x10,0x20,0x00,0x20,0x00,
    0x65,0x31,0x41,0x08,0x4c,0x73,0x8d,0x7b,0x4d,0x73,0xa6,0x39,0xc3,0x18,0x82,0x10,
    0x00,0x00,0x20,0x08,0x61,0x10,0x04,0x21,0x55,0xb5,0x38,0xce,0xd7,0xc5,0x34,0xb5,
    0xb6,0xbd,0x71,0x94,0xa2,0x10,0x45,0x29,0x44,0x29,0x44,0x29,0x44,0x29,0xe3,0x20,
    0x08,0x42,0x0c,0x6b,0xc7,0x41,0xcb,0x62,0x13,0xad,0x99,0xd6,0x1c,0xef,0x3c,0xef,
    0x3c,0xef,0xfb,0xe6,0x38,0xce,0x92,0x9c,0xaa,0x5a,0x28,0x52,0x86,0x39,0x04,0x21,
    0x45,0x29,0x45,0x29,0x45,0x29,0x45,0x29,0x45,0x29,0x45,0x29,0x45,0x29,0x45,0x29,
    0x45,0x29,0x45,0x31,0x24,0x29,0x25,0x29,0xca,0x62,0xa6,0x39,0x45,0x29,0x65,0x31,
    0x65,0x29,0x65,0x29,0x65,0x29,0x65,0x29,0x45,0x29,0x45,0x29,0x45,0x29,0x45,0x29,
    0x45,0x29,0x45,0x29,0x45,0x29,0x45,0x29,0x45,0x29,0x45,0x29,0x45,0x29,0x45,0x29,
    0x45,0x29,0x45,0x29,0x45,0x29,0x45,0x29,0x44,0x29,0x44,0x29,0x44,0x29,0x45,0x29,
    0x45,0x29,0x44,0x29,0x45,0x29,0x44,0x29,0x44,0x29,0x44,0x29,0x44,0x29,0x44,0x29,
    0x44,0x29,0x44,0x29,0x44,0x29,0x44,0x29,0x44,0x29,0x44,0x29,0x24,0x29,0x44,0x29,
    0x44,0x29,0x44,0x29,0x44,0x29,0x44,0x29,0x24,0x29,0x24,0x29,0x24,0x29,0x24,0x29,
    0x24,0x29,0x24,0x29,0x24,0x29,0x24,0x29,0x24,0x29,0x24,0x29,0x24,0x29,0x24,0x29,
    0x24,0x29,0x24,0x29,0x24,0x29,0x24,0x29,0x24,0x29,0x24,0x29,0x24,0x21,0x24,0x21,
    0x24,0x21,0x24,0x21,0x24,0x21,0x24,0x21,0x04,0x21,0x04,0x21,0x04,0x21,0x04,0x21,
    0x04,0x21,0x04,0x21,0x04,0x21,0x04,0x21,0x04,0x21,0x04,0x21,0x04,0x21,0x03,0x21,
    0x03,0x21,0x03,0x21,0x03,0x21,0x03,0x21,0x03,0x21,0xe3,0x20,0xe3,0x20,0x03,0x21,
    0xe3,0x20,0xe3,0x20,0x03,0x21,0xe3,0x20,0xe3,0x20,0xe3,0x20,0xe3,0x20,0xe3,0x20,
    0xe3,0x20,0xe3,0x20,0xe3,0x20,0xe3,0x20,0xe3,0x18,0xe3,0x20,0xe3,0x20,0xe3,0x20,
    0xe3,0x20,0xe3,0x20,0xe3,0x20,0xe3,0x20,0xe3,0x18,0xe3,0x18,0xe3,0x18,0xe3,0x18,
    0xc3,0x18,0xe3,0x18,0xe3,0x18,0xe3,0x18,0xe3,0x18,0xe3,0x18,0xe3,0x18,0xe3,0x18,
    0xe3,0x18,0xc3,0x18,0xc3,0x18,0xe3,0x18,0xc3,0x18,0xc3,0x18,0xc3,0x18,0xc3,0x18,
    0xc3,0x18,0xa2,0x18,0x24,0x29,0x24,0x29,0xc3,0x18,0xc2,0x18,0xc2,0x18,0xc2,0x18,
    0xc2,0x18,0xc2,0x18,0xc2,0x18,0xc2,0x18,0xc2,0x18,0xa2,0x18,0xa2,0x10,0xe3,0x20,
    0xc6,0x41,0xaa,0x62,0x14,0xad,0xd3,0xa4,0xd3,0xa4,0xd2,0xa4,0xd2,0xa4,0xd2,0xa4,
    0xb2,0xa4,0xd2,0xa4,0xd2,0xa4,0xd2,0xa4,0xb2,0x9c,0xb2,0x9c,0xf3,0xac,0xeb,0x6a,
    0xc2,0x18,0x61,0x08,0x81,0x10,0xc3,0x18,0x61,0x10,0x28,0x4a,0x58,0xd6,0x95,0xbd,
    0xf7,0xcd,0x58,0xd6,0xfb,0xee,0xca,0x5a,0x00,0x08,0x82,0x10,0x41,0x08,0xc3,0x18,
    0x24,0x29,0x48,0x52,0xe7,0x49,0x44,0x31,0x85,0x39,0xa2,0x18,0x00,0x00,0x20,0x00,
    0x44,0x29,0x61,0x08,0x6d,0x7b,0x6d,0x7b,0x4c,0x73,0x86,0x39,0xc3,0x18,0x61,0x10,
    0x00,0x00,0x21,0x08,0x61,0x08,0x65,0x31,0x14,0xad,0x08,0x4a,0xaa,0x5a,0xeb,0x62,
    0x95,0xbd,0xef,0x83,0x82,0x10,0x45,0x29,0x44,0x29,0x45,0x29,0xe3,0x20,0x29,0x4a,
    0xeb,0x6a,0x28,0x4a,0x54,0xb5,0x7d,0xf7,0x9d,0xf7,0x9d,0xf7,0x9e,0xf7,0xbe,0xff,
    0xbe,0xff,0xbe,0xf7,0xbe,0xf7,0xff,0xff,0x1b,0xe7,0x8d,0x7b,0xc7,0x41,0x45,0x31,
    0x04,0x21,0x45,0x29,0x45,0x29,0x45,0x29,0x45,0x29,0x45,0x29,0x45,0x29,0x45,0x29,
    0x45,0x29,0x65,0x31,0x04,0x21,0x86,0x39,0xaa,0x5a,0x65,0x31,0x45,0x29,0x65,0x29,
    0x65,0x29,0x45,0x29,0x65,0x29,0x45,0x29,0x45,0x29,0x45,0x29,0x45,0x29,0x45,0x29,
    0x45,0x29,0x45,0x29,0x45,0x29,0x45,0x29,0x45,0x29,0x45,0x29,0x45,0x29,0x45,0x29,
    0x45,0x29,0x45,0x29,0x44,0x29,0x44,0x29,0x44,0x29,0x44,0x29,0x45,0x29,0x45,0x29,
    0x45,0x29,0x45,0x29,0x44,0x29,0x45,0x29,0x44,0x29,0x44,0x29,0x44,0x29,0x44,0x29,
    0x44,0x29,0x24,0x29,0x24,0x29,0x44,0x29,0x44,0x29,0x44,0x29,0x44,0x29,0x44,0x29,
    0x24,0x29,0x24,0x29,0x24,0x29,0x24,0x29,0x24,0x29,0x24,0x29,0x24,0x29,0x24,0x29,
    0x24,0x29,0x24,0x29,0x24,0x29,0x24,0x29,0x24,0x29,0x24,0x29,0x24,0x29,0x24,0x29,
    0x24,0x29,0x24,0x29,0x24,0x29,0x24,0x29,0x24,0x29,0x24,0x21,0x24,0x21,0x04,0x21,
    0x04,0x21,0x04,0x21,0x04,0x21,0x04,0x21,0x04,0x21,0x04,0x21,0x04,0x21,0x04,0x21,
    0x04,0x21,0x04,0x21,0x04,0x21,0x03,0x21,0x04,0x21,0x04,0x21,0x04,0x21,0x03,0x21,
    0x03,0x21,0x03,0x21,0x03,0x21,0x03,0x21,0x03,0x21,0x03,0x21,0xe3,0x20,0xe3,0x20,
    0x03,0x21,0x03,0x21,0xe3,0x20,0xe3,0x20,0xe3,0x20,0xe3,0x20,0xe3,0x20,0xe3,0x20,
    0xe3,0x20,0xe3,0x20,0xe3,0x20,0xe3,0x20,0xe3,0x20,0xe3,0x18,0xe3,0x20,0xe3,0x20,
    0xe3,0x20,0xe3,0x20,0xe3,0x20,0xe3,0x18,0xe3,0x18,0xe3,0x18,0xe3,0x18,0xe3,0x18,
    0xe3,0x18,0xe3,0x18,0xe3,0x18,0xe3,0x18,0xe3,0x18,0xe3,0x18,0xe3,0x18,0xe3,0x18,
    0xc3,0x18,0xe3,0x18,0xc3,0x18,0xc3,0x18,0xc3,0x18,0xc3,0x18,0xc3,0x18,0xc3,0x18,
    0xc3,0x18,0xa2,0x18,0x04,0x29,0x45,0x31,0xc3,0x18,0xc2,0x18,0xc2,0x18,0xc2,0x18,
    0xc2,0x18,0xc2,0x18,0xc2,0x18,0xc2,0x18,0xa2,0x18,0xa2,0x18,0x82,0x10,0x24,0x29,
    0x86,0x39,0x13,0xa5,0xff,0xff,0x9d,0xf7,0x9e,0xff,0xbe,0xff,0xbe,0xff,0xbe,0xff,
    0xbe,0xff,0xbe,0xff,0x9e,0xff,0x9e,0xff,0x9d,0xf7,0xff,0xff,0x9a,0xde,0xc7,0x41,
    0x41,0x08,0x61,0x10,0x82,0x10,0xa2,0x18,0x82,0x10,0x86,0x31,0x38,0xce,0x2c,0x6b,
    0x69,0x52,0x65,0x31,0xb2,0x9c,0xce,0x83,0x00,0x00,0x82,0x10,0x41,0x08,0xa2,0x18,
    0x44,0x29,0x28,0x4a,0x08,0x4a,0x24,0x29,0x85,0x39,0xc3,0x18,0x00,0x00,0x20,0x00,
    0x65,0x31,0xa2,0x18,0xae,0x7b,0x6d,0x7b,0x2c,0x73,0x86,0x39,0xc3,0x20,0x61,0x10,
    0x00,0x00,0x41,0x08,0x41,0x08,0xe7,0x41,0xd3,0xa4,0x82,0x10,0xa2,0x18,0x00,0x00,
    0x71,0x94,0x4d,0x73,0x82,0x10,0x45,0x29,0x45,0x29,0x24,0x29,0xe7,0x41,0xeb,0x6a,
    0x49,0x52,0xba,0xde,0xbe,0xff,0x5c,0xef,0x7d,0xf7,0x1c,0xef,0x99,0xde,0x79,0xd6,
    0xba,0xde,0x5d,0xef,0xdf,0xff,0x7d,0xf7,0x9d,0xf7,0xbe,0xff,0x10,0x8c,0xa6,0x39,
    0x03,0x21,0x24,0x29,0x45,0x29,0x45,0x29,0x45,0x29,0x45,0x29,0x45,0x29,0x45,0x29,
    0x45,0x29,0x65,0x31,0x04,0x21,0xe7,0x41,0x69,0x52,0x45,0x29,0x45,0x29,0x65,0x31,
    0x45,0x29,0x45,0x29,0x65,0x29,0x65,0x29,0x45,0x29,0x45,0x29,0x45,0x29,0x45,0x29,
    0x45,0x29,0x45,0x29,0x45,0x29,0x45,0x29,0x45,0x29,0x45,0x29,0x45,0x29,0x45,0x29,
    0x45,0x29,0x44,0x29,0x44,0x29,0x45,0x29,0x45,0x29,0x45,0x29,0x45,0x29,0x45,0x29,
    0x45,0x29,0x44,0x29,0x44,0x29,0x44,0x29,0x44,0x29,0x44,0x29,0x44,0x29,0x44,0x29,
    0x24,0x29,0x24,0x29,0x24,0x29,0x44,0x29,0x44,0x29,0x44,0x29,0x24,0x29,0x24,0x29,
    0x24,0x29,0x24,0x29,0x24,0x29,0x24,0x29,0x24,0x29,0x24,0x29,0x24,0x29,0x24,0x29,
    0x24,0x29,0x24,0x29,0x24,0x29,0x24,0x29,0x24,0x29,0x24,0x21,0x24,0x21,0x24,0x21,
    0x24,0x29,0x24,0x29,0x24,0x29,0x24,0x29,0x24,0x29,0x24,0x29,0x24,0x29,0x24,0x29,
    0x04,0x21,0x04,0x21,0x04,0x21,0x04,0x21,0x04,0x21,0x04,0x21,0x04,0x21,0x04,0x21,
    0x04,0x21,0x04,0x21,0x04,0x21,0x04,0x21,0x04,0x21,0x04,0x21,0x03,0x21,0x03,0x21,
    0x03,0x21,0x03,0x21,0x03,0x21,0xe3,0x20,0xe3,0x20,0xe3,0x20,0xe3,0x20,0xe3,0x20,
    0xe3,0x20,0xe3,0x20,0xe3,0x20,0xe3,0x20,0xe3,0x20,0xe3,0x20,0xe3,0x20,0xe3,0x20,
    0xe3,0x20,0xe3,0x20,0xe3,0x20,0xe3,0x20,0xe3,0x20,0xe3,0x20,0xe3,0x20,0xe3,0x20,
    0xe3,0x20,0xe3,0x20,0xe3,0x18,0xe3,0x18,0xe3,0x18,0xc3,0x18,0xe3,0x18,0xc3,0x18,
    0xc3,0x18,0xe3,0x18,0xe3,0x18,0xe3,0x18,0xe3,0x18,0xe3,0x18,0xe3,0x18,0xe3,0x18,
    0xe3,0x18,0xe3,0x18,0xc3,0x18,0xc3,0x18,0xc3,0x18,0xc3,0x18,0xc3,0x18,0xc3,0x18,
    0xc3,0x18,0xa2,0x18,0xe3,0x20,0x65,0x31,0xc3,0x18,0xc2,0x18,0xc2,0x18,0xc2,0x18,
    0xc2,0x18,0xc2,0x18,0xc2,0x18,0xc2,0x18,0xa2,0x18,0xa2,0x18,0x82,0x10,0x65,0x31,
    0xa6,0x41,0xf7,0xc5,0xdf,0xff,0x7d,0xf7,0x7d,0xf7,0x9d,0xf7,0x9e,0xf7,0xbe,0xf7,
    0xbe,0xff,0x7d,0xf7,0x5c,0xef,0x3c,0xef,0x5d,0xef,0xdb,0xe6,0x49,0x52,0x61,0x10,
    0x61,0x08,0x82,0x10,0x82,0x10,0xa2,0x10,0x82,0x18,0x24,0x29,0x95,0xbd,0x41,0x08,
    0x00,0x00,0x00,0x00,0xae,0x7b,0x71,0x94,0x00,0x00,0x82,0x10,0x41,0x08,0xa2,0x18,
    0x44,0x29,0x07,0x4a,0x28,0x52,0x24,0x29,0x85,0x39,0x03,0x21,0x00,0x00,0x20,0x00,
    0x08,0x4a,0xa2,0x18,0xae,0x83,0x4c,0x73,0x2c,0x6b,0x65,0x31,0xc3,0x20,0x41,0x08,
    0x00,0x00,0x41,0x08,0x20,0x08,0x49,0x52,0x91,0x9c,0xa2,0x18,0x24,0x29,0xa2,0x18,
    0x14,0xad,0xaa,0x5a,0x82,0x10,0x45,0x29,0x44,0x29,0x24,0x29,0xeb,0x6a,0xc7,0x41,
    0x58,0xce,0x9d,0xf7,0x3c,0xef,0x9d,0xf7,0xf7,0xcd,0xef,0x8b,0xaa,0x5a,0x69,0x52,
    0xcb,0x62,0xae,0x7b,0x34,0xad,0x9e,0xf7,0x5d,0xf7,0x5d,0xef,0x9d,0xf7,0xeb,0x62,
    0x24,0x29,0xc3,0x18,0x45,0x29,0x45,0x29,0x45,0x29,0x45,0x29,0x45,0x29,0x45,0x29,
    0x45,0x29,0x65,0x31,0xe3,0x20,0x28,0x4a,0x28,0x4a,0x44,0x29,0x45,0x29,0x45,0x29,
    0x45,0x29,0x45,0x29,0x65,0x29,0x45,0x29,0x45,0x29,0x45,0x29,0x45,0x29,0x45,0x29,
    0x45,0x29,0x45,0x29,0x45,0x29,0x45,0x29,0x45,0x29,0x45,0x29,0x45,0x29,0x45,0x29,
    0x45,0x29,0x45,0x29,0x45,0x29,0x45,0x29,0x45,0x29,0x44,0x29,0x44,0x29,0x44,0x29,
    0x44,0x29,0x44,0x29,0x44,0x29,0x44,0x29,0x44,0x29,0x44,0x29,0x44,0x29,0x24,0x29,
    0x24,0x29,0x24,0x29,0x44,0x29,0x24,0x29,0x44,0x29,0x24,0x29,0x24,0x29,0x24,0x29,
    0x24,0x29,0x24,0x29,0x24,0x29,0x24,0x29,0x24,0x29,0x24,0x29,0x24,0x29,0x24,0x29,
    0x24,0x29,0x24,0x29,0x24,0x29,0x24,0x29,0x24,0x29,0x24,0x29,0x24,0x29,0x24,0x29,
    0x24,0x29,0x24,0x21,0x24,0x21,0x24,0x29,0x24,0x29,0xe3,0x20,0xe3,0x20,0xe3,0x20,
    0xe3,0x20,0x04,0x21,0x04,0x21,0x04,0x21,0x04,0x21,0x04,0x21,0x04,0x21,0x04,0x21,
    0x04,0x21,0x04,0x21,0x04,0x21,0x04,0x21,0x03,0x21,0x03,0x21,0x03,0x21,0x03,0x21,
    0x03,0x21,0x03,0x21,0x03,0x21,0x03,0x21,0xe3,0x20,0xe3,0x20,0xe3,0x20,0xe3,0x20,
    0xe3,0x20,0xe3,0x20,0xe3,0x20,0xe3,0x20,0xe3,0x20,0xe3,0x20,0xe3,0x20,0xe3,0x20,
    0xe3,0x20,0xe3,0x20,0xe3,0x20,0xe3,0x18,0xe3,0x20,0xe3,0x20,0xe3,0x18,0xe3,0x20,
    0xe3,0x20,0xe3,0x20,0xe3,0x18,0xe3,0x18,0xe3,0x18,0xe3,0x18,0xe3,0x18,0xc3,0x18,
    0xe3,0x18,0xe3,0x18,0xe3,0x18,0xe3,0x18,0xe3,0x18,0xe3,0x18,0xe3,0x18,0xe3,0x18,
    0xe3,0x18,0xe3,0x18,0xe3,0x18,0xc3,0x18,0xc3,0x18,0xc3,0x18,0xc3,0x18,0xc3,0x18,
    0xc3,0x18,0xc2,0x18,0xc3,0x20,0x65,0x31,0xe3,0x20,0xc2,0x18,0xc2,0x18,0xc2,0x18,
    0xc2,0x18,0xc2,0x18,0xc2,0x18,0xc2,0x18,0xa2,0x18,0xa2,0x18,0x81,0x10,0xa6,0x39,
    0x07,0x4a,0xb6,0xbd,0x79,0xd6,0x38,0xce,0x38,0xce,0x17,0xce,0xd7,0xc5,0xf7,0xc5,
    0xb6,0xbd,0x1b,0xe7,0x9e,0xf7,0x5d,0xef,0xbe,0xff,0xef,0x83,0xa2,0x18,0x41,0x08,
    0x81,0x10,0x82,0x10,0x82,0x10,0x82,0x10,0xa3,0x18,0xa2,0x18,0x95,0xbd,0x44,0x29,
    0x61,0x10,0x00,0x00,0x2c,0x6b,0xd2,0xa4,0x00,0x00,0x82,0x10,0x41,0x08,0x82,0x10,
    0x44,0x29,0xe7,0x41,0x48,0x52,0x24,0x29,0x65,0x39,0x03,0x21,0x00,0x00,0x00,0x00,
    0xab,0x5a,0xaa,0x5a,0x8e,0x7b,0x2c,0x73,0xeb,0x6a,0x45,0x31,0xc3,0x20,0x20,0x08,
    0x00,0x00,0x61,0x08,0x20,0x08,0xca,0x62,0x30,0x8c,0x82,0x10,0x04,0x21,0xc3,0x18,
    0x54,0xb5,0x48,0x4a,0x82,0x10,0x24,0x29,0x04,0x21,0x08,0x42,0x28,0x52,0x71,0x94,
    0xbe,0xff,0x3c,0xef,0x9e,0xf7,0xb6,0xbd,0x8a,0x5a,0xc3,0x20,0x61,0x10,0xa2,0x18,
    0xa2,0x18,0x44,0x29,0xe7,0x49,0x71,0x94,0xbe,0xff,0x5c,0xef,0x9e,0xff,0x17,0xc6,
    0xc7,0x41,0x04,0x21,0x24,0x29,0x45,0x29,0x45,0x29,0x45,0x29,0x45,0x29,0x45,0x29,
    0x45,0x29,0x45,0x29,0xe4,0x20,0x49,0x52,0xc7,0x41,0x24,0x29,0x45,0x29,0x45,0x29,
    0x45,0x29,0x45,0x29,0x45,0x29,0x45,0x29,0x45,0x29,0x45,0x29,0x45,0x29,0x45,0x29,
    0x45,0x29,0x45,0x29,0x45,0x29,0x45,0x29,0x45,0x29,0x45,0x29,0x45,0x29,0x45,0x29,
    0x45,0x29,0x45,0x29,0x45,0x29,0x44,0x29,0x45,0x29,0x45,0x29,0x44,0x29,0x45,0x29,
    0x44,0x29,0x44,0x29,0x44,0x29,0x24,0x29,0x24,0x29,0x44,0x29,0x24,0x29,0x24,0x29,
    0x24,0x29,0x24,0x29,0x24,0x29,0x24,0x29,0x24,0x29,0x24,0x29,0x24,0x29,0x24,0x29,
    0x24,0x29,0x24,0x29,0x24,0x29,0x24,0x29,0x24,0x29,0x24,0x29,0x24,0x29,0x24,0x29,
    0x24,0x29,0x24,0x29,0x24,0x29,0x24,0x29,0x24,0x29,0x24,0x29,0x24,0x29,0x24,0x21,
    0x24,0x21,0x04,0x21,0x04,0x21,0xe3,0x20,0x04,0x21,0xc7,0x41,0x28,0x4a,0x08,0x42,
    0x86,0x39,0x25,0x29,0x04,0x21,0x04,0x21,0x04,0x21,0x04,0x21,0x04,0x21,0x04,0x21,
    0x04,0x21,0x04,0x21,0x04,0x21,0x03,0x21,0x03,0x21,0x03,0x21,0x03,0x21,0x03,0x21,
    0x03,0x21,0xe3,0x20,0xe3,0x20,0x03,0x21,0xe3,0x20,0xe3,0x20,0xe3,0x20,0xe3,0x20,
    0xe3,0x20,0xe3,0x20,0xe3,0x20,0xe3,0x20,0xe3,0x20,0xe3,0x20,0xe3,0x20,0xe3,0x20,
    0xe3,0x20,0xe3,0x20,0xe3,0x20,0xe3,0x20,0xe3,0x18,0xe3,0x20,0xe3,0x20,0xe3,0x18,
    0xe3,0x18,0xe3,0x18,0xe3,0x18,0xe3,0x18,0xe3,0x18,0xe3,0x18,0xe3,0x18,0xe3,0x18,
    0xe3,0x18,0xe3,0x18,0xe3,0x18,0xe3,0x18,0xc3,0x18,0xc3,0x18,0xe3,0x18,0xe3,0x18,
    0xc3,0x18,0xc3,0x18,0xc3,0x18,0xc3,0x18,0xc3,0x18,0xc3,0x18,0xc3,0x18,0xc3,0x18,
    0xc3,0x18,0xc2,0x18,0xc3,0x18,0x65,0x31,0x03,0x21,0xc2,0x18,0xc2,0x18,0xc2,0x18,
    0xc2,0x18,0xc2,0x18,0xc2,0x18,0xa2,0x18,0xa2,0x18,0xa2,0x18,0x82,0x10,0x24,0x31,
    0x65,0x39,0x44,0x31,0x24,0x31,0x24,0x31,0x04,0x29,0xc3,0x20,0xc3,0x20,0xc3,0x20,
    0x65,0x31,0x1b,0xe7,0x9d,0xf7,0xdf,0xff,0xb6,0xbd,0x65,0x31,0x41,0x08,0x61,0x10,
    0x82,0x10,0x81,0x10,0x82,0x10,0x82,0x10,0xc3,0x18,0x61,0x10,0x75,0xbd,0x86,0x39,
    0x41,0x08,0x00,0x00,0x8a,0x5a,0x13,0xad,0x00,0x00,0x82,0x10,0x61,0x08,0x62,0x10,
    0x24,0x29,0xc6,0x41,0x69,0x52,0x24,0x29,0x65,0x31,0x24,0x29,0x82,0x10,0xc3,0x18,
    0x50,0x94,0x0f,0x8c,0x2c,0x73,0x2c,0x73,0xeb,0x62,0x45,0x31,0xc3,0x18,0x20,0x08,
    0x00,0x00,0x61,0x08,0x20,0x08,0x2c,0x6b,0xef,0x83,0x81,0x10,0x03,0x21,0x03,0x21,
    0x95,0xbd,0xe7,0x41,0xa2,0x18,0x04,0x21,0x04,0x21,0x28,0x52,0x69,0x5a,0x1b,0xe7,
    0x7d,0xf7,0x7d,0xf7,0xdb,0xe6,0xeb,0x6a,0x61,0x10,0x81,0x10,0x24,0x29,0x44,0x29,
    0x44,0x29,0xe3,0x20,0x45,0x29,0x08,0x4a,0xf7,0xc5,0xbe,0xff,0x5c,0xef,0x9e,0xf7,
    0xae,0x83,0x45,0x31,0xe3,0x20,0x65,0x31,0x45,0x29,0x45,0x29,0x45,0x29,0x45,0x29,
    0x45,0x29,0x45,0x29,0xe3,0x20,0x49,0x52,0x86,0x39,0x45,0x29,0x45,0x29,0x45,0x29,
    0x45,0x29,0x45,0x29,0x45,0x29,0x45,0x29,0x45,0x29,0x45,0x29,0x45,0x29,0x45,0x29,
    0x45,0x29,0x45,0x29,0x45,0x29,0x45,0x29,0x45,0x29,0x45,0x29,0x44,0x29,0x44,0x29,
    0x45,0x29,0x45,0x29,0x44,0x29,0x44,0x29,0x44,0x29,0x44,0x29,0x44,0x29,0x44,0x29,
    0x44,0x29,0x44,0x29,0x24,0x29,0x24,0x29,0x24,0x29,0x24,0x29,0x24,0x29,0x24,0x29,
    0x24,0x29,0x44,0x29,0x24,0x29,0x24,0x29,0x24,0x29,0x24,0x29,0x24,0x29,0x24,0x29,
    0x24,0x29,0x24,0x29,0x24,0x29,0x24,0x29,0x24,0x29,0x24,0x29,0x24,0x29,0x24,0x29,
    0x24,0x29,0x24,0x29,0x24,0x29,0x24,0x29,0x24,0x29,0x24,0x29,0x24,0x29,0x24,0x21,
    0x04,0x21,0x04,0x21,0xc2,0x18,0xe7,0x41,0x0c,0x6b,0x8a,0x5a,0x08,0x4a,0xc7,0x41,
    0xc7,0x41,0xc7,0x41,0x86,0x39,0x04,0x21,0xe3,0x20,0x04,0x21,0x04,0x21,0x04,0x21,
    0x04,0x21,0x04,0x21,0x03,0x21,0x04,0x21,0x03,0x21,0x03,0x21,0x03,0x21,0x03,0x21,
    0xe3,0x20,0xe3,0x20,0x03,0x21,0x03,0x21,0xe3,0x20,0xe3,0x20,0xe3,0x20,0xe3,0x20,
    0xe3,0x20,0xe3,0x20,0xe3,0x20,0xe3,0x20,0xe3,0x20,0xe3,0x20,0xe3,0x20,0xe3,0x20,
    0xe3,0x20,0xe3,0x20,0xe3,0x20,0xe3,0x20,0xe3,0x18,0xe3,0x18,0xe3,0x20,0xe3,0x20,
    0xe3,0x18,0xe3,0x18,0xe3,0x20,0xc3,0x18,0xe3,0x20,0xe3,0x18,0xe3,0x18,0xe3,0x18,
    0xe3,0x18,0xe3,0x18,0xe3,0x18,0xe3,0x18,0xc3,0x18,0xc3,0x18,0xc3,0x18,0xc3,0x18,
    0xc3,0x18,0xc3,0x18,0xc3,0x18,0xc3,0x18,0xc3,0x18,0xc3,0x18,0xc3,0x18,0xc3,0x18,
    0xc3,0x18,0xc3,0x18,0xc2,0x18,0x65,0x31,0x04,0x21,0xc2,0x18,0xc2,0x18,0xc2,0x18,
    0xc2,0x18,0xc2,0x18,0xc2,0x18,0xc2,0x18,0xa2,0x18,0xa2,0x18,0xa2,0x18,0x61,0x10,
    0x40,0x08,0x41,0x08,0x41,0x08,0x41,0x08,0x61,0x08,0x20,0x08,0x86,0x39,0x04,0x29,
    0x95,0xbd,0xbe,0xff,0x9e,0xf7,0x3c,0xe7,0x49,0x52,0x61,0x10,0x61,0x08,0x82,0x10,
    0x81,0x10,0x81,0x10,0x82,0x10,0x61,0x10,0xc3,0x18,0x41,0x08,0x54,0xb5,0x08,0x4a,
    0x21,0x08,0x20,0x08,0x07,0x4a,0x54,0xb5,0x20,0x08,0x61,0x10,0x61,0x10,0x61,0x10,
    0x24,0x29,0xa6,0x39,0x69,0x5a,0x44,0x31,0x65,0x31,0x45,0x31,0x65,0x39,0x86,0x39,
    0xc6,0x41,0x8a,0x5a,0x2c,0x73,0x4d,0x73,0xeb,0x6a,0x65,0x31,0xc3,0x20,0x20,0x00,
    0x00,0x00,0x61,0x10,0x20,0x08,0x8d,0x73,0x8e,0x7b,0x61,0x10,0xe3,0x20,0x24,0x29,
    0xb6,0xbd,0xa6,0x39,0xc3,0x18,0x04,0x21,0x24,0x29,0xa6,0x41,0xae,0x7b,0xbe,0xff,
    0x5d,0xef,0xbe,0xff,0xb6,0xbd,0x85,0x39,0x41,0x08,0x44,0x29,0x24,0x29,0x24,0x29,
    0x24,0x29,0x24,0x29,0xe3,0x20,0xa6,0x41,0xae,0x7b,0xbe,0xff,0x5d,0xef,0xdf,0xff,
    0x75,0xb5,0xc7,0x41,0xe3,0x20,0x65,0x31,0x45,0x29,0x45,0x29,0x45,0x29,0x45,0x29,
    0x45,0x29,0x44,0x29,0x04,0x21,0x49,0x52,0x65,0x31,0x45,0x29,0x65,0x29,0x65,0x29,
    0x65,0x31,0x45,0x29,0x45,0x29,0x65,0x31,0x45,0x29,0x45,0x29,0x45,0x29,0x45,0x29,
    0x45,0x29,0x45,0x29,0x45,0x29,0x45,0x29,0x45,0x29,0x45,0x29,0x45,0x29,0x45,0x29,
    0x45,0x29,0x45,0x29,0x44,0x29,0x44,0x29,0x44,0x29,0x44,0x29,0x44,0x29,0x44,0x29,
    0x44,0x29,0x44,0x29,0x24,0x29,0x44,0x29,0x44,0x29,0x24,0x29,0x24,0x29,0x44,0x29,
    0x24,0x29,0x24,0x29,0x24,0x29,0x24,0x29,0x24,0x29,0x24,0x29,0x24,0x29,0x24,0x29,
    0x24,0x29,0x24,0x29,0x24,0x29,0x24,0x29,0x24,0x29,0x24,0x29,0x24,0x29,0x24,0x29,
    0x24,0x29,0x24,0x29,0x24,0x29,0x24,0x29,0x24,0x29,0x24,0x29,0x24,0x21,0x04,0x21,
    0x04,0x21,0xc3,0x18,0x69,0x52,0xeb,0x62,0x65,0x39,0xe7,0x41,0x28,0x4a,0xe7,0x41,
    0x65,0x39,0x65,0x31,0x86,0x39,0x86,0x39,0x24,0x29,0xe3,0x20,0x04,0x21,0x04,0x21,
    0x04,0x21,0x04,0x21,0x03,0x21,0x03,0x21,0x03,0x21,0x03,0x21,0x03,0x21,0x03,0x21,
    0x03,0x21,0xe3,0x20,0xe3,0x20,0xe3,0x20,0xe3,0x20,0xe3,0x20,0xe3,0x20,0xe3,0x20,
    0xe3,0x20,0xe3,0x20,0xe3,0x20,0xe3,0x20,0xe3,0x20,0xe3,0x20,0xe3,0x20,0xe3,0x20,
    0xe3,0x20,0xe3,0x20,0xe3,0x20,0xe3,0x20,0xe3,0x20,0xe3,0x20,0xe3,0x20,0xe3,0x18,
    0xe3,0x18,0xe3,0x18,0xe3,0x18,0xe3,0x18,0xe3,0x18,0xe3,0x18,0xe3,0x18,0xe3,0x18,
    0xe3,0x18,0xe3,0x18,0xe3,0x18,0xc3,0x18,0xc3,0x18,0xe3,0x18,0xc3,0x18,0xc3,0x18,
    0xc3,0x18,0xc3,0x18,0xc3,0x18,0xc3,0x18,0xc3,0x18,0xc3,0x18,0xc3,0x18,0xc3,0x18,
    0xc3,0x18,0xc2,0x18,0xa2,0x18,0x45,0x31,0x24,0x29,0xc2,0x18,0xc2,0x18,0xc2,0x18,
    0xc2,0x18,0xc2,0x18,0xc2,0x18,0xc2,0x18,0xa2,0x18,0xa2,0x18,0xa2,0x18,0xa2,0x10,
    0x82,0x10,0x81,0x10,0x81,0x10,0x82,0x10,0x41,0x08,0x65,0x31,0xa6,0x39,0xae,0x7b,
    0xbe,0xff,0x5c,0xef,0x5c,0xef,0x2c,0x6b,0xe3,0x20,0x82,0x10,0x82,0x10,0x82,0x10,
    0x82,0x10,0x81,0x10,0x82,0x10,0x61,0x10,0xe3,0x20,0x20,0x08,0x34,0xad,0x8a,0x5a,
    0x20,0x08,0x41,0x08,0xa6,0x39,0x75,0xb5,0x61,0x08,0x61,0x10,0x61,0x10,0x61,0x10,
    0x44,0x29,0xa6,0x39,0x89,0x5a,0x45,0x31,0x65,0x31,0x04,0x29,0xa2,0x18,0xc2,0x18,
    0x00,0x00,0x04,0x29,0x6d,0x7b,0x4c,0x73,0xcb,0x62,0x45,0x31,0xc3,0x20,0x00,0x00,
    0x00,0x00,0x61,0x10,0x20,0x08,0xcf,0x83,0x6d,0x73,0x61,0x10,0xe3,0x20,0x65,0x31,
    0xb6,0xbd,0x45,0x29,0xc3,0x20,0xe3,0x20,0x24,0x29,0x65,0x39,0x51,0x94,0xbe,0xff,
    0x5d,0xef,0xdf,0xff,0x71,0x9c,0x04,0x29,0xa2,0x18,0x24,0x29,0x24,0x29,0x24,0x29,
    0x24,0x29,0x24,0x29,0xe3,0x20,0xa6,0x39,0xaa,0x5a,0x7d,0xf7,0x7d,0xf7,0xde,0xff,
    0x59,0xd6,0x28,0x52,0xc3,0x20,0x45,0x29,0x45,0x29,0x45,0x29,0x45,0x29,0x45,0x29,
    0x45,0x29,0x24,0x29,0x04,0x21,0x49,0x52,0x45,0x29,0x45,0x29,0x65,0x31,0x45,0x29,
    0x45,0x29,0x86,0x31,0x65,0x31,0x45,0x29,0x45,0x29,0x45,0x29,0x44,0x29,0x44,0x29,
    0x45,0x29,0x44,0x29,0x44,0x29,0x45,0x29,0x45,0x29,0x44,0x29,0x44,0x29,0x44,0x29,
    0x44,0x29,0x44,0x29,0x44,0x29,0x44,0x29,0x44,0x29,0x44,0x29,0x44,0x29,0x24,0x29,
    0x24,0x29,0x24,0x29,0x24,0x29,0x24,0x29,0x44,0x29,0x44,0x29,0x44,0x29,0x24,0x29,
    0x24,0x29,0x24,0x29,0x24,0x29,0x24,0x29,0x24,0x29,0x24,0x29,0x24,0x29,0x24,0x29,
    0x24,0x29,0x24,0x29,0x24,0x29,0x24,0x29,0x24,0x29,0x24,0x29,0x24,0x21,0x24,0x29,
    0x24,0x29,0x24,0x29,0x24,0x29,0x24,0x29,0x24,0x21,0x24,0x29,0x24,0x21,0x24,0x29,
    0xc3,0x18,0xe8,0x41,0xca,0x62,0x24,0x29,0xcb,0x62,0xeb,0x6a,0x6d,0x7b,0x0b,0x6b,
    0x89,0x5a,0x86,0x39,0x04,0x29,0x65,0x31,0x85,0x39,0x04,0x21,0xe3,0x20,0x03,0x21,
    0x03,0x21,0x03,0x21,0x03,0x21,0x03,0x21,0x03,0x21,0x03,0x21,0x03,0x21,0x03,0x21,
    0xe3,0x20,0xe3,0x20,0xe3,0x20,0xe3,0x20,0xe3,0x20,0xe3,0x20,0xe3,0x20,0xe3,0x20,
    0xe3,0x20,0xe3,0x20,0xe3,0x20,0xe3,0x20,0xe3,0x18,0xe3,0x18,0xe3,0x20,0xe3,0x20,
    0xe3,0x20,0xe3,0x20,0xe3,0x18,0xe3,0x20,0xe3,0x20,0xe3,0x18,0xe3,0x18,0xe3,0x18,
    0xc3,0x18,0xc3,0x18,0xe3,0x18,0xe3,0x18,0xe3,0x18,0xe3,0x18,0xe3,0x18,0xe3,0x18,
    0xe3,0x18,0xe3,0x18,0xc3,0x18,0xe3,0x18,0xe3,0x18,0xc3,0x18,0xc3,0x18,0xc3,0x18,
    0xc3,0x18,0xc3,0x18,0xa2,0x18,0xc2,0x18,0x04,0x21,0xe3,0x20,0xe3,0x18,0xc3,0x18,
    0xc2,0x18,0xc3,0x18,0xa2,0x18,0x44,0x29,0x24,0x29,0xc3,0x18,0xc2,0x18,0xc2,0x18,
    0xc2,0x18,0xc2,0x18,0xc2,0x18,0xa2,0x18,0xa2,0x18,0xa2,0x18,0xa2,0x10,0xa2,0x10,
    0xa2,0x10,0x82,0x10,0x82,0x10,0x61,0x10,0xc2,0x18,0x28,0x52,0x08,0x4a,0x5c,0xef,
    0x5d,0xef,0x7d,0xf7,0x99,0xd6,0x89,0x5a,0xe3,0x20,0xa2,0x18,0xa2,0x18,0x61,0x10,
    0x81,0x10,0x81,0x10,0x82,0x10,0x61,0x10,0xe3,0x20,0x20,0x08,0xf3,0xac,0x0c,0x6b,
    0x00,0x08,0x41,0x08,0x65,0x31,0x95,0xbd,0x82,0x10,0x61,0x10,0x61,0x10,0x61,0x10,
    0x45,0x29,0xa6,0x39,0xaa,0x5a,0x65,0x31,0x65,0x31,0x24,0x29,0x00,0x00,0x21,0x00,
    0xe3,0x20,0xa6,0x39,0x6d,0x7b,0x2c,0x6b,0xaa,0x5a,0x45,0x31,0xc3,0x20,0x00,0x00,
    0x00,0x00,0x81,0x10,0x20,0x08,0x30,0x8c,0x0c,0x6b,0x00,0x00,0x61,0x10,0x45,0x29,
    0x75,0xb5,0x04,0x21,0xe3,0x20,0xe3,0x20,0x24,0x29,0x85,0x39,0xb2,0x9c,0xbe,0xff,
    0x5d,0xef,0xdf,0xff,0x30,0x8c,0x04,0x29,0xc3,0x18,0x24,0x29,0x24,0x29,0x24,0x29,
    0x24,0x29,0x24,0x29,0x04,0x21,0xe7,0x41,0x69,0x52,0x5d,0xef,0x9e,0xf7,0xbe,0xff,
    0x9a,0xde,0x69,0x52,0xc2,0x18,0x44,0x29,0x45,0x29,0x44,0x29,0x44,0x29,0x45,0x29,
    0x45,0x29,0x24,0x21,0x24,0x29,0x49,0x52,0x24,0x29,0x45,0x29,0x45,0x29,0xa6,0x39,
    0x69,0x52,0x28,0x4a,0xc7,0x41,0x65,0x31,0x44,0x29,0x44,0x29,0x45,0x29,0x45,0x29,
    0x45,0x29,0x45,0x29,0x44,0x29,0x44,0x29,0x44,0x29,0x44,0x29,0x44,0x29,0x44,0x29,
    0x44,0x29,0x44,0x29,0x44,0x29,0x44,0x29,0x44,0x29,0x44,0x29,0x44,0x29,0x44,0x29,
    0x44,0x29,0x24,0x29,0x24,0x29,0x24,0x29,0x24,0x29,0x24,0x29,0x24,0x29,0x24,0x29,
    0x24,0x29,0x24,0x29,0x24,0x29,0x24,0x29,0x24,0x29,0x24,0x29,0x24,0x29,0x24,0x29,
    0x24,0x29,0x24,0x29,0x24,0x29,0x24,0x29,0x24,0x29,0x24,0x29,0x24,0x29,0x24,0x29,
    0x24,0x29,0x24,0x29,0x24,0x29,0x24,0x29,0x24,0x21,0x24,0x29,0x24,0x29,0x24,0x21,
    0x24,0x29,0xeb,0x62,0x45,0x31,0xaa,0x62,0xaa,0x62,0x0f,0x8c,0xca,0x62,0xa6,0x39,
    0xe7,0x41,0xeb,0x6a,0xe7,0x41,0xe3,0x20,0x65,0x31,0x65,0x31,0xe3,0x20,0x03,0x21,
    0x03,0x21,0x03,0x21,0x03,0x21,0x03,0x21,0x03,0x21,0x03,0x21,0xe3,0x20,0xe3,0x20,
    0xe3,0x20,0xe3,0x20,0xe3,0x20,0xe3,0x20,0xe3,0x20,0xe3,0x20,0xe3,0x20,0xe3,0x20,
    0xe3,0x20,0xe3,0x20,0xe3,0x20,0xe3,0x18,0xe3,0x20,0xe3,0x20,0xe3,0x20,0xe3,0x18,
    0xe3,0x20,0xe3,0x18,0xe3,0x18,0xe3,0x18,0xe3,0x18,0xe3,0x18,0xe3,0x20,0xe3,0x18,
    0xc3,0x18,0xe3,0x18,0xe3,0x18,0xe3,0x18,0xe3,0x18,0xe3,0x18,0xe3,0x18,0xe3,0x18,
    0xe3,0x18,0xc3,0x18,0xc3,0x18,0xe3,0x18,0xe3,0x18,0xc3,0x18,0xc3,0x18,0xc3,0x18,
    0xc3,0x18,0xa2,0x18,0x24,0x29,0xc7,0x41,0x44,0x31,0xc3,0x20,0xc3,0x18,0xc3,0x18,
    0xc2,0x18,0xc3,0x18,0xa2,0x18,0x24,0x29,0x24,0x29,0xc3,0x18,0xc2,0x18,0xc2,0x18,
    0xc2,0x18,0xc2,0x18,0xc2,0x18,0xa2,0x18,0xa2,0x18,0xa2,0x18,0xa2,0x18,0xa2,0x10,
    0xa2,0x10,0xa2,0x10,0xa2,0x10,0x41,0x08,0x69,0x52,0x86,0x39,0x59,0xd6,0xff,0xff,
    0x7d,0xf7,0x5c,0xef,0x7d,0xf7,0xbe,0xff,0x18,0xce,0x69,0x5a,0x61,0x10,0x82,0x10,
    0x61,0x10,0x81,0x10,0x82,0x10,0x61,0x10,0x03,0x21,0x20,0x08,0xd2,0xa4,0x4c,0x6b,
    0x00,0x00,0x00,0x00,0xc2,0x18,0xb6,0xbd,0xa2,0x18,0x61,0x10,0x61,0x10,0x61,0x08,
    0x44,0x29,0xa6,0x39,0xaa,0x5a,0x65,0x31,0x65,0x31,0x65,0x31,0x61,0x10,0x82,0x10,
    0x24,0x29,0xc7,0x39,0x4c,0x73,0x0c,0x6b,0x89,0x5a,0x65,0x31,0xe3,0x20,0x00,0x00,
    0x20,0x00,0x81,0x10,0x41,0x08,0x50,0x94,0xef,0x83,0xa6,0x39,0xc7,0x41,0xaa,0x5a,
    0x55,0xb5,0xc3,0x18,0xe3,0x20,0xe3,0x20,0x24,0x29,0x86,0x39,0x92,0x94,0xdf,0xff,
    0x5c,0xef,0xdf,0xff,0xf3,0xac,0x65,0x31,0xa2,0x18,0x44,0x29,0x24,0x29,0x24,0x29,
    0x24,0x29,0x24,0x29,0x24,0x29,0x69,0x5a,0xeb,0x62,0x9e,0xf7,0x7d,0xf7,0xbe,0xff,
    0x99,0xd6,0x49,0x52,0xa2,0x18,0x44,0x29,0x45,0x29,0x44,0x29,0x45,0x29,0x44,0x29,
    0x45,0x29,0x24,0x21,0x45,0x29,0x49,0x52,0x24,0x29,0x45,0x29,0x86,0x31,0x49,0x52,
    0xaa,0x5a,0x91,0x9c,0x14,0xad,0x6d,0x73,0x66,0x39,0x24,0x29,0x44,0x29,0x44,0x29,
    0x44,0x29,0x44,0x29,0x44,0x29,0x44,0x29,0x44,0x29,0x44,0x29,0x44,0x29,0x44,0x29,
    0x44,0x29,0x44,0x29,0x44,0x29,0x44,0x29,0x44,0x29,0x24,0x29,0x44,0x29,0x24,0x29,
    0x24,0x29,0x24,0x29,0x24,0x29,0x24,0x29,0x24,0x29,0x24,0x29,0x24,0x29,0x24,0x29,
    0x24,0x29,0x24,0x29,0x24,0x29,0x24,0x29,0x24,0x29,0x24,0x29,0x24,0x29,0x24,0x29,
    0x24,0x29,0x24,0x21,0x24,0x29,0x24,0x29,0x24,0x29,0x24,0x29,0x24,0x29,0x24,0x29,
    0x24,0x29,0x24,0x29,0x24,0x21,0x24,0x21,0x04,0x29,0x24,0x21,0x24,0x29,0xe3,0x20,
    0xe7,0x41,0x48,0x52,0x07,0x4a,0xca,0x62,0xcf,0x83,0x04,0x21,0x00,0x00,0x00,0x00,
    0x00,0x00,0x61,0x08,0x2c,0x73,0xc7,0x41,0x04,0x29,0x85,0x39,0x04,0x29,0xe3,0x20,
    0x03,0x21,0x03,0x21,0x03,0x21,0x03,0x21,0xe3,0x20,0xe3,0x20,0xe3,0x20,0xe3,0x20,
    0xe3,0x20,0xe3,0x20,0xe3,0x20,0xe3,0x20,0xe3,0x20,0xe3,0x20,0xe3,0x20,0xe3,0x20,
    0xe3,0x18,0xe3,0x20,0xe3,0x20,0xe3,0x20,0xe3,0x20,0xe3,0x20,0xe3,0x20,0xe3,0x20,
    0xe3,0x18,0xe3,0x18,0xe3,0x18,0xe3,0x18,0xe3,0x18,0xe3,0x18,0xe3,0x18,0xe3,0x18,
    0xe3,0x20,0xe3,0x18,0xe3,0x18,0xe3,0x18,0xe3,0x18,0xe3,0x18,0xe3,0x18,0xe3,0x18,
    0xe3,0x18,0xc3,0x18,0xe3,0x18,0xe3,0x18,0xc3,0x18,0xc3,0x18,0xc3,0x18,0xc3,0x18,
    0xa2,0x18,0x03,0x21,0xe7,0x49,0xe7,0x49,0xce,0x83,0x50,0x94,0x8a,0x5a,0xe3,0x20,
    0xc3,0x18,0xc2,0x18,0xa2,0x18,0x24,0x29,0x44,0x29,0xc3,0x18,0xc2,0x18,0xc2,0x18,
    0xc2,0x18,0xc2,0x18,0xc2,0x18,0xa2,0x18,0xa2,0x18,0xa2,0x18,0xa2,0x10,0xa2,0x18,
    0xa2,0x10,0xa2,0x18,0x61,0x08,0xc7,0x41,0x08,0x4a,0x69,0x52,0xb6,0xbd,0xb6,0xbd,
    0x1b,0xe7,0xff,0xff,0x9e,0xf7,0x5d,0xef,0xbe,0xff,0x9e,0xff,0xcf,0x83,0x61,0x10,
    0x82,0x10,0x61,0x10,0x82,0x10,0x81,0x10,0x04,0x21,0x40,0x08,0x71,0x94,0x71,0x94,
    0x86,0x31,0xc7,0x39,0x89,0x52,0x17,0xce,0xe3,0x20,0x61,0x08,0x61,0x10,0x41,0x08,
    0x44,0x29,0x86,0x39,0xaa,0x62,0x65,0x31,0x65,0x31,0x65,0x31,0x82,0x10,0xa2,0x18,
    0x24,0x29,0xc7,0x41,0x4c,0x73,0x0b,0x6b,0x89,0x5a,0x86,0x39,0x04,0x29,0x00,0x00,
    0x20,0x00,0x82,0x10,0x61,0x10,0x30,0x8c,0x79,0xde,0x58,0xd6,0x79,0xd6,0xba,0xde,
    0x95,0xbd,0xa2,0x18,0xe4,0x20,0x04,0x21,0x24,0x29,0x86,0x39,0xce,0x7b,0xdf,0xff,
    0x5d,0xef,0xbe,0xff,0x79,0xd6,0x28,0x52,0x04,0x29,0xe3,0x20,0x24,0x29,0x24,0x29,
    0x24,0x29,0xe3,0x20,0x08,0x4a,0x28,0x52,0x50,0x8c,0xff,0xff,0x7d,0xf7,0xdf,0xff,
    0x38,0xce,0x28,0x4a,0xa2,0x10,0x44,0x29,0x45,0x29,0x44,0x29,0x44,0x29,0x44,0x29,
    0x45,0x29,0x04,0x21,0x45,0x31,0x49,0x52,0x24,0x29,0x44,0x29,0xe7,0x41,0x69,0x52,
    0x38,0xce,0x7d,0xf7,0x5d,0xf7,0x7d,0xf7,0x0f,0x84,0x04,0x29,0x24,0x29,0x44,0x29,
    0x44,0x29,0x44,0x29,0x44,0x29,0x44,0x29,0x44,0x29,0x44,0x29,0x44,0x29,0x44,0x29,
    0x44,0x29,0x44,0x29,0x44,0x29,0x24,0x29,0x24,0x29,0x24,0x29,0x24,0x29,0x24,0x29,
    0x24,0x29,0x24,0x29,0x24,0x29,0x24,0x29,0x24,0x29,0x24,0x29,0x24,0x29,0x24,0x29,
    0x24,0x29,0x24,0x29,0x24,0x29,0x24,0x29,0x24,0x29,0x24,0x29,0x24,0x29,0x24,0x29,
    0x24,0x29,0x24,0x29,0x24,0x29,0x24,0x29,0x24,0x29,0x24,0x29,0x24,0x29,0x24,0x21,
    0x24,0x21,0x24,0x21,0x24,0x21,0x24,0x21,0x24,0x21,0x24,0x21,0x24,0x21,0xe3,0x20,
    0x08,0x4a,0xc7,0x41,0x49,0x52,0xae,0x83,0x28,0x4a,0x00,0x00,0x20,0x00,0x21,0x08,
    0x61,0x08,0x00,0x00,0x85,0x39,0xad,0x83,0x24,0x31,0x44,0x31,0x44,0x29,0xc3,0x18,
    0x03,0x21,0xe3,0x20,0xe3,0x20,0xe3,0x20,0xe3,0x20,0xe3,0x20,0xe3,0x20,0xe3,0x20,
    0xe3,0x20,0xe3,0x20,0xe3,0x20,0xe3,0x20,0xe3,0x20,0xe3,0x20,0xe3,0x20,0xe3,0x20,
    0xe3,0x20,0xe3,0x20,0xe3,0x20,0xe3,0x20,0xe3,0x20,0xe3,0x20,0xe3,0x20,0xe3,0x20,
    0xe3,0x18,0xe3,0x18,0xe3,0x18,0xe3,0x20,0xe3,0x18,0xe3,0x18,0xe3,0x18,0xe3,0x18,
    0xe3,0x18,0xe3,0x18,0xe3,0x18,0xe3,0x18,0xe3,0x18,0xe3,0x18,0xe3,0x18,0xe3,0x18,
    0xe3,0x18,0xc3,0x18,0xc3,0x18,0xc3,0x18,0xc3,0x18,0xc3,0x18,0xc3,0x18,0xc3,0x18,
    0xa2,0x18,0x86,0x39,0xe7,0x41,0xb6,0xbd,0x5c,0xf7,0x5c,0xef,0x3c,0xef,0x2c,0x6b,
    0xc3,0x18,0xc2,0x18,0xa2,0x18,0x04,0x29,0x45,0x31,0xc3,0x18,0xa2,0x18,0xa2,0x18,
    0xc2,0x18,0xc2,0x18,0xc2,0x18,0xa2,0x18,0xa2,0x18,0xa2,0x18,0xa2,0x18,0xa2,0x18,
    0xa2,0x18,0xa2,0x18,0x81,0x10,0x65,0x31,0x04,0x29,0x03,0x29,0xc3,0x20,0x04,0x29,
    0xa6,0x41,0xef,0x83,0x5d,0xef,0x9e,0xf7,0x3c,0xef,0x3c,0xef,0xbe,0xff,0x6d,0x73,
    0x61,0x10,0x82,0x10,0x82,0x10,0x81,0x10,0x03,0x21,0x41,0x08,0xce,0x7b,0x1c,0xef,
    0xba,0xe6,0xfb,0xe6,0x3c,0xef,0x99,0xde,0xe3,0x20,0x61,0x10,0x61,0x10,0x41,0x08,
    0x45,0x29,0x86,0x39,0xca,0x62,0x65,0x31,0x65,0x31,0x65,0x31,0x82,0x10,0xc2,0x18,
    0x24,0x29,0xe7,0x41,0x4d,0x73,0x2c,0x6b,0x69,0x5a,0x85,0x31,0x04,0x21,0x00,0x00,
    0x20,0x00,0x82,0x10,0x61,0x10,0x71,0x94,0x79,0xd6,0x18,0xce,0x38,0xce,0x99,0xde,
    0x96,0xbd,0xa2,0x18,0x04,0x21,0x24,0x29,0x04,0x21,0x45,0x31,0x89,0x5a,0x3c,0xef,
    0x7d,0xf7,0x5d,0xef,0xde,0xff,0x50,0x94,0x85,0x39,0x65,0x31,0x24,0x29,0x24,0x29,
    0x45,0x29,0x48,0x4a,0x8a,0x5a,0xc7,0x41,0xfb,0xe6,0xbe,0xf7,0x7d,0xf7,0xdf,0xff,
    0x34,0xad,0xa6,0x39,0xa2,0x10,0x45,0x31,0x45,0x29,0x44,0x29,0x44,0x29,0x44,0x29,
    0x44,0x29,0x04,0x21,0x66,0x31,0x49,0x52,0x44,0x29,0x65,0x31,0xa6,0x39,0x10,0x8c,
    0x7d,0xf7,0x1c,0xef,0x3c,0xef,0x7d,0xf7,0x59,0xd6,0x65,0x31,0x03,0x21,0x45,0x29,
    0x44,0x29,0x44,0x29,0x44,0x29,0x44,0x29,0x44,0x29,0x44,0x29,0x44,0x29,0x44,0x29,
    0x44,0x29,0x44,0x29,0x24,0x29,0x24,0x29,0x24,0x29,0x24,0x29,0x24,0x29,0x24,0x29,
    0x24,0x29,0x24,0x29,0x24,0x29,0x24,0x29,0x24,0x29,0x24,0x29,0x24,0x29,0x24,0x29,
    0x24,0x29,0x24,0x29,0x24,0x29,0x24,0x29,0x24,0x29,0x24,0x29,0x24,0x29,0x24,0x29,
    0x24,0x29,0x24,0x29,0x24,0x21,0x24,0x29,0x24,0x29,0x24,0x29,0x24,0x29,0x24,0x21,
    0x24,0x21,0x24,0x21,0x24,0x21,0x04,0x21,0x04,0x21,0x04,0x21,0x04,0x21,0xe3,0x20,
    0xc7,0x41,0xc7,0x41,0x49,0x52,0xae,0x83,0xe3,0x20,0x00,0x00,0x21,0x08,0x61,0x08,
    0x61,0x10,0x20,0x08,0xc3,0x18,0x50,0x94,0x48,0x52,0x85,0x39,0xe7,0x41,0xc3,0x18,
    0xe3,0x20,0xe3,0x20,0xe3,0x20,0xe3,0x20,0xe3,0x20,0xe3,0x20,0xe3,0x20,0xe3,0x20,
    0xe3,0x20,0xe3,0x20,0xe3,0x20,0xe3,0x18,0xe3,0x20,0xe3,0x20,0xe3,0x18,0xe3,0x18,
    0xe3,0x20,0xe3,0x20,0xe3,0x20,0xe3,0x20,0xe3,0x20,0xe3,0x18,0xe3,0x18,0xe3,0x20,
    0xe3,0x18,0xe3,0x18,0xe3,0x20,0xe3,0x18,0xe3,0x18,0xe3,0x18,0xe3,0x18,0xe3,0x18,
    0xe3,0x18,0xe3,0x18,0xe3,0x18,0xe3,0x18,0xe3,0x18,0xe3,0x18,0xe3,0x18,0xe3,0x18,
    0xc3,0x18,0xc3,0x18,0xc3,0x18,0xc3,0x18,0xc3,0x18,0xc3,0x18,0xc3,0x18,0xc3,0x18,
    0xe3,0x18,0x44,0x29,0x6d,0x73,0x5c,0xef,0x1b,0xe7,0x1b,0xe7,0x9d,0xf7,0x38,0xce,
    0x24,0x29,0xa2,0x18,0xa2,0x18,0x04,0x21,0x45,0x31,0xc3,0x18,0xa2,0x18,0xc2,0x18,
    0xa2,0x18,0xa2,0x18,0xa2,0x18,0xc2,0x18,0xa2,0x18,0xa2,0x18,0xa2,0x10,0xa2,0x18,
    0xa2,0x18,0xa2,0x10,0xa2,0x10,0x61,0x10,0x41,0x08,0x41,0x08,0x61,0x10,0x61,0x10,
    0x81,0x10,0x61,0x10,0x69,0x52,0x1c,0xef,0x5d,0xf7,0x3c,0xef,0x5d,0xef,0x1b,0xef,
    0xe7,0x49,0xa2,0x18,0x82,0x10,0x81,0x10,0x04,0x21,0x40,0x08,0x6d,0x73,0xfb,0xee,
    0x79,0xde,0xba,0xde,0xda,0xe6,0x79,0xd6,0x03,0x21,0x61,0x10,0x61,0x10,0x41,0x08,
    0x45,0x29,0xa6,0x39,0xcb,0x62,0x44,0x29,0x65,0x31,0x65,0x31,0x82,0x10,0xc2,0x18,
    0x24,0x29,0x08,0x42,0x6d,0x7b,0x2c,0x73,0x89,0x5a,0x65,0x31,0x03,0x21,0x00,0x00,
    0x20,0x00,0x81,0x10,0x61,0x10,0x91,0x94,0xba,0xde,0x79,0xd6,0x99,0xde,0xdb,0xe6,
    0x95,0xbd,0xa2,0x18,0x04,0x21,0x24,0x29,0x24,0x29,0x04,0x29,0xa6,0x41,0xf3,0xa4,
    0xff,0xff,0x5d,0xef,0x9d,0xf7,0x7d,0xf7,0x4d,0x73,0x65,0x31,0xc7,0x41,0x49,0x52,
    0xcb,0x62,0x49,0x52,0xc7,0x41,0xd6,0xbd,0xbe,0xff,0x7d,0xf7,0x9e,0xf7,0xbe,0xf7,
    0xef,0x8b,0x04,0x29,0xc2,0x18,0x65,0x31,0x44,0x29,0x44,0x29,0x44,0x29,0x44,0x29,
    0x44,0x29,0x04,0x21,0x66,0x31,0x49,0x52,0x24,0x29,0x65,0x29,0x45,0x31,0xef,0x83,
    0x7d,0xf7,0x1c,0xe7,0x3c,0xef,0x9d,0xf7,0x38,0xce,0x45,0x31,0xe3,0x20,0x45,0x29,
    0x44,0x29,0x44,0x29,0x44,0x29,0x44,0x29,0x44,0x29,0x44,0x29,0x44,0x29,0x24,0x29,
    0x24,0x29,0x24,0x29,0x24,0x29,0x24,0x29,0x24,0x29,0x24,0x29,0x24,0x29,0x24,0x29,
    0x24,0x29,0x24,0x29,0x24,0x29,0x24,0x29,0x24,0x29,0x24,0x29,0x24,0x29,0x24,0x29,
    0x24,0x29,0x24,0x29,0x24,0x29,0x24,0x29,0x24,0x29,0x24,0x29,0x24,0x21,0x24,0x29,
    0x24,0x29,0x24,0x21,0x24,0x21,0x24,0x21,0x24,0x21,0x24,0x21,0x24,0x21,0x24,0x29,
    0x24,0x29,0x24,0x21,0x04,0x21,0x24,0x21,0x04,0x21,0x04,0x21,0x04,0x21,0xe3,0x20,
    0xa6,0x39,0xc7,0x41,0xa6,0x39,0x6d,0x7b,0x04,0x21,0x00,0x00,0x61,0x08,0x61,0x10,
    0x82,0x10,0x20,0x00,0x44,0x29,0xb2,0xa4,0xc6,0x41,0x65,0x39,0x65,0x31,0xa2,0x18,
    0xe3,0x20,0x03,0x21,0xe3,0x20,0xe3,0x20,0xe3,0x20,0xe3,0x20,0xe3,0x20,0xe3,0x20,
    0xe3,0x20,0xe3,0x20,0xe3,0x20,0xe3,0x20,0xe3,0x20,0xe3,0x20,0xe3,0x20,0xe3,0x20,
    0xe3,0x20,0xe3,0x20,0xe3,0x20,0xe3,0x18,0xe3,0x18,0xe3,0x18,0xe3,0x18,0xe3,0x18,
    0xe3,0x18,0xe3,0x18,0xe3,0x18,0xe3,0x18,0xe3,0x20,0xe3,0x18,0xe3,0x18,0xe3,0x18,
    0xe3,0x18,0xe3,0x18,0xe3,0x18,0xe3,0x18,0xe3,0x18,0xe3,0x18,0xe3,0x18,0xe3,0x18,
    0xe3,0x18,0xc3,0x18,0xc3,0x18,0xc3,0x18,0xc3,0x18,0xc3,0x18,0xc3,0x18,0xc3,0x18,
    0xc3,0x18,0xc2,0x18,0x4d,0x73,0x5c,0xef,0x1b,0xe7,0x3c,0xef,0x7d,0xf7,0x58,0xd6,
    0x45,0x31,0x82,0x10,0xa2,0x18,0x03,0x21,0x45,0x31,0xc3,0x18,0xa2,0x18,0xa2,0x18,
    0xa2,0x18,0xa2,0x18,0xa2,0x18,0xa2,0x18,0xa2,0x18,0xa2,0x18,0xa2,0x10,0xa2,0x18,
    0xa2,0x18,0xa2,0x10,0xa2,0x10,0xa2,0x10,0x81,0x10,0x82,0x10,0x82,0x10,0x81,0x10,
    0x81,0x10,0x82,0x10,0x41,0x10,0x2c,0x73,0x9d,0xf7,0x3c,0xef,0x3c,0xef,0xbe,0xff,
    0xd3,0xa4,0xa2,0x20,0xa2,0x18,0x81,0x10,0x03,0x21,0x20,0x08,0x4d,0x73,0x3c,0xef,
    0xda,0xe6,0xfb,0xe6,0xfb,0xee,0x38,0xce,0xe3,0x20,0x61,0x10,0x61,0x10,0x61,0x08,
    0x45,0x29,0xa6,0x39,0xca,0x62,0x44,0x29,0x44,0x29,0x65,0x31,0x82,0x10,0xc2,0x18,
    0x24,0x29,0x08,0x42,0x6d,0x73,0x2c,0x6b,0x89,0x5a,0x45,0x29,0xc3,0x18,0x00,0x00,
    0x20,0x00,0x81,0x10,0x61,0x08,0x71,0x94,0xb6,0xbd,0xd3,0xa4,0x14,0xad,0xb6,0xbd,
    0x96,0xbd,0xc3,0x18,0x24,0x29,0x24,0x29,0x24,0x29,0x04,0x21,0x24,0x29,0x49,0x52,
    0x17,0xce,0xff,0xff,0x7d,0xef,0x7d,0xf7,0x9d,0xf7,0x34,0xad,0x4d,0x73,0xcb,0x62,
    0xaa,0x62,0xae,0x7b,0x9a,0xde,0x9d,0xff,0x7d,0xf7,0x7d,0xf7,0xde,0xff,0xda,0xde,
    0xaa,0x5a,0x82,0x10,0x04,0x21,0x45,0x29,0x44,0x29,0x44,0x29,0x44,0x29,0x44,0x29,
    0x45,0x29,0x04,0x21,0x65,0x31,0x49,0x4a,0x24,0x29,0x45,0x29,0x04,0x21,0x08,0x42,
    0x99,0xd6,0xbe,0xff,0xbe,0xf7,0xdf,0xff,0x71,0x94,0xa2,0x18,0x04,0x21,0x44,0x29,
    0x44,0x29,0x44,0x29,0x44,0x29,0x44,0x29,0x44,0x29,0x24,0x29,0x24,0x29,0x24,0x29,
    0x24,0x29,0x44,0x29,0x24,0x29,0x44,0x29,0x24,0x29,0x24,0x29,0x24,0x29,0x24,0x29,
    0x24,0x29,0x24,0x29,0x24,0x29,0x24,0x29,0x24,0x29,0x24,0x29,0x24,0x29,0x24,0x29,
    0x24,0x29,0x24,0x29,0x24,0x29,0x24,0x29,0x24,0x29,0x24,0x21,0x24,0x29,0x24,0x21,
    0x24,0x21,0x24,0x21,0x24,0x21,0x24,0x29,0x04,0x21,0x04,0x21,0x24,0x21,0x04,0x21,
    0x24,0x21,0x24,0x21,0x04,0x21,0x04,0x21,0x04,0x21,0x04,0x21,0x04,0x21,0xe3,0x20,
    0x45,0x29,0xc7,0x41,0x24,0x29,0x89,0x5a,0x69,0x52,0x00,0x00,0x41,0x08,0x81,0x10,
    0x81,0x10,0x00,0x00,0x4c,0x73,0x4c,0x7b,0x81,0x10,0x03,0x29,0xc3,0x20,0xa2,0x18,
    0xe3,0x20,0xe3,0x20,0xe3,0x20,0xe3,0x20,0xe3,0x20,0xe3,0x20,0xe3,0x20,0xe3,0x20,
    0xe3,0x20,0xe3,0x20,0xe3,0x18,0xe3,0x18,0xe3,0x18,0xe3,0x18,0xe3,0x18,0xe3,0x20,
    0xe3,0x20,0xe3,0x18,0xe3,0x18,0xe3,0x18,0xe3,0x18,0xe3,0x18,0xe3,0x18,0xe3,0x18,
    0xe3,0x18,0xe3,0x18,0xe3,0x18,0xe3,0x18,0xe3,0x18,0xe3,0x18,0xe3,0x18,0xe3,0x18,
    0xe3,0x18,0xc3,0x18,0xe3,0x18,0xe3,0x18,0xe3,0x18,0xe3,0x18,0xc3,0x18,0xc3,0x18,
    0xc3,0x18,0xc3,0x18,0xc3,0x18,0xc3,0x18,0xc3,0x18,0xc3,0x18,0xc3,0x18,0xc3,0x18,
    0xc3,0x18,0x82,0x10,0x85,0x31,0x58,0xce,0xbe,0xff,0x9d,0xf7,0xdf,0xff,0x71,0x94,
    0xa2,0x18,0xa2,0x18,0xa2,0x18,0x03,0x21,0x45,0x31,0xc3,0x18,0xa2,0x18,0xa2,0x18,
    0xa2,0x18,0xa2,0x18,0xa2,0x18,0xa2,0x18,0xa2,0x18,0xa2,0x18,0xa2,0x18,0xa2,0x18,
    0xa2,0x10,0xa2,0x10,0xa2,0x10,0xa2,0x10,0xa2,0x10,0x82,0x10,0x82,0x10,0x82,0x10,
    0xa2,0x10,0x61,0x10,0xa2,0x10,0xc3,0x20,0xd7,0xc5,0x9e,0xf7,0x5c,0xef,0x9e,0xf7,
    0xba,0xde,0x65,0x31,0xa2,0x18,0x61,0x10,0xe3,0x20,0x00,0x00,0x8d,0x7b,0x78,0xd6,
    0x54,0xb5,0x54,0xb5,0x75,0xbd,0xf7,0xcd,0xc3,0x20,0x61,0x08,0x81,0x10,0x61,0x08,
    0x45,0x29,0x86,0x39,0xca,0x62,0x44,0x31,0x44,0x29,0x65,0x31,0x82,0x10,0xc2,0x18,
    0x44,0x29,0x08,0x42,0x4c,0x73,0x0b,0x6b,0x89,0x5a,0x44,0x29,0xa2,0x18,0x00,0x00,
    0x20,0x00,0x81,0x10,0x20,0x08,0x71,0x94,0xaa,0x5a,0x20,0x08,0x81,0x10,0xa6,0x39,
    0xb6,0xbd,0xe3,0x20,0x24,0x29,0x24,0x29,0x24,0x29,0x24,0x29,0x03,0x21,0x24,0x29,
    0xca,0x62,0xb6,0xbd,0x9e,0xf7,0xbe,0xff,0x7d,0xf7,0xbe,0xff,0xde,0xff,0x9d,0xf7,
    0x9e,0xf7,0xdf,0xff,0x7d,0xf7,0x7d,0xf7,0x9d,0xf7,0x7d,0xf7,0xdf,0xff,0xd3,0xa4,
    0x45,0x31,0x81,0x10,0x44,0x29,0x44,0x29,0x44,0x29,0x44,0x29,0x44,0x29,0x44,0x29,
    0x45,0x29,0x24,0x21,0x45,0x31,0x28,0x4a,0x24,0x29,0x44,0x29,0x24,0x21,0xe3,0x20,
    0x89,0x5a,0x75,0xb5,0xf7,0xc5,0x51,0x94,0x65,0x31,0xc2,0x18,0x44,0x29,0x44,0x29,
    0x44,0x29,0x44,0x29,0x44,0x29,0x44,0x29,0x24,0x29,0x44,0x29,0x24,0x29,0x24,0x29,
    0x24,0x29,0x24,0x29,0x24,0x29,0x24,0x29,0x24,0x29,0x24,0x29,0x24,0x29,0x24,0x29,
    0x24,0x29,0x24,0x29,0x24,0x29,0x24,0x29,0x24,0x29,0x24,0x29,0x24,0x29,0x24,0x29,
    0x24,0x29,0x24,0x29,0x24,0x29,0x24,0x29,0x24,0x29,0x24,0x21,0x24,0x29,0x24,0x21,
    0x24,0x21,0x24,0x21,0x24,0x21,0x24,0x21,0x24,0x29,0x24,0x21,0x24,0x21,0x24,0x21,
    0x04,0x21,0x04,0x21,0x04,0x21,0x04,0x21,0x04,0x21,0x04,0x21,0x04,0x21,0x03,0x21,
    0xe3,0x20,0xa6,0x39,0x45,0x31,0xe3,0x20,0xeb,0x6a,0x07,0x42,0x82,0x10,0x61,0x10,
    0x61,0x10,0x0b,0x63,0xb6,0xc5,0x04,0x29,0x82,0x18,0x24,0x29,0xa2,0x18,0xc2,0x18,
    0xe3,0x20,0xe3,0x20,0xe3,0x20,0xe3,0x20,0xe3,0x18,0xe3,0x20,0xe3,0x18,0xe3,0x20,
    0xe3,0x20,0xe3,0x20,0xe3,0x18,0xe3,0x20,0xe3,0x20,0xe3,0x18,0xe3,0x18,0xe3,0x20,
    0xe3,0x18,0xe3,0x18,0xe3,0x18,0xe3,0x18,0xe3,0x18,0xe3,0x18,0xe3,0x18,0xe3,0x20,
    0xe3,0x18,0xe3,0x18,0xe3,0x18,0xe3,0x18,0xe3,0x18,0xe3,0x18,0xe3,0x18,0xe3,0x18,
    0xe3,0x18,0xe3,0x18,0xe3,0x18,0xe3,0x18,0xe3,0x18,0xe3,0x18,0xe3,0x18,0xc3,0x18,
    0xc3,0x18,0xc3,0x18,0xc3,0x18,0xc3,0x18,0xc3,0x18,0xc3,0x18,0xc3,0x18,0xc2,0x18,
    0xc3,0x18,0xa2,0x18,0x61,0x10,0x08,0x4a,0x13,0xa5,0x96,0xbd,0x30,0x8c,0x44,0x31,
    0x81,0x10,0xa2,0x18,0xa2,0x18,0xe3,0x20,0x45,0x31,0xc3,0x18,0xa2,0x18,0xa2,0x18,
    0xa2,0x18,0xa2,0x18,0xa2,0x18,0xa2,0x18,0xa2,0x18,0xa2,0x18,0xa2,0x10,0xa2,0x18,
    0xa2,0x18,0xa2,0x10,0xa2,0x10,0xa2,0x10,0xa2,0x10,0x82,0x10,0x82,0x10,0x82,0x10,
    0x82,0x10,0x61,0x10,0xc2,0x18,0xa2,0x18,0x30,0x8c,0xdf,0xff,0x5c,0xef,0x7d,0xf7,
    0x3c,0xef,0x07,0x4a,0xa2,0x18,0x61,0x08,0xe3,0x20,0x00,0x00,0x0f,0x8c,0xce,0x7b,
    0x00,0x00,0x20,0x08,0xa2,0x18,0x95,0xbd,0xe3,0x20,0x41,0x08,0x61,0x10,0x61,0x08,
    0x45,0x29,0x86,0x39,0xca,0x62,0x65,0x31,0x65,0x31,0x65,0x31,0x82,0x10,0xc2,0x18,
    0x08,0x4a,0x08,0x42,0x4c,0x73,0x2c,0x6b,0x89,0x5a,0x24,0x29,0xa3,0x18,0x00,0x00,
    0x20,0x00,0x61,0x10,0x20,0x08,0x71,0x94,0x0b,0x6b,0x61,0x10,0xc2,0x18,0xc6,0x39,
    0xb6,0xbd,0x04,0x21,0x04,0x21,0x24,0x21,0x24,0x29,0x24,0x21,0x24,0x29,0xe3,0x20,
    0x04,0x21,0x08,0x4a,0x0f,0x8c,0x58,0xd6,0x5c,0xef,0xbe,0xf7,0xde,0xff,0xdf,0xff,
    0xde,0xff,0x1b,0xe7,0x7d,0xf7,0x9d,0xf7,0x7d,0xf7,0xbe,0xff,0x38,0xce,0x69,0x5a,
    0x61,0x08,0x03,0x21,0x44,0x29,0x44,0x29,0x44,0x29,0x44,0x29,0x44,0x29,0x24,0x29,
    0x44,0x29,0x24,0x29,0x25,0x29,0x08,0x4a,0x04,0x21,0x24,0x29,0x24,0x29,0x24,0x21,
    0xe3,0x20,0x24,0x29,0x24,0x29,0xa2,0x18,0xc2,0x18,0x24,0x29,0x24,0x29,0x44,0x29,
    0x24,0x29,0x44,0x29,0x44,0x29,0x44,0x29,0x44,0x29,0x44,0x29,0x24,0x29,0x24,0x29,
    0x24,0x29,0x24,0x29,0x24,0x29,0x24,0x29,0x24,0x29,0x24,0x29,0x24,0x29,0x24,0x29,
    0x24,0x29,0x24,0x29,0x24,0x29,0x24,0x29,0x24,0x29,0x24,0x29,0x24,0x29,0x24,0x29,
    0x24,0x21,0x24,0x29,0x24,0x29,0x24,0x21,0x24,0x29,0x24,0x29,0x24,0x29,0x04,0x21,
    0x04,0x21,0x24,0x21,0x04,0x21,0x24,0x21,0x24,0x21,0x24,0x21,0x24,0x21,0x04,0x21,
    0x04,0x21,0x04,0x21,0x04,0x21,0x04,0x21,0x04,0x21,0x04,0x21,0x04,0x21,0x04,0x21,
    0xe3,0x20,0x24,0x29,0xa6,0x39,0xe3,0x20,0xe3,0x28,0xeb,0x6a,0xce,0x83,0xef,0x83,
    0xb2,0xa4,0x91,0x9c,0xc7,0x41,0x61,0x10,0xc3,0x20,0xc2,0x18,0x82,0x10,0xc3,0x18,
    0xc3,0x18,0xe3,0x20,0xe3,0x20,0xe3,0x20,0xe3,0x18,0xe3,0x18,0xe3,0x20,0xe3,0x18,
    0xe3,0x18,0xe3,0x18,0xe3,0x20,0xe3,0x18,0xe3,0x20,0xe3,0x18,0xe3,0x18,0xe3,0x18,
    0xe3,0x18,0xe3,0x18,0xe3,0x18,0xe3,0x18,0xe3,0x18,0xe3,0x18,0xe3,0x18,0xe3,0x18,
    0xe3,0x18,0xe3,0x18,0xe3,0x18,0xe3,0x18,0xe3,0x18,0xe3,0x18,0xe3,0x18,0xe3,0x18,
    0xe3,0x18,0xe3,0x18,0xc3,0x18,0xc3,0x18,0xc3,0x18,0xc3,0x18,0xc3,0x18,0xc3,0x18,
    0xc3,0x18,0xc3,0x18,0xc3,0x18,0xc3,0x18,0xc3,0x18,0xc3,0x18,0xc2,0x18,0xc3,0x18,
    0xc3,0x18,0xc2,0x18,0xa2,0x18,0x82,0x10,0xa2,0x18,0xa2,0x18,0x61,0x10,0x61,0x10,
    0xa2,0x18,0xc2,0x18,0xa2,0x18,0xe3,0x20,0x24,0x29,0xe3,0x20,0xa2,0x18,0xa2,0x18,
    0xa2,0x18,0xa2,0x18,0xa2,0x18,0xa2,0x18,0xa2,0x18,0xa2,0x18,0xa2,0x18,0xa2,0x18,
    0x81,0x10,0xc3,0x20,0xa2,0x18,0x82,0x10,0xa2,0x10,0x82,0x10,0x82,0x10,0x81,0x10,
    0x81,0x10,0x61,0x10,0xc3,0x20,0x04,0x29,0xcf,0x83,0xff,0xff,0x5c,0xef,0x5d,0xf7,
    0x3c,0xef,0x48,0x52,0x81,0x10,0x61,0x08,0xe3,0x20,0x00,0x00,0x30,0x94,0x8d,0x7b,
    0x00,0x00,0x41,0x08,0xc3,0x18,0x95,0xbd,0xe3,0x20,0x41,0x08,0x61,0x10,0x61,0x10,
    0x45,0x29,0x86,0x39,0xeb,0x62,0x45,0x31,0x65,0x31,0x65,0x31,0x81,0x10,0xe3,0x18,
    0xab,0x5a,0xcb,0x62,0x2c,0x6b,0x0b,0x6b,0x89,0x5a,0x24,0x29,0xc3,0x18,0x00,0x00,
    0x00,0x00,0x62,0x10,0x20,0x08,0x50,0x94,0x2c,0x6b,0x61,0x10,0xc3,0x18,0x86,0x39,
    0xb6,0xbd,0x24,0x29,0x04,0x21,0x04,0x21,0x24,0x29,0x24,0x29,0x24,0x29,0x24,0x29,
    0xe3,0x20,0xa2,0x18,0x24,0x29,0x08,0x4a,0x8e,0x7b,0xd3,0xa4,0x14,0xad,0x14,0xad,
    0x4c,0x73,0x14,0xad,0xde,0xff,0x7d,0xf7,0x9e,0xf7,0x1c,0xef,0x6d,0x7b,0xe3,0x20,
    0x81,0x10,0x44,0x29,0x24,0x29,0x44,0x29,0x24,0x29,0x24,0x29,0x24,0x29,0x24,0x29,
    0x44,0x29,0x24,0x29,0x04,0x29,0x08,0x4a,0x04,0x21,0x44,0x29,0x44,0x29,0x44,0x29,
    0x24,0x29,0x04,0x21,0xe3,0x20,0x04,0x21,0x44,0x29,0x44,0x29,0x24,0x29,0x24,0x29,
    0x24,0x29,0x44,0x29,0x24,0x29,0x24,0x29,0x24,0x29,0x24,0x29,0x24,0x29,0x24,0x29,
    0x24,0x29,0x24,0x29,0x24,0x29,0x24,0x29,0x24,0x29,0x24,0x29,0x24,0x29,0x24,0x29,
    0x24,0x29,0x24,0x29,0x24,0x29,0x24,0x29,0x24,0x29,0x24,0x29,0x24,0x29,0x24,0x29,
    0x24,0x21,0x24,0x21,0x24,0x29,0x24,0x21,0x24,0x21,0x24,0x21,0x04,0x21,0x04,0x21,
    0x04,0x21,0x04,0x21,0x04,0x21,0x24,0x21,0x04,0x21,0x04,0x21,0x04,0x21,0x04,0x21,
    0x04,0x21,0x04,0x21,0x04,0x21,0x04,0x21,0x04,0x21,0x04,0x21,0x04,0x21,0x03,0x21,
    0x04,0x21,0xc3,0x18,0x24,0x29,0x65,0x31,0xe3,0x20,0xc3,0x20,0x85,0x39,0x27,0x52,
    0xc6,0x41,0x61,0x10,0x41,0x10,0xc3,0x20,0xc2,0x18,0x61,0x08,0xa2,0x18,0xc2,0x18,
    0xe3,0x18,0xe3,0x20,0xe3,0x20,0xe3,0x20,0xe3,0x20,0xe3,0x18,0xe3,0x20,0xe3,0x20,
    0xe3,0x20,0xe3,0x20,0xe3,0x18,0xe3,0x18,0xe3,0x18,0xe3,0x18,0xe3,0x18,0xe3,0x18,
    0xe3,0x18,0xe3,0x18,0xe3,0x18,0xe3,0x18,0xe3,0x18,0xe3,0x18,0xe3,0x18,0xe3,0x18,
    0xe3,0x18,0xe3,0x18,0xe3,0x18,0xe3,0x18,0xe3,0x18,0xe3,0x18,0xe3,0x18,0xe3,0x18,
    0xe3,0x18,0xc3,0x18,0xc3,0x18,0xc3,0x18,0xc3,0x18,0xc3,0x18,0xc3,0x18,0xc3,0x18,
    0xc3,0x18,0xc3,0x18,0xc3,0x18,0xc3,0x18,0xc3,0x18,0xc3,0x18,0xc2,0x18,0xc3,0x18,
    0xc3,0x18,0xc3,0x18,0xc3,0x18,0xc3,0x18,0xa2,0x18,0xa2,0x10,0xa2,0x18,0xc2,0x18,
    0xc2,0x18,0xc2,0x18,0xa2,0x18,0xe3,0x20,0x24,0x29,0xc3,0x18,0xa2,0x18,0xa2,0x18,
    0xa2,0x18,0xa2,0x18,0xa2,0x18,0xa2,0x18,0xa2,0x18,0xa2,0x18,0x81,0x10,0x82,0x10,
    0xe7,0x41,0xa6,0x41,0xa2,0x18,0x81,0x10,0x82,0x10,0x82,0x10,0x82,0x10,0x81,0x10,
    0x81,0x10,0x41,0x08,0x24,0x29,0x44,0x31,0x30,0x8c,0xff,0xff,0x5c,0xef,0x7d,0xf7,
    0x1b,0xe7,0x28,0x4a,0x61,0x10,0x41,0x08,0xe3,0x20,0x20,0x08,0xb2,0x9c,0x4c,0x6b,
    0x00,0x00,0x41,0x08,0xe3,0x20,0x95,0xbd,0xc3,0x18,0x41,0x08,0x61,0x10,0x61,0x10,
    0x45,0x29,0xa6,0x39,0xeb,0x6a,0x44,0x29,0x65,0x31,0x24,0x29,0x82,0x10,0xc3,0x20,
    0xae,0x83,0xae,0x83,0x0b,0x6b,0x0b,0x6b,0xaa,0x5a,0x45,0x29,0xc3,0x18,0x20,0x00,
    0x00,0x00,0x62,0x10,0x20,0x00,0x0f,0x8c,0x6d,0x73,0x61,0x10,0xe3,0x20,0x45,0x31,
    0xb6,0xbd,0x65,0x31,0xe3,0x20,0x04,0x21,0x24,0x21,0x24,0x29,0x24,0x29,0x24,0x29,
    0x24,0x29,0x04,0x21,0xa2,0x18,0x82,0x10,0xc3,0x20,0xe3,0x20,0xe7,0x49,0xe7,0x49,
    0xeb,0x62,0xbe,0xf7,0x9d,0xf7,0x7d,0xf7,0xbe,0xff,0x51,0x94,0x65,0x31,0x41,0x08,
    0x04,0x21,0x24,0x29,0x24,0x29,0x24,0x29,0x24,0x29,0x24,0x29,0x24,0x29,0x24,0x29,
    0x44,0x29,0x24,0x29,0x04,0x21,0x08,0x42,0x24,0x29,0x44,0x29,0x24,0x29,0x24,0x29,
    0x44,0x29,0x44,0x29,0x44,0x29,0x44,0x29,0x24,0x29,0x24,0x29,0x44,0x29,0x44,0x29,
    0x24,0x29,0x24,0x29,0x24,0x29,0x24,0x29,0x24,0x29,0x24,0x29,0x24,0x29,0x24,0x29,
    0x24,0x29,0x24,0x29,0x24,0x29,0x24,0x29,0x24,0x29,0x24,0x29,0x24,0x29,0x24,0x29,
    0x24,0x29,0x24,0x29,0x24,0x29,0x24,0x29,0x24,0x29,0x24,0x29,0x24,0x29,0x24,0x21,
    0x24,0x21,0x24,0x29,0x24,0x21,0x24,0x21,0x24,0x21,0x04,0x21,0x04,0x21,0x04,0x21,
    0x04,0x21,0x24,0x21,0x24,0x21,0x04,0x21,0x04,0x21,0x04,0x21,0x04,0x21,0x04,0x21,
    0x04,0x21,0x04,0x21,0x04,0x21,0x04,0x21,0x04,0x21,0x04,0x21,0x03,0x21,0x03,0x21,
    0x03,0x21,0xe3,0x20,0xa2,0x18,0x03,0x21,0x65,0x31,0x24,0x29,0xe3,0x20,0xe3,0x20,
    0xc2,0x20,0xe3,0x20,0x03,0x29,0xc2,0x18,0x61,0x08,0xa2,0x10,0xc2,0x18,0xc3,0x18,
    0xc3,0x18,0xe3,0x18,0xe3,0x20,0xe3,0x20,0xe3,0x20,0xe3,0x20,0xe3,0x20,0xe3,0x20,
    0xe3,0x18,0xe3,0x18,0xe3,0x18,0xe3,0x18,0xe3,0x18,0xe3,0x18,0xe3,0x20,0xe3,0x18,
    0xe3,0x18,0xe3,0x18,0xe3,0x18,0xe3,0x18,0xe3,0x18,0xe3,0x20,0xe3,0x18,0xe3,0x18,
    0xe3,0x18,0xe3,0x18,0xe3,0x18,0xe3,0x18,0xe3,0x18,0xe3,0x18,0xe3,0x18,0xc3,0x18,
    0xe3,0x18,0xc3,0x18,0xc3,0x18,0xc3,0x18,0xc3,0x18,0xc3,0x18,0xc3,0x18,0xc3,0x18,
    0xc3,0x18,0xc3,0x18,0xc3,0x18,0xc3,0x18,0xc3,0x18,0xc3,0x18,0xc3,0x18,0xc2,0x18,
    0xc3,0x18,0xc3,0x18,0xc3,0x18,0xc2,0x18,0xc3,0x18,0xc2,0x18,0xc2,0x18,0xc2,0x18,
    0xc2,0x18,0xc2,0x18,0xa2,0x10,0x04,0x21,0x24,0x29,0xc3,0x18,0xa2,0x18,0xa2,0x18,
    0xa2,0x18,0xa2,0x18,0xa2,0x18,0xa2,0x18,0xa2,0x18,0x61,0x08,0x04,0x21,0x49,0x52,
    0x86,0x39,0x45,0x31,0xc3,0x20,0x82,0x10,0x61,0x10,0x82,0x10,0x82,0x10,0x82,0x10,
    0x81,0x10,0x20,0x08,0x28,0x4a,0x03,0x29,0xb6,0xbd,0xbe,0xff,0x5c,0xef,0x9d,0xf7,
    0x9a,0xd6,0xa6,0x39,0x61,0x10,0x41,0x08,0x03,0x21,0x41,0x08,0x13,0xad,0xeb,0x62,
    0x00,0x00,0x41,0x08,0x24,0x29,0x95,0xbd,0xa2,0x18,0x41,0x08,0x61,0x10,0x61,0x10,
    0x24,0x29,0xa6,0x39,0xeb,0x62,0x44,0x29,0x44,0x31,0x44,0x31,0x44,0x31,0x24,0x29,
    0x48,0x52,0x89,0x5a,0x0b,0x6b,0x2c,0x6b,0xaa,0x5a,0x45,0x31,0xc3,0x18,0x20,0x08,
    0x00,0x00,0x61,0x10,0x00,0x00,0xce,0x83,0xcf,0x83,0x61,0x10,0xe3,0x20,0x04,0x29,
    0x96,0xbd,0x86,0x39,0xc3,0x18,0x04,0x21,0x24,0x29,0x24,0x21,0x24,0x29,0x24,0x29,
    0x24,0x29,0x04,0x21,0x24,0x29,0x24,0x29,0xe3,0x20,0xe3,0x20,0x49,0x52,0x28,0x4a,
    0x5d,0xef,0xde,0xff,0x7d,0xf7,0xdf,0xff,0x95,0xbd,0xc7,0x41,0x20,0x08,0xc3,0x18,
    0x24,0x29,0x24,0x29,0x24,0x29,0x24,0x29,0x24,0x29,0x24,0x29,0x24,0x29,0x24,0x29,
    0x44,0x29,0x24,0x29,0xe4,0x20,0xe7,0x41,0x24,0x29,0x24,0x29,0x24,0x29,0x24,0x29,
    0x24,0x29,0x24,0x29,0x24,0x29,0x24,0x29,0x24,0x29,0x24,0x29,0x24,0x29,0x24,0x29,
    0x24,0x29,0x24,0x29,0x24,0x29,0x24,0x29,0x24,0x29,0x24,0x29,0x24,0x29,0x24,0x29,
    0x24,0x29,0x24,0x29,0x24,0x29,0x24,0x29,0x24,0x29,0x24,0x29,0x24,0x29,0x24,0x29,
    0x24,0x29,0x24,0x29,0x24,0x29,0x24,0x29,0x24,0x21,0x24,0x29,0x24,0x21,0x24,0x29,
    0x24,0x21,0x24,0x21,0x04,0x21,0x04,0x21,0x04,0x21,0x04,0x21,0x04,0x21,0x04,0x21,
    0x04,0x21,0x04,0x21,0x04,0x21,0x04,0x21,0x04,0x21,0x04,0x21,0x04,0x21,0x04,0x21,
    0x04,0x21,0x04,0x21,0x04,0x21,0x04,0x21,0x04,0x21,0x04,0x21,0x04,0x21,0x04,0x21,
    0x03,0x21,0xe3,0x20,0xe3,0x20,0xc2,0x18,0xa2,0x18,0xe3,0x20,0x03,0x21,0xe3,0x20,
    0xe3,0x20,0xe3,0x20,0x82,0x10,0x61,0x10,0xa2,0x10,0xc2,0x18,0xc2,0x18,0xc3,0x18,
    0xe3,0x18,0xe3,0x20,0xe3,0x18,0xe3,0x18,0xe3,0x18,0xe3,0x18,0xe3,0x18,0xe3,0x18,
    0xe3,0x18,0xe3,0x18,0xe3,0x18,0xe3,0x18,0xe3,0x18,0xe3,0x18,0xe3,0x18,0xe3,0x18,
    0xe3,0x18,0xe3,0x20,0xc3,0x18,0xe3,0x20,0xe3,0x18,0xe3,0x18,0xe3,0x18,0xe3,0x18,
    0xe3,0x18,0xe3,0x18,0xe3,0x18,0xe3,0x18,0xc3,0x18,0xe3,0x18,0xe3,0x18,0xc3,0x18,
    0xc3,0x18,0xc3,0x18,0xc3,0x18,0xc3,0x18,0xc3,0x18,0xc3,0x18,0xc3,0x18,0xc3,0x18,
    0xc3,0x18,0xc3,0x18,0xc3,0x18,0xc3,0x18,0xc3,0x18,0xc3,0x18,0xc2,0x18,0xc3,0x18,
    0xc3,0x18,0xc2,0x18,0xc3,0x18,0xc2,0x18,0xc2,0x18,0xc3,0x18,0xc3,0x18,0xc2,0x18,
    0xc2,0x18,0xc2,0x18,0xa2,0x18,0x24,0x29,0x45,0x29,0xe3,0x18,0xa2,0x18,0xa2,0x18,
    0xa2,0x18,0xa2,0x18,0xa2,0x18,0xa2,0x18,0x82,0x10,0xe7,0x41,0x8a,0x5a,0x86,0x39,
    0x13,0xa5,0xfb,0xe6,0xa6,0x39,0x61,0x10,0xa2,0x18,0x82,0x10,0x82,0x10,0x82,0x10,
    0x61,0x10,0xa6,0x39,0x65,0x39,0x69,0x52,0x7d,0xf7,0x5c,0xef,0x3c,0xef,0xbe,0xff,
    0x55,0xb5,0x24,0x29,0x61,0x08,0x61,0x08,0xe3,0x20,0x41,0x08,0x75,0xb5,0x8a,0x5a,
    0x00,0x00,0x41,0x08,0x86,0x31,0x95,0xbd,0x61,0x10,0x61,0x10,0x61,0x10,0x61,0x10,
    0x24,0x29,0xc6,0x41,0xca,0x62,0x24,0x29,0x65,0x31,0x03,0x29,0xc2,0x20,0xe3,0x20,
    0x00,0x00,0xe3,0x20,0x2c,0x73,0x0c,0x6b,0xaa,0x5a,0x45,0x31,0xc3,0x18,0x41,0x08,
    0x00,0x00,0x61,0x08,0x00,0x00,0x6d,0x73,0x30,0x94,0x61,0x10,0x03,0x21,0xc3,0x18,
    0x75,0xb5,0xe7,0x41,0xa2,0x18,0x24,0x21,0x24,0x29,0x24,0x29,0x24,0x29,0x24,0x29,
    0x24,0x21,0x04,0x21,0x04,0x21,0x24,0x29,0xe3,0x20,0xcb,0x62,0xa6,0x39,0x18,0xc6,
    0xff,0xff,0x7d,0xf7,0xdf,0xff,0xda,0xde,0xcb,0x62,0x82,0x10,0x82,0x10,0x24,0x29,
    0x24,0x29,0x24,0x29,0x24,0x29,0x24,0x29,0x24,0x29,0x24,0x29,0x24,0x29,0x24,0x29,
    0x24,0x29,0x24,0x29,0xe3,0x20,0xc7,0x41,0x24,0x29,0x24,0x21,0x24,0x29,0x24,0x29,
    0x44,0x29,0x24,0x29,0x24,0x29,0x24,0x29,0x24,0x29,0x24,0x29,0x24,0x29,0x24,0x29,
    0x24,0x29,0x24,0x29,0x24,0x29,0x24,0x29,0x24,0x29,0x24,0x29,0x24,0x29,0x24,0x29,
    0x24,0x29,0x24,0x29,0x24,0x29,0x24,0x29,0x24,0x29,0x24,0x29,0x24,0x29,0x24,0x29,
    0x24,0x29,0x24,0x29,0x24,0x21,0x24,0x21,0x24,0x21,0x24,0x21,0x24,0x21,0x24,0x21,
    0x04,0x21,0x04,0x21,0x04,0x21,0x04,0x29,0x04,0x21,0x04,0x21,0x04,0x21,0x04,0x21,
    0x04,0x21,0x04,0x21,0x04,0x21,0x04,0x21,0x04,0x21,0x04,0x21,0x04,0x21,0x04,0x21,
    0x04,0x21,0x04,0x21,0x04,0x21,0x04,0x21,0x04,0x21,0x03,0x21,0x04,0x21,0x03,0x21,
    0x03,0x21,0x03,0x21,0x03,0x21,0x03,0x21,0xe3,0x20,0xa2,0x18,0x82,0x10,0x82,0x10,
    0x82,0x10,0x82,0x10,0xa2,0x10,0xc3,0x18,0xc2,0x18,0xc3,0x18,0xc3,0x18,0xc3,0x18,
    0xe3,0x18,0xe3,0x18,0xe3,0x20,0xe3,0x18,0xe3,0x18,0xe3,0x18,0xe3,0x18,0xe3,0x18,
    0xe3,0x18,0xe3,0x18,0xe3,0x18,0xe3,0x18,0xe3,0x18,0xe3,0x18,0xe3,0x18,0xe3,0x18,
    0xe3,0x18,0xe3,0x18,0xc3,0x18,0xe3,0x18,0xc3,0x18,0xe3,0x18,0xe3,0x18,0xe3,0x18,
    0xe3,0x18,0xe3,0x18,0xe3,0x18,0xe3,0x18,0xc3,0x18,0xc3,0x18,0xc3,0x18,0xc3,0x18,
    0xc3,0x18,0xc3,0x18,0xc3,0x18,0xc3,0x18,0xc3,0x18,0xc3,0x18,0xc3,0x18,0xc3,0x18,
    0xc3,0x18,0xc3,0x18,0xc3,0x18,0xc3,0x18,0xc2,0x18,0xc3,0x18,0xc3,0x18,0xc3,0x18,
    0xc3,0x18,0xc3,0x18,0xc2,0x18,0xc3,0x18,0xc3,0x18,0xc3,0x18,0xc2,0x18,0xc2,0x18,
    0xc2,0x18,0xc2,0x18,0xa2,0x18,0x44,0x29,0x44,0x29,0xc3,0x18,0xa2,0x18,0xa2,0x18,
    0xa2,0x18,0xa2,0x18,0xa2,0x18,0xc2,0x18,0x82,0x10,0xe7,0x41,0xa6,0x39,0xda,0xde,
    0xdf,0xff,0x9d,0xf7,0x79,0xd6,0x07,0x4a,0x82,0x18,0xc3,0x20,0xc3,0x18,0xe3,0x20,
    0x65,0x31,0x04,0x29,0xc6,0x41,0xba,0xde,0x7d,0xf7,0x5c,0xef,0x7d,0xf7,0x7d,0xf7,
    0x2c,0x6b,0xa2,0x18,0x61,0x10,0x61,0x10,0xe3,0x20,0x41,0x08,0x95,0xbd,0x28,0x4a,
    0x20,0x08,0x21,0x08,0xc7,0x41,0x75,0xb5,0x41,0x08,0x61,0x10,0x61,0x10,0x82,0x10,
    0x44,0x29,0xe7,0x41,0xaa,0x62,0x04,0x29,0x65,0x31,0xe3,0x20,0x00,0x00,0x00,0x00,
    0x00,0x00,0x82,0x10,0x2c,0x73,0x0c,0x6b,0xaa,0x5a,0x65,0x31,0xe3,0x20,0x41,0x08,
    0x00,0x00,0x61,0x08,0x20,0x00,0x2c,0x6b,0xb2,0x9c,0x82,0x10,0x04,0x21,0x82,0x10,
    0x34,0xad,0x69,0x52,0x82,0x10,0x24,0x29,0x24,0x21,0x24,0x29,0x24,0x29,0x24,0x21,
    0x24,0x21,0x24,0x21,0x24,0x29,0xc3,0x18,0x8a,0x5a,0xc7,0x41,0x51,0x8c,0xff,0xff,
    0x7d,0xf7,0xbe,0xff,0x9e,0xf7,0x0f,0x8c,0x04,0x21,0x41,0x08,0x24,0x29,0x24,0x21,
    0x24,0x29,0x24,0x29,0x24,0x29,0x24,0x29,0x24,0x29,0x24,0x29,0x24,0x29,0x24,0x29,
    0x24,0x29,0x44,0x29,0xc3,0x20,0xc7,0x41,0x45,0x29,0x04,0x21,0x24,0x29,0x24,0x29,
    0x24,0x29,0x24,0x29,0x24,0x29,0x24,0x29,0x24,0x29,0x24,0x29,0x24,0x29,0x24,0x29,
    0x24,0x29,0x24,0x29,0x24,0x29,0x24,0x29,0x24,0x29,0x24,0x29,0x24,0x29,0x24,0x29,
    0x24,0x29,0x24,0x29,0x24,0x29,0x24,0x29,0x24,0x29,0x24,0x29,0x24,0x29,0x24,0x21,
    0x24,0x21,0x24,0x21,0x24,0x21,0x24,0x21,0x04,0x29,0x04,0x21,0x04,0x21,0x24,0x21,
    0x04,0x21,0x04,0x21,0x04,0x21,0x24,0x21,0x04,0x21,0x04,0x21,0x04,0x21,0x04,0x21,
    0x04,0x21,0x04,0x21,0x04,0x21,0x04,0x21,0x04,0x21,0x04,0x21,0x04,0x21,0x04,0x21,
    0x04,0x21,0x03,0x21,0x04,0x21,0x04,0x21,0x03,0x21,0x03,0x21,0x03,0x21,0x03,0x21,
    0x03,0x21,0x03,0x21,0x03,0x21,0xe3,0x20,0xe3,0x20,0xe3,0x20,0xe3,0x18,0xc3,0x18,
    0xc3,0x18,0xc3,0x18,0xc3,0x18,0xc3,0x18,0xc3,0x18,0xc3,0x18,0xc3,0x18,0xc3,0x18,
    0xe3,0x18,0xe3,0x18,0xe3,0x18,0xe3,0x18,0xe3,0x18,0xe3,0x18,0xe3,0x18,0xe3,0x18,
    0xe3,0x18,0xe3,0x18,0xe3,0x18,0xe3,0x18,0xe3,0x18,0xe3,0x18,0xe3,0x18,0xe3,0x18,
    0xe3,0x18,0xe3,0x18,0xe3,0x18,0xe3,0x18,0xe3,0x18,0xe3,0x18,0xe3,0x18,0xe3,0x18,
    0xe3,0x18,0xe3,0x18,0xc3,0x18,0xc3,0x18,0xc3,0x18,0xc3,0x18,0xc3,0x18,0xc3,0x18,
    0xc3,0x18,0xc3,0x18,0xc3,0x18,0xc3,0x18,0xc3,0x18,0xc3,0x18,0xc3,0x18,0xc3,0x18,
    0xc3,0x18,0xc3,0x18,0xc3,0x18,0xc3,0x18,0xc2,0x18,0xc2,0x18,0xc3,0x18,0xc3,0x18,
    0xc2,0x18,0xc3,0x18,0xc2,0x18,0xc2,0x18,0xc2,0x18,0xc2,0x18,0xc2,0x18,0xc2,0x18,
    0xc2,0x18,0xa2,0x18,0xa2,0x18,0x44,0x31,0x24,0x29,0xc3,0x18,0xa2,0x18,0xa2,0x18,
    0xa2,0x18,0xa2,0x18,0xa2,0x18,0xa2,0x18,0xa2,0x10,0x61,0x10,0x03,0x29,0x91,0x9c,
    0xdf,0xff,0x3c,0xef,0x9e,0xf7,0x3c,0xef,0x30,0x94,0x08,0x4a,0x65,0x31,0x86,0x39,
    0x07,0x4a,0x8d,0x7b,0xba,0xde,0x7d,0xf7,0x3c,0xef,0x5c,0xef,0xbe,0xff,0x92,0x9c,
    0x45,0x31,0x41,0x10,0x61,0x10,0x61,0x10,0xe3,0x18,0x61,0x10,0xb6,0xbd,0x86,0x39,
    0x41,0x08,0x20,0x08,0x49,0x52,0x34,0xb5,0x20,0x08,0x82,0x10,0x61,0x10,0xa2,0x18,
    0x65,0x31,0x49,0x52,0xca,0x62,0x03,0x21,0x65,0x31,0x04,0x21,0x00,0x00,0x00,0x00,
    0x41,0x08,0x61,0x08,0x0b,0x6b,0x0b,0x6b,0xaa,0x62,0x85,0x39,0xe3,0x20,0x61,0x10,
    0x00,0x00,0x41,0x08,0x20,0x00,0xca,0x5a,0x14,0xad,0x00,0x00,0x82,0x10,0x00,0x00,
    0xb2,0x9c,0xeb,0x62,0x61,0x10,0x24,0x29,0x04,0x21,0x24,0x21,0x24,0x29,0x24,0x29,
    0x24,0x21,0x24,0x29,0xc3,0x18,0x08,0x42,0x49,0x52,0xcb,0x62,0xbe,0xff,0x5d,0xef,
    0x7d,0xf7,0xdf,0xff,0x34,0xad,0xa6,0x39,0x20,0x08,0x03,0x21,0x24,0x29,0x24,0x29,
    0x24,0x29,0x24,0x29,0x24,0x29,0x24,0x29,0x24,0x29,0x24,0x29,0x24,0x29,0x24,0x29,
    0x24,0x29,0x44,0x29,0xc3,0x18,0xa6,0x39,0x65,0x31,0xe3,0x20,0x24,0x29,0x24,0x29,
    0x24,0x29,0x24,0x29,0x24,0x29,0x24,0x29,0x24,0x29,0x24,0x29,0x24,0x29,0x24,0x29,
    0x24,0x29,0x24,0x29,0x24,0x29,0x24,0x29,0x24,0x29,0x24,0x29,0x24,0x21,0x24,0x29,
    0x24,0x29,0x24,0x29,0x24,0x29,0x24,0x29,0x24,0x29,0x24,0x29,0x24,0x29,0x24,0x29,
    0x24,0x21,0x24,0x29,0x04,0x29,0x24,0x29,0x24,0x21,0x04,0x21,0x04,0x21,0x04,0x21,
    0x04,0x21,0x04,0x21,0x04,0x21,0x04,0x21,0x04,0x21,0x04,0x21,0x04,0x21,0x04,0x21,
    0x04,0x21,0x04,0x21,0x04,0x21,0x04,0x21,0x04,0x21,0x04,0x21,0x04,0x21,0x03,0x21,
    0x04,0x21,0x03,0x21,0x03,0x21,0x03,0x21,0x03,0x21,0x03,0x21,0x03,0x21,0x03,0x21,
    0x03,0x21,0x03,0x21,0x03,0x21,0xe3,0x20,0xe3,0x20,0xe3,0x20,0xe3,0x18,0xc3,0x18,
    0xe3,0x18,0xc3,0x18,0xc3,0x18,0xc3,0x18,0xc3,0x18,0xc3,0x18,0xe3,0x18,0xe3,0x18,
    0xe3,0x18,0xe3,0x18,0xe3,0x18,0xe3,0x18,0xe3,0x18,0xe3,0x18,0xe3,0x18,0xe3,0x18,
    0xe3,0x18,0xe3,0x18,0xe3,0x18,0xe3,0x18,0xc3,0x18,0xe3,0x18,0xe3,0x18,0xe3,0x18,
    0xe3,0x18,0xe3,0x18,0xe3,0x18,0xe3,0x18,0xe3,0x18,0xe3,0x18,0xe3,0x18,0xe3,0x18,
    0xe3,0x18,0xe3,0x18,0xc3,0x18,0xc3,0x18,0xc3,0x18,0xc3,0x18,0xc3,0x18,0xc3,0x18,
    0xc3,0x18,0xc3,0x18,0xc3,0x18,0xc3,0x18,0xc3,0x18,0xc3,0x18,0xc3,0x18,0xc3,0x18,
    0xc3,0x18,0xc3,0x18,0xc2,0x18,0xc2,0x18,0xc2,0x18,0xc2,0x18,0xc2,0x18,0xc3,0x18,
    0xc3,0x18,0xc2,0x18,0xc2,0x18,0xc3,0x18,0xc3,0x18,0xc3,0x18,0xc2,0x18,0xc2,0x18,
    0xc2,0x18,0xa2,0x18,0xa2,0x18,0x45,0x31,0x45,0x29,0xc2,0x18,0xa2,0x18,0xa2,0x18,
    0xa2,0x18,0xa2,0x18,0xa2,0x18,0xa2,0x18,0xa2,0x18,0x81,0x10,0x61,0x10,0xc2,0x20,
    0x50,0x94,0xde,0xff,0x7d,0xf7,0x5d,0xef,0xbe,0xff,0x3c,0xef,0x99,0xd6,0x79,0xd6,
    0x1b,0xe7,0x9e,0xff,0x5c,0xef,0x3c,0xef,0x7d,0xf7,0x9d,0xf7,0x92,0x9c,0x45,0x31,
    0x61,0x10,0x41,0x08,0x82,0x10,0x82,0x10,0xc3,0x18,0xc3,0x18,0xb6,0xc5,0xe3,0x20,
    0x00,0x00,0x00,0x00,0xaa,0x5a,0x13,0xad,0x00,0x00,0x82,0x10,0x61,0x10,0xc3,0x20,
    0x86,0x39,0xaa,0x62,0xaa,0x5a,0x03,0x21,0x65,0x31,0xe3,0x20,0x00,0x00,0x00,0x00,
    0x61,0x08,0x20,0x08,0xeb,0x62,0x0b,0x6b,0xaa,0x62,0xa6,0x39,0x04,0x21,0x81,0x10,
    0x00,0x00,0x41,0x08,0x41,0x08,0x07,0x42,0xf7,0xc5,0x30,0x8c,0x13,0xad,0x75,0xb5,
    0x9a,0xde,0x2c,0x6b,0x61,0x10,0x24,0x29,0x04,0x21,0x24,0x21,0x24,0x29,0x24,0x29,
    0x24,0x29,0xe3,0x20,0x45,0x31,0xcb,0x62,0x48,0x4a,0x9d,0xf7,0xde,0xff,0xbe,0xff,
    0xff,0xff,0xf7,0xc5,0x69,0x5a,0x61,0x08,0xc3,0x18,0x24,0x29,0x24,0x29,0x24,0x29,
    0x24,0x29,0x24,0x29,0x24,0x29,0x24,0x29,0x24,0x29,0x24,0x29,0x24,0x29,0x24,0x29,
    0x24,0x29,0x44,0x29,0xe3,0x18,0x66,0x31,0xa6,0x39,0xe3,0x20,0x24,0x29,0x24,0x29,
    0x24,0x29,0x24,0x29,0x24,0x29,0x24,0x29,0x24,0x29,0x24,0x29,0x24,0x29,0x24,0x29,
    0x24,0x29,0x24,0x29,0x24,0x29,0x24,0x29,0x24,0x29,0x24,0x29,0x24,0x29,0x24,0x29,
    0x24,0x29,0x24,0x29,0x24,0x29,0x24,0x29,0x24,0x29,0x24,0x29,0x24,0x29,0x24,0x21,
    0x24,0x21,0x24,0x21,0x24,0x21,0x04,0x21,0x04,0x21,0x04,0x21,0x04,0x21,0x04,0x21,
    0x24,0x21,0x04,0x21,0x04,0x21,0x04,0x21,0x04,0x21,0x04,0x21,0x04,0x21,0x04,0x21,
    0x04,0x21,0x04,0x21,0x04,0x21,0x04,0x21,0x04,0x21,0x04,0x21,0x04,0x21,0x04,0x21,
    0x04,0x21,0x03,0x21,0x03,0x21,0x03,0x21,0x03,0x21,0x03,0x21,0x03,0x21,0x03,0x21,
    0x03,0x21,0x03,0x21,0x03,0x21,0xe3,0x20,0xe3,0x20,0xe3,0x20,0xe3,0x18,0xe3,0x18,
    0xc3,0x18,0xc3,0x18,0xe3,0x18,0xc3,0x18,0xc3,0x18,0xc3,0x18,0xe3,0x18,0xe3,0x18,
    0xe3,0x18,0xe3,0x18,0xe3,0x18,0xe3,0x18,0xe3,0x18,0xe3,0x18,0xe3,0x18,0xe3,0x18,
    0xe3,0x18,0xe3,0x18,0xe3,0x18,0xe3,0x18,0xe3,0x18,0xe3,0x18,0xe3,0x18,0xc3,0x18,
    0xc3,0x18,0xe3,0x18,0xc3,0x18,0xe3,0x18,0xc3,0x18,0xe3,0x18,0xe3,0x18,0xe3,0x18,
    0xe3,0x18,0xc3,0x18,0xc3,0x18,0xc3,0x18,0xc3,0x18,0xc3,0x18,0xc3,0x18,0xc3,0x18,
    0xc3,0x18,0xc3,0x18,0xc3,0x18,0xc3,0x18,0xc3,0x18,0xc3,0x18,0xc3,0x18,0xc3,0x18,
    0xc3,0x18,0xc3,0x18,0xc3,0x18,0xc3,0x18,0xc3,0x18,0xc3,0x18,0xc2,0x18,0xc2,0x18,
    0xc2,0x18,0xc2,0x18,0xc3,0x18,0xc2,0x18,0xc2,0x18,0xc2,0x18,0xc2,0x18,0xc2,0x18,
    0xc2,0x18,0xa2,0x10,0xc3,0x20,0x45,0x31,0x45,0x29,0xa2,0x18,0xa2,0x18,0xa2,0x18,
    0xa2,0x18,0xa2,0x18,0xa2,0x18,0xa2,0x18,0xa2,0x10,0xa2,0x18,0x81,0x10,0x82,0x10,
    0x82,0x18,0x6d,0x7b,0x1b,0xef,0xbe,0xff,0x7d,0xf7,0x7d,0xf7,0x7d,0xf7,0x7d,0xf7,
    0x7d,0xf7,0x7d,0xf7,0xbe,0xff,0xbe,0xff,0xda,0xde,0xae,0x83,0x04,0x29,0x41,0x10,
    0x20,0x08,0x81,0x10,0x61,0x10,0xa2,0x18,0xa2,0x18,0x24,0x29,0x79,0xde,0x17,0xce,
    0x54,0xb5,0x30,0x8c,0x75,0xb5,0x51,0x94,0x00,0x00,0xa2,0x10,0x61,0x10,0x03,0x21,
    0x86,0x39,0xeb,0x62,0x69,0x5a,0x03,0x21,0x65,0x31,0xc3,0x18,0x00,0x00,0x00,0x00,
    0x82,0x10,0x00,0x00,0x8a,0x5a,0x2c,0x73,0xcb,0x62,0xc7,0x41,0x24,0x29,0xa2,0x18,
    0x00,0x00,0x41,0x08,0x61,0x08,0x65,0x31,0x58,0xd6,0x75,0xb5,0xb2,0x9c,0x8e,0x7b,
    0x34,0xb5,0x10,0x8c,0x41,0x08,0x24,0x29,0x04,0x21,0x24,0x21,0x24,0x21,0x24,0x29,
    0x24,0x29,0x24,0x29,0x0c,0x6b,0xe7,0x41,0x30,0x94,0xd6,0xc5,0x75,0xbd,0x95,0xbd,
    0xb6,0xbd,0x4d,0x73,0xa2,0x18,0xa2,0x18,0x24,0x29,0x24,0x29,0x24,0x21,0x24,0x29,
    0x24,0x29,0x24,0x29,0x24,0x29,0x24,0x21,0x24,0x29,0x24,0x29,0x24,0x21,0x24,0x21,
    0x24,0x21,0x24,0x29,0xe3,0x20,0x45,0x29,0xc7,0x41,0xc3,0x18,0x24,0x29,0x24,0x29,
    0x24,0x29,0x24,0x29,0x24,0x29,0x24,0x29,0x24,0x29,0x24,0x29,0x24,0x29,0x24,0x29,
    0x24,0x21,0x24,0x29,0x24,0x29,0x24,0x29,0x24,0x29,0x24,0x29,0x24,0x29,0x24,0x29,
    0x24,0x29,0x24,0x21,0x24,0x29,0x24,0x29,0x04,0x29,0x24,0x29,0x24,0x21,0x04,0x21,
    0x04,0x21,0x04,0x21,0x04,0x21,0x04,0x21,0x04,0x21,0x04,0x21,0x04,0x21,0x04,0x21,
    0x04,0x21,0x04,0x21,0x04,0x21,0x04,0x21,0x04,0x21,0x04,0x21,0x04,0x21,0x03,0x21,
    0x04,0x21,0x04,0x21,0x04,0x21,0x04,0x21,0x04,0x21,0x04,0x21,0x04,0x21,0x03,0x21,
    0x03,0x21,0x03,0x21,0x03,0x21,0x03,0x21,0x03,0x21,0x03,0x21,0x03,0x21,0x03,0x21,
    0x03,0x21,0xe3,0x20,0xe3,0x20,0xe3,0x20,0xe3,0x20,0xe3,0x20,0xe3,0x20,0xe3,0x20,
    0xe3,0x18,0xe3,0x18,0xe3,0x20,0xc3,0x18,0xe3,0x18,0xe3,0x18,0xe3,0x18,0xe3,0x18,
    0xe3,0x18,0xe3,0x18,0xe3,0x18,0xe3,0x18,0xe3,0x18,0xe3,0x18,0xe3,0x18,0xe3,0x18,
    0xe3,0x18,0xe3,0x18,0xe3,0x18,0xe3,0x18,0xe3,0x18,0xe3,0x18,0xe3,0x18,0xe3,0x18,
    0xe3,0x18,0xe3,0x18,0xe3,0x18,0xc3,0x18,0xe3,0x18,0xe3,0x18,0xc3,0x18,0xc3,0x18,
    0xe3,0x18,0xc3,0x18,0xc3,0x18,0xc3,0x18,0xc3,0x18,0xc3,0x18,0xc3,0x18,0xc3,0x18,
    0xc3,0x18,0xc3,0x18,0xc3,0x18,0xc3,0x18,0xc3,0x18,0xc3,0x18,0xc3,0x18,0xc3,0x18,
    0xc3,0x18,0xc3,0x18,0xc3,0x18,0xc3,0x18,0xc2,0x18,0xc3,0x18,0xc3,0x18,0xc3,0x18,
    0xc3,0x18,0xc2,0x18,0xc3,0x18,0xc2,0x18,0xc2,0x18,0xc2,0x18,0xc2,0x18,0xc2,0x18,
    0xc2,0x18,0xa2,0x10,0xe3,0x20,0x45,0x31,0x24,0x29,0xa2,0x18,0xc2,0x18,0xa2,0x18,
    0xa2,0x18,0xa2,0x18,0xa2,0x18,0xa2,0x10,0xa2,0x18,0xa2,0x10,0xa2,0x18,0x81,0x10,
    0x62,0x10,0x41,0x10,0x65,0x31,0xef,0x8b,0x17,0xce,0xdb,0xe6,0x5c,0xef,0x7d,0xf7,
    0x7d,0xf7,0xfb,0xe6,0x38,0xce,0x51,0x94,0xe7,0x49,0xa2,0x20,0x41,0x08,0x20,0x08,
    0x61,0x10,0x81,0x10,0x61,0x10,0xc2,0x18,0x82,0x18,0xe7,0x41,0xd6,0xc5,0x4c,0x73,
    0x91,0x9c,0x75,0xbd,0x1b,0xef,0x8d,0x7b,0x00,0x00,0xa2,0x10,0x61,0x08,0x24,0x29,
    0x86,0x39,0x2c,0x73,0x28,0x52,0x03,0x29,0x65,0x31,0xc3,0x18,0x00,0x00,0x00,0x00,
    0xa2,0x18,0x00,0x00,0x48,0x52,0x2c,0x73,0xeb,0x62,0xe7,0x49,0x44,0x29,0xa2,0x18,
    0x00,0x00,0x41,0x08,0x61,0x10,0xe3,0x20,0x95,0xbd,0xe3,0x20,0x00,0x00,0x00,0x00,
    0xeb,0x62,0xf3,0xa4,0x41,0x08,0x24,0x29,0x03,0x21,0x24,0x21,0x04,0x21,0x24,0x21,
    0x04,0x21,0x45,0x31,0xa6,0x39,0x65,0x31,0x65,0x31,0x45,0x31,0x65,0x31,0x65,0x31,
    0x86,0x39,0xe3,0x20,0x61,0x10,0x24,0x29,0x24,0x29,0x24,0x21,0x24,0x21,0x24,0x21,
    0x24,0x29,0x24,0x21,0x24,0x21,0x24,0x29,0x24,0x21,0x24,0x21,0x24,0x29,0x24,0x29,
    0x24,0x29,0x24,0x29,0x03,0x21,0x04,0x21,0x08,0x4a,0xe3,0x20,0x24,0x29,0x24,0x21,
    0x24,0x29,0x24,0x29,0x24,0x29,0x24,0x29,0x24,0x29,0x24,0x29,0x24,0x29,0x24,0x29,
    0x24,0x29,0x24,0x29,0x24,0x29,0x24,0x29,0x24,0x29,0x24,0x21,0x24,0x21,0x24,0x21,
    0x24,0x21,0x24,0x29,0x24,0x29,0x24,0x29,0x04,0x21,0x04,0x21,0x04,0x21,0x04,0x21,
    0x04,0x21,0x04,0x21,0x04,0x21,0x04,0x21,0x04,0x21,0x04,0x21,0x04,0x21,0x04,0x21,
    0x04,0x21,0x04,0x21,0x04,0x21,0x04,0x21,0x04,0x21,0x04,0x21,0x04,0x21,0x04,0x21,
    0x04,0x21,0x04,0x21,0x03,0x21,0x04,0x21,0x03,0x21,0x03,0x21,0x03,0x21,0x03,0x21,
    0x03,0x21,0x03,0x21,0x03,0x21,0x03,0x21,0x03,0x21,0x03,0x21,0x03,0x21,0x03,0x21,
    0xe3,0x20,0xe3,0x20,0xe3,0x20,0xe3,0x20,0xe3,0x20,0xe3,0x20,0xe3,0x20,0xe3,0x18,
    0xe3,0x18,0xe3,0x18,0xc3,0x18,0xc3,0x18,0xe3,0x18,0xe3,0x18,0xe3,0x18,0xe3,0x18,
    0xe3,0x18,0xe3,0x18,0xe3,0x18,0xe3,0x18,0xe3,0x18,0xe3,0x18,0xe3,0x18,0xe3,0x18,
    0xe3,0x18,0xe3,0x18,0xe3,0x18,0xe3,0x18,0xe3,0x18,0xe3,0x18,0xc3,0x18,0xc3,0x18,
    0xe3,0x18,0xe3,0x18,0xe3,0x18,0xe3,0x18,0xe3,0x18,0xc3,0x18,0xc3,0x18,0xe3,0x18,
    0xc3,0x18,0xc3,0x18,0xc3,0x18,0xc3,0x18,0xc3,0x18,0xc3,0x18,0xc3,0x18,0xc3,0x18,
    0xc3,0x18,0xc3,0x18,0xc3,0x18,0xc3,0x18,0xc3,0x18,0xc3,0x18,0xc3,0x18,0xc3,0x18,
    0xc3,0x18,0xc3,0x18,0xc3,0x18,0xc2,0x18,0xc2,0x18,0xc3,0x18,0xc3,0x18,0xc3,0x18,
    0xc2,0x18,0xc2,0x18,0xc2,0x18,0xc2,0x18,0xc2,0x18,0xc2,0x18,0xc2,0x18,0xa2,0x18,
    0xc2,0x18,0x82,0x10,0x04,0x29,0x45,0x31,0x04,0x21,0xa2,0x10,0xa2,0x18,0xa2,0x18,
    0xa2,0x18,0xa2,0x18,0xa2,0x18,0xa2,0x10,0xa2,0x18,0xa2,0x10,0xa2,0x10,0xa2,0x10,
    0x82,0x10,0x61,0x10,0x41,0x08,0x20,0x08,0xc2,0x20,0x85,0x39,0x28,0x52,0x89,0x5a,
    0x49,0x52,0xc6,0x41,0x24,0x31,0xa2,0x18,0x61,0x10,0x41,0x08,0x41,0x08,0x81,0x10,
    0x81,0x10,0x81,0x10,0x61,0x10,0xc3,0x18,0x61,0x10,0xaa,0x5a,0x13,0xad,0x00,0x00,
    0x00,0x00,0x00,0x00,0xd2,0x9c,0x2c,0x6b,0x00,0x00,0x82,0x10,0x41,0x08,0x45,0x29,
    0xa6,0x39,0xae,0x83,0xe7,0x41,0x24,0x29,0x86,0x39,0xa2,0x18,0x00,0x00,0x00,0x00,
    0xa2,0x18,0x00,0x00,0x08,0x4a,0x2c,0x73,0xeb,0x6a,0x08,0x4a,0x24,0x29,0xc2,0x18,
    0x00,0x00,0x41,0x08,0x82,0x10,0x61,0x10,0x34,0xb5,0x08,0x42,0x82,0x10,0x82,0x10,
    0x89,0x52,0x75,0xb5,0x62,0x10,0x04,0x21,0x04,0x21,0x24,0x21,0x24,0x29,0x24,0x21,
    0x24,0x21,0x04,0x21,0xa2,0x18,0xa2,0x18,0xa2,0x18,0xa2,0x18,0xa2,0x18,0xa2,0x18,
    0xa2,0x10,0xc2,0x18,0x04,0x21,0x24,0x21,0x24,0x21,0x24,0x29,0x24,0x29,0x24,0x29,
    0x24,0x29,0x24,0x29,0x24,0x29,0x24,0x29,0x24,0x29,0x24,0x29,0x24,0x29,0x24,0x21,
    0x24,0x21,0x24,0x21,0x04,0x21,0xe3,0x20,0x08,0x4a,0x03,0x21,0x24,0x29,0x24,0x29,
    0x24,0x29,0x24,0x29,0x24,0x29,0x24,0x29,0x24,0x29,0x24,0x29,0x24,0x21,0x24,0x29,
    0x24,0x29,0x24,0x29,0x24,0x21,0x24,0x21,0x24,0x21,0x24,0x21,0x24,0x21,0x24,0x21,
    0x24,0x29,0x24,0x29,0x24,0x29,0x24,0x21,0x24,0x21,0x24,0x21,0x04,0x21,0x04,0x21,
    0x04,0x21,0x04,0x21,0x04,0x21,0x04,0x21,0x04,0x21,0x04,0x21,0x04,0x21,0x04,0x21,
    0x04,0x21,0x04,0x21,0x04,0x21,0x04,0x21,0x04,0x21,0x04,0x21,0x04,0x21,0x04,0x21,
    0x04,0x21,0x04,0x21,0x03,0x21,0x03,0x21,0x03,0x21,0x03,0x21,0x03,0x21,0x03,0x21,
    0x03,0x21,0x03,0x21,0x03,0x21,0x03,0x21,0x03,0x21,0xe3,0x20,0xe3,0x20,0xe3,0x20,
    0xe3,0x20,0xe3,0x20,0xe3,0x20,0xe3,0x20,0xe3,0x20,0xe3,0x20,0xe3,0x20,0xe3,0x20,
    0xe3,0x20,0xe3,0x20,0xe3,0x20,0xe3,0x18,0xe3,0x18,0xe3,0x18,0xe3,0x18,0xe3,0x18,
    0xe3,0x18,0xe3,0x18,0xe3,0x18,0xe3,0x18,0xe3,0x18,0xe3,0x18,0xe3,0x18,0xe3,0x18,
    0xe3,0x18,0xe3,0x18,0xe3,0x18,0xe3,0x18,0xe3,0x18,0xe3,0x18,0xe3,0x18,0xe3,0x18,
    0xe3,0x18,0xe3,0x18,0xe3,0x18,0xe3,0x18,0xe3,0x18,0xc3,0x18,0xc3,0x18,0xe3,0x18,
    0xc3,0x18,0xc3,0x18,0xc3,0x18,0xc3,0x18,0xc3,0x18,0xc3,0x18,0xc3,0x18,0xc3,0x18,
    0xc3,0x18,0xc3,0x18,0xc3,0x18,0xc3,0x18,0xc3,0x18,0xc3,0x18,0xc2,0x18,0xc2,0x18,
    0xc3,0x18,0xc3,0x18,0xc3,0x18,0xc2,0x18,0xc2,0x18,0xc3,0x18,0xc3,0x18,0xc2,0x18,
    0xc2,0x18,0xc2,0x18,0xc2,0x18,0xc2,0x18,0xc2,0x18,0xc2,0x18,0xa2,0x18,0xa2,0x18,
    0xc2,0x18,0x82,0x10,0x24,0x29,0x45,0x31,0xe3,0x20,0xa2,0x10,0xa2,0x18,0xa2,0x18,
    0xa2,0x18,0xa2,0x18,0xa2,0x18,0xa2,0x18,0xa2,0x10,0xa2,0x10,0xa2,0x10,0xa2,0x10,
    0xa2,0x10,0xa2,0x18,0x82,0x10,0x61,0x10,0x41,0x08,0x41,0x08,0x41,0x08,0x41,0x08,
    0x41,0x08,0x61,0x10,0x41,0x08,0x41,0x08,0x61,0x08,0x82,0x10,0x82,0x10,0x82,0x10,
    0x81,0x10,0x82,0x10,0x61,0x10,0xe3,0x20,0x41,0x08,0x4d,0x73,0xb2,0x9c,0x00,0x00,
    0x82,0x10,0x00,0x00,0x34,0xb5,0x48,0x4a,0x00,0x00,0x82,0x10,0x61,0x10,0x65,0x31,
    0xc6,0x41,0xef,0x8b,0xa6,0x39,0x24,0x29,0x85,0x31,0x82,0x10,0x00,0x00,0x00,0x00,
    0xc3,0x18,0x00,0x00,0xa6,0x39,0x4c,0x73,0xeb,0x6a,0x49,0x52,0x24,0x29,0xa2,0x18,
    0x20,0x00,0x20,0x08,0x82,0x10,0x00,0x00,0xb2,0xa4,0xaa,0x5a,0x41,0x08,0xa2,0x18,
    0xc7,0x41,0xf7,0xc5,0xc3,0x18,0xe3,0x20,0x04,0x21,0x04,0x21,0x24,0x21,0x24,0x21,
    0x24,0x21,0x24,0x29,0x24,0x29,0x24,0x29,0x24,0x29,0x24,0x29,0x24,0x21,0x24,0x29,
    0x24,0x29,0x24,0x29,0x04,0x21,0x24,0x21,0x24,0x21,0x24,0x29,0x24,0x29,0x24,0x29,
    0x24,0x21,0x24,0x21,0x24,0x21,0x24,0x21,0x24,0x21,0x24,0x21,0x24,0x21,0x24,0x21,
    0x24,0x21,0x24,0x21,0x24,0x21,0xc3,0x18,0xe7,0x41,0x24,0x29,0x03,0x21,0x24,0x29,
    0x24,0x29,0x24,0x29,0x24,0x29,0x24,0x21,0x24,0x21,0x24,0x21,0x24,0x21,0x04,0x21,
    0x24,0x21,0x24,0x21,0x24,0x21,0x24,0x21,0x24,0x21,0x04,0x29,0x24,0x29,0x24,0x21,
    0x24,0x21,0x24,0x21,0x04,0x21,0x04,0x21,0x04,0x21,0x04,0x21,0x04,0x21,0x04,0x21,
    0x04,0x21,0x04,0x21,0x04,0x21,0x04,0x21,0x04,0x21,0x04,0x21,0x04,0x21,0x04,0x21,
    0x04,0x21,0x04,0x21,0x04,0x21,0x03,0x21,0x04,0x21,0x04,0x21,0x04,0x21,0x03,0x21,
    0x03,0x21,0x04,0x21,0x03,0x21,0x03,0x21,0x03,0x21,0x03,0x21,0x03,0x21,0x03,0x21,
    0xe3,0x20,0x03,0x21,0x03,0x21,0xe3,0x20,0xe3,0x20,0xe3,0x20,0xe3,0x20,0xe3,0x20,
    0xe3,0x20,0xe3,0x20,0xe3,0x20,0xe3,0x20,0xe3,0x20,0xe3,0x20,0xe3,0x20,0xe3,0x20,
    0xe3,0x20,0xe3,0x20,0xe3,0x18,0xe3,0x20,0xe3,0x18,0xe3,0x18,0xe3,0x18,0xe3,0x18,
    0xe3,0x18,0xe3,0x18,0xe3,0x18,0xe3,0x18,0xe3,0x18,0xe3,0x18,0xe3,0x18,0xc3,0x18,
    0xc3,0x18,0xe3,0x18,0xc3,0x18,0xe3,0x18,0xc3,0x18,0xe3,0x18,0xe3,0x18,0xc3,0x18,
    0xe3,0x18,0xc3,0x18,0xc3,0x18,0xc3,0x18,0xe3,0x18,0xc3,0x18,0xc3,0x18,0xc3,0x18,
    0xc3,0x18,0xc3,0x18,0xc3,0x18,0xc3,0x18,0xc3,0x18,0xc3,0x18,0xc3,0x18,0xc3,0x18,
    0xc3,0x18,0xc3,0x18,0xc3,0x18,0xc3,0x18,0xc3,0x18,0xc2,0x18,0xc2,0x18,0xc2,0x18,
    0xc2,0x18,0xc2,0x18,0xc3,0x18,0xc2,0x18,0xc2,0x18,0xc2,0x18,0xc3,0x18,0xc2,0x18,
    0xc2,0x18,0xc2,0x18,0xc2,0x18,0xc2,0x18,0xc2,0x18,0xc2,0x18,0xc2,0x18,0xa2,0x18,
    0xa2,0x18,0x82,0x10,0x24,0x31,0x65,0x31,0xc3,0x18,0xa2,0x18,0xa2,0x18,0xa2,0x18,
    0xa2,0x18,0xa2,0x18,0xa2,0x18,0xa2,0x18,0xa2,0x18,0xa2,0x18,0xa2,0x18,0xa2,0x10,
    0xa2,0x10,0xa2,0x10,0x82,0x10,0xa2,0x18,0x82,0x10,0x82,0x10,0x81,0x10,0x61,0x10,
    0x61,0x10,0x61,0x10,0x81,0x10,0x82,0x10,0x82,0x10,0x82,0x10,0x81,0x10,0x82,0x10,
    0x82,0x10,0x82,0x10,0x61,0x10,0xe3,0x20,0x20,0x08,0x30,0x8c,0xef,0x83,0x00,0x00,
    0x61,0x10,0x41,0x08,0x95,0xbd,0x65,0x31,0x20,0x08,0x81,0x10,0x61,0x10,0xa6,0x39,
    0x07,0x4a,0xef,0x8b,0x65,0x31,0x44,0x31,0x65,0x31,0x61,0x08,0x00,0x00,0x00,0x00,
    0xc3,0x18,0x00,0x00,0x45,0x31,0x4c,0x73,0xeb,0x6a,0x89,0x5a,0x45,0x31,0xa2,0x18,
    0x20,0x00,0x20,0x00,0x82,0x10,0x00,0x00,0x10,0x8c,0x8d,0x7b,0x40,0x08,0xc3,0x18,
    0x44,0x29,0x17,0xce,0x45,0x29,0xa2,0x18,0x04,0x21,0x04,0x21,0x24,0x21,0x24,0x21,
    0x24,0x21,0x24,0x21,0x24,0x21,0x24,0x21,0x24,0x21,0x24,0x21,0x24,0x21,0x24,0x21,
    0x24,0x21,0x04,0x21,0x24,0x21,0x24,0x21,0x24,0x21,0x24,0x21,0x24,0x21,0x24,0x21,
    0x24,0x21,0x24,0x21,0x24,0x21,0x24,0x21,0x24,0x21,0x24,0x21,0x24,0x21,0x24,0x21,
    0x24,0x21,0x24,0x21,0x24,0x21,0xc3,0x18,0xa6,0x39,0x86,0x39,0xe3,0x20,0x24,0x29,
    0x24,0x29,0x24,0x29,0x24,0x21,0x24,0x21,0x04,0x21,0x24,0x21,0x04,0x21,0x04,0x21,
    0x24,0x21,0x24,0x21,0x04,0x21,0x24,0x21,0x24,0x21,0x24,0x21,0x24,0x21,0x04,0x21,
    0x24,0x21,0x04,0x21,0x04,0x21,0x04,0x21,0x04,0x21,0x04,0x21,0x04,0x21,0x04,0x21,
    0x04,0x21,0x04,0x21,0x04,0x21,0x04,0x21,0x04,0x21,0x04,0x21,0x04,0x21,0x04,0x21,
    0x04,0x21,0x04,0x21,0x03,0x21,0x03,0x21,0x04,0x21,0x03,0x21,0x04,0x21,0x03,0x21,
    0x03,0x21,0x03,0x21,0x03,0x21,0x03,0x21,0x03,0x21,0xe3,0x20,0x03,0x21,0x03,0x21,
    0x03,0x21,0x03,0x21,0xe3,0x20,0xe3,0x20,0xe3,0x20,0xe3,0x20,0xe3,0x20,0xe3,0x20,
    0xe3,0x20,0xe3,0x20,0xe3,0x20,0xe3,0x20,0xe3,0x20,0xe3,0x20,0xe3,0x20,0xe3,0x20,
    0xe3,0x20,0xe3,0x20,0xe3,0x18,0xe3,0x18,0xe3,0x20,0xe3,0x18,0xe3,0x18,0xe3,0x18,
    0xe3,0x18,0xe3,0x18,0xe3,0x20,0xe3,0x18,0xe3,0x18,0xe3,0x18,0xe3,0x18,0xe3,0x18,
    0xe3,0x18,0xe3,0x18,0xe3,0x18,0xe3,0x18,0xe3,0x18,0xe3,0x18,0xe3,0x18,0xe3,0x18,
    0xe3,0x18,0xc3,0x18,0xc3,0x18,0xc3,0x18,0xc3,0x18,0xc3,0x18,0xc3,0x18,0xc3,0x18,
    0xc3,0x18,0xc3,0x18,0xc3,0x18,0xc3,0x18,0xc3,0x18,0xc3,0x18,0xc3,0x18,0xc3,0x18,
    0xc3,0x18,0xc3,0x18,0xc2,0x18,0xc3,0x18,0xc3,0x18,0xc3,0x18,0xc3,0x18,0xc2,0x18,
    0xc2,0x18,0xc3,0x18,0xc3,0x18,0xc3,0x18,0xc3,0x18,0xc2,0x18,0xc2,0x18,0xc2,0x18,
    0xc2,0x18,0xc2,0x18,0xc2,0x18,0xc2,0x18,0xc2,0x18,0xc2,0x18,0xa2,0x18,0xa2,0x18,
    0xa2,0x10,0xa2,0x18,0x45,0x31,0x45,0x31,0xa2,0x18,0xa2,0x18,0xa2,0x18,0xa2,0x18,
    0xa2,0x18,0xa2,0x18,0xa2,0x18,0xa2,0x18,0xa2,0x18,0xa2,0x18,0xa2,0x18,0xa2,0x10,
    0xa2,0x10,0xa2,0x10,0xa2,0x10,0x82,0x10,0x82,0x10,0xa2,0x10,0xa2,0x10,0x82,0x10,
    0x82,0x10,0x82,0x10,0x82,0x10,0x82,0x10,0x82,0x10,0x82,0x10,0x82,0x10,0x82,0x10,
    0x82,0x10,0x82,0x10,0x61,0x10,0x04,0x21,0x00,0x00,0xf3,0xa4,0x0b,0x6b,0x00,0x00,
    0x41,0x08,0x03,0x29,0xf7,0xcd,0xc3,0x18,0x40,0x08,0x61,0x10,0x61,0x10,0xc7,0x41,
    0x69,0x5a,0xef,0x8b,0x24,0x29,0x45,0x31,0x65,0x31,0x41,0x08,0x00,0x00,0x00,0x00,
    0xc3,0x18,0x20,0x00,0xe3,0x20,0x4c,0x73,0x0b,0x6b,0x8a,0x5a,0x65,0x31,0xc3,0x18,
    0x21,0x08,0x00,0x00,0x61,0x10,0x00,0x00,0x6d,0x73,0x71,0x94,0x41,0x08,0xe3,0x20,
    0xa2,0x18,0xb6,0xbd,0x28,0x4a,0x82,0x10,0x04,0x21,0x04,0x21,0x24,0x21,0x24,0x21,
    0x24,0x21,0x24,0x21,0x24,0x21,0x24,0x21,0x24,0x21,0x24,0x21,0x24,0x21,0x24,0x21,
    0x24,0x21,0x24,0x21,0x24,0x21,0x24,0x21,0x24,0x21,0x24,0x21,0x24,0x21,0x24,0x21,
    0x24,0x21,0x24,0x21,0x24,0x21,0x24,0x21,0x24,0x21,0x24,0x21,0x24,0x21,0x24,0x21,
    0x24,0x21,0x24,0x21,0x24,0x29,0xe3,0x20,0x25,0x29,0xe7,0x41,0xc3,0x18,0x24,0x29,
    0x24,0x21,0x24,0x21,0x24,0x29,0x24,0x29,0x04,0x29,0x24,0x21,0x24,0x21,0x24,0x21,
    0x04,0x21,0x24,0x21,0x24,0x21,0x04,0x21,0x24,0x21,0x24,0x21,0x24,0x21,0x04,0x21,
    0x04,0x21,0x04,0x21,0x04,0x21,0x04,0x21,0x04,0x21,0x04,0x21,0x04,0x21,0x04,0x21,
    0x04,0x21,0x04,0x21,0x04,0x21,0x04,0x21,0x04,0x21,0x03,0x21,0x03,0x21,0x03,0x21,
    0x03,0x21,0x04,0x21,0x03,0x21,0x03,0x21,0x03,0x21,0x03,0x21,0x03,0x21,0x03,0x21,
    0x03,0x21,0x03,0x21,0x03,0x21,0x03,0x21,0x03,0x21,0xe3,0x20,0xe3,0x20,0x03,0x21,
    0x03,0x21,0xe3,0x20,0xe3,0x20,0xe3,0x20,0xe3,0x20,0xe3,0x20,0xe3,0x20,0xe3,0x20,
    0xe3,0x20,0xe3,0x20,0xe3,0x20,0xe3,0x20,0xe3,0x20,0xe3,0x20,0xe3,0x20,0xe3,0x20,
    0xe3,0x20,0xe3,0x20,0xe3,0x18,0xe3,0x18,0xe3,0x20,0xe3,0x18,0xe3,0x18,0xe3,0x18,
    0xe3,0x18,0xe3,0x18,0xe3,0x20,0xe3,0x18,0xe3,0x18,0xe3,0x18,0xe3,0x18,0xe3,0x18,
    0xe3,0x18,0xe3,0x18,0xc3,0x18,0xe3,0x18,0xe3,0x18,0xe3,0x18,0xe3,0x18,0xe3,0x18,
    0xe3,0x18,0xe3,0x18,0xc3,0x18,0xc3,0x18,0xc3,0x18,0xc3,0x18,0xc3,0x18,0xc3,0x18,
    0xc3,0x18,0xe3,0x18,0xe3,0x18,0xc3,0x18,0xc3,0x18,0xc3,0x18,0xc3,0x18,0xc3,0x18,
    0xc3,0x18,0xc3,0x18,0xc3,0x18,0xc3,0x18,0xc3,0x18,0xc2,0x18,0xc3,0x18,0xc3,0x18,
    0xc2,0x18,0xc2,0x18,0xc2,0x18,0xc2,0x18,0xc2,0x18,0xc2,0x18,0xc2,0x18,0xc2,0x18,
    0xc2,0x18,0xc2,0x18,0xc2,0x18,0xc2,0x18,0xc2,0x18,0xc2,0x18,0xa2,0x18,0xa2,0x18,
    0x82,0x10,0xc3,0x20,0x65,0x31,0x24,0x29,0xa2,0x10,0xa2,0x18,0xa2,0x18,0xa2,0x18,
    0xa2,0x18,0xa2,0x10,0xa2,0x18,0xa2,0x10,0xa2,0x18,0xa2,0x18,0xa2,0x18,0xa2,0x10,
    0xa2,0x10,0xa2,0x10,0xa2,0x10,0xa2,0x10,0x82,0x10,0x82,0x10,0x82,0x10,0x82,0x10,
    0x82,0x10,0x82,0x10,0x82,0x10,0x82,0x10,0x82,0x10,0x82,0x10,0x82,0x10,0x82,0x10,
    0x82,0x10,0x82,0x10,0x81,0x10,0x04,0x29,0x40,0x08,0x95,0xbd,0xe7,0x41,0x20,0x08,
    0x20,0x08,0x07,0x42,0xd6,0xc5,0x41,0x08,0x61,0x10,0x61,0x08,0x82,0x10,0xa6,0x39,
    0xca,0x62,0xae,0x83,0xe3,0x28,0x65,0x31,0x45,0x29,0x20,0x08,0x00,0x00,0x20,0x00,
    0xc3,0x18,0x41,0x08,0x82,0x10,0x2c,0x73,0x0b,0x6b,0xaa,0x5a,0x65,0x31,0xc3,0x18,
    0x41,0x08,0x00,0x00,0x61,0x08,0x00,0x00,0xaa,0x5a,0x54,0xb5,0x61,0x10,0xe3,0x20,
    0x20,0x08,0xd3,0xa4,0x0c,0x6b,0x41,0x08,0x24,0x29,0x04,0x21,0x24,0x21,0x24,0x21,
    0x24,0x21,0x24,0x21,0x24,0x21,0x24,0x21,0x24,0x21,0x24,0x21,0x24,0x21,0x24,0x21,
    0x24,0x21,0x24,0x21,0x24,0x21,0x24,0x21,0x24,0x21,0x24,0x21,0x24,0x21,0x24,0x21,
    0x24,0x21,0x24,0x21,0x24,0x21,0x24,0x21,0x24,0x21,0x24,0x21,0x24,0x21,0x24,0x21,
    0x24,0x21,0x24,0x21,0x24,0x29,0x04,0x21,0xe3,0x20,0x07,0x4a,0xe3,0x20,0x04,0x21,
    0x04,0x21,0x24,0x21,0x24,0x21,0x24,0x21,0x04,0x21,0x24,0x21,0x24,0x21,0x24,0x21,
    0x24,0x21,0x24,0x21,0x24,0x21,0x24,0x21,0x24,0x21,0x24,0x21,0x24,0x21,0x04,0x21,
    0x04,0x21,0x04,0x21,0x04,0x21,0x04,0x21,0x04,0x21,0x04,0x21,0x04,0x21,0x04,0x21,
    0x03,0x21,0x04,0x21,0x04,0x21,0x03,0x21,0x03,0x21,0x04,0x21,0x03,0x21,0x04,0x21,
    0x03,0x21,0x03,0x21,0x03,0x21,0x03,0x21,0x03,0x21,0x03,0x21,0x03,0x21,0x03,0x21,
    0x03,0x21,0x03,0x21,0x03,0x21,0x03,0x21,0x03,0x21,0xe3,0x20,0xe3,0x20,0xe3,0x20,
    0x03,0x21,0xe3,0x20,0xe3,0x20,0x03,0x21,0xe3,0x20,0xe3,0x20,0xe3,0x20,0xe3,0x20,
    0xe3,0x20,0xe3,0x20,0xe3,0x20,0xe3,0x20,0xe3,0x20,0xe3,0x20,0xe3,0x20,0xe3,0x20,
    0xe3,0x20,0xe3,0x20,0xe3,0x20,0xe3,0x20,0xe3,0x20,0xe3,0x18,0xe3,0x18,0xe3,0x18,
    0xe3,0x18,0xe3,0x18,0xe3,0x18,0xe3,0x18,0xe3,0x18,0xe3,0x18,0xe3,0x18,0xc3,0x18,
    0xc3,0x18,0xe3,0x18,0xc3,0x18,0xe3,0x18,0xe3,0x18,0xe3,0x18,0xe3,0x18,0xe3,0x18,
    0xc3,0x18,0xc3,0x18,0xc3,0x18,0xc3,0x18,0xc3,0x18,0xe3,0x18,0xc3,0x18,0xc3,0x18,
    0xc3,0x18,0xc3,0x18,0xc3,0x18,0xc3,0x18,0xc3,0x18,0xc3,0x18,0xc3,0x18,0xc3,0x18,
    0xc3,0x18,0xc3,0x18,0xc3,0x18,0xc2,0x18,0xc2,0x18,0xc2,0x18,0xc2,0x18,0xc2,0x18,
    0xc2,0x18,0xc2,0x18,0xc2,0x18,0xc2,0x18,0xc2,0x18,0xc2,0x18,0xc2,0x18,0xc2,0x18,
    0xc2,0x18,0xc2,0x18,0xc2,0x18,0xc2,0x18,0xc2,0x18,0xc2,0x18,0xa2,0x18,0xc2,0x18,
    0x82,0x10,0x04,0x29,0x65,0x31,0x03,0x21,0x82,0x10,0xa2,0x18,0xa2,0x18,0xa2,0x10,
    0xa2,0x10,0xa2,0x10,0xa2,0x18,0xa2,0x18,0xa2,0x18,0xa2,0x18,0xa2,0x18,0xa2,0x18,
    0xa2,0x10,0xa2,0x10,0xa2,0x10,0xa2,0x10,0xa2,0x10,0xa2,0x10,0x82,0x10,0x82,0x10,
    0x82,0x10,0x82,0x10,0x82,0x10,0x82,0x10,0x82,0x10,0x82,0x10,0x82,0x10,0x82,0x10,
    0x82,0x10,0x81,0x10,0xa2,0x18,0xe3,0x20,0xc3,0x18,0xd6,0xc5,0x03,0x21,0x41,0x08,
    0x00,0x00,0x0b,0x6b,0x75,0xb5,0x00,0x00,0x61,0x10,0x41,0x08,0xa2,0x18,0x65,0x31,
    0x0c,0x6b,0x4c,0x73,0xe3,0x20,0x65,0x31,0x24,0x29,0x20,0x00,0x00,0x00,0x20,0x00,
    0xc3,0x18,0x61,0x10,0x21,0x08,0xcb,0x62,0x2c,0x6b,0xaa,0x62,0x86,0x39,0xc3,0x18,
    0x61,0x10,0x00,0x00,0x41,0x08,0x41,0x08,0xa6,0x39,0xb6,0xbd,0xc3,0x20,0xc3,0x18,
    0x20,0x08,0xef,0x8b,0x51,0x94,0x41,0x08,0x24,0x29,0x04,0x21,0x24,0x21,0x24,0x29,
    0x24,0x21,0x24,0x21,0x24,0x21,0x24,0x21,0x24,0x21,0x24,0x21,0x24,0x21,0x24,0x21,
    0x24,0x21,0x24,0x21,0x24,0x21,0x24,0x21,0x24,0x21,0x24,0x21,0x24,0x21,0x24,0x21,
    0x24,0x21,0x24,0x21,0x24,0x21,0x24,0x21,0x24,0x21,0x24,0x21,0x24,0x21,0x24,0x21,
    0x24,0x21,0x24,0x21,0x24,0x21,0x24,0x29,0xc3,0x18,0xc7,0x41,0x25,0x29,0x03,0x21,
    0x24,0x21,0x04,0x21,0x24,0x21,0x24,0x21,0x04,0x21,0x04,0x21,0x04,0x21,0x04,0x21,
    0x24,0x21,0x24,0x21,0x24,0x21,0x24,0x21,0x04,0x21,0x04,0x21,0x04,0x21,0x04,0x21,
    0x04,0x21,0x04,0x21,0x04,0x21,0x04,0x21,0x04,0x21,0x04,0x21,0x04,0x21,0x04,0x21,
    0x04,0x21,0x03,0x21,0x03,0x21,0x03,0x21,0x04,0x21,0x03,0x21,0x03,0x21,0x03,0x21,
    0x03,0x21,0x03,0x21,0x03,0x21,0x03,0x21,0x03,0x21,0x03,0x21,0x03,0x21,0x03,0x21,
    0x03,0x21,0x03,0x21,0x03,0x21,0x03,0x21,0x03,0x21,0xe3,0x20,0xe3,0x20,0xe3,0x20,
    0x03,0x21,0x03,0x21,0xe3,0x20,0xe3,0x20,0xe3,0x20,0xe3,0x20,0xe3,0x20,0xe3,0x20,
    0xe3,0x20,0xe3,0x20,0xe3,0x20,0xe3,0x20,0xe3,0x20,0xe3,0x20,0xe3,0x20,0xe3,0x20,
    0xe3,0x20,0xe3,0x20,0xe3,0x20,0xe3,0x20,0xe3,0x18,0xe3,0x18,0xe3,0x18,0xe3,0x18,
    0xe3,0x20,0xe3,0x18,0xe3,0x18,0xe3,0x18,0xe3,0x18,0xe3,0x18,0xe3,0x18,0xe3,0x18,
    0xe3,0x18,0xc3,0x18,0xe3,0x18,0xe3,0x18,0xe3,0x18,0xe3,0x18,0xc3,0x18,0xc3,0x18,
    0xc3,0x18,0xc3,0x18,0xc3,0x18,0xe3,0x18,0xc3,0x18,0xc3,0x18,0xc3,0x18,0xc3,0x18,
    0xc3,0x18,0xc3,0x18,0xc3,0x18,0xc3,0x18,0xc3,0x18,0xc2,0x18,0xc3,0x18,0xc3,0x18,
    0xc3,0x18,0xc2,0x18,0xc2,0x18,0xc3,0x18,0xc3,0x18,0xc3,0x18,0xc3,0x18,0xc2,0x18,
    0xc2,0x18,0xc2,0x18,0xc2,0x18,0xc2,0x18,0xc2,0x18,0xc2,0x18,0xc2,0x18,0xc2,0x18,
    0xc2,0x18,0xc2,0x18,0xc2,0x18,0xc2,0x18,0xc2,0x18,0xc2,0x18,0xa2,0x18,0xa2,0x18,
    0x82,0x10,0x44,0x31,0x65,0x31,0xc3,0x18,0xa2,0x18,0xa2,0x18,0xa2,0x18,0xa2,0x18,
    0xa2,0x10,0xa2,0x10,0xa2,0x10,0xa2,0x18,0xa2,0x18,0xa2,0x18,0xa2,0x18,0xa2,0x18,
    0xa2,0x10,0xa2,0x10,0xa2,0x10,0x82,0x10,0xa2,0x10,0xa2,0x10,0xa2,0x10,0xa2,0x10,
    0xa2,0x10,0x82,0x10,0x82,0x10,0x82,0x10,0x82,0x10,0x82,0x10,0x82,0x10,0x82,0x10,
    0x82,0x10,0x61,0x10,0xc3,0x18,0xa2,0x18,0xa6,0x39,0xb6,0xc5,0x41,0x08,0x61,0x10,
    0x00,0x00,0x0f,0x8c,0x91,0x9c,0x00,0x00,0x82,0x10,0x20,0x08,0xe3,0x20,0x86,0x39,
    0x8d,0x7b,0xaa,0x5a,0xe3,0x28,0x65,0x31,0xe3,0x20,0x00,0x00,0x00,0x00,0x20,0x00,
    0xc2,0x18,0x82,0x10,0x00,0x00,0x69,0x5a,0x2c,0x6b,0xca,0x62,0xc7,0x41,0xe3,0x20,
    0x82,0x10,0x00,0x00,0x41,0x08,0x61,0x10,0xc3,0x18,0xb6,0xbd,0xa6,0x39,0x82,0x18,
    0x20,0x08,0x8a,0x5a,0x96,0xbd,0x62,0x10,0x04,0x21,0x03,0x21,0x24,0x21,0x24,0x21,
    0x24,0x21,0x24,0x21,0x24,0x21,0x24,0x21,0x24,0x21,0x24,0x21,0x24,0x21,0x24,0x21,
    0x24,0x21,0x24,0x21,0x24,0x21,0x24,0x21,0x24,0x21,0x24,0x21,0x24,0x21,0x24,0x21,
    0x24,0x21,0x24,0x21,0x24,0x21,0x24,0x21,0x24,0x29,0x24,0x21,0x24,0x21,0x24,0x21,
    0x24,0x21,0x24,0x21,0x04,0x21,0x24,0x29,0xc3,0x18,0x65,0x31,0x86,0x39,0xe3,0x20,
    0x24,0x21,0x04,0x21,0x04,0x21,0x24,0x21,0x04,0x21,0x24,0x21,0x24,0x21,0x24,0x21,
    0x24,0x21,0x24,0x21,0x04,0x21,0x04,0x21,0x04,0x21,0x04,0x21,0x04,0x21,0x04,0x21,
    0x04,0x21,0x04,0x21,0x04,0x21,0x04,0x21,0x04,0x21,0x04,0x21,0x04,0x21,0x04,0x21,
    0x03,0x21,0x04,0x21,0x03,0x21,0x04,0x21,0x03,0x21,0x03,0x21,0x03,0x21,0x03,0x21,
    0x03,0x21,0x03,0x21,0x03,0x21,0x03,0x21,0x03,0x21,0x03,0x21,0x03,0x21,0x03,0x21,
    0x03,0x21,0x03,0x21,0x03,0x21,0x03,0x21,0x03,0x21,0x03,0x21,0x03,0x21,0xe3,0x20,
    0x03,0x21,0xe3,0x20,0xe3,0x20,0x03,0x21,0xe3,0x20,0xe3,0x20,0xe3,0x20,0xe3,0x20,
    0xe3,0x20,0xe3,0x20,0xe3,0x20,0xe3,0x20,0xe3,0x20,0xe3,0x20,0xe3,0x20,0xe3,0x20,
    0xe3,0x20,0xe3,0x20,0xe3,0x20,0xe3,0x20,0xe3,0x18,0xe3,0x18,0xe3,0x18,0xe3,0x18,
    0xe3,0x18,0xe3,0x18,0xe3,0x18,0xc3,0x18,0xe3,0x18,0xe3,0x18,0xe3,0x18,0xe3,0x18,
    0xe3,0x18,0xe3,0x18,0xe3,0x18,0xc3,0x18,0xe3,0x18,0xe3,0x18,0xc3,0x18,0xe3,0x18,
    0xe3,0x18,0xe3,0x18,0xc3,0x18,0xc3,0x18,0xc3,0x18,0xc3,0x18,0xc3,0x18,0xc3,0x18,
    0xc3,0x18,0xc3,0x18,0xc3,0x18,0xc3,0x18,0xc3,0x18,0xc2,0x18,0xc3,0x18,0xc3,0x18,
    0xc2,0x18,0xc3,0x18,0xc3,0x18,0xc2,0x18,0xc3,0x18,0xc3,0x18,0xc2,0x18,0xc2,0x18,
    0xc2,0x18,0xc2,0x18,0xc2,0x18,0xc2,0x18,0xc2,0x18,0xc2,0x18,0xc2,0x18,0xc2,0x18,
    0xc2,0x18,0xc2,0x18,0xc2,0x18,0xc2,0x18,0xc2,0x18,0xa2,0x18,0xa2,0x18,0xa2,0x10,
    0xc2,0x18,0x65,0x31,0x45,0x31,0xa2,0x10,0xa2,0x18,0xa2,0x18,0xa2,0x18,0xa2,0x18,
    0xa2,0x18,0xa2,0x10,0xa2,0x18,0xa2,0x18,0xa2,0x18,0xa2,0x18,0xa2,0x18,0xa2,0x18,
    0xa2,0x10,0xa2,0x10,0xa2,0x10,0xa2,0x10,0xa2,0x10,0x82,0x10,0x82,0x10,0xa2,0x10,
    0x82,0x10,0x82,0x10,0x82,0x10,0x82,0x10,0x82,0x10,0x82,0x10,0x82,0x10,0x82,0x10,
    0x82,0x10,0x61,0x10,0x03,0x21,0x61,0x10,0x2c,0x6b,0xd3,0xa4,0x00,0x00,0x81,0x10,
    0x00,0x00,0x34,0xad,0x4c,0x6b,0x00,0x00,0x82,0x10,0x40,0x08,0x24,0x29,0xa6,0x39,
    0xef,0x8b,0xe7,0x49,0x03,0x29,0x65,0x39,0xc3,0x18,0x00,0x00,0x00,0x00,0x20,0x00,
    0xc2,0x18,0xa2,0x18,0x00,0x00,0x07,0x4a,0x2c,0x73,0xcb,0x62,0x08,0x4a,0x03,0x21,
    0xa2,0x18,0x20,0x00,0x21,0x08,0x82,0x10,0x20,0x08,0x34,0xad,0x8a,0x5a,0x00,0x00,
    0xc3,0x20,0x0b,0x6b,0x79,0xd6,0x04,0x21,0xe3,0x20,0x04,0x21,0x24,0x21,0x24,0x21,
    0x24,0x21,0x24,0x21,0x24,0x21,0x24,0x21,0x24,0x21,0x24,0x21,0x24,0x21,0x24,0x21,
    0x24,0x21,0x24,0x21,0x24,0x21,0x24,0x21,0x24,0x21,0x24,0x21,0x24,0x21,0x24,0x21,
    0x24,0x21,0x24,0x21,0x24,0x21,0x24,0x21,0x24,0x21,0x24,0x21,0x24,0x21,0x24,0x21,
    0x24,0x21,0x24,0x21,0x24,0x21,0x24,0x21,0x03,0x21,0x04,0x29,0xc7,0x41,0xc3,0x18,
    0x24,0x21,0x04,0x21,0x04,0x21,0x04,0x21,0x24,0x21,0x24,0x21,0x24,0x21,0x04,0x21,
    0x04,0x21,0x04,0x21,0x04,0x21,0x04,0x21,0x04,0x21,0x04,0x21,0x04,0x21,0x04,0x21,
    0x04,0x21,0x04,0x21,0x04,0x21,0x04,0x21,0x04,0x21,0x03,0x21,0x03,0x21,0x04,0x21,
    0x03,0x21,0x03,0x21,0x03,0x21,0x03,0x21,0x03,0x21,0x03,0x21,0x03,0x21,0x03,0x21,
    0x03,0x21,0x03,0x21,0x03,0x21,0x03,0x21,0x03,0x21,0x03,0x21,0xe3,0x20,0x03,0x21,
    0xe3,0x20,0x03,0x21,0x03,0x21,0x03,0x21,0x03,0x21,0x03,0x21,0xe3,0x20,0xe3,0x20,
    0x03,0x21,0xe3,0x20,0xe3,0x20,0xe3,0x20,0xe3,0x20,0xe3,0x20,0xe3,0x20,0xe3,0x20,
    0xe3,0x20,0xe3,0x20,0xe3,0x20,0xe3,0x20,0xe3,0x20,0xe3,0x18,0xe3,0x18,0xe3,0x20,
    0xe3,0x18,0xe3,0x18,0xe3,0x20,0xe3,0x18,0xe3,0x18,0xe3,0x18,0xe3,0x18,0xe3,0x18,
    0xe3,0x18,0xe3,0x18,0xe3,0x18,0xe3,0x18,0xe3,0x18,0xe3,0x18,0xe3,0x18,0xe3,0x18,
    0xc3,0x18,0xe3,0x18,0xe3,0x18,0xc3,0x18,0xc3,0x18,0xe3,0x18,0xe3,0x18,0xc3,0x18,
    0xc3,0x18,0xc3,0x18,0xc3,0x18,0xc3,0x18,0xc3,0x18,0xc3,0x18,0xc3,0x18,0xc3,0x18,
    0xc3,0x18,0xc3,0x18,0xc3,0x18,0xc3,0x18,0xc3,0x18,0xc3,0x18,0xc3,0x18,0xc3,0x18,
    0xc2,0x18,0xc2,0x18,0xc2,0x18,0xc3,0x18,0xc3,0x18,0xc2,0x18,0xc2,0x18,0xc2,0x18,
    0xc2,0x18,0xc2,0x18,0xc2,0x18,0xc2,0x18,0xc2,0x18,0xc2,0x18,0xc2,0x18,0xc2,0x18,
    0xc2,0x18,0xc2,0x18,0xc2,0x18,0xa2,0x18,0xc2,0x18,0xa2,0x18,0xc2,0x18,0x82,0x10,
    0xe3,0x20,0x65,0x31,0x24,0x29,0x82,0x10,0xa2,0x18,0xa2,0x18,0xa2,0x18,0xa2,0x18,
    0xa2,0x18,0xa2,0x18,0xa2,0x18,0xa2,0x18,0xa2,0x18,0xa2,0x18,0xa2,0x10,0xa2,0x18,
    0xa2,0x18,0xa2,0x10,0xa2,0x10,0xa2,0x10,0xa2,0x10,0xa2,0x10,0xa2,0x10,0xa2,0x10,
    0xa2,0x10,0x82,0x10,0x82,0x10,0x82,0x10,0x82,0x10,0x82,0x10,0x82,0x10,0x82,0x10,
    0x82,0x10,0x61,0x10,0x24,0x29,0x41,0x08,0x71,0x9c,0x34,0xad,0xe3,0x20,0x20,0x08,
    0x00,0x00,0xf7,0xcd,0xc7,0x39,0x20,0x08,0x81,0x10,0x61,0x08,0x45,0x31,0xc7,0x41,
    0x30,0x94,0x65,0x31,0x04,0x29,0x85,0x39,0x82,0x10,0x00,0x00,0x00,0x00,0x20,0x00,
    0xa2,0x18,0xc2,0x18,0x00,0x00,0x65,0x31,0x2b,0x6b,0xeb,0x62,0x69,0x52,0x04,0x29,
    0xc3,0x18,0x20,0x08,0x20,0x00,0x82,0x10,0x00,0x00,0xef,0x83,0xb6,0xbd,0x34,0xad,
    0xba,0xde,0xba,0xde,0xdb,0xe6,0xc7,0x41,0xa3,0x18,0x04,0x21,0x04,0x21,0x24,0x21,
    0x24,0x21,0x24,0x21,0x24,0x21,0x24,0x21,0x24,0x21,0x24,0x21,0x24,0x21,0x24,0x21,
    0x24,0x21,0x24,0x21,0x24,0x21,0x24,0x21,0x24,0x21,0x24,0x21,0x24,0x21,0x24,0x21,
    0x24,0x21,0x24,0x21,0x24,0x21,0x24,0x21,0x24,0x21,0x24,0x21,0x24,0x21,0x24,0x21,
    0x24,0x21,0x04,0x21,0x24,0x21,0x04,0x21,0x04,0x21,0xc3,0x18,0xa7,0x39,0xe4,0x20,
    0x04,0x21,0x24,0x21,0x24,0x21,0x24,0x21,0x24,0x21,0x04,0x21,0x04,0x21,0x04,0x21,
    0x04,0x21,0x04,0x21,0x24,0x21,0x04,0x21,0x04,0x21,0x04,0x21,0x04,0x21,0x04,0x21,
    0x04,0x21,0x04,0x21,0x03,0x21,0x04,0x21,0x04,0x21,0x03,0x21,0x04,0x21,0x03,0x21,
    0x03,0x21,0x03,0x21,0x03,0x21,0x03,0x21,0x03,0x21,0x03,0x21,0x03,0x21,0x03,0x21,
    0xe3,0x20,0x03,0x21,0x03,0x21,0x03,0x21,0x03,0x21,0x03,0x21,0xe3,0x20,0x03,0x21,
    0xe3,0x20,0xe3,0x20,0xe3,0x20,0xe3,0x20,0xe3,0x20,0xe3,0x20,0xe3,0x20,0xe3,0x20,
    0xe3,0x20,0xe3,0x20,0xe3,0x20,0xe3,0x20,0xe3,0x20,0xe3,0x20,0xe3,0x20,0xe3,0x20,
    0xe3,0x20,0xe3,0x20,0xe3,0x20,0xe3,0x20,0xe3,0x20,0xe3,0x18,0xe3,0x20,0xe3,0x20,
    0xe3,0x18,0xe3,0x18,0xe3,0x18,0xe3,0x18,0xe3,0x18,0xe3,0x18,0xe3,0x18,0xe3,0x18,
    0xe3,0x18,0xe3,0x18,0xe3,0x18,0xe3,0x18,0xe3,0x18,0xe3,0x18,0xc3,0x18,0xe3,0x18,
    0xc3,0x18,0xc3,0x18,0xc3,0x18,0xe3,0x18,0xe3,0x18,0xe3,0x18,0xe3,0x18,0xe3,0x18,
    0xc3,0x18,0xc3,0x18,0xc3,0x18,0xc3,0x18,0xc3,0x18,0xc3,0x18,0xc3,0x18,0xc3,0x18,
    0xc3,0x18,0xc3,0x18,0xc3,0x18,0xc3,0x18,0xc3,0x18,0xc3,0x18,0xc3,0x18,0xc2,0x18,
    0xc2,0x18,0xc2,0x18,0xc2,0x18,0xc3,0x18,0xc2,0x18,0xc2,0x18,0xc2,0x18,0xc2,0x18,
    0xc2,0x18,0xc2,0x18,0xc2,0x18,0xc2,0x18,0xc2,0x18,0xc2,0x18,0xc2,0x18,0xc2,0x18,
    0xc2,0x18,0xc2,0x18,0xc2,0x18,0xc2,0x18,0xa2,0x18,0xc2,0x18,0xa2,0x18,0x82,0x10,
    0x24,0x29,0x85,0x31,0xe3,0x20,0x82,0x10,0xa2,0x18,0xa2,0x18,0xa2,0x18,0xa2,0x18,
    0xa2,0x18,0xa2,0x18,0xa2,0x18,0xa2,0x18,0xa2,0x18,0xa2,0x18,0xa2,0x10,0xa2,0x18,
    0xa2,0x18,0xa2,0x10,0xa2,0x10,0xa2,0x10,0xa2,0x10,0xa2,0x10,0xa2,0x10,0x82,0x10,
    0xa2,0x10,0x82,0x10,0x82,0x10,0x82,0x10,0x82,0x10,0x82,0x10,0x82,0x10,0x82,0x10,
    0x81,0x10,0x81,0x10,0x24,0x29,0x61,0x10,0x75,0xb5,0xda,0xe6,0xb9,0xde,0xf7,0xc5,
    0xf3,0xac,0x17,0xce,0xc3,0x18,0x41,0x08,0x61,0x10,0x61,0x10,0x45,0x31,0x49,0x52,
    0x0f,0x8c,0x03,0x29,0x24,0x31,0x65,0x31,0x41,0x08,0x00,0x00,0x00,0x00,0x00,0x00,
    0xa2,0x18,0xc2,0x18,0x20,0x00,0xe3,0x20,0xeb,0x6a,0xeb,0x62,0xaa,0x5a,0x44,0x29,
    0xc3,0x20,0x41,0x08,0x00,0x00,0x61,0x08,0x00,0x00,0xaa,0x5a,0x79,0xde,0xae,0x7b,
    0x8a,0x5a,0xe3,0x20,0x75,0xb5,0x4c,0x6b,0x61,0x10,0x24,0x29,0x04,0x21,0x24,0x21,
    0x24,0x21,0x24,0x21,0x24,0x29,0x24,0x21,0x24,0x21,0x24,0x21,0x24,0x21,0x24,0x21,
    0x04,0x21,0x24,0x21,0x24,0x21,0x04,0x21,0x24,0x21,0x24,0x21,0x24,0x21,0x24,0x21,
    0x24,0x21,0x24,0x21,0x24,0x21,0x24,0x21,0x24,0x21,0x24,0x21,0x24,0x21,0x24,0x21,
    0x24,0x21,0x24,0x21,0x04,0x21,0x04,0x21,0x24,0x21,0xc3,0x18,0x65,0x31,0x45,0x31,
    0xe3,0x18,0x24,0x21,0x04,0x21,0x04,0x21,0x04,0x21,0x04,0x21,0x04,0x21,0x04,0x21,
    0x04,0x21,0x04,0x21,0x04,0x21,0x04,0x21,0x04,0x21,0x04,0x21,0x04,0x21,0x04,0x21,
    0x04,0x21,0x03,0x21,0x04,0x21,0x04,0x21,0x04,0x21,0x03,0x21,0x03,0x21,0x03,0x21,
    0x03,0x21,0x03,0x21,0x03,0x21,0x03,0x21,0x03,0x21,0x03,0x21,0x03,0x21,0x03,0x21,
    0xe3,0x20,0xe3,0x20,0xe3,0x20,0x03,0x21,0xe3,0x20,0xe3,0x20,0x03,0x21,0xe3,0x20,
    0x03,0x21,0xe3,0x20,0xe3,0x20,0xe3,0x20,0xe3,0x20,0xe3,0x20,0xe3,0x20,0x03,0x21,
    0xe3,0x20,0xe3,0x20,0xe3,0x20,0xe3,0x20,0xe3,0x20,0xe3,0x20,0xe3,0x20,0xe3,0x20,
    0xe3,0x20,0xe3,0x18,0xe3,0x18,0xe3,0x20,0xe3,0x20,0xe3,0x20,0xe3,0x20,0xe3,0x20,
    0xe3,0x18,0xe3,0x18,0xe3,0x18,0xe3,0x18,0xe3,0x18,0xe3,0x18,0xe3,0x18,0xe3,0x18,
    0xe3,0x18,0xe3,0x18,0xe3,0x18,0xe3,0x18,0xe3,0x18,0xe3,0x18,0xe3,0x18,0xc3,0x18,
    0xc3,0x18,0xc3,0x18,0xe3,0x18,0xe3,0x18,0xe3,0x18,0xe3,0x18,0xc3,0x18,0xe3,0x18,
    0xc3,0x18,0xc3,0x18,0xc3,0x18,0xc3,0x18,0xc3,0x18,0xc3,0x18,0xc3,0x18,0xc3,0x18,
    0xc3,0x18,0xc3,0x18,0xc3,0x18,0xc3,0x18,0xc2,0x18,0xc2,0x18,0xc2,0x18,0xc2,0x18,
    0xc2,0x18,0xc2,0x18,0xc3,0x18,0xc2,0x18,0xc2,0x18,0xc2,0x18,0xc2,0x18,0xc2,0x18,
    0xc2,0x18,0xc2,0x18,0xc2,0x18,0xc2,0x18,0xc2,0x18,0xc2,0x18,0xc2,0x18,0xc2,0x18,
    0xc2,0x18,0xc2,0x18,0xc2,0x18,0xc2,0x18,0xa2,0x18,0xa2,0x18,0xa2,0x10,0xa2,0x18,
    0x44,0x31,0x65,0x31,0xa2,0x18,0xa2,0x10,0xa2,0x18,0xa2,0x18,0xa2,0x18,0xa2,0x18,
    0xa2,0x18,0xa2,0x18,0xa2,0x18,0xa2,0x18,0xa2,0x18,0xa2,0x18,0xa2,0x18,0xa2,0x18,
    0xa2,0x18,0xa2,0x10,0xa2,0x10,0xa2,0x10,0xa2,0x10,0xa2,0x10,0xa2,0x10,0x82,0x10,
    0x82,0x10,0x82,0x10,0x82,0x10,0x82,0x10,0x82,0x10,0x81,0x10,0x81,0x10,0x81,0x10,
    0x61,0x10,0xa2,0x18,0x04,0x29,0x04,0x21,0x79,0xd6,0x86,0x39,0x65,0x31,0x0c,0x6b,
    0xb6,0xc5,0x95,0xbd,0x20,0x08,0x61,0x10,0x61,0x08,0x82,0x10,0x65,0x31,0x2c,0x6b,
    0xae,0x7b,0xc3,0x20,0x44,0x31,0x45,0x29,0x20,0x00,0x00,0x00,0x00,0x00,0x00,0x00,
    0xa2,0x18,0xc2,0x18,0x41,0x08,0x61,0x10,0xaa,0x62,0xeb,0x62,0xca,0x62,0x65,0x39,
    0xc3,0x18,0x82,0x10,0x00,0x00,0x41,0x08,0x20,0x08,0xa6,0x39,0x75,0xbd,0x20,0x08,
    0x61,0x10,0x00,0x08,0x0f,0x8c,0xd2,0x9c,0x41,0x08,0x24,0x29,0x03,0x21,0x24,0x21,
    0x24,0x21,0x24,0x21,0x04,0x21,0x24,0x21,0x24,0x21,0x24,0x21,0x24,0x21,0x24,0x21,
    0x24,0x21,0x24,0x21,0x24,0x21,0x04,0x21,0x24,0x21,0x24,0x21,0x04,0x21,0x04,0x21,
    0x24,0x21,0x24,0x21,0x04,0x21,0x04,0x21,0x24,0x21,0x24,0x21,0x04,0x21,0x24,0x21,
    0x24,0x21,0x04,0x21,0x04,0x21,0x04,0x21,0x04,0x21,0xe3,0x20,0xe3,0x20,0xa6,0x39,
    0xc3,0x18,0x04,0x21,0x04,0x21,0x04,0x21,0x04,0x21,0x04,0x21,0x04,0x21,0x04,0x21,
    0x04,0x21,0x04,0x21,0x04,0x21,0x04,0x21,0x03,0x21,0x04,0x21,0x04,0x21,0x04,0x21,
    0x04,0x21,0x04,0x21,0x04,0x21,0x03,0x21,0x03,0x21,0x03,0x21,0x03,0x21,0x03,0x21,
    0x03,0x21,0x03,0x21,0x03,0x21,0x03,0x21,0x03,0x21,0xe3,0x20,0xe3,0x20,0xe3,0x20,
    0xe3,0x20,0x03,0x21,0x03,0x21,0xe3,0x20,0xe3,0x20,0xe3,0x20,0xe3,0x20,0x03,0x21,
    0xe3,0x20,0xe3,0x20,0xe3,0x20,0xe3,0x20,0xe3,0x20,0xe3,0x20,0xe3,0x20,0xe3,0x20,
    0xe3,0x20,0xe3,0x20,0xe3,0x20,0xe3,0x20,0xe3,0x20,0xe3,0x20,0xe3,0x20,0xe3,0x20,
    0xe3,0x20,0xe3,0x20,0xe3,0x18,0xe3,0x20,0xe3,0x20,0xe3,0x20,0xe3,0x20,0xe3,0x20,
    0xe3,0x18,0xe3,0x18,0xe3,0x18,0xe3,0x18,0xe3,0x18,0xe3,0x18,0xe3,0x18,0xe3,0x18,
    0xe3,0x18,0xe3,0x18,0xe3,0x18,0xe3,0x18,0xe3,0x18,0xe3,0x18,0xe3,0x18,0xc3,0x18,
    0xc3,0x18,0xe3,0x18,0xc3,0x18,0xe3,0x18,0xc3,0x18,0xc3,0x18,0xc3,0x18,0xc3,0x18,
    0xc3,0x18,0xc3,0x18,0xc3,0x18,0xc3,0x18,0xc3,0x18,0xc3,0x18,0xc3,0x18,0xc3,0x18,
    0xc3,0x18,0xc3,0x18,0xc3,0x18,0xc2,0x18,0xc2,0x18,0xc2,0x18,0xc2,0x18,0xc3,0x18,
    0xc3,0x18,0xc2,0x18,0xc2,0x18,0xc2,0x18,0xc2,0x18,0xc2,0x18,0xc2,0x18,0xc2,0x18,
    0xc2,0x18,0xc2,0x18,0xc2,0x18,0xc2,0x18,0xc2,0x18,0xc2,0x18,0xa2,0x18,0xa2,0x18,
    0xc2,0x18,0xa2,0x18,0xa2,0x18,0xa2,0x18,0xa2,0x18,0xa2,0x18,0x82,0x10,0xe3,0x20,
    0x65,0x31,0x24,0x29,0x82,0x10,0xa2,0x18,0xa2,0x10,0xa2,0x18,0xa2,0x18,0xa2,0x18,
    0xa2,0x18,0xa2,0x18,0xa2,0x18,0xa2,0x18,0xa2,0x18,0xa2,0x18,0xa2,0x18,0xa2,0x18,
    0xa2,0x18,0xa2,0x10,0xa2,0x10,0xa2,0x10,0xa2,0x18,0x82,0x10,0xa2,0x10,0x82,0x10,
    0x82,0x10,0x82,0x10,0x82,0x10,0x82,0x10,0x82,0x10,0x81,0x10,0x81,0x10,0x81,0x10,
    0x61,0x10,0xe3,0x20,0xc2,0x18,0x49,0x52,0x38,0xce,0x41,0x10,0x20,0x08,0x00,0x00,
    0x6d,0x73,0x91,0x9c,0x00,0x00,0x82,0x10,0x41,0x08,0xa2,0x18,0x65,0x31,0xce,0x83,
    0xeb,0x6a,0xe3,0x20,0x65,0x31,0x24,0x29,0x00,0x00,0x00,0x00,0x00,0x00,0x00,0x00,
    0xa2,0x18,0xc2,0x18,0x61,0x10,0x20,0x08,0x69,0x5a,0x0b,0x6b,0xeb,0x62,0xc6,0x41,
    0xc3,0x18,0xa2,0x18,0x00,0x00,0x41,0x08,0x61,0x08,0xa2,0x18,0x17,0xce,0x07,0x42,
    0xa2,0x18,0x81,0x10,0xaa,0x5a,0xf7,0xc5,0xa2,0x18,0x03,0x21,0xe3,0x20,0x04,0x21,
    0x04,0x21,0x24,0x21,0x24,0x21,0x24,0x21,0x24,0x21,0x24,0x21,0x04,0x21,0x24,0x21,
    0x24,0x21,0x24,0x21,0x24,0x21,0x24,0x21,0x24,0x21,0x24,0x21,0x04,0x21,0x04,0x21,
    0x04,0x21,0x04,0x21,0x24,0x21,0x24,0x21,0x24,0x21,0x24,0x21,0x24,0x21,0x04,0x21,
    0x04,0x21,0x04,0x21,0x04,0x21,0x04,0x21,0x04,0x21,0x04,0x21,0xa2,0x18,0xa6,0x39,
    0x04,0x29,0xe3,0x20,0x24,0x21,0x04,0x21,0x04,0x21,0x04,0x21,0x04,0x21,0x04,0x21,
    0x04,0x21,0x04,0x21,0x04,0x21,0x04,0x21,0x03,0x21,0x03,0x21,0x03,0x21,0x03,0x21,
    0x04,0x21,0x03,0x21,0x03,0x21,0x03,0x21,0x03,0x21,0x03,0x21,0x03,0x21,0x03,0x21,
    0x03,0x21,0x03,0x21,0x03,0x21,0x03,0x21,0x03,0x21,0xe3,0x20,0xe3,0x20,0xe3,0x20,
    0xe3,0x20,0x03,0x21,0x03,0x21,0xe3,0x20,0xe3,0x20,0xe3,0x20,0xe3,0x20,0xe3,0x20,
    0xe3,0x20,0xe3,0x20,0xe3,0x20,0xe3,0x20,0xe3,0x20,0xe3,0x20,0xe3,0x20,0xe3,0x20,
    0xe3,0x20,0xe3,0x20,0xe3,0x20,0xe3,0x20,0xe3,0x20,0xe3,0x20,0xe3,0x20,0xe3,0x20,
    0xe3,0x20,0xe3,0x20,0xe3,0x20,0xe3,0x20,0xe3,0x20,0xe3,0x20,0xe3,0x20,0xe3,0x18,
    0xe3,0x18,0xe3,0x18,0xe3,0x18,0xe3,0x18,0xe3,0x18,0xe3,0x18,0xe3,0x18,0xe3,0x18,
    0xe3,0x18,0xe3,0x18,0xe3,0x18,0xe3,0x18,0xc3,0x18,0xc3,0x18,0xc3,0x18,0xc3,0x18,
    0xc3,0x18,0xe3,0x18,0xe3,0x18,0xc3,0x18,0xe3,0x18,0xc3,0x18,0xc3,0x18,0xc3,0x18,
    0xc3,0x18,0xc3,0x18,0xc3,0x18,0xc3,0x18,0xc3,0x18,0xc3,0x18,0xc3,0x18,0xc3,0x18,
    0xc3,0x18,0xc3,0x18,0xc2,0x18,0xc2,0x18,0xc2,0x18,0xc3,0x18,0xc3,0x18,0xc3,0x18,
    0xc3,0x18,0xc3,0x18,0xc3,0x18,0xc2,0x18,0xc2,0x18,0xc2,0x18,0xc2,0x18,0xc2,0x18,
    0xc2,0x18,0xc2,0x18,0xa2,0x18,0xc2,0x18,0xc2,0x18,0xc2,0x18,0xc2,0x18,0xc2,0x18,
    0xc2,0x18,0xa2,0x18,0xa2,0x18,0xa2,0x18,0xa2,0x18,0xa2,0x18,0x82,0x10,0x24,0x29,
    0x85,0x39,0xc3,0x20,0x82,0x10,0xa2,0x10,0xa2,0x18,0xa2,0x18,0xa2,0x18,0xa2,0x18,
    0xa2,0x18,0xa2,0x18,0xa2,0x18,0xa2,0x18,0xa2,0x18,0xa2,0x18,0xa2,0x18,0xa2,0x18,
    0xa2,0x10,0xa2,0x18,0xa2,0x10,0xa2,0x10,0xa2,0x10,0x82,0x10,0xa2,0x10,0x82,0x10,
    0x82,0x10,0x82,0x10,0x82,0x10,0x82,0x10,0x81,0x10,0x82,0x10,0x81,0x10,0x81,0x10,
    0x61,0x10,0x24,0x29,0x41,0x10,0x30,0x8c,0x13,0xad,0x00,0x00,0x82,0x18,0x20,0x00,
    0x75,0xbd,0x0c,0x6b,0x00,0x00,0x82,0x10,0x41,0x08,0xe3,0x20,0x65,0x31,0x30,0x94,
    0x28,0x4a,0x03,0x29,0x65,0x39,0xe3,0x20,0x00,0x00,0x00,0x00,0x00,0x00,0x00,0x00,
    0xa2,0x18,0xa2,0x18,0x82,0x10,0x00,0x00,0xe7,0x41,0x0b,0x6b,0xeb,0x6a,0x07,0x4a,
    0xe3,0x20,0xc3,0x18,0x20,0x00,0x21,0x08,0x82,0x10,0x20,0x08,0x34,0xad,0x8e,0x7b,
    0x41,0x08,0xc2,0x18,0x44,0x29,0x58,0xd6,0x65,0x31,0xa2,0x18,0xe3,0x20,0x04,0x21,
    0x04,0x21,0x04,0x21,0x04,0x21,0x04,0x21,0x04,0x21,0x04,0x21,0x04,0x21,0x24,0x21,
    0x04,0x21,0x04,0x21,0x04,0x21,0x04,0x21,0x04,0x21,0x04,0x21,0x04,0x21,0x24,0x21,
    0x04,0x21,0x04,0x21,0x24,0x21,0x04,0x21,0x04,0x21,0x04,0x21,0x04,0x21,0x04,0x21,
    0x04,0x21,0x04,0x21,0x04,0x21,0x04,0x21,0x04,0x21,0x04,0x21,0xc3,0x18,0x44,0x29,
    0x86,0x39,0xc2,0x18,0x04,0x21,0x03,0x21,0x04,0x21,0x04,0x21,0x04,0x21,0x04,0x21,
    0x03,0x21,0xc3,0x18,0xe3,0x18,0xe3,0x20,0x03,0x21,0x03,0x21,0x03,0x21,0x03,0x21,
    0x03,0x21,0x03,0x21,0x03,0x21,0x03,0x21,0x03,0x21,0x03,0x21,0x03,0x21,0x03,0x21,
    0x03,0x21,0x03,0x21,0xe3,0x20,0xe3,0x20,0x03,0x21,0xe3,0x20,0xe3,0x20,0xe3,0x20,
    0xe3,0x20,0xe3,0x20,0xe3,0x20,0xe3,0x20,0xe3,0x20,0xe3,0x20,0xe3,0x20,0xe3,0x20,
    0xe3,0x20,0xe3,0x20,0xe3,0x20,0xe3,0x20,0xe3,0x20,0xe3,0x20,0xe3,0x20,0xe3,0x20,
    0xe3,0x20,0xe3,0x20,0xe3,0x20,0xe3,0x20,0xe3,0x20,0xe3,0x20,0xe3,0x20,0xe3,0x20,
    0xe3,0x20,0xe3,0x20,0xe3,0x20,0xe3,0x20,0xe3,0x20,0xe3,0x20,0xe3,0x18,0xe3,0x18,
    0xe3,0x18,0xe3,0x18,0xe3,0x18,0xe3,0x18,0xe3,0x18,0xe3,0x18,0xe3,0x18,0xe3,0x18,
    0xc3,0x18,0xc3,0x18,0xc3,0x18,0xc3,0x18,0xc3,0x18,0xc3,0x18,0xe3,0x18,0xc3,0x18,
    0xc3,0x18,0xc3,0x18,0xe3,0x18,0xc3,0x18,0xc3,0x18,0xc3,0x18,0xc3,0x18,0xc3,0x18,
    0xc3,0x18,0xc3,0x18,0xc3,0x18,0xc3,0x18,0xc3,0x18,0xc3,0x18,0xc3,0x18,0xc3,0x18,
    0xc3,0x18,0xc2,0x18,0xc2,0x18,0xc3,0x18,0xc3,0x18,0xc3,0x18,0xc3,0x18,0xc2,0x18,
    0xc2,0x18,0xc2,0x18,0xc2,0x18,0xc2,0x18,0xc2,0x18,0xc2,0x18,0xc2,0x18,0xc2,0x18,
    0xc2,0x18,0xc2,0x18,0xc2,0x18,0xa2,0x10,0xa2,0x10,0xa2,0x10,0xc2,0x18,0xc2,0x18,
    0xa2,0x18,0xa2,0x18,0xa2,0x18,0xa2,0x18,0xa2,0x18,0x82,0x10,0xc3,0x18,0x45,0x31,
    0x65,0x31,0x82,0x18,0xa2,0x18,0xa2,0x10,0xa2,0x18,0xa2,0x18,0xa2,0x18,0xa2,0x18,
    0xa2,0x18,0xa2,0x18,0xa2,0x18,0xa2,0x18,0xa2,0x18,0xa2,0x10,0xa2,0x18,0xa2,0x18,
    0xa2,0x10,0xa2,0x10,0xa2,0x10,0xa2,0x10,0xa2,0x10,0xa2,0x10,0x82,0x10,0xa2,0x10,
    0x82,0x10,0x82,0x10,0x82,0x10,0x82,0x10,0x82,0x10,0x82,0x10,0x82,0x10,0x81,0x10,
    0x61,0x10,0x24,0x29,0x20,0x08,0x96,0xbd,0x2c,0x6b,0x00,0x00,0x61,0x10,0xa2,0x18,
    0x58,0xd6,0x86,0x39,0x20,0x08,0x81,0x10,0x41,0x08,0x24,0x29,0xa6,0x39,0x50,0x94,
    0x65,0x39,0x04,0x29,0x65,0x39,0x82,0x10,0x00,0x00,0x00,0x00,0x00,0x00,0x00,0x00,
    0xa2,0x18,0xa2,0x18,0x82,0x10,0x00,0x00,0x24,0x29,0x0b,0x6b,0xeb,0x62,0x48,0x52,
    0x04,0x29,0xc3,0x20,0x41,0x08,0x20,0x00,0x82,0x10,0x00,0x00,0xae,0x7b,0x34,0xad,
    0x41,0x08,0xe3,0x20,0x61,0x10,0x75,0xbd,0x0b,0x6b,0x41,0x08,0x04,0x21,0x03,0x21,
    0x04,0x21,0x04,0x21,0x04,0x21,0x04,0x21,0x04,0x21,0x04,0x21,0x04,0x21,0x04,0x21,
    0x04,0x21,0x04,0x21,0x04,0x21,0x04,0x21,0x04,0x21,0x04,0x21,0x04,0x21,0x04,0x21,
    0x04,0x21,0x04,0x21,0x04,0x21,0x04,0x21,0x04,0x21,0x04,0x21,0x04,0x21,0x04,0x21,
    0x04,0x21,0x04,0x21,0x04,0x21,0x04,0x21,0x04,0x21,0x04,0x21,0x03,0x21,0xc3,0x18,
    0xc7,0x41,0xc3,0x18,0xe3,0x20,0x03,0x21,0x04,0x21,0x04,0x21,0x04,0x21,0xe3,0x18,
    0x24,0x29,0xc7,0x39,0xa6,0x39,0x65,0x31,0x03,0x21,0xe3,0x20,0x03,0x21,0x03,0x21,
    0x03,0x21,0x03,0x21,0x03,0x21,0x03,0x21,0x03,0x21,0x03,0x21,0x03,0x21,0x03,0x21,
    0xe3,0x20,0xe3,0x20,0xe3,0x20,0xe3,0x20,0xe3,0x20,0xe3,0x20,0xe3,0x20,0xe3,0x20,
    0xe3,0x20,0xe3,0x20,0xe3,0x20,0xe3,0x20,0xe3,0x20,0xe3,0x20,0xe3,0x20,0xe3,0x20,
    0xe3,0x20,0xe3,0x20,0xe3,0x20,0xe3,0x20,0xe3,0x20,0xe3,0x18,0xe3,0x20,0xe3,0x20,
    0xe3,0x20,0xe3,0x20,0xe3,0x20,0xe3,0x20,0xe3,0x20,0xe3,0x20,0xe3,0x20,0xe3,0x20,
    0xe3,0x20,0xe3,0x20,0xe3,0x20,0xe3,0x20,0xe3,0x20,0xe3,0x18,0xe3,0x18,0xe3,0x18,
    0xe3,0x18,0xe3,0x18,0xe3,0x18,0xe3,0x18,0xe3,0x18,0xe3,0x18,0xc3,0x18,0xe3,0x18,
    0xc3,0x18,0xc3,0x18,0xc3,0x18,0xc3,0x18,0xc3,0x18,0xc3,0x18,0xc3,0x18,0xc3,0x18,
    0xe3,0x18,0xc3,0x18,0xc3,0x18,0xc3,0x18,0xc3,0x18,0xc3,0x18,0xc3,0x18,0xc3,0x18,
    0xc3,0x18,0xc3,0x18,0xc3,0x18,0xc3,0x18,0xc2,0x18,0xc3,0x18,0xc3,0x18,0xc3,0x18,
    0xc3,0x18,0xc2,0x18,0xc2,0x18,0xc3,0x18,0xc3,0x18,0xc3,0x18,0xc2,0x18,0xc2,0x18,
    0xc2,0x18,0xc2,0x18,0xc2,0x18,0xc2,0x18,0xc2,0x18,0xc2,0x18,0xc2,0x18,0xa2,0x18,
    0xc2,0x18,0xa2,0x10,0xa2,0x10,0x24,0x29,0x03,0x21,0xc2,0x18,0xc3,0x18,0xa2,0x18,
    0xa2,0x18,0xa2,0x18,0xa2,0x18,0xa2,0x18,0xa2,0x18,0x82,0x10,0x04,0x29,0x65,0x31,
    0x24,0x29,0x82,0x10,0xa2,0x18,0xa2,0x10,0xa2,0x10,0xa2,0x10,0xa2,0x18,0xa2,0x18,
    0xa2,0x18,0xa2,0x18,0xa2,0x18,0xa2,0x18,0xa2,0x18,0xa2,0x18,0xa2,0x18,0xa2,0x10,
    0xa2,0x10,0xa2,0x10,0xa2,0x10,0x82,0x10,0x82,0x10,0x82,0x10,0x82,0x10,0x82,0x10,
    0x82,0x10,0x82,0x10,0x82,0x10,0x82,0x10,0x82,0x10,0x82,0x10,0x81,0x10,0x61,0x10,
    0x82,0x10,0xe3,0x20,0xa2,0x18,0x38,0xd6,0x65,0x31,0x20,0x08,0x00,0x08,0x08,0x4a,
    0x38,0xce,0x61,0x10,0x61,0x10,0x61,0x10,0x61,0x10,0x45,0x31,0x69,0x52,0x2f,0x94,
    0x03,0x29,0x24,0x31,0x45,0x31,0x41,0x08,0x00,0x00,0x00,0x00,0x00,0x00,0x00,0x00,
    0xa2,0x18,0xa2,0x18,0xa2,0x10,0x00,0x00,0xa2,0x18,0xeb,0x6a,0xca,0x62,0x89,0x5a,
    0x45,0x31,0xe3,0x20,0x82,0x10,0x20,0x00,0x62,0x10,0x41,0x08,0x08,0x42,0x17,0xce,
    0xc3,0x18,0xc3,0x18,0x20,0x08,0xcf,0x83,0xb2,0xa4,0x20,0x08,0x04,0x21,0xe3,0x20,
    0x04,0x21,0x04,0x21,0x04,0x21,0x04,0x21,0x04,0x21,0x04,0x21,0x04,0x21,0x04,0x21,
    0x04,0x21,0x04,0x21,0x04,0x21,0x04,0x21,0x04,0x21,0x04,0x21,0x04,0x21,0x04,0x21,
    0x04,0x21,0x04,0x21,0x04,0x21,0x04,0x21,0x04,0x21,0x04,0x21,0x04,0x21,0x04,0x21,
    0x04,0x21,0x04,0x21,0x04,0x21,0x04,0x21,0x04,0x21,0x04,0x21,0x04,0x21,0xa2,0x18,
    0x86,0x31,0x65,0x31,0xc2,0x18,0x04,0x21,0x03,0x21,0x03,0x21,0xe3,0x20,0x65,0x31,
    0x48,0x52,0x08,0x4a,0x69,0x5a,0xe7,0x41,0x24,0x29,0xe3,0x20,0xe3,0x20,0x03,0x21,
    0x03,0x21,0x03,0x21,0x03,0x21,0x03,0x21,0x03,0x21,0x03,0x21,0x03,0x21,0x03,0x21,
    0x03,0x21,0xe3,0x20,0xe3,0x20,0xe3,0x20,0xe3,0x20,0xe3,0x20,0xe3,0x20,0xe3,0x20,
    0xe3,0x20,0xe3,0x20,0xe3,0x20,0xe3,0x20,0xe3,0x20,0xe3,0x20,0xe3,0x20,0xe3,0x20,
    0xe3,0x20,0xe3,0x20,0xe3,0x20,0xe3,0x20,0xe3,0x20,0xe3,0x20,0xe3,0x20,0xe3,0x20,
    0xe3,0x20,0xe3,0x20,0xe3,0x20,0xe3,0x20,0xe3,0x20,0xe3,0x18,0xe3,0x20,0xe3,0x20,
    0xe3,0x20,0xe3,0x20,0xe3,0x20,0xe3,0x18,0xe3,0x18,0xe3,0x18,0xe3,0x18,0xe3,0x18,
    0xe3,0x18,0xc3,0x18,0xe3,0x18,0xe3,0x18,0xe3,0x18,0xe3,0x18,0xe3,0x18,0xc3,0x18,
    0xc3,0x18,0xc3,0x18,0xc3,0x18,0xc3,0x18,0xc3,0x18,0xc3,0x18,0xe3,0x18,0xc3,0x18,
    0xc3,0x18,0xc3,0x18,0xc3,0x18,0xc3,0x18,0xc3,0x18,0xc3,0x18,0xc3,0x18,0xc3,0x18,
    0xc3,0x18,0xc3,0x18,0xc3,0x18,0xc3,0x18,0xc2,0x18,0xc3,0x18,0xc3,0x18,0xc3,0x18,
    0xc3,0x18,0xc2,0x18,0xc2,0x18,0xc2,0x18,0xc2,0x18,0xc2,0x18,0xc2,0x18,0xc2,0x18,
    0xc2,0x18,0xc2,0x18,0xc2,0x18,0xc2,0x18,0xc2,0x18,0xc2,0x18,0xc2,0x18,0xc2,0x18,
    0xa2,0x18,0xc3,0x18,0x28,0x4a,0xa6,0x39,0xe7,0x41,0xc6,0x41,0xc3,0x20,0xc3,0x18,
    0xa2,0x18,0xa2,0x18,0xa2,0x18,0xa2,0x18,0x82,0x10,0xc2,0x18,0x44,0x31,0x86,0x39,
    0xa2,0x18,0xa2,0x10,0xa2,0x18,0xa2,0x10,0xa2,0x18,0xa2,0x18,0xa2,0x18,0xa2,0x18,
    0xa2,0x18,0xa2,0x18,0xa2,0x18,0xa2,0x18,0xa2,0x18,0xa2,0x18,0xa2,0x10,0xa2,0x10,
    0xa2,0x10,0xa2,0x10,0x82,0x10,0x82,0x10,0x82,0x10,0x82,0x10,0xa2,0x10,0x82,0x10,
    0x82,0x10,0x82,0x10,0x82,0x10,0x82,0x10,0x81,0x10,0x82,0x10,0x82,0x10,0x61,0x10,
    0xc3,0x18,0x61,0x10,0x28,0x4a,0xd6,0xc5,0x20,0x08,0x61,0x10,0x00,0x00,0xcf,0x83,
    0xf3,0xa4,0x00,0x00,0x82,0x10,0x61,0x10,0xc2,0x18,0x45,0x31,0x4c,0x73,0x8d,0x7b,
    0xc3,0x20,0x44,0x31,0x24,0x29,0x20,0x00,0x00,0x00,0x00,0x00,0x00,0x00,0x00,0x00,
    0xa2,0x18,0x82,0x10,0xa2,0x10,0x41,0x08,0x20,0x00,0x8a,0x5a,0xeb,0x62,0x8a,0x5a,
    0xa6,0x41,0x03,0x21,0xc3,0x18,0x20,0x00,0x61,0x08,0x61,0x10,0xe3,0x20,0x38,0xce,
    0xc7,0x41,0x61,0x10,0x61,0x08,0x07,0x42,0xf7,0xc5,0x82,0x18,0xe4,0x20,0xe3,0x20,
    0x04,0x21,0x04,0x21,0x04,0x21,0x04,0x21,0x04,0x21,0x04,0x21,0x04,0x21,0x04,0x21,
    0x04,0x21,0x04,0x21,0x04,0x21,0x04,0x21,0x04,0x21,0x04,0x21,0x04,0x21,0x04,0x21,
    0x04,0x21,0x04,0x21,0x04,0x21,0x04,0x21,0x04,0x21,0x04,0x21,0x04,0x21,0x04,0x21,
    0x04,0x21,0x04,0x21,0x04,0x21,0x04,0x21,0x04,0x21,0x04,0x21,0x04,0x21,0xe3,0x20,
    0xe3,0x20,0xe7,0x41,0xc3,0x18,0x03,0x21,0xe3,0x20,0xe3,0x20,0x03,0x21,0xe7,0x49,
    0x69,0x5a,0x95,0xbd,0xba,0xde,0x99,0xd6,0x6d,0x7b,0x04,0x29,0xe3,0x20,0x03,0x21,
    0xe3,0x20,0x03,0x21,0x03,0x21,0x03,0x21,0xe3,0x20,0xe3,0x20,0xe3,0x20,0xe3,0x20,
    0xe3,0x20,0xe3,0x20,0xe3,0x20,0xe3,0x20,0xe3,0x20,0xe3,0x20,0xe3,0x20,0xe3,0x20,
    0xe3,0x20,0xe3,0x20,0xe3,0x20,0xe3,0x20,0xe3,0x20,0xe3,0x20,0xe3,0x20,0xe3,0x20,
    0xe3,0x20,0xe3,0x20,0xe3,0x20,0xe3,0x20,0xe3,0x20,0xe3,0x20,0xe3,0x20,0xe3,0x20,
    0xe3,0x18,0xe3,0x18,0xe3,0x20,0xe3,0x18,0xe3,0x20,0xe3,0x18,0xe3,0x20,0xe3,0x20,
    0xe3,0x18,0xe3,0x18,0xe3,0x18,0xe3,0x18,0xe3,0x18,0xe3,0x18,0xe3,0x18,0xe3,0x18,
    0xe3,0x18,0xe3,0x18,0xe3,0x18,0xe3,0x18,0xc3,0x18,0xc3,0x18,0xc3,0x18,0xc3,0x18,
    0xc3,0x18,0xc3,0x18,0xc3,0x18,0xc3,0x18,0xe3,0x18,0xc3,0x18,0xe3,0x18,0xc3,0x18,
    0xc3,0x18,0xc3,0x18,0xc3,0x18,0xc3,0x18,0xc3,0x18,0xc3,0x18,0xc3,0x18,0xc3,0x18,
    0xc3,0x18,0xc3,0x18,0xc3,0x18,0xc2,0x18,0xc3,0x18,0xc2,0x18,0xc2,0x18,0xc2,0x18,
    0xc2,0x18,0xc3,0x18,0xc2,0x18,0xc2,0x18,0xc2,0x18,0xc2,0x18,0xc2,0x18,0xc2,0x18,
    0xc2,0x18,0xc2,0x18,0xc2,0x18,0xc2,0x18,0xc2,0x18,0xc2,0x18,0xc2,0x18,0xc2,0x18,
    0x82,0x10,0xe7,0x41,0xe7,0x41,0x71,0x94,0x79,0xd6,0xba,0xde,0x71,0x94,0x04,0x29,
    0xc2,0x18,0xa2,0x18,0xa2,0x18,0xa2,0x18,0x82,0x10,0x04,0x29,0x65,0x31,0x45,0x31,
    0x82,0x10,0xa2,0x18,0xa2,0x18,0xa2,0x18,0xa2,0x18,0xa2,0x18,0xa2,0x18,0xa2,0x18,
    0xa2,0x18,0xa2,0x18,0xa2,0x18,0xa2,0x10,0xa2,0x18,0xa2,0x18,0xa2,0x10,0xa2,0x10,
    0xa2,0x10,0xa2,0x10,0x82,0x10,0xa2,0x10,0xa2,0x10,0x82,0x10,0x82,0x10,0x82,0x10,
    0x82,0x10,0x82,0x10,0x82,0x10,0x82,0x10,0x82,0x10,0x82,0x10,0x82,0x10,0x61,0x10,
    0x04,0x29,0x00,0x00,0x10,0x8c,0x50,0x94,0x00,0x00,0x81,0x10,0x00,0x00,0x96,0xbd,
    0x2c,0x6b,0x00,0x00,0x82,0x10,0x61,0x10,0x24,0x29,0x65,0x31,0x0f,0x8c,0x69,0x5a,
    0xe3,0x20,0x65,0x31,0xe3,0x20,0x00,0x00,0x00,0x00,0x00,0x00,0x00,0x00,0x00,0x00,
    0x82,0x10,0x82,0x10,0x82,0x10,0x61,0x10,0x00,0x00,0x07,0x4a,0x0b,0x6b,0x8a,0x5a,
    0x07,0x4a,0x03,0x21,0xe3,0x20,0x21,0x08,0x41,0x08,0x82,0x10,0x20,0x08,0x34,0xad,
    0x6d,0x73,0x00,0x00,0xc3,0x18,0xa2,0x18,0x17,0xce,0x08,0x4a,0xa2,0x18,0x04,0x21,
    0xe3,0x20,0x04,0x21,0x04,0x21,0x04,0x21,0x04,0x21,0x04,0x21,0x04,0x21,0x04,0x21,
    0x04,0x21,0x04,0x21,0x04,0x21,0x04,0x21,0x04,0x21,0x04,0x21,0x04,0x21,0x04,0x21,
    0x04,0x21,0x04,0x21,0x04,0x21,0x04,0x21,0x04,0x21,0x04,0x21,0x03,0x21,0x04,0x21,
    0x04,0x21,0x04,0x21,0x04,0x21,0x04,0x21,0x04,0x21,0x03,0x21,0x03,0x21,0x04,0x21,
    0xa2,0x18,0x86,0x39,0x45,0x29,0xc3,0x18,0x03,0x21,0xc3,0x18,0x24,0x29,0x86,0x39,
    0x95,0xbd,0x7d,0xf7,0x3c,0xef,0x9e,0xf7,0x3c,0xef,0x07,0x4a,0xa2,0x18,0xe3,0x20,
    0xe3,0x20,0x03,0x21,0x03,0x21,0xe3,0x20,0xe3,0x20,0xe3,0x20,0xe3,0x20,0xe3,0x20,
    0xe3,0x20,0xe3,0x20,0xe3,0x20,0xe3,0x20,0xe3,0x20,0xe3,0x20,0xe3,0x20,0xe3,0x20,
    0xe3,0x20,0xe3,0x20,0xe3,0x20,0xe3,0x20,0xe3,0x20,0xe3,0x18,0xe3,0x20,0xe3,0x20,
    0xe3,0x20,0xe3,0x20,0xe3,0x20,0xe3,0x20,0xe3,0x20,0xe3,0x20,0xe3,0x20,0xe3,0x18,
    0xe3,0x18,0xe3,0x18,0xe3,0x18,0xe3,0x20,0xe3,0x20,0xe3,0x20,0xe3,0x20,0xe3,0x20,
    0xe3,0x18,0xe3,0x18,0xe3,0x18,0xe3,0x20,0xe3,0x18,0xe3,0x20,0xe3,0x18,0xe3,0x18,
    0xe3,0x18,0xe3,0x18,0xc3,0x18,0xc3,0x18,0xc3,0x18,0xc3,0x18,0xc3,0x18,0xc3,0x18,
    0xc3,0x18,0xc3,0x18,0xc3,0x18,0xe3,0x18,0xc3,0x18,0xc3,0x18,0xc3,0x18,0xc3,0x18,
    0xc3,0x18,0xc3,0x18,0xc3,0x18,0xc3,0x18,0xc3,0x18,0xc3,0x18,0xc3,0x18,0xc3,0x18,
    0xc2,0x18,0xc2,0x18,0xc2,0x18,0xc2,0x18,0xc2,0x18,0xc2,0x18,0xc3,0x18,0xc2,0x18,
    0xc2,0x18,0xc3,0x18,0xc3,0x18,0xc2,0x18,0xc2,0x18,0xc2,0x18,0xc2,0x18,0xc2,0x18,
    0xc2,0x18,0xc2,0x18,0xc2,0x18,0xc2,0x18,0xc2,0x18,0xc2,0x18,0xc2,0x18,0xa2,0x10,
    0xe3,0x20,0x65,0x31,0xef,0x8b,0x3c,0xef,0x3c,0xef,0x5c,0xef,0xbe,0xff,0x2c,0x6b,
    0x61,0x10,0xa2,0x10,0xa2,0x18,0x82,0x10,0xa2,0x18,0x24,0x31,0x86,0x39,0xc3,0x18,
    0xa2,0x10,0xa2,0x18,0xa2,0x18,0xa2,0x18,0xa2,0x10,0xa2,0x18,0xa2,0x18,0xa2,0x18,
    0xa2,0x18,0xa2,0x18,0xa2,0x18,0xa2,0x10,0xa2,0x18,0xa2,0x10,0xa2,0x10,0xa2,0x10,
    0x82,0x10,0x82,0x10,0x82,0x10,0x82,0x10,0x82,0x10,0x82,0x10,0x82,0x10,0x82,0x10,
    0x82,0x10,0x82,0x10,0x82,0x10,0x82,0x10,0x82,0x10,0x82,0x10,0x81,0x10,0x82,0x10,
    0x24,0x29,0x41,0x08,0xb6,0xbd,0x28,0x4a,0x00,0x00,0x20,0x08,0xc2,0x18,0x58,0xd6,
    0x65,0x31,0x20,0x08,0x61,0x10,0x61,0x10,0x65,0x31,0xe7,0x41,0x91,0x9c,0x86,0x39,
    0x04,0x29,0x65,0x31,0xa2,0x18,0x00,0x00,0x00,0x00,0x00,0x00,0x00,0x00,0x40,0x08,
    0xa2,0x18,0x82,0x10,0x82,0x10,0x81,0x10,0x00,0x00,0x24,0x29,0x0b,0x6b,0xaa,0x5a,
    0x49,0x52,0x24,0x31,0xe3,0x20,0x61,0x10,0x20,0x08,0x82,0x10,0x00,0x00,0x2c,0x6b,
    0x14,0xad,0x00,0x00,0x61,0x10,0x00,0x00,0x71,0x94,0x30,0x8c,0x21,0x08,0x04,0x29,
    0xe3,0x20,0x04,0x21,0x04,0x21,0x04,0x21,0x04,0x21,0x04,0x21,0x04,0x21,0x04,0x21,
    0x04,0x21,0x04,0x21,0x04,0x21,0x04,0x21,0x04,0x21,0x04,0x21,0x04,0x21,0x04,0x21,
    0x04,0x21,0x04,0x21,0x04,0x21,0x04,0x21,0x04,0x21,0x04,0x21,0x04,0x21,0x04,0x21,
    0x04,0x21,0x04,0x21,0x03,0x21,0x03,0x21,0x03,0x21,0x03,0x21,0x03,0x21,0x04,0x21,
    0xc3,0x18,0xe3,0x20,0xa6,0x39,0xa2,0x18,0xe3,0x20,0xe3,0x18,0xe3,0x20,0x08,0x4a,
    0xba,0xde,0x3c,0xef,0x5d,0xf7,0x5c,0xef,0x9e,0xff,0x2c,0x6b,0x41,0x08,0xe3,0x20,
    0xe3,0x20,0xe3,0x20,0xe3,0x20,0xe3,0x20,0xe3,0x20,0xe3,0x20,0xe3,0x20,0xe3,0x20,
    0xe3,0x20,0xe3,0x20,0xe3,0x20,0xe3,0x20,0xe3,0x20,0xe3,0x20,0xe3,0x20,0xe3,0x20,
    0xe3,0x20,0xe3,0x20,0xe3,0x20,0xe3,0x20,0xe3,0x20,0xe3,0x20,0xe3,0x18,0xe3,0x20,
    0xe3,0x20,0xe3,0x20,0xe3,0x20,0xe3,0x20,0xe3,0x20,0xe3,0x20,0xe3,0x20,0xe3,0x20,
    0xe3,0x20,0xe3,0x20,0xe3,0x20,0xe3,0x18,0xe3,0x20,0xe3,0x18,0xe3,0x20,0xe3,0x18,
    0xe3,0x18,0xe3,0x20,0xe3,0x18,0xe3,0x18,0xe3,0x18,0xe3,0x18,0xe3,0x18,0xe3,0x18,
    0xe3,0x18,0xe3,0x18,0xe3,0x18,0xc3,0x18,0xe3,0x18,0xc3,0x18,0xc3,0x18,0xc3,0x18,
    0xc3,0x18,0xc3,0x18,0xc3,0x18,0xc3,0x18,0xc3,0x18,0xc3,0x18,0xc3,0x18,0xc3,0x18,
    0xc3,0x18,0xc3,0x18,0xc3,0x18,0xc3,0x18,0xc3,0x18,0xc3,0x18,0xc3,0x18,0xc3,0x18,
    0xc3,0x18,0xc3,0x18,0xc3,0x18,0xc3,0x18,0xc3,0x18,0xc3,0x18,0xc3,0x18,0xc3,0x18,
    0xc2,0x18,0xc2,0x18,0xc2,0x18,0xc3,0x18,0xc2,0x18,0xc2,0x18,0xc2,0x18,0xc2,0x18,
    0xc2,0x18,0xc2,0x18,0xc2,0x18,0xc2,0x18,0xc2,0x18,0xa2,0x18,0xa2,0x18,0xa2,0x10,
    0xc3,0x18,0x24,0x29,0x96,0xbd,0x3c,0xef,0x3c,0xef,0x3c,0xef,0x9d,0xf7,0xb2,0x9c,
    0x61,0x10,0x82,0x10,0xa2,0x10,0x61,0x10,0xe3,0x20,0x65,0x31,0x65,0x31,0x81,0x10,
    0xa2,0x18,0xa2,0x18,0xa2,0x18,0xa2,0x18,0xa2,0x18,0xa2,0x18,0xa2,0x18,0xa2,0x18,
    0xa2,0x18,0xa2,0x18,0xa2,0x18,0xa2,0x18,0xa2,0x10,0xa2,0x10,0xa2,0x10,0xa2,0x10,
    0x82,0x10,0x82,0x10,0x82,0x10,0x82,0x10,0xa2,0x10,0x82,0x10,0xa2,0x10,0x82,0x10,
    0x82,0x10,0x82,0x10,0x82,0x10,0x81,0x10,0x82,0x10,0x82,0x10,0x61,0x10,0xc3,0x18,
    0xc3,0x18,0x86,0x39,0xd6,0xc5,0x00,0x00,0x00,0x00,0x00,0x00,0x49,0x52,0xb6,0xbd,
    0x20,0x08,0x61,0x10,0x61,0x10,0xc2,0x18,0x86,0x39,0xca,0x62,0x50,0x94,0x04,0x29,
    0x44,0x31,0x45,0x31,0x41,0x08,0x00,0x00,0x00,0x00,0x00,0x00,0x00,0x00,0x82,0x10,
    0x82,0x10,0x82,0x10,0x82,0x10,0x82,0x10,0x00,0x00,0x82,0x10,0xca,0x62,0xaa,0x62,
    0x89,0x5a,0x86,0x39,0xe3,0x20,0x82,0x10,0x00,0x00,0x61,0x08,0x20,0x08,0x45,0x29,
    0xd7,0xc5,0x03,0x21,0xe7,0x41,0x30,0x8c,0xda,0xde,0xd7,0xc5,0x62,0x10,0x04,0x21,
    0xe3,0x20,0x04,0x21,0x03,0x21,0x04,0x21,0x03,0x21,0x04,0x21,0x04,0x21,0x04,0x21,
    0x04,0x21,0x04,0x21,0x04,0x21,0x04,0x21,0x04,0x21,0x04,0x21,0x04,0x21,0x04,0x21,
    0x03,0x21,0x03,0x21,0x04,0x21,0x04,0x21,0x04,0x21,0x04,0x21,0x04,0x21,0x03,0x21,
    0x04,0x21,0x03,0x21,0x03,0x21,0x03,0x21,0x03,0x21,0x03,0x21,0x03,0x21,0xe3,0x20,
    0x03,0x21,0xa2,0x18,0x85,0x31,0x24,0x29,0xa2,0x18,0xe3,0x20,0xc3,0x18,0x65,0x39,
    0x99,0xd6,0x9e,0xf7,0x3c,0xef,0x7d,0xf7,0x7d,0xf7,0x69,0x52,0x41,0x10,0xe3,0x20,
    0xe3,0x20,0xe3,0x20,0xe3,0x20,0xe3,0x20,0xe3,0x20,0xe3,0x20,0xe3,0x20,0xe3,0x20,
    0xe3,0x20,0xe3,0x20,0xe3,0x20,0xe3,0x20,0xe3,0x20,0xe3,0x20,0xe3,0x20,0xe3,0x20,
    0xe3,0x20,0xe3,0x20,0xe3,0x20,0xe3,0x20,0xe3,0x20,0xe3,0x20,0xe3,0x20,0xe3,0x20,
    0xe3,0x20,0xe3,0x20,0xe3,0x18,0xe3,0x20,0xe3,0x18,0xe3,0x20,0xe3,0x20,0xe3,0x20,
    0xe3,0x18,0xe3,0x18,0xe3,0x18,0xe3,0x18,0xe3,0x18,0xe3,0x18,0xe3,0x18,0xe3,0x18,
    0xe3,0x18,0xe3,0x18,0xe3,0x18,0xe3,0x18,0xe3,0x18,0xe3,0x18,0xe3,0x18,0xe3,0x18,
    0xc3,0x18,0xe3,0x18,0xc3,0x18,0xc3,0x18,0xc3,0x18,0xc3,0x18,0xc3,0x18,0xc3,0x18,
    0xc3,0x18,0xc3,0x18,0xc3,0x18,0xc3,0x18,0xc3,0x18,0xc3,0x18,0xc3,0x18,0xc3,0x18,
    0xc3,0x18,0xc3,0x18,0xc3,0x18,0xc3,0x18,0xc3,0x18,0xc2,0x18,0xc3,0x18,0xc3,0x18,
    0xc3,0x18,0xc3,0x18,0xc3,0x18,0xc3,0x18,0xc3,0x18,0xc2,0x18,0xc2,0x18,0xc2,0x18,
    0xc2,0x18,0xc2,0x18,0xc2,0x18,0xc2,0x18,0xc2,0x18,0xc2,0x18,0xc2,0x18,0xc2,0x18,
    0xc2,0x18,0xc2,0x18,0xa2,0x18,0xc2,0x18,0xa2,0x18,0xa2,0x18,0xa2,0x18,0xa2,0x18,
    0xa2,0x10,0xa2,0x18,0xf3,0xa4,0xbe,0xff,0x3c,0xef,0x3c,0xef,0xde,0xff,0xef,0x83,
    0x41,0x10,0x82,0x10,0x81,0x10,0x82,0x18,0x24,0x29,0x85,0x31,0xc3,0x18,0x82,0x10,
    0xa2,0x18,0xa2,0x18,0xa2,0x18,0xa2,0x18,0xa2,0x18,0xa2,0x18,0xa2,0x18,0xa2,0x18,
    0xa2,0x18,0xa2,0x18,0xa2,0x10,0xa2,0x10,0xa2,0x10,0xa2,0x10,0xa2,0x10,0x82,0x10,
    0x82,0x10,0x82,0x10,0xa2,0x10,0x82,0x10,0x82,0x10,0x82,0x10,0x82,0x10,0x82,0x10,
    0x82,0x10,0x82,0x10,0x82,0x10,0x82,0x10,0x82,0x10,0x82,0x10,0x61,0x10,0x04,0x29,
    0x41,0x08,0x6d,0x73,0x3c,0xf7,0x91,0x9c,0x28,0x4a,0x20,0x00,0x71,0x94,0xef,0x83,
    0x00,0x00,0x61,0x10,0x61,0x08,0x24,0x29,0xc6,0x41,0xef,0x8b,0x4c,0x73,0x03,0x29,
    0x45,0x31,0x04,0x29,0x00,0x00,0x00,0x00,0x00,0x00,0x00,0x00,0x00,0x00,0xc3,0x18,
    0x81,0x10,0x82,0x10,0x82,0x10,0x82,0x10,0x20,0x08,0x00,0x00,0x48,0x52,0xca,0x62,
    0xaa,0x62,0xe7,0x49,0xe3,0x20,0xa2,0x18,0x00,0x00,0x41,0x08,0x61,0x10,0x20,0x08,
    0x13,0xad,0x79,0xd6,0xdb,0xe6,0xf7,0xc5,0x0f,0x84,0x79,0xd6,0xc7,0x41,0xa2,0x18,
    0xe3,0x20,0xe3,0x20,0x03,0x21,0x03,0x21,0x04,0x21,0x03,0x21,0x04,0x21,0x04,0x21,
    0x04,0x21,0x04,0x21,0x04,0x21,0x04,0x21,0x04,0x21,0x04,0x21,0x04,0x21,0x04,0x21,
    0x04,0x21,0x04,0x21,0x04,0x21,0x04,0x21,0x04,0x21,0x03,0x21,0x03,0x21,0x03,0x21,
    0x03,0x21,0x03,0x21,0x03,0x21,0x03,0x21,0x03,0x21,0x03,0x21,0x03,0x21,0x03,0x21,
    0x03,0x21,0xc3,0x18,0xc3,0x18,0x86,0x39,0xa2,0x18,0xc3,0x18,0xe3,0x20,0xe3,0x20,
    0x4d,0x73,0x3c,0xef,0x9d,0xf7,0x9d,0xf7,0xb2,0xa4,0xe3,0x20,0xa2,0x18,0xe3,0x20,
    0xe3,0x20,0xe3,0x20,0xe3,0x20,0xe3,0x20,0xe3,0x20,0xe3,0x20,0xe3,0x20,0xe3,0x20,
    0xe3,0x20,0xe3,0x20,0xe3,0x20,0xe3,0x20,0xe3,0x20,0xe3,0x20,0xe3,0x20,0xe3,0x20,
    0xe3,0x20,0xe3,0x18,0xe3,0x20,0xe3,0x20,0xe3,0x18,0xe3,0x20,0xe3,0x20,0xe3,0x18,
    0xe3,0x18,0xe3,0x18,0xe3,0x18,0xe3,0x18,0xe3,0x18,0xe3,0x18,0xe3,0x20,0xe3,0x20,
    0xe3,0x20,0xe3,0x18,0xe3,0x18,0xe3,0x18,0xe3,0x18,0xe3,0x18,0xe3,0x18,0xe3,0x18,
    0xe3,0x18,0xe3,0x18,0xe3,0x18,0xe3,0x18,0xe3,0x18,0xc3,0x18,0xe3,0x18,0xe3,0x18,
    0xc3,0x18,0xc3,0x18,0xc3,0x18,0xc3,0x18,0xc3,0x18,0xc3,0x18,0xc3,0x18,0xc3,0x18,
    0xc3,0x18,0xc3,0x18,0xc3,0x18,0xc3,0x18,0xc3,0x18,0xc3,0x18,0xc3,0x18,0xc3,0x18,
    0xc3,0x18,0xc3,0x18,0xc3,0x18,0xc3,0x18,0xc3,0x18,0xc3,0x18,0xc3,0x18,0xc3,0x18,
    0xc2,0x18,0xc2,0x18,0xc3,0x18,0xc3,0x18,0xc2,0x18,0xc2,0x18,0xc3,0x18,0xc2,0x18,
    0xc2,0x18,0xc2,0x18,0xc2,0x18,0xc2,0x18,0xc2,0x18,0xc2,0x18,0xc2,0x18,0xc2,0x18,
    0xa2,0x18,0xa2,0x18,0xc2,0x18,0xa2,0x18,0xc2,0x18,0xa2,0x18,0xa2,0x18,0xa2,0x18,
    0xa2,0x18,0x82,0x10,0xc7,0x41,0x17,0xc6,0x5c,0xf7,0x5d,0xf7,0xb6,0xbd,0x86,0x39,
    0x61,0x10,0x82,0x10,0x61,0x10,0x03,0x21,0x65,0x31,0x45,0x31,0x81,0x10,0xa2,0x18,
    0xa2,0x18,0xa2,0x18,0xa2,0x10,0xa2,0x18,0xa2,0x18,0xa2,0x10,0xa2,0x10,0xa2,0x10,
    0xa2,0x10,0xa2,0x10,0xa2,0x10,0xa2,0x10,0xa2,0x10,0xa2,0x10,0x82,0x10,0x82,0x10,
    0x82,0x10,0x82,0x10,0xa2,0x10,0x82,0x10,0x82,0x10,0x82,0x10,0x82,0x10,0x82,0x10,
    0x82,0x10,0x82,0x10,0x82,0x10,0x82,0x10,0x82,0x10,0x81,0x10,0x81,0x10,0x24,0x29,
    0x41,0x08,0x95,0xbd,0x71,0x94,0x13,0xad,0xda,0xe6,0xf7,0xcd,0x38,0xd6,0x86,0x39,
    0x00,0x00,0x61,0x10,0x41,0x08,0xa6,0x39,0x28,0x4a,0xd2,0xa4,0x07,0x4a,0x24,0x29,
    0x65,0x31,0xc3,0x18,0x00,0x00,0x00,0x00,0x00,0x00,0x00,0x00,0x20,0x08,0xa2,0x18,
    0x41,0x08,0x82,0x18,0x82,0x10,0x82,0x10,0x61,0x10,0x00,0x00,0xa6,0x39,0xea,0x62,
    0xaa,0x5a,0x48,0x52,0x04,0x29,0xc3,0x20,0x20,0x08,0x20,0x00,0x61,0x10,0x00,0x00,
    0xae,0x7b,0xb6,0xc5,0x45,0x29,0x82,0x10,0x00,0x00,0x14,0xad,0xcf,0x83,0x20,0x08,
    0x04,0x21,0xe3,0x20,0x03,0x21,0x03,0x21,0x03,0x21,0x03,0x21,0x04,0x21,0x04,0x21,
    0x04,0x21,0x03,0x21,0x03,0x21,0x04,0x21,0x04,0x21,0x04,0x21,0x04,0x21,0x04,0x21,
    0x04,0x21,0x04,0x21,0x03,0x21,0x03,0x21,0x03,0x21,0x03,0x21,0x03,0x21,0x03,0x21,
    0x03,0x21,0x03,0x21,0x03,0x21,0x03,0x21,0x03,0x21,0x03,0x21,0x03,0x21,0xe3,0x20,
    0xe3,0x20,0x03,0x21,0xa2,0x18,0x65,0x31,0x45,0x31,0xa2,0x18,0xe3,0x20,0xe3,0x20,
    0xc3,0x20,0x08,0x4a,0x8d,0x73,0x69,0x52,0xc3,0x20,0xa2,0x18,0xe3,0x20,0xe3,0x20,
    0xe3,0x20,0xe3,0x20,0xe3,0x20,0xe3,0x20,0xe3,0x20,0xe3,0x20,0xe3,0x20,0xe3,0x20,
    0xe3,0x20,0xe3,0x20,0xe3,0x20,0xe3,0x20,0xe3,0x20,0xe3,0x20,0xe3,0x20,0xe3,0x20,
    0xe3,0x20,0xe3,0x20,0xe3,0x20,0xe3,0x20,0xe3,0x20,0xe3,0x20,0xe3,0x18,0xe3,0x18,
    0xe3,0x18,0xe3,0x20,0xe3,0x20,0xe3,0x20,0xe3,0x20,0xe3,0x20,0xe3,0x20,0xe3,0x20,
    0xe3,0x18,0xe3,0x18,0xe3,0x18,0xe3,0x18,0xe3,0x20,0xe3,0x18,0xe3,0x18,0xe3,0x18,
    0xe3,0x18,0xe3,0x18,0xe3,0x18,0xc3,0x18,0xc3,0x18,0xe3,0x18,0xc3,0x18,0xc3,0x18,
    0xc3,0x18,0xc3,0x18,0xc3,0x18,0xc3,0x18,0xc3,0x18,0xc3,0x18,0xc3,0x18,0xc3,0x18,
    0xc3,0x18,0xc3,0x18,0xc2,0x18,0xc3,0x18,0xc3,0x18,0xc3,0x18,0xc3,0x18,0xc3,0x18,
    0xc3,0x18,0xc3,0x18,0xc3,0x18,0xc3,0x18,0xc3,0x18,0xc3,0x18,0xc3,0x18,0xc3,0x18,
    0xc2,0x18,0xc2,0x18,0xc2,0x18,0xc2,0x18,0xc2,0x18,0xc2,0x18,0xc2,0x18,0xc2,0x18,
    0xc2,0x18,0xc2,0x18,0xc2,0x18,0xc2,0x18,0xc2,0x18,0xc2,0x18,0xc2,0x18,0xc2,0x18,
    0xc2,0x18,0xc2,0x18,0xc2,0x18,0xa2,0x18,0xa2,0x18,0xa2,0x18,0xa2,0x18,0xa2,0x18,
    0xa2,0x18,0xa2,0x10,0x82,0x10,0x03,0x21,0x8a,0x5a,0x8a,0x5a,0xe4,0x28,0x82,0x10,
    0x82,0x10,0x82,0x10,0xe3,0x20,0x44,0x31,0xa6,0x39,0xc2,0x18,0x82,0x10,0xa2,0x18,
    0xa2,0x10,0xa2,0x18,0xa2,0x10,0xa2,0x10,0xa2,0x10,0xa2,0x10,0xa2,0x10,0xa2,0x10,
    0xa2,0x10,0xa2,0x10,0xa2,0x10,0xa2,0x10,0xa2,0x10,0xa2,0x18,0x82,0x10,0xa2,0x10,
    0xa2,0x10,0x82,0x10,0xa2,0x10,0x82,0x10,0x82,0x10,0x82,0x10,0x82,0x10,0x82,0x10,
    0x82,0x10,0x82,0x10,0x82,0x10,0x82,0x10,0x82,0x10,0x61,0x10,0xc3,0x18,0xc2,0x18,
    0x65,0x31,0x58,0xd6,0x61,0x10,0x00,0x00,0xe3,0x20,0x71,0x94,0xd6,0xc5,0x20,0x08,
    0x41,0x08,0x41,0x08,0x61,0x10,0xc7,0x41,0xca,0x62,0xd2,0xa4,0x24,0x29,0x45,0x31,
    0x65,0x31,0x61,0x10,0x00,0x00,0x00,0x00,0x00,0x00,0x00,0x00,0x61,0x10,0x81,0x10,
    0x20,0x08,0x82,0x10,0x82,0x10,0x81,0x10,0x81,0x10,0x00,0x00,0xe3,0x20,0xca,0x62,
    0x89,0x5a,0x69,0x5a,0x65,0x31,0xe3,0x20,0x61,0x10,0x00,0x00,0x61,0x08,0x20,0x00,
    0xe7,0x41,0x96,0xbd,0x61,0x10,0xc3,0x18,0x61,0x10,0xaa,0x5a,0x96,0xbd,0x41,0x08,
    0xe4,0x20,0xc3,0x18,0x03,0x21,0x03,0x21,0x03,0x21,0x03,0x21,0x03,0x21,0x03,0x21,
    0x03,0x21,0x04,0x21,0x04,0x21,0x03,0x21,0x04,0x21,0x04,0x21,0x03,0x21,0x03,0x21,
    0x03,0x21,0x03,0x21,0x03,0x21,0x03,0x21,0x03,0x21,0x03,0x21,0x03,0x21,0x03,0x21,
    0x03,0x21,0x03,0x21,0x04,0x21,0xe3,0x20,0x03,0x21,0xe3,0x20,0xe3,0x20,0xe3,0x20,
    0xe3,0x20,0xe3,0x20,0xe3,0x18,0xc3,0x18,0xa6,0x39,0xc3,0x20,0xc3,0x20,0xe3,0x20,
    0xc3,0x18,0x82,0x10,0x41,0x08,0x61,0x10,0xa2,0x18,0xe3,0x20,0xe3,0x20,0xe3,0x20,
    0xe3,0x20,0xe3,0x20,0xe3,0x20,0xe3,0x20,0xe3,0x20,0xe3,0x20,0xe3,0x20,0xe3,0x20,
    0xe3,0x20,0xe3,0x20,0xe3,0x20,0xe3,0x20,0xe3,0x20,0xe3,0x20,0xe3,0x20,0xe3,0x20,
    0xe3,0x20,0xe3,0x20,0xe3,0x20,0xe3,0x20,0xe3,0x18,0xe3,0x18,0xe3,0x20,0xe3,0x20,
    0xe3,0x20,0xe3,0x20,0xe3,0x20,0xe3,0x20,0xe3,0x20,0xe3,0x20,0xe3,0x18,0xe3,0x18,
    0xe3,0x18,0xe3,0x18,0xe3,0x18,0xe3,0x18,0xe3,0x18,0xe3,0x18,0xe3,0x18,0xe3,0x18,
    0xc3,0x18,0xe3,0x18,0xe3,0x18,0xe3,0x18,0xe3,0x18,0xc3,0x18,0xc3,0x18,0xc3,0x18,
    0xc3,0x18,0xc3,0x18,0xc3,0x18,0xc3,0x18,0xc3,0x18,0xc3,0x18,0xc3,0x18,0xc3,0x18,
    0xc3,0x18,0xc3,0x18,0xc3,0x18,0xc3,0x18,0xc3,0x18,0xc3,0x18,0xc2,0x18,0xc2,0x18,
    0xc2,0x18,0xc3,0x18,0xc2,0x18,0xc3,0x18,0xc3,0x18,0xc2,0x18,0xc2,0x18,0xc2,0x18,
    0xc2,0x18,0xc2,0x18,0xc2,0x18,0xc2,0x18,0xc2,0x18,0xc2,0x18,0xc2,0x18,0xc2,0x18,
    0xc2,0x18,0xc2,0x18,0xc2,0x18,0xc2,0x18,0xc2,0x18,0xc2,0x18,0xc2,0x18,0xc2,0x18,
    0xa2,0x18,0xc2,0x18,0xc2,0x18,0xa2,0x18,0xa2,0x18,0xa2,0x18,0xa2,0x18,0xa2,0x18,
    0xa2,0x18,0xc2,0x18,0xa2,0x18,0x81,0x10,0x20,0x08,0x20,0x08,0x61,0x10,0x82,0x10,
    0x82,0x18,0x82,0x10,0x44,0x31,0x65,0x31,0x44,0x29,0x61,0x10,0xa2,0x18,0xa2,0x10,
    0xa2,0x18,0xa2,0x18,0xa2,0x10,0xa2,0x10,0xa2,0x10,0xa2,0x18,0xa2,0x10,0xa2,0x10,
    0xa2,0x10,0xa2,0x10,0xa2,0x10,0x82,0x10,0xa2,0x10,0x82,0x10,0x82,0x10,0xa2,0x10,
    0xa2,0x10,0x82,0x10,0x82,0x10,0xa2,0x10,0x82,0x10,0x82,0x10,0x82,0x10,0x82,0x10,
    0x82,0x10,0x82,0x10,0x81,0x10,0x81,0x10,0x82,0x10,0x61,0x10,0x24,0x29,0x00,0x00,
    0xce,0x7b,0xf3,0xa4,0x00,0x00,0xa2,0x18,0x00,0x00,0x30,0x8c,0x50,0x94,0x00,0x00,
    0x61,0x10,0x41,0x08,0xc3,0x18,0x85,0x39,0xce,0x83,0x8e,0x7b,0xe3,0x20,0x65,0x39,
    0x24,0x29,0x20,0x00,0x00,0x00,0x00,0x00,0x00,0x00,0x00,0x00,0x82,0x10,0xa2,0x18,
    0x00,0x00,0x61,0x10,0x82,0x10,0x81,0x10,0x81,0x10,0x20,0x08,0x41,0x08,0x48,0x52,
    0x89,0x5a,0x69,0x52,0xc6,0x41,0xe3,0x20,0xa2,0x18,0x20,0x00,0x41,0x08,0x82,0x10,
    0x61,0x10,0xb6,0xc5,0x69,0x52,0x41,0x10,0xa2,0x18,0xa2,0x18,0xd7,0xc5,0xa6,0x39,
    0x82,0x10,0xe3,0x20,0xe3,0x20,0x03,0x21,0x03,0x21,0x03,0x21,0x03,0x21,0x03,0x21,
    0x03,0x21,0x03,0x21,0x03,0x21,0x03,0x21,0x03,0x21,0x03,0x21,0x03,0x21,0x03,0x21,
    0x03,0x21,0x03,0x21,0x03,0x21,0x03,0x21,0x03,0x21,0x03,0x21,0x03,0x21,0x03,0x21,
    0x03,0x21,0x03,0x21,0xe3,0x20,0xe3,0x20,0xe3,0x20,0xe3,0x20,0xe3,0x20,0xe3,0x20,
    0xe3,0x20,0xe3,0x20,0xe3,0x20,0xc3,0x18,0x45,0x29,0x65,0x31,0xa2,0x18,0xe3,0x20,
    0xe3,0x20,0xe3,0x20,0xe3,0x20,0xe3,0x20,0xe3,0x20,0xe3,0x20,0xe3,0x20,0xe3,0x20,
    0xe3,0x20,0xe3,0x20,0xe3,0x20,0xe3,0x20,0xe3,0x20,0xe3,0x20,0xe3,0x20,0xe3,0x20,
    0xe3,0x20,0xe3,0x20,0xe3,0x20,0xe3,0x20,0xe3,0x20,0xe3,0x18,0xe3,0x18,0xe3,0x20,
    0xe3,0x20,0xe3,0x20,0xe3,0x20,0xe3,0x18,0xe3,0x18,0xe3,0x18,0xe3,0x20,0xe3,0x20,
    0xe3,0x20,0xe3,0x20,0xe3,0x18,0xe3,0x18,0xe3,0x18,0xe3,0x18,0xe3,0x18,0xe3,0x18,
    0xe3,0x18,0xe3,0x18,0xe3,0x18,0xe3,0x18,0xe3,0x18,0xe3,0x18,0xe3,0x18,0xe3,0x18,
    0xe3,0x18,0xe3,0x18,0xc3,0x18,0xc3,0x18,0xc3,0x18,0xc3,0x18,0xc3,0x18,0xc3,0x18,
    0xc3,0x18,0xc3,0x18,0xc3,0x18,0xc3,0x18,0xc3,0x18,0xc3,0x18,0xc3,0x18,0xc3,0x18,
    0xc3,0x18,0xc3,0x18,0xc3,0x18,0xc3,0x18,0xc3,0x18,0xc3,0x18,0xc3,0x18,0xc2,0x18,
    0xc3,0x18,0xc2,0x18,0xc3,0x18,0xc3,0x18,0xc2,0x18,0xc3,0x18,0xc2,0x18,0xc2,0x18,
    0xc2,0x18,0xc2,0x18,0xc2,0x18,0xc2,0x18,0xc2,0x18,0xc2,0x18,0xc2,0x18,0xc2,0x18,
    0xc2,0x18,0xc2,0x18,0xc2,0x18,0xc2,0x18,0xc2,0x18,0xc2,0x18,0xc2,0x18,0xa2,0x18,
    0xa2,0x18,0xc2,0x18,0xc2,0x18,0xa2,0x18,0xc2,0x18,0xc2,0x18,0xa2,0x18,0xa2,0x18,
    0xc2,0x18,0xa2,0x18,0xa2,0x18,0xa2,0x18,0xa2,0x18,0xa2,0x18,0xa2,0x10,0xa2,0x18,
    0x82,0x10,0x04,0x29,0x45,0x31,0xa6,0x39,0xa2,0x18,0xa2,0x18,0xa2,0x10,0xa2,0x10,
    0xa2,0x18,0xa2,0x18,0xa2,0x10,0xa2,0x10,0xa2,0x18,0xa2,0x10,0xa2,0x10,0xa2,0x10,
    0xa2,0x10,0xa2,0x10,0xa2,0x10,0xa2,0x10,0xa2,0x10,0x82,0x10,0xa2,0x10,0xa2,0x10,
    0xa2,0x10,0xa2,0x10,0x82,0x10,0x82,0x10,0x82,0x10,0x82,0x10,0x82,0x10,0x82,0x10,
    0x82,0x10,0x82,0x10,0x82,0x10,0x82,0x10,0x61,0x10,0x82,0x10,0x24,0x29,0x20,0x08,
    0xd7,0xc5,0x69,0x52,0x00,0x00,0x61,0x10,0x82,0x10,0x79,0xd6,0x08,0x4a,0x00,0x00,
    0x61,0x10,0x40,0x08,0x65,0x31,0xa6,0x41,0xb2,0xa4,0xe7,0x49,0x03,0x29,0x65,0x39,
    0xe3,0x20,0x00,0x00,0x00,0x00,0x00,0x00,0x00,0x00,0x20,0x00,0x81,0x10,0xc7,0x41,
    0x00,0x00,0x41,0x08,0x82,0x10,0x81,0x10,0x81,0x10,0x41,0x08,0x00,0x00,0xa6,0x39,
    0xa9,0x5a,0x69,0x52,0x07,0x4a,0x03,0x21,0xe3,0x20,0x41,0x08,0x41,0x08,0x82,0x10,
    0x00,0x00,0xef,0x83,0xb2,0x9c,0x20,0x08,0xc3,0x18,0x00,0x00,0x51,0x94,0x10,0x8c,
    0x20,0x08,0x04,0x29,0xe3,0x20,0x03,0x21,0x03,0x21,0x03,0x21,0x03,0x21,0x03,0x21,
    0x03,0x21,0xe3,0x20,0xe3,0x20,0x03,0x21,0x03,0x21,0x03,0x21,0x03,0x21,0x03,0x21,
    0x03,0x21,0x03,0x21,0x03,0x21,0x03,0x21,0x03,0x21,0x03,0x21,0x03,0x21,0x03,0x21,
    0x03,0x21,0x03,0x21,0x03,0x21,0xe3,0x20,0xe3,0x20,0xe3,0x20,0xe3,0x20,0xe3,0x20,
    0xe3,0x20,0xe3,0x20,0xe3,0x20,0xe3,0x20,0xc3,0x18,0xa6,0x39,0x04,0x29,0xa2,0x18,
    0xe3,0x20,0xe3,0x18,0xe3,0x20,0xe3,0x20,0xe3,0x20,0xe3,0x20,0xe3,0x20,0xe3,0x20,
    0xe3,0x20,0xe3,0x20,0xe3,0x20,0xe3,0x20,0xe3,0x20,0xe3,0x20,0xe3,0x20,0xe3,0x20,
    0xe3,0x20,0xe3,0x20,0xe3,0x20,0xe3,0x18,0xe3,0x18,0xe3,0x20,0xe3,0x20,0xe3,0x20,
    0xe3,0x20,0xe3,0x18,0xe3,0x20,0xe3,0x18,0xe3,0x18,0xe3,0x20,0xe3,0x20,0xe3,0x20,
    0xe3,0x18,0xe3,0x18,0xe3,0x18,0xe3,0x20,0xe3,0x18,0xe3,0x18,0xe3,0x18,0xe3,0x18,
    0xe3,0x18,0xe3,0x18,0xe3,0x18,0xe3,0x18,0xe3,0x18,0xe3,0x18,0xe3,0x18,0xc3,0x18,
    0xc3,0x18,0xc3,0x18,0xc3,0x18,0xc3,0x18,0xc3,0x18,0xc3,0x18,0xc3,0x18,0xc3,0x18,
    0xc3,0x18,0xc3,0x18,0xc3,0x18,0xc3,0x18,0xc3,0x18,0xc3,0x18,0xc3,0x18,0xc3,0x18,
    0xc3,0x18,0xc3,0x18,0xc3,0x18,0xc3,0x18,0xc3,0x18,0xc3,0x18,0xc3,0x18,0xc3,0x18,
    0xc2,0x18,0xc2,0x18,0xc2,0x18,0xc2,0x18,0xc2,0x18,0xc2,0x18,0xc2,0x18,0xc2,0x18,
    0xc2,0x18,0xc2,0x18,0xc2,0x18,0xc2,0x18,0xc2,0x18,0xc2,0x18,0xc2,0x18,0xc2,0x18,
    0xc2,0x18,0xc2,0x18,0xc2,0x18,0xc2,0x18,0xc2,0x18,0xc2,0x18,0xa2,0x18,0xc2,0x18,
    0xa2,0x18,0xa2,0x18,0xc2,0x18,0xa2,0x18,0xc2,0x18,0xc2,0x18,0xa2,0x18,0xa2,0x18,
    0xa2,0x18,0xa2,0x18,0xa2,0x18,0xa2,0x18,0xa2,0x18,0xa2,0x18,0xa2,0x10,0x82,0x10,
    0xc3,0x18,0x44,0x31,0xa6,0x39,0x24,0x29,0x81,0x10,0xa2,0x18,0xa2,0x18,0xa2,0x18,
    0xa2,0x18,0xa2,0x18,0xa2,0x18,0xa2,0x10,0xa2,0x10,0xa2,0x10,0xa2,0x18,0xa2,0x10,
    0xa2,0x10,0xa2,0x10,0xa2,0x10,0xa2,0x10,0x82,0x10,0x82,0x10,0xa2,0x10,0x82,0x10,
    0xa2,0x10,0x82,0x10,0x82,0x10,0x82,0x10,0x82,0x10,0x82,0x10,0x82,0x10,0x82,0x10,
    0x82,0x10,0x82,0x10,0x82,0x10,0x82,0x10,0x61,0x10,0xe3,0x20,0xa2,0x18,0xc7,0x41,
    0x58,0xd6,0x61,0x10,0x61,0x10,0x00,0x00,0x8a,0x5a,0x38,0xce,0x41,0x08,0x61,0x10,
    0x61,0x10,0x81,0x10,0xc6,0x39,0xca,0x62,0xb2,0xa4,0xe3,0x20,0x24,0x29,0x65,0x31,
    0x81,0x10,0x00,0x00,0x00,0x00,0x00,0x00,0x00,0x00,0x41,0x08,0xa2,0x18,0x69,0x52,
    0x82,0x10,0x20,0x00,0x82,0x18,0x82,0x10,0x81,0x10,0x61,0x10,0x00,0x00,0xe3,0x20,
    0xaa,0x5a,0x69,0x52,0x48,0x52,0x44,0x29,0x03,0x21,0x82,0x10,0x21,0x08,0x61,0x10,
    0x41,0x08,0x86,0x39,0x18,0xce,0xe3,0x20,0x82,0x10,0x41,0x08,0x08,0x4a,0x17,0xce,
    0xa2,0x18,0xe3,0x20,0xe3,0x20,0x03,0x21,0x03,0x21,0x03,0x21,0x03,0x21,0x03,0x21,
    0x03,0x21,0x03,0x21,0xe3,0x20,0x03,0x21,0x03,0x21,0x03,0x21,0x03,0x21,0x03,0x21,
    0x03,0x21,0xe3,0x20,0x03,0x21,0xe3,0x20,0x03,0x21,0x03,0x21,0x03,0x21,0x03,0x21,
    0x03,0x21,0x03,0x21,0x03,0x21,0xe3,0x20,0xe3,0x20,0xe3,0x20,0xe3,0x20,0xe3,0x20,
    0xe3,0x20,0xe3,0x20,0xe3,0x20,0xe3,0x20,0xc3,0x18,0xe3,0x20,0xa6,0x39,0xc3,0x18,
    0xc3,0x18,0xe3,0x20,0xe3,0x18,0xe3,0x20,0xe3,0x18,0xe3,0x18,0xe3,0x20,0xe3,0x18,
    0xe3,0x20,0xe3,0x20,0xe3,0x20,0xe3,0x20,0xe3,0x20,0xe3,0x20,0xe3,0x20,0xe3,0x20,
    0xe3,0x18,0xe3,0x18,0xe3,0x18,0xe3,0x18,0xe3,0x20,0xe3,0x20,0xe3,0x18,0xe3,0x20,
    0xe3,0x20,0xe3,0x18,0xe3,0x18,0xe3,0x20,0xe3,0x20,0xe3,0x20,0xe3,0x20,0xe3,0x18,
    0xc3,0x18,0xe3,0x18,0xe3,0x18,0xe3,0x18,0xe3,0x18,0xe3,0x18,0xe3,0x18,0xe3,0x18,
    0xe3,0x18,0xe3,0x18,0xe3,0x18,0xe3,0x18,0xe3,0x18,0xe3,0x18,0xc3,0x18,0xc3,0x18,
    0xc3,0x18,0xc3,0x18,0xc3,0x18,0xc3,0x18,0xc3,0x18,0xc3,0x18,0xc3,0x18,0xc3,0x18,
    0xc3,0x18,0xc3,0x18,0xc3,0x18,0xc2,0x18,0xc2,0x18,0xc3,0x18,0xc3,0x18,0xc3,0x18,
    0xc2,0x18,0xc3,0x18,0xc3,0x18,0xc3,0x18,0xc2,0x18,0xc3,0x18,0xc3,0x18,0xc3,0x18,
    0xc3,0x18,0xc2,0x18,0xc2,0x18,0xc2,0x18,0xc2,0x18,0xc2,0x18,0xc2,0x18,0xc2,0x18,
    0xc2,0x18,0xc2,0x18,0xc2,0x18,0xc2,0x18,0xc2,0x18,0xc2,0x18,0xc2,0x18,0xc2,0x18,
    0xc2,0x18,0xc2,0x18,0xa2,0x18,0xa2,0x18,0xc2,0x18,0xa2,0x18,0xa2,0x18,0xa2,0x18,
    0xc2,0x18,0xc2,0x18,0xc2,0x18,0xc2,0x18,0xa2,0x18,0xc2,0x18,0xa2,0x18,0xa2,0x18,
    0xa2,0x18,0xa2,0x18,0xa2,0x18,0xa2,0x18,0xa2,0x18,0xa2,0x18,0x82,0x10,0x81,0x10,
    0x04,0x29,0x44,0x31,0x85,0x31,0x82,0x10,0xa2,0x18,0xa2,0x18,0xa2,0x18,0xa2,0x18,
    0xa2,0x18,0xa2,0x18,0xa2,0x18,0xa2,0x10,0xa2,0x10,0xa2,0x18,0xa2,0x18,0xa2,0x10,
    0xa2,0x10,0xa2,0x10,0xa2,0x10,0x82,0x10,0x82,0x18,0xa2,0x18,0xa2,0x10,0xa2,0x10,
    0xa2,0x10,0xa2,0x10,0x82,0x10,0xa2,0x10,0x82,0x10,0x82,0x10,0x82,0x10,0x82,0x10,
    0x82,0x10,0x82,0x10,0x82,0x10,0x81,0x10,0x61,0x10,0x45,0x31,0x20,0x08,0xb2,0x9c,
    0x71,0x94,0x00,0x00,0x81,0x10,0x00,0x00,0x54,0xad,0x30,0x8c,0x00,0x00,0x82,0x10,
    0x61,0x08,0x04,0x21,0x86,0x39,0x30,0x8c,0x6d,0x73,0xa2,0x18,0x24,0x29,0x24,0x29,
    0x20,0x00,0x00,0x00,0x00,0x00,0x00,0x00,0x00,0x00,0x61,0x10,0x24,0x29,0x69,0x5a,
    0x65,0x31,0x00,0x00,0x82,0x10,0x82,0x10,0x81,0x10,0x61,0x10,0x20,0x00,0x41,0x08,
    0x28,0x52,0x89,0x5a,0x69,0x52,0xa6,0x39,0xe3,0x20,0xe3,0x20,0x20,0x00,0x41,0x08,
    0x82,0x10,0x20,0x08,0x54,0xb5,0x0b,0x63,0x00,0x08,0xa2,0x18,0x81,0x10,0xf7,0xc5,
    0x0b,0x63,0x82,0x10,0x04,0x21,0xe3,0x20,0xe3,0x20,0xe3,0x20,0x03,0x21,0x03,0x21,
    0x03,0x21,0x03,0x21,0x03,0x21,0x03,0x21,0x03,0x21,0x03,0x21,0x03,0x21,0x03,0x21,
    0xe3,0x20,0x03,0x21,0x03,0x21,0x03,0x21,0x03,0x21,0x03,0x21,0xe3,0x20,0x03,0x21,
    0x03,0x21,0xe3,0x20,0xe3,0x20,0xe3,0x20,0xe3,0x20,0xe3,0x20,0xe3,0x20,0xe3,0x20,
    0xe3,0x20,0xe3,0x20,0xe3,0x20,0xe3,0x20,0xe3,0x20,0xa2,0x10,0x45,0x29,0x65,0x31,
    0xa2,0x10,0xe3,0x20,0xe3,0x20,0xe3,0x20,0xe3,0x20,0xe3,0x18,0xe3,0x20,0xe3,0x20,
    0xe3,0x20,0xe3,0x20,0xe3,0x20,0xe3,0x20,0xe3,0x20,0xe3,0x20,0xe3,0x20,0xe3,0x20,
    0xe3,0x20,0xe3,0x20,0xe3,0x20,0xe3,0x20,0xe3,0x20,0xe3,0x20,0xe3,0x20,0xe3,0x20,
    0xe3,0x20,0xe3,0x20,0xe3,0x20,0xe3,0x20,0xe3,0x18,0xe3,0x18,0xe3,0x18,0xe3,0x18,
    0xe3,0x20,0xe3,0x18,0xe3,0x20,0xe3,0x18,0xe3,0x18,0xe3,0x18,0xe3,0x18,0xe3,0x18,
    0xe3,0x18,0xe3,0x18,0xe3,0x18,0xc3,0x18,0xc3,0x18,0xc3,0x18,0xc3,0x18,0xc3,0x18,
    0xc3,0x18,0xc3,0x18,0xc3,0x18,0xc3,0x18,0xc3,0x18,0xc3,0x18,0xc3,0x18,0xc3,0x18,
    0xc3,0x18,0xc3,0x18,0xc2,0x18,0xc2,0x18,0xc2,0x18,0xc2,0x18,0xc3,0x18,0xc3,0x18,
    0xc3,0x18,0xc3,0x18,0xc3,0x18,0xc2,0x18,0xc2,0x18,0xc2,0x18,0xc3,0x18,0xc3,0x18,
    0xc2,0x18,0xc2,0x18,0xc3,0x18,0xc2,0x18,0xc2,0x18,0xc2,0x18,0xc2,0x18,0xc2,0x18,
    0xc2,0x18,0xc2,0x18,0xc2,0x18,0xc2,0x18,0xc2,0x18,0xc2,0x18,0xc2,0x18,0xc2,0x18,
    0xc2,0x18,0xc2,0x18,0xc2,0x18,0xc2,0x18,0xc2,0x18,0xa2,0x18,0xa2,0x18,0xa2,0x18,
    0xc2,0x18,0xc2,0x18,0xa2,0x18,0xa2,0x18,0xc2,0x18,0xc2,0x18,0xa2,0x18,0xa2,0x18,
    0xa2,0x18,0xa2,0x18,0xa2,0x18,0xa2,0x18,0xa2,0x18,0xa2,0x18,0x61,0x10,0xe3,0x20,
    0x04,0x29,0xa6,0x39,0xc2,0x18,0x82,0x10,0xa2,0x18,0xa2,0x18,0xa2,0x18,0xa2,0x18,
    0xa2,0x18,0xa2,0x18,0xa2,0x10,0xa2,0x10,0xa2,0x10,0xa2,0x18,0xa2,0x10,0xa2,0x10,
    0xa2,0x10,0xa2,0x10,0xa2,0x10,0xa2,0x10,0x82,0x10,0xa2,0x10,0xa2,0x10,0xa2,0x10,
    0xa2,0x10,0x82,0x10,0xa2,0x10,0x82,0x10,0x82,0x10,0x82,0x10,0x82,0x10,0x82,0x10,
    0x82,0x10,0x82,0x10,0x82,0x10,0x61,0x10,0xc2,0x18,0x04,0x29,0xc3,0x20,0x99,0xde,
    0x86,0x39,0x20,0x00,0x20,0x08,0xc3,0x18,0x99,0xde,0x85,0x31,0x20,0x08,0x81,0x10,
    0x61,0x08,0xa6,0x39,0xe7,0x41,0xf3,0xac,0xc6,0x41,0xc3,0x20,0x24,0x31,0xa2,0x18,
    0x00,0x00,0x00,0x00,0x00,0x00,0x00,0x00,0x00,0x00,0x81,0x10,0xe7,0x41,0xe7,0x49,
    0x28,0x4a,0x20,0x00,0x61,0x08,0x82,0x10,0x81,0x10,0x61,0x10,0x41,0x08,0x00,0x00,
    0x65,0x31,0x89,0x5a,0x69,0x52,0x28,0x4a,0x24,0x29,0x24,0x29,0x61,0x08,0x41,0x08,
    0x62,0x10,0x00,0x00,0xcb,0x62,0x75,0xb5,0x41,0x08,0xc3,0x18,0x40,0x08,0xae,0x7b,
    0xf7,0xc5,0x81,0x10,0x24,0x21,0xc3,0x18,0xe3,0x20,0xe3,0x20,0x03,0x21,0x03,0x21,
    0xe3,0x20,0xe3,0x20,0x03,0x21,0x03,0x21,0xe3,0x20,0xe3,0x20,0x03,0x21,0xe3,0x20,
    0x03,0x21,0x03,0x21,0x03,0x21,0x03,0x21,0x03,0x21,0x03,0x21,0xe3,0x20,0x03,0x21,
    0xe3,0x20,0xe3,0x20,0xe3,0x20,0xe3,0x20,0xe3,0x20,0xe3,0x20,0xe3,0x20,0xe3,0x20,
    0xe3,0x20,0xe3,0x20,0xe3,0x20,0xe3,0x20,0xe3,0x18,0xe3,0x18,0xa2,0x18,0x85,0x31,
    0x04,0x21,0xa2,0x18,0xe3,0x20,0xe3,0x20,0xe3,0x20,0xe3,0x20,0xe3,0x20,0xe3,0x20,
    0xe3,0x20,0xe3,0x20,0xe3,0x20,0xe3,0x20,0xe3,0x20,0xe3,0x18,0xe3,0x20,0xe3,0x20,
    0xe3,0x18,0xe3,0x20,0xe3,0x20,0xe3,0x20,0xe3,0x20,0xe3,0x20,0xe3,0x20,0xe3,0x20,
    0xe3,0x20,0xe3,0x20,0xe3,0x20,0xe3,0x18,0xe3,0x18,0xe3,0x18,0xc3,0x18,0xe3,0x18,
    0xe3,0x18,0xe3,0x18,0xe3,0x18,0xe3,0x18,0xe3,0x18,0xe3,0x18,0xe3,0x18,0xe3,0x18,
    0xe3,0x18,0xc3,0x18,0xc3,0x18,0xc3,0x18,0xc3,0x18,0xc3,0x18,0xc3,0x18,0xc3,0x18,
    0xc3,0x18,0xc3,0x18,0xc3,0x18,0xc3,0x18,0xc3,0x18,0xc3,0x18,0xc3,0x18,0xc3,0x18,
    0xe3,0x18,0xc2,0x18,0xc3,0x18,0xc3,0x18,0xc2,0x18,0xc3,0x18,0xc3,0x18,0xc3,0x18,
    0xc3,0x18,0xc3,0x18,0xc3,0x18,0xc3,0x18,0xc2,0x18,0xc2,0x18,0xc2,0x18,0xc2,0x18,
    0xc2,0x18,0xc2,0x18,0xc2,0x18,0xc2,0x18,0xc2,0x18,0xc2,0x18,0xc2,0x18,0xc2,0x18,
    0xc2,0x18,0xc2,0x18,0xc2,0x18,0xc2,0x18,0xc2,0x18,0xc2,0x18,0xc2,0x18,0xc2,0x18,
    0xc2,0x18,0xc2,0x18,0xc2,0x18,0xc2,0x18,0xa2,0x18,0xa2,0x18,0xa2,0x18,0xc2,0x18,
    0xc2,0x18,0xc2,0x18,0xc2,0x18,0xc2,0x18,0xc2,0x18,0xa2,0x18,0xa2,0x18,0xa2,0x18,
    0xa2,0x18,0xa2,0x18,0xa2,0x18,0xa2,0x18,0xa2,0x18,0x82,0x10,0xa2,0x18,0x24,0x29,
    0x85,0x31,0x44,0x29,0x81,0x10,0xa2,0x18,0xa2,0x18,0xa2,0x18,0xa2,0x18,0xa2,0x18,
    0xa2,0x18,0xa2,0x18,0xa2,0x10,0xa2,0x10,0xa2,0x10,0xa2,0x10,0xa2,0x10,0xa2,0x10,
    0xa2,0x10,0xa2,0x10,0xa2,0x10,0x82,0x10,0xa2,0x10,0xa2,0x10,0xa2,0x10,0xa2,0x10,
    0xa2,0x10,0xa2,0x10,0xa2,0x10,0x82,0x10,0x82,0x10,0xa2,0x10,0x82,0x10,0x82,0x10,
    0x82,0x10,0x82,0x10,0x82,0x10,0x61,0x10,0x44,0x29,0x41,0x10,0x4c,0x6b,0xf7,0xc5,
    0x20,0x08,0x81,0x10,0x00,0x00,0x4c,0x73,0x95,0xbd,0x00,0x00,0x81,0x10,0x61,0x10,
    0xa2,0x18,0xc7,0x41,0x0b,0x6b,0xf2,0xa4,0xc2,0x20,0x03,0x29,0x24,0x29,0x41,0x08,
    0x00,0x00,0x00,0x00,0x00,0x00,0x00,0x00,0x61,0x08,0xa2,0x18,0x48,0x52,0x45,0x31,
    0xaa,0x62,0xa2,0x18,0x00,0x00,0x82,0x18,0x81,0x10,0x61,0x10,0x61,0x08,0x00,0x00,
    0xa2,0x10,0x69,0x52,0x48,0x52,0x48,0x52,0x85,0x39,0x24,0x29,0xc2,0x18,0x20,0x00,
    0x61,0x08,0x41,0x08,0xa2,0x18,0x18,0xce,0x08,0x4a,0x81,0x10,0x61,0x10,0x82,0x18,
    0x79,0xd6,0x08,0x42,0xa2,0x18,0xe3,0x20,0xe3,0x20,0xe3,0x20,0x03,0x21,0xe3,0x20,
    0xe3,0x20,0x03,0x21,0x03,0x21,0xe3,0x20,0x03,0x21,0x03,0x21,0xe3,0x20,0xe3,0x20,
    0xe3,0x20,0x03,0x21,0xe3,0x20,0xe3,0x20,0xe3,0x20,0xe3,0x20,0xe3,0x20,0xe3,0x20,
    0xe3,0x20,0xe3,0x20,0xe3,0x20,0xe3,0x20,0xe3,0x20,0xe3,0x20,0xe3,0x20,0xe3,0x20,
    0xe3,0x20,0xe3,0x20,0xe3,0x20,0xe3,0x20,0xe3,0x18,0xe3,0x20,0xc3,0x18,0xc3,0x18,
    0xa6,0x39,0xc3,0x18,0xc3,0x18,0xe3,0x20,0xe3,0x20,0xe3,0x18,0xe3,0x20,0xe3,0x20,
    0xe3,0x20,0xe3,0x20,0xe3,0x18,0xe3,0x18,0xe3,0x18,0xe3,0x20,0xe3,0x20,0xe3,0x20,
    0xe3,0x18,0xe3,0x18,0xe3,0x18,0xe3,0x20,0xe3,0x20,0xe3,0x20,0xe3,0x18,0xe3,0x20,
    0xe3,0x18,0xe3,0x18,0xe3,0x18,0xe3,0x18,0xe3,0x18,0xe3,0x18,0xe3,0x18,0xe3,0x18,
    0xe3,0x18,0xe3,0x18,0xe3,0x18,0xe3,0x18,0xe3,0x18,0xe3,0x18,0xe3,0x18,0xe3,0x18,
    0xe3,0x18,0xc3,0x18,0xc3,0x18,0xc3,0x18,0xc3,0x18,0xc3,0x18,0xc3,0x18,0xc3,0x18,
    0xc3,0x18,0xc3,0x18,0xc3,0x18,0xc3,0x18,0xc3,0x18,0xc3,0x18,0xc3,0x18,0xc3,0x18,
    0xc3,0x18,0xc3,0x18,0xc2,0x18,0xc3,0x18,0xc2,0x18,0xc2,0x18,0xc3,0x18,0xc3,0x18,
    0xc3,0x18,0xc3,0x18,0xc2,0x18,0xc3,0x18,0xc3,0x18,0xc2,0x18,0xc2,0x18,0xc2,0x18,
    0xc2,0x18,0xc2,0x18,0xc2,0x18,0xc2,0x18,0xc2,0x18,0xc2,0x18,0xc2,0x18,0xc2,0x18,
    0xc2,0x18,0xc2,0x18,0xc2,0x18,0xc2,0x18,0xc2,0x18,0xc2,0x18,0xc2,0x18,0xc2,0x18,
    0xc2,0x18,0xc2,0x18,0xa2,0x18,0xa2,0x18,0xa2,0x18,0xa2,0x18,0xc2,0x18,0xa2,0x18,
    0xc2,0x18,0xa2,0x18,0xc2,0x18,0xc2,0x18,0xa2,0x18,0xa2,0x18,0xa2,0x18,0xa2,0x18,
    0xa2,0x18,0xa2,0x18,0xa2,0x18,0xa2,0x18,0xa2,0x10,0x82,0x10,0x24,0x29,0x44,0x29,
    0x85,0x31,0x61,0x10,0xa2,0x10,0xa2,0x10,0xa2,0x18,0xa2,0x18,0xa2,0x18,0xa2,0x18,
    0xa2,0x18,0xa2,0x18,0xa2,0x18,0xa2,0x10,0xa2,0x10,0xa2,0x10,0xa2,0x10,0xa2,0x10,
    0xa2,0x10,0x82,0x10,0xa2,0x10,0x82,0x10,0x82,0x10,0xa2,0x10,0xa2,0x10,0xa2,0x10,
    0xa2,0x10,0x82,0x10,0x82,0x10,0x82,0x10,0x82,0x10,0x82,0x10,0x82,0x10,0x82,0x10,
    0x82,0x10,0x82,0x10,0x81,0x10,0x82,0x18,0x45,0x31,0x20,0x08,0xd7,0xc5,0xca,0x5a,
    0x00,0x00,0x82,0x10,0x20,0x08,0xf7,0xc5,0xca,0x5a,0x00,0x00,0x81,0x10,0x61,0x08,
    0x45,0x29,0xa6,0x39,0x71,0x9c,0x4c,0x73,0xa2,0x18,0x04,0x29,0x24,0x29,0x20,0x00,
    0x00,0x00,0x00,0x00,0x00,0x00,0x00,0x00,0x82,0x10,0x24,0x29,0x49,0x52,0xe3,0x28,
    0xcb,0x62,0x86,0x39,0x00,0x00,0x81,0x10,0x81,0x10,0x61,0x10,0x61,0x08,0x20,0x00,
    0x00,0x00,0xe7,0x41,0x69,0x5a,0x28,0x52,0xe7,0x41,0x04,0x29,0xe3,0x20,0x20,0x00,
    0x41,0x08,0x82,0x10,0x00,0x00,0x71,0x94,0x13,0xad,0x00,0x00,0x45,0x31,0xcf,0x83,
    0x5c,0xf7,0x71,0x94,0x41,0x08,0x24,0x29,0xc3,0x18,0xe3,0x20,0xe3,0x20,0x03,0x21,
    0xe3,0x20,0xe3,0x20,0xe3,0x20,0xe3,0x20,0xe3,0x20,0xe3,0x20,0xe3,0x20,0xe3,0x20,
    0x03,0x21,0x03,0x21,0x03,0x21,0xe3,0x20,0xe3,0x20,0xe3,0x20,0xe3,0x20,0xe3,0x20,
    0xe3,0x20,0xe3,0x20,0xe3,0x20,0xe3,0x20,0xe3,0x20,0xe3,0x20,0xe3,0x20,0xe3,0x20,
    0xe3,0x20,0xe3,0x20,0xe3,0x20,0xe3,0x20,0xe3,0x20,0xe3,0x18,0xe3,0x20,0xa2,0x18,
    0x04,0x21,0x85,0x39,0xa2,0x18,0xe3,0x18,0xe3,0x20,0xe3,0x20,0xe3,0x20,0xe3,0x18,
    0xe3,0x18,0xe3,0x18,0xe3,0x18,0xe3,0x20,0xe3,0x20,0xe3,0x20,0xe3,0x20,0xe3,0x18,
    0xe3,0x18,0xe3,0x18,0xe3,0x18,0xe3,0x20,0xe3,0x20,0xe3,0x18,0xe3,0x18,0xe3,0x18,
    0xe3,0x18,0xe3,0x18,0xe3,0x18,0xe3,0x18,0xe3,0x18,0xe3,0x18,0xe3,0x18,0xe3,0x18,
    0xe3,0x18,0xe3,0x18,0xe3,0x18,0xe3,0x18,0xe3,0x18,0xe3,0x18,0xe3,0x18,0xc3,0x18,
    0xe3,0x18,0xc3,0x18,0xc3,0x18,0xc3,0x18,0xc3,0x18,0xc3,0x18,0xc3,0x18,0xc3,0x18,
    0xc3,0x18,0xc3,0x18,0xc3,0x18,0xc3,0x18,0xc3,0x18,0xc3,0x18,0xc2,0x18,0xc2,0x18,
    0xc3,0x18,0xc3,0x18,0xc2,0x18,0xc3,0x18,0xc3,0x18,0xc3,0x18,0xc3,0x18,0xc3,0x18,
    0xc3,0x18,0xc3,0x18,0xc3,0x18,0xc3,0x18,0xc3,0x18,0xc2,0x18,0xc2,0x18,0xc2,0x18,
    0xc2,0x18,0xc2,0x18,0xc2,0x18,0xc2,0x18,0xc2,0x18,0xc2,0x18,0xc2,0x18,0xc2,0x18,
    0xc2,0x18,0xc2,0x18,0xc2,0x18,0xc2,0x18,0xa2,0x18,0xc2,0x18,0xc2,0x18,0xc2,0x18,
    0xc2,0x18,0xa2,0x18,0xc2,0x18,0xc2,0x18,0xc2,0x18,0xa2,0x18,0xc2,0x18,0xc2,0x18,
    0xc2,0x18,0xa2,0x18,0xc2,0x18,0xa2,0x18,0xa2,0x18,0xa2,0x18,0xa2,0x18,0xa2,0x18,
    0xa2,0x10,0xa2,0x18,0xa2,0x18,0xa2,0x18,0x82,0x10,0x04,0x29,0x24,0x29,0xc7,0x41,
    0xa2,0x18,0x82,0x10,0xa2,0x10,0xa2,0x10,0xa2,0x10,0xa2,0x18,0xa2,0x18,0xa2,0x18,
    0xa2,0x18,0xa2,0x18,0xa2,0x18,0xa2,0x10,0xa2,0x10,0xa2,0x10,0xa2,0x10,0xa2,0x10,
    0xa2,0x10,0x82,0x10,0x82,0x10,0xa2,0x10,0xa2,0x10,0xa2,0x10,0xa2,0x10,0xa2,0x10,
    0xa2,0x10,0x82,0x10,0xa2,0x10,0x82,0x10,0x82,0x10,0x82,0x10,0x82,0x10,0x82,0x10,
    0x82,0x10,0x81,0x10,0x61,0x10,0x24,0x29,0xa2,0x18,0xa6,0x39,0x7d,0xff,0xf3,0xa4,
    0xa6,0x39,0x00,0x00,0x08,0x42,0x78,0xd6,0x61,0x10,0x40,0x08,0x61,0x10,0x61,0x10,
    0xc6,0x41,0x69,0x52,0x33,0xad,0x85,0x39,0x03,0x29,0x24,0x31,0xc2,0x18,0x00,0x00,
    0x00,0x00,0x00,0x00,0x00,0x00,0x20,0x00,0xa2,0x18,0x07,0x4a,0xe7,0x49,0xe3,0x20,
    0x89,0x5a,0x28,0x4a,0x00,0x00,0x61,0x08,0x81,0x10,0x61,0x10,0x61,0x10,0x41,0x08,
    0x00,0x00,0x24,0x29,0x69,0x52,0x07,0x4a,0x07,0x4a,0x45,0x31,0xe3,0x20,0x61,0x10,
    0x20,0x00,0x61,0x10,0x20,0x08,0xc7,0x41,0x9a,0xde,0xb2,0x9c,0xfb,0xe6,0x58,0xd6,
    0x30,0x8c,0x38,0xce,0x24,0x29,0xc3,0x18,0xe3,0x20,0xe3,0x20,0xe3,0x20,0xe3,0x20,
    0xe3,0x20,0xe3,0x20,0xe3,0x20,0xe3,0x20,0xe3,0x20,0xe3,0x20,0x03,0x21,0xe3,0x20,
    0xe3,0x20,0xe3,0x20,0xe3,0x20,0xe3,0x20,0xe3,0x20,0xe3,0x20,0xe3,0x20,0xe3,0x20,
    0xe3,0x20,0xe3,0x20,0xe3,0x20,0xe3,0x20,0xe3,0x20,0xe3,0x20,0xe3,0x20,0xe3,0x20,
    0xe3,0x20,0xe3,0x20,0xe3,0x20,0xe3,0x20,0xe3,0x20,0xe3,0x20,0xe3,0x20,0xe3,0x20,
    0xa2,0x10,0x45,0x29,0x65,0x31,0xa2,0x18,0xe3,0x20,0xe3,0x20,0xe3,0x18,0xe3,0x18,
    0xe3,0x18,0xe3,0x18,0xe3,0x20,0xe3,0x20,0xe3,0x20,0xe3,0x20,0xe3,0x20,0xe3,0x18,
    0xe3,0x18,0xe3,0x20,0xe3,0x18,0xe3,0x18,0xe3,0x18,0xe3,0x18,0xe3,0x18,0xe3,0x18,
    0xe3,0x18,0xe3,0x18,0xe3,0x18,0xe3,0x18,0xe3,0x18,0xe3,0x18,0xe3,0x18,0xe3,0x18,
    0xe3,0x18,0xe3,0x18,0xe3,0x18,0xe3,0x18,0xc3,0x18,0xc3,0x18,0xc3,0x18,0xc3,0x18,
    0xc3,0x18,0xc3,0x18,0xc3,0x18,0xc3,0x18,0xc3,0x18,0xc3,0x18,0xc3,0x18,0xc3,0x18,
    0xc3,0x18,0xc3,0x18,0xc3,0x18,0xc3,0x18,0xc3,0x18,0xc2,0x18,0xc2,0x18,0xc3,0x18,
    0xc3,0x18,0xc2,0x18,0xc3,0x18,0xc3,0x18,0xc3,0x18,0xc3,0x18,0xc3,0x18,0xc3,0x18,
    0xc2,0x18,0xc2,0x18,0xc3,0x18,0xc2,0x18,0xc2,0x18,0xc2,0x18,0xc2,0x18,0xc2,0x18,
    0xc2,0x18,0xc2,0x18,0xc2,0x18,0xc2,0x18,0xc2,0x18,0xc2,0x18,0xc2,0x18,0xc2,0x18,
    0xc2,0x18,0xc2,0x18,0xc2,0x18,0xc2,0x18,0xa2,0x18,0xc2,0x18,0xa2,0x18,0xc2,0x18,
    0xc2,0x18,0xc2,0x18,0xc2,0x18,0xc2,0x18,0xc2,0x18,0xc2,0x18,0xa2,0x18,0xa2,0x18,
    0xc2,0x18,0xa2,0x18,0xa2,0x18,0xa2,0x18,0xa2,0x18,0xa2,0x18,0xa2,0x18,0xa2,0x18,
    0xa2,0x18,0xa2,0x10,0xa2,0x18,0x61,0x10,0xe3,0x20,0x04,0x29,0xc6,0x39,0x04,0x21,
    0x81,0x10,0xa2,0x10,0xa2,0x10,0xa2,0x10,0xa2,0x10,0xa2,0x18,0xa2,0x18,0xa2,0x18,
    0xa2,0x18,0xa2,0x18,0xa2,0x10,0xa2,0x10,0xa2,0x10,0xa2,0x10,0xa2,0x10,0xa2,0x10,
    0x82,0x10,0xa2,0x10,0xa2,0x18,0xa2,0x10,0xa2,0x10,0xa2,0x10,0xa2,0x10,0xa2,0x10,
    0xa2,0x10,0x82,0x10,0x82,0x10,0x82,0x10,0x82,0x10,0x82,0x10,0x82,0x10,0x82,0x10,
    0x82,0x10,0x81,0x10,0x82,0x10,0x65,0x31,0x00,0x00,0xf3,0xa4,0x13,0xad,0x54,0xb5,
    0x5c,0xf7,0x34,0xad,0xd6,0xc5,0xce,0x7b,0x00,0x00,0x61,0x10,0x41,0x08,0xc3,0x18,
    0xa6,0x39,0xce,0x83,0x50,0x94,0xc3,0x20,0x24,0x31,0x24,0x29,0x41,0x08,0x00,0x00,
    0x00,0x00,0x00,0x00,0x00,0x00,0x61,0x10,0xc2,0x18,0xaa,0x5a,0x24,0x29,0x65,0x39,
    0x28,0x52,0x69,0x5a,0xa2,0x18,0x00,0x00,0x82,0x10,0x61,0x10,0x61,0x08,0x61,0x08,
    0x00,0x00,0x41,0x10,0x07,0x4a,0x07,0x4a,0x07,0x4a,0xa6,0x39,0xe3,0x20,0xc3,0x18,
    0x20,0x00,0x41,0x08,0x82,0x10,0x20,0x08,0x54,0xad,0x9a,0xde,0x89,0x52,0xa2,0x18,
    0x00,0x00,0xf3,0xa4,0xef,0x83,0x00,0x00,0x04,0x21,0xc3,0x18,0xe3,0x20,0xe3,0x20,
    0xe3,0x20,0xe3,0x20,0xe3,0x20,0xe3,0x20,0xe3,0x20,0xe3,0x20,0xe3,0x20,0xe3,0x20,
    0xe3,0x20,0xe3,0x20,0xe3,0x20,0xe3,0x20,0xe3,0x20,0xe3,0x20,0xe3,0x20,0xe3,0x20,
    0xe3,0x20,0xe3,0x20,0xe3,0x20,0xe3,0x20,0xe3,0x20,0xe3,0x20,0xe3,0x20,0xe3,0x20,
    0xe3,0x20,0xe3,0x20,0xe3,0x20,0xe3,0x20,0xe3,0x20,0xe3,0x20,0xe3,0x18,0xe3,0x18,
    0xe3,0x18,0x82,0x10,0x65,0x31,0x24,0x29,0xa2,0x18,0xe3,0x20,0xc3,0x18,0xe3,0x18,
    0xe3,0x18,0xe3,0x20,0xe3,0x20,0xe3,0x18,0xe3,0x18,0xe3,0x20,0xe3,0x20,0xe3,0x20,
    0xe3,0x18,0xe3,0x18,0xe3,0x18,0xe3,0x18,0xe3,0x18,0xe3,0x18,0xe3,0x18,0xe3,0x18,
    0xe3,0x18,0xe3,0x18,0xe3,0x18,0xe3,0x18,0xe3,0x18,0xe3,0x18,0xe3,0x18,0xe3,0x18,
    0xe3,0x18,0xe3,0x18,0xc3,0x18,0xc3,0x18,0xe3,0x18,0xc3,0x18,0xc3,0x18,0xc3,0x18,
    0xc3,0x18,0xc3,0x18,0xc3,0x18,0xc3,0x18,0xc3,0x18,0xc3,0x18,0xc3,0x18,0xc3,0x18,
    0xc3,0x18,0xc3,0x18,0xc3,0x18,0xc3,0x18,0xc3,0x18,0xc2,0x18,0xc2,0x18,0xc3,0x18,
    0xc2,0x18,0xc3,0x18,0xc3,0x18,0xc3,0x18,0xc3,0x18,0xc3,0x18,0xc3,0x18,0xc2,0x18,
    0xc2,0x18,0xc2,0x18,0xc2,0x18,0xc2,0x18,0xc2,0x18,0xc2,0x18,0xc2,0x18,0xc2,0x18,
    0xc2,0x18,0xc2,0x18,0xc2,0x18,0xc2,0x18,0xc2,0x18,0xc2,0x18,0xc2,0x18,0xc2,0x18,
    0xc2,0x18,0xc2,0x18,0xc2,0x18,0xc2,0x18,0xc2,0x18,0xc2,0x18,0xa2,0x18,0xa2,0x18,
    0xc2,0x18,0xc2,0x18,0xc2,0x18,0xc2,0x18,0xc2,0x18,0xa2,0x18,0xa2,0x18,0xa2,0x18,
    0xc2,0x18,0xa2,0x18,0xa2,0x18,0xa2,0x18,0xa2,0x18,0xa2,0x18,0xa2,0x18,0xa2,0x18,
    0xa2,0x18,0xa2,0x18,0x81,0x10,0xc2,0x18,0x04,0x29,0x86,0x39,0x44,0x29,0x61,0x10,
    0xa2,0x10,0xa2,0x10,0xa2,0x10,0xa2,0x10,0xa2,0x10,0xa2,0x18,0xa2,0x18,0xa2,0x18,
    0xa2,0x18,0xa2,0x18,0xa2,0x10,0xa2,0x10,0xa2,0x10,0xa2,0x10,0xa2,0x10,0xa2,0x10,
    0x82,0x10,0xa2,0x10,0xa2,0x10,0xa2,0x10,0xa2,0x10,0xa2,0x10,0xa2,0x10,0x82,0x10,
    0x82,0x10,0x82,0x10,0x82,0x10,0x82,0x10,0x82,0x10,0x82,0x10,0x82,0x10,0x82,0x10,
    0x82,0x10,0x61,0x10,0x03,0x21,0xa2,0x18,0x45,0x29,0x79,0xd6,0xa2,0x18,0x00,0x00,
    0xc7,0x39,0x75,0xb5,0x1b,0xef,0xe3,0x18,0x20,0x08,0x61,0x10,0x40,0x08,0xc7,0x41,
    0xc7,0x41,0xb2,0xa4,0x48,0x52,0x03,0x29,0x44,0x31,0xc3,0x20,0x00,0x00,0x00,0x00,
    0x00,0x00,0x00,0x00,0x00,0x00,0xa2,0x10,0x44,0x29,0x69,0x52,0xc2,0x20,0x07,0x4a,
    0x28,0x52,0x89,0x5a,0xa6,0x39,0x00,0x00,0x81,0x10,0x81,0x10,0x61,0x10,0x61,0x08,
    0x20,0x08,0x00,0x00,0x65,0x31,0x08,0x4a,0xe7,0x49,0x07,0x4a,0x24,0x29,0xe3,0x20,
    0x61,0x08,0x41,0x08,0x82,0x10,0x20,0x08,0x69,0x52,0xd6,0xc5,0x20,0x08,0xa2,0x18,
    0x61,0x10,0xe7,0x41,0x38,0xd6,0xc3,0x18,0xa2,0x18,0xe3,0x20,0xe3,0x20,0xe3,0x20,
    0xe3,0x20,0xe3,0x20,0xe3,0x20,0xe3,0x20,0xe3,0x20,0xe3,0x20,0xe3,0x20,0xe3,0x20,
    0xe3,0x20,0xe3,0x20,0x03,0x21,0xe3,0x20,0x03,0x21,0x03,0x21,0xe3,0x20,0xe3,0x20,
    0xe3,0x20,0xe3,0x20,0xe3,0x20,0xe3,0x20,0xe3,0x20,0xe3,0x20,0xe3,0x20,0xe3,0x20,
    0xe3,0x20,0xe3,0x20,0xe3,0x20,0xe3,0x20,0xe3,0x18,0xe3,0x18,0xe3,0x18,0xe3,0x18,
    0xe3,0x18,0xc3,0x18,0xa2,0x18,0x85,0x39,0x04,0x21,0xa2,0x18,0xe3,0x20,0xe3,0x18,
    0xe3,0x18,0xe3,0x18,0xe3,0x18,0xe3,0x18,0xe3,0x18,0xe3,0x20,0xe3,0x20,0xe3,0x18,
    0xe3,0x18,0xe3,0x18,0xe3,0x18,0xe3,0x18,0xe3,0x18,0xe3,0x18,0xe3,0x18,0xe3,0x18,
    0xe3,0x18,0xe3,0x18,0xe3,0x18,0xc3,0x18,0xe3,0x18,0xe3,0x18,0xe3,0x18,0xe3,0x18,
    0xe3,0x18,0xe3,0x18,0xe3,0x18,0xe3,0x18,0xc3,0x18,0xe3,0x18,0xc3,0x18,0xc3,0x18,
    0xc3,0x18,0xc3,0x18,0xc3,0x18,0xc3,0x18,0xc3,0x18,0xc3,0x18,0xc3,0x18,0xc3,0x18,
    0xc3,0x18,0xc3,0x18,0xc3,0x18,0xc3,0x18,0xc2,0x18,0xc2,0x18,0xc3,0x18,0xc3,0x18,
    0xc2,0x18,0xc2,0x18,0xc2,0x18,0xc2,0x18,0xc2,0x18,0xc2,0x18,0xc3,0x18,0xc2,0x18,
    0xc2,0x18,0xc2,0x18,0xc2,0x18,0xc2,0x18,0xc2,0x18,0xc2,0x18,0xc2,0x18,0xc2,0x18,
    0xc2,0x18,0xc2,0x18,0xc2,0x18,0xc2,0x18,0xc2,0x18,0xc2,0x18,0xc2,0x18,0xc2,0x18,
    0xc2,0x18,0xa2,0x18,0xc2,0x18,0xc2,0x18,0xc2,0x18,0xa2,0x18,0xa2,0x18,0xa2,0x18,
    0xc2,0x18,0xa2,0x18,0xc2,0x18,0xc2,0x18,0xc2,0x18,0xa2,0x18,0xa2,0x18,0xa2,0x18,
    0xa2,0x18,0xa2,0x18,0xa2,0x18,0xa2,0x18,0xa2,0x18,0xa2,0x18,0xa2,0x18,0xa2,0x18,
    0xa2,0x18,0x81,0x10,0xa2,0x18,0x04,0x29,0x65,0x31,0x65,0x31,0x61,0x10,0xa2,0x10,
    0xa2,0x10,0xa2,0x10,0xa2,0x10,0xa2,0x10,0xa2,0x18,0xa2,0x18,0xa2,0x18,0xa2,0x18,
    0xa2,0x18,0xa2,0x10,0xa2,0x10,0xa2,0x10,0xa2,0x10,0xa2,0x10,0xa2,0x10,0xa2,0x10,
    0xa2,0x10,0xa2,0x10,0xa2,0x10,0xa2,0x10,0xa2,0x10,0xa2,0x10,0x82,0x10,0x82,0x10,
    0x82,0x10,0x82,0x10,0x82,0x10,0x82,0x10,0x82,0x10,0x82,0x10,0x82,0x10,0x82,0x10,
    0x81,0x10,0x81,0x10,0x65,0x31,0x00,0x00,0xb2,0x9c,0x50,0x94,0x00,0x00,0xa2,0x18,
    0x00,0x00,0x0f,0x84,0xd2,0xa4,0x00,0x00,0x81,0x10,0x41,0x08,0xa2,0x18,0x69,0x52,
    0x2c,0x73,0xb2,0xa4,0xe3,0x20,0x44,0x31,0x24,0x31,0x61,0x10,0x00,0x00,0x00,0x00,
    0x00,0x00,0x00,0x00,0x41,0x08,0xa2,0x18,0x08,0x4a,0x85,0x39,0x24,0x31,0xa6,0x41,
    0x28,0x52,0x69,0x52,0x69,0x52,0x61,0x10,0x20,0x08,0x81,0x10,0x61,0x10,0x61,0x08,
    0x41,0x08,0x00,0x00,0xa2,0x18,0x07,0x4a,0x07,0x4a,0x28,0x4a,0xa6,0x39,0xe3,0x20,
    0xc3,0x18,0x21,0x08,0x61,0x10,0x82,0x10,0x41,0x08,0xf7,0xcd,0x2c,0x6b,0x40,0x08,
    0xc3,0x18,0x20,0x08,0x55,0xb5,0xce,0x83,0x00,0x00,0x04,0x29,0xc3,0x18,0xe3,0x20,
    0xe3,0x20,0xe3,0x20,0xe3,0x20,0xe3,0x20,0xe3,0x20,0xe3,0x20,0xe3,0x20,0xe3,0x20,
    0xe3,0x20,0xe3,0x20,0xe3,0x20,0xe3,0x20,0xe3,0x20,0xe3,0x20,0xe3,0x20,0xe3,0x20,
    0xe3,0x20,0xe3,0x20,0xe3,0x20,0xe3,0x20,0xe3,0x20,0xe3,0x20,0xe3,0x20,0xe3,0x20,
    0xe3,0x20,0xe3,0x20,0xe3,0x20,0xe3,0x18,0xe3,0x18,0xe3,0x18,0xe3,0x18,0xe3,0x18,
    0xe3,0x18,0xe3,0x20,0xc3,0x18,0xc3,0x18,0xa6,0x39,0xe3,0x20,0xa2,0x18,0xe3,0x20,
    0xe3,0x18,0xe3,0x18,0xe3,0x18,0xe3,0x18,0xe3,0x18,0xe3,0x18,0xe3,0x18,0xe3,0x18,
    0xe3,0x18,0xe3,0x18,0xe3,0x18,0xc3,0x18,0xe3,0x18,0xe3,0x18,0xe3,0x18,0xe3,0x18,
    0xe3,0x18,0xe3,0x18,0xe3,0x18,0xe3,0x18,0xe3,0x18,0xc3,0x18,0xc3,0x18,0xc3,0x18,
    0xc3,0x18,0xe3,0x18,0xc3,0x18,0xc3,0x18,0xc3,0x18,0xc3,0x18,0xc3,0x18,0xc3,0x18,
    0xc3,0x18,0xc3,0x18,0xc3,0x18,0xc3,0x18,0xc3,0x18,0xc3,0x18,0xc3,0x18,0xc3,0x18,
    0xc3,0x18,0xc3,0x18,0xc3,0x18,0xc3,0x18,0xc3,0x18,0xc2,0x18,0xc3,0x18,0xc3,0x18,
    0xc3,0x18,0xc2,0x18,0xc2,0x18,0xc2,0x18,0xc3,0x18,0xc3,0x18,0xc2,0x18,0xc2,0x18,
    0xc2,0x18,0xc2,0x18,0xc2,0x18,0xc2,0x18,0xc2,0x18,0xc2,0x18,0xc2,0x18,0xc2,0x18,
    0xc2,0x18,0xc2,0x18,0xc2,0x18,0xa2,0x18,0xc2,0x18,0xc2,0x18,0xa2,0x18,0xc2,0x18,
    0xc2,0x18,0xa2,0x18,0xa2,0x18,0xa2,0x18,0xa2,0x18,0xa2,0x18,0xa2,0x18,0xa2,0x18,
    0xa2,0x18,0xa2,0x18,0xa2,0x18,0xc2,0x18,0xa2,0x18,0xa2,0x18,0xa2,0x18,0xa2,0x18,
    0xa2,0x18,0xa2,0x18,0xa2,0x18,0xa2,0x18,0xa2,0x18,0xa2,0x18,0xa2,0x18,0xa2,0x18,
    0x82,0x10,0x82,0x10,0x24,0x29,0x44,0x29,0x86,0x31,0x61,0x10,0xa2,0x10,0xa2,0x10,
    0xa2,0x10,0xa2,0x10,0xa2,0x10,0xa2,0x10,0xa2,0x10,0xa2,0x18,0xa2,0x18,0xa2,0x18,
    0xa2,0x10,0xa2,0x10,0xa2,0x10,0xa2,0x10,0xa2,0x10,0xa2,0x10,0xa2,0x10,0xa2,0x10,
    0xa2,0x10,0x82,0x10,0xa2,0x10,0xa2,0x10,0x82,0x10,0x82,0x10,0x82,0x10,0x82,0x10,
    0x82,0x10,0x82,0x10,0x82,0x10,0x82,0x10,0x82,0x10,0x82,0x10,0x82,0x10,0x82,0x10,
    0x61,0x10,0x04,0x29,0xc3,0x20,0x45,0x29,0x99,0xde,0x03,0x21,0x20,0x08,0x61,0x10,
    0xc3,0x20,0xba,0xe6,0xc7,0x39,0x20,0x00,0x61,0x10,0x41,0x08,0xa6,0x39,0x69,0x52,
    0x13,0xad,0x2c,0x6b,0xc3,0x20,0x45,0x31,0x03,0x29,0x20,0x00,0x00,0x00,0x00,0x00,
    0x00,0x00,0x00,0x00,0x62,0x10,0x03,0x21,0xaa,0x5a,0xc2,0x20,0xa6,0x39,0x04,0x29,
    0xe7,0x49,0x28,0x52,0x69,0x5a,0x45,0x31,0x00,0x00,0x61,0x10,0x61,0x10,0x61,0x08,
    0x41,0x08,0x20,0x00,0x00,0x00,0xc6,0x41,0x28,0x52,0x28,0x4a,0x08,0x4a,0x24,0x29,
    0x24,0x29,0x61,0x10,0x41,0x08,0x82,0x10,0x20,0x00,0x0c,0x63,0xd7,0xc5,0x41,0x10,
    0xa2,0x18,0x20,0x08,0x28,0x4a,0x59,0xd6,0xc3,0x18,0xe4,0x20,0xe3,0x20,0xe3,0x20,
    0xe3,0x20,0xe3,0x20,0xe3,0x20,0xe3,0x20,0xe3,0x20,0xe3,0x20,0xe3,0x20,0xe3,0x20,
    0xe3,0x20,0xe3,0x20,0xe3,0x20,0xe3,0x20,0xe3,0x20,0xe3,0x20,0xe3,0x20,0xe3,0x20,
    0xe3,0x20,0xe3,0x20,0xe3,0x20,0xe3,0x20,0xe3,0x20,0xe3,0x20,0xe3,0x18,0xe3,0x18,
    0xe3,0x18,0xe3,0x18,0xe3,0x18,0xe3,0x18,0xe3,0x18,0xe3,0x18,0xe3,0x18,0xe3,0x18,
    0xe3,0x18,0xe3,0x18,0xe3,0x18,0xa2,0x18,0xe3,0x20,0xa6,0x39,0xc3,0x18,0xa2,0x18,
    0xe3,0x20,0xe3,0x18,0xe3,0x18,0xe3,0x18,0xe3,0x20,0xe3,0x18,0xe3,0x18,0xe3,0x18,
    0xe3,0x18,0xc3,0x18,0xe3,0x18,0xe3,0x18,0xe3,0x18,0xe3,0x18,0xc3,0x18,0xc3,0x18,
    0xe3,0x18,0xc3,0x18,0xc3,0x18,0xc3,0x18,0xc3,0x18,0xc3,0x18,0xc3,0x18,0xc3,0x18,
    0xc3,0x18,0xc3,0x18,0xc3,0x18,0xc3,0x18,0xc3,0x18,0xc3,0x18,0xc3,0x18,0xc3,0x18,
    0xc3,0x18,0xc3,0x18,0xc3,0x18,0xc3,0x18,0xc3,0x18,0xc3,0x18,0xc2,0x18,0xc3,0x18,
    0xc3,0x18,0xc3,0x18,0xc3,0x18,0xc3,0x18,0xc3,0x18,0xc3,0x18,0xc3,0x18,0xc3,0x18,
    0xc3,0x18,0xc3,0x18,0xc3,0x18,0xc2,0x18,0xc2,0x18,0xc2,0x18,0xc2,0x18,0xc2,0x18,
    0xc2,0x18,0xc2,0x18,0xc2,0x18,0xc2,0x18,0xc2,0x18,0xc2,0x18,0xc2,0x18,0xc2,0x18,
    0xc2,0x18,0xc2,0x18,0xc2,0x18,0xc2,0x18,0xc2,0x18,0xa2,0x18,0xa2,0x18,0xa2,0x18,
    0xa2,0x18,0xa2,0x18,0xa2,0x18,0xa2,0x18,0xa2,0x18,0xa2,0x18,0xa2,0x18,0xa2,0x18,
    0xa2,0x18,0xc2,0x18,0xa2,0x18,0xa2,0x18,0xa2,0x18,0xa2,0x18,0xa2,0x18,0xa2,0x18,
    0xa2,0x18,0xa2,0x18,0xa2,0x18,0xa2,0x18,0xa2,0x18,0xa2,0x18,0xa2,0x18,0x82,0x10,
    0x82,0x10,0x24,0x29,0x24,0x29,0xc6,0x39,0xa2,0x10,0x82,0x10,0xa2,0x18,0xa2,0x10,
    0xa2,0x10,0xa2,0x10,0xa2,0x10,0xa2,0x10,0xa2,0x10,0xa2,0x10,0xa2,0x10,0xa2,0x10,
    0xa2,0x10,0xa2,0x10,0xa2,0x10,0xa2,0x10,0xa2,0x10,0x82,0x10,0xa2,0x10,0x82,0x10,
    0xa2,0x10,0xa2,0x10,0xa2,0x10,0x82,0x10,0x82,0x10,0x82,0x10,0x82,0x10,0x82,0x10,
    0x82,0x10,0x82,0x10,0x82,0x10,0x82,0x10,0x82,0x10,0x82,0x10,0x82,0x10,0x81,0x10,
    0x82,0x10,0x85,0x39,0x00,0x00,0xf3,0xa4,0x71,0x94,0x00,0x00,0x82,0x10,0x00,0x00,
    0xae,0x7b,0x75,0xb5,0x00,0x00,0x81,0x10,0x61,0x10,0x82,0x10,0x49,0x52,0x0b,0x6b,
    0x75,0xbd,0x24,0x29,0x24,0x29,0x45,0x31,0xa2,0x18,0x00,0x00,0x00,0x00,0x00,0x00,
    0x00,0x00,0x00,0x00,0x82,0x10,0xc6,0x39,0x08,0x4a,0xc3,0x20,0xa6,0x39,0xa2,0x18,
    0xa6,0x41,0x28,0x4a,0x28,0x4a,0x07,0x4a,0x00,0x00,0x41,0x08,0x61,0x10,0x61,0x08,
    0x41,0x08,0x41,0x08,0x00,0x00,0x03,0x21,0x48,0x52,0x28,0x4a,0x48,0x52,0x85,0x39,
    0x04,0x29,0xc3,0x18,0x21,0x08,0x61,0x10,0x82,0x10,0x61,0x10,0xd6,0xc5,0x49,0x52,
    0x20,0x08,0xa2,0x18,0x00,0x08,0x75,0xb5,0x0f,0x84,0x41,0x10,0x24,0x29,0xc3,0x18,
    0xe3,0x20,0xe3,0x20,0xe3,0x20,0xe3,0x20,0xe3,0x20,0xe3,0x20,0xe3,0x20,0xe3,0x20,
    0xe3,0x20,0xe3,0x20,0xe3,0x20,0xe3,0x20,0xe3,0x20,0xe3,0x20,0xe3,0x20,0xe3,0x20,
    0xe3,0x20,0xe3,0x20,0xe3,0x20,0xe3,0x18,0xe3,0x20,0xe3,0x18,0xe3,0x18,0xe3,0x18,
    0xe3,0x18,0xe3,0x20,0xe3,0x20,0xe3,0x18,0xe3,0x20,0xe3,0x18,0xe3,0x18,0xe3,0x18,
    0xe3,0x18,0xe3,0x18,0xe3,0x18,0xe3,0x20,0xa2,0x18,0xe3,0x20,0xa6,0x39,0xc3,0x18,
    0xa2,0x18,0xe3,0x20,0xc3,0x18,0xe3,0x18,0xe3,0x18,0xc3,0x18,0xe3,0x18,0xe3,0x18,
    0xc3,0x18,0xe3,0x18,0xe3,0x18,0xc3,0x18,0xe3,0x18,0xc3,0x18,0xc3,0x18,0xc3,0x18,
    0xc3,0x18,0xc3,0x18,0xc3,0x18,0xc3,0x18,0xc3,0x18,0xc3,0x18,0xc3,0x18,0xc3,0x18,
    0xe3,0x18,0xc3,0x18,0xc3,0x18,0xc3,0x18,0xc3,0x18,0xc3,0x18,0xc3,0x18,0xc3,0x18,
    0xc3,0x18,0xc3,0x18,0xc3,0x18,0xc3,0x18,0xc3,0x18,0xc3,0x18,0xc2,0x18,0xc3,0x18,
    0xc3,0x18,0xc2,0x18,0xc2,0x18,0xc2,0x18,0xc3,0x18,0xc2,0x18,0xc3,0x18,0xc3,0x18,
    0xc3,0x18,0xc2,0x18,0xc2,0x18,0xc2,0x18,0xc2,0x18,0xc2,0x18,0xc2,0x18,0xc2,0x18,
    0xc2,0x18,0xc2,0x18,0xc2,0x18,0xc2,0x18,0xc2,0x18,0xc2,0x18,0xc2,0x18,0xa2,0x18,
    0xc2,0x18,0xa2,0x18,0xc2,0x18,0xc2,0x18,0xc2,0x18,0xa2,0x18,0xa2,0x18,0xa2,0x18,
    0xa2,0x18,0xa2,0x18,0xa2,0x18,0xa2,0x18,0xa2,0x18,0xc2,0x18,0xa2,0x18,0xa2,0x18,
    0xa2,0x18,0xa2,0x18,0xa2,0x18,0xa2,0x18,0xa2,0x18,0xa2,0x18,0xa2,0x18,0xa2,0x18,
    0xa2,0x18,0xa2,0x18,0xa2,0x10,0xa2,0x10,0xa2,0x18,0xa2,0x18,0x82,0x10,0x82,0x10,
    0x04,0x29,0x24,0x29,0xe7,0x41,0xc2,0x18,0x82,0x10,0xa2,0x10,0xa2,0x10,0xa2,0x10,
    0xa2,0x10,0xa2,0x10,0xa2,0x10,0xa2,0x18,0xa2,0x10,0xa2,0x10,0xa2,0x10,0xa2,0x10,
    0xa2,0x10,0xa2,0x10,0xa2,0x10,0xa2,0x10,0xa2,0x10,0x82,0x10,0xa2,0x10,0xa2,0x10,
    0xa2,0x10,0xa2,0x10,0x82,0x10,0xa2,0x10,0xa2,0x10,0x82,0x10,0x82,0x10,0x82,0x10,
    0x82,0x10,0x82,0x10,0x82,0x10,0x82,0x10,0x82,0x10,0x82,0x10,0x82,0x10,0x61,0x10,
    0x24,0x29,0xe3,0x20,0x86,0x31,0xda,0xe6,0x04,0x21,0x20,0x08,0x41,0x08,0x82,0x10,
    0x59,0xd6,0xe7,0x41,0x00,0x00,0x61,0x10,0x41,0x08,0x65,0x31,0x28,0x4a,0xd2,0xa4,
    0xae,0x7b,0x61,0x10,0x44,0x31,0x04,0x29,0x20,0x00,0x00,0x00,0x00,0x00,0x00,0x00,
    0x00,0x00,0x61,0x08,0xc2,0x18,0x8a,0x5a,0x04,0x29,0x45,0x31,0x24,0x29,0x82,0x18,
    0xa6,0x39,0x08,0x4a,0xe7,0x41,0x28,0x4a,0xc3,0x18,0x00,0x00,0x81,0x10,0x61,0x10,
    0x41,0x08,0x41,0x08,0x00,0x00,0x20,0x08,0xe7,0x41,0x28,0x4a,0x28,0x52,0xe7,0x49,
    0x03,0x29,0x24,0x29,0x41,0x08,0x41,0x08,0x82,0x10,0x00,0x00,0xeb,0x62,0x55,0xb5,
    0x40,0x08,0xa2,0x18,0x41,0x08,0xe7,0x41,0xba,0xde,0x24,0x29,0xe3,0x20,0xe3,0x20,
    0xe3,0x18,0xe3,0x20,0xe3,0x20,0xe3,0x20,0xe3,0x20,0xe3,0x20,0xe3,0x20,0xe3,0x20,
    0xe3,0x18,0xe3,0x20,0xe3,0x20,0xe3,0x18,0xe3,0x18,0xe3,0x18,0xe3,0x18,0xe3,0x18,
    0xe3,0x18,0xe3,0x18,0xe3,0x18,0xe3,0x18,0xe3,0x20,0xe3,0x20,0xe3,0x20,0xe3,0x20,
    0xe3,0x20,0xe3,0x20,0xe3,0x20,0xe3,0x20,0xe3,0x20,0xe3,0x18,0xe3,0x18,0xe3,0x18,
    0xe3,0x18,0xc3,0x18,0xe3,0x20,0xc3,0x18,0xe3,0x18,0xa2,0x18,0x04,0x21,0x86,0x39,
    0xc3,0x18,0xa2,0x18,0xe3,0x20,0xc3,0x18,0xe3,0x18,0xc3,0x18,0xe3,0x18,0xc3,0x18,
    0xc3,0x18,0xe3,0x18,0xe3,0x18,0xc3,0x18,0xc3,0x18,0xc3,0x18,0xa2,0x10,0xa2,0x18,
    0xe3,0x20,0xc3,0x18,0xc2,0x18,0xc3,0x18,0xc3,0x18,0xc3,0x18,0xc3,0x18,0xc3,0x18,
    0xc3,0x18,0xc3,0x18,0xc3,0x18,0xc3,0x18,0xc3,0x18,0xc3,0x18,0xc3,0x18,0xc3,0x18,
    0xc2,0x18,0xc2,0x18,0xc3,0x18,0xc2,0x18,0xc3,0x18,0xc3,0x18,0xc3,0x18,0xc3,0x18,
    0xc3,0x18,0xc2,0x18,0xc2,0x18,0xc2,0x18,0xc2,0x18,0xc3,0x18,0xc3,0x18,0xc2,0x18,
    0xc2,0x18,0xc2,0x18,0xc2,0x18,0xc2,0x18,0xc2,0x18,0xc2,0x18,0xc2,0x18,0xc2,0x18,
    0xc2,0x18,0xc2,0x18,0xc2,0x18,0xc2,0x18,0xc2,0x18,0xc2,0x18,0xc2,0x18,0xc2,0x18,
    0xc2,0x18,0xc2,0x18,0xa2,0x18,0xc2,0x18,0xc2,0x18,0xa2,0x18,0xa2,0x18,0xa2,0x18,
    0xa2,0x18,0xa2,0x18,0xa2,0x18,0xa2,0x18,0x82,0x10,0xa2,0x10,0xc3,0x18,0xc2,0x18,
    0xa2,0x18,0xa2,0x18,0xa2,0x18,0xa2,0x18,0xa2,0x18,0xa2,0x18,0xa2,0x18,0xa2,0x18,
    0xa2,0x18,0xa2,0x18,0xa2,0x18,0xa2,0x18,0xa2,0x18,0x82,0x10,0x82,0x10,0x04,0x29,
    0x24,0x29,0xe7,0x41,0xc3,0x18,0x82,0x10,0xa2,0x10,0xa2,0x10,0xa2,0x10,0xa2,0x10,
    0xa2,0x10,0xa2,0x10,0xa2,0x10,0xa2,0x10,0xa2,0x10,0xa2,0x10,0xa2,0x10,0xa2,0x10,
    0xa2,0x10,0xa2,0x10,0xa2,0x10,0xa2,0x10,0xa2,0x10,0xa2,0x10,0xa2,0x10,0xa2,0x10,
    0xa2,0x10,0xa2,0x10,0x82,0x10,0x82,0x10,0x82,0x10,0x82,0x10,0x82,0x10,0x82,0x10,
    0x82,0x10,0x82,0x10,0x82,0x10,0x82,0x10,0x82,0x10,0x82,0x10,0x81,0x10,0x82,0x18,
    0x86,0x39,0x00,0x00,0x54,0xad,0x71,0x94,0x00,0x00,0xa2,0x18,0x00,0x00,0xae,0x83,
    0x34,0xad,0x00,0x00,0x61,0x10,0x61,0x10,0x81,0x10,0x08,0x4a,0xaa,0x5a,0xd6,0xc5,
    0x65,0x31,0xc3,0x20,0x24,0x29,0xc2,0x18,0x00,0x00,0x00,0x00,0x00,0x00,0x00,0x00,
    0x00,0x00,0x82,0x10,0x65,0x31,0x89,0x5a,0xa2,0x20,0x65,0x39,0xa2,0x18,0xa2,0x18,
    0xa6,0x39,0xa6,0x39,0x07,0x4a,0xe7,0x49,0xa6,0x39,0x00,0x00,0x61,0x10,0x61,0x10,
    0x61,0x08,0x41,0x08,0x21,0x08,0x00,0x00,0x04,0x29,0x28,0x52,0x07,0x4a,0x28,0x4a,
    0x65,0x31,0x04,0x29,0xc3,0x18,0x20,0x00,0x61,0x10,0x61,0x10,0x61,0x10,0xf7,0xc5,
    0xaa,0x5a,0x41,0x10,0xc2,0x18,0x00,0x00,0x54,0xb5,0xb2,0x9c,0x41,0x08,0x44,0x29,
    0xc2,0x18,0xe3,0x20,0xe3,0x20,0xe3,0x20,0xe3,0x20,0xe3,0x20,0xe3,0x20,0xe3,0x20,
    0xe3,0x20,0xe3,0x20,0xe3,0x20,0xe3,0x18,0xe3,0x18,0xe3,0x20,0xe3,0x18,0xe3,0x18,
    0xe3,0x20,0xe3,0x20,0xe3,0x18,0xe3,0x18,0xe3,0x18,0xe3,0x18,0xe3,0x18,0xe3,0x18,
    0xe3,0x18,0xe3,0x18,0xe3,0x20,0xe3,0x18,0xe3,0x18,0xe3,0x18,0xe3,0x18,0xe3,0x18,
    0xc3,0x18,0xc3,0x18,0xe3,0x18,0xe3,0x18,0xc3,0x18,0xe3,0x18,0xa2,0x18,0x04,0x21,
    0x86,0x39,0xc3,0x18,0xa2,0x18,0xe3,0x20,0xc3,0x18,0xc3,0x18,0xc3,0x18,0xc3,0x18,
    0xc3,0x18,0xc3,0x18,0xc3,0x18,0xc3,0x18,0xc3,0x18,0xa2,0x18,0x85,0x31,0xc7,0x41,
    0x65,0x31,0x24,0x29,0x03,0x21,0xc3,0x18,0xc3,0x18,0xc3,0x18,0xc3,0x18,0xc3,0x18,
    0xc3,0x18,0xc3,0x18,0xc3,0x18,0xc3,0x18,0xc3,0x18,0xc3,0x18,0xc2,0x18,0xc2,0x18,
    0xc3,0x18,0xc3,0x18,0xc3,0x18,0xc3,0x18,0xc3,0x18,0xc3,0x18,0xc3,0x18,0xc2,0x18,
    0xc2,0x18,0xc2,0x18,0xc2,0x18,0xc2,0x18,0xc2,0x18,0xc2,0x18,0xc2,0x18,0xc2,0x18,
    0xc2,0x18,0xc2,0x18,0xc2,0x18,0xc2,0x18,0xc2,0x18,0xc2,0x18,0xc2,0x18,0xc2,0x18,
    0xc2,0x18,0xc2,0x18,0xc2,0x18,0xc2,0x18,0xc2,0x18,0xc2,0x18,0xc2,0x18,0xa2,0x18,
    0xa2,0x18,0xc2,0x18,0xa2,0x18,0xa2,0x18,0xa2,0x18,0xa2,0x18,0xa2,0x18,0xa2,0x18,
    0xa2,0x18,0xa2,0x18,0xa2,0x18,0x81,0x10,0x65,0x31,0xe7,0x41,0x45,0x31,0xc3,0x20,
    0xc3,0x18,0xa2,0x18,0xa2,0x18,0xa2,0x18,0xa2,0x18,0xa2,0x18,0xa2,0x18,0xa2,0x18,
    0xa2,0x10,0xa2,0x18,0xa2,0x10,0xa2,0x18,0x82,0x10,0x82,0x10,0x04,0x29,0x24,0x29,
    0xe7,0x41,0xc3,0x18,0x82,0x10,0xa2,0x10,0xa2,0x10,0xa2,0x10,0xa2,0x10,0xa2,0x10,
    0xa2,0x10,0xa2,0x10,0xa2,0x10,0xa2,0x10,0xa2,0x10,0xa2,0x10,0xa2,0x10,0xa2,0x10,
    0x82,0x10,0x82,0x10,0x82,0x10,0x82,0x10,0x82,0x10,0x82,0x10,0x82,0x10,0x82,0x10,
    0x82,0x10,0x82,0x10,0xa2,0x10,0xa2,0x10,0x82,0x10,0x82,0x10,0x82,0x10,0x82,0x10,
    0x82,0x10,0x82,0x10,0x82,0x10,0x82,0x10,0x82,0x10,0x82,0x10,0x61,0x10,0x45,0x31,
    0xa2,0x18,0xa6,0x39,0xfb,0xe6,0xe3,0x20,0x00,0x00,0x61,0x10,0xc3,0x18,0x79,0xde,
    0xa6,0x39,0x00,0x00,0x61,0x10,0x41,0x08,0x45,0x31,0x28,0x52,0x91,0x9c,0xef,0x83,
    0xa2,0x18,0x04,0x29,0x24,0x29,0x41,0x08,0x00,0x00,0x00,0x00,0x00,0x00,0x00,0x00,
    0x41,0x08,0xa2,0x18,0x49,0x52,0x85,0x39,0x24,0x29,0x44,0x31,0x81,0x10,0xc2,0x20,
    0xc7,0x41,0x86,0x39,0x07,0x4a,0xe7,0x41,0x28,0x52,0x82,0x10,0x20,0x00,0x81,0x10,
    0x61,0x08,0x41,0x08,0x41,0x08,0x00,0x00,0x41,0x08,0xc7,0x41,0x08,0x4a,0x08,0x4a,
    0xe7,0x49,0x04,0x29,0x04,0x29,0x41,0x08,0x41,0x08,0x82,0x10,0x00,0x00,0x0c,0x6b,
    0x38,0xd6,0x61,0x10,0x82,0x18,0x0f,0x84,0xba,0xde,0xfb,0xee,0x65,0x31,0xc2,0x18,
    0xe3,0x20,0xc3,0x18,0xe3,0x20,0xe3,0x20,0xe3,0x20,0xe3,0x20,0xe3,0x20,0xe3,0x20,
    0xe3,0x20,0xe3,0x20,0xe3,0x20,0xe3,0x20,0xe3,0x20,0xe3,0x20,0xe3,0x20,0xe3,0x20,
    0xe3,0x20,0xe3,0x20,0xe3,0x20,0xe3,0x18,0xe3,0x18,0xe3,0x18,0xe3,0x18,0xe3,0x18,
    0xe3,0x18,0xe3,0x18,0xe3,0x20,0xe3,0x18,0xe3,0x18,0xe3,0x18,0xe3,0x18,0xe3,0x18,
    0xe3,0x18,0xe3,0x20,0xe3,0x18,0xe3,0x18,0xc3,0x18,0xc3,0x18,0xc3,0x18,0xa2,0x18,
    0x03,0x21,0xa6,0x39,0xc3,0x18,0x82,0x10,0xc3,0x18,0xc3,0x18,0xc3,0x18,0xc3,0x18,
    0xc3,0x18,0xc3,0x18,0xc3,0x18,0xc3,0x18,0xa2,0x18,0x86,0x39,0x08,0x4a,0xaa,0x5a,
    0x30,0x94,0x8e,0x7b,0x65,0x31,0xc3,0x18,0xc3,0x18,0xc3,0x18,0xc3,0x18,0xc3,0x18,
    0xc3,0x18,0xc3,0x18,0xc3,0x18,0xc3,0x18,0xc3,0x18,0xc3,0x18,0xc3,0x18,0xc2,0x18,
    0xc3,0x18,0xc3,0x18,0xc2,0x18,0xc3,0x18,0xc3,0x18,0xc3,0x18,0xc2,0x18,0xc2,0x18,
    0xc2,0x18,0xc2,0x18,0xc2,0x18,0xc2,0x18,0xc2,0x18,0xc2,0x18,0xc2,0x18,0xc2,0x18,
    0xc2,0x18,0xc2,0x18,0xc2,0x18,0xc2,0x18,0xc2,0x18,0xc2,0x18,0xc2,0x18,0xc2,0x18,
    0xc2,0x18,0xc2,0x18,0xc2,0x18,0xc2,0x18,0xa2,0x18,0xc2,0x18,0xa2,0x18,0xa2,0x18,
    0xa2,0x18,0xc2,0x18,0xa2,0x18,0xa2,0x18,0xa2,0x18,0xa2,0x18,0xa2,0x18,0xa2,0x18,
    0xa2,0x18,0xc2,0x18,0x81,0x10,0x86,0x31,0x08,0x4a,0x28,0x52,0xef,0x8b,0xae,0x7b,
    0x86,0x39,0xe3,0x20,0xc2,0x18,0xa2,0x18,0xa2,0x18,0xa2,0x18,0xa2,0x18,0xa2,0x18,
    0xa2,0x18,0xa2,0x18,0xa2,0x18,0x81,0x10,0x82,0x10,0x04,0x29,0x24,0x29,0xc7,0x41,
    0xc3,0x18,0x82,0x10,0xa2,0x10,0xa2,0x10,0xa2,0x10,0xa2,0x10,0xa2,0x10,0xa2,0x10,
    0xa2,0x10,0xa2,0x10,0xa2,0x10,0xa2,0x10,0xa2,0x10,0xa2,0x10,0xa2,0x10,0x82,0x10,
    0x82,0x10,0x82,0x10,0xa2,0x10,0xa2,0x10,0xa2,0x10,0x82,0x10,0x82,0x10,0xa2,0x10,
    0xa2,0x10,0x82,0x10,0xa2,0x10,0x82,0x10,0x82,0x10,0x82,0x10,0x82,0x10,0x82,0x10,
    0x82,0x10,0x82,0x10,0x82,0x10,0x82,0x10,0x82,0x10,0x61,0x10,0xa2,0x18,0x65,0x31,
    0x00,0x00,0x14,0xad,0x5c,0xf7,0x75,0xb5,0xe7,0x41,0x00,0x00,0x30,0x94,0x14,0xad,
    0x00,0x00,0x61,0x10,0x41,0x08,0x61,0x08,0x28,0x4a,0xaa,0x5a,0xd6,0xc5,0x65,0x31,
    0x03,0x21,0x24,0x29,0xc3,0x18,0x00,0x00,0x00,0x00,0x00,0x00,0x00,0x00,0x00,0x00,
    0x82,0x10,0x24,0x29,0x89,0x5a,0xc3,0x20,0x86,0x39,0xc3,0x20,0x61,0x10,0x65,0x39,
    0x86,0x39,0xc6,0x41,0xa6,0x39,0xe7,0x41,0x08,0x4a,0x65,0x31,0x00,0x00,0x61,0x10,
    0x61,0x10,0x41,0x08,0x41,0x08,0x20,0x08,0x00,0x00,0xe3,0x20,0x08,0x4a,0xe7,0x49,
    0x28,0x52,0x65,0x31,0xe3,0x20,0xa2,0x18,0x20,0x08,0x61,0x10,0x61,0x10,0x61,0x10,
    0xf7,0xc5,0x91,0x9c,0x75,0xb5,0x9e,0xff,0xfb,0xe6,0x3c,0xf7,0x71,0x94,0x00,0x00,
    0x24,0x29,0xc3,0x18,0xe3,0x20,0xe3,0x20,0xe3,0x18,0xe3,0x20,0xe3,0x20,0xe3,0x20,
    0xe3,0x20,0xe3,0x20,0xe3,0x20,0xe3,0x18,0xe3,0x18,0xe3,0x18,0xe3,0x20,0xe3,0x20,
    0xe3,0x18,0xe3,0x18,0xe3,0x18,0xe3,0x18,0xe3,0x18,0xe3,0x18,0xe3,0x18,0xe3,0x18,
    0xe3,0x18,0xe3,0x18,0xe3,0x18,0xe3,0x18,0xe3,0x18,0xc3,0x18,0xc3,0x18,0xc3,0x18,
    0xc3,0x18,0xc3,0x18,0xe3,0x18,0xc3,0x18,0xc3,0x18,0xc3,0x18,0xc3,0x18,0xc3,0x18,
    0xa2,0x18,0xe3,0x20,0x85,0x31,0xe3,0x20,0x82,0x10,0xc3,0x18,0xc3,0x18,0xc3,0x18,
    0xc3,0x18,0xc3,0x18,0xc3,0x18,0xa2,0x18,0xe3,0x20,0x86,0x39,0x0c,0x6b,0xdb,0xe6,
    0x5c,0xf7,0xbe,0xff,0x54,0xad,0xe3,0x20,0xa2,0x18,0xc2,0x18,0xc3,0x18,0xc3,0x18,
    0xc3,0x18,0xc3,0x18,0xc3,0x18,0xc3,0x18,0xc2,0x18,0xc2,0x18,0xc3,0x18,0xc2,0x18,
    0xc2,0x18,0xc3,0x18,0xc2,0x18,0xc2,0x18,0xc2,0x18,0xc2,0x18,0xc2,0x18,0xc2,0x18,
    0xc2,0x18,0xc2,0x18,0xc2,0x18,0xc2,0x18,0xc2,0x18,0xc2,0x18,0xc2,0x18,0xc2,0x18,
    0xc2,0x18,0xc2,0x18,0xc2,0x18,0xc2,0x18,0xc2,0x18,0xc2,0x18,0xc2,0x18,0xc2,0x18,
    0xc2,0x18,0xc2,0x18,0xc2,0x18,0xa2,0x18,0xa2,0x18,0xa2,0x18,0xa2,0x18,0xa2,0x18,
    0xa2,0x18,0xa2,0x18,0xa2,0x18,0xa2,0x18,0xa2,0x18,0xa2,0x18,0xa2,0x18,0xa2,0x18,
    0xa2,0x18,0xa2,0x18,0xc3,0x18,0xc7,0x41,0x8a,0x5a,0x99,0xde,0x5c,0xef,0xbe,0xff,
    0x38,0xce,0x85,0x31,0xa2,0x10,0xa2,0x18,0xa2,0x18,0xa2,0x18,0xa2,0x18,0xa2,0x18,
    0xa2,0x18,0xa2,0x18,0x61,0x10,0xa2,0x18,0x03,0x21,0x24,0x29,0xc6,0x39,0xa2,0x18,
    0x82,0x10,0xa2,0x10,0xa2,0x10,0xa2,0x10,0xa2,0x10,0xa2,0x10,0xa2,0x10,0xa2,0x10,
    0xa2,0x10,0xa2,0x10,0xa2,0x10,0xa2,0x10,0xa2,0x10,0xa2,0x10,0x82,0x10,0x82,0x10,
    0x82,0x10,0xa2,0x10,0x82,0x10,0xa2,0x10,0xa2,0x10,0x82,0x10,0x82,0x10,0x82,0x10,
    0x82,0x10,0x82,0x10,0x82,0x10,0x82,0x10,0x82,0x10,0x82,0x10,0x82,0x10,0x82,0x10,
    0x82,0x10,0x82,0x10,0x82,0x10,0x82,0x10,0x81,0x10,0x61,0x10,0x45,0x31,0x20,0x08,
    0x28,0x4a,0x1c,0xef,0xba,0xe6,0x5c,0xf7,0x1b,0xef,0x30,0x8c,0x79,0xd6,0x65,0x31,
    0x20,0x00,0x61,0x10,0x20,0x08,0x24,0x29,0xc7,0x41,0xb2,0x9c,0x10,0x8c,0xa2,0x18,
    0x24,0x29,0x04,0x29,0x41,0x08,0x00,0x00,0x00,0x00,0x00,0x00,0x00,0x00,0x20,0x00,
    0xa2,0x18,0x08,0x4a,0x86,0x39,0xe3,0x28,0x85,0x31,0x81,0x18,0x81,0x18,0x2c,0x6b,
    0xcb,0x62,0xa6,0x41,0xa6,0x39,0xe7,0x41,0xc7,0x41,0x48,0x52,0x61,0x08,0x20,0x08,
    0x61,0x10,0x41,0x08,0x41,0x08,0x41,0x08,0x00,0x00,0x41,0x08,0xa6,0x41,0x07,0x4a,
    0xe7,0x49,0xe7,0x41,0x03,0x21,0xe3,0x20,0x41,0x08,0x41,0x08,0x82,0x10,0x20,0x08,
    0xe7,0x41,0x7d,0xf7,0x3c,0xef,0xda,0xe6,0xba,0xe6,0xfb,0xe6,0x5d,0xf7,0xe7,0x41,
    0x41,0x08,0x04,0x21,0xc2,0x18,0xe3,0x20,0xe3,0x18,0xe3,0x18,0xe3,0x18,0xe3,0x20,
    0xe3,0x20,0xe3,0x18,0xe3,0x20,0xe3,0x20,0xe3,0x18,0xe3,0x18,0xe3,0x18,0xe3,0x18,
    0xe3,0x18,0xe3,0x18,0xe3,0x18,0xe3,0x18,0xe3,0x18,0xe3,0x18,0xe3,0x18,0xe3,0x20,
    0xe3,0x18,0xe3,0x18,0xe3,0x20,0xe3,0x18,0xe3,0x18,0xe3,0x18,0xc3,0x18,0xc3,0x18,
    0xc3,0x18,0xe3,0x18,0xc3,0x18,0xc3,0x18,0xc3,0x18,0xc3,0x18,0xc3,0x18,0xc3,0x18,
    0xc3,0x18,0xa2,0x18,0xc3,0x18,0x85,0x31,0x24,0x29,0x82,0x10,0xc2,0x18,0xc3,0x18,
    0xc3,0x18,0xc3,0x18,0xc3,0x18,0xa2,0x18,0xe3,0x20,0x86,0x39,0xf7,0xcd,0x5c,0xf7,
    0x3c,0xef,0x5c,0xef,0x9d,0xf7,0x69,0x52,0x61,0x08,0xc2,0x18,0xc3,0x18,0xc2,0x18,
    0xc3,0x18,0xc3,0x18,0xc3,0x18,0xc3,0x18,0xc3,0x18,0xc3,0x18,0xc3,0x18,0xc3,0x18,
    0xc3,0x18,0xc2,0x18,0xc2,0x18,0xc2,0x18,0xc2,0x18,0xc2,0x18,0xc2,0x18,0xc2,0x18,
    0xc2,0x18,0xc2,0x18,0xc2,0x18,0xc2,0x18,0xc2,0x18,0xc2,0x18,0xc2,0x18,0xc2,0x18,
    0xc2,0x18,0xc2,0x18,0xc2,0x18,0xc2,0x18,0xc2,0x18,0xc2,0x18,0xc2,0x18,0xa2,0x18,
    0xc2,0x18,0xc2,0x18,0xa2,0x18,0xa2,0x18,0xa2,0x18,0xa2,0x18,0xa2,0x18,0xa2,0x18,
    0xa2,0x18,0xa2,0x18,0xa2,0x18,0xa2,0x18,0xa2,0x18,0xa2,0x18,0xa2,0x18,0xa2,0x18,
    0xa2,0x18,0x82,0x10,0xe3,0x20,0x24,0x29,0x54,0xb5,0x7d,0xf7,0x3c,0xef,0x3c,0xef,
    0xde,0xff,0x8e,0x7b,0x41,0x08,0xa2,0x18,0xa2,0x18,0xa2,0x18,0xa2,0x18,0xa2,0x18,
    0xa2,0x18,0x61,0x10,0xc3,0x18,0x03,0x21,0x45,0x31,0xa6,0x39,0xa2,0x18,0x82,0x10,
    0xa2,0x10,0xa2,0x10,0xa2,0x18,0xa2,0x10,0xa2,0x10,0xa2,0x18,0xa2,0x10,0xa2,0x10,
    0xa2,0x10,0xa2,0x10,0xa2,0x10,0xa2,0x10,0xa2,0x10,0xa2,0x10,0xa2,0x10,0x82,0x10,
    0x82,0x10,0x82,0x10,0x82,0x10,0x82,0x10,0x82,0x10,0x82,0x10,0x82,0x10,0x82,0x10,
    0x82,0x10,0x82,0x10,0x82,0x10,0x82,0x10,0x82,0x10,0x82,0x10,0x82,0x10,0x82,0x10,
    0x82,0x10,0x82,0x10,0x82,0x10,0x82,0x10,0x61,0x10,0xc3,0x20,0x03,0x29,0x41,0x08,
    0x38,0xce,0x5c,0xf7,0xba,0xe6,0xdb,0xe6,0xdb,0xe6,0xff,0xff,0x71,0x94,0x00,0x00,
    0x61,0x10,0x41,0x08,0x61,0x08,0xe7,0x41,0xaa,0x62,0xb6,0xc5,0x65,0x31,0x03,0x29,
    0x24,0x29,0xa2,0x18,0x00,0x00,0x00,0x00,0x00,0x00,0x00,0x00,0x00,0x00,0x61,0x10,
    0x04,0x29,0x69,0x5a,0xc2,0x20,0x86,0x39,0x03,0x21,0x61,0x10,0x24,0x31,0x13,0xad,
    0xb6,0xbd,0xa6,0x41,0xc6,0x41,0xa6,0x39,0xe7,0x49,0x49,0x52,0x85,0x39,0x00,0x00,
    0x61,0x10,0x61,0x10,0x41,0x08,0x41,0x08,0x20,0x00,0x00,0x00,0x03,0x21,0x07,0x4a,
    0xc7,0x41,0xe7,0x49,0x85,0x39,0xe3,0x20,0xa2,0x18,0x41,0x08,0x61,0x10,0xa2,0x18,
    0x20,0x08,0x71,0x94,0x5c,0xf7,0xba,0xe6,0x5d,0xf7,0x17,0xce,0x71,0x94,0xd7,0xc5,
    0x41,0x08,0xe3,0x20,0xc3,0x18,0xc3,0x18,0xe3,0x18,0xe3,0x18,0xe3,0x18,0xe3,0x18,
    0xe3,0x18,0xe3,0x18,0xe3,0x18,0xe3,0x18,0xe3,0x18,0xe3,0x18,0xe3,0x18,0xe3,0x18,
    0xe3,0x18,0xe3,0x18,0xe3,0x18,0xe3,0x20,0xe3,0x18,0xe3,0x18,0xe3,0x18,0xe3,0x18,
    0xe3,0x18,0xc3,0x18,0xc3,0x18,0xe3,0x18,0xe3,0x18,0xc3,0x18,0xc3,0x18,0xc3,0x18,
    0xc3,0x18,0xc3,0x18,0xc3,0x18,0xc3,0x18,0xc3,0x18,0xc3,0x18,0xc3,0x18,0xc3,0x18,
    0xc3,0x18,0xc3,0x18,0xc3,0x18,0xc3,0x18,0x65,0x31,0x45,0x31,0x82,0x10,0xa2,0x18,
    0xc3,0x18,0xc2,0x18,0xc2,0x18,0xc2,0x18,0xa2,0x18,0xc6,0x41,0xba,0xde,0x5c,0xef,
    0x5d,0xef,0x5c,0xef,0x9e,0xff,0xeb,0x62,0x41,0x08,0xc2,0x18,0xc2,0x18,0xc2,0x18,
    0xc2,0x18,0xc3,0x18,0xc2,0x18,0xc2,0x18,0xc2,0x18,0xc3,0x18,0xc3,0x18,0xc2,0x18,
    0xc2,0x18,0xc2,0x18,0xc2,0x18,0xc2,0x18,0xc2,0x18,0xc2,0x18,0xc2,0x18,0xc2,0x18,
    0xc2,0x18,0xc2,0x18,0xc2,0x18,0xc2,0x18,0xc2,0x18,0xc2,0x18,0xc2,0x18,0xc2,0x18,
    0xc2,0x18,0xc2,0x18,0xc2,0x18,0xa2,0x18,0xa2,0x18,0xc2,0x18,0xc2,0x18,0xc2,0x18,
    0xc2,0x18,0xa2,0x18,0xa2,0x18,0xa2,0x18,0xa2,0x18,0xa2,0x18,0xa2,0x18,0xa2,0x18,
    0xa2,0x18,0xa2,0x18,0xa2,0x18,0xa2,0x18,0xa2,0x18,0xa2,0x18,0xa2,0x18,0xa2,0x18,
    0xa2,0x18,0xa2,0x10,0xa2,0x18,0x04,0x21,0xd6,0xc5,0x7d,0xf7,0x5d,0xef,0x3c,0xef,
    0xbe,0xff,0x30,0x8c,0x41,0x08,0x82,0x10,0xa2,0x10,0x82,0x10,0xa2,0x18,0x82,0x10,
    0x82,0x10,0xe3,0x20,0x03,0x21,0x86,0x39,0x86,0x31,0x82,0x10,0x82,0x10,0xa2,0x10,
    0xa2,0x10,0xa2,0x10,0xa2,0x10,0x82,0x10,0xa2,0x10,0xa2,0x10,0xa2,0x10,0xa2,0x10,
    0xa2,0x10,0xa2,0x10,0xa2,0x10,0xa2,0x10,0xa2,0x10,0xa2,0x10,0x82,0x10,0x82,0x10,
    0x82,0x10,0x82,0x10,0xa2,0x10,0x82,0x10,0xa2,0x10,0xa2,0x10,0x82,0x10,0x82,0x10,
    0x82,0x10,0x82,0x10,0x82,0x10,0x82,0x10,0x82,0x10,0x82,0x10,0x82,0x10,0x82,0x10,
    0x82,0x10,0x82,0x10,0x82,0x10,0x82,0x10,0x82,0x10,0x65,0x31,0x00,0x00,0xef,0x83,
    0xb6,0xc5,0x91,0x9c,0x5d,0xf7,0xfb,0xee,0xfb,0xe6,0xda,0xe6,0x04,0x21,0x41,0x08,
    0x61,0x10,0x21,0x08,0x45,0x31,0x28,0x52,0x75,0xbd,0xae,0x7b,0xa2,0x18,0x44,0x31,
    0x04,0x29,0x41,0x08,0x00,0x00,0x00,0x00,0x00,0x00,0x00,0x00,0x00,0x00,0xa2,0x18,
    0x07,0x4a,0xc7,0x41,0xc3,0x20,0x85,0x39,0x81,0x10,0x41,0x10,0xcb,0x62,0xf7,0xc5,
    0x9e,0xf7,0xaa,0x62,0xa6,0x39,0x85,0x39,0x08,0x4a,0x08,0x4a,0x69,0x52,0x81,0x10,
    0x40,0x08,0x81,0x10,0x61,0x08,0x41,0x08,0x41,0x08,0x00,0x00,0x41,0x08,0xa6,0x39,
    0xe7,0x41,0xc7,0x41,0xe7,0x41,0x44,0x31,0x04,0x29,0x62,0x10,0x41,0x08,0x82,0x10,
    0x61,0x10,0x24,0x29,0x99,0xde,0xba,0xe6,0x92,0x9c,0xe3,0x20,0x00,0x00,0xb6,0xbd,
    0xce,0x7b,0x00,0x00,0x04,0x29,0xa2,0x18,0xe3,0x20,0xc3,0x18,0xe3,0x18,0xc3,0x18,
    0xe3,0x18,0xc3,0x18,0xe3,0x18,0xe3,0x18,0xe3,0x18,0xe3,0x18,0xe3,0x18,0xe3,0x18,
    0xe3,0x18,0xe3,0x18,0xc3,0x18,0xe3,0x18,0xe3,0x18,0xe3,0x18,0xe3,0x18,0xe3,0x18,
    0xe3,0x18,0xe3,0x18,0xe3,0x18,0xc3,0x18,0xc3,0x18,0xc3,0x18,0xc3,0x18,0xc3,0x18,
    0xc3,0x18,0xc3,0x18,0xc3,0x18,0xc3,0x18,0xe3,0x18,0xc3,0x18,0xe3,0x18,0xe3,0x18,
    0xc3,0x18,0xc3,0x18,0xc3,0x18,0xc3,0x18,0xa2,0x18,0x44,0x29,0x85,0x31,0xc3,0x18,
    0x82,0x10,0xc2,0x18,0xc2,0x18,0xa2,0x18,0xc2,0x18,0xe3,0x20,0x34,0xad,0xff,0xff,
    0x7d,0xf7,0xde,0xff,0xfb,0xe6,0x85,0x39,0x81,0x10,0xc2,0x18,0xc2,0x18,0xc2,0x18,
    0xc2,0x18,0xc2,0x18,0xc2,0x18,0xc3,0x18,0xc2,0x18,0xc2,0x18,0xc2,0x18,0xc2,0x18,
    0xc2,0x18,0xc2,0x18,0xc2,0x18,0xc2,0x18,0xc2,0x18,0xc2,0x18,0xc2,0x18,0xc2,0x18,
    0xc2,0x18,0xc2,0x18,0xc2,0x18,0xc2,0x18,0xc2,0x18,0xa2,0x18,0xc2,0x18,0xc2,0x18,
    0xc2,0x18,0xc2,0x18,0xc2,0x18,0xa2,0x18,0xa2,0x18,0xa2,0x18,0xc2,0x18,0xc2,0x18,
    0xc2,0x18,0xc2,0x18,0xa2,0x18,0xa2,0x18,0xa2,0x18,0xa2,0x18,0xa2,0x18,0xa2,0x18,
    0xa2,0x18,0xa2,0x18,0xa2,0x18,0xa2,0x18,0xa2,0x18,0xa2,0x18,0xa2,0x18,0xa2,0x18,
    0xa2,0x18,0xa2,0x18,0xa2,0x10,0xa2,0x18,0x30,0x8c,0xff,0xff,0x7d,0xf7,0x9e,0xf7,
    0x7d,0xf7,0x89,0x5a,0x20,0x08,0x82,0x10,0x82,0x10,0x82,0x10,0x61,0x10,0xa2,0x18,
    0x03,0x21,0x24,0x29,0xc7,0x41,0x65,0x31,0x61,0x10,0x82,0x10,0xa2,0x10,0xa2,0x10,
    0xa2,0x10,0xa2,0x10,0xa2,0x10,0xa2,0x10,0xa2,0x10,0xa2,0x10,0xa2,0x10,0xa2,0x10,
    0xa2,0x10,0xa2,0x10,0xa2,0x10,0xa2,0x10,0x82,0x10,0x82,0x10,0xa2,0x10,0xa2,0x10,
    0x82,0x10,0xa2,0x10,0xa2,0x10,0xa2,0x10,0xa2,0x10,0xa2,0x10,0x82,0x10,0x82,0x10,
    0x82,0x10,0x82,0x10,0x82,0x10,0x82,0x10,0x82,0x10,0x82,0x10,0x82,0x10,0x82,0x10,
    0x81,0x10,0x82,0x10,0x82,0x10,0x61,0x10,0x24,0x29,0x82,0x18,0x65,0x31,0xda,0xe6,
    0x44,0x29,0x00,0x00,0x0c,0x63,0x38,0xd6,0x7d,0xf7,0x6d,0x73,0x00,0x00,0x82,0x10,
    0x61,0x10,0xa2,0x18,0x28,0x4a,0x8d,0x7b,0xf7,0xcd,0x24,0x29,0x24,0x29,0x24,0x29,
    0xa2,0x18,0x00,0x00,0x00,0x00,0x00,0x00,0x00,0x00,0x00,0x00,0x82,0x10,0xe3,0x20,
    0xaa,0x5a,0xe3,0x20,0x65,0x31,0x03,0x21,0x61,0x10,0xc2,0x20,0xd2,0xa4,0xd6,0xc5,
    0xff,0xff,0xb2,0x9c,0x24,0x31,0xa6,0x39,0xc6,0x41,0x08,0x4a,0x48,0x52,0x85,0x39,
    0x00,0x00,0x81,0x10,0x61,0x10,0x41,0x08,0x41,0x08,0x20,0x08,0x00,0x00,0xe3,0x20,
    0xe7,0x41,0xc6,0x41,0xe7,0x41,0xa6,0x39,0x24,0x29,0x04,0x29,0x41,0x08,0x61,0x10,
    0xa2,0x18,0x00,0x00,0x8e,0x7b,0xd7,0xc5,0x00,0x00,0x61,0x10,0x40,0x08,0x86,0x31,
    0xba,0xe6,0x86,0x31,0xa2,0x18,0x04,0x21,0xc3,0x18,0xe3,0x18,0xe3,0x18,0xe3,0x18,
    0xc3,0x18,0xc3,0x18,0xe3,0x18,0xe3,0x18,0xe3,0x18,0xc3,0x18,0xe3,0x18,0xe3,0x18,
    0xe3,0x18,0xe3,0x18,0xc3,0x18,0xc3,0x18,0xe3,0x18,0xc3,0x18,0xc3,0x18,0xc3,0x18,
    0xc3,0x18,0xc3,0x18,0xc3,0x18,0xc3,0x18,0xc3,0x18,0xc3,0x18,0xc3,0x18,0xc3,0x18,
    0xc3,0x18,0xc3,0x18,0xc3,0x18,0xc3,0x18,0xc3,0x18,0xc3,0x18,0xc3,0x18,0xc3,0x18,
    0xc3,0x18,0xc3,0x18,0xc3,0x18,0xc3,0x18,0xc3,0x18,0xa3,0x18,0x04,0x21,0x65,0x31,
    0xe3,0x20,0x82,0x10,0xa2,0x18,0xc2,0x18,0xc2,0x18,0xa3,0x18,0x86,0x39,0x13,0xad,
    0x99,0xd6,0xf7,0xc5,0xaa,0x5a,0x82,0x10,0xa2,0x18,0xc2,0x18,0xc2,0x18,0xc2,0x18,
    0xc3,0x18,0xc2,0x18,0xc2,0x18,0xc2,0x18,0xc2,0x18,0xc2,0x18,0xc2,0x18,0xc2,0x18,
    0xc2,0x18,0xc2,0x18,0xc2,0x18,0xc2,0x18,0xc2,0x18,0xc2,0x18,0xc2,0x18,0xc2,0x18,
    0xc2,0x18,0xc2,0x18,0xc2,0x18,0xa2,0x18,0xa2,0x18,0xa2,0x18,0xc2,0x18,0xc2,0x18,
    0xa2,0x18,0xa2,0x18,0xa2,0x18,0xa2,0x18,0xa2,0x18,0xa2,0x18,0xa2,0x18,0xc2,0x18,
    0xa2,0x18,0xa2,0x18,0xa2,0x18,0xa2,0x18,0xa2,0x18,0xa2,0x18,0xa2,0x18,0xa2,0x18,
    0xa2,0x18,0xa2,0x18,0xa2,0x18,0xa2,0x18,0xa2,0x18,0xa2,0x18,0xa2,0x18,0xa2,0x18,
    0xa2,0x10,0xa2,0x10,0xa2,0x10,0xa2,0x18,0x24,0x29,0x51,0x94,0x79,0xd6,0x79,0xd6,
    0xae,0x7b,0xa2,0x18,0x61,0x10,0xa2,0x18,0x82,0x10,0x61,0x10,0xc3,0x18,0x03,0x21,
    0x45,0x29,0x08,0x42,0x24,0x29,0x61,0x10,0xa2,0x10,0xa2,0x10,0xa2,0x10,0xa2,0x10,
    0xa2,0x10,0xa2,0x10,0xa2,0x10,0xa2,0x10,0xa2,0x10,0xa2,0x10,0xa2,0x10,0xa2,0x10,
    0xa2,0x10,0xa2,0x10,0xa2,0x10,0xa2,0x10,0x82,0x10,0xa2,0x10,0xa2,0x10,0xa2,0x10,
    0x82,0x10,0xa2,0x10,0xa2,0x10,0xa2,0x10,0xa2,0x10,0xa2,0x10,0x82,0x10,0x82,0x10,
    0x82,0x10,0x82,0x10,0x82,0x10,0x82,0x10,0x82,0x10,0x82,0x10,0x82,0x10,0x81,0x10,
    0x81,0x10,0x82,0x10,0x61,0x10,0xc3,0x18,0x65,0x31,0x00,0x00,0xf7,0xcd,0xce,0x83,
    0x00,0x00,0x81,0x10,0x00,0x00,0x8d,0x7b,0x38,0xd6,0x41,0x08,0x61,0x10,0x61,0x10,
    0x61,0x10,0xe7,0x41,0x48,0x52,0xb6,0xc5,0xeb,0x6a,0x82,0x18,0x45,0x31,0x03,0x21,
    0x20,0x00,0x00,0x00,0x00,0x00,0x00,0x00,0x00,0x00,0x20,0x00,0xa2,0x18,0x08,0x4a,
    0x08,0x4a,0xc2,0x20,0x65,0x39,0xa2,0x18,0x61,0x10,0x69,0x52,0xd6,0xc5,0xb6,0xbd,
    0xdf,0xff,0x1c,0xe7,0xa6,0x39,0xa6,0x39,0x85,0x39,0x07,0x4a,0xe7,0x49,0x48,0x52,
    0x61,0x10,0x40,0x08,0x61,0x10,0x61,0x08,0x41,0x08,0x41,0x08,0x00,0x00,0x20,0x08,
    0x85,0x39,0xc7,0x41,0xc6,0x41,0xe7,0x49,0x65,0x31,0x45,0x31,0xa2,0x18,0x41,0x08,
    0x82,0x10,0x82,0x10,0x61,0x10,0x17,0xce,0xeb,0x62,0x00,0x00,0xa2,0x18,0x00,0x00,
    0xef,0x83,0xf7,0xc5,0x61,0x10,0x04,0x29,0xc3,0x18,0xc3,0x18,0xc3,0x18,0xe3,0x18,
    0xc3,0x18,0xc3,0x18,0xe3,0x18,0xe3,0x18,0xe3,0x18,0xe3,0x18,0xe3,0x18,0xc3,0x18,
    0xe3,0x18,0xc3,0x18,0xe3,0x18,0xe3,0x18,0xc3,0x18,0xc3,0x18,0xc3,0x18,0xc3,0x18,
    0xc3,0x18,0xc3,0x18,0xc3,0x18,0xc3,0x18,0xc3,0x18,0xc3,0x18,0xc3,0x18,0xc3,0x18,
    0xc3,0x18,0xc3,0x18,0xc3,0x18,0xc3,0x18,0xc3,0x18,0xc3,0x18,0xc3,0x18,0xc3,0x18,
    0xc3,0x18,0xc3,0x18,0xc3,0x18,0xc3,0x18,0xc3,0x18,0xc3,0x18,0xa2,0x18,0xc3,0x18,
    0x44,0x29,0x44,0x29,0xa2,0x18,0x82,0x10,0xc2,0x18,0xc2,0x18,0xa2,0x18,0xa2,0x18,
    0x24,0x29,0xc3,0x20,0x61,0x10,0x82,0x10,0xa2,0x18,0xc2,0x18,0xc2,0x18,0xc2,0x18,
    0xc2,0x18,0xc2,0x18,0xc2,0x18,0xc2,0x18,0xc2,0x18,0xc2,0x18,0xc2,0x18,0xc2,0x18,
    0xc2,0x18,0xc2,0x18,0xc2,0x18,0xc2,0x18,0xc2,0x18,0xc2,0x18,0xc2,0x18,0xc2,0x18,
    0xc2,0x18,0xc2,0x18,0xc2,0x18,0xa2,0x18,0xc2,0x18,0xa2,0x18,0xa2,0x10,0xa2,0x10,
    0xc2,0x18,0xc2,0x18,0xc2,0x18,0xa2,0x18,0xc2,0x18,0xa2,0x18,0xa2,0x18,0xc2,0x18,
    0xa2,0x18,0xa2,0x18,0xa2,0x18,0xa2,0x18,0xa2,0x18,0xa2,0x18,0xa2,0x18,0xa2,0x18,
    0xa2,0x18,0xa2,0x18,0xa2,0x18,0xa2,0x18,0xa2,0x18,0xa2,0x18,0xa2,0x18,0xa2,0x18,
    0xa2,0x18,0xa2,0x18,0xa2,0x18,0xa2,0x18,0x82,0x10,0x61,0x10,0x04,0x29,0xe3,0x20,
    0x61,0x10,0x81,0x10,0xa2,0x18,0x82,0x10,0x82,0x10,0xe3,0x20,0x03,0x21,0xa6,0x39,
    0xe7,0x41,0xa2,0x18,0x61,0x10,0xa2,0x10,0xa2,0x10,0xa2,0x10,0xa2,0x10,0xa2,0x10,
    0xa2,0x10,0xa2,0x10,0xa2,0x10,0xa2,0x10,0xa2,0x10,0xa2,0x10,0xa2,0x10,0xa2,0x10,
    0xa2,0x10,0xa2,0x10,0xa2,0x10,0xa2,0x10,0x82,0x10,0x82,0x10,0xa2,0x10,0xa2,0x10,
    0xa2,0x10,0xa2,0x10,0xa2,0x10,0xa2,0x10,0xa2,0x10,0x82,0x10,0x82,0x10,0x82,0x10,
    0x82,0x10,0x82,0x10,0x82,0x10,0x82,0x10,0x82,0x10,0x82,0x10,0x82,0x10,0x82,0x10,
    0x82,0x10,0x81,0x10,0x81,0x10,0x86,0x39,0x20,0x08,0xce,0x7b,0x38,0xd6,0x41,0x08,
    0x61,0x10,0x20,0x08,0xc3,0x18,0x99,0xde,0x08,0x4a,0x00,0x00,0x61,0x10,0x61,0x10,
    0x03,0x21,0x89,0x5a,0x10,0x8c,0xb6,0xbd,0xa2,0x18,0xe3,0x20,0x44,0x31,0x81,0x10,
    0x00,0x00,0x00,0x00,0x00,0x00,0x00,0x00,0x00,0x00,0x82,0x10,0x04,0x21,0xcb,0x62,
    0xe3,0x20,0x44,0x31,0xe3,0x20,0x81,0x18,0xc2,0x20,0x91,0x9c,0xf7,0xc5,0xb6,0xbd,
    0x9e,0xf7,0xff,0xff,0x30,0x8c,0x44,0x31,0xa6,0x41,0xc7,0x41,0xe7,0x41,0x07,0x4a,
    0x65,0x31,0x00,0x00,0x61,0x10,0x61,0x08,0x41,0x08,0x41,0x08,0x21,0x08,0x00,0x00,
    0xa2,0x18,0xc7,0x41,0xc6,0x41,0xe7,0x41,0xc6,0x41,0x44,0x31,0x44,0x31,0x41,0x08,
    0x61,0x08,0x82,0x10,0x00,0x00,0x48,0x4a,0x79,0xd6,0xc2,0x18,0x41,0x10,0x82,0x10,
    0x41,0x10,0xf7,0xc5,0xcf,0x83,0x20,0x08,0x24,0x29,0xa2,0x18,0xc3,0x18,0xc3,0x18,
    0xc3,0x18,0xe3,0x18,0xc3,0x18,0xc3,0x18,0xe3,0x18,0xe3,0x18,0xe3,0x18,0xc3,0x18,
    0xc3,0x18,0xc3,0x18,0xc3,0x18,0xc3,0x18,0xc3,0x18,0xc3,0x18,0xc3,0x18,0xc3,0x18,
    0xc3,0x18,0xc3,0x18,0xc3,0x18,0xc3,0x18,0xc3,0x18,0xc3,0x18,0xc3,0x18,0xc3,0x18,
    0xc3,0x18,0xe3,0x18,0xc3,0x18,0xc3,0x18,0xc3,0x18,0xc3,0x18,0xc3,0x18,0xc3,0x18,
    0xc3,0x18,0xc3,0x18,0xc3,0x18,0xc3,0x18,0xc3,0x18,0xc2,0x18,0xc2,0x18,0xc2,0x18,
    0xa2,0x18,0x04,0x29,0x85,0x31,0x04,0x21,0x82,0x10,0xa2,0x18,0xc2,0x18,0xa2,0x18,
    0x61,0x10,0x81,0x10,0xa2,0x18,0xc2,0x18,0xc2,0x18,0xc2,0x18,0xc2,0x18,0xc2,0x18,
    0xc2,0x18,0xc2,0x18,0xc2,0x18,0xc2,0x18,0xc2,0x18,0xc2,0x18,0xc2,0x18,0xc2,0x18,
    0xc2,0x18,0xc2,0x18,0xc2,0x18,0xc2,0x18,0xc2,0x18,0xc2,0x18,0xc2,0x18,0xa2,0x18,
    0xc2,0x18,0xc2,0x18,0xc2,0x18,0xc2,0x18,0xa2,0x10,0xc2,0x18,0x65,0x31,0x44,0x29,
    0xe3,0x20,0xc3,0x18,0xa2,0x18,0xa2,0x18,0xc2,0x18,0xc2,0x18,0xa2,0x18,0xa2,0x18,
    0xa2,0x18,0xa2,0x18,0xa2,0x18,0xa2,0x18,0xa2,0x18,0xa2,0x18,0xa2,0x18,0xa2,0x18,
    0xa2,0x18,0xa2,0x18,0xa2,0x18,0xa2,0x18,0xa2,0x18,0xa2,0x18,0xa2,0x10,0xa2,0x18,
    0xa2,0x18,0xa2,0x18,0xa2,0x18,0xa2,0x18,0xa2,0x18,0x82,0x10,0x61,0x10,0x61,0x10,
    0xa2,0x10,0xa2,0x10,0x82,0x10,0xc3,0x20,0x04,0x21,0x44,0x29,0xe7,0x41,0x65,0x31,
    0x61,0x10,0x81,0x10,0xa2,0x10,0xa2,0x10,0xa2,0x10,0xa2,0x10,0xa2,0x10,0xa2,0x10,
    0xa2,0x10,0xa2,0x10,0xa2,0x10,0xa2,0x10,0xa2,0x10,0xa2,0x10,0xa2,0x10,0xa2,0x10,
    0xa2,0x10,0x82,0x10,0xa2,0x10,0xa2,0x10,0xa2,0x10,0xa2,0x10,0xa2,0x10,0xa2,0x10,
    0xa2,0x10,0xa2,0x10,0x82,0x10,0x82,0x10,0x82,0x10,0x82,0x10,0x82,0x10,0x82,0x10,
    0x82,0x10,0x82,0x10,0x82,0x10,0x82,0x10,0x82,0x10,0x82,0x10,0x82,0x10,0x82,0x10,
    0x82,0x10,0x61,0x10,0x44,0x29,0xa2,0x18,0x65,0x31,0x3c,0xef,0xc7,0x39,0x20,0x00,
    0x82,0x18,0x00,0x00,0xb2,0x9c,0xd2,0xa4,0x00,0x00,0x61,0x10,0x61,0x10,0x61,0x10,
    0x28,0x4a,0xca,0x62,0x99,0xde,0x89,0x5a,0xa2,0x20,0x04,0x29,0x03,0x21,0x20,0x00,
    0x00,0x00,0x00,0x00,0x00,0x00,0x00,0x00,0x20,0x08,0xc3,0x18,0x28,0x4a,0x07,0x4a,
    0xc2,0x20,0x65,0x31,0x82,0x18,0x61,0x18,0x48,0x52,0xd6,0xc5,0xb6,0xbd,0xd6,0xc5,
    0xbe,0xf7,0xdf,0xff,0x1c,0xe7,0xe7,0x49,0xe7,0x41,0x86,0x39,0x07,0x4a,0xc7,0x41,
    0x28,0x52,0x82,0x10,0x20,0x08,0x61,0x10,0x41,0x08,0x41,0x08,0x41,0x08,0x20,0x00,
    0x00,0x00,0x45,0x31,0xe7,0x49,0xc7,0x41,0xe7,0x49,0x65,0x39,0x44,0x29,0xc3,0x18,
    0x40,0x08,0x61,0x10,0x82,0x10,0x00,0x00,0xb2,0x9c,0xb2,0x9c,0x00,0x00,0xc2,0x18,
    0x41,0x08,0xa6,0x39,0xdb,0xe6,0xa6,0x39,0x82,0x10,0xe3,0x20,0xa2,0x18,0xe3,0x20,
    0xc3,0x18,0xe3,0x18,0xe3,0x18,0xe3,0x18,0xe3,0x18,0xe3,0x18,0xe3,0x18,0xc3,0x18,
    0xc3,0x18,0xc3,0x18,0xc3,0x18,0xc3,0x18,0xc3,0x18,0xc3,0x18,0xc3,0x18,0xc3,0x18,
    0xc3,0x18,0xc3,0x18,0xc3,0x18,0xc3,0x18,0xc3,0x18,0xe3,0x18,0xc3,0x18,0xc3,0x18,
    0xc3,0x18,0xc3,0x18,0xc3,0x18,0xc3,0x18,0xc3,0x18,0xc3,0x18,0xc3,0x18,0xc3,0x18,
    0xc3,0x18,0xc2,0x18,0xc3,0x18,0xc3,0x18,0xc3,0x18,0xc2,0x18,0xc2,0x18,0xc2,0x18,
    0xc2,0x18,0xc3,0x18,0xe3,0x20,0x65,0x31,0x65,0x31,0xc3,0x18,0x82,0x10,0xa2,0x10,
    0xc2,0x18,0xc2,0x18,0xa2,0x18,0xa2,0x18,0xc2,0x18,0xc2,0x18,0xc2,0x18,0xc2,0x18,
    0xc2,0x18,0xc2,0x18,0xc2,0x18,0xc2,0x18,0xc2,0x18,0xc2,0x18,0xc2,0x18,0xc2,0x18,
    0xc2,0x18,0xc2,0x18,0xc2,0x18,0xc2,0x18,0xa2,0x18,0xc2,0x18,0xa2,0x18,0xa2,0x18,
    0xa2,0x18,0xc2,0x18,0xc2,0x18,0xa2,0x10,0xe3,0x20,0x28,0x4a,0xe7,0x41,0x28,0x4a,
    0x85,0x39,0xc3,0x18,0xc2,0x18,0xa2,0x18,0xc2,0x18,0xc2,0x18,0xa2,0x18,0xa2,0x18,
    0xa2,0x18,0xa2,0x18,0xa2,0x18,0xa2,0x18,0xa2,0x18,0xa2,0x18,0xa2,0x18,0xa2,0x18,
    0xa2,0x18,0xa2,0x18,0xa2,0x18,0xa2,0x18,0xa2,0x18,0xa2,0x18,0xa2,0x18,0xa2,0x18,
    0xa2,0x18,0xa2,0x18,0xa2,0x18,0xa2,0x10,0xa2,0x10,0xa2,0x10,0xa2,0x18,0x82,0x10,
    0x61,0x10,0xa2,0x18,0x04,0x29,0x44,0x31,0xa6,0x39,0xe7,0x41,0xe3,0x20,0x61,0x08,
    0xa2,0x10,0xa2,0x10,0xa2,0x10,0xa2,0x10,0xa2,0x10,0xa2,0x10,0xa2,0x10,0xa2,0x10,
    0xa2,0x10,0xa2,0x10,0xa2,0x10,0xa2,0x10,0xa2,0x10,0x82,0x10,0x82,0x10,0x82,0x10,
    0xa2,0x10,0xa2,0x10,0xa2,0x10,0xa2,0x10,0x82,0x10,0xa2,0x10,0xa2,0x10,0x82,0x10,
    0xa2,0x10,0xa2,0x10,0x82,0x10,0x82,0x10,0x82,0x10,0x82,0x10,0x82,0x10,0x82,0x10,
    0x82,0x10,0x82,0x10,0x82,0x10,0x82,0x10,0x82,0x10,0x82,0x10,0x81,0x10,0x82,0x10,
    0x61,0x10,0xe3,0x20,0x24,0x29,0x00,0x00,0x38,0xce,0x0f,0x8c,0x00,0x00,0xa2,0x18,
    0x00,0x00,0x28,0x4a,0xba,0xde,0xa2,0x18,0x20,0x08,0x61,0x10,0x40,0x08,0x45,0x31,
    0x68,0x52,0x13,0xad,0x13,0xad,0xa2,0x18,0x24,0x29,0x24,0x29,0x82,0x10,0x00,0x00,
    0x00,0x00,0x00,0x00,0x00,0x00,0x00,0x00,0xa2,0x18,0x04,0x29,0xcb,0x62,0xc3,0x20,
    0x45,0x31,0xe3,0x20,0x81,0x18,0xc2,0x20,0x91,0x9c,0xf7,0xc5,0xd6,0xbd,0xf7,0xc5,
    0xbe,0xf7,0x9e,0xf7,0xff,0xff,0x91,0x94,0x85,0x39,0xc6,0x41,0xa6,0x39,0x07,0x4a,
    0x28,0x52,0xa6,0x39,0x00,0x00,0x61,0x10,0x61,0x08,0x41,0x08,0x41,0x08,0x21,0x08,
    0x00,0x00,0x61,0x10,0xc7,0x41,0xe7,0x41,0xe7,0x41,0xe7,0x49,0x24,0x29,0x24,0x29,
    0x61,0x10,0x41,0x08,0x82,0x10,0x61,0x08,0xc3,0x20,0x99,0xde,0x49,0x52,0x20,0x08,
    0xc2,0x18,0x00,0x08,0x6d,0x73,0x75,0xbd,0x41,0x08,0xe3,0x20,0xc3,0x18,0xc2,0x18,
    0xc3,0x18,0xc3,0x18,0xc3,0x18,0xe3,0x18,0xe3,0x18,0xe3,0x18,0xe3,0x18,0xc3,0x18,
    0xc3,0x18,0xc3,0x18,0xc3,0x18,0xc3,0x18,0xc3,0x18,0xc3,0x18,0xc3,0x18,0xc3,0x18,
    0xc3,0x18,0xc3,0x18,0xc3,0x18,0xc3,0x18,0xc3,0x18,0xc3,0x18,0xc3,0x18,0xc3,0x18,
    0xc3,0x18,0xc3,0x18,0xc2,0x18,0xc3,0x18,0xc3,0x18,0xc3,0x18,0xc3,0x18,0xc3,0x18,
    0xc3,0x18,0xc3,0x18,0xc3,0x18,0xc2,0x18,0xc3,0x18,0xc2,0x18,0xc2,0x18,0xc2,0x18,
    0xc2,0x18,0xc2,0x18,0xc2,0x18,0xc3,0x18,0x04,0x29,0x65,0x31,0x24,0x29,0xa2,0x10,
    0x61,0x10,0xa2,0x10,0xc2,0x18,0xc2,0x18,0xc2,0x18,0xa2,0x18,0xc2,0x18,0xc2,0x18,
    0xc2,0x18,0xc2,0x18,0xc2,0x18,0xc2,0x18,0xc2,0x18,0xc2,0x18,0xc2,0x18,0xa2,0x18,
    0xc2,0x18,0xc2,0x18,0xc2,0x18,0xc2,0x18,0xa2,0x18,0xa2,0x18,0xa2,0x18,0xa2,0x18,
    0xa2,0x18,0xa2,0x18,0xa2,0x18,0xa2,0x18,0xa6,0x39,0xe7,0x41,0xf3,0xa4,0x99,0xde,
    0x58,0xce,0x2c,0x6b,0xc3,0x18,0xc2,0x18,0xa2,0x18,0xa2,0x18,0xa2,0x18,0xa2,0x18,
    0xa2,0x18,0xa2,0x18,0xa2,0x18,0xa2,0x18,0xa2,0x18,0xa2,0x18,0xa2,0x18,0xa2,0x18,
    0xa2,0x18,0xa2,0x18,0xa2,0x18,0xa2,0x18,0xa2,0x18,0xa2,0x18,0xa2,0x18,0xa2,0x18,
    0xa2,0x18,0xa2,0x18,0xa2,0x18,0xa2,0x10,0xa2,0x18,0x82,0x10,0x61,0x10,0x61,0x10,
    0xc3,0x18,0x24,0x29,0x65,0x31,0xc7,0x41,0x65,0x31,0x81,0x10,0x81,0x10,0xa2,0x10,
    0xa2,0x10,0xa2,0x10,0xa2,0x10,0xa2,0x10,0xa2,0x10,0xa2,0x10,0xa2,0x10,0xa2,0x10,
    0xa2,0x10,0xa2,0x10,0xa2,0x10,0xa2,0x10,0x82,0x10,0x82,0x10,0xa2,0x10,0xa2,0x10,
    0xa2,0x10,0xa2,0x10,0xa2,0x10,0x82,0x10,0xa2,0x10,0xa2,0x10,0xa2,0x10,0x82,0x10,
    0xa2,0x10,0x82,0x10,0x82,0x10,0x82,0x10,0x82,0x10,0x82,0x10,0x82,0x10,0x82,0x10,
    0x82,0x10,0x82,0x10,0x82,0x10,0x82,0x10,0x82,0x10,0x81,0x10,0x81,0x10,0x81,0x10,
    0x82,0x10,0x65,0x31,0x00,0x00,0xce,0x83,0x55,0xb5,0x20,0x08,0x61,0x10,0x61,0x10,
    0x61,0x10,0x79,0xd6,0x0b,0x63,0x00,0x00,0x61,0x10,0x41,0x08,0x82,0x10,0x28,0x4a,
    0xeb,0x6a,0x79,0xd6,0xa6,0x39,0x03,0x29,0x24,0x31,0xc3,0x20,0x00,0x00,0x00,0x00,
    0x00,0x00,0x00,0x00,0x00,0x00,0x41,0x08,0xc3,0x18,0x48,0x4a,0xc6,0x41,0xc3,0x20,
    0x85,0x39,0x82,0x18,0x61,0x18,0x08,0x4a,0xd6,0xc5,0xd6,0xbd,0xf7,0xc5,0xf7,0xc5,
    0xbe,0xf7,0xbe,0xf7,0xdf,0xff,0x3c,0xef,0xe7,0x49,0xc7,0x41,0x45,0x31,0x08,0x4a,
    0xe7,0x49,0x48,0x52,0xa2,0x10,0x00,0x00,0x61,0x10,0x41,0x08,0x41,0x08,0x41,0x08,
    0x20,0x00,0x00,0x00,0x03,0x29,0xe7,0x49,0xc7,0x41,0x07,0x4a,0xa6,0x39,0xe3,0x20,
    0x03,0x21,0x41,0x08,0x61,0x10,0xa2,0x10,0x20,0x08,0xcb,0x62,0x58,0xd6,0xa2,0x18,
    0x81,0x10,0x00,0x00,0x45,0x29,0x1b,0xef,0xef,0x83,0x00,0x00,0x04,0x29,0xa2,0x18,
    0xc3,0x18,0xc3,0x18,0xc3,0x18,0xc3,0x18,0xc3,0x18,0xe3,0x18,0xc3,0x18,0xc3,0x18,
    0xc3,0x18,0xc3,0x18,0xc3,0x18,0xc3,0x18,0xc3,0x18,0xc3,0x18,0xc3,0x18,0xc3,0x18,
    0xc3,0x18,0xc3,0x18,0xc3,0x18,0xc3,0x18,0xc3,0x18,0xc3,0x18,0xc3,0x18,0xc3,0x18,
    0xc3,0x18,0xc3,0x18,0xc2,0x18,0xc2,0x18,0xc2,0x18,0xc3,0x18,0xc3,0x18,0xc3,0x18,
    0xc3,0x18,0xc3,0x18,0xc3,0x18,0xc2,0x18,0xc2,0x18,0xc3,0x18,0xc2,0x18,0xc2,0x18,
    0xc2,0x18,0xc2,0x18,0xc2,0x18,0xc2,0x18,0xc3,0x18,0xe3,0x18,0x24,0x29,0x65,0x31,
    0x04,0x21,0xa2,0x10,0x81,0x10,0xa2,0x18,0xc2,0x18,0xc2,0x18,0xc2,0x18,0xc2,0x18,
    0xc2,0x18,0xc2,0x18,0xc2,0x18,0xc2,0x18,0xc2,0x18,0xa2,0x18,0xc2,0x18,0xc2,0x18,
    0xc2,0x18,0xa2,0x18,0xa2,0x18,0xa2,0x18,0xa2,0x18,0xa2,0x18,0xa2,0x18,0xa2,0x18,
    0xa2,0x18,0xa2,0x18,0xa2,0x18,0xe3,0x20,0x24,0x29,0xb2,0xa4,0x9e,0xff,0x3c,0xef,
    0x9d,0xf7,0x5c,0xef,0x07,0x42,0xa2,0x10,0xc2,0x18,0xa2,0x18,0xa2,0x18,0xa2,0x18,
    0xa2,0x18,0xa2,0x18,0xa2,0x18,0xa2,0x18,0xa2,0x18,0xa2,0x18,0xa2,0x18,0xa2,0x18,
    0xa2,0x18,0xa2,0x18,0xa2,0x18,0xa2,0x18,0xa2,0x18,0xa2,0x18,0xa2,0x18,0xa2,0x18,
    0xa2,0x18,0xa2,0x10,0xa2,0x18,0x82,0x10,0x61,0x10,0x82,0x10,0xa2,0x18,0xe3,0x20,
    0x44,0x29,0xc6,0x39,0x86,0x31,0xa2,0x18,0x61,0x10,0xa2,0x10,0xa2,0x10,0xa2,0x10,
    0xa2,0x10,0xa2,0x10,0xa2,0x10,0xa2,0x10,0xa2,0x10,0xa2,0x10,0xa2,0x10,0xa2,0x10,
    0xa2,0x10,0xa2,0x10,0xa2,0x10,0xa2,0x10,0xa2,0x10,0x82,0x10,0xa2,0x10,0xa2,0x10,
    0xa2,0x10,0xa2,0x10,0xa2,0x10,0xa2,0x10,0x82,0x10,0x82,0x10,0x82,0x10,0x82,0x10,
    0x82,0x10,0x82,0x10,0x82,0x10,0x82,0x10,0x82,0x10,0x82,0x10,0x82,0x10,0x82,0x10,
    0x82,0x10,0x82,0x10,0x82,0x10,0x82,0x10,0x81,0x10,0x81,0x10,0x82,0x10,0x61,0x10,
    0x65,0x31,0x20,0x08,0xc7,0x39,0x9d,0xff,0x8e,0x7b,0x00,0x00,0x61,0x10,0x00,0x00,
    0x50,0x94,0x34,0xad,0x00,0x00,0x61,0x10,0x61,0x10,0x20,0x08,0xe7,0x41,0xc6,0x41,
    0xb6,0xbd,0x6d,0x73,0xc2,0x20,0x24,0x29,0x04,0x29,0x41,0x08,0x00,0x00,0x00,0x00,
    0x00,0x00,0x00,0x00,0x00,0x00,0xa2,0x18,0x24,0x29,0xaa,0x5a,0xa2,0x18,0x85,0x39,
    0xe3,0x20,0x81,0x18,0x82,0x18,0x30,0x94,0xf7,0xc5,0xd6,0xbd,0xf7,0xc5,0xf7,0xc5,
    0xbe,0xf7,0xbe,0xf7,0x9e,0xf7,0xff,0xff,0x91,0x94,0x65,0x39,0xa6,0x41,0x86,0x39,
    0x08,0x4a,0x28,0x4a,0xe7,0x41,0x00,0x00,0x41,0x08,0x61,0x10,0x41,0x08,0x41,0x08,
    0x41,0x08,0x00,0x00,0x20,0x08,0x86,0x39,0xe7,0x41,0xe7,0x41,0x28,0x4a,0x45,0x31,
    0x03,0x21,0xa2,0x18,0x41,0x08,0x82,0x10,0xa2,0x18,0x00,0x08,0xf3,0xa4,0xd3,0xa4,
    0x00,0x00,0x69,0x52,0xba,0xe6,0xb2,0x9c,0x17,0xce,0xaa,0x5a,0x41,0x08,0x04,0x29,
    0xa2,0x10,0xc3,0x18,0xc3,0x18,0xc3,0x18,0xc3,0x18,0xc3,0x18,0xc3,0x18,0xc3,0x18,
    0xc3,0x18,0xc3,0x18,0xc3,0x18,0xc3,0x18,0xc3,0x18,0xc3,0x18,0xc3,0x18,0xc3,0x18,
    0xc3,0x18,0xc3,0x18,0xc3,0x18,0xc2,0x18,0xc2,0x18,0xc2,0x18,0xc3,0x18,0xc3,0x18,
    0xc2,0x18,0xc3,0x18,0xc3,0x18,0xc3,0x18,0xc3,0x18,0xc3,0x18,0xc3,0x18,0xc3,0x18,
    0xc3,0x18,0xc2,0x18,0xc2,0x18,0xc2,0x18,0xc2,0x18,0xc2,0x18,0xc2,0x18,0xc2,0x18,
    0xc2,0x18,0xc2,0x18,0xc2,0x18,0xc2,0x18,0xc2,0x18,0xc2,0x18,0xa2,0x18,0xe3,0x20,
    0x45,0x31,0x65,0x31,0x04,0x29,0xa2,0x18,0x81,0x10,0x82,0x10,0xa2,0x18,0xc2,0x18,
    0xc2,0x18,0xa2,0x18,0xa2,0x18,0xa2,0x18,0xa2,0x18,0xc2,0x18,0xc2,0x18,0xa2,0x18,
    0xa2,0x18,0xa2,0x18,0xc2,0x18,0xa2,0x18,0xa2,0x18,0xa2,0x18,0xc2,0x18,0xc2,0x18,
    0xa2,0x18,0xa2,0x18,0xa2,0x18,0xc3,0x18,0x86,0x39,0x79,0xd6,0x5c,0xef,0x5d,0xef,
    0x5c,0xef,0xbe,0xff,0x6d,0x73,0x61,0x10,0xc2,0x18,0xa2,0x18,0xa2,0x18,0xa2,0x18,
    0xa2,0x18,0xa2,0x18,0xa2,0x18,0xa2,0x18,0xa2,0x18,0xa2,0x18,0xa2,0x18,0xa2,0x18,
    0xa2,0x18,0xa2,0x18,0xa2,0x18,0xa2,0x18,0xa2,0x18,0xa2,0x18,0xa2,0x18,0xa2,0x18,
    0xa2,0x18,0x82,0x10,0x61,0x10,0x82,0x10,0xc3,0x18,0x03,0x21,0x24,0x29,0xa6,0x39,
    0x65,0x31,0xe3,0x20,0x61,0x10,0x82,0x10,0xa2,0x18,0xa2,0x10,0xa2,0x10,0xa2,0x10,
    0xa2,0x10,0xa2,0x10,0xa2,0x10,0xa2,0x10,0xa2,0x10,0xa2,0x10,0xa2,0x10,0xa2,0x10,
    0xa2,0x10,0xa2,0x10,0xa2,0x10,0xa2,0x10,0xa2,0x10,0xa2,0x10,0xa2,0x10,0xa2,0x10,
    0xa2,0x10,0xa2,0x10,0xa2,0x10,0x82,0x10,0x82,0x10,0x82,0x10,0x82,0x10,0x82,0x10,
    0x82,0x10,0x82,0x10,0x82,0x10,0x82,0x10,0x82,0x10,0x82,0x10,0x82,0x10,0x82,0x10,
    0x82,0x10,0x81,0x10,0x81,0x10,0x81,0x10,0x81,0x10,0x81,0x10,0x61,0x10,0x44,0x29,
    0xe3,0x20,0xc3,0x18,0x58,0xd6,0x50,0x94,0xda,0xe6,0xf3,0xac,0x41,0x08,0xe7,0x41,
    0x79,0xd6,0xc3,0x18,0x41,0x08,0x61,0x10,0x41,0x08,0x24,0x29,0x07,0x4a,0x0f,0x8c,
    0x13,0xad,0xc3,0x20,0x24,0x29,0x24,0x29,0x82,0x10,0x00,0x00,0x00,0x00,0x00,0x00,
    0x00,0x00,0x00,0x00,0x61,0x10,0xc3,0x18,0x69,0x52,0x44,0x31,0xe3,0x28,0x65,0x31,
    0x61,0x10,0x61,0x10,0x28,0x4a,0xd6,0xbd,0xb6,0xbd,0xd6,0xbd,0xf7,0xc5,0x17,0xc6,
    0xbe,0xf7,0xbe,0xf7,0xbe,0xf7,0xdf,0xff,0x3c,0xef,0x28,0x4a,0xe7,0x41,0x45,0x31,
    0xe7,0x41,0xe7,0x49,0x48,0x52,0x24,0x29,0x00,0x00,0x61,0x10,0x41,0x08,0x41,0x08,
    0x41,0x08,0x21,0x08,0x00,0x00,0xa2,0x18,0xe7,0x41,0xc7,0x41,0xe7,0x49,0x07,0x4a,
    0x03,0x29,0x04,0x21,0x61,0x10,0x61,0x08,0x82,0x10,0x82,0x10,0xc3,0x20,0x18,0xce,
    0x14,0xad,0xba,0xe6,0xae,0x7b,0x00,0x00,0x48,0x52,0xda,0xe6,0x45,0x29,0xa2,0x18,
    0x03,0x21,0xa2,0x10,0xc3,0x18,0xc2,0x18,0xc3,0x18,0xc3,0x18,0xc3,0x18,0xc3,0x18,
    0xc3,0x18,0xc3,0x18,0xc3,0x18,0xc3,0x18,0xc3,0x18,0xc3,0x18,0xc3,0x18,0xc3,0x18,
    0xc3,0x18,0xc3,0x18,0xc2,0x18,0xc3,0x18,0xc2,0x18,0xc2,0x18,0xc3,0x18,0xc3,0x18,
    0xc3,0x18,0xc2,0x18,0xc3,0x18,0xc2,0x18,0xc2,0x18,0xc3,0x18,0xc3,0x18,0xc3,0x18,
    0xc2,0x18,0xc3,0x18,0xc2,0x18,0xc2,0x18,0xc2,0x18,0xc2,0x18,0xc2,0x18,0xc2,0x18,
    0xc2,0x18,0xc2,0x18,0xc2,0x18,0xc2,0x18,0xc2,0x18,0xc2,0x18,0xc2,0x18,0xc2,0x18,
    0xc3,0x18,0xe3,0x20,0x24,0x29,0x65,0x31,0x24,0x29,0xc3,0x18,0x82,0x10,0x82,0x10,
    0xa2,0x18,0xa2,0x18,0xa2,0x18,0xa2,0x18,0xa2,0x18,0xa2,0x18,0xa2,0x18,0xa2,0x18,
    0xa2,0x18,0xa2,0x18,0xa2,0x18,0xa2,0x18,0xa2,0x18,0xa2,0x18,0xa2,0x18,0xa2,0x18,
    0xa2,0x18,0xa2,0x18,0xa2,0x18,0xa2,0x18,0xe3,0x20,0xf7,0xc5,0x9e,0xff,0x3c,0xef,
    0x5d,0xef,0xbe,0xff,0xeb,0x62,0x61,0x10,0xa2,0x18,0xa2,0x18,0xa2,0x18,0xa2,0x18,
    0xa2,0x18,0xa2,0x18,0xa2,0x18,0xa2,0x18,0xa2,0x18,0xa2,0x18,0xa2,0x18,0xa2,0x18,
    0xa2,0x18,0xa2,0x18,0xa2,0x18,0xa2,0x18,0xa2,0x18,0xa2,0x18,0xa2,0x18,0x82,0x10,
    0x82,0x10,0xa2,0x18,0xc3,0x20,0x03,0x29,0x44,0x31,0xa6,0x39,0xa6,0x39,0x03,0x21,
    0x61,0x10,0x81,0x10,0xa2,0x10,0xa2,0x10,0xa2,0x10,0xa2,0x10,0xa2,0x10,0xa2,0x10,
    0xa2,0x10,0xa2,0x10,0xa2,0x10,0xa2,0x10,0xa2,0x10,0xa2,0x10,0xa2,0x10,0xa2,0x10,
    0xa2,0x10,0xa2,0x10,0xa2,0x10,0xa2,0x10,0xa2,0x10,0xa2,0x10,0xa2,0x10,0xa2,0x10,
    0x82,0x10,0x82,0x10,0x82,0x10,0x82,0x10,0x82,0x10,0x82,0x10,0x82,0x10,0x82,0x10,
    0x82,0x10,0x82,0x10,0x82,0x10,0x82,0x10,0x82,0x10,0x82,0x10,0x82,0x10,0x82,0x10,
    0x82,0x10,0x81,0x10,0x81,0x10,0x81,0x10,0x81,0x10,0x61,0x10,0xe3,0x20,0x65,0x31,
    0x00,0x00,0xf6,0xc5,0x91,0x9c,0x00,0x00,0xc7,0x39,0xba,0xe6,0xb6,0xbd,0x38,0xd6,
    0x49,0x52,0x00,0x00,0x82,0x10,0x61,0x10,0xa2,0x18,0x28,0x52,0xeb,0x62,0x58,0xd6,
    0x85,0x39,0xe3,0x20,0x24,0x29,0xe3,0x20,0x20,0x00,0x00,0x00,0x00,0x00,0x00,0x00,
    0x00,0x00,0x00,0x00,0xc3,0x18,0x86,0x31,0x49,0x52,0x82,0x18,0x85,0x39,0xc3,0x18,
    0x81,0x18,0xa2,0x18,0x91,0x9c,0xd6,0xc5,0xb6,0xbd,0xd7,0xc5,0xf7,0xc5,0x38,0xce,
    0xbe,0xf7,0xbe,0xf7,0xbe,0xf7,0x9e,0xf7,0xff,0xff,0xb2,0x9c,0x45,0x31,0xc6,0x41,
    0x45,0x31,0x07,0x4a,0xe7,0x41,0x08,0x4a,0x61,0x10,0x41,0x08,0x61,0x10,0x41,0x08,
    0x41,0x08,0x41,0x08,0x20,0x00,0x00,0x00,0x44,0x29,0xe7,0x49,0xc7,0x41,0x28,0x4a,
    0xa6,0x39,0xe3,0x20,0xe3,0x20,0x41,0x08,0x81,0x10,0xa2,0x18,0x20,0x08,0xe7,0x41,
    0x7d,0xff,0xeb,0x62,0x00,0x00,0xa2,0x18,0x00,0x00,0x0f,0x84,0x38,0xce,0x81,0x10,
    0xe3,0x20,0xc3,0x18,0xa2,0x18,0xc3,0x18,0xc2,0x18,0xc3,0x18,0xc3,0x18,0xc3,0x18,
    0xc3,0x18,0xc2,0x18,0xc3,0x18,0xc3,0x18,0xc3,0x18,0xc2,0x18,0xc3,0x18,0xc3,0x18,
    0xc2,0x18,0xc2,0x18,0xc3,0x18,0xc2,0x18,0xc3,0x18,0xc2,0x18,0xc2,0x18,0xc3,0x18,
    0xc3,0x18,0xc3,0x18,0xc2,0x18,0xc2,0x18,0xc3,0x18,0xc2,0x18,0xc2,0x18,0xc3,0x18,
    0xc3,0x18,0xc2,0x18,0xc2,0x18,0xc2,0x18,0xc2,0x18,0xc2,0x18,0xc2,0x18,0xc2,0x18,
    0xc2,0x18,0xc2,0x18,0xc2,0x18,0xc2,0x18,0xc2,0x18,0xc2,0x18,0xc2,0x18,0xc2,0x18,
    0xc2,0x18,0xc2,0x18,0xa2,0x18,0xc3,0x18,0x04,0x29,0x45,0x31,0x44,0x29,0x03,0x21,
    0xa2,0x18,0x81,0x10,0x81,0x10,0xa2,0x10,0xc2,0x18,0xc2,0x18,0xa2,0x18,0xa2,0x18,
    0xa2,0x18,0xa2,0x18,0xa2,0x18,0xa2,0x18,0xa2,0x18,0xa2,0x18,0xa2,0x18,0xa2,0x18,
    0xa2,0x18,0xa2,0x18,0xa2,0x18,0xa2,0x18,0x82,0x18,0xeb,0x62,0x1c,0xef,0x9d,0xf7,
    0x7d,0xf7,0x13,0xad,0x04,0x21,0x82,0x10,0xa2,0x18,0xa2,0x18,0xa2,0x18,0xa2,0x18,
    0xa2,0x18,0xa2,0x18,0xa2,0x18,0xa2,0x18,0xa2,0x18,0xa2,0x18,0xa2,0x18,0xa2,0x18,
    0xa2,0x18,0xa2,0x18,0xa2,0x18,0xa2,0x18,0x82,0x10,0x81,0x10,0x82,0x10,0xc3,0x18,
    0x03,0x21,0x04,0x29,0x65,0x31,0xc7,0x41,0xc7,0x41,0x24,0x29,0x82,0x10,0x81,0x10,
    0xa2,0x10,0xa2,0x10,0xa2,0x10,0xa2,0x10,0xa2,0x10,0xa2,0x10,0xa2,0x10,0xa2,0x10,
    0xa2,0x10,0xa2,0x10,0xa2,0x10,0xa2,0x10,0xa2,0x10,0xa2,0x10,0xa2,0x10,0xa2,0x10,
    0x82,0x10,0xa2,0x10,0xa2,0x10,0xa2,0x10,0xa2,0x10,0xa2,0x10,0xa2,0x10,0xa2,0x10,
    0x82,0x10,0x82,0x10,0x82,0x10,0x82,0x10,0x82,0x10,0x82,0x10,0x82,0x10,0x82,0x10,
    0x82,0x10,0x82,0x10,0x82,0x10,0x82,0x10,0x82,0x10,0x82,0x10,0x82,0x10,0x82,0x10,
    0x81,0x10,0x81,0x10,0x81,0x10,0x81,0x10,0x61,0x10,0xa2,0x18,0x65,0x31,0x00,0x00,
    0x91,0x9c,0x17,0xce,0x20,0x08,0x61,0x10,0x00,0x00,0xc3,0x18,0x1b,0xef,0x0f,0x8c,
    0x00,0x00,0x61,0x10,0x61,0x10,0x61,0x10,0x07,0x4a,0x28,0x4a,0x17,0xce,0x8d,0x7b,
    0xa2,0x18,0x24,0x29,0x03,0x29,0x41,0x08,0x00,0x00,0x00,0x00,0x00,0x00,0x00,0x00,
    0x00,0x00,0xa2,0x18,0xc3,0x18,0xca,0x62,0x03,0x29,0x24,0x29,0x44,0x29,0x81,0x10,
    0x41,0x10,0x69,0x52,0xf7,0xc5,0x95,0xbd,0xd6,0xbd,0xf7,0xc5,0x17,0xc6,0x58,0xce,
    0xbe,0xf7,0xbe,0xf7,0xbe,0xf7,0x9e,0xf7,0xbe,0xf7,0x5d,0xef,0x08,0x4a,0x86,0x39,
    0x24,0x29,0xa6,0x39,0xc7,0x41,0x08,0x4a,0x65,0x31,0x00,0x00,0x61,0x10,0x61,0x08,
    0x41,0x08,0x41,0x08,0x20,0x08,0x00,0x00,0x41,0x08,0x86,0x39,0xe7,0x41,0xe7,0x41,
    0x08,0x4a,0x45,0x31,0xe3,0x20,0xa2,0x18,0x41,0x08,0x61,0x10,0x82,0x10,0x00,0x00,
    0x8d,0x7b,0x95,0xbd,0x61,0x10,0x81,0x10,0xa2,0x18,0x20,0x08,0x13,0xad,0xf3,0xa4,
    0x00,0x00,0x04,0x21,0xa2,0x18,0xa2,0x18,0xc3,0x18,0xc2,0x18,0xc2,0x18,0xc2,0x18,
    0xc3,0x18,0xc2,0x18,0xc3,0x18,0xc3,0x18,0xc2,0x18,0xc2,0x18,0xc2,0x18,0xc3,0x18,
    0xc3,0x18,0xc2,0x18,0xc2,0x18,0xc2,0x18,0xc3,0x18,0xc3,0x18,0xc3,0x18,0xc3,0x18,
    0xc2,0x18,0xc3,0x18,0xc2,0x18,0xc2,0x18,0xc2,0x18,0xc2,0x18,0xc2,0x18,0xc2,0x18,
    0xc2,0x18,0xc2,0x18,0xc2,0x18,0xc2,0x18,0xc2,0x18,0xc2,0x18,0xc2,0x18,0xc2,0x18,
    0xc2,0x18,0xc2,0x18,0xc2,0x18,0xc2,0x18,0xc2,0x18,0xa2,0x18,0xc2,0x18,0xc2,0x18,
    0xa2,0x18,0xc2,0x18,0xc2,0x18,0xc2,0x18,0xc3,0x18,0xc3,0x18,0xe3,0x20,0x24,0x29,
    0x45,0x31,0x24,0x29,0xe3,0x20,0xa2,0x10,0x61,0x10,0x61,0x10,0x82,0x10,0xa2,0x18,
    0xa2,0x18,0xa2,0x18,0xa2,0x18,0xa2,0x18,0xa2,0x18,0xa2,0x18,0xa2,0x18,0xa2,0x18,
    0xa2,0x18,0xa2,0x18,0xa2,0x18,0xa2,0x18,0xa2,0x18,0xc3,0x18,0x08,0x4a,0x8e,0x7b,
    0xcb,0x62,0xe3,0x20,0x61,0x10,0xa2,0x10,0xa2,0x18,0xa2,0x18,0xa2,0x18,0xa2,0x10,
    0xa2,0x18,0xa2,0x18,0xa2,0x18,0xa2,0x18,0xa2,0x18,0xa2,0x18,0xa2,0x18,0xa2,0x18,
    0x82,0x10,0x81,0x10,0x81,0x10,0x82,0x10,0xa2,0x18,0xe3,0x20,0x03,0x21,0x24,0x29,
    0x85,0x39,0x08,0x4a,0xc6,0x39,0x04,0x21,0x81,0x10,0x81,0x10,0xa2,0x10,0xa2,0x10,
    0x82,0x10,0xa2,0x10,0xa2,0x10,0xa2,0x10,0xa2,0x10,0xa2,0x10,0xa2,0x10,0xa2,0x10,
    0xa2,0x10,0xa2,0x10,0xa2,0x10,0xa2,0x10,0xa2,0x10,0xa2,0x10,0x82,0x10,0xa2,0x10,
    0xa2,0x10,0xa2,0x10,0xa2,0x10,0xa2,0x10,0xa2,0x10,0xa2,0x10,0x82,0x10,0x82,0x10,
    0x82,0x10,0x82,0x10,0x82,0x10,0x82,0x10,0x82,0x10,0x82,0x10,0x82,0x10,0x82,0x10,
    0x82,0x10,0x82,0x10,0x82,0x10,0x82,0x10,0x82,0x10,0x82,0x10,0x82,0x10,0x82,0x10,
    0x81,0x10,0x81,0x10,0x82,0x10,0x61,0x10,0x81,0x10,0x65,0x31,0x00,0x00,0xcb,0x62,
    0xda,0xe6,0xe3,0x20,0x20,0x08,0xa2,0x18,0x00,0x00,0x0c,0x6b,0x95,0xbd,0x20,0x08,
    0x41,0x08,0x61,0x08,0x41,0x08,0x65,0x31,0x48,0x52,0x91,0x9c,0x75,0xb5,0xc2,0x20,
    0x24,0x29,0x04,0x29,0x82,0x10,0x00,0x00,0x00,0x00,0x00,0x00,0x00,0x00,0x00,0x00,
    0x41,0x08,0xc3,0x18,0x08,0x4a,0x28,0x4a,0xa2,0x20,0x65,0x31,0x61,0x10,0x81,0x18,
    0xa2,0x18,0xd2,0xa4,0xd7,0xc5,0xb6,0xbd,0xd6,0xbd,0xf7,0xc5,0x38,0xce,0x58,0xce,
    0xbe,0xf7,0xbe,0xf7,0xbe,0xf7,0xbe,0xf7,0x9e,0xf7,0xff,0xff,0x55,0xad,0x03,0x29,
    0xa6,0x39,0x24,0x29,0xe7,0x49,0xc6,0x41,0x48,0x52,0xa2,0x18,0x00,0x00,0x61,0x10,
    0x41,0x08,0x41,0x08,0x40,0x08,0x20,0x00,0x00,0x00,0xa2,0x18,0xe7,0x41,0xe7,0x41,
    0xe7,0x41,0x07,0x4a,0x24,0x29,0xe3,0x20,0x82,0x10,0x41,0x08,0x61,0x10,0x82,0x10,
    0x00,0x00,0x34,0xad,0xb2,0x9c,0x00,0x00,0xa2,0x18,0x82,0x10,0x61,0x10,0xd6,0xc5,
    0xae,0x7b,0x00,0x00,0x04,0x29,0xa2,0x10,0xa2,0x18,0xc2,0x18,0xc2,0x18,0xc2,0x18,
    0xc2,0x18,0xc2,0x18,0xc3,0x18,0xc3,0x18,0xc2,0x18,0xc3,0x18,0xc3,0x18,0xc3,0x18,
    0xc3,0x18,0xc2,0x18,0xc2,0x18,0xc3,0x18,0xc3,0x18,0xc3,0x18,0xc2,0x18,0xc2,0x18,
    0xc2,0x18,0xc2,0x18,0xc2,0x18,0xc2,0x18,0xc2,0x18,0xc2,0x18,0xc2,0x18,0xc2,0x18,
    0xc2,0x18,0xc2,0x18,0xc2,0x18,0xc2,0x18,0xc2,0x18,0xc2,0x18,0xc2,0x18,0xc2,0x18,
    0xc2,0x18,0xc2,0x18,0xc2,0x18,0xc2,0x18,0xc2,0x18,0xa2,0x18,0xc2,0x18,0xc2,0x18,
    0xa2,0x18,0xc2,0x18,0xa2,0x18,0xa2,0x18,0xa2,0x18,0xc2,0x18,0xa2,0x18,0xc2,0x18,
    0xc3,0x18,0x04,0x21,0x44,0x29,0x44,0x29,0x24,0x29,0xe3,0x20,0xa2,0x18,0x82,0x10,
    0x61,0x10,0x82,0x10,0x82,0x10,0x82,0x10,0xa2,0x18,0xa2,0x18,0xa2,0x18,0xa2,0x18,
    0xa2,0x18,0xa2,0x18,0xa2,0x18,0xc2,0x18,0xa2,0x18,0xa2,0x18,0x82,0x10,0x41,0x08,
    0x41,0x08,0x61,0x10,0x82,0x10,0xa2,0x18,0xa2,0x18,0xa2,0x18,0xa2,0x18,0xa2,0x18,
    0xa2,0x18,0xa2,0x18,0xa2,0x18,0x82,0x10,0x82,0x10,0x81,0x10,0x81,0x10,0x82,0x10,
    0xa2,0x10,0xc3,0x18,0xe3,0x20,0x24,0x29,0x44,0x29,0x65,0x31,0xa6,0x39,0x86,0x39,
    0x45,0x29,0xe3,0x20,0x61,0x10,0x81,0x10,0xa2,0x10,0xa2,0x10,0xa2,0x10,0xa2,0x10,
    0xa2,0x10,0xa2,0x10,0xa2,0x10,0xa2,0x10,0xa2,0x10,0xa2,0x10,0xa2,0x10,0xa2,0x10,
    0xa2,0x10,0xa2,0x10,0xa2,0x10,0xa2,0x10,0xa2,0x10,0xa2,0x10,0xa2,0x10,0x82,0x10,
    0x82,0x10,0xa2,0x10,0x82,0x10,0xa2,0x10,0x82,0x10,0x82,0x10,0x82,0x10,0x82,0x10,
    0x82,0x10,0x82,0x10,0x82,0x10,0x82,0x10,0x82,0x10,0x82,0x10,0x82,0x10,0x82,0x10,
    0x82,0x10,0x82,0x10,0x82,0x10,0x82,0x10,0x82,0x10,0x82,0x10,0x82,0x10,0x81,0x10,
    0x81,0x10,0x82,0x10,0x81,0x10,0x61,0x10,0x45,0x29,0x41,0x08,0x86,0x31,0xda,0xe6,
    0xc7,0x39,0x00,0x00,0xa2,0x18,0x00,0x00,0xe7,0x41,0xfb,0xe6,0x44,0x29,0x00,0x00,
    0x61,0x10,0x41,0x08,0xa2,0x18,0x48,0x52,0x2b,0x6b,0x99,0xde,0x86,0x39,0xe3,0x28,
    0x04,0x29,0xe3,0x20,0x20,0x00,0x00,0x00,0x00,0x00,0x00,0x00,0x00,0x00,0x00,0x00,
    0xe3,0x20,0x04,0x21,0xeb,0x62,0xe3,0x20,0x65,0x39,0xc3,0x18,0x81,0x18,0x61,0x10,
    0xcb,0x62,0xf7,0xc5,0xb6,0xbd,0xd6,0xbd,0xf7,0xc5,0x17,0xc6,0x38,0xce,0x79,0xd6,
    0xbe,0xf7,0xbe,0xf7,0xbe,0xf7,0x9e,0xf7,0x9e,0xf7,0x9e,0xf7,0xdf,0xff,0xeb,0x62,
    0x45,0x31,0x65,0x31,0x86,0x39,0x07,0x4a,0x08,0x4a,0x07,0x4a,0x00,0x00,0x41,0x08,
    0x61,0x10,0x41,0x08,0x41,0x08,0x20,0x08,0x20,0x00,0x00,0x00,0x24,0x29,0xe7,0x49,
    0xc6,0x41,0xe7,0x49,0xc7,0x41,0xe3,0x20,0xe3,0x20,0x41,0x08,0x41,0x08,0x82,0x10,
    0x61,0x10,0xa2,0x18,0x59,0xd6,0x2c,0x6b,0x00,0x00,0xc2,0x18,0x41,0x08,0x04,0x29,
    0x79,0xde,0xca,0x5a,0x00,0x00,0x24,0x29,0x82,0x10,0xc2,0x18,0xc2,0x18,0xc2,0x18,
    0xc2,0x18,0xc3,0x18,0xc3,0x18,0xc3,0x18,0xc2,0x18,0xc3,0x18,0xc3,0x18,0xc2,0x18,
    0xc2,0x18,0xc2,0x18,0xc3,0x18,0xc3,0x18,0xc2,0x18,0xc2,0x18,0xc2,0x18,0xc2,0x18,
    0xc2,0x18,0xc2,0x18,0xc2,0x18,0xc2,0x18,0xc2,0x18,0xc2,0x18,0xc2,0x18,0xc2,0x18,
    0xc2,0x18,0xc2,0x18,0xc2,0x18,0xc2,0x18,0xc2,0x18,0xc2,0x18,0xc2,0x18,0xc2,0x18,
    0xc2,0x18,0xc2,0x18,0xc2,0x18,0xc2,0x18,0xc2,0x18,0xa2,0x18,0xa2,0x18,0xa2,0x18,
    0xa2,0x18,0xa2,0x18,0xa2,0x18,0xa2,0x18,0xa2,0x18,0xa2,0x18,0xa2,0x10,0xa2,0x18,
    0xa2,0x18,0xc2,0x18,0xc2,0x18,0xe3,0x20,0x04,0x21,0x24,0x29,0x24,0x29,0x44,0x29,
    0x24,0x29,0xe3,0x20,0xc3,0x18,0xa2,0x18,0x82,0x10,0x82,0x10,0x82,0x10,0x82,0x10,
    0x82,0x10,0x82,0x10,0x82,0x10,0xa2,0x18,0xa2,0x18,0xa2,0x18,0xa2,0x18,0xa2,0x18,
    0xa2,0x18,0xa2,0x10,0xa2,0x10,0xa2,0x10,0x82,0x10,0xa2,0x10,0x82,0x10,0x82,0x10,
    0x82,0x10,0x82,0x10,0x82,0x10,0xa2,0x18,0xa2,0x18,0xc3,0x18,0xe3,0x20,0x04,0x21,
    0x24,0x29,0x44,0x29,0x65,0x31,0x85,0x31,0xc6,0x39,0x85,0x31,0xe3,0x20,0x82,0x10,
    0x61,0x08,0x81,0x10,0xa2,0x10,0x82,0x10,0x82,0x10,0xa2,0x10,0xa2,0x10,0xa2,0x10,
    0xa2,0x10,0xa2,0x10,0xa2,0x10,0xa2,0x10,0xa2,0x10,0xa2,0x10,0xa2,0x10,0xa2,0x10,
    0xa2,0x10,0xa2,0x10,0xa2,0x10,0xa2,0x10,0xa2,0x10,0x82,0x10,0x82,0x10,0x82,0x10,
    0xa2,0x10,0x82,0x10,0x82,0x10,0x82,0x10,0xa2,0x10,0xa2,0x10,0x82,0x10,0x82,0x10,
    0x82,0x10,0x82,0x10,0x82,0x10,0x82,0x10,0x82,0x10,0x82,0x10,0x82,0x10,0x82,0x10,
    0x82,0x10,0x82,0x10,0x82,0x10,0x82,0x10,0x82,0x10,0x82,0x10,0x81,0x10,0x81,0x10,
    0x82,0x10,0x81,0x10,0x61,0x10,0x24,0x29,0x82,0x10,0xc3,0x18,0x99,0xde,0xca,0x5a,
    0x00,0x00,0x82,0x18,0x20,0x08,0x03,0x21,0xfb,0xe6,0xeb,0x62,0x00,0x00,0x61,0x10,
    0x41,0x08,0x41,0x08,0x28,0x52,0x48,0x52,0x58,0xd6,0xeb,0x62,0xe3,0x20,0x44,0x29,
    0xe3,0x20,0x41,0x08,0x00,0x00,0x00,0x00,0x00,0x00,0x00,0x00,0x00,0x00,0xa2,0x10,
    0xa2,0x18,0x8a,0x5a,0xa6,0x41,0x24,0x29,0x65,0x31,0x61,0x10,0xa2,0x18,0x44,0x31,
    0x34,0xad,0xd6,0xbd,0xd6,0xbd,0xd6,0xbd,0xf7,0xc5,0x17,0xce,0x58,0xce,0x79,0xd6,
    0xbe,0xf7,0xbe,0xf7,0xbe,0xf7,0xbe,0xf7,0x9e,0xf7,0x9e,0xf7,0xdf,0xff,0x79,0xd6,
    0x65,0x39,0xa6,0x41,0x04,0x29,0xc7,0x41,0xc7,0x41,0x48,0x52,0x44,0x29,0x00,0x00,
    0x61,0x10,0x41,0x08,0x41,0x08,0x41,0x08,0x20,0x00,0x00,0x00,0x20,0x08,0x65,0x39,
    0xe7,0x41,0xc6,0x41,0x07,0x4a,0x65,0x39,0xc3,0x20,0xe3,0x20,0x41,0x08,0x61,0x10,
    0xa2,0x18,0x40,0x08,0xc7,0x41,0xda,0xe6,0x86,0x39,0x20,0x08,0xa2,0x18,0x00,0x00,
    0xc7,0x39,0x99,0xde,0xe7,0x41,0x21,0x08,0x24,0x29,0x82,0x10,0xc2,0x18,0xc2,0x18,
    0xc3,0x18,0xc2,0x18,0xc2,0x18,0xc2,0x18,0xc3,0x18,0xc2,0x18,0xc3,0x18,0xc2,0x18,
    0xc3,0x18,0xc3,0x18,0xc2,0x18,0xc2,0x18,0xc2,0x18,0xc2,0x18,0xc2,0x18,0xc2,0x18,
    0xc2,0x18,0xc2,0x18,0xc2,0x18,0xc2,0x18,0xc2,0x18,0xc2,0x18,0xc2,0x18,0xc2,0x18,
    0xc2,0x18,0xc2,0x18,0xc2,0x18,0xc2,0x18,0xc2,0x18,0xc2,0x18,0xc2,0x18,0xc2,0x18,
    0xc2,0x18,0xc2,0x18,0xc2,0x18,0xc2,0x18,0xa2,0x18,0xa2,0x18,0xa2,0x18,0xa2,0x18,
    0xa2,0x18,0xa2,0x18,0xa2,0x18,0xa2,0x18,0xa2,0x18,0xa2,0x18,0xa2,0x18,0xa2,0x18,
    0xa2,0x10,0xa2,0x10,0xa2,0x10,0xa2,0x18,0xa2,0x18,0xa2,0x18,0xc3,0x18,0xe3,0x20,
    0x04,0x21,0x24,0x29,0x24,0x29,0x45,0x29,0x45,0x29,0x24,0x29,0x04,0x21,0xe3,0x20,
    0xe3,0x20,0xc3,0x18,0xa2,0x18,0xa2,0x18,0xa2,0x10,0xa2,0x10,0xa2,0x10,0xa2,0x18,
    0xa2,0x10,0x82,0x10,0xa2,0x10,0xa2,0x18,0xc2,0x18,0xc3,0x18,0xc3,0x20,0xe3,0x20,
    0xe3,0x20,0x04,0x21,0x24,0x29,0x24,0x29,0x45,0x29,0x65,0x31,0x86,0x31,0x86,0x39,
    0x86,0x31,0x65,0x31,0x04,0x21,0xc2,0x18,0x82,0x10,0x61,0x10,0x61,0x10,0x82,0x10,
    0xa2,0x10,0xa2,0x10,0x82,0x10,0x82,0x10,0x82,0x10,0xa2,0x10,0xa2,0x10,0xa2,0x10,
    0xa2,0x10,0xa2,0x10,0xa2,0x10,0xa2,0x10,0xa2,0x10,0xa2,0x10,0xa2,0x10,0xa2,0x10,
    0xa2,0x10,0xa2,0x10,0xa2,0x10,0x82,0x10,0xa2,0x10,0x82,0x10,0x82,0x10,0xa2,0x10,
    0x82,0x10,0xa2,0x10,0xa2,0x10,0x82,0x10,0x82,0x10,0x82,0x10,0x82,0x10,0x82,0x10,
    0x82,0x10,0x82,0x10,0x82,0x10,0x82,0x10,0x82,0x10,0x82,0x10,0x82,0x10,0x82,0x10,
    0x82,0x10,0x82,0x10,0x81,0x10,0x82,0x10,0x82,0x10,0x81,0x10,0x82,0x10,0x81,0x10,
    0x81,0x10,0x61,0x10,0x24,0x29,0xe3,0x20,0x41,0x08,0xf7,0xcd,0xae,0x7b,0x00,0x00,
    0x61,0x10,0x41,0x08,0x41,0x08,0x38,0xd6,0x51,0x94,0x00,0x00,0x82,0x10,0x61,0x10,
    0x41,0x08,0xe7,0x41,0x89,0x5a,0x95,0xbd,0x50,0x94,0xa2,0x18,0x45,0x31,0x24,0x29,
    0x82,0x10,0x00,0x00,0x00,0x00,0x00,0x00,0x00,0x00,0x00,0x00,0x41,0x08,0xc3,0x18,
    0xc6,0x39,0x89,0x5a,0xc2,0x20,0x86,0x39,0xa2,0x18,0xa2,0x20,0x81,0x18,0x8d,0x7b,
    0xf7,0xc5,0xb6,0xbd,0xd6,0xbd,0xd6,0xc5,0x17,0xc6,0x38,0xce,0x79,0xd6,0x99,0xd6,
    0xbe,0xf7,0xbe,0xf7,0xbe,0xf7,0xbe,0xf7,0x9e,0xf7,0x9e,0xf7,0x7e,0xf7,0xff,0xff,
    0xef,0x83,0x24,0x31,0x65,0x31,0xe3,0x20,0xe7,0x41,0xc7,0x41,0x28,0x52,0x81,0x10,
    0x20,0x00,0x61,0x10,0x41,0x08,0x21,0x08,0x20,0x08,0x20,0x00,0x00,0x00,0x61,0x10,
    0xa6,0x41,0xc7,0x41,0xc6,0x41,0x07,0x4a,0x24,0x29,0xe3,0x20,0xc3,0x18,0x41,0x08,
    0x82,0x10,0xa2,0x18,0x00,0x00,0x2c,0x6b,0x58,0xd6,0xc3,0x18,0x40,0x08,0xa2,0x18,
    0x00,0x00,0x49,0x52,0x99,0xde,0x45,0x29,0x61,0x10,0x04,0x29,0x82,0x10,0xc2,0x18,
    0xc2,0x18,0xc2,0x18,0xc2,0x18,0xc2,0x18,0xc2,0x18,0xc2,0x18,0xc2,0x18,0xc2,0x18,
    0xc2,0x18,0xc2,0x18,0xc2,0x18,0xc2,0x18,0xc2,0x18,0xc2,0x18,0xc2,0x18,0xc2,0x18,
    0xc2,0x18,0xc2,0x18,0xc2,0x18,0xa2,0x18,0xa2,0x18,0xc2,0x18,0xa2,0x18,0xa2,0x18,
    0xc2,0x18,0xc2,0x18,0xa2,0x18,0xc2,0x18,0xc2,0x18,0xc2,0x18,0xc2,0x18,0xa2,0x18,
    0xa2,0x18,0xa2,0x18,0xa2,0x18,0xa2,0x18,0xa2,0x18,0xa2,0x18,0xa2,0x18,0xa2,0x18,
    0xa2,0x18,0xa2,0x18,0xa2,0x18,0xa2,0x18,0xa2,0x18,0xa2,0x18,0xa2,0x18,0xa2,0x18,
    0xa2,0x18,0xa2,0x18,0xa2,0x18,0xa2,0x18,0xa2,0x18,0xa2,0x18,0xa2,0x18,0xa2,0x18,
    0xa2,0x18,0xc3,0x18,0xe3,0x20,0xe3,0x20,0x04,0x21,0x24,0x29,0x44,0x29,0x44,0x29,
    0x45,0x29,0x45,0x29,0x24,0x29,0x24,0x29,0x24,0x29,0x24,0x29,0x24,0x29,0x24,0x29,
    0x24,0x29,0x24,0x29,0x24,0x29,0x24,0x29,0x24,0x29,0x45,0x31,0x65,0x31,0x65,0x31,
    0x85,0x31,0x86,0x39,0xa6,0x39,0xa6,0x39,0x86,0x31,0x45,0x29,0x24,0x29,0xe3,0x18,
    0xa2,0x10,0x61,0x10,0x61,0x10,0x82,0x10,0x82,0x10,0xa2,0x10,0x82,0x10,0x82,0x10,
    0xa2,0x10,0x82,0x10,0xa2,0x10,0x82,0x10,0x82,0x10,0xa2,0x10,0x82,0x10,0xa2,0x10,
    0xa2,0x10,0xa2,0x10,0xa2,0x10,0xa2,0x10,0x82,0x10,0x82,0x10,0x82,0x10,0x82,0x10,
    0x82,0x10,0x82,0x10,0x82,0x10,0x82,0x10,0x82,0x10,0x82,0x10,0xa2,0x10,0x82,0x10,
    0x82,0x10,0x82,0x10,0x82,0x10,0x82,0x10,0x82,0x10,0x82,0x10,0x82,0x10,0x82,0x10,
    0x82,0x10,0x82,0x10,0x82,0x10,0x82,0x10,0x82,0x10,0x82,0x10,0x82,0x10,0x82,0x10,
    0x82,0x10,0x82,0x10,0x82,0x10,0x82,0x10,0x81,0x10,0x81,0x10,0x81,0x10,0x81,0x10,
    0x61,0x10,0x03,0x21,0x04,0x29,0x00,0x00,0x96,0xbd,0x91,0x9c,0x00,0x00,0x61,0x10,
    0x61,0x10,0x00,0x00,0x14,0xad,0x75,0xb5,0x00,0x00,0x61,0x10,0x61,0x10,0x41,0x08,
    0x85,0x31,0x89,0x5a,0xb2,0xa4,0x75,0xb5,0xa2,0x18,0x24,0x29,0x44,0x31,0xa2,0x18,
    0x00,0x00,0x00,0x00,0x00,0x00,0x00,0x00,0x00,0x00,0x00,0x00,0xc3,0x18,0xe3,0x20,
    0x0c,0x6b,0xe3,0x28,0x45,0x31,0x03,0x21,0x61,0x10,0xa2,0x18,0xa6,0x39,0x75,0xb5,
    0xb6,0xbd,0xd6,0xbd,0xd6,0xc5,0xf7,0xc5,0x17,0xc6,0x58,0xce,0x79,0xd6,0x99,0xd6,
    0xbe,0xf7,0xbe,0xf7,0xbe,0xf7,0x9e,0xf7,0x9e,0xf7,0x9e,0xf7,0x9e,0xf7,0xbf,0xff,
    0x3c,0xef,0xc7,0x41,0x85,0x39,0xe3,0x20,0x65,0x31,0x07,0x4a,0x07,0x4a,0xe7,0x41,
    0x00,0x00,0x41,0x08,0x61,0x08,0x41,0x08,0x21,0x08,0x20,0x08,0x20,0x00,0x00,0x00,
    0xa2,0x18,0xa6,0x41,0xc7,0x41,0xe7,0x41,0xe7,0x41,0xe3,0x20,0x04,0x29,0xa2,0x18,
    0x61,0x08,0x82,0x10,0xa2,0x18,0x00,0x00,0x0f,0x8c,0xb6,0xc5,0x41,0x08,0x41,0x08,
    0x41,0x08,0x71,0x94,0xfb,0xee,0x38,0xce,0x24,0x29,0x62,0x10,0x04,0x29,0x82,0x10,
    0xc2,0x18,0xa2,0x18,0xc2,0x18,0xc2,0x18,0xc2,0x18,0xc2,0x18,0xc2,0x18,0xc2,0x18,
    0xc2,0x18,0xc2,0x18,0xc2,0x18,0xc2,0x18,0xc2,0x18,0xc2,0x18,0xc2,0x18,0xc2,0x18,
    0xc2,0x18,0xa2,0x18,0xa2,0x18,0xa2,0x18,0xc2,0x18,0xa2,0x18,0xc2,0x18,0xc2,0x18,
    0xc2,0x18,0xc2,0x18,0xc2,0x18,0xa2,0x18,0xc2,0x18,0xa2,0x18,0xa2,0x18,0xa2,0x18,
    0xa2,0x18,0xa2,0x18,0xa2,0x18,0xa2,0x18,0xa2,0x18,0xa2,0x18,0xa2,0x18,0xa2,0x18,
    0xa2,0x18,0xa2,0x18,0xa2,0x18,0xa2,0x18,0xa2,0x18,0xa2,0x18,0xa2,0x18,0xa2,0x18,
    0xa2,0x18,0xa2,0x18,0xa2,0x18,0xa2,0x18,0xa2,0x18,0xa2,0x18,0xa2,0x18,0xa2,0x10,
    0xa2,0x10,0x82,0x10,0x82,0x10,0xa2,0x10,0xa2,0x18,0xa2,0x18,0xc3,0x18,0xe3,0x20,
    0x03,0x21,0x04,0x29,0x04,0x21,0x24,0x29,0x24,0x29,0x24,0x29,0x24,0x29,0x45,0x29,
    0x45,0x29,0x45,0x31,0x45,0x31,0x44,0x29,0x44,0x29,0x44,0x29,0x44,0x29,0x24,0x29,
    0x24,0x29,0x03,0x21,0xc3,0x18,0xa2,0x18,0x82,0x10,0x61,0x10,0x61,0x10,0x81,0x10,
    0x82,0x10,0x82,0x18,0xa2,0x10,0xa2,0x10,0x82,0x10,0x82,0x10,0x82,0x10,0x82,0x10,
    0xa2,0x10,0xa2,0x10,0xa2,0x10,0xa2,0x10,0x82,0x10,0x82,0x10,0x82,0x10,0xa2,0x10,
    0xa2,0x10,0xa2,0x10,0xa2,0x10,0x82,0x10,0x82,0x10,0xa2,0x10,0x82,0x10,0xa2,0x10,
    0x82,0x10,0x82,0x10,0x82,0x10,0xa2,0x10,0xa2,0x10,0xa2,0x10,0x82,0x10,0x82,0x10,
    0x82,0x10,0xa2,0x10,0x82,0x10,0x82,0x10,0x82,0x10,0x82,0x10,0x82,0x10,0x82,0x10,
    0x82,0x10,0x82,0x10,0x82,0x10,0x82,0x10,0x82,0x10,0x82,0x10,0x82,0x10,0x82,0x10,
    0x82,0x10,0x82,0x10,0x82,0x10,0x82,0x10,0x81,0x10,0x81,0x10,0x81,0x10,0x61,0x08,
    0xe3,0x20,0x24,0x29,0x00,0x00,0x13,0xad,0xba,0xe6,0xd6,0xc5,0x45,0x29,0x00,0x00,
    0x00,0x00,0xcf,0x83,0x18,0xce,0x61,0x08,0x41,0x08,0x81,0x10,0x61,0x10,0x24,0x29,
    0x89,0x5a,0xce,0x83,0x99,0xde,0x65,0x31,0xc3,0x20,0x24,0x29,0x03,0x21,0x00,0x00,
    0x00,0x00,0x00,0x00,0x00,0x00,0x00,0x00,0x00,0x00,0xa2,0x10,0xa2,0x18,0x8a,0x5a,
    0xa6,0x39,0xe3,0x20,0x65,0x31,0x41,0x10,0xa2,0x18,0xa2,0x18,0x50,0x94,0xd6,0xc5,
    0xb6,0xbd,0xd6,0xbd,0xd6,0xc5,0xf7,0xc5,0x38,0xce,0x79,0xd6,0x99,0xd6,0x9a,0xde,
    0xbe,0xf7,0xbe,0xf7,0xbe,0xf7,0xbe,0xf7,0xbe,0xf7,0x9e,0xf7,0x9e,0xf7,0x7e,0xf7,
    0xff,0xff,0x13,0xa5,0x04,0x29,0xa6,0x41,0xe3,0x20,0xe7,0x41,0xe7,0x49,0x28,0x52,
    0x45,0x31,0x00,0x00,0x61,0x10,0x41,0x08,0x20,0x08,0x20,0x08,0x20,0x08,0x00,0x00,
    0x00,0x00,0x03,0x21,0xc7,0x41,0xc6,0x41,0xe7,0x49,0xc6,0x41,0xe3,0x20,0x24,0x29,
    0x82,0x10,0x61,0x08,0x82,0x10,0x82,0x10,0x00,0x00,0xb2,0x9c,0xb2,0xa4,0x61,0x08,
    0x34,0xad,0xfb,0xee,0x86,0x39,0xce,0x83,0x79,0xde,0xc3,0x18,0x82,0x10,0xe4,0x20,
    0x82,0x10,0xc2,0x18,0xa2,0x18,0xc2,0x18,0xc2,0x18,0xc2,0x18,0xc2,0x18,0xc2,0x18,
    0xc2,0x18,0xc2,0x18,0xc2,0x18,0xc2,0x18,0xc2,0x18,0xc2,0x18,0xc2,0x18,0xc2,0x18,
    0xa2,0x18,0xa2,0x18,0xa2,0x18,0xa2,0x18,0xc2,0x18,0xa2,0x18,0xa2,0x18,0xc2,0x18,
    0xc2,0x18,0xc2,0x18,0xc2,0x18,0xa2,0x18,0xa2,0x18,0xa2,0x18,0xa2,0x18,0xa2,0x18,
    0xa2,0x18,0xa2,0x18,0xa2,0x18,0xa2,0x18,0xa2,0x18,0xa2,0x18,0xa2,0x18,0xa2,0x18,
    0xa2,0x18,0xa2,0x18,0xa2,0x18,0xa2,0x18,0xa2,0x18,0xa2,0x18,0xa2,0x18,0xa2,0x18,
    0xa2,0x18,0xa2,0x18,0xa2,0x18,0xa2,0x10,0xa2,0x10,0xa2,0x18,0xa2,0x10,0xa2,0x10,
    0xa2,0x10,0xa2,0x10,0xa2,0x10,0xa2,0x10,0xa2,0x10,0x82,0x10,0x82,0x10,0x82,0x10,
    0x82,0x10,0x82,0x10,0x82,0x10,0x82,0x10,0x82,0x10,0x82,0x10,0x82,0x10,0x82,0x10,
    0x82,0x10,0x82,0x10,0x82,0x10,0x81,0x10,0x61,0x10,0x61,0x10,0x61,0x10,0x61,0x10,
    0x61,0x10,0x81,0x10,0x81,0x10,0x82,0x10,0x82,0x18,0xa2,0x10,0xa2,0x10,0xa2,0x10,
    0xa2,0x10,0x82,0x10,0x82,0x10,0xa2,0x10,0x82,0x10,0x82,0x10,0x82,0x10,0xa2,0x10,
    0x82,0x10,0x82,0x10,0x82,0x10,0xa2,0x10,0xa2,0x10,0xa2,0x10,0xa2,0x10,0x82,0x10,
    0x82,0x10,0xa2,0x10,0x82,0x10,0xa2,0x10,0x82,0x10,0xa2,0x10,0x82,0x10,0x82,0x10,
    0x82,0x10,0x82,0x10,0x82,0x10,0x82,0x10,0x82,0x10,0x82,0x10,0x82,0x10,0x82,0x10,
    0x82,0x10,0x82,0x10,0x82,0x10,0x82,0x10,0x82,0x10,0x82,0x10,0x82,0x10,0x82,0x10,
    0x82,0x10,0x82,0x10,0x82,0x10,0x82,0x10,0x82,0x10,0x82,0x10,0x82,0x10,0x82,0x10,
    0x82,0x10,0x82,0x10,0x82,0x10,0x82,0x10,0x81,0x10,0x82,0x10,0x61,0x08,0xe3,0x18,
    0x24,0x29,0x00,0x00,0xf3,0xa4,0xd6,0xc5,0x82,0x10,0xd2,0xa4,0xfb,0xee,0x65,0x31,
    0xaa,0x62,0xda,0xe6,0xe3,0x18,0x00,0x00,0x61,0x10,0x61,0x08,0xc3,0x18,0x8a,0x5a,
    0x0b,0x6b,0x1b,0xef,0xcb,0x62,0xc3,0x20,0x24,0x29,0x03,0x29,0x41,0x08,0x00,0x00,
    0x00,0x00,0x00,0x00,0x00,0x00,0x00,0x00,0x41,0x08,0xc3,0x20,0xe7,0x41,0x69,0x52,
    0x82,0x18,0x65,0x39,0xa2,0x18,0x82,0x18,0x61,0x18,0x89,0x5a,0xd6,0xc5,0x95,0xbd,
    0xb6,0xbd,0xd6,0xc5,0xf7,0xc5,0x17,0xc6,0x58,0xce,0x79,0xd6,0x99,0xde,0xba,0xde,
    0xbe,0xf7,0xbe,0xf7,0xbe,0xf7,0xbe,0xf7,0xbe,0xf7,0x9e,0xf7,0x9e,0xf7,0x9e,0xf7,
    0x9e,0xf7,0xbe,0xf7,0x8a,0x5a,0x45,0x31,0x65,0x31,0x03,0x21,0x08,0x4a,0xc6,0x41,
    0x48,0x52,0xa2,0x18,0x00,0x00,0x61,0x10,0x40,0x08,0x20,0x08,0x20,0x08,0x20,0x00,
    0x00,0x00,0x00,0x00,0x45,0x31,0xc7,0x41,0xa6,0x41,0x07,0x4a,0xa6,0x39,0xe3,0x20,
    0x04,0x29,0x41,0x08,0x61,0x08,0x82,0x10,0x61,0x10,0x41,0x08,0x13,0xad,0x79,0xde,
    0xd6,0xc5,0x65,0x31,0x20,0x08,0x20,0x08,0x71,0x94,0x17,0xce,0xa2,0x18,0x82,0x10,
    0x04,0x21,0x82,0x10,0xc2,0x18,0xa2,0x18,0xc2,0x18,0xc2,0x18,0xa2,0x18,0xc2,0x18,
    0xc2,0x18,0xa2,0x18,0xc2,0x18,0xa2,0x18,0xc2,0x18,0xa2,0x18,0xc2,0x18,0xa2,0x18,
    0xa2,0x18,0xa2,0x18,0xc2,0x18,0xc2,0x18,0xa2,0x18,0xa2,0x18,0xc2,0x18,0xa2,0x18,
    0xa2,0x18,0xa2,0x18,0xa2,0x18,0xa2,0x18,0xa2,0x18,0xa2,0x18,0xa2,0x18,0xa2,0x18,
    0xa2,0x18,0xa2,0x18,0xa2,0x18,0xa2,0x18,0xa2,0x18,0xa2,0x18,0xa2,0x18,0xa2,0x18,
    0xa2,0x18,0xa2,0x18,0xa2,0x18,0xa2,0x18,0xa2,0x18,0xa2,0x18,0xa2,0x18,0xa2,0x18,
    0xa2,0x18,0xa2,0x10,0xa2,0x18,0xa2,0x10,0xa2,0x10,0xa2,0x10,0xa2,0x10,0xa2,0x10,
    0xa2,0x10,0xa2,0x10,0xa2,0x10,0xa2,0x10,0xa2,0x10,0xa2,0x10,0xa2,0x18,0xa2,0x18,
    0xa2,0x10,0xa2,0x10,0xa2,0x10,0xa2,0x10,0xa2,0x10,0x82,0x10,0x81,0x10,0x61,0x10,
    0x61,0x10,0x61,0x10,0x61,0x10,0x61,0x10,0x61,0x10,0x82,0x10,0x82,0x10,0xa2,0x10,
    0xa2,0x10,0x82,0x10,0x82,0x10,0x82,0x10,0xa2,0x10,0x82,0x10,0xa2,0x10,0xa2,0x10,
    0xa2,0x10,0x82,0x10,0x82,0x10,0x82,0x10,0x82,0x10,0x82,0x10,0x82,0x10,0x82,0x10,
    0x82,0x10,0x82,0x10,0x82,0x10,0x82,0x10,0xa2,0x10,0xa2,0x10,0xa2,0x10,0xa2,0x10,
    0xa2,0x10,0xa2,0x10,0x82,0x10,0xa2,0x10,0xa2,0x10,0xa2,0x10,0x82,0x10,0x82,0x10,
    0x82,0x10,0x82,0x10,0xa2,0x10,0xa2,0x10,0x82,0x10,0x82,0x10,0x82,0x10,0x82,0x10,
    0x82,0x10,0x82,0x10,0x82,0x10,0x82,0x10,0x82,0x10,0x82,0x10,0x82,0x10,0x82,0x10,
    0x82,0x10,0x82,0x10,0x82,0x10,0x82,0x10,0x82,0x10,0x82,0x10,0x82,0x10,0x82,0x10,
    0x82,0x10,0x82,0x10,0x82,0x10,0x82,0x10,0x82,0x10,0x41,0x08,0xe3,0x20,0x24,0x29,
    0x00,0x00,0x91,0x9c,0xd6,0xc5,0x61,0x10,0x40,0x08,0x41,0x08,0x91,0x9c,0xba,0xe6,
    0x9a,0xde,0xe7,0x41,0x00,0x00,0x61,0x10,0x61,0x08,0x61,0x10,0x89,0x5a,0xca,0x62,
    0x9a,0xde,0xef,0x8b,0xc2,0x20,0x44,0x31,0x24,0x31,0x82,0x10,0x00,0x00,0x00,0x00,
    0x00,0x00,0x00,0x00,0x00,0x00,0x00,0x00,0xe3,0x20,0x45,0x29,0xeb,0x62,0xa2,0x18,
    0x24,0x31,0x04,0x29,0x41,0x08,0xc2,0x20,0x24,0x29,0x14,0xad,0xb6,0xbd,0xb6,0xbd,
    0xd6,0xbd,0xd7,0xc5,0xf7,0xc5,0x38,0xce,0x79,0xd6,0x99,0xd6,0xba,0xde,0xba,0xde,
    0xbe,0xf7,0xbe,0xf7,0xbe,0xf7,0xbe,0xf7,0xbe,0xf7,0x9e,0xf7,0x9e,0xf7,0x9e,0xf7,
    0x9e,0xf7,0xff,0xff,0x38,0xce,0x65,0x39,0xa6,0x41,0xe3,0x20,0x44,0x31,0xe7,0x49,
    0xc7,0x41,0x07,0x4a,0x20,0x00,0x21,0x08,0x41,0x08,0x20,0x08,0x20,0x08,0x20,0x08,
    0x20,0x00,0x00,0x00,0x41,0x08,0xa6,0x39,0xc7,0x41,0xc6,0x41,0x08,0x4a,0x65,0x31,
    0xe3,0x20,0xe3,0x20,0x41,0x08,0x61,0x10,0x82,0x10,0x61,0x08,0x82,0x10,0x38,0xce,
    0xcf,0x83,0x00,0x00,0xc3,0x18,0x82,0x10,0x00,0x00,0x0f,0x8c,0xd6,0xc5,0x82,0x10,
    0x82,0x10,0x04,0x29,0x82,0x10,0xc2,0x18,0xa2,0x18,0xa2,0x18,0xa2,0x18,0xc2,0x18,
    0xa2,0x18,0xa2,0x18,0xa2,0x18,0xc2,0x18,0xc2,0x18,0xc2,0x18,0xc2,0x18,0xa2,0x18,
    0xa2,0x18,0xa2,0x18,0xa2,0x18,0xc2,0x18,0xa2,0x18,0xa2,0x18,0xa2,0x18,0xa2,0x18,
    0xa2,0x18,0xa2,0x18,0xa2,0x18,0xa2,0x18,0xa2,0x18,0xa2,0x18,0xa2,0x18,0xa2,0x18,
    0xa2,0x18,0xa2,0x18,0xa2,0x18,0xa2,0x18,0xa2,0x18,0xa2,0x18,0xa2,0x18,0xa2,0x18,
    0xa2,0x18,0xa2,0x18,0xa2,0x18,0xa2,0x18,0xa2,0x18,0xa2,0x18,0xa2,0x18,0xa2,0x10,
    0xa2,0x10,0xa2,0x10,0xa2,0x10,0xa2,0x10,0xa2,0x10,0xa2,0x10,0xa2,0x10,0xa2,0x10,
    0xa2,0x10,0xa2,0x10,0xa2,0x18,0xa2,0x10,0xa2,0x10,0xa2,0x10,0x82,0x10,0xa2,0x10,
    0xa2,0x10,0xa2,0x10,0xa2,0x10,0xa2,0x10,0xa2,0x18,0x61,0x10,0x82,0x10,0xa2,0x18,
    0xa2,0x10,0xa2,0x18,0xc3,0x18,0xc3,0x18,0xc3,0x18,0xa2,0x10,0x61,0x10,0x81,0x10,
    0x82,0x10,0x82,0x10,0xa2,0x10,0x82,0x10,0xa2,0x10,0x82,0x10,0xa2,0x10,0x82,0x10,
    0x82,0x10,0x82,0x10,0x82,0x10,0x82,0x10,0x82,0x10,0x82,0x10,0x82,0x10,0x82,0x10,
    0x82,0x10,0x82,0x10,0x82,0x10,0x82,0x10,0xa2,0x10,0xa2,0x10,0x82,0x10,0xa2,0x10,
    0x82,0x10,0xa2,0x10,0xa2,0x10,0x82,0x10,0x82,0x10,0x82,0x10,0xa2,0x10,0xa2,0x10,
    0x82,0x10,0x82,0x10,0xa2,0x10,0x82,0x10,0x82,0x10,0x82,0x10,0x82,0x10,0x82,0x10,
    0x82,0x10,0x82,0x10,0x82,0x10,0x82,0x10,0x82,0x10,0x82,0x10,0x82,0x10,0x82,0x10,
    0x82,0x10,0x82,0x10,0x82,0x10,0x82,0x10,0x82,0x10,0x82,0x10,0x82,0x10,0x82,0x10,
    0x82,0x10,0x82,0x10,0x82,0x10,0x82,0x10,0x61,0x10,0xe3,0x20,0x24,0x29,0x00,0x00,
    0x71,0x94,0xb6,0xc5,0x61,0x08,0x40,0x08,0xa2,0x18,0x00,0x00,0xc7,0x41,0x5c,0xf7,
    0x28,0x4a,0x00,0x00,0x61,0x10,0x61,0x10,0x41,0x08,0xe7,0x41,0x48,0x52,0xd6,0xc5,
    0xf3,0xac,0xc3,0x20,0x45,0x31,0x44,0x31,0xc2,0x18,0x00,0x00,0x00,0x00,0x00,0x00,
    0x00,0x00,0x00,0x00,0x00,0x00,0xc3,0x18,0xe3,0x20,0xeb,0x62,0x24,0x31,0xe3,0x20,
    0x65,0x31,0x20,0x00,0xa2,0x18,0x81,0x18,0x8e,0x7b,0xf7,0xc5,0x96,0xbd,0xb6,0xbd,
    0xd6,0xbd,0xf7,0xc5,0x18,0xce,0x58,0xce,0x79,0xd6,0x99,0xd6,0xba,0xde,0xdb,0xde,
    0xbe,0xf7,0xbe,0xf7,0xbe,0xf7,0xbe,0xf7,0xbe,0xf7,0x9e,0xf7,0x9e,0xf7,0x9e,0xf7,
    0x9e,0xf7,0x9e,0xf7,0xdf,0xff,0xeb,0x62,0x24,0x31,0xa6,0x39,0x82,0x10,0x65,0x31,
    0xc7,0x41,0x07,0x4a,0x85,0x39,0x00,0x00,0x41,0x08,0x41,0x08,0x20,0x08,0x21,0x08,
    0x20,0x00,0x20,0x00,0x00,0x00,0x82,0x10,0xc6,0x41,0xe7,0x41,0xc6,0x41,0x07,0x4a,
    0x24,0x29,0xe3,0x20,0xe3,0x20,0x21,0x08,0x61,0x10,0xa2,0x10,0x41,0x08,0x04,0x21,
    0x59,0xd6,0x4c,0x73,0x00,0x00,0xa2,0x18,0x82,0x10,0x00,0x00,0xef,0x83,0x17,0xce,
    0xc3,0x18,0x82,0x10,0x04,0x29,0x82,0x10,0xa2,0x18,0xa2,0x18,0xa2,0x18,0xa2,0x18,
    0xa2,0x18,0xa2,0x18,0xa2,0x18,0xa2,0x18,0xa2,0x18,0xa2,0x18,0xa2,0x18,0xa2,0x18,
    0xa2,0x18,0xa2,0x18,0xc2,0x18,0xa2,0x18,0xa2,0x18,0xa2,0x18,0xa2,0x18,0xa2,0x18,
    0xa2,0x18,0xa2,0x18,0xa2,0x18,0xa2,0x18,0xa2,0x18,0xa2,0x18,0xa2,0x18,0xa2,0x18,
    0xa2,0x18,0xa2,0x18,0xa2,0x10,0xa2,0x18,0xa2,0x18,0xa2,0x18,0xa2,0x18,0xa2,0x18,
    0xa2,0x18,0xa2,0x18,0xa2,0x18,0xa2,0x18,0xa2,0x10,0xa2,0x18,0xa2,0x10,0xa2,0x10,
    0xa2,0x10,0xa2,0x10,0xa2,0x10,0xa2,0x10,0xa2,0x10,0xa2,0x10,0xa2,0x10,0xa2,0x10,
    0xa2,0x10,0xa2,0x10,0xa2,0x10,0xa2,0x10,0xa2,0x10,0xa2,0x10,0xa2,0x10,0xa2,0x10,
    0x82,0x10,0xa2,0x10,0xa2,0x10,0xa2,0x18,0x61,0x10,0x44,0x29,0x08,0x42,0x04,0x29,
    0x04,0x29,0x04,0x21,0x04,0x29,0x65,0x31,0xa6,0x39,0xe3,0x20,0x21,0x08,0x61,0x10,
    0x82,0x10,0x82,0x10,0xa2,0x10,0x82,0x10,0xa2,0x10,0xa2,0x10,0xa2,0x10,0xa2,0x10,
    0x82,0x10,0x82,0x10,0x82,0x10,0x82,0x10,0x82,0x10,0x82,0x10,0x82,0x10,0x82,0x10,
    0x82,0x10,0x82,0x10,0x82,0x10,0xa2,0x10,0x82,0x10,0xa2,0x10,0xa2,0x10,0xa2,0x10,
    0xa2,0x10,0x82,0x10,0x82,0x10,0xa2,0x10,0x82,0x10,0x82,0x10,0x82,0x10,0x82,0x10,
    0x82,0x10,0x82,0x10,0x82,0x10,0x82,0x10,0x82,0x10,0x82,0x10,0x82,0x10,0x82,0x10,
    0x82,0x10,0x82,0x10,0x82,0x10,0x82,0x10,0x82,0x10,0x82,0x10,0x82,0x10,0x82,0x10,
    0x82,0x10,0x82,0x10,0x82,0x10,0x81,0x10,0x82,0x10,0x81,0x10,0x81,0x10,0x82,0x10,
    0x82,0x10,0x81,0x10,0x81,0x10,0x61,0x10,0x04,0x21,0x24,0x29,0x00,0x00,0x71,0x94,
    0xd6,0xc5,0x41,0x08,0x20,0x00,0x82,0x10,0x00,0x00,0x65,0x31,0x1b,0xef,0x0b,0x63,
    0x00,0x00,0x81,0x10,0x61,0x10,0x41,0x08,0x85,0x39,0x48,0x52,0xd2,0xa4,0xf7,0xc5,
    0x04,0x29,0x44,0x31,0x44,0x31,0xe3,0x20,0x00,0x00,0x00,0x00,0x00,0x00,0x00,0x00,
    0x00,0x00,0x00,0x00,0x82,0x10,0xc3,0x18,0x49,0x52,0xc7,0x41,0xa2,0x18,0x86,0x39,
    0x61,0x08,0x41,0x08,0xa2,0x18,0x03,0x21,0x34,0xad,0xd6,0xc5,0xb6,0xbd,0xb6,0xbd,
    0xd6,0xc5,0xf7,0xc5,0x38,0xce,0x79,0xd6,0x99,0xd6,0xba,0xde,0xba,0xde,0xdb,0xde,
    0xbe,0xf7,0xbe,0xf7,0xbe,0xf7,0xbe,0xf7,0xbe,0xf7,0x9e,0xf7,0x9e,0xf7,0x9e,0xf7,
    0x9e,0xf7,0x9e,0xf7,0xde,0xff,0xeb,0x62,0x44,0x31,0xc7,0x41,0x44,0x29,0x82,0x10,
    0xc6,0x41,0xc6,0x41,0x28,0x4a,0x24,0x29,0x00,0x00,0x61,0x10,0x41,0x08,0x20,0x08,
    0x20,0x08,0x20,0x00,0x20,0x00,0x00,0x00,0xa2,0x18,0xc6,0x41,0xa6,0x41,0xc6,0x41,
    0xe7,0x41,0x04,0x29,0x03,0x21,0xc3,0x20,0x41,0x08,0x82,0x10,0xa2,0x18,0x41,0x08,
    0x65,0x31,0x79,0xde,0xeb,0x62,0x00,0x00,0xa2,0x10,0x82,0x10,0x00,0x00,0x30,0x8c,
    0x79,0xd6,0x04,0x21,0x61,0x10,0x04,0x29,0x82,0x10,0xa2,0x18,0xa2,0x18,0xa2,0x18,
    0xa2,0x18,0xa2,0x18,0xa2,0x18,0xa2,0x18,0xa2,0x18,0xa2,0x18,0xc2,0x18,0xc2,0x18,
    0xa2,0x18,0xa2,0x18,0xa2,0x18,0xa2,0x18,0xa2,0x18,0xa2,0x18,0xa2,0x18,0xa2,0x18,
    0xa2,0x18,0xa2,0x18,0xa2,0x18,0xa2,0x18,0xa2,0x18,0xa2,0x18,0xa2,0x18,0xa2,0x18,
    0xa2,0x18,0xa2,0x18,0xa2,0x18,0xa2,0x18,0xa2,0x18,0xa2,0x18,0xa2,0x10,0xa2,0x18,
    0xa2,0x18,0xa2,0x18,0xa2,0x10,0xa2,0x10,0xa2,0x18,0xa2,0x10,0xa2,0x18,0xa2,0x18,
    0xa2,0x18,0xa2,0x18,0xa2,0x18,0xa2,0x10,0xa2,0x10,0xa2,0x10,0xa2,0x10,0xa2,0x10,
    0xa2,0x10,0xa2,0x10,0xa2,0x10,0xa2,0x10,0xa2,0x10,0xa2,0x10,0xa2,0x10,0xa2,0x18,
    0x82,0x10,0xa2,0x10,0xa2,0x18,0x61,0x10,0x24,0x29,0x28,0x4a,0xc7,0x41,0x10,0x8c,
    0x50,0x94,0x51,0x94,0x71,0x9c,0x49,0x52,0x24,0x31,0x41,0x08,0x41,0x08,0x81,0x10,
    0x82,0x10,0xa2,0x10,0x82,0x10,0x82,0x10,0x82,0x10,0x82,0x10,0xa2,0x10,0x82,0x10,
    0x82,0x10,0x82,0x10,0x82,0x10,0x82,0x10,0x82,0x10,0x82,0x10,0x82,0x10,0x82,0x10,
    0x82,0x10,0xa2,0x10,0x82,0x10,0x82,0x10,0x82,0x10,0x82,0x10,0x82,0x10,0x82,0x10,
    0x82,0x10,0x82,0x10,0x82,0x10,0x82,0x10,0x82,0x10,0x82,0x10,0x82,0x10,0x82,0x10,
    0x82,0x10,0x82,0x10,0x82,0x10,0xa2,0x10,0x82,0x10,0x82,0x10,0x82,0x10,0x82,0x10,
    0x82,0x10,0x82,0x10,0x82,0x10,0x82,0x10,0x82,0x10,0x82,0x10,0x82,0x10,0x82,0x10,
    0x82,0x10,0x82,0x10,0x82,0x10,0x81,0x10,0x82,0x10,0x81,0x10,0x82,0x10,0x81,0x10,
    0x81,0x10,0x81,0x10,0x61,0x10,0x24,0x29,0x04,0x29,0x00,0x00,0xf3,0xa4,0xf7,0xc5,
    0x61,0x10,0x20,0x00,0x61,0x10,0x00,0x00,0x04,0x21,0xda,0xe6,0xae,0x7b,0x00,0x00,
    0x82,0x10,0x61,0x10,0x61,0x08,0x65,0x31,0xa9,0x62,0x91,0x9c,0x58,0xd6,0x45,0x31,
    0x03,0x29,0x45,0x31,0xe3,0x20,0x20,0x00,0x00,0x00,0x00,0x00,0x00,0x00,0x00,0x00,
    0x00,0x00,0x41,0x08,0xe3,0x20,0xc7,0x39,0x49,0x52,0x82,0x18,0x65,0x39,0xc3,0x20,
    0x00,0x00,0xc3,0x20,0x82,0x18,0x24,0x29,0x54,0xb5,0xd6,0xc5,0xd6,0xbd,0xd6,0xbd,
    0xf7,0xc5,0x17,0xc6,0x58,0xce,0x79,0xd6,0x9a,0xd6,0xba,0xde,0xdb,0xde,0xfb,0xe6,
    0xbe,0xf7,0xbe,0xf7,0xbe,0xf7,0xbe,0xf7,0xbe,0xf7,0xbe,0xf7,0x9e,0xf7,0x9e,0xf7,
    0x9e,0xf7,0x9e,0xf7,0xdf,0xff,0x2c,0x6b,0xa6,0x39,0xc6,0x41,0xc7,0x41,0xc3,0x18,
    0xc3,0x20,0xe7,0x41,0xc6,0x41,0x28,0x52,0xa2,0x18,0x00,0x00,0x61,0x10,0x20,0x08,
    0x20,0x08,0x20,0x00,0x20,0x08,0x00,0x00,0x00,0x00,0xe3,0x20,0xc6,0x41,0xa6,0x39,
    0xc6,0x41,0xe7,0x41,0xe3,0x20,0x04,0x29,0xc3,0x18,0x41,0x08,0x82,0x10,0xa2,0x18,
    0x20,0x08,0x65,0x31,0x79,0xde,0x89,0x5a,0x00,0x00,0xa2,0x18,0x82,0x10,0x20,0x08,
    0x50,0x94,0x58,0xd6,0x45,0x29,0x20,0x08,0x24,0x29,0x82,0x10,0xa2,0x10,0xa2,0x18,
    0xa2,0x18,0xa2,0x18,0xa2,0x18,0xa2,0x18,0xa2,0x18,0xa2,0x18,0xa2,0x18,0xa2,0x18,
    0xa2,0x18,0xa2,0x18,0xa2,0x18,0xa2,0x18,0xa2,0x18,0xa2,0x18,0xc2,0x18,0xa2,0x18,
    0xa2,0x18,0xa2,0x18,0xa2,0x18,0xa2,0x18,0xa2,0x18,0xa2,0x18,0xa2,0x18,0xa2,0x18,
    0xa2,0x18,0xa2,0x18,0xa2,0x18,0xa2,0x18,0xa2,0x18,0xa2,0x10,0xa2,0x10,0xa2,0x10,
    0xa2,0x10,0xa2,0x10,0xa2,0x10,0xa2,0x18,0xa2,0x18,0xa2,0x18,0xa2,0x18,0xa2,0x18,
    0xa2,0x18,0xa2,0x18,0xa2,0x18,0xa2,0x10,0xa2,0x10,0xa2,0x10,0xa2,0x10,0xa2,0x10,
    0xa2,0x10,0xa2,0x10,0xa2,0x10,0xa2,0x10,0xa2,0x10,0xa2,0x10,0xa2,0x10,0xa2,0x10,
    0x82,0x10,0xa2,0x10,0x81,0x10,0xe3,0x20,0x6a,0x52,0x07,0x42,0xba,0xde,0xde,0xff,
    0x9e,0xff,0xff,0xff,0x14,0xad,0xc6,0x41,0x61,0x10,0x41,0x08,0x81,0x10,0x81,0x10,
    0x82,0x10,0x82,0x10,0x82,0x10,0x82,0x10,0x82,0x10,0x82,0x10,0x82,0x10,0x82,0x10,
    0x82,0x10,0x82,0x10,0x82,0x10,0x82,0x10,0x82,0x10,0x82,0x10,0x82,0x10,0xa2,0x10,
    0x82,0x10,0xa2,0x10,0xa2,0x10,0x82,0x10,0x82,0x10,0x82,0x10,0x82,0x10,0x82,0x10,
    0x82,0x10,0x82,0x10,0x82,0x10,0x82,0x10,0x82,0x10,0x82,0x10,0x82,0x10,0x82,0x10,
    0x82,0x10,0x82,0x10,0x82,0x10,0xa2,0x10,0x82,0x10,0x82,0x10,0x82,0x10,0x82,0x10,
    0x82,0x10,0x82,0x10,0x82,0x10,0x82,0x10,0x82,0x10,0x82,0x10,0x82,0x10,0x82,0x10,
    0x82,0x10,0x82,0x10,0x82,0x10,0x82,0x10,0x81,0x10,0x81,0x10,0x81,0x10,0x82,0x10,
    0x61,0x10,0x61,0x10,0x24,0x29,0xc3,0x18,0x20,0x08,0xf3,0xac,0xd6,0xc5,0x82,0x10,
    0x20,0x08,0x82,0x10,0x00,0x00,0xe3,0x20,0x99,0xde,0xef,0x83,0x00,0x00,0x61,0x10,
    0x81,0x10,0x61,0x10,0x65,0x31,0xea,0x62,0x50,0x9c,0xba,0xe6,0xe7,0x41,0xe3,0x20,
    0x44,0x31,0xe3,0x20,0x20,0x08,0x00,0x00,0x00,0x00,0x00,0x00,0x00,0x00,0x00,0x00,
    0x20,0x00,0x04,0x21,0x44,0x29,0xcb,0x62,0xa2,0x18,0x24,0x29,0x24,0x29,0x00,0x00,
    0xa2,0x18,0xe3,0x20,0xa2,0x18,0x24,0x29,0x75,0xb5,0xd7,0xc5,0xd6,0xc5,0xd6,0xc5,
    0xf7,0xc5,0x38,0xce,0x79,0xd6,0x99,0xd6,0xba,0xde,0xda,0xde,0xdb,0xde,0xfb,0xe6,
    0xbe,0xf7,0xbe,0xf7,0xbe,0xf7,0xbe,0xf7,0xbe,0xf7,0xbe,0xf7,0x9e,0xf7,0x9e,0xf7,
    0x9e,0xf7,0x9e,0xf7,0xdf,0xff,0x4c,0x6b,0xa6,0x41,0xc7,0x41,0xc6,0x41,0x86,0x39,
    0x61,0x10,0x24,0x29,0xc7,0x41,0xc7,0x41,0x07,0x4a,0x41,0x08,0x20,0x08,0x61,0x10,
    0x20,0x08,0x20,0x08,0x20,0x00,0x20,0x00,0x00,0x00,0x00,0x00,0x04,0x29,0xc6,0x41,
    0xc6,0x41,0xe7,0x41,0xe7,0x49,0x03,0x21,0x04,0x29,0xa3,0x18,0x61,0x08,0x82,0x10,
    0xa2,0x18,0x00,0x00,0x86,0x39,0x58,0xd6,0x69,0x52,0x00,0x00,0xc2,0x18,0xa2,0x10,
    0x00,0x00,0xd6,0xc5,0xfa,0xee,0xc7,0x39,0x00,0x00,0x04,0x29,0x82,0x10,0x82,0x10,
    0xa2,0x18,0xa2,0x18,0xa2,0x18,0xa2,0x18,0xa2,0x18,0xa2,0x18,0xa2,0x18,0xa2,0x18,
    0xa2,0x18,0xc2,0x18,0xc2,0x18,0xa2,0x18,0xa2,0x18,0xa2,0x18,0xa2,0x18,0xa2,0x18,
    0xa2,0x18,0xa2,0x18,0xa2,0x18,0xa2,0x18,0xa2,0x18,0xa2,0x18,0xa2,0x18,0xa2,0x18,
    0xa2,0x18,0xa2,0x18,0xa2,0x10,0xa2,0x18,0xa2,0x18,0xa2,0x10,0xa2,0x18,0xa2,0x10,
    0xa2,0x18,0xa2,0x18,0xa2,0x18,0xa2,0x18,0xa2,0x18,0xa2,0x18,0xa2,0x18,0xa2,0x18,
    0xa2,0x18,0xa2,0x18,0xa2,0x10,0xa2,0x10,0xa2,0x10,0xa2,0x10,0xa2,0x10,0xa2,0x10,
    0xa2,0x10,0xa2,0x10,0xa2,0x10,0xa2,0x10,0xa2,0x10,0xa2,0x10,0x82,0x10,0x82,0x10,
    0xa2,0x10,0x81,0x10,0xa2,0x18,0x8a,0x52,0xa6,0x39,0x59,0xd6,0xbe,0xff,0x3c,0xef,
    0x9d,0xf7,0xb2,0xa4,0x45,0x31,0x41,0x08,0x41,0x08,0x81,0x10,0x81,0x10,0x81,0x10,
    0x82,0x10,0x82,0x10,0x82,0x10,0xa2,0x10,0x82,0x10,0x82,0x10,0x82,0x10,0x82,0x10,
    0x82,0x10,0x82,0x10,0x82,0x10,0x82,0x10,0x82,0x10,0x82,0x10,0x82,0x10,0xa2,0x10,
    0xa2,0x10,0xa2,0x10,0xa2,0x10,0x82,0x10,0x82,0x10,0x82,0x10,0x82,0x10,0x82,0x10,
    0x82,0x10,0x82,0x10,0xa2,0x10,0xa2,0x10,0x82,0x10,0x82,0x10,0x82,0x10,0x82,0x10,
    0x82,0x10,0x82,0x10,0xa2,0x10,0x82,0x10,0x82,0x10,0xa2,0x10,0xa2,0x10,0x82,0x10,
    0x82,0x10,0x82,0x10,0x82,0x10,0x82,0x10,0x82,0x10,0x82,0x10,0x82,0x10,0x82,0x10,
    0x82,0x10,0x82,0x10,0x82,0x10,0x82,0x10,0x81,0x10,0x81,0x10,0x82,0x10,0x61,0x10,
    0x61,0x10,0x44,0x29,0x82,0x10,0x61,0x10,0x95,0xbd,0x3c,0xf7,0xe3,0x20,0x00,0x00,
    0xa2,0x18,0x00,0x00,0x04,0x29,0x99,0xde,0xce,0x83,0x00,0x00,0x61,0x08,0x61,0x10,
    0x61,0x10,0x45,0x31,0x89,0x5a,0xef,0x8b,0xba,0xe6,0x48,0x52,0xe3,0x20,0x44,0x31,
    0xe3,0x20,0x41,0x08,0x00,0x00,0x00,0x00,0x00,0x00,0x00,0x00,0x00,0x00,0x00,0x00,
    0x04,0x21,0xe3,0x20,0xeb,0x62,0x24,0x29,0xe3,0x20,0x24,0x29,0x20,0x00,0x61,0x10,
    0xc3,0x20,0xe3,0x20,0xa2,0x18,0x24,0x29,0x75,0xb5,0xf7,0xc5,0xd6,0xc5,0xf7,0xc5,
    0x38,0xce,0x58,0xce,0x79,0xd6,0x9a,0xd6,0xba,0xde,0xda,0xde,0xfb,0xe6,0xfb,0xe6,
    0xbe,0xf7,0xbe,0xf7,0xbe,0xf7,0xbe,0xf7,0xbe,0xf7,0xbe,0xf7,0xbe,0xf7,0x9e,0xf7,
    0x9e,0xf7,0x9e,0xf7,0xdf,0xff,0x4d,0x73,0x86,0x39,0x85,0x39,0x86,0x39,0xc7,0x41,
    0x44,0x29,0x41,0x08,0x65,0x31,0xa6,0x41,0xe7,0x41,0xc6,0x41,0x00,0x00,0x41,0x08,
    0x41,0x08,0x20,0x00,0x20,0x08,0x20,0x00,0x20,0x00,0x00,0x00,0x00,0x00,0x44,0x31,
    0xe7,0x49,0xc7,0x41,0xe7,0x49,0xe7,0x49,0xe3,0x20,0x24,0x29,0xa2,0x18,0x41,0x08,
    0x61,0x10,0x82,0x18,0x00,0x00,0x86,0x39,0x79,0xde,0xeb,0x62,0x00,0x00,0x20,0x08,
    0x10,0x8c,0x79,0xde,0x2c,0x6b,0x38,0xd6,0x89,0x52,0x00,0x00,0xe3,0x20,0xa2,0x18,
    0x82,0x10,0xa2,0x18,0xa2,0x18,0xa2,0x18,0xa2,0x18,0xa2,0x18,0xa2,0x18,0xa2,0x18,
    0xa2,0x18,0xa2,0x18,0xa2,0x18,0xa2,0x18,0xa2,0x18,0xa2,0x18,0xa2,0x18,0xa2,0x18,
    0xa2,0x18,0xa2,0x18,0xa2,0x18,0xa2,0x18,0xa2,0x18,0xa2,0x18,0xa2,0x18,0xa2,0x18,
    0xa2,0x18,0xa2,0x18,0xa2,0x18,0xa2,0x18,0xa2,0x18,0xa2,0x18,0xa2,0x18,0xa2,0x18,
    0xa2,0x10,0xa2,0x18,0xa2,0x18,0xa2,0x18,0xa2,0x10,0xa2,0x18,0xa2,0x18,0xa2,0x18,
    0xa2,0x18,0xa2,0x18,0xa2,0x10,0xa2,0x10,0xa2,0x10,0xa2,0x10,0xa2,0x10,0xa2,0x10,
    0xa2,0x10,0xa2,0x10,0xa2,0x10,0xa2,0x10,0xa2,0x10,0xa2,0x10,0x82,0x10,0x82,0x10,
    0x82,0x10,0x61,0x08,0x08,0x4a,0x65,0x31,0xb6,0xbd,0xdf,0xff,0x5d,0xef,0xdf,0xff,
    0x54,0xb5,0x65,0x39,0x81,0x10,0x41,0x08,0x81,0x10,0x81,0x10,0x81,0x10,0x81,0x10,
    0x82,0x10,0x82,0x10,0x82,0x10,0xa2,0x10,0x82,0x10,0x82,0x10,0x82,0x10,0xa2,0x10,
    0x82,0x10,0x82,0x10,0x82,0x10,0x82,0x10,0x82,0x10,0xa2,0x10,0xa2,0x10,0x82,0x10,
    0xa2,0x10,0xa2,0x10,0x82,0x10,0x82,0x10,0xa2,0x10,0xa2,0x10,0x82,0x10,0x82,0x10,
    0xa2,0x10,0x82,0x10,0x82,0x10,0x82,0x10,0x82,0x10,0x82,0x10,0x82,0x10,0x82,0x10,
    0x82,0x10,0x82,0x10,0x82,0x10,0x82,0x10,0x82,0x10,0x82,0x10,0xa2,0x10,0x82,0x10,
    0x82,0x10,0x82,0x10,0x82,0x10,0x82,0x10,0x82,0x10,0x82,0x10,0x82,0x10,0x82,0x10,
    0x82,0x10,0x82,0x10,0x82,0x10,0x81,0x10,0x82,0x10,0x82,0x10,0x61,0x10,0xa2,0x18,
    0x45,0x29,0x20,0x08,0xe3,0x20,0x17,0xce,0xce,0x83,0xf3,0xa4,0x95,0xbd,0x61,0x10,
    0x00,0x00,0x45,0x29,0xda,0xe6,0xce,0x83,0x00,0x00,0x61,0x08,0x61,0x08,0x40,0x08,
    0x04,0x21,0x48,0x52,0x2c,0x73,0xfa,0xe6,0xaa,0x5a,0xe3,0x20,0x65,0x31,0x03,0x29,
    0x41,0x08,0x00,0x00,0x00,0x00,0x00,0x00,0x00,0x00,0x00,0x00,0x00,0x00,0xc2,0x18,
    0xc3,0x18,0xaa,0x5a,0xc7,0x41,0xc3,0x20,0x44,0x31,0x41,0x08,0x20,0x00,0xc2,0x20,
    0xc2,0x20,0xc2,0x18,0xc2,0x20,0x44,0x31,0x75,0xb5,0xf7,0xc5,0xd7,0xc5,0x17,0xc6,
    0x58,0xce,0x79,0xd6,0x99,0xd6,0xba,0xde,0xda,0xde,0xdb,0xde,0xfb,0xe6,0x1b,0xe7,
    0xbe,0xf7,0xbe,0xf7,0xbe,0xf7,0xbe,0xf7,0xbe,0xf7,0xbe,0xf7,0xbe,0xf7,0x9e,0xf7,
    0x9e,0xf7,0x9e,0xf7,0xdf,0xff,0x4d,0x73,0x86,0x39,0x24,0x29,0x82,0x10,0xa6,0x39,
    0xc7,0x41,0xe3,0x20,0x82,0x10,0x85,0x31,0x86,0x39,0x07,0x4a,0x85,0x31,0x00,0x00,
    0x61,0x08,0x41,0x08,0x20,0x08,0x20,0x08,0x20,0x00,0x20,0x00,0x00,0x00,0x20,0x00,
    0x65,0x31,0xe7,0x41,0xa6,0x41,0xe7,0x49,0xe7,0x41,0xe3,0x20,0x24,0x29,0xa2,0x10,
    0x41,0x08,0x81,0x10,0xa2,0x10,0x20,0x08,0x85,0x31,0x79,0xd6,0x2c,0x6b,0x2c,0x6b,
    0x5c,0xf7,0x08,0x4a,0x00,0x00,0xa6,0x39,0x79,0xde,0x6d,0x73,0x00,0x00,0xc3,0x18,
    0xc3,0x20,0x81,0x10,0xa2,0x18,0xa2,0x18,0xa2,0x18,0xa2,0x18,0xa2,0x18,0xa2,0x18,
    0xc2,0x18,0xa2,0x18,0xa2,0x18,0xa2,0x18,0xa2,0x18,0xa2,0x18,0xa2,0x18,0xa2,0x18,
    0xa2,0x18,0xa2,0x18,0xa2,0x18,0xa2,0x18,0xa2,0x18,0xa2,0x18,0xa2,0x18,0xa2,0x18,
    0xa2,0x18,0xa2,0x18,0xa2,0x18,0xa2,0x18,0xa2,0x18,0xa2,0x18,0xa2,0x18,0xa2,0x10,
    0xa2,0x10,0xa2,0x10,0xa2,0x10,0xa2,0x10,0xa2,0x10,0xa2,0x10,0xa2,0x10,0xa2,0x18,
    0xa2,0x10,0xa2,0x10,0xa2,0x10,0xa2,0x10,0xa2,0x10,0xa2,0x10,0xa2,0x10,0xa2,0x10,
    0xa2,0x10,0xa2,0x10,0xa2,0x10,0xa2,0x10,0xa2,0x10,0xa2,0x10,0x82,0x10,0xa2,0x10,
    0x40,0x08,0xe7,0x41,0x04,0x29,0xb2,0x9c,0xbe,0xff,0x3c,0xef,0xbe,0xff,0x79,0xd6,
    0xe7,0x49,0x81,0x10,0x41,0x08,0x82,0x10,0x81,0x10,0x81,0x10,0x81,0x10,0x81,0x10,
    0x82,0x10,0x82,0x10,0x82,0x10,0x82,0x10,0xa2,0x10,0x82,0x10,0x82,0x10,0x82,0x10,
    0xa2,0x10,0xa2,0x10,0x82,0x10,0xa2,0x10,0xa2,0x10,0xa2,0x10,0xa2,0x10,0xa2,0x10,
    0xa2,0x10,0xa2,0x10,0xa2,0x10,0xa2,0x10,0xa2,0x10,0x82,0x10,0x82,0x10,0x82,0x10,
    0x82,0x10,0x82,0x10,0x82,0x10,0x82,0x10,0x82,0x10,0x82,0x10,0x82,0x10,0xa2,0x10,
    0x82,0x10,0x82,0x10,0x82,0x10,0x82,0x10,0x82,0x10,0x82,0x10,0xa2,0x10,0xa2,0x10,
    0xa2,0x10,0x82,0x10,0x82,0x10,0x82,0x10,0x82,0x10,0x82,0x10,0x82,0x10,0x82,0x10,
    0x82,0x10,0x81,0x10,0x81,0x10,0x82,0x10,0x81,0x10,0x61,0x10,0xe3,0x18,0x65,0x31,
    0x00,0x00,0xa6,0x39,0x79,0xde,0x2c,0x6b,0x00,0x00,0x82,0x10,0x58,0xd6,0xd2,0xa4,
    0x86,0x39,0xda,0xe6,0xae,0x7b,0x00,0x00,0x81,0x10,0x61,0x08,0x41,0x08,0xa2,0x18,
    0x48,0x52,0x2c,0x73,0xda,0xe6,0x0b,0x63,0xe3,0x20,0x65,0x39,0x44,0x31,0x61,0x10,
    0x00,0x00,0x00,0x00,0x00,0x00,0x00,0x00,0x00,0x00,0x00,0x00,0x82,0x10,0xc3,0x18,
    0x28,0x4a,0x49,0x52,0xc2,0x20,0x45,0x31,0xa2,0x18,0x00,0x00,0xa2,0x18,0xe3,0x20,
    0x61,0x10,0x81,0x10,0xc3,0x20,0x65,0x31,0x95,0xb5,0xf7,0xc5,0xf7,0xc5,0x38,0xce,
    0x58,0xce,0x79,0xd6,0x99,0xd6,0xba,0xde,0xdb,0xde,0xfb,0xe6,0xfb,0xe6,0x1b,0xe7,
    0xbe,0xf7,0xbe,0xf7,0xbe,0xf7,0xbe,0xf7,0xbe,0xf7,0xbe,0xf7,0xbe,0xf7,0x9e,0xf7,
    0x9e,0xf7,0x9e,0xf7,0xdf,0xff,0x4c,0x6b,0x65,0x39,0x44,0x29,0x00,0x00,0x04,0x29,
    0xc7,0x41,0xc7,0x41,0xc3,0x20,0xa2,0x18,0x85,0x39,0x86,0x39,0x28,0x52,0x24,0x29,
    0x00,0x00,0x61,0x10,0x41,0x08,0x20,0x08,0x20,0x00,0x20,0x00,0x20,0x00,0x00,0x00,
    0x40,0x08,0x65,0x39,0xc7,0x41,0xc6,0x41,0xe7,0x49,0xc7,0x41,0xe3,0x20,0x24,0x29,
    0x82,0x10,0x41,0x08,0x82,0x10,0xa2,0x18,0x40,0x08,0x44,0x29,0x38,0xce,0x7d,0xff,
    0x69,0x52,0x00,0x00,0xa2,0x18,0x00,0x00,0x45,0x29,0x38,0xce,0xd2,0xa4,0x41,0x08,
    0x82,0x18,0x04,0x21,0x82,0x10,0xa2,0x10,0xa2,0x18,0xa2,0x10,0xa2,0x10,0xa2,0x18,
    0xa2,0x18,0xa2,0x18,0xa2,0x18,0xa2,0x18,0xa2,0x18,0xa2,0x18,0xa2,0x18,0xa2,0x18,
    0xa2,0x18,0xa2,0x18,0xa2,0x10,0xa2,0x10,0xa2,0x10,0xa2,0x18,0xa2,0x18,0xa2,0x18,
    0xa2,0x18,0xa2,0x18,0xa2,0x18,0xa2,0x18,0xa2,0x18,0xa2,0x18,0xa2,0x10,0xa2,0x10,
    0xa2,0x10,0xa2,0x10,0xa2,0x10,0xa2,0x10,0xa2,0x10,0xa2,0x10,0xa2,0x10,0xa2,0x10,
    0xa2,0x10,0xa2,0x10,0xa2,0x10,0xa2,0x10,0xa2,0x10,0xa2,0x10,0xa2,0x10,0xa2,0x10,
    0xa2,0x10,0xa2,0x10,0xa2,0x10,0xa2,0x10,0xa2,0x10,0x82,0x10,0xa2,0x10,0x41,0x08,
    0x86,0x31,0xa6,0x39,0x0c,0x6b,0x9d,0xff,0x3c,0xef,0x7d,0xf7,0xfb,0xe6,0xca,0x62,
    0xa2,0x18,0x61,0x08,0x82,0x10,0x61,0x10,0x81,0x10,0x81,0x10,0x81,0x10,0x81,0x10,
    0x82,0x10,0x82,0x10,0x82,0x10,0xa2,0x10,0x82,0x10,0x82,0x10,0xa2,0x10,0x82,0x10,
    0x82,0x10,0x82,0x10,0x82,0x10,0x82,0x10,0x82,0x10,0xa2,0x10,0x82,0x10,0x82,0x10,
    0x82,0x10,0xa2,0x10,0xa2,0x10,0x82,0x10,0x82,0x10,0x82,0x10,0x82,0x10,0x82,0x10,
    0x82,0x10,0x82,0x10,0x82,0x10,0x82,0x10,0x82,0x10,0xa2,0x10,0x82,0x10,0x82,0x10,
    0x82,0x10,0x82,0x10,0x82,0x10,0x82,0x10,0x82,0x10,0x82,0x10,0x82,0x10,0x82,0x10,
    0x82,0x10,0x82,0x10,0x82,0x10,0x82,0x10,0x82,0x10,0x82,0x10,0x82,0x10,0x82,0x10,
    0x82,0x10,0x81,0x10,0x81,0x10,0x81,0x10,0x61,0x10,0x04,0x29,0x44,0x29,0x00,0x00,
    0xcb,0x5a,0xba,0xde,0x69,0x52,0x00,0x00,0x61,0x10,0x20,0x00,0xe3,0x20,0x79,0xde,
    0x5d,0xf7,0x6d,0x73,0x00,0x00,0x81,0x10,0x61,0x10,0x41,0x08,0xc2,0x18,0x48,0x52,
    0x6c,0x7b,0xba,0xe6,0x2c,0x6b,0xc2,0x18,0x65,0x31,0x45,0x31,0x82,0x18,0x00,0x00,
    0x00,0x00,0x00,0x00,0x00,0x00,0x00,0x00,0x00,0x00,0x61,0x08,0xe3,0x20,0xe7,0x41,
    0xaa,0x62,0xc2,0x20,0x44,0x31,0xc3,0x20,0x00,0x00,0xa2,0x18,0xe3,0x20,0xa2,0x18,
    0x00,0x00,0xa2,0x18,0xc3,0x20,0x65,0x31,0x95,0xbd,0x17,0xc6,0x17,0xc6,0x58,0xce,
    0x79,0xd6,0x99,0xd6,0xba,0xde,0xda,0xde,0xdb,0xde,0xfb,0xe6,0x1b,0xe7,0x1c,0xe7,
    0xbe,0xf7,0xbe,0xf7,0xbe,0xf7,0xbe,0xf7,0xbe,0xf7,0xbe,0xf7,0xbe,0xf7,0x9e,0xf7,
    0x9e,0xf7,0x9e,0xf7,0xdf,0xff,0x4d,0x73,0x65,0x39,0x24,0x29,0x20,0x08,0xa2,0x18,
    0x65,0x31,0xe7,0x49,0xa6,0x39,0x61,0x10,0xc2,0x18,0xa6,0x39,0xc6,0x41,0x48,0x52,
    0xc3,0x18,0x00,0x00,0x61,0x10,0x21,0x08,0x20,0x08,0x20,0x00,0x20,0x08,0x20,0x00,
    0x00,0x00,0x41,0x10,0x85,0x39,0xe7,0x41,0xc6,0x41,0x07,0x4a,0xc7,0x41,0xe3,0x20,
    0x04,0x29,0xa2,0x10,0x61,0x08,0x82,0x10,0xc2,0x18,0x41,0x08,0x03,0x21,0xf7,0xc5,
    0xef,0x83,0x00,0x00,0x41,0x08,0xa2,0x18,0x20,0x08,0xa2,0x18,0x54,0xb5,0x17,0xce,
    0x04,0x29,0x41,0x08,0x04,0x21,0xa2,0x18,0x82,0x10,0xa2,0x18,0xa2,0x18,0xa2,0x18,
    0xa2,0x18,0xa2,0x18,0xa2,0x18,0xa2,0x18,0xa2,0x18,0xa2,0x18,0xa2,0x10,0xa2,0x10,
    0xa2,0x18,0xa2,0x18,0xa2,0x10,0xa2,0x10,0xa2,0x18,0xa2,0x18,0xa2,0x18,0xa2,0x18,
    0xa2,0x18,0xa2,0x10,0xa2,0x18,0xa2,0x10,0xa2,0x10,0xa2,0x10,0xa2,0x10,0xa2,0x10,
    0xa2,0x10,0xa2,0x10,0xa2,0x10,0xa2,0x10,0xa2,0x10,0xa2,0x10,0xa2,0x10,0xa2,0x10,
    0xa2,0x10,0xa2,0x10,0xa2,0x10,0xa2,0x10,0xa2,0x10,0xa2,0x10,0xa2,0x10,0xa2,0x10,
    0xa2,0x10,0xa2,0x10,0x82,0x10,0xa2,0x10,0xa2,0x10,0xa2,0x10,0x82,0x10,0xc3,0x18,
    0x28,0x4a,0xa6,0x39,0xfb,0xe6,0x5d,0xef,0x5d,0xf7,0x7d,0xf7,0x2c,0x73,0x41,0x10,
    0x04,0x21,0x65,0x31,0x65,0x31,0x24,0x29,0xa2,0x18,0x61,0x08,0x81,0x10,0x81,0x10,
    0x82,0x10,0x82,0x10,0x82,0x10,0x82,0x10,0x82,0x10,0x82,0x10,0xa2,0x10,0x82,0x10,
    0x82,0x10,0x82,0x10,0x82,0x10,0x82,0x10,0xa2,0x10,0xa2,0x10,0xa2,0x10,0xa2,0x10,
    0x82,0x10,0xa2,0x10,0x82,0x10,0x82,0x10,0x82,0x10,0x82,0x10,0x82,0x10,0x82,0x10,
    0x82,0x10,0x82,0x10,0x82,0x10,0x82,0x10,0xa2,0x10,0x82,0x10,0xa2,0x10,0xa2,0x10,
    0xa2,0x10,0xa2,0x10,0x82,0x10,0x82,0x10,0x82,0x10,0x82,0x10,0x82,0x10,0x82,0x10,
    0x82,0x10,0x82,0x10,0x82,0x10,0x82,0x10,0x82,0x10,0x82,0x10,0x81,0x10,0x81,0x10,
    0x82,0x10,0x82,0x10,0x61,0x10,0x82,0x10,0x45,0x29,0xe3,0x20,0x00,0x00,0x30,0x8c,
    0x99,0xde,0xa6,0x39,0x00,0x00,0x61,0x10,0x61,0x10,0x00,0x00,0x28,0x4a,0x79,0xde,
    0x8a,0x52,0x00,0x00,0x81,0x10,0x81,0x10,0x61,0x10,0x04,0x29,0x48,0x52,0xad,0x83,
    0x99,0xde,0x2c,0x6b,0xc2,0x20,0x65,0x31,0x44,0x31,0xa2,0x18,0x00,0x00,0x00,0x00,
    0x00,0x00,0x00,0x00,0x00,0x00,0x00,0x00,0x41,0x08,0x04,0x21,0x65,0x31,0x0b,0x6b,
    0xe3,0x20,0x24,0x29,0x03,0x29,0x00,0x00,0x61,0x10,0xe3,0x28,0xe3,0x20,0x41,0x08,
    0x20,0x00,0xa2,0x18,0xc3,0x20,0x65,0x31,0x95,0xbd,0x17,0xce,0x38,0xce,0x58,0xce,
    0x79,0xd6,0x99,0xd6,0xba,0xde,0xda,0xde,0xfb,0xe6,0xfb,0xe6,0x1b,0xe7,0x1c,0xe7,
    0xbe,0xf7,0xbe,0xf7,0xbe,0xf7,0xbe,0xf7,0xbe,0xf7,0xbe,0xf7,0xbe,0xf7,0x9e,0xf7,
    0x9e,0xf7,0x9e,0xf7,0xdf,0xff,0x4d,0x73,0x65,0x31,0x24,0x29,0x20,0x08,0x03,0x21,
    0xc3,0x20,0xa6,0x39,0xe7,0x41,0x45,0x31,0x20,0x08,0xe3,0x20,0xa6,0x39,0xc6,0x41,
    0x28,0x4a,0x82,0x10,0x00,0x00,0x61,0x10,0x20,0x08,0x21,0x08,0x20,0x00,0x20,0x00,
    0x20,0x00,0x00,0x00,0x41,0x10,0x85,0x39,0xc6,0x41,0xa6,0x39,0x07,0x4a,0xe7,0x41,
    0xe3,0x20,0x24,0x29,0xc3,0x18,0x61,0x08,0x82,0x10,0xa2,0x18,0x40,0x08,0x82,0x10,
    0x75,0xbd,0x13,0xad,0x61,0x10,0x20,0x08,0xa2,0x18,0x61,0x10,0x20,0x08,0xef,0x83,
    0xba,0xde,0x28,0x4a,0x00,0x00,0xe3,0x20,0xc3,0x18,0x81,0x10,0xa2,0x10,0xa2,0x18,
    0xa2,0x18,0xa2,0x18,0xa2,0x10,0xa2,0x10,0xa2,0x10,0xa2,0x18,0xa2,0x18,0xa2,0x10,
    0xa2,0x18,0xa2,0x18,0xa2,0x10,0xa2,0x10,0xa2,0x10,0xa2,0x10,0xa2,0x10,0xa2,0x10,
    0xa2,0x10,0xa2,0x10,0xa2,0x10,0xa2,0x10,0xa2,0x10,0xa2,0x10,0xa2,0x10,0xa2,0x10,
    0xa2,0x10,0xa2,0x10,0xa2,0x10,0xa2,0x10,0xa2,0x10,0xa2,0x10,0xa2,0x10,0xa2,0x10,
    0xa2,0x10,0xa2,0x10,0xa2,0x10,0xa2,0x10,0xa2,0x10,0xa2,0x10,0xa2,0x10,0x82,0x10,
    0xa2,0x10,0xa2,0x10,0xa2,0x10,0x82,0x10,0x82,0x10,0xa2,0x10,0x61,0x10,0xc6,0x39,
    0x04,0x29,0x54,0xb5,0x9d,0xf7,0x3c,0xef,0x9d,0xf7,0xce,0x83,0xe3,0x20,0xa6,0x39,
    0x49,0x52,0x49,0x52,0xe7,0x41,0x04,0x29,0x61,0x10,0x82,0x10,0x81,0x10,0x61,0x10,
    0x82,0x10,0x82,0x10,0x82,0x10,0x82,0x10,0x82,0x10,0x82,0x10,0x82,0x10,0x82,0x10,
    0x82,0x10,0x82,0x10,0x82,0x10,0x82,0x10,0xa2,0x10,0xa2,0x10,0x82,0x10,0x82,0x10,
    0x82,0x10,0x82,0x10,0x82,0x10,0x82,0x10,0x82,0x10,0x82,0x10,0x82,0x10,0x82,0x10,
    0x82,0x10,0x82,0x10,0x82,0x10,0x82,0x10,0xa2,0x10,0xa2,0x10,0xa2,0x10,0x82,0x10,
    0x82,0x10,0x82,0x10,0x82,0x10,0x82,0x10,0x81,0x10,0x81,0x10,0x82,0x10,0x82,0x10,
    0x82,0x10,0x82,0x10,0x82,0x10,0x82,0x10,0x82,0x10,0x82,0x10,0x81,0x10,0x82,0x10,
    0x82,0x10,0x61,0x10,0xc2,0x18,0x45,0x31,0x41,0x08,0xc3,0x18,0x75,0xbd,0xb6,0xbd,
    0xe3,0x20,0x00,0x00,0x82,0x10,0x41,0x08,0x00,0x00,0x6d,0x73,0xda,0xe6,0xe7,0x41,
    0x00,0x00,0x81,0x10,0x81,0x10,0x61,0x10,0x24,0x29,0x48,0x52,0x8d,0x7b,0xba,0xe6,
    0xeb,0x62,0xc2,0x20,0x65,0x31,0x44,0x31,0x82,0x18,0x00,0x00,0x00,0x00,0x00,0x00,
    0x00,0x00,0x00,0x00,0x00,0x00,0x20,0x00,0xe3,0x20,0x24,0x21,0x0b,0x6b,0x03,0x29,
    0xe3,0x28,0x03,0x21,0x20,0x08,0x41,0x08,0xe3,0x20,0xe3,0x20,0x61,0x10,0x61,0x10,
    0x41,0x08,0xa2,0x18,0xc3,0x20,0x45,0x31,0x95,0xbd,0x38,0xce,0x38,0xce,0x79,0xd6,
    0x79,0xd6,0x9a,0xde,0xba,0xde,0xdb,0xde,0xfb,0xe6,0x1b,0xe7,0x1c,0xe7,0x1c,0xe7,
    0xbe,0xf7,0xbe,0xf7,0xbe,0xf7,0xbe,0xf7,0xbe,0xf7,0xbe,0xf7,0xbe,0xf7,0x9e,0xf7,
    0x9e,0xf7,0x9e,0xf7,0xdf,0xff,0x4c,0x73,0x45,0x31,0x44,0x29,0x20,0x08,0x03,0x29,
    0xe3,0x28,0xc3,0x20,0xa6,0x39,0xc6,0x41,0x04,0x29,0x40,0x08,0x03,0x21,0x85,0x39,
    0xc6,0x41,0x07,0x4a,0x61,0x08,0x20,0x00,0x61,0x10,0x21,0x08,0x20,0x08,0x20,0x08,
    0x21,0x00,0x20,0x00,0x00,0x00,0x41,0x08,0x65,0x31,0xa6,0x39,0xa6,0x39,0x07,0x4a,
    0x07,0x4a,0x03,0x21,0x24,0x29,0xc3,0x18,0x41,0x08,0x81,0x10,0x82,0x10,0x41,0x08,
    0x20,0x08,0x91,0x9c,0xf7,0xc5,0x04,0x29,0x20,0x08,0xa2,0x18,0xa2,0x18,0x00,0x00,
    0x69,0x52,0x38,0xd6,0x4c,0x73,0x00,0x00,0x61,0x10,0xe3,0x20,0x82,0x10,0xa2,0x10,
    0xa2,0x18,0xa2,0x18,0xa2,0x10,0xa2,0x10,0xa2,0x18,0xa2,0x10,0xa2,0x18,0xa2,0x18,
    0xa2,0x18,0xa2,0x18,0xa2,0x18,0xa2,0x18,0xa2,0x10,0xa2,0x18,0xa2,0x10,0xa2,0x10,
    0xa2,0x10,0xa2,0x10,0xa2,0x10,0xa2,0x10,0xa2,0x10,0xa2,0x10,0xa2,0x10,0xa2,0x10,
    0xa2,0x10,0xa2,0x10,0xa2,0x10,0xa2,0x10,0xa2,0x10,0xa2,0x10,0xa2,0x10,0xa2,0x10,
    0xa2,0x10,0xa2,0x10,0xa2,0x10,0xa2,0x10,0xa2,0x10,0xa2,0x10,0xa2,0x10,0xa2,0x10,
    0xa2,0x10,0x82,0x10,0xa2,0x10,0x82,0x10,0x82,0x10,0x81,0x10,0x04,0x21,0x65,0x31,
    0x4c,0x73,0x9d,0xf7,0x5d,0xef,0x7d,0xf7,0x3c,0xef,0x34,0xad,0x38,0xce,0x1b,0xef,
    0x5d,0xf7,0x7d,0xf7,0x5c,0xef,0x58,0xd6,0x0f,0x8c,0x24,0x29,0x82,0x18,0x82,0x10,
    0x82,0x10,0x82,0x10,0x82,0x10,0x82,0x10,0x82,0x10,0x82,0x10,0xa2,0x10,0x82,0x10,
    0xa2,0x10,0x82,0x10,0xa2,0x10,0xa2,0x10,0x82,0x10,0x82,0x10,0x82,0x10,0x82,0x10,
    0x82,0x10,0x82,0x10,0x82,0x10,0x82,0x10,0x82,0x10,0x82,0x10,0x82,0x10,0x82,0x10,
    0x82,0x10,0x82,0x10,0x82,0x10,0x82,0x10,0x82,0x10,0x82,0x10,0x82,0x10,0x82,0x10,
    0x82,0x10,0x82,0x10,0x82,0x10,0x82,0x10,0x82,0x10,0x82,0x10,0x82,0x10,0x82,0x10,
    0x82,0x10,0x82,0x10,0x82,0x10,0x82,0x10,0x82,0x10,0x81,0x10,0x82,0x10,0x81,0x10,
    0x61,0x10,0x03,0x21,0x04,0x21,0x00,0x00,0xc7,0x41,0xd6,0xc5,0xce,0x83,0x20,0x00,
    0x20,0x08,0xa2,0x18,0x20,0x08,0x20,0x08,0xb2,0x9c,0x59,0xd6,0x24,0x29,0x00,0x00,
    0x61,0x10,0x61,0x08,0x41,0x08,0x24,0x29,0x89,0x5a,0xee,0x83,0xfb,0xe6,0xca,0x5a,
    0xc2,0x18,0x85,0x39,0x45,0x31,0x82,0x10,0x00,0x00,0x00,0x00,0x00,0x00,0x00,0x00,
    0x00,0x00,0x00,0x00,0x00,0x00,0x04,0x21,0xc3,0x18,0xeb,0x62,0x24,0x31,0xe3,0x20,
    0xe3,0x20,0x20,0x08,0x20,0x08,0xc3,0x20,0xe3,0x20,0x82,0x18,0x41,0x08,0x82,0x18,
    0x61,0x10,0xa2,0x18,0xc3,0x20,0x45,0x31,0x96,0xbd,0x38,0xce,0x58,0xce,0x79,0xd6,
    0x99,0xd6,0xba,0xde,0xda,0xde,0xfb,0xe6,0xfb,0xe6,0x1b,0xe7,0x1c,0xe7,0x3c,0xe7,
    0xbe,0xf7,0xbe,0xf7,0xbe,0xf7,0xbe,0xf7,0xbe,0xf7,0xbe,0xf7,0xbe,0xf7,0x9e,0xf7,
    0x9e,0xf7,0x9e,0xf7,0xdf,0xff,0x2c,0x6b,0x65,0x39,0x45,0x31,0x20,0x08,0x03,0x21,
    0x24,0x29,0xe3,0x20,0x65,0x31,0xa6,0x39,0xa6,0x39,0xe3,0x20,0x41,0x08,0x04,0x29,
    0x65,0x31,0xc6,0x41,0xe7,0x41,0x20,0x08,0x20,0x08,0x41,0x10,0x20,0x08,0x20,0x08,
    0x20,0x00,0x20,0x00,0x20,0x00,0x00,0x00,0x41,0x10,0x65,0x31,0xa6,0x39,0xc6,0x41,
    0x07,0x4a,0x28,0x4a,0x03,0x21,0x24,0x29,0xe3,0x20,0x41,0x08,0x61,0x10,0x82,0x10,
    0x61,0x10,0x00,0x00,0x6d,0x7b,0xba,0xde,0x28,0x4a,0x00,0x00,0xa2,0x18,0xa2,0x18,
    0x00,0x00,0x6d,0x73,0x9d,0xff,0x14,0xad,0x03,0x21,0x20,0x08,0x04,0x21,0xc3,0x18,
    0x82,0x10,0xa2,0x10,0xa2,0x18,0xa2,0x10,0xa2,0x18,0xa2,0x10,0xa2,0x10,0xa2,0x18,
    0xa2,0x10,0xa2,0x10,0xa2,0x10,0xa2,0x10,0xa2,0x10,0xa2,0x18,0xa2,0x10,0xa2,0x10,
    0xa2,0x10,0xa2,0x10,0xa2,0x10,0xa2,0x10,0xa2,0x10,0xa2,0x10,0xa2,0x10,0xa2,0x10,
    0xa2,0x10,0xa2,0x10,0xa2,0x10,0xa2,0x10,0xa2,0x10,0xa2,0x10,0xa2,0x10,0xa2,0x10,
    0xa2,0x10,0xa2,0x10,0xa2,0x10,0xa2,0x10,0xa2,0x10,0xa2,0x10,0xa2,0x10,0xa2,0x10,
    0xa2,0x10,0x82,0x10,0x82,0x10,0x82,0x10,0x82,0x10,0x61,0x10,0x65,0x31,0xa6,0x39,
    0x59,0xd6,0x9d,0xf7,0x7d,0xf7,0x7d,0xf7,0x5d,0xf7,0xbe,0xff,0xde,0xff,0xdf,0xff,
    0xff,0xff,0xbe,0xff,0x5d,0xef,0x9d,0xf7,0xbe,0xff,0x99,0xde,0x28,0x4a,0x82,0x18,
    0x82,0x10,0x82,0x10,0x82,0x10,0x82,0x10,0x82,0x10,0xa2,0x10,0xa2,0x10,0xa2,0x10,
    0xa2,0x10,0x82,0x10,0xa2,0x10,0xa2,0x10,0x82,0x10,0x82,0x10,0x82,0x10,0x82,0x10,
    0x82,0x10,0x82,0x10,0x82,0x10,0x82,0x10,0x82,0x10,0x82,0x10,0x82,0x10,0x82,0x10,
    0x82,0x10,0x82,0x10,0x82,0x10,0xa2,0x10,0x82,0x10,0x82,0x10,0x82,0x10,0x82,0x10,
    0x82,0x10,0x82,0x10,0x82,0x10,0x82,0x10,0x82,0x10,0x82,0x10,0x82,0x10,0x82,0x10,
    0x82,0x10,0x82,0x10,0x81,0x10,0x82,0x10,0x81,0x10,0x81,0x10,0x61,0x10,0xa2,0x18,
    0x44,0x29,0x82,0x10,0x20,0x08,0xce,0x83,0xfa,0xee,0x34,0xb5,0x00,0x00,0x61,0x08,
    0x82,0x10,0x00,0x00,0xe3,0x20,0x17,0xce,0xf7,0xc5,0xa2,0x10,0x00,0x00,0x61,0x10,
    0x61,0x08,0x41,0x08,0x65,0x31,0x69,0x5a,0x71,0x9c,0x1b,0xef,0xaa,0x5a,0xc2,0x20,
    0x85,0x39,0x65,0x31,0x82,0x18,0x00,0x00,0x00,0x00,0x00,0x00,0x00,0x00,0x00,0x00,
    0x00,0x00,0x00,0x00,0x03,0x21,0xe3,0x18,0xeb,0x62,0x85,0x39,0xc2,0x20,0x03,0x29,
    0x41,0x08,0x20,0x00,0xc2,0x18,0xc3,0x20,0xe3,0x20,0x82,0x18,0x61,0x10,0xa2,0x18,
    0x61,0x10,0xa2,0x18,0xc3,0x20,0x65,0x31,0x96,0xbd,0x38,0xce,0x58,0xce,0x79,0xd6,
    0x9a,0xd6,0xba,0xde,0xda,0xde,0xfb,0xe6,0xfb,0xe6,0x1c,0xe7,0x3c,0xef,0x3c,0xef,
    0xbe,0xf7,0xbe,0xf7,0xbe,0xf7,0xbe,0xf7,0xbe,0xf7,0xbe,0xf7,0x9e,0xf7,0x9e,0xf7,
    0x9e,0xf7,0x9e,0xf7,0xff,0xff,0x2c,0x6b,0x65,0x31,0x65,0x31,0x40,0x08,0x03,0x29,
    0x24,0x29,0x04,0x29,0x65,0x31,0x65,0x31,0x85,0x39,0xa6,0x41,0xa2,0x18,0x41,0x08,
    0x24,0x29,0x65,0x39,0xe7,0x41,0xc7,0x41,0x20,0x00,0x21,0x08,0x61,0x10,0x20,0x08,
    0x20,0x08,0x20,0x08,0x20,0x00,0x20,0x00,0x00,0x00,0x41,0x08,0x65,0x31,0xc6,0x41,
    0xa6,0x39,0xe7,0x49,0x28,0x4a,0x24,0x29,0x03,0x21,0xc3,0x20,0x41,0x08,0x61,0x10,
    0x82,0x10,0xa2,0x18,0x00,0x00,0x8a,0x5a,0xfb,0xe6,0x8d,0x7b,0x00,0x00,0x00,0x00,
    0xc7,0x41,0xdb,0xe6,0xaa,0x5a,0xce,0x83,0x99,0xde,0xeb,0x62,0x00,0x00,0xa2,0x18,
    0x04,0x21,0x82,0x10,0x82,0x10,0xa2,0x10,0xa2,0x18,0xa2,0x18,0xa2,0x18,0xa2,0x10,
    0xa2,0x10,0xa2,0x10,0xa2,0x10,0xa2,0x10,0xa2,0x10,0xa2,0x10,0xa2,0x10,0xa2,0x10,
    0xa2,0x10,0xa2,0x10,0xa2,0x10,0xa2,0x10,0xa2,0x10,0xa2,0x10,0xa2,0x10,0xa2,0x10,
    0xa2,0x10,0x82,0x10,0x82,0x10,0xa2,0x10,0xa2,0x10,0xa2,0x10,0xa2,0x10,0xa2,0x10,
    0xa2,0x10,0xa2,0x10,0x82,0x10,0xa2,0x10,0xa2,0x10,0xa2,0x10,0xa2,0x10,0x82,0x10,
    0x82,0x10,0x82,0x10,0x82,0x10,0x82,0x10,0x82,0x10,0xc2,0x18,0x44,0x31,0x4d,0x73,
    0x9e,0xff,0x7d,0xef,0x7d,0xf7,0x7d,0xf7,0x9e,0xff,0xfb,0xe6,0x96,0xbd,0xd3,0xa4,
    0x13,0xa5,0x79,0xd6,0xbe,0xff,0x5d,0xef,0x3c,0xef,0xbe,0xff,0x3c,0xef,0x08,0x4a,
    0xa2,0x18,0x82,0x10,0x82,0x10,0x81,0x10,0x82,0x10,0x82,0x10,0x82,0x10,0x82,0x10,
    0x82,0x10,0x82,0x10,0x82,0x10,0x82,0x10,0x82,0x10,0x82,0x10,0x82,0x10,0x82,0x10,
    0x82,0x10,0x82,0x10,0x82,0x10,0x82,0x10,0x82,0x10,0x82,0x10,0x82,0x10,0x82,0x10,
    0x82,0x10,0x82,0x10,0x82,0x10,0x82,0x10,0x82,0x10,0x82,0x10,0x82,0x10,0x82,0x10,
    0x82,0x10,0x82,0x10,0x82,0x10,0x82,0x10,0x82,0x10,0x82,0x10,0x82,0x10,0x82,0x10,
    0x82,0x10,0x82,0x10,0x82,0x10,0x82,0x10,0x61,0x10,0x61,0x10,0x03,0x21,0x24,0x29,
    0x00,0x00,0x86,0x31,0xf7,0xc5,0x91,0x9c,0x45,0x29,0x37,0xce,0xae,0x83,0x00,0x00,
    0x00,0x00,0x28,0x4a,0xfb,0xe6,0x91,0x94,0x20,0x08,0x41,0x08,0x61,0x10,0x41,0x08,
    0x61,0x10,0xa6,0x39,0x48,0x52,0xb1,0xa4,0x79,0xde,0x69,0x52,0xe3,0x20,0x65,0x31,
    0x44,0x31,0xa2,0x18,0x00,0x00,0x00,0x00,0x00,0x00,0x00,0x00,0x00,0x00,0x00,0x00,
    0x00,0x00,0xe3,0x20,0xe3,0x20,0xcb,0x62,0xe7,0x41,0xa2,0x20,0x04,0x29,0x61,0x10,
    0x00,0x00,0xa2,0x18,0xe3,0x20,0xc3,0x20,0xe3,0x20,0xa2,0x18,0x61,0x10,0xa2,0x18,
    0x81,0x10,0xc2,0x18,0xe3,0x20,0x65,0x31,0xb6,0xbd,0x38,0xce,0x58,0xce,0x79,0xd6,
    0xba,0xde,0xba,0xde,0xdb,0xde,0xfb,0xe6,0x1b,0xe7,0x1c,0xe7,0x3c,0xef,0x3c,0xef,
    0xbe,0xf7,0xbe,0xf7,0xbe,0xf7,0xbe,0xf7,0xbe,0xf7,0xbe,0xf7,0x9e,0xf7,0x9e,0xf7,
    0x9e,0xf7,0x9e,0xf7,0xff,0xff,0x2c,0x6b,0x44,0x31,0x45,0x31,0x40,0x08,0x03,0x29,
    0x24,0x29,0x04,0x29,0x65,0x31,0x24,0x29,0xc3,0x18,0x86,0x39,0xa6,0x39,0x82,0x10,
    0x41,0x08,0x24,0x29,0x65,0x39,0xe7,0x49,0xc6,0x41,0x00,0x00,0x21,0x08,0x41,0x10,
    0x20,0x08,0x20,0x08,0x20,0x08,0x20,0x08,0x20,0x00,0x00,0x00,0x41,0x10,0x65,0x31,
    0xc6,0x41,0xa6,0x39,0xe7,0x41,0x28,0x4a,0x24,0x29,0xc3,0x20,0xe3,0x20,0x61,0x08,
    0x61,0x08,0x82,0x10,0xa2,0x18,0x20,0x08,0x65,0x31,0x18,0xce,0xb2,0x9c,0x04,0x21,
    0x38,0xd6,0x0f,0x8c,0x00,0x00,0x00,0x00,0x08,0x4a,0x38,0xd6,0x34,0xad,0xe3,0x20,
    0x00,0x00,0xe3,0x20,0xc3,0x18,0x81,0x10,0x82,0x10,0xa2,0x18,0xa2,0x10,0xa2,0x10,
    0xa2,0x10,0xa2,0x10,0xa2,0x10,0xa2,0x10,0xa2,0x10,0xa2,0x10,0xa2,0x10,0xa2,0x10,
    0xa2,0x10,0xa2,0x10,0xa2,0x10,0xa2,0x10,0x82,0x10,0x82,0x10,0x82,0x10,0x82,0x10,
    0x82,0x10,0xa2,0x10,0xa2,0x10,0xa2,0x10,0xa2,0x10,0xa2,0x10,0xa2,0x10,0xa2,0x10,
    0xa2,0x10,0xa2,0x10,0xa2,0x10,0xa2,0x10,0x82,0x10,0x82,0x10,0x82,0x10,0x82,0x10,
    0x82,0x10,0x82,0x10,0x82,0x10,0x82,0x10,0x61,0x08,0x03,0x21,0x04,0x29,0x55,0xb5,
    0xbe,0xff,0x7d,0xf7,0x7d,0xf7,0xbe,0xff,0x17,0xc6,0x69,0x52,0xe3,0x20,0x82,0x18,
    0xa2,0x18,0xe3,0x20,0x30,0x8c,0x9e,0xff,0x7d,0xf7,0x5d,0xef,0xff,0xff,0x18,0xce,
    0xc3,0x20,0x82,0x10,0x81,0x10,0x61,0x10,0x81,0x10,0x82,0x10,0x82,0x10,0xa2,0x10,
    0xa2,0x10,0x82,0x10,0x82,0x10,0x82,0x10,0x82,0x10,0x82,0x10,0x82,0x10,0x82,0x10,
    0x82,0x10,0x82,0x10,0x82,0x10,0x82,0x10,0x82,0x10,0x82,0x10,0x82,0x10,0x82,0x10,
    0x82,0x10,0x82,0x10,0x81,0x10,0x82,0x10,0x82,0x10,0x82,0x10,0x82,0x10,0x82,0x10,
    0x82,0x10,0x82,0x10,0x82,0x10,0x82,0x10,0x82,0x10,0x82,0x10,0x82,0x10,0x82,0x10,
    0x82,0x10,0x81,0x10,0x81,0x10,0x61,0x10,0xa2,0x18,0x24,0x29,0x82,0x10,0x00,0x00,
    0xae,0x7b,0x99,0xde,0xeb,0x62,0x00,0x00,0x00,0x00,0x08,0x4a,0xfb,0xee,0xe7,0x41,
    0x4c,0x73,0xfb,0xee,0xca,0x5a,0x00,0x00,0x61,0x10,0x81,0x10,0x41,0x08,0x82,0x18,
    0xc6,0x41,0x27,0x4a,0x13,0xad,0xf7,0xc5,0xa6,0x39,0x03,0x21,0x45,0x31,0x24,0x29,
    0x61,0x10,0x00,0x00,0x00,0x00,0x00,0x00,0x00,0x00,0x00,0x00,0x00,0x00,0x00,0x00,
    0xe3,0x20,0xe3,0x20,0x8a,0x5a,0xe7,0x49,0xa2,0x20,0x03,0x29,0x81,0x10,0x00,0x00,
    0x82,0x10,0xe3,0x20,0xc2,0x18,0xa2,0x18,0xe3,0x20,0x82,0x18,0x81,0x10,0xc2,0x18,
    0x82,0x18,0xc3,0x20,0xe3,0x20,0x45,0x31,0x96,0xbd,0x38,0xce,0x58,0xce,0x99,0xd6,
    0xba,0xde,0xda,0xde,0xdb,0xde,0xfb,0xe6,0x1b,0xe7,0x1c,0xe7,0x3c,0xef,0x3c,0xef,
    0xbe,0xf7,0xbe,0xf7,0xbe,0xf7,0xbe,0xf7,0xbe,0xf7,0xbe,0xf7,0xbe,0xf7,0x9e,0xf7,
    0x9e,0xf7,0x9e,0xf7,0xff,0xff,0x2c,0x6b,0x24,0x31,0x45,0x31,0x40,0x08,0x03,0x29,
    0x24,0x29,0x24,0x29,0x65,0x31,0x04,0x29,0x00,0x00,0xe3,0x20,0xc6,0x41,0xa6,0x39,
    0x61,0x10,0x41,0x10,0x24,0x31,0x65,0x39,0xe7,0x41,0xa6,0x39,0x00,0x00,0x21,0x08,
    0x41,0x08,0x20,0x08,0x20,0x08,0x20,0x08,0x20,0x08,0x20,0x00,0x00,0x00,0x40,0x08,
    0x44,0x31,0xc6,0x41,0x86,0x39,0xa6,0x39,0x28,0x4a,0x65,0x31,0xc3,0x20,0x24,0x29,
    0x82,0x10,0x61,0x10,0x82,0x10,0xa2,0x18,0x41,0x08,0x61,0x10,0x71,0x94,0xfb,0xee,
    0x54,0xb5,0x00,0x00,0x82,0x10,0xa2,0x18,0x20,0x08,0x82,0x10,0x71,0x94,0x79,0xde,
    0xeb,0x62,0x00,0x00,0x61,0x10,0xe4,0x20,0xa2,0x18,0x81,0x10,0xa2,0x10,0xa2,0x18,
    0xa2,0x10,0xa2,0x10,0xa2,0x10,0xa2,0x10,0xa2,0x10,0xa2,0x10,0xa2,0x10,0xa2,0x10,
    0xa2,0x10,0xa2,0x10,0xa2,0x10,0x82,0x10,0x82,0x10,0xa2,0x10,0x82,0x10,0x82,0x10,
    0xa2,0x10,0x82,0x10,0x82,0x10,0x82,0x10,0xa2,0x10,0xa2,0x10,0xa2,0x10,0xa2,0x10,
    0xa2,0x10,0xa2,0x10,0x82,0x10,0xa2,0x10,0x82,0x10,0x82,0x10,0x82,0x10,0x82,0x10,
    0x82,0x10,0x82,0x10,0x82,0x10,0x82,0x10,0x61,0x10,0xe3,0x20,0xa6,0x39,0xda,0xe6,
    0x7d,0xf7,0x7d,0xf7,0x9e,0xf7,0xfb,0xe6,0xc7,0x41,0x41,0x08,0x20,0x00,0x61,0x08,
    0x61,0x08,0x41,0x08,0x20,0x08,0xef,0x83,0xbe,0xff,0x7d,0xf7,0x7d,0xf7,0xdf,0xff,
    0xcb,0x62,0x61,0x10,0x61,0x10,0x61,0x10,0x81,0x10,0x82,0x10,0x82,0x10,0xa2,0x10,
    0x82,0x10,0x82,0x10,0x82,0x10,0x82,0x10,0x82,0x10,0x82,0x10,0x82,0x10,0x82,0x10,
    0x82,0x10,0x82,0x10,0x82,0x10,0x82,0x10,0x82,0x10,0x82,0x10,0x82,0x10,0x82,0x10,
    0x82,0x10,0x82,0x10,0x82,0x10,0x82,0x10,0x82,0x10,0x82,0x10,0x82,0x10,0x82,0x10,
    0x82,0x10,0x82,0x10,0x82,0x10,0x81,0x10,0x82,0x10,0x82,0x10,0x82,0x10,0x82,0x10,
    0x81,0x10,0x61,0x10,0x82,0x10,0x03,0x21,0xe3,0x20,0x00,0x00,0x45,0x29,0x95,0xbd,
    0x75,0xb5,0x24,0x29,0x00,0x00,0x61,0x10,0x82,0x10,0x00,0x00,0x8e,0x7b,0x7d,0xff,
    0xb6,0xbd,0x44,0x29,0x00,0x00,0x82,0x10,0x61,0x10,0x61,0x08,0xe3,0x20,0x48,0x52,
    0x68,0x5a,0x95,0xbd,0x75,0xb5,0x24,0x29,0xe3,0x20,0x44,0x31,0x03,0x29,0x61,0x10,
    0x00,0x00,0x00,0x00,0x00,0x00,0x00,0x00,0x00,0x00,0x00,0x00,0x00,0x00,0xe3,0x20,
    0xe3,0x18,0x89,0x52,0xe7,0x49,0xa2,0x18,0xe3,0x28,0x81,0x10,0x00,0x00,0x81,0x10,
    0xe3,0x20,0xa2,0x18,0x00,0x00,0x82,0x10,0xe3,0x28,0x82,0x18,0x82,0x18,0xc3,0x20,
    0xa2,0x18,0xc3,0x20,0xe3,0x20,0x45,0x31,0xb6,0xbd,0x58,0xce,0x79,0xd6,0x99,0xd6,
    0xba,0xde,0xda,0xde,0xfb,0xe6,0xfb,0xe6,0x1c,0xe7,0x1c,0xe7,0x3c,0xef,0x3c,0xef,
    0xbe,0xf7,0xbe,0xf7,0xbe,0xf7,0xbe,0xf7,0xbe,0xf7,0xbe,0xf7,0xbe,0xf7,0x9e,0xf7,
    0x9e,0xf7,0x9e,0xf7,0xff,0xff,0x2c,0x6b,0x24,0x29,0x45,0x31,0x40,0x08,0x04,0x29,
    0x24,0x31,0x24,0x29,0x85,0x31,0x24,0x29,0x20,0x00,0x61,0x10,0x45,0x31,0xc7,0x41,
    0x85,0x39,0x61,0x10,0x61,0x10,0x44,0x31,0x65,0x31,0xc7,0x41,0xa6,0x39,0x00,0x00,
    0x41,0x08,0x41,0x08,0x20,0x00,0x20,0x08,0x20,0x08,0x20,0x08,0x20,0x00,0x00,0x00,
    0x20,0x08,0x24,0x29,0x86,0x39,0x85,0x39,0x86,0x39,0x07,0x4a,0xa6,0x39,0xe3,0x20,
    0x45,0x31,0xc3,0x18,0x41,0x08,0x82,0x10,0xa2,0x18,0x61,0x10,0x00,0x00,0x8a,0x5a,
    0x17,0xce,0x4d,0x73,0x00,0x08,0x61,0x10,0xa2,0x18,0x61,0x10,0x00,0x00,0xe7,0x41,
    0xd7,0xc5,0x34,0xb5,0x45,0x29,0x00,0x00,0xc3,0x18,0xe4,0x20,0x82,0x10,0x82,0x10,
    0xa2,0x10,0xa2,0x10,0xa2,0x10,0xa2,0x10,0xa2,0x10,0xa2,0x10,0xa2,0x10,0x82,0x10,
    0x82,0x10,0xa2,0x10,0xa2,0x10,0x82,0x10,0x82,0x10,0x82,0x10,0x82,0x10,0x82,0x10,
    0xa2,0x10,0x82,0x10,0x82,0x10,0x82,0x10,0xa2,0x10,0xa2,0x10,0xa2,0x10,0xa2,0x10,
    0xa2,0x10,0x82,0x10,0x82,0x10,0x82,0x10,0x82,0x10,0x82,0x10,0x82,0x10,0x82,0x10,
    0x82,0x10,0x82,0x10,0x82,0x10,0x81,0x10,0x81,0x10,0xa2,0x18,0x8a,0x5a,0x5d,0xf7,
    0x5d,0xef,0x7d,0xef,0xff,0xff,0x51,0x94,0x82,0x18,0x41,0x08,0x61,0x10,0x61,0x10,
    0x61,0x10,0x61,0x08,0x61,0x10,0xa2,0x18,0x59,0xce,0xbe,0xff,0x5d,0xef,0xff,0xff,
    0xd3,0xa4,0x82,0x18,0x61,0x10,0x61,0x10,0x81,0x10,0x82,0x10,0x82,0x10,0x82,0x10,
    0x82,0x10,0x82,0x10,0x82,0x10,0x82,0x10,0x82,0x10,0x82,0x10,0x82,0x10,0x82,0x10,
    0x82,0x10,0x82,0x10,0x82,0x10,0x82,0x10,0x82,0x10,0x82,0x10,0x82,0x10,0x82,0x10,
    0x81,0x10,0x82,0x10,0x82,0x10,0x82,0x10,0x82,0x10,0x81,0x10,0x82,0x10,0x82,0x10,
    0x82,0x10,0x82,0x10,0x82,0x10,0x82,0x10,0x82,0x10,0x82,0x10,0x82,0x10,0x61,0x10,
    0x61,0x10,0xe3,0x20,0x24,0x29,0x41,0x08,0x41,0x08,0x6d,0x73,0x58,0xd6,0x2c,0x6b,
    0x00,0x00,0x20,0x08,0x82,0x10,0x61,0x10,0x00,0x00,0xc7,0x41,0xd7,0xc5,0x30,0x94,
    0x20,0x08,0x00,0x00,0x61,0x10,0x61,0x10,0x61,0x08,0x45,0x31,0x69,0x5a,0x0b,0x6b,
    0x78,0xd6,0xb2,0xa4,0xe3,0x20,0x03,0x29,0x24,0x29,0xe3,0x20,0x41,0x08,0x00,0x00,
    0x00,0x00,0x00,0x00,0x00,0x00,0x00,0x00,0x00,0x00,0x00,0x00,0xe3,0x18,0xe3,0x20,
    0x69,0x52,0x08,0x4a,0xa2,0x18,0xe3,0x28,0x81,0x10,0x00,0x00,0x81,0x10,0xe3,0x28,
    0xc2,0x20,0x41,0x08,0x20,0x00,0xa2,0x18,0x03,0x29,0x82,0x18,0xa2,0x18,0xe3,0x20,
    0xa2,0x18,0xc3,0x20,0xe3,0x20,0x65,0x31,0xb6,0xbd,0x58,0xce,0x79,0xd6,0x99,0xd6,
    0xba,0xde,0xdb,0xde,0xfb,0xe6,0x1b,0xe7,0x1c,0xe7,0x1c,0xe7,0x3c,0xef,0x3c,0xef,
    0xbe,0xf7,0xbe,0xf7,0xbe,0xf7,0xbe,0xf7,0xbe,0xf7,0xbe,0xf7,0xbe,0xf7,0x9e,0xf7,
    0x9e,0xf7,0x9e,0xf7,0xff,0xff,0x2c,0x6b,0x24,0x29,0x45,0x31,0x40,0x08,0x03,0x29,
    0x24,0x31,0x24,0x29,0x85,0x39,0x24,0x29,0x20,0x08,0xe3,0x20,0xc3,0x18,0x65,0x31,
    0xc6,0x41,0x65,0x31,0x61,0x10,0x82,0x10,0x44,0x31,0x65,0x31,0xe7,0x41,0x86,0x39,
    0x00,0x00,0x41,0x08,0x61,0x08,0x20,0x00,0x21,0x08,0x20,0x08,0x20,0x08,0x20,0x00,
    0x00,0x00,0x00,0x00,0xe3,0x28,0x86,0x39,0x85,0x39,0x85,0x39,0x07,0x4a,0x07,0x4a,
    0x03,0x29,0x24,0x29,0xe3,0x20,0x41,0x08,0x61,0x10,0x82,0x10,0x82,0x10,0x00,0x00,
    0x65,0x31,0xf7,0xc5,0x34,0xb5,0x04,0x21,0x00,0x00,0x82,0x10,0x82,0x10,0x00,0x00,
    0x20,0x08,0xf3,0xac,0xfb,0xee,0xae,0x7b,0x82,0x10,0x20,0x08,0x04,0x29,0xe3,0x20,
    0x82,0x10,0x81,0x10,0xa2,0x10,0xa2,0x10,0xa2,0x10,0xa2,0x10,0x82,0x10,0xa2,0x10,
    0xa2,0x10,0xa2,0x10,0x82,0x10,0x82,0x10,0xa2,0x10,0x82,0x10,0x82,0x10,0x82,0x10,
    0xa2,0x10,0x82,0x10,0x82,0x10,0xa2,0x10,0x82,0x10,0x82,0x10,0x82,0x10,0x82,0x10,
    0xa2,0x10,0x82,0x10,0x82,0x10,0x82,0x10,0x82,0x10,0x82,0x10,0x82,0x10,0x82,0x10,
    0x82,0x10,0x82,0x10,0x82,0x10,0x81,0x10,0x81,0x10,0x82,0x18,0x2c,0x73,0x9d,0xff,
    0x5c,0xef,0x7d,0xf7,0x9e,0xf7,0xaa,0x5a,0x41,0x08,0x61,0x08,0x61,0x10,0x61,0x10,
    0x61,0x10,0x61,0x10,0x82,0x10,0x82,0x18,0x71,0x94,0xff,0xff,0x5d,0xef,0xdf,0xff,
    0xd7,0xc5,0xc3,0x20,0x61,0x10,0x61,0x10,0x81,0x10,0x82,0x10,0x82,0x10,0x82,0x10,
    0x82,0x10,0x82,0x10,0x82,0x10,0x81,0x10,0x82,0x10,0x82,0x10,0x82,0x10,0x82,0x10,
    0x82,0x10,0x82,0x10,0x82,0x10,0x82,0x10,0x82,0x10,0x81,0x10,0x82,0x10,0x82,0x10,
    0x82,0x10,0x82,0x10,0x82,0x10,0x82,0x10,0x82,0x10,0x82,0x10,0x82,0x10,0x82,0x10,
    0x81,0x10,0x81,0x10,0x82,0x10,0x82,0x10,0x82,0x10,0x61,0x10,0x61,0x10,0xc3,0x18,
    0x45,0x29,0xa2,0x18,0x00,0x00,0x28,0x4a,0xd7,0xc5,0x99,0xde,0x04,0x29,0x00,0x00,
    0x61,0x10,0x82,0x10,0x00,0x00,0x20,0x08,0x10,0x8c,0x99,0xde,0xcb,0x62,0x00,0x00,
    0x41,0x08,0x61,0x10,0x41,0x08,0x61,0x08,0xa6,0x41,0xa9,0x62,0xef,0x8b,0xda,0xe6,
    0xef,0x83,0xe3,0x20,0x24,0x29,0x44,0x31,0xe3,0x20,0x20,0x08,0x00,0x00,0x00,0x00,
    0x00,0x00,0x00,0x00,0x00,0x00,0x00,0x00,0x00,0x00,0xe3,0x18,0xe3,0x20,0x69,0x52,
    0x28,0x4a,0xa2,0x18,0x03,0x29,0x81,0x10,0x00,0x00,0x61,0x10,0xe3,0x28,0xc2,0x20,
    0x61,0x10,0x61,0x10,0x41,0x08,0xc2,0x18,0x04,0x29,0x82,0x18,0xa2,0x18,0xe3,0x20,
    0xa2,0x18,0xe3,0x20,0xe3,0x20,0x65,0x31,0xb6,0xbd,0x58,0xce,0x79,0xd6,0x99,0xd6,
    0xba,0xde,0xda,0xde,0xfb,0xe6,0x1b,0xe7,0x1c,0xe7,0x3c,0xef,0x3c,0xef,0x3c,0xef,
    0xbe,0xf7,0xbe,0xf7,0xbe,0xf7,0xbe,0xf7,0xbe,0xf7,0xbe,0xf7,0xbe,0xf7,0x9e,0xf7,
    0x9e,0xf7,0x9e,0xf7,0xff,0xff,0x2c,0x6b,0x24,0x31,0x45,0x31,0x41,0x08,0x04,0x29,
    0x44,0x31,0x24,0x29,0x86,0x39,0x24,0x29,0x20,0x08,0x03,0x21,0x04,0x29,0xa2,0x18,
    0x45,0x31,0xa6,0x41,0x65,0x31,0x41,0x08,0x81,0x10,0x24,0x29,0x65,0x31,0xe7,0x41,
    0x86,0x39,0x00,0x00,0x20,0x08,0x61,0x08,0x20,0x00,0x20,0x08,0x20,0x08,0x20,0x08,
    0x20,0x00,0x00,0x00,0x00,0x00,0xe3,0x20,0xa6,0x39,0xa6,0x39,0xa6,0x39,0x07,0x4a,
    0x28,0x4a,0x24,0x29,0xe3,0x20,0x04,0x29,0x61,0x10,0x41,0x08,0x82,0x10,0xa2,0x18,
    0x41,0x08,0x61,0x10,0x10,0x8c,0x79,0xd6,0xcb,0x62,0x00,0x00,0x40,0x08,0x82,0x10,
    0x40,0x08,0x55,0xb5,0x1c,0xef,0x3c,0xf7,0x18,0xce,0xca,0x62,0x40,0x08,0x61,0x10,
    0xe3,0x20,0xc3,0x18,0x81,0x10,0x81,0x10,0x82,0x10,0x82,0x10,0x82,0x10,0x82,0x10,
    0x82,0x10,0x82,0x10,0xa2,0x10,0x82,0x10,0x82,0x10,0x82,0x10,0xa2,0x10,0x82,0x10,
    0xa2,0x10,0x82,0x10,0x82,0x10,0x82,0x10,0x82,0x10,0x82,0x10,0x82,0x10,0x82,0x10,
    0x82,0x10,0x82,0x10,0x82,0x10,0x82,0x10,0x82,0x10,0x82,0x10,0x82,0x10,0x82,0x10,
    0x82,0x10,0x82,0x10,0x82,0x10,0x81,0x10,0x81,0x10,0xa2,0x18,0x6d,0x73,0x9e,0xff,
    0x3c,0xef,0x7d,0xf7,0x3c,0xef,0x07,0x4a,0x20,0x08,0x61,0x10,0x61,0x10,0x61,0x10,
    0x61,0x10,0x61,0x10,0x81,0x10,0x82,0x18,0x8e,0x7b,0xdf,0xff,0x5d,0xef,0xde,0xff,
    0x18,0xce,0xc3,0x18,0x61,0x10,0x61,0x10,0x81,0x10,0x82,0x10,0x81,0x10,0x82,0x10,
    0x82,0x10,0x82,0x10,0x82,0x10,0x82,0x10,0x82,0x10,0x82,0x10,0x82,0x10,0x82,0x10,
    0x82,0x10,0x82,0x10,0x82,0x10,0x82,0x10,0x81,0x10,0x81,0x10,0x82,0x10,0x81,0x10,
    0x82,0x10,0x82,0x10,0x82,0x10,0x81,0x10,0x82,0x10,0x82,0x10,0x81,0x10,0x82,0x10,
    0x82,0x10,0x82,0x10,0x82,0x10,0x61,0x10,0x61,0x10,0xa2,0x18,0x24,0x29,0xc3,0x20,
    0x00,0x00,0x86,0x31,0xf3,0xa4,0x1b,0xef,0xfb,0xee,0x99,0xde,0x65,0x31,0x20,0x08,
    0x41,0x08,0x00,0x00,0x86,0x39,0xf7,0xcd,0x75,0xb5,0x04,0x21,0x00,0x00,0x61,0x10,
    0x61,0x10,0x41,0x08,0x82,0x10,0xe7,0x49,0x69,0x5a,0xd2,0xa4,0xba,0xde,0xeb,0x62,
    0xe3,0x20,0x45,0x31,0x44,0x31,0xc3,0x20,0x20,0x00,0x00,0x00,0x00,0x00,0x00,0x00,
    0x00,0x00,0x00,0x00,0x00,0x00,0x00,0x00,0xe3,0x20,0xe3,0x20,0x69,0x52,0x07,0x4a,
    0x82,0x18,0xe3,0x28,0xa2,0x18,0x00,0x00,0x61,0x08,0xe3,0x20,0xc3,0x20,0x61,0x10,
    0x41,0x08,0x82,0x18,0x61,0x10,0xc3,0x18,0x24,0x29,0xa2,0x18,0xa2,0x18,0xe3,0x20,
    0xc2,0x18,0xe3,0x20,0xe3,0x20,0x45,0x31,0xb6,0xbd,0x58,0xce,0x79,0xd6,0x9a,0xde,
    0xba,0xde,0xdb,0xde,0xfb,0xe6,0x1b,0xe7,0x1c,0xe7,0x3c,0xef,0x3c,0xef,0x5c,0xef,
    0xbe,0xf7,0xbe,0xf7,0xbe,0xf7,0xbe,0xf7,0xbe,0xf7,0xbe,0xf7,0xbe,0xf7,0x9e,0xf7,
    0x9e,0xf7,0x9e,0xf7,0xff,0xff,0x2c,0x6b,0x24,0x29,0x45,0x31,0x41,0x08,0x04,0x29,
    0x44,0x31,0x24,0x29,0xa6,0x39,0x45,0x29,0x41,0x08,0xe3,0x20,0x24,0x29,0x03,0x21,
    0x82,0x18,0x24,0x31,0xa6,0x39,0x45,0x31,0x40,0x08,0x61,0x10,0x24,0x29,0x65,0x31,
    0xc6,0x41,0xa6,0x39,0x40,0x08,0x20,0x00,0x61,0x08,0x20,0x08,0x20,0x08,0x20,0x08,
    0x20,0x00,0x20,0x00,0x00,0x00,0x00,0x00,0xa2,0x18,0xa6,0x39,0xc7,0x41,0x85,0x39,
    0xc6,0x41,0x28,0x52,0x65,0x31,0xe3,0x20,0x24,0x29,0xa2,0x10,0x61,0x08,0x82,0x10,
    0xa2,0x18,0x82,0x10,0x00,0x00,0xc7,0x41,0xb6,0xc5,0xf3,0xac,0x24,0x29,0x00,0x00,
    0x6d,0x73,0x7d,0xf7,0xdb,0xe6,0xdb,0xe6,0x1b,0xef,0x99,0xde,0xb6,0xbd,0x69,0x52,
    0x00,0x08,0x20,0x08,0xc3,0x18,0xc2,0x18,0x61,0x10,0x61,0x10,0x82,0x10,0x82,0x10,
    0x82,0x10,0x82,0x10,0x82,0x10,0x82,0x10,0x82,0x10,0x82,0x10,0x82,0x10,0x82,0x10,
    0x82,0x10,0x82,0x10,0x82,0x10,0x82,0x10,0x82,0x10,0x82,0x10,0x82,0x10,0x82,0x10,
    0x82,0x10,0x82,0x10,0x82,0x10,0x82,0x10,0x82,0x10,0x82,0x10,0x82,0x10,0x82,0x10,
    0x82,0x10,0x82,0x10,0x82,0x10,0x81,0x10,0x81,0x10,0x82,0x18,0xeb,0x62,0x9e,0xff,
    0x5d,0xef,0x5d,0xf7,0x5c,0xf7,0x28,0x4a,0x20,0x00,0x61,0x08,0x61,0x10,0x61,0x10,
    0x81,0x10,0x81,0x10,0x82,0x10,0x61,0x10,0x6d,0x7b,0xbe,0xff,0x5d,0xef,0xde,0xff,
    0xd7,0xc5,0x82,0x18,0x61,0x10,0x61,0x10,0x81,0x10,0x82,0x10,0x82,0x10,0x82,0x10,
    0x82,0x10,0x82,0x10,0x82,0x10,0x82,0x10,0x82,0x10,0x81,0x10,0x81,0x10,0x82,0x10,
    0x82,0x10,0x82,0x10,0x82,0x10,0x82,0x10,0x81,0x10,0x81,0x10,0x82,0x10,0x82,0x10,
    0x82,0x10,0x81,0x10,0x82,0x10,0x82,0x10,0x82,0x10,0x81,0x10,0x81,0x10,0x82,0x10,
    0x81,0x10,0x61,0x10,0x61,0x10,0xa2,0x18,0x04,0x29,0xc2,0x18,0x00,0x00,0x04,0x21,
    0xb2,0xa4,0x38,0xce,0x9a,0xde,0xfb,0xe6,0xba,0xde,0x3c,0xef,0x95,0xbd,0x00,0x00,
    0x20,0x08,0xef,0x83,0x58,0xd6,0x2c,0x6b,0x00,0x00,0x40,0x08,0x82,0x10,0x61,0x10,
    0x41,0x08,0x03,0x21,0x28,0x4a,0x69,0x5a,0x95,0xbd,0xf7,0xc5,0xe7,0x41,0xe3,0x20,
    0x65,0x39,0x45,0x31,0xa2,0x18,0x00,0x00,0x00,0x00,0x00,0x00,0x00,0x00,0x00,0x00,
    0x00,0x00,0x00,0x00,0x00,0x00,0x04,0x21,0x03,0x21,0xca,0x5a,0x07,0x4a,0xa2,0x18,
    0xe3,0x20,0xa2,0x18,0x00,0x00,0x41,0x08,0xe3,0x20,0xc3,0x20,0x61,0x10,0x41,0x08,
    0x82,0x10,0xa2,0x18,0x61,0x10,0xc3,0x18,0x24,0x29,0xa2,0x18,0xa2,0x18,0xe3,0x20,
    0xc2,0x18,0xc3,0x20,0xe3,0x20,0x65,0x31,0xb6,0xbd,0x58,0xd6,0x79,0xd6,0x9a,0xde,
    0xba,0xde,0xdb,0xde,0xfb,0xe6,0x1c,0xe7,0x1c,0xe7,0x3c,0xef,0x3c,0xef,0x5c,0xef,
    0xbe,0xf7,0xbe,0xf7,0xbe,0xf7,0xbe,0xf7,0xbe,0xf7,0xbe,0xf7,0xbe,0xf7,0xbe,0xf7,
    0x9e,0xf7,0x9e,0xf7,0xff,0xff,0x2c,0x6b,0x24,0x31,0x45,0x31,0x41,0x08,0x04,0x29,
    0x44,0x31,0x24,0x29,0xa6,0x39,0x65,0x31,0x41,0x08,0x03,0x21,0x24,0x29,0x24,0x29,
    0xe3,0x20,0xa2,0x18,0x45,0x31,0xa6,0x39,0x44,0x29,0x41,0x08,0x81,0x10,0x24,0x29,
    0x44,0x31,0xa6,0x39,0xc6,0x41,0x41,0x08,0x00,0x00,0x61,0x08,0x20,0x08,0x20,0x00,
    0x20,0x08,0x20,0x08,0x20,0x00,0x00,0x00,0x00,0x00,0x61,0x10,0x65,0x39,0xa6,0x39,
    0x65,0x31,0x86,0x39,0x07,0x4a,0xc7,0x41,0x04,0x29,0xe3,0x20,0xe3,0x20,0x61,0x10,
    0x61,0x10,0x82,0x10,0xa2,0x18,0x20,0x08,0x20,0x08,0x8e,0x7b,0x18,0xce,0xcf,0x83,
    0x79,0xd6,0x1b,0xef,0xdb,0xe6,0x7d,0xf7,0x34,0xad,0x61,0x10,0xeb,0x62,0xf6,0xc5,
    0x54,0xb5,0x07,0x42,0x00,0x00,0x41,0x08,0xe3,0x20,0xc3,0x18,0x81,0x10,0x61,0x10,
    0x82,0x10,0x82,0x10,0x82,0x10,0x82,0x10,0x82,0x10,0x82,0x10,0x82,0x10,0x82,0x10,
    0x82,0x10,0x82,0x10,0x82,0x10,0x82,0x10,0x82,0x10,0x82,0x10,0x82,0x10,0x82,0x10,
    0x82,0x10,0x82,0x10,0x82,0x10,0x82,0x10,0x82,0x10,0x82,0x10,0x82,0x10,0x82,0x10,
    0x82,0x10,0x82,0x10,0x82,0x10,0x81,0x10,0x61,0x10,0x82,0x10,0xe7,0x41,0x3c,0xef,
    0x7d,0xf7,0x5c,0xef,0x9e,0xff,0xeb,0x62,0x20,0x00,0x41,0x08,0x61,0x10,0x61,0x10,
    0x82,0x10,0x82,0x10,0x82,0x10,0xa2,0x18,0x10,0x8c,0xbe,0xff,0x3c,0xef,0xde,0xff,
    0x54,0xad,0x82,0x18,0x61,0x08,0x61,0x10,0x81,0x10,0x82,0x10,0x82,0x10,0x82,0x10,
    0x82,0x10,0x82,0x10,0x82,0x10,0x82,0x10,0x82,0x10,0x82,0x10,0x82,0x10,0x82,0x10,
    0x82,0x10,0x82,0x10,0x82,0x10,0x82,0x10,0x82,0x10,0x82,0x10,0x82,0x10,0x82,0x10,
    0x82,0x10,0x82,0x10,0x81,0x10,0x82,0x10,0x82,0x10,0x82,0x10,0x81,0x10,0x61,0x10,
    0x81,0x10,0xc3,0x18,0x24,0x29,0xa2,0x18,0x00,0x00,0xa2,0x18,0x0f,0x8c,0x79,0xd6,
    0x51,0x94,0x82,0x10,0x49,0x4a,0x5d,0xf7,0xdb,0xe6,0xdb,0xe6,0xfb,0xee,0x10,0x8c,
    0xd6,0xc5,0xf3,0xac,0xa2,0x18,0x00,0x00,0x61,0x10,0x61,0x10,0x61,0x10,0x81,0x10,
    0xa6,0x39,0x28,0x52,0x0b,0x6b,0x58,0xd6,0xd2,0xa4,0x44,0x29,0x24,0x29,0x44,0x31,
    0x24,0x31,0xa2,0x18,0x00,0x00,0x00,0x00,0x00,0x00,0x00,0x00,0x00,0x00,0x00,0x00,
    0x00,0x00,0x20,0x00,0xe3,0x20,0x04,0x21,0xeb,0x62,0xe7,0x49,0xa2,0x20,0xe3,0x28,
    0x81,0x10,0x00,0x00,0x61,0x10,0xe3,0x20,0xc3,0x20,0x81,0x10,0x41,0x08,0x82,0x10,
    0xa2,0x18,0xc2,0x18,0x82,0x10,0xe3,0x20,0x24,0x29,0x82,0x18,0xa2,0x18,0xe3,0x20,
    0xc2,0x18,0xe3,0x20,0x03,0x29,0x65,0x31,0xb6,0xbd,0x58,0xd6,0x79,0xd6,0x9a,0xde,
    0xba,0xde,0xdb,0xe6,0xfb,0xe6,0x1b,0xe7,0x1c,0xe7,0x3c,0xef,0x3c,0xef,0x5c,0xef,
    0xbe,0xf7,0xbe,0xf7,0xbe,0xf7,0xbe,0xf7,0xbe,0xf7,0xbe,0xf7,0xbe,0xf7,0xbe,0xf7,
    0x9e,0xf7,0x9e,0xf7,0xff,0xff,0x4c,0x73,0x24,0x31,0x45,0x29,0x41,0x08,0x24,0x29,
    0x44,0x31,0x24,0x31,0xc6,0x41,0x65,0x31,0x41,0x08,0x03,0x21,0x24,0x29,0x24,0x29,
    0x24,0x29,0xe3,0x20,0xa2,0x18,0x65,0x31,0xa6,0x39,0x65,0x31,0x81,0x10,0x82,0x18,
    0x44,0x31,0x65,0x31,0xa6,0x39,0xe7,0x41,0x61,0x10,0x00,0x00,0x41,0x10,0x21,0x08,
    0x20,0x00,0x20,0x08,0x20,0x08,0x20,0x00,0x00,0x00,0x00,0x00,0x41,0x08,0x04,0x29,
    0x85,0x39,0x65,0x31,0x65,0x31,0xe7,0x41,0x48,0x52,0x44,0x31,0xe3,0x20,0x04,0x29,
    0x82,0x10,0x41,0x08,0x61,0x10,0x82,0x10,0x61,0x10,0x00,0x00,0x45,0x31,0x95,0xbd,
    0x7d,0xf7,0x3c,0xef,0xfb,0xe6,0x3c,0xef,0x07,0x42,0x20,0x08,0x00,0x00,0x41,0x08,
    0x0b,0x63,0xf7,0xcd,0x54,0xb5,0x49,0x52,0x41,0x08,0x41,0x08,0xc3,0x20,0xe3,0x20,
    0x82,0x10,0x61,0x10,0x81,0x10,0x82,0x10,0x82,0x10,0x82,0x10,0x82,0x10,0x82,0x10,
    0x82,0x10,0x82,0x10,0x82,0x10,0x82,0x10,0x82,0x10,0x82,0x10,0x82,0x10,0x82,0x10,
    0x82,0x10,0x82,0x10,0x82,0x10,0x82,0x10,0x82,0x10,0x82,0x10,0x82,0x10,0x82,0x10,
    0x82,0x10,0x82,0x10,0x82,0x10,0x81,0x10,0x61,0x10,0x82,0x10,0xc3,0x20,0xd7,0xc5,
    0xbe,0xff,0x3c,0xef,0xbe,0xff,0x14,0xad,0x61,0x10,0x82,0x10,0x61,0x08,0x61,0x10,
    0x61,0x10,0x41,0x10,0x65,0x31,0x04,0x29,0xb6,0xc5,0x9e,0xff,0x3c,0xef,0xbe,0xff,
    0xce,0x83,0x41,0x10,0x61,0x08,0x61,0x10,0x81,0x10,0x82,0x10,0x82,0x10,0x82,0x10,
    0x82,0x10,0x82,0x10,0x82,0x10,0x82,0x10,0x82,0x10,0x82,0x10,0x82,0x10,0x82,0x10,
    0x82,0x10,0x82,0x10,0x82,0x10,0x82,0x10,0x82,0x10,0x82,0x10,0x82,0x10,0x82,0x10,
    0x82,0x10,0x82,0x10,0x81,0x10,0x81,0x10,0x61,0x10,0x61,0x10,0x82,0x10,0xe3,0x20,
    0x24,0x29,0xa2,0x18,0x00,0x00,0x03,0x21,0x0f,0x8c,0x17,0xce,0x91,0x9c,0x24,0x29,
    0x00,0x00,0x61,0x08,0x61,0x10,0x96,0xbd,0x3c,0xef,0xdb,0xe6,0x3c,0xf7,0x79,0xde,
    0xcb,0x5a,0x00,0x00,0x20,0x00,0x61,0x10,0x41,0x08,0x41,0x08,0xc3,0x20,0x07,0x4a,
    0x48,0x5a,0x70,0x9c,0xba,0xe6,0xae,0x7b,0xe3,0x20,0x44,0x31,0x44,0x29,0x03,0x29,
    0x81,0x10,0x00,0x00,0x00,0x00,0x00,0x00,0x00,0x00,0x00,0x00,0x00,0x00,0x00,0x00,
    0x41,0x08,0xe3,0x20,0x45,0x29,0x0c,0x6b,0xa6,0x41,0xc2,0x20,0x03,0x29,0x81,0x18,
    0x00,0x00,0x61,0x10,0xe3,0x20,0xe3,0x20,0x81,0x10,0x41,0x08,0x82,0x10,0xa2,0x18,
    0xa2,0x18,0xc2,0x18,0xa2,0x10,0xe3,0x20,0x24,0x29,0xa2,0x18,0xa2,0x18,0xe3,0x20,
    0xc3,0x18,0xe3,0x20,0x03,0x29,0x65,0x31,0xb6,0xbd,0x58,0xd6,0x79,0xd6,0x9a,0xde,
    0xba,0xde,0xdb,0xe6,0xfb,0xe6,0x1c,0xe7,0x3c,0xef,0x3c,0xef,0x5c,0xef,0x5c,0xef,
    0xbe,0xf7,0xbe,0xf7,0xbe,0xf7,0xbe,0xf7,0xbe,0xf7,0xbe,0xf7,0xbe,0xf7,0xbe,0xf7,
    0xbe,0xf7,0x9e,0xf7,0xff,0xff,0x4c,0x73,0x24,0x29,0x45,0x29,0x41,0x08,0x24,0x29,
    0x45,0x31,0x24,0x29,0xa6,0x41,0x45,0x31,0x41,0x08,0x03,0x21,0x24,0x29,0x24,0x29,
    0x24,0x29,0x24,0x29,0xe3,0x20,0xa2,0x18,0x44,0x31,0xa6,0x39,0x85,0x39,0x82,0x10,
    0x61,0x10,0x24,0x29,0x65,0x31,0xa6,0x39,0xe7,0x41,0x82,0x10,0x00,0x00,0x61,0x10,
    0x21,0x08,0x20,0x00,0x20,0x08,0x20,0x08,0x20,0x00,0x20,0x00,0x00,0x00,0x00,0x00,
    0xc2,0x20,0x65,0x31,0x85,0x31,0x65,0x31,0xc6,0x41,0x48,0x52,0xc6,0x41,0xe3,0x28,
    0x04,0x29,0xc3,0x18,0x41,0x08,0x41,0x08,0x62,0x10,0x82,0x10,0x20,0x08,0x20,0x08,
    0xcb,0x62,0x59,0xd6,0xff,0xff,0x14,0xad,0x00,0x00,0x61,0x10,0xa2,0x18,0x61,0x10,
    0x00,0x00,0x82,0x10,0x4d,0x73,0x17,0xce,0xb6,0xbd,0x8a,0x5a,0x61,0x10,0x00,0x00,
    0xa2,0x18,0xe3,0x20,0xa2,0x18,0x61,0x10,0x61,0x10,0x82,0x10,0x82,0x10,0x82,0x10,
    0x82,0x10,0x82,0x10,0x82,0x10,0x82,0x10,0x82,0x10,0x82,0x10,0x82,0x10,0x82,0x10,
    0x82,0x10,0x82,0x10,0x82,0x10,0x82,0x10,0x82,0x10,0x82,0x10,0x82,0x10,0x82,0x10,
    0x82,0x10,0x82,0x10,0x82,0x10,0x81,0x10,0x81,0x10,0x81,0x10,0x61,0x10,0x0c,0x6b,
    0xbe,0xff,0x3c,0xef,0x5d,0xf7,0x9d,0xf7,0x69,0x52,0x20,0x08,0xc2,0x18,0xa2,0x18,
    0x04,0x21,0xe7,0x41,0x65,0x31,0x2c,0x73,0x9d,0xf7,0x5c,0xef,0x7d,0xf7,0xda,0xe6,
    0xa6,0x41,0x41,0x08,0x41,0x08,0x61,0x10,0x81,0x10,0x82,0x10,0x82,0x10,0x82,0x10,
    0x82,0x10,0x82,0x10,0x82,0x10,0x82,0x10,0x82,0x10,0x82,0x10,0x82,0x10,0x82,0x10,
    0x82,0x10,0x82,0x10,0x82,0x10,0x82,0x10,0x81,0x10,0x81,0x10,0x81,0x10,0x81,0x10,
    0x81,0x10,0x81,0x10,0x61,0x10,0x61,0x10,0xa2,0x18,0x04,0x29,0x04,0x29,0x61,0x10,
    0x20,0x08,0x45,0x31,0x50,0x94,0x58,0xd6,0x91,0x9c,0x45,0x29,0x00,0x00,0x00,0x00,
    0x82,0x10,0x82,0x10,0x00,0x00,0x8a,0x5a,0xdf,0xff,0xfb,0xee,0xcf,0x83,0x61,0x10,
    0x00,0x00,0x41,0x08,0x41,0x08,0x41,0x08,0x41,0x08,0x24,0x29,0x28,0x4a,0x2b,0x6b,
    0xd6,0xc5,0xf7,0xc5,0x28,0x4a,0xe3,0x20,0x65,0x31,0x45,0x31,0xe3,0x20,0x41,0x08,
    0x00,0x00,0x00,0x00,0x00,0x00,0x00,0x00,0x00,0x00,0x00,0x00,0x00,0x00,0x61,0x08,
    0xe3,0x20,0x86,0x31,0x0c,0x6b,0x65,0x31,0xc2,0x20,0x03,0x29,0x82,0x18,0x00,0x00,
    0x61,0x10,0xe3,0x20,0xe3,0x20,0x81,0x10,0x41,0x08,0x82,0x10,0xa2,0x18,0xa2,0x18,
    0xc2,0x18,0xc3,0x18,0xa2,0x10,0xe3,0x20,0x24,0x29,0xa2,0x18,0xa2,0x18,0xe3,0x20,
    0xc3,0x18,0xe3,0x20,0xe3,0x20,0x65,0x31,0xb6,0xbd,0x59,0xd6,0x79,0xd6,0x9a,0xde,
    0xba,0xde,0xdb,0xe6,0xfb,0xe6,0x1c,0xe7,0x1c,0xef,0x3c,0xef,0x5c,0xef,0x5d,0xef,
    0xbe,0xf7,0xbe,0xf7,0xbe,0xf7,0xbe,0xf7,0xbe,0xf7,0xbe,0xf7,0xbe,0xf7,0xbe,0xf7,
    0xbe,0xf7,0x9e,0xf7,0xff,0xff,0x2c,0x6b,0x03,0x29,0x45,0x29,0x41,0x08,0x24,0x29,
    0x44,0x31,0x24,0x29,0xa6,0x39,0x45,0x31,0x41,0x08,0x03,0x21,0x24,0x29,0x24,0x29,
    0x24,0x29,0x24,0x29,0x24,0x29,0xe3,0x20,0xa2,0x18,0x44,0x31,0xa6,0x41,0x85,0x39,
    0x61,0x10,0x41,0x08,0x03,0x21,0x65,0x31,0x86,0x39,0xe7,0x49,0xe3,0x20,0x00,0x00,
    0x41,0x08,0x41,0x08,0x20,0x00,0x20,0x08,0x20,0x00,0x20,0x00,0x20,0x00,0x00,0x00,
    0x00,0x00,0x61,0x10,0x24,0x29,0x85,0x39,0x65,0x31,0x65,0x31,0x07,0x4a,0x08,0x4a,
    0x04,0x29,0xe3,0x20,0x04,0x21,0x82,0x10,0x41,0x08,0x61,0x10,0x82,0x10,0x82,0x10,
    0x00,0x08,0xc2,0x18,0xef,0x83,0x59,0xd6,0x71,0x9c,0x04,0x21,0x00,0x00,0x41,0x08,
    0xa2,0x18,0x61,0x10,0x00,0x00,0x41,0x08,0x0f,0x8c,0x7d,0xff,0xd6,0xc5,0x8d,0x7b,
    0xe3,0x20,0x00,0x00,0x41,0x08,0xc3,0x18,0xc3,0x18,0x82,0x10,0x61,0x10,0x61,0x10,
    0x81,0x10,0x82,0x10,0x82,0x10,0x82,0x10,0x82,0x10,0x82,0x10,0x82,0x10,0x82,0x10,
    0x82,0x10,0x82,0x10,0x82,0x10,0x82,0x10,0x82,0x10,0x82,0x10,0x82,0x10,0x82,0x10,
    0x82,0x10,0x82,0x10,0x82,0x10,0x81,0x10,0x81,0x10,0x61,0x10,0x82,0x10,0xa2,0x18,
    0x95,0xb5,0xdf,0xff,0x3c,0xef,0x9e,0xf7,0xda,0xde,0x49,0x52,0x82,0x18,0xc2,0x20,
    0x24,0x29,0x04,0x29,0x0b,0x6b,0x3c,0xef,0x7d,0xf7,0x5d,0xef,0xde,0xff,0x0f,0x8c,
    0xa2,0x20,0x40,0x08,0x61,0x10,0x61,0x10,0x81,0x10,0x82,0x10,0x82,0x10,0x82,0x10,
    0x82,0x10,0x82,0x10,0x82,0x10,0x81,0x10,0x82,0x10,0x82,0x10,0x82,0x10,0x81,0x10,
    0x82,0x10,0x81,0x10,0x81,0x10,0x81,0x10,0x81,0x10,0x81,0x10,0x81,0x10,0x61,0x10,
    0x61,0x10,0x82,0x10,0xe3,0x20,0x04,0x21,0xa2,0x18,0x20,0x08,0x61,0x10,0x69,0x52,
    0xf3,0xa4,0xda,0xe6,0xd6,0xc5,0x03,0x21,0x00,0x00,0x20,0x08,0x82,0x10,0x61,0x08,
    0x00,0x00,0x41,0x08,0x6d,0x73,0x59,0xd6,0x13,0xa5,0x86,0x31,0x00,0x00,0x41,0x08,
    0x82,0x10,0x61,0x10,0x41,0x08,0xc2,0x18,0x86,0x39,0x07,0x4a,0x0f,0x8c,0x79,0xde,
    0x30,0x8c,0x03,0x29,0x03,0x29,0x65,0x31,0x65,0x31,0xc2,0x18,0x00,0x00,0x00,0x00,
    0x00,0x00,0x00,0x00,0x00,0x00,0x00,0x00,0x00,0x00,0x00,0x00,0x82,0x10,0xc3,0x18,
    0xc7,0x39,0x0b,0x63,0x03,0x29,0xc3,0x20,0xe3,0x20,0x81,0x10,0x00,0x00,0x61,0x10,
    0xe3,0x20,0xe3,0x20,0x81,0x10,0x41,0x08,0x82,0x10,0xa2,0x18,0xc2,0x18,0xc2,0x18,
    0xc3,0x18,0xe3,0x20,0xa2,0x18,0xe3,0x20,0x24,0x31,0xa2,0x18,0xa2,0x18,0xe3,0x20,
    0xc3,0x18,0xe3,0x20,0xe3,0x28,0x45,0x31,0xb6,0xbd,0x79,0xd6,0x79,0xd6,0xba,0xde,
    0xda,0xde,0xfb,0xe6,0xfb,0xe6,0x1c,0xe7,0x3c,0xef,0x3c,0xef,0x5c,0xef,0x5d,0xef,
    0x9e,0xf7,0xbe,0xf7,0xbe,0xf7,0x9e,0xf7,0xbe,0xf7,0xbe,0xf7,0xbe,0xf7,0xbe,0xf7,
    0xbe,0xf7,0x9e,0xf7,0xff,0xff,0x0c,0x6b,0x03,0x29,0x45,0x29,0x41,0x08,0x04,0x29,
    0x44,0x31,0x24,0x29,0x86,0x39,0x44,0x31,0x41,0x08,0x03,0x21,0x44,0x29,0x24,0x29,
    0x24,0x29,0x24,0x29,0x24,0x29,0x24,0x29,0xe3,0x20,0xa2,0x18,0x44,0x31,0x86,0x39,
    0x65,0x31,0x61,0x10,0x40,0x08,0x03,0x29,0x65,0x31,0x85,0x39,0xe7,0x49,0x24,0x29,
    0x00,0x00,0x41,0x08,0x41,0x08,0x20,0x00,0x20,0x00,0x20,0x00,0x20,0x00,0x20,0x00,
    0x00,0x00,0x00,0x00,0x20,0x08,0xe3,0x20,0x65,0x31,0x65,0x31,0x44,0x31,0xa6,0x39,
    0x28,0x52,0x86,0x39,0xc3,0x20,0x04,0x29,0xe3,0x20,0x62,0x10,0x61,0x10,0x82,0x10,
    0xa2,0x10,0x61,0x10,0x00,0x00,0x24,0x29,0x91,0x9c,0x38,0xd6,0xcf,0x83,0xc3,0x18,
    0x00,0x00,0x41,0x08,0xc3,0x18,0x00,0x00,0xb2,0x9c,0xb2,0xa4,0xe7,0x41,0xd2,0xa4,
    0xf7,0xcd,0x91,0x9c,0xe7,0x41,0x20,0x08,0x00,0x00,0x82,0x10,0xe3,0x20,0xc3,0x18,
    0x82,0x10,0x61,0x10,0x61,0x10,0x81,0x10,0x82,0x10,0x82,0x10,0x82,0x10,0x82,0x10,
    0x82,0x10,0x82,0x10,0x82,0x10,0x82,0x10,0x82,0x10,0x82,0x10,0x82,0x10,0x82,0x10,
    0x82,0x10,0x82,0x10,0x82,0x10,0x81,0x10,0x81,0x10,0x81,0x10,0x61,0x08,0xa2,0x18,
    0xc6,0x41,0x79,0xd6,0xff,0xff,0x3c,0xef,0x5d,0xf7,0x5d,0xf7,0xb6,0xbd,0xb2,0x9c,
    0xd3,0xa4,0xf7,0xc5,0x5d,0xf7,0x5d,0xef,0x7d,0xf7,0xff,0xff,0xb6,0xbd,0x45,0x31,
    0x61,0x08,0x41,0x08,0x61,0x10,0x61,0x10,0x81,0x10,0x82,0x10,0x81,0x10,0x82,0x10,
    0x82,0x10,0x82,0x10,0x81,0x10,0x81,0x10,0x82,0x10,0x81,0x10,0x81,0x10,0x82,0x10,
    0x81,0x10,0x81,0x10,0x81,0x10,0x81,0x10,0x61,0x10,0x61,0x10,0x82,0x10,0xe3,0x20,
    0x04,0x21,0xe3,0x20,0x41,0x08,0x00,0x00,0x04,0x21,0x6d,0x73,0x95,0xbd,0x95,0xbd,
    0xaa,0x5a,0xaa,0x5a,0xf6,0xc5,0x61,0x10,0x82,0x10,0x82,0x10,0x00,0x00,0x20,0x00,
    0xca,0x5a,0x17,0xce,0x95,0xbd,0xe7,0x41,0x00,0x00,0x20,0x08,0x82,0x10,0x62,0x10,
    0x61,0x10,0x82,0x18,0x85,0x39,0x07,0x4a,0xca,0x62,0x95,0xc5,0x34,0xad,0x08,0x4a,
    0xa2,0x18,0x24,0x29,0x24,0x31,0x04,0x29,0x81,0x10,0x00,0x00,0x00,0x00,0x00,0x00,
    0x00,0x00,0x00,0x00,0x00,0x00,0x00,0x00,0x00,0x00,0xa2,0x10,0xa2,0x18,0xe7,0x41,
    0xca,0x62,0x03,0x29,0x03,0x29,0xe3,0x20,0x61,0x08,0x00,0x00,0x82,0x10,0xe3,0x28,
    0xe3,0x20,0x82,0x18,0x61,0x10,0x82,0x10,0xa2,0x18,0xc2,0x18,0xc2,0x18,0xc3,0x18,
    0xc2,0x18,0xe3,0x20,0xa2,0x18,0xe3,0x20,0x24,0x29,0xa2,0x18,0xa2,0x18,0xe3,0x20,
    0xc3,0x18,0xe3,0x20,0xe3,0x20,0x44,0x31,0xb6,0xbd,0x79,0xd6,0x79,0xd6,0xba,0xde,
    0xda,0xde,0xfb,0xe6,0xfb,0xe6,0x1c,0xe7,0x3c,0xef,0x3c,0xef,0x5c,0xef,0x5d,0xef,
    0x9e,0xf7,0x9e,0xf7,0xbe,0xf7,0xbe,0xf7,0xbe,0xf7,0xbe,0xf7,0xbe,0xf7,0xbe,0xf7,
    0x9e,0xf7,0x9e,0xf7,0xff,0xff,0x0c,0x6b,0x04,0x29,0x45,0x29,0x41,0x08,0x24,0x29,
    0x44,0x31,0x24,0x29,0x86,0x39,0x44,0x31,0x41,0x08,0x03,0x29,0x44,0x29,0x44,0x29,
    0x44,0x29,0x44,0x29,0x24,0x29,0x24,0x29,0x04,0x29,0xe3,0x20,0xa2,0x18,0x24,0x29,
    0x85,0x39,0x65,0x31,0x82,0x10,0x41,0x08,0x03,0x21,0x65,0x31,0x65,0x31,0xe7,0x49,
    0x86,0x39,0x20,0x00,0x20,0x08,0x61,0x10,0x20,0x08,0x20,0x00,0x20,0x00,0x20,0x00,
    0x20,0x00,0x20,0x00,0x00,0x00,0x00,0x00,0xa2,0x18,0x44,0x31,0x65,0x31,0x44,0x31,
    0x65,0x31,0x07,0x4a,0x28,0x4a,0x45,0x31,0x04,0x29,0x65,0x31,0xe3,0x20,0x62,0x10,
    0x61,0x10,0x82,0x10,0x82,0x10,0x20,0x08,0x00,0x00,0x65,0x31,0xd2,0xa4,0x58,0xd6,
    0x30,0x8c,0x24,0x29,0x00,0x00,0x65,0x31,0x3c,0xf7,0xc7,0x39,0x00,0x00,0x00,0x00,
    0x04,0x21,0x8e,0x7b,0xb6,0xc5,0x95,0xbd,0xae,0x7b,0x85,0x31,0x41,0x08,0x41,0x08,
    0x82,0x10,0xc3,0x20,0xc3,0x18,0xa2,0x18,0x81,0x10,0x61,0x10,0x61,0x10,0x81,0x10,
    0x82,0x10,0x82,0x10,0x82,0x10,0x82,0x10,0x82,0x10,0x82,0x10,0x82,0x10,0x82,0x10,
    0x81,0x10,0x82,0x10,0x82,0x10,0x81,0x10,0x81,0x10,0x81,0x10,0x61,0x10,0x61,0x10,
    0xe3,0x20,0xc6,0x41,0xb6,0xbd,0xbe,0xff,0x7d,0xf7,0x3c,0xef,0xbe,0xff,0xde,0xff,
    0xbe,0xff,0x9e,0xff,0x7d,0xf7,0x9e,0xff,0x9e,0xf7,0xb6,0xbd,0x08,0x4a,0x61,0x10,
    0x41,0x08,0x61,0x10,0x61,0x10,0x61,0x10,0x81,0x10,0x81,0x10,0x82,0x10,0x82,0x10,
    0x82,0x10,0x81,0x10,0x81,0x10,0x81,0x10,0x82,0x10,0x81,0x10,0x81,0x10,0x81,0x10,
    0x61,0x10,0x61,0x10,0x81,0x10,0xa2,0x18,0xe3,0x20,0x24,0x29,0x03,0x21,0x82,0x10,
    0x20,0x08,0xa2,0x18,0x8a,0x5a,0xf3,0xa4,0xd6,0xc5,0x91,0x9c,0x07,0x42,0x00,0x00,
    0x00,0x00,0x20,0x08,0x58,0xd6,0x2c,0x6b,0x00,0x00,0x61,0x10,0xca,0x62,0xf7,0xc5,
    0xf7,0xc5,0x69,0x52,0x00,0x00,0x00,0x00,0x62,0x10,0x62,0x10,0x61,0x10,0x61,0x10,
    0x65,0x31,0x48,0x52,0xca,0x62,0x91,0x9c,0x78,0xde,0xce,0x83,0xe3,0x20,0xe3,0x20,
    0x24,0x29,0x04,0x29,0xc3,0x20,0x20,0x08,0x00,0x00,0x00,0x00,0x00,0x00,0x00,0x00,
    0x00,0x00,0x00,0x00,0x00,0x00,0x20,0x00,0xc2,0x18,0xe3,0x20,0xca,0x5a,0x69,0x52,
    0x03,0x29,0x44,0x31,0x03,0x29,0x41,0x08,0x00,0x00,0xa2,0x18,0xe3,0x28,0xe3,0x20,
    0x81,0x10,0x61,0x10,0xa2,0x18,0xa2,0x18,0xa2,0x18,0xc2,0x18,0xc3,0x20,0xc3,0x20,
    0xc3,0x18,0xe3,0x20,0xa2,0x18,0xe3,0x20,0x24,0x29,0xa2,0x18,0xa2,0x18,0xe3,0x20,
    0xc3,0x18,0xe3,0x20,0xe3,0x20,0x44,0x31,0xb6,0xbd,0x79,0xd6,0x79,0xd6,0xba,0xde,
    0xda,0xde,0xfb,0xe6,0x1b,0xe7,0x1c,0xe7,0x3c,0xef,0x3c,0xef,0x5c,0xef,0x5d,0xef,
    0x9e,0xf7,0x9e,0xf7,0x9e,0xf7,0xbe,0xf7,0xbe,0xf7,0xbe,0xf7,0xbe,0xf7,0xbe,0xf7,
    0x9e,0xf7,0x9e,0xf7,0xff,0xff,0x2c,0x6b,0x24,0x29,0x45,0x31,0x41,0x08,0x04,0x29,
    0x24,0x31,0x04,0x29,0x85,0x39,0x44,0x29,0x41,0x08,0x03,0x29,0x44,0x29,0x44,0x29,
    0x44,0x29,0x44,0x29,0x44,0x29,0x24,0x29,0x24,0x29,0x24,0x29,0xe3,0x20,0xa2,0x18,
    0x24,0x29,0xa6,0x39,0x85,0x39,0xa2,0x18,0x20,0x08,0xe3,0x20,0x65,0x31,0x85,0x39,
    0xc7,0x41,0xc7,0x41,0x61,0x10,0x00,0x00,0x61,0x10,0x41,0x08,0x20,0x00,0x20,0x08,
    0x20,0x00,0x20,0x00,0x20,0x00,0x00,0x00,0x00,0x00,0x41,0x08,0xe3,0x20,0x45,0x31,
    0x65,0x31,0x45,0x31,0x86,0x39,0x48,0x52,0x48,0x52,0x85,0x39,0x65,0x31,0x45,0x31,
    0xc3,0x18,0x61,0x08,0x61,0x08,0x62,0x10,0x82,0x10,0x20,0x00,0x00,0x00,0xe7,0x41,
    0x34,0xad,0xba,0xe6,0x30,0x8c,0x13,0xad,0x96,0xbd,0x00,0x00,0x61,0x10,0x82,0x10,
    0x20,0x08,0x00,0x00,0x61,0x10,0x48,0x52,0xb2,0xa4,0x37,0xce,0x54,0xb5,0x0b,0x63,
    0x45,0x31,0x20,0x08,0x00,0x00,0x61,0x10,0xa2,0x18,0xc3,0x18,0xc3,0x18,0xa2,0x18,
    0x81,0x10,0x61,0x10,0x81,0x10,0x81,0x10,0x81,0x10,0x82,0x10,0x82,0x10,0x82,0x10,
    0x81,0x10,0x81,0x10,0x81,0x10,0x81,0x10,0x81,0x10,0x81,0x10,0x81,0x10,0x81,0x10,
    0x81,0x10,0xc2,0x18,0x04,0x29,0x2c,0x6b,0x55,0xb5,0xda,0xde,0x5d,0xef,0x7d,0xf7,
    0x9d,0xf7,0x5d,0xef,0xda,0xe6,0xb6,0xbd,0xae,0x83,0x65,0x39,0x61,0x10,0x41,0x08,
    0x61,0x10,0x61,0x10,0x61,0x10,0x61,0x10,0x61,0x10,0x81,0x10,0x81,0x10,0x81,0x10,
    0x81,0x10,0x81,0x10,0x81,0x10,0x61,0x10,0x61,0x10,0x61,0x10,0x81,0x10,0xa2,0x18,
    0xc3,0x18,0x03,0x21,0x03,0x21,0xc2,0x18,0x41,0x08,0x20,0x00,0xc2,0x18,0x28,0x4a,
    0x71,0x94,0x17,0xce,0x75,0xbd,0x4c,0x6b,0xe3,0x20,0x00,0x00,0x00,0x00,0x61,0x10,
    0x82,0x10,0x00,0x00,0x0b,0x63,0xf7,0xcd,0x0b,0x63,0x37,0xce,0x17,0xce,0x0c,0x6b,
    0x41,0x08,0x00,0x00,0x61,0x10,0x61,0x10,0x41,0x08,0x41,0x08,0xe3,0x20,0x28,0x52,
    0xca,0x62,0x0f,0x8c,0x58,0xd6,0x95,0xbd,0x08,0x4a,0xa2,0x18,0x04,0x29,0x24,0x29,
    0x03,0x29,0x82,0x10,0x00,0x00,0x00,0x00,0x00,0x00,0x00,0x00,0x00,0x00,0x00,0x00,
    0x00,0x00,0x00,0x00,0x61,0x08,0xe3,0x20,0x65,0x31,0x4c,0x73,0x28,0x4a,0xe3,0x20,
    0x45,0x31,0x03,0x29,0x20,0x00,0x00,0x00,0xa2,0x18,0xe3,0x20,0xc3,0x20,0x61,0x10,
    0x41,0x08,0x82,0x18,0xa2,0x18,0xc2,0x18,0xc3,0x18,0xc3,0x18,0xc3,0x20,0xe3,0x20,
    0xe3,0x20,0xe3,0x20,0xc2,0x18,0xe3,0x20,0x24,0x29,0xa2,0x18,0xa2,0x18,0xe3,0x20,
    0xc3,0x18,0xe3,0x20,0xe3,0x20,0x24,0x29,0xb6,0xbd,0x79,0xd6,0x79,0xd6,0xba,0xde,
    0xda,0xde,0xfb,0xe6,0x1b,0xe7,0x1c,0xe7,0x3c,0xef,0x5c,0xef,0x5c,0xef,0x5d,0xef,
    0x9e,0xf7,0x9e,0xf7,0x9e,0xf7,0xbe,0xf7,0xbe,0xf7,0xbe,0xf7,0xbe,0xf7,0xbe,0xf7,
    0xbe,0xf7,0x9e,0xf7,0xff,0xff,0x4d,0x73,0x24,0x31,0x44,0x29,0x41,0x08,0x04,0x29,
    0x24,0x31,0x04,0x29,0x85,0x39,0x24,0x29,0x20,0x08,0xe3,0x20,0x24,0x29,0x24,0x29,
    0x24,0x29,0x44,0x29,0x24,0x29,0x24,0x29,0x24,0x29,0x24,0x21,0x24,0x29,0xe3,0x20,
    0x82,0x10,0xe3,0x20,0x65,0x31,0x85,0x39,0xc2,0x18,0x20,0x08,0xc2,0x18,0x45,0x31,
    0x65,0x31,0xa6,0x41,0x07,0x4a,0xe3,0x18,0x00,0x00,0x61,0x10,0x41,0x08,0x20,0x00,
    0x20,0x00,0x20,0x00,0x20,0x08,0x20,0x08,0x20,0x00,0x00,0x00,0x00,0x00,0x82,0x18,
    0x24,0x31,0x65,0x39,0x65,0x31,0x65,0x31,0xe7,0x41,0x48,0x52,0x07,0x4a,0x65,0x31,
    0x24,0x29,0xe3,0x20,0x61,0x10,0x41,0x08,0x41,0x08,0x82,0x10,0x82,0x10,0x20,0x08,
    0x00,0x00,0xa6,0x39,0xb2,0xa4,0x1b,0xef,0xd6,0xc5,0xa6,0x39,0x20,0x00,0x00,0x00,
    0x41,0x08,0xa2,0x18,0x81,0x10,0x20,0x08,0x00,0x00,0xa2,0x18,0xae,0x7b,0x3c,0xf7,
    0xd6,0xc5,0x54,0xb5,0x8d,0x7b,0xa6,0x39,0x61,0x10,0x00,0x00,0x20,0x08,0x82,0x10,
    0xc3,0x18,0xe3,0x20,0xc3,0x18,0xa2,0x18,0x82,0x10,0x61,0x10,0x61,0x08,0x61,0x08,
    0x61,0x08,0x61,0x08,0x61,0x10,0x61,0x10,0x61,0x10,0x81,0x10,0x81,0x10,0x82,0x10,
    0x81,0x10,0x61,0x10,0x81,0x10,0x41,0x10,0xa2,0x18,0xe7,0x41,0xeb,0x62,0x6d,0x73,
    0x8e,0x7b,0x2c,0x6b,0x48,0x52,0x24,0x29,0x61,0x10,0x20,0x00,0x41,0x08,0x61,0x10,
    0x61,0x08,0x61,0x10,0x61,0x10,0x61,0x08,0x61,0x08,0x61,0x08,0x61,0x08,0x61,0x08,
    0x61,0x08,0x61,0x10,0x81,0x10,0xa2,0x18,0xe3,0x20,0xe3,0x20,0xe3,0x20,0xc3,0x18,
    0x61,0x10,0x20,0x08,0x20,0x08,0x03,0x21,0xaa,0x5a,0x91,0x9c,0x75,0xbd,0xfb,0xe6,
    0x95,0xbd,0x65,0x31,0x20,0x08,0x00,0x00,0x41,0x08,0x82,0x10,0x61,0x10,0x00,0x00,
    0x00,0x00,0xe3,0x18,0x0f,0x8c,0x1b,0xef,0x95,0xbd,0xaa,0x5a,0x41,0x08,0x00,0x00,
    0x61,0x08,0x61,0x10,0x41,0x08,0x21,0x08,0x82,0x18,0x65,0x31,0x48,0x52,0x8d,0x7b,
    0xb5,0xc5,0xf7,0xc5,0x0b,0x6b,0xe3,0x20,0xe3,0x20,0x24,0x29,0x03,0x29,0xe3,0x20,
    0x41,0x08,0x00,0x00,0x00,0x00,0x00,0x00,0x00,0x00,0x00,0x00,0x00,0x00,0x00,0x00,
    0x00,0x00,0x82,0x10,0xa2,0x18,0x86,0x31,0x2c,0x6b,0xa6,0x39,0xe3,0x20,0x44,0x31,
    0xc2,0x18,0x00,0x00,0x00,0x00,0xa2,0x18,0xe3,0x20,0xc3,0x20,0x41,0x08,0x40,0x08,
    0x61,0x10,0xa2,0x18,0xc2,0x18,0xc3,0x18,0xc2,0x18,0xc3,0x18,0xc3,0x20,0xe3,0x20,
    0xe3,0x20,0xe3,0x20,0xc2,0x18,0xc3,0x18,0x03,0x29,0x82,0x18,0xa2,0x18,0xe3,0x20,
    0xc3,0x18,0xe3,0x20,0xe3,0x20,0x24,0x29,0xb6,0xbd,0x79,0xd6,0x79,0xd6,0xba,0xde,
    0xda,0xde,0xfb,0xe6,0x1b,0xe7,0x1c,0xe7,0x3c,0xef,0x3c,0xef,0x5c,0xef,0x5d,0xef,
    0x9e,0xf7,0x9e,0xf7,0xbe,0xf7,0xbe,0xf7,0xbe,0xf7,0xbe,0xf7,0xbe,0xf7,0xbe,0xf7,
    0xbe,0xf7,0x9e,0xf7,0xff,0xff,0x4d,0x73,0x44,0x31,0x45,0x31,0x61,0x08,0x04,0x29,
    0x24,0x31,0x04,0x29,0x85,0x31,0x24,0x29,0x20,0x08,0xe3,0x20,0x44,0x29,0x44,0x29,
    0x44,0x29,0x44,0x31,0x44,0x31,0x44,0x29,0x44,0x29,0x44,0x29,0x44,0x29,0x44,0x29,
    0x03,0x21,0x81,0x10,0xc3,0x20,0x65,0x31,0x86,0x39,0x04,0x29,0x41,0x08,0xa2,0x18,
    0x44,0x29,0x65,0x31,0x85,0x39,0xe7,0x41,0x24,0x29,0x00,0x00,0x40,0x08,0x61,0x10,
    0x20,0x00,0x20,0x00,0x20,0x00,0x20,0x08,0x21,0x08,0x20,0x00,0x00,0x00,0x00,0x00,
    0x40,0x08,0xe3,0x20,0x65,0x31,0x85,0x39,0x44,0x31,0x45,0x31,0x07,0x4a,0x48,0x52,
    0xc6,0x39,0x04,0x29,0x03,0x21,0xe3,0x20,0x82,0x10,0x41,0x08,0x61,0x10,0x82,0x10,
    0x82,0x18,0x41,0x08,0x00,0x00,0x04,0x21,0xce,0x83,0xf7,0xcd,0x75,0xbd,0x0b,0x6b,
    0xc3,0x18,0x00,0x00,0x20,0x00,0x82,0x10,0xc3,0x18,0x00,0x00,0xae,0x7b,0x75,0xb5,
    0x82,0x10,0x89,0x5a,0x51,0x94,0x95,0xbd,0xb5,0xbd,0xb2,0x9c,0x2c,0x6b,0x86,0x39,
    0x81,0x10,0x00,0x08,0x20,0x08,0x41,0x08,0xa2,0x18,0xc3,0x18,0xe3,0x18,0xe3,0x20,
    0xc2,0x18,0xa2,0x18,0x82,0x10,0x81,0x10,0x61,0x10,0x61,0x10,0x61,0x10,0x61,0x10,
    0x61,0x08,0x61,0x08,0x41,0x08,0x41,0x08,0x41,0x08,0x61,0x10,0x61,0x10,0x61,0x10,
    0x61,0x10,0x61,0x10,0x41,0x08,0x20,0x00,0x20,0x00,0x41,0x08,0x41,0x08,0x41,0x08,
    0x61,0x08,0x61,0x08,0x61,0x10,0x81,0x10,0x82,0x10,0xa2,0x18,0xc2,0x18,0xe3,0x20,
    0xe3,0x20,0xe3,0x20,0xc3,0x18,0x82,0x10,0x41,0x08,0x20,0x08,0x40,0x08,0xe3,0x20,
    0x48,0x4a,0xef,0x83,0x54,0xb5,0x95,0xbd,0xb2,0xa4,0x0c,0x6b,0xe3,0x18,0xef,0x83,
    0x75,0xbd,0x00,0x00,0x82,0x10,0x82,0x10,0x41,0x08,0x00,0x00,0x20,0x08,0xe7,0x41,
    0xb2,0x9c,0x37,0xd6,0x91,0x9c,0x86,0x31,0x00,0x00,0x00,0x00,0x61,0x10,0x82,0x10,
    0x61,0x10,0x41,0x08,0x82,0x10,0x45,0x31,0xa6,0x41,0x89,0x5a,0xd2,0xa4,0x37,0xce,
    0xef,0x83,0x24,0x29,0xa2,0x18,0x24,0x29,0x24,0x29,0x03,0x29,0x81,0x10,0x00,0x00,
    0x00,0x00,0x00,0x00,0x00,0x00,0x00,0x00,0x00,0x00,0x00,0x00,0x00,0x00,0x20,0x00,
    0xa2,0x18,0xc2,0x18,0xe7,0x41,0x49,0x52,0xe3,0x28,0xe3,0x20,0x24,0x29,0xa2,0x18,
    0x00,0x00,0x41,0x08,0xe3,0x20,0xe3,0x20,0xc2,0x18,0x61,0x08,0x61,0x10,0x82,0x18,
    0xa2,0x18,0xc3,0x20,0xe3,0x20,0xe3,0x20,0xe3,0x20,0xe3,0x20,0xe3,0x20,0xe3,0x20,
    0xe3,0x20,0x03,0x21,0xa2,0x18,0xa2,0x18,0xe3,0x28,0x81,0x10,0xa2,0x18,0xe3,0x20,
    0xc3,0x20,0xe3,0x20,0xe3,0x20,0x24,0x29,0xb6,0xbd,0x79,0xd6,0x79,0xd6,0xba,0xde,
    0xdb,0xde,0xfb,0xe6,0x1b,0xe7,0x1c,0xe7,0x3c,0xef,0x3c,0xef,0x5c,0xef,0x5d,0xef,
    0x9e,0xf7,0xbe,0xf7,0xbe,0xf7,0xbe,0xf7,0xbe,0xf7,0xbe,0xf7,0xbe,0xf7,0xbe,0xf7,
    0xbe,0xf7,0x9e,0xf7,0xff,0xff,0x4d,0x73,0x44,0x31,0x65,0x31,0x61,0x10,0x24,0x29,
    0x44,0x31,0x24,0x29,0x85,0x39,0x44,0x29,0x00,0x00,0x44,0x29,0xe7,0x41,0xe7,0x41,
    0xe7,0x41,0xe7,0x41,0xe7,0x41,0xe7,0x41,0xc7,0x41,0xa6,0x41,0xa6,0x39,0xa6,0x39,
    0x85,0x39,0x45,0x31,0xc3,0x20,0xe3,0x20,0x65,0x31,0xa6,0x41,0x65,0x31,0x82,0x10,
    0x82,0x10,0x24,0x29,0x65,0x31,0x65,0x31,0xc6,0x41,0xa6,0x39,0x61,0x08,0x00,0x00,
    0x61,0x10,0x21,0x08,0x20,0x00,0x20,0x00,0x20,0x08,0x20,0x08,0x20,0x08,0x20,0x00,
    0x00,0x00,0x00,0x00,0x61,0x10,0x24,0x29,0x65,0x39,0x45,0x31,0x03,0x29,0x65,0x31,
    0x48,0x52,0x48,0x52,0x85,0x39,0x04,0x29,0x24,0x29,0x24,0x29,0xa3,0x18,0x62,0x10,
    0x62,0x10,0x82,0x10,0x82,0x10,0x41,0x08,0x00,0x00,0x81,0x10,0xaa,0x5a,0x34,0xb5,
    0x38,0xd6,0xb2,0x9c,0x28,0x4a,0x61,0x10,0x00,0x00,0x00,0x00,0xf7,0xcd,0x6d,0x73,
    0x00,0x00,0x00,0x00,0x00,0x00,0x61,0x10,0xa6,0x39,0x6d,0x73,0x13,0xad,0x17,0xce,
    0xd6,0xc5,0x91,0x9c,0x4c,0x6b,0x28,0x4a,0x03,0x21,0x61,0x08,0x00,0x00,0x00,0x00,
    0x41,0x08,0x81,0x10,0xa2,0x18,0xc3,0x20,0xe3,0x20,0x03,0x21,0xe3,0x20,0xe3,0x20,
    0xc3,0x20,0xa2,0x18,0xa2,0x18,0xa2,0x18,0xa2,0x18,0x82,0x10,0x61,0x10,0x61,0x08,
    0x61,0x10,0x82,0x10,0xa2,0x18,0x82,0x10,0x82,0x10,0xa2,0x10,0xa2,0x18,0xa2,0x18,
    0xe3,0x20,0x04,0x21,0x04,0x21,0x04,0x21,0xe3,0x20,0xa2,0x18,0x61,0x10,0x20,0x08,
    0x00,0x00,0x20,0x00,0xa2,0x18,0xa6,0x39,0xca,0x5a,0xef,0x83,0xb6,0xbd,0x17,0xce,
    0xb5,0xbd,0x50,0x94,0x69,0x52,0xc2,0x18,0x00,0x00,0x00,0x00,0x00,0x00,0xa6,0x39,
    0xda,0xe6,0x24,0x29,0x00,0x00,0x00,0x00,0x24,0x29,0x8d,0x73,0xf7,0xc5,0x58,0xd6,
    0xef,0x83,0x24,0x29,0x00,0x00,0x00,0x00,0x61,0x10,0x82,0x10,0x61,0x10,0x41,0x08,
    0xa2,0x18,0x65,0x31,0xe7,0x49,0x89,0x5a,0x70,0x9c,0xf7,0xcd,0xb1,0x9c,0xa6,0x39,
    0xa2,0x18,0x03,0x21,0x24,0x29,0x24,0x29,0xc3,0x20,0x40,0x08,0x00,0x00,0x00,0x00,
    0x00,0x00,0x00,0x00,0x00,0x00,0x00,0x00,0x00,0x00,0x00,0x00,0x61,0x10,0xc3,0x18,
    0x24,0x29,0xca,0x62,0x07,0x4a,0xc2,0x20,0x24,0x29,0x44,0x31,0x81,0x10,0x00,0x00,
    0x82,0x10,0x03,0x21,0x03,0x21,0xa2,0x18,0x20,0x00,0x20,0x08,0x61,0x10,0x61,0x10,
    0x82,0x10,0xa2,0x18,0xc2,0x18,0xc2,0x18,0xc2,0x18,0xc3,0x20,0xe3,0x20,0xe3,0x20,
    0xc3,0x20,0xe3,0x20,0xe3,0x20,0xe3,0x20,0xe3,0x20,0x81,0x10,0xa2,0x18,0x03,0x21,
    0xc3,0x20,0xe3,0x20,0xe3,0x20,0x45,0x31,0xd6,0xbd,0x79,0xd6,0x79,0xd6,0xba,0xde,
    0xda,0xde,0xfb,0xe6,0x1b,0xe7,0x1c,0xe7,0x3c,0xef,0x5c,0xef,0x5d,0xef,0x5d,0xef,
    0x9e,0xf7,0xbe,0xf7,0xbe,0xf7,0xbe,0xf7,0xbe,0xf7,0xbe,0xf7,0xbe,0xf7,0xbe,0xf7,
    0xbe,0xf7,0x9e,0xf7,0xff,0xff,0x4d,0x73,0x24,0x31,0x65,0x31,0x61,0x10,0x24,0x29,
    0x44,0x31,0x24,0x29,0x85,0x39,0x65,0x31,0x65,0x31,0xaa,0x5a,0xeb,0x62,0xeb,0x6a,
    0xeb,0x62,0xeb,0x62,0xcb,0x62,0xcb,0x62,0xca,0x62,0xaa,0x5a,0xaa,0x5a,0x8a,0x5a,
    0xaa,0x5a,0xaa,0x5a,0xaa,0x5a,0x69,0x52,0xc6,0x41,0x85,0x39,0xa6,0x39,0x85,0x39,
    0xa2,0x18,0x61,0x10,0xe3,0x20,0x44,0x31,0x44,0x31,0x85,0x39,0xe7,0x41,0xe3,0x20,
    0x00,0x00,0x41,0x08,0x41,0x08,0x20,0x08,0x20,0x08,0x20,0x00,0x20,0x00,0x20,0x00,
    0x20,0x08,0x00,0x00,0x00,0x00,0x20,0x08,0xa2,0x18,0x04,0x29,0x44,0x31,0x44,0x31,
    0x24,0x29,0x86,0x39,0x28,0x4a,0x49,0x52,0xa6,0x41,0x24,0x29,0x45,0x31,0x44,0x29,
    0xc3,0x18,0x61,0x10,0x61,0x08,0x81,0x10,0x82,0x10,0x61,0x10,0x00,0x00,0x20,0x08,
    0xc6,0x39,0x50,0x94,0x38,0xd6,0xf7,0xcd,0xce,0x83,0x89,0x5a,0x58,0xd6,0xc3,0x18,
    0x00,0x00,0x61,0x10,0x82,0x10,0x81,0x10,0x40,0x08,0x00,0x00,0x00,0x00,0xc2,0x18,
    0x65,0x31,0x34,0xad,0x99,0xde,0x34,0xad,0xb6,0xbd,0x75,0xb5,0xd2,0xa4,0xef,0x83,
    0x0c,0x63,0x49,0x52,0xa6,0x39,0xe3,0x20,0x82,0x10,0x41,0x08,0x20,0x08,0x20,0x08,
    0x00,0x08,0x20,0x08,0x20,0x08,0x41,0x10,0x41,0x10,0x41,0x10,0x41,0x08,0x41,0x08,
    0x41,0x08,0x61,0x10,0x61,0x10,0x41,0x10,0x20,0x08,0x00,0x00,0x00,0x00,0x00,0x00,
    0x00,0x00,0x20,0x08,0x61,0x10,0xc2,0x18,0x45,0x29,0x08,0x42,0xeb,0x62,0x0f,0x84,
    0xb2,0x9c,0x34,0xad,0xd6,0xc5,0xb6,0xbd,0x17,0xce,0x99,0xde,0xeb,0x62,0x44,0x29,
    0x41,0x08,0x00,0x00,0x00,0x00,0x41,0x08,0x82,0x10,0x81,0x10,0x20,0x08,0x00,0x00,
    0x75,0xbd,0x8e,0x7b,0x8a,0x5a,0x75,0xb5,0x79,0xd6,0x75,0xb5,0x0b,0x63,0xa2,0x18,
    0x00,0x00,0x20,0x00,0x61,0x10,0x61,0x10,0x41,0x08,0x41,0x08,0xc3,0x20,0xa6,0x39,
    0x07,0x4a,0xaa,0x62,0x91,0x9c,0xf7,0xcd,0xf3,0xac,0x07,0x4a,0xa2,0x18,0xc3,0x20,
    0x04,0x29,0x03,0x29,0xe3,0x20,0x61,0x10,0x00,0x00,0x00,0x00,0x00,0x00,0x00,0x00,
    0x00,0x00,0x00,0x00,0x00,0x00,0x00,0x00,0x00,0x00,0xa2,0x18,0xe3,0x20,0xe7,0x41,
    0xeb,0x62,0x86,0x39,0xc2,0x20,0x44,0x31,0x44,0x29,0x61,0x08,0x00,0x00,0xa2,0x18,
    0x03,0x21,0x03,0x21,0x03,0x29,0xe3,0x20,0xc3,0x18,0xc3,0x18,0xe3,0x18,0x03,0x21,
    0x04,0x29,0x04,0x29,0x24,0x29,0x24,0x29,0x24,0x29,0x24,0x29,0x24,0x29,0x24,0x29,
    0x44,0x29,0x24,0x29,0x45,0x31,0x65,0x31,0x03,0x21,0x81,0x10,0xa2,0x18,0x03,0x21,
    0xc3,0x20,0xe3,0x20,0xe3,0x20,0x65,0x31,0xd6,0xbd,0x79,0xd6,0x99,0xd6,0xba,0xde,
    0xda,0xde,0xfb,0xe6,0x1b,0xe7,0x1c,0xe7,0x3c,0xef,0x5c,0xef,0x5d,0xef,0x5d,0xef,
    0xbe,0xf7,0xbe,0xf7,0xbe,0xf7,0xbe,0xf7,0xbe,0xf7,0xbe,0xf7,0xbe,0xf7,0xbe,0xf7,
    0xbe,0xf7,0x9e,0xf7,0xff,0xff,0x4d,0x73,0x24,0x31,0x45,0x31,0x61,0x10,0x04,0x29,
    0x24,0x29,0x24,0x29,0x86,0x39,0x86,0x39,0xc6,0x41,0xc7,0x41,0xc7,0x41,0xe7,0x41,
    0xe7,0x41,0xe7,0x41,0xe7,0x41,0xe7,0x41,0xe7,0x41,0xe7,0x41,0xe7,0x41,0xe7,0x41,
    0xe7,0x41,0xe7,0x49,0x08,0x4a,0x28,0x4a,0xa6,0x41,0x85,0x39,0x85,0x39,0x85,0x39,
    0x65,0x39,0xc3,0x20,0x61,0x08,0xc2,0x18,0x24,0x29,0x04,0x29,0x24,0x29,0xc6,0x41,
    0x45,0x31,0x20,0x08,0x20,0x00,0x61,0x10,0x41,0x08,0x20,0x00,0x20,0x00,0x20,0x08,
    0x21,0x08,0x20,0x00,0x20,0x00,0x00,0x00,0x00,0x00,0x20,0x08,0xc2,0x20,0x45,0x31,
    0x65,0x31,0x45,0x31,0x45,0x31,0xc7,0x41,0x89,0x5a,0x48,0x52,0xc6,0x41,0x24,0x29,
    0x24,0x29,0x24,0x29,0xc2,0x18,0x61,0x08,0x41,0x08,0x61,0x10,0xa2,0x10,0xa2,0x18,
    0x41,0x08,0x00,0x00,0xa2,0x18,0x89,0x52,0x71,0x9c,0xf7,0xcd,0xba,0xe6,0x0f,0x8c,
    0xe7,0x41,0x82,0x10,0x00,0x00,0x00,0x00,0x41,0x08,0x82,0x10,0xa2,0x18,0x61,0x10,
    0x00,0x00,0x34,0xad,0x8e,0x7b,0x00,0x00,0xe3,0x18,0xa6,0x39,0xaa,0x5a,0xce,0x83,
    0xd2,0xa4,0x95,0xbd,0xf7,0xc5,0xd7,0xc5,0x96,0xbd,0x54,0xb5,0xb2,0x9c,0x30,0x8c,
    0xef,0x83,0x8e,0x7b,0x4c,0x6b,0xeb,0x62,0x89,0x52,0x08,0x4a,0xa6,0x39,0xa6,0x39,
    0xa6,0x39,0xe7,0x41,0x49,0x52,0x8a,0x52,0xcb,0x62,0x0c,0x6b,0x6d,0x73,0xcf,0x83,
    0x71,0x94,0xd3,0xa4,0x96,0xbd,0x38,0xd6,0x38,0xce,0xd6,0xc5,0x54,0xad,0x50,0x94,
    0x2c,0x6b,0x48,0x4a,0x65,0x31,0x40,0x08,0x86,0x31,0x17,0xce,0x61,0x10,0x20,0x00,
    0x82,0x10,0x82,0x18,0x61,0x10,0x20,0x08,0x00,0x00,0x00,0x00,0x24,0x21,0xcb,0x5a,
    0xf7,0xcd,0xba,0xe6,0x75,0xb5,0x8d,0x7b,0x45,0x29,0x00,0x00,0x00,0x00,0x61,0x08,
    0x82,0x10,0x61,0x10,0x41,0x08,0x41,0x08,0xa2,0x18,0x65,0x31,0x07,0x4a,0xaa,0x62,
    0x70,0x94,0x17,0xce,0xf3,0xac,0x49,0x52,0xc2,0x18,0xc2,0x18,0x03,0x29,0x24,0x29,
    0x03,0x29,0x82,0x10,0x00,0x00,0x00,0x00,0x00,0x00,0x00,0x00,0x00,0x00,0x00,0x00,
    0x00,0x00,0x00,0x00,0x00,0x00,0x61,0x10,0x04,0x21,0x24,0x29,0xaa,0x5a,0x69,0x52,
    0xc2,0x20,0xc3,0x20,0x44,0x29,0xe3,0x20,0x20,0x00,0x20,0x00,0xa2,0x18,0xe3,0x20,
    0xe3,0x20,0x03,0x21,0x03,0x29,0x24,0x29,0x44,0x29,0x44,0x29,0x44,0x29,0x44,0x29,
    0x45,0x31,0x65,0x31,0x65,0x31,0x65,0x31,0x65,0x31,0x65,0x31,0x65,0x31,0x65,0x31,
    0x65,0x31,0x45,0x31,0x44,0x29,0x24,0x29,0x44,0x29,0xc3,0x18,0x82,0x18,0x03,0x21,
    0xc3,0x20,0x03,0x21,0x03,0x29,0x65,0x31,0xd6,0xbd,0x79,0xd6,0x99,0xd6,0xba,0xde,
    0xda,0xde,0xfb,0xe6,0x1b,0xe7,0x3c,0xe7,0x3c,0xef,0x5c,0xef,0x5d,0xef,0x5d,0xef,
    0x9e,0xf7,0xbe,0xf7,0xbe,0xf7,0xbe,0xf7,0xbe,0xf7,0xbe,0xf7,0xbe,0xf7,0xbe,0xf7,
    0xbe,0xf7,0x9e,0xf7,0xff,0xff,0x4c,0x6b,0x24,0x29,0x44,0x29,0x41,0x08,0x03,0x29,
    0x24,0x29,0x04,0x29,0x82,0x10,0x61,0x10,0x61,0x10,0x81,0x10,0x81,0x10,0x81,0x10,
    0x81,0x10,0x81,0x10,0x81,0x10,0x81,0x10,0x81,0x10,0x81,0x10,0x81,0x10,0x81,0x10,
    0x81,0x10,0x82,0x18,0x82,0x18,0x81,0x18,0xa2,0x18,0xa2,0x18,0x81,0x10,0xc2,0x20,
    0x65,0x39,0x85,0x39,0x03,0x29,0x61,0x10,0x61,0x10,0xe3,0x20,0x03,0x29,0x03,0x29,
    0x85,0x39,0xa6,0x39,0xa2,0x18,0x00,0x00,0x41,0x08,0x61,0x08,0x20,0x08,0x20,0x00,
    0x20,0x00,0x20,0x00,0x20,0x08,0x20,0x08,0x20,0x00,0x00,0x00,0x00,0x00,0x41,0x08,
    0xe3,0x20,0x44,0x31,0x65,0x39,0x65,0x31,0x45,0x31,0xa6,0x39,0x49,0x52,0x69,0x52,
    0xc6,0x41,0x24,0x29,0x04,0x29,0x24,0x29,0xe3,0x20,0x82,0x10,0x61,0x10,0x62,0x10,
    0x82,0x10,0xa2,0x18,0x82,0x10,0x00,0x00,0x00,0x00,0x61,0x10,0x07,0x42,0x71,0x9c,
    0x17,0xce,0x38,0xce,0xf3,0xa4,0x0b,0x63,0x24,0x29,0x20,0x08,0x00,0x00,0x00,0x00,
    0x61,0x10,0x58,0xd6,0x48,0x52,0x20,0x00,0x61,0x10,0x20,0x08,0x00,0x00,0x00,0x00,
    0x00,0x00,0x41,0x08,0x61,0x10,0x08,0x4a,0xdb,0xe6,0x2c,0x6b,0xcb,0x62,0x6d,0x73,
    0xef,0x83,0x71,0x94,0xb2,0xa4,0xf3,0xac,0x14,0xad,0xd6,0xc5,0xfb,0xe6,0xda,0xe6,
    0xfb,0xee,0x58,0xd6,0xf3,0xa4,0xd3,0xa4,0xb2,0x9c,0x91,0x9c,0x10,0x8c,0xae,0x7b,
    0x2c,0x6b,0x69,0x52,0x99,0xde,0x92,0x9c,0x82,0x10,0x61,0x10,0x00,0x00,0x00,0x00,
    0x00,0x00,0x00,0x00,0x41,0x08,0x41,0x08,0xc2,0x18,0x38,0xd6,0xc7,0x41,0x00,0x00,
    0x00,0x00,0x00,0x00,0xa2,0x18,0x08,0x42,0xef,0x83,0xb6,0xbd,0x38,0xd6,0x54,0xb5,
    0x2c,0x6b,0x24,0x29,0x00,0x00,0x00,0x00,0x41,0x08,0x82,0x10,0x82,0x10,0x61,0x10,
    0x61,0x10,0x82,0x10,0xe3,0x20,0x45,0x31,0xa6,0x39,0x89,0x5a,0x50,0x94,0x95,0xbd,
    0xb2,0xa4,0x28,0x4a,0xa2,0x18,0xc3,0x20,0x04,0x29,0x03,0x29,0xc3,0x20,0xa2,0x18,
    0x20,0x00,0x00,0x00,0x00,0x00,0x00,0x00,0x00,0x00,0x00,0x00,0x00,0x00,0x00,0x00,
    0x00,0x00,0x00,0x00,0xc3,0x18,0x03,0x21,0xa6,0x39,0xca,0x5a,0xc6,0x41,0x81,0x10,
    0xe3,0x20,0x24,0x29,0x82,0x10,0x00,0x00,0x41,0x08,0xc2,0x20,0xe3,0x20,0xa2,0x18,
    0x41,0x08,0x81,0x10,0x81,0x10,0x61,0x10,0x61,0x10,0x61,0x10,0x61,0x10,0x61,0x10,
    0x61,0x10,0x61,0x10,0x81,0x10,0x61,0x10,0x61,0x10,0x61,0x10,0x61,0x10,0x61,0x10,
    0x61,0x10,0x61,0x10,0x61,0x10,0x61,0x10,0x61,0x10,0x61,0x10,0xa2,0x18,0xe3,0x20,
    0xc2,0x18,0x03,0x21,0x03,0x29,0x65,0x31,0xd6,0xc5,0x79,0xd6,0x99,0xd6,0xba,0xde,
    0xda,0xde,0xfb,0xe6,0x1b,0xe7,0x3c,0xe7,0x3c,0xef,0x5c,0xef,0x5d,0xef,0x7d,0xef,
    0xbe,0xf7,0xbe,0xf7,0xbe,0xf7,0xbe,0xf7,0xbe,0xf7,0xbe,0xf7,0xbe,0xf7,0xbe,0xf7,
    0xbe,0xf7,0x9e,0xf7,0xff,0xff,0x2c,0x6b,0x04,0x29,0x24,0x29,0x61,0x10,0x04,0x29,
    0x24,0x29,0x24,0x29,0xe3,0x20,0xa2,0x18,0xa2,0x18,0xa2,0x18,0xa2,0x18,0xa2,0x18,
    0xa2,0x18,0xa2,0x18,0xa2,0x18,0xa2,0x18,0xa2,0x18,0xa2,0x18,0xa2,0x18,0xa2,0x18,
    0xa2,0x18,0xa2,0x18,0xa2,0x18,0xa2,0x18,0xa2,0x18,0xa2,0x18,0xa2,0x18,0x61,0x10,
    0xa2,0x18,0x24,0x31,0x65,0x31,0x24,0x29,0x82,0x10,0x41,0x08,0xc3,0x20,0x24,0x29,
    0x03,0x29,0x44,0x31,0xc6,0x41,0x65,0x31,0x41,0x08,0x00,0x00,0x61,0x10,0x41,0x08,
    0x20,0x00,0x20,0x00,0x20,0x00,0x20,0x08,0x20,0x08,0x20,0x00,0x20,0x00,0x00,0x00,
    0x00,0x00,0x41,0x08,0xe3,0x20,0x45,0x31,0x65,0x31,0x24,0x31,0x24,0x29,0x85,0x39,
    0x28,0x52,0x89,0x5a,0x07,0x4a,0x65,0x31,0x44,0x29,0x65,0x31,0x44,0x29,0xe3,0x20,
    0x82,0x10,0x61,0x10,0x61,0x10,0x82,0x10,0x82,0x10,0x61,0x10,0x00,0x00,0x00,0x00,
    0x82,0x10,0x08,0x4a,0x0f,0x8c,0x95,0xbd,0x38,0xce,0xb6,0xbd,0x91,0x9c,0xca,0x5a,
    0x8a,0x5a,0x58,0xd6,0x82,0x10,0x00,0x00,0x00,0x00,0x21,0x08,0x61,0x10,0xa2,0x18,
    0xa2,0x18,0xa2,0x18,0x00,0x00,0xc7,0x41,0x59,0xd6,0x61,0x10,0x00,0x00,0x00,0x00,
    0x00,0x00,0x00,0x00,0x00,0x00,0x00,0x00,0x00,0x00,0x28,0x4a,0x1c,0xef,0xba,0xde,
    0x3c,0xef,0xf3,0xa4,0x00,0x00,0x00,0x00,0x00,0x00,0x00,0x00,0x00,0x00,0x00,0x00,
    0x00,0x00,0x00,0x00,0x55,0xb5,0x0f,0x8c,0x00,0x00,0x82,0x10,0x82,0x10,0xa2,0x18,
    0x82,0x10,0x61,0x10,0x20,0x00,0x00,0x00,0x00,0x00,0x13,0xad,0x6d,0x73,0x24,0x29,
    0x2c,0x6b,0xf3,0xa4,0x38,0xce,0x38,0xce,0xf3,0xa4,0x0b,0x6b,0x04,0x29,0x00,0x00,
    0x00,0x00,0x20,0x00,0x61,0x10,0x61,0x10,0x61,0x10,0x41,0x08,0x62,0x10,0xe3,0x20,
    0x65,0x31,0xa6,0x39,0x08,0x4a,0x2b,0x6b,0xd2,0xa4,0x75,0xbd,0x30,0x94,0xe7,0x41,
    0x82,0x18,0xa2,0x18,0x04,0x29,0x24,0x29,0xe3,0x20,0x81,0x18,0x20,0x08,0x00,0x00,
    0x00,0x00,0x00,0x00,0x00,0x00,0x00,0x00,0x00,0x00,0x00,0x00,0x00,0x00,0x00,0x00,
    0x61,0x10,0xe3,0x20,0x24,0x29,0x8a,0x5a,0x89,0x5a,0x03,0x21,0xa2,0x18,0x24,0x29,
    0x03,0x21,0x41,0x08,0x00,0x00,0x81,0x10,0xc3,0x20,0xe3,0x20,0xa2,0x18,0x20,0x00,
    0x40,0x08,0x61,0x10,0x61,0x10,0x61,0x10,0x61,0x10,0x81,0x10,0x81,0x10,0x81,0x10,
    0x82,0x18,0xa2,0x18,0xa2,0x18,0xa2,0x18,0xa2,0x18,0xa2,0x18,0xa2,0x18,0xa2,0x18,
    0xa2,0x18,0xa2,0x18,0xa2,0x18,0x82,0x18,0x81,0x10,0xa2,0x18,0xe3,0x20,0xe3,0x20,
    0xc2,0x18,0xe3,0x20,0x03,0x29,0x85,0x39,0xf7,0xc5,0x99,0xd6,0x99,0xd6,0xba,0xde,
    0xdb,0xde,0xfb,0xe6,0x1b,0xe7,0x3c,0xef,0x3c,0xef,0x5c,0xef,0x5d,0xef,0x5d,0xef,
    0xbe,0xf7,0xbe,0xf7,0xbe,0xf7,0xbe,0xf7,0xbe,0xf7,0xbe,0xf7,0xbe,0xf7,0xbe,0xf7,
    0xbe,0xf7,0x9e,0xf7,0xff,0xff,0x2c,0x6b,0x04,0x29,0x24,0x29,0x61,0x10,0x24,0x29,
    0x44,0x31,0x45,0x31,0x45,0x31,0x44,0x31,0x24,0x31,0x24,0x31,0x24,0x31,0x24,0x29,
    0x24,0x29,0x24,0x29,0x24,0x29,0x24,0x29,0x24,0x29,0x24,0x29,0x24,0x29,0x24,0x29,
    0x24,0x29,0x24,0x29,0x24,0x29,0x24,0x29,0x24,0x29,0x24,0x29,0x24,0x29,0x03,0x29,
    0x82,0x18,0x61,0x10,0x04,0x29,0x65,0x39,0x65,0x31,0xe3,0x20,0x82,0x18,0xc3,0x20,
    0x24,0x29,0x24,0x29,0x24,0x31,0xa6,0x41,0xe7,0x41,0x04,0x21,0x20,0x00,0x41,0x08,
    0x61,0x10,0x20,0x08,0x20,0x00,0x20,0x08,0x20,0x08,0x20,0x08,0x20,0x08,0x20,0x08,
    0x20,0x00,0x00,0x00,0x00,0x00,0x61,0x10,0xe3,0x20,0x24,0x31,0x45,0x31,0x44,0x31,
    0x24,0x29,0x65,0x31,0x28,0x4a,0x89,0x5a,0x49,0x52,0xe7,0x41,0x65,0x31,0x44,0x29,
    0x44,0x29,0x04,0x21,0xa2,0x18,0x61,0x10,0x41,0x08,0x61,0x10,0x82,0x10,0xa2,0x10,
    0x82,0x10,0x21,0x08,0x00,0x00,0x20,0x08,0x04,0x29,0x8a,0x5a,0x50,0x94,0xb6,0xc5,
    0x79,0xde,0xda,0xe6,0x34,0xad,0xef,0x83,0xaa,0x5a,0xa6,0x39,0xc3,0x18,0x40,0x08,
    0x00,0x00,0x00,0x00,0x00,0x00,0x49,0x52,0x58,0xd6,0x61,0x10,0x61,0x10,0x82,0x10,
    0x82,0x10,0x82,0x10,0x82,0x10,0xa2,0x18,0x20,0x00,0xaa,0x5a,0x5c,0xf7,0xdb,0xe6,
    0x5d,0xf7,0x75,0xb5,0x20,0x08,0x82,0x10,0x82,0x10,0x82,0x10,0x82,0x10,0x82,0x10,
    0x82,0x10,0x00,0x00,0xb2,0xa4,0xd3,0xa4,0x00,0x00,0x00,0x00,0x00,0x00,0x00,0x00,
    0x61,0x10,0x04,0x29,0x08,0x4a,0x4d,0x73,0x30,0x8c,0x38,0xd6,0x58,0xd6,0xb6,0xbd,
    0x13,0xad,0x8d,0x7b,0xe7,0x41,0x82,0x18,0x00,0x00,0x00,0x00,0x41,0x08,0x82,0x10,
    0x82,0x10,0x61,0x08,0x41,0x08,0x41,0x08,0xa2,0x18,0x24,0x29,0xc6,0x41,0x28,0x4a,
    0xaa,0x62,0x50,0x94,0xb6,0xc5,0x95,0xbd,0xae,0x7b,0x65,0x31,0x82,0x18,0xc2,0x20,
    0x03,0x29,0x04,0x29,0xe3,0x20,0xa2,0x18,0x20,0x08,0x00,0x00,0x00,0x00,0x00,0x00,
    0x00,0x00,0x00,0x00,0x00,0x00,0x00,0x00,0x00,0x00,0x00,0x00,0x20,0x08,0xc3,0x18,
    0x24,0x29,0xe7,0x41,0xeb,0x62,0x07,0x4a,0xa2,0x18,0xe3,0x20,0x44,0x29,0xe3,0x20,
    0x20,0x00,0x40,0x08,0xa2,0x18,0xe3,0x20,0xc3,0x20,0x81,0x10,0x20,0x08,0x61,0x10,
    0xa2,0x18,0xa2,0x18,0xa2,0x18,0xc2,0x18,0xc3,0x18,0xc3,0x18,0xc3,0x18,0xc3,0x18,
    0xe3,0x20,0xe3,0x20,0x03,0x21,0x03,0x21,0x03,0x21,0x03,0x21,0x03,0x21,0x03,0x21,
    0x03,0x21,0x03,0x21,0x03,0x21,0x03,0x21,0x03,0x21,0x03,0x21,0x03,0x21,0xe3,0x20,
    0xa2,0x18,0xe3,0x20,0x03,0x29,0x85,0x39,0xf7,0xc5,0x99,0xd6,0x99,0xd6,0xba,0xde,
    0xdb,0xde,0xfb,0xe6,0x1c,0xe7,0x3c,0xe7,0x3c,0xef,0x5c,0xef,0x5d,0xef,0x5d,0xef,
    0xbe,0xf7,0xbe,0xf7,0xbe,0xf7,0xbe,0xf7,0xbe,0xf7,0xbe,0xf7,0xbe,0xf7,0xbe,0xf7,
    0xbe,0xf7,0x9e,0xf7,0xff,0xff,0x0c,0x6b,0x03,0x29,0x04,0x29,0x20,0x08,0x04,0x29,
    0x65,0x31,0x85,0x39,0x85,0x31,0x65,0x31,0x65,0x31,0x65,0x31,0x65,0x31,0x45,0x31,
    0x45,0x31,0x45,0x31,0x45,0x31,0x45,0x31,0x45,0x31,0x65,0x31,0x65,0x31,0x65,0x31,
    0x65,0x31,0x65,0x31,0x45,0x31,0x65,0x31,0x44,0x31,0x45,0x31,0x45,0x31,0x44,0x29,
    0x24,0x29,0xa2,0x18,0x40,0x10,0xc3,0x20,0x45,0x31,0x65,0x31,0x44,0x31,0xc3,0x20,
    0xa2,0x18,0x04,0x29,0x24,0x29,0x44,0x31,0x85,0x39,0x07,0x4a,0xe7,0x41,0xa2,0x10,
    0x20,0x00,0x61,0x10,0x41,0x08,0x20,0x00,0x20,0x00,0x21,0x08,0x21,0x08,0x21,0x08,
    0x20,0x08,0x20,0x08,0x00,0x00,0x00,0x00,0x00,0x00,0x41,0x10,0xc3,0x20,0x44,0x31,
    0x65,0x31,0x45,0x31,0x24,0x31,0x45,0x31,0x07,0x4a,0xaa,0x62,0xca,0x62,0x48,0x52,
    0x85,0x31,0x04,0x29,0x24,0x29,0x24,0x29,0xe3,0x20,0xa2,0x18,0x82,0x10,0x61,0x10,
    0x61,0x10,0x82,0x10,0x82,0x10,0x82,0x10,0x41,0x08,0x00,0x00,0x00,0x00,0x20,0x08,
    0xc3,0x18,0xc6,0x39,0x4c,0x73,0xb2,0x9c,0xd6,0xc5,0x58,0xd6,0x38,0xd6,0xb6,0xc5,
    0xf3,0xac,0x51,0x94,0xcb,0x5a,0x91,0x9c,0x79,0xde,0x24,0x29,0xe3,0x20,0x81,0x10,
    0x40,0x08,0x00,0x00,0x00,0x00,0x00,0x00,0x00,0x00,0x48,0x52,0x3c,0xef,0xba,0xde,
    0x5c,0xef,0x55,0xb5,0x00,0x00,0x00,0x00,0x00,0x00,0x00,0x00,0x20,0x08,0x41,0x08,
    0xa2,0x18,0xa2,0x18,0x71,0x94,0x59,0xd6,0x69,0x52,0x8d,0x73,0x71,0x94,0x75,0xb5,
    0x38,0xce,0x79,0xd6,0x38,0xce,0x75,0xb5,0x30,0x8c,0x89,0x52,0x45,0x29,0x82,0x10,
    0x00,0x00,0x00,0x00,0x00,0x00,0x61,0x10,0x82,0x10,0x82,0x10,0x61,0x10,0x61,0x10,
    0x61,0x10,0xa2,0x18,0xe3,0x20,0x24,0x29,0xa6,0x39,0x28,0x4a,0x6c,0x73,0x13,0xad,
    0xd6,0xc5,0x13,0xad,0x0b,0x6b,0x24,0x29,0xa2,0x18,0xc3,0x20,0x03,0x29,0x03,0x29,
    0xc3,0x20,0x81,0x10,0x20,0x08,0x00,0x00,0x00,0x00,0x00,0x00,0x00,0x00,0x00,0x00,
    0x00,0x00,0x00,0x00,0x00,0x00,0x00,0x00,0x00,0x00,0x82,0x10,0xe3,0x20,0x85,0x31,
    0xaa,0x5a,0x49,0x52,0x03,0x29,0xa2,0x18,0x04,0x29,0xe3,0x20,0x61,0x08,0x00,0x00,
    0x81,0x10,0xe3,0x20,0xc3,0x20,0xa2,0x18,0x20,0x08,0x00,0x00,0x41,0x08,0x61,0x08,
    0x61,0x10,0x82,0x10,0x82,0x10,0xa2,0x10,0xa2,0x18,0xa2,0x18,0xa2,0x18,0xa2,0x18,
    0xc2,0x18,0xc2,0x18,0xc2,0x18,0xc2,0x18,0xc3,0x18,0xc3,0x18,0xc3,0x18,0xc3,0x18,
    0xc3,0x18,0xc3,0x18,0xc3,0x20,0xc3,0x20,0xc3,0x20,0xc3,0x18,0xc3,0x20,0xc3,0x20,
    0xa2,0x18,0x24,0x29,0x03,0x29,0x85,0x39,0xf7,0xc5,0x99,0xd6,0x99,0xd6,0xba,0xde,
    0xdb,0xde,0xfb,0xe6,0x1c,0xe7,0x3c,0xef,0x3c,0xef,0x5d,0xef,0x5d,0xef,0x7d,0xef,
    0xbe,0xf7,0xbe,0xf7,0xbe,0xf7,0xbe,0xf7,0xbe,0xf7,0xbe,0xf7,0xbe,0xf7,0xbe,0xf7,
    0xbe,0xf7,0x9e,0xf7,0xff,0xff,0x0c,0x6b,0xe3,0x28,0x24,0x29,0x04,0x29,0x49,0x52,
    0xaa,0x5a,0xeb,0x62,0x0b,0x6b,0xeb,0x62,0xcb,0x62,0xcb,0x62,0xcb,0x62,0xaa,0x5a,
    0x8a,0x5a,0x8a,0x5a,0xaa,0x5a,0xaa,0x5a,0xaa,0x5a,0xaa,0x5a,0x8a,0x5a,0x8a,0x5a,
    0xaa,0x5a,0x8a,0x5a,0x8a,0x5a,0x89,0x52,0x69,0x52,0x69,0x52,0x49,0x52,0x49,0x4a,
    0x49,0x52,0x08,0x4a,0xa6,0x39,0x45,0x31,0x85,0x39,0x45,0x31,0x44,0x31,0x45,0x31,
    0xe3,0x20,0x41,0x10,0xa2,0x18,0x24,0x29,0x44,0x31,0x45,0x31,0xa6,0x41,0x07,0x4a,
    0x24,0x29,0x20,0x08,0x20,0x00,0x41,0x08,0x41,0x08,0x20,0x08,0x20,0x00,0x20,0x08,
    0x20,0x08,0x20,0x08,0x20,0x00,0x20,0x00,0x00,0x00,0x00,0x00,0x00,0x00,0x41,0x08,
    0xc2,0x18,0x24,0x29,0x65,0x31,0x65,0x39,0x45,0x31,0x24,0x29,0x65,0x31,0x28,0x4a,
    0xaa,0x62,0x89,0x5a,0xe7,0x41,0x45,0x31,0x04,0x29,0x04,0x29,0x24,0x29,0x04,0x29,
    0xc3,0x18,0x82,0x10,0x41,0x08,0x41,0x08,0x61,0x10,0x82,0x10,0x82,0x10,0x62,0x10,
    0x41,0x08,0x20,0x08,0x00,0x00,0x00,0x00,0x41,0x08,0xc3,0x18,0x86,0x39,0x69,0x52,
    0x6d,0x73,0x92,0x9c,0x75,0xb5,0xd6,0xc5,0x18,0xce,0x58,0xd6,0x38,0xd6,0xb6,0xc5,
    0x75,0xb5,0x34,0xb5,0x13,0xad,0xf3,0xa4,0x92,0x9c,0x96,0xbd,0xbe,0xff,0x7d,0xf7,
    0xbe,0xff,0xfb,0xe6,0x71,0x94,0xb2,0x9c,0xf3,0xa4,0x34,0xad,0x34,0xb5,0x75,0xb5,
    0xd7,0xc5,0xf7,0xcd,0xf7,0xcd,0xd6,0xc5,0x75,0xb5,0xb2,0x9c,0xef,0x83,0x0b,0x6b,
    0x28,0x4a,0x45,0x29,0x81,0x10,0x00,0x00,0x00,0x00,0x00,0x00,0x20,0x08,0x41,0x08,
    0x61,0x10,0x62,0x10,0x61,0x10,0x41,0x08,0x41,0x08,0x82,0x10,0xc3,0x20,0x45,0x31,
    0xa6,0x39,0xa6,0x39,0xa6,0x39,0xaa,0x5a,0x0f,0x8c,0x54,0xb5,0x54,0xb5,0xae,0x83,
    0xa6,0x39,0xa2,0x18,0xa2,0x18,0xe3,0x28,0x04,0x29,0xe3,0x20,0xa2,0x18,0x61,0x10,
    0x00,0x00,0x00,0x00,0x00,0x00,0x00,0x00,0x00,0x00,0x00,0x00,0x00,0x00,0x00,0x00,
    0x00,0x00,0x00,0x00,0x00,0x00,0x41,0x08,0xa2,0x18,0x03,0x21,0xc7,0x39,0x89,0x5a,
    0x45,0x31,0x82,0x18,0xe3,0x28,0x44,0x31,0xc3,0x18,0x00,0x00,0x20,0x00,0xa2,0x18,
    0xe3,0x20,0xe3,0x20,0xc2,0x20,0x61,0x08,0x41,0x08,0x61,0x10,0x82,0x10,0x82,0x10,
    0x82,0x10,0xa2,0x18,0xa2,0x18,0xa2,0x18,0xa2,0x18,0xc3,0x18,0xc3,0x18,0xc3,0x18,
    0xc3,0x18,0xe3,0x20,0xe3,0x20,0xe3,0x20,0xe3,0x18,0xe3,0x18,0xe3,0x20,0xe3,0x20,
    0xe3,0x20,0xe3,0x20,0xe3,0x20,0xe3,0x20,0xe3,0x20,0xe3,0x20,0xe3,0x20,0xc3,0x18,
    0x24,0x29,0x45,0x31,0xe3,0x20,0x65,0x31,0xf7,0xc5,0x99,0xde,0x9a,0xde,0xba,0xde,
    0xdb,0xe6,0xfb,0xe6,0x1c,0xe7,0x3c,0xef,0x3c,0xef,0x5c,0xef,0x5d,0xef,0x7d,0xef,
    0xbe,0xf7,0xbe,0xf7,0xbe,0xf7,0xbe,0xf7,0xbe,0xf7,0xbe,0xf7,0xbe,0xf7,0xbe,0xf7,
    0xbe,0xf7,0x9e,0xf7,0xff,0xff,0x2c,0x73,0x24,0x29,0x86,0x39,0xe7,0x41,0x28,0x52,
    0x49,0x52,0x8a,0x5a,0xaa,0x62,0x8a,0x5a,0x69,0x5a,0x69,0x52,0x69,0x5a,0x69,0x52,
    0x48,0x52,0x49,0x52,0x49,0x52,0x69,0x52,0x69,0x52,0x69,0x52,0x69,0x52,0x49,0x52,
    0x48,0x52,0x48,0x52,0x49,0x52,0x49,0x52,0x48,0x52,0x28,0x4a,0x28,0x52,0x48,0x52,
    0x48,0x52,0x28,0x52,0x28,0x52,0x48,0x52,0xe7,0x41,0x65,0x39,0x65,0x31,0x65,0x31,
    0x65,0x31,0x24,0x29,0xa2,0x18,0x82,0x10,0x03,0x21,0x44,0x31,0x44,0x29,0x45,0x31,
    0xc6,0x41,0xa6,0x39,0xe3,0x20,0x20,0x00,0x20,0x08,0x61,0x10,0x41,0x08,0x20,0x00,
    0x21,0x08,0x21,0x08,0x20,0x08,0x20,0x00,0x20,0x08,0x20,0x08,0x20,0x00,0x00,0x00,
    0x00,0x00,0x20,0x08,0x82,0x10,0x03,0x29,0x45,0x31,0x44,0x31,0x24,0x29,0xe3,0x20,
    0x04,0x29,0x86,0x39,0x28,0x52,0xaa,0x5a,0x89,0x5a,0x49,0x52,0xe7,0x41,0x65,0x31,
    0x24,0x29,0x04,0x29,0x04,0x21,0xc3,0x20,0xa2,0x18,0x62,0x10,0x61,0x10,0x41,0x08,
    0x61,0x08,0x62,0x10,0x82,0x10,0x82,0x18,0x82,0x10,0x61,0x10,0x21,0x08,0x00,0x00,
    0x00,0x00,0x00,0x00,0x00,0x00,0x41,0x10,0xa2,0x18,0xe3,0x20,0x45,0x31,0xa6,0x39,
    0xe7,0x41,0x49,0x52,0xaa,0x5a,0x0c,0x6b,0x6d,0x73,0x6d,0x73,0x6d,0x73,0xae,0x7b,
    0x8e,0x7b,0x6d,0x73,0x8d,0x73,0x4c,0x73,0x2c,0x6b,0xca,0x62,0x49,0x52,0xe7,0x41,
    0x65,0x31,0x03,0x21,0xa2,0x18,0x61,0x10,0x20,0x08,0x00,0x00,0x00,0x00,0x00,0x00,
    0x00,0x00,0x20,0x08,0x61,0x10,0x82,0x10,0x82,0x10,0x82,0x10,0x61,0x10,0x41,0x08,
    0x41,0x08,0x61,0x10,0xa2,0x18,0xe3,0x20,0x24,0x29,0x65,0x31,0xa6,0x39,0x28,0x4a,
    0x0b,0x6b,0x50,0x94,0x54,0xb5,0x13,0xad,0x8e,0x7b,0x07,0x4a,0xc2,0x20,0x61,0x10,
    0xa2,0x18,0xe3,0x28,0x04,0x29,0xe3,0x28,0xa2,0x18,0x41,0x08,0x00,0x00,0x00,0x00,
    0x00,0x00,0x00,0x00,0x00,0x00,0x00,0x00,0x00,0x00,0x00,0x00,0x00,0x00,0x00,0x00,
    0x00,0x00,0x41,0x08,0xa2,0x18,0xe3,0x20,0xc7,0x39,0x28,0x4a,0x65,0x31,0xa2,0x18,
    0xc2,0x20,0x24,0x31,0x24,0x29,0x61,0x10,0x00,0x00,0x61,0x10,0xc2,0x20,0xe3,0x20,
    0xe3,0x20,0x03,0x29,0x03,0x29,0x24,0x29,0x44,0x31,0x45,0x31,0x65,0x31,0x65,0x31,
    0x65,0x31,0x65,0x39,0x65,0x39,0x65,0x39,0x65,0x39,0x65,0x39,0x65,0x31,0x65,0x31,
    0x65,0x31,0x65,0x31,0x65,0x31,0x65,0x31,0x65,0x31,0x65,0x31,0x65,0x31,0x65,0x31,
    0x65,0x39,0x65,0x39,0x65,0x39,0x65,0x39,0x65,0x31,0x65,0x31,0x65,0x31,0x65,0x31,
    0x44,0x31,0x24,0x29,0xe3,0x28,0x65,0x31,0xf7,0xc5,0x99,0xde,0x9a,0xde,0xda,0xde,
    0xfb,0xe6,0xfb,0xe6,0x1c,0xe7,0x3c,0xef,0x3c,0xef,0x5d,0xef,0x5d,0xef,0x7d,0xef,
    0xbe,0xf7,0xbe,0xf7,0xbe,0xf7,0xbe,0xf7,0xbe,0xf7,0xbe,0xf7,0xbe,0xf7,0xbe,0xf7,
    0xbe,0xf7,0x9e,0xf7,0xff,0xff,0xca,0x62,0x41,0x10,0xe3,0x20,0xc3,0x20,0xc2,0x20,
    0xc3,0x20,0xe3,0x20,0xe3,0x28,0xc3,0x20,0xc2,0x20,0xc2,0x20,0xa2,0x20,0xc2,0x20,
    0xc2,0x20,0xc2,0x20,0xc2,0x20,0xc3,0x20,0xe3,0x20,0xe3,0x20,0xc3,0x20,0xc2,0x20,
    0xc2,0x20,0xa2,0x20,0xc2,0x20,0xc2,0x20,0xc2,0x20,0xc2,0x20,0xc2,0x20,0xc2,0x20,
    0xc2,0x20,0xc2,0x20,0xc3,0x20,0xc3,0x20,0xe3,0x28,0xe3,0x28,0xe3,0x20,0xe3,0x28,
    0xe3,0x28,0x24,0x31,0x65,0x39,0x03,0x29,0x81,0x10,0xa2,0x18,0x24,0x29,0x45,0x31,
    0x44,0x31,0x85,0x39,0xe7,0x41,0xe7,0x41,0xe3,0x20,0x20,0x00,0x20,0x08,0x61,0x10,
    0x41,0x08,0x20,0x00,0x20,0x00,0x20,0x08,0x20,0x08,0x21,0x08,0x21,0x08,0x20,0x08,
    0x20,0x00,0x00,0x00,0x00,0x00,0x00,0x00,0x41,0x08,0xa2,0x18,0xe3,0x20,0x24,0x29,
    0x24,0x29,0x24,0x29,0x04,0x29,0x24,0x31,0xa6,0x39,0x69,0x52,0x0c,0x6b,0xeb,0x6a,
    0x49,0x52,0xe7,0x41,0x86,0x39,0x44,0x29,0x24,0x29,0x24,0x29,0x24,0x29,0x04,0x21,
    0xc3,0x18,0xa2,0x18,0x82,0x10,0x62,0x10,0x61,0x10,0x61,0x10,0x61,0x10,0x62,0x10,
    0x82,0x10,0xa2,0x18,0xa2,0x18,0x82,0x10,0x82,0x10,0x61,0x10,0x40,0x08,0x20,0x08,
    0x00,0x00,0x00,0x00,0x00,0x00,0x00,0x00,0x00,0x00,0x00,0x00,0x00,0x08,0x00,0x00,
    0x00,0x00,0x00,0x00,0x00,0x00,0x00,0x00,0x00,0x00,0x00,0x00,0x00,0x00,0x20,0x00,
    0x20,0x08,0x41,0x08,0x61,0x10,0x82,0x10,0x82,0x10,0x82,0x10,0x82,0x10,0x62,0x10,
    0x61,0x10,0x41,0x08,0x61,0x08,0x61,0x10,0x62,0x10,0xa2,0x18,0xc3,0x20,0x04,0x21,
    0x24,0x29,0x45,0x31,0x86,0x39,0xe7,0x41,0xca,0x62,0xae,0x7b,0x91,0x9c,0x54,0xb5,
    0x34,0xb5,0x30,0x8c,0x89,0x5a,0x24,0x29,0x81,0x18,0xa2,0x18,0xc3,0x20,0xe3,0x20,
    0xc3,0x20,0xa2,0x20,0x82,0x18,0x41,0x08,0x00,0x00,0x00,0x00,0x00,0x00,0x00,0x00,
    0x00,0x00,0x00,0x00,0x00,0x00,0x00,0x00,0x00,0x00,0x00,0x00,0x00,0x00,0x41,0x08,
    0xc3,0x20,0x24,0x29,0xe7,0x41,0xaa,0x5a,0x28,0x4a,0xe3,0x20,0xa2,0x20,0x44,0x31,
    0x65,0x39,0xc3,0x20,0x00,0x00,0x40,0x08,0xc2,0x20,0xc2,0x20,0x61,0x10,0x61,0x10,
    0x61,0x10,0x81,0x18,0x82,0x18,0x82,0x18,0x82,0x18,0x82,0x18,0x82,0x18,0x82,0x18,
    0x82,0x18,0x82,0x18,0x82,0x18,0x82,0x18,0x82,0x18,0x82,0x18,0x82,0x18,0x82,0x18,
    0x82,0x18,0x82,0x18,0x82,0x18,0x81,0x18,0x81,0x18,0x81,0x18,0x81,0x18,0x82,0x18,
    0x82,0x18,0x82,0x18,0x82,0x18,0x82,0x18,0x82,0x18,0x82,0x18,0x82,0x18,0x82,0x18,
    0x61,0x10,0x61,0x10,0x41,0x10,0x03,0x29,0x17,0xc6,0x99,0xd6,0x9a,0xde,0xda,0xde,
    0xfb,0xe6,0x1b,0xe7,0x1c,0xe7,0x3c,0xef,0x3c,0xef,0x5d,0xef,0x5d,0xef,0x5d,0xef,
    0xbe,0xf7,0xbe,0xf7,0xbe,0xf7,0xbe,0xf7,0xbe,0xf7,0xbe,0xf7,0xbe,0xf7,0xbe,0xf7,
    0xbe,0xf7,0x9e,0xf7,0xdf,0xff,0x18,0xc6,0x10,0x8c,0x51,0x8c,0x30,0x8c,0x10,0x8c,
    0xef,0x83,0xae,0x7b,0x6d,0x73,0x2c,0x6b,0x0c,0x6b,0x0b,0x6b,0xeb,0x62,0xcb,0x62,
    0xeb,0x62,0xeb,0x62,0xeb,0x62,0xeb,0x62,0x0b,0x63,0x0b,0x6b,0xeb,0x62,0xcb,0x62,
    0xcb,0x62,0xcb,0x62,0xcb,0x62,0xcb,0x62,0xcb,0x62,0xeb,0x62,0xca,0x62,0xca,0x62,
    0xca,0x62,0xcb,0x62,0xcb,0x62,0xca,0x62,0xca,0x62,0xca,0x62,0xcb,0x62,0xcb,0x62,
    0xca,0x62,0xe7,0x41,0xe3,0x20,0x24,0x29,0x24,0x29,0x82,0x10,0x61,0x10,0xc3,0x20,
    0x44,0x29,0x45,0x31,0x44,0x31,0x86,0x39,0x08,0x4a,0xa6,0x39,0xa2,0x18,0x20,0x00,
    0x41,0x08,0x61,0x10,0x41,0x08,0x20,0x00,0x20,0x08,0x21,0x08,0x21,0x08,0x20,0x08,
    0x20,0x08,0x20,0x08,0x20,0x00,0x00,0x00,0x00,0x00,0x00,0x00,0x00,0x00,0x61,0x10,
    0x24,0x29,0x24,0x31,0x44,0x31,0x45,0x31,0x24,0x29,0x04,0x29,0x24,0x29,0x65,0x39,
    0xe7,0x41,0x89,0x5a,0xeb,0x62,0xeb,0x62,0x8a,0x5a,0x08,0x4a,0x86,0x39,0x45,0x31,
    0x44,0x31,0x24,0x29,0x24,0x29,0x45,0x29,0x04,0x29,0xe3,0x20,0xa2,0x18,0x82,0x10,
    0x82,0x10,0x62,0x10,0x61,0x10,0x61,0x10,0x61,0x08,0x61,0x10,0x61,0x10,0x61,0x10,
    0x61,0x10,0x61,0x10,0x62,0x10,0x82,0x10,0x82,0x10,0x82,0x18,0x82,0x10,0x82,0x18,
    0x82,0x10,0x82,0x10,0x82,0x10,0x82,0x10,0x82,0x10,0x62,0x10,0x61,0x10,0x61,0x10,
    0x62,0x10,0x61,0x10,0x61,0x08,0x41,0x08,0x61,0x08,0x61,0x10,0x82,0x10,0x82,0x10,
    0xa2,0x18,0xc3,0x18,0x04,0x21,0x45,0x31,0x65,0x39,0x85,0x39,0xa6,0x39,0x08,0x4a,
    0xaa,0x5a,0x6d,0x7b,0x71,0x9c,0x34,0xb5,0x95,0xbd,0xb2,0x9c,0x4c,0x73,0x07,0x4a,
    0xe3,0x28,0xa2,0x18,0xa2,0x20,0x03,0x29,0x03,0x29,0xe3,0x20,0xc3,0x20,0x82,0x18,
    0x40,0x08,0x00,0x00,0x00,0x00,0x00,0x00,0x00,0x00,0x00,0x00,0x00,0x00,0x00,0x00,
    0x00,0x00,0x00,0x00,0x00,0x00,0x00,0x00,0x00,0x00,0x41,0x08,0xc2,0x18,0x24,0x29,
    0xe7,0x41,0xcb,0x62,0x69,0x52,0x04,0x29,0x82,0x18,0x03,0x29,0x65,0x31,0x04,0x29,
    0x41,0x08,0x00,0x00,0x81,0x10,0xc2,0x20,0x61,0x18,0x03,0x29,0x89,0x52,0xaa,0x5a,
    0xaa,0x5a,0xaa,0x5a,0xca,0x5a,0xeb,0x62,0xcb,0x62,0xca,0x62,0xcb,0x62,0xeb,0x62,
    0xcb,0x62,0xcb,0x62,0xcb,0x62,0xcb,0x62,0xcb,0x62,0xcb,0x62,0xcb,0x5a,0xcb,0x62,
    0xeb,0x62,0xcb,0x62,0xcb,0x62,0xcb,0x62,0xcb,0x62,0xcb,0x62,0xcb,0x62,0xcb,0x62,
    0xeb,0x62,0xeb,0x62,0xeb,0x62,0xeb,0x62,0x0c,0x6b,0x2c,0x6b,0x2c,0x6b,0x2c,0x6b,
    0x2c,0x6b,0x4c,0x73,0xeb,0x62,0x30,0x8c,0x79,0xd6,0x99,0xd6,0xba,0xde,0xda,0xde,
    0xdb,0xe6,0x1b,0xe7,0x1c,0xe7,0x3c,0xef,0x5c,0xef,0x5d,0xef,0x5d,0xef,0x7d,0xef,
    0xbe,0xf7,0xbe,0xf7,0xbe,0xf7,0xbe,0xf7,0xbe,0xf7,0xbe,0xf7,0xbe,0xf7,0xbe,0xf7,
    0xbe,0xf7,0xbe,0xf7,0xbe,0xf7,0xff,0xff,0xff,0xff,0xff,0xff,0xff,0xff,0xdf,0xff,
    0x9e,0xf7,0x1c,0xe7,0x9a,0xde,0x58,0xce,0x18,0xce,0xf7,0xc5,0xf7,0xc5,0xd6,0xbd,
    0xb6,0xbd,0xb6,0xbd,0x95,0xb5,0x95,0xb5,0x75,0xb5,0x75,0xb5,0x75,0xb5,0x75,0xb5,
    0x75,0xb5,0x75,0xb5,0x75,0xb5,0x75,0xb5,0x75,0xb5,0x75,0xb5,0x75,0xb5,0x75,0xb5,
    0x75,0xb5,0x75,0xb5,0x75,0xb5,0x75,0xb5,0x75,0xb5,0x75,0xb5,0x75,0xb5,0x54,0xad,
    0x54,0xad,0x13,0xa5,0x4c,0x73,0x24,0x29,0xa2,0x18,0x24,0x29,0xe3,0x20,0x61,0x10,
    0x61,0x08,0xc3,0x18,0x44,0x29,0x44,0x29,0x24,0x29,0xa6,0x39,0x07,0x4a,0xa6,0x39,
    0xa2,0x18,0x20,0x08,0x41,0x08,0x61,0x10,0x41,0x08,0x20,0x08,0x20,0x00,0x20,0x00,
    0x20,0x00,0x21,0x08,0x21,0x08,0x20,0x00,0x00,0x00,0x00,0x00,0x00,0x00,0x61,0x08,
    0x85,0x39,0x24,0x29,0xa2,0x18,0xa2,0x18,0x03,0x29,0x24,0x29,0x24,0x29,0x04,0x29,
    0xe3,0x20,0xe3,0x20,0x24,0x29,0xa6,0x41,0x69,0x5a,0xeb,0x6a,0x2c,0x6b,0x2c,0x6b,
    0xcb,0x62,0x69,0x52,0x07,0x4a,0xa6,0x39,0x65,0x31,0x24,0x29,0x24,0x29,0x24,0x29,
    0x44,0x29,0x44,0x29,0x24,0x29,0x04,0x21,0x04,0x21,0xe3,0x20,0xc3,0x18,0xa2,0x18,
    0x82,0x10,0x61,0x10,0x61,0x10,0x61,0x10,0x82,0x10,0x82,0x10,0x82,0x10,0x82,0x10,
    0x82,0x10,0x82,0x10,0x82,0x10,0x82,0x10,0x61,0x10,0x61,0x10,0x82,0x10,0x82,0x10,
    0xa2,0x18,0xc3,0x18,0xe3,0x20,0x04,0x29,0x24,0x29,0x24,0x29,0x45,0x31,0x65,0x31,
    0x45,0x31,0x45,0x31,0xa6,0x39,0x28,0x4a,0xeb,0x6a,0x0f,0x8c,0xf3,0xac,0x95,0xbd,
    0xb6,0xbd,0x13,0xad,0x8d,0x7b,0x48,0x52,0x24,0x29,0x81,0x18,0x81,0x18,0xc2,0x20,
    0xe3,0x28,0x03,0x29,0x03,0x29,0xc2,0x20,0x82,0x18,0xc2,0x20,0xc3,0x20,0xa2,0x18,
    0x00,0x00,0x00,0x00,0x00,0x00,0x00,0x00,0x00,0x00,0x00,0x00,0x00,0x00,0x00,0x00,
    0x00,0x00,0x00,0x00,0x00,0x00,0x41,0x08,0xa2,0x18,0xe3,0x20,0x85,0x31,0x8a,0x5a,
    0x69,0x52,0x24,0x29,0x81,0x18,0xc3,0x20,0x24,0x29,0x04,0x29,0x61,0x10,0x00,0x00,
    0x61,0x08,0xc2,0x20,0x81,0x18,0x82,0x18,0x48,0x52,0x71,0x94,0x34,0xad,0x34,0xad,
    0x34,0xad,0x54,0xad,0x54,0xad,0x54,0xad,0x54,0xad,0x55,0xb5,0x75,0xb5,0x75,0xb5,
    0x75,0xb5,0x75,0xb5,0x75,0xb5,0x75,0xb5,0x75,0xb5,0x95,0xb5,0x95,0xb5,0x95,0xb5,
    0x95,0xb5,0x96,0xb5,0x96,0xb5,0x96,0xb5,0x96,0xbd,0x96,0xbd,0xb6,0xbd,0xb6,0xbd,
    0xb6,0xbd,0xb6,0xbd,0xb6,0xbd,0xd6,0xbd,0xd6,0xbd,0xd7,0xbd,0xf7,0xc5,0xf7,0xc5,
    0x17,0xc6,0x17,0xce,0x38,0xce,0x79,0xd6,0x58,0xce,0x99,0xd6,0xba,0xde,0xda,0xde,
    0xfb,0xe6,0x1b,0xe7,0x1c,0xe7,0x3c,0xef,0x5c,0xef,0x5d,0xef,0x5d,0xef,0x7d,0xef,
    0xbe,0xf7,0xbe,0xf7,0xbe,0xf7,0xbe,0xf7,0xbe,0xf7,0xbe,0xf7,0xbe,0xf7,0xbe,0xf7,
    0xbe,0xf7,0xbe,0xf7,0xbe,0xf7,0x9e,0xf7,0x9e,0xf7,0x9e,0xf7,0x7e,0xf7,0x5d,0xef,
    0x3c,0xef,0xfb,0xe6,0xba,0xde,0x79,0xd6,0x58,0xce,0x18,0xce,0x17,0xc6,0xf7,0xc5,
    0xf7,0xc5,0xd6,0xbd,0xb6,0xbd,0x96,0xbd,0x95,0xb5,0x95,0xb5,0x75,0xb5,0x75,0xb5,
    0x75,0xb5,0x75,0xb5,0x75,0xb5,0x75,0xb5,0x75,0xb5,0x75,0xb5,0x75,0xb5,0x75,0xb5,
    0x75,0xb5,0x75,0xb5,0x75,0xb5,0x75,0xb5,0x75,0xb5,0x75,0xb5,0x75,0xb5,0x75,0xb5,
    0x55,0xb5,0x55,0xb5,0x95,0xb5,0xf3,0xa4,0xaa,0x5a,0xc3,0x20,0xe3,0x20,0x44,0x31,
    0xc3,0x20,0x41,0x08,0x61,0x10,0x04,0x21,0x45,0x31,0x24,0x29,0x24,0x31,0x86,0x39,
    0xe7,0x49,0x65,0x31,0xa2,0x10,0x20,0x08,0x20,0x08,0x61,0x10,0x41,0x08,0x20,0x08,
    0x20,0x00,0x20,0x08,0x20,0x08,0x20,0x00,0x20,0x00,0x21,0x08,0x00,0x00,0x45,0x29,
    0xa6,0x41,0x04,0x29,0x41,0x08,0x61,0x10,0x61,0x10,0x61,0x10,0x82,0x10,0xe3,0x20,
    0x24,0x29,0x45,0x31,0x44,0x31,0x24,0x29,0xe3,0x20,0xe3,0x20,0x24,0x29,0x85,0x39,
    0x28,0x4a,0xaa,0x62,0x4c,0x73,0x6d,0x7b,0x4c,0x73,0x2c,0x6b,0xca,0x62,0x89,0x5a,
    0x28,0x4a,0xe7,0x41,0xc6,0x41,0xa6,0x39,0xa6,0x39,0x65,0x31,0x65,0x31,0x45,0x31,
    0x44,0x29,0x24,0x29,0x24,0x29,0x24,0x29,0x65,0x31,0x65,0x31,0x85,0x39,0xa6,0x39,
    0xa6,0x39,0x86,0x39,0x45,0x31,0x24,0x29,0x24,0x29,0x24,0x29,0x24,0x29,0x45,0x31,
    0x65,0x31,0x86,0x39,0xa6,0x39,0xe7,0x41,0x28,0x52,0xaa,0x5a,0x0b,0x6b,0x6d,0x7b,
    0x0f,0x8c,0xb2,0x9c,0xf2,0xa4,0xf3,0xac,0xb2,0xa4,0x70,0x94,0x6d,0x7b,0x48,0x52,
    0x45,0x31,0xa2,0x20,0x82,0x18,0xa2,0x18,0xc2,0x20,0xe3,0x28,0xe3,0x28,0xc3,0x20,
    0xa2,0x18,0x81,0x10,0x61,0x10,0x41,0x08,0x20,0x08,0xa2,0x18,0xc3,0x20,0xc3,0x18,
    0x20,0x00,0x00,0x00,0x00,0x00,0x00,0x00,0x00,0x00,0x00,0x00,0x00,0x00,0x00,0x00,
    0x20,0x00,0x61,0x10,0xa2,0x18,0xe3,0x20,0x65,0x31,0xc6,0x39,0xe7,0x41,0x45,0x31,
    0xa2,0x18,0xc3,0x20,0x24,0x29,0x04,0x29,0x81,0x10,0x00,0x00,0x20,0x08,0xa2,0x18,
    0xa2,0x18,0x61,0x10,0x65,0x31,0xef,0x83,0x54,0xad,0x34,0xad,0x13,0xa5,0x14,0xad,
    0x14,0xad,0x34,0xad,0x34,0xad,0x34,0xad,0x34,0xad,0x54,0xad,0x54,0xad,0x55,0xb5,
    0x75,0xb5,0x75,0xb5,0x75,0xb5,0x75,0xb5,0x75,0xb5,0x75,0xb5,0x95,0xb5,0x95,0xb5,
    0x95,0xb5,0x95,0xb5,0x95,0xb5,0x95,0xb5,0x95,0xb5,0x95,0xb5,0x95,0xb5,0x95,0xb5,
    0x95,0xb5,0x96,0xbd,0xb6,0xbd,0xb6,0xbd,0xb6,0xbd,0xd6,0xbd,0xd6,0xbd,0xd7,0xbd,
    0xf7,0xc5,0xf7,0xc5,0x17,0xc6,0x38,0xce,0x79,0xd6,0x99,0xd6,0xba,0xde,0xdb,0xde,
    0xfb,0xe6,0x1b,0xe7,0x1c,0xe7,0x3c,0xef,0x5c,0xef,0x5d,0xef,0x5d,0xef,0x7d,0xef,
    0xbe,0xf7,0xbe,0xf7,0xbe,0xf7,0xbe,0xf7,0xbe,0xf7,0xbe,0xf7,0xbe,0xf7,0xbe,0xf7,
    0xbe,0xf7,0xbe,0xf7,0xbe,0xf7,0xbe,0xf7,0xbe,0xf7,0xbe,0xf7,0x9e,0xf7,0x7e,0xf7,
    0x7d,0xef,0x5c,0xef,0x1c,0xe7,0xfb,0xde,0xba,0xde,0x99,0xd6,0x79,0xd6,0x58,0xce,
    0x38,0xce,0x38,0xce,0x17,0xc6,0xf7,0xc5,0xf7,0xc5,0xf7,0xc5,0xd6,0xc5,0xd6,0xbd,
    0xd6,0xbd,0xd6,0xbd,0xd6,0xbd,0xd6,0xbd,0xd6,0xbd,0xd6,0xbd,0xd6,0xbd,0xd6,0xbd,
    0xd6,0xbd,0xd6,0xbd,0xd6,0xbd,0xd6,0xbd,0xd6,0xbd,0xd6,0xbd,0xd6,0xbd,0xd6,0xbd,
    0xd6,0xbd,0xb6,0xbd,0x95,0xbd,0xb6,0xbd,0xf7,0xc5,0x91,0x9c,0x07,0x4a,0xa2,0x18,
    0x03,0x29,0x44,0x31,0xc2,0x20,0x61,0x10,0xa2,0x18,0x24,0x29,0x65,0x31,0x44,0x31,
    0x44,0x31,0x85,0x39,0xc6,0x41,0x85,0x39,0xe3,0x20,0x41,0x08,0x20,0x08,0x41,0x08,
    0x61,0x10,0x41,0x08,0x20,0x00,0x20,0x00,0x20,0x08,0x61,0x10,0x20,0x08,0x08,0x4a,
    0xa6,0x39,0xe3,0x20,0x61,0x10,0x03,0x29,0xe3,0x20,0xc2,0x18,0x82,0x10,0x61,0x10,
    0x61,0x08,0x82,0x10,0xe3,0x20,0x24,0x29,0x44,0x31,0x44,0x31,0x24,0x29,0x04,0x29,
    0x03,0x29,0xe3,0x20,0x04,0x29,0x24,0x29,0x65,0x31,0xe7,0x41,0x48,0x52,0xaa,0x5a,
    0xeb,0x6a,0x4c,0x73,0x8d,0x7b,0xae,0x83,0x8d,0x7b,0x2c,0x73,0x4c,0x73,0x4c,0x73,
    0x4c,0x73,0x0b,0x6b,0xeb,0x62,0xeb,0x62,0x0b,0x6b,0x0b,0x6b,0x2c,0x73,0x6d,0x73,
    0x6c,0x73,0x2c,0x73,0x0b,0x6b,0x4c,0x73,0x8d,0x7b,0x8d,0x7b,0xae,0x7b,0x0f,0x8c,
    0x70,0x94,0xb1,0x9c,0xd2,0xa4,0xf3,0xac,0xf3,0xac,0xd2,0xa4,0x71,0x9c,0x0f,0x8c,
    0xae,0x7b,0xeb,0x6a,0x07,0x4a,0x45,0x31,0xe3,0x20,0x82,0x18,0x82,0x18,0xc2,0x20,
    0xe3,0x28,0xe3,0x28,0x03,0x29,0x03,0x29,0xc3,0x20,0xa2,0x18,0x61,0x10,0x41,0x08,
    0x41,0x08,0x81,0x10,0xa2,0x18,0xa2,0x18,0xa2,0x18,0x82,0x18,0x03,0x21,0x03,0x21,
    0x61,0x08,0x00,0x00,0x00,0x00,0x00,0x00,0x00,0x00,0x00,0x00,0x20,0x00,0x81,0x10,
    0xc3,0x18,0x24,0x29,0x28,0x4a,0xeb,0x62,0x28,0x4a,0x24,0x29,0xa2,0x20,0xe3,0x20,
    0x44,0x31,0x44,0x31,0xa2,0x18,0x20,0x00,0x20,0x08,0x82,0x18,0xa2,0x18,0x61,0x10,
    0xe3,0x20,0x2c,0x6b,0x13,0xad,0x75,0xb5,0x34,0xad,0x54,0xad,0x75,0xb5,0x75,0xb5,
    0x75,0xb5,0x75,0xb5,0x75,0xb5,0x75,0xb5,0x95,0xb5,0x95,0xbd,0xb6,0xbd,0xb6,0xbd,
    0xb6,0xbd,0xb6,0xbd,0xb6,0xbd,0xd6,0xbd,0xd6,0xbd,0xd6,0xbd,0xd6,0xbd,0xd6,0xbd,
    0xd6,0xbd,0xd7,0xbd,0xd7,0xbd,0xd7,0xc5,0xd7,0xc5,0xf7,0xc5,0xf7,0xc5,0xf7,0xc5,
    0xf7,0xc5,0xf7,0xc5,0xf7,0xc5,0xf7,0xc5,0x17,0xc6,0x17,0xc6,0x17,0xc6,0x18,0xc6,
    0x38,0xce,0x38,0xce,0x38,0xce,0x59,0xd6,0x99,0xd6,0xba,0xde,0xda,0xde,0xdb,0xde,
    0xfb,0xe6,0x1c,0xe7,0x3c,0xef,0x3c,0xef,0x5d,0xef,0x5d,0xef,0x7d,0xef,0x7d,0xef,
    0xbe,0xf7,0xbe,0xf7,0xbe,0xf7,0xbe,0xf7,0xbe,0xf7,0xbe,0xf7,0xbe,0xf7,0xbe,0xf7,
    0xbe,0xf7,0xbe,0xf7,0xbe,0xf7,0xbe,0xf7,0xbe,0xf7,0xbe,0xf7,0x9e,0xf7,0x9e,0xf7,
    0x7d,0xf7,0x5d,0xef,0x3c,0xef,0x1c,0xe7,0xfb,0xe6,0xdb,0xde,0xba,0xde,0x9a,0xd6,
    0x79,0xd6,0x79,0xd6,0x58,0xce,0x38,0xce,0x38,0xce,0x38,0xce,0x38,0xce,0x18,0xce,
    0x17,0xc6,0x18,0xc6,0x17,0xc6,0x17,0xc6,0x17,0xc6,0x17,0xc6,0x17,0xc6,0x17,0xc6,
    0x17,0xc6,0x17,0xc6,0x17,0xc6,0x17,0xc6,0x17,0xc6,0x17,0xc6,0x17,0xc6,0x17,0xc6,
    0x17,0xc6,0xf7,0xc5,0xf7,0xc5,0xf7,0xc5,0xd6,0xbd,0x17,0xc6,0xf7,0xc5,0x0f,0x8c,
    0x85,0x39,0xa2,0x18,0x04,0x29,0x44,0x31,0xc3,0x20,0x61,0x10,0xa2,0x18,0x24,0x29,
    0x65,0x31,0x44,0x31,0x24,0x31,0x65,0x39,0xc6,0x41,0xc6,0x39,0x24,0x29,0x81,0x10,
    0x20,0x08,0x41,0x08,0x61,0x10,0x41,0x08,0x41,0x08,0x61,0x10,0xc3,0x18,0x48,0x52,
    0x65,0x39,0x82,0x10,0xa2,0x18,0x04,0x29,0x03,0x29,0x03,0x29,0x04,0x29,0x03,0x21,
    0xc3,0x20,0xa2,0x18,0x61,0x10,0x41,0x08,0x24,0x29,0x65,0x31,0x03,0x29,0xe3,0x20,
    0x24,0x29,0x44,0x31,0x45,0x31,0x44,0x31,0x24,0x29,0x03,0x29,0xe3,0x20,0xa2,0x20,
    0xc2,0x20,0xe3,0x20,0x24,0x29,0x65,0x31,0xa6,0x39,0xe7,0x41,0x48,0x52,0xaa,0x5a,
    0xeb,0x6a,0x2c,0x73,0x6d,0x7b,0x8d,0x7b,0xae,0x83,0xce,0x83,0xef,0x8b,0x0f,0x8c,
    0xef,0x8b,0xef,0x8b,0xce,0x83,0xce,0x83,0xae,0x83,0x8d,0x7b,0x4c,0x73,0x0b,0x6b,
    0xca,0x62,0x48,0x52,0xe7,0x41,0x86,0x39,0x44,0x31,0xe3,0x20,0xa2,0x18,0xa2,0x18,
    0xa2,0x18,0xc2,0x20,0xe3,0x20,0x03,0x29,0x04,0x29,0x04,0x29,0x03,0x29,0xe3,0x20,
    0xc2,0x20,0xe3,0x20,0x03,0x29,0x81,0x10,0x41,0x08,0x61,0x08,0x61,0x10,0x82,0x10,
    0xc2,0x18,0xe3,0x20,0xe3,0x20,0xe3,0x20,0xe3,0x20,0xa2,0x18,0x03,0x21,0x24,0x29,
    0xc3,0x18,0x00,0x00,0x00,0x00,0x00,0x00,0x41,0x08,0x82,0x10,0xe3,0x20,0x65,0x31,
    0x28,0x4a,0xca,0x5a,0x48,0x52,0x24,0x29,0xa2,0x20,0xe3,0x28,0x45,0x31,0x45,0x31,
    0xc3,0x18,0x40,0x08,0x40,0x08,0xa2,0x18,0xc2,0x20,0x61,0x10,0xc2,0x20,0x89,0x5a,
    0xb2,0x9c,0x95,0xb5,0x54,0xad,0x54,0xad,0x75,0xb5,0x75,0xb5,0x95,0xb5,0x95,0xb5,
    0x95,0xb5,0x95,0xb5,0x96,0xbd,0xb6,0xbd,0xd6,0xbd,0xd7,0xbd,0xf7,0xc5,0xf7,0xc5,
    0xf7,0xc5,0xf7,0xc5,0xf7,0xc5,0x17,0xc6,0x17,0xc6,0x17,0xc6,0x17,0xc6,0x17,0xc6,
    0x17,0xc6,0x17,0xc6,0x17,0xc6,0x17,0xc6,0x18,0xc6,0x38,0xc6,0x38,0xce,0x38,0xce,
    0x38,0xce,0x38,0xce,0x38,0xce,0x38,0xce,0x38,0xce,0x38,0xce,0x58,0xce,0x58,0xce,
    0x58,0xce,0x59,0xce,0x79,0xd6,0x99,0xd6,0xba,0xde,0xba,0xde,0xdb,0xde,0xfb,0xe6,
    0x1b,0xe7,0x1c,0xe7,0x3c,0xef,0x3c,0xef,0x5d,0xef,0x5d,0xef,0x7d,0xef,0x7d,0xef,
    0xbe,0xf7,0xbe,0xf7,0xbe,0xf7,0xbe,0xf7,0xbe,0xf7,0xbe,0xf7,0xbe,0xf7,0xbe,0xf7,
    0xbe,0xf7,0xbe,0xf7,0xbe,0xf7,0xbe,0xf7,0xbe,0xf7,0x9e,0xf7,0x9e,0xf7,0x9e,0xf7,
    0x7e,0xf7,0x7d,0xef,0x5d,0xef,0x3c,0xef,0x1c,0xe7,0xfb,0xe6,0xfb,0xde,0xda,0xde,
    0xba,0xde,0x99,0xd6,0x79,0xd6,0x79,0xd6,0x79,0xd6,0x58,0xce,0x58,0xce,0x58,0xce,
    0x58,0xce,0x58,0xce,0x58,0xce,0x58,0xce,0x58,0xce,0x58,0xce,0x38,0xce,0x38,0xce,
    0x58,0xce,0x58,0xce,0x38,0xce,0x38,0xce,0x58,0xce,0x38,0xce,0x38,0xce,0x38,0xce,
    0x38,0xce,0x38,0xce,0x38,0xce,0x38,0xce,0x18,0xce,0x17,0xc6,0xf7,0xc5,0x38,0xce,
    0x96,0xbd,0x6d,0x73,0x44,0x31,0xa2,0x18,0x24,0x31,0x44,0x31,0xc2,0x20,0x61,0x10,
    0xa2,0x18,0x03,0x21,0x45,0x31,0x44,0x31,0x24,0x29,0x65,0x31,0xc6,0x41,0xe7,0x41,
    0x85,0x31,0xc3,0x18,0x61,0x08,0x40,0x08,0xc3,0x20,0xa2,0x10,0x45,0x31,0xe7,0x49,
    0x24,0x29,0x41,0x08,0xe3,0x20,0x24,0x29,0x04,0x29,0x04,0x29,0x04,0x29,0x24,0x29,
    0x04,0x29,0x03,0x29,0x03,0x21,0xc2,0x18,0x85,0x39,0x44,0x31,0x61,0x10,0x20,0x00,
    0x41,0x08,0x61,0x10,0x82,0x10,0xa2,0x18,0xc3,0x20,0xe3,0x20,0x03,0x29,0x04,0x29,
    0x04,0x29,0x04,0x29,0xe3,0x20,0xc3,0x20,0xc2,0x20,0xc2,0x20,0xa2,0x18,0xa2,0x20,
    0xa2,0x20,0xa2,0x18,0xc2,0x20,0xc2,0x20,0xa2,0x18,0xa2,0x18,0xa2,0x18,0xa2,0x18,
    0x82,0x18,0x82,0x18,0xa2,0x18,0xa2,0x18,0xa2,0x18,0xa2,0x18,0xa2,0x18,0xa2,0x18,
    0xa2,0x18,0xc2,0x20,0xc3,0x20,0xe3,0x20,0xe3,0x20,0x03,0x29,0x03,0x29,0x03,0x29,
    0x03,0x29,0xe3,0x20,0xe3,0x20,0xc2,0x18,0x82,0x18,0x81,0x10,0x61,0x08,0x40,0x08,
    0x20,0x08,0xc3,0x20,0x03,0x21,0x82,0x10,0x61,0x10,0xc2,0x18,0xc2,0x18,0xc2,0x18,
    0xe3,0x20,0xe3,0x20,0xe3,0x20,0xe3,0x20,0xe3,0x20,0xc2,0x20,0xc3,0x20,0x24,0x29,
    0x03,0x21,0x20,0x00,0x00,0x00,0x61,0x10,0x04,0x21,0xa6,0x39,0x49,0x4a,0x48,0x4a,
    0x86,0x39,0xc3,0x20,0x82,0x18,0xe3,0x20,0x44,0x31,0x24,0x29,0xa2,0x18,0x20,0x08,
    0x20,0x08,0xa2,0x18,0xc2,0x20,0x81,0x18,0xa2,0x18,0x28,0x4a,0x71,0x94,0x95,0xb5,
    0x75,0xb5,0x54,0xad,0x75,0xb5,0x95,0xb5,0x95,0xb5,0x95,0xb5,0x95,0xb5,0xb6,0xbd,
    0xb6,0xbd,0xb6,0xbd,0xd6,0xbd,0xf7,0xc5,0x17,0xc6,0x17,0xc6,0x18,0xc6,0x38,0xce,
    0x38,0xce,0x38,0xce,0x38,0xce,0x38,0xce,0x38,0xce,0x38,0xce,0x58,0xce,0x58,0xce,
    0x58,0xce,0x58,0xce,0x58,0xce,0x58,0xce,0x58,0xce,0x58,0xce,0x58,0xce,0x58,0xce,
    0x58,0xce,0x58,0xce,0x59,0xce,0x58,0xce,0x59,0xd6,0x79,0xd6,0x79,0xd6,0x79,0xd6,
    0x79,0xd6,0x79,0xd6,0x99,0xd6,0xba,0xde,0xba,0xde,0xdb,0xde,0xfb,0xe6,0x1b,0xe7,
    0x1c,0xe7,0x3c,0xef,0x3c,0xef,0x5c,0xef,0x5d,0xef,0x5d,0xef,0x7d,0xef,0x7d,0xef,
    0xbe,0xf7,0xbe,0xf7,0xbe,0xf7,0xbe,0xf7,0xbe,0xf7,0xbe,0xf7,0xbe,0xf7,0xbe,0xf7,
    0xbe,0xf7,0xbe,0xf7,0xbe,0xf7,0xbe,0xf7,0xbe,0xf7,0xbe,0xf7,0x9e,0xf7,0x9e,0xf7,
    0x9e,0xf7,0x7d,0xf7,0x7d,0xef,0x5d,0xef,0x3c,0xef,0x3c,0xef,0x1c,0xe7,0xfb,0xe6,
    0xfb,0xe6,0xda,0xde,0xba,0xde,0x9a,0xde,0x9a,0xd6,0x99,0xd6,0x99,0xd6,0x99,0xd6,
    0x99,0xd6,0x99,0xd6,0x99,0xd6,0x79,0xd6,0x79,0xd6,0x79,0xd6,0x79,0xd6,0x79,0xd6,
    0x79,0xd6,0x79,0xd6,0x79,0xd6,0x79,0xd6,0x79,0xd6,0x79,0xd6,0x79,0xd6,0x79,0xd6,
    0x79,0xd6,0x79,0xd6,0x79,0xd6,0x79,0xd6,0x58,0xce,0x58,0xce,0x58,0xce,0x38,0xce,
    0x38,0xce,0x79,0xd6,0xb6,0xbd,0x6d,0x73,0x44,0x31,0xa2,0x20,0x24,0x29,0x24,0x31,
    0xc2,0x18,0x61,0x10,0x61,0x10,0x03,0x21,0x44,0x29,0x24,0x29,0x24,0x29,0x44,0x31,
    0xa6,0x39,0xe7,0x41,0xc6,0x41,0x45,0x29,0xc2,0x18,0xc3,0x18,0x48,0x52,0x65,0x39,
    0xc2,0x18,0x61,0x10,0x24,0x29,0x24,0x29,0x24,0x29,0x04,0x29,0x04,0x29,0x24,0x29,
    0x24,0x29,0x04,0x29,0x04,0x29,0x24,0x29,0x85,0x39,0xe3,0x20,0x41,0x08,0xa2,0x18,
    0xc2,0x18,0xa2,0x18,0x82,0x10,0x81,0x10,0x61,0x08,0x41,0x08,0x41,0x08,0x61,0x10,
    0x61,0x10,0x41,0x08,0xe3,0x20,0x24,0x31,0x03,0x29,0xc3,0x20,0xe3,0x20,0xe3,0x20,
    0x24,0x29,0x24,0x29,0x24,0x29,0x24,0x29,0x04,0x29,0x04,0x29,0x03,0x29,0xe3,0x20,
    0x03,0x29,0x03,0x29,0x03,0x21,0x03,0x29,0x04,0x29,0x24,0x29,0x24,0x29,0x03,0x29,
    0x03,0x29,0xe3,0x20,0x03,0x29,0x24,0x29,0xe3,0x20,0x61,0x10,0x41,0x08,0x41,0x08,
    0x41,0x08,0x41,0x08,0x41,0x08,0x41,0x08,0x61,0x10,0x82,0x10,0x82,0x10,0xa2,0x18,
    0x82,0x10,0xa2,0x18,0x03,0x21,0xc3,0x20,0x81,0x10,0xe3,0x20,0xe3,0x20,0xe3,0x20,
    0xe3,0x20,0xe3,0x20,0xe3,0x20,0xe3,0x20,0xe3,0x20,0xe3,0x20,0xc2,0x18,0x24,0x29,
    0x04,0x29,0x41,0x08,0x61,0x10,0xe7,0x39,0x69,0x52,0x07,0x42,0x24,0x29,0x81,0x10,
    0x82,0x18,0xe3,0x20,0x24,0x29,0x03,0x21,0x82,0x10,0x20,0x08,0x20,0x08,0x82,0x18,
    0xc2,0x20,0x81,0x18,0x81,0x18,0x07,0x4a,0x50,0x8c,0x95,0xb5,0x95,0xb5,0x74,0xb5,
    0x75,0xb5,0x75,0xb5,0x95,0xb5,0x95,0xb5,0x96,0xbd,0xb6,0xbd,0xb6,0xbd,0xd6,0xbd,
    0xf7,0xc5,0xf7,0xc5,0x17,0xc6,0x38,0xce,0x38,0xce,0x58,0xce,0x58,0xce,0x58,0xce,
    0x59,0xce,0x79,0xce,0x79,0xd6,0x79,0xd6,0x79,0xd6,0x79,0xd6,0x79,0xd6,0x79,0xd6,
    0x79,0xd6,0x79,0xd6,0x79,0xd6,0x79,0xd6,0x79,0xd6,0x79,0xd6,0x79,0xd6,0x79,0xd6,
    0x99,0xd6,0x99,0xd6,0x99,0xd6,0x99,0xd6,0x99,0xd6,0x99,0xd6,0x9a,0xd6,0x9a,0xd6,
    0x9a,0xd6,0xba,0xde,0xba,0xde,0xda,0xde,0xdb,0xde,0xfb,0xe6,0xfb,0xe6,0x1c,0xe7,
    0x3c,0xef,0x3c,0xef,0x5c,0xef,0x5c,0xef,0x5d,0xef,0x7d,0xef,0x7d,0xef,0x7d,0xef,
    0xbe,0xf7,0xbe,0xf7,0xbe,0xf7,0xbe,0xf7,0xbe,0xf7,0xbe,0xf7,0xbe,0xf7,0xbe,0xf7,
    0xbe,0xf7,0xbe,0xf7,0xbe,0xf7,0xbe,0xf7,0xbe,0xf7,0xbe,0xf7,0x9e,0xf7,0x9e,0xf7,
    0x9e,0xf7,0x7e,0xf7,0x7d,0xef,0x7d,0xef,0x5d,0xef,0x5c,0xef,0x3c,0xef,0x3c,0xe7,
    0x1c,0xe7,0xfb,0xe6,0xfb,0xe6,0xdb,0xde,0xda,0xde,0xda,0xde,0xba,0xde,0xba,0xde,
    0xba,0xde,0xba,0xde,0xba,0xde,0xba,0xde,0xba,0xde,0xba,0xde,0xba,0xde,0xba,0xde,
    0xba,0xde,0xba,0xde,0xba,0xde,0xba,0xde,0xba,0xde,0xba,0xde,0xba,0xde,0xba,0xd6,
    0x9a,0xde,0x9a,0xd6,0x9a,0xd6,0x9a,0xd6,0x99,0xd6,0x99,0xd6,0x79,0xd6,0x79,0xd6,
    0x79,0xd6,0x58,0xce,0x58,0xce,0x99,0xd6,0xd7,0xc5,0x8d,0x7b,0x44,0x31,0xc2,0x20,
    0x24,0x29,0x24,0x29,0xa2,0x18,0x61,0x10,0x81,0x10,0xe3,0x20,0x04,0x29,0x24,0x29,
    0x24,0x31,0x44,0x31,0x86,0x39,0xe7,0x49,0xe7,0x49,0x69,0x52,0x07,0x4a,0x44,0x31,
    0x81,0x10,0xa2,0x18,0x24,0x29,0x24,0x29,0x24,0x29,0x24,0x29,0x24,0x29,0x24,0x29,
    0x24,0x29,0x24,0x29,0x04,0x29,0x85,0x39,0x65,0x39,0xa2,0x18,0x41,0x08,0xc3,0x20,
    0xe3,0x20,0xe3,0x20,0x03,0x21,0x03,0x21,0xe3,0x20,0xe3,0x20,0xe3,0x20,0xa2,0x18,
    0xc3,0x18,0xa6,0x39,0xc7,0x41,0x03,0x29,0x61,0x10,0x20,0x08,0x20,0x08,0xe3,0x20,
    0x65,0x39,0xc2,0x20,0x61,0x08,0xa2,0x18,0x44,0x31,0x81,0x10,0x41,0x08,0xe3,0x20,
    0xa2,0x18,0x41,0x08,0xe3,0x20,0xa2,0x18,0x41,0x08,0x82,0x10,0x24,0x29,0xc2,0x18,
    0x40,0x08,0x61,0x08,0x61,0x08,0xa2,0x18,0x24,0x29,0x03,0x21,0x61,0x08,0x40,0x08,
    0x61,0x10,0xa2,0x18,0xa2,0x18,0xc2,0x18,0xc3,0x20,0xe3,0x20,0xe3,0x20,0xe3,0x20,
    0xc3,0x18,0xc2,0x18,0xe3,0x20,0xe3,0x20,0x81,0x10,0xe3,0x20,0xe3,0x20,0xe3,0x20,
    0xe3,0x20,0xe3,0x20,0xe3,0x20,0xe3,0x20,0xe3,0x20,0xe3,0x20,0xc2,0x18,0xe3,0x28,
    0x03,0x29,0x03,0x29,0xc7,0x41,0xc6,0x39,0xe3,0x20,0x81,0x10,0xa2,0x18,0x24,0x29,
    0x24,0x29,0xc3,0x18,0x61,0x08,0x20,0x00,0x40,0x08,0x81,0x18,0xa2,0x18,0x81,0x18,
    0xa2,0x18,0x07,0x42,0x30,0x8c,0x95,0xb5,0xb6,0xbd,0x95,0xb5,0x95,0xb5,0x95,0xb5,
    0x95,0xb5,0x95,0xb5,0xb6,0xbd,0xb6,0xbd,0xd6,0xbd,0xd7,0xbd,0xf7,0xc5,0x17,0xc6,
    0x38,0xce,0x38,0xce,0x58,0xce,0x58,0xce,0x79,0xd6,0x79,0xd6,0x79,0xd6,0x79,0xd6,
    0x99,0xd6,0x99,0xd6,0x9a,0xd6,0x9a,0xd6,0x9a,0xd6,0x9a,0xd6,0xba,0xd6,0xba,0xde,
    0xba,0xde,0xba,0xde,0xba,0xde,0xba,0xde,0xba,0xde,0xba,0xde,0xba,0xde,0xba,0xde,
    0xba,0xde,0xba,0xde,0xba,0xde,0xba,0xde,0xba,0xde,0xba,0xde,0xda,0xde,0xda,0xde,
    0xda,0xde,0xdb,0xde,0xdb,0xde,0xfb,0xe6,0xfb,0xe6,0x1b,0xe7,0x1c,0xe7,0x1c,0xe7,
    0x3c,0xef,0x5c,0xef,0x5c,0xef,0x5d,0xef,0x7d,0xef,0x7d,0xef,0x7d,0xef,0x7d,0xef,
    0xbe,0xf7,0xbe,0xf7,0xbe,0xf7,0xbe,0xf7,0xbe,0xf7,0xbe,0xf7,0xbe,0xf7,0xbe,0xf7,
    0xbe,0xf7,0xbe,0xf7,0xbe,0xf7,0xbe,0xf7,0xbe,0xf7,0xbe,0xf7,0x9e,0xf7,0x9e,0xf7,
    0x9e,0xf7,0x9e,0xf7,0x9d,0xf7,0x7d,0xef,0x7d,0xef,0x5d,0xef,0x5d,0xef,0x5c,0xef,
    0x3c,0xe7,0x1c,0xe7,0x1b,0xe7,0xfb,0xe6,0xfb,0xe6,0xfb,0xe6,0xdb,0xde,0xdb,0xde,
    0xdb,0xde,0xdb,0xde,0xdb,0xde,0xdb,0xde,0xdb,0xde,0xda,0xde,0xda,0xde,0xda,0xde,
    0xda,0xde,0xdb,0xde,0xda,0xde,0xda,0xde,0xda,0xde,0xda,0xde,0xda,0xde,0xda,0xde,
    0xda,0xde,0xda,0xde,0xda,0xde,0xba,0xde,0xba,0xde,0xba,0xde,0xba,0xde,0x9a,0xde,
    0x99,0xd6,0x99,0xd6,0x79,0xd6,0x58,0xce,0x79,0xd6,0xba,0xde,0xb6,0xbd,0x6d,0x73,
    0x24,0x29,0xe3,0x20,0x24,0x29,0x03,0x29,0xc2,0x20,0x81,0x10,0x61,0x10,0xc3,0x18,
    0x24,0x29,0x45,0x31,0x44,0x31,0x86,0x39,0xa6,0x41,0xa6,0x39,0x85,0x39,0x24,0x29,
    0x61,0x10,0xe3,0x20,0x24,0x29,0x24,0x29,0x24,0x29,0x24,0x29,0x24,0x29,0x24,0x29,
    0x24,0x29,0x24,0x29,0x24,0x29,0xc6,0x41,0x65,0x31,0x81,0x10,0x61,0x08,0xe3,0x20,
    0xe3,0x20,0x03,0x21,0x24,0x29,0x45,0x31,0x85,0x39,0xa6,0x41,0x86,0x39,0x28,0x4a,
    0x49,0x52,0x86,0x39,0xa2,0x18,0x41,0x08,0x61,0x08,0xa2,0x18,0x86,0x39,0x08,0x4a,
    0xe3,0x20,0x41,0x08,0x61,0x10,0x45,0x29,0x24,0x29,0x00,0x00,0x61,0x08,0x24,0x29,
    0x82,0x10,0x00,0x00,0xc2,0x18,0x03,0x21,0x41,0x08,0x81,0x10,0xa2,0x18,0x24,0x31,
    0xa2,0x18,0x82,0x10,0xa2,0x18,0x61,0x10,0x82,0x10,0x24,0x29,0x65,0x31,0x24,0x29,
    0xa2,0x18,0x82,0x10,0xc3,0x18,0xc3,0x20,0xe3,0x20,0xe3,0x20,0xe3,0x20,0xe3,0x20,
    0xe3,0x20,0xc2,0x18,0xe3,0x20,0x03,0x21,0x82,0x10,0xc3,0x20,0xe3,0x20,0xe3,0x20,
    0xe3,0x20,0xe3,0x20,0xe3,0x20,0xe3,0x20,0xe3,0x20,0xe3,0x20,0xc3,0x20,0xc2,0x18,
    0x03,0x29,0x03,0x29,0xe3,0x20,0xc2,0x20,0xc3,0x20,0x44,0x31,0x45,0x31,0xc3,0x18,
    0x41,0x08,0x00,0x00,0x41,0x08,0x82,0x10,0xa2,0x18,0xa2,0x18,0xa2,0x18,0xe7,0x41,
    0x30,0x8c,0xb6,0xbd,0xd6,0xbd,0x95,0xb5,0x95,0xb5,0x95,0xbd,0xb6,0xbd,0xb6,0xbd,
    0xb6,0xbd,0xb6,0xbd,0xd6,0xbd,0xd6,0xbd,0xf7,0xc5,0x17,0xc6,0x38,0xce,0x38,0xce,
    0x58,0xce,0x59,0xce,0x79,0xd6,0x79,0xd6,0x99,0xd6,0x9a,0xd6,0x9a,0xd6,0xba,0xd6,
    0xba,0xde,0xba,0xde,0xba,0xde,0xba,0xde,0xba,0xde,0xba,0xde,0xba,0xde,0xda,0xde,
    0xda,0xde,0xda,0xde,0xda,0xde,0xdb,0xde,0xda,0xde,0xda,0xde,0xda,0xde,0xdb,0xde,
    0xdb,0xde,0xdb,0xde,0xdb,0xde,0xdb,0xde,0xdb,0xde,0xdb,0xde,0xdb,0xde,0xfb,0xe6,
    0xfb,0xe6,0xfb,0xe6,0xfb,0xe6,0xfb,0xe6,0x1b,0xe7,0x1c,0xe7,0x3c,0xe7,0x3c,0xef,
    0x3c,0xef,0x5c,0xef,0x5d,0xef,0x5d,0xef,0x5d,0xef,0x7d,0xef,0x7d,0xef,0x7d,0xf7,
};

const lv_image_dsc_t clock_dial_bg = {
    .header = {
        .magic = LV_IMAGE_HEADER_MAGIC,
        .cf = LV_COLOR_FORMAT_RGB565,
        .flags = 0,
        .w = 240,
        .h = 240,
        .stride = 480,
        .reserved_2 = 0,
    },
    .data_size = sizeof(clock_dial_bg_map),
    .data = clock_dial_bg_map,
    .reserved = nullptr,
    .reserved_2 = nullptr,
};
