// Generated from photos/Gemini_Generated_Image_man_old.jpeg by scripts/convert_photo.py
// (240x240 RGB565, source was already square) -- not meant to be
// hand-edited. Source image generated by Google Gemini.

#include "photo_face.h"

static const uint8_t photo_face_archivist_map[] = {
    0x24,0x21,0x04,0x21,0xc3,0x18,0x45,0x29,0x65,0x29,0xc3,0x18,0xa2,0x10,0x61,0x08,
    0x82,0x10,0x41,0x08,0x20,0x00,0x20,0x00,0x20,0x00,0x40,0x00,0x41,0x08,0x61,0x08,
    0xa2,0x10,0x65,0x29,0xa6,0x31,0x65,0x29,0x44,0x21,0x24,0x21,0xe3,0x18,0x82,0x10,
    0x41,0x08,0x20,0x00,0x00,0x00,0x20,0x00,0x41,0x08,0x41,0x08,0x61,0x08,0x82,0x10,
    0xa2,0x10,0xa2,0x10,0x86,0x31,0x49,0x4a,0xa6,0x31,0xa2,0x10,0x86,0x31,0x08,0x42,
    0xcb,0x5a,0x2c,0x63,0x2c,0x63,0xa2,0x10,0x82,0x10,0x04,0x21,0x2c,0x63,0xcb,0x5a,
    0x08,0x42,0x8a,0x52,0x8a,0x52,0xe7,0x39,0xa6,0x31,0x8e,0x73,0x2c,0x63,0x28,0x42,
    0xcb,0x5a,0x8e,0x73,0xe7,0x39,0x28,0x42,0x0c,0x63,0x86,0x31,0x24,0x21,0x49,0x4a,
    0xc7,0x39,0x8a,0x52,0xc7,0x39,0x69,0x4a,0x49,0x4a,0xc3,0x18,0x82,0x10,0x61,0x08,
    0xc3,0x18,0xe3,0x20,0xc3,0x10,0x45,0x29,0x65,0x29,0x86,0x31,0xe7,0x39,0xc7,0x39,
    0x45,0x29,0x45,0x29,0x28,0x42,0x2c,0x63,0x8e,0x73,0x2c,0x63,0x6d,0x6b,0xef,0x7b,
    0x6d,0x6b,0xeb,0x5a,0xcf,0x7b,0x13,0x9d,0x51,0x8c,0xb2,0x94,0x0b,0x63,0x65,0x29,
    0xa2,0x10,0xa6,0x31,0x0c,0x63,0x49,0x4a,0x04,0x21,0xa2,0x10,0x04,0x21,0xc3,0x18,
    0x61,0x08,0x24,0x21,0x45,0x29,0xa2,0x10,0xc3,0x18,0x65,0x29,0xe7,0x39,0x04,0x21,
    0xe3,0x18,0x24,0x21,0x86,0x31,0xc7,0x39,0x69,0x4a,0x65,0x29,0xa6,0x31,0xc7,0x39,
    0xe7,0x39,0x49,0x4a,0xc6,0x39,0x45,0x29,0x08,0x42,0x08,0x42,0xe7,0x39,0xa6,0x31,
    0xc7,0x39,0x65,0x31,0x86,0x31,0x8a,0x52,0x45,0x29,0x65,0x29,0xe7,0x39,0x86,0x31,
    0x45,0x29,0x45,0x29,0x03,0x21,0x28,0x4a,0x24,0x21,0xc3,0x18,0x45,0x29,0xa6,0x31,
    0x24,0x21,0xc3,0x18,0x03,0x19,0xa6,0x31,0xc7,0x39,0xc7,0x39,0x65,0x29,0x65,0x29,
    0x65,0x29,0x28,0x42,0x8a,0x52,0x8a,0x52,0x28,0x42,0x2c,0x63,0xaa,0x52,0x8a,0x52,
    0xe7,0x39,0x49,0x4a,0xc7,0x39,0x24,0x21,0x45,0x29,0x45,0x29,0x69,0x4a,0x86,0x31,
    0x81,0x08,0xc3,0x18,0xc3,0x18,0xe3,0x18,0x61,0x08,0x65,0x29,0xe3,0x18,0xe3,0x18,
    0x41,0x08,0x82,0x10,0xe3,0x18,0x82,0x10,0x04,0x21,0x24,0x21,0x86,0x31,0xa2,0x10,
    0xc3,0x18,0x04,0x21,0xc7,0x39,0xcb,0x5a,0x8e,0x73,0x30,0x84,0xd3,0x9c,0x92,0x94,
    0xeb,0x5a,0xc7,0x39,0xe7,0x39,0xcb,0x5a,0xaa,0x52,0xc3,0x18,0x61,0x08,0x44,0x29,
    0x24,0x21,0xe3,0x18,0xe7,0x39,0x28,0x42,0x08,0x42,0x61,0x08,0x04,0x21,0x24,0x21,
    0xc3,0x18,0x82,0x08,0x86,0x31,0x49,0x4a,0xe3,0x18,0xc3,0x18,0x82,0x10,0x41,0x00,
    0x41,0x08,0x00,0x00,0x04,0x21,0x65,0x29,0x65,0x29,0xc7,0x39,0x69,0x4a,0x49,0x4a,
    0x28,0x42,0x45,0x29,0x24,0x21,0x04,0x21,0xe3,0x18,0x20,0x00,0x00,0x00,0x20,0x00,
    0x61,0x08,0xc2,0x10,0xe3,0x18,0xc3,0x18,0xa2,0x10,0x82,0x08,0x61,0x08,0x41,0x08,
    0x04,0x21,0x04,0x21,0xc3,0x18,0x45,0x29,0x65,0x29,0xc3,0x18,0xa2,0x10,0x61,0x08,
    0x82,0x10,0x41,0x08,0x20,0x00,0x00,0x00,0x20,0x00,0x40,0x00,0x41,0x08,0x61,0x08,
    0xa2,0x10,0x45,0x29,0xc7,0x39,0xc7,0x39,0x65,0x29,0xe3,0x18,0xc3,0x18,0x82,0x10,
    0x61,0x08,0x20,0x00,0x00,0x00,0x40,0x00,0x41,0x08,0x41,0x08,0x61,0x08,0x82,0x10,
    0xa2,0x10,0x04,0x21,0xe7,0x39,0x86,0x31,0x86,0x31,0xe3,0x18,0xa6,0x31,0xaa,0x5a,
    0xaa,0x52,0xc7,0x39,0xe3,0x18,0x65,0x29,0x08,0x42,0xa6,0x31,0xaa,0x52,0x8a,0x52,
    0x49,0x4a,0x69,0x4a,0x28,0x42,0x49,0x4a,0x8e,0x73,0x8e,0x73,0x08,0x42,0x28,0x42,
    0x2c,0x63,0x8a,0x52,0x65,0x29,0x0c,0x63,0x49,0x4a,0x24,0x21,0x28,0x42,0xe7,0x39,
    0x69,0x52,0xe7,0x39,0x8a,0x52,0xc7,0x39,0x61,0x08,0x82,0x10,0x82,0x10,0xa2,0x10,
    0xc3,0x18,0x04,0x21,0xa6,0x31,0xa6,0x31,0xa6,0x31,0x24,0x21,0xc3,0x18,0x24,0x21,
    0xe7,0x39,0x49,0x4a,0xe7,0x39,0x65,0x29,0x04,0x21,0x04,0x21,0xc3,0x18,0xc7,0x39,
    0xca,0x5a,0xc7,0x39,0x45,0x29,0xaa,0x52,0xae,0x73,0xab,0x52,0x6d,0x6b,0x0c,0x63,
    0x86,0x31,0x82,0x10,0x41,0x08,0x04,0x21,0xc7,0x39,0x86,0x31,0xe3,0x18,0xe3,0x18,
    0xc3,0x18,0x81,0x10,0xc3,0x18,0x04,0x21,0xc3,0x18,0xc3,0x18,0x24,0x21,0xe7,0x39,
    0x85,0x31,0x45,0x29,0x04,0x21,0x24,0x21,0xe7,0x39,0xaa,0x52,0x86,0x31,0xa6,0x31,
    0x85,0x31,0x08,0x42,0x69,0x4a,0x45,0x29,0xa6,0x39,0x28,0x42,0x08,0x42,0xc7,0x39,
    0x86,0x31,0x08,0x42,0x65,0x29,0xaa,0x52,0x49,0x4a,0x65,0x29,0xe7,0x39,0xa6,0x31,
    0x86,0x31,0x65,0x29,0x65,0x29,0x69,0x4a,0xc3,0x18,0x04,0x19,0x86,0x31,0x86,0x31,
    0x45,0x29,0xe3,0x18,0x65,0x29,0x08,0x42,0x45,0x29,0x08,0x42,0x24,0x21,0x85,0x31,
    0x45,0x29,0x49,0x4a,0x08,0x42,0x49,0x4a,0xeb,0x5a,0xeb,0x5a,0x08,0x42,0xcb,0x5a,
    0xc7,0x39,0xc7,0x39,0xa6,0x31,0xe7,0x39,0x45,0x29,0xe7,0x39,0x28,0x42,0x65,0x29,
    0xa2,0x10,0xe3,0x18,0x24,0x21,0xc2,0x18,0x82,0x10,0x65,0x29,0x24,0x21,0xa2,0x10,
    0x41,0x08,0x61,0x08,0xa2,0x10,0xa2,0x10,0x61,0x08,0x24,0x21,0x24,0x21,0xc3,0x18,
    0x24,0x21,0x24,0x21,0x04,0x21,0x65,0x29,0xa6,0x31,0x49,0x4a,0x0c,0x63,0xae,0x73,
    0x92,0x94,0x71,0x94,0xcf,0x7b,0x2c,0x63,0x08,0x42,0x24,0x21,0x61,0x08,0x41,0x08,
    0x04,0x21,0x03,0x19,0x04,0x21,0x08,0x42,0xaa,0x52,0xe3,0x18,0xa2,0x10,0xa6,0x31,
    0xc7,0x39,0x04,0x21,0x82,0x10,0xe3,0x18,0xe7,0x39,0x45,0x21,0x04,0x21,0x41,0x08,
    0x41,0x08,0x00,0x00,0x04,0x21,0x45,0x29,0x65,0x29,0xa6,0x31,0x65,0x29,0x45,0x29,
    0x45,0x29,0x24,0x21,0x24,0x21,0x04,0x21,0xe3,0x18,0x20,0x00,0x20,0x00,0x20,0x00,
    0x61,0x08,0xc2,0x10,0xe3,0x18,0xc3,0x18,0xa2,0x10,0xc3,0x18,0xc3,0x18,0xa2,0x10,
    0xc3,0x18,0x04,0x21,0xc3,0x18,0x45,0x29,0x65,0x29,0xc3,0x18,0x82,0x10,0x61,0x08,
    0x82,0x10,0x41,0x08,0x20,0x00,0x20,0x00,0x20,0x00,0x40,0x00,0x41,0x08,0x61,0x08,
    0xa2,0x10,0x24,0x21,0x65,0x29,0x65,0x29,0x65,0x29,0x04,0x21,0x82,0x10,0x61,0x08,
    0x41,0x08,0x20,0x00,0x00,0x00,0x40,0x00,0x41,0x08,0x41,0x08,0x61,0x08,0x82,0x10,
    0xa2,0x10,0x24,0x21,0x04,0x21,0xa6,0x31,0x45,0x29,0x45,0x29,0xc7,0x39,0x28,0x42,
    0x44,0x29,0x65,0x29,0xa6,0x31,0x04,0x21,0x24,0x21,0xc7,0x39,0xcb,0x5a,0x8e,0x73,
    0x69,0x4a,0x69,0x4a,0x69,0x4a,0xcb,0x5a,0x8e,0x73,0x8a,0x52,0xe7,0x39,0x49,0x4a,
    0xaa,0x52,0x45,0x29,0xe7,0x39,0xaa,0x52,0x45,0x29,0x49,0x4a,0x28,0x42,0xaa,0x52,
    0xe7,0x39,0x28,0x42,0x04,0x21,0x82,0x10,0xc3,0x18,0xa2,0x10,0xc3,0x18,0xa2,0x10,
    0x85,0x29,0x08,0x42,0xa6,0x39,0x65,0x29,0x45,0x29,0x49,0x4a,0xae,0x73,0xcf,0x7b,
    0xeb,0x5a,0xe7,0x41,0x65,0x29,0x45,0x29,0x04,0x21,0x24,0x21,0x45,0x29,0xe3,0x18,
    0x85,0x31,0x65,0x29,0x04,0x21,0xc3,0x18,0xe7,0x39,0x6d,0x6b,0xe7,0x39,0xe7,0x39,
    0x4c,0x6b,0x69,0x4a,0x04,0x21,0x41,0x08,0x61,0x08,0x04,0x21,0x45,0x29,0x24,0x21,
    0x04,0x21,0x24,0x21,0xc3,0x18,0xe3,0x18,0xe3,0x18,0xe3,0x18,0x65,0x29,0xc7,0x39,
    0xe7,0x39,0x86,0x31,0x65,0x29,0x08,0x42,0xc7,0x39,0x8a,0x52,0x0c,0x63,0x08,0x42,
    0xa6,0x31,0x65,0x29,0x69,0x4a,0x49,0x4a,0x65,0x29,0x49,0x4a,0x08,0x42,0x49,0x4a,
    0xc6,0x39,0xa6,0x31,0x49,0x4a,0x08,0x42,0xcb,0x5a,0xe7,0x39,0x49,0x4a,0xe7,0x39,
    0x08,0x42,0x45,0x29,0x08,0x42,0xc7,0x39,0xe3,0x18,0x86,0x31,0xa6,0x31,0x65,0x29,
    0x86,0x31,0x45,0x29,0xa7,0x31,0x28,0x42,0x24,0x21,0xe8,0x41,0x45,0x29,0x45,0x29,
    0x28,0x42,0x08,0x42,0xa6,0x31,0xcb,0x5a,0xeb,0x5a,0x28,0x42,0xeb,0x5a,0xeb,0x5a,
    0x28,0x4a,0x8a,0x52,0x69,0x4a,0x08,0x42,0xe7,0x39,0x28,0x42,0x08,0x42,0x45,0x29,
    0x24,0x21,0x04,0x21,0xc3,0x18,0xc2,0x10,0xa2,0x10,0x45,0x29,0x24,0x21,0xc3,0x18,
    0xc3,0x18,0xe3,0x18,0x04,0x21,0x82,0x10,0x82,0x10,0x24,0x21,0x61,0x08,0xe3,0x18,
    0xa6,0x31,0x48,0x4a,0xcb,0x5a,0xaa,0x52,0xaa,0x52,0x8a,0x52,0xcb,0x5a,0xae,0x73,
    0xef,0x7b,0xef,0x7b,0x6d,0x6b,0x49,0x4a,0x65,0x29,0xa6,0x31,0x65,0x29,0x82,0x10,
    0x61,0x08,0x24,0x21,0xc3,0x18,0x86,0x31,0xcb,0x5a,0x08,0x42,0x61,0x08,0x24,0x21,
    0x86,0x31,0xa6,0x31,0xc3,0x18,0x82,0x10,0x82,0x10,0x24,0x21,0x04,0x21,0xc3,0x18,
    0x20,0x00,0x20,0x00,0x04,0x21,0x65,0x29,0x65,0x29,0xc7,0x39,0x28,0x42,0x69,0x4a,
    0x08,0x42,0x45,0x29,0x24,0x21,0x24,0x21,0xe3,0x18,0x20,0x00,0x00,0x00,0x20,0x00,
    0x61,0x08,0xa2,0x10,0xe3,0x18,0xa2,0x10,0x45,0x29,0x45,0x21,0xe3,0x18,0xc3,0x18,
    0xa2,0x10,0x24,0x21,0xc3,0x18,0x24,0x21,0x65,0x29,0xc3,0x18,0x82,0x10,0x61,0x08,
    0x82,0x10,0x41,0x08,0x40,0x00,0x20,0x00,0x20,0x00,0x20,0x00,0x41,0x08,0x61,0x08,
    0x82,0x10,0xe3,0x18,0x04,0x21,0xc3,0x18,0xe3,0x18,0x04,0x21,0xa2,0x10,0x41,0x08,
    0x41,0x08,0x20,0x00,0x00,0x00,0x41,0x08,0x41,0x08,0x41,0x08,0x61,0x08,0xa2,0x10,
    0xc2,0x10,0xc3,0x18,0x65,0x29,0xc7,0x39,0x86,0x31,0x45,0x29,0xa6,0x31,0x44,0x29,
    0x45,0x29,0xe3,0x18,0x82,0x10,0xa6,0x31,0x69,0x4a,0xaa,0x52,0x69,0x52,0x6d,0x6b,
    0x69,0x4a,0x49,0x4a,0x49,0x4a,0x2d,0x63,0x6d,0x6b,0xe7,0x39,0xeb,0x5a,0x45,0x29,
    0x49,0x4a,0xa6,0x31,0x8a,0x52,0x24,0x21,0x8a,0x52,0x8a,0x52,0xca,0x52,0xa6,0x31,
    0xa6,0x31,0xe3,0x18,0xe3,0x18,0xc3,0x18,0x82,0x10,0xa2,0x10,0x45,0x29,0xc6,0x39,
    0x66,0x29,0x65,0x29,0x86,0x31,0xc7,0x39,0xeb,0x5a,0xae,0x73,0x0b,0x63,0x24,0x21,
    0x24,0x21,0x49,0x4a,0xaa,0x52,0xcb,0x5a,0xcb,0x5a,0x28,0x42,0xc6,0x39,0x65,0x29,
    0xe3,0x18,0x86,0x31,0xe3,0x18,0xc3,0x18,0xa2,0x10,0x45,0x29,0x8e,0x73,0x86,0x31,
    0x03,0x19,0xcb,0x5a,0x69,0x4a,0x65,0x29,0xe3,0x18,0x82,0x10,0xa2,0x10,0x24,0x21,
    0x65,0x29,0x65,0x29,0x24,0x21,0x45,0x29,0xa6,0x31,0xc7,0x39,0x65,0x29,0x24,0x21,
    0x45,0x29,0xa6,0x31,0x28,0x42,0x28,0x42,0xe7,0x39,0xc7,0x39,0xcb,0x5a,0x28,0x42,
    0x69,0x4a,0xc7,0x39,0x04,0x21,0x49,0x4a,0xeb,0x5a,0xaa,0x52,0x28,0x42,0x69,0x4a,
    0x69,0x4a,0xe7,0x39,0x08,0x42,0x0c,0x63,0x69,0x4a,0x69,0x4a,0x8a,0x52,0x8a,0x52,
    0x08,0x42,0x86,0x31,0xaa,0x52,0x45,0x29,0x45,0x29,0xc7,0x39,0xc7,0x39,0x86,0x31,
    0xc7,0x39,0x65,0x29,0xa6,0x31,0xe7,0x39,0x45,0x29,0xc7,0x39,0x07,0x42,0x86,0x31,
    0x69,0x4a,0xa6,0x31,0xe7,0x39,0x8a,0x52,0x49,0x4a,0x8e,0x73,0x8e,0x73,0x2c,0x63,
    0x6d,0x6b,0x0c,0x63,0x49,0x4a,0x08,0x42,0x8a,0x52,0xeb,0x5a,0xaa,0x52,0x08,0x42,
    0x86,0x31,0x04,0x21,0x24,0x21,0x24,0x21,0x04,0x21,0x24,0x21,0xe3,0x18,0x61,0x08,
    0xa2,0x10,0x04,0x21,0x65,0x29,0xc7,0x39,0x08,0x42,0xc3,0x18,0xc3,0x18,0xa2,0x10,
    0xe3,0x18,0x45,0x29,0x49,0x4a,0xaa,0x52,0x0c,0x63,0x8e,0x73,0xae,0x73,0x6d,0x6b,
    0xaa,0x52,0xe7,0x39,0xc7,0x39,0xc6,0x39,0x86,0x31,0xa6,0x31,0xc7,0x39,0x86,0x31,
    0x61,0x08,0x41,0x08,0x24,0x21,0xc3,0x18,0x69,0x4a,0x69,0x4a,0x65,0x31,0xc3,0x18,
    0xa2,0x10,0x24,0x21,0x24,0x21,0xa2,0x10,0x82,0x10,0x82,0x10,0xc3,0x18,0x04,0x21,
    0x61,0x08,0x00,0x00,0x04,0x21,0x65,0x29,0x65,0x29,0xa6,0x31,0x49,0x4a,0xcb,0x52,
    0xe7,0x39,0x45,0x29,0x24,0x21,0x24,0x21,0x03,0x19,0x20,0x00,0x00,0x00,0x40,0x00,
    0x61,0x08,0xa2,0x10,0xe3,0x18,0xa2,0x10,0x65,0x29,0x24,0x21,0xc3,0x18,0xc2,0x10,
    0xa2,0x10,0x24,0x21,0xc2,0x10,0x04,0x21,0x65,0x29,0xc3,0x18,0x82,0x10,0x61,0x08,
    0xa2,0x10,0x41,0x08,0x40,0x00,0x20,0x00,0x20,0x00,0x41,0x00,0x41,0x08,0x61,0x08,
    0x82,0x10,0xc3,0x18,0x04,0x21,0x24,0x21,0x24,0x21,0x04,0x21,0xa2,0x10,0x61,0x08,
    0x41,0x08,0x40,0x00,0x00,0x00,0x41,0x08,0x41,0x08,0x61,0x08,0x61,0x08,0x82,0x10,
    0xe3,0x18,0x65,0x29,0x65,0x29,0xc6,0x39,0xc7,0x39,0xe8,0x41,0xa6,0x31,0x61,0x08,
    0x61,0x08,0x61,0x08,0xe7,0x39,0x08,0x42,0x04,0x21,0xe7,0x39,0x4d,0x6b,0xcf,0x7b,
    0x08,0x42,0x48,0x42,0x6d,0x6b,0x2c,0x63,0xcb,0x5a,0x2c,0x63,0xc7,0x39,0x24,0x21,
    0xaa,0x52,0x49,0x4a,0x45,0x29,0x69,0x4a,0xaa,0x5a,0xaa,0x52,0x65,0x29,0xe7,0x39,
    0x65,0x29,0xe3,0x18,0xc3,0x18,0xc3,0x18,0xe3,0x18,0xc7,0x39,0xa6,0x31,0x04,0x21,
    0x86,0x31,0xc7,0x39,0x49,0x4a,0x0c,0x63,0x0b,0x63,0xc7,0x39,0x04,0x21,0x89,0x4a,
    0xcf,0x7b,0x51,0x8c,0xef,0x7b,0x8e,0x73,0xcb,0x5a,0xe7,0x39,0x65,0x29,0xe3,0x18,
    0xa2,0x10,0xa2,0x10,0x45,0x29,0x82,0x10,0xc3,0x18,0x82,0x10,0x04,0x21,0x2c,0x63,
    0x86,0x31,0xa2,0x10,0x08,0x42,0xe7,0x41,0x45,0x29,0x04,0x21,0xe3,0x18,0xa2,0x10,
    0xc3,0x18,0x04,0x21,0x45,0x29,0x08,0x42,0xc6,0x39,0x45,0x29,0x86,0x31,0x65,0x29,
    0x85,0x31,0xe7,0x39,0x49,0x4a,0xa6,0x31,0xe7,0x39,0x8a,0x52,0xcb,0x5a,0x49,0x4a,
    0x28,0x42,0xeb,0x5a,0x8a,0x52,0x65,0x29,0xe7,0x39,0xcb,0x5a,0xaa,0x52,0x8a,0x52,
    0xab,0x5a,0x8a,0x52,0x86,0x31,0xeb,0x5a,0xcb,0x5a,0x8a,0x52,0xcb,0x5a,0x69,0x4a,
    0x08,0x42,0x49,0x4a,0xaa,0x52,0x65,0x29,0x86,0x31,0xe7,0x39,0x08,0x42,0xe7,0x39,
    0xe8,0x41,0xa6,0x31,0xa6,0x39,0xe7,0x39,0x86,0x31,0xa6,0x31,0x8a,0x52,0x49,0x4a,
    0x08,0x42,0xe7,0x39,0x49,0x4a,0x69,0x52,0xcb,0x5a,0x2c,0x63,0x69,0x4a,0x6d,0x6b,
    0x6d,0x73,0x0c,0x63,0x6a,0x4a,0x69,0x4a,0xaa,0x52,0x6d,0x6b,0x69,0x4a,0x49,0x4a,
    0x8a,0x52,0x69,0x4a,0x86,0x31,0x44,0x21,0xc7,0x39,0xc7,0x39,0x65,0x29,0x04,0x21,
    0x82,0x10,0xc3,0x18,0x86,0x31,0xe7,0x39,0x08,0x42,0xa6,0x31,0xa2,0x10,0xc3,0x18,
    0x04,0x21,0x24,0x21,0x45,0x29,0x28,0x42,0x0c,0x63,0x4d,0x6b,0x0c,0x63,0x69,0x4a,
    0xe7,0x39,0x45,0x29,0xa6,0x31,0xe7,0x39,0xa2,0x10,0xc3,0x10,0xc7,0x39,0x28,0x42,
    0x65,0x29,0x61,0x08,0x61,0x08,0x24,0x21,0xa6,0x31,0xaa,0x52,0x28,0x42,0xe3,0x18,
    0xe3,0x18,0x82,0x10,0x24,0x21,0xa3,0x10,0xa2,0x10,0x61,0x08,0x82,0x10,0x03,0x19,
    0xc3,0x18,0x00,0x00,0x04,0x21,0x65,0x29,0x86,0x31,0xa6,0x31,0x49,0x4a,0x69,0x4a,
    0x07,0x3a,0x45,0x29,0x24,0x21,0x24,0x21,0x03,0x19,0x20,0x00,0x20,0x00,0x40,0x00,
    0x61,0x08,0xa2,0x10,0xc3,0x18,0xa2,0x10,0xc3,0x18,0x24,0x21,0x24,0x21,0xe3,0x18,
    0xa2,0x10,0x04,0x19,0xc3,0x18,0xe3,0x18,0x65,0x29,0xc3,0x18,0x82,0x10,0x61,0x08,
    0xa2,0x10,0x61,0x08,0x40,0x00,0x20,0x00,0x20,0x00,0x41,0x08,0x41,0x08,0x61,0x08,
    0x82,0x10,0x04,0x21,0x45,0x29,0x45,0x29,0x65,0x29,0x45,0x29,0xa2,0x10,0x61,0x08,
    0x41,0x08,0x40,0x00,0x20,0x00,0x41,0x08,0x41,0x08,0x41,0x08,0x41,0x08,0x04,0x21,
    0x65,0x29,0xe3,0x18,0x04,0x21,0xe7,0x39,0x28,0x42,0x45,0x29,0x20,0x00,0xa2,0x10,
    0xa2,0x10,0xc3,0x18,0x24,0x21,0xc3,0x18,0xe7,0x39,0x0c,0x63,0xae,0x73,0xcf,0x7b,
    0x0c,0x63,0x4d,0x6b,0x0c,0x63,0xeb,0x5a,0x49,0x4a,0x8a,0x52,0xc3,0x18,0xe7,0x39,
    0xaa,0x52,0x66,0x31,0xa6,0x31,0x07,0x42,0xaa,0x52,0x65,0x29,0xe7,0x39,0x45,0x29,
    0xa2,0x10,0x04,0x21,0x24,0x21,0x65,0x29,0x69,0x4a,0x86,0x31,0xa2,0x10,0x45,0x29,
    0xc7,0x39,0x2c,0x63,0xae,0x73,0x89,0x52,0x45,0x29,0xc7,0x39,0xef,0x7b,0xb2,0x94,
    0xd3,0x9c,0xb2,0x94,0x6d,0x6b,0x07,0x3a,0xe3,0x18,0x41,0x08,0x20,0x00,0x20,0x00,
    0x41,0x08,0x41,0x08,0xc3,0x18,0x04,0x21,0x41,0x08,0xc3,0x18,0x61,0x08,0xa2,0x10,
    0xaa,0x52,0xa6,0x31,0xe3,0x18,0xc7,0x39,0x08,0x42,0xc7,0x39,0x45,0x29,0x45,0x29,
    0x24,0x21,0x04,0x21,0xe7,0x39,0x86,0x31,0x45,0x29,0x86,0x31,0x65,0x29,0xa6,0x31,
    0xa6,0x31,0x08,0x42,0x08,0x42,0x89,0x52,0x0b,0x63,0x48,0x4a,0x08,0x42,0xcb,0x5a,
    0xaa,0x52,0x89,0x52,0xcb,0x5a,0xeb,0x5a,0xc6,0x39,0x08,0x42,0x4c,0x6b,0x0c,0x63,
    0xeb,0x5a,0x0c,0x63,0x08,0x42,0x86,0x31,0x4d,0x6b,0x0c,0x63,0xaa,0x52,0x2c,0x63,
    0x69,0x4a,0x28,0x42,0xeb,0x5a,0xc7,0x39,0xe8,0x41,0x08,0x42,0x28,0x42,0x49,0x4a,
    0x28,0x42,0x28,0x42,0xa6,0x39,0x49,0x4a,0xa6,0x31,0xa6,0x39,0xeb,0x5a,0x8a,0x52,
    0xc7,0x39,0x28,0x42,0xaa,0x5a,0xcb,0x5a,0xaa,0x5a,0x69,0x52,0xaa,0x52,0xef,0x7b,
    0x8e,0x73,0xeb,0x62,0x2c,0x63,0xcb,0x5a,0x2c,0x6b,0xaa,0x52,0x28,0x42,0x08,0x42,
    0x08,0x42,0x69,0x4a,0xaa,0x52,0xe7,0x39,0x65,0x29,0xe3,0x18,0x45,0x29,0xc7,0x39,
    0x86,0x31,0x65,0x29,0x44,0x29,0xe3,0x18,0x81,0x10,0x45,0x29,0xc7,0x39,0xc2,0x10,
    0xe3,0x18,0x04,0x21,0xe3,0x18,0x45,0x29,0x86,0x31,0x65,0x29,0x49,0x4a,0x0c,0x63,
    0xcf,0x7b,0x0c,0x63,0x65,0x29,0x45,0x29,0x45,0x29,0x82,0x10,0x82,0x10,0xa6,0x31,
    0xa6,0x31,0x45,0x29,0xa2,0x10,0xc3,0x18,0x86,0x31,0xaa,0x52,0x69,0x4a,0x45,0x29,
    0xe3,0x18,0x82,0x10,0xe3,0x18,0xa2,0x10,0x82,0x10,0x61,0x08,0x41,0x08,0xa2,0x10,
    0xe3,0x18,0x61,0x08,0xe3,0x18,0x65,0x29,0x86,0x31,0xc6,0x31,0x08,0x42,0x49,0x4a,
    0xe7,0x39,0x45,0x29,0x45,0x29,0x24,0x21,0x04,0x21,0x20,0x00,0x20,0x00,0x41,0x00,
    0x61,0x08,0xa2,0x10,0xc3,0x18,0xa2,0x10,0x04,0x21,0x45,0x29,0x45,0x29,0xe3,0x18,
    0xc3,0x18,0xe3,0x18,0xc3,0x18,0xe3,0x18,0x65,0x29,0xe3,0x18,0x82,0x10,0x61,0x08,
    0xa2,0x10,0x61,0x08,0x40,0x08,0x20,0x00,0x20,0x00,0x41,0x08,0x41,0x08,0x61,0x08,
    0xc3,0x18,0x45,0x29,0x65,0x29,0x65,0x29,0x45,0x29,0x24,0x21,0xa2,0x10,0x61,0x08,
    0x41,0x08,0x40,0x00,0x20,0x00,0x40,0x08,0x40,0x08,0xa2,0x10,0x45,0x29,0x24,0x21,
    0xe3,0x18,0x24,0x21,0x65,0x29,0x85,0x29,0xe3,0x18,0x20,0x00,0x45,0x29,0x04,0x21,
    0xa2,0x10,0x45,0x29,0x04,0x21,0x49,0x4a,0x4d,0x6b,0x86,0x31,0xab,0x5a,0x30,0x84,
    0x51,0x8c,0xaa,0x52,0xcb,0x5a,0x08,0x42,0x08,0x42,0x65,0x29,0xe3,0x18,0xc7,0x39,
    0x08,0x42,0xe7,0x39,0xa6,0x31,0xaa,0x52,0x65,0x29,0xc6,0x31,0xe3,0x18,0x82,0x10,
    0xc3,0x18,0x44,0x21,0x65,0x29,0xaa,0x52,0xa6,0x31,0x41,0x00,0x24,0x21,0x28,0x42,
    0x6d,0x73,0x8e,0x73,0x08,0x42,0x24,0x21,0xcb,0x5a,0xf3,0x9c,0x96,0xb5,0x14,0xa5,
    0x4d,0x6b,0xc7,0x39,0x04,0x21,0x04,0x21,0x45,0x29,0x86,0x31,0xa6,0x31,0xa6,0x31,
    0x65,0x29,0x04,0x21,0xc3,0x18,0xa6,0x31,0xe3,0x18,0x62,0x08,0xc3,0x18,0x82,0x10,
    0x82,0x10,0x69,0x4a,0xe7,0x39,0xe3,0x18,0x65,0x29,0xa6,0x31,0xe7,0x39,0x86,0x31,
    0xe7,0x39,0x8a,0x52,0xa6,0x31,0x24,0x21,0x24,0x21,0x45,0x29,0x65,0x29,0x86,0x31,
    0x65,0x29,0xe7,0x39,0x89,0x52,0x8a,0x52,0xe7,0x39,0x08,0x42,0x69,0x4a,0xaa,0x52,
    0xaa,0x52,0x08,0x42,0x08,0x42,0x08,0x42,0x49,0x4a,0xe7,0x39,0x86,0x31,0x69,0x4a,
    0xcb,0x5a,0x6d,0x6b,0xcb,0x5a,0xc7,0x39,0x0c,0x63,0x10,0x84,0xeb,0x5a,0xef,0x7b,
    0xaa,0x52,0xaa,0x52,0x0c,0x63,0x69,0x4a,0xe7,0x39,0x69,0x4a,0xcb,0x5a,0x8a,0x52,
    0xaa,0x52,0x28,0x42,0x08,0x42,0x48,0x4a,0x28,0x4a,0xaa,0x52,0xeb,0x5a,0x69,0x4a,
    0xc7,0x39,0x69,0x52,0xeb,0x5a,0x2c,0x63,0x4d,0x6b,0x6d,0x73,0xae,0x73,0xcb,0x5a,
    0xcb,0x5a,0x4d,0x6b,0xeb,0x5a,0xeb,0x62,0x6d,0x6b,0x2c,0x63,0x2c,0x63,0x0c,0x63,
    0xcb,0x5a,0x49,0x4a,0x69,0x4a,0xaa,0x52,0x08,0x42,0xa6,0x31,0x65,0x29,0x65,0x31,
    0x28,0x42,0x8a,0x52,0xc7,0x39,0x65,0x29,0xe3,0x18,0xa2,0x10,0x86,0x31,0x08,0x42,
    0x24,0x21,0xe3,0x18,0x24,0x21,0xc3,0x18,0xa2,0x10,0x45,0x29,0xa6,0x31,0x28,0x42,
    0xcb,0x5a,0x8e,0x73,0x0c,0x63,0x65,0x29,0xc3,0x18,0x24,0x21,0xa2,0x10,0xa2,0x10,
    0xa6,0x31,0x65,0x29,0x65,0x29,0x04,0x21,0xe3,0x18,0x69,0x4a,0xcb,0x5a,0x86,0x31,
    0x45,0x29,0x65,0x29,0xa6,0x31,0x65,0x29,0x85,0x31,0x04,0x21,0xe3,0x18,0xa2,0x10,
    0xa2,0x10,0xc3,0x18,0x24,0x21,0x45,0x29,0x86,0x31,0xc7,0x39,0x49,0x4a,0x69,0x4a,
    0x28,0x42,0x45,0x29,0x45,0x29,0x24,0x21,0x04,0x21,0x20,0x00,0x20,0x00,0x41,0x00,
    0x61,0x08,0xa2,0x10,0xc3,0x18,0xa2,0x10,0xa2,0x10,0x82,0x10,0xe3,0x18,0x82,0x10,
    0xe3,0x18,0x04,0x21,0xe3,0x18,0xe3,0x18,0x45,0x29,0xe3,0x18,0x82,0x10,0x61,0x08,
    0x82,0x10,0x61,0x08,0x41,0x08,0x20,0x00,0x20,0x00,0x41,0x08,0x41,0x08,0x61,0x08,
    0xa2,0x10,0xe3,0x18,0x24,0x21,0xe3,0x18,0x04,0x21,0xc3,0x18,0x82,0x10,0x61,0x08,
    0x41,0x08,0x40,0x00,0x00,0x00,0x61,0x08,0x04,0x21,0x24,0x21,0x82,0x10,0x61,0x08,
    0xa2,0x10,0x03,0x21,0x24,0x21,0x24,0x21,0x41,0x08,0x65,0x29,0x28,0x42,0xc3,0x18,
    0xa6,0x31,0xc7,0x39,0x8a,0x52,0xcb,0x5a,0x08,0x42,0xc3,0x18,0xab,0x52,0x10,0x84,
    0xae,0x73,0x10,0x84,0x8a,0x52,0x24,0x21,0xe8,0x41,0xc3,0x10,0x24,0x21,0x69,0x4a,
    0xe7,0x39,0x45,0x29,0x69,0x4a,0x86,0x31,0x85,0x31,0xe3,0x18,0x82,0x10,0xc3,0x18,
    0xe3,0x18,0x24,0x21,0x65,0x29,0xe7,0x39,0x41,0x08,0x24,0x21,0xcb,0x5a,0x4d,0x6b,
    0x2c,0x63,0x65,0x29,0x24,0x29,0x8d,0x6b,0x75,0xad,0x38,0xce,0x75,0xad,0x6d,0x6b,
    0xaa,0x52,0x0b,0x63,0x4c,0x6b,0xcb,0x5a,0xcb,0x5a,0x8a,0x52,0x28,0x42,0xc6,0x39,
    0x45,0x29,0x04,0x21,0xc3,0x18,0xa2,0x10,0x45,0x29,0xa2,0x10,0x81,0x10,0xc3,0x18,
    0xc3,0x18,0xc3,0x18,0x49,0x4a,0xe7,0x39,0x04,0x21,0x24,0x21,0x86,0x31,0x8a,0x52,
    0xcb,0x5a,0x08,0x42,0xe7,0x39,0x08,0x42,0xc7,0x39,0x86,0x31,0x86,0x31,0xa6,0x31,
    0xe7,0x39,0xaa,0x52,0x49,0x4a,0xc7,0x39,0x28,0x42,0xaa,0x52,0x69,0x4a,0x28,0x4a,
    0x07,0x42,0xe7,0x41,0x8a,0x52,0xcb,0x5a,0xeb,0x5a,0x0c,0x63,0x0c,0x63,0x49,0x4a,
    0x2c,0x63,0x8e,0x73,0x2c,0x63,0xeb,0x5a,0x0c,0x63,0x30,0x8c,0x6d,0x6b,0xf0,0x7b,
    0x2c,0x63,0x0c,0x63,0x2c,0x63,0x8a,0x52,0x08,0x42,0x4d,0x6b,0x0c,0x63,0xcb,0x5a,
    0x0c,0x63,0x49,0x4a,0x28,0x42,0x69,0x4a,0xeb,0x5a,0xcb,0x5a,0x8a,0x52,0x69,0x4a,
    0x69,0x4a,0x2c,0x63,0x0c,0x63,0x2c,0x6b,0xef,0x7b,0xae,0x7b,0xcb,0x5a,0x6d,0x6b,
    0x8e,0x73,0x8e,0x73,0x4d,0x6b,0xaa,0x5a,0xcb,0x5a,0x2c,0x63,0x2c,0x63,0x2c,0x63,
    0x6d,0x6b,0x4d,0x6b,0xeb,0x5a,0x69,0x4a,0xe7,0x39,0x28,0x42,0xaa,0x52,0xe7,0x41,
    0x04,0x21,0xe7,0x39,0xaa,0x52,0x49,0x4a,0xc7,0x39,0x04,0x21,0x82,0x10,0x24,0x21,
    0xe7,0x39,0x04,0x21,0xe3,0x18,0x86,0x31,0xc6,0x31,0x45,0x29,0x86,0x31,0x65,0x29,
    0x66,0x31,0xc7,0x39,0x49,0x4a,0x0c,0x63,0x08,0x42,0x24,0x21,0xe3,0x18,0x41,0x08,
    0xa2,0x10,0xe7,0x39,0x24,0x21,0xa6,0x31,0x24,0x21,0xe7,0x39,0xeb,0x5a,0xe7,0x39,
    0x24,0x21,0xa6,0x31,0x86,0x31,0x45,0x29,0xa6,0x31,0x65,0x29,0x45,0x29,0x04,0x21,
    0xc3,0x18,0x82,0x10,0x45,0x29,0x45,0x29,0x86,0x31,0xc7,0x39,0x49,0x4a,0x69,0x4a,
    0x28,0x42,0x45,0x29,0x45,0x29,0x24,0x21,0x03,0x19,0x20,0x00,0x20,0x00,0x41,0x08,
    0x61,0x08,0xa2,0x10,0xc3,0x18,0xc3,0x18,0xa2,0x10,0x82,0x10,0x61,0x08,0x41,0x08,
    0xe3,0x18,0xe3,0x18,0x04,0x21,0xe4,0x18,0x45,0x29,0xe3,0x18,0x82,0x10,0x61,0x08,
    0x82,0x10,0x61,0x08,0x40,0x08,0x20,0x00,0x20,0x00,0x40,0x08,0x41,0x08,0x61,0x08,
    0x82,0x10,0xc3,0x18,0x24,0x21,0x24,0x21,0x24,0x21,0xc3,0x18,0x82,0x10,0x61,0x08,
    0x41,0x08,0x41,0x08,0x82,0x10,0xe3,0x18,0xa2,0x10,0x20,0x00,0x61,0x08,0xa2,0x10,
    0xc3,0x18,0xe3,0x18,0xe3,0x18,0xe3,0x18,0xc3,0x18,0xcb,0x5a,0x45,0x29,0xa6,0x31,
    0xa6,0x31,0x8a,0x52,0x69,0x4a,0xa6,0x31,0x24,0x21,0x69,0x4a,0xc7,0x39,0x6d,0x6b,
    0x4d,0x6b,0x51,0x8c,0x8e,0x73,0x08,0x42,0xa6,0x31,0x86,0x31,0x8a,0x52,0x08,0x42,
    0x04,0x21,0x49,0x4a,0xe7,0x39,0x45,0x29,0xe3,0x18,0xa2,0x10,0xa2,0x10,0xc3,0x18,
    0x24,0x21,0xe3,0x18,0xc7,0x39,0xa2,0x10,0x04,0x21,0x4d,0x6b,0x6d,0x6b,0x2c,0x63,
    0x86,0x31,0x65,0x31,0x30,0x84,0x96,0xb5,0xb6,0xb5,0xf3,0x9c,0x4c,0x6b,0xaa,0x52,
    0x08,0x42,0x69,0x4a,0x8a,0x52,0xaa,0x52,0x28,0x42,0x45,0x29,0xa2,0x10,0xa2,0x10,
    0x82,0x10,0x82,0x10,0xc3,0x18,0xe3,0x18,0xe3,0x18,0xa6,0x31,0xc3,0x18,0x82,0x10,
    0xe3,0x18,0x04,0x21,0x04,0x21,0x28,0x42,0x49,0x4a,0x86,0x31,0x49,0x4a,0x8a,0x52,
    0xe7,0x39,0x08,0x42,0xe7,0x39,0x28,0x42,0x49,0x4a,0x08,0x42,0x08,0x42,0xaa,0x52,
    0xcf,0x7b,0x8a,0x52,0x08,0x42,0x8a,0x52,0x49,0x4a,0x07,0x42,0xa6,0x31,0x86,0x31,
    0xe7,0x39,0x69,0x4a,0x49,0x4a,0x69,0x4a,0xeb,0x5a,0x8e,0x73,0xef,0x7b,0xef,0x7b,
    0xcb,0x5a,0x8e,0x73,0x4d,0x6b,0xeb,0x5a,0x2c,0x63,0x30,0x84,0xef,0x7b,0x8e,0x73,
    0x8e,0x73,0x4d,0x6b,0x8e,0x73,0x8a,0x52,0x8a,0x52,0xae,0x7b,0xeb,0x5a,0x0c,0x63,
    0x6d,0x6b,0xaa,0x52,0xaa,0x52,0xcb,0x5a,0x8a,0x52,0xcb,0x5a,0x8a,0x52,0x8a,0x52,
    0x8a,0x52,0x4c,0x6b,0x2c,0x63,0x2c,0x63,0x6d,0x6b,0xaa,0x5a,0x0f,0x84,0x51,0x8c,
    0x6d,0x6b,0xeb,0x5a,0x0c,0x63,0x6d,0x73,0xef,0x7b,0xef,0x7b,0x8e,0x73,0x4d,0x6b,
    0x2c,0x63,0x2c,0x63,0xeb,0x5a,0x28,0x42,0x28,0x42,0x08,0x42,0xa6,0x31,0x49,0x4a,
    0x28,0x42,0xe8,0x39,0xe7,0x39,0xcb,0x5a,0x0b,0x63,0x49,0x4a,0x86,0x31,0xc3,0x18,
    0x45,0x29,0x49,0x4a,0x08,0x42,0x65,0x29,0x45,0x29,0x28,0x42,0xa6,0x31,0xe7,0x39,
    0x86,0x31,0xc3,0x18,0x04,0x21,0x86,0x31,0x69,0x4a,0xc7,0x39,0xc3,0x18,0xa2,0x10,
    0x61,0x08,0x61,0x08,0xa6,0x31,0xe3,0x18,0x65,0x29,0x45,0x29,0x0b,0x63,0x28,0x42,
    0xa2,0x10,0xe3,0x18,0xc3,0x18,0x82,0x10,0xa2,0x10,0x82,0x10,0x82,0x10,0x81,0x10,
    0x61,0x08,0x82,0x10,0x24,0x21,0x65,0x29,0x86,0x31,0xa6,0x31,0x28,0x42,0x69,0x4a,
    0x08,0x42,0x45,0x29,0x24,0x21,0x24,0x21,0x04,0x21,0x20,0x00,0x20,0x00,0x41,0x08,
    0x61,0x08,0xa2,0x10,0xc3,0x18,0xa2,0x10,0xe3,0x18,0xe3,0x18,0xa2,0x10,0xa2,0x10,
    0xe3,0x18,0xc3,0x18,0xe3,0x18,0x04,0x21,0x45,0x29,0xe3,0x18,0x82,0x10,0x61,0x08,
    0x82,0x10,0x61,0x08,0x41,0x00,0x20,0x00,0x20,0x00,0x40,0x00,0x41,0x08,0x61,0x08,
    0xa2,0x10,0x04,0x21,0x24,0x21,0x04,0x21,0x24,0x21,0xe3,0x18,0x82,0x10,0x61,0x08,
    0x41,0x08,0x41,0x08,0x41,0x08,0x20,0x00,0x41,0x08,0x61,0x08,0x82,0x10,0xa2,0x10,
    0xc3,0x18,0xa2,0x10,0x86,0x31,0xe3,0x18,0x28,0x42,0x08,0x42,0x65,0x29,0xa6,0x31,
    0x49,0x4a,0x49,0x4a,0xe7,0x39,0x24,0x21,0x08,0x42,0xc7,0x39,0xe7,0x39,0xc7,0x39,
    0xef,0x7b,0xcb,0x5a,0xef,0x7b,0xeb,0x5a,0x49,0x4a,0x28,0x42,0xaa,0x52,0xc7,0x39,
    0x08,0x42,0x86,0x31,0x65,0x29,0x24,0x21,0x41,0x08,0xa2,0x10,0xc3,0x18,0x24,0x21,
    0xe3,0x18,0xa6,0x31,0x04,0x21,0xc3,0x18,0x0c,0x63,0x6d,0x6b,0x0c,0x63,0x08,0x42,
    0x86,0x31,0x51,0x8c,0xb6,0xb5,0xd3,0x9c,0x8e,0x73,0xc7,0x39,0x24,0x21,0xc2,0x18,
    0xc2,0x18,0x82,0x10,0x45,0x29,0x24,0x21,0xc3,0x18,0x45,0x29,0xc7,0x39,0xe7,0x39,
    0x86,0x31,0x44,0x29,0xe3,0x18,0xa2,0x10,0xc3,0x18,0x45,0x29,0x08,0x42,0xa6,0x31,
    0x86,0x31,0xa6,0x31,0xa6,0x31,0xc7,0x39,0xe7,0x39,0xae,0x73,0x2c,0x63,0xa6,0x31,
    0x86,0x31,0x86,0x31,0x86,0x31,0xa6,0x31,0xc7,0x39,0xc7,0x39,0x69,0x4a,0xcf,0x7b,
    0xaa,0x52,0xe7,0x39,0xaa,0x52,0x28,0x42,0x08,0x42,0x08,0x42,0x49,0x4a,0x28,0x42,
    0xe7,0x39,0xc7,0x39,0x49,0x4a,0xaa,0x52,0xeb,0x5a,0x2c,0x63,0x8d,0x73,0x10,0x84,
    0xcf,0x7b,0xae,0x73,0x30,0x84,0xeb,0x5a,0x4d,0x6b,0x10,0x84,0xf3,0x9c,0xef,0x7b,
    0x2c,0x63,0x10,0x84,0xcf,0x7b,0xeb,0x62,0x6d,0x73,0xcf,0x7b,0x2c,0x63,0xae,0x73,
    0x0c,0x63,0x6d,0x6b,0x2c,0x63,0x8a,0x52,0x6d,0x73,0x8e,0x73,0x8a,0x52,0x8a,0x52,
    0x49,0x4a,0xcb,0x5a,0x69,0x4a,0x2c,0x63,0x0c,0x63,0xae,0x7b,0x8e,0x73,0x0c,0x63,
    0x6d,0x6b,0xae,0x7b,0xcf,0x7b,0x4d,0x6b,0x0c,0x63,0x8e,0x73,0xcf,0x7b,0x8e,0x73,
    0x4d,0x6b,0x4c,0x6b,0x0c,0x63,0x6d,0x6b,0x4d,0x6b,0xeb,0x5a,0xc7,0x39,0xc7,0x39,
    0xe7,0x39,0x08,0x42,0x0c,0x63,0x8e,0x73,0x0c,0x63,0x8a,0x52,0x8a,0x52,0xaa,0x52,
    0x65,0x29,0xa6,0x31,0x8a,0x52,0x69,0x4a,0x08,0x42,0x45,0x29,0x48,0x4a,0x69,0x4a,
    0x0c,0x63,0x8a,0x52,0x04,0x21,0x61,0x08,0xe3,0x18,0x28,0x42,0x08,0x42,0x45,0x29,
    0xe3,0x18,0x61,0x08,0xe3,0x18,0x65,0x29,0x45,0x29,0xc3,0x18,0xaa,0x52,0x8a,0x52,
    0xa2,0x10,0xc3,0x18,0xe3,0x18,0xa2,0x10,0xa2,0x10,0x61,0x08,0x61,0x08,0x61,0x08,
    0x40,0x00,0x61,0x08,0x04,0x21,0x45,0x29,0x65,0x31,0xa6,0x31,0x49,0x4a,0xaa,0x52,
    0x28,0x42,0x45,0x29,0x24,0x21,0x24,0x21,0x04,0x21,0x20,0x00,0x20,0x00,0x41,0x08,
    0x61,0x08,0xa2,0x10,0xc3,0x18,0xa2,0x10,0x04,0x21,0x45,0x29,0x86,0x31,0xe3,0x18,
    0xe3,0x18,0xe3,0x18,0x04,0x21,0x04,0x21,0x65,0x29,0xe3,0x18,0x61,0x08,0x41,0x08,
    0x82,0x10,0x61,0x08,0x41,0x00,0x20,0x00,0x20,0x00,0x41,0x08,0x41,0x08,0x61,0x08,
    0xc3,0x18,0x45,0x29,0x45,0x29,0x24,0x21,0x24,0x21,0x04,0x21,0xa2,0x10,0x61,0x08,
    0x61,0x08,0x40,0x00,0x00,0x00,0x41,0x08,0x41,0x08,0x41,0x08,0x61,0x08,0x82,0x10,
    0xa2,0x10,0x04,0x21,0x86,0x31,0xa7,0x39,0x69,0x52,0x65,0x29,0x08,0x42,0xc7,0x39,
    0x8a,0x52,0xe7,0x39,0x24,0x21,0x8a,0x52,0xa6,0x31,0x08,0x42,0xa6,0x31,0x04,0x21,
    0x86,0x31,0xcb,0x5a,0x49,0x4a,0x8e,0x73,0x8a,0x52,0x08,0x42,0x28,0x42,0x45,0x29,
    0x04,0x21,0x65,0x29,0x86,0x31,0x61,0x08,0xa2,0x10,0x03,0x19,0xe3,0x18,0xe3,0x18,
    0x65,0x29,0x86,0x31,0xe3,0x18,0xaa,0x5a,0xcf,0x7b,0xcb,0x5a,0x49,0x4a,0xc7,0x39,
    0x71,0x8c,0x34,0xa5,0x0f,0x84,0xcb,0x5a,0x86,0x31,0xa6,0x31,0xc7,0x39,0xa6,0x31,
    0x86,0x31,0x08,0x42,0x08,0x3a,0x45,0x29,0x24,0x21,0xc3,0x18,0xa2,0x10,0xa2,0x10,
    0xe3,0x20,0x65,0x29,0x28,0x42,0xca,0x52,0x8a,0x52,0x8a,0x52,0x8a,0x52,0x8a,0x52,
    0x48,0x42,0xe7,0x39,0x28,0x42,0xe7,0x39,0x4d,0x6b,0x8e,0x73,0x49,0x4a,0x49,0x4a,
    0x49,0x4a,0xaa,0x52,0xaa,0x52,0xeb,0x5a,0xaa,0x52,0x4c,0x6b,0x8e,0x73,0x0c,0x63,
    0x48,0x4a,0xeb,0x5a,0x28,0x42,0x08,0x42,0x08,0x42,0xc7,0x39,0xe7,0x39,0x69,0x4a,
    0xaa,0x52,0x6d,0x6b,0x0f,0x84,0xae,0x73,0x2c,0x63,0x8e,0x73,0xae,0x73,0xae,0x73,
    0xf3,0x9c,0x34,0xa5,0xd3,0x9c,0xcf,0x7b,0x6d,0x6b,0x51,0x8c,0x55,0xad,0x30,0x84,
    0xae,0x73,0xd3,0x9c,0x51,0x8c,0xcf,0x7b,0xcf,0x7b,0x2c,0x63,0xae,0x73,0x30,0x84,
    0x2c,0x63,0xae,0x73,0xae,0x73,0xcf,0x7b,0xef,0x7b,0xcb,0x5a,0xeb,0x5a,0x4d,0x6b,
    0x0c,0x63,0xcb,0x5a,0x69,0x4a,0x0c,0x63,0x8e,0x73,0x6d,0x6b,0xae,0x7b,0x30,0x84,
    0x30,0x8c,0x51,0x8c,0x51,0x8c,0xcf,0x7b,0x8e,0x73,0x6d,0x6b,0xcf,0x7b,0x51,0x8c,
    0xef,0x7b,0x6d,0x6b,0xcf,0x7b,0x8e,0x73,0xaa,0x52,0x0c,0x63,0xaa,0x52,0x86,0x31,
    0x28,0x42,0xa6,0x31,0x86,0x31,0xaa,0x52,0x71,0x8c,0xef,0x7b,0x4c,0x6b,0x49,0x4a,
    0xaa,0x52,0x28,0x42,0x8a,0x52,0x6d,0x6b,0xef,0x7b,0xcf,0x7b,0x8a,0x52,0x28,0x42,
    0x0c,0x63,0xef,0x83,0x4d,0x6b,0xa6,0x31,0x82,0x10,0xe3,0x18,0xa6,0x31,0x08,0x42,
    0x04,0x21,0xe3,0x18,0x82,0x10,0x04,0x21,0x65,0x29,0x04,0x21,0x08,0x42,0x2c,0x63,
    0xe3,0x18,0xc3,0x10,0xc7,0x39,0x65,0x29,0x44,0x29,0xa2,0x10,0x61,0x08,0x61,0x08,
    0x41,0x08,0x41,0x08,0x24,0x21,0x24,0x21,0x65,0x29,0xa6,0x31,0x69,0x4a,0xcb,0x5a,
    0x28,0x42,0x45,0x29,0x45,0x29,0x24,0x21,0x04,0x21,0x20,0x00,0x20,0x00,0x41,0x08,
    0x61,0x08,0xa2,0x10,0xc3,0x18,0xa2,0x10,0x04,0x21,0x45,0x29,0x45,0x29,0xe3,0x18,
    0xe3,0x18,0xc3,0x18,0x04,0x21,0x04,0x21,0x45,0x29,0x04,0x21,0x61,0x08,0x41,0x08,
    0x82,0x10,0x61,0x08,0x40,0x08,0x20,0x00,0x20,0x00,0x41,0x08,0x41,0x08,0x61,0x08,
    0xc3,0x18,0x44,0x29,0x86,0x31,0x65,0x29,0x04,0x21,0x04,0x19,0xa2,0x10,0x61,0x08,
    0x41,0x08,0x41,0x08,0x20,0x00,0x40,0x08,0x41,0x08,0x61,0x08,0x61,0x08,0x82,0x10,
    0xe3,0x18,0x65,0x31,0xa6,0x31,0xab,0x5a,0xc7,0x39,0x08,0x42,0x86,0x31,0x49,0x4a,
    0x08,0x42,0xa2,0x10,0xe7,0x39,0x2c,0x63,0x49,0x4a,0xc7,0x39,0xc3,0x18,0xc3,0x18,
    0xc3,0x18,0x08,0x42,0x6d,0x6b,0x08,0x42,0x45,0x29,0x65,0x29,0xc3,0x18,0xc3,0x18,
    0x04,0x21,0xc7,0x39,0x24,0x21,0x61,0x08,0xe3,0x18,0xe3,0x18,0xa2,0x10,0x04,0x21,
    0xc7,0x39,0x24,0x21,0x49,0x4a,0xae,0x73,0xeb,0x5a,0xcb,0x5a,0xe7,0x41,0x10,0x84,
    0x71,0x8c,0x4d,0x6b,0xeb,0x5a,0xc7,0x39,0x45,0x29,0xa6,0x31,0x04,0x21,0xa2,0x10,
    0x65,0x29,0x24,0x21,0x61,0x08,0xa2,0x10,0x04,0x21,0x45,0x29,0xc7,0x39,0x69,0x4a,
    0x69,0x4a,0xaa,0x52,0x8a,0x52,0x28,0x42,0xe7,0x39,0xe7,0x39,0x28,0x42,0x49,0x4a,
    0x69,0x4a,0xeb,0x5a,0x69,0x4a,0xcf,0x7b,0xae,0x73,0x49,0x4a,0x49,0x4a,0xcb,0x5a,
    0x2c,0x63,0x2c,0x63,0x0b,0x63,0x8a,0x52,0xef,0x7b,0x4d,0x6b,0x4d,0x6b,0x4d,0x6b,
    0xeb,0x5a,0x08,0x42,0x69,0x4a,0x28,0x42,0xa6,0x31,0x28,0x42,0xaa,0x52,0xeb,0x5a,
    0xeb,0x5a,0xaa,0x5a,0x0c,0x63,0x10,0x84,0x50,0x8c,0x10,0x84,0x92,0x94,0xd2,0x9c,
    0x51,0x8c,0x71,0x8c,0x54,0xa5,0x51,0x8c,0x71,0x8c,0x30,0x84,0x13,0xa5,0xd3,0x9c,
    0x10,0x84,0xf3,0x9c,0x71,0x8c,0x8e,0x73,0x92,0x94,0x71,0x8c,0xcf,0x7b,0x30,0x84,
    0x71,0x8c,0x51,0x8c,0xef,0x7b,0x50,0x8c,0xae,0x73,0x6d,0x6b,0xcf,0x7b,0x6d,0x6b,
    0xae,0x73,0xcb,0x5a,0xae,0x73,0x6d,0x6b,0x10,0x84,0x10,0x84,0xae,0x7b,0x8e,0x73,
    0x6d,0x6b,0xae,0x73,0xef,0x7b,0x10,0x84,0x6e,0x73,0x8e,0x73,0x8e,0x73,0xae,0x73,
    0x92,0x94,0xd3,0x9c,0xef,0x7b,0x2c,0x63,0x2c,0x63,0x8a,0x52,0xeb,0x5a,0xe7,0x39,
    0xc7,0x39,0x48,0x4a,0x24,0x21,0xe3,0x18,0xc7,0x39,0xcf,0x7b,0x30,0x84,0xae,0x73,
    0x49,0x4a,0xaa,0x52,0x28,0x42,0xaa,0x52,0x8e,0x73,0x71,0x8c,0x92,0x94,0xaa,0x52,
    0x8a,0x52,0xaa,0x52,0xaa,0x52,0xc7,0x39,0xa2,0x10,0xa2,0x10,0x24,0x21,0x04,0x21,
    0x65,0x29,0x04,0x21,0x04,0x21,0xa2,0x10,0x04,0x21,0x03,0x19,0x86,0x31,0x6d,0x6b,
    0x65,0x29,0x41,0x08,0xa6,0x31,0x28,0x42,0xe7,0x39,0x04,0x19,0x61,0x08,0x61,0x08,
    0x41,0x08,0x20,0x00,0x45,0x29,0x45,0x29,0x65,0x29,0xc7,0x39,0x69,0x4a,0x49,0x4a,
    0x49,0x4a,0x65,0x29,0x45,0x29,0x45,0x29,0x04,0x21,0x20,0x00,0x20,0x00,0x41,0x08,
    0x61,0x08,0xa2,0x10,0xc3,0x18,0xa2,0x10,0x04,0x21,0x04,0x21,0xc3,0x18,0xe3,0x18,
    0xe3,0x18,0xc3,0x18,0xe3,0x18,0xc3,0x18,0x44,0x29,0x04,0x21,0x61,0x08,0x41,0x08,
    0x82,0x10,0x61,0x08,0x40,0x00,0x20,0x00,0x20,0x00,0x41,0x08,0x41,0x08,0x61,0x08,
    0x82,0x10,0xc3,0x18,0x45,0x29,0x45,0x29,0xe3,0x18,0xe3,0x18,0xa2,0x10,0x81,0x08,
    0x41,0x08,0x41,0x08,0x20,0x00,0x41,0x08,0x41,0x08,0x41,0x08,0x61,0x10,0xa2,0x10,
    0xa6,0x31,0x65,0x29,0x0c,0x63,0xaa,0x52,0x69,0x4a,0xa6,0x31,0xc7,0x39,0x69,0x4a,
    0x82,0x10,0xa6,0x31,0x69,0x4a,0xa6,0x31,0x69,0x4a,0x86,0x31,0x24,0x21,0xe7,0x39,
    0xc7,0x39,0x86,0x31,0x65,0x29,0x86,0x31,0x04,0x21,0x04,0x21,0xa2,0x10,0x04,0x21,
    0x24,0x21,0x28,0x42,0xa2,0x10,0x04,0x19,0x45,0x29,0xa2,0x10,0xc3,0x18,0x65,0x31,
    0x65,0x29,0x49,0x4a,0x6d,0x6b,0xae,0x73,0xcb,0x5a,0x28,0x42,0x10,0x84,0x8e,0x73,
    0x69,0x4a,0x0c,0x63,0x08,0x42,0x65,0x29,0x66,0x31,0x04,0x21,0x82,0x10,0x65,0x29,
    0x45,0x29,0x41,0x08,0x61,0x08,0x61,0x08,0xc3,0x18,0x65,0x29,0xc6,0x39,0xa6,0x31,
    0x86,0x31,0xc7,0x39,0x08,0x3a,0x49,0x4a,0x8a,0x52,0xaa,0x52,0xaa,0x52,0xaa,0x52,
    0xcb,0x5a,0x49,0x4a,0x10,0x84,0x10,0x84,0x0c,0x63,0x6d,0x6b,0x4c,0x6b,0xcb,0x5a,
    0x28,0x42,0x28,0x4a,0x69,0x4a,0xae,0x7b,0x8e,0x73,0xcf,0x7b,0x30,0x84,0x0b,0x63,
    0x08,0x42,0xcb,0x5a,0x28,0x42,0x65,0x29,0xe7,0x39,0x08,0x42,0x08,0x42,0x28,0x42,
    0x89,0x52,0xaa,0x52,0xeb,0x5a,0x4d,0x6b,0x0f,0x84,0xf3,0x9c,0xd3,0x9c,0xf3,0x9c,
    0x55,0xad,0xf3,0x9c,0x96,0xb5,0xb2,0x94,0xf3,0x9c,0x14,0xa5,0xb2,0x94,0x55,0xad,
    0xb2,0x94,0xb2,0x94,0x92,0x94,0x92,0x94,0x14,0xa5,0xd3,0x9c,0xb2,0x94,0x92,0x94,
    0xf3,0x9c,0x14,0xa5,0x71,0x8c,0x51,0x8c,0x51,0x8c,0x30,0x84,0xcf,0x7b,0x8e,0x73,
    0xef,0x7b,0xcf,0x7b,0xcf,0x7b,0x30,0x84,0xef,0x7b,0x71,0x8c,0x71,0x8c,0x10,0x84,
    0x10,0x84,0x10,0x84,0xef,0x7b,0xcf,0x7b,0x8e,0x73,0x50,0x8c,0x92,0x94,0x92,0x94,
    0x51,0x8c,0xcf,0x7b,0x10,0x84,0xae,0x73,0xae,0x73,0xeb,0x5a,0xaa,0x52,0xeb,0x62,
    0xa6,0x31,0x28,0x4a,0x65,0x29,0xe3,0x18,0xc3,0x18,0x65,0x29,0x2c,0x63,0xb2,0x94,
    0xb2,0x94,0x49,0x4a,0x86,0x31,0xa6,0x39,0x0c,0x63,0x4d,0x6b,0x30,0x8c,0x14,0xa5,
    0xae,0x73,0xeb,0x5a,0x8a,0x52,0x28,0x42,0xa2,0x10,0x82,0x10,0x04,0x21,0xe3,0x18,
    0xc2,0x18,0x65,0x29,0xc3,0x18,0xe3,0x18,0x04,0x21,0x04,0x21,0xa2,0x10,0x4d,0x6b,
    0xc7,0x39,0xc3,0x18,0x82,0x10,0x45,0x29,0x04,0x21,0xa2,0x10,0x61,0x08,0x61,0x08,
    0x41,0x08,0x20,0x00,0x45,0x29,0x45,0x29,0x86,0x31,0xe7,0x39,0x28,0x4a,0xe7,0x39,
    0xe7,0x39,0x65,0x29,0x45,0x29,0x45,0x29,0x04,0x21,0x20,0x00,0x20,0x00,0x41,0x08,
    0x61,0x08,0xa2,0x10,0xc3,0x18,0xa2,0x10,0x45,0x29,0x45,0x29,0x45,0x29,0xe3,0x18,
    0xc3,0x18,0xe3,0x18,0x03,0x19,0xe3,0x18,0x24,0x21,0x04,0x21,0x61,0x08,0x41,0x08,
    0x82,0x10,0x61,0x08,0x41,0x08,0x20,0x00,0x20,0x00,0x41,0x08,0x41,0x08,0x61,0x08,
    0xa2,0x10,0x24,0x21,0x86,0x31,0xa6,0x31,0x65,0x29,0x04,0x21,0xa2,0x10,0x61,0x10,
    0x61,0x08,0x41,0x08,0x20,0x00,0x41,0x08,0x41,0x08,0x61,0x08,0x82,0x10,0xe4,0x18,
    0xa6,0x31,0xa6,0x31,0xec,0x5a,0xeb,0x5a,0x8a,0x52,0xe3,0x18,0x69,0x4a,0xa2,0x10,
    0xa6,0x31,0x48,0x4a,0x04,0x21,0x82,0x10,0x8a,0x52,0x2c,0x63,0x69,0x4a,0xa6,0x31,
    0x45,0x29,0xa2,0x10,0x61,0x08,0xa2,0x10,0xe3,0x18,0x04,0x21,0x24,0x21,0x04,0x21,
    0xa6,0x31,0x08,0x42,0x61,0x08,0xc3,0x18,0xa2,0x10,0x03,0x21,0x45,0x29,0x65,0x29,
    0x08,0x42,0x69,0x4a,0xcf,0x7b,0xef,0x7b,0x49,0x4a,0xae,0x7b,0x0c,0x63,0x08,0x42,
    0x4d,0x6b,0x69,0x4a,0x65,0x29,0x65,0x29,0x65,0x29,0x82,0x10,0x86,0x31,0x65,0x29,
    0x61,0x08,0x61,0x08,0xc3,0x18,0xa6,0x31,0xe7,0x39,0xa6,0x31,0x45,0x29,0x45,0x29,
    0x86,0x31,0xc7,0x39,0xe7,0x39,0x08,0x42,0x28,0x42,0x28,0x42,0x28,0x42,0x8a,0x52,
    0xcb,0x5a,0x30,0x84,0x30,0x84,0xae,0x73,0xcf,0x7b,0x4d,0x6b,0xcb,0x5a,0xcb,0x5a,
    0x4d,0x6b,0xae,0x73,0x51,0x8c,0x4d,0x6b,0xae,0x73,0xd2,0x9c,0x0b,0x63,0xaa,0x52,
    0x4d,0x6b,0x28,0x42,0x08,0x42,0xeb,0x5a,0xcb,0x5a,0xaa,0x52,0xaa,0x52,0xeb,0x5a,
    0xeb,0x62,0x4c,0x6b,0x6d,0x73,0xce,0x7b,0x13,0xa5,0xb6,0xb5,0xb6,0xb5,0x96,0xb5,
    0xb6,0xb5,0xd6,0xbd,0xb6,0xb5,0xf3,0x9c,0x75,0xb5,0x96,0xb5,0x55,0xad,0x34,0xa5,
    0x96,0xb5,0x96,0xb5,0x96,0xb5,0x55,0xad,0x75,0xad,0x55,0xad,0x75,0xad,0x54,0xad,
    0x55,0xad,0x55,0xad,0x34,0xa5,0x34,0xa5,0xf3,0x9c,0xf0,0x83,0xae,0x73,0x50,0x8c,
    0x92,0x94,0xf3,0x9c,0x0f,0x84,0x92,0x94,0x30,0x84,0x71,0x8c,0x71,0x8c,0x30,0x84,
    0x71,0x8c,0x92,0x94,0xd2,0x9c,0xb2,0x94,0xef,0x7b,0xcf,0x7b,0x30,0x84,0xef,0x7b,
    0xce,0x7b,0xef,0x7b,0xef,0x83,0xef,0x7b,0x30,0x84,0xcf,0x7b,0xaa,0x52,0xcb,0x5a,
    0xcb,0x5a,0x69,0x4a,0x8a,0x52,0x04,0x21,0x24,0x21,0xa2,0x18,0x24,0x21,0xcb,0x5a,
    0xb2,0x94,0xef,0x83,0xaa,0x52,0xe7,0x39,0x08,0x42,0xae,0x73,0x10,0x84,0x30,0x84,
    0x14,0xa5,0x51,0x8c,0x4c,0x6b,0x4d,0x6b,0xa6,0x31,0x41,0x08,0xe3,0x18,0x82,0x10,
    0x81,0x08,0x45,0x29,0x65,0x29,0x81,0x10,0xe3,0x18,0x24,0x21,0x61,0x08,0x2c,0x63,
    0x86,0x31,0x86,0x31,0xc3,0x18,0xc3,0x18,0xa2,0x10,0x82,0x10,0x61,0x08,0x61,0x08,
    0x41,0x08,0x41,0x08,0x85,0x31,0x24,0x21,0x86,0x31,0x08,0x42,0xa6,0x31,0x86,0x31,
    0x65,0x29,0x65,0x29,0x45,0x29,0x45,0x29,0x04,0x21,0x20,0x00,0x20,0x00,0x41,0x08,
    0x61,0x08,0xa2,0x10,0xe3,0x18,0xa2,0x10,0x24,0x21,0xa2,0x10,0xc3,0x18,0x82,0x10,
    0xa2,0x10,0xe3,0x18,0xe3,0x18,0xc3,0x18,0x24,0x21,0x04,0x21,0x82,0x08,0x41,0x08,
    0x82,0x10,0x61,0x08,0x41,0x08,0x20,0x00,0x21,0x00,0x41,0x08,0x41,0x08,0x82,0x10,
    0xc3,0x18,0x65,0x29,0x86,0x31,0x65,0x29,0x65,0x29,0x24,0x21,0xc3,0x18,0x82,0x10,
    0x61,0x08,0x41,0x08,0x20,0x00,0x41,0x08,0x41,0x08,0x61,0x08,0x61,0x08,0x65,0x29,
    0x65,0x29,0x48,0x42,0x2c,0x63,0xae,0x73,0xe3,0x18,0x08,0x42,0x65,0x29,0x45,0x29,
    0x69,0x4a,0x82,0x10,0x65,0x29,0x49,0x4a,0x08,0x42,0xaa,0x52,0xa6,0x31,0xc2,0x10,
    0xe3,0x18,0xe3,0x18,0x82,0x10,0xa2,0x18,0xe3,0x18,0xc3,0x18,0x24,0x21,0x04,0x21,
    0x49,0x4a,0x65,0x29,0xa2,0x10,0x82,0x10,0x04,0x21,0x24,0x21,0x24,0x21,0x86,0x31,
    0xaa,0x52,0x69,0x4a,0x71,0x8c,0xe7,0x39,0x6d,0x6b,0x2c,0x63,0xc7,0x39,0x0c,0x63,
    0xeb,0x5a,0x86,0x31,0x45,0x29,0xa6,0x31,0xc2,0x18,0x65,0x29,0xa6,0x31,0x61,0x08,
    0xa2,0x10,0x65,0x29,0xc7,0x39,0x86,0x31,0x24,0x21,0x65,0x29,0xe7,0x39,0x69,0x4a,
    0x8a,0x52,0xcb,0x5a,0x0c,0x63,0x6d,0x6b,0x8e,0x73,0x8e,0x73,0x4d,0x6b,0x8e,0x73,
    0xd3,0x9c,0x51,0x8c,0x6d,0x6b,0x2c,0x63,0xcb,0x5a,0x2c,0x63,0xef,0x7b,0x71,0x8c,
    0x71,0x8c,0x30,0x84,0x6d,0x6b,0xef,0x7b,0x14,0xa5,0x8e,0x73,0x6d,0x6b,0x6d,0x6b,
    0x69,0x4a,0xcb,0x5a,0x2c,0x6b,0x0c,0x63,0xcb,0x5a,0x0c,0x63,0x4c,0x6b,0x4d,0x6b,
    0x8e,0x73,0xef,0x7b,0x71,0x8c,0x51,0x8c,0x10,0x84,0x54,0xad,0xf7,0xbd,0x18,0xc6,
    0x18,0xc6,0xf7,0xbd,0x96,0xb5,0x75,0xad,0xd7,0xbd,0xd7,0xbd,0xd6,0xb5,0xb6,0xb5,
    0xd7,0xbd,0xd7,0xbd,0xb6,0xb5,0x75,0xad,0xb6,0xb5,0xb6,0xb5,0x96,0xb5,0x96,0xb5,
    0x96,0xb5,0xb6,0xb5,0x96,0xb5,0x55,0xad,0xd3,0x9c,0x92,0x94,0x92,0x94,0xb2,0x94,
    0x13,0xa5,0x34,0xa5,0x92,0x94,0x71,0x8c,0x92,0x94,0x51,0x8c,0x30,0x84,0xef,0x7b,
    0x30,0x84,0x30,0x84,0xef,0x7b,0xce,0x7b,0xae,0x73,0xcf,0x7b,0x6d,0x6b,0xcf,0x7b,
    0xae,0x73,0x6d,0x6b,0x8e,0x73,0x4d,0x6b,0x8e,0x73,0xcf,0x7b,0x6d,0x73,0x0c,0x63,
    0x0c,0x63,0x8a,0x52,0xeb,0x5a,0xe7,0x39,0x04,0x21,0x24,0x21,0xa2,0x10,0x04,0x21,
    0x8a,0x52,0x0b,0x63,0x8e,0x73,0x10,0x84,0x28,0x42,0xe7,0x39,0x30,0x8c,0xb2,0x94,
    0xef,0x7b,0x14,0xa5,0x10,0x84,0xae,0x73,0xeb,0x5a,0xe3,0x18,0xe3,0x18,0x04,0x21,
    0x61,0x08,0x82,0x10,0x86,0x31,0x65,0x29,0x41,0x08,0xc3,0x10,0xa2,0x10,0x2c,0x63,
    0xc7,0x39,0xa2,0x10,0x28,0x42,0x45,0x29,0x45,0x29,0xe3,0x18,0x82,0x10,0x61,0x08,
    0x41,0x08,0x41,0x08,0xa6,0x31,0x24,0x21,0xa6,0x31,0x08,0x42,0xc7,0x39,0xa6,0x31,
    0x85,0x31,0x65,0x29,0x45,0x29,0x45,0x29,0x24,0x21,0x20,0x00,0x20,0x00,0x41,0x08,
    0x61,0x08,0xa2,0x10,0xe3,0x18,0xa2,0x10,0xe3,0x18,0xc3,0x18,0x61,0x08,0xc3,0x18,
    0xa2,0x10,0xe3,0x18,0xe3,0x18,0xa2,0x10,0x45,0x29,0x04,0x21,0x82,0x10,0x41,0x08,
    0x81,0x10,0x61,0x08,0x41,0x08,0x20,0x00,0x41,0x00,0x41,0x08,0x41,0x08,0x61,0x08,
    0xa2,0x10,0x04,0x21,0x45,0x29,0x04,0x21,0x24,0x21,0x04,0x21,0xc3,0x18,0x82,0x10,
    0x61,0x08,0x41,0x08,0x20,0x00,0x41,0x08,0x41,0x08,0x61,0x08,0x82,0x10,0xc7,0x39,
    0x86,0x31,0x8a,0x52,0x51,0x8c,0x48,0x4a,0xe3,0x18,0x49,0x4a,0x45,0x29,0xe7,0x39,
    0x82,0x10,0x45,0x29,0x49,0x4a,0xaa,0x52,0xa6,0x31,0x45,0x29,0xc7,0x39,0x24,0x29,
    0x44,0x29,0xe3,0x18,0x24,0x21,0x65,0x29,0xe3,0x18,0x45,0x29,0x45,0x21,0x45,0x29,
    0x8a,0x52,0x04,0x21,0x82,0x10,0xa2,0x10,0x65,0x29,0x04,0x21,0x04,0x21,0xcb,0x5a,
    0x69,0x4a,0xae,0x73,0xaa,0x52,0x28,0x42,0xcf,0x7b,0x86,0x31,0x8a,0x52,0x4c,0x6b,
    0xe7,0x39,0x44,0x29,0xa6,0x31,0x44,0x29,0x04,0x21,0xc7,0x39,0x81,0x10,0xe3,0x18,
    0xc7,0x39,0x65,0x29,0x04,0x21,0x45,0x29,0xc7,0x39,0xe7,0x39,0x28,0x42,0x8a,0x52,
    0x8a,0x52,0xaa,0x52,0xeb,0x5a,0xeb,0x5a,0x0c,0x63,0x6d,0x6b,0xce,0x7b,0xb2,0x94,
    0x51,0x8c,0x6d,0x6b,0x8e,0x73,0xae,0x73,0x51,0x8c,0x92,0x94,0x30,0x84,0xae,0x73,
    0x8e,0x73,0xae,0x73,0x71,0x8c,0x34,0xa5,0x4d,0x6b,0x10,0x7c,0xcf,0x7b,0x2c,0x6b,
    0x0b,0x63,0xeb,0x5a,0xcb,0x5a,0x0c,0x63,0x4d,0x6b,0x2c,0x63,0x6d,0x6b,0x10,0x84,
    0xb2,0x94,0xd3,0x9c,0xb2,0x94,0x75,0xb5,0x75,0xad,0x14,0xa5,0x17,0xc6,0x38,0xc6,
    0x18,0xc6,0xf7,0xbd,0x75,0xad,0xb6,0xb5,0xd7,0xbd,0xf7,0xbd,0xf7,0xbd,0xf7,0xbd,
    0xf7,0xbd,0xf7,0xbd,0xb6,0xb5,0x96,0xb5,0xb6,0xb5,0xd7,0xbd,0xd6,0xb5,0xd6,0xbd,
    0xd7,0xbd,0xb6,0xb5,0x96,0xb5,0x55,0xad,0x14,0xa5,0x55,0xad,0xf3,0x9c,0xb2,0x94,
    0x54,0xad,0x34,0xa5,0x14,0xa5,0x30,0x84,0xd2,0x94,0xf3,0x9c,0xf3,0x9c,0x71,0x8c,
    0x10,0x84,0xae,0x73,0x6d,0x6b,0xcf,0x7b,0xce,0x7b,0xef,0x7b,0x71,0x8c,0x10,0x84,
    0x92,0x94,0x50,0x8c,0x30,0x84,0x8e,0x73,0xae,0x73,0xae,0x73,0x6d,0x6b,0x2c,0x63,
    0x4d,0x6b,0x0c,0x63,0x49,0x4a,0x0c,0x63,0x45,0x29,0xe3,0x18,0x03,0x19,0xa2,0x10,
    0x04,0x21,0xe7,0x39,0x69,0x4a,0xef,0x7b,0x34,0xa5,0x4d,0x6b,0xa6,0x31,0x6d,0x73,
    0x92,0x94,0x2c,0x63,0x10,0x84,0xef,0x7b,0x4c,0x6b,0x28,0x4a,0xa2,0x10,0xc7,0x39,
    0x82,0x10,0x61,0x08,0x82,0x10,0x04,0x21,0x45,0x29,0x82,0x10,0x61,0x08,0x4c,0x6b,
    0x69,0x4a,0x41,0x08,0xa6,0x31,0x8a,0x52,0x44,0x29,0xe3,0x18,0xa2,0x10,0x61,0x08,
    0x41,0x08,0x61,0x08,0xa6,0x31,0x24,0x21,0xa6,0x31,0x28,0x42,0xc7,0x39,0xa6,0x31,
    0x65,0x29,0x65,0x29,0x45,0x29,0x65,0x29,0x24,0x21,0x20,0x00,0x20,0x00,0x41,0x08,
    0x61,0x08,0xa2,0x10,0xc3,0x18,0xa2,0x10,0x86,0x31,0x04,0x21,0x04,0x21,0x04,0x21,
    0xc3,0x18,0x24,0x21,0x04,0x21,0xa2,0x10,0x45,0x29,0x04,0x21,0x82,0x10,0x61,0x08,
    0x61,0x08,0x61,0x08,0x41,0x08,0x20,0x00,0x41,0x08,0x41,0x08,0x41,0x08,0x61,0x08,
    0x82,0x08,0xe3,0x18,0x65,0x29,0x44,0x29,0x04,0x21,0x03,0x21,0xc3,0x18,0x82,0x10,
    0x61,0x08,0x41,0x08,0x20,0x00,0x41,0x08,0x41,0x08,0x61,0x08,0xc3,0x18,0x28,0x42,
    0x24,0x21,0xcb,0x52,0x10,0x84,0xa2,0x10,0x28,0x42,0xe7,0x39,0xa6,0x31,0xa2,0x10,
    0x24,0x21,0xe7,0x39,0xc3,0x18,0xe3,0x18,0x28,0x4a,0x08,0x42,0x65,0x29,0xc7,0x39,
    0xe7,0x39,0xe7,0x39,0xe7,0x39,0x04,0x21,0x86,0x31,0x24,0x21,0xc3,0x18,0x24,0x21,
    0xaa,0x52,0xa2,0x10,0x82,0x10,0x24,0x21,0x24,0x21,0x04,0x21,0xe7,0x39,0x4d,0x6b,
    0x08,0x42,0xef,0x7b,0xa6,0x31,0x30,0x84,0xc6,0x39,0x28,0x42,0xeb,0x5a,0x8a,0x52,
    0x65,0x29,0x45,0x29,0xa6,0x31,0xc3,0x18,0xc7,0x39,0xa2,0x10,0x24,0x21,0xa6,0x31,
    0x04,0x21,0x24,0x21,0xa6,0x31,0x07,0x3a,0x49,0x4a,0x8a,0x52,0xeb,0x5a,0x2c,0x63,
    0x2c,0x63,0x6d,0x6b,0xce,0x7b,0xcf,0x7b,0xef,0x7b,0xef,0x7b,0x10,0x84,0x51,0x8c,
    0xae,0x73,0xef,0x7b,0x10,0x84,0x71,0x8c,0x51,0x8c,0xef,0x83,0xcf,0x7b,0x30,0x84,
    0x92,0x94,0xf3,0xa4,0x55,0xad,0xcf,0x7b,0x30,0x84,0x51,0x8c,0xcf,0x7b,0x2c,0x63,
    0x2c,0x63,0x4d,0x6b,0xae,0x73,0x8e,0x73,0x4d,0x6b,0xae,0x73,0x51,0x8c,0x92,0x94,
    0xd2,0x9c,0x34,0xad,0xb6,0xb5,0x96,0xb5,0xb6,0xb5,0xf7,0xbd,0xf7,0xbd,0xf7,0xbd,
    0xd7,0xbd,0xd7,0xbd,0x17,0xc6,0xb6,0xb5,0xd7,0xbd,0xf7,0xbd,0xf7,0xbd,0xf7,0xbd,
    0xd7,0xbd,0x38,0xc6,0xf7,0xbd,0xf7,0xbd,0xd7,0xbd,0xf7,0xbd,0xf7,0xbd,0xd7,0xbd,
    0xf7,0xbd,0xb6,0xb5,0xb6,0xb5,0xb6,0xb5,0xd7,0xbd,0xd6,0xbd,0x75,0xad,0x13,0xa5,
    0x55,0xad,0x54,0xa5,0x54,0xad,0x30,0x8c,0xb2,0x94,0xd3,0x9c,0x92,0x94,0x51,0x8c,
    0x71,0x8c,0xd2,0x9c,0x51,0x8c,0xae,0x73,0x8d,0x73,0x4d,0x6b,0xcf,0x7b,0x30,0x84,
    0x10,0x84,0x92,0x94,0x92,0x94,0x10,0x84,0xcf,0x7b,0xef,0x7b,0xef,0x7b,0x4d,0x6b,
    0x0c,0x63,0xcf,0x7b,0x69,0x4a,0xeb,0x5a,0x69,0x4a,0x04,0x21,0xa2,0x10,0xe3,0x18,
    0xe3,0x18,0x24,0x21,0x86,0x31,0x8a,0x52,0xce,0x7b,0xf3,0x9c,0x50,0x8c,0xe7,0x39,
    0x8e,0x73,0x10,0x84,0xcb,0x5a,0x8e,0x73,0xae,0x73,0x0c,0x63,0x45,0x29,0x86,0x31,
    0x65,0x29,0x82,0x10,0x41,0x08,0x41,0x08,0xa2,0x10,0x24,0x21,0x82,0x10,0xca,0x5a,
    0x8a,0x52,0x82,0x10,0x82,0x10,0x28,0x42,0x04,0x21,0x61,0x08,0x82,0x10,0x61,0x08,
    0x41,0x08,0x82,0x10,0xa6,0x31,0x04,0x21,0xc7,0x39,0x49,0x4a,0xe7,0x39,0xa6,0x31,
    0x86,0x31,0x65,0x29,0x65,0x29,0x65,0x29,0x24,0x21,0x20,0x00,0x20,0x00,0x41,0x08,
    0x61,0x08,0xa2,0x10,0xc3,0x18,0xa2,0x10,0x24,0x21,0x85,0x31,0x24,0x21,0x61,0x08,
    0xe3,0x18,0x24,0x21,0x45,0x21,0xc2,0x10,0x24,0x21,0x24,0x21,0xa2,0x10,0x61,0x08,
    0x61,0x08,0x61,0x08,0x41,0x08,0x20,0x00,0x41,0x08,0x61,0x08,0x41,0x08,0x61,0x08,
    0xa2,0x10,0x04,0x21,0x45,0x29,0x45,0x29,0x24,0x21,0x03,0x19,0xe3,0x18,0xa2,0x10,
    0x61,0x08,0x41,0x08,0x20,0x00,0x41,0x08,0x61,0x08,0x82,0x10,0x04,0x21,0xc7,0x39,
    0x04,0x21,0xae,0x73,0x48,0x4a,0xe3,0x18,0x69,0x4a,0x86,0x29,0xc3,0x18,0x24,0x21,
    0xc7,0x39,0x24,0x21,0x45,0x29,0xa2,0x10,0x61,0x08,0x04,0x21,0x07,0x42,0x45,0x29,
    0x86,0x31,0x69,0x4a,0xc7,0x39,0xc7,0x39,0x24,0x21,0xe3,0x18,0xa2,0x10,0x24,0x21,
    0x49,0x4a,0xa2,0x10,0xa2,0x10,0x24,0x21,0xc3,0x18,0xa6,0x31,0x2c,0x63,0x69,0x4a,
    0xeb,0x5a,0x0c,0x63,0x8e,0x73,0xeb,0x5a,0xa6,0x31,0x49,0x4a,0xeb,0x5a,0xc7,0x39,
    0x45,0x29,0x86,0x31,0x24,0x21,0xa6,0x31,0x04,0x21,0x45,0x29,0x86,0x31,0x04,0x21,
    0x65,0x29,0xc7,0x39,0x28,0x42,0x8a,0x52,0xcb,0x5a,0x2c,0x63,0x4d,0x6b,0x6d,0x6b,
    0xae,0x73,0x10,0x84,0x10,0x84,0x50,0x8c,0x10,0x84,0x30,0x84,0x71,0x8c,0xcf,0x7b,
    0x51,0x8c,0x71,0x8c,0x92,0x94,0x92,0x94,0x92,0x94,0x51,0x8c,0x51,0x8c,0xd3,0x9c,
    0xf3,0x9c,0x34,0xa5,0x51,0x8c,0x51,0x8c,0x92,0x94,0x10,0x84,0x6d,0x6b,0xae,0x73,
    0xef,0x7b,0xef,0x7b,0xae,0x73,0x8e,0x73,0xcf,0x7b,0x51,0x8c,0xb2,0x94,0xf3,0x9c,
    0x34,0xa5,0xb6,0xb5,0x18,0xc6,0x38,0xc6,0x59,0xce,0x59,0xce,0x59,0xce,0x58,0xc6,
    0x58,0xce,0x59,0xce,0x18,0xc6,0x38,0xc6,0x18,0xc6,0xf7,0xc5,0x18,0xc6,0xf7,0xbd,
    0xf7,0xbd,0x18,0xc6,0x38,0xc6,0x17,0xbe,0xf7,0xbd,0xd7,0xbd,0xd6,0xbd,0xd6,0xbd,
    0xd6,0xbd,0xd7,0xbd,0xd7,0xbd,0xf7,0xbd,0xf7,0xbd,0xf7,0xbd,0xd7,0xbd,0x75,0xad,
    0x55,0xad,0x13,0xa5,0xb2,0x94,0xb2,0x94,0x34,0xa5,0xd3,0x9c,0x91,0x94,0x71,0x8c,
    0x91,0x94,0x91,0x8c,0xf3,0x9c,0xb2,0x94,0xce,0x7b,0x4d,0x6b,0x6d,0x6b,0x30,0x84,
    0xef,0x7b,0xef,0x7b,0xd3,0x9c,0x91,0x8c,0xef,0x7b,0x0f,0x84,0x30,0x84,0xef,0x7b,
    0xeb,0x62,0xcf,0x7b,0x2d,0x63,0x8a,0x52,0x6d,0x6b,0x86,0x31,0xe3,0x18,0xa2,0x10,
    0xe3,0x18,0x04,0x21,0x65,0x29,0x86,0x31,0x0b,0x63,0xcb,0x5a,0x6d,0x6b,0x91,0x94,
    0x6d,0x6b,0x6d,0x6b,0xef,0x7b,0x4d,0x6b,0xeb,0x5a,0x0c,0x63,0xaa,0x52,0x65,0x29,
    0x86,0x31,0x04,0x21,0x82,0x10,0xa2,0x10,0x41,0x08,0x82,0x10,0xe3,0x18,0x8a,0x52,
    0xc7,0x39,0xc3,0x18,0x82,0x10,0x44,0x21,0x86,0x31,0x82,0x10,0x61,0x08,0x61,0x08,
    0x41,0x08,0xc3,0x18,0x86,0x31,0x24,0x21,0xc7,0x39,0x49,0x4a,0xe7,0x39,0xa6,0x31,
    0x85,0x31,0x65,0x29,0x65,0x29,0x65,0x29,0x24,0x21,0x20,0x00,0x20,0x00,0x41,0x08,
    0x61,0x08,0xa2,0x10,0xc3,0x18,0xa2,0x10,0x04,0x21,0x65,0x29,0x24,0x21,0xe3,0x18,
    0xe3,0x18,0x45,0x29,0x65,0x29,0xc3,0x18,0x24,0x21,0x24,0x21,0xc3,0x18,0x82,0x10,
    0x41,0x08,0x61,0x08,0x41,0x08,0x20,0x00,0x41,0x08,0x61,0x08,0x41,0x08,0x61,0x08,
    0xa2,0x10,0x04,0x21,0x04,0x19,0xe3,0x18,0xc3,0x18,0xc3,0x18,0xe3,0x18,0xa2,0x10,
    0x61,0x08,0x41,0x08,0x20,0x00,0x41,0x08,0x82,0x10,0x41,0x08,0xc3,0x18,0x08,0x42,
    0xe7,0x39,0x2c,0x63,0x04,0x21,0xe7,0x39,0xa6,0x31,0x45,0x29,0x24,0x21,0x65,0x29,
    0xc7,0x39,0x86,0x31,0xa2,0x10,0xa2,0x10,0xe3,0x18,0x24,0x21,0xe3,0x18,0x82,0x10,
    0x86,0x31,0x69,0x4a,0xe7,0x39,0x45,0x29,0xe3,0x18,0xe3,0x18,0xa2,0x10,0x04,0x21,
    0x28,0x42,0xa2,0x10,0x24,0x21,0xe3,0x18,0x24,0x21,0x8a,0x52,0x6d,0x6b,0xe7,0x39,
    0x4d,0x6b,0xcb,0x5a,0x30,0x84,0x65,0x29,0x08,0x42,0xaa,0x52,0x49,0x4a,0x86,0x31,
    0x65,0x29,0xa6,0x31,0x86,0x31,0xe7,0x39,0x45,0x29,0x24,0x21,0x04,0x21,0x86,0x31,
    0xe7,0x39,0x49,0x4a,0xaa,0x52,0xeb,0x5a,0x0c,0x63,0x6d,0x6b,0xae,0x73,0xcf,0x7b,
    0x0f,0x7c,0x30,0x84,0x92,0x94,0x30,0x84,0x10,0x84,0x71,0x8c,0xef,0x7b,0xb2,0x94,
    0x14,0xa5,0xf3,0x9c,0xf3,0x9c,0xd3,0x9c,0xb2,0x94,0xb2,0x94,0x14,0xa5,0x92,0x94,
    0x51,0x8c,0x51,0x8c,0x10,0x84,0x51,0x8c,0x30,0x84,0xcf,0x7b,0x10,0x84,0x0f,0x84,
    0x8e,0x73,0x6d,0x6b,0xae,0x73,0x30,0x84,0xb2,0x94,0x34,0xa5,0x96,0xb5,0xd6,0xbd,
    0x38,0xc6,0x59,0xc6,0x79,0xce,0x99,0xce,0x99,0xce,0x9a,0xd6,0x9a,0xd6,0x9a,0xd6,
    0x59,0xce,0x38,0xc6,0x38,0xc6,0x18,0xc6,0x18,0xc6,0x18,0xbe,0x18,0xc6,0x38,0xc6,
    0x38,0xc6,0xf7,0xbd,0x38,0xc6,0x18,0xc6,0xf7,0xbd,0xd7,0xbd,0xf7,0xbd,0xb6,0xb5,
    0x96,0xb5,0x18,0xc6,0xd6,0xbd,0xf7,0xbd,0xf7,0xbd,0xf7,0xbd,0xf7,0xbd,0xb6,0xb5,
    0x96,0xb5,0x92,0x94,0x30,0x84,0xd3,0x9c,0x34,0xa5,0x55,0xad,0x14,0xa5,0xb2,0x94,
    0xb2,0x94,0x71,0x8c,0x71,0x8c,0x14,0xa5,0x92,0x94,0xef,0x7b,0x6d,0x6b,0xef,0x7b,
    0x50,0x8c,0xae,0x73,0x50,0x84,0xd2,0x9c,0x92,0x94,0xae,0x73,0xef,0x7b,0xcf,0x7b,
    0x2c,0x63,0x8e,0x73,0x8e,0x73,0x69,0x4a,0x8e,0x73,0x8a,0x52,0x24,0x21,0x65,0x29,
    0x65,0x29,0xe3,0x20,0x86,0x31,0x65,0x29,0x28,0x42,0x6d,0x6b,0x8a,0x52,0x07,0x3a,
    0x8e,0x73,0x2c,0x63,0xcb,0x5a,0x6d,0x6b,0xeb,0x5a,0x69,0x4a,0xeb,0x5a,0xcb,0x5a,
    0x86,0x31,0xc3,0x18,0xe3,0x18,0x04,0x21,0xa2,0x10,0x20,0x00,0x04,0x21,0x69,0x4a,
    0x65,0x29,0xc2,0x10,0xe3,0x18,0xc3,0x18,0x85,0x29,0x04,0x21,0x61,0x08,0x81,0x10,
    0x20,0x00,0x04,0x21,0x65,0x29,0x44,0x21,0xa6,0x31,0x28,0x42,0xe7,0x39,0xa6,0x31,
    0x24,0x21,0x65,0x29,0x65,0x29,0x65,0x29,0x44,0x21,0x20,0x00,0x20,0x00,0x41,0x08,
    0x61,0x08,0xa2,0x10,0xe3,0x18,0xa2,0x10,0xe3,0x18,0x45,0x29,0xe3,0x18,0xe3,0x18,
    0xe3,0x18,0x24,0x21,0x45,0x29,0x04,0x21,0x45,0x29,0x24,0x21,0xc3,0x18,0x82,0x10,
    0x61,0x08,0x41,0x08,0x41,0x08,0x20,0x00,0x41,0x08,0x61,0x08,0x41,0x08,0x61,0x08,
    0x61,0x08,0xa2,0x10,0xe3,0x18,0xe3,0x18,0xc3,0x18,0xa2,0x10,0xc3,0x18,0x82,0x10,
    0x61,0x08,0x41,0x08,0x20,0x00,0x61,0x08,0x20,0x00,0xa2,0x10,0x0c,0x63,0x69,0x4a,
    0xc7,0x39,0xe7,0x39,0x24,0x21,0x69,0x4a,0x45,0x29,0x03,0x19,0x24,0x21,0xe3,0x18,
    0xc7,0x31,0xc7,0x39,0xc3,0x18,0x45,0x29,0x45,0x29,0x04,0x21,0x82,0x10,0xc3,0x18,
    0x07,0x42,0xc7,0x39,0xa6,0x31,0x85,0x29,0x03,0x21,0x45,0x29,0x61,0x08,0x04,0x21,
    0xe7,0x39,0xe3,0x18,0x24,0x21,0xe3,0x18,0x04,0x21,0xae,0x73,0xcb,0x5a,0x69,0x4a,
    0xcb,0x5a,0xef,0x83,0xaa,0x52,0x86,0x31,0x28,0x42,0xcb,0x5a,0x65,0x29,0x85,0x29,
    0xa6,0x31,0xa6,0x31,0x08,0x42,0x65,0x29,0xe3,0x18,0x24,0x21,0xa6,0x31,0x08,0x42,
    0x69,0x4a,0x8a,0x52,0xaa,0x52,0x4d,0x6b,0xae,0x73,0xef,0x7b,0x51,0x8c,0x92,0x94,
    0xb2,0x94,0x54,0xa5,0xb2,0x94,0xef,0x7b,0x71,0x8c,0x51,0x8c,0x55,0xad,0x55,0xad,
    0x55,0xad,0x96,0xb5,0x96,0xb5,0x35,0xad,0x34,0xa5,0x34,0xa5,0x71,0x94,0x0f,0x84,
    0x30,0x84,0x30,0x84,0x91,0x94,0x71,0x8c,0x10,0x84,0x71,0x8c,0x0f,0x84,0x8e,0x73,
    0xcf,0x7b,0xef,0x7b,0x10,0x84,0xb2,0x94,0x34,0xa5,0xb6,0xb5,0xd7,0xbd,0x18,0xc6,
    0x38,0xc6,0x9a,0xd6,0xba,0xd6,0xba,0xd6,0xba,0xd6,0x9a,0xd6,0x9a,0xd6,0x9a,0xd6,
    0x79,0xce,0x59,0xce,0x18,0xc6,0x18,0xc6,0x18,0xc6,0x18,0xc6,0x18,0xc6,0xf7,0xbd,
    0x18,0xc6,0x59,0xce,0x38,0xc6,0x18,0xc6,0xf7,0xbd,0xd7,0xbd,0xd7,0xbd,0xf7,0xbd,
    0xf7,0xbd,0xb6,0xb5,0xd7,0xbd,0xd7,0xbd,0xd7,0xbd,0xf7,0xbd,0xd7,0xbd,0xd6,0xbd,
    0x34,0xa5,0xd3,0x9c,0x13,0xa5,0x92,0x94,0xf3,0x9c,0x55,0xad,0xd2,0x9c,0x92,0x94,
    0x92,0x94,0xd2,0x9c,0x51,0x8c,0xd2,0x9c,0x92,0x94,0x71,0x8c,0xeb,0x5a,0x8e,0x73,
    0x30,0x84,0x51,0x8c,0xcf,0x7b,0x92,0x94,0xd3,0x9c,0x30,0x84,0xae,0x73,0x8e,0x73,
    0x4d,0x6b,0x4d,0x6b,0x8e,0x73,0xaa,0x52,0xeb,0x5a,0x8e,0x73,0xc7,0x39,0x04,0x21,
    0x45,0x29,0x45,0x29,0xa6,0x31,0x86,0x31,0x86,0x31,0x8a,0x52,0xeb,0x5a,0xeb,0x5a,
    0x65,0x29,0xcb,0x5a,0x28,0x42,0x49,0x4a,0xeb,0x5a,0x49,0x4a,0xe7,0x39,0xeb,0x62,
    0x49,0x4a,0x04,0x21,0xa2,0x10,0xe3,0x18,0x45,0x29,0x00,0x00,0x24,0x21,0x28,0x42,
    0x65,0x29,0xc3,0x10,0xe3,0x18,0xc3,0x18,0xe3,0x18,0x86,0x31,0x82,0x10,0x61,0x08,
    0x41,0x08,0x04,0x21,0x45,0x21,0x65,0x29,0xa6,0x31,0x28,0x42,0xe7,0x39,0xc7,0x39,
    0x04,0x21,0x45,0x29,0x86,0x31,0x85,0x31,0x45,0x29,0x20,0x00,0x20,0x00,0x41,0x08,
    0x61,0x08,0xa2,0x10,0xe3,0x18,0xa2,0x10,0x45,0x29,0xe3,0x18,0xa2,0x10,0x24,0x21,
    0xc3,0x18,0xe3,0x18,0x24,0x21,0x24,0x21,0x45,0x29,0x24,0x21,0xc3,0x18,0x82,0x10,
    0x61,0x08,0x61,0x08,0x41,0x08,0x20,0x00,0x41,0x08,0x41,0x08,0x61,0x08,0x82,0x10,
    0xc3,0x18,0x03,0x19,0x45,0x29,0x45,0x29,0x45,0x29,0x45,0x29,0xe3,0x18,0xa2,0x10,
    0x61,0x10,0x61,0x08,0x20,0x00,0x20,0x00,0x65,0x29,0xeb,0x5a,0x0c,0x63,0x65,0x29,
    0xa6,0x31,0x45,0x29,0x86,0x31,0xe7,0x39,0xc2,0x10,0xc3,0x18,0xe3,0x18,0x04,0x21,
    0x24,0x21,0x49,0x4a,0x24,0x21,0xe3,0x18,0xa2,0x10,0x61,0x08,0x82,0x10,0xa6,0x31,
    0xaa,0x52,0x86,0x31,0xa7,0x39,0x66,0x31,0x65,0x29,0x82,0x10,0xc3,0x18,0xc3,0x18,
    0x86,0x31,0x24,0x21,0xc3,0x18,0xe3,0x18,0xc7,0x39,0x30,0x84,0x28,0x42,0xec,0x62,
    0xcb,0x5a,0x10,0x84,0x86,0x31,0xc7,0x39,0x89,0x52,0x08,0x42,0x04,0x21,0x65,0x29,
    0xa6,0x31,0xc6,0x39,0x24,0x21,0x24,0x21,0x24,0x21,0xa6,0x31,0x28,0x42,0x8a,0x52,
    0xaa,0x52,0x0c,0x63,0xae,0x73,0x30,0x84,0x71,0x8c,0xb2,0x94,0xb2,0x94,0xf3,0x9c,
    0x75,0xad,0xf3,0x9c,0xae,0x73,0x92,0x94,0x34,0xa5,0x96,0xb5,0x96,0xb5,0xb6,0xb5,
    0xb6,0xb5,0x75,0xad,0x14,0xa5,0x34,0xa5,0x75,0xad,0x71,0x8c,0xce,0x7b,0x30,0x84,
    0x92,0x94,0xd3,0x9c,0xd3,0x9c,0x51,0x8c,0x71,0x8c,0x10,0x84,0xcf,0x7b,0xef,0x7b,
    0xef,0x7b,0x10,0x84,0xb2,0x94,0x75,0xad,0xf7,0xbd,0xf7,0xbd,0x59,0xce,0xba,0xd6,
    0xfb,0xde,0xfb,0xde,0xdb,0xde,0xdb,0xde,0xdb,0xde,0xda,0xde,0xba,0xd6,0xbb,0xde,
    0xba,0xd6,0x9a,0xd6,0x79,0xce,0x38,0xc6,0x18,0xc6,0x38,0xc6,0x79,0xce,0x58,0xc6,
    0x59,0xce,0x38,0xc6,0x79,0xce,0x79,0xce,0xf7,0xbd,0xd7,0xbd,0xd7,0xbd,0xf7,0xbd,
    0xf7,0xbd,0x75,0xad,0x96,0xb5,0xd7,0xbd,0xd7,0xbd,0x17,0xc6,0xd6,0xbd,0x14,0xa5,
    0x96,0xb5,0x96,0xb5,0xf3,0x9c,0x92,0x94,0xb2,0x94,0xb2,0x94,0xd3,0x9c,0xb2,0x94,
    0xf3,0x9c,0xd3,0x9c,0xb2,0x94,0xd2,0x9c,0xb2,0x94,0xb2,0x94,0x10,0x84,0x2c,0x63,
    0x8e,0x73,0x30,0x84,0x10,0x84,0x30,0x84,0xd2,0x9c,0xb2,0x94,0x10,0x7c,0xae,0x73,
    0xae,0x73,0x0c,0x63,0x2c,0x63,0x8a,0x52,0x8a,0x52,0x8e,0x73,0xcb,0x5a,0x65,0x29,
    0x04,0x21,0xc3,0x18,0x65,0x29,0x08,0x42,0x86,0x31,0x69,0x4a,0xe7,0x39,0x8e,0x73,
    0x6d,0x6b,0x24,0x21,0xc7,0x39,0xe7,0x39,0x69,0x4a,0xcb,0x5a,0xe7,0x39,0xc7,0x39,
    0xcb,0x5a,0xe7,0x39,0xc3,0x18,0xa2,0x10,0xa6,0x31,0x81,0x08,0x24,0x21,0x08,0x42,
    0x04,0x21,0x82,0x10,0x03,0x19,0xe3,0x18,0xe3,0x18,0x65,0x29,0x45,0x29,0x61,0x08,
    0x61,0x08,0x61,0x08,0x04,0x21,0x65,0x29,0xc7,0x39,0x28,0x42,0xe7,0x39,0xc7,0x39,
    0xe3,0x18,0x45,0x29,0x86,0x31,0x86,0x31,0x45,0x29,0x20,0x00,0x20,0x00,0x41,0x08,
    0x61,0x08,0xc3,0x18,0xe3,0x18,0xa2,0x10,0x86,0x31,0x86,0x31,0x65,0x29,0xa2,0x10,
    0xa2,0x10,0xa2,0x10,0x44,0x21,0x45,0x29,0x03,0x19,0xe3,0x18,0xc3,0x18,0x82,0x10,
    0x82,0x10,0x82,0x08,0x41,0x08,0x20,0x00,0x61,0x08,0x61,0x08,0x82,0x10,0xc3,0x18,
    0x24,0x21,0x86,0x31,0x08,0x42,0x08,0x42,0xe7,0x39,0x28,0x42,0x86,0x31,0xe3,0x18,
    0x82,0x10,0x20,0x00,0x82,0x10,0xe7,0x39,0x28,0x42,0xc3,0x18,0x8a,0x52,0x85,0x31,
    0xe7,0x39,0x44,0x21,0x65,0x31,0xe3,0x18,0xa2,0x10,0xe3,0x18,0x45,0x29,0x04,0x21,
    0x04,0x21,0x08,0x42,0xa6,0x31,0xa2,0x10,0xa2,0x10,0xe3,0x18,0xe3,0x18,0x08,0x42,
    0x69,0x4a,0x86,0x31,0xe7,0x39,0x08,0x42,0xc3,0x18,0xe3,0x18,0xc3,0x18,0xa2,0x10,
    0x86,0x31,0x04,0x21,0x24,0x21,0x04,0x21,0x69,0x4a,0xae,0x73,0x28,0x42,0xcb,0x5a,
    0x4d,0x6b,0x2c,0x63,0x86,0x31,0xa6,0x31,0x8a,0x52,0x24,0x21,0x24,0x21,0x86,0x31,
    0xa6,0x31,0xc6,0x39,0xa2,0x10,0x86,0x31,0xa6,0x31,0x07,0x42,0x69,0x4a,0xcb,0x5a,
    0x0c,0x63,0xae,0x73,0xef,0x7b,0x51,0x8c,0xb2,0x94,0xf3,0x9c,0x13,0xa5,0x96,0xb5,
    0xd3,0x9c,0x8d,0x6b,0xb2,0x9c,0xb6,0xb5,0xf7,0xbd,0xd7,0xbd,0x96,0xb5,0x34,0xa5,
    0xd3,0x9c,0xf3,0x9c,0x55,0xad,0x55,0xad,0xef,0x7b,0xcf,0x7b,0x30,0x84,0x30,0x84,
    0xd3,0x9c,0xf3,0x9c,0x71,0x8c,0x71,0x8c,0x10,0x84,0x10,0x84,0x51,0x8c,0x51,0x8c,
    0x51,0x8c,0xd3,0x9c,0x95,0xb5,0x17,0xbe,0x38,0xc6,0x59,0xce,0x9a,0xd6,0xdb,0xde,
    0xdb,0xde,0xfb,0xde,0xfb,0xde,0xdb,0xde,0xdb,0xde,0xfb,0xde,0xdb,0xde,0xba,0xd6,
    0xba,0xd6,0x79,0xce,0x79,0xce,0x9a,0xd6,0x59,0xce,0x38,0xc6,0x79,0xce,0x79,0xce,
    0x9a,0xd6,0x79,0xce,0x18,0xc6,0x59,0xce,0x59,0xce,0x38,0xc6,0xf7,0xbd,0xd7,0xbd,
    0x38,0xc6,0x38,0xc6,0xb6,0xb5,0x95,0xb5,0xd6,0xbd,0xd7,0xbd,0x75,0xad,0x55,0xad,
    0xb6,0xb5,0x54,0xad,0xf3,0x9c,0xd2,0x9c,0xd3,0x9c,0x92,0x94,0xd3,0x9c,0x51,0x8c,
    0x92,0x94,0xf3,0x9c,0x50,0x8c,0x71,0x8c,0xd3,0x9c,0x92,0x94,0x51,0x8c,0x4d,0x6b,
    0xcb,0x5a,0x8e,0x73,0x71,0x8c,0x10,0x84,0x92,0x94,0xf3,0x9c,0x51,0x8c,0xef,0x7b,
    0x30,0x84,0x6d,0x6b,0x0c,0x63,0x8a,0x52,0xaa,0x52,0x2c,0x63,0x8e,0x73,0x08,0x42,
    0x24,0x21,0x24,0x21,0x24,0x21,0x45,0x29,0x08,0x42,0xaa,0x52,0xcb,0x5a,0x65,0x29,
    0x6d,0x6b,0x10,0x84,0xe7,0x39,0xa6,0x31,0x45,0x29,0xa6,0x31,0xcb,0x5a,0x86,0x31,
    0x65,0x29,0x69,0x4a,0x28,0x42,0xa2,0x10,0x45,0x29,0x24,0x21,0x24,0x29,0xc6,0x31,
    0xa2,0x10,0xa2,0x10,0xc3,0x18,0xe3,0x18,0xe3,0x18,0x04,0x21,0x08,0x42,0x86,0x31,
    0xc3,0x18,0x20,0x00,0xe3,0x18,0x45,0x29,0xe7,0x39,0x48,0x4a,0x08,0x42,0xa6,0x31,
    0xc2,0x10,0x45,0x29,0x65,0x29,0x86,0x31,0x24,0x21,0x20,0x00,0x20,0x00,0x41,0x08,
    0x61,0x08,0xa2,0x10,0xe3,0x18,0xc3,0x18,0xa2,0x10,0x04,0x21,0xa2,0x10,0x61,0x08,
    0xc3,0x18,0xe3,0x18,0x65,0x29,0x45,0x29,0xe3,0x18,0xc3,0x18,0xa2,0x10,0x61,0x08,
    0xa2,0x10,0x82,0x10,0x41,0x08,0x20,0x00,0x82,0x10,0x82,0x10,0x82,0x10,0xc3,0x18,
    0x24,0x21,0x86,0x31,0x28,0x42,0x28,0x42,0x28,0x42,0x48,0x4a,0xa6,0x31,0xe3,0x18,
    0x82,0x10,0x45,0x29,0x86,0x31,0xe3,0x18,0x61,0x08,0x45,0x29,0x6d,0x6b,0x24,0x21,
    0xa6,0x31,0x65,0x29,0x24,0x21,0x82,0x10,0x04,0x21,0xe3,0x18,0xe3,0x18,0xe3,0x18,
    0x45,0x29,0xa2,0x10,0xc7,0x39,0x82,0x10,0xa2,0x10,0x24,0x21,0x45,0x29,0x69,0x4a,
    0x24,0x21,0xa6,0x31,0xcb,0x5a,0xe3,0x18,0xc3,0x18,0xa2,0x10,0xc3,0x18,0xa2,0x10,
    0x24,0x21,0xe3,0x18,0x86,0x31,0x82,0x10,0xcb,0x5a,0x0c,0x63,0x8a,0x52,0xcb,0x5a,
    0x8e,0x73,0x8a,0x52,0x86,0x31,0xc7,0x39,0x49,0x4a,0xe3,0x18,0x45,0x29,0xa7,0x31,
    0xc7,0x39,0x45,0x29,0x25,0x21,0x24,0x21,0x86,0x31,0x08,0x42,0x49,0x4a,0xeb,0x5a,
    0x4d,0x6b,0x8e,0x73,0x30,0x84,0x71,0x8c,0xd3,0x9c,0x34,0xa5,0xb6,0xb5,0x71,0x8c,
    0x6d,0x6b,0x75,0xad,0xf7,0xbd,0x75,0xad,0xf3,0x9c,0x71,0x8c,0x51,0x8c,0x14,0xa5,
    0x96,0xb5,0xb6,0xbd,0x54,0xa5,0xef,0x7b,0xae,0x73,0x51,0x8c,0xef,0x7b,0x71,0x8c,
    0xd3,0x9c,0x71,0x8c,0x30,0x84,0x51,0x8c,0x30,0x84,0x51,0x8c,0x51,0x8c,0x30,0x84,
    0xd2,0x9c,0x75,0xad,0x18,0xc6,0x79,0xce,0xba,0xd6,0xdb,0xde,0xdb,0xde,0xdb,0xde,
    0xdb,0xde,0xfb,0xde,0xfb,0xde,0xfb,0xde,0xdb,0xde,0xdb,0xde,0xdb,0xde,0xdb,0xde,
    0xba,0xd6,0x79,0xce,0x79,0xce,0x99,0xce,0x9a,0xd6,0x79,0xce,0x79,0xce,0x79,0xce,
    0x79,0xce,0xba,0xd6,0x9a,0xd6,0x59,0xce,0x59,0xce,0x59,0xce,0x79,0xce,0xd7,0xbd,
    0x18,0xc6,0x59,0xce,0x38,0xc6,0xb6,0xb5,0xb6,0xb5,0x96,0xb5,0x75,0xad,0x75,0xad,
    0x55,0xad,0x14,0xa5,0x95,0xad,0x34,0xa5,0xd3,0x9c,0xf3,0x9c,0x51,0x8c,0xae,0x73,
    0x50,0x8c,0xf3,0x9c,0xd2,0x9c,0x10,0x84,0x51,0x8c,0x51,0x8c,0xef,0x7b,0x4c,0x6b,
    0xeb,0x5a,0x4d,0x6b,0x8d,0x73,0xcf,0x7b,0x30,0x84,0xb2,0x94,0xb2,0x94,0xef,0x7b,
    0xef,0x7b,0xce,0x7b,0xeb,0x5a,0x69,0x4a,0xeb,0x5a,0x0c,0x63,0x4d,0x6b,0xeb,0x5a,
    0xe7,0x39,0x24,0x21,0xe3,0x18,0xa2,0x10,0xc7,0x39,0xaa,0x52,0xcf,0x7b,0x69,0x4a,
    0xc3,0x18,0x0c,0x63,0xae,0x73,0x0c,0x63,0x49,0x4a,0xa2,0x10,0x24,0x21,0x08,0x42,
    0x65,0x29,0x24,0x21,0x69,0x4a,0x08,0x42,0xe3,0x18,0xa6,0x31,0xa6,0x31,0xc3,0x18,
    0xc3,0x18,0xc3,0x18,0xa2,0x10,0xc3,0x18,0x24,0x21,0xc3,0x18,0x86,0x31,0x49,0x4a,
    0x61,0x08,0x20,0x00,0xe3,0x18,0x65,0x29,0x07,0x42,0x49,0x4a,0x28,0x42,0x65,0x29,
    0xa2,0x10,0x65,0x29,0x86,0x31,0x86,0x31,0x24,0x21,0x20,0x00,0x20,0x00,0x41,0x08,
    0x61,0x08,0xc3,0x18,0xe3,0x18,0xc3,0x18,0x24,0x21,0x65,0x29,0x24,0x21,0x04,0x21,
    0xc3,0x18,0xe3,0x18,0x45,0x29,0x65,0x29,0x04,0x21,0xa2,0x10,0xa2,0x10,0x82,0x10,
    0x82,0x10,0x81,0x10,0x41,0x08,0x20,0x00,0x41,0x08,0x41,0x08,0x41,0x08,0x61,0x08,
    0xa2,0x10,0xe3,0x18,0x24,0x21,0x45,0x29,0x45,0x29,0x04,0x21,0xa2,0x10,0xc3,0x18,
    0x66,0x31,0x04,0x21,0x00,0x00,0x41,0x08,0x24,0x21,0x8a,0x52,0x0c,0x63,0x45,0x29,
    0x45,0x29,0x65,0x29,0xe3,0x18,0xc3,0x18,0xc2,0x10,0x82,0x10,0x04,0x21,0x65,0x29,
    0x61,0x08,0x41,0x08,0x04,0x21,0x08,0x42,0xe3,0x18,0x04,0x21,0xe7,0x39,0xe7,0x39,
    0x65,0x29,0x2c,0x63,0x86,0x31,0xa2,0x10,0xa2,0x10,0x04,0x21,0xe3,0x18,0x04,0x21,
    0x65,0x29,0xa6,0x31,0x82,0x10,0x61,0x08,0x2c,0x63,0xec,0x62,0xcb,0x5a,0xcb,0x5a,
    0xae,0x73,0x49,0x4a,0x45,0x29,0x69,0x4a,0x86,0x31,0xe3,0x18,0xa6,0x31,0xc7,0x39,
    0xa6,0x31,0xe3,0x18,0x65,0x29,0xa6,0x31,0x28,0x42,0x8a,0x52,0x2c,0x63,0x8e,0x73,
    0x10,0x84,0x71,0x8c,0x13,0xa5,0x34,0xa5,0x96,0xb5,0xf7,0xbd,0x30,0x84,0x6d,0x6b,
    0x34,0xa5,0x34,0xa5,0x71,0x8c,0x92,0x94,0x14,0xa5,0x96,0xb5,0x18,0xc6,0x79,0xce,
    0x79,0xce,0x14,0xa5,0xef,0x7b,0x10,0x84,0x50,0x8c,0xcf,0x7b,0xb2,0x94,0xf3,0x9c,
    0x92,0x94,0x71,0x8c,0xd2,0x9c,0x30,0x84,0x71,0x8c,0x92,0x94,0x92,0x94,0x92,0x94,
    0x55,0xad,0xd7,0xbd,0x38,0xc6,0xba,0xd6,0xba,0xd6,0x99,0xd6,0xfb,0xde,0xfb,0xde,
    0xdb,0xde,0xfb,0xde,0xfc,0xde,0xfb,0xde,0x1c,0xe7,0xfb,0xde,0xfb,0xde,0xfb,0xde,
    0xba,0xd6,0x9a,0xd6,0x9a,0xd6,0x79,0xce,0x79,0xce,0x9a,0xd6,0x9a,0xd6,0x9a,0xd6,
    0x9a,0xd6,0x79,0xce,0xdb,0xde,0x79,0xce,0x59,0xce,0x38,0xc6,0x79,0xce,0x38,0xc6,
    0x38,0xc6,0x18,0xc6,0xd7,0xbd,0xf7,0xbd,0xf7,0xbd,0xd7,0xbd,0xb6,0xb5,0x95,0xad,
    0x75,0xad,0xd6,0xb5,0xd6,0xbd,0x96,0xb5,0x55,0xad,0x55,0xad,0xb2,0x9c,0x6d,0x6b,
    0x92,0x94,0xf3,0x9c,0x14,0xa5,0x71,0x8c,0x50,0x8c,0xb2,0x94,0xef,0x7b,0xeb,0x5a,
    0x2c,0x63,0x2c,0x63,0xef,0x7b,0x6d,0x6b,0x8e,0x73,0x71,0x8c,0x92,0x94,0x30,0x84,
    0xcf,0x7b,0xae,0x73,0xcb,0x5a,0x69,0x4a,0xaa,0x52,0x4d,0x6b,0x6d,0x6b,0x0c,0x63,
    0x28,0x42,0xe7,0x39,0x04,0x21,0x03,0x21,0x04,0x21,0x08,0x42,0x4d,0x6b,0x30,0x84,
    0x49,0x4a,0x04,0x21,0x69,0x4a,0x28,0x42,0xc7,0x39,0x49,0x4a,0x65,0x29,0x86,0x31,
    0x28,0x42,0x65,0x29,0xc3,0x18,0xc7,0x39,0xa6,0x31,0x28,0x42,0xe3,0x18,0x61,0x08,
    0xe3,0x18,0xa2,0x10,0x82,0x10,0x04,0x21,0x04,0x21,0x03,0x21,0xc3,0x18,0x28,0x42,
    0x24,0x21,0x00,0x00,0x03,0x19,0x65,0x29,0x08,0x42,0x49,0x4a,0x28,0x42,0x45,0x29,
    0x04,0x21,0x86,0x31,0x86,0x31,0x86,0x31,0x24,0x21,0x00,0x00,0x20,0x00,0x41,0x08,
    0x61,0x08,0xc3,0x18,0xe3,0x18,0xc3,0x18,0x04,0x21,0x04,0x21,0xe3,0x18,0xc3,0x18,
    0xc3,0x18,0xa2,0x10,0x04,0x21,0x85,0x29,0x24,0x21,0xa2,0x10,0xc3,0x18,0x82,0x10,
    0x82,0x10,0x61,0x08,0x41,0x08,0x20,0x00,0x41,0x08,0x61,0x08,0x61,0x10,0x82,0x10,
    0x24,0x21,0xe7,0x41,0x8a,0x52,0xcb,0x5a,0x8a,0x52,0x08,0x42,0xa6,0x31,0x45,0x29,
    0x61,0x08,0x00,0x00,0x20,0x00,0x41,0x08,0x08,0x42,0x6d,0x6b,0x69,0x4a,0x25,0x29,
    0xc3,0x18,0x45,0x29,0xc2,0x18,0x82,0x10,0xa2,0x10,0x24,0x21,0x45,0x29,0x61,0x08,
    0x82,0x10,0xc3,0x18,0xe3,0x18,0x44,0x29,0x69,0x4a,0xe7,0x39,0x28,0x42,0x86,0x31,
    0x0c,0x63,0x8a,0x52,0x81,0x08,0x82,0x10,0x04,0x21,0x86,0x31,0x86,0x31,0x45,0x29,
    0x86,0x31,0x82,0x10,0x41,0x08,0xa2,0x10,0x2d,0x6b,0xeb,0x5a,0x8a,0x52,0xaa,0x52,
    0xef,0x7b,0xc7,0x39,0x44,0x29,0x8a,0x52,0xe3,0x18,0x65,0x29,0x86,0x31,0xe7,0x39,
    0x45,0x29,0x04,0x21,0x45,0x29,0x86,0x31,0xc7,0x39,0x49,0x4a,0x6d,0x6b,0x71,0x8c,
    0xb2,0x94,0x14,0xa5,0x55,0xad,0x55,0xad,0x55,0xad,0xae,0x73,0x2c,0x63,0xd3,0x9c,
    0x14,0xa5,0x54,0xad,0xd7,0xbd,0x38,0xc6,0x58,0xce,0x38,0xc6,0x59,0xce,0xf7,0xbd,
    0x10,0x84,0x8e,0x73,0x92,0x94,0x51,0x8c,0x30,0x84,0x34,0xa5,0x55,0xad,0xd3,0x9c,
    0xb2,0x94,0xf3,0x9c,0x92,0x94,0x71,0x8c,0xf3,0x9c,0xd3,0x9c,0x34,0xa5,0xd7,0xbd,
    0xb6,0xb5,0x59,0xce,0x9a,0xd6,0xdb,0xde,0xda,0xde,0xdb,0xde,0xfb,0xde,0x1c,0xe7,
    0xfb,0xde,0xfb,0xde,0xfb,0xde,0x1c,0xe7,0xfb,0xde,0xfb,0xde,0xfb,0xde,0xfb,0xde,
    0xba,0xd6,0x9a,0xd6,0x9a,0xd6,0x79,0xce,0x9a,0xd6,0x79,0xce,0x79,0xce,0x9a,0xd6,
    0x99,0xd6,0xdb,0xde,0x79,0xce,0x79,0xce,0xba,0xd6,0xdb,0xde,0xba,0xd6,0x59,0xce,
    0x79,0xce,0x79,0xce,0x18,0xc6,0x18,0xc6,0x38,0xc6,0x18,0xc6,0xd6,0xb5,0x55,0xad,
    0x96,0xb5,0xf7,0xbd,0xb6,0xb5,0xb6,0xb5,0xb6,0xb5,0x75,0xad,0xb2,0x94,0x0c,0x63,
    0x8e,0x73,0xf3,0x9c,0xf3,0x9c,0x71,0x8c,0xae,0x73,0xd2,0x9c,0x71,0x8c,0xeb,0x5a,
    0xeb,0x5a,0x4d,0x6b,0xce,0x7b,0x50,0x84,0xcf,0x7b,0xae,0x73,0x92,0x94,0x51,0x8c,
    0x8e,0x73,0x8e,0x73,0x0c,0x63,0xaa,0x52,0x89,0x52,0x4d,0x6b,0xae,0x73,0xcf,0x7b,
    0xaa,0x52,0x86,0x31,0x65,0x29,0x86,0x31,0x28,0x42,0xc7,0x39,0x69,0x4a,0x30,0x84,
    0xef,0x7b,0x28,0x42,0x28,0x42,0xaa,0x52,0x45,0x29,0xa2,0x10,0x86,0x31,0x45,0x29,
    0xa6,0x39,0x48,0x4a,0xa6,0x31,0x45,0x29,0x0c,0x63,0xc7,0x39,0x40,0x08,0x61,0x08,
    0xc3,0x18,0xe3,0x18,0x82,0x10,0x04,0x21,0xe3,0x18,0xc3,0x18,0xc3,0x18,0x45,0x29,
    0x49,0x4a,0x20,0x00,0x04,0x21,0x85,0x31,0xe7,0x39,0x69,0x4a,0xe7,0x39,0xe3,0x18,
    0xe3,0x20,0x65,0x29,0x86,0x31,0x86,0x31,0x24,0x21,0x20,0x00,0x20,0x00,0x41,0x08,
    0x61,0x08,0xc3,0x18,0xe3,0x18,0xc3,0x18,0x24,0x21,0x86,0x31,0x24,0x21,0xa2,0x10,
    0xe3,0x18,0x82,0x10,0xe3,0x18,0x86,0x31,0x45,0x29,0xc3,0x18,0xe3,0x18,0x82,0x10,
    0x82,0x10,0x61,0x08,0x41,0x08,0x20,0x00,0x61,0x08,0x61,0x08,0x61,0x08,0x82,0x10,
    0x03,0x21,0x65,0x29,0xe7,0x39,0xe7,0x39,0xa6,0x31,0x86,0x31,0xe7,0x39,0xc7,0x39,
    0x86,0x31,0x04,0x21,0xa2,0x10,0x45,0x29,0xe7,0x39,0xc7,0x39,0xc7,0x39,0xa6,0x31,
    0x86,0x31,0x24,0x21,0x82,0x10,0x82,0x10,0x24,0x21,0x24,0x21,0x41,0x08,0x82,0x10,
    0x82,0x10,0x61,0x08,0xc3,0x18,0xe3,0x18,0x45,0x29,0x69,0x4a,0x2c,0x63,0x2c,0x63,
    0x6d,0x6b,0x69,0x4a,0x45,0x29,0xc7,0x39,0xc7,0x39,0x86,0x31,0x04,0x21,0x24,0x21,
    0x82,0x10,0x61,0x08,0xa2,0x10,0x24,0x21,0x2c,0x63,0x8a,0x52,0x28,0x42,0xcb,0x5a,
    0xae,0x73,0x45,0x29,0xc7,0x39,0xe7,0x39,0x04,0x21,0x86,0x31,0x65,0x29,0x08,0x42,
    0x45,0x29,0xc7,0x39,0x28,0x42,0x49,0x4a,0xc7,0x39,0x45,0x29,0xc7,0x39,0x4d,0x6b,
    0x10,0x84,0x10,0x84,0x10,0x84,0x31,0x8c,0x0c,0x63,0x30,0x84,0xd7,0xbd,0x75,0xb5,
    0xd7,0xbd,0x18,0xc6,0x17,0xbe,0x38,0xc6,0x59,0xce,0xf7,0xbd,0xd3,0x9c,0x2c,0x63,
    0x8e,0x73,0xf3,0x9c,0x30,0x84,0x51,0x8c,0x75,0xad,0x34,0xa5,0x92,0x94,0x92,0x94,
    0x92,0x94,0xd3,0x9c,0x30,0x84,0xf3,0x9c,0x34,0xa5,0x75,0xad,0xb6,0xb5,0x18,0xc6,
    0xf7,0xbd,0x59,0xce,0x9a,0xd6,0xdb,0xde,0x9a,0xd6,0xba,0xd6,0xfb,0xde,0x1c,0xe7,
    0xfb,0xde,0xdb,0xde,0x1b,0xe7,0xfb,0xde,0xfb,0xde,0xfb,0xde,0xfb,0xde,0xdb,0xde,
    0xda,0xde,0x9a,0xd6,0x9a,0xd6,0x79,0xce,0x9a,0xd6,0x79,0xce,0x9a,0xd6,0xba,0xd6,
    0x79,0xce,0x9a,0xd6,0x58,0xc6,0xf7,0xbd,0xf7,0xbd,0x38,0xc6,0x59,0xce,0x18,0xc6,
    0x18,0xc6,0xf7,0xbd,0x17,0xc6,0xf7,0xbd,0xb6,0xb5,0xf7,0xbd,0xb6,0xb5,0x54,0xad,
    0xf7,0xbd,0xf7,0xbd,0x55,0xad,0xb6,0xb5,0x96,0xb5,0x55,0xad,0x71,0x8c,0x2c,0x63,
    0x10,0x84,0xb2,0x94,0xf3,0xa4,0xf3,0x9c,0x30,0x84,0x71,0x8c,0x71,0x8c,0x0c,0x63,
    0x4d,0x6b,0x8e,0x73,0xeb,0x5a,0xef,0x7b,0xb2,0x94,0x10,0x84,0xcf,0x7b,0x71,0x8c,
    0xcf,0x7b,0xcf,0x7b,0x4d,0x6b,0xaa,0x5a,0x69,0x4a,0x4d,0x6b,0x6d,0x6b,0x8e,0x73,
    0xae,0x73,0xaa,0x5a,0xe7,0x39,0xa6,0x31,0x04,0x21,0xaa,0x52,0xeb,0x5a,0x30,0x84,
    0xb2,0x94,0x8a,0x52,0x65,0x29,0x2c,0x63,0xcf,0x7b,0xc7,0x39,0x45,0x29,0x65,0x29,
    0x03,0x19,0x07,0x42,0x0c,0x63,0xeb,0x5a,0xe3,0x18,0x45,0x29,0xa6,0x31,0x41,0x08,
    0x61,0x08,0xe3,0x18,0xc3,0x18,0xc3,0x18,0x04,0x21,0xc3,0x18,0xc3,0x18,0xa2,0x10,
    0xe7,0x39,0x04,0x21,0xe3,0x18,0xa6,0x31,0xe7,0x39,0x49,0x4a,0x65,0x29,0xc3,0x18,
    0xa2,0x10,0xe3,0x18,0x65,0x29,0x86,0x31,0x24,0x21,0x20,0x00,0x20,0x00,0x41,0x08,
    0x82,0x10,0xc3,0x18,0xc3,0x18,0xc3,0x18,0xc3,0x18,0xa6,0x31,0xc7,0x39,0x65,0x29,
    0xe3,0x18,0xe3,0x18,0x04,0x21,0x86,0x31,0x65,0x29,0xe3,0x18,0xe3,0x18,0xa2,0x10,
    0x81,0x08,0x41,0x08,0x41,0x08,0x20,0x00,0x20,0x00,0x41,0x08,0x41,0x00,0x41,0x08,
    0x82,0x10,0xa2,0x10,0xe3,0x18,0x24,0x21,0xc3,0x18,0xa2,0x10,0x82,0x10,0xc3,0x18,
    0x65,0x29,0xa6,0x31,0xaa,0x52,0x8e,0x73,0x69,0x4a,0x28,0x42,0xe7,0x39,0x65,0x29,
    0x86,0x31,0x49,0x4a,0x49,0x4a,0xc3,0x18,0x61,0x08,0xa2,0x10,0x24,0x21,0xe3,0x18,
    0x82,0x10,0xc3,0x18,0x24,0x21,0x86,0x31,0xe7,0x39,0x04,0x21,0x28,0x42,0x49,0x4a,
    0x8a,0x52,0xcb,0x5a,0x8a,0x52,0x86,0x31,0x45,0x29,0xa2,0x10,0xc3,0x18,0x82,0x10,
    0x41,0x08,0xc3,0x18,0x45,0x29,0x65,0x29,0x2c,0x63,0xcb,0x5a,0x08,0x42,0x0c,0x63,
    0x8e,0x6b,0xe3,0x18,0x28,0x42,0x24,0x21,0x86,0x31,0x25,0x29,0xe7,0x39,0xe7,0x39,
    0xc7,0x39,0x08,0x42,0x08,0x42,0x28,0x42,0xaa,0x52,0xcb,0x5a,0x28,0x42,0x86,0x31,
    0xaa,0x52,0x30,0x84,0x34,0xa5,0x30,0x84,0x13,0xa5,0x18,0xc6,0xb6,0xb5,0xb6,0xb5,
    0xf7,0xbd,0xf7,0xbd,0xf7,0xbd,0x55,0xad,0x51,0x8c,0xae,0x73,0xae,0x73,0x71,0x8c,
    0x92,0x94,0x30,0x84,0x14,0xa5,0xd7,0xbd,0x34,0xa5,0x92,0x94,0xb2,0x9c,0xb2,0x94,
    0x92,0x94,0x51,0x8c,0xef,0x7b,0xb2,0x94,0xb2,0x9c,0x14,0xa5,0x96,0xb5,0xb6,0xb5,
    0x18,0xc6,0x79,0xce,0xba,0xd6,0xba,0xd6,0xdb,0xde,0xfb,0xde,0x1c,0xe7,0x1c,0xe7,
    0xfb,0xde,0xfb,0xde,0x1c,0xe7,0xfb,0xde,0xfb,0xde,0xfb,0xde,0xfb,0xde,0xdb,0xde,
    0xba,0xd6,0x79,0xce,0x38,0xc6,0xf7,0xbd,0x96,0xb5,0x96,0xb5,0xd6,0xbd,0xd7,0xbd,
    0x18,0xc6,0x59,0xce,0x79,0xce,0x38,0xc6,0xd7,0xbd,0x38,0xc6,0x38,0xc6,0x79,0xce,
    0x59,0xce,0x38,0xc6,0xf7,0xbd,0x18,0xc6,0x18,0xc6,0x96,0xb5,0x75,0xad,0xd7,0xbd,
    0xf7,0xbd,0x34,0xa5,0x54,0xad,0xb6,0xb5,0x96,0xb5,0x55,0xad,0x71,0x8c,0x6d,0x6b,
    0xb2,0x94,0xd3,0x9c,0xf3,0x9c,0xf3,0x9c,0x10,0x84,0x10,0x84,0x30,0x84,0x0c,0x63,
    0xeb,0x5a,0xef,0x7b,0xef,0x7b,0x10,0x84,0x10,0x84,0x71,0x8c,0x31,0x8c,0x10,0x84,
    0xef,0x7b,0xcf,0x7b,0x2c,0x63,0xcb,0x5a,0x8a,0x52,0x0c,0x63,0x8d,0x73,0x4d,0x6b,
    0x2c,0x63,0xaa,0x52,0xc7,0x39,0x49,0x4a,0xa6,0x31,0x04,0x21,0x2c,0x63,0x6d,0x6b,
    0x34,0xa5,0x31,0x8c,0x65,0x29,0x45,0x29,0x8e,0x73,0x4d,0x6b,0xe7,0x39,0x28,0x42,
    0x49,0x4a,0xe7,0x39,0x65,0x29,0xe7,0x39,0x65,0x29,0x81,0x10,0x65,0x29,0x45,0x29,
    0x20,0x00,0xa2,0x10,0xc3,0x18,0xe3,0x18,0xc3,0x18,0x04,0x21,0xc3,0x18,0xa2,0x10,
    0xe3,0x18,0xe7,0x39,0xe4,0x20,0xa6,0x31,0x07,0x42,0x28,0x42,0x24,0x21,0xc3,0x18,
    0xa2,0x10,0xa2,0x10,0xe3,0x18,0x86,0x31,0x24,0x21,0x00,0x00,0x20,0x00,0x41,0x08,
    0x81,0x10,0xc3,0x18,0xe3,0x18,0xc2,0x10,0x24,0x21,0xa6,0x31,0x45,0x29,0xc3,0x18,
    0xc3,0x18,0x82,0x10,0xe3,0x18,0x65,0x29,0x86,0x31,0x04,0x21,0xe3,0x18,0xa2,0x10,
    0x82,0x10,0x41,0x08,0x41,0x08,0x20,0x00,0x20,0x00,0x41,0x08,0x41,0x08,0x61,0x08,
    0xa2,0x10,0x04,0x21,0x86,0x31,0xc7,0x39,0xa6,0x31,0x45,0x29,0xe3,0x18,0xa2,0x10,
    0x61,0x08,0xa6,0x31,0xe7,0x39,0x24,0x21,0x45,0x29,0x08,0x42,0xa6,0x31,0xa6,0x31,
    0x24,0x21,0x45,0x29,0x8a,0x52,0xeb,0x5a,0xe7,0x39,0x04,0x21,0x82,0x10,0x61,0x10,
    0xc3,0x18,0xe3,0x18,0xc3,0x18,0x24,0x21,0xc3,0x18,0x08,0x42,0x28,0x42,0x69,0x4a,
    0xc7,0x39,0x49,0x4a,0x65,0x29,0xa2,0x10,0xa2,0x10,0x82,0x10,0xc3,0x18,0xa2,0x10,
    0xe3,0x18,0x45,0x29,0x86,0x31,0xa6,0x31,0x4d,0x6b,0xaa,0x52,0xe7,0x39,0xeb,0x5a,
    0x6d,0x6b,0x24,0x21,0x08,0x42,0x24,0x21,0xa6,0x31,0x45,0x29,0x49,0x4a,0x86,0x31,
    0x86,0x31,0xc7,0x39,0x89,0x52,0x0b,0x63,0x4d,0x6b,0x10,0x84,0x71,0x8c,0xef,0x7b,
    0xcb,0x5a,0xe7,0x41,0xa6,0x31,0xcb,0x5a,0x51,0x8c,0x91,0x94,0xb2,0x94,0xd3,0x9c,
    0xd3,0x9c,0x92,0x94,0xcf,0x7b,0x4d,0x6b,0xcf,0x7b,0x92,0x94,0xd3,0x9c,0x92,0x94,
    0xd3,0x9c,0xb6,0xb5,0x95,0xb5,0x34,0xa5,0xd3,0x9c,0x92,0x94,0xd3,0x9c,0xf3,0x9c,
    0xf3,0xa4,0x51,0x8c,0xb2,0x94,0xf3,0xa4,0x55,0xad,0x75,0xad,0x96,0xb5,0xb6,0xb5,
    0xb6,0xb5,0xd7,0xbd,0xf7,0xbd,0x59,0xce,0x79,0xce,0x79,0xce,0x79,0xce,0x79,0xce,
    0x79,0xce,0x79,0xd6,0x79,0xce,0x79,0xce,0x59,0xce,0x59,0xce,0x18,0xc6,0x18,0xc6,
    0xf7,0xbd,0xd7,0xbd,0xd6,0xb5,0xd7,0xbd,0xf7,0xbd,0x38,0xc6,0x38,0xc6,0x18,0xc6,
    0x79,0xce,0xdb,0xde,0x79,0xd6,0x79,0xce,0x59,0xce,0x9a,0xd6,0x79,0xce,0x38,0xc6,
    0x99,0xce,0x79,0xce,0x59,0xce,0x17,0xbe,0x38,0xc6,0xb6,0xb5,0x96,0xb5,0xb6,0xb5,
    0xd7,0xbd,0x34,0xa5,0x34,0xa5,0x96,0xb5,0xd3,0x9c,0x71,0x8c,0x92,0x94,0x10,0x84,
    0x92,0x94,0xd3,0x9c,0x71,0x8c,0x92,0x94,0x10,0x84,0x10,0x84,0x10,0x84,0xeb,0x5a,
    0x8a,0x52,0xcf,0x7b,0xef,0x7b,0x30,0x84,0x30,0x84,0x10,0x84,0x30,0x84,0x10,0x84,
    0x30,0x84,0x8e,0x73,0x0c,0x63,0xca,0x5a,0x8a,0x52,0xeb,0x5a,0x4d,0x6b,0x10,0x84,
    0x2c,0x63,0xaa,0x52,0x28,0x42,0x04,0x21,0x28,0x42,0xc7,0x39,0x28,0x42,0x2c,0x63,
    0x51,0x8c,0xd7,0xbd,0x8e,0x73,0xc7,0x39,0x86,0x31,0xae,0x73,0xc7,0x39,0x82,0x10,
    0xa2,0x10,0xa2,0x10,0xa2,0x10,0x86,0x31,0x49,0x4a,0x65,0x29,0x82,0x10,0x45,0x29,
    0xc3,0x18,0x82,0x10,0xa2,0x10,0x04,0x21,0xc3,0x18,0x04,0x19,0x24,0x21,0xc3,0x18,
    0xa2,0x10,0xc7,0x39,0x86,0x31,0x65,0x29,0x08,0x42,0x08,0x42,0xe3,0x18,0x82,0x10,
    0x82,0x10,0x82,0x10,0x61,0x08,0x45,0x29,0x45,0x29,0x20,0x00,0x20,0x00,0x41,0x08,
    0x61,0x08,0xc3,0x18,0xe3,0x18,0xc3,0x18,0x45,0x29,0x86,0x31,0x24,0x21,0x04,0x21,
    0xe3,0x18,0x61,0x08,0xc3,0x18,0x45,0x29,0x65,0x29,0x24,0x21,0xc3,0x18,0xa2,0x10,
    0xa2,0x10,0x41,0x08,0x41,0x08,0x20,0x00,0x61,0x08,0x82,0x10,0x82,0x10,0x82,0x10,
    0x04,0x19,0x28,0x42,0xcb,0x5a,0xcb,0x5a,0x8a,0x52,0x69,0x4a,0xc7,0x39,0xe3,0x18,
    0x45,0x29,0xc7,0x39,0x61,0x08,0xc3,0x18,0x04,0x21,0xa6,0x31,0xe3,0x18,0x86,0x31,
    0x24,0x21,0x86,0x31,0xe3,0x18,0x04,0x21,0x08,0x42,0xa6,0x31,0xa6,0x31,0x86,0x31,
    0x24,0x21,0xc3,0x18,0xe3,0x18,0xc3,0x18,0x86,0x31,0xe7,0x39,0x49,0x4a,0x0b,0x63,
    0xc7,0x39,0x08,0x42,0xe3,0x18,0xa2,0x10,0xa2,0x10,0xc3,0x18,0x04,0x21,0x04,0x21,
    0x45,0x29,0x65,0x29,0xe7,0x39,0xe7,0x39,0x6d,0x6b,0x69,0x4a,0x86,0x31,0xeb,0x5a,
    0x0c,0x63,0x45,0x29,0xa6,0x31,0x86,0x31,0x45,0x29,0xc7,0x39,0xc7,0x39,0x65,0x29,
    0x28,0x42,0xaa,0x52,0x4d,0x6b,0x4d,0x6b,0xef,0x7b,0x51,0x8c,0x71,0x8c,0x34,0xa5,
    0xd3,0x9c,0x4d,0x6b,0xae,0x73,0xcb,0x5a,0x49,0x4a,0x69,0x4a,0x8a,0x52,0xeb,0x5a,
    0x6d,0x6b,0xcf,0x7b,0x10,0x84,0x92,0x94,0xb2,0x94,0xd2,0x9c,0xf3,0x9c,0x96,0xb5,
    0xd7,0xbd,0x34,0xa5,0xf3,0x9c,0xd3,0x9c,0xd3,0x9c,0x92,0x94,0xf3,0x9c,0x14,0xa5,
    0x14,0xa5,0xb2,0x94,0x34,0xa5,0x96,0xb5,0xb6,0xb5,0x59,0xce,0x9a,0xd6,0x9a,0xd6,
    0xba,0xd6,0x79,0xce,0x59,0xce,0x99,0xd6,0xba,0xd6,0x79,0xce,0x79,0xce,0x79,0xce,
    0x79,0xce,0x79,0xd6,0x9a,0xd6,0xba,0xd6,0xba,0xd6,0x9a,0xd6,0xba,0xd6,0xba,0xd6,
    0x9a,0xd6,0x79,0xce,0x58,0xce,0xd7,0xbd,0xf7,0xbd,0x59,0xce,0x9a,0xd6,0x79,0xce,
    0x9a,0xd6,0x79,0xce,0x59,0xce,0x59,0xce,0xba,0xd6,0xba,0xd6,0xdb,0xde,0x79,0xd6,
    0xdb,0xde,0x79,0xce,0x17,0xc6,0x59,0xce,0xf7,0xbd,0xf7,0xbd,0xd7,0xbd,0x55,0xad,
    0xf7,0xbd,0x75,0xad,0x14,0xa5,0x54,0xad,0xb2,0x94,0x30,0x84,0x71,0x8c,0xef,0x7b,
    0x50,0x8c,0xb2,0x94,0xb2,0x9c,0x71,0x8c,0x10,0x84,0x71,0x8c,0x8e,0x73,0xcf,0x7b,
    0xeb,0x5a,0x6d,0x6b,0x30,0x84,0xef,0x7b,0xef,0x7b,0x30,0x84,0x71,0x8c,0x71,0x8c,
    0x71,0x8c,0xae,0x73,0xeb,0x62,0x28,0x4a,0x69,0x4a,0xcb,0x5a,0x4d,0x6b,0x10,0x84,
    0x10,0x84,0xeb,0x5a,0xeb,0x5a,0x28,0x42,0x04,0x21,0xa6,0x39,0xe7,0x39,0x2c,0x63,
    0x4d,0x6b,0x34,0xad,0x34,0xa5,0x0c,0x63,0xa6,0x31,0xeb,0x5a,0x10,0x84,0x65,0x29,
    0x82,0x10,0xa2,0x10,0x82,0x10,0xc3,0x18,0x86,0x31,0x49,0x4a,0x65,0x29,0xc3,0x18,
    0x04,0x21,0x04,0x21,0x82,0x10,0xe3,0x18,0xe3,0x18,0xc3,0x18,0x04,0x21,0xa2,0x10,
    0xa2,0x10,0x44,0x29,0x08,0x42,0x86,0x31,0x08,0x42,0xe7,0x39,0xe3,0x18,0xa2,0x10,
    0x62,0x10,0x61,0x08,0x61,0x08,0x45,0x29,0x45,0x29,0x20,0x00,0x20,0x00,0x41,0x08,
    0x61,0x08,0xc3,0x18,0xe3,0x18,0xc3,0x18,0xe3,0x18,0x65,0x29,0x86,0x31,0x65,0x29,
    0x04,0x21,0xc3,0x18,0xc3,0x18,0x24,0x21,0x45,0x29,0x65,0x29,0xc3,0x18,0x82,0x10,
    0xc2,0x10,0x61,0x08,0x41,0x08,0x20,0x00,0x61,0x08,0x61,0x08,0x61,0x08,0x81,0x08,
    0xc3,0x18,0x65,0x29,0xc7,0x39,0xe7,0x39,0xa6,0x31,0x86,0x31,0x04,0x21,0x45,0x29,
    0x08,0x42,0x61,0x08,0xa2,0x10,0xe3,0x18,0xa6,0x31,0x86,0x31,0x20,0x00,0x65,0x29,
    0xc7,0x39,0x45,0x29,0xc3,0x18,0xa2,0x10,0xe3,0x18,0x04,0x21,0x82,0x10,0x04,0x21,
    0x65,0x29,0xc7,0x39,0x08,0x42,0x08,0x42,0x28,0x42,0xc7,0x39,0xc7,0x39,0xa6,0x31,
    0x45,0x29,0x45,0x21,0x24,0x21,0x24,0x21,0xa2,0x10,0xe3,0x18,0xe4,0x20,0x24,0x21,
    0x65,0x29,0x08,0x42,0xe7,0x39,0x08,0x42,0x4d,0x6b,0xaa,0x52,0x65,0x29,0x0c,0x63,
    0xcb,0x5a,0x45,0x29,0x86,0x31,0xa6,0x31,0x45,0x29,0x69,0x4a,0xe7,0x39,0x28,0x42,
    0x49,0x4a,0xeb,0x5a,0x6d,0x6b,0x6d,0x6b,0x10,0x84,0x92,0x94,0x14,0xa5,0x30,0x84,
    0x2c,0x63,0xb2,0x94,0x34,0xa5,0x55,0xad,0x34,0xa5,0x92,0x94,0x30,0x84,0xef,0x7b,
    0x30,0x84,0x71,0x8c,0xd3,0x9c,0x14,0xa5,0x55,0xad,0xd6,0xbd,0xd7,0xbd,0x95,0xb5,
    0x13,0xa5,0xd3,0x9c,0xf3,0x9c,0x51,0x8c,0x92,0x94,0xd3,0x9c,0x54,0xad,0x96,0xb5,
    0xd3,0x9c,0x34,0xa5,0xd7,0xbd,0x38,0xc6,0xf7,0xbd,0xf7,0xbd,0x79,0xce,0x9a,0xd6,
    0x79,0xce,0x59,0xce,0x9a,0xd6,0xba,0xd6,0xba,0xd6,0xdb,0xde,0xdb,0xde,0xdb,0xde,
    0xdb,0xde,0xfb,0xde,0xfb,0xde,0xfb,0xde,0xdb,0xde,0xba,0xd6,0xba,0xd6,0x79,0xce,
    0x18,0xc6,0x38,0xc6,0x38,0xc6,0xd7,0xbd,0xd7,0xbd,0x79,0xce,0x9a,0xd6,0xba,0xd6,
    0xdb,0xde,0xdb,0xde,0x9a,0xd6,0x59,0xce,0x9a,0xd6,0xdb,0xde,0x59,0xce,0x59,0xce,
    0xda,0xde,0xba,0xd6,0xd7,0xbd,0x38,0xc6,0x18,0xc6,0xf7,0xbd,0x96,0xb5,0x34,0xad,
    0x96,0xb5,0xd7,0xbd,0x55,0xad,0x55,0xad,0x14,0xa5,0xd2,0x9c,0x71,0x8c,0x92,0x94,
    0xf3,0x9c,0x71,0x8c,0xae,0x73,0x10,0x84,0xcf,0x7b,0x51,0x8c,0x6d,0x73,0xef,0x7b,
    0x6d,0x6b,0xae,0x73,0x30,0x84,0x10,0x84,0x51,0x8c,0x30,0x84,0xef,0x7b,0x51,0x8c,
    0x51,0x8c,0x6d,0x6b,0xca,0x5a,0x69,0x4a,0x49,0x4a,0xcb,0x5a,0x4d,0x6b,0x10,0x84,
    0x30,0x84,0xef,0x7b,0xeb,0x5a,0xaa,0x52,0xe7,0x39,0x45,0x29,0x65,0x29,0x8a,0x52,
    0xae,0x73,0x4d,0x6b,0xb6,0xb5,0x10,0x84,0xeb,0x5a,0xa6,0x31,0x10,0x84,0x6d,0x6b,
    0x04,0x21,0x61,0x08,0xc3,0x18,0x61,0x08,0xa2,0x10,0xa6,0x31,0x89,0x52,0xa6,0x31,
    0xa2,0x10,0xe3,0x18,0xa2,0x10,0x82,0x10,0x04,0x21,0xa2,0x10,0xc3,0x18,0xe3,0x18,
    0x81,0x08,0x04,0x21,0x28,0x42,0xe7,0x39,0x08,0x42,0xe7,0x39,0x04,0x21,0xc3,0x18,
    0xa2,0x10,0x82,0x10,0x82,0x10,0x65,0x29,0x65,0x29,0x20,0x00,0x20,0x00,0x41,0x08,
    0x61,0x08,0xc3,0x18,0xe3,0x18,0xc2,0x18,0x44,0x29,0xe7,0x39,0xa6,0x31,0x24,0x21,
    0xe3,0x18,0xe3,0x18,0xc3,0x18,0x04,0x21,0x45,0x29,0x45,0x29,0xc3,0x18,0x82,0x10,
    0xa2,0x10,0x61,0x08,0x41,0x08,0x20,0x00,0x41,0x08,0x41,0x08,0x41,0x08,0x41,0x08,
    0x61,0x08,0x82,0x10,0xc3,0x18,0xe3,0x18,0xe3,0x18,0xa2,0x10,0xc3,0x18,0xc7,0x39,
    0x82,0x10,0x41,0x08,0xe3,0x18,0x44,0x21,0x65,0x29,0xe3,0x18,0x82,0x10,0xa2,0x10,
    0x29,0x4a,0xe3,0x18,0xa2,0x10,0x61,0x08,0xa2,0x10,0xe3,0x18,0xe3,0x18,0xa2,0x10,
    0xe3,0x18,0xa2,0x10,0xc3,0x18,0x82,0x10,0x04,0x21,0xe3,0x18,0x69,0x4a,0x45,0x29,
    0x45,0x29,0x08,0x42,0x86,0x31,0x82,0x10,0xc3,0x18,0x45,0x29,0x04,0x21,0x65,0x29,
    0xe7,0x39,0x08,0x42,0x08,0x42,0x69,0x4a,0x0c,0x63,0xeb,0x5a,0x24,0x21,0x2d,0x6b,
    0xeb,0x5a,0x45,0x29,0x86,0x31,0x86,0x31,0xc7,0x39,0x8a,0x52,0x08,0x42,0x49,0x4a,
    0x89,0x52,0xca,0x5a,0x0c,0x63,0x8e,0x73,0x10,0x84,0xd3,0x9c,0xcf,0x7b,0xeb,0x5a,
    0xef,0x7b,0xef,0x7b,0x71,0x8c,0xb2,0x94,0xb2,0x94,0xf3,0x9c,0x54,0xad,0x75,0xad,
    0xd6,0xbd,0xb6,0xb5,0x96,0xb5,0xf7,0xbd,0x75,0xad,0x14,0xa5,0xd3,0x9c,0xd3,0x9c,
    0xd3,0x9c,0xb2,0x94,0xb2,0x94,0x30,0x84,0xd3,0x9c,0x34,0xa5,0x75,0xad,0x14,0xa5,
    0xd3,0x9c,0x75,0xad,0xf7,0xbd,0x59,0xce,0x58,0xce,0x18,0xc6,0x59,0xce,0x9a,0xd6,
    0x79,0xce,0x9a,0xd6,0x9a,0xd6,0xba,0xd6,0xba,0xd6,0xba,0xd6,0xbb,0xd6,0xdb,0xde,
    0xfb,0xde,0xdb,0xde,0xdb,0xde,0xfb,0xde,0xdb,0xde,0xdb,0xde,0xba,0xd6,0xba,0xd6,
    0x38,0xc6,0x18,0xc6,0x79,0xce,0x9a,0xd6,0x18,0xc6,0x79,0xce,0xba,0xd6,0xdb,0xde,
    0x9a,0xd6,0xdb,0xde,0xba,0xd6,0xba,0xd6,0x59,0xce,0xba,0xd6,0xdb,0xde,0x79,0xce,
    0x9a,0xd6,0x79,0xce,0x38,0xc6,0x79,0xce,0xd7,0xbd,0xd7,0xbd,0x34,0xa5,0x96,0xb5,
    0xb6,0xb5,0xd7,0xbd,0x75,0xad,0x14,0xa5,0x14,0xa5,0xf3,0x9c,0xf3,0x9c,0xb2,0x94,
    0x71,0x8c,0xd3,0x9c,0x51,0x8c,0x8e,0x73,0x8e,0x73,0x6d,0x6b,0x8e,0x73,0x2c,0x63,
    0x4d,0x6b,0xae,0x73,0x92,0x94,0xcf,0x7b,0x51,0x8c,0xd3,0x9c,0x10,0x84,0x8e,0x73,
    0x30,0x84,0x10,0x84,0x48,0x4a,0x8a,0x52,0x89,0x52,0xaa,0x52,0x0c,0x63,0x6d,0x73,
    0x8e,0x73,0xef,0x83,0xcf,0x7b,0xcb,0x5a,0x69,0x4a,0x86,0x31,0x86,0x31,0xe7,0x39,
    0x0c,0x63,0x8e,0x73,0x71,0x8c,0x55,0xad,0x2c,0x63,0xaa,0x52,0xe7,0x39,0x71,0x8c,
    0xc6,0x39,0x82,0x10,0x82,0x10,0xe3,0x18,0x61,0x08,0xa2,0x10,0x08,0x42,0x49,0x4a,
    0x24,0x21,0xc3,0x18,0xe3,0x18,0x20,0x00,0xc3,0x18,0xe3,0x18,0xa2,0x10,0x04,0x21,
    0x82,0x10,0xa2,0x10,0xc7,0x39,0x28,0x42,0x28,0x42,0xc7,0x39,0x45,0x29,0xc3,0x18,
    0x82,0x10,0x82,0x10,0xa2,0x10,0x65,0x29,0x86,0x31,0x40,0x00,0x20,0x00,0x41,0x08,
    0x82,0x10,0xc3,0x18,0xe3,0x18,0xc3,0x18,0xc3,0x18,0x24,0x21,0x24,0x29,0x04,0x19,
    0x82,0x10,0xc3,0x18,0x04,0x21,0x45,0x29,0x45,0x29,0xe3,0x18,0xc3,0x10,0x82,0x10,
    0xa2,0x10,0x82,0x10,0x41,0x08,0x20,0x00,0x20,0x00,0x41,0x08,0x41,0x08,0x41,0x08,
    0x61,0x08,0xc3,0x18,0x24,0x21,0x04,0x21,0xe3,0x18,0xc2,0x10,0x85,0x31,0xc3,0x18,
    0x41,0x08,0x61,0x08,0x04,0x21,0x45,0x29,0x04,0x21,0xc3,0x18,0xe3,0x18,0x04,0x21,
    0xe3,0x18,0xe3,0x18,0x61,0x08,0x61,0x08,0x61,0x08,0x00,0x00,0xa2,0x10,0x45,0x29,
    0xa2,0x10,0xc3,0x18,0xa2,0x10,0x45,0x29,0x03,0x19,0xaa,0x52,0xca,0x5a,0x24,0x21,
    0xa6,0x31,0xc7,0x39,0x61,0x08,0xe3,0x18,0x65,0x29,0x24,0x21,0x45,0x29,0xa6,0x31,
    0xc7,0x39,0xe7,0x39,0x08,0x42,0x28,0x42,0x28,0x42,0x2c,0x63,0x24,0x21,0x4d,0x6b,
    0x2c,0x63,0x24,0x21,0x24,0x21,0xc6,0x31,0x28,0x42,0x89,0x52,0x49,0x4a,0x8a,0x52,
    0xcb,0x5a,0x0c,0x63,0x6d,0x6b,0x6d,0x6b,0xef,0x7b,0xcb,0x5a,0x8a,0x52,0xcf,0x7b,
    0x10,0x84,0xb2,0x94,0x10,0x84,0x6d,0x6b,0xcf,0x7b,0xb2,0x94,0xb2,0x94,0x14,0xa5,
    0x34,0xa5,0xd3,0x9c,0xf3,0x9c,0x34,0xa5,0x92,0x94,0xf3,0x9c,0x34,0xa5,0xf3,0x9c,
    0xb2,0x94,0xd3,0x9c,0x75,0xad,0xb2,0x94,0x34,0xa5,0xb6,0xb5,0xf7,0xbd,0xf3,0x9c,
    0xf7,0xbd,0x59,0xce,0x38,0xc6,0x9a,0xd6,0xdb,0xde,0x59,0xce,0x59,0xce,0xdb,0xde,
    0xfb,0xde,0xba,0xd6,0xdb,0xde,0xfb,0xde,0xfb,0xde,0xba,0xd6,0xdb,0xde,0xdb,0xde,
    0xdb,0xde,0xfb,0xde,0xba,0xd6,0xdb,0xde,0xdb,0xde,0xba,0xd6,0xba,0xd6,0xba,0xd6,
    0x79,0xce,0x59,0xce,0xba,0xd6,0xda,0xd6,0x38,0xc6,0x79,0xce,0xdb,0xde,0xdb,0xde,
    0xba,0xd6,0xba,0xd6,0xdb,0xde,0xba,0xde,0x59,0xce,0x79,0xce,0x79,0xce,0x59,0xce,
    0x59,0xce,0x79,0xce,0x79,0xce,0x9a,0xd6,0xf7,0xbd,0x17,0xc6,0x14,0xa5,0xd7,0xbd,
    0x18,0xc6,0x75,0xad,0x55,0xad,0x34,0xa5,0x96,0xb5,0x34,0xa5,0xd3,0x9c,0x92,0x94,
    0x30,0x84,0x71,0x8c,0x71,0x8c,0x10,0x84,0xb2,0x94,0x30,0x84,0x0c,0x63,0x0c,0x63,
    0xeb,0x5a,0x8e,0x73,0xb2,0x94,0x92,0x94,0x30,0x84,0xf3,0x9c,0x71,0x8c,0x4d,0x6b,
    0x6d,0x6b,0xcf,0x7b,0x8a,0x52,0xc6,0x39,0x49,0x4a,0x0c,0x63,0x2c,0x6b,0x8e,0x73,
    0x6d,0x6b,0x4d,0x6b,0x4d,0x6b,0x8e,0x73,0x4d,0x6b,0x69,0x4a,0x45,0x29,0xa6,0x31,
    0x28,0x42,0x6d,0x6b,0x6d,0x6b,0x14,0xa5,0xcf,0x7b,0xcb,0x5a,0xe7,0x39,0xcb,0x5a,
    0x8e,0x73,0x82,0x10,0x82,0x10,0xc3,0x18,0x82,0x10,0x82,0x10,0x04,0x21,0x69,0x4a,
    0xc7,0x39,0x65,0x29,0xe3,0x18,0x20,0x00,0x61,0x08,0x03,0x21,0xa2,0x10,0xc3,0x18,
    0xc3,0x18,0x41,0x08,0x45,0x29,0x49,0x4a,0x28,0x42,0x65,0x29,0x24,0x21,0xa2,0x10,
    0x41,0x08,0x61,0x08,0xa2,0x10,0x65,0x29,0x86,0x31,0x40,0x08,0x20,0x00,0x41,0x08,
    0x82,0x10,0xc3,0x18,0xe3,0x18,0xc3,0x18,0x86,0x31,0xa6,0x31,0x24,0x21,0x04,0x21,
    0xa2,0x10,0x82,0x10,0x24,0x21,0x86,0x31,0x24,0x21,0xc2,0x10,0xa2,0x10,0x61,0x08,
    0xa2,0x10,0x82,0x10,0x41,0x08,0x20,0x00,0x41,0x08,0x41,0x08,0x41,0x08,0x41,0x08,
    0x82,0x10,0x03,0x21,0x86,0x31,0x86,0x31,0x45,0x29,0x85,0x31,0xe3,0x18,0x82,0x10,
    0x61,0x08,0x82,0x10,0xe3,0x18,0xc3,0x18,0xc3,0x18,0x82,0x10,0x24,0x21,0x24,0x21,
    0xe3,0x18,0xc3,0x18,0x41,0x08,0x41,0x08,0x41,0x08,0x45,0x29,0xe7,0x39,0x45,0x29,
    0x86,0x31,0xa6,0x31,0xc7,0x39,0x08,0x42,0x24,0x21,0x4d,0x6b,0xa6,0x31,0xa6,0x31,
    0x08,0x42,0xc3,0x18,0x04,0x21,0x65,0x29,0x65,0x29,0x24,0x21,0xa6,0x31,0xc7,0x39,
    0xe7,0x39,0x28,0x42,0x08,0x42,0x69,0x4a,0x86,0x31,0xeb,0x5a,0x65,0x29,0xeb,0x5a,
    0x4d,0x6b,0x04,0x21,0x45,0x29,0x28,0x42,0x69,0x4a,0x8a,0x52,0x8a,0x52,0xca,0x5a,
    0xeb,0x5a,0x2c,0x63,0xeb,0x5a,0xeb,0x5a,0x48,0x4a,0xeb,0x5a,0xcf,0x7b,0x0f,0x84,
    0xb2,0x94,0x92,0x94,0xae,0x73,0x10,0x84,0x51,0x8c,0x71,0x8c,0x30,0x84,0x51,0x8c,
    0x71,0x8c,0xb2,0x94,0x51,0x8c,0x30,0x84,0xb2,0x94,0xd3,0x9c,0x34,0xa5,0x51,0x8c,
    0xb2,0x94,0x96,0xb5,0x96,0xb5,0xd3,0x9c,0xd7,0xbd,0x59,0xce,0x95,0xb5,0x75,0xad,
    0x58,0xc6,0x38,0xc6,0x18,0xc6,0x58,0xce,0x79,0xce,0x79,0xce,0x99,0xd6,0xba,0xd6,
    0xda,0xde,0x79,0xce,0x9a,0xd6,0xfb,0xde,0xdb,0xde,0xdb,0xde,0xdb,0xde,0xfb,0xde,
    0xdb,0xde,0xdb,0xde,0xba,0xd6,0xdb,0xde,0x9a,0xd6,0xba,0xd6,0xba,0xd6,0xdb,0xde,
    0xba,0xd6,0x59,0xce,0x9a,0xd6,0xdb,0xde,0x59,0xce,0x59,0xce,0xdb,0xde,0xfb,0xde,
    0xdb,0xde,0x9a,0xd6,0xba,0xd6,0x79,0xd6,0x18,0xc6,0x79,0xce,0xdb,0xde,0x38,0xc6,
    0x18,0xc6,0xba,0xd6,0xba,0xd6,0x59,0xce,0x18,0xc6,0xd7,0xbd,0xf3,0x9c,0xb6,0xb5,
    0xf7,0xbd,0x14,0xa5,0x71,0x8c,0x34,0xa5,0x34,0xa5,0xb2,0x94,0x51,0x8c,0xef,0x7b,
    0xae,0x73,0xef,0x7b,0xcf,0x7b,0x0f,0x84,0xd3,0x9c,0xd2,0x9c,0x71,0x8c,0xef,0x7b,
    0xcb,0x5a,0x4d,0x6b,0x30,0x84,0x92,0x94,0xd3,0x9c,0xb2,0x94,0xef,0x7b,0xcf,0x7b,
    0xcf,0x7b,0xae,0x73,0xae,0x73,0x08,0x42,0x49,0x4a,0xeb,0x5a,0x6d,0x6b,0x8e,0x73,
    0x10,0x84,0xcf,0x7b,0x8e,0x73,0x0c,0x63,0xcf,0x7b,0xae,0x73,0x69,0x4a,0x65,0x29,
    0x8a,0x52,0xcb,0x5a,0x0c,0x63,0xcf,0x7b,0x71,0x8c,0x69,0x4a,0xeb,0x5a,0x86,0x31,
    0x10,0x84,0xe7,0x39,0x61,0x08,0xa2,0x10,0x82,0x10,0x61,0x08,0xc2,0x18,0x86,0x31,
    0xaa,0x52,0x48,0x42,0x65,0x29,0x41,0x08,0x41,0x08,0xc3,0x18,0x82,0x10,0xa2,0x10,
    0xe3,0x18,0x61,0x08,0xe3,0x18,0x69,0x4a,0xe7,0x39,0x24,0x21,0x24,0x21,0xc3,0x18,
    0x61,0x08,0x61,0x08,0xa2,0x10,0x65,0x29,0x86,0x31,0x40,0x08,0x20,0x00,0x41,0x08,
    0x82,0x10,0xc3,0x18,0x03,0x19,0xc3,0x18,0x86,0x31,0xa6,0x31,0x82,0x10,0xa2,0x10,
    0xc3,0x18,0x82,0x10,0x44,0x29,0x86,0x31,0x04,0x21,0xa2,0x10,0x82,0x10,0x40,0x00,
    0x82,0x10,0x82,0x10,0x41,0x08,0x20,0x00,0x41,0x08,0x41,0x08,0x41,0x08,0x61,0x08,
    0x82,0x10,0xe3,0x18,0xa6,0x31,0xa6,0x39,0x07,0x3a,0xa6,0x31,0xe3,0x18,0xa2,0x10,
    0x61,0x08,0xc2,0x10,0x82,0x10,0x82,0x10,0xc3,0x18,0x82,0x10,0x65,0x29,0x04,0x21,
    0x04,0x21,0x20,0x00,0x82,0x10,0x24,0x21,0xe7,0x41,0x85,0x31,0x82,0x10,0xc3,0x18,
    0x04,0x21,0xe3,0x18,0x49,0x4a,0x65,0x29,0x69,0x4a,0x0c,0x63,0xe7,0x39,0xcb,0x5a,
    0x86,0x31,0x65,0x29,0x86,0x31,0xc7,0x39,0x85,0x29,0x49,0x4a,0x89,0x52,0x49,0x4a,
    0x69,0x4a,0x8a,0x52,0x08,0x42,0x28,0x42,0x86,0x31,0x49,0x4a,0xa6,0x31,0x8a,0x52,
    0xcf,0x7b,0x04,0x21,0xc7,0x39,0x69,0x4a,0x8a,0x52,0x49,0x4a,0x08,0x42,0x49,0x4a,
    0x69,0x4a,0x6d,0x6b,0xef,0x7b,0xeb,0x5a,0xae,0x73,0x51,0x8c,0x30,0x84,0x92,0x94,
    0xb2,0x94,0x30,0x84,0x50,0x8c,0x0f,0x84,0x8e,0x73,0x10,0x84,0x51,0x8c,0x30,0x84,
    0xb2,0x94,0x13,0xa5,0xd3,0x9c,0x30,0x84,0xb2,0x94,0xb2,0x94,0xf3,0x9c,0x71,0x8c,
    0x75,0xad,0xf7,0xbd,0xb6,0xb5,0xf3,0x9c,0x18,0xc6,0x38,0xc6,0x34,0xa5,0x59,0xce,
    0x38,0xc6,0x58,0xce,0x38,0xc6,0x59,0xce,0x59,0xce,0x79,0xce,0x38,0xc6,0xba,0xd6,
    0xda,0xde,0x9a,0xd6,0xba,0xd6,0xdb,0xde,0xdb,0xde,0xba,0xde,0xba,0xd6,0x9a,0xd6,
    0x9a,0xd6,0x9a,0xd6,0xba,0xd6,0xba,0xd6,0x9a,0xd6,0x9a,0xd6,0xba,0xd6,0xda,0xde,
    0x9a,0xd6,0x79,0xce,0x99,0xce,0x9a,0xd6,0x59,0xce,0x18,0xc6,0x59,0xce,0xba,0xd6,
    0x59,0xce,0x9a,0xd6,0x79,0xce,0x38,0xc6,0xf7,0xbd,0x17,0xc6,0xba,0xd6,0x17,0xbe,
    0xd7,0xbd,0x9a,0xd6,0x79,0xce,0xb6,0xb5,0x75,0xad,0x55,0xad,0x14,0xa5,0x96,0xb5,
    0x95,0xb5,0x96,0xb5,0x34,0xa5,0xf3,0x9c,0x34,0xa5,0x14,0xa5,0x92,0x94,0x30,0x84,
    0x71,0x8c,0xef,0x7b,0xef,0x7b,0x92,0x94,0xd3,0x9c,0xd3,0x9c,0x51,0x8c,0x71,0x8c,
    0x10,0x84,0xae,0x73,0xcf,0x7b,0x10,0x84,0x92,0x94,0x30,0x84,0xce,0x7b,0x8e,0x73,
    0x0f,0x84,0x6d,0x6b,0x6d,0x6b,0x08,0x42,0x49,0x4a,0xaa,0x52,0x4c,0x6b,0x0c,0x63,
    0x4d,0x6b,0x8e,0x73,0xcf,0x7b,0x8e,0x73,0xab,0x5a,0x6d,0x6b,0xef,0x7b,0x49,0x4a,
    0x28,0x42,0x0c,0x63,0xab,0x5a,0x4d,0x63,0xef,0x7b,0xcb,0x5a,0xaa,0x52,0x28,0x42,
    0x8a,0x52,0x6d,0x6b,0xa2,0x10,0x61,0x08,0x61,0x08,0x61,0x08,0x61,0x08,0xe3,0x18,
    0x08,0x42,0xeb,0x5a,0xa6,0x31,0x82,0x10,0x61,0x08,0x81,0x08,0x82,0x10,0x82,0x10,
    0x82,0x10,0x82,0x10,0xe3,0x18,0xc7,0x39,0x45,0x29,0x04,0x21,0x24,0x21,0xc3,0x18,
    0x82,0x10,0x61,0x08,0xa2,0x10,0x65,0x29,0x86,0x31,0x41,0x08,0x20,0x00,0x41,0x08,
    0x61,0x08,0xc3,0x18,0xe3,0x18,0xc3,0x18,0xe3,0x18,0x65,0x29,0x04,0x21,0xe3,0x18,
    0xa2,0x10,0xa2,0x10,0x45,0x29,0xa6,0x31,0x24,0x21,0xa2,0x10,0x61,0x08,0x41,0x08,
    0xa2,0x10,0x82,0x10,0x41,0x08,0x20,0x00,0x41,0x08,0x41,0x08,0x61,0x08,0x61,0x08,
    0x81,0x10,0x04,0x21,0xc7,0x39,0xe7,0x39,0xe7,0x39,0x65,0x29,0x24,0x21,0xa2,0x10,
    0x82,0x10,0x61,0x08,0x82,0x10,0x61,0x10,0x82,0x10,0xc3,0x18,0xa6,0x31,0x45,0x29,
    0x24,0x21,0x24,0x21,0x85,0x31,0xc7,0x39,0xe3,0x18,0x40,0x00,0x82,0x10,0x04,0x21,
    0xe3,0x18,0x45,0x29,0xc7,0x39,0x24,0x21,0x6d,0x6b,0x8a,0x52,0x2c,0x63,0xcb,0x5a,
    0xa6,0x31,0xa6,0x31,0xc7,0x39,0xa6,0x31,0x69,0x4a,0x8a,0x52,0xc7,0x39,0x07,0x3a,
    0x89,0x52,0x29,0x4a,0x49,0x4a,0x28,0x42,0x08,0x42,0x86,0x31,0xe7,0x39,0x49,0x4a,
    0x0f,0x84,0x65,0x29,0xe7,0x39,0x69,0x4a,0x8a,0x52,0x28,0x42,0xaa,0x52,0x4d,0x6b,
    0xae,0x73,0x71,0x8c,0x4d,0x6b,0xcf,0x7b,0xb2,0x94,0x50,0x8c,0x71,0x8c,0xb2,0x94,
    0x51,0x8c,0x50,0x8c,0x92,0x94,0x50,0x8c,0xae,0x7b,0x51,0x8c,0x71,0x8c,0x10,0x84,
    0xd3,0x9c,0x14,0xa5,0x75,0xad,0x14,0xa5,0x13,0x9d,0x14,0xa5,0x14,0xa5,0xb2,0x94,
    0xb2,0x94,0x34,0xa5,0x55,0xad,0x75,0xad,0x58,0xc6,0x34,0xa5,0xb6,0xb5,0xf7,0xbd,
    0x17,0xc6,0x18,0xc6,0x18,0xc6,0x79,0xce,0x17,0xc6,0x38,0xc6,0xba,0xd6,0xba,0xd6,
    0x9a,0xd6,0xba,0xd6,0x9a,0xd6,0xba,0xd6,0xba,0xd6,0xdb,0xde,0xdb,0xde,0xba,0xd6,
    0xda,0xde,0xba,0xd6,0xba,0xd6,0xda,0xde,0xdb,0xde,0xfb,0xde,0x9a,0xd6,0x79,0xce,
    0x59,0xce,0x59,0xce,0x79,0xce,0x38,0xc6,0x38,0xc6,0x18,0xc6,0xf7,0xbd,0xf7,0xbd,
    0x79,0xce,0x38,0xc6,0xd7,0xbd,0x18,0xc6,0xd7,0xbd,0x96,0xb5,0x38,0xc6,0x17,0xbe,
    0x17,0xc6,0x18,0xc6,0x9a,0xd6,0x96,0xb5,0xb2,0x94,0xd3,0x9c,0x55,0xad,0x95,0xb5,
    0x75,0xad,0x75,0xad,0x75,0xad,0x14,0xa5,0x14,0xa5,0xd3,0x9c,0xb2,0x94,0x92,0x94,
    0xb2,0x94,0xb2,0x94,0x14,0xa5,0xf3,0x9c,0x71,0x8c,0x10,0x84,0xd2,0x9c,0x71,0x8c,
    0xae,0x73,0x4d,0x6b,0x71,0x8c,0x14,0xa5,0x92,0x94,0xcf,0x7b,0x0f,0x7c,0x50,0x8c,
    0xef,0x7b,0x8d,0x6b,0x4d,0x6b,0x28,0x42,0x69,0x4a,0xca,0x52,0xeb,0x5a,0xae,0x73,
    0x6d,0x6b,0x2c,0x63,0x2c,0x63,0x8e,0x73,0xef,0x7b,0xaa,0x52,0x28,0x42,0xef,0x7b,
    0xae,0x73,0x08,0x42,0xeb,0x5a,0x8a,0x52,0x6d,0x6b,0x0c,0x63,0x49,0x4a,0x29,0x4a,
    0x08,0x42,0x6e,0x6b,0xc7,0x39,0x81,0x10,0x82,0x10,0x61,0x08,0x41,0x08,0xa2,0x10,
    0x24,0x21,0x8a,0x52,0x86,0x31,0xa2,0x10,0xc3,0x18,0x61,0x08,0xa2,0x10,0xa2,0x10,
    0x61,0x08,0x20,0x00,0xe3,0x18,0x45,0x29,0x65,0x29,0x24,0x21,0xe3,0x18,0xe3,0x18,
    0x82,0x10,0x61,0x08,0xa2,0x10,0x65,0x29,0xa6,0x31,0x41,0x08,0x20,0x00,0x41,0x08,
    0x61,0x08,0xa2,0x10,0xe3,0x18,0xc3,0x18,0x86,0x31,0x86,0x31,0x86,0x31,0x45,0x29,
    0xa2,0x10,0xe3,0x18,0x24,0x21,0xa6,0x31,0x24,0x21,0xc2,0x10,0xa2,0x10,0x61,0x08,
    0xc2,0x10,0x82,0x10,0x41,0x08,0x20,0x00,0x41,0x08,0x41,0x08,0x61,0x08,0x61,0x08,
    0xa2,0x10,0xa6,0x31,0xe7,0x39,0xe7,0x39,0xa6,0x31,0x08,0x42,0x86,0x31,0xc3,0x18,
    0x82,0x08,0x61,0x08,0x41,0x08,0x41,0x08,0x41,0x08,0x04,0x21,0xe7,0x39,0x28,0x42,
    0xe3,0x18,0x04,0x21,0x24,0x21,0x82,0x10,0x41,0x08,0x82,0x10,0xe3,0x18,0x65,0x29,
    0xa2,0x10,0xc7,0x39,0x65,0x29,0x8a,0x52,0x6d,0x6b,0x2c,0x63,0x0c,0x63,0xa6,0x31,
    0x65,0x29,0x86,0x31,0x65,0x29,0xe7,0x39,0x28,0x42,0x07,0x42,0x28,0x42,0x69,0x4a,
    0xeb,0x5a,0x49,0x4a,0x8a,0x52,0x28,0x42,0x28,0x42,0x04,0x21,0x65,0x29,0x49,0x4a,
    0xae,0x73,0xe7,0x39,0xc7,0x39,0x69,0x4a,0x8a,0x52,0x69,0x4a,0x8e,0x73,0x30,0x84,
    0x92,0x94,0x2c,0x63,0xef,0x7b,0xb2,0x94,0x51,0x8c,0x50,0x8c,0x30,0x84,0x71,0x8c,
    0xb2,0x94,0x51,0x8c,0xb2,0x94,0x71,0x8c,0x51,0x8c,0x0f,0x84,0x51,0x8c,0x71,0x8c,
    0x91,0x94,0x34,0xa5,0x34,0xa5,0x13,0xa5,0x55,0xa5,0x34,0xa5,0xd2,0x94,0x51,0x8c,
    0xb2,0x94,0xb2,0x94,0x30,0x84,0x71,0x8c,0x92,0x94,0x30,0x84,0x51,0x8c,0x50,0x84,
    0xb2,0x94,0xf3,0x9c,0x14,0xa5,0x75,0xad,0x55,0xad,0x75,0xad,0xf7,0xbd,0xf7,0xbd,
    0xf7,0xbd,0x9a,0xd6,0x38,0xc6,0x59,0xce,0x59,0xce,0xba,0xd6,0xba,0xd6,0xdb,0xde,
    0xba,0xd6,0x79,0xce,0x99,0xce,0xba,0xd6,0xdb,0xde,0x79,0xce,0x38,0xc6,0x38,0xc6,
    0xd7,0xbd,0xd6,0xbd,0xb6,0xb5,0xf7,0xbd,0x18,0xc6,0x18,0xc6,0x59,0xce,0x38,0xc6,
    0x18,0xc6,0xd6,0xb5,0xd7,0xbd,0x75,0xad,0xf3,0x9c,0x34,0xa5,0xb6,0xb5,0xd7,0xbd,
    0xd7,0xbd,0x18,0xc6,0xf7,0xbd,0x34,0xa5,0xd3,0x9c,0xb2,0x94,0x55,0xad,0x14,0xa5,
    0xf3,0x9c,0xd2,0x94,0xf3,0x9c,0xb2,0x94,0x92,0x94,0x92,0x94,0x30,0x84,0x0f,0x7c,
    0x92,0x94,0x10,0x84,0xb2,0x94,0xd3,0x9c,0x10,0x84,0x51,0x8c,0x71,0x8c,0xef,0x7b,
    0x4d,0x6b,0xcb,0x5a,0x92,0x94,0x14,0xa5,0xb2,0x94,0x30,0x84,0x8e,0x73,0xce,0x7b,
    0x2c,0x63,0x4d,0x6b,0x6d,0x6b,0x49,0x4a,0x8a,0x52,0xaa,0x52,0x4c,0x6b,0x4d,0x6b,
    0x71,0x94,0xae,0x73,0x6d,0x6b,0x0c,0x63,0x8e,0x73,0xae,0x73,0xca,0x5a,0x69,0x4a,
    0x92,0x94,0x6d,0x6b,0x8a,0x52,0x28,0x42,0xaa,0x52,0x0c,0x63,0x49,0x4a,0xa6,0x31,
    0x49,0x4a,0xcb,0x5a,0x6d,0x6b,0xe3,0x18,0x61,0x08,0x82,0x10,0xa2,0x10,0x41,0x08,
    0xc3,0x18,0xa6,0x31,0xe7,0x39,0x82,0x10,0xe3,0x18,0x82,0x10,0x82,0x10,0xa2,0x10,
    0x61,0x08,0x00,0x00,0x45,0x29,0xe7,0x39,0x86,0x31,0x24,0x21,0xa2,0x10,0xa2,0x10,
    0xa2,0x10,0x61,0x08,0x82,0x10,0x45,0x29,0xc6,0x39,0x41,0x08,0x20,0x00,0x41,0x08,
    0x61,0x08,0xa2,0x10,0xe3,0x18,0xe3,0x18,0x65,0x29,0xc3,0x18,0xc3,0x18,0xa2,0x10,
    0xa2,0x10,0x04,0x21,0xe3,0x18,0x65,0x29,0x65,0x29,0xa2,0x10,0x82,0x10,0x81,0x10,
    0xa3,0x10,0x82,0x10,0x41,0x08,0x20,0x00,0x41,0x08,0x61,0x08,0x61,0x08,0x61,0x08,
    0x65,0x29,0xe7,0x39,0xa6,0x31,0xa6,0x31,0xe7,0x39,0x28,0x42,0x65,0x29,0xe3,0x18,
    0x61,0x08,0x61,0x08,0x41,0x08,0x41,0x08,0x41,0x08,0x04,0x21,0xc7,0x39,0xa6,0x39,
    0xa2,0x10,0x65,0x29,0xe3,0x18,0x82,0x10,0x61,0x08,0xa2,0x10,0x65,0x29,0xa2,0x10,
    0xe3,0x18,0x86,0x31,0xc7,0x39,0x6d,0x6b,0xef,0x7b,0x8a,0x52,0x49,0x4a,0x86,0x31,
    0x45,0x29,0x65,0x29,0xc7,0x39,0x8a,0x52,0xaa,0x52,0x28,0x42,0xaa,0x52,0xcb,0x5a,
    0x8a,0x52,0x28,0x42,0x8a,0x52,0x69,0x4a,0x28,0x42,0xa2,0x10,0x82,0x10,0x28,0x42,
    0x6d,0x6b,0xcb,0x5a,0xc7,0x39,0x69,0x4a,0xeb,0x5a,0xaa,0x52,0x8e,0x73,0x50,0x84,
    0x6d,0x6b,0xcf,0x7b,0xf3,0x9c,0x71,0x8c,0x10,0x84,0xcf,0x7b,0x30,0x84,0x51,0x8c,
    0x71,0x8c,0x92,0x94,0x10,0x84,0xef,0x7b,0x51,0x8c,0x4c,0x6b,0xae,0x73,0x71,0x8c,
    0x10,0x84,0xd2,0x9c,0xf3,0x9c,0xb2,0x94,0xb2,0x94,0x51,0x8c,0x10,0x84,0xcf,0x7b,
    0xae,0x73,0x8e,0x73,0xae,0x73,0xb2,0x94,0x34,0xa5,0x55,0xad,0x96,0xb5,0x96,0xb5,
    0xf7,0xbd,0xd7,0xbd,0xd7,0xbd,0xb6,0xb5,0xb6,0xb5,0x38,0xc6,0xf7,0xbd,0xb6,0xbd,
    0xd7,0xbd,0x18,0xc6,0x38,0xc6,0x38,0xc6,0x79,0xce,0x38,0xc6,0x79,0xce,0x79,0xce,
    0x18,0xc6,0x38,0xc6,0x79,0xce,0x59,0xce,0x17,0xc6,0xd6,0xbd,0xb6,0xb5,0xb6,0xb5,
    0xb6,0xb5,0xf7,0xbd,0xd7,0xbd,0xd7,0xbd,0xb6,0xb5,0x14,0xa5,0xd3,0x9c,0x91,0x94,
    0x30,0x84,0x10,0x84,0x50,0x8c,0x51,0x8c,0x30,0x84,0x30,0x84,0xd3,0x9c,0x14,0xa5,
    0xf3,0x9c,0x55,0xad,0x55,0xad,0x75,0xad,0xb2,0x94,0x92,0x94,0x75,0xad,0x14,0xa5,
    0xb2,0x94,0x92,0x94,0xf3,0x9c,0x71,0x8c,0x10,0x84,0x92,0x94,0x6d,0x6b,0xef,0x7b,
    0xb2,0x94,0x6d,0x6b,0x30,0x84,0xef,0x7b,0xcf,0x7b,0x91,0x94,0x30,0x84,0x6d,0x6b,
    0xae,0x73,0xae,0x73,0x0f,0x7c,0xb2,0x94,0x91,0x94,0x30,0x84,0xef,0x7b,0x2c,0x63,
    0x0c,0x63,0xae,0x73,0x0c,0x63,0x49,0x4a,0x69,0x4a,0x49,0x4a,0x2c,0x63,0xcf,0x7b,
    0x8e,0x73,0x92,0x94,0xef,0x7b,0x8e,0x73,0x0c,0x63,0xaa,0x52,0xeb,0x5a,0x2c,0x63,
    0xaa,0x52,0x92,0x94,0xef,0x7b,0x08,0x42,0x49,0x4a,0xeb,0x5a,0x69,0x4a,0xc7,0x39,
    0xc7,0x39,0x49,0x4a,0x6d,0x6b,0x08,0x3a,0x61,0x08,0x41,0x08,0xa2,0x10,0x04,0x21,
    0xa2,0x10,0xc3,0x18,0x65,0x29,0x65,0x29,0x82,0x10,0x04,0x21,0x41,0x08,0x82,0x10,
    0x61,0x08,0x00,0x00,0x65,0x29,0x69,0x4a,0xa6,0x31,0x04,0x21,0xc3,0x18,0xc3,0x18,
    0xc3,0x18,0xa2,0x10,0xe3,0x18,0x86,0x31,0x86,0x31,0x41,0x08,0x20,0x00,0x41,0x08,
    0x82,0x10,0xc3,0x18,0xe3,0x18,0xe3,0x18,0xe3,0x18,0xc3,0x18,0xa2,0x10,0x82,0x10,
    0xa3,0x18,0x45,0x29,0xc3,0x18,0x45,0x29,0x86,0x31,0xc3,0x18,0x82,0x10,0x82,0x10,
    0xa2,0x10,0x82,0x10,0x41,0x08,0x20,0x00,0x41,0x08,0x61,0x08,0x61,0x08,0x82,0x10,
    0x45,0x29,0xa6,0x31,0xc6,0x39,0x86,0x31,0x08,0x42,0x86,0x31,0xe3,0x18,0xc2,0x10,
    0x61,0x08,0x61,0x08,0x41,0x08,0x20,0x00,0x82,0x10,0x04,0x21,0x8a,0x52,0x49,0x4a,
    0x65,0x29,0x82,0x10,0xc3,0x18,0x61,0x08,0x81,0x08,0x24,0x21,0x04,0x21,0x81,0x08,
    0x65,0x29,0xe7,0x39,0x49,0x4a,0x51,0x8c,0xcb,0x5a,0x2c,0x63,0xaa,0x52,0x45,0x29,
    0xa6,0x31,0xc7,0x39,0x69,0x4a,0x2c,0x63,0xa6,0x31,0x08,0x42,0xaa,0x52,0x49,0x4a,
    0x49,0x4a,0x49,0x4a,0xaa,0x52,0x49,0x4a,0xc7,0x31,0x41,0x08,0x61,0x08,0xc7,0x39,
    0x0c,0x63,0x2c,0x63,0xe7,0x39,0x8a,0x52,0x4d,0x6b,0x4d,0x6b,0xef,0x7b,0xae,0x73,
    0x8e,0x73,0xb2,0x94,0xd3,0x9c,0xf3,0x9c,0x92,0x94,0xae,0x73,0xef,0x7b,0x71,0x8c,
    0x92,0x94,0x51,0x8c,0x8e,0x73,0x0f,0x7c,0xef,0x7b,0xae,0x73,0x8e,0x73,0xae,0x73,
    0x2c,0x63,0xae,0x73,0xef,0x7b,0xef,0x7b,0xef,0x7b,0x30,0x84,0xf3,0x9c,0x34,0xa5,
    0xb2,0x94,0x96,0xb5,0x55,0xad,0x79,0xce,0x59,0xce,0x38,0xc6,0xd7,0xbd,0x96,0xb5,
    0x54,0xad,0xf3,0x9c,0x34,0xa5,0xb6,0xb5,0xd7,0xbd,0x59,0xce,0xf7,0xbd,0x18,0xc6,
    0x18,0xc6,0xf7,0xbd,0xf7,0xbd,0x18,0xc6,0x38,0xc6,0x38,0xc6,0x59,0xce,0x59,0xce,
    0x79,0xce,0x59,0xce,0x58,0xc6,0x79,0xce,0xba,0xd6,0x79,0xce,0xd7,0xbd,0x54,0xad,
    0xd3,0x9c,0x92,0x94,0x71,0x94,0x92,0x94,0x92,0x94,0xb2,0x94,0xf3,0x9c,0x34,0xa5,
    0x75,0xad,0x95,0xb5,0xb6,0xb5,0xd7,0xbd,0x38,0xc6,0x59,0xce,0x9a,0xd6,0xdb,0xde,
    0x99,0xce,0x38,0xc6,0x55,0xad,0x71,0x8c,0xef,0x7b,0xef,0x7b,0xcf,0x7b,0x4d,0x6b,
    0x6d,0x6b,0xae,0x73,0x30,0x84,0x10,0x84,0x51,0x8c,0xef,0x7b,0x6d,0x6b,0x71,0x8c,
    0x30,0x84,0xcf,0x7b,0x10,0x84,0xae,0x73,0x0f,0x84,0x10,0x84,0x8d,0x6b,0xef,0x7b,
    0x10,0x84,0x92,0x94,0xce,0x7b,0x0f,0x84,0x14,0xa5,0xb2,0x94,0xcf,0x7b,0x6d,0x6b,
    0xeb,0x5a,0x8e,0x73,0xeb,0x5a,0x8a,0x52,0x69,0x4a,0x69,0x4a,0x49,0x4a,0x4d,0x6b,
    0xae,0x73,0x8e,0x73,0xae,0x73,0x4d,0x6b,0x10,0x84,0xae,0x73,0x69,0x4a,0xeb,0x5a,
    0x8e,0x73,0x4d,0x6b,0xb2,0x94,0xeb,0x5a,0xc7,0x39,0xcb,0x5a,0x8a,0x52,0x28,0x42,
    0x86,0x31,0xa6,0x31,0xaa,0x52,0xeb,0x5a,0xa2,0x10,0x41,0x08,0x41,0x08,0x41,0x08,
    0x61,0x08,0xc2,0x10,0xa2,0x10,0xa6,0x31,0xe3,0x18,0x45,0x29,0x82,0x10,0x61,0x08,
    0x61,0x08,0x20,0x00,0x45,0x29,0x49,0x4a,0xa6,0x31,0x24,0x21,0x24,0x21,0x04,0x21,
    0x04,0x21,0xe3,0x18,0x45,0x29,0xe7,0x39,0x86,0x31,0x20,0x00,0x20,0x00,0x41,0x08,
    0x82,0x10,0xc3,0x18,0xe3,0x18,0xe3,0x18,0xc3,0x18,0xc3,0x18,0xa2,0x10,0x82,0x10,
    0xe3,0x18,0x65,0x29,0xe3,0x18,0x04,0x21,0x65,0x29,0xe3,0x18,0xa2,0x10,0xa2,0x10,
    0x82,0x10,0x82,0x10,0x41,0x08,0x20,0x00,0x41,0x08,0x61,0x08,0x82,0x10,0x82,0x10,
    0xa2,0x10,0xa6,0x31,0xe7,0x39,0x65,0x29,0xc7,0x39,0x24,0x21,0xc3,0x18,0xa2,0x10,
    0x61,0x08,0x61,0x08,0x41,0x08,0x20,0x00,0xa2,0x10,0x65,0x29,0x6d,0x6b,0xa6,0x31,
    0x61,0x08,0xc3,0x18,0x82,0x10,0x82,0x10,0xc2,0x10,0x86,0x31,0x82,0x10,0xe4,0x18,
    0xa6,0x31,0x49,0x4a,0x6d,0x6b,0xcf,0x7b,0x0b,0x63,0x30,0x84,0xc7,0x39,0x28,0x42,
    0xa6,0x31,0x49,0x4a,0x8e,0x73,0xc7,0x39,0x28,0x42,0xcb,0x5a,0x69,0x4a,0x49,0x4a,
    0x28,0x42,0x69,0x4a,0xaa,0x52,0x49,0x4a,0x45,0x29,0x20,0x00,0xc3,0x18,0x86,0x31,
    0x49,0x4a,0x6d,0x6b,0x8a,0x52,0x8a,0x52,0x8e,0x73,0x51,0x8c,0xcf,0x7b,0x4d,0x6b,
    0x91,0x94,0x0f,0x84,0x71,0x8c,0xd2,0x9c,0x30,0x84,0x6d,0x6b,0x8e,0x73,0xae,0x73,
    0x30,0x84,0xef,0x7b,0x4d,0x6b,0x2c,0x63,0xeb,0x5a,0xeb,0x5a,0x0c,0x63,0xae,0x73,
    0xcf,0x7b,0x71,0x8c,0x92,0x94,0x14,0xa5,0x75,0xad,0xd6,0xbd,0x58,0xc6,0xb6,0xb5,
    0xb6,0xb5,0x96,0xb5,0xb2,0x94,0x75,0xad,0x96,0xb5,0xb6,0xb5,0xd6,0xb5,0x95,0xad,
    0x55,0xad,0x55,0xad,0x55,0xa5,0x14,0xa5,0x14,0xa5,0xf3,0x9c,0x92,0x94,0x71,0x8c,
    0x91,0x94,0x71,0x8c,0xb2,0x94,0x14,0xa5,0xf3,0x9c,0xd3,0x9c,0xf3,0x9c,0x14,0xa5,
    0x55,0xad,0x55,0xad,0x13,0xa5,0x55,0xad,0x34,0xa5,0x92,0x94,0x71,0x8c,0xd3,0x9c,
    0x14,0xa5,0x96,0xb5,0x17,0xc6,0x59,0xce,0x9a,0xd6,0x79,0xce,0x9a,0xd6,0x9a,0xd6,
    0x38,0xc6,0x38,0xc6,0xf7,0xbd,0x38,0xc6,0xd7,0xbd,0x38,0xc6,0xd7,0xbd,0x79,0xce,
    0x79,0xce,0x75,0xad,0xb6,0xb5,0x55,0xad,0x55,0xad,0x14,0xa5,0x34,0xa5,0xd3,0x9c,
    0xb2,0x94,0x92,0x94,0xef,0x7b,0x8e,0x73,0x8d,0x6b,0x2c,0x63,0x4c,0x6b,0x2c,0x63,
    0xcb,0x5a,0x2c,0x63,0x4c,0x6b,0x4d,0x6b,0xef,0x7b,0xae,0x73,0xb2,0x94,0x71,0x8c,
    0xcf,0x7b,0x10,0x84,0xef,0x7b,0x71,0x8c,0xb2,0x94,0xb2,0x94,0xef,0x7b,0x2c,0x63,
    0x2c,0x6b,0x2c,0x63,0x8a,0x52,0x69,0x4a,0x69,0x4a,0x69,0x4a,0x49,0x4a,0xeb,0x5a,
    0xaa,0x52,0x8e,0x73,0xef,0x7b,0xeb,0x5a,0x0b,0x63,0x30,0x84,0xcf,0x7b,0x28,0x42,
    0x0c,0x63,0x8e,0x73,0xcf,0x7b,0x51,0x8c,0x49,0x4a,0x07,0x42,0xaa,0x52,0x28,0x4a,
    0x65,0x29,0x65,0x29,0xc7,0x39,0x4d,0x6b,0xa6,0x31,0x61,0x08,0x61,0x08,0x41,0x08,
    0x61,0x08,0xc3,0x18,0xa2,0x10,0xe3,0x18,0x86,0x31,0x24,0x21,0xa2,0x10,0x61,0x08,
    0x81,0x08,0x20,0x00,0x45,0x29,0x28,0x42,0xa6,0x31,0x28,0x42,0x49,0x4a,0xe7,0x39,
    0xc7,0x39,0xc7,0x39,0x45,0x29,0x86,0x31,0xc7,0x39,0x20,0x00,0x20,0x00,0x41,0x08,
    0x82,0x10,0xc3,0x18,0xe3,0x18,0x04,0x21,0xc3,0x18,0xc3,0x18,0xa2,0x10,0x82,0x10,
    0x24,0x21,0x24,0x21,0xe3,0x18,0xc3,0x18,0x24,0x21,0xe3,0x18,0xe3,0x18,0xa2,0x10,
    0x61,0x08,0x61,0x08,0x41,0x08,0x20,0x00,0x41,0x08,0x61,0x08,0x82,0x10,0x82,0x10,
    0xc2,0x10,0xc6,0x31,0xe7,0x39,0xa6,0x31,0xa6,0x31,0x86,0x31,0x45,0x29,0xa2,0x10,
    0x82,0x10,0x61,0x08,0x40,0x00,0x41,0x08,0x61,0x08,0x28,0x42,0x49,0x4a,0x61,0x08,
    0x61,0x08,0xc3,0x18,0x82,0x10,0xa2,0x10,0x45,0x29,0xe3,0x18,0xc3,0x18,0x04,0x21,
    0x08,0x42,0xaa,0x52,0x2c,0x63,0x2c,0x63,0xf0,0x83,0x2c,0x63,0x8a,0x52,0xa6,0x31,
    0x08,0x42,0xae,0x73,0xe7,0x39,0x28,0x42,0xcb,0x5a,0x49,0x4a,0x49,0x4a,0x8a,0x52,
    0x08,0x42,0x49,0x4a,0xaa,0x52,0x08,0x42,0xe3,0x18,0x41,0x08,0x45,0x29,0xc7,0x39,
    0xc7,0x39,0xcb,0x5a,0x6d,0x6b,0x69,0x4a,0xae,0x73,0x92,0x94,0x4d,0x6b,0xae,0x73,
    0x51,0x8c,0x30,0x84,0x51,0x8c,0x92,0x94,0xef,0x7b,0x6d,0x6b,0xcb,0x5a,0x69,0x4a,
    0x0c,0x63,0x4d,0x6b,0xeb,0x5a,0xeb,0x62,0xce,0x7b,0xef,0x7b,0x51,0x8c,0x50,0x8c,
    0xb2,0x94,0x14,0xa5,0x55,0xad,0x75,0xb5,0xb6,0xbd,0x9a,0xd6,0x79,0xce,0x96,0xb5,
    0xf7,0xc5,0x54,0xa5,0xd7,0xbd,0x9a,0xd6,0xfb,0xde,0xdb,0xde,0xdb,0xde,0x1c,0xe7,
    0x1c,0xe7,0xfb,0xde,0xdb,0xde,0xdb,0xde,0xba,0xd6,0x59,0xce,0x59,0xce,0x59,0xce,
    0x38,0xc6,0xf7,0xbd,0x95,0xb5,0x95,0xb5,0x55,0xad,0x34,0xa5,0x14,0xa5,0xf3,0x9c,
    0xd3,0x9c,0xf3,0x9c,0x54,0xad,0x96,0xb5,0xf7,0xbd,0x58,0xce,0x9a,0xd6,0xba,0xd6,
    0xdb,0xde,0xfb,0xde,0x9a,0xd6,0x59,0xce,0x79,0xce,0x79,0xce,0xba,0xd6,0xba,0xde,
    0x59,0xce,0x59,0xce,0xd7,0xbd,0xb6,0xb5,0xd7,0xbd,0xf7,0xbd,0xf7,0xbd,0x18,0xbe,
    0x9a,0xd6,0x79,0xce,0x75,0xad,0xd6,0xb5,0x96,0xb5,0x75,0xad,0xd7,0xbd,0x55,0xad,
    0x14,0xa5,0x14,0xa5,0x55,0xad,0x13,0xa5,0xd3,0x9c,0xf3,0x9c,0xb2,0x94,0x30,0x84,
    0x0f,0x84,0xcf,0x7b,0xcb,0x5a,0x4c,0x6b,0xae,0x7b,0x10,0x84,0xb2,0x94,0x6d,0x6b,
    0x6d,0x6b,0xef,0x7b,0x10,0x84,0xf3,0x9c,0x10,0x84,0xef,0x7b,0x51,0x8c,0x4d,0x6b,
    0xae,0x73,0x4d,0x6b,0x08,0x42,0x8a,0x52,0x8a,0x52,0x69,0x4a,0xaa,0x52,0x6d,0x6b,
    0x6d,0x6b,0x28,0x42,0x8e,0x73,0x30,0x84,0x89,0x52,0xaa,0x52,0xb2,0x94,0x4d,0x6b,
    0x08,0x42,0x6d,0x6b,0x6d,0x6b,0xb2,0x94,0xef,0x7b,0x86,0x31,0x28,0x42,0x49,0x4a,
    0x65,0x29,0x86,0x31,0x44,0x21,0xca,0x52,0x8a,0x52,0x61,0x08,0x61,0x08,0x61,0x08,
    0x61,0x08,0xc3,0x18,0xc3,0x18,0x82,0x10,0x24,0x21,0xc7,0x39,0xc3,0x18,0x61,0x08,
    0x61,0x08,0x20,0x00,0x45,0x29,0x49,0x4a,0xc7,0x39,0x0c,0x63,0xae,0x73,0x2c,0x63,
    0xca,0x5a,0xeb,0x5a,0xc7,0x39,0x65,0x29,0xc7,0x39,0x20,0x00,0x20,0x00,0x61,0x08,
    0x82,0x10,0xc3,0x18,0xe3,0x18,0x24,0x21,0xe3,0x18,0xc3,0x18,0xa2,0x10,0x82,0x10,
    0x45,0x29,0xc3,0x18,0xe3,0x18,0xc2,0x10,0x04,0x21,0xe3,0x18,0x04,0x21,0xa2,0x10,
    0x61,0x08,0x61,0x08,0x41,0x08,0x20,0x00,0x41,0x08,0x61,0x08,0x81,0x08,0x82,0x10,
    0x45,0x29,0x08,0x42,0xc7,0x39,0x28,0x42,0xc7,0x39,0x86,0x31,0x86,0x31,0xc3,0x18,
    0x82,0x10,0x61,0x08,0x20,0x00,0x40,0x00,0xe3,0x18,0x08,0x42,0xc6,0x39,0xa2,0x10,
    0x61,0x08,0xa2,0x10,0xa2,0x10,0xe3,0x18,0x24,0x21,0x82,0x10,0x04,0x21,0x65,0x29,
    0x8a,0x52,0x49,0x4a,0xeb,0x5a,0x8d,0x73,0xef,0x7b,0x0c,0x63,0xe7,0x39,0x65,0x29,
    0x4c,0x6b,0x08,0x42,0x28,0x42,0x28,0x42,0x49,0x4a,0xeb,0x5a,0x49,0x4a,0x69,0x4a,
    0x08,0x42,0x49,0x4a,0x8a,0x52,0x86,0x31,0x61,0x08,0xa2,0x10,0xa6,0x31,0xe7,0x39,
    0xa6,0x31,0x08,0x42,0xae,0x73,0xeb,0x5a,0x8e,0x73,0xae,0x73,0xae,0x73,0x92,0x94,
    0x8e,0x73,0x0f,0x84,0x91,0x94,0xae,0x73,0x0c,0x63,0x2c,0x63,0x6d,0x6b,0x8e,0x73,
    0x30,0x84,0x71,0x8c,0x71,0x8c,0x13,0xa5,0xb2,0x94,0x34,0xa5,0x71,0x8c,0x8e,0x73,
    0x92,0x94,0x55,0xad,0xd3,0x9c,0xd2,0x9c,0x96,0xb5,0x17,0xc6,0x96,0xb5,0x14,0xa5,
    0x96,0xb5,0x14,0xa5,0xd6,0xb5,0xd7,0xbd,0x18,0xc6,0x18,0xc6,0x59,0xce,0x79,0xce,
    0x79,0xce,0x79,0xce,0xf7,0xbd,0x59,0xce,0x58,0xce,0x18,0xc6,0x38,0xc6,0xba,0xd6,
    0xdb,0xde,0xba,0xd6,0xba,0xd6,0xba,0xd6,0xba,0xd6,0xba,0xd6,0xdb,0xde,0xfb,0xde,
    0xfb,0xde,0xfb,0xde,0xfb,0xde,0xdb,0xde,0xfb,0xde,0xba,0xd6,0x9a,0xd6,0x59,0xce,
    0x79,0xce,0x79,0xce,0x59,0xce,0x59,0xce,0x59,0xce,0x38,0xc6,0x18,0xc6,0xf7,0xc5,
    0xd7,0xbd,0xf7,0xbd,0xd7,0xbd,0x75,0xad,0x75,0xad,0xd3,0x9c,0x75,0xad,0xb6,0xb5,
    0x79,0xce,0x38,0xc6,0x96,0xb5,0x18,0xc6,0xb2,0x94,0x75,0xad,0x92,0x94,0xb2,0x94,
    0xb2,0x94,0xae,0x73,0xb2,0x9c,0x13,0xa5,0xd3,0x9c,0xd3,0x9c,0xf3,0x9c,0xb2,0x94,
    0x10,0x84,0x92,0x94,0x10,0x84,0x14,0xa5,0x14,0xa5,0xf3,0x9c,0x71,0x8c,0x8e,0x73,
    0x71,0x8c,0xef,0x7b,0x30,0x84,0xb3,0x9c,0x10,0x84,0xef,0x7b,0x71,0x8c,0x6d,0x6b,
    0x8e,0x73,0xeb,0x5a,0xe7,0x39,0x8a,0x52,0xaa,0x52,0x08,0x42,0x0c,0x63,0x0c,0x63,
    0xcf,0x7b,0x0c,0x63,0x28,0x42,0x6d,0x6b,0x51,0x8c,0x08,0x42,0x6d,0x6b,0x14,0xa5,
    0x0c,0x63,0x8a,0x52,0xef,0x7b,0xae,0x73,0xf3,0x9c,0x49,0x4a,0x65,0x29,0x08,0x42,
    0xc7,0x39,0x24,0x21,0x65,0x29,0xc7,0x39,0x0c,0x63,0x04,0x21,0x61,0x08,0x61,0x08,
    0x41,0x00,0xc3,0x18,0xe3,0x18,0xc3,0x18,0x82,0x10,0x24,0x21,0x65,0x29,0xa2,0x10,
    0xa2,0x10,0x20,0x00,0x24,0x21,0x28,0x42,0xe7,0x39,0xe7,0x39,0xc7,0x39,0xc7,0x39,
    0xc6,0x39,0xa6,0x31,0x45,0x29,0x65,0x29,0x86,0x31,0x20,0x00,0x20,0x00,0x61,0x08,
    0x82,0x10,0xc3,0x18,0x04,0x21,0x04,0x21,0xe3,0x18,0xc3,0x18,0xc2,0x18,0x82,0x10,
    0x65,0x29,0xa2,0x10,0x04,0x21,0xc3,0x18,0x04,0x21,0xe3,0x18,0x24,0x21,0xa2,0x10,
    0x61,0x08,0x61,0x08,0x41,0x08,0x20,0x00,0x41,0x08,0x61,0x08,0x61,0x08,0x82,0x10,
    0xe4,0x20,0xa6,0x31,0x28,0x42,0x28,0x42,0xa6,0x31,0x03,0x21,0x03,0x21,0xc3,0x18,
    0x82,0x10,0x61,0x08,0x61,0x08,0xa2,0x10,0x86,0x31,0x24,0x21,0x86,0x31,0xa2,0x10,
    0x82,0x10,0xa2,0x10,0x82,0x10,0x24,0x21,0x82,0x10,0x04,0x21,0x04,0x21,0x08,0x42,
    0x8a,0x52,0x86,0x31,0x8e,0x73,0x6d,0x6b,0x51,0x8c,0xeb,0x5a,0x45,0x29,0x4d,0x6b,
    0x08,0x42,0x69,0x4a,0x49,0x4a,0xe7,0x39,0x4d,0x6b,0x8a,0x52,0xe7,0x41,0x69,0x4a,
    0x49,0x4a,0x49,0x4a,0x8a,0x52,0xc3,0x18,0x41,0x08,0x45,0x29,0xc7,0x39,0x07,0x42,
    0xe7,0x39,0x86,0x31,0xaa,0x52,0xef,0x7b,0x6d,0x6b,0xeb,0x5a,0x92,0x94,0xf3,0x9c,
    0xb2,0x94,0xcf,0x7b,0x4d,0x6b,0x4d,0x6b,0x8e,0x73,0x92,0x94,0x92,0x94,0x92,0x94,
    0x13,0xa5,0x91,0x8c,0x13,0xa5,0x54,0xa5,0x13,0x9d,0x96,0xb5,0x51,0x8c,0x51,0x8c,
    0x55,0xad,0xd7,0xbd,0x14,0xa5,0x50,0x8c,0xf3,0x9c,0x75,0xad,0xd7,0xbd,0x59,0xce,
    0x75,0xad,0x14,0xa5,0x17,0xc6,0xba,0xd6,0x38,0xc6,0x59,0xce,0x38,0xc6,0x18,0xc6,
    0x9a,0xd6,0x38,0xc6,0xf7,0xbd,0x18,0xc6,0xf7,0xbd,0x17,0xc6,0x38,0xc6,0x38,0xc6,
    0x38,0xc6,0xf7,0xbd,0x38,0xc6,0xba,0xd6,0xba,0xd6,0xba,0xd6,0xba,0xd6,0xba,0xd6,
    0xda,0xd6,0xdb,0xde,0xda,0xde,0xba,0xd6,0xba,0xd6,0x99,0xd6,0x9a,0xd6,0xba,0xd6,
    0x59,0xce,0xb6,0xb5,0x96,0xb5,0xf7,0xbd,0xb6,0xb5,0x75,0xad,0xb2,0x94,0xf3,0x9c,
    0x14,0xa5,0xd7,0xbd,0x9a,0xd6,0x38,0xc6,0x18,0xc6,0x96,0xb5,0x55,0xad,0xd7,0xbd,
    0x59,0xce,0x96,0xb5,0x96,0xb5,0x96,0xb5,0x34,0xa5,0xb6,0xb5,0x14,0xa5,0xb2,0x94,
    0x71,0x8c,0xcf,0x7b,0x0c,0x63,0x91,0x94,0xef,0x7b,0xef,0x7b,0x51,0x8c,0x10,0x84,
    0x4d,0x6b,0xae,0x73,0xef,0x7b,0x34,0xa5,0x34,0xa5,0x34,0xa5,0x30,0x84,0xb2,0x94,
    0xb2,0x94,0xcf,0x7b,0xef,0x7b,0x71,0x8c,0xb2,0x94,0x72,0x8c,0xef,0x7b,0x6d,0x6b,
    0x8e,0x73,0x69,0x4a,0x28,0x42,0x28,0x42,0xaa,0x52,0x08,0x42,0x0b,0x63,0x6d,0x6b,
    0x2c,0x63,0x4d,0x6b,0xaa,0x52,0x69,0x4a,0x2c,0x63,0x30,0x84,0x28,0x42,0xd3,0x9c,
    0x92,0x94,0x49,0x4a,0xcf,0x7b,0x2d,0x63,0xf3,0x9c,0xeb,0x5a,0x65,0x29,0x45,0x29,
    0x08,0x42,0x45,0x29,0x24,0x21,0xa6,0x31,0xeb,0x5a,0xc7,0x39,0xc3,0x18,0x82,0x10,
    0x41,0x08,0x82,0x10,0xa2,0x10,0x82,0x10,0x82,0x10,0x82,0x10,0x65,0x29,0xe3,0x18,
    0xa2,0x10,0x20,0x00,0x24,0x21,0x28,0x42,0xc7,0x39,0x28,0x42,0x08,0x42,0x08,0x42,
    0x08,0x42,0x28,0x42,0x24,0x21,0x45,0x29,0x45,0x29,0x20,0x00,0x20,0x00,0x61,0x08,
    0x82,0x10,0xc3,0x18,0xe3,0x18,0xe3,0x18,0xc3,0x18,0xc3,0x18,0xa2,0x10,0x82,0x10,
    0x65,0x29,0xa2,0x10,0x24,0x29,0xc3,0x18,0x04,0x21,0x24,0x21,0x04,0x21,0xa2,0x10,
    0x82,0x10,0x82,0x10,0x41,0x08,0x20,0x00,0x41,0x08,0x61,0x08,0x61,0x08,0x82,0x10,
    0xa2,0x10,0xc3,0x18,0xa6,0x31,0x08,0x42,0x65,0x29,0xc3,0x18,0xc3,0x18,0xa2,0x10,
    0x61,0x08,0x61,0x08,0x61,0x08,0xa2,0x10,0xe3,0x18,0xc3,0x18,0x86,0x31,0xc3,0x18,
    0x82,0x10,0xa2,0x10,0xa2,0x10,0xe3,0x18,0xe3,0x18,0x65,0x29,0xa6,0x31,0xcb,0x5a,
    0xa6,0x31,0xe7,0x39,0xae,0x73,0xef,0x7b,0x92,0x94,0xa6,0x31,0x0c,0x63,0x69,0x4a,
    0x49,0x4a,0x69,0x4a,0x65,0x29,0xeb,0x5a,0x69,0x4a,0xc7,0x39,0x49,0x4a,0xaa,0x52,
    0xaa,0x52,0x69,0x4a,0xe7,0x39,0x21,0x08,0xe3,0x18,0x86,0x31,0xa6,0x31,0x08,0x42,
    0x08,0x42,0xc7,0x39,0xc7,0x39,0xae,0x73,0xef,0x7b,0x2c,0x63,0x51,0x8c,0x51,0x8c,
    0xef,0x83,0x51,0x8c,0xf3,0x9c,0x34,0xa5,0xb2,0x94,0x51,0x8c,0xce,0x7b,0x71,0x8c,
    0x92,0x94,0x71,0x8c,0xd3,0x9c,0xef,0x7b,0x71,0x94,0x92,0x94,0xb3,0x94,0xb2,0x94,
    0xb2,0x94,0x55,0xad,0x55,0xad,0x55,0xad,0x59,0xce,0x79,0xce,0xf7,0xbd,0x18,0xc6,
    0x34,0xa5,0x38,0xc6,0x18,0xc6,0x38,0xc6,0x59,0xce,0x59,0xce,0x79,0xce,0x79,0xce,
    0xba,0xd6,0x79,0xce,0x9a,0xd6,0xba,0xd6,0x59,0xce,0x18,0xc6,0xba,0xd6,0x9a,0xd6,
    0x9a,0xd6,0x38,0xc6,0x18,0xc6,0x18,0xc6,0x38,0xc6,0x38,0xc6,0x58,0xce,0x79,0xce,
    0x79,0xce,0x38,0xc6,0x59,0xce,0x99,0xd6,0x38,0xc6,0x58,0xce,0x9a,0xd6,0xba,0xd6,
    0x79,0xce,0xf7,0xbd,0x17,0xbe,0x38,0xc6,0xf7,0xbd,0x38,0xc6,0x38,0xc6,0x18,0xc6,
    0x38,0xc6,0x59,0xce,0x59,0xce,0x38,0xc6,0xf7,0xbd,0xf7,0xbd,0x96,0xb5,0x39,0xc6,
    0xdb,0xde,0xd7,0xbd,0x18,0xc6,0x96,0xb5,0x96,0xb5,0xb6,0xb5,0xd7,0xbd,0xd3,0x9c,
    0xd2,0x9c,0x51,0x8c,0x30,0x84,0xb2,0x94,0xcf,0x7b,0x30,0x84,0x30,0x84,0xcf,0x7b,
    0xeb,0x5a,0xcb,0x5a,0xef,0x7b,0xb2,0x94,0x0f,0x84,0x71,0x8c,0x30,0x84,0x14,0xa5,
    0xf3,0x9c,0x30,0x84,0x30,0x84,0x91,0x94,0x35,0xa5,0x51,0x8c,0xcf,0x7b,0xcf,0x7b,
    0x0c,0x63,0x8a,0x52,0x69,0x4a,0x08,0x42,0xeb,0x5a,0x28,0x42,0xaa,0x52,0x0c,0x63,
    0x8e,0x73,0x6d,0x6b,0xaa,0x52,0xaa,0x52,0xaa,0x52,0x4d,0x6b,0x6d,0x6b,0x4d,0x6b,
    0xf3,0x9c,0xae,0x73,0xeb,0x5a,0xcf,0x7b,0xef,0x7b,0x30,0x84,0x65,0x29,0x45,0x29,
    0xe3,0x18,0xe7,0x39,0x04,0x21,0x24,0x21,0x8a,0x52,0x08,0x42,0xe3,0x18,0xa2,0x10,
    0x81,0x10,0x61,0x08,0xc2,0x10,0x61,0x08,0xe3,0x18,0xe3,0x18,0xc3,0x18,0x65,0x29,
    0x82,0x10,0x41,0x08,0x24,0x21,0x28,0x42,0xc6,0x39,0xeb,0x5a,0x0c,0x63,0xaa,0x52,
    0x8a,0x52,0xeb,0x5a,0x65,0x29,0x45,0x29,0x04,0x21,0x20,0x00,0x41,0x08,0xa2,0x10,
    0xe3,0x18,0x24,0x21,0x65,0x29,0x86,0x31,0x65,0x29,0x45,0x29,0x04,0x21,0xe3,0x18,
    0x65,0x29,0xc3,0x18,0x45,0x29,0xe3,0x18,0xc3,0x18,0x24,0x21,0x04,0x21,0x82,0x10,
    0xa2,0x10,0x82,0x10,0x40,0x00,0x20,0x00,0x41,0x08,0x41,0x08,0x41,0x08,0x61,0x08,
    0x82,0x10,0xa2,0x10,0x04,0x21,0x86,0x31,0x04,0x21,0xc3,0x18,0xa2,0x10,0x82,0x10,
    0x61,0x08,0x61,0x08,0x40,0x00,0xc3,0x18,0x82,0x10,0xc3,0x18,0x65,0x29,0xc2,0x10,
    0xa2,0x10,0xa3,0x10,0xe3,0x18,0xc3,0x18,0x04,0x21,0x45,0x29,0xcb,0x5a,0x86,0x31,
    0x45,0x29,0xaa,0x52,0x4d,0x6b,0xb2,0x94,0x4d,0x6b,0x69,0x4a,0xeb,0x5a,0xc7,0x39,
    0xaa,0x52,0x28,0x42,0xaa,0x52,0x08,0x42,0xc7,0x39,0x69,0x4a,0x8a,0x52,0x0c,0x63,
    0x0c,0x63,0xe7,0x39,0xe3,0x18,0x82,0x10,0x86,0x31,0xa6,0x31,0xa6,0x31,0x49,0x4a,
    0x28,0x42,0x28,0x42,0xa6,0x31,0xaa,0x52,0xae,0x73,0x30,0x8c,0xcf,0x7b,0x10,0x84,
    0xd3,0x9c,0x75,0xad,0x95,0xb5,0x14,0xa5,0xd3,0x9c,0xcf,0x7b,0xef,0x7b,0x30,0x84,
    0x30,0x84,0x71,0x8c,0xd3,0x9c,0xd3,0x9c,0x55,0xad,0x92,0x94,0x71,0x8c,0xce,0x7b,
    0x10,0x84,0x14,0xa5,0x34,0xa5,0x95,0xb5,0x18,0xc6,0x79,0xce,0xd7,0xbd,0x55,0xad,
    0xb6,0xb5,0x79,0xce,0x96,0xb5,0x38,0xc6,0x58,0xce,0x18,0xc6,0x9a,0xd6,0xba,0xd6,
    0x59,0xce,0xd7,0xbd,0x79,0xce,0x59,0xce,0x79,0xce,0xd7,0xbd,0xd7,0xbd,0x38,0xc6,
    0x17,0xc6,0x79,0xce,0xba,0xd6,0x9a,0xd6,0x99,0xce,0x79,0xce,0x9a,0xd6,0x79,0xd6,
    0x9a,0xd6,0x9a,0xd6,0x59,0xce,0x59,0xce,0x59,0xce,0xba,0xd6,0xba,0xd6,0xba,0xd6,
    0x9a,0xd6,0xba,0xd6,0x79,0xce,0x79,0xce,0x17,0xbe,0x38,0xc6,0x9a,0xd6,0xba,0xd6,
    0x59,0xce,0x38,0xc6,0x79,0xce,0x38,0xc6,0x38,0xc6,0xf7,0xbd,0x96,0xb5,0x59,0xce,
    0x9a,0xd6,0xb6,0xb5,0x38,0xc6,0x17,0xc6,0x18,0xc6,0xf7,0xbd,0xf7,0xbd,0xb3,0x94,
    0x10,0x84,0xb2,0x94,0x96,0xb5,0x96,0xb5,0xf3,0x9c,0xf3,0x9c,0x14,0xa5,0x71,0x8c,
    0x2c,0x63,0xef,0x7b,0x96,0xb5,0x34,0xa5,0xd3,0x9c,0xcf,0x7b,0x71,0x8c,0xf3,0x9c,
    0x71,0x8c,0xef,0x7b,0x71,0x8c,0xb2,0x94,0xb2,0x94,0x30,0x84,0xef,0x7b,0x8e,0x73,
    0x8e,0x73,0x69,0x4a,0xaa,0x52,0xcb,0x5a,0xeb,0x5a,0x49,0x4a,0x8a,0x52,0xeb,0x5a,
    0xeb,0x5a,0x2c,0x63,0x6d,0x6b,0xcb,0x5a,0xaa,0x52,0xab,0x5a,0x0c,0x63,0x6d,0x6b,
    0xae,0x73,0xf3,0x9c,0x2d,0x6b,0xcf,0x7b,0x0c,0x63,0xd3,0x9c,0x86,0x31,0x65,0x29,
    0xa2,0x10,0x24,0x21,0xa6,0x31,0xe3,0x18,0xc7,0x39,0x49,0x4a,0x24,0x21,0xa2,0x10,
    0xa2,0x10,0x61,0x08,0xc3,0x18,0x41,0x08,0x24,0x21,0x08,0x42,0x24,0x21,0xc7,0x39,
    0xe3,0x18,0x40,0x08,0x04,0x21,0xe7,0x39,0xc6,0x39,0x08,0x42,0x08,0x42,0x08,0x42,
    0xe7,0x39,0xe7,0x39,0x45,0x29,0x45,0x29,0xe3,0x18,0x00,0x00,0x61,0x08,0x65,0x29,
    0xc7,0x39,0x08,0x42,0x28,0x42,0x49,0x4a,0x28,0x42,0xe7,0x39,0xc7,0x39,0x86,0x31,
    0x65,0x29,0xe3,0x18,0x24,0x21,0x04,0x21,0xe3,0x18,0xc3,0x18,0x03,0x21,0x82,0x10,
    0xa2,0x10,0xa2,0x10,0x40,0x00,0x20,0x00,0x41,0x08,0x61,0x08,0xa2,0x10,0xc3,0x18,
    0xc3,0x18,0xe3,0x18,0x45,0x29,0xa6,0x31,0xa6,0x31,0x86,0x31,0x45,0x29,0xa2,0x10,
    0x61,0x08,0x61,0x08,0x61,0x08,0x61,0x08,0x82,0x10,0xa2,0x10,0x04,0x21,0xc3,0x18,
    0x04,0x21,0xa2,0x10,0xe3,0x18,0x82,0x10,0x45,0x29,0x8a,0x52,0x86,0x31,0xe4,0x20,
    0xa6,0x31,0x6d,0x6b,0x0c,0x63,0x14,0xa5,0x0c,0x63,0x0c,0x63,0x65,0x29,0x8a,0x52,
    0x86,0x31,0x4d,0x6b,0x69,0x4a,0x08,0x42,0x8a,0x52,0x8a,0x52,0xcb,0x5a,0xeb,0x5a,
    0x28,0x42,0x45,0x29,0x82,0x10,0x45,0x29,0x08,0x42,0x86,0x31,0x08,0x42,0x89,0x52,
    0x49,0x4a,0x69,0x4a,0x28,0x42,0xc7,0x39,0x0c,0x63,0xef,0x7b,0xb2,0x94,0xb2,0x9c,
    0xf3,0x9c,0x75,0xad,0x34,0xa5,0xb2,0x94,0x14,0xa5,0x51,0x8c,0x4d,0x6b,0xef,0x83,
    0xd3,0x9c,0xd2,0x9c,0x55,0xad,0xd7,0xbd,0x55,0xad,0x34,0xa5,0x75,0xad,0x54,0xad,
    0x55,0xad,0x34,0xa5,0x34,0xa5,0x55,0xad,0xf7,0xc5,0x79,0xce,0x59,0xce,0x14,0xa5,
    0x18,0xc6,0x59,0xce,0xf7,0xbd,0x18,0xc6,0x9a,0xd6,0x79,0xce,0x9a,0xd6,0x9a,0xd6,
    0x58,0xc6,0xf7,0xbd,0xba,0xd6,0xba,0xd6,0x7a,0xd6,0x79,0xce,0x18,0xc6,0x9a,0xd6,
    0x79,0xce,0x79,0xce,0x59,0xce,0x59,0xce,0x79,0xce,0x79,0xce,0x99,0xd6,0xda,0xde,
    0xfb,0xde,0xdb,0xde,0xba,0xd6,0x59,0xce,0x59,0xce,0xba,0xd6,0x9a,0xd6,0x38,0xc6,
    0xd7,0xbd,0x79,0xce,0x18,0xc6,0x79,0xce,0x18,0xc6,0xd7,0xbd,0x17,0xc6,0x79,0xce,
    0xfb,0xde,0xda,0xd6,0xdb,0xde,0x79,0xce,0x9a,0xd6,0x18,0xc6,0x75,0xad,0x79,0xce,
    0xdb,0xde,0x38,0xc6,0x18,0xbe,0x96,0xb5,0x58,0xce,0xf7,0xbd,0xd7,0xbd,0xf3,0x9c,
    0x50,0x8c,0xd3,0x9c,0x34,0xa5,0xf3,0x9c,0xd3,0x9c,0x71,0x8c,0x51,0x8c,0xcf,0x7b,
    0x0c,0x63,0xf3,0x9c,0x96,0xb5,0x14,0xa5,0x71,0x8c,0x71,0x8c,0x13,0xa5,0xb2,0x94,
    0xce,0x7b,0xcf,0x7b,0x72,0x8c,0xf3,0x9c,0x51,0x8c,0x6d,0x6b,0x10,0x84,0x6d,0x6b,
    0x0c,0x63,0x49,0x4a,0x2c,0x63,0xaa,0x52,0x2c,0x63,0x89,0x4a,0x49,0x4a,0xcb,0x5a,
    0x8a,0x52,0x69,0x4a,0xaa,0x52,0x10,0x84,0x8e,0x73,0x2c,0x63,0x8a,0x52,0x0c,0x63,
    0x4d,0x6b,0x30,0x84,0xcf,0x7b,0xae,0x73,0xaa,0x52,0x51,0x8c,0xaa,0x52,0x24,0x21,
    0x24,0x21,0xa2,0x10,0x45,0x29,0x45,0x29,0x45,0x29,0x08,0x42,0x66,0x31,0x82,0x10,
    0x62,0x10,0x82,0x10,0xa2,0x10,0x61,0x08,0xa2,0x10,0x65,0x31,0x65,0x29,0x24,0x21,
    0x24,0x21,0x40,0x00,0x04,0x21,0xc7,0x39,0xa6,0x31,0x49,0x4a,0xe8,0x41,0xc7,0x39,
    0xc7,0x39,0x08,0x42,0x65,0x29,0x65,0x29,0xe3,0x18,0x00,0x00,0x61,0x08,0x24,0x21,
    0x65,0x29,0xa6,0x31,0xa6,0x31,0xc7,0x39,0xc7,0x39,0x86,0x29,0x45,0x29,0x44,0x21,
    0x86,0x31,0x24,0x21,0x24,0x21,0x04,0x21,0x04,0x21,0xa2,0x10,0xc3,0x18,0xa2,0x10,
    0xc3,0x18,0xa2,0x10,0x40,0x08,0x20,0x00,0x41,0x08,0x61,0x08,0xe3,0x18,0x24,0x21,
    0x24,0x21,0x04,0x21,0xe7,0x39,0x69,0x4a,0x8a,0x52,0x8a,0x52,0xa6,0x31,0xc3,0x18,
    0x61,0x10,0x61,0x08,0x82,0x10,0x41,0x08,0x82,0x10,0x82,0x10,0x24,0x21,0x24,0x21,
    0xc3,0x18,0xa2,0x10,0xa2,0x10,0x24,0x21,0xcb,0x5a,0x65,0x29,0xa2,0x10,0x25,0x29,
    0x69,0x4a,0x8e,0x73,0x4d,0x6b,0xd3,0x9c,0x2c,0x63,0x86,0x31,0x49,0x4a,0xc7,0x39,
    0x8a,0x52,0xaa,0x52,0xa6,0x31,0xaa,0x52,0x28,0x4a,0x49,0x4a,0x28,0x42,0xa6,0x31,
    0x08,0x42,0x65,0x29,0xe3,0x18,0x8a,0x52,0xe7,0x39,0x86,0x31,0x49,0x4a,0x8a,0x52,
    0x49,0x4a,0x8a,0x52,0x49,0x4a,0x28,0x42,0x69,0x4a,0x10,0x84,0x30,0x84,0xb2,0x94,
    0xd3,0x9c,0xf3,0x9c,0xf3,0x9c,0x91,0x94,0xf3,0x9c,0x96,0xb5,0x10,0x84,0xef,0x7b,
    0xd3,0x9c,0xf3,0x9c,0x55,0xad,0x34,0xa5,0x34,0xad,0x75,0xad,0xb6,0xb5,0x55,0xad,
    0x14,0xa5,0x34,0xa5,0xd7,0xbd,0xb6,0xb5,0xb6,0xb5,0x18,0xc6,0xf7,0xbd,0x55,0xad,
    0xf7,0xbd,0xd7,0xbd,0xb6,0xb5,0x38,0xc6,0x38,0xc6,0x38,0xc6,0x59,0xce,0x9a,0xd6,
    0x59,0xce,0xd7,0xbd,0x9a,0xd6,0x59,0xce,0x38,0xc6,0x59,0xce,0x18,0xc6,0x59,0xce,
    0x59,0xce,0x38,0xc6,0x59,0xce,0xdb,0xde,0x9a,0xd6,0x79,0xce,0x59,0xce,0xba,0xde,
    0xba,0xd6,0xdb,0xde,0xfb,0xde,0x79,0xce,0x79,0xd6,0xba,0xd6,0x59,0xce,0x18,0xc6,
    0xb6,0xb5,0x9a,0xd6,0x9a,0xd6,0x59,0xce,0x79,0xce,0x59,0xce,0x38,0xc6,0x38,0xc6,
    0x79,0xce,0x18,0xc6,0x38,0xc6,0x18,0xc6,0x18,0xc6,0x18,0xc6,0x54,0xad,0x79,0xce,
    0xdb,0xde,0xda,0xd6,0x59,0xce,0xf3,0x9c,0x34,0xa5,0xb6,0xb5,0x55,0xad,0x71,0x8c,
    0x30,0x84,0x96,0xb5,0x55,0xad,0x55,0xad,0x51,0x8c,0x30,0x84,0x10,0x84,0x2c,0x63,
    0x4d,0x6b,0x75,0xad,0x75,0xad,0x14,0xa5,0x51,0x8c,0x14,0xa5,0x14,0xa5,0x51,0x8c,
    0xeb,0x5a,0x8e,0x73,0x71,0x8c,0x30,0x84,0xaf,0x7b,0xef,0x7b,0x30,0x84,0xae,0x73,
    0x0c,0x63,0x69,0x4a,0xcb,0x5a,0x49,0x4a,0xcb,0x5a,0xcb,0x5a,0x28,0x42,0x0b,0x5b,
    0xcb,0x5a,0x49,0x4a,0xaa,0x52,0xaa,0x52,0xae,0x73,0x4d,0x6b,0x4d,0x6b,0x08,0x42,
    0xec,0x62,0x8e,0x73,0xcf,0x7b,0x6d,0x6b,0xeb,0x62,0x2c,0x63,0x6d,0x73,0xc3,0x18,
    0x04,0x21,0xc3,0x18,0xa2,0x10,0x24,0x21,0x24,0x21,0xe7,0x39,0xa6,0x31,0xc2,0x10,
    0x61,0x08,0x82,0x10,0x82,0x10,0x82,0x10,0x41,0x08,0x45,0x29,0x04,0x21,0x82,0x10,
    0x82,0x10,0x41,0x08,0x04,0x21,0xc7,0x39,0x86,0x31,0x2c,0x63,0x2c,0x63,0xeb,0x5a,
    0xeb,0x5a,0x2c,0x63,0xc7,0x39,0x45,0x29,0xe3,0x18,0x00,0x00,0x41,0x08,0xa2,0x10,
    0xc3,0x18,0x04,0x19,0x24,0x21,0x86,0x31,0xa6,0x31,0x45,0x29,0x04,0x21,0xe3,0x18,
    0x86,0x31,0x65,0x29,0x45,0x29,0x04,0x21,0xe3,0x18,0xa2,0x18,0xa2,0x10,0x82,0x10,
    0xc3,0x18,0xa2,0x10,0x40,0x00,0x20,0x00,0x41,0x08,0x41,0x08,0x82,0x10,0xa2,0x10,
    0xe3,0x18,0x04,0x21,0x65,0x29,0x86,0x31,0xc7,0x39,0x08,0x42,0x65,0x29,0xc3,0x18,
    0x82,0x10,0x82,0x10,0x41,0x08,0x41,0x00,0x41,0x08,0xc3,0x18,0xe3,0x18,0x04,0x21,
    0xa2,0x10,0x82,0x10,0x24,0x21,0x6d,0x6b,0x24,0x21,0x04,0x21,0x04,0x21,0xa6,0x31,
    0xcb,0x5a,0xeb,0x5a,0x30,0x84,0xd3,0x9c,0x49,0x4a,0xa6,0x31,0xaa,0x52,0xa6,0x31,
    0x2c,0x63,0xe7,0x39,0x69,0x4a,0x49,0x4a,0x69,0x52,0x49,0x4a,0xa6,0x31,0x86,0x29,
    0x08,0x42,0x65,0x29,0x08,0x42,0x69,0x4a,0xa6,0x31,0xe7,0x39,0x8a,0x52,0x8a,0x52,
    0x8a,0x52,0x8a,0x52,0x28,0x42,0x08,0x42,0x49,0x4a,0x4d,0x6b,0x51,0x8c,0x71,0x94,
    0x71,0x94,0x10,0x84,0x50,0x8c,0xb2,0x94,0x55,0xad,0x54,0xad,0x75,0xad,0xef,0x7b,
    0x30,0x84,0xb2,0x94,0x92,0x94,0x14,0xa5,0x75,0xad,0x55,0xad,0x96,0xb5,0x54,0xa5,
    0x75,0xad,0x75,0xad,0x75,0xad,0xd7,0xbd,0xf7,0xbd,0x38,0xc6,0xb6,0xb5,0x75,0xad,
    0x96,0xb5,0x55,0xad,0x95,0xb5,0x58,0xce,0xf7,0xbd,0xb6,0xb5,0xb6,0xb5,0xf7,0xbd,
    0x79,0xce,0x9a,0xd6,0x9a,0xd6,0x38,0xc6,0x9a,0xd6,0x38,0xc6,0x59,0xc6,0x38,0xc6,
    0x18,0xc6,0x59,0xce,0x79,0xce,0x59,0xce,0x38,0xc6,0x59,0xce,0x9a,0xd6,0xfb,0xde,
    0x9a,0xd6,0xba,0xd6,0xf7,0xbd,0xd7,0xbd,0x79,0xce,0xba,0xd6,0x38,0xc6,0x59,0xce,
    0xdb,0xde,0x18,0xc6,0xf7,0xbd,0x18,0xc6,0x17,0xbe,0xf7,0xbd,0xfb,0xde,0x38,0xc6,
    0x79,0xce,0xdb,0xde,0xdb,0xde,0xba,0xde,0x9a,0xd6,0xf7,0xbd,0xb6,0xb5,0x79,0xce,
    0x59,0xce,0x38,0xc6,0x59,0xce,0xb6,0xb5,0xb6,0xb5,0x58,0xc6,0xd7,0xbd,0x71,0x8c,
    0x10,0x84,0xf7,0xbd,0xd7,0xbd,0xd7,0xbd,0x51,0x8c,0x51,0x8c,0x30,0x84,0xcb,0x5a,
    0x71,0x8c,0xf7,0xbd,0x34,0xa5,0x71,0x8c,0x54,0xad,0xd7,0xbd,0xb2,0x94,0x2c,0x63,
    0x8e,0x73,0x71,0x8c,0xb2,0x94,0x30,0x84,0xae,0x73,0x71,0x8c,0x92,0x94,0x10,0x84,
    0x4d,0x6b,0xaa,0x52,0xaa,0x52,0x08,0x42,0xaa,0x52,0x8e,0x73,0x49,0x4a,0xcb,0x5a,
    0xec,0x62,0x69,0x4a,0x49,0x4a,0xaa,0x52,0xaa,0x52,0xec,0x62,0x0c,0x63,0xcb,0x5a,
    0xe7,0x39,0x2c,0x63,0xae,0x73,0x6d,0x6b,0x2c,0x63,0x8a,0x52,0xcf,0x7b,0x24,0x21,
    0xe3,0x18,0xc3,0x18,0xa2,0x10,0xc3,0x18,0x04,0x21,0xe7,0x39,0xa6,0x31,0x03,0x21,
    0x82,0x10,0xa2,0x10,0x82,0x10,0x61,0x08,0x41,0x08,0x65,0x29,0xe3,0x18,0x82,0x10,
    0x41,0x08,0x20,0x00,0xe3,0x18,0xa6,0x31,0xa6,0x31,0x49,0x4a,0x8a,0x52,0x69,0x4a,
    0x49,0x4a,0x49,0x4a,0x45,0x29,0x45,0x29,0xc3,0x18,0x00,0x00,0x61,0x08,0x86,0x31,
    0x08,0x42,0x49,0x4a,0x69,0x4a,0xcb,0x5a,0xaa,0x52,0x49,0x4a,0x08,0x42,0xe7,0x39,
    0x85,0x29,0x86,0x31,0x65,0x29,0xc3,0x18,0xc3,0x18,0x04,0x21,0xe3,0x18,0x82,0x10,
    0xc3,0x18,0xa2,0x10,0x20,0x00,0x20,0x00,0x40,0x00,0x41,0x08,0x41,0x08,0x61,0x08,
    0xa2,0x10,0x24,0x21,0x24,0x21,0x04,0x21,0x65,0x29,0xc6,0x39,0xa6,0x31,0x04,0x21,
    0x82,0x10,0x81,0x10,0x20,0x00,0x41,0x08,0x61,0x08,0xc3,0x18,0xa2,0x10,0x04,0x21,
    0x04,0x21,0x86,0x31,0x4d,0x6b,0x04,0x21,0xe3,0x18,0xe3,0x18,0xc7,0x39,0x85,0x31,
    0x0c,0x63,0xcb,0x5a,0x14,0xa5,0x71,0x8c,0xc7,0x39,0x8a,0x52,0xe7,0x39,0x69,0x4a,
    0x28,0x42,0xaa,0x52,0xcb,0x5a,0x28,0x42,0x49,0x4a,0xe7,0x39,0x28,0x42,0xaa,0x52,
    0xaa,0x52,0x08,0x42,0xe7,0x39,0x08,0x42,0x85,0x31,0x49,0x4a,0xeb,0x5a,0xcb,0x5a,
    0xeb,0x5a,0x8a,0x52,0x69,0x4a,0xe7,0x39,0x28,0x42,0x8a,0x52,0x6d,0x73,0x92,0x94,
    0xd3,0x9c,0xb2,0x9c,0xb2,0x94,0xb2,0x94,0x14,0xa5,0x92,0x94,0x75,0xad,0x34,0xa5,
    0x2c,0x63,0x30,0x84,0x71,0x8c,0xd2,0x9c,0xd3,0x9c,0x92,0x94,0x96,0xb5,0xf3,0x9c,
    0x34,0xa5,0xf3,0x9c,0xb2,0x94,0x55,0xad,0x34,0xa5,0x75,0xad,0x54,0xad,0xd3,0x9c,
    0xb2,0x94,0xd2,0x9c,0xd3,0x9c,0x14,0xa5,0xf3,0x9c,0xd3,0x9c,0xd2,0x9c,0x14,0xa5,
    0x34,0xad,0x34,0xa5,0x14,0xa5,0x75,0xad,0xf7,0xbd,0x59,0xce,0xdb,0xde,0xba,0xd6,
    0x18,0xc6,0xb6,0xb5,0x18,0xc6,0xf7,0xbd,0x17,0xc6,0xf7,0xbd,0xf7,0xbd,0x79,0xce,
    0xba,0xd6,0x59,0xce,0x54,0xad,0xb6,0xb5,0x59,0xce,0x38,0xc6,0x38,0xc6,0x59,0xce,
    0x38,0xc6,0xd7,0xbd,0x38,0xc6,0x59,0xce,0xb6,0xb5,0x96,0xb5,0x59,0xce,0xb6,0xb5,
    0x18,0xc6,0xf7,0xbd,0xb6,0xb5,0x96,0xb5,0xf3,0x9c,0x75,0xad,0xb6,0xb5,0x96,0xb5,
    0xd7,0xbd,0xb6,0xb5,0x58,0xc6,0x18,0xc6,0xb6,0xb5,0x14,0xa5,0x55,0xad,0x71,0x8c,
    0x0f,0x84,0x34,0xa5,0x55,0xad,0xd3,0x9c,0x51,0x8c,0x51,0x8c,0x30,0x84,0xcb,0x5a,
    0xb2,0x94,0x75,0xad,0xb2,0x9c,0x10,0x84,0x75,0xad,0x34,0xa5,0x30,0x84,0x4d,0x6b,
    0x8e,0x73,0x30,0x84,0x30,0x84,0xae,0x73,0xef,0x7b,0x71,0x8c,0x51,0x8c,0xef,0x7b,
    0xcf,0x7b,0x4d,0x6b,0xab,0x52,0xc7,0x39,0x8a,0x52,0xcf,0x7b,0x8a,0x52,0xaa,0x52,
    0x2c,0x63,0x2c,0x63,0x69,0x4a,0x69,0x4a,0xaa,0x52,0xaa,0x5a,0x4d,0x6b,0x4d,0x6b,
    0x8a,0x52,0x69,0x52,0x8e,0x73,0x8e,0x73,0x6d,0x6b,0x28,0x4a,0x8e,0x73,0xa6,0x31,
    0xe3,0x18,0xe3,0x18,0x82,0x10,0xc3,0x18,0x82,0x10,0xa6,0x39,0x86,0x31,0x24,0x21,
    0xa2,0x10,0xa2,0x10,0x82,0x10,0x61,0x08,0xa2,0x10,0x45,0x29,0xe3,0x18,0x82,0x10,
    0x41,0x08,0x20,0x00,0xa2,0x10,0x86,0x31,0xa6,0x31,0x86,0x31,0xc7,0x39,0xa6,0x31,
    0x65,0x29,0x24,0x21,0x04,0x21,0x04,0x21,0xa2,0x10,0x00,0x00,0x41,0x08,0x04,0x21,
    0x86,0x31,0xa6,0x31,0xe7,0x39,0x48,0x4a,0x28,0x42,0xa6,0x31,0x65,0x29,0x45,0x29,
    0x65,0x29,0x86,0x31,0x65,0x29,0xc3,0x10,0xa2,0x10,0x24,0x21,0x24,0x21,0x82,0x10,
    0xc3,0x10,0xa2,0x10,0x41,0x00,0x20,0x00,0x41,0x08,0x61,0x08,0x61,0x08,0x82,0x10,
    0xc3,0x18,0x65,0x31,0x69,0x4a,0x48,0x4a,0x08,0x42,0x28,0x42,0x86,0x31,0xe3,0x18,
    0x82,0x10,0x61,0x08,0x41,0x08,0x41,0x08,0x61,0x08,0xa2,0x10,0xa2,0x10,0xe3,0x18,
    0xe7,0x39,0x8a,0x52,0x45,0x29,0x81,0x08,0x24,0x21,0x04,0x21,0x08,0x42,0x65,0x29,
    0x2c,0x63,0x0c,0x63,0xb6,0xb5,0x0c,0x63,0xe7,0x39,0x89,0x4a,0x08,0x42,0x49,0x4a,
    0x8a,0x52,0xcb,0x5a,0x69,0x4a,0x49,0x4a,0xe7,0x39,0x49,0x4a,0xaa,0x52,0x8a,0x52,
    0x8a,0x52,0x08,0x42,0xa6,0x31,0xa6,0x31,0x65,0x29,0x8a,0x52,0x0c,0x63,0x8e,0x73,
    0x4d,0x6b,0x8a,0x52,0xaa,0x52,0x28,0x42,0xe7,0x39,0x4d,0x6b,0xcb,0x5a,0x0f,0x84,
    0x92,0x94,0x14,0xa5,0xf3,0x9c,0x14,0xa5,0x14,0xa5,0x13,0x9d,0x34,0xa5,0x75,0xad,
    0x10,0x84,0x8e,0x73,0x2c,0x6b,0x0c,0x63,0x6d,0x6b,0x8e,0x73,0xd3,0x9c,0x14,0xa5,
    0x34,0xa5,0x75,0xad,0x75,0xad,0x55,0xad,0x34,0xa5,0x96,0xb5,0x75,0xad,0x55,0xad,
    0x75,0xad,0x96,0xb5,0xf7,0xbd,0x38,0xc6,0x18,0xc6,0x18,0xc6,0x59,0xce,0xba,0xd6,
    0x9a,0xd6,0x79,0xce,0xf7,0xbd,0x96,0xb5,0x34,0xa5,0xf3,0x9c,0xf3,0x9c,0x75,0xad,
    0x38,0xc6,0x59,0xce,0x59,0xce,0x59,0xce,0x38,0xc6,0xd7,0xbd,0xd7,0xbd,0x38,0xc6,
    0x18,0xc6,0x38,0xc6,0x9a,0xd6,0x38,0xc6,0x96,0xb5,0xf7,0xbd,0x18,0xc6,0x18,0xc6,
    0x18,0xc6,0xf7,0xbd,0x75,0xad,0x34,0xa5,0xd3,0x9c,0x92,0x94,0xb2,0x9c,0x34,0xa5,
    0xd7,0xbd,0xf7,0xbd,0xd7,0xbd,0xb6,0xb5,0xf3,0xa4,0xf3,0x9c,0x54,0xad,0x55,0xad,
    0xd3,0x9c,0xf3,0x9c,0xf7,0xbd,0x14,0xa5,0xef,0x7b,0x10,0x84,0x0f,0x84,0x0b,0x63,
    0x8e,0x73,0x92,0x94,0x8e,0x73,0x6d,0x6b,0xaa,0x52,0x69,0x4a,0x8a,0x52,0x49,0x4a,
    0x4d,0x6b,0x6d,0x6b,0xcf,0x7b,0x92,0x94,0x34,0xa5,0x10,0x84,0x8e,0x73,0xae,0x73,
    0x8e,0x73,0xef,0x7b,0x51,0x8c,0xae,0x73,0xef,0x7b,0x51,0x8c,0x10,0x84,0xcf,0x7b,
    0xae,0x73,0x6d,0x6b,0x69,0x4a,0x86,0x31,0x8a,0x52,0x8e,0x73,0x69,0x4a,0xcb,0x5a,
    0xcb,0x5a,0x8a,0x52,0xeb,0x5a,0x28,0x42,0x08,0x42,0x69,0x4a,0x0c,0x63,0x6d,0x6b,
    0x0c,0x63,0x08,0x42,0x2c,0x63,0x2c,0x6b,0xae,0x73,0x49,0x4a,0xeb,0x62,0x08,0x42,
    0xe3,0x18,0xc3,0x18,0xe4,0x18,0x82,0x10,0xa2,0x10,0x04,0x21,0x08,0x42,0xe3,0x18,
    0xc3,0x18,0xe3,0x18,0xe3,0x18,0xc3,0x18,0xc3,0x18,0x45,0x29,0xa2,0x10,0x61,0x08,
    0x41,0x08,0x20,0x00,0xa2,0x10,0x24,0x21,0x24,0x21,0x24,0x21,0x24,0x21,0x45,0x21,
    0x44,0x29,0x24,0x21,0xe3,0x18,0x04,0x21,0xa2,0x10,0x00,0x00,0x20,0x00,0x41,0x08,
    0x41,0x08,0x82,0x10,0xe3,0x18,0x45,0x29,0x24,0x21,0xa2,0x10,0x61,0x08,0x41,0x08,
    0x44,0x29,0x65,0x29,0x45,0x29,0xe3,0x18,0xa2,0x10,0x04,0x21,0x24,0x21,0x61,0x08,
    0xa2,0x10,0x82,0x10,0x41,0x08,0x20,0x00,0x61,0x08,0x82,0x10,0xa2,0x10,0xc3,0x18,
    0xe3,0x18,0x86,0x31,0xaa,0x52,0x89,0x52,0x69,0x4a,0x49,0x4a,0x45,0x29,0xc2,0x18,
    0x82,0x10,0x61,0x08,0x40,0x00,0x41,0x08,0x82,0x10,0x82,0x10,0xe3,0x18,0x82,0x10,
    0xa2,0x10,0xe3,0x18,0xa2,0x10,0xe3,0x18,0xe3,0x18,0x28,0x42,0x65,0x29,0xc7,0x39,
    0x0b,0x63,0xcf,0x7b,0xb6,0xb5,0x28,0x42,0x28,0x42,0x8a,0x52,0x08,0x42,0xcb,0x5a,
    0xcb,0x5a,0x49,0x4a,0x08,0x42,0xe7,0x39,0x48,0x4a,0xaa,0x52,0x49,0x4a,0xaa,0x52,
    0xeb,0x5a,0x69,0x52,0x65,0x29,0x65,0x29,0xa6,0x31,0x8a,0x52,0x0c,0x63,0x4d,0x6b,
    0x4d,0x6b,0x69,0x52,0xeb,0x5a,0x6a,0x52,0xe7,0x39,0x6d,0x6b,0x10,0x84,0x6d,0x6b,
    0x30,0x84,0xf3,0x9c,0x71,0x8c,0xb2,0x94,0xf3,0x9c,0x51,0x8c,0x92,0x94,0x30,0x84,
    0x71,0x8c,0xef,0x7b,0x8e,0x73,0x30,0x84,0x34,0xa5,0x96,0xb5,0x55,0xad,0xf7,0xbd,
    0x79,0xce,0x38,0xc6,0xf7,0xbd,0xf7,0xbd,0x9a,0xd6,0x99,0xd6,0xd7,0xbd,0x38,0xc6,
    0x38,0xc6,0x59,0xce,0x9a,0xd6,0x9a,0xd6,0x7a,0xce,0xba,0xd6,0x9a,0xd6,0xfb,0xde,
    0xba,0xd6,0xdb,0xde,0x9a,0xd6,0xfb,0xde,0xfb,0xde,0x79,0xce,0x17,0xc6,0x75,0xad,
    0xf3,0x9c,0x34,0xa5,0x75,0xad,0xf7,0xbd,0xf7,0xbd,0xb6,0xbd,0x18,0xc6,0x38,0xc6,
    0x75,0xad,0x75,0xad,0xf7,0xbd,0x96,0xb5,0x34,0xa5,0x54,0xad,0x34,0xa5,0x14,0xa5,
    0xb2,0x94,0x92,0x94,0xb2,0x94,0x34,0xa5,0xd6,0xbd,0xb6,0xb5,0xf7,0xc5,0x38,0xc6,
    0x9a,0xd6,0x9a,0xd6,0x59,0xce,0x58,0xc6,0x59,0xce,0x18,0xc6,0xf7,0xbd,0x38,0xc6,
    0xd7,0xbd,0x38,0xc6,0x18,0xc6,0x38,0xc6,0xf7,0xbd,0xd7,0xbd,0x34,0xa5,0x51,0x8c,
    0x34,0xa5,0xf7,0xbd,0xb2,0x94,0x51,0x8c,0xef,0x7b,0x4d,0x6b,0xeb,0x5a,0x6d,0x6b,
    0x0b,0x63,0x6d,0x6b,0x8e,0x73,0xcf,0x7b,0xef,0x7b,0x6d,0x6b,0x8e,0x73,0xae,0x73,
    0x10,0x84,0x51,0x8c,0x51,0x8c,0x8e,0x73,0xef,0x7b,0x71,0x8c,0xae,0x73,0x4d,0x6b,
    0x6d,0x6b,0xae,0x73,0x69,0x4a,0xe7,0x39,0xaa,0x52,0xef,0x7b,0xcb,0x5a,0xaa,0x52,
    0x0c,0x63,0x28,0x42,0xc7,0x39,0xeb,0x5a,0x08,0x42,0xe7,0x39,0x69,0x4a,0x6d,0x6b,
    0x4d,0x6b,0xaa,0x52,0x8a,0x52,0x2c,0x63,0x4d,0x6b,0xaa,0x52,0x28,0x42,0x69,0x4a,
    0x04,0x21,0x04,0x21,0xe3,0x18,0xe3,0x18,0x61,0x08,0xe3,0x18,0xc7,0x39,0xa2,0x10,
    0x61,0x08,0x24,0x21,0x03,0x21,0xe3,0x18,0x61,0x08,0xe3,0x18,0xe3,0x18,0x61,0x08,
    0x41,0x08,0x20,0x00,0xa2,0x10,0x24,0x21,0xc3,0x18,0xc3,0x18,0xa2,0x10,0xc3,0x18,
    0xe3,0x18,0xe3,0x18,0xe3,0x18,0x24,0x21,0xa2,0x10,0x00,0x00,0x20,0x00,0x41,0x08,
    0x61,0x08,0xa2,0x10,0xc3,0x18,0xc3,0x18,0xa2,0x10,0x82,0x10,0x61,0x08,0x61,0x08,
    0x25,0x21,0x65,0x29,0x45,0x29,0xc3,0x18,0xe3,0x18,0x65,0x29,0xc3,0x18,0x61,0x08,
    0x82,0x10,0x61,0x08,0x20,0x00,0x20,0x00,0x41,0x00,0x41,0x08,0x61,0x08,0x82,0x10,
    0xa2,0x10,0xc3,0x18,0x03,0x21,0x03,0x19,0xe3,0x18,0xe3,0x18,0xc3,0x18,0xa2,0x10,
    0x82,0x10,0x61,0x08,0x20,0x00,0x40,0x00,0x61,0x08,0x61,0x08,0xc3,0x18,0x82,0x10,
    0xe3,0x18,0x24,0x21,0xa2,0x10,0xc3,0x18,0x86,0x31,0x08,0x42,0x24,0x21,0x69,0x4a,
    0xeb,0x5a,0xd3,0x9c,0xf3,0x9c,0xa6,0x31,0xcb,0x5a,0x08,0x42,0xaa,0x52,0x2c,0x63,
    0x49,0x4a,0xe7,0x39,0xc7,0x39,0x69,0x4a,0x8a,0x52,0x49,0x4a,0x28,0x42,0xeb,0x5a,
    0x0b,0x63,0xaa,0x52,0x86,0x31,0x65,0x29,0xc7,0x39,0xcb,0x5a,0xcb,0x5a,0x2c,0x63,
    0x8e,0x73,0x8a,0x52,0x4d,0x6b,0xcb,0x5a,0x28,0x42,0xaa,0x52,0x51,0x8c,0xb2,0x94,
    0xcf,0x7b,0xef,0x7b,0x30,0x84,0xef,0x7b,0xd3,0x9c,0xf3,0x9c,0x75,0xad,0xb6,0xb5,
    0x34,0xa5,0x96,0xb5,0x55,0xad,0x54,0xad,0x96,0xb5,0xf7,0xbd,0x75,0xad,0x96,0xb5,
    0xd7,0xbd,0xf7,0xbd,0xb6,0xb5,0xf7,0xbd,0x58,0xce,0x79,0xce,0xb6,0xb5,0x79,0xce,
    0x9a,0xd6,0x59,0xce,0x59,0xce,0x79,0xce,0x9a,0xd6,0xba,0xd6,0xdb,0xde,0xdb,0xde,
    0xba,0xd6,0x79,0xce,0x9a,0xd6,0x1c,0xe7,0xba,0xd6,0xba,0xd6,0xfb,0xde,0xdb,0xde,
    0xba,0xd6,0x38,0xc6,0x55,0xad,0x14,0xa5,0x55,0xad,0x34,0xa5,0x92,0x94,0x91,0x94,
    0xf3,0x9c,0xf3,0x9c,0xf3,0x9c,0xb2,0x94,0x92,0x94,0xb2,0x94,0x34,0xa5,0xb6,0xb5,
    0x18,0xc6,0x9a,0xd6,0xdb,0xde,0xdb,0xde,0x9a,0xd6,0x38,0xc6,0x79,0xce,0x9a,0xd6,
    0xfb,0xde,0xdb,0xde,0xfb,0xde,0xba,0xd6,0x99,0xd6,0x58,0xc6,0x38,0xc6,0x79,0xce,
    0x38,0xc6,0xba,0xd6,0xdb,0xde,0x79,0xce,0x18,0xc6,0x59,0xce,0xb6,0xb5,0xb6,0xb5,
    0xd7,0xbd,0x59,0xce,0xd7,0xbd,0x75,0xad,0x14,0xa5,0xf3,0x9c,0x30,0x84,0xf3,0x9c,
    0x34,0xa5,0x96,0xb5,0xb6,0xb5,0x75,0xad,0xd3,0x9c,0x10,0x84,0x2c,0x6b,0x2c,0x6b,
    0xcf,0x7b,0x30,0x84,0x92,0x94,0xae,0x73,0x51,0x8c,0x92,0x8c,0x10,0x84,0xcf,0x7b,
    0x6d,0x6b,0x6d,0x6b,0x49,0x4a,0x49,0x4a,0x0c,0x63,0x71,0x8c,0x8e,0x73,0x69,0x4a,
    0xcb,0x5a,0xcb,0x5a,0x29,0x42,0xa6,0x31,0x0b,0x63,0x08,0x42,0x69,0x4a,0xca,0x5a,
    0x4d,0x6b,0x0c,0x63,0xaa,0x52,0x0c,0x63,0x0c,0x63,0x4c,0x6b,0xa6,0x31,0xaa,0x52,
    0x24,0x21,0xe3,0x18,0xc3,0x18,0xe3,0x18,0xa2,0x10,0xa2,0x10,0xa6,0x31,0xa2,0x10,
    0x00,0x00,0xc3,0x18,0xe3,0x18,0xc3,0x18,0xa2,0x10,0x61,0x08,0xe3,0x18,0x61,0x08,
    0x40,0x00,0x20,0x00,0xc3,0x18,0x45,0x29,0xe3,0x18,0xe3,0x18,0xc3,0x18,0xe3,0x18,
    0x24,0x21,0x24,0x21,0x03,0x21,0x04,0x21,0x82,0x10,0x00,0x00,0x20,0x00,0x41,0x08,
    0x41,0x08,0x61,0x08,0x61,0x08,0x41,0x08,0x41,0x08,0x41,0x08,0x41,0x08,0x41,0x08,
    0x45,0x29,0x65,0x29,0x86,0x31,0xa2,0x10,0x24,0x21,0xa7,0x39,0xc3,0x18,0x82,0x10,
    0x82,0x10,0x82,0x10,0x41,0x08,0x41,0x08,0x41,0x08,0x61,0x08,0x61,0x08,0x61,0x08,
    0x82,0x10,0xa2,0x10,0xa2,0x10,0xa2,0x10,0xa2,0x10,0xa2,0x10,0xa2,0x10,0xa2,0x10,
    0x82,0x10,0x61,0x08,0x61,0x08,0x61,0x08,0x61,0x08,0x61,0x08,0xe3,0x18,0x82,0x08,
    0xc3,0x18,0x04,0x21,0xe3,0x18,0xe3,0x18,0x08,0x42,0x24,0x21,0xc6,0x31,0x8a,0x52,
    0xcb,0x5a,0xb6,0xb5,0xcf,0x7b,0xa6,0x31,0x8a,0x4a,0x49,0x4a,0x6d,0x6b,0x8a,0x52,
    0x49,0x4a,0x08,0x42,0x8a,0x52,0x8a,0x52,0x07,0x42,0xe7,0x39,0x8a,0x52,0xeb,0x5a,
    0x4d,0x6b,0xeb,0x5a,0xc7,0x39,0x86,0x31,0x08,0x42,0xcb,0x5a,0xeb,0x5a,0xae,0x73,
    0x2c,0x63,0xaa,0x52,0x2c,0x63,0x0c,0x63,0x8a,0x52,0x69,0x4a,0xef,0x7b,0x71,0x8c,
    0x8e,0x73,0x0c,0x63,0x71,0x8c,0xf3,0x9c,0x75,0xad,0xd7,0xbd,0xf7,0xbd,0xd7,0xbd,
    0xf3,0x9c,0xd3,0x9c,0x14,0xa5,0xb2,0x94,0x55,0xad,0xb6,0xb5,0xb6,0xb5,0x18,0xc6,
    0xd7,0xbd,0x96,0xb5,0xb6,0xb5,0x34,0xa5,0x75,0xad,0x38,0xc6,0xf7,0xbd,0x79,0xce,
    0x38,0xc6,0x59,0xce,0xba,0xd6,0xba,0xd6,0xba,0xd6,0x9a,0xd6,0xdb,0xde,0xfb,0xde,
    0xfb,0xde,0x9a,0xd6,0xdb,0xde,0xfb,0xde,0xba,0xd6,0x9a,0xd6,0x9a,0xd6,0x9a,0xd6,
    0xba,0xd6,0xba,0xd6,0xdb,0xde,0xba,0xd6,0x9a,0xd6,0x79,0xce,0x59,0xce,0x18,0xc6,
    0xf7,0xbd,0x17,0xc6,0x38,0xc6,0x79,0xce,0xba,0xd6,0xba,0xd6,0xdb,0xde,0xfb,0xde,
    0xfb,0xde,0xba,0xd6,0xba,0xd6,0x79,0xce,0x18,0xc6,0x58,0xce,0xfb,0xde,0x9a,0xd6,
    0x79,0xce,0xba,0xd6,0xdb,0xde,0xda,0xde,0xba,0xd6,0x9a,0xd6,0xf7,0xbd,0xf7,0xbd,
    0xf7,0xbd,0x18,0xc6,0x59,0xce,0x59,0xce,0x96,0xb5,0x79,0xce,0x54,0xad,0x96,0xb5,
    0x96,0xb5,0x96,0xb5,0x54,0xa5,0xb2,0x94,0x30,0x84,0xcf,0x7b,0xcf,0x7b,0xd3,0x9c,
    0x75,0xad,0x55,0xad,0x96,0xb5,0x55,0xad,0x14,0xa5,0x71,0x8c,0x2c,0x63,0x92,0x94,
    0x51,0x8c,0x30,0x84,0x71,0x8c,0xae,0x73,0xef,0x7b,0x92,0x94,0x71,0x8c,0x10,0x84,
    0x8e,0x73,0xcb,0x5a,0x49,0x4a,0xaa,0x52,0x0c,0x63,0x30,0x84,0x30,0x84,0xaa,0x52,
    0x8a,0x52,0xaa,0x52,0x69,0x4a,0x49,0x4a,0xe7,0x39,0xeb,0x5a,0x86,0x31,0x49,0x4a,
    0x69,0x4a,0xeb,0x5a,0x49,0x4a,0xaa,0x52,0xeb,0x5a,0xcf,0x7b,0xa6,0x31,0xaa,0x52,
    0x65,0x29,0x04,0x21,0xe3,0x18,0xa2,0x10,0xa2,0x10,0xe3,0x18,0x24,0x21,0xe3,0x18,
    0x81,0x08,0x41,0x08,0x03,0x19,0xe3,0x18,0xa2,0x10,0x61,0x08,0xa2,0x10,0xa2,0x10,
    0x41,0x08,0x41,0x08,0x82,0x10,0xa2,0x10,0x82,0x10,0x82,0x10,0x82,0x10,0x82,0x10,
    0xa2,0x10,0xa2,0x10,0x82,0x10,0x61,0x08,0x41,0x08,0x40,0x00,0x41,0x08,0x61,0x08,
    0x61,0x08,0x61,0x08,0x61,0x08,0x61,0x08,0x61,0x08,0x61,0x08,0x61,0x08,0x41,0x08,
    0x24,0x21,0x45,0x29,0x45,0x29,0x24,0x21,0x45,0x29,0x45,0x29,0x04,0x21,0x04,0x21,
    0xe3,0x18,0xe3,0x18,0xe3,0x18,0xe3,0x18,0xe3,0x18,0xe3,0x18,0xe3,0x18,0xe3,0x18,
    0x03,0x21,0xe3,0x18,0x03,0x21,0x04,0x21,0x04,0x21,0x04,0x21,0x04,0x21,0x04,0x21,
    0x04,0x21,0x04,0x21,0x24,0x21,0x24,0x21,0x24,0x21,0x45,0x29,0xa6,0x31,0x61,0x08,
    0x03,0x19,0xe3,0x18,0x04,0x21,0x65,0x29,0xa6,0x31,0x04,0x21,0x49,0x4a,0x49,0x4a,
    0x2c,0x63,0xd7,0xbd,0xeb,0x5a,0x86,0x31,0xc7,0x39,0x4d,0x6b,0xca,0x5a,0x69,0x4a,
    0x69,0x4a,0x8a,0x52,0xcb,0x5a,0x69,0x4a,0xe7,0x39,0x8a,0x52,0x8a,0x52,0xeb,0x5a,
    0xae,0x73,0xcb,0x5a,0xe7,0x39,0xc6,0x39,0x28,0x42,0x69,0x4a,0x0c,0x63,0xae,0x73,
    0x2c,0x63,0xeb,0x5a,0x0b,0x63,0x4d,0x6b,0xcb,0x5a,0x69,0x4a,0xeb,0x5a,0x10,0x84,
    0x30,0x84,0xf3,0x9c,0x55,0xad,0xd3,0x9c,0x75,0xad,0x54,0xad,0x34,0xa5,0x96,0xb5,
    0x75,0xad,0xef,0x7b,0x13,0xa5,0x30,0x84,0xf3,0x9c,0x75,0xad,0x34,0xa5,0xd7,0xbd,
    0x38,0xc6,0xb6,0xb5,0x18,0xc6,0xd7,0xbd,0xb6,0xb5,0xd7,0xbd,0x75,0xad,0x18,0xc6,
    0xd7,0xbd,0x59,0xce,0x9a,0xd6,0x9a,0xd6,0xba,0xd6,0x79,0xce,0xba,0xd6,0x9a,0xd6,
    0xdb,0xde,0x79,0xce,0x59,0xce,0x59,0xce,0xdb,0xde,0x59,0xce,0x9a,0xd6,0xba,0xd6,
    0x59,0xce,0x38,0xc6,0x9a,0xd6,0x9a,0xd6,0x9a,0xd6,0x99,0xd6,0xba,0xd6,0xba,0xd6,
    0xba,0xd6,0x99,0xce,0xba,0xd6,0xfb,0xde,0xdb,0xde,0xda,0xde,0x79,0xce,0x59,0xce,
    0xd7,0xbd,0x59,0xce,0x59,0xce,0x9a,0xd6,0x79,0xce,0x18,0xc6,0x18,0xc6,0xba,0xd6,
    0xdb,0xde,0xfb,0xde,0xdb,0xde,0xfb,0xde,0xba,0xd6,0x79,0xce,0x18,0xc6,0x38,0xc6,
    0xf7,0xbd,0x18,0xc6,0x9a,0xd6,0x38,0xc6,0xf7,0xbd,0x38,0xc6,0xb6,0xb5,0xf7,0xbd,
    0x55,0xad,0xf3,0x9c,0x75,0xad,0x51,0x8c,0xae,0x73,0xae,0x73,0x55,0xad,0x18,0xc6,
    0x75,0xad,0x75,0xad,0xd7,0xbd,0xf3,0x9c,0x92,0x94,0x92,0x94,0x4d,0x6b,0x30,0x84,
    0xd3,0x9c,0xd3,0x9c,0x71,0x8c,0xcf,0x7b,0xae,0x73,0x50,0x8c,0xd2,0x9c,0x30,0x84,
    0x6d,0x6b,0xcb,0x5a,0xaa,0x52,0xaa,0x52,0xeb,0x5a,0x10,0x84,0x92,0x94,0x8a,0x52,
    0x08,0x42,0xcb,0x5a,0xc7,0x39,0x28,0x42,0x49,0x4a,0xe7,0x39,0x8a,0x52,0x86,0x31,
    0x49,0x42,0x69,0x4a,0x49,0x4a,0x6a,0x4a,0xcb,0x5a,0x2c,0x63,0xc7,0x39,0x8a,0x52,
    0x86,0x31,0xe3,0x18,0xc3,0x18,0x04,0x21,0xa2,0x10,0xe3,0x18,0x82,0x10,0xa2,0x10,
    0x82,0x10,0x82,0x10,0x82,0x10,0xe3,0x18,0x04,0x21,0x24,0x21,0x04,0x21,0xc3,0x18,
    0xe3,0x18,0xe3,0x18,0xc3,0x18,0xc3,0x18,0xc3,0x18,0xc3,0x18,0xc3,0x18,0xc3,0x10,
    0xa2,0x10,0xa2,0x10,0xa2,0x10,0xa2,0x10,0xa2,0x10,0xc3,0x18,0xc3,0x18,0xa2,0x10,
    0xc3,0x18,0xc3,0x18,0xa3,0x18,0xa2,0x10,0xc3,0x18,0xa2,0x10,0xa2,0x10,0xa2,0x18,
    0xe3,0x18,0xe3,0x18,0xe3,0x20,0x04,0x21,0x24,0x21,0x45,0x29,0x65,0x29,0x86,0x31,
    0x24,0x21,0xe3,0x18,0x04,0x21,0x65,0x29,0x45,0x29,0x65,0x29,0x65,0x29,0x45,0x29,
    0x45,0x29,0x44,0x29,0x45,0x29,0x44,0x21,0x45,0x29,0x45,0x29,0x65,0x29,0x65,0x29,
    0x45,0x29,0x45,0x29,0x45,0x29,0x45,0x29,0x45,0x29,0xa6,0x31,0xa6,0x31,0xa2,0x10,
    0x24,0x21,0xc2,0x18,0x86,0x31,0xc6,0x31,0x24,0x21,0x65,0x29,0x69,0x4a,0xc7,0x39,
    0x8e,0x73,0x76,0xad,0xaa,0x52,0x45,0x29,0x8a,0x52,0x8e,0x73,0xe7,0x39,0x89,0x52,
    0x49,0x4a,0x8a,0x52,0x69,0x4a,0xc7,0x39,0x8a,0x52,0x8a,0x52,0x49,0x4a,0x2c,0x63,
    0xef,0x7b,0xaa,0x52,0x28,0x42,0xc7,0x39,0x49,0x4a,0x8a,0x52,0x0c,0x63,0x2c,0x63,
    0xae,0x73,0x2c,0x63,0x2c,0x63,0x6d,0x6b,0x8a,0x52,0xaa,0x52,0x6d,0x6b,0xf3,0x9c,
    0xd3,0x9c,0xf3,0xa4,0x75,0xad,0xf3,0x9c,0xf3,0x9c,0xf3,0x9c,0xd3,0x9c,0xb6,0xb5,
    0xd6,0xbd,0xb2,0x94,0x71,0x8c,0x13,0x9d,0xf3,0x9c,0xb6,0xb5,0x13,0xa5,0x55,0xad,
    0x75,0xad,0x55,0xad,0xd7,0xbd,0xd7,0xbd,0x79,0xce,0x79,0xce,0x79,0xce,0x75,0xad,
    0x18,0xc6,0x59,0xc6,0x59,0xce,0x38,0xc6,0xfb,0xde,0xdb,0xde,0xfb,0xde,0xfb,0xde,
    0x3c,0xe7,0x3c,0xe7,0x9a,0xd6,0x99,0xce,0xdb,0xde,0x38,0xc6,0x79,0xce,0xba,0xd6,
    0x79,0xce,0xf7,0xbd,0x79,0xce,0x59,0xce,0x79,0xce,0xdb,0xde,0x79,0xce,0xfb,0xde,
    0x79,0xce,0x59,0xce,0x59,0xce,0xba,0xd6,0xf7,0xbd,0x9a,0xd6,0x59,0xce,0x9a,0xd6,
    0x9a,0xd6,0x59,0xce,0x18,0xc6,0x9a,0xd6,0x59,0xce,0x38,0xc6,0x58,0xce,0xdb,0xde,
    0xda,0xd6,0xba,0xd6,0xfb,0xde,0xdb,0xde,0xdb,0xde,0x9a,0xd6,0xf7,0xbd,0xf7,0xbd,
    0xf7,0xbd,0xd7,0xbd,0x58,0xce,0x18,0xc6,0x18,0xc6,0x18,0xc6,0x38,0xc6,0x38,0xc6,
    0x96,0xb5,0x55,0xad,0x54,0xa5,0xce,0x73,0x0f,0x84,0x30,0x8c,0x96,0xb5,0xf7,0xbd,
    0xb6,0xb5,0xb6,0xb5,0x95,0xad,0x14,0xa5,0x14,0xa5,0xd2,0x9c,0xb2,0x9c,0x51,0x8c,
    0x71,0x8c,0x92,0x94,0xd3,0x9c,0x51,0x8c,0x10,0x84,0x10,0x84,0x92,0x94,0xcf,0x7b,
    0xcf,0x7b,0x6d,0x6b,0xcb,0x5a,0x8a,0x52,0x0c,0x63,0x30,0x8c,0x30,0x84,0xc7,0x39,
    0xe7,0x39,0x0c,0x63,0x28,0x42,0xa6,0x31,0x08,0x42,0xc7,0x39,0x28,0x42,0x69,0x4a,
    0x86,0x29,0x69,0x4a,0x8a,0x52,0xe7,0x39,0xeb,0x5a,0xaa,0x52,0xe7,0x39,0x07,0x3a,
    0xc7,0x39,0xc3,0x18,0x61,0x08,0x65,0x29,0x45,0x29,0x82,0x10,0x81,0x08,0xa2,0x10,
    0x61,0x08,0x41,0x08,0x82,0x10,0xa2,0x10,0x65,0x29,0x24,0x21,0x86,0x31,0x24,0x29,
    0xe3,0x18,0x45,0x29,0x45,0x29,0x24,0x21,0x24,0x21,0x44,0x21,0x24,0x21,0x44,0x21,
    0x24,0x21,0x24,0x21,0x04,0x21,0x24,0x21,0x24,0x21,0x24,0x21,0x24,0x21,0xe3,0x18,
    0xc3,0x18,0xc3,0x18,0xe3,0x18,0x45,0x29,0x04,0x21,0xa2,0x10,0xa2,0x10,0xa2,0x10,
    0x65,0x29,0x45,0x29,0x24,0x29,0x24,0x21,0x03,0x19,0xe3,0x18,0x65,0x29,0xe7,0x39,
    0x65,0x29,0xe3,0x18,0xc3,0x18,0x24,0x21,0x86,0x31,0x86,0x31,0x86,0x29,0x45,0x29,
    0x04,0x21,0x45,0x29,0xc7,0x39,0xc7,0x39,0x86,0x31,0x45,0x29,0x65,0x29,0x85,0x31,
    0x65,0x29,0x45,0x29,0x24,0x21,0x44,0x29,0x24,0x21,0x08,0x42,0x86,0x31,0xe3,0x18,
    0xa2,0x18,0xe3,0x18,0xe7,0x39,0xa6,0x31,0xe3,0x18,0x65,0x29,0x28,0x42,0x65,0x29,
    0xef,0x7b,0xf3,0x9c,0x69,0x4a,0x65,0x29,0xae,0x73,0x8a,0x52,0x28,0x42,0x49,0x4a,
    0x08,0x42,0x8a,0x52,0x86,0x31,0x69,0x4a,0xaa,0x52,0xc7,0x39,0x28,0x42,0x2c,0x63,
    0xae,0x73,0xeb,0x5a,0x49,0x4a,0xe7,0x39,0x28,0x42,0x8a,0x52,0xeb,0x5a,0x2c,0x63,
    0xae,0x73,0x6d,0x6b,0x8d,0x73,0x4c,0x6b,0x8e,0x73,0x6d,0x6b,0x6d,0x6b,0xd2,0x94,
    0x55,0xad,0x75,0xad,0xf3,0x9c,0xf3,0x9c,0x75,0xad,0x96,0xb5,0x34,0xa5,0x13,0xa5,
    0x75,0xad,0xf7,0xbd,0x71,0x8c,0xd3,0x9c,0xd3,0x9c,0x13,0xa5,0x55,0xad,0x96,0xb5,
    0x34,0xa5,0xd3,0x9c,0x34,0xa5,0x58,0xce,0x79,0xce,0x79,0xce,0xfb,0xde,0x38,0xc6,
    0xf7,0xbd,0x96,0xb5,0x58,0xce,0x38,0xc6,0xdb,0xd6,0xba,0xd6,0xdb,0xde,0x9a,0xd6,
    0xba,0xd6,0x79,0xce,0xdb,0xde,0xfb,0xde,0x9a,0xd6,0xba,0xd6,0xdb,0xde,0x9a,0xd6,
    0x79,0xce,0x59,0xce,0x38,0xc6,0xfb,0xde,0x9a,0xd6,0x79,0xce,0x9a,0xd6,0xdb,0xde,
    0xba,0xd6,0x9a,0xd6,0xf7,0xbd,0xdb,0xde,0xba,0xd6,0xdb,0xde,0xfb,0xde,0xdb,0xde,
    0x9a,0xd6,0x18,0xc6,0x79,0xce,0x9a,0xd6,0x79,0xce,0xda,0xde,0xfb,0xde,0xdb,0xde,
    0x1c,0xe7,0x5c,0xef,0xfb,0xde,0xba,0xd6,0x59,0xce,0x9a,0xd6,0x59,0xce,0xf7,0xbd,
    0xd6,0xbd,0xf7,0xbd,0x9a,0xd6,0xb6,0xb5,0xd7,0xbd,0x59,0xce,0x18,0xc6,0xf7,0xbd,
    0xf7,0xbd,0x55,0xad,0x10,0x84,0x8e,0x73,0x75,0xad,0x75,0xad,0x75,0xad,0x34,0xa5,
    0x96,0xb5,0x55,0xad,0xf3,0x9c,0x14,0xa5,0x14,0xa5,0x92,0x94,0x51,0x8c,0x30,0x84,
    0x51,0x8c,0x51,0x8c,0x71,0x8c,0x71,0x8c,0x51,0x8c,0x71,0x8c,0x71,0x8c,0x30,0x84,
    0xae,0x7b,0x8e,0x73,0xaa,0x52,0x28,0x42,0x4d,0x6b,0x30,0x84,0x6d,0x6b,0x24,0x21,
    0x49,0x4a,0xaa,0x52,0x69,0x4a,0x89,0x52,0x65,0x29,0x65,0x29,0x65,0x29,0xaa,0x52,
    0x08,0x42,0xa6,0x31,0x8a,0x52,0x08,0x42,0x49,0x4a,0x8a,0x52,0x69,0x4a,0x45,0x29,
    0xc7,0x39,0xc3,0x18,0xa2,0x10,0xe3,0x18,0xa6,0x31,0x82,0x10,0xe3,0x18,0xa2,0x10,
    0x61,0x08,0x20,0x00,0xc3,0x18,0xa2,0x10,0x65,0x29,0x49,0x42,0x28,0x42,0xc7,0x39,
    0xe7,0x39,0x28,0x42,0x28,0x42,0x08,0x42,0x08,0x42,0x08,0x42,0xe7,0x39,0xc6,0x39,
    0xa6,0x31,0xa6,0x31,0x86,0x31,0x65,0x29,0x45,0x29,0x04,0x21,0xe3,0x18,0xc3,0x18,
    0xc3,0x18,0x04,0x21,0x85,0x29,0x65,0x29,0x04,0x21,0x04,0x21,0x24,0x21,0x04,0x21,
    0x65,0x29,0x65,0x29,0x45,0x29,0x45,0x29,0x65,0x29,0x44,0x29,0x85,0x29,0xc7,0x39,
    0x45,0x29,0x04,0x21,0x04,0x21,0xc3,0x18,0x03,0x19,0x04,0x21,0x04,0x21,0x04,0x21,
    0xe3,0x18,0x04,0x21,0x86,0x31,0xc7,0x39,0xc7,0x39,0xa6,0x31,0x45,0x29,0x24,0x21,
    0x65,0x29,0x65,0x29,0x85,0x31,0x45,0x29,0x04,0x21,0x08,0x42,0x85,0x29,0xa2,0x10,
    0x61,0x08,0x24,0x21,0xa6,0x31,0xc7,0x31,0x82,0x10,0xc7,0x39,0xe7,0x39,0xa6,0x31,
    0x30,0x84,0x51,0x8c,0xe7,0x39,0x28,0x42,0xae,0x73,0xc7,0x39,0x8a,0x4a,0xe7,0x39,
    0xeb,0x5a,0xc7,0x39,0x49,0x4a,0x69,0x4a,0x69,0x4a,0x49,0x4a,0xe7,0x39,0xeb,0x5a,
    0xae,0x73,0x0c,0x63,0xaa,0x52,0x69,0x4a,0x69,0x4a,0x49,0x4a,0xeb,0x5a,0x4d,0x6b,
    0x0c,0x63,0xae,0x73,0xcf,0x7b,0x8d,0x73,0xae,0x73,0xae,0x73,0x30,0x84,0xf3,0x9c,
    0x14,0xa5,0x34,0xa5,0x34,0xa5,0xd3,0x9c,0x96,0xb5,0x75,0xad,0x14,0xa5,0x75,0xad,
    0xd7,0xbd,0xf7,0xbd,0xd7,0xbd,0xf3,0x9c,0xd3,0x9c,0x51,0x8c,0xb2,0x94,0xb6,0xb5,
    0xf3,0x9c,0xb2,0x94,0x55,0xad,0xb6,0xb5,0xd7,0xbd,0x9a,0xd6,0x9a,0xd6,0x59,0xce,
    0xb6,0xb5,0x75,0xad,0xf7,0xbd,0xf7,0xbd,0xdb,0xde,0x79,0xce,0xfb,0xde,0x3c,0xe7,
    0x1c,0xe7,0x59,0xce,0x18,0xc6,0x18,0xc6,0xdb,0xde,0xdb,0xde,0x59,0xce,0xfb,0xde,
    0x38,0xc6,0xf7,0xbd,0x38,0xc6,0x9a,0xd6,0xba,0xd6,0x59,0xce,0xdb,0xd6,0x9a,0xd6,
    0xdb,0xde,0x18,0xc6,0x9a,0xd6,0x1c,0xe7,0x18,0xc6,0x79,0xce,0xba,0xd6,0x18,0xc6,
    0x9a,0xd6,0x58,0xce,0xba,0xd6,0x38,0xc6,0x79,0xce,0xdb,0xde,0x79,0xce,0x17,0xc6,
    0xba,0xd6,0x18,0xc6,0x18,0xc6,0x79,0xce,0x75,0xad,0xf7,0xbd,0x18,0xc6,0x55,0xad,
    0x96,0xb5,0xd7,0xbd,0x14,0xa5,0x34,0xa5,0xf7,0xbd,0x38,0xc6,0x18,0xc6,0x96,0xb5,
    0xf3,0x9c,0xef,0x7b,0xcf,0x7b,0x75,0xad,0x96,0xad,0x95,0xb5,0x75,0xad,0x55,0xad,
    0x34,0xa5,0xf3,0x9c,0x13,0xa5,0x14,0xa5,0x34,0xa5,0xd3,0x9c,0x50,0x8c,0x51,0x8c,
    0x92,0x94,0x51,0x8c,0x71,0x94,0xb2,0x94,0xb2,0x94,0x92,0x94,0x51,0x8c,0x30,0x84,
    0x8d,0x73,0x2c,0x63,0x8a,0x52,0xc7,0x39,0x2c,0x63,0x51,0x84,0xcb,0x5a,0x65,0x29,
    0xcb,0x5a,0xcb,0x5a,0x08,0x42,0x8a,0x52,0x8a,0x52,0xe3,0x18,0xe3,0x18,0x86,0x31,
    0xeb,0x5a,0xc7,0x39,0xc7,0x39,0x69,0x4a,0x49,0x4a,0x07,0x3a,0x69,0x4a,0x24,0x21,
    0xa6,0x39,0xc2,0x10,0x04,0x21,0xa2,0x10,0x85,0x31,0xa2,0x10,0x04,0x21,0xa2,0x10,
    0x61,0x08,0x82,0x10,0x81,0x08,0xc3,0x18,0x04,0x21,0x28,0x42,0xc7,0x39,0xa6,0x31,
    0xa6,0x31,0x85,0x29,0x45,0x29,0x24,0x21,0x24,0x21,0x24,0x21,0xe3,0x18,0xc3,0x18,
    0xc3,0x18,0xc3,0x18,0xc3,0x18,0xc3,0x18,0xc3,0x18,0xc3,0x18,0xc3,0x18,0xe3,0x18,
    0x04,0x21,0x24,0x21,0x04,0x21,0x82,0x10,0x61,0x08,0xc3,0x18,0xe3,0x18,0xe3,0x18,
    0x44,0x29,0x04,0x21,0xa2,0x10,0xe3,0x18,0x45,0x29,0x86,0x31,0x24,0x21,0xe3,0x18,
    0x04,0x21,0x24,0x21,0x45,0x29,0x24,0x21,0x24,0x21,0x24,0x21,0x45,0x29,0x85,0x29,
    0x65,0x29,0x65,0x29,0xa6,0x31,0xa6,0x31,0x86,0x31,0x85,0x31,0x45,0x29,0x24,0x21,
    0x86,0x31,0xe7,0x39,0x08,0x42,0xe7,0x39,0xc7,0x39,0x28,0x42,0xa6,0x31,0xa2,0x10,
    0xa2,0x10,0x45,0x29,0xc7,0x39,0x65,0x29,0x81,0x08,0x08,0x42,0x65,0x29,0xe8,0x39,
    0x10,0x84,0x8e,0x73,0xa6,0x31,0x6d,0x6b,0xeb,0x5a,0x28,0x42,0x28,0x42,0x0c,0x63,
    0x28,0x42,0x69,0x4a,0x08,0x42,0x28,0x42,0xaa,0x52,0x28,0x42,0xa6,0x31,0xcb,0x5a,
    0xae,0x73,0x6d,0x6b,0x8a,0x52,0x49,0x4a,0x69,0x4a,0x48,0x4a,0x0c,0x63,0x0c,0x63,
    0xeb,0x5a,0x0f,0x84,0x10,0x84,0xef,0x7b,0xce,0x7b,0x71,0x8c,0xf3,0x9c,0x13,0xa5,
    0x55,0xad,0x34,0xa5,0x34,0xa5,0x14,0xa5,0x96,0xb5,0x34,0xa5,0xf3,0x9c,0x75,0xad,
    0x75,0xad,0x95,0xb5,0x17,0xc6,0xd7,0xbd,0x55,0xad,0x71,0x8c,0xf3,0x9c,0xf3,0x9c,
    0x34,0xa5,0xb2,0x94,0x55,0xad,0x18,0xc6,0x75,0xad,0xb6,0xb5,0x9a,0xd6,0x9a,0xd6,
    0x95,0xad,0xf3,0x9c,0xf7,0xbd,0x75,0xad,0xba,0xd6,0x59,0xce,0x79,0xce,0xdb,0xde,
    0xdb,0xde,0x1b,0xe7,0xdb,0xde,0x59,0xce,0x14,0xa5,0x96,0xb5,0x9a,0xd6,0xba,0xd6,
    0xf8,0xbd,0xd7,0xbd,0x59,0xce,0x59,0xce,0x38,0xc6,0xfb,0xde,0xdb,0xde,0x1c,0xe7,
    0x9a,0xd6,0xf7,0xbd,0x9a,0xd6,0xdb,0xde,0x59,0xce,0xdb,0xde,0xba,0xd6,0x79,0xce,
    0xf7,0xbd,0x18,0xc6,0x59,0xce,0x38,0xc6,0x59,0xce,0xfb,0xde,0x79,0xce,0xf7,0xbd,
    0xf7,0xbd,0x79,0xce,0xba,0xd6,0xdb,0xde,0x79,0xce,0x38,0xc6,0xd7,0xbd,0x92,0x94,
    0xb7,0xbd,0xd3,0x9c,0xb2,0x94,0x79,0xce,0x58,0xce,0xd6,0xbd,0x75,0xad,0x55,0xad,
    0xae,0x73,0x8e,0x73,0xd6,0xb5,0x55,0xad,0x14,0xa5,0x34,0xa5,0x91,0x94,0x71,0x8c,
    0x51,0x8c,0x92,0x94,0xb2,0x94,0x92,0x94,0xf3,0x9c,0xb2,0x94,0x51,0x8c,0x51,0x8c,
    0x92,0x94,0x51,0x8c,0x92,0x94,0xd3,0x9c,0xb2,0x94,0x71,0x8c,0x50,0x8c,0x6d,0x6b,
    0x6d,0x6b,0x8a,0x52,0xaa,0x52,0x69,0x4a,0x4d,0x6b,0xef,0x83,0x69,0x4a,0xa6,0x31,
    0x0c,0x63,0xcb,0x5a,0x07,0x42,0xa6,0x31,0x69,0x4a,0x69,0x4a,0x45,0x29,0x24,0x21,
    0x28,0x42,0x49,0x4a,0xe7,0x39,0x69,0x4a,0x28,0x42,0x86,0x31,0x28,0x42,0x65,0x29,
    0x45,0x29,0x04,0x21,0x04,0x21,0xa2,0x10,0x45,0x29,0xa2,0x10,0x61,0x08,0xe3,0x18,
    0x61,0x08,0xa2,0x10,0x61,0x08,0xe3,0x18,0xa2,0x10,0x45,0x29,0xc7,0x39,0x08,0x42,
    0xa6,0x31,0xe3,0x18,0xa2,0x10,0x04,0x21,0x04,0x21,0x82,0x10,0xa2,0x10,0xe3,0x18,
    0x04,0x21,0x24,0x21,0x65,0x29,0x24,0x21,0xc3,0x18,0xa2,0x10,0x82,0x10,0xa2,0x10,
    0xe3,0x18,0x44,0x29,0x24,0x21,0x03,0x19,0x04,0x21,0x04,0x19,0xc3,0x18,0x82,0x10,
    0xc3,0x18,0xc3,0x18,0xc3,0x18,0x24,0x21,0x65,0x29,0xa6,0x31,0x65,0x29,0x04,0x21,
    0x04,0x21,0xe3,0x18,0xe3,0x18,0xe3,0x18,0xe3,0x18,0xe3,0x18,0x04,0x21,0x04,0x21,
    0x03,0x19,0xc3,0x18,0x04,0x21,0x65,0x29,0x24,0x21,0x04,0x21,0x45,0x29,0x45,0x29,
    0xe3,0x18,0x04,0x21,0x45,0x29,0x45,0x29,0x65,0x29,0x65,0x29,0x86,0x31,0xa2,0x10,
    0xa2,0x10,0x65,0x29,0xe7,0x39,0xa2,0x10,0xa2,0x10,0x08,0x42,0x45,0x29,0x08,0x42,
    0xae,0x73,0xcb,0x5a,0xe7,0x39,0xaf,0x73,0x69,0x4a,0x49,0x4a,0x0c,0x63,0x28,0x42,
    0x48,0x4a,0x08,0x42,0x28,0x4a,0x49,0x4a,0x8a,0x52,0x89,0x52,0x85,0x31,0xaa,0x52,
    0x10,0x84,0xcf,0x7b,0xeb,0x62,0x69,0x4a,0x8a,0x52,0x28,0x42,0xcb,0x5a,0x8d,0x73,
    0xae,0x73,0x10,0x84,0x30,0x84,0x50,0x8c,0x71,0x8c,0x92,0x94,0xd3,0x9c,0x92,0x94,
    0x55,0xad,0x34,0xa5,0xd3,0x9c,0xd3,0x9c,0xb2,0x94,0xd2,0x9c,0x91,0x94,0x71,0x8c,
    0x51,0x8c,0x51,0x8c,0xf3,0x9c,0xd3,0x9c,0x34,0xa5,0x55,0xad,0x92,0x94,0x30,0x84,
    0xb2,0x94,0x14,0xa5,0x92,0x94,0x55,0xad,0x75,0xad,0x75,0xad,0xd7,0xbd,0x9a,0xd6,
    0x96,0xb5,0xb2,0x94,0x14,0xa5,0xd7,0xbd,0x59,0xce,0x38,0xc6,0xdb,0xde,0x1c,0xe7,
    0x1c,0xe7,0xdb,0xde,0xfb,0xde,0x3c,0xe7,0xba,0xd6,0x18,0xc6,0x75,0xad,0x18,0xc6,
    0x55,0xad,0x96,0xb5,0x79,0xce,0x59,0xce,0x9a,0xd6,0xdb,0xde,0xdb,0xde,0x59,0xce,
    0x79,0xce,0x1c,0xe7,0x96,0xb5,0x9a,0xd6,0x9a,0xd6,0x59,0xce,0x18,0xc6,0xd7,0xbd,
    0xba,0xd6,0x59,0xce,0xba,0xd6,0x75,0xad,0x75,0xad,0xf7,0xbd,0x18,0xc6,0xdb,0xde,
    0x79,0xd6,0x9a,0xd6,0x9a,0xd6,0x18,0xc6,0xf3,0x9c,0x14,0xa5,0xd2,0x94,0x71,0x8c,
    0xf7,0xbd,0xb2,0x94,0x75,0xad,0x14,0xa5,0x71,0x94,0xb2,0x94,0x30,0x84,0x8e,0x73,
    0xca,0x5a,0x96,0xb5,0x92,0x94,0x71,0x8c,0x71,0x8c,0x30,0x84,0x71,0x8c,0x30,0x84,
    0x92,0x94,0x71,0x94,0x30,0x84,0xae,0x73,0x10,0x84,0xef,0x7b,0xcf,0x7b,0x30,0x84,
    0x71,0x8c,0x71,0x94,0xd3,0x9c,0x92,0x94,0x30,0x84,0x14,0xa5,0xb2,0x94,0x10,0x84,
    0x10,0x84,0xcb,0x5a,0x49,0x4a,0x6a,0x52,0x4d,0x6b,0x6d,0x6b,0x69,0x4a,0x08,0x42,
    0x8d,0x73,0x69,0x4a,0x86,0x31,0x49,0x4a,0x65,0x29,0x65,0x29,0xe7,0x39,0x65,0x29,
    0x45,0x29,0x08,0x42,0xc7,0x39,0x49,0x4a,0x49,0x4a,0xc7,0x39,0xa6,0x31,0xc7,0x39,
    0x04,0x21,0x04,0x21,0x65,0x29,0x82,0x10,0x04,0x21,0xa2,0x10,0x21,0x00,0x04,0x21,
    0x61,0x08,0x82,0x10,0xc3,0x18,0x04,0x21,0x61,0x08,0xa2,0x10,0x24,0x21,0x65,0x29,
    0x45,0x29,0x24,0x21,0x65,0x29,0xc7,0x39,0x24,0x21,0xc3,0x18,0x45,0x29,0x24,0x21,
    0xe3,0x18,0xe3,0x18,0x45,0x29,0x24,0x21,0x24,0x21,0x24,0x21,0x24,0x21,0x04,0x21,
    0x04,0x21,0x65,0x29,0x45,0x29,0x24,0x21,0x45,0x29,0x45,0x29,0xe3,0x18,0xc3,0x18,
    0x45,0x29,0x45,0x29,0x24,0x21,0xe3,0x18,0xc3,0x18,0x24,0x21,0xa6,0x31,0xc7,0x39,
    0xc6,0x31,0xa6,0x31,0xa6,0x31,0x65,0x29,0x45,0x29,0x86,0x31,0xa6,0x31,0x86,0x31,
    0x85,0x31,0xe3,0x18,0xc3,0x18,0xa6,0x31,0xe7,0x39,0xc7,0x39,0xc7,0x39,0xc7,0x39,
    0x65,0x29,0x44,0x29,0x65,0x29,0x65,0x29,0x85,0x31,0x86,0x31,0xa6,0x31,0xe3,0x18,
    0x82,0x10,0xa6,0x31,0x85,0x29,0x82,0x10,0x24,0x21,0xe7,0x39,0x04,0x21,0x08,0x42,
    0x4d,0x6b,0x08,0x42,0xcb,0x5a,0x0c,0x63,0x08,0x42,0xeb,0x5a,0x0c,0x63,0x08,0x42,
    0x08,0x42,0x28,0x42,0xc7,0x39,0xe7,0x39,0x28,0x42,0x49,0x4a,0x45,0x29,0x49,0x4a,
    0x8e,0x73,0x10,0x84,0x6d,0x6b,0xca,0x5a,0xaa,0x5a,0x8a,0x52,0x8a,0x52,0x8e,0x73,
    0xef,0x7b,0x30,0x84,0x71,0x8c,0xb2,0x94,0x71,0x8c,0xb2,0x94,0x13,0xa5,0x91,0x94,
    0x30,0x84,0x71,0x8c,0x92,0x94,0xb2,0x94,0x75,0xad,0xb6,0xb5,0xd7,0xbd,0xb6,0xb5,
    0xb6,0xb5,0x96,0xb5,0xb6,0xb5,0x75,0xad,0x54,0xad,0xb6,0xb5,0xf3,0xa4,0x10,0x84,
    0x51,0x8c,0x92,0x94,0xf3,0x9c,0x34,0xa5,0x55,0xad,0xd3,0x9c,0x55,0xad,0xb6,0xb5,
    0xb6,0xb5,0x91,0x94,0x30,0x84,0xb2,0x94,0x14,0xa5,0x14,0xa5,0xd7,0xbd,0x79,0xce,
    0xfb,0xde,0xdb,0xde,0x9a,0xd6,0x79,0xce,0xfb,0xde,0xfb,0xde,0xba,0xd6,0xd7,0xbd,
    0x92,0x94,0x18,0xc6,0x59,0xce,0x38,0xc6,0x79,0xce,0x9a,0xd6,0x59,0xce,0xba,0xd6,
    0xdb,0xde,0x18,0xc6,0x71,0x8c,0x38,0xc6,0x9a,0xd6,0xb6,0xb5,0x38,0xc6,0x18,0xc6,
    0xba,0xd6,0xda,0xde,0x75,0xad,0x92,0x94,0xd7,0xbd,0xba,0xd6,0x1c,0xe7,0xdb,0xde,
    0x18,0xc6,0x55,0xad,0xf7,0xbd,0xd7,0xbd,0x75,0xad,0x96,0xb5,0x55,0xad,0xba,0xd6,
    0x38,0xc6,0xf7,0xbd,0x38,0xc6,0x75,0xad,0x75,0xad,0xd7,0xbd,0x14,0xa5,0x2c,0x63,
    0xb2,0x94,0x59,0xce,0xb6,0xb5,0xb6,0xb5,0x96,0xb5,0x18,0xc6,0xf7,0xbd,0x96,0xb5,
    0xb6,0xb5,0x55,0xad,0x34,0xad,0xf3,0x9c,0xb2,0x94,0xb2,0x94,0xae,0x73,0xae,0x73,
    0x92,0x94,0x92,0x94,0xd3,0x9c,0xb2,0x94,0x10,0x84,0xd3,0x9c,0x91,0x94,0x30,0x84,
    0x92,0x94,0xeb,0x5a,0x08,0x42,0xaa,0x5a,0x4d,0x6b,0x6d,0x6b,0x8a,0x52,0x49,0x4a,
    0x4d,0x6b,0xa6,0x39,0xa6,0x31,0x49,0x4a,0x07,0x42,0x66,0x29,0xe3,0x18,0xc7,0x39,
    0x86,0x31,0xa6,0x39,0x45,0x29,0x49,0x4a,0x08,0x42,0xc7,0x39,0x65,0x29,0x86,0x31,
    0x04,0x19,0xc3,0x18,0x65,0x29,0x24,0x21,0xe3,0x18,0x41,0x08,0x41,0x08,0x24,0x21,
    0x82,0x10,0x82,0x10,0x04,0x21,0x65,0x29,0xc3,0x18,0xc3,0x18,0x24,0x21,0x04,0x21,
    0xe3,0x18,0xe3,0x18,0xe3,0x18,0xe3,0x18,0xa2,0x10,0xe3,0x18,0x65,0x29,0x45,0x29,
    0x24,0x21,0x24,0x21,0x45,0x29,0x65,0x29,0x65,0x29,0x86,0x31,0x45,0x29,0x04,0x21,
    0xc3,0x18,0x24,0x21,0x24,0x21,0x04,0x21,0x24,0x21,0xe3,0x18,0xe3,0x18,0x04,0x21,
    0x04,0x21,0x65,0x29,0xc3,0x18,0x61,0x08,0xa2,0x10,0x04,0x21,0x86,0x31,0xc7,0x39,
    0xa6,0x31,0x86,0x31,0x24,0x21,0xc3,0x18,0xe3,0x18,0x65,0x29,0x08,0x42,0x49,0x4a,
    0xc7,0x39,0xe4,0x18,0x82,0x10,0xc3,0x18,0x24,0x21,0x65,0x29,0x86,0x31,0xc7,0x39,
    0xc7,0x39,0xa6,0x31,0xa6,0x31,0x86,0x31,0xa6,0x31,0xe7,0x39,0x28,0x42,0xe3,0x18,
    0xe3,0x18,0xe7,0x41,0x04,0x21,0xa2,0x10,0x45,0x29,0xc7,0x39,0x04,0x21,0x49,0x4a,
    0xeb,0x5a,0x49,0x4a,0x4d,0x6b,0x28,0x42,0x69,0x4a,0xae,0x73,0x28,0x42,0x86,0x31,
    0xa6,0x31,0x45,0x29,0xa6,0x31,0xa7,0x39,0x86,0x31,0x28,0x4a,0xa6,0x31,0xe7,0x39,
    0x2c,0x63,0xcf,0x7b,0x4d,0x6b,0x49,0x4a,0xaa,0x52,0xeb,0x5a,0x4d,0x6b,0x6d,0x6b,
    0x0f,0x84,0xef,0x7b,0xb2,0x94,0x50,0x84,0x91,0x8c,0x91,0x94,0x30,0x84,0x30,0x84,
    0x92,0x94,0xd6,0xbd,0xf7,0xbd,0x75,0xad,0xb6,0xb5,0xb6,0xb5,0xf7,0xbd,0xd7,0xbd,
    0x17,0xc6,0x75,0xad,0x55,0xad,0x38,0xc6,0xd7,0xbd,0x75,0xad,0x59,0xce,0x55,0xad,
    0x14,0xa5,0xf3,0x9c,0x34,0xa5,0xb6,0xb5,0xd7,0xbd,0x96,0xb5,0x18,0xc6,0x9a,0xd6,
    0xdb,0xde,0xf7,0xbd,0x59,0xce,0x38,0xc6,0xd7,0xbd,0x95,0xb5,0x59,0xce,0x79,0xce,
    0x18,0xc6,0xba,0xd6,0x79,0xce,0x59,0xce,0xd7,0xbd,0x79,0xce,0x79,0xce,0xba,0xd6,
    0x30,0x84,0x75,0xad,0x17,0xc6,0xfb,0xde,0xfb,0xde,0x18,0xc6,0xba,0xd6,0xdb,0xde,
    0x79,0xce,0x55,0xad,0xd3,0x9c,0x55,0xad,0xf7,0xbd,0x79,0xce,0xd7,0xbd,0x79,0xce,
    0x18,0xc6,0xd3,0x9c,0x38,0xc6,0x9a,0xd6,0x59,0xce,0x9a,0xd6,0x59,0xce,0x38,0xc6,
    0x75,0xad,0x18,0xc6,0xb6,0xb5,0x18,0xc6,0xd7,0xbd,0xfb,0xde,0xd7,0xbd,0x9a,0xd6,
    0xb6,0xb5,0x75,0xad,0xf7,0xbd,0x95,0xad,0x13,0xa5,0x75,0xad,0xf3,0x9c,0xd3,0x9c,
    0xd7,0xbd,0x96,0xb5,0xb6,0xb5,0x75,0xad,0x96,0xb5,0xb6,0xb5,0x96,0xb5,0x54,0xad,
    0xb6,0xb5,0xb6,0xb5,0xd7,0xbd,0x54,0xad,0x34,0xa5,0x75,0xad,0x34,0xa5,0xf3,0x9c,
    0x71,0x8c,0xd2,0x94,0xf3,0x9c,0xb2,0x94,0x92,0x94,0x10,0x84,0xf3,0x9c,0x10,0x84,
    0xae,0x73,0x0c,0x63,0xaa,0x52,0x0c,0x63,0x2c,0x6b,0x2c,0x63,0x08,0x42,0xe8,0x41,
    0x8a,0x52,0x04,0x21,0x08,0x3a,0x49,0x4a,0x65,0x29,0xc7,0x39,0x86,0x31,0x45,0x29,
    0xc7,0x39,0xc7,0x39,0x24,0x21,0xe7,0x39,0x07,0x42,0x86,0x31,0x45,0x29,0xa6,0x31,
    0xe3,0x18,0xe3,0x18,0xa6,0x31,0x44,0x29,0xc3,0x18,0xc3,0x18,0x82,0x10,0xa2,0x10,
    0xc3,0x18,0xa2,0x10,0x86,0x31,0xe7,0x39,0x86,0x31,0xe3,0x18,0x45,0x29,0x65,0x29,
    0xa6,0x31,0x65,0x29,0x24,0x21,0x24,0x21,0x24,0x21,0x24,0x21,0x24,0x21,0x45,0x29,
    0x65,0x29,0x45,0x29,0x45,0x29,0x24,0x21,0x04,0x21,0x24,0x21,0x04,0x21,0xe3,0x18,
    0xc3,0x18,0x04,0x21,0x04,0x21,0xe3,0x18,0x04,0x21,0x04,0x21,0x65,0x29,0x65,0x29,
    0x45,0x29,0x86,0x31,0x24,0x21,0x04,0x21,0x85,0x31,0xa6,0x31,0xa6,0x31,0xc7,0x39,
    0xa6,0x31,0x65,0x29,0xa2,0x10,0x82,0x10,0x04,0x21,0xc7,0x39,0x49,0x4a,0x08,0x42,
    0x45,0x29,0x24,0x21,0x45,0x29,0x24,0x21,0x44,0x29,0x24,0x21,0x24,0x21,0x86,0x31,
    0xa6,0x31,0xe7,0x39,0xc7,0x39,0x45,0x29,0x03,0x21,0x24,0x21,0xe7,0x39,0xc3,0x18,
    0x04,0x21,0x49,0x4a,0x24,0x29,0x45,0x29,0x45,0x29,0xa6,0x31,0x04,0x21,0x49,0x4a,
    0x8e,0x73,0x6d,0x73,0xcb,0x5a,0xc7,0x39,0xae,0x73,0x0c,0x63,0x24,0x21,0x24,0x21,
    0x04,0x21,0x86,0x31,0x86,0x31,0x65,0x29,0xe7,0x39,0x69,0x4a,0xe7,0x39,0x65,0x31,
    0x0c,0x63,0xcf,0x7b,0x2c,0x63,0x69,0x4a,0xcb,0x5a,0x0c,0x63,0xae,0x73,0xcf,0x7b,
    0x10,0x84,0x30,0x84,0xb2,0x94,0x30,0x84,0xef,0x7b,0x30,0x84,0xb2,0x94,0x55,0xad,
    0xb6,0xb5,0xd7,0xbd,0x95,0xb5,0x96,0xb5,0xb6,0xb5,0x96,0xb5,0xb6,0xb5,0xb6,0xb5,
    0xb6,0xb5,0xb6,0xb5,0x55,0xad,0x18,0xc6,0xb6,0xb5,0x51,0x8c,0x54,0xad,0x96,0xb5,
    0x71,0x8c,0xf3,0x9c,0xf4,0xa4,0x92,0x94,0xd3,0x9c,0x34,0xad,0xb6,0xb5,0x59,0xce,
    0x9a,0xd6,0xb6,0xb5,0xf7,0xbd,0x38,0xc6,0xb6,0xb5,0xb2,0x94,0x18,0xc6,0x59,0xce,
    0xf7,0xbd,0x38,0xc6,0xdb,0xde,0xba,0xd6,0x59,0xce,0xba,0xd6,0x59,0xce,0xd7,0xbd,
    0xef,0x7b,0x34,0xa5,0xd3,0x9c,0x38,0xc6,0x18,0xc6,0x9a,0xd6,0x3c,0xe7,0x38,0xc6,
    0xd7,0xbd,0x38,0xc6,0x31,0x8c,0x14,0xa5,0xf7,0xbd,0x59,0xce,0x79,0xce,0xd3,0x9c,
    0x55,0xad,0xba,0xd6,0xba,0xd6,0xf7,0xbd,0x79,0xce,0xba,0xd6,0x9a,0xd6,0xd7,0xbd,
    0x38,0xc6,0x18,0xc6,0x18,0xc6,0xf7,0xbd,0x38,0xc6,0x59,0xce,0x18,0xbe,0x79,0xce,
    0x79,0xce,0xb6,0xb5,0xd7,0xbd,0xb6,0xb5,0x34,0xa5,0x55,0xad,0xd3,0x9c,0xb6,0xb5,
    0xf7,0xbd,0xf3,0x9c,0x55,0xad,0x59,0xce,0xf7,0xbd,0xd7,0xbd,0xd7,0xbd,0xb6,0xb5,
    0xd7,0xbd,0xd7,0xbd,0xb6,0xb5,0xf3,0x9c,0x14,0xa5,0x34,0xa5,0x75,0xad,0xb6,0xb5,
    0x34,0xa5,0x34,0xa5,0xb2,0x94,0x30,0x84,0x71,0x8c,0x10,0x84,0xb2,0x94,0x71,0x8c,
    0xef,0x7b,0x4d,0x6b,0xaa,0x52,0xaa,0x52,0x0c,0x63,0x4d,0x6b,0x28,0x42,0x49,0x4a,
    0x69,0x4a,0x45,0x29,0x49,0x4a,0xaa,0x52,0xa6,0x31,0x24,0x21,0x86,0x31,0x86,0x31,
    0x04,0x21,0x65,0x29,0x49,0x4a,0x45,0x29,0x29,0x4a,0x65,0x29,0x24,0x21,0xc7,0x39,
    0x24,0x21,0xc3,0x18,0xe3,0x18,0x45,0x29,0xe3,0x18,0x04,0x21,0x45,0x29,0x24,0x21,
    0xa2,0x10,0x61,0x08,0x65,0x29,0x65,0x29,0x85,0x31,0x65,0x29,0x45,0x29,0x85,0x29,
    0xa6,0x31,0xc7,0x39,0x86,0x31,0x45,0x29,0x86,0x31,0xa6,0x31,0x24,0x21,0x24,0x21,
    0x24,0x21,0x04,0x21,0x45,0x29,0x44,0x21,0x45,0x29,0x85,0x31,0x65,0x29,0x65,0x29,
    0x65,0x29,0x65,0x29,0x45,0x29,0x45,0x29,0x45,0x29,0x45,0x29,0x45,0x29,0x24,0x21,
    0x65,0x29,0x45,0x29,0xe3,0x18,0xe3,0x18,0x04,0x21,0xe3,0x18,0x04,0x21,0x04,0x21,
    0x24,0x21,0x03,0x21,0xc3,0x18,0xe3,0x18,0x24,0x21,0x45,0x29,0xa6,0x31,0x65,0x29,
    0xc3,0x18,0xe3,0x18,0x04,0x21,0x24,0x21,0x45,0x29,0x65,0x29,0x65,0x29,0x65,0x29,
    0x86,0x31,0x86,0x31,0x45,0x29,0x44,0x29,0xa6,0x31,0xc7,0x39,0x08,0x42,0x24,0x21,
    0xc6,0x39,0x08,0x42,0x45,0x29,0xa2,0x10,0xe3,0x18,0x86,0x31,0xc7,0x39,0x0c,0x63,
    0xcf,0x7b,0xcb,0x5a,0x69,0x4a,0xcb,0x5a,0x8e,0x73,0xa6,0x31,0x86,0x31,0x45,0x29,
    0x24,0x21,0x04,0x21,0x66,0x31,0xc7,0x39,0x08,0x42,0xcb,0x5a,0x28,0x42,0x24,0x21,
    0x89,0x52,0x2c,0x63,0x0c,0x63,0x8a,0x52,0xaa,0x52,0x0c,0x63,0x8e,0x73,0x51,0x8c,
    0xae,0x73,0x50,0x8c,0x30,0x84,0x10,0x84,0x71,0x8c,0x96,0xb5,0xb6,0xbd,0x75,0xad,
    0x55,0xad,0x55,0xad,0x75,0xb5,0x96,0xb5,0xd7,0xbd,0xd7,0xbd,0xb6,0xb5,0x75,0xad,
    0xd7,0xbd,0x18,0xc6,0xd7,0xbd,0x18,0xc6,0x18,0xc6,0x55,0xad,0x75,0xad,0xf7,0xbd,
    0x34,0xa5,0x55,0xad,0x34,0xa5,0x34,0xa5,0xf7,0xbd,0xb6,0xb5,0xb6,0xb5,0x38,0xc6,
    0x9a,0xd6,0x59,0xc6,0x38,0xc6,0x79,0xce,0xd7,0xbd,0x34,0xa5,0x18,0xc6,0x75,0xad,
    0x14,0xa5,0xb2,0x94,0xb6,0xb5,0x59,0xce,0x59,0xce,0x18,0xc6,0xd6,0xb5,0x38,0xc6,
    0x92,0x94,0x75,0xad,0xf7,0xbd,0xd3,0x9c,0xd7,0xbd,0x18,0xc6,0x95,0xb5,0x18,0xc6,
    0x79,0xce,0x14,0xa5,0xcf,0x7b,0x92,0x94,0x34,0xa5,0x18,0xc6,0xd7,0xbd,0x75,0xad,
    0xf7,0xbd,0xdb,0xde,0xb6,0xb5,0x38,0xc6,0x79,0xce,0xdb,0xde,0xba,0xd6,0xf7,0xbd,
    0xd7,0xbd,0x59,0xce,0x9a,0xd6,0x96,0xb5,0x38,0xc6,0xf7,0xbd,0xd7,0xbd,0x75,0xad,
    0x59,0xce,0xf7,0xbd,0xb6,0xb5,0x79,0xce,0xd7,0xbd,0xd7,0xb5,0x55,0xad,0xd7,0xbd,
    0x18,0xc6,0x75,0xad,0x96,0xb5,0x7a,0xce,0x79,0xce,0x79,0xce,0x59,0xce,0x59,0xce,
    0x18,0xc6,0xd7,0xbd,0x75,0xad,0x75,0xad,0x95,0xb5,0x75,0xad,0x34,0xa5,0xb6,0xb5,
    0xb6,0xb5,0xb6,0xb5,0x54,0xad,0x14,0xa5,0x92,0x94,0x30,0x84,0x92,0x94,0xf3,0x9c,
    0xd2,0x9c,0x10,0x84,0x8a,0x52,0x69,0x4a,0x4d,0x6b,0x8a,0x52,0xc7,0x39,0x28,0x42,
    0x49,0x4a,0x65,0x29,0x89,0x52,0xaa,0x52,0xc7,0x39,0x45,0x29,0x24,0x21,0x45,0x29,
    0x45,0x29,0xe3,0x18,0xaa,0x52,0x45,0x29,0x08,0x42,0x65,0x29,0x04,0x21,0xc7,0x39,
    0x86,0x31,0xa2,0x10,0xa2,0x10,0x04,0x21,0xe3,0x18,0xa2,0x10,0xc3,0x18,0xe3,0x18,
    0x04,0x21,0xa2,0x10,0x82,0x10,0xc7,0x39,0xa6,0x31,0x45,0x29,0x24,0x21,0x65,0x29,
    0x65,0x29,0xc7,0x39,0xa6,0x31,0x45,0x29,0x65,0x29,0x86,0x31,0x04,0x21,0xe3,0x18,
    0xe3,0x18,0xc3,0x18,0xe3,0x18,0x04,0x21,0x24,0x21,0x45,0x29,0x45,0x29,0x04,0x21,
    0xe3,0x18,0xc3,0x18,0xe3,0x18,0xe3,0x18,0xe3,0x18,0xe3,0x18,0xc3,0x18,0xe3,0x18,
    0x24,0x21,0x04,0x21,0xc3,0x18,0xc3,0x18,0xa2,0x10,0xa2,0x10,0xa2,0x10,0xc3,0x18,
    0x04,0x21,0x24,0x21,0x04,0x21,0x24,0x21,0x86,0x31,0xa6,0x31,0x65,0x29,0x45,0x29,
    0x66,0x29,0x86,0x31,0x65,0x31,0x65,0x29,0x24,0x21,0x04,0x21,0x24,0x21,0x65,0x29,
    0x86,0x31,0x45,0x29,0x04,0x21,0x45,0x29,0x45,0x29,0x45,0x29,0x45,0x29,0x45,0x29,
    0x49,0x4a,0xe8,0x39,0x28,0x42,0x69,0x4a,0x08,0x42,0x69,0x4a,0x08,0x42,0x28,0x42,
    0xcb,0x5a,0x8a,0x52,0x28,0x42,0x8e,0x73,0xc7,0x39,0x65,0x29,0xa6,0x31,0xe3,0x18,
    0xe3,0x18,0xe3,0x18,0x65,0x29,0xc7,0x39,0x08,0x42,0x0c,0x63,0xeb,0x5a,0x24,0x21,
    0xc7,0x39,0xcb,0x5a,0x2c,0x6b,0x89,0x52,0x8a,0x52,0xae,0x73,0x50,0x8c,0x10,0x84,
    0x71,0x8c,0x10,0x84,0xcf,0x7b,0xf3,0x9c,0x75,0xad,0x14,0xa5,0x96,0xb5,0xb6,0xb5,
    0x75,0xad,0x14,0xa5,0xb6,0xb5,0x96,0xb5,0x34,0xa5,0xb6,0xb5,0xb6,0xb5,0x95,0xb5,
    0x59,0xce,0x18,0xc6,0xf7,0xbd,0x18,0xc6,0x17,0xc6,0xb6,0xb5,0x75,0xad,0xf7,0xbd,
    0x55,0xad,0x14,0xa5,0x54,0xad,0xb6,0xb5,0x59,0xce,0x96,0xb5,0xf7,0xbd,0xd7,0xbd,
    0x59,0xce,0x38,0xc6,0x38,0xc6,0x59,0xce,0x18,0xc6,0x39,0xce,0xd7,0xb5,0x75,0xad,
    0x59,0xce,0x9a,0xd6,0x34,0xa5,0x34,0xa5,0x9a,0xd6,0x18,0xc6,0x38,0xc6,0x18,0xc6,
    0x34,0xa5,0xb2,0x94,0x59,0xce,0xdb,0xde,0xf7,0xbd,0x18,0xc6,0x9a,0xd6,0x59,0xce,
    0xb6,0xb5,0x75,0xad,0x71,0x8c,0xcf,0x7b,0xf3,0x9c,0x75,0xad,0xb6,0xb5,0x79,0xce,
    0x75,0xad,0xf7,0xbd,0x3c,0xe7,0x59,0xce,0xd7,0xbd,0x9a,0xd6,0x79,0xce,0x58,0xce,
    0x59,0xce,0xd7,0xbd,0x18,0xc6,0x14,0xa5,0xf3,0xa4,0xf7,0xbd,0xd7,0xbd,0x34,0xa5,
    0xf7,0xbd,0x38,0xc6,0xd7,0xbd,0xd7,0xbd,0xb6,0xb5,0x96,0xb5,0x55,0xad,0x76,0xb5,
    0x96,0xb5,0x75,0xad,0x95,0xb5,0x79,0xce,0x9a,0xd6,0x59,0xce,0x38,0xc6,0x79,0xce,
    0x38,0xc6,0x18,0xc6,0x18,0xc6,0xd7,0xbd,0xf7,0xbd,0x96,0xb5,0x75,0xad,0x55,0xad,
    0x55,0xad,0xd6,0xbd,0x96,0xb5,0x14,0xa5,0x96,0xb5,0xf3,0x9c,0x51,0x8c,0xd3,0x9c,
    0xd3,0x9c,0x92,0x94,0x4d,0x6b,0x49,0x4a,0x2c,0x63,0x49,0x4a,0xa6,0x31,0x08,0x42,
    0x08,0x42,0x65,0x31,0xaa,0x52,0x8a,0x52,0xc7,0x39,0x45,0x29,0x45,0x29,0xa2,0x10,
    0x86,0x31,0xc3,0x18,0x45,0x29,0xa6,0x31,0xa6,0x31,0xe7,0x39,0xe3,0x18,0x65,0x29,
    0xa6,0x31,0xc3,0x18,0xa2,0x10,0x04,0x21,0x65,0x29,0x24,0x29,0xe3,0x18,0x62,0x10,
    0xc3,0x18,0x82,0x10,0xc3,0x18,0x45,0x29,0x24,0x21,0x24,0x21,0x65,0x29,0x65,0x29,
    0x24,0x21,0x65,0x29,0x45,0x29,0x04,0x21,0x65,0x29,0xc7,0x39,0x86,0x31,0x65,0x29,
    0x65,0x29,0x65,0x29,0x45,0x29,0x45,0x29,0x65,0x29,0x65,0x29,0x24,0x21,0x03,0x21,
    0x04,0x21,0x65,0x29,0x45,0x29,0xe3,0x18,0xe3,0x18,0xe3,0x18,0xc3,0x18,0x04,0x21,
    0x65,0x29,0x65,0x29,0x86,0x31,0xa6,0x31,0x86,0x31,0x44,0x29,0x04,0x21,0x86,0x31,
    0xc6,0x39,0xa6,0x31,0x65,0x29,0x45,0x29,0x86,0x31,0xa6,0x31,0x86,0x31,0x65,0x29,
    0x86,0x31,0xc7,0x39,0x08,0x42,0xa6,0x31,0x45,0x29,0x45,0x29,0xe7,0x39,0x49,0x4a,
    0x28,0x42,0xc7,0x39,0xc7,0x39,0x28,0x42,0xe7,0x39,0x65,0x29,0x04,0x21,0x65,0x29,
    0x04,0x21,0x04,0x21,0xaa,0x52,0x28,0x42,0xa6,0x31,0x04,0x21,0x04,0x21,0xe8,0x41,
    0x8a,0x52,0x28,0x42,0x8a,0x52,0x2c,0x63,0x04,0x21,0x45,0x29,0x04,0x21,0xe3,0x18,
    0xc3,0x18,0xa2,0x10,0x44,0x21,0xa6,0x31,0x08,0x42,0xcb,0x5a,0xaa,0x52,0x45,0x29,
    0x04,0x21,0x8a,0x52,0x2c,0x63,0x49,0x4a,0x69,0x52,0xef,0x7b,0xb2,0x94,0x51,0x8c,
    0x92,0x94,0xb2,0x94,0xb2,0x94,0x75,0xad,0xb6,0xb5,0x75,0xad,0xb6,0xb5,0x96,0xb5,
    0x55,0xad,0xf3,0x9c,0xd7,0xbd,0xf7,0xbd,0x55,0xad,0xf7,0xbd,0x18,0xc6,0x38,0xc6,
    0x9a,0xd6,0x59,0xce,0x58,0xce,0x59,0xce,0x79,0xce,0x59,0xce,0xd7,0xbd,0xb6,0xb5,
    0x14,0xa5,0x75,0xad,0x95,0xb5,0x59,0xce,0x38,0xc6,0xf7,0xbd,0xb6,0xb5,0xb6,0xb5,
    0x38,0xc6,0x59,0xce,0x18,0xc6,0x18,0xc6,0x38,0xc6,0x75,0xad,0xf3,0x9c,0x34,0xa5,
    0x14,0xa5,0x96,0xb5,0x38,0xc6,0x9a,0xd6,0x18,0xc6,0x14,0xa5,0x59,0xce,0x18,0xc6,
    0xf3,0x9c,0xb6,0xb5,0x18,0xc6,0x18,0xc6,0x59,0xce,0x59,0xce,0x79,0xce,0x38,0xc6,
    0x38,0xc6,0x96,0xb5,0x92,0x94,0xcf,0x7b,0xf3,0x9c,0xf3,0x9c,0x96,0xb5,0x55,0xad,
    0xba,0xd6,0x79,0xce,0x9a,0xd6,0x59,0xce,0x96,0xb5,0x59,0xce,0x59,0xce,0x59,0xce,
    0xd7,0xbd,0xb6,0xb5,0x54,0xa5,0x14,0xa5,0x92,0x94,0x34,0xa5,0x55,0xad,0x75,0xad,
    0x18,0xc6,0x9a,0xce,0xd7,0xbd,0xd3,0x9c,0x75,0xad,0xb6,0xb5,0x75,0xad,0xb6,0xb5,
    0xd6,0xbd,0x75,0xad,0x75,0xad,0xf7,0xbd,0x59,0xce,0xf7,0xbd,0x55,0xad,0x59,0xce,
    0x59,0xce,0xd7,0xbd,0xd6,0xbd,0x96,0xb5,0x55,0xad,0x34,0xa5,0x13,0xa5,0x14,0xa5,
    0xf3,0x9c,0xb2,0x9c,0xd3,0x9c,0x34,0xa5,0x75,0xad,0x96,0xb5,0x75,0xad,0xb2,0x94,
    0xd3,0x9c,0x71,0x8c,0x2c,0x63,0x49,0x4a,0x4d,0x6b,0x0c,0x63,0x28,0x42,0x8a,0x52,
    0xe7,0x39,0xa6,0x31,0xaa,0x52,0x28,0x42,0x86,0x31,0x65,0x29,0x45,0x29,0x82,0x10,
    0xe3,0x18,0x45,0x29,0xa2,0x10,0xe7,0x41,0xa6,0x31,0xc7,0x39,0x45,0x29,0x25,0x29,
    0x45,0x29,0xe3,0x18,0xa2,0x10,0xe3,0x18,0x24,0x21,0xc3,0x18,0xc3,0x18,0xc7,0x39,
    0x24,0x21,0x04,0x21,0xc3,0x18,0x24,0x21,0x45,0x29,0x45,0x29,0x45,0x29,0x04,0x21,
    0xe3,0x18,0xe3,0x18,0xe3,0x18,0xe3,0x18,0x03,0x19,0x24,0x21,0xe3,0x18,0xe3,0x18,
    0x03,0x21,0x24,0x21,0x04,0x21,0x24,0x21,0x24,0x21,0x24,0x21,0x04,0x19,0x24,0x21,
    0x24,0x21,0x45,0x29,0x24,0x21,0x04,0x21,0x04,0x21,0xe3,0x18,0xc3,0x18,0xc3,0x18,
    0x24,0x21,0x65,0x29,0xa6,0x31,0xe7,0x39,0x07,0x3a,0xc7,0x39,0xc7,0x39,0x08,0x42,
    0xa6,0x31,0xa6,0x31,0xe7,0x39,0xe7,0x39,0xa6,0x31,0x86,0x31,0xa6,0x31,0xa6,0x31,
    0x65,0x29,0x86,0x31,0xe7,0x39,0xc7,0x39,0x86,0x31,0xe7,0x39,0x28,0x42,0x08,0x42,
    0xe7,0x39,0xc7,0x39,0x08,0x42,0x08,0x42,0xa6,0x31,0x24,0x21,0x45,0x29,0xc7,0x39,
    0xc3,0x18,0xe7,0x39,0x8a,0x52,0xc3,0x18,0xe7,0x39,0xa6,0x31,0xe7,0x41,0x29,0x4a,
    0x69,0x4a,0xaa,0x52,0x0c,0x63,0x08,0x42,0x04,0x21,0x65,0x29,0xc3,0x18,0xc3,0x18,
    0x61,0x08,0xc3,0x18,0x65,0x29,0xc7,0x39,0xc7,0x39,0xcb,0x5a,0xeb,0x5a,0xe7,0x39,
    0x45,0x29,0xaa,0x52,0x4d,0x6b,0x8a,0x52,0x69,0x4a,0x30,0x84,0x92,0x94,0x92,0x8c,
    0xf3,0x9c,0x14,0xa5,0x34,0xa5,0x34,0xa5,0x34,0xa5,0x34,0xa5,0x54,0xad,0x34,0xad,
    0x34,0xa5,0x13,0xa5,0x34,0xa5,0x55,0xad,0x96,0xb5,0xb6,0xb5,0xf3,0x9c,0xb6,0xb5,
    0x79,0xce,0x38,0xc6,0x38,0xc6,0x79,0xce,0x59,0xce,0x18,0xc6,0xb6,0xb5,0x75,0xad,
    0x96,0xb5,0x34,0xa5,0xd7,0xbd,0xf7,0xbd,0xd7,0xbd,0xd6,0xbd,0xd7,0xbd,0x96,0xb5,
    0x18,0xc6,0xf7,0xbd,0xd7,0xbd,0xd7,0xbd,0x55,0xad,0xd3,0x9c,0xb2,0x94,0x96,0xb5,
    0x58,0xce,0xb6,0xb5,0xd6,0xbd,0xb6,0xb5,0xb6,0xb5,0xd7,0xbd,0x96,0xb5,0xf7,0xbd,
    0xf3,0x9c,0x55,0xa5,0x59,0xce,0xb6,0xb5,0x18,0xc6,0x18,0xc6,0x18,0xc6,0x18,0xc6,
    0x92,0x94,0xf3,0x9c,0x34,0xa5,0xcf,0x7b,0x51,0x8c,0x96,0xb5,0xb6,0xb5,0xd7,0xbd,
    0xf7,0xbd,0x9a,0xd6,0x79,0xce,0x59,0xce,0x55,0xad,0x34,0xa5,0x18,0xc6,0x38,0xc6,
    0x55,0xad,0x14,0xa5,0x34,0xa5,0x13,0xa5,0xb6,0xb5,0x75,0xad,0xb2,0x94,0xf3,0x9c,
    0x75,0xad,0xb6,0xbd,0xb6,0xb5,0x96,0xb5,0x14,0xa5,0x75,0xad,0xb6,0xb5,0x96,0xb5,
    0x96,0xb5,0xb6,0xb5,0x14,0xa5,0x34,0xad,0x95,0xb5,0x55,0xad,0x14,0xa5,0x55,0xad,
    0x75,0xad,0x96,0xb5,0x75,0xad,0x13,0xa5,0xd3,0x9c,0xae,0x73,0x0c,0x63,0x4d,0x6b,
    0x10,0x84,0x51,0x8c,0x30,0x84,0xf7,0xbd,0xf7,0xbd,0x75,0xad,0x55,0xad,0x34,0xa5,
    0xb2,0x94,0xd3,0x9c,0x8e,0x73,0x69,0x4a,0x0c,0x63,0xeb,0x5a,0x69,0x4a,0xcb,0x5a,
    0x28,0x42,0xc7,0x39,0xaa,0x52,0xe7,0x39,0xc6,0x39,0xc7,0x39,0x24,0x21,0xc3,0x18,
    0x61,0x08,0x86,0x31,0x04,0x21,0x86,0x31,0xe7,0x39,0x85,0x31,0x24,0x21,0x04,0x21,
    0x04,0x21,0xa2,0x10,0x04,0x21,0xc3,0x18,0xa2,0x10,0x86,0x31,0x28,0x42,0x65,0x29,
    0x04,0x21,0x24,0x21,0x24,0x21,0x45,0x29,0xa6,0x31,0xa6,0x31,0xe7,0x39,0xa6,0x31,
    0x86,0x31,0x86,0x31,0xa6,0x31,0x86,0x31,0x45,0x29,0x24,0x21,0x45,0x29,0x45,0x29,
    0x24,0x21,0x24,0x21,0x24,0x21,0x24,0x21,0x24,0x21,0xe3,0x18,0xc3,0x18,0xc3,0x18,
    0xe3,0x18,0xe3,0x18,0xc3,0x18,0x04,0x21,0x24,0x21,0x04,0x21,0x04,0x21,0x04,0x21,
    0x45,0x29,0x45,0x29,0x86,0x31,0xc7,0x39,0xc7,0x39,0xa6,0x31,0xa6,0x31,0x65,0x29,
    0x24,0x21,0x65,0x29,0xc7,0x39,0x08,0x42,0xe7,0x39,0x86,0x31,0x45,0x29,0x45,0x29,
    0x45,0x29,0xa6,0x31,0xe7,0x39,0xc7,0x39,0x08,0x42,0x28,0x42,0xe7,0x39,0xa6,0x31,
    0xa6,0x31,0xc6,0x39,0xc7,0x39,0xe7,0x39,0xe7,0x39,0xc7,0x39,0x49,0x4a,0x28,0x42,
    0xa2,0x10,0xaa,0x52,0x08,0x42,0xe3,0x18,0x65,0x29,0x24,0x21,0xa6,0x31,0x69,0x4a,
    0x4d,0x6b,0xcb,0x5a,0x8a,0x52,0x86,0x31,0x45,0x29,0xe3,0x18,0xe3,0x18,0x41,0x08,
    0xa2,0x10,0x04,0x21,0xa6,0x31,0xc7,0x39,0xc7,0x39,0xcb,0x5a,0x6d,0x6b,0x28,0x42,
    0xa6,0x31,0xaa,0x52,0x2c,0x63,0x28,0x42,0xaa,0x52,0x51,0x8c,0x71,0x8c,0xd3,0x9c,
    0x34,0xa5,0x34,0xad,0xf3,0x9c,0xf3,0x9c,0x34,0xa5,0x71,0x8c,0x92,0x94,0xb2,0x94,
    0x92,0x94,0xd3,0x9c,0xf3,0x9c,0x75,0xad,0x96,0xb5,0x14,0xa5,0xd3,0x9c,0x34,0xa5,
    0x38,0xc6,0x59,0xce,0x59,0xce,0x18,0xc6,0xd7,0xbd,0x96,0xb5,0x14,0xa5,0x55,0xad,
    0xb6,0xb5,0xd6,0xbd,0xd7,0xbd,0x75,0xad,0x75,0xad,0xb6,0xb5,0x96,0xb5,0xd7,0xbd,
    0x38,0xc6,0x18,0xc6,0x38,0xc6,0xb6,0xb5,0xd3,0x9c,0xd3,0x9c,0x14,0xa5,0xb2,0x94,
    0x14,0xa5,0xb6,0xb5,0xf7,0xbd,0xd7,0xbd,0x18,0xc6,0x18,0xc6,0x38,0xc6,0x55,0xad,
    0xb2,0x94,0x14,0xa5,0x38,0xc6,0x18,0xc6,0xf7,0xbd,0x38,0xc6,0x75,0xad,0x75,0xad,
    0x14,0xa5,0xf3,0xa4,0x75,0xad,0xae,0x73,0x30,0x84,0x55,0xad,0x55,0xad,0x75,0xb5,
    0xd7,0xbd,0xb7,0xbd,0xd7,0xbd,0xf7,0xbd,0x79,0xce,0xd3,0x9c,0x55,0xad,0xf7,0xbd,
    0x18,0xc6,0x96,0xb5,0x34,0xad,0x14,0xa5,0xb6,0xb5,0x76,0xb5,0x14,0xa5,0x75,0xad,
    0xd3,0x9c,0xb2,0x94,0xd7,0xbd,0xd7,0xbd,0xb2,0x94,0x71,0x8c,0x34,0xa5,0x75,0xad,
    0x75,0xad,0xf3,0x9c,0x34,0xa5,0xb2,0x94,0x92,0x94,0x71,0x8c,0x51,0x8c,0x92,0x94,
    0xb2,0x94,0x92,0x94,0x71,0x8c,0x30,0x84,0x51,0x8c,0xd3,0x9c,0x31,0x84,0xae,0x73,
    0xae,0x73,0x92,0x94,0x71,0x8c,0xef,0x7b,0xb6,0xb5,0xb6,0xb5,0xf3,0x9c,0x14,0xa5,
    0xb2,0x94,0xd3,0x9c,0x51,0x8c,0x69,0x4a,0x69,0x4a,0x49,0x4a,0x69,0x4a,0xcb,0x5a,
    0xe7,0x39,0xc7,0x39,0x69,0x52,0x25,0x29,0xe7,0x39,0x08,0x42,0x25,0x29,0xc3,0x18,
    0x61,0x08,0x04,0x21,0x65,0x29,0xc3,0x18,0xc7,0x39,0x86,0x31,0x65,0x29,0xc2,0x10,
    0x04,0x21,0x04,0x21,0x65,0x29,0x65,0x29,0xc7,0x39,0xc7,0x39,0xa3,0x10,0x41,0x08,
    0x45,0x29,0xc3,0x18,0x65,0x29,0x86,0x31,0x48,0x4a,0xc7,0x39,0x07,0x42,0xc7,0x39,
    0xc6,0x39,0xe7,0x39,0x08,0x42,0xc7,0x39,0x86,0x31,0x24,0x21,0xa6,0x31,0x08,0x42,
    0xa6,0x31,0xa6,0x31,0xc6,0x39,0xc7,0x39,0xc7,0x39,0x86,0x31,0xa6,0x31,0x86,0x31,
    0x86,0x31,0x65,0x29,0x24,0x21,0x65,0x29,0x86,0x31,0xa6,0x31,0xa6,0x31,0x86,0x31,
    0xe3,0x18,0xe3,0x18,0x04,0x21,0x24,0x21,0x04,0x21,0xe3,0x18,0xc3,0x18,0xa2,0x10,
    0xa2,0x10,0xa2,0x10,0xc3,0x18,0xe3,0x18,0xe3,0x18,0xc3,0x18,0xc3,0x18,0xe3,0x18,
    0x04,0x21,0x04,0x21,0x24,0x21,0x04,0x21,0x24,0x21,0x24,0x21,0x24,0x21,0x24,0x21,
    0x24,0x21,0x04,0x21,0xe3,0x18,0x04,0x21,0x24,0x21,0x04,0x21,0x08,0x42,0x65,0x29,
    0x04,0x21,0x69,0x4a,0x28,0x42,0xc3,0x18,0x86,0x31,0x04,0x21,0x03,0x21,0xe7,0x39,
    0x0c,0x63,0x08,0x42,0x8a,0x52,0x65,0x29,0x24,0x21,0xc3,0x18,0xc3,0x18,0x41,0x08,
    0xa2,0x10,0x24,0x21,0xc7,0x39,0x28,0x42,0x65,0x29,0x89,0x52,0x2c,0x6b,0x8a,0x52,
    0xe7,0x39,0x2c,0x63,0x4d,0x6b,0x48,0x4a,0x6d,0x73,0x51,0x8c,0x30,0x84,0x34,0xa5,
    0x14,0xa5,0xf3,0x9c,0x96,0xb5,0x55,0xad,0xef,0x7b,0x30,0x84,0xd3,0x9c,0x50,0x8c,
    0x30,0x84,0x10,0x84,0x50,0x8c,0x92,0x94,0x71,0x8c,0x92,0x94,0xb2,0x94,0x13,0xa5,
    0x55,0xad,0x96,0xb5,0x75,0xad,0x55,0xad,0x55,0xad,0xb2,0x94,0x13,0xa5,0x51,0x8c,
    0x10,0x84,0x13,0xa5,0x13,0xa5,0x14,0xa5,0x75,0xad,0x95,0xb5,0x54,0xad,0x75,0xad,
    0x14,0xa5,0xf3,0x9c,0xf3,0x9c,0x14,0xa5,0x34,0xa5,0xb2,0x9c,0x92,0x94,0xb2,0x94,
    0x55,0xad,0x14,0xa5,0x75,0xad,0x38,0xc6,0x96,0xb5,0xf7,0xbd,0x18,0xc6,0x14,0xa5,
    0x51,0x8c,0x55,0xad,0xf7,0xbd,0x59,0xce,0xf7,0xbd,0x75,0xad,0xb6,0xb5,0xd7,0xbd,
    0x75,0xad,0x55,0xad,0x34,0xa5,0x6d,0x6b,0x30,0x84,0x14,0xa5,0x96,0xb5,0x96,0xb5,
    0xd6,0xb5,0x38,0xc6,0x18,0xc6,0x18,0xc6,0x38,0xc6,0x55,0xad,0xd3,0x9c,0x34,0xa5,
    0xb6,0xb5,0x75,0xad,0x55,0xad,0x96,0xb5,0xf3,0xa4,0x71,0x8c,0x75,0xb5,0xb2,0x94,
    0x30,0x84,0x13,0xa5,0xf3,0x9c,0x14,0xa5,0xf3,0x9c,0x30,0x84,0x71,0x8c,0x51,0x8c,
    0x51,0x8c,0x30,0x84,0xf3,0x9c,0x34,0xa5,0x30,0x84,0xef,0x7b,0x8e,0x73,0x6d,0x6b,
    0xef,0x7b,0x10,0x84,0x30,0x84,0x30,0x84,0x10,0x84,0xef,0x7b,0xcf,0x7b,0xef,0x83,
    0x6d,0x6b,0x4d,0x6b,0xb2,0x94,0x91,0x94,0x10,0x84,0x34,0xa5,0x14,0xa5,0xd3,0x9c,
    0x13,0xa5,0x71,0x8c,0xd3,0x9c,0xae,0x73,0x8a,0x52,0xaa,0x52,0x69,0x4a,0x69,0x4a,
    0x28,0x42,0xe7,0x39,0x08,0x42,0x24,0x21,0x08,0x42,0x28,0x42,0x65,0x29,0xc3,0x18,
    0x61,0x08,0xa2,0x10,0x86,0x31,0x04,0x21,0x86,0x29,0x45,0x29,0xe7,0x39,0x45,0x29,
    0xe3,0x18,0xe3,0x18,0x04,0x21,0xe3,0x18,0xc3,0x18,0x41,0x08,0x04,0x21,0xe3,0x18,
    0x65,0x29,0xe3,0x18,0xe7,0x39,0x28,0x42,0x08,0x42,0xe7,0x39,0xc7,0x39,0x65,0x29,
    0x45,0x29,0x45,0x29,0xa6,0x31,0xa6,0x31,0x65,0x29,0x24,0x21,0x24,0x21,0x65,0x29,
    0x86,0x31,0x86,0x31,0x65,0x29,0x65,0x29,0x65,0x29,0x45,0x29,0x86,0x31,0xa6,0x31,
    0x86,0x31,0x45,0x29,0x24,0x21,0x45,0x29,0x24,0x21,0x24,0x21,0x45,0x29,0x45,0x21,
    0x61,0x08,0x61,0x08,0x61,0x08,0x82,0x10,0x61,0x08,0x61,0x08,0x61,0x08,0x82,0x10,
    0x82,0x10,0x82,0x10,0x82,0x10,0x82,0x10,0x82,0x10,0x82,0x10,0x82,0x10,0x82,0x10,
    0x61,0x08,0x61,0x08,0x61,0x08,0x61,0x08,0x61,0x08,0x61,0x08,0x61,0x08,0x61,0x08,
    0x61,0x08,0x82,0x08,0x82,0x10,0x82,0x10,0x61,0x08,0xa2,0x10,0x08,0x42,0xe3,0x18,
    0x86,0x31,0xa6,0x31,0x69,0x4a,0xa2,0x10,0x65,0x29,0x24,0x21,0x65,0x29,0xc7,0x39,
    0x69,0x4a,0x08,0x42,0xab,0x5a,0x65,0x29,0xa2,0x10,0xe3,0x18,0x61,0x08,0x61,0x08,
    0xa2,0x10,0x44,0x29,0xc7,0x39,0x8a,0x52,0x86,0x31,0xc7,0x39,0x0c,0x63,0xaa,0x52,
    0x08,0x42,0x4d,0x6b,0x4d,0x6b,0x69,0x52,0xae,0x73,0x71,0x8c,0x92,0x94,0x14,0xa5,
    0x14,0xa5,0x55,0xad,0x55,0xad,0x71,0x8c,0xb2,0x94,0x71,0x8c,0x8e,0x73,0x2c,0x63,
    0x2c,0x63,0x6d,0x6b,0x8e,0x73,0x8e,0x73,0x92,0x94,0x51,0x8c,0xcf,0x7b,0xef,0x7b,
    0x30,0x8c,0x92,0x94,0x30,0x84,0x30,0x84,0xae,0x73,0xcf,0x7b,0x91,0x94,0x30,0x84,
    0xae,0x73,0x6d,0x6b,0xcb,0x5a,0x91,0x94,0x91,0x94,0x51,0x8c,0x51,0x8c,0x30,0x84,
    0xcf,0x7b,0xae,0x73,0xae,0x73,0x30,0x84,0xb2,0x94,0xb2,0x94,0xcf,0x7b,0xf0,0x83,
    0x34,0xa5,0x14,0xa5,0x55,0xad,0x96,0xb5,0x34,0xa5,0xb6,0xb5,0xb6,0xb5,0x55,0xad,
    0x30,0x84,0xf3,0x9c,0x96,0xb5,0xf7,0xbd,0x96,0xb5,0x59,0xce,0x9a,0xd6,0x55,0xad,
    0x55,0xad,0x55,0xad,0x34,0xa5,0xae,0x73,0xcf,0x7b,0xd3,0x9c,0xb6,0xb5,0x75,0xad,
    0x55,0xad,0xb6,0xb5,0xf7,0xbd,0xd7,0xbd,0xd7,0xbd,0x14,0xa5,0xef,0x7b,0x34,0xa5,
    0x34,0xa5,0x71,0x8c,0x14,0xa5,0x30,0x84,0x2c,0x63,0x51,0x8c,0xef,0x7b,0x2c,0x63,
    0x71,0x8c,0x0f,0x84,0x0f,0x84,0x30,0x84,0xcf,0x7b,0x51,0x8c,0x71,0x8c,0xaa,0x52,
    0x2c,0x63,0xef,0x7b,0xae,0x73,0xae,0x73,0x6d,0x6b,0x8e,0x73,0x0c,0x63,0xcb,0x5a,
    0x6d,0x6b,0x2c,0x63,0x2c,0x63,0xae,0x73,0xcb,0x5a,0x0c,0x63,0x4d,0x6b,0x2c,0x63,
    0xcf,0x7b,0x50,0x8c,0xae,0x73,0x51,0x8c,0xcf,0x7b,0xef,0x7b,0xb2,0x94,0x71,0x8c,
    0x91,0x94,0xef,0x7b,0x30,0x84,0xb2,0x94,0x2c,0x63,0x8a,0x52,0x8a,0x52,0x69,0x52,
    0x28,0x42,0x28,0x42,0x08,0x42,0x86,0x31,0x69,0x4a,0x08,0x42,0x65,0x29,0xc3,0x18,
    0x82,0x10,0x61,0x08,0x65,0x29,0x65,0x29,0x45,0x29,0x24,0x21,0x08,0x42,0xa6,0x39,
    0xc3,0x18,0xc3,0x18,0xc3,0x18,0xa2,0x10,0xc3,0x10,0x65,0x29,0x65,0x29,0xe3,0x18,
    0xe3,0x18,0x85,0x29,0x08,0x42,0x65,0x29,0x24,0x21,0x44,0x29,0xa2,0x10,0xa2,0x10,
    0xa2,0x10,0x82,0x10,0xc3,0x18,0xe3,0x18,0xc3,0x18,0xc3,0x18,0xa2,0x10,0xa2,0x10,
    0xa2,0x10,0xc3,0x18,0xc3,0x18,0xc2,0x18,0xc3,0x18,0xc3,0x18,0xc3,0x18,0xa2,0x10,
    0x82,0x10,0xa2,0x10,0xa2,0x10,0xc2,0x18,0xa2,0x10,0xa2,0x10,0xc3,0x18,0xa2,0x10,
    0x82,0x10,0x82,0x10,0x82,0x10,0x82,0x10,0x82,0x10,0x82,0x10,0x82,0x10,0x82,0x10,
    0x82,0x10,0x82,0x10,0x82,0x10,0x82,0x10,0x82,0x10,0x82,0x10,0x82,0x10,0x82,0x10,
    0x82,0x10,0xa2,0x10,0xa2,0x10,0xa2,0x10,0xa2,0x10,0xa2,0x10,0xa2,0x10,0xa2,0x10,
    0xa2,0x10,0xa2,0x10,0xa2,0x10,0xa2,0x10,0x82,0x10,0x24,0x21,0x45,0x29,0xa2,0x10,
    0xc7,0x39,0x45,0x29,0x8a,0x52,0xa2,0x10,0xc7,0x39,0xa6,0x31,0xa6,0x31,0xa6,0x31,
    0x49,0x4a,0xaa,0x52,0xaa,0x52,0x24,0x21,0x82,0x10,0x04,0x21,0x20,0x00,0x82,0x10,
    0xc3,0x18,0x65,0x29,0xe7,0x39,0xaa,0x52,0xe7,0x39,0xa6,0x31,0x2d,0x63,0xaa,0x52,
    0x08,0x42,0x0c,0x63,0xeb,0x5a,0x6d,0x6b,0x10,0x84,0xcf,0x7b,0xf3,0x9c,0x13,0xa5,
    0xf3,0x9c,0xd3,0x9c,0x10,0x84,0x51,0x8c,0x8e,0x73,0x8a,0x52,0x69,0x4a,0xcb,0x5a,
    0x2c,0x63,0xeb,0x5a,0x2c,0x63,0x8e,0x73,0xef,0x7b,0xcf,0x7b,0x2c,0x63,0xaa,0x52,
    0x8e,0x73,0x71,0x8c,0xef,0x7b,0x6d,0x6b,0xcb,0x5a,0x2c,0x63,0x4d,0x6b,0x6d,0x6b,
    0x6d,0x6b,0xcf,0x7b,0x2c,0x63,0x0c,0x63,0xae,0x73,0xae,0x73,0x2c,0x63,0x8a,0x52,
    0xcb,0x5a,0x2c,0x63,0x8e,0x73,0x6d,0x6b,0x10,0x84,0x71,0x8c,0xae,0x73,0xae,0x73,
    0xef,0x7b,0x13,0xa5,0x75,0xad,0x96,0xb5,0x96,0xb5,0x55,0xad,0xf7,0xbd,0x75,0xad,
    0xef,0x7b,0xf3,0x9c,0xf7,0xbd,0x55,0xad,0xf7,0xbd,0xb6,0xb5,0x55,0xad,0x75,0xad,
    0x95,0xb5,0xb6,0xb5,0x75,0xad,0xae,0x73,0x8e,0x73,0xf3,0x9c,0x34,0xa5,0x75,0xad,
    0xd3,0x9c,0x75,0xb5,0x95,0xb5,0x14,0xa5,0x34,0xa5,0x14,0xa5,0xcb,0x5a,0x92,0x94,
    0x51,0x8c,0x92,0x94,0xd3,0x9c,0xaa,0x52,0xcf,0x7b,0xcf,0x7b,0x49,0x4a,0xcb,0x5a,
    0x8a,0x52,0x28,0x42,0xeb,0x5a,0xcb,0x5a,0xcb,0x5a,0x8e,0x73,0x8e,0x73,0x69,0x4a,
    0x49,0x4a,0x69,0x52,0x4d,0x6b,0x2c,0x63,0x0c,0x63,0xeb,0x5a,0xaa,0x52,0x4d,0x6b,
    0x0c,0x5b,0x4d,0x6b,0x4d,0x6b,0x0c,0x63,0xae,0x73,0xcb,0x5a,0xcb,0x5a,0x4d,0x6b,
    0xeb,0x5a,0xeb,0x5a,0xcf,0x7b,0x10,0x84,0x10,0x84,0x4d,0x6b,0x6d,0x6b,0x30,0x84,
    0xef,0x83,0x10,0x84,0x8e,0x73,0xb2,0x94,0x10,0x84,0x49,0x4a,0x69,0x4a,0x28,0x42,
    0xe7,0x39,0x08,0x42,0xe7,0x39,0xa6,0x31,0x69,0x4a,0xc7,0x39,0x65,0x29,0xc3,0x18,
    0xe3,0x18,0x61,0x08,0x24,0x21,0x65,0x29,0x65,0x29,0x24,0x21,0xa6,0x31,0xe7,0x39,
    0x61,0x08,0xe3,0x18,0xe3,0x18,0xe3,0x18,0x04,0x21,0x82,0x10,0x82,0x10,0xe3,0x18,
    0x61,0x08,0x45,0x29,0xc7,0x39,0x04,0x21,0xe3,0x18,0x65,0x29,0xe3,0x18,0x82,0x10,
    0xa2,0x10,0xa2,0x10,0xa2,0x10,0xa2,0x10,0xa2,0x10,0xa2,0x10,0xa2,0x10,0xa2,0x10,
    0xa2,0x10,0x82,0x10,0xa2,0x10,0xa2,0x10,0xa2,0x10,0x82,0x10,0x82,0x10,0x81,0x10,
    0x82,0x10,0x82,0x10,0x61,0x08,0x61,0x08,0x61,0x08,0x61,0x08,0x61,0x08,0x61,0x08,
    0xa2,0x10,0xa2,0x10,0xa2,0x10,0xa2,0x10,0xc2,0x10,0xa2,0x10,0xa2,0x10,0xa2,0x10,
    0xc3,0x18,0xa2,0x10,0xa2,0x10,0xa2,0x10,0xc3,0x18,0xc3,0x18,0xc3,0x18,0xc3,0x18,
    0xc3,0x18,0xc3,0x18,0xc3,0x18,0xe3,0x18,0xe3,0x18,0xe3,0x18,0xe3,0x18,0xc3,0x18,
    0xc3,0x18,0xc3,0x18,0xc3,0x18,0xc3,0x18,0xc3,0x18,0xc2,0x10,0xa2,0x10,0xe3,0x18,
    0x86,0x31,0x08,0x42,0xcb,0x52,0xa2,0x10,0xc7,0x39,0xe7,0x39,0x24,0x21,0xa6,0x31,
    0x28,0x42,0xeb,0x5a,0x8a,0x52,0x04,0x21,0xc3,0x18,0x04,0x21,0x20,0x00,0xa2,0x10,
    0xa2,0x10,0x86,0x31,0x07,0x3a,0x69,0x4a,0x08,0x42,0xe7,0x39,0x4d,0x6b,0x0b,0x5b,
    0x69,0x4a,0x4d,0x6b,0x0c,0x63,0xef,0x7b,0x50,0x8c,0x30,0x8c,0x10,0x84,0xef,0x83,
    0x50,0x8c,0x51,0x8c,0x30,0x84,0x8a,0x52,0x28,0x42,0x4d,0x6b,0x6d,0x6b,0x4c,0x63,
    0x0b,0x63,0x8e,0x73,0xef,0x7b,0x10,0x84,0x8e,0x73,0x4c,0x6b,0xeb,0x5a,0xab,0x5a,
    0x4d,0x6b,0x0c,0x63,0x4d,0x6b,0x8e,0x73,0x6d,0x6b,0xcb,0x5a,0x49,0x4a,0x69,0x4a,
    0x8a,0x52,0x49,0x4a,0xcb,0x5a,0x8a,0x52,0x69,0x4a,0xcb,0x5a,0x69,0x52,0xe7,0x39,
    0xa6,0x31,0x28,0x42,0xcb,0x5a,0x6d,0x6b,0x4d,0x6b,0xef,0x7b,0xae,0x73,0x6d,0x6b,
    0x71,0x8c,0x92,0x94,0x34,0xa5,0x55,0xad,0x54,0xa5,0x34,0xa5,0x75,0xad,0x75,0xad,
    0x0f,0x84,0x75,0xad,0x96,0xb5,0x75,0xad,0x54,0xad,0x92,0x94,0xf7,0xbd,0xd7,0xbd,
    0x75,0xad,0x75,0xad,0xf3,0x9c,0x30,0x84,0x6d,0x6b,0xb2,0x94,0xb2,0x94,0xf3,0x9c,
    0x55,0xad,0x34,0xa5,0x34,0xa5,0x30,0x84,0x30,0x84,0x51,0x8c,0x0c,0x63,0x8e,0x73,
    0x30,0x84,0x92,0x94,0x8d,0x6b,0x8e,0x73,0xce,0x7b,0xe7,0x39,0x49,0x4a,0x08,0x42,
    0x86,0x31,0x86,0x31,0x45,0x29,0xc6,0x39,0xe7,0x39,0x49,0x4a,0x29,0x4a,0x28,0x42,
    0x48,0x4a,0x07,0x42,0x08,0x42,0xeb,0x5a,0x71,0x8c,0x6d,0x6b,0x89,0x4a,0x69,0x4a,
    0x0c,0x63,0xeb,0x5a,0x2c,0x63,0x2c,0x63,0xef,0x7b,0xae,0x73,0x0c,0x63,0xaa,0x52,
    0x69,0x4a,0x8a,0x52,0xe7,0x39,0x8a,0x52,0x8d,0x73,0xef,0x7b,0xcb,0x5a,0x8e,0x73,
    0x71,0x8c,0x30,0x84,0x4d,0x6b,0xae,0x73,0x30,0x84,0x49,0x4a,0xcb,0x5a,0x08,0x42,
    0x86,0x31,0xc7,0x39,0x65,0x29,0x07,0x42,0xaa,0x52,0xe7,0x39,0xa6,0x31,0xc2,0x10,
    0x65,0x29,0x81,0x08,0xc3,0x18,0x65,0x29,0xa6,0x31,0x45,0x29,0x04,0x21,0x08,0x42,
    0x21,0x08,0xc3,0x10,0xc3,0x18,0xa2,0x10,0xa2,0x10,0x82,0x10,0x24,0x21,0x65,0x29,
    0x41,0x08,0xe3,0x18,0xa6,0x31,0x04,0x21,0x24,0x21,0x04,0x21,0xc7,0x39,0x04,0x21,
    0xc3,0x18,0xe3,0x18,0xe3,0x18,0xc3,0x18,0xc3,0x18,0xc3,0x18,0xc3,0x18,0xc3,0x18,
    0xe3,0x18,0xc3,0x18,0xc3,0x18,0xe3,0x18,0xe3,0x18,0xe3,0x18,0xc3,0x18,0xc3,0x10,
    0xc3,0x18,0xc3,0x18,0xc3,0x18,0xa2,0x10,0xa2,0x10,0xa2,0x10,0xa2,0x10,0xa2,0x10,
    0xa2,0x10,0x82,0x10,0x82,0x10,0x82,0x10,0xa2,0x10,0x82,0x10,0x82,0x10,0xa2,0x10,
    0xa2,0x10,0xa2,0x10,0xa2,0x10,0x82,0x10,0xa2,0x10,0xa2,0x10,0xa2,0x10,0x82,0x10,
    0x82,0x10,0x82,0x10,0x82,0x10,0x82,0x10,0x82,0x10,0x82,0x10,0x82,0x10,0x82,0x10,
    0x82,0x10,0x82,0x10,0x82,0x10,0xa2,0x10,0x82,0x10,0xa2,0x10,0x82,0x10,0xc3,0x18,
    0xa6,0x31,0x49,0x4a,0x28,0x42,0xc3,0x10,0x24,0x21,0x86,0x31,0x82,0x10,0x65,0x29,
    0x08,0x42,0xcb,0x5a,0x69,0x4a,0xe3,0x18,0x04,0x21,0xc3,0x18,0x61,0x08,0x82,0x10,
    0xa2,0x10,0xa6,0x31,0xc7,0x39,0x28,0x42,0x69,0x4a,0xe7,0x39,0x0c,0x63,0x2c,0x63,
    0xcb,0x5a,0x4c,0x6b,0x0c,0x63,0xae,0x73,0x71,0x8c,0xef,0x83,0x0c,0x63,0x8e,0x73,
    0xef,0x7b,0x8d,0x73,0x69,0x4a,0x49,0x4a,0x8d,0x6b,0xcf,0x7b,0xef,0x7b,0x10,0x84,
    0x0f,0x7c,0xcf,0x7b,0x2c,0x63,0xeb,0x5a,0x28,0x42,0x2c,0x63,0xaf,0x7b,0x4d,0x6b,
    0xaa,0x52,0x4c,0x63,0x8e,0x73,0x2c,0x63,0x8d,0x73,0xeb,0x5a,0x69,0x4a,0x28,0x42,
    0x28,0x42,0x28,0x42,0x08,0x42,0x85,0x29,0x45,0x29,0x45,0x29,0x86,0x31,0x86,0x31,
    0x04,0x21,0x86,0x31,0x49,0x4a,0xaa,0x52,0x6d,0x6b,0x2d,0x6b,0xae,0x73,0xeb,0x5a,
    0x10,0x84,0x71,0x8c,0x92,0x94,0x14,0xa5,0xf3,0x9c,0xb2,0x94,0x34,0xa5,0x34,0xa5,
    0x30,0x84,0x34,0xa5,0x14,0xa5,0xd3,0x9c,0x71,0x8c,0x55,0xad,0x14,0xa5,0x71,0x8c,
    0xb2,0x94,0x50,0x8c,0x0f,0x7c,0xd3,0x9c,0xae,0x73,0x71,0x8c,0x71,0x8c,0x92,0x94,
    0x75,0xad,0x54,0xad,0x71,0x8c,0xef,0x7b,0xcf,0x7b,0x8e,0x73,0x6d,0x6b,0xeb,0x5a,
    0x4d,0x6b,0x10,0x84,0xae,0x73,0x2c,0x63,0xa6,0x31,0x69,0x4a,0x69,0x4a,0x08,0x42,
    0x8a,0x52,0xe7,0x39,0xe7,0x39,0xe7,0x39,0xa6,0x31,0x45,0x29,0x45,0x29,0xaa,0x52,
    0xeb,0x5a,0xcb,0x5a,0x6d,0x6b,0x8e,0x73,0x28,0x42,0x65,0x29,0x49,0x4a,0x28,0x42,
    0x49,0x4a,0x49,0x4a,0x49,0x4a,0xec,0x62,0x2c,0x63,0xcf,0x7b,0x10,0x7c,0x4d,0x6b,
    0x2c,0x63,0x8a,0x52,0xaa,0x52,0x69,0x4a,0x86,0x31,0xaa,0x52,0xae,0x73,0x8a,0x52,
    0x6d,0x6b,0x6d,0x6b,0xaa,0x52,0x8a,0x52,0xcf,0x7b,0xaa,0x52,0xeb,0x5a,0x28,0x42,
    0x08,0x42,0xc7,0x39,0x86,0x31,0x49,0x4a,0x69,0x4a,0xe7,0x39,0xc7,0x31,0x24,0x21,
    0x65,0x29,0x41,0x08,0x04,0x21,0x65,0x29,0xa6,0x31,0x86,0x31,0xc2,0x18,0xe7,0x39,
    0x61,0x08,0x82,0x10,0xa2,0x10,0xc3,0x18,0xe3,0x18,0xe3,0x18,0x04,0x21,0x24,0x21,
    0xe3,0x18,0xe7,0x39,0xe3,0x18,0xc3,0x18,0x65,0x29,0xc2,0x10,0xa2,0x10,0x24,0x21,
    0xc3,0x18,0xa2,0x10,0xa2,0x10,0xa2,0x10,0xa2,0x10,0xa2,0x10,0xa2,0x10,0xa2,0x10,
    0xa2,0x10,0xa2,0x10,0xa2,0x10,0xa2,0x10,0xa2,0x10,0xa2,0x10,0x82,0x10,0x82,0x10,
    0x82,0x10,0x82,0x10,0x82,0x10,0x82,0x10,0x82,0x10,0x82,0x10,0x61,0x08,0x61,0x08,
    0x20,0x00,0x20,0x00,0x20,0x00,0x20,0x00,0x20,0x00,0x20,0x00,0x20,0x00,0x20,0x00,
    0x20,0x00,0x20,0x00,0x20,0x00,0x20,0x00,0x20,0x00,0x20,0x00,0x20,0x00,0x40,0x00,
    0x40,0x00,0x40,0x00,0x40,0x00,0x40,0x08,0x20,0x00,0x20,0x00,0x40,0x00,0x41,0x00,
    0x41,0x08,0x41,0x00,0x40,0x00,0x41,0x08,0x41,0x08,0x41,0x08,0x20,0x00,0x61,0x08,
    0xa6,0x31,0x07,0x3a,0x86,0x31,0xc3,0x18,0x45,0x29,0x8a,0x52,0xa2,0x10,0x65,0x29,
    0x08,0x42,0x0c,0x63,0x8a,0x52,0xc3,0x10,0x24,0x21,0xa2,0x10,0x82,0x10,0x61,0x08,
    0xc3,0x18,0x65,0x29,0xe7,0x39,0x07,0x3a,0xeb,0x5a,0xe7,0x39,0xcb,0x5a,0xeb,0x5a,
    0xca,0x5a,0xeb,0x62,0x8e,0x73,0x71,0x8c,0xcf,0x7b,0x69,0x4a,0x6d,0x6b,0x8e,0x73,
    0xeb,0x62,0x89,0x52,0xcb,0x5a,0x0c,0x63,0xeb,0x5a,0xeb,0x5a,0xef,0x7b,0xcf,0x7b,
    0xcb,0x5a,0x07,0x3a,0xaa,0x52,0xcb,0x5a,0xcf,0x7b,0x10,0x84,0x0c,0x63,0xaa,0x52,
    0xaa,0x52,0x8a,0x52,0xa6,0x31,0x49,0x4a,0x49,0x4a,0x4d,0x6b,0x8e,0x73,0xeb,0x5a,
    0xe7,0x39,0x24,0x21,0x24,0x21,0x86,0x31,0x24,0x21,0x45,0x29,0x24,0x21,0xe3,0x18,
    0x24,0x21,0x04,0x21,0x86,0x31,0x08,0x42,0xca,0x5a,0x6d,0x6b,0x6d,0x6b,0x2c,0x63,
    0xcb,0x5a,0xae,0x73,0x10,0x84,0xb2,0x94,0xd3,0x9c,0x92,0x94,0x75,0xad,0xb2,0x94,
    0x30,0x84,0x14,0xa5,0xb2,0x94,0xcf,0x7b,0x71,0x8c,0xf7,0xbd,0xf7,0xbd,0xd7,0xbd,
    0x92,0x94,0x6d,0x6b,0xeb,0x5a,0xcf,0x7b,0x4d,0x6b,0xef,0x7b,0x51,0x8c,0xb2,0x94,
    0xf3,0x9c,0x50,0x8c,0x92,0x94,0x6d,0x6b,0xcf,0x7b,0x4c,0x63,0xcf,0x7b,0xcb,0x5a,
    0x08,0x42,0x10,0x7c,0x8e,0x73,0x08,0x42,0x49,0x4a,0x2c,0x63,0xe7,0x39,0x08,0x42,
    0xc7,0x39,0xc7,0x31,0xc7,0x39,0x25,0x29,0x24,0x21,0x65,0x29,0x69,0x4a,0x4d,0x6b,
    0xeb,0x5a,0x4d,0x6b,0x69,0x4a,0xe3,0x18,0xe3,0x18,0x24,0x21,0xe3,0x18,0x45,0x29,
    0x28,0x42,0x49,0x4a,0x49,0x4a,0xaa,0x52,0xaa,0x52,0xeb,0x5a,0x6d,0x6b,0x4d,0x6b,
    0x0c,0x63,0x69,0x4a,0x86,0x31,0xc7,0x39,0xa6,0x31,0x07,0x42,0xcb,0x5a,0xeb,0x5a,
    0x0b,0x63,0x8d,0x73,0xaa,0x52,0x49,0x4a,0xcb,0x5a,0xaa,0x52,0x28,0x42,0x48,0x4a,
    0x69,0x4a,0x08,0x42,0xa6,0x31,0x28,0x42,0x69,0x4a,0xe7,0x39,0xa6,0x31,0x86,0x31,
    0xe3,0x18,0x40,0x00,0x24,0x21,0x04,0x21,0xc7,0x39,0x65,0x29,0xa2,0x10,0xa6,0x31,
    0x82,0x10,0xa2,0x10,0x04,0x21,0xc3,0x18,0xa2,0x10,0xe3,0x18,0x20,0x00,0xa2,0x10,
    0x8a,0x52,0x28,0x42,0x45,0x29,0xc3,0x18,0x41,0x08,0x20,0x00,0x20,0x00,0x20,0x00,
    0x20,0x00,0x20,0x00,0x20,0x00,0x20,0x00,0x20,0x00,0x20,0x00,0x20,0x00,0x20,0x00,
    0x20,0x00,0x20,0x00,0x20,0x00,0x20,0x00,0x20,0x00,0x00,0x00,0x20,0x00,0x00,0x00,
    0x00,0x00,0x00,0x00,0x00,0x00,0x00,0x00,0x00,0x00,0x00,0x00,0x00,0x00,0x00,0x00,
    0x20,0x00,0x20,0x00,0x20,0x00,0x20,0x00,0x20,0x00,0x20,0x00,0x20,0x00,0x20,0x00,
    0x20,0x00,0x20,0x00,0x20,0x00,0x20,0x00,0x20,0x00,0x20,0x00,0x20,0x00,0x20,0x00,
    0x20,0x00,0x20,0x00,0x20,0x00,0x20,0x00,0x20,0x00,0x20,0x00,0x20,0x00,0x20,0x00,
    0x20,0x00,0x20,0x00,0x20,0x00,0x20,0x00,0x20,0x00,0x20,0x00,0x20,0x00,0x20,0x00,
    0x86,0x31,0x45,0x29,0x24,0x21,0x45,0x29,0x04,0x21,0x45,0x29,0xa2,0x10,0xc7,0x39,
    0xe7,0x39,0x2c,0x63,0xaa,0x52,0xc3,0x18,0x24,0x21,0xc3,0x18,0x61,0x08,0x61,0x08,
    0xc3,0x18,0x86,0x31,0x28,0x42,0xc7,0x39,0xcb,0x5a,0xa6,0x31,0x69,0x4a,0xeb,0x5a,
    0xaa,0x52,0xaa,0x52,0xcf,0x7b,0x2c,0x63,0x08,0x42,0x2c,0x63,0xef,0x7b,0xeb,0x5a,
    0xe7,0x39,0xc6,0x31,0x08,0x42,0x8a,0x52,0xcb,0x5a,0x0c,0x63,0x69,0x4a,0xe7,0x39,
    0x28,0x42,0x4c,0x63,0x51,0x8c,0x10,0x84,0xae,0x73,0xaa,0x52,0x8a,0x52,0x8a,0x52,
    0x08,0x42,0xe7,0x39,0x28,0x42,0xe7,0x39,0xa6,0x31,0x86,0x31,0xc7,0x39,0x8a,0x52,
    0xeb,0x5a,0x8a,0x52,0xc7,0x39,0xe3,0x18,0xc3,0x18,0x04,0x21,0x24,0x21,0x04,0x21,
    0x24,0x21,0xa6,0x31,0xa6,0x31,0xc7,0x31,0x28,0x42,0x4d,0x6b,0x0b,0x5b,0x4d,0x6b,
    0x8a,0x52,0x6d,0x6b,0xae,0x73,0xb2,0x94,0x51,0x8c,0xf3,0x9c,0x34,0xa5,0x71,0x8c,
    0xb2,0x94,0xb2,0x94,0x6d,0x6b,0x51,0x8c,0xb6,0xb5,0xd7,0xbd,0xd7,0xbd,0x75,0xad,
    0x55,0xad,0xb2,0x94,0x4d,0x6b,0x10,0x84,0xcf,0x7b,0x2c,0x6b,0x30,0x8c,0x30,0x84,
    0x92,0x94,0x30,0x84,0xef,0x7b,0xce,0x73,0x8e,0x73,0xcb,0x5a,0xcf,0x7b,0x8a,0x52,
    0x8a,0x52,0x2c,0x63,0x69,0x4a,0xe7,0x39,0xeb,0x5a,0x08,0x42,0x65,0x29,0x24,0x21,
    0x44,0x21,0x04,0x21,0xe3,0x18,0x24,0x21,0xc7,0x39,0x49,0x4a,0x08,0x42,0x24,0x21,
    0xc2,0x18,0xe3,0x18,0x24,0x21,0x24,0x21,0x85,0x31,0x69,0x4a,0x28,0x42,0xc7,0x39,
    0x08,0x42,0x8a,0x52,0xe7,0x39,0xa6,0x31,0x4d,0x6b,0x8e,0x73,0xaa,0x52,0x08,0x42,
    0x65,0x29,0x24,0x21,0x24,0x21,0xa2,0x10,0x04,0x19,0x65,0x29,0x86,0x31,0x89,0x4a,
    0x69,0x4a,0x8a,0x52,0x0c,0x63,0x69,0x4a,0x28,0x42,0x8a,0x52,0x28,0x42,0x08,0x42,
    0xcb,0x5a,0x49,0x4a,0xc6,0x31,0x69,0x4a,0x8a,0x52,0x08,0x42,0x86,0x31,0x65,0x29,
    0x82,0x10,0x61,0x08,0x45,0x29,0x04,0x21,0xe7,0x39,0x04,0x21,0xa2,0x10,0x65,0x29,
    0x61,0x08,0xa2,0x10,0xe3,0x18,0xa2,0x10,0x61,0x08,0xe3,0x18,0xc3,0x18,0x86,0x31,
    0x69,0x4a,0xcb,0x5a,0x0c,0x63,0xc7,0x39,0x82,0x08,0x20,0x00,0x20,0x00,0x20,0x00,
    0x20,0x00,0x20,0x00,0x20,0x00,0x20,0x00,0x20,0x00,0x20,0x00,0x20,0x00,0x20,0x00,
    0x00,0x00,0x00,0x00,0x00,0x00,0x00,0x00,0x00,0x00,0x00,0x00,0x00,0x00,0x00,0x00,
    0x00,0x00,0x00,0x00,0x00,0x00,0x00,0x00,0x00,0x00,0x00,0x00,0x00,0x00,0x00,0x00,
    0x20,0x00,0x20,0x00,0x20,0x00,0x20,0x00,0x20,0x00,0x20,0x00,0x20,0x00,0x20,0x00,
    0x20,0x00,0x20,0x00,0x20,0x00,0x20,0x00,0x20,0x00,0x20,0x00,0x20,0x00,0x20,0x00,
    0x20,0x00,0x20,0x00,0x20,0x00,0x20,0x00,0x20,0x00,0x20,0x00,0x20,0x00,0x20,0x00,
    0x20,0x00,0x20,0x00,0x20,0x00,0x20,0x00,0x41,0x08,0x20,0x00,0x61,0x08,0x49,0x4a,
    0xaa,0x52,0x04,0x21,0xe4,0x18,0x65,0x29,0x04,0x19,0x61,0x08,0xc3,0x18,0xc6,0x39,
    0xa6,0x31,0x0c,0x63,0xaa,0x5a,0xe3,0x18,0xe3,0x18,0xc3,0x18,0x61,0x08,0x82,0x10,
    0xe3,0x18,0xa6,0x31,0x49,0x4a,0xe7,0x39,0x8a,0x52,0xa6,0x31,0xc7,0x39,0xeb,0x5a,
    0x69,0x52,0x8a,0x52,0xcb,0x5a,0x08,0x42,0x49,0x4a,0x2c,0x63,0x8a,0x52,0x86,0x31,
    0xe7,0x39,0xaa,0x52,0x28,0x42,0xe7,0x39,0x08,0x42,0xe7,0x39,0x0b,0x63,0xef,0x7b,
    0x10,0x84,0x4d,0x6b,0x0c,0x63,0x49,0x4a,0xa6,0x31,0xc7,0x39,0x49,0x4a,0x48,0x4a,
    0x8a,0x52,0x28,0x42,0x69,0x4a,0xca,0x52,0x49,0x4a,0x65,0x29,0x45,0x29,0x45,0x29,
    0xe3,0x18,0x85,0x29,0xc6,0x39,0x45,0x29,0xa2,0x10,0xa2,0x10,0x44,0x29,0x65,0x29,
    0xc7,0x39,0xa6,0x31,0x28,0x42,0x28,0x42,0xc6,0x39,0xaa,0x52,0x4d,0x63,0xeb,0x5a,
    0x69,0x4a,0x0c,0x63,0xae,0x73,0xef,0x7b,0x30,0x84,0x92,0x94,0x31,0x8c,0xb2,0x94,
    0xd3,0x9c,0xcb,0x5a,0x2c,0x63,0x34,0xa5,0x13,0xa5,0x54,0xa5,0xf7,0xbd,0xf7,0xbd,
    0x55,0xad,0x13,0xa5,0x10,0x84,0x71,0x8c,0x13,0xa5,0x8e,0x73,0x4d,0x6b,0xb2,0x94,
    0x50,0x8c,0xb2,0x94,0x71,0x8c,0xae,0x73,0xeb,0x5a,0x4d,0x6b,0x2c,0x63,0xcb,0x5a,
    0xeb,0x5a,0x49,0x4a,0x69,0x4a,0xaa,0x52,0x8a,0x52,0x65,0x29,0xa6,0x31,0x45,0x29,
    0x04,0x21,0xc3,0x18,0xa2,0x10,0xc3,0x18,0xe3,0x18,0x82,0x10,0x41,0x08,0xa2,0x10,
    0xa2,0x10,0xa2,0x10,0x04,0x21,0x24,0x21,0x65,0x29,0xc7,0x39,0x49,0x4a,0xcb,0x5a,
    0x8e,0x73,0x6d,0x6b,0x2c,0x63,0x8a,0x52,0x8a,0x52,0x8a,0x52,0x6a,0x52,0x69,0x52,
    0xe7,0x39,0xa6,0x31,0x65,0x29,0x04,0x21,0x24,0x21,0x86,0x31,0xa6,0x31,0xc7,0x39,
    0x69,0x4a,0x86,0x31,0xe7,0x39,0x28,0x42,0x28,0x42,0xcb,0x5a,0x8a,0x52,0x28,0x42,
    0x89,0x52,0x69,0x52,0x08,0x42,0x69,0x4a,0x8a,0x52,0xe7,0x39,0xa6,0x31,0xa6,0x31,
    0xe3,0x18,0x61,0x08,0x86,0x31,0x04,0x21,0x28,0x42,0xc3,0x18,0xa2,0x10,0x45,0x29,
    0x82,0x10,0x61,0x08,0xc2,0x18,0xe3,0x18,0x61,0x08,0x61,0x08,0x65,0x29,0x86,0x31,
    0x69,0x4a,0xeb,0x5a,0xcb,0x5a,0x0c,0x63,0xc7,0x39,0x20,0x00,0x20,0x00,0x20,0x00,
    0x20,0x00,0x20,0x00,0x20,0x00,0x20,0x00,0x20,0x00,0x20,0x00,0x20,0x00,0x20,0x00,
    0x20,0x00,0x00,0x00,0x00,0x00,0x00,0x00,0x00,0x00,0x00,0x00,0x00,0x00,0x00,0x00,
    0x00,0x00,0x00,0x00,0x00,0x00,0x20,0x00,0x20,0x00,0x00,0x00,0x00,0x00,0x00,0x00,
    0x00,0x00,0x20,0x00,0x00,0x00,0x00,0x00,0x20,0x00,0x00,0x00,0x00,0x00,0x00,0x00,
    0x20,0x00,0x20,0x00,0x00,0x00,0x00,0x00,0x00,0x00,0x00,0x00,0x00,0x00,0x00,0x00,
    0x20,0x00,0x00,0x00,0x00,0x00,0x20,0x00,0x20,0x00,0x20,0x00,0x20,0x00,0x20,0x00,
    0x20,0x00,0x20,0x00,0x20,0x00,0x20,0x00,0x41,0x00,0xc3,0x18,0xcb,0x5a,0x30,0x84,
    0x0c,0x63,0x65,0x29,0x45,0x29,0xc3,0x18,0xc3,0x18,0xe3,0x18,0xa7,0x39,0x08,0x42,
    0x86,0x31,0x4d,0x6b,0xcb,0x5a,0x45,0x29,0xa2,0x10,0x03,0x21,0x61,0x08,0xa2,0x10,
    0x04,0x21,0xc7,0x39,0x49,0x4a,0x07,0x42,0x49,0x4a,0x08,0x42,0x86,0x31,0x8a,0x52,
    0xaa,0x52,0xeb,0x5a,0xcb,0x5a,0x49,0x4a,0x49,0x4a,0x28,0x42,0x65,0x29,0xa6,0x31,
    0x28,0x42,0xa6,0x31,0x24,0x29,0x24,0x21,0x24,0x21,0x44,0x29,0x86,0x31,0x65,0x31,
    0x86,0x31,0xc7,0x39,0xeb,0x5a,0x0c,0x63,0x8a,0x52,0xeb,0x5a,0x2c,0x63,0xeb,0x5a,
    0x28,0x42,0xe7,0x39,0xa6,0x31,0xa6,0x31,0x86,0x31,0x86,0x31,0x08,0x42,0x65,0x29,
    0xe3,0x18,0x04,0x21,0x04,0x21,0xc3,0x18,0xa2,0x10,0xa2,0x10,0x04,0x21,0x04,0x21,
    0x44,0x21,0xa6,0x31,0xe7,0x39,0xc7,0x39,0x86,0x31,0xc7,0x39,0xcb,0x5a,0x8a,0x52,
    0x69,0x4a,0xeb,0x5a,0x2c,0x63,0x2c,0x63,0x10,0x84,0xcf,0x7b,0xf0,0x7b,0xd3,0x9c,
    0x4d,0x6b,0xcb,0x5a,0x4d,0x6b,0x92,0x94,0x91,0x94,0xb2,0x94,0x55,0xad,0xf3,0x9c,
    0xf3,0x9c,0x10,0x84,0xef,0x7b,0xaa,0x52,0x4d,0x6b,0xb2,0x94,0x10,0x84,0xae,0x7b,
    0x71,0x8c,0x30,0x84,0x71,0x8c,0x6d,0x6b,0xaa,0x52,0x4d,0x6b,0x8a,0x52,0xaa,0x52,
    0x49,0x4a,0x69,0x4a,0xcb,0x5a,0x8a,0x52,0x65,0x29,0x65,0x29,0x65,0x29,0x24,0x29,
    0xa3,0x18,0xa3,0x18,0xa2,0x10,0xa2,0x10,0xa2,0x10,0x82,0x10,0xa2,0x10,0xc2,0x10,
    0xc2,0x10,0xc2,0x18,0x04,0x21,0xe3,0x18,0x82,0x10,0x82,0x10,0xe3,0x18,0xe3,0x18,
    0xa2,0x10,0x24,0x21,0x65,0x29,0xa6,0x31,0x08,0x42,0xe7,0x39,0xc7,0x39,0x65,0x29,
    0x45,0x29,0xa6,0x31,0x86,0x31,0x45,0x29,0x04,0x21,0x04,0x21,0x45,0x29,0x08,0x42,
    0xe7,0x39,0xc7,0x39,0xc7,0x39,0xe7,0x39,0xe7,0x39,0x28,0x42,0xcb,0x5a,0x49,0x4a,
    0x49,0x4a,0xcb,0x5a,0x28,0x42,0x07,0x42,0x8a,0x52,0xa6,0x31,0xe7,0x39,0xc7,0x39,
    0x24,0x21,0x82,0x10,0x86,0x31,0xa2,0x10,0x08,0x42,0x82,0x10,0xc3,0x18,0x44,0x29,
    0xc3,0x18,0xe3,0x18,0x04,0x21,0xe7,0x39,0x45,0x29,0x86,0x31,0xc7,0x39,0x28,0x42,
    0xe7,0x39,0x4d,0x6b,0x2c,0x63,0xcb,0x5a,0xaa,0x52,0xc3,0x18,0x20,0x00,0x20,0x00,
    0x20,0x00,0x00,0x00,0x00,0x00,0x00,0x00,0x00,0x00,0x00,0x00,0x00,0x00,0x00,0x00,
    0x00,0x00,0x00,0x00,0x00,0x00,0x00,0x00,0x00,0x00,0x00,0x00,0x00,0x00,0x00,0x00,
    0x00,0x00,0x00,0x00,0x00,0x00,0x00,0x00,0x00,0x00,0x00,0x00,0x00,0x00,0x00,0x00,
    0x00,0x00,0x00,0x00,0x00,0x00,0x20,0x00,0x00,0x00,0x00,0x00,0x00,0x00,0x00,0x00,
    0x00,0x00,0x00,0x00,0x00,0x00,0x00,0x00,0x00,0x00,0x00,0x00,0x20,0x00,0x20,0x00,
    0x00,0x00,0x00,0x00,0x00,0x00,0x00,0x00,0x00,0x00,0x00,0x00,0x00,0x00,0x00,0x00,
    0x00,0x00,0x00,0x00,0x20,0x00,0x20,0x00,0x00,0x00,0x28,0x42,0xef,0x7b,0x8d,0x73,
    0x0c,0x63,0xe7,0x39,0xc7,0x39,0xe3,0x18,0xe3,0x18,0x65,0x29,0x45,0x29,0xa6,0x31,
    0x45,0x29,0x2c,0x63,0xcb,0x5a,0xc7,0x39,0xc3,0x18,0x24,0x21,0x61,0x08,0xa2,0x10,
    0x44,0x21,0xc7,0x39,0x28,0x42,0x28,0x42,0xe7,0x39,0x69,0x4a,0xc7,0x39,0x69,0x4a,
    0xaa,0x52,0xeb,0x5a,0x08,0x42,0x45,0x29,0x6a,0x4a,0xe7,0x39,0xa6,0x31,0xe7,0x39,
    0xe7,0x39,0xa6,0x31,0xa6,0x31,0x24,0x21,0x24,0x21,0xc3,0x18,0x04,0x21,0x45,0x29,
    0x24,0x21,0x04,0x21,0x86,0x31,0x86,0x31,0x65,0x29,0xe7,0x39,0x08,0x42,0x8a,0x52,
    0xc7,0x39,0x24,0x21,0x65,0x29,0x65,0x29,0x24,0x21,0xe3,0x18,0x03,0x21,0xe3,0x18,
    0xc3,0x18,0xc3,0x18,0xa2,0x10,0xc3,0x18,0xc3,0x18,0xc3,0x18,0x04,0x21,0xc3,0x18,
    0xc3,0x18,0x65,0x29,0xa6,0x31,0x86,0x31,0xe7,0x39,0x85,0x31,0x49,0x4a,0x8a,0x52,
    0xe7,0x39,0x69,0x4a,0x28,0x42,0x0b,0x63,0xce,0x7b,0x6d,0x6b,0x71,0x8c,0xef,0x7b,
    0xae,0x73,0x4d,0x6b,0x8a,0x52,0x71,0x8c,0xb2,0x94,0xd3,0x9c,0xd3,0x9c,0x14,0xa5,
    0x71,0x8c,0x8e,0x73,0x30,0x84,0x71,0x8c,0x8e,0x73,0xaa,0x5a,0x51,0x8c,0x0f,0x84,
    0x8e,0x73,0xef,0x7b,0x8e,0x73,0xae,0x73,0xcb,0x5a,0x89,0x52,0x69,0x4a,0x28,0x42,
    0x28,0x42,0x69,0x4a,0x69,0x4a,0xa6,0x31,0x45,0x29,0x45,0x29,0x45,0x29,0x24,0x21,
    0xe3,0x18,0xe3,0x18,0xc3,0x18,0xa2,0x10,0x82,0x10,0xa2,0x10,0xc2,0x18,0xc3,0x18,
    0xa2,0x10,0x82,0x10,0x82,0x10,0xa2,0x10,0xc3,0x18,0xc3,0x18,0xe3,0x18,0x24,0x29,
    0x24,0x21,0x24,0x21,0x45,0x29,0xa6,0x31,0xa6,0x31,0x44,0x29,0x45,0x29,0x65,0x29,
    0x45,0x29,0x45,0x29,0x45,0x29,0xa6,0x31,0x45,0x29,0xc3,0x18,0x03,0x19,0x44,0x29,
    0x86,0x31,0x65,0x29,0x86,0x31,0x65,0x29,0x65,0x29,0xa6,0x31,0xaa,0x52,0x28,0x42,
    0xe7,0x39,0x8e,0x73,0x49,0x4a,0xe7,0x39,0xaa,0x52,0xe7,0x39,0xe7,0x39,0xe7,0x39,
    0x04,0x21,0x24,0x21,0x04,0x21,0x82,0x10,0x86,0x31,0x41,0x08,0xe3,0x18,0x24,0x21,
    0xa2,0x10,0x24,0x21,0xc6,0x39,0xa6,0x31,0xc6,0x31,0xa6,0x31,0x24,0x21,0x28,0x42,
    0x2c,0x63,0xae,0x73,0xcb,0x5a,0xaa,0x52,0xaa,0x52,0x65,0x29,0x41,0x08,0x20,0x00,
    0x00,0x00,0x00,0x00,0x00,0x00,0x00,0x00,0x00,0x00,0x00,0x00,0x00,0x00,0x00,0x00,
    0x00,0x00,0x00,0x00,0x00,0x00,0x00,0x00,0x00,0x00,0x00,0x00,0x00,0x00,0x00,0x00,
    0x00,0x00,0x00,0x00,0x00,0x00,0x00,0x00,0x00,0x00,0x00,0x00,0x00,0x00,0x00,0x00,
    0x00,0x00,0x00,0x00,0x00,0x00,0x00,0x00,0x00,0x00,0x00,0x00,0x00,0x00,0x00,0x00,
    0x00,0x00,0x00,0x00,0x00,0x00,0x00,0x00,0x00,0x00,0x00,0x00,0x00,0x00,0x00,0x00,
    0x00,0x00,0x00,0x00,0x00,0x00,0x00,0x00,0x00,0x00,0x00,0x00,0x00,0x00,0x00,0x00,
    0x00,0x00,0x00,0x00,0x20,0x00,0x00,0x00,0x82,0x10,0x6d,0x6b,0x2c,0x63,0xeb,0x5a,
    0xcb,0x5a,0x08,0x42,0xc7,0x39,0xe3,0x18,0x04,0x21,0x04,0x21,0xe3,0x18,0xa6,0x31,
    0x04,0x21,0xeb,0x5a,0x8a,0x52,0x08,0x42,0x24,0x21,0xc3,0x18,0x82,0x10,0x24,0x21,
    0x24,0x21,0xc7,0x39,0x28,0x42,0x8a,0x52,0x08,0x42,0x69,0x4a,0x28,0x42,0xaa,0x52,
    0x0c,0x63,0xeb,0x5a,0x66,0x31,0x86,0x31,0xe7,0x39,0xa6,0x31,0x08,0x42,0xa6,0x31,
    0x85,0x31,0x45,0x29,0x65,0x29,0x44,0x29,0x24,0x21,0x45,0x29,0xa6,0x31,0x08,0x42,
    0x69,0x4a,0x28,0x42,0x07,0x42,0xa6,0x31,0xa6,0x31,0x45,0x29,0x24,0x21,0x24,0x21,
    0x24,0x21,0xc3,0x18,0xc3,0x18,0xc3,0x18,0x61,0x08,0x41,0x08,0x61,0x08,0x61,0x08,
    0x41,0x08,0x61,0x08,0x61,0x08,0x82,0x10,0xa2,0x10,0xa2,0x10,0xe3,0x18,0x24,0x21,
    0x04,0x21,0x24,0x21,0x45,0x29,0x45,0x29,0x86,0x31,0x86,0x31,0xa6,0x31,0x69,0x4a,
    0x08,0x42,0x08,0x42,0x08,0x42,0x28,0x4a,0xeb,0x5a,0x6d,0x6b,0xaf,0x73,0x10,0x84,
    0xae,0x7b,0x49,0x4a,0x6d,0x6b,0xef,0x7b,0xf3,0x9c,0x71,0x8c,0x51,0x8c,0xb2,0x9c,
    0x92,0x94,0xcf,0x7b,0x4d,0x6b,0xcf,0x7b,0xf3,0x9c,0x51,0x8c,0xaa,0x5a,0x8d,0x73,
    0xcf,0x7b,0xae,0x73,0x2c,0x63,0x6d,0x6b,0xcb,0x5a,0x69,0x4a,0x48,0x4a,0xe7,0x39,
    0xa6,0x31,0x86,0x31,0x65,0x29,0x45,0x29,0x24,0x21,0x04,0x21,0x03,0x19,0xe3,0x18,
    0xa2,0x10,0xa2,0x10,0x82,0x10,0x61,0x10,0x61,0x08,0x82,0x10,0x82,0x10,0x61,0x08,
    0x61,0x08,0x82,0x10,0xa2,0x10,0xe3,0x18,0x04,0x21,0xe3,0x18,0x04,0x21,0x86,0x31,
    0xe7,0x39,0xc7,0x39,0xe7,0x39,0xa6,0x31,0x85,0x31,0xc7,0x39,0xe7,0x39,0xc7,0x39,
    0xc7,0x39,0xa6,0x31,0xc7,0x39,0x86,0x31,0x65,0x29,0x65,0x29,0xc3,0x18,0x82,0x10,
    0xe3,0x18,0x04,0x21,0x04,0x21,0x65,0x29,0x65,0x29,0x45,0x29,0xe7,0x39,0xc7,0x39,
    0xc7,0x39,0xef,0x7b,0x69,0x4a,0x69,0x4a,0xeb,0x62,0xc7,0x39,0x29,0x4a,0xa6,0x31,
    0x44,0x29,0x65,0x29,0xc3,0x18,0x45,0x29,0x65,0x29,0x20,0x00,0xe3,0x18,0x24,0x21,
    0x61,0x08,0xa2,0x10,0xe3,0x18,0x04,0x21,0x45,0x29,0x86,0x31,0x24,0x21,0x49,0x4a,
    0x0b,0x63,0x0c,0x63,0xaa,0x52,0x8a,0x52,0x08,0x42,0x86,0x31,0x41,0x08,0x00,0x00,
    0x00,0x00,0x00,0x00,0x00,0x00,0x00,0x00,0x00,0x00,0x00,0x00,0x00,0x00,0x00,0x00,
    0x00,0x00,0x00,0x00,0x00,0x00,0x00,0x00,0x00,0x00,0x00,0x00,0x00,0x00,0x00,0x00,
    0x00,0x00,0x00,0x00,0x00,0x00,0x00,0x00,0x00,0x00,0x00,0x00,0x00,0x00,0x00,0x00,
    0x00,0x00,0x00,0x00,0x00,0x00,0x20,0x00,0x00,0x00,0x00,0x00,0x00,0x00,0x00,0x00,
    0x00,0x00,0x00,0x00,0x00,0x00,0x00,0x00,0x20,0x00,0x00,0x00,0x00,0x00,0x00,0x00,
    0x00,0x00,0x00,0x00,0x00,0x00,0x00,0x00,0x00,0x00,0x00,0x00,0x00,0x00,0x00,0x00,
    0x00,0x00,0x20,0x00,0x20,0x00,0x20,0x00,0x65,0x29,0x6d,0x6b,0x6d,0x6b,0xae,0x73,
    0x0c,0x63,0x69,0x4a,0x49,0x4a,0x24,0x21,0x45,0x29,0xa3,0x18,0x45,0x29,0x66,0x31,
    0x24,0x21,0x28,0x4a,0xaa,0x52,0x86,0x31,0xe7,0x39,0x61,0x08,0x24,0x21,0x04,0x21,
    0x04,0x21,0xe7,0x39,0x28,0x42,0xcb,0x5a,0x28,0x42,0x8a,0x52,0x69,0x4a,0xeb,0x5a,
    0x0c,0x63,0x08,0x42,0xc7,0x39,0x86,0x31,0xc7,0x39,0xe7,0x39,0x65,0x29,0x04,0x21,
    0x24,0x21,0x24,0x21,0x45,0x29,0x45,0x29,0xa6,0x31,0xe7,0x39,0xe7,0x39,0xe7,0x39,
    0xe7,0x39,0x49,0x4a,0xaa,0x52,0x8a,0x52,0x49,0x4a,0xe7,0x39,0xc6,0x39,0x86,0x31,
    0x24,0x21,0x04,0x21,0xe3,0x18,0xa2,0x10,0xa2,0x10,0xa2,0x10,0x82,0x10,0x82,0x10,
    0x82,0x10,0x82,0x10,0x82,0x10,0x82,0x10,0xa2,0x10,0xa2,0x10,0xe3,0x18,0xe3,0x18,
    0x03,0x19,0x04,0x21,0x04,0x21,0x24,0x21,0x24,0x21,0x65,0x29,0xa6,0x31,0xc7,0x39,
    0xc7,0x39,0x69,0x4a,0x28,0x42,0xc7,0x39,0xaa,0x52,0xeb,0x62,0x6d,0x6b,0x4d,0x6b,
    0x0c,0x63,0xef,0x7b,0x6d,0x6b,0xef,0x7b,0x91,0x94,0x34,0xa5,0x75,0xb5,0x34,0xa5,
    0x30,0x84,0x0c,0x63,0xae,0x7b,0x6d,0x6b,0xcf,0x7b,0xb2,0x94,0x30,0x84,0xeb,0x5a,
    0x4d,0x6b,0x0b,0x63,0xeb,0x5a,0xaa,0x5a,0x28,0x42,0x08,0x42,0xc7,0x39,0xe7,0x39,
    0x85,0x29,0x24,0x21,0x04,0x21,0x03,0x21,0xe3,0x18,0xc3,0x18,0xa3,0x18,0xa2,0x10,
    0x82,0x10,0x61,0x08,0x61,0x08,0x61,0x08,0x81,0x10,0x61,0x08,0x82,0x10,0xe3,0x18,
    0x04,0x21,0x04,0x21,0x65,0x29,0xa6,0x31,0xe7,0x39,0x08,0x42,0x49,0x4a,0x69,0x4a,
    0x8a,0x52,0x0b,0x63,0xeb,0x5a,0x8a,0x52,0xeb,0x62,0xeb,0x5a,0x49,0x4a,0xc7,0x39,
    0x28,0x42,0xeb,0x5a,0x0c,0x63,0xaa,0x52,0x8a,0x52,0xc7,0x39,0x24,0x21,0xc3,0x18,
    0xa2,0x10,0xc3,0x18,0xa2,0x10,0x03,0x21,0x65,0x29,0x45,0x29,0xa6,0x31,0x49,0x4a,
    0xe7,0x39,0x6d,0x6b,0xaa,0x52,0x8a,0x52,0xaa,0x52,0xe7,0x39,0x69,0x4a,0x08,0x42,
    0x04,0x21,0x65,0x29,0x04,0x21,0xe7,0x39,0xe3,0x18,0x41,0x08,0xe3,0x18,0x03,0x19,
    0x82,0x10,0x41,0x08,0x04,0x21,0x24,0x21,0xc2,0x18,0xa6,0x31,0x49,0x4a,0xab,0x52,
    0x0c,0x63,0x49,0x4a,0x65,0x29,0xe3,0x18,0xe3,0x18,0x45,0x29,0x41,0x08,0x00,0x00,
    0x00,0x00,0x00,0x00,0x00,0x00,0x00,0x00,0x00,0x00,0x00,0x00,0x00,0x00,0x00,0x00,
    0x00,0x00,0x00,0x00,0x00,0x00,0x00,0x00,0x00,0x00,0x00,0x00,0x00,0x00,0x20,0x00,
    0x00,0x00,0x00,0x00,0x00,0x00,0x00,0x00,0x00,0x00,0x00,0x00,0x00,0x00,0x00,0x00,
    0x00,0x00,0x20,0x00,0x00,0x00,0x00,0x00,0x00,0x00,0x00,0x00,0x00,0x00,0x00,0x00,
    0x00,0x00,0x00,0x00,0x00,0x00,0x00,0x00,0x00,0x00,0x00,0x00,0x00,0x00,0x00,0x00,
    0x00,0x00,0x00,0x00,0x00,0x00,0x00,0x00,0x00,0x00,0x00,0x00,0x00,0x00,0x20,0x00,
    0x20,0x00,0x20,0x00,0x20,0x00,0x20,0x00,0xe7,0x39,0xaa,0x52,0x8a,0x52,0x4d,0x6b,
    0x8e,0x73,0x0c,0x63,0xaa,0x52,0x08,0x42,0x04,0x21,0xc3,0x18,0x86,0x31,0x45,0x29,
    0x45,0x29,0x86,0x31,0x0c,0x63,0x04,0x21,0x08,0x42,0x45,0x29,0x45,0x29,0x04,0x21,
    0xa6,0x31,0x49,0x4a,0x49,0x4a,0xcb,0x5a,0x08,0x42,0xab,0x5a,0xaa,0x52,0xcb,0x5a,
    0x28,0x42,0xa6,0x31,0x86,0x31,0xa6,0x31,0x45,0x29,0x82,0x10,0x82,0x10,0xe3,0x18,
    0x04,0x21,0x65,0x29,0x08,0x42,0x69,0x4a,0x49,0x4a,0x28,0x42,0x28,0x42,0x69,0x4a,
    0x8a,0x52,0xcb,0x5a,0x2c,0x63,0x0c,0x63,0x0c,0x63,0xeb,0x5a,0xcb,0x5a,0xeb,0x5a,
    0xca,0x5a,0x69,0x4a,0xc7,0x39,0xa6,0x31,0xc6,0x39,0x86,0x31,0x24,0x21,0x24,0x21,
    0x04,0x21,0xe3,0x18,0xe3,0x18,0xe3,0x18,0x82,0x10,0x82,0x10,0x82,0x10,0x61,0x08,
    0x61,0x08,0x82,0x10,0x82,0x10,0xa2,0x10,0xc3,0x18,0xe3,0x18,0xe3,0x18,0xe3,0x18,
    0xe3,0x18,0x65,0x31,0x08,0x42,0xe7,0x39,0x08,0x42,0x8a,0x52,0x28,0x42,0xcb,0x5a,
    0x71,0x8c,0x6d,0x6b,0x2c,0x63,0xef,0x7b,0x14,0xa5,0xd3,0x9c,0x14,0xa5,0x10,0x84,
    0xef,0x7b,0x30,0x8c,0x71,0x8c,0xd3,0x9c,0x14,0xa5,0xcf,0x7b,0x6d,0x6b,0x6d,0x6b,
    0x49,0x4a,0x69,0x4a,0xaa,0x52,0x49,0x4a,0xc7,0x39,0x86,0x31,0x65,0x29,0x65,0x29,
    0x24,0x21,0xe3,0x18,0xc2,0x18,0xa2,0x10,0x82,0x10,0x82,0x10,0x61,0x10,0x41,0x08,
    0x61,0x08,0x82,0x10,0xc3,0x18,0xe3,0x18,0x04,0x21,0x65,0x29,0x86,0x31,0xa6,0x31,
    0x69,0x52,0xeb,0x5a,0xcb,0x5a,0x0c,0x63,0x6d,0x6b,0xae,0x7b,0x30,0x84,0x51,0x8c,
    0x30,0x84,0xcf,0x7b,0x30,0x84,0x51,0x8c,0x0f,0x84,0x6d,0x6b,0xeb,0x5a,0x8e,0x73,
    0x30,0x84,0xef,0x7b,0x2c,0x63,0xaa,0x52,0xaa,0x52,0xa6,0x31,0x24,0x21,0xe3,0x18,
    0xe3,0x18,0xc3,0x18,0xc3,0x18,0xc3,0x18,0x45,0x29,0x04,0x21,0x85,0x31,0x28,0x42,
    0xe7,0x39,0xcb,0x5a,0xcb,0x5a,0x8a,0x52,0x28,0x42,0x08,0x42,0x49,0x4a,0x28,0x42,
    0xa6,0x31,0x24,0x21,0x04,0x21,0xe7,0x39,0xe3,0x18,0x82,0x10,0xe3,0x18,0x04,0x21,
    0xa2,0x10,0x61,0x08,0x41,0x08,0xa2,0x10,0x86,0x31,0x8a,0x52,0x8a,0x52,0x2d,0x6b,
    0xe7,0x39,0x61,0x08,0x00,0x00,0x41,0x08,0x82,0x10,0x65,0x29,0x82,0x10,0x00,0x00,
    0x00,0x00,0x00,0x00,0x00,0x00,0x00,0x00,0x00,0x00,0x00,0x00,0x00,0x00,0x00,0x00,
    0x00,0x00,0x00,0x00,0x00,0x00,0x00,0x00,0x00,0x00,0x00,0x00,0x00,0x00,0x00,0x00,
    0x00,0x00,0x00,0x00,0x00,0x00,0x00,0x00,0x00,0x00,0x00,0x00,0x00,0x00,0x00,0x00,
    0x00,0x00,0x00,0x00,0x20,0x00,0x00,0x00,0x00,0x00,0x00,0x00,0x00,0x00,0x20,0x00,
    0x00,0x00,0x00,0x00,0x00,0x00,0x00,0x00,0x00,0x00,0x00,0x00,0x00,0x00,0x00,0x00,
    0x00,0x00,0x00,0x00,0x00,0x00,0x00,0x00,0x00,0x00,0x00,0x00,0x20,0x00,0x20,0x00,
    0x20,0x00,0x20,0x00,0x20,0x00,0x20,0x00,0xe7,0x39,0x86,0x31,0xc3,0x18,0xc3,0x18,
    0x28,0x42,0x4d,0x6b,0xeb,0x5a,0x28,0x42,0x86,0x31,0x04,0x21,0x66,0x31,0x24,0x21,
    0x65,0x29,0x04,0x21,0xeb,0x5a,0x65,0x29,0x04,0x21,0xaa,0x52,0x86,0x31,0x45,0x29,
    0x86,0x31,0xe8,0x41,0x28,0x42,0xcb,0x5a,0x8a,0x52,0xab,0x5a,0xaa,0x52,0x69,0x4a,
    0x08,0x42,0x28,0x42,0x45,0x29,0x44,0x21,0x24,0x21,0xe3,0x18,0xc3,0x18,0x04,0x21,
    0x24,0x21,0x85,0x29,0xa6,0x31,0x8a,0x52,0x8d,0x73,0x6d,0x6b,0x0c,0x63,0x8d,0x73,
    0x8e,0x73,0x8e,0x73,0x6d,0x6b,0x8e,0x73,0x71,0x8c,0x71,0x8c,0xcf,0x7b,0xae,0x73,
    0xae,0x73,0x4c,0x6b,0x2c,0x63,0x0c,0x63,0xaa,0x52,0xaa,0x5a,0x0c,0x63,0xcb,0x5a,
    0x49,0x4a,0x08,0x42,0xa7,0x31,0x03,0x21,0x24,0x21,0x45,0x29,0xc3,0x18,0xa2,0x10,
    0xa2,0x10,0x82,0x10,0x82,0x10,0xa2,0x10,0xa2,0x10,0xa2,0x10,0xa2,0x10,0xc3,0x18,
    0xc3,0x18,0x04,0x21,0x86,0x31,0x86,0x31,0xc6,0x39,0x86,0x31,0x69,0x4a,0x2c,0x63,
    0xeb,0x5a,0x50,0x8c,0x91,0x94,0xcf,0x7b,0x51,0x8c,0x51,0x8c,0x14,0xa5,0x14,0xa5,
    0xb6,0xb5,0xb2,0x94,0x51,0x8c,0xb2,0x94,0x34,0xa5,0x92,0x94,0xcf,0x7b,0x6d,0x6b,
    0xeb,0x5a,0xc7,0x39,0x86,0x31,0x07,0x42,0xa6,0x31,0x24,0x21,0x04,0x21,0xe3,0x18,
    0xc3,0x18,0xc3,0x18,0xa2,0x10,0x82,0x10,0x82,0x10,0x82,0x10,0xa2,0x18,0x04,0x21,
    0xe3,0x18,0xe3,0x18,0x44,0x21,0xc7,0x39,0xc7,0x39,0xe7,0x39,0xaa,0x52,0x4d,0x6b,
    0x0c,0x63,0x6d,0x73,0x71,0x8c,0xf3,0x9c,0xb2,0x94,0x71,0x8c,0x92,0x94,0xb2,0x94,
    0x34,0xa5,0x14,0xa5,0xb2,0x94,0x10,0x84,0xef,0x7b,0xcf,0x7b,0x50,0x8c,0xd2,0x9c,
    0x92,0x94,0xcf,0x7b,0x6d,0x6b,0x2c,0x63,0x69,0x4a,0x08,0x42,0xa6,0x31,0x45,0x29,
    0xe3,0x18,0xa2,0x10,0xa2,0x10,0xe3,0x18,0xe3,0x18,0x04,0x21,0x86,0x31,0xc7,0x39,
    0xe7,0x39,0x0b,0x63,0x49,0x4a,0x49,0x4a,0x69,0x4a,0x28,0x42,0x49,0x4a,0x08,0x42,
    0xc7,0x39,0x86,0x31,0x24,0x21,0x08,0x42,0xe3,0x18,0x61,0x08,0xc3,0x18,0xe3,0x18,
    0x82,0x10,0xc3,0x18,0x82,0x10,0x82,0x10,0x86,0x31,0x49,0x4a,0xab,0x5a,0xa6,0x31,
    0x41,0x08,0x61,0x08,0x82,0x10,0x82,0x10,0x04,0x21,0x86,0x31,0x82,0x10,0x00,0x00,
    0x41,0x08,0x61,0x08,0x61,0x08,0x41,0x08,0x61,0x08,0x82,0x10,0x82,0x10,0x82,0x10,
    0x82,0x10,0x82,0x10,0x82,0x10,0xa2,0x10,0xa2,0x10,0xa2,0x10,0xc2,0x10,0xa2,0x10,
    0xa2,0x10,0x82,0x10,0x82,0x10,0x82,0x10,0x82,0x10,0x61,0x08,0x61,0x08,0x41,0x08,
    0x00,0x00,0x00,0x00,0x00,0x00,0x00,0x00,0x00,0x00,0x00,0x00,0x00,0x00,0x00,0x00,
    0x00,0x00,0x00,0x00,0x00,0x00,0x00,0x00,0x00,0x00,0x00,0x00,0x00,0x00,0x00,0x00,
    0x00,0x00,0x00,0x00,0x00,0x00,0x00,0x00,0x20,0x00,0x20,0x00,0x20,0x00,0x20,0x00,
    0x20,0x00,0x20,0x00,0x20,0x00,0x00,0x00,0x86,0x31,0x04,0x21,0x61,0x08,0x20,0x00,
    0x41,0x08,0x07,0x42,0x2c,0x63,0x49,0x4a,0xe7,0x39,0x45,0x29,0x24,0x21,0x24,0x21,
    0x86,0x31,0xe3,0x18,0x28,0x42,0xe7,0x39,0x82,0x10,0x8a,0x52,0xe7,0x39,0x86,0x31,
    0x65,0x29,0x08,0x42,0x28,0x42,0x69,0x4a,0x69,0x52,0xcb,0x5a,0xcb,0x5a,0xaa,0x52,
    0x28,0x4a,0xc7,0x39,0x86,0x31,0x45,0x29,0xe3,0x18,0xe3,0x18,0xa2,0x10,0xc3,0x18,
    0x45,0x29,0x49,0x4a,0x8a,0x52,0x8a,0x52,0xcb,0x5a,0x2c,0x63,0xae,0x7b,0x0f,0x84,
    0x71,0x8c,0xd2,0x9c,0x13,0xa5,0xf3,0x9c,0x71,0x8c,0x30,0x84,0xef,0x7b,0x71,0x8c,
    0xd3,0x9c,0x14,0xa5,0xd3,0x9c,0xd3,0x9c,0xf3,0xa4,0xf3,0x9c,0x30,0x84,0x8e,0x73,
    0xcb,0x5a,0xc7,0x39,0x86,0x31,0x28,0x42,0x28,0x42,0xe7,0x39,0x08,0x42,0x08,0x42,
    0x24,0x21,0xc2,0x10,0x04,0x21,0xc3,0x18,0xa2,0x10,0xa2,0x10,0xa2,0x10,0xc3,0x18,
    0xc3,0x18,0xc3,0x18,0xe3,0x18,0x04,0x21,0x24,0x21,0xe7,0x39,0x49,0x4a,0x69,0x4a,
    0x30,0x8c,0x51,0x8c,0xcf,0x7b,0xcf,0x7b,0x30,0x84,0x34,0xa5,0x75,0xad,0x75,0xad,
    0x34,0xa5,0x14,0xa5,0x55,0xad,0xf3,0x9c,0x14,0xa5,0xd3,0x9c,0x30,0x84,0x30,0x84,
    0x4d,0x6b,0x49,0x4a,0x85,0x31,0x24,0x21,0x24,0x21,0xe3,0x18,0xc3,0x18,0xa2,0x10,
    0xa2,0x10,0x82,0x10,0x61,0x08,0x82,0x10,0xe3,0x18,0x24,0x21,0x45,0x29,0xa6,0x31,
    0x08,0x42,0x07,0x42,0xc7,0x39,0xc7,0x39,0xe7,0x39,0x28,0x42,0xc7,0x39,0x49,0x4a,
    0x4c,0x6b,0xae,0x73,0x6d,0x6b,0x10,0x84,0x75,0xad,0xb6,0xb5,0x55,0xad,0x96,0xb5,
    0x95,0xad,0x75,0xad,0x55,0xad,0xb2,0x94,0xd2,0x9c,0xd3,0x9c,0xd3,0x9c,0x71,0x8c,
    0xb2,0x94,0x14,0xa5,0xb2,0x94,0x30,0x84,0x6d,0x6b,0x69,0x4a,0xc7,0x39,0x24,0x21,
    0xc3,0x18,0xa2,0x10,0xc3,0x18,0xe3,0x18,0xc3,0x18,0xe3,0x18,0x86,0x31,0x86,0x31,
    0xe7,0x39,0x2c,0x63,0xe7,0x39,0x49,0x4a,0xeb,0x5a,0x69,0x4a,0x49,0x4a,0xcb,0x5a,
    0xe7,0x39,0x08,0x42,0x08,0x42,0x45,0x29,0x24,0x21,0x61,0x08,0xc3,0x18,0xa2,0x10,
    0xe3,0x18,0x61,0x08,0x65,0x29,0x45,0x29,0x65,0x29,0xaa,0x52,0x49,0x4a,0x41,0x08,
    0x61,0x08,0xe3,0x18,0xa2,0x10,0xc3,0x18,0x65,0x29,0xa6,0x31,0x61,0x08,0x41,0x08,
    0x04,0x21,0xc3,0x18,0xe7,0x39,0xae,0x73,0x0c,0x63,0xaa,0x52,0x6a,0x4a,0x49,0x4a,
    0x28,0x42,0x28,0x42,0x08,0x42,0x08,0x42,0x08,0x42,0x08,0x42,0x49,0x4a,0x28,0x42,
    0x08,0x42,0x08,0x42,0x28,0x42,0x69,0x4a,0xaa,0x52,0xeb,0x5a,0x28,0x42,0xe3,0x18,
    0x00,0x00,0x00,0x00,0x00,0x00,0x20,0x00,0x00,0x00,0x00,0x00,0x00,0x00,0x00,0x00,
    0x00,0x00,0x00,0x00,0x00,0x00,0x00,0x00,0x00,0x00,0x00,0x00,0x00,0x00,0x00,0x00,
    0x00,0x00,0x00,0x00,0x00,0x00,0x00,0x00,0x00,0x00,0x20,0x00,0x20,0x00,0x20,0x00,
    0x20,0x00,0x20,0x00,0x20,0x00,0x41,0x08,0x65,0x29,0x65,0x29,0xa2,0x10,0x61,0x08,
    0x61,0x08,0x61,0x08,0xe7,0x39,0xaa,0x52,0xa6,0x31,0x86,0x31,0x04,0x21,0xe3,0x18,
    0xa6,0x31,0x04,0x21,0x45,0x29,0x49,0x4a,0x04,0x21,0x49,0x4a,0x85,0x29,0xa6,0x39,
    0x65,0x29,0x69,0x4a,0xcb,0x5a,0x69,0x4a,0x08,0x42,0xaa,0x52,0x6a,0x52,0x8a,0x52,
    0xaa,0x52,0x29,0x4a,0x45,0x29,0x04,0x21,0xe3,0x18,0xc3,0x18,0xe3,0x18,0x45,0x29,
    0x86,0x31,0xe7,0x41,0x0c,0x63,0x4d,0x6b,0x10,0x84,0x30,0x84,0x92,0x94,0x71,0x8c,
    0x30,0x84,0xb2,0x94,0xd2,0x9c,0xef,0x7b,0x50,0x8c,0xb2,0x94,0xf3,0xa4,0x75,0xad,
    0x75,0xad,0x75,0xad,0x34,0xa5,0xd3,0x9c,0x30,0x84,0x0c,0x63,0xe7,0x41,0x45,0x29,
    0x82,0x10,0x41,0x08,0xe3,0x18,0x24,0x21,0x24,0x21,0x86,0x31,0xc6,0x31,0x86,0x31,
    0x65,0x29,0xc6,0x31,0x24,0x21,0xe3,0x18,0x44,0x29,0xe3,0x18,0xa2,0x10,0xa2,0x10,
    0xa2,0x10,0xc3,0x18,0xa3,0x10,0xc3,0x18,0x86,0x31,0xc7,0x39,0x69,0x4a,0x6d,0x6b,
    0xcf,0x7b,0x71,0x8c,0x71,0x8c,0x91,0x94,0x14,0xa5,0x14,0xa5,0x14,0xa5,0x55,0xad,
    0xf7,0xbd,0x18,0xc6,0x34,0xad,0x92,0x94,0xb2,0x94,0xb6,0xb5,0x34,0xa5,0x10,0x84,
    0x0c,0x63,0x49,0x4a,0xa6,0x31,0x85,0x31,0x24,0x21,0xa2,0x10,0x82,0x10,0x82,0x10,
    0x82,0x10,0xa2,0x10,0xc3,0x18,0x24,0x21,0x24,0x29,0xa6,0x31,0xe7,0x39,0x08,0x42,
    0x08,0x42,0x86,0x31,0x44,0x29,0xa2,0x10,0x61,0x08,0x82,0x10,0xa2,0x10,0x61,0x08,
    0x82,0x10,0x45,0x29,0xc7,0x39,0xc7,0x39,0x49,0x4a,0x2c,0x63,0x10,0x84,0xd3,0x9c,
    0x34,0xa5,0x75,0xad,0x54,0xad,0xb2,0x9c,0x30,0x84,0x51,0x8c,0x92,0x94,0x10,0x84,
    0x71,0x8c,0xf0,0x83,0xcf,0x7b,0x30,0x84,0x6d,0x6b,0x8a,0x52,0xe7,0x39,0x24,0x21,
    0x24,0x21,0xe3,0x18,0xc3,0x18,0xe3,0x18,0xe3,0x18,0xc3,0x18,0x03,0x21,0x65,0x29,
    0x86,0x31,0x28,0x42,0x28,0x42,0x8a,0x52,0x69,0x4a,0xaa,0x52,0xcb,0x5a,0x08,0x42,
    0xeb,0x5a,0xa6,0x31,0x49,0x4a,0x24,0x21,0x65,0x29,0x61,0x08,0xc3,0x18,0x61,0x08,
    0x24,0x21,0x03,0x21,0x82,0x10,0x65,0x29,0x49,0x4a,0x69,0x4a,0xa3,0x10,0xa3,0x10,
    0x04,0x21,0x04,0x21,0x82,0x10,0x04,0x21,0x08,0x42,0xe7,0x39,0x82,0x10,0x61,0x08,
    0xa2,0x10,0x61,0x08,0xe7,0x39,0x51,0x8c,0x4d,0x6b,0xaa,0x52,0x49,0x4a,0x08,0x42,
    0xc7,0x39,0xa6,0x31,0x86,0x31,0x45,0x29,0x24,0x21,0x04,0x21,0x04,0x21,0xe3,0x18,
    0xe3,0x18,0xe3,0x18,0xe3,0x18,0xe3,0x18,0x24,0x21,0x28,0x42,0x86,0x31,0x61,0x08,
    0x20,0x00,0x00,0x00,0x20,0x00,0x20,0x00,0x00,0x00,0x00,0x00,0x20,0x00,0x00,0x00,
    0x00,0x00,0x00,0x00,0x00,0x00,0x00,0x00,0x00,0x00,0x00,0x00,0x00,0x00,0x00,0x00,
    0x00,0x00,0x00,0x00,0x00,0x00,0x00,0x00,0x20,0x00,0x20,0x00,0x20,0x00,0x20,0x00,
    0x20,0x00,0x20,0x00,0x20,0x00,0x20,0x00,0x86,0x31,0x08,0x42,0xc3,0x18,0x61,0x08,
    0x61,0x08,0x41,0x08,0x41,0x08,0x08,0x42,0x08,0x42,0xa6,0x31,0x24,0x21,0xa2,0x10,
    0xa6,0x31,0x24,0x21,0x82,0x10,0x69,0x4a,0x28,0x42,0xc7,0x39,0x45,0x29,0x65,0x29,
    0xa6,0x39,0xaa,0x52,0xaa,0x52,0x8a,0x52,0x08,0x42,0xcb,0x5a,0x49,0x4a,0xe7,0x39,
    0xa6,0x31,0x65,0x29,0x24,0x21,0x65,0x29,0x65,0x29,0xc3,0x18,0xc3,0x18,0x44,0x29,
    0xe7,0x39,0xc7,0x39,0xcb,0x5a,0xae,0x73,0x51,0x8c,0x13,0xa5,0xd2,0x9c,0x92,0x94,
    0xae,0x73,0x2c,0x63,0x0c,0x63,0xcf,0x7b,0xf3,0x9c,0x14,0xa5,0xf3,0xa4,0x92,0x94,
    0xcf,0x7b,0xcb,0x5a,0xe7,0x39,0x65,0x29,0xe3,0x18,0x61,0x08,0x61,0x08,0x41,0x08,
    0x82,0x10,0xc3,0x18,0x61,0x08,0x20,0x00,0x00,0x00,0x00,0x00,0x61,0x08,0xe3,0x18,
    0x86,0x31,0xa6,0x31,0x86,0x31,0xe7,0x39,0xa6,0x31,0x24,0x21,0xe3,0x18,0xc3,0x10,
    0x82,0x10,0x82,0x10,0xa2,0x10,0xa2,0x10,0xc3,0x18,0xc7,0x39,0xeb,0x5a,0xaa,0x52,
    0xae,0x73,0xd3,0x9c,0x92,0x94,0x91,0x8c,0xd3,0x9c,0x96,0xb5,0x18,0xc6,0xf7,0xbd,
    0xd7,0xbd,0x95,0xb5,0x54,0xad,0x91,0x8c,0xd7,0xbd,0x59,0xce,0x75,0xad,0x51,0x8c,
    0xeb,0x5a,0x28,0x42,0x08,0x42,0x86,0x31,0xc3,0x18,0x82,0x10,0x82,0x10,0x82,0x10,
    0xa2,0x10,0xc3,0x18,0x24,0x21,0xa6,0x31,0x86,0x31,0xe7,0x39,0x86,0x31,0x04,0x21,
    0xa2,0x10,0x41,0x08,0x00,0x00,0x41,0x08,0x82,0x10,0xe3,0x18,0x45,0x29,0x65,0x29,
    0xc7,0x39,0xc7,0x39,0xc7,0x39,0x49,0x4a,0x28,0x4a,0xc7,0x39,0x45,0x29,0x65,0x29,
    0xc7,0x39,0x28,0x42,0xeb,0x62,0x10,0x84,0x31,0x8c,0xb2,0x94,0xd3,0x9c,0x51,0x8c,
    0x10,0x84,0x6d,0x6b,0xce,0x7b,0x0f,0x84,0x8e,0x73,0x6d,0x6b,0x2c,0x63,0x89,0x52,
    0x45,0x29,0xa2,0x10,0x82,0x10,0xa2,0x10,0xc3,0x10,0xa2,0x10,0xc3,0x18,0x45,0x29,
    0xe7,0x39,0x08,0x42,0x08,0x42,0x8a,0x52,0x69,0x4a,0xaa,0x5a,0x2c,0x63,0x69,0x4a,
    0xc7,0x39,0x8a,0x52,0xc7,0x39,0xe7,0x39,0x86,0x31,0xa2,0x10,0xa2,0x10,0x82,0x10,
    0x81,0x10,0x86,0x31,0xe3,0x18,0x45,0x29,0xe7,0x39,0x61,0x08,0x61,0x08,0xa2,0x10,
    0xa2,0x10,0xc3,0x18,0xc3,0x18,0x65,0x29,0xaa,0x52,0x08,0x42,0x61,0x08,0x20,0x00,
    0xa2,0x10,0x82,0x10,0x45,0x29,0xcb,0x5a,0x8a,0x52,0x28,0x42,0xe7,0x39,0x86,0x31,
    0x65,0x29,0x65,0x29,0x45,0x29,0x24,0x21,0x04,0x21,0x04,0x21,0xe3,0x18,0xe3,0x18,
    0xe3,0x18,0xe3,0x18,0xc3,0x18,0xa3,0x10,0xa2,0x10,0x24,0x21,0x45,0x29,0x41,0x08,
    0x00,0x00,0x00,0x00,0x00,0x00,0x20,0x00,0x20,0x00,0x20,0x00,0x20,0x00,0x20,0x00,
    0x20,0x00,0x20,0x00,0x00,0x00,0x00,0x00,0x00,0x00,0x00,0x00,0x00,0x00,0x00,0x00,
    0x00,0x00,0x00,0x00,0x00,0x00,0x00,0x00,0x20,0x00,0x20,0x00,0x20,0x00,0x20,0x00,
    0x20,0x00,0x20,0x00,0x20,0x00,0x00,0x00,0x04,0x21,0x8a,0x52,0x86,0x31,0x82,0x10,
    0x61,0x08,0x82,0x10,0x41,0x08,0x82,0x10,0x28,0x42,0xe7,0x39,0x24,0x21,0x24,0x21,
    0x86,0x31,0xc3,0x18,0x61,0x08,0x65,0x29,0xec,0x5a,0x86,0x31,0x45,0x29,0xa6,0x31,
    0x08,0x42,0xaa,0x52,0xab,0x5a,0x0c,0x63,0xaa,0x52,0xaa,0x52,0x8a,0x52,0xe7,0x39,
    0xa6,0x31,0x24,0x21,0x03,0x21,0x24,0x21,0x65,0x29,0x03,0x21,0xc3,0x18,0x24,0x21,
    0x28,0x4a,0x69,0x4a,0x0c,0x63,0x8e,0x73,0x8e,0x73,0xae,0x73,0x8e,0x73,0xcf,0x7b,
    0x30,0x84,0x0f,0x84,0x30,0x8c,0x10,0x84,0x6d,0x6b,0x69,0x4a,0xc7,0x39,0x86,0x31,
    0x86,0x31,0x49,0x4a,0x8a,0x52,0x4d,0x6b,0xae,0x73,0x6e,0x73,0x2c,0x63,0x8a,0x52,
    0xe7,0x39,0xa6,0x31,0x85,0x31,0xa6,0x31,0x24,0x21,0xa2,0x10,0x41,0x08,0x61,0x08,
    0x04,0x21,0xa6,0x31,0xc7,0x39,0xa6,0x31,0x28,0x42,0x49,0x4a,0xc7,0x39,0x04,0x21,
    0xa2,0x10,0x82,0x10,0xa2,0x10,0x82,0x10,0x82,0x10,0x65,0x29,0x8a,0x52,0x6d,0x6b,
    0x71,0x8c,0xf3,0xa4,0x75,0xad,0x96,0xb5,0x95,0xb5,0xd7,0xbd,0x18,0xc6,0x79,0xce,
    0x38,0xc6,0x59,0xce,0x18,0xc6,0x34,0xa5,0xf7,0xbd,0xd7,0xbd,0x75,0xad,0xb2,0x94,
    0x10,0x84,0x0c,0x63,0x28,0x42,0x24,0x21,0x82,0x10,0x82,0x10,0x61,0x08,0xa2,0x10,
    0xc3,0x18,0x24,0x21,0xa6,0x31,0xc7,0x39,0xe7,0x39,0x86,0x31,0x65,0x29,0x04,0x21,
    0x61,0x08,0x82,0x10,0x24,0x21,0x44,0x29,0x86,0x31,0xe7,0x39,0x8a,0x52,0x8e,0x73,
    0x10,0x84,0x92,0x94,0xf3,0x9c,0x55,0xad,0xd7,0xbd,0x75,0xad,0x10,0x84,0x0b,0x63,
    0x28,0x42,0x65,0x29,0xa2,0x10,0x04,0x21,0x08,0x42,0x8a,0x52,0x4d,0x6b,0xae,0x73,
    0x10,0x84,0x71,0x8c,0xcf,0x7b,0x6d,0x6b,0x6d,0x6b,0xeb,0x5a,0xeb,0x5a,0x48,0x42,
    0x24,0x21,0xe3,0x18,0xa2,0x10,0xe3,0x18,0xc3,0x18,0xe3,0x18,0x65,0x29,0x86,0x31,
    0x08,0x42,0x08,0x42,0xa6,0x31,0x8a,0x52,0x2c,0x63,0x0c,0x63,0xca,0x5a,0xcb,0x5a,
    0x65,0x29,0x28,0x42,0x2d,0x6b,0x49,0x4a,0xe7,0x39,0xa2,0x10,0x82,0x10,0xa2,0x10,
    0x61,0x08,0xc3,0x18,0x86,0x31,0x49,0x4a,0xc3,0x18,0x00,0x00,0x41,0x08,0x61,0x08,
    0xe4,0x18,0x65,0x29,0x04,0x21,0xc7,0x39,0xcb,0x5a,0x28,0x42,0x61,0x08,0x20,0x00,
    0xa3,0x10,0xa2,0x10,0x45,0x29,0xeb,0x5a,0xca,0x52,0x49,0x4a,0xe7,0x39,0xa6,0x31,
    0x86,0x31,0x85,0x31,0x65,0x29,0x45,0x29,0x24,0x21,0x04,0x21,0xe3,0x18,0xe3,0x18,
    0xe3,0x18,0xe3,0x18,0xc3,0x18,0xc3,0x18,0xc3,0x10,0x86,0x31,0x45,0x29,0x41,0x08,
    0x82,0x10,0xa2,0x10,0x82,0x10,0x61,0x08,0x82,0x10,0x82,0x10,0x61,0x08,0x82,0x10,
    0xa2,0x10,0xc3,0x18,0x61,0x08,0x00,0x00,0x00,0x00,0x00,0x00,0x00,0x00,0x00,0x00,
    0x00,0x00,0x00,0x00,0x00,0x00,0x00,0x00,0x20,0x00,0x20,0x00,0x20,0x00,0x20,0x00,
    0x20,0x00,0x20,0x00,0x20,0x00,0x20,0x00,0xe3,0x18,0x8a,0x52,0x69,0x4a,0x24,0x21,
    0x82,0x10,0x82,0x10,0x61,0x08,0x00,0x00,0xc3,0x18,0x08,0x42,0x28,0x42,0x04,0x21,
    0xe3,0x18,0xa2,0x10,0x82,0x10,0xc3,0x18,0xeb,0x5a,0xc7,0x39,0x65,0x29,0xcb,0x5a,
    0x0c,0x63,0xaa,0x52,0xcb,0x5a,0xeb,0x5a,0x8a,0x52,0x49,0x4a,0x8a,0x52,0xe7,0x39,
    0xc7,0x39,0x86,0x31,0x24,0x21,0x04,0x21,0x24,0x21,0x03,0x19,0xe3,0x18,0x44,0x29,
    0xc7,0x39,0xcb,0x5a,0x69,0x52,0xeb,0x5a,0xeb,0x5a,0x0b,0x63,0xef,0x7b,0xef,0x7b,
    0xcf,0x7b,0xae,0x73,0xaa,0x52,0x24,0x21,0x82,0x10,0xc3,0x18,0x86,0x31,0xaa,0x52,
    0x8e,0x73,0x30,0x84,0x71,0x8c,0x10,0x84,0xef,0x7b,0xae,0x73,0xce,0x73,0xef,0x7b,
    0xae,0x73,0xaa,0x52,0x28,0x42,0x07,0x3a,0xc6,0x31,0xc7,0x39,0x86,0x31,0xa2,0x10,
    0x20,0x00,0x61,0x08,0xe3,0x18,0x65,0x29,0xe7,0x39,0xc7,0x39,0x85,0x31,0x04,0x21,
    0x04,0x21,0xc3,0x18,0xa2,0x10,0xa2,0x10,0x81,0x10,0xa2,0x10,0xa6,0x31,0xaa,0x52,
    0xcf,0x7b,0x51,0x8c,0x92,0x94,0x92,0x94,0xf3,0x9c,0x34,0xa5,0xd6,0xb5,0x59,0xce,
    0x59,0xce,0x38,0xce,0x75,0xad,0x38,0xc6,0x38,0xc6,0xf7,0xbd,0x96,0xb5,0xb2,0x94,
    0x30,0x84,0x2c,0x63,0xa6,0x31,0x82,0x10,0x82,0x10,0x82,0x10,0x82,0x10,0xa2,0x10,
    0x04,0x21,0x65,0x29,0xc7,0x39,0x08,0x42,0xc7,0x39,0xa6,0x31,0x03,0x19,0x61,0x08,
    0xc3,0x10,0xe7,0x39,0x08,0x42,0xc7,0x39,0xca,0x52,0x6d,0x6b,0x10,0x84,0xae,0x73,
    0x2c,0x63,0x0c,0x5b,0x8a,0x52,0x28,0x42,0x08,0x42,0x69,0x4a,0x2c,0x63,0x2c,0x63,
    0xae,0x73,0x4d,0x6b,0xeb,0x5a,0x69,0x4a,0x45,0x29,0xa2,0x10,0xc3,0x18,0xc7,0x39,
    0xaa,0x52,0x0c,0x63,0x2c,0x63,0x2c,0x63,0xeb,0x5a,0x4d,0x6b,0xcb,0x5a,0x28,0x42,
    0x07,0x42,0xa6,0x31,0xc7,0x39,0x45,0x29,0xe3,0x18,0x65,0x29,0x65,0x29,0x24,0x21,
    0x28,0x42,0x86,0x31,0xa6,0x31,0xaa,0x52,0x0c,0x63,0xaa,0x52,0x08,0x42,0xcb,0x5a,
    0x69,0x4a,0x04,0x21,0xeb,0x5a,0x69,0x4a,0x69,0x4a,0xe3,0x18,0x41,0x08,0xe3,0x18,
    0x61,0x08,0x82,0x10,0x45,0x29,0xe7,0x39,0x24,0x21,0xc3,0x18,0x41,0x08,0xa2,0x10,
    0x44,0x29,0xa6,0x31,0x65,0x29,0x28,0x42,0x8e,0x73,0xaa,0x52,0x61,0x08,0x20,0x00,
    0xa2,0x10,0x82,0x10,0x65,0x29,0xaa,0x52,0x8a,0x52,0x28,0x42,0xe7,0x39,0xc7,0x39,
    0x86,0x31,0x65,0x29,0x45,0x29,0x24,0x21,0x24,0x21,0xe3,0x18,0xe3,0x18,0xe3,0x18,
    0xe3,0x18,0xe3,0x18,0xc3,0x18,0xa2,0x18,0xc3,0x18,0x65,0x29,0x24,0x21,0x61,0x08,
    0x69,0x4a,0x49,0x4a,0xc7,0x39,0x45,0x29,0x45,0x29,0x45,0x29,0x86,0x31,0x45,0x29,
    0x04,0x21,0x24,0x21,0x65,0x29,0xa2,0x10,0x61,0x08,0x20,0x00,0x00,0x00,0x00,0x00,
    0x00,0x00,0x00,0x00,0x20,0x00,0x20,0x00,0x20,0x00,0x20,0x00,0x20,0x00,0x20,0x00,
    0x20,0x00,0x20,0x00,0x20,0x00,0x00,0x00,0xe3,0x18,0xca,0x5a,0xaa,0x52,0x24,0x21,
    0x65,0x29,0xc7,0x39,0x45,0x29,0x04,0x21,0x65,0x29,0x49,0x4a,0xa6,0x31,0x82,0x10,
    0xe3,0x18,0xc2,0x10,0xc3,0x18,0x45,0x29,0xc7,0x39,0xc7,0x39,0x8a,0x52,0x6d,0x73,
    0x08,0x42,0xcb,0x5a,0x2c,0x63,0x8e,0x73,0xcb,0x5a,0x49,0x4a,0xeb,0x5a,0xaa,0x52,
    0x08,0x42,0xa6,0x31,0x24,0x21,0x45,0x29,0x28,0x4a,0xc7,0x39,0x45,0x29,0x86,0x31,
    0x49,0x4a,0x4d,0x6b,0xaa,0x52,0x8a,0x52,0x0c,0x63,0x8e,0x73,0xcf,0x7b,0x0c,0x63,
    0xe7,0x39,0xc3,0x18,0x82,0x10,0x65,0x29,0x08,0x42,0xeb,0x5a,0xaa,0x52,0x08,0x42,
    0x86,0x31,0x86,0x31,0x65,0x29,0x04,0x21,0xa2,0x10,0xa2,0x10,0xe3,0x18,0x45,0x29,
    0xc7,0x39,0x08,0x42,0xcb,0x5a,0xcb,0x5a,0x49,0x4a,0xc7,0x39,0xa6,0x31,0xe7,0x39,
    0x24,0x21,0x61,0x08,0xa2,0x10,0x04,0x21,0x45,0x29,0xc7,0x39,0xe7,0x39,0x24,0x21,
    0xe3,0x18,0xc3,0x18,0x82,0x10,0xc3,0x18,0x04,0x21,0xa2,0x10,0x24,0x21,0xca,0x5a,
    0xcf,0x7b,0xd3,0x9c,0x75,0xad,0xd7,0xbd,0x18,0xc6,0x18,0xc6,0x38,0xc6,0x59,0xce,
    0x38,0xc6,0x38,0xc6,0x79,0xce,0x58,0xc6,0x18,0xc6,0xb6,0xb5,0x75,0xad,0xb2,0x94,
    0x8e,0x73,0x8a,0x52,0x04,0x21,0xa2,0x10,0xa2,0x10,0x61,0x08,0x82,0x10,0xc3,0x18,
    0x45,0x29,0x08,0x42,0xe7,0x39,0xc6,0x39,0x24,0x21,0x82,0x08,0x82,0x10,0x65,0x29,
    0x86,0x31,0xe7,0x39,0x28,0x42,0x6d,0x6b,0x4d,0x6b,0x69,0x4a,0xc7,0x39,0xe3,0x18,
    0x82,0x10,0x82,0x10,0x41,0x08,0x41,0x08,0x61,0x08,0xa2,0x10,0x04,0x21,0x24,0x21,
    0xa6,0x31,0x86,0x31,0x28,0x42,0x0c,0x63,0x4d,0x6b,0x2c,0x63,0xe7,0x39,0xc2,0x10,
    0x61,0x08,0xa2,0x10,0x45,0x29,0x08,0x42,0xcb,0x5a,0x2c,0x63,0xeb,0x5a,0xeb,0x5a,
    0x48,0x4a,0x85,0x31,0xc3,0x18,0xe3,0x18,0xa6,0x31,0x24,0x21,0x03,0x19,0xe7,0x39,
    0x69,0x4a,0x65,0x29,0xc7,0x39,0x8e,0x73,0xcb,0x5a,0x69,0x4a,0xaa,0x52,0x69,0x4a,
    0xaa,0x52,0xc7,0x39,0xa6,0x31,0x0c,0x63,0x8a,0x52,0x04,0x21,0x82,0x10,0x82,0x08,
    0xe3,0x18,0xe3,0x18,0x24,0x21,0x82,0x10,0xc3,0x18,0x45,0x29,0x82,0x10,0x03,0x19,
    0xa6,0x31,0xe7,0x39,0x65,0x29,0xaa,0x52,0xef,0x7b,0x89,0x52,0x41,0x08,0x20,0x00,
    0x82,0x10,0x82,0x10,0x65,0x29,0xaa,0x52,0x8a,0x52,0x08,0x42,0x4c,0x6b,0x30,0x84,
    0xef,0x7b,0x8a,0x52,0x04,0x21,0xaa,0x52,0xae,0x73,0x49,0x4a,0x24,0x21,0x2c,0x63,
    0x24,0x21,0xeb,0x5a,0x86,0x31,0x28,0x42,0x89,0x52,0x45,0x29,0x45,0x29,0x61,0x08,
    0x65,0x29,0x24,0x21,0xe3,0x18,0x04,0x21,0xe3,0x18,0xc3,0x18,0x65,0x29,0xa6,0x31,
    0x45,0x29,0x86,0x31,0xc7,0x39,0x86,0x31,0xc3,0x18,0x20,0x00,0x00,0x00,0x00,0x00,
    0x00,0x00,0x00,0x00,0x20,0x00,0x20,0x00,0x20,0x00,0x20,0x00,0x20,0x00,0x20,0x00,
    0x20,0x00,0x20,0x00,0x40,0x00,0x00,0x00,0xc3,0x18,0x2c,0x63,0x2c,0x63,0x65,0x29,
    0xe3,0x18,0x86,0x31,0xe7,0x39,0xa6,0x31,0xe3,0x18,0x61,0x08,0x45,0x29,0x04,0x21,
    0xe3,0x18,0xe3,0x18,0xe3,0x18,0xa6,0x31,0x08,0x42,0x08,0x42,0x8e,0x73,0xe7,0x39,
    0x28,0x42,0xeb,0x5a,0xeb,0x5a,0x8e,0x73,0x2c,0x63,0x69,0x4a,0x49,0x4a,0x08,0x42,
    0x08,0x42,0xe7,0x39,0xa6,0x31,0x65,0x29,0x85,0x31,0xa6,0x31,0xa6,0x31,0x08,0x42,
    0x89,0x52,0x8a,0x52,0x0c,0x63,0xcb,0x5a,0xaa,0x52,0x49,0x4a,0x45,0x29,0x61,0x08,
    0x61,0x08,0x65,0x29,0x69,0x4a,0x0c,0x63,0x28,0x42,0xc7,0x31,0x04,0x21,0x04,0x21,
    0xa2,0x10,0x61,0x08,0x61,0x08,0x82,0x10,0xa6,0x31,0xc6,0x31,0x45,0x29,0x20,0x00,
    0x40,0x00,0x61,0x08,0xe3,0x18,0xe7,0x39,0xaa,0x52,0xeb,0x5a,0x08,0x42,0x86,0x31,
    0xa6,0x31,0x24,0x21,0xe3,0x18,0x82,0x10,0xe3,0x18,0x65,0x29,0x65,0x29,0x65,0x29,
    0x65,0x29,0x03,0x19,0x81,0x08,0x82,0x08,0x24,0x21,0x44,0x21,0xe3,0x18,0x69,0x4a,
    0xae,0x73,0x34,0xa5,0x38,0xc6,0xf7,0xbd,0x95,0xb5,0x75,0xad,0xd7,0xbd,0x18,0xc6,
    0x17,0xc6,0xb6,0xb5,0x14,0xa5,0x75,0xad,0x75,0xad,0x55,0xad,0x34,0xa5,0x71,0x8c,
    0x6d,0x6b,0x08,0x42,0xe3,0x18,0xe3,0x18,0x82,0x10,0x61,0x08,0x82,0x10,0xe3,0x18,
    0x04,0x21,0x24,0x21,0x65,0x29,0xe3,0x18,0x41,0x08,0xc3,0x18,0x49,0x4a,0x49,0x4a,
    0x08,0x42,0x89,0x52,0x0c,0x63,0x69,0x4a,0x86,0x31,0x82,0x10,0x20,0x00,0x20,0x00,
    0x20,0x00,0xc3,0x18,0x8e,0x73,0x8e,0x6b,0x45,0x29,0x00,0x00,0x41,0x08,0x61,0x08,
    0x82,0x10,0xc3,0x18,0xc2,0x10,0x24,0x21,0xc7,0x39,0xcb,0x5a,0xec,0x5a,0x8a,0x52,
    0x85,0x29,0x41,0x08,0x20,0x00,0xc3,0x18,0xc7,0x39,0x8a,0x52,0xeb,0x5a,0xaa,0x52,
    0x86,0x31,0x04,0x21,0x24,0x21,0xa6,0x31,0xc7,0x39,0x45,0x29,0xc7,0x39,0x48,0x4a,
    0x49,0x4a,0x65,0x29,0x48,0x4a,0xcb,0x5a,0xaa,0x52,0x69,0x4a,0x0c,0x63,0x0b,0x63,
    0x49,0x4a,0x8a,0x52,0x65,0x29,0xaa,0x52,0xeb,0x5a,0x04,0x21,0xa2,0x10,0x41,0x08,
    0x82,0x10,0x24,0x21,0x82,0x10,0x61,0x08,0xe3,0x18,0xe3,0x18,0xc3,0x18,0x65,0x29,
    0x07,0x3a,0xe7,0x39,0x85,0x29,0xeb,0x5a,0x10,0x84,0x89,0x4a,0x41,0x08,0x20,0x00,
    0xa2,0x10,0xa2,0x10,0x65,0x29,0x8a,0x52,0x8a,0x52,0xe7,0x39,0xcf,0x7b,0xcf,0x7b,
    0xeb,0x5a,0xef,0x7b,0xa6,0x31,0xcf,0x7b,0x28,0x42,0xaa,0x52,0x24,0x21,0xce,0x73,
    0xa6,0x31,0xcf,0x7b,0x08,0x42,0xeb,0x5a,0x8a,0x52,0x45,0x29,0x24,0x21,0x61,0x08,
    0x81,0x08,0xa2,0x10,0xe3,0x18,0x04,0x21,0xe3,0x18,0xe3,0x18,0xc3,0x18,0xc3,0x18,
    0xa2,0x10,0x04,0x21,0x24,0x21,0x24,0x21,0x82,0x10,0x20,0x00,0x00,0x00,0x00,0x00,
    0x00,0x00,0x00,0x00,0x00,0x00,0x00,0x00,0x00,0x00,0x20,0x00,0x20,0x00,0x20,0x00,
    0x20,0x00,0x20,0x00,0x41,0x00,0x00,0x00,0xc3,0x18,0xeb,0x5a,0x2c,0x63,0xc7,0x39,
    0x45,0x29,0x65,0x29,0x04,0x21,0x82,0x10,0xa2,0x10,0x82,0x10,0x82,0x10,0x65,0x29,
    0x24,0x21,0xe3,0x18,0xc3,0x18,0x8a,0x52,0x49,0x4a,0xcb,0x5a,0xcb,0x5a,0x24,0x21,
    0x69,0x4a,0x2c,0x63,0xeb,0x5a,0xae,0x73,0x4d,0x6b,0x0c,0x63,0xa6,0x31,0x04,0x21,
    0x45,0x21,0x45,0x29,0xc7,0x39,0xe7,0x39,0xa6,0x31,0x65,0x29,0x04,0x21,0xa6,0x39,
    0x0c,0x63,0xcb,0x5a,0x49,0x4a,0xe7,0x39,0x45,0x29,0x61,0x08,0x20,0x00,0x04,0x21,
    0x28,0x42,0x49,0x4a,0x07,0x3a,0xa6,0x31,0x04,0x21,0x61,0x08,0x41,0x08,0x41,0x08,
    0x40,0x00,0x61,0x08,0x41,0x08,0x20,0x00,0xaa,0x52,0x51,0x8c,0x49,0x4a,0x61,0x08,
    0xa2,0x10,0x40,0x08,0x41,0x08,0x82,0x10,0xc3,0x18,0x85,0x31,0x69,0x4a,0x49,0x4a,
    0x28,0x42,0x49,0x4a,0x08,0x42,0xa6,0x31,0xa2,0x10,0xa2,0x10,0x45,0x29,0x65,0x29,
    0x45,0x29,0x24,0x21,0xa2,0x10,0x82,0x10,0xe3,0x18,0xa6,0x31,0x04,0x21,0xaa,0x52,
    0x92,0x94,0xf3,0x9c,0x18,0xc6,0x9a,0xd6,0xfb,0xde,0xda,0xde,0xba,0xd6,0xda,0xd6,
    0x99,0xce,0x18,0xc6,0x58,0xce,0xfb,0xde,0x9a,0xd6,0x79,0xce,0x38,0xc6,0x75,0xad,
    0x10,0x84,0x08,0x42,0x24,0x21,0x24,0x21,0x82,0x10,0x62,0x08,0xc3,0x18,0x04,0x21,
    0xe3,0x18,0xe3,0x18,0x04,0x21,0xe3,0x18,0x65,0x29,0x69,0x4a,0x89,0x4a,0x69,0x4a,
    0xaa,0x52,0x69,0x4a,0x65,0x29,0x61,0x08,0x04,0x21,0xa2,0x10,0xa2,0x10,0x04,0x21,
    0xe4,0x18,0x82,0x10,0xaa,0x52,0x0b,0x63,0xc3,0x18,0x41,0x08,0xa2,0x10,0x41,0x08,
    0x20,0x00,0x40,0x00,0x61,0x08,0x82,0x10,0xc3,0x18,0x24,0x21,0xa6,0x31,0x28,0x42,
    0x69,0x4a,0x08,0x42,0xa2,0x10,0x20,0x00,0xc2,0x10,0x65,0x29,0x07,0x42,0x49,0x4a,
    0x86,0x31,0x45,0x29,0x04,0x21,0x28,0x42,0x69,0x4a,0xa6,0x31,0x65,0x29,0x8a,0x52,
    0x49,0x4a,0x45,0x29,0xe7,0x39,0x2c,0x6b,0x69,0x4a,0x48,0x42,0xeb,0x5a,0xcb,0x52,
    0x28,0x42,0x49,0x4a,0x8a,0x4a,0x28,0x42,0x4d,0x6b,0x45,0x29,0xe3,0x18,0x82,0x10,
    0x82,0x10,0xa2,0x10,0x82,0x08,0xc3,0x18,0x45,0x29,0x85,0x31,0xe3,0x18,0x45,0x29,
    0x08,0x42,0x28,0x42,0xa6,0x31,0x0c,0x63,0x10,0x84,0x8a,0x52,0x41,0x08,0x20,0x00,
    0xa2,0x10,0xc3,0x18,0x65,0x29,0x8a,0x52,0x8a,0x52,0xe7,0x39,0xcf,0x7b,0x4d,0x6b,
    0x07,0x3a,0xae,0x73,0xa6,0x31,0xcf,0x7b,0xe7,0x39,0xe7,0x39,0x65,0x29,0x2c,0x63,
    0x28,0x42,0xae,0x73,0x69,0x4a,0x0c,0x63,0x08,0x42,0x65,0x29,0x24,0x21,0x61,0x08,
    0x24,0x21,0x65,0x29,0xa6,0x31,0xa6,0x31,0xa6,0x31,0xa6,0x31,0x86,0x31,0x45,0x29,
    0x04,0x21,0xa2,0x10,0x03,0x21,0x03,0x21,0xa2,0x10,0x41,0x08,0x20,0x00,0x00,0x00,
    0x00,0x00,0x00,0x00,0x00,0x00,0x00,0x00,0x00,0x00,0x20,0x00,0x00,0x00,0x20,0x00,
    0x20,0x00,0x20,0x00,0x41,0x00,0x20,0x00,0xe3,0x18,0x2c,0x63,0xae,0x73,0x08,0x42,
    0x45,0x29,0xa6,0x31,0x45,0x29,0xc3,0x18,0xe3,0x18,0x24,0x21,0x61,0x08,0xe3,0x18,
    0x04,0x21,0xc3,0x18,0xa6,0x31,0xaa,0x52,0x49,0x4a,0xcf,0x7b,0x49,0x4a,0x08,0x42,
    0xaa,0x52,0xaa,0x52,0x0b,0x63,0xce,0x73,0x6d,0x6b,0xcb,0x5a,0x49,0x4a,0x24,0x21,
    0x04,0x21,0xa2,0x10,0x24,0x21,0xc7,0x39,0xa6,0x31,0x04,0x21,0xe3,0x18,0xe7,0x39,
    0x08,0x42,0xe7,0x39,0x65,0x29,0xc3,0x10,0x20,0x00,0x20,0x00,0x24,0x21,0xc7,0x39,
    0x86,0x31,0x45,0x29,0x45,0x29,0x82,0x08,0x41,0x08,0x82,0x10,0x20,0x00,0x20,0x00,
    0x82,0x10,0xa2,0x10,0x61,0x08,0x00,0x00,0x20,0x00,0xa2,0x10,0x20,0x00,0x04,0x21,
    0x86,0x31,0xe3,0x18,0xc2,0x18,0xa6,0x31,0x65,0x29,0x61,0x08,0xe3,0x18,0xe7,0x39,
    0xaa,0x52,0xaa,0x52,0x8a,0x52,0x69,0x4a,0xa6,0x31,0x04,0x21,0xc2,0x10,0xc3,0x18,
    0xc3,0x18,0x04,0x21,0xc3,0x18,0xa2,0x10,0xa2,0x10,0x86,0x31,0x65,0x29,0xa6,0x31,
    0xae,0x73,0xd3,0x9c,0xd7,0xbd,0x38,0xc6,0x9a,0xd6,0x9a,0xd6,0x79,0xce,0xfb,0xde,
    0xdb,0xde,0xdb,0xde,0xda,0xd6,0x9a,0xd6,0x38,0xc6,0x38,0xc6,0xb6,0xb5,0x55,0xad,
    0xef,0x7b,0x45,0x29,0x86,0x31,0x65,0x29,0xa2,0x10,0xa2,0x10,0xa2,0x10,0xc2,0x18,
    0xa2,0x10,0xc2,0x10,0x44,0x21,0x08,0x42,0x8a,0x52,0xeb,0x5a,0xaa,0x52,0x49,0x4a,
    0xc7,0x39,0xa3,0x10,0xa2,0x10,0x49,0x4a,0x4d,0x6b,0x45,0x29,0x24,0x21,0x07,0x42,
    0xc7,0x39,0x20,0x00,0x00,0x00,0x00,0x00,0x00,0x00,0x61,0x08,0x45,0x29,0xe3,0x18,
    0x82,0x08,0x41,0x08,0xc3,0x18,0xc3,0x10,0x61,0x08,0x82,0x10,0xc3,0x18,0x65,0x29,
    0x45,0x29,0xa6,0x31,0x65,0x29,0x82,0x10,0x20,0x00,0x82,0x10,0xe3,0x18,0xc7,0x39,
    0x07,0x42,0x65,0x29,0x82,0x10,0x65,0x29,0xe7,0x39,0x48,0x4a,0x28,0x42,0xc6,0x31,
    0x65,0x29,0xc6,0x31,0x48,0x4a,0xae,0x73,0xeb,0x5a,0x0c,0x63,0xaa,0x52,0xcb,0x5a,
    0x28,0x42,0xa6,0x31,0x49,0x4a,0x69,0x4a,0x8e,0x73,0xe7,0x39,0xe3,0x18,0xc3,0x18,
    0x82,0x10,0x62,0x10,0x20,0x00,0xc3,0x18,0xa6,0x31,0x86,0x31,0x04,0x21,0xc7,0x39,
    0x8a,0x52,0x28,0x42,0xe7,0x39,0x6d,0x6b,0x10,0x84,0x69,0x4a,0x41,0x08,0x20,0x00,
    0xa2,0x10,0xc3,0x10,0x65,0x29,0x8a,0x52,0x8a,0x52,0xe7,0x39,0x8e,0x73,0x51,0x8c,
    0x30,0x84,0xeb,0x5a,0x04,0x21,0xae,0x73,0x30,0x84,0x51,0x8c,0x49,0x4a,0xaa,0x52,
    0x0c,0x63,0x2c,0x63,0xca,0x52,0x2c,0x63,0x86,0x31,0x86,0x31,0x24,0x21,0x61,0x08,
    0x04,0x21,0x04,0x21,0xe3,0x18,0xe3,0x18,0xe3,0x18,0xc3,0x18,0xa2,0x10,0xe3,0x18,
    0xe7,0x39,0x86,0x31,0x04,0x21,0xa2,0x10,0x82,0x10,0x41,0x08,0x20,0x00,0x00,0x00,
    0x00,0x00,0x00,0x00,0x00,0x00,0x00,0x00,0x00,0x00,0x00,0x00,0x00,0x00,0x00,0x00,
    0x20,0x00,0x20,0x00,0x41,0x08,0x00,0x00,0x04,0x21,0xae,0x73,0x71,0x8c,0x69,0x4a,
    0x86,0x31,0xe7,0x39,0x86,0x31,0x04,0x21,0x04,0x21,0xa6,0x31,0x24,0x21,0x82,0x10,
    0xe3,0x18,0x65,0x29,0x28,0x42,0x69,0x4a,0xeb,0x5a,0x69,0x4a,0x49,0x4a,0xa6,0x31,
    0x08,0x42,0x6d,0x6b,0xeb,0x5a,0x8d,0x73,0xae,0x73,0x8a,0x52,0xcb,0x5a,0x07,0x3a,
    0x45,0x29,0x24,0x21,0xa2,0x10,0x82,0x10,0x61,0x08,0xe3,0x18,0x49,0x4a,0x8a,0x52,
    0xa6,0x31,0x24,0x21,0xa2,0x10,0x41,0x08,0x20,0x00,0xe3,0x18,0x04,0x21,0x24,0x21,
    0xa2,0x10,0xc3,0x18,0x81,0x08,0x81,0x10,0x04,0x21,0xa7,0x31,0x82,0x10,0xa2,0x10,
    0x45,0x29,0xc7,0x39,0x04,0x21,0x00,0x00,0x40,0x00,0x20,0x00,0x41,0x08,0x28,0x42,
    0x0c,0x63,0xe7,0x39,0xa6,0x31,0x2c,0x63,0x10,0x84,0x0c,0x63,0x24,0x21,0x82,0x10,
    0x65,0x29,0xe7,0x39,0x8a,0x52,0xeb,0x5a,0xaa,0x52,0xaa,0x52,0xa6,0x31,0x24,0x21,
    0x04,0x21,0x04,0x21,0xe3,0x18,0xe3,0x18,0xc3,0x18,0xa6,0x31,0xe7,0x39,0x65,0x29,
    0x4d,0x6b,0x34,0xa5,0xd7,0xbd,0x17,0xbe,0xba,0xd6,0x9a,0xd6,0x58,0xce,0xba,0xd6,
    0x9a,0xd6,0xba,0xd6,0xdb,0xde,0xba,0xd6,0x17,0xc6,0xb6,0xb5,0x96,0xad,0x14,0xa5,
    0x6d,0x6b,0x65,0x29,0xc7,0x39,0x65,0x29,0xe3,0x18,0xe3,0x18,0x24,0x21,0x65,0x29,
    0x24,0x21,0xc7,0x39,0xae,0x73,0x4d,0x6b,0x49,0x4a,0x28,0x42,0xe7,0x39,0x24,0x21,
    0x82,0x10,0x65,0x29,0x8e,0x73,0x14,0xa5,0x92,0x94,0xe7,0x39,0xc7,0x39,0x8a,0x52,
    0xcb,0x5a,0xa2,0x10,0x20,0x00,0x20,0x00,0x00,0x00,0xc3,0x18,0x08,0x42,0xa6,0x31,
    0x24,0x21,0x82,0x10,0x86,0x31,0x86,0x31,0xc3,0x18,0x61,0x08,0x41,0x08,0xa2,0x10,
    0x24,0x21,0x04,0x21,0xe3,0x18,0x81,0x10,0x20,0x00,0x82,0x10,0xc3,0x18,0x82,0x10,
    0xa2,0x10,0x65,0x29,0x24,0x21,0x82,0x10,0x24,0x21,0x04,0x21,0xa2,0x10,0x86,0x31,
    0x2c,0x63,0x28,0x42,0x69,0x4a,0x2c,0x63,0x8a,0x52,0xcb,0x5a,0xcb,0x5a,0xeb,0x5a,
    0xeb,0x5a,0x65,0x29,0xe7,0x39,0x08,0x42,0x4d,0x6b,0x08,0x42,0x82,0x10,0x45,0x21,
    0x61,0x08,0x82,0x10,0x82,0x10,0x45,0x29,0x08,0x42,0xe7,0x39,0x04,0x21,0x28,0x42,
    0x0b,0x63,0x49,0x4a,0xe7,0x39,0xcf,0x7b,0x10,0x84,0xc7,0x39,0x20,0x00,0x20,0x00,
    0xa2,0x10,0xa2,0x10,0x65,0x31,0xaa,0x52,0x89,0x52,0xc7,0x39,0xae,0x73,0x8e,0x73,
    0x8a,0x52,0xce,0x7b,0x08,0x42,0xcf,0x7b,0xe7,0x39,0xcf,0x7b,0x65,0x29,0x28,0x42,
    0xcf,0x7b,0x8a,0x52,0x2c,0x63,0x4d,0x6b,0x24,0x21,0x86,0x31,0x24,0x21,0x61,0x08,
    0xa2,0x10,0xa2,0x10,0xa2,0x10,0xa2,0x10,0xe3,0x18,0x04,0x21,0xe3,0x18,0xc2,0x10,
    0x04,0x21,0xa6,0x31,0x04,0x21,0x61,0x08,0x82,0x10,0x41,0x08,0x20,0x00,0x20,0x00,
    0x20,0x00,0x20,0x00,0x00,0x00,0x00,0x00,0x00,0x00,0x00,0x00,0x00,0x00,0x00,0x00,
    0x00,0x00,0x20,0x00,0x40,0x00,0x20,0x00,0xe3,0x18,0x2c,0x63,0x10,0x84,0x69,0x4a,
    0xa6,0x31,0x28,0x42,0xc7,0x39,0x24,0x21,0x45,0x29,0xa6,0x31,0x65,0x29,0xa2,0x10,
    0x03,0x19,0xc3,0x18,0xeb,0x5a,0x69,0x4a,0xaa,0x52,0x08,0x42,0x07,0x42,0x65,0x29,
    0xaa,0x52,0x6d,0x6b,0x4d,0x6b,0x0c,0x63,0x8e,0x73,0xeb,0x5a,0x28,0x42,0x08,0x42,
    0x44,0x29,0x08,0x42,0x28,0x42,0xa6,0x31,0x24,0x21,0x45,0x29,0x07,0x42,0xe7,0x39,
    0xc7,0x39,0xc3,0x18,0x82,0x10,0x41,0x08,0x61,0x08,0xc3,0x18,0xe3,0x18,0xe3,0x18,
    0x61,0x08,0x40,0x00,0xa2,0x10,0x04,0x21,0xc7,0x39,0xeb,0x5a,0x45,0x29,0x24,0x21,
    0xc7,0x39,0x86,0x31,0xe7,0x39,0xc2,0x18,0x20,0x00,0x61,0x08,0x04,0x21,0x0c,0x63,
    0xae,0x73,0x8a,0x52,0xc7,0x39,0xef,0x7b,0x34,0xa5,0xf3,0x9c,0x8e,0x73,0x65,0x29,
    0xc2,0x18,0xc3,0x18,0x65,0x29,0xe7,0x39,0xcb,0x5a,0x4d,0x6b,0xae,0x73,0xcb,0x5a,
    0x89,0x52,0xaa,0x52,0xa6,0x31,0x65,0x29,0xe3,0x18,0xa6,0x31,0x49,0x4a,0xc7,0x39,
    0x6d,0x6b,0x34,0xa5,0xd7,0xbd,0xd7,0xbd,0xba,0xd6,0xdb,0xde,0xba,0xd6,0x1c,0xe7,
    0x1c,0xe7,0xfb,0xde,0xdb,0xde,0xba,0xd6,0x38,0xc6,0xf7,0xbd,0x96,0xb5,0xf3,0x9c,
    0x6d,0x6b,0xa6,0x31,0x28,0x42,0x44,0x29,0x45,0x29,0x24,0x21,0x28,0x42,0x0b,0x63,
    0x28,0x42,0xae,0x73,0x8e,0x73,0x48,0x42,0x45,0x29,0x04,0x21,0x81,0x08,0xa2,0x10,
    0x65,0x29,0xcf,0x7b,0x34,0xa5,0x96,0xb5,0x75,0xad,0xaa,0x52,0xe7,0x39,0xcb,0x5a,
    0x6d,0x6b,0x07,0x42,0xe3,0x18,0x82,0x10,0xe3,0x18,0x69,0x4a,0x28,0x42,0xc7,0x39,
    0x86,0x31,0xe3,0x18,0xaa,0x52,0x49,0x4a,0x65,0x29,0xe3,0x18,0x41,0x08,0x00,0x00,
    0x82,0x10,0xc3,0x18,0x65,0x29,0xe3,0x18,0xa2,0x10,0x41,0x08,0xe3,0x18,0x24,0x21,
    0x24,0x21,0x69,0x4a,0x86,0x31,0xc3,0x18,0x65,0x29,0x65,0x29,0x08,0x42,0xcb,0x5a,
    0xc7,0x39,0x44,0x29,0xaa,0x52,0x8e,0x73,0xeb,0x5a,0x89,0x52,0xca,0x5a,0xcb,0x52,
    0x2c,0x63,0xe7,0x39,0x86,0x31,0xc7,0x39,0xeb,0x5a,0x69,0x4a,0x62,0x08,0x45,0x29,
    0xe4,0x18,0x61,0x08,0xc2,0x10,0xa6,0x31,0x89,0x52,0xe7,0x39,0x24,0x21,0x69,0x4a,
    0x4d,0x6b,0x69,0x4a,0x08,0x42,0xef,0x7b,0xef,0x7b,0x86,0x31,0x20,0x00,0x20,0x00,
    0xa2,0x10,0xc2,0x18,0x65,0x29,0x8a,0x52,0x69,0x4a,0xc7,0x39,0xce,0x7b,0x2c,0x63,
    0x86,0x31,0x0f,0x7c,0x8a,0x52,0xcf,0x7b,0x65,0x29,0xef,0x7b,0x65,0x29,0xa6,0x31,
    0x51,0x8c,0x08,0x42,0x6d,0x6b,0x6d,0x6b,0xc3,0x18,0xc7,0x39,0x45,0x29,0x61,0x08,
    0xc3,0x10,0xc3,0x18,0xe3,0x18,0xe3,0x18,0x24,0x21,0x65,0x29,0x24,0x21,0x03,0x21,
    0xa2,0x10,0x04,0x21,0xc3,0x18,0x61,0x08,0x82,0x10,0x41,0x08,0x20,0x00,0x20,0x00,
    0x00,0x00,0x00,0x00,0x00,0x00,0x00,0x00,0x00,0x00,0x00,0x00,0x00,0x00,0x00,0x00,
    0x00,0x00,0x20,0x00,0x41,0x08,0x20,0x00,0xc3,0x18,0xcb,0x5a,0xef,0x7b,0xaa,0x52,
    0xa6,0x31,0x49,0x4a,0x08,0x42,0x86,0x31,0x65,0x29,0x08,0x42,0xc7,0x39,0x86,0x31,
    0x61,0x08,0x04,0x21,0xcb,0x5a,0x8a,0x52,0x6d,0x6b,0x28,0x42,0xe7,0x39,0xa6,0x31,
    0x69,0x4a,0x8e,0x73,0x8e,0x73,0xae,0x73,0xcb,0x5a,0xcb,0x5a,0x08,0x42,0x49,0x4a,
    0x69,0x4a,0xa6,0x31,0xa6,0x31,0xe7,0x39,0xaa,0x52,0x86,0x31,0xa2,0x10,0x04,0x21,
    0xe3,0x18,0x61,0x08,0x41,0x08,0x61,0x08,0xa2,0x10,0xc3,0x18,0xa2,0x10,0x61,0x08,
    0x41,0x08,0x41,0x08,0xe3,0x18,0xa6,0x31,0x28,0x42,0x6d,0x6b,0xaa,0x52,0x04,0x21,
    0xe7,0x39,0x69,0x4a,0x0c,0x63,0xcb,0x5a,0x07,0x42,0x28,0x42,0x0c,0x63,0xcf,0x7b,
    0xae,0x73,0x28,0x42,0x69,0x4a,0x14,0xa5,0x75,0xad,0x96,0xb5,0xd3,0x9c,0x6d,0x6b,
    0xe7,0x39,0x07,0x42,0x04,0x21,0x61,0x08,0xe3,0x18,0xe7,0x39,0x30,0x84,0x34,0xad,
    0x51,0x8c,0x51,0x8c,0xaa,0x52,0x28,0x42,0x65,0x29,0xe7,0x39,0xcb,0x5a,0x86,0x31,
    0x0b,0x63,0x92,0x94,0xd7,0xbd,0x18,0xc6,0x79,0xce,0xba,0xd6,0xfb,0xde,0xfb,0xde,
    0x1c,0xe7,0x1c,0xe7,0xfb,0xde,0xba,0xd6,0x18,0xc6,0xb6,0xb5,0x13,0xa5,0x50,0x8c,
    0x8a,0x52,0xe7,0x39,0x28,0x42,0x24,0x21,0xc7,0x39,0x08,0x42,0xcb,0x5a,0xae,0x73,
    0x75,0xad,0x14,0xa5,0xc7,0x39,0x45,0x29,0x45,0x29,0x45,0x29,0xef,0x7b,0x8a,0x52,
    0xcb,0x5a,0x71,0x8c,0xf3,0x9c,0xb6,0xb5,0xf7,0xbd,0x10,0x84,0xa6,0x31,0xaa,0x52,
    0xef,0x7b,0xcf,0x7b,0x4d,0x6b,0x69,0x4a,0xae,0x73,0x4c,0x63,0x69,0x4a,0xe7,0x39,
    0xa2,0x10,0xc7,0x39,0x4d,0x6b,0x28,0x42,0xc7,0x39,0x24,0x21,0x82,0x10,0x82,0x10,
    0x82,0x10,0x82,0x10,0xa2,0x10,0xc3,0x18,0xc3,0x18,0x82,0x10,0x20,0x00,0xc3,0x18,
    0x86,0x31,0x24,0x21,0x45,0x29,0x0b,0x63,0xcb,0x5a,0x0b,0x63,0x4c,0x6b,0x89,0x52,
    0x49,0x4a,0xaa,0x52,0xca,0x5a,0x4d,0x6b,0xeb,0x5a,0xeb,0x5a,0x0c,0x63,0x0c,0x63,
    0x2c,0x63,0x28,0x42,0x65,0x29,0x86,0x31,0xeb,0x5a,0xaa,0x52,0xa2,0x10,0xc3,0x18,
    0x65,0x29,0xe3,0x18,0xc3,0x18,0xc7,0x39,0x8a,0x52,0x08,0x42,0x65,0x29,0x8a,0x52,
    0xae,0x73,0x8a,0x52,0x69,0x4a,0x92,0x94,0xef,0x7b,0x45,0x29,0x00,0x00,0x41,0x08,
    0xa2,0x10,0xc2,0x10,0x85,0x29,0x8a,0x52,0x69,0x4a,0xc7,0x39,0xae,0x73,0x71,0x8c,
    0xef,0x7b,0xae,0x73,0xa6,0x31,0x0f,0x84,0x6d,0x6b,0x30,0x84,0xe7,0x39,0x65,0x29,
    0x71,0x8c,0xa6,0x31,0x4d,0x6b,0x4d,0x6b,0xa2,0x10,0xe7,0x39,0x45,0x29,0x61,0x08,
    0xc3,0x18,0xe3,0x18,0xe3,0x18,0xe3,0x18,0x04,0x21,0x45,0x29,0x24,0x21,0xe3,0x18,
    0xa2,0x10,0x04,0x21,0xc3,0x18,0x61,0x08,0x82,0x10,0x41,0x08,0x20,0x00,0x20,0x00,
    0x00,0x00,0x00,0x00,0x00,0x00,0x00,0x00,0x00,0x00,0x00,0x00,0x00,0x00,0x00,0x00,
    0x00,0x00,0x20,0x00,0x41,0x00,0x20,0x00,0xa2,0x10,0xaa,0x52,0x8e,0x73,0xcb,0x5a,
    0xa6,0x31,0x69,0x4a,0xaa,0x52,0xc7,0x39,0x86,0x31,0x69,0x4a,0x8a,0x52,0x04,0x21,
    0x61,0x08,0xe3,0x18,0xa6,0x31,0x0c,0x63,0x2c,0x63,0x07,0x3a,0xe7,0x39,0xc7,0x39,
    0x08,0x42,0x0c,0x63,0x6d,0x6b,0xef,0x7b,0x8e,0x73,0xe7,0x39,0xc7,0x39,0xaa,0x5a,
    0x6d,0x6b,0xeb,0x5a,0xcb,0x5a,0x0c,0x63,0x8a,0x52,0xa6,0x31,0x04,0x21,0xa2,0x10,
    0x82,0x10,0x82,0x10,0x82,0x10,0xa2,0x10,0xa2,0x10,0x61,0x08,0x82,0x10,0x24,0x21,
    0x45,0x29,0xe3,0x18,0xe3,0x18,0xe7,0x39,0x4c,0x63,0xae,0x73,0x10,0x84,0xa6,0x31,
    0x24,0x21,0xca,0x52,0x2c,0x63,0xae,0x73,0x4d,0x6b,0x0b,0x63,0xef,0x7b,0x6d,0x6b,
    0xcb,0x5a,0x28,0x42,0xef,0x7b,0xf7,0xbd,0xb6,0xb5,0x55,0xad,0x51,0x8c,0x0c,0x5b,
    0x8a,0x52,0x51,0x8c,0x69,0x4a,0xae,0x7b,0xaa,0x52,0xa2,0x10,0x28,0x42,0xd3,0x9c,
    0x34,0xa5,0x51,0x8c,0xef,0x7b,0x8a,0x52,0x86,0x31,0xaa,0x52,0xcf,0x7b,0xe7,0x39,
    0xcb,0x5a,0x30,0x84,0x75,0xad,0xb6,0xb5,0x18,0xc6,0xba,0xd6,0xdb,0xde,0x3c,0xe7,
    0x3c,0xe7,0x3c,0xe7,0xfb,0xde,0x9a,0xd6,0x18,0xc6,0x75,0xad,0x34,0xa5,0x34,0xa5,
    0xcf,0x7b,0xc7,0x39,0x28,0x42,0x85,0x29,0x28,0x42,0x4d,0x6b,0x30,0x84,0x14,0xa5,
    0x96,0xb5,0x0c,0x63,0xa2,0x10,0x49,0x4a,0xae,0x73,0x28,0x4a,0x51,0x8c,0x8e,0x73,
    0x89,0x52,0xef,0x7b,0xf3,0x9c,0x54,0xa5,0x75,0xad,0x75,0xad,0x0c,0x63,0xc7,0x39,
    0xaa,0x52,0x0c,0x63,0x4d,0x6b,0x49,0x4a,0xce,0x73,0xae,0x73,0x49,0x4a,0xa6,0x31,
    0x45,0x29,0x4d,0x6b,0x4d,0x6b,0x49,0x4a,0xc7,0x39,0x65,0x29,0xa6,0x31,0x08,0x3a,
    0xa6,0x31,0x45,0x29,0xa2,0x10,0xa2,0x10,0xc3,0x18,0xe3,0x18,0xa2,0x10,0x61,0x08,
    0x82,0x10,0x45,0x29,0x69,0x4a,0x6d,0x6b,0x6d,0x6b,0x2c,0x63,0xeb,0x5a,0xeb,0x5a,
    0x2c,0x63,0xeb,0x5a,0x07,0x42,0x69,0x4a,0xeb,0x5a,0x0c,0x63,0x6d,0x6b,0xeb,0x5a,
    0x0c,0x63,0x08,0x42,0x24,0x21,0x65,0x29,0xaa,0x52,0x08,0x42,0x24,0x21,0x82,0x10,
    0x24,0x21,0x45,0x29,0x45,0x29,0x28,0x42,0x69,0x4a,0x69,0x4a,0xa7,0x39,0xaa,0x52,
    0xef,0x7b,0x69,0x4a,0xeb,0x5a,0xd3,0x9c,0x8e,0x73,0xc3,0x18,0x20,0x00,0x41,0x08,
    0xa2,0x10,0xa2,0x10,0x85,0x29,0x8a,0x52,0x69,0x4a,0x08,0x42,0x8a,0x52,0x2c,0x63,
    0xcb,0x5a,0xe7,0x39,0x45,0x29,0x28,0x42,0x8a,0x52,0xc7,0x39,0x65,0x29,0x04,0x21,
    0x28,0x42,0x04,0x21,0xa6,0x31,0x86,0x31,0xc3,0x18,0xc7,0x39,0x24,0x21,0x61,0x08,
    0xe3,0x18,0xe3,0x18,0xe3,0x18,0xe3,0x18,0xe3,0x18,0x04,0x21,0xe3,0x18,0xc3,0x18,
    0x82,0x10,0xc3,0x18,0xc3,0x18,0x61,0x08,0xa2,0x10,0x61,0x08,0x20,0x00,0x20,0x00,
    0x20,0x00,0x00,0x00,0x00,0x00,0x00,0x00,0x00,0x00,0x00,0x00,0x00,0x00,0x00,0x00,
    0x00,0x00,0x20,0x00,0x40,0x00,0x20,0x00,0x61,0x08,0x49,0x4a,0x6d,0x6b,0x0c,0x63,
    0xe7,0x39,0xaa,0x52,0x6d,0x6b,0x08,0x42,0xa6,0x31,0x49,0x4a,0x08,0x42,0x24,0x21,
    0xa2,0x10,0xa2,0x10,0x65,0x29,0xec,0x62,0xcb,0x5a,0xaa,0x52,0xe7,0x39,0x07,0x42,
    0x49,0x4a,0xeb,0x5a,0x0c,0x63,0x8e,0x73,0x8e,0x73,0xaa,0x52,0x65,0x29,0x65,0x29,
    0x28,0x42,0x8a,0x52,0xcb,0x5a,0x49,0x4a,0x49,0x4a,0x69,0x4a,0x08,0x42,0x24,0x21,
    0x04,0x21,0x82,0x10,0x61,0x08,0xa2,0x10,0x82,0x10,0x61,0x08,0x04,0x21,0x08,0x42,
    0x6a,0x52,0xaa,0x52,0x8a,0x52,0x69,0x4a,0x2c,0x63,0xae,0x73,0x10,0x84,0xae,0x7b,
    0x86,0x31,0xa6,0x31,0xcb,0x5a,0x0c,0x63,0x28,0x42,0xe7,0x39,0xaa,0x52,0xaa,0x52,
    0xc7,0x39,0x2c,0x63,0x14,0xa5,0xf3,0x9c,0xd3,0x9c,0x71,0x8c,0xef,0x7b,0x4d,0x6b,
    0xeb,0x5a,0x8a,0x4a,0x08,0x42,0x49,0x4a,0x8a,0x52,0x69,0x4a,0xaa,0x52,0x51,0x8c,
    0x14,0xa5,0xb6,0xb5,0x75,0xad,0xeb,0x62,0x04,0x21,0x8a,0x52,0x6d,0x6b,0x49,0x4a,
    0xcf,0x7b,0xd2,0x9c,0x75,0xad,0xd7,0xbd,0x18,0xc6,0x79,0xce,0x9a,0xd6,0xdb,0xde,
    0x9a,0xd6,0xba,0xd6,0xba,0xd6,0x79,0xce,0x59,0xce,0x9a,0xd6,0x96,0xb5,0xf3,0x9c,
    0xae,0x73,0x28,0x42,0xeb,0x5a,0xa6,0x31,0xc7,0x39,0x30,0x84,0xd7,0xbd,0xd7,0xbd,
    0x10,0x84,0x4d,0x6b,0x2c,0x63,0xaa,0x52,0x28,0x4a,0x6a,0x52,0x28,0x42,0xcb,0x5a,
    0x10,0x84,0x71,0x8c,0x71,0x94,0x71,0x8c,0x92,0x94,0xf3,0x9c,0xd2,0x9c,0x0c,0x63,
    0x48,0x4a,0x49,0x4a,0xe7,0x39,0x86,0x31,0x28,0x42,0x0c,0x63,0xa6,0x31,0x65,0x29,
    0x4d,0x6b,0xcf,0x7b,0x4d,0x6b,0x0b,0x63,0x0c,0x63,0x6d,0x6b,0x2c,0x63,0x0c,0x63,
    0x49,0x4a,0x04,0x21,0xa2,0x10,0xe3,0x18,0x24,0x21,0x24,0x21,0xc3,0x18,0xc3,0x18,
    0xe3,0x18,0x44,0x21,0xa6,0x31,0x28,0x42,0x8a,0x52,0x08,0x42,0xa6,0x31,0xa6,0x31,
    0x45,0x29,0x86,0x31,0xe7,0x39,0xef,0x7b,0xae,0x73,0xcb,0x5a,0x6d,0x6b,0xcb,0x5a,
    0xeb,0x5a,0x29,0x4a,0x24,0x21,0x08,0x42,0x2c,0x63,0x45,0x29,0xa6,0x31,0xa2,0x10,
    0xc3,0x18,0x07,0x3a,0x08,0x42,0x28,0x42,0x48,0x4a,0x69,0x4a,0xa6,0x31,0x2c,0x63,
    0x30,0x84,0x49,0x4a,0x6d,0x6b,0x30,0x84,0xaa,0x52,0x61,0x08,0x20,0x00,0x41,0x08,
    0xa2,0x10,0xc3,0x18,0x65,0x29,0x8a,0x52,0x49,0x4a,0x08,0x42,0xc7,0x39,0x86,0x31,
    0x65,0x29,0x86,0x31,0x65,0x29,0x24,0x21,0xe3,0x18,0xc3,0x18,0xc3,0x18,0xe3,0x18,
    0xa3,0x18,0xe3,0x18,0xa2,0x10,0x82,0x08,0xe3,0x18,0xc7,0x39,0x45,0x29,0x61,0x08,
    0xa2,0x10,0xc3,0x18,0xc3,0x18,0xe3,0x18,0xe3,0x18,0x04,0x21,0x24,0x21,0xe3,0x18,
    0x82,0x10,0xc3,0x18,0xe3,0x18,0x61,0x08,0x82,0x10,0x41,0x08,0x20,0x00,0x20,0x00,
    0x20,0x00,0x00,0x00,0x00,0x00,0x00,0x00,0x00,0x00,0x00,0x00,0x00,0x00,0x00,0x00,
    0x00,0x00,0x20,0x00,0x40,0x00,0x20,0x00,0x40,0x00,0xc7,0x39,0x4d,0x6b,0x8e,0x73,
    0x69,0x4a,0xaa,0x52,0xcf,0x7b,0x28,0x42,0xe7,0x39,0x08,0x42,0x28,0x4a,0x65,0x29,
    0x24,0x21,0x61,0x08,0x28,0x4a,0x2c,0x63,0x8a,0x52,0x28,0x42,0x85,0x29,0xc7,0x39,
    0xeb,0x62,0x2c,0x63,0x8e,0x73,0x6d,0x6b,0xaa,0x52,0x8d,0x73,0xef,0x7b,0x6d,0x6b,
    0xeb,0x5a,0x8a,0x52,0x28,0x42,0x86,0x31,0x65,0x29,0xa6,0x31,0x65,0x29,0xc3,0x18,
    0x61,0x08,0x61,0x08,0xa2,0x10,0xc3,0x18,0xc3,0x18,0xa2,0x10,0xc3,0x18,0x86,0x31,
    0x28,0x4a,0x0c,0x63,0xef,0x7b,0x10,0x84,0xef,0x7b,0xef,0x7b,0xef,0x7b,0x51,0x8c,
    0xef,0x7b,0x8a,0x52,0xc7,0x39,0xe7,0x41,0x08,0x42,0x6a,0x4a,0x2c,0x63,0xcf,0x7b,
    0x92,0x94,0x34,0xa5,0x55,0xad,0x14,0xa5,0x14,0xa5,0x75,0xad,0x14,0xa5,0xb2,0x94,
    0xef,0x7b,0x8e,0x73,0xef,0x7b,0x30,0x84,0x71,0x8c,0xf3,0x9c,0xf3,0x9c,0xd3,0x9c,
    0x51,0x8c,0xf7,0xc5,0x92,0x94,0xcb,0x5a,0xc7,0x39,0x0c,0x63,0x8e,0x73,0x49,0x4a,
    0x8d,0x73,0xf3,0x9c,0x95,0xb5,0xd7,0xbd,0x18,0xc6,0x59,0xce,0x9a,0xd6,0x99,0xce,
    0x79,0xd6,0x9a,0xd6,0x58,0xce,0xf7,0xbd,0x18,0xc6,0x18,0xc6,0x75,0xad,0xb2,0x94,
    0x10,0x84,0xaa,0x52,0x2c,0x63,0x49,0x4a,0x65,0x29,0x6d,0x6b,0x75,0xad,0xf3,0x9c,
    0x6d,0x6b,0xb2,0x94,0x75,0xad,0x34,0xad,0x35,0xa5,0xd3,0x9c,0x71,0x8c,0xd3,0x9c,
    0xb2,0x94,0x71,0x8c,0x96,0xb5,0x75,0xad,0x55,0xad,0x95,0xad,0x34,0xa5,0x55,0xad,
    0xd2,0x9c,0x30,0x84,0xef,0x7b,0xae,0x73,0xaa,0x52,0x49,0x4a,0xaa,0x52,0xae,0x73,
    0x51,0x8c,0x71,0x8c,0x92,0x94,0x92,0x94,0x71,0x8c,0xcf,0x7b,0x8e,0x73,0xcb,0x5a,
    0xc7,0x31,0x04,0x21,0x82,0x10,0x45,0x29,0x86,0x31,0x45,0x29,0x25,0x29,0x24,0x21,
    0x85,0x31,0x65,0x29,0x65,0x29,0xe7,0x39,0xaa,0x52,0x2c,0x63,0x8e,0x73,0x6d,0x6b,
    0x4c,0x6b,0xae,0x7b,0xcf,0x7b,0xae,0x73,0xcb,0x5a,0x2c,0x63,0x0c,0x63,0x0c,0x63,
    0xeb,0x5a,0x8a,0x52,0x04,0x21,0x49,0x4a,0x49,0x4a,0x45,0x29,0x08,0x42,0xe3,0x18,
    0x61,0x08,0xc7,0x39,0xaa,0x52,0x86,0x31,0x8a,0x52,0xaa,0x52,0xa6,0x31,0x0c,0x63,
    0xcf,0x7b,0x8a,0x52,0x30,0x84,0xcf,0x7b,0xe7,0x39,0x20,0x00,0x20,0x00,0x41,0x08,
    0xc2,0x18,0xc3,0x18,0x66,0x29,0x69,0x4a,0x49,0x4a,0x07,0x3a,0xe7,0x39,0xc7,0x39,
    0xa6,0x31,0xa6,0x31,0x65,0x29,0x45,0x29,0x24,0x21,0x04,0x21,0x04,0x21,0xe3,0x18,
    0xe3,0x18,0xe3,0x18,0xc3,0x18,0xa2,0x10,0xc3,0x18,0xc7,0x39,0x65,0x29,0x61,0x08,
    0xc7,0x39,0xc3,0x18,0xc3,0x18,0xe3,0x18,0xe3,0x18,0x04,0x21,0x45,0x29,0x04,0x21,
    0x61,0x08,0xa2,0x10,0xc3,0x18,0x61,0x08,0xa2,0x10,0x41,0x08,0x20,0x00,0x20,0x00,
    0x20,0x00,0x00,0x00,0x00,0x00,0x00,0x00,0x00,0x00,0x00,0x00,0x00,0x00,0x00,0x00,
    0x00,0x00,0x20,0x00,0x40,0x00,0x41,0x08,0x20,0x00,0x45,0x29,0x0c,0x63,0xef,0x7b,
    0x0c,0x63,0xaa,0x52,0x30,0x84,0x29,0x4a,0x08,0x42,0x08,0x42,0x65,0x29,0x65,0x29,
    0x04,0x21,0x03,0x21,0x8a,0x52,0x4d,0x6b,0x08,0x42,0xc7,0x39,0x65,0x29,0x28,0x42,
    0xeb,0x5a,0xeb,0x5a,0x6d,0x6b,0x2c,0x63,0x28,0x42,0x29,0x4a,0x6d,0x6b,0x71,0x8c,
    0x14,0xa5,0xf3,0x9c,0xb2,0x94,0xd3,0x9c,0xcf,0x7b,0x69,0x4a,0x65,0x29,0x04,0x21,
    0x04,0x21,0xc3,0x18,0x04,0x21,0x85,0x31,0x45,0x29,0x82,0x10,0x04,0x21,0x86,0x31,
    0xc7,0x39,0xeb,0x5a,0xef,0x7b,0xd3,0x9c,0x92,0x94,0xd3,0x9c,0x34,0xa5,0x34,0xa5,
    0x34,0xa5,0x34,0xa5,0xb2,0x94,0x71,0x8c,0xf3,0x9c,0x96,0xb5,0xf7,0xbd,0xf7,0xbd,
    0xd6,0xb5,0xf7,0xbd,0xf8,0xbd,0xd7,0xbd,0xb2,0x94,0x54,0xa5,0x55,0xad,0x55,0xad,
    0x14,0xa5,0x75,0xad,0x18,0xc6,0x75,0xad,0x38,0xce,0x38,0xc6,0x18,0xc6,0x96,0xb5,
    0x71,0x94,0xf3,0x9c,0xef,0x7b,0x49,0x4a,0x49,0x4a,0xcf,0x7b,0x6e,0x73,0x28,0x42,
    0x8e,0x73,0xf3,0x9c,0x54,0xad,0x96,0xb5,0x38,0xc6,0x79,0xce,0xdb,0xde,0xdb,0xde,
    0xdb,0xde,0xfb,0xde,0x79,0xd6,0xb6,0xb5,0xb6,0xb5,0x96,0xb5,0x55,0xad,0xf3,0x9c,
    0x30,0x84,0x49,0x4a,0x6d,0x6b,0x0c,0x63,0xa6,0x31,0xcb,0x5a,0x51,0x8c,0x30,0x84,
    0x14,0xa5,0xb6,0xb5,0xb6,0xb5,0xd7,0xbd,0x55,0xad,0x34,0xa5,0xf3,0x9c,0x55,0xad,
    0x71,0x8c,0x51,0x8c,0x55,0xad,0x72,0x94,0xf7,0xbd,0xd7,0xbd,0xba,0xd6,0x7a,0xce,
    0x9a,0xd6,0x9a,0xd6,0x17,0xc6,0x18,0xc6,0xd6,0xbd,0x75,0xad,0xd6,0xbd,0xb6,0xb5,
    0xb6,0xb5,0x75,0xad,0x34,0xa5,0xb2,0x94,0x4d,0x6b,0x69,0x4a,0xaa,0x52,0x29,0x42,
    0xa6,0x31,0x04,0x21,0xc3,0x18,0xe7,0x39,0x29,0x42,0x08,0x42,0x85,0x31,0xa6,0x31,
    0x49,0x4a,0x69,0x4a,0xeb,0x5a,0x92,0x94,0x92,0x94,0xd3,0x9c,0x14,0xa5,0xf3,0x9c,
    0xcf,0x7b,0xae,0x73,0xef,0x7b,0x8a,0x52,0xeb,0x5a,0xcb,0x5a,0x4d,0x6b,0x4d,0x6b,
    0xaa,0x52,0xaa,0x52,0xa6,0x31,0x49,0x4a,0xa6,0x31,0x86,0x31,0x86,0x31,0x04,0x21,
    0x61,0x08,0x04,0x21,0xe7,0x39,0xc7,0x39,0xaa,0x52,0xaa,0x52,0xc7,0x39,0xaa,0x52,
    0x6d,0x6b,0x0c,0x63,0x92,0x94,0x8e,0x73,0x45,0x29,0x20,0x00,0x20,0x00,0x41,0x08,
    0xc3,0x18,0xc3,0x18,0x65,0x29,0x69,0x4a,0x69,0x4a,0x08,0x42,0xe7,0x39,0xa7,0x39,
    0xa6,0x31,0x86,0x31,0x65,0x29,0x45,0x29,0x04,0x21,0x04,0x21,0x04,0x21,0xe3,0x18,
    0xe3,0x18,0xe3,0x18,0xc3,0x18,0xa2,0x10,0xe3,0x18,0xa6,0x31,0x45,0x29,0x61,0x08,
    0xeb,0x5a,0x86,0x31,0xa2,0x10,0xe3,0x18,0x04,0x21,0x24,0x21,0x24,0x21,0x24,0x21,
    0x82,0x10,0xa2,0x10,0xe3,0x18,0x82,0x10,0xa2,0x10,0x41,0x08,0x20,0x00,0x20,0x00,
    0x20,0x00,0x20,0x00,0x00,0x00,0x00,0x00,0x00,0x00,0x00,0x00,0x00,0x00,0x00,0x00,
    0x00,0x00,0x20,0x00,0x41,0x08,0x40,0x00,0x20,0x00,0xc3,0x18,0x8a,0x52,0xef,0x7b,
    0xcf,0x7b,0x8a,0x52,0x10,0x84,0x28,0x42,0x28,0x42,0x69,0x4a,0xa6,0x31,0x24,0x21,
    0xe3,0x18,0x24,0x21,0x49,0x4a,0xeb,0x5a,0x69,0x4a,0xa6,0x31,0xe7,0x39,0xeb,0x5a,
    0xcb,0x5a,0x4d,0x6b,0x10,0x84,0xae,0x73,0xcb,0x5a,0x49,0x4a,0x2c,0x63,0xef,0x7b,
    0x71,0x8c,0x30,0x84,0x92,0x94,0xd3,0x9c,0x71,0x8c,0x4d,0x6b,0xaa,0x52,0xe7,0x39,
    0x65,0x29,0x86,0x31,0xa6,0x31,0x69,0x4a,0x07,0x42,0x04,0x21,0x04,0x21,0x45,0x29,
    0xc7,0x39,0x49,0x4a,0x8a,0x52,0xeb,0x5a,0xaa,0x52,0x6d,0x6b,0xf3,0x9c,0x55,0xad,
    0x34,0xa5,0x96,0xb5,0xd7,0xbd,0x59,0xce,0x79,0xce,0xf7,0xbd,0x18,0xc6,0xb6,0xbd,
    0x14,0xa5,0xf3,0xa4,0x92,0x94,0xcf,0x7b,0xae,0x73,0xae,0x73,0x51,0x8c,0xef,0x7b,
    0x30,0x84,0xef,0x7b,0x50,0x8c,0x71,0x8c,0xd7,0xbd,0x38,0xc6,0xb6,0xb5,0x96,0xb5,
    0x55,0xad,0x51,0x8c,0x4d,0x6b,0x69,0x4a,0x8a,0x52,0x10,0x84,0x2c,0x63,0xaa,0x52,
    0x0f,0x84,0xf3,0x9c,0x75,0xad,0xd7,0xbd,0xd7,0xbd,0x18,0xc6,0x79,0xce,0x79,0xce,
    0x38,0xc6,0x59,0xce,0x38,0xc6,0x38,0xc6,0x18,0xc6,0xf7,0xbd,0x75,0xad,0x55,0xad,
    0xb2,0x94,0xaa,0x52,0x2c,0x63,0xcf,0x7b,0x8a,0x52,0x8a,0x52,0x8e,0x73,0xb2,0x9c,
    0x38,0xc6,0xd7,0xbd,0xd7,0xbd,0x34,0xa5,0x30,0x84,0x2c,0x63,0xeb,0x5a,0x6d,0x6b,
    0xef,0x7b,0xcf,0x7b,0x0c,0x63,0x0c,0x63,0xeb,0x5a,0x6d,0x6b,0xd3,0x9c,0x71,0x8c,
    0x14,0xa5,0x18,0xc6,0xf3,0xa4,0xf7,0xbd,0x38,0xc6,0x55,0xad,0x71,0x8c,0x10,0x84,
    0xd3,0x9c,0x71,0x8c,0xcb,0x5a,0xeb,0x5a,0x2c,0x63,0xc7,0x31,0x08,0x42,0xeb,0x5a,
    0xa6,0x31,0x45,0x29,0x65,0x29,0xcb,0x5a,0x4d,0x6b,0xeb,0x5a,0x28,0x42,0xc7,0x39,
    0x86,0x31,0x45,0x29,0x0c,0x63,0x10,0x84,0x6d,0x6b,0xce,0x7b,0x51,0x8c,0xef,0x7b,
    0x0c,0x63,0xce,0x73,0xae,0x73,0xe7,0x39,0xcb,0x5a,0x0c,0x63,0x6d,0x6b,0x0c,0x63,
    0x0c,0x63,0x8a,0x52,0x0c,0x63,0x8a,0x52,0xc7,0x39,0x08,0x42,0x04,0x21,0xe3,0x18,
    0xa2,0x10,0x04,0x21,0x86,0x31,0x8a,0x52,0xcb,0x5a,0xeb,0x5a,0x28,0x42,0x08,0x42,
    0x0b,0x63,0x8e,0x73,0x51,0x8c,0xcb,0x5a,0xc3,0x18,0x20,0x00,0x40,0x00,0x41,0x08,
    0xc3,0x18,0xc3,0x18,0x65,0x29,0x69,0x4a,0x69,0x4a,0x08,0x42,0xe7,0x39,0xa6,0x31,
    0xa6,0x31,0xa6,0x31,0x66,0x31,0x66,0x29,0x24,0x21,0x04,0x21,0x04,0x21,0xe3,0x18,
    0xe3,0x18,0xe3,0x18,0xc3,0x18,0xa2,0x10,0xe3,0x18,0xa6,0x31,0x45,0x29,0x61,0x08,
    0xeb,0x5a,0x86,0x31,0xc2,0x18,0xe3,0x18,0x04,0x21,0x24,0x21,0x24,0x21,0x04,0x21,
    0xa2,0x10,0xa2,0x10,0x24,0x21,0xa2,0x10,0x82,0x10,0x41,0x08,0x20,0x00,0x20,0x00,
    0x20,0x00,0x20,0x00,0x00,0x00,0x00,0x00,0x00,0x00,0x00,0x00,0x00,0x00,0x00,0x00,
    0x00,0x00,0x20,0x00,0x41,0x08,0x41,0x00,0x20,0x00,0x61,0x08,0x08,0x42,0xef,0x7b,
    0x92,0x94,0x0c,0x63,0x6d,0x6b,0xe7,0x39,0x28,0x42,0x8a,0x52,0x08,0x42,0x24,0x21,
    0xe3,0x18,0x85,0x31,0x69,0x4a,0xeb,0x5a,0xe7,0x39,0xc7,0x39,0x69,0x4a,0x0c,0x63,
    0xeb,0x5a,0x2c,0x63,0xef,0x7b,0xae,0x73,0x4d,0x6b,0xcb,0x5a,0xcf,0x7b,0x14,0xa5,
    0xf3,0x9c,0xd3,0x9c,0x50,0x8c,0x10,0x84,0xcf,0x7b,0xaa,0x52,0xe7,0x39,0xa6,0x31,
    0xc7,0x39,0xe7,0x39,0x8a,0x52,0xcb,0x5a,0xaa,0x52,0xa6,0x39,0xa2,0x10,0x45,0x29,
    0xe7,0x39,0x08,0x42,0xaa,0x52,0xa6,0x31,0xc7,0x39,0xaa,0x52,0x8e,0x73,0xeb,0x5a,
    0x0c,0x63,0xae,0x73,0x71,0x8c,0x8e,0x73,0xef,0x83,0xae,0x73,0x2c,0x63,0xaa,0x52,
    0xe8,0x41,0x28,0x42,0x4d,0x6b,0x4d,0x6b,0xae,0x73,0xae,0x73,0xae,0x73,0x8a,0x52,
    0x49,0x4a,0x2c,0x63,0xae,0x7b,0xf3,0x9c,0xb6,0xb5,0x75,0xad,0xf3,0x9c,0xd7,0xbd,
    0x55,0xad,0xae,0x73,0xca,0x5a,0xaa,0x52,0x8e,0x73,0x10,0x84,0xeb,0x5a,0xcb,0x5a,
    0xef,0x7b,0x92,0x94,0xb6,0xb5,0x75,0xad,0xf7,0xbd,0x18,0xc6,0x79,0xce,0xdb,0xde,
    0x79,0xce,0x9a,0xd6,0x18,0xc6,0xf7,0xbd,0x18,0xc6,0xf7,0xbd,0xb6,0xb5,0xf3,0x9c,
    0x71,0x8c,0x2c,0x63,0xaa,0x52,0x10,0x84,0x6d,0x6b,0xcb,0x5a,0xeb,0x5a,0xcf,0x7b,
    0x75,0xad,0x96,0xb5,0x96,0xb5,0xf3,0x9c,0x71,0x94,0x71,0x8c,0x2c,0x63,0xe7,0x39,
    0x69,0x4a,0xaa,0x52,0xeb,0x5a,0xaa,0x52,0x8a,0x52,0xcb,0x5a,0xe7,0x39,0xc7,0x39,
    0x8a,0x52,0x69,0x4a,0x69,0x4a,0xeb,0x5a,0x0c,0x63,0x2d,0x63,0xc7,0x39,0x04,0x21,
    0x2c,0x63,0xec,0x5a,0x86,0x31,0xa6,0x31,0x0c,0x63,0x8a,0x52,0xaa,0x52,0xcb,0x5a,
    0x86,0x31,0x24,0x21,0xaa,0x52,0x6d,0x6b,0xae,0x73,0x0c,0x63,0x0c,0x63,0x69,0x52,
    0xc7,0x39,0x65,0x29,0x28,0x4a,0x2c,0x63,0x10,0x84,0x92,0x94,0xd3,0x9c,0xae,0x73,
    0x8e,0x73,0x30,0x84,0x4d,0x6b,0xe7,0x39,0x69,0x4a,0xeb,0x5a,0x2c,0x63,0xcb,0x5a,
    0x49,0x4a,0x69,0x4a,0xcb,0x5a,0x69,0x4a,0xa6,0x31,0x85,0x29,0x24,0x29,0xa2,0x10,
    0xc3,0x18,0x04,0x21,0xc6,0x39,0x8a,0x52,0xcb,0x5a,0xcb,0x5a,0x69,0x4a,0xa6,0x31,
    0xcb,0x5a,0x30,0x84,0x30,0x84,0x08,0x42,0x41,0x08,0x20,0x00,0x40,0x00,0x41,0x08,
    0xc3,0x18,0xc3,0x18,0x65,0x29,0x89,0x52,0x49,0x4a,0x08,0x42,0xc7,0x39,0x86,0x31,
    0xa6,0x31,0x66,0x31,0x45,0x29,0x45,0x29,0x04,0x21,0x04,0x21,0x04,0x21,0x03,0x19,
    0xe3,0x18,0xe3,0x18,0xc3,0x18,0xa2,0x10,0xe3,0x18,0xc7,0x39,0x65,0x29,0x41,0x08,
    0x28,0x42,0x45,0x29,0xc3,0x18,0xe3,0x18,0x04,0x21,0x24,0x21,0x45,0x29,0x04,0x21,
    0x82,0x10,0xa2,0x10,0x24,0x21,0x82,0x10,0x82,0x10,0x41,0x08,0x20,0x00,0x20,0x00,
    0x20,0x00,0x20,0x00,0x20,0x00,0x00,0x00,0x00,0x00,0x00,0x00,0x00,0x00,0x00,0x00,
    0x00,0x00,0x20,0x00,0x41,0x08,0x40,0x00,0x40,0x00,0x20,0x00,0x45,0x29,0x8e,0x73,
    0xb2,0x94,0x6d,0x6b,0xaa,0x52,0xe7,0x39,0x8a,0x52,0x28,0x42,0x08,0x42,0xe7,0x39,
    0x04,0x21,0xc7,0x39,0x49,0x4a,0x0c,0x63,0x24,0x21,0xc7,0x39,0x28,0x42,0x8a,0x52,
    0xcb,0x5a,0x8e,0x73,0x6d,0x6b,0x0c,0x63,0xeb,0x5a,0x4d,0x6b,0xae,0x73,0x71,0x8c,
    0x92,0x94,0x30,0x84,0x4d,0x6b,0x6d,0x6b,0xae,0x73,0xcf,0x7b,0xae,0x7b,0xeb,0x5a,
    0x49,0x4a,0x08,0x42,0x0b,0x63,0x6d,0x6b,0x4d,0x6b,0x8a,0x52,0x24,0x21,0xc3,0x18,
    0x86,0x31,0x08,0x42,0xaa,0x5a,0x08,0x42,0xaa,0x52,0x69,0x4a,0x8a,0x52,0x65,0x29,
    0xa6,0x31,0xc7,0x39,0x8a,0x52,0x86,0x31,0xa6,0x31,0x28,0x42,0xa6,0x31,0xaa,0x52,
    0xcb,0x5a,0x28,0x42,0x0c,0x63,0x6d,0x6b,0xeb,0x62,0xae,0x73,0xcb,0x5a,0x8a,0x52,
    0xeb,0x5a,0x10,0x84,0xf3,0x9c,0x14,0xa5,0xb2,0x94,0xd3,0x9c,0x34,0xa5,0x14,0xa5,
    0x14,0xa5,0x2c,0x63,0x2c,0x63,0x6d,0x6b,0x51,0x8c,0x10,0x84,0xaa,0x52,0xcb,0x5a,
    0xae,0x73,0xb2,0x94,0xf3,0x9c,0x14,0xa5,0xf7,0xbd,0x79,0xd6,0xfb,0xde,0xba,0xd6,
    0x38,0xc6,0x9a,0xd6,0x79,0xce,0x79,0xce,0x79,0xce,0x95,0xad,0x75,0xad,0xd3,0x9c,
    0xcf,0x7b,0xae,0x73,0x89,0x52,0xef,0x7b,0x10,0x84,0xeb,0x5a,0x2c,0x63,0xaa,0x5a,
    0x92,0x94,0x71,0x8c,0x30,0x84,0xf3,0x9c,0x75,0xad,0x55,0xad,0xb2,0x94,0x4d,0x6b,
    0x8a,0x52,0xa6,0x31,0x08,0x42,0xcb,0x5a,0x69,0x4a,0x4d,0x6b,0x6d,0x6b,0x2c,0x63,
    0x6d,0x6b,0xc7,0x39,0xe7,0x39,0xe7,0x39,0xc7,0x39,0xcb,0x5a,0x66,0x29,0x65,0x29,
    0x6a,0x52,0x2c,0x63,0xa6,0x31,0x69,0x4a,0x6d,0x6b,0x4c,0x6b,0x08,0x42,0xa6,0x31,
    0x04,0x21,0xa6,0x31,0x10,0x84,0x8d,0x73,0xcf,0x7b,0x0c,0x63,0x2c,0x63,0xaa,0x52,
    0x69,0x4a,0x4d,0x6b,0xeb,0x62,0x0c,0x63,0x2c,0x63,0x6d,0x6b,0xae,0x73,0xcf,0x7b,
    0x71,0x8c,0xb2,0x94,0x4d,0x6b,0x69,0x4a,0x4d,0x6b,0x2c,0x63,0xaa,0x52,0x0c,0x63,
    0x69,0x4a,0x89,0x52,0x28,0x42,0x48,0x4a,0xe7,0x39,0xe3,0x18,0xa6,0x31,0xe3,0x18,
    0xc3,0x18,0x24,0x21,0xc7,0x39,0x69,0x4a,0xcb,0x5a,0xeb,0x5a,0xcb,0x5a,0x86,0x31,
    0x0c,0x63,0xb2,0x94,0xef,0x7b,0x65,0x29,0x20,0x00,0x41,0x08,0x40,0x00,0x41,0x08,
    0xe3,0x18,0xe3,0x18,0x86,0x31,0x8a,0x52,0x69,0x4a,0xe7,0x41,0x08,0x42,0x2c,0x63,
    0xa6,0x31,0xe7,0x39,0x6d,0x6b,0xeb,0x5a,0x45,0x29,0x04,0x21,0x04,0x21,0xe3,0x18,
    0xe3,0x18,0xe3,0x18,0xc3,0x18,0xa2,0x10,0xe3,0x18,0xc7,0x39,0x24,0x21,0x61,0x08,
    0x69,0x4a,0x28,0x42,0xa2,0x10,0xe3,0x18,0x04,0x21,0x45,0x29,0x45,0x29,0xe3,0x18,
    0x61,0x08,0xc3,0x10,0x04,0x21,0x61,0x08,0x81,0x08,0x41,0x08,0x20,0x00,0x20,0x00,
    0x20,0x00,0x20,0x00,0x20,0x00,0x00,0x00,0x00,0x00,0x00,0x00,0x00,0x00,0x00,0x00,
    0x00,0x00,0x20,0x00,0x41,0x08,0x41,0x08,0x40,0x00,0x41,0x08,0xe3,0x18,0x0c,0x63,
    0x51,0x8c,0xef,0x7b,0x28,0x42,0xc7,0x39,0x8a,0x52,0x49,0x4a,0xe7,0x39,0xc7,0x39,
    0x24,0x21,0x28,0x42,0xe7,0x39,0x4d,0x6b,0x24,0x21,0x86,0x31,0xa6,0x31,0x69,0x4a,
    0x2c,0x63,0xce,0x73,0x0c,0x63,0xeb,0x62,0x49,0x4a,0x8a,0x52,0xeb,0x5a,0xae,0x73,
    0x30,0x84,0x13,0xa5,0x10,0x84,0x51,0x8c,0x96,0xb5,0x14,0xa5,0x71,0x8c,0x0c,0x63,
    0xaa,0x52,0x69,0x4a,0xcb,0x5a,0xef,0x7b,0x8e,0x73,0x0c,0x63,0x49,0x4a,0xe3,0x20,
    0xe3,0x18,0x24,0x21,0xe7,0x39,0x49,0x4a,0x48,0x4a,0x8e,0x73,0x2c,0x63,0x69,0x4a,
    0x49,0x4a,0x0c,0x63,0x4d,0x6b,0x49,0x4a,0x2c,0x63,0x0c,0x63,0x0c,0x63,0xd3,0x9c,
    0xf3,0xa4,0xeb,0x5a,0x8a,0x52,0x2c,0x63,0x29,0x42,0x69,0x4a,0x69,0x4a,0x4d,0x6b,
    0x75,0xad,0x92,0x94,0x51,0x8c,0xb2,0x94,0x71,0x94,0x10,0x84,0x10,0x84,0x75,0xad,
    0xae,0x73,0x6d,0x6b,0x6d,0x6b,0x8e,0x73,0x71,0x8c,0x30,0x84,0x69,0x4a,0x8a,0x52,
    0x8d,0x73,0x91,0x94,0x92,0x94,0xd7,0xbd,0x58,0xce,0x99,0xd6,0x79,0xce,0x9a,0xd6,
    0x59,0xce,0x59,0xce,0x79,0xce,0x9a,0xd6,0x58,0xce,0x18,0xc6,0xd3,0x9c,0xd3,0x9c,
    0x0f,0x7c,0x6d,0x6b,0xaa,0x52,0xcf,0x7b,0x51,0x8c,0x6d,0x73,0xef,0x7b,0xeb,0x5a,
    0x10,0x84,0x35,0xa5,0x51,0x8c,0x72,0x8c,0x14,0xa5,0x92,0x94,0x92,0x94,0x92,0x8c,
    0x0c,0x63,0x4d,0x6b,0x8a,0x52,0x69,0x4a,0x48,0x4a,0xaa,0x52,0xae,0x73,0xef,0x7b,
    0x10,0x84,0xcf,0x7b,0xcb,0x5a,0xcb,0x5a,0xcb,0x5a,0x2c,0x63,0xcb,0x5a,0xeb,0x5a,
    0xcb,0x5a,0x8e,0x73,0xeb,0x5a,0x49,0x4a,0xcb,0x5a,0x69,0x4a,0xc7,0x39,0x24,0x21,
    0x04,0x21,0x2d,0x6b,0x71,0x8c,0xae,0x73,0x10,0x84,0x4d,0x6b,0x2c,0x6b,0x69,0x4a,
    0x49,0x4a,0xb2,0x94,0x51,0x8c,0xf3,0x9c,0xd3,0x9c,0xf3,0x9c,0x71,0x8c,0x8e,0x73,
    0xef,0x7b,0xef,0x7b,0x0c,0x63,0xcb,0x5a,0xeb,0x5a,0x28,0x4a,0xaa,0x52,0xcb,0x5a,
    0x49,0x4a,0x49,0x4a,0x49,0x4a,0x8a,0x52,0x45,0x29,0xc3,0x18,0x65,0x29,0xe3,0x18,
    0x04,0x21,0x24,0x21,0xc7,0x39,0x48,0x4a,0x0c,0x63,0x0c,0x63,0x0c,0x63,0xa6,0x31,
    0x4d,0x6b,0xf3,0x9c,0x6d,0x6b,0xc3,0x18,0x20,0x00,0x40,0x00,0x40,0x00,0x41,0x08,
    0xe3,0x18,0xe3,0x18,0x86,0x31,0x8a,0x52,0x69,0x4a,0xc7,0x39,0xeb,0x5a,0x4d,0x6b,
    0xc7,0x39,0xcf,0x7b,0x49,0x4a,0x2c,0x63,0x49,0x4a,0xe3,0x18,0x24,0x21,0x03,0x19,
    0xe3,0x18,0xe3,0x18,0xc3,0x18,0xa2,0x10,0xe3,0x18,0xe7,0x39,0x24,0x21,0x61,0x08,
    0x2c,0x63,0x86,0x31,0xc3,0x18,0xe3,0x18,0x04,0x21,0x45,0x29,0x24,0x21,0x04,0x21,
    0xa2,0x10,0xe3,0x18,0xe3,0x18,0x41,0x08,0x82,0x10,0x41,0x08,0x20,0x00,0x20,0x00,
    0x20,0x00,0x20,0x00,0x20,0x00,0x00,0x00,0x00,0x00,0x00,0x00,0x00,0x00,0x00,0x00,
    0x00,0x00,0x20,0x00,0x41,0x08,0x41,0x08,0x40,0x00,0x41,0x08,0x61,0x08,0x69,0x4a,
    0x10,0x84,0x71,0x8c,0x28,0x42,0x28,0x42,0x2c,0x63,0xca,0x5a,0x49,0x4a,0xa6,0x31,
    0x45,0x29,0x28,0x42,0xe3,0x18,0xeb,0x5a,0xe7,0x39,0x65,0x29,0x45,0x29,0x8a,0x52,
    0x2c,0x63,0x4d,0x6b,0x8e,0x73,0x6d,0x6b,0x6d,0x6b,0x51,0x8c,0xd3,0x9c,0x34,0xa5,
    0x75,0xad,0x58,0xc6,0x51,0x8c,0x10,0x84,0x96,0xb5,0xd2,0x9c,0x71,0x8c,0xef,0x7b,
    0x2c,0x63,0xcb,0x5a,0x69,0x4a,0xae,0x73,0xcf,0x7b,0x4d,0x6b,0xae,0x73,0x28,0x42,
    0xe3,0x18,0xa2,0x10,0x86,0x31,0x28,0x42,0x28,0x42,0xaa,0x52,0xeb,0x5a,0xeb,0x5a,
    0xca,0x5a,0x4c,0x6b,0x8e,0x73,0x0c,0x63,0x8e,0x73,0x8e,0x73,0xeb,0x5a,0xcb,0x5a,
    0xaa,0x52,0x0b,0x63,0x8d,0x73,0xcb,0x5a,0xcb,0x5a,0xeb,0x62,0x71,0x8c,0x30,0x84,
    0x51,0x8c,0x55,0xad,0xb2,0x94,0x51,0x8c,0x91,0x94,0x51,0x8c,0xf4,0xa4,0xd3,0x9c,
    0x4d,0x6b,0x71,0x8c,0xcf,0x7b,0x8e,0x73,0xb2,0x94,0xef,0x7b,0xcb,0x5a,0x69,0x4a,
    0xcb,0x5a,0x30,0x84,0x14,0xa5,0xf7,0xbd,0xf7,0xbd,0x18,0xc6,0x38,0xc6,0x38,0xc6,
    0x9a,0xd6,0xfb,0xde,0xdb,0xde,0xba,0xd6,0xb6,0xb5,0x75,0xad,0xd3,0x9c,0x71,0x8c,
    0x6d,0x6b,0xaa,0x52,0xaa,0x52,0x6d,0x6b,0xd3,0x9c,0x10,0x84,0x30,0x84,0xef,0x7b,
    0x6d,0x6b,0x54,0xa5,0xb2,0x94,0x2c,0x63,0x6d,0x6b,0xb2,0x94,0x92,0x94,0x8e,0x6b,
    0x30,0x84,0xae,0x73,0x0b,0x63,0x69,0x4a,0x0c,0x63,0x0c,0x63,0x8a,0x52,0x69,0x4a,
    0xaa,0x52,0x2c,0x6b,0x4d,0x6b,0xae,0x73,0x0c,0x63,0x0c,0x63,0x2c,0x63,0x0c,0x63,
    0xeb,0x5a,0x2c,0x63,0xcb,0x5a,0x49,0x4a,0xc7,0x39,0xc7,0x39,0x86,0x31,0x86,0x31,
    0x8a,0x52,0x71,0x8c,0x30,0x84,0x10,0x84,0x10,0x84,0x4d,0x6b,0xcb,0x5a,0x69,0x4a,
    0xeb,0x5a,0xf3,0x9c,0x91,0x94,0x92,0x94,0x71,0x8c,0x14,0xa5,0xd7,0xbd,0x34,0xa5,
    0xb2,0x94,0xf0,0x83,0x6d,0x73,0x0c,0x63,0x0c,0x63,0x69,0x4a,0xaa,0x52,0xaa,0x52,
    0xe7,0x39,0x28,0x42,0x69,0x52,0x28,0x42,0x04,0x21,0x24,0x21,0x45,0x29,0x24,0x21,
    0x24,0x21,0x65,0x29,0xe7,0x39,0x8a,0x52,0x4d,0x6b,0xae,0x73,0x8e,0x73,0xe7,0x39,
    0x8e,0x73,0xb2,0x94,0xaa,0x52,0x41,0x08,0x40,0x00,0x20,0x00,0x40,0x00,0x41,0x08,
    0xe3,0x18,0xe3,0x18,0x86,0x31,0xaa,0x52,0x49,0x4a,0xe7,0x39,0x28,0x42,0x2c,0x63,
    0x8e,0x73,0x49,0x4a,0x04,0x21,0xeb,0x5a,0x86,0x31,0x04,0x21,0x24,0x21,0x04,0x21,
    0xe3,0x18,0xe3,0x18,0xc3,0x18,0xc3,0x10,0xc3,0x18,0xe7,0x39,0x45,0x29,0x41,0x08,
    0x86,0x31,0x86,0x31,0xe3,0x18,0x04,0x21,0x24,0x21,0x24,0x21,0x24,0x21,0x45,0x29,
    0xc3,0x18,0xe3,0x18,0xe3,0x18,0x41,0x08,0x61,0x08,0x41,0x08,0x20,0x00,0x20,0x00,
    0x20,0x00,0x20,0x00,0x20,0x00,0x20,0x00,0x00,0x00,0x00,0x00,0x00,0x00,0x00,0x00,
    0x00,0x00,0x20,0x00,0x41,0x08,0x41,0x08,0x20,0x00,0x41,0x08,0x20,0x00,0xa6,0x31,
    0xae,0x73,0xd3,0x9c,0x8a,0x52,0x08,0x42,0xcf,0x7b,0x8e,0x73,0x89,0x4a,0xc7,0x39,
    0x65,0x29,0xe7,0x39,0x82,0x10,0x08,0x42,0xaa,0x52,0xe3,0x18,0x65,0x29,0xaa,0x52,
    0x0c,0x63,0xeb,0x5a,0xeb,0x5a,0xaa,0x52,0xeb,0x5a,0x8d,0x73,0x51,0x8c,0x71,0x8c,
    0x10,0x84,0x95,0xb5,0x10,0x84,0x6d,0x73,0x55,0xad,0x14,0xa5,0xd3,0x9c,0x14,0xa5,
    0x6d,0x6b,0x69,0x4a,0x49,0x4a,0x0c,0x63,0x10,0x84,0x6d,0x6b,0x30,0x8c,0xae,0x73,
    0xe7,0x39,0x24,0x21,0xa2,0x10,0x04,0x21,0xa6,0x31,0xc7,0x39,0xa6,0x31,0x28,0x42,
    0x69,0x4a,0x8a,0x52,0x69,0x4a,0xcb,0x5a,0x0c,0x63,0x2c,0x63,0x8a,0x52,0xaa,0x52,
    0x69,0x52,0x8a,0x52,0xe7,0x39,0xcb,0x5a,0x51,0x8c,0x4d,0x6b,0x8e,0x73,0xd3,0x9c,
    0x92,0x94,0xf3,0x9c,0x92,0x94,0xef,0x7b,0x6e,0x6b,0xef,0x7b,0xd3,0x9c,0xcf,0x7b,
    0xef,0x7b,0x51,0x8c,0x71,0x8c,0xb2,0x94,0x71,0x8c,0xcf,0x7b,0x2c,0x63,0x8a,0x52,
    0x69,0x4a,0xae,0x73,0x71,0x94,0x75,0xad,0x96,0xb5,0x38,0xc6,0xfb,0xde,0x9a,0xd6,
    0x79,0xce,0x9a,0xd6,0x58,0xc6,0x9a,0xd6,0x59,0xce,0x14,0xa5,0x34,0xa5,0x8e,0x73,
    0x0c,0x63,0x69,0x4a,0xaa,0x52,0x0c,0x63,0xef,0x7b,0x30,0x84,0x30,0x84,0x51,0x8c,
    0x10,0x84,0xcf,0x7b,0xd2,0x9c,0x10,0x84,0x0c,0x63,0x2c,0x63,0x30,0x84,0x30,0x84,
    0x10,0x84,0xef,0x7b,0x30,0x84,0x4d,0x63,0xeb,0x5a,0xaa,0x52,0xaa,0x52,0x8d,0x73,
    0xaa,0x52,0x8a,0x52,0xae,0x73,0x6d,0x6b,0xeb,0x5a,0x0b,0x63,0xaa,0x52,0x49,0x4a,
    0x8a,0x52,0x69,0x4a,0x07,0x42,0xa6,0x31,0x65,0x29,0xa6,0x31,0xc7,0x39,0xaa,0x52,
    0x71,0x8c,0x6d,0x6b,0xae,0x73,0xb2,0x94,0xae,0x73,0x0b,0x5b,0x69,0x52,0x69,0x4a,
    0xcf,0x7b,0x54,0xad,0xb6,0xb5,0xb2,0x94,0xef,0x7b,0x30,0x84,0x14,0xa5,0xf3,0x9c,
    0xd3,0x9c,0xf3,0x9c,0xf3,0x9c,0x92,0x94,0xef,0x7b,0x0c,0x63,0xaa,0x52,0x0c,0x63,
    0x28,0x42,0xc7,0x39,0xc7,0x39,0xe7,0x39,0x45,0x29,0x65,0x29,0x65,0x29,0xe3,0x18,
    0x45,0x29,0xc6,0x39,0x69,0x4a,0x0c,0x63,0xce,0x7b,0xef,0x7b,0x8e,0x73,0xc7,0x39,
    0xae,0x73,0x71,0x8c,0xe7,0x39,0x20,0x00,0x41,0x08,0x20,0x00,0x40,0x00,0x41,0x08,
    0xe3,0x18,0xe3,0x18,0xa6,0x31,0xaa,0x52,0x49,0x4a,0x08,0x42,0x08,0x42,0xaa,0x52,
    0xaa,0x52,0x08,0x42,0x69,0x4a,0x28,0x42,0x45,0x29,0x04,0x21,0x04,0x21,0x04,0x21,
    0xe3,0x18,0xe3,0x18,0xc3,0x18,0xa2,0x10,0xc3,0x18,0x65,0x29,0x04,0x21,0x61,0x08,
    0x69,0x4a,0x28,0x42,0xc3,0x18,0x04,0x21,0x24,0x21,0x24,0x21,0x24,0x21,0xe3,0x18,
    0xa2,0x10,0x04,0x21,0x04,0x21,0x41,0x08,0x61,0x08,0x41,0x08,0x20,0x00,0x20,0x00,
    0x20,0x00,0x20,0x00,0x20,0x00,0x20,0x00,0x00,0x00,0x20,0x00,0x00,0x00,0x00,0x00,
    0x00,0x00,0x20,0x00,0x41,0x08,0x41,0x08,0x41,0x00,0x41,0x08,0x20,0x00,0xe3,0x18,
    0x2c,0x63,0xd3,0x9c,0xeb,0x5a,0xc7,0x39,0xae,0x73,0xcf,0x7b,0x2c,0x63,0x49,0x4a,
    0xa6,0x31,0x08,0x42,0xc3,0x18,0xc7,0x39,0xe7,0x39,0x86,0x31,0x24,0x21,0x28,0x4a,
    0xeb,0x5a,0xeb,0x5a,0x4d,0x6b,0x4d,0x6b,0xeb,0x5a,0x0b,0x63,0xcf,0x7b,0x10,0x84,
    0xef,0x7b,0x75,0xad,0x30,0x84,0xcf,0x7b,0x75,0xad,0xd7,0xbd,0x55,0xad,0x14,0xa5,
    0xef,0x7b,0xaa,0x52,0x28,0x42,0xaa,0x52,0x30,0x84,0x0c,0x63,0xef,0x7b,0x10,0x84,
    0xeb,0x5a,0x28,0x42,0x08,0x42,0x08,0x42,0xc3,0x18,0xc3,0x18,0x86,0x31,0x65,0x29,
    0x24,0x21,0x45,0x29,0xa6,0x31,0x65,0x29,0x04,0x21,0xa6,0x31,0xaa,0x52,0x2c,0x63,
    0x0f,0x84,0xae,0x73,0xef,0x7b,0x8e,0x73,0xcf,0x7b,0x92,0x94,0x54,0xa5,0x51,0x8c,
    0x34,0xa5,0x51,0x8c,0xaa,0x5a,0xae,0x73,0x30,0x84,0xf3,0xa4,0xae,0x73,0xae,0x73,
    0x91,0x94,0x10,0x84,0xf3,0x9c,0x75,0xad,0x92,0x94,0x6d,0x6b,0x6d,0x6b,0xeb,0x5a,
    0x49,0x4a,0x8e,0x73,0x50,0x8c,0x55,0xad,0xb6,0xb5,0x79,0xd6,0x18,0xc6,0xb6,0xb5,
    0x38,0xc6,0xba,0xd6,0x59,0xce,0x9a,0xd6,0xba,0xd6,0xd7,0xbd,0x96,0xb5,0x30,0x84,
    0x6d,0x6b,0x69,0x4a,0xaa,0x52,0xcb,0x5a,0x6d,0x6b,0xb2,0x9c,0x51,0x8c,0xd2,0x9c,
    0xf3,0x9c,0x30,0x8c,0xb2,0x94,0x14,0xa5,0x4d,0x63,0x69,0x4a,0x2c,0x63,0xce,0x7b,
    0x6d,0x6b,0xb2,0x94,0xf3,0x9c,0xb2,0x94,0x71,0x8c,0xef,0x7b,0x71,0x8c,0x10,0x84,
    0x2c,0x63,0x08,0x42,0xa6,0x31,0xa6,0x31,0x69,0x4a,0xcb,0x5a,0x07,0x42,0xa6,0x31,
    0xc7,0x39,0xa6,0x31,0x65,0x29,0x08,0x42,0xaa,0x52,0xaa,0x52,0xcb,0x5a,0x8e,0x73,
    0x30,0x84,0x0c,0x63,0x51,0x8c,0xef,0x7b,0xaa,0x52,0xeb,0x5a,0x49,0x4a,0x0c,0x63,
    0x92,0x94,0x34,0xa5,0x59,0xce,0xf3,0x9c,0x30,0x84,0xf3,0x9c,0x34,0xa5,0xf3,0x9c,
    0x51,0x8c,0x10,0x84,0x10,0x84,0x4d,0x6b,0x2c,0x63,0x4d,0x6b,0x49,0x4a,0x8a,0x52,
    0x86,0x31,0x69,0x4a,0x28,0x42,0x86,0x31,0x24,0x21,0x65,0x29,0xa6,0x31,0x04,0x21,
    0x86,0x31,0x28,0x42,0xcb,0x5a,0xae,0x73,0x71,0x8c,0x51,0x8c,0x8d,0x73,0xa6,0x31,
    0xae,0x73,0x10,0x84,0x24,0x21,0x20,0x00,0x41,0x08,0x20,0x00,0x20,0x00,0x41,0x08,
    0xe3,0x18,0xe3,0x18,0xc7,0x39,0xaa,0x52,0x69,0x4a,0xe7,0x39,0xcb,0x5a,0xef,0x7b,
    0xeb,0x5a,0xcf,0x7b,0xcb,0x5a,0x6d,0x6b,0xc7,0x39,0xe3,0x18,0x04,0x21,0x04,0x21,
    0xe3,0x18,0xc3,0x18,0xc3,0x18,0xc2,0x10,0xc3,0x10,0x45,0x29,0x04,0x21,0x61,0x08,
    0x2c,0x63,0xc7,0x39,0xc3,0x18,0x04,0x21,0x24,0x21,0x24,0x21,0x04,0x21,0xc3,0x18,
    0x61,0x08,0x45,0x29,0x04,0x21,0x41,0x08,0x82,0x10,0x41,0x08,0x20,0x00,0x20,0x00,
    0x20,0x00,0x20,0x00,0x20,0x00,0x20,0x00,0x20,0x00,0x20,0x00,0x00,0x00,0x00,0x00,
    0x00,0x00,0x20,0x00,0x41,0x08,0x41,0x08,0x40,0x08,0x41,0x00,0x40,0x08,0x61,0x08,
    0x69,0x4a,0xd3,0x9c,0x4d,0x6b,0xa6,0x31,0xcf,0x7b,0x30,0x84,0x6d,0x6b,0xca,0x5a,
    0xa6,0x31,0xc7,0x39,0xe3,0x18,0x65,0x29,0x45,0x29,0x28,0x42,0x86,0x31,0x07,0x42,
    0xaa,0x52,0xaa,0x52,0x2c,0x63,0x2c,0x63,0xaa,0x52,0x4c,0x6b,0xef,0x7b,0x92,0x94,
    0xb2,0x94,0x95,0xad,0x30,0x84,0xcf,0x7b,0xb6,0xb5,0x18,0xc6,0xd7,0xbd,0xb6,0xb5,
    0xd3,0x9c,0x8e,0x73,0x8a,0x52,0x08,0x42,0xae,0x73,0x4d,0x6b,0x89,0x52,0x30,0x84,
    0x30,0x84,0x8d,0x6b,0x8a,0x52,0xcb,0x5a,0x2c,0x63,0xe7,0x39,0x65,0x29,0x86,0x31,
    0xa6,0x31,0x65,0x29,0x45,0x29,0x69,0x4a,0x2c,0x63,0xaa,0x52,0xcb,0x5a,0xaa,0x52,
    0x69,0x4a,0x0f,0x84,0x96,0xb5,0x14,0xa5,0x8e,0x73,0x10,0x84,0x14,0xa5,0x71,0x8c,
    0xcf,0x7b,0xcf,0x7b,0x2c,0x63,0xef,0x7b,0x71,0x8c,0x91,0x94,0x8e,0x73,0xd3,0x9c,
    0x91,0x94,0x50,0x84,0xd2,0x9c,0x96,0xb5,0xb2,0x94,0x4c,0x6b,0x8e,0x73,0x2c,0x63,
    0xcb,0x5a,0xae,0x73,0x34,0xa5,0xb6,0xb5,0xf7,0xbd,0x38,0xc6,0x18,0xc6,0x99,0xd6,
    0xba,0xd6,0xfb,0xde,0x9a,0xd6,0x59,0xce,0xd7,0xbd,0x96,0xb5,0x75,0xad,0x71,0x8c,
    0x6d,0x6b,0x69,0x4a,0xaa,0x52,0xaa,0x52,0x8d,0x73,0x92,0x94,0x10,0x84,0xb2,0x94,
    0x34,0xa5,0x14,0xa5,0xb2,0x94,0x71,0x8c,0x92,0x94,0xef,0x7b,0x0c,0x63,0x69,0x4a,
    0xae,0x73,0x50,0x84,0xef,0x7b,0xb2,0x94,0x92,0x94,0x71,0x8c,0xcf,0x7b,0x6d,0x6b,
    0xd3,0x9c,0xd3,0x9c,0x10,0x84,0xeb,0x5a,0xaa,0x52,0x0c,0x63,0xcb,0x5a,0x08,0x42,
    0xa6,0x31,0x49,0x4a,0x4c,0x6b,0x8e,0x73,0x28,0x42,0xcb,0x5a,0xcf,0x7b,0x0f,0x84,
    0xef,0x7b,0xeb,0x5a,0xeb,0x5a,0x08,0x42,0x69,0x4a,0xcb,0x52,0x08,0x42,0x30,0x84,
    0x14,0xa5,0xf7,0xbd,0x79,0xce,0x75,0xb5,0xf3,0x9c,0x92,0x94,0x95,0xb5,0x14,0xa5,
    0xcf,0x7b,0x10,0x84,0x92,0x94,0x0c,0x63,0xeb,0x5a,0xca,0x52,0x49,0x4a,0x8a,0x52,
    0xc7,0x39,0x89,0x4a,0x04,0x21,0x86,0x31,0x04,0x21,0x85,0x29,0x86,0x31,0xa6,0x31,
    0xc7,0x39,0x69,0x4a,0x2c,0x63,0x10,0x84,0xb2,0x94,0xd3,0x9c,0xae,0x73,0xc7,0x39,
    0xef,0x7b,0x4d,0x6b,0xa2,0x10,0x20,0x00,0x41,0x08,0x20,0x00,0x20,0x00,0x41,0x08,
    0xe3,0x18,0xc3,0x18,0xa6,0x31,0xca,0x5a,0x8a,0x52,0xe7,0x39,0xcb,0x5a,0xcb,0x5a,
    0x45,0x29,0xeb,0x5a,0x24,0x21,0x69,0x4a,0xc7,0x39,0xe3,0x18,0x24,0x21,0x04,0x21,
    0xe3,0x18,0xc3,0x18,0xc3,0x18,0xa2,0x10,0xa2,0x10,0x24,0x21,0xe3,0x18,0x61,0x08,
    0x28,0x42,0x24,0x21,0xe3,0x18,0x04,0x21,0x04,0x21,0x24,0x21,0x04,0x21,0xc3,0x18,
    0x61,0x08,0x65,0x29,0x24,0x21,0x41,0x08,0x82,0x10,0x41,0x08,0x20,0x00,0x20,0x00,
    0x20,0x00,0x20,0x00,0x20,0x00,0x20,0x00,0x20,0x00,0x20,0x00,0x00,0x00,0x00,0x00,
    0x00,0x00,0x20,0x00,0x41,0x08,0x41,0x08,0x41,0x08,0x40,0x00,0x41,0x08,0x40,0x08,
    0xa6,0x31,0x51,0x8c,0xcf,0x7b,0xa6,0x31,0xae,0x73,0xd2,0x94,0x30,0x84,0x2c,0x63,
    0x45,0x29,0x45,0x29,0xa2,0x10,0x65,0x29,0x04,0x21,0x28,0x42,0x49,0x4a,0xa6,0x31,
    0x49,0x4a,0x8a,0x52,0x69,0x4a,0x28,0x42,0xaa,0x52,0x0c,0x63,0xce,0x73,0x50,0x8c,
    0x92,0x94,0xb6,0xb5,0x30,0x84,0xb2,0x94,0xd7,0xb5,0x96,0xb5,0xf7,0xbd,0xf7,0xbd,
    0x14,0xa5,0x6d,0x6b,0x8e,0x73,0x69,0x4a,0x86,0x31,0xca,0x5a,0x28,0x42,0xaa,0x52,
    0xb2,0x94,0x14,0xa5,0x51,0x8c,0x8a,0x52,0x2c,0x63,0x71,0x8c,0x0f,0x84,0x4d,0x6b,
    0x2c,0x63,0x6d,0x73,0xae,0x73,0xcb,0x5a,0xeb,0x5a,0xcf,0x7b,0x51,0x8c,0xf7,0xbd,
    0x38,0xc6,0x71,0x8c,0xf0,0x83,0x92,0x94,0xb2,0x94,0x30,0x84,0x6d,0x6b,0xcf,0x7b,
    0x30,0x84,0xca,0x52,0x51,0x8c,0xd3,0x9c,0xb2,0x94,0x8e,0x73,0xd3,0x9c,0xf3,0x9c,
    0xb2,0x94,0x30,0x84,0xf3,0x9c,0x96,0xb5,0x30,0x84,0x6d,0x6b,0xae,0x73,0x4d,0x6b,
    0x2c,0x63,0x4d,0x6b,0xf3,0x9c,0x95,0xad,0x54,0xad,0x38,0xc6,0xda,0xd6,0xdb,0xde,
    0x9a,0xd6,0xba,0xd6,0xdb,0xde,0xdb,0xde,0xd7,0xbd,0xd3,0x9c,0x14,0xa5,0x51,0x8c,
    0x0c,0x63,0xaa,0x52,0x69,0x4a,0xcb,0x5a,0x8e,0x73,0x51,0x8c,0x92,0x94,0xd3,0x9c,
    0xd3,0x9c,0x71,0x8c,0xd2,0x94,0x71,0x8c,0xf3,0x9c,0x71,0x8c,0x4d,0x6b,0x0c,0x63,
    0x0b,0x5b,0x2c,0x63,0xcf,0x7b,0xd3,0x9c,0xf3,0x9c,0x71,0x8c,0xf3,0x9c,0x13,0xa5,
    0x10,0x84,0x10,0x84,0x51,0x8c,0x34,0xa5,0x96,0xb5,0x13,0x9d,0x92,0x94,0xcf,0x7b,
    0xae,0x73,0x71,0x8c,0x30,0x84,0x0c,0x63,0x4d,0x6b,0x51,0x8c,0xaa,0x52,0xcb,0x5a,
    0xeb,0x5a,0x0c,0x63,0xef,0x7b,0x0c,0x63,0x28,0x42,0xa6,0x31,0xef,0x7b,0x75,0xad,
    0x75,0xad,0xf7,0xbd,0xdb,0xde,0x99,0xce,0x75,0xad,0x30,0x84,0xd3,0x9c,0x55,0xad,
    0x8e,0x73,0xcf,0x7b,0x10,0x84,0x4d,0x6b,0xcb,0x5a,0x8a,0x52,0x69,0x4a,0x48,0x42,
    0x08,0x42,0x07,0x42,0x82,0x10,0x28,0x42,0x04,0x21,0x45,0x29,0x86,0x31,0x28,0x42,
    0x49,0x4a,0xaa,0x52,0x8e,0x73,0x51,0x8c,0x34,0xa5,0x13,0x9d,0x6d,0x6b,0xe7,0x39,
    0x30,0x84,0x69,0x4a,0x41,0x08,0x41,0x08,0x41,0x00,0x20,0x00,0x40,0x00,0x41,0x08,
    0xe3,0x18,0xe3,0x18,0x86,0x31,0xaa,0x52,0x69,0x4a,0x08,0x42,0x69,0x4a,0x8a,0x52,
    0x86,0x31,0x45,0x29,0x24,0x21,0xe7,0x39,0x65,0x29,0x04,0x21,0x24,0x21,0x04,0x21,
    0xe3,0x18,0xe3,0x18,0xe3,0x18,0xa2,0x10,0xa2,0x10,0x44,0x29,0xc3,0x18,0x61,0x08,
    0xcb,0x5a,0x86,0x31,0xe3,0x18,0x04,0x21,0x04,0x21,0x24,0x21,0x24,0x21,0xe3,0x18,
    0x82,0x10,0x65,0x29,0x24,0x21,0x41,0x08,0x82,0x10,0x41,0x08,0x20,0x00,0x20,0x00,
    0x40,0x00,0x20,0x00,0x20,0x00,0x20,0x00,0x20,0x00,0x20,0x00,0x00,0x00,0x00,0x00,
    0x00,0x00,0x20,0x00,0x41,0x08,0x41,0x08,0x41,0x08,0x20,0x00,0x41,0x08,0x20,0x00,
    0xe3,0x18,0xaf,0x73,0x10,0x84,0xc6,0x39,0x4d,0x6b,0xb2,0x94,0xef,0x7b,0x0c,0x63,
    0xc7,0x39,0x24,0x21,0x24,0x21,0x65,0x29,0x65,0x29,0x45,0x29,0x08,0x42,0x24,0x21,
    0x28,0x42,0xcb,0x5a,0xaa,0x52,0x0c,0x5b,0x0b,0x5b,0x8a,0x52,0xef,0x7b,0xd3,0x9c,
    0x96,0xad,0x55,0xad,0xcf,0x7b,0x75,0xad,0xd7,0xbd,0xd7,0xbd,0x96,0xb5,0xd7,0xbd,
    0x75,0xad,0x30,0x84,0x0c,0x63,0x8e,0x73,0xcb,0x52,0x69,0x4a,0x2c,0x63,0x49,0x4a,
    0xaa,0x52,0xef,0x7b,0x92,0x94,0xcf,0x7b,0x8a,0x52,0x6d,0x6b,0xf3,0x9c,0x13,0xa5,
    0x10,0x84,0x4d,0x6b,0xae,0x73,0xef,0x83,0xb2,0x94,0x13,0xa5,0xf3,0x9c,0x54,0xa5,
    0x18,0xc6,0x38,0xc6,0xd7,0xbd,0x92,0x94,0x30,0x84,0xb2,0x94,0x4d,0x6b,0xaa,0x52,
    0x8e,0x73,0xcf,0x7b,0xef,0x7b,0x14,0xa5,0xb2,0x94,0xd3,0x9c,0xd2,0x9c,0x30,0x84,
    0xd3,0x9c,0xb2,0x94,0x92,0x94,0xd2,0x9c,0x50,0x8c,0xcf,0x7b,0x4d,0x6b,0x2c,0x63,
    0xeb,0x5a,0x4d,0x6b,0x91,0x94,0x14,0xa5,0x92,0x94,0x38,0xc6,0xba,0xd6,0xba,0xd6,
    0x79,0xce,0x9a,0xd6,0xdb,0xde,0xdb,0xde,0x18,0xc6,0x34,0xa5,0xd3,0x9c,0xb2,0x94,
    0x0c,0x5b,0xaa,0x52,0x49,0x4a,0x0c,0x63,0x8e,0x73,0x6d,0x6b,0xd2,0x9c,0x34,0xa5,
    0xb2,0x94,0x92,0x94,0x71,0x8c,0xd3,0x9c,0x91,0x94,0x34,0xa5,0xcf,0x7b,0xcb,0x5a,
    0x49,0x4a,0xae,0x73,0x4d,0x6b,0xce,0x73,0x92,0x94,0xef,0x7b,0x30,0x84,0x92,0x94,
    0x50,0x8c,0x71,0x8c,0xb2,0x94,0x96,0xb5,0x96,0xb5,0xd3,0x9c,0xf3,0x9c,0x14,0xa5,
    0x14,0xa5,0xae,0x73,0xae,0x73,0xf3,0x9c,0x96,0xb5,0x92,0x94,0x4c,0x6b,0x10,0x84,
    0xb2,0x94,0x51,0x8c,0xb2,0x94,0x8e,0x73,0xaa,0x52,0x49,0x4a,0xd3,0x9c,0x59,0xce,
    0x38,0xc6,0x75,0xad,0x75,0xad,0x59,0xce,0x55,0xad,0x51,0x8c,0xef,0x7b,0xd3,0x9c,
    0xef,0x7b,0xef,0x7b,0x30,0x84,0x6d,0x6b,0xaa,0x52,0x8a,0x52,0x49,0x4a,0x07,0x42,
    0x28,0x42,0xc7,0x39,0xe3,0x18,0x69,0x4a,0xc3,0x18,0x24,0x21,0x49,0x4a,0x69,0x4a,
    0x8a,0x52,0xcb,0x5a,0xae,0x73,0x30,0x84,0x55,0xad,0xd3,0x9c,0xeb,0x5a,0x08,0x42,
    0x10,0x84,0xa6,0x31,0x20,0x00,0x41,0x08,0x41,0x00,0x20,0x00,0x40,0x00,0x41,0x08,
    0x04,0x21,0xe3,0x18,0x86,0x31,0xaa,0x52,0x8a,0x52,0x08,0x42,0x69,0x4a,0x6d,0x6b,
    0x0c,0x63,0x8a,0x52,0x0c,0x63,0x2c,0x63,0x65,0x29,0x04,0x21,0x04,0x21,0xc3,0x18,
    0xe3,0x18,0xc3,0x18,0xa2,0x10,0xa2,0x10,0xa2,0x10,0x86,0x31,0xe3,0x18,0x61,0x08,
    0x82,0x10,0xc3,0x18,0x04,0x21,0x04,0x21,0x04,0x21,0x24,0x21,0x45,0x29,0xe3,0x18,
    0x82,0x10,0x65,0x29,0x24,0x21,0x41,0x08,0x82,0x10,0x41,0x08,0x20,0x00,0x40,0x00,
    0x20,0x00,0x20,0x00,0x20,0x00,0x20,0x00,0x20,0x00,0x00,0x00,0x00,0x00,0x00,0x00,
    0x00,0x00,0x20,0x00,0x41,0x08,0x41,0x08,0x41,0x08,0x20,0x00,0x41,0x08,0x41,0x00,
    0x82,0x10,0x0c,0x63,0x30,0x84,0xe7,0x39,0xcb,0x5a,0xb2,0x94,0x71,0x8c,0x2c,0x63,
    0x69,0x4a,0x86,0x31,0x86,0x31,0x65,0x29,0xc7,0x39,0xc3,0x18,0xa6,0x31,0xc3,0x18,
    0x08,0x42,0xaa,0x52,0xeb,0x5a,0xaa,0x52,0xe7,0x39,0x2c,0x63,0xf3,0x9c,0xf3,0x9c,
    0x34,0xa5,0x51,0x8c,0xb2,0x94,0xf7,0xbd,0xd7,0xbd,0x18,0xc6,0xf7,0xbd,0xba,0xd6,
    0xd7,0xbd,0xb2,0x94,0x8e,0x73,0x6d,0x6b,0x6d,0x6b,0x8d,0x73,0x8d,0x73,0x4d,0x6b,
    0xeb,0x5a,0xcb,0x5a,0xae,0x73,0xf3,0x9c,0x55,0xad,0xb2,0x94,0x10,0x84,0xef,0x83,
    0x51,0x8c,0x54,0xad,0xd7,0xbd,0xd7,0xbd,0x55,0xad,0x13,0xa5,0xf3,0x9c,0x14,0xa5,
    0x55,0xad,0x75,0xad,0x96,0xb5,0x92,0x94,0x10,0x84,0x51,0x8c,0x2d,0x6b,0xae,0x73,
    0xaa,0x52,0x6d,0x6b,0x51,0x8c,0x13,0x9d,0xf3,0x9c,0x95,0xb5,0xef,0x7b,0xcf,0x7b,
    0x34,0xa5,0x14,0xa5,0x71,0x8c,0x6d,0x6b,0xef,0x83,0x30,0x84,0x0c,0x63,0x8a,0x52,
    0x8a,0x52,0xae,0x73,0xcf,0x7b,0x51,0x8c,0x34,0xa5,0x59,0xce,0xfb,0xde,0xda,0xde,
    0xba,0xd6,0xba,0xd6,0x38,0xc6,0x18,0xc6,0x55,0xad,0x34,0xa5,0x34,0xa5,0xb2,0x94,
    0x0c,0x63,0x49,0x4a,0x49,0x4a,0xcb,0x5a,0xcf,0x7b,0x0c,0x63,0x71,0x8c,0x13,0xa5,
    0xb2,0x94,0xd3,0x9c,0x10,0x84,0xd3,0x9c,0x34,0xa5,0x14,0xa5,0x51,0x8c,0xce,0x7b,
    0x2c,0x63,0x6d,0x6b,0xaa,0x52,0x07,0x3a,0xae,0x7b,0x4d,0x6b,0x10,0x84,0x92,0x94,
    0xf3,0x9c,0x96,0xb5,0x14,0xa5,0x51,0x8c,0xb2,0x94,0x34,0xa5,0x34,0xa5,0xf7,0xbd,
    0x14,0xa5,0x55,0xad,0x18,0xc6,0xb6,0xb5,0x34,0xa5,0x13,0xa5,0xd3,0x9c,0x34,0xa5,
    0xb2,0x94,0x92,0x94,0x8e,0x73,0xaa,0x52,0x28,0x42,0x10,0x84,0x14,0xa5,0xb2,0x94,
    0x18,0xc6,0x79,0xce,0x14,0xa5,0xd3,0x9c,0x34,0xa5,0x30,0x84,0x10,0x84,0x30,0x84,
    0x10,0x84,0xae,0x73,0x10,0x84,0xae,0x73,0xcb,0x5a,0x69,0x4a,0x28,0x42,0xa6,0x31,
    0xe7,0x39,0x65,0x29,0xc7,0x39,0xe7,0x39,0x04,0x21,0x65,0x29,0x0c,0x63,0x69,0x4a,
    0xcb,0x5a,0x2c,0x63,0xae,0x73,0x71,0x8c,0x75,0xad,0x92,0x94,0x49,0x4a,0x69,0x4a,
    0xef,0x7b,0xe3,0x18,0x20,0x00,0x41,0x08,0x40,0x08,0x20,0x00,0x20,0x00,0x41,0x08,
    0xe3,0x18,0xc3,0x18,0xa6,0x31,0xcb,0x5a,0x8a,0x52,0x08,0x42,0xe7,0x39,0xca,0x5a,
    0x51,0x8c,0x30,0x84,0x10,0x84,0x49,0x4a,0x04,0x21,0xe3,0x18,0x45,0x29,0xe7,0x39,
    0xc3,0x18,0x45,0x29,0x08,0x42,0xe3,0x18,0xa2,0x10,0x65,0x29,0xe3,0x18,0x61,0x08,
    0x0c,0x63,0xa6,0x31,0xe3,0x18,0x24,0x21,0x24,0x21,0x24,0x21,0x24,0x21,0xc3,0x18,
    0x82,0x10,0x85,0x29,0x24,0x21,0x41,0x08,0x82,0x10,0x41,0x08,0x20,0x00,0x20,0x00,
    0x40,0x08,0x20,0x00,0x20,0x00,0x20,0x00,0x20,0x00,0x20,0x00,0x00,0x00,0x00,0x00,
    0x00,0x00,0x20,0x00,0x41,0x08,0x41,0x08,0x41,0x08,0x20,0x00,0x41,0x08,0x41,0x08,
    0x20,0x00,0x08,0x42,0xef,0x7b,0x08,0x42,0xcb,0x5a,0x71,0x8c,0xd3,0x9c,0xcf,0x7b,
    0xcb,0x5a,0x28,0x42,0xc7,0x39,0xc7,0x39,0x28,0x42,0x29,0x42,0xc3,0x18,0x04,0x21,
    0xa6,0x31,0x69,0x4a,0x49,0x4a,0x08,0x42,0xeb,0x5a,0x6d,0x6b,0x0f,0x7c,0x92,0x94,
    0xb2,0x94,0x30,0x84,0xd3,0x9c,0x96,0xb5,0x96,0xb5,0x38,0xc6,0x9a,0xd6,0x59,0xce,
    0x34,0xa5,0x55,0xad,0xb2,0x94,0x8e,0x73,0xeb,0x5a,0x6d,0x6b,0x30,0x84,0x10,0x84,
    0xae,0x73,0x71,0x8c,0xf3,0x9c,0x34,0xa5,0x96,0xb5,0xd7,0xbd,0x75,0xb5,0x75,0xad,
    0xd6,0xbd,0xd7,0xbd,0x55,0xad,0x14,0xa5,0x75,0xad,0x96,0xb5,0xb6,0xb5,0xf3,0x9c,
    0x55,0xad,0x34,0xa5,0x51,0x8c,0xf3,0x9c,0x4d,0x6b,0x0c,0x5b,0x0c,0x63,0xec,0x62,
    0xeb,0x5a,0x10,0x84,0xf3,0x9c,0x75,0xad,0x75,0xad,0xf7,0xbd,0xef,0x7b,0xce,0x7b,
    0x96,0xb5,0x34,0xa5,0x71,0x8c,0xaa,0x52,0x4c,0x6b,0x51,0x8c,0x6d,0x6b,0x8a,0x52,
    0x8a,0x52,0x10,0x84,0x6d,0x6b,0x51,0x8c,0xf7,0xbd,0xf7,0xbd,0x9a,0xd6,0x3c,0xe7,
    0x1c,0xe7,0x3c,0xe7,0x9a,0xd6,0xb6,0xb5,0x55,0xad,0x55,0xad,0x34,0xa5,0x51,0x8c,
    0x0c,0x63,0x49,0x4a,0xaa,0x52,0x4d,0x6b,0xae,0x73,0xef,0x7b,0xb2,0x94,0x92,0x94,
    0x71,0x8c,0x92,0x94,0x50,0x8c,0x91,0x8c,0x34,0xa5,0x17,0xbe,0x75,0xad,0x92,0x94,
    0xae,0x73,0xcb,0x5a,0xcb,0x5a,0x69,0x4a,0x69,0x4a,0x2c,0x63,0x8e,0x73,0x30,0x84,
    0x71,0x8c,0x55,0xad,0x34,0xa5,0xf7,0xbd,0x75,0xad,0x91,0x94,0xcf,0x7b,0xce,0x7b,
    0x92,0x94,0xf3,0x9c,0x54,0xad,0x34,0xa5,0x14,0xa5,0x75,0xad,0x55,0xad,0x96,0xb5,
    0x34,0xa5,0x50,0x8c,0xaa,0x5a,0x49,0x4a,0x0c,0x63,0x34,0xa5,0x18,0xc6,0x14,0xa5,
    0xb6,0xb5,0x18,0xc6,0x96,0xb5,0x34,0xa5,0x34,0xa5,0xb2,0x94,0xd3,0x9c,0x51,0x8c,
    0xef,0x7b,0x8e,0x73,0x8e,0x73,0xeb,0x5a,0x69,0x4a,0x28,0x42,0x08,0x42,0x08,0x42,
    0xe7,0x39,0x45,0x29,0x65,0x29,0x25,0x21,0xa6,0x31,0xc7,0x39,0x0c,0x63,0x69,0x4a,
    0xca,0x5a,0x8e,0x73,0x10,0x84,0xf3,0x9c,0xd7,0xbd,0x50,0x8c,0xc7,0x39,0x0b,0x5b,
    0x4d,0x6b,0x61,0x08,0x41,0x08,0x41,0x08,0x41,0x00,0x20,0x00,0x41,0x08,0x41,0x08,
    0xe3,0x18,0xc3,0x18,0xa6,0x31,0x0b,0x63,0x8a,0x52,0x07,0x42,0x69,0x4a,0x6d,0x6b,
    0x08,0x42,0x45,0x29,0xc6,0x31,0xaa,0x52,0x65,0x29,0xa2,0x10,0xeb,0x5a,0x08,0x42,
    0x24,0x21,0x6d,0x6b,0xaa,0x52,0x69,0x4a,0xa2,0x10,0x44,0x21,0xe3,0x18,0x61,0x08,
    0xe7,0x39,0x45,0x29,0xe3,0x18,0x24,0x21,0x45,0x29,0x24,0x21,0xe3,0x18,0xa2,0x10,
    0x82,0x10,0x86,0x31,0x24,0x21,0x41,0x08,0x82,0x10,0x41,0x08,0x20,0x00,0x20,0x00,
    0x40,0x00,0x20,0x00,0x20,0x00,0x20,0x00,0x20,0x00,0x20,0x00,0x00,0x00,0x00,0x00,
    0x00,0x00,0x20,0x00,0x41,0x08,0x41,0x08,0x41,0x08,0x20,0x00,0x41,0x08,0x41,0x08,
    0x20,0x00,0x24,0x21,0xae,0x73,0x69,0x4a,0x8a,0x52,0x71,0x8c,0x14,0xa5,0xef,0x7b,
    0xeb,0x5a,0x69,0x52,0x08,0x42,0xa6,0x31,0xe3,0x18,0x4d,0x6b,0x45,0x29,0x24,0x21,
    0x45,0x29,0x49,0x4a,0x28,0x42,0x69,0x4a,0xcb,0x5a,0xcb,0x5a,0xae,0x73,0x30,0x84,
    0xb2,0x94,0xaf,0x7b,0x92,0x94,0x54,0xad,0xb6,0xb5,0x18,0xc6,0xd6,0xbd,0x96,0xb5,
    0x38,0xc6,0x18,0xc6,0x55,0xad,0xb2,0x94,0xcf,0x7b,0x0c,0x63,0xae,0x73,0x0f,0x84,
    0xef,0x7b,0x51,0x8c,0x92,0x94,0x54,0xad,0x34,0xa5,0x55,0xad,0x55,0xad,0x14,0xa5,
    0xd3,0x9c,0x10,0x84,0xd2,0x9c,0x34,0xa5,0xf3,0x9c,0x13,0x9d,0xd6,0xbd,0xd3,0x9c,
    0x51,0x8c,0x6d,0x6b,0x8e,0x73,0xeb,0x62,0x0b,0x63,0x69,0x4a,0x08,0x42,0x8a,0x52,
    0xef,0x7b,0x71,0x8c,0x34,0xa5,0xd7,0xbd,0x95,0xb5,0xb6,0xb5,0x8e,0x73,0xef,0x7b,
    0x13,0xa5,0x92,0x94,0x71,0x8c,0x2c,0x63,0x2c,0x63,0x10,0x84,0x6d,0x6b,0x8a,0x52,
    0xaa,0x52,0x8e,0x73,0xae,0x73,0xd3,0x9c,0xf7,0xbd,0x55,0xad,0x38,0xc6,0xdb,0xde,
    0x1b,0xe7,0x1c,0xe7,0xda,0xde,0xf7,0xbd,0x18,0xc6,0xb6,0xb5,0xb2,0x94,0x10,0x84,
    0xcb,0x5a,0x28,0x42,0xaa,0x5a,0x8e,0x73,0x10,0x84,0xaf,0x7b,0x30,0x84,0x30,0x84,
    0x4d,0x6b,0xef,0x7b,0x0f,0x84,0xcf,0x7b,0x55,0xad,0x38,0xc6,0x59,0xce,0xd7,0xbd,
    0xae,0x73,0x28,0x42,0xeb,0x5a,0x2c,0x63,0x69,0x4a,0x69,0x4a,0xcb,0x5a,0xef,0x7b,
    0x51,0x8c,0x34,0xa5,0xb2,0x94,0x14,0xa5,0x34,0xa5,0x14,0xa5,0x55,0xad,0xf3,0x9c,
    0x71,0x8c,0xaf,0x7b,0x2c,0x63,0xca,0x5a,0xeb,0x62,0x4d,0x6b,0xaa,0x52,0x6d,0x6b,
    0x4d,0x6b,0x28,0x42,0x49,0x4a,0xeb,0x5a,0xd3,0x9c,0x75,0xad,0xd7,0xbd,0xd7,0xbd,
    0xb6,0xb5,0x59,0xce,0x75,0xad,0x71,0x8c,0x92,0x94,0xb2,0x94,0x34,0xa5,0xb2,0x94,
    0x8e,0x73,0xcb,0x5a,0x8e,0x73,0x2d,0x6b,0x8a,0x52,0x86,0x31,0xe7,0x39,0xa6,0x31,
    0xc7,0x39,0x04,0x21,0x04,0x21,0xa6,0x31,0xc7,0x39,0x08,0x42,0xeb,0x5a,0x49,0x4a,
    0xcb,0x5a,0x6d,0x6b,0x10,0x84,0x14,0xa5,0x96,0xb5,0xae,0x73,0x45,0x29,0x6d,0x6b,
    0x8a,0x52,0x20,0x00,0x41,0x08,0x41,0x08,0x41,0x00,0x20,0x00,0x40,0x00,0x41,0x08,
    0x03,0x19,0xc3,0x18,0xa6,0x31,0x0c,0x63,0x8a,0x52,0x28,0x42,0xe7,0x39,0xca,0x5a,
    0x4d,0x6b,0x4d,0x6b,0x0c,0x63,0xcb,0x5a,0x65,0x29,0xc3,0x18,0xcb,0x5a,0x8a,0x52,
    0x2c,0x63,0x86,0x31,0x44,0x29,0xca,0x5a,0xa2,0x10,0x45,0x29,0x04,0x21,0x61,0x08,
    0xc3,0x18,0xe3,0x18,0x04,0x19,0x04,0x21,0x24,0x21,0x04,0x21,0xc3,0x18,0xa2,0x10,
    0xa2,0x10,0x65,0x29,0x65,0x29,0x41,0x08,0x82,0x10,0x41,0x08,0x20,0x00,0x40,0x00,
    0x40,0x00,0x20,0x00,0x20,0x00,0x20,0x00,0x20,0x00,0x20,0x00,0x00,0x00,0x00,0x00,
    0x00,0x00,0x20,0x00,0x41,0x08,0x41,0x08,0x41,0x08,0x40,0x00,0x41,0x08,0x41,0x08,
    0x20,0x00,0x82,0x10,0x2c,0x63,0xcb,0x5a,0x49,0x42,0x92,0x94,0x34,0xa5,0x10,0x84,
    0x4d,0x6b,0x8a,0x52,0x28,0x42,0xc7,0x39,0xc3,0x18,0x28,0x42,0x4d,0x6b,0xc3,0x18,
    0x45,0x29,0x08,0x42,0x69,0x4a,0x69,0x4a,0xcb,0x5a,0x4d,0x6b,0x2c,0x63,0xef,0x7b,
    0x51,0x8c,0x10,0x84,0xae,0x73,0x14,0xa5,0x75,0xad,0x14,0xa5,0x75,0xad,0xd7,0xbd,
    0x59,0xce,0xf7,0xbd,0xb6,0xb5,0x34,0xa5,0x71,0x8c,0x0c,0x63,0x8a,0x52,0xae,0x73,
    0xae,0x73,0xcb,0x5a,0xeb,0x5a,0x4d,0x6b,0x4d,0x6b,0x4d,0x6b,0x6d,0x6b,0xef,0x7b,
    0xf3,0x9c,0x75,0xad,0x55,0xad,0xd3,0x9c,0x13,0xa5,0xd2,0x94,0xae,0x73,0x51,0x8c,
    0xef,0x7b,0x4d,0x6b,0xcf,0x7b,0xcb,0x5a,0x4d,0x6b,0xcb,0x5a,0xeb,0x5a,0xef,0x7b,
    0x14,0xa5,0x13,0xa5,0xd7,0xbd,0xd7,0xbd,0x13,0xa5,0xf3,0x9c,0xcf,0x7b,0x10,0x84,
    0x71,0x8c,0x92,0x94,0x92,0x94,0x8e,0x73,0xef,0x7b,0xef,0x7b,0xeb,0x62,0x0c,0x63,
    0xeb,0x5a,0x8e,0x73,0x30,0x84,0xf3,0x9c,0x96,0xb5,0x14,0xa5,0x18,0xc6,0xba,0xd6,
    0x3c,0xe7,0x1c,0xe7,0xdb,0xde,0x18,0xc6,0x96,0xb5,0x75,0xad,0x10,0x84,0xef,0x7b,
    0xeb,0x5a,0x28,0x42,0x8a,0x52,0x6d,0x6b,0x51,0x8c,0xcf,0x7b,0x2c,0x63,0x10,0x84,
    0xae,0x73,0xcf,0x7b,0x10,0x84,0x10,0x84,0x34,0xa5,0xf7,0xbd,0x59,0xce,0x59,0xce,
    0xf7,0xbd,0x92,0x94,0xcb,0x5a,0xe7,0x39,0xaa,0x52,0x08,0x42,0x89,0x52,0x8d,0x73,
    0x8e,0x73,0x51,0x8c,0x92,0x94,0x50,0x8c,0xd3,0x9c,0xef,0x7b,0xd3,0x9c,0x75,0xad,
    0x34,0xad,0xf3,0x9c,0xb2,0x94,0x92,0x94,0xb2,0x94,0x30,0x84,0x4d,0x6b,0x2c,0x63,
    0x49,0x4a,0x69,0x4a,0x08,0x42,0x8d,0x73,0xd6,0xbd,0xb6,0xb5,0x38,0xc6,0xd7,0xb5,
    0xb6,0xbd,0x79,0xce,0x96,0xb5,0x92,0x94,0xf3,0x9c,0xf3,0x9c,0x13,0x9d,0xd3,0x9c,
    0xcf,0x7b,0x8a,0x52,0x4d,0x6b,0xaa,0x52,0xeb,0x5a,0xe7,0x39,0x65,0x29,0x86,0x31,
    0x65,0x29,0x45,0x29,0xc3,0x18,0x69,0x4a,0x24,0x21,0xcb,0x5a,0xaa,0x52,0x49,0x4a,
    0x0c,0x63,0x8e,0x73,0x30,0x84,0x14,0xa5,0x34,0xa5,0x2c,0x63,0x65,0x29,0xae,0x73,
    0xc7,0x39,0x20,0x00,0x41,0x08,0x20,0x00,0x20,0x00,0x20,0x00,0x20,0x00,0x41,0x08,
    0xe3,0x18,0xc3,0x18,0xc6,0x31,0x2c,0x63,0xaa,0x52,0x08,0x42,0xeb,0x5a,0xae,0x73,
    0x69,0x4a,0x69,0x4a,0x69,0x4a,0x28,0x42,0x45,0x29,0xe3,0x18,0xe3,0x18,0x69,0x4a,
    0x28,0x42,0x04,0x21,0xa6,0x31,0xe3,0x18,0xa2,0x10,0x24,0x21,0xe3,0x18,0x61,0x08,
    0xc7,0x39,0xc7,0x39,0xc3,0x18,0x04,0x21,0x04,0x21,0x04,0x21,0xc3,0x18,0xa2,0x10,
    0x82,0x10,0xe3,0x18,0x65,0x29,0x41,0x08,0x82,0x10,0x41,0x08,0x20,0x00,0x40,0x00,
    0x40,0x00,0x20,0x00,0x20,0x00,0x20,0x00,0x20,0x00,0x20,0x00,0x00,0x00,0x00,0x00,
    0x00,0x00,0x20,0x00,0x41,0x08,0x41,0x08,0x41,0x08,0x41,0x08,0x41,0x08,0x41,0x08,
    0x41,0x08,0x40,0x00,0x69,0x4a,0x0b,0x63,0xe7,0x39,0xcf,0x7b,0xf3,0x9c,0x92,0x94,
    0x8e,0x73,0xaa,0x52,0x29,0x4a,0xa6,0x31,0x86,0x31,0x24,0x21,0x0c,0x63,0x49,0x4a,
    0xe3,0x18,0x28,0x42,0x8a,0x52,0x08,0x42,0xcb,0x5a,0x49,0x4a,0x0c,0x63,0xef,0x7b,
    0x10,0x84,0x30,0x84,0x71,0x8c,0x34,0xa5,0xd3,0x9c,0xd7,0xbd,0x96,0xb5,0xd7,0xbd,
    0xf7,0xbd,0x38,0xc6,0x59,0xce,0x18,0xc6,0xb6,0xb5,0x34,0xa5,0xcf,0x7b,0xaa,0x52,
    0xaa,0x52,0x69,0x52,0xeb,0x5a,0xeb,0x5a,0x4d,0x6b,0x10,0x84,0xf3,0x9c,0x34,0xa5,
    0xf3,0x9c,0xb2,0x94,0xd3,0x9c,0xd3,0x9c,0x34,0xa5,0xd3,0x9c,0xef,0x7b,0x4d,0x6b,
    0xef,0x7b,0xae,0x73,0x8a,0x52,0x49,0x4a,0x49,0x4a,0xcf,0x7b,0xae,0x73,0x55,0xad,
    0x38,0xc6,0x96,0xb5,0xd7,0xbd,0xd6,0xbd,0xd3,0x9c,0x8e,0x73,0x30,0x84,0x51,0x8c,
    0x50,0x8c,0xb2,0x94,0x0f,0x84,0xae,0x73,0x51,0x8c,0x30,0x84,0x0c,0x63,0x4d,0x6b,
    0x0c,0x63,0xef,0x7b,0xd3,0x9c,0xb2,0x94,0x75,0xad,0x14,0xa5,0x38,0xc6,0xdb,0xde,
    0x1b,0xe7,0xdb,0xde,0x79,0xce,0xba,0xd6,0xb6,0xb5,0x55,0xad,0xf3,0x9c,0x71,0x8c,
    0x6d,0x6b,0x69,0x4a,0x8a,0x52,0x2c,0x63,0x30,0x84,0xae,0x73,0x49,0x4a,0x8e,0x73,
    0xef,0x7b,0xef,0x7b,0xef,0x7b,0x92,0x94,0xd3,0x9c,0x96,0xb5,0xf7,0xbd,0x18,0xc6,
    0x59,0xce,0x96,0xb5,0x92,0x94,0xab,0x52,0x8a,0x52,0xcb,0x5a,0x28,0x42,0xcb,0x5a,
    0xcb,0x5a,0xeb,0x5a,0x2c,0x63,0x4d,0x6b,0x4c,0x6b,0xef,0x83,0x2c,0x6b,0x10,0x84,
    0x51,0x8c,0xd3,0x9c,0xd3,0x9c,0xd3,0x9c,0x54,0xad,0xf3,0x9c,0x30,0x84,0x0c,0x63,
    0x10,0x84,0x14,0xa5,0xcf,0x7b,0xf3,0xa4,0xb6,0xb5,0x38,0xc6,0x79,0xce,0xf7,0xbd,
    0xb6,0xbd,0x79,0xce,0xb6,0xbd,0xf3,0x9c,0x34,0xa5,0xd3,0x9c,0x55,0xad,0x71,0x8c,
    0x92,0x94,0xcb,0x5a,0xeb,0x5a,0xeb,0x5a,0xeb,0x5a,0x08,0x42,0x45,0x29,0x65,0x29,
    0x24,0x21,0x04,0x21,0x28,0x4a,0x24,0x21,0x66,0x31,0xaa,0x52,0x49,0x4a,0x69,0x52,
    0x0c,0x63,0x8e,0x73,0x71,0x8c,0x75,0xad,0xf3,0x9c,0x8a,0x52,0xe7,0x39,0xae,0x73,
    0x04,0x21,0x20,0x00,0x41,0x08,0x21,0x00,0x21,0x00,0x20,0x00,0x41,0x00,0x41,0x08,
    0xe3,0x18,0xc3,0x18,0xc7,0x39,0x4d,0x6b,0xaa,0x52,0x08,0x42,0xaa,0x52,0xae,0x73,
    0xcb,0x5a,0xeb,0x5a,0xcb,0x5a,0xaa,0x52,0x65,0x29,0xe3,0x18,0xa6,0x31,0xcb,0x5a,
    0xcb,0x5a,0xeb,0x5a,0xeb,0x5a,0xa6,0x31,0x82,0x10,0x45,0x29,0x04,0x21,0x61,0x08,
    0x4d,0x6b,0x28,0x42,0xc3,0x18,0x04,0x21,0x04,0x21,0x24,0x21,0x24,0x21,0xc3,0x18,
    0x61,0x08,0xe3,0x18,0x45,0x29,0x41,0x08,0x82,0x10,0x41,0x08,0x20,0x00,0x20,0x00,
    0x40,0x00,0x20,0x00,0x20,0x00,0x20,0x00,0x20,0x00,0x20,0x00,0x00,0x00,0x00,0x00,
    0x00,0x00,0x20,0x00,0x41,0x08,0x41,0x08,0x41,0x08,0x41,0x08,0x41,0x08,0x41,0x08,
    0x41,0x08,0x20,0x00,0xc7,0x39,0x6d,0x6b,0xa7,0x39,0x4d,0x6b,0x14,0xa5,0x92,0x94,
    0x4d,0x6b,0x8a,0x52,0x49,0x4a,0x08,0x42,0x65,0x29,0xa6,0x31,0xc3,0x18,0xe7,0x39,
    0xa6,0x31,0x08,0x42,0x69,0x4a,0xa6,0x31,0xc7,0x39,0x28,0x42,0x4d,0x6b,0x8e,0x73,
    0xcf,0x7b,0x71,0x8c,0x14,0xa5,0x92,0x94,0x14,0xa5,0xd6,0xbd,0xd7,0xbd,0xb6,0xb5,
    0xb6,0xb5,0x18,0xc6,0x9a,0xd6,0xba,0xd6,0xd7,0xbd,0xb2,0x94,0x14,0xa5,0x92,0x94,
    0x51,0x8c,0x10,0x84,0x8d,0x73,0xce,0x7b,0xae,0x7b,0x8d,0x73,0xae,0x73,0x4d,0x6b,
    0x4d,0x6b,0xef,0x7b,0xf3,0x9c,0x71,0x8c,0x50,0x8c,0x6d,0x6b,0xaa,0x52,0x2c,0x63,
    0xcb,0x5a,0x49,0x4a,0x28,0x42,0x28,0x42,0x2c,0x63,0x72,0x94,0xf3,0x9c,0x18,0xc6,
    0x18,0xc6,0xb6,0xb5,0x96,0xb5,0xd7,0xbd,0xf3,0x9c,0xae,0x7b,0x30,0x84,0x51,0x8c,
    0xae,0x73,0x10,0x84,0x6d,0x6b,0xae,0x73,0xae,0x73,0xef,0x7b,0xeb,0x5a,0x0c,0x63,
    0x4d,0x6b,0x10,0x84,0x34,0xa5,0x92,0x94,0x96,0xb5,0xd7,0xbd,0x79,0xce,0x9a,0xd6,
    0xfb,0xde,0xfb,0xde,0xba,0xd6,0x7a,0xd6,0x18,0xc6,0xb6,0xb5,0x55,0xad,0x71,0x8c,
    0x6d,0x6b,0x8a,0x52,0xcb,0x5a,0x0c,0x63,0xef,0x7b,0xae,0x73,0xeb,0x62,0x6d,0x6b,
    0xef,0x7b,0x6d,0x6b,0x8e,0x6b,0x71,0x8c,0x71,0x8c,0xf3,0x9c,0xb6,0xb5,0x59,0xce,
    0xf7,0xbd,0xf7,0xbd,0xd7,0xbd,0xd3,0x9c,0x51,0x8c,0x8e,0x73,0x6d,0x6b,0xe7,0x39,
    0xc7,0x39,0x49,0x4a,0x08,0x42,0x69,0x4a,0xcb,0x5a,0x0c,0x63,0x8e,0x73,0x8e,0x73,
    0x4d,0x6b,0x6d,0x6b,0xae,0x73,0x6d,0x6b,0x10,0x84,0xcf,0x7b,0xeb,0x5a,0xeb,0x5a,
    0xf3,0x9c,0x51,0x8c,0xd3,0x9c,0x1b,0xe7,0x96,0xb5,0xd3,0x9c,0xb6,0xbd,0x75,0xad,
    0x96,0xb5,0x18,0xc6,0xd7,0xbd,0x14,0xa5,0xf3,0x9c,0x51,0x8c,0x75,0xad,0x51,0x8c,
    0x71,0x8c,0x6d,0x6b,0xaa,0x52,0xcb,0x5a,0xaa,0x5a,0xa6,0x31,0x04,0x21,0x65,0x29,
    0xe3,0x18,0x29,0x42,0xc7,0x39,0x24,0x21,0xc7,0x39,0x49,0x4a,0x28,0x42,0x8a,0x52,
    0x2c,0x63,0xae,0x73,0x71,0x8c,0xf3,0x9c,0x30,0x84,0xc7,0x39,0x8a,0x52,0x4d,0x6b,
    0xa2,0x18,0x41,0x08,0x41,0x08,0x20,0x00,0x20,0x00,0x20,0x00,0x41,0x08,0x41,0x08,
    0x04,0x21,0xc3,0x18,0xc6,0x39,0x6d,0x6b,0xaa,0x52,0x49,0x4a,0xe7,0x39,0x28,0x42,
    0xeb,0x5a,0xeb,0x5a,0x0c,0x63,0x0c,0x63,0x86,0x31,0xe3,0x18,0x2c,0x63,0x28,0x42,
    0x04,0x21,0x04,0x21,0xa6,0x31,0xeb,0x5a,0xc3,0x18,0x65,0x29,0xe3,0x18,0x61,0x08,
    0xaa,0x52,0x45,0x29,0xe3,0x18,0x04,0x19,0x04,0x21,0x24,0x21,0x45,0x29,0xe3,0x18,
    0x82,0x10,0x45,0x29,0x45,0x29,0x41,0x08,0x82,0x10,0x41,0x08,0x20,0x00,0x20,0x00,
    0x41,0x00,0x20,0x00,0x20,0x00,0x20,0x00,0x20,0x00,0x20,0x00,0x20,0x00,0x00,0x00,
    0x00,0x00,0x20,0x00,0x41,0x08,0x41,0x08,0x41,0x08,0x41,0x08,0x41,0x08,0x41,0x08,
    0x41,0x08,0x20,0x00,0x04,0x21,0xae,0x73,0xe7,0x39,0x8a,0x52,0xf3,0x9c,0xf3,0x9c,
    0x4d,0x6b,0xaa,0x52,0x49,0x4a,0x08,0x42,0x86,0x31,0x65,0x29,0xa6,0x31,0x20,0x00,
    0x25,0x29,0x28,0x42,0xe7,0x39,0xa6,0x31,0xc7,0x39,0xaa,0x5a,0xeb,0x5a,0xaa,0x52,
    0xcf,0x7b,0xb2,0x9c,0x92,0x94,0x30,0x84,0xd3,0x9c,0xb6,0xb5,0x96,0xb5,0x34,0xa5,
    0xd6,0xbd,0xf7,0xbd,0x38,0xc6,0x96,0xb5,0xd3,0x9c,0x34,0xa5,0xf7,0xbd,0x55,0xad,
    0xef,0x7b,0xb2,0x94,0xcb,0x5a,0x69,0x4a,0xa6,0x31,0xe7,0x41,0xe7,0x39,0x49,0x4a,
    0x4d,0x6b,0x8e,0x73,0x10,0x84,0x8e,0x73,0xeb,0x5a,0xcb,0x5a,0x0c,0x63,0x69,0x52,
    0x86,0x31,0x45,0x29,0x08,0x42,0x2c,0x63,0x51,0x8c,0xb6,0xb5,0xf7,0xbd,0x18,0xc6,
    0x79,0xce,0x79,0xce,0x95,0xad,0x75,0xad,0xef,0x7b,0x8e,0x73,0xef,0x7b,0x10,0x84,
    0x0c,0x63,0x8e,0x73,0x10,0x84,0x30,0x84,0xcf,0x7b,0x4d,0x6b,0x0c,0x63,0xab,0x5a,
    0x8e,0x73,0x0f,0x84,0xf3,0x9c,0xf3,0x9c,0xb6,0xb5,0xd7,0xbd,0x79,0xce,0xba,0xd6,
    0xdb,0xde,0xba,0xd6,0xba,0xd6,0x18,0xc6,0xf7,0xbd,0x96,0xb5,0x55,0xad,0x51,0x8c,
    0x2c,0x63,0x8a,0x52,0xcb,0x5a,0x2c,0x63,0xae,0x73,0xae,0x73,0x8e,0x73,0xef,0x7b,
    0x51,0x8c,0x4d,0x6b,0xae,0x73,0xef,0x7b,0x30,0x84,0x14,0xa5,0x75,0xad,0xb6,0xb5,
    0x38,0xc6,0x79,0xce,0x18,0xc6,0xb6,0xb5,0xd7,0xbd,0xf3,0x9c,0x6d,0x6b,0xae,0x73,
    0xcb,0x5a,0xa6,0x31,0xe7,0x39,0xa6,0x31,0xc7,0x39,0x49,0x4a,0x49,0x4a,0x69,0x4a,
    0x49,0x4a,0x28,0x42,0x49,0x4a,0x69,0x4a,0x8a,0x52,0xcb,0x5a,0x0c,0x63,0xd3,0x9c,
    0x34,0xa5,0xd3,0x9c,0x96,0xb5,0x1c,0xe7,0xba,0xd6,0xd7,0xbd,0x34,0xa5,0x75,0xad,
    0x96,0xb5,0xb6,0xb5,0x55,0xad,0xb2,0x94,0x14,0xa5,0x71,0x8c,0xf3,0x9c,0x71,0x8c,
    0xae,0x73,0x8d,0x6b,0x28,0x42,0xeb,0x5a,0x8a,0x52,0x86,0x31,0x45,0x29,0x45,0x29,
    0x82,0x10,0x82,0x10,0x04,0x21,0x65,0x31,0xa6,0x31,0xc7,0x39,0xa6,0x31,0xaa,0x52,
    0xae,0x73,0xb2,0x94,0x14,0xa5,0x92,0x94,0xeb,0x5a,0x65,0x29,0xae,0x73,0x8a,0x52,
    0x41,0x08,0x41,0x08,0x41,0x08,0x20,0x00,0x20,0x00,0x20,0x00,0x41,0x08,0x41,0x08,
    0x04,0x21,0xe3,0x18,0xc7,0x39,0x6d,0x6b,0xab,0x52,0x28,0x42,0x49,0x4a,0x49,0x4a,
    0xc7,0x39,0xa6,0x31,0xa6,0x31,0xc7,0x39,0x45,0x29,0x04,0x21,0xc7,0x39,0x8a,0x52,
    0x8a,0x52,0x69,0x4a,0x8a,0x52,0x86,0x31,0x82,0x10,0x24,0x21,0xe3,0x18,0x61,0x08,
    0x8a,0x52,0x24,0x21,0xe3,0x18,0x04,0x21,0x24,0x21,0x25,0x21,0x45,0x29,0xe3,0x18,
    0xa2,0x10,0x86,0x31,0x24,0x21,0x41,0x00,0x82,0x10,0x41,0x08,0x20,0x00,0x40,0x00,
    0x40,0x08,0x20,0x00,0x20,0x00,0x20,0x00,0x20,0x00,0x20,0x00,0x20,0x00,0x00,0x00,
    0x00,0x00,0x20,0x00,0x41,0x08,0x41,0x08,0x41,0x08,0x41,0x08,0x41,0x08,0x41,0x08,
    0x41,0x08,0x20,0x00,0x82,0x10,0x4d,0x6b,0x8a,0x52,0x86,0x31,0xcf,0x7b,0xb2,0x94,
    0xcf,0x7b,0x2c,0x63,0x69,0x4a,0xc7,0x39,0xa6,0x31,0xc2,0x18,0xc7,0x39,0x04,0x21,
    0xe4,0x20,0xa6,0x31,0xe7,0x39,0x08,0x42,0x49,0x4a,0x49,0x4a,0x49,0x4a,0x0c,0x63,
    0xef,0x7b,0x30,0x84,0xef,0x7b,0x30,0x84,0x55,0xad,0x34,0xa5,0x54,0xad,0x75,0xad,
    0xf7,0xc5,0x96,0xb5,0x14,0xa5,0xd7,0xbd,0xf7,0xc5,0xf7,0xbd,0x38,0xc6,0xf7,0xbd,
    0x4d,0x6b,0xcf,0x7b,0x30,0x84,0x8e,0x73,0x49,0x4a,0xcb,0x5a,0x8e,0x73,0xeb,0x5a,
    0x8a,0x52,0x49,0x4a,0xc7,0x39,0x08,0x42,0xeb,0x5a,0x0c,0x63,0x49,0x4a,0xe7,0x39,
    0x8a,0x52,0x6d,0x6b,0xcf,0x7b,0xf3,0x9c,0x96,0xb5,0x96,0xb5,0xd7,0xbd,0xf7,0xbd,
    0x9a,0xd6,0x9a,0xd6,0x34,0xa5,0x55,0xad,0x2c,0x63,0x0c,0x63,0xcf,0x7b,0xef,0x7b,
    0xeb,0x5a,0xcf,0x7b,0xae,0x7b,0x6d,0x6b,0xcf,0x7b,0x2c,0x63,0x0c,0x63,0xec,0x62,
    0xae,0x73,0x10,0x84,0xd3,0x9c,0x14,0xa5,0x75,0xad,0xf7,0xbd,0x38,0xce,0xba,0xd6,
    0xdb,0xde,0xdb,0xde,0xba,0xd6,0x59,0xce,0xf7,0xbd,0x14,0xa5,0x34,0xa5,0x51,0x8c,
    0xcf,0x7b,0x2c,0x63,0x0c,0x63,0x4d,0x6b,0x6d,0x6b,0xae,0x73,0xcf,0x7b,0x10,0x84,
    0x71,0x8c,0x6d,0x6b,0x10,0x84,0xcf,0x7b,0x30,0x84,0xd3,0x9c,0x34,0xa5,0x96,0xb5,
    0x79,0xce,0x79,0xce,0x9a,0xd6,0x58,0xce,0xd7,0xbd,0x55,0xad,0x51,0x8c,0xef,0x7b,
    0x2c,0x63,0xcb,0x5a,0xcb,0x5a,0xeb,0x62,0x28,0x42,0x69,0x4a,0x8a,0x52,0x49,0x4a,
    0x28,0x4a,0xaa,0x52,0xae,0x73,0x6d,0x73,0xeb,0x5a,0x6d,0x6b,0x14,0xa5,0x92,0x94,
    0xf3,0x9c,0xf3,0xa4,0x79,0xce,0x38,0xc6,0x55,0xad,0x59,0xce,0xd7,0xbd,0x54,0xad,
    0x14,0xa5,0xb6,0xbd,0x13,0xa5,0x0f,0x84,0xb2,0x94,0xb2,0x94,0x30,0x84,0xd2,0x94,
    0x6d,0x6b,0x0b,0x63,0xc7,0x39,0x2c,0x63,0x49,0x4a,0x65,0x31,0x45,0x29,0x24,0x21,
    0x61,0x08,0xa2,0x10,0x86,0x31,0x04,0x21,0xa6,0x31,0xc7,0x39,0x07,0x42,0x2c,0x63,
    0x10,0x84,0xf3,0x9c,0x14,0xa5,0x8e,0x73,0x65,0x29,0x08,0x42,0x10,0x84,0xc7,0x39,
    0x61,0x08,0x61,0x08,0x41,0x08,0x20,0x00,0x20,0x00,0x20,0x00,0x41,0x08,0x41,0x08,
    0x04,0x21,0xe3,0x18,0xa6,0x31,0x6d,0x6b,0xaa,0x52,0x28,0x42,0x69,0x4a,0xae,0x73,
    0xcf,0x7b,0xeb,0x5a,0x69,0x4a,0xc6,0x39,0x24,0x21,0x04,0x21,0xc7,0x39,0xca,0x52,
    0x8a,0x52,0x69,0x4a,0x49,0x4a,0x24,0x29,0xa2,0x10,0x24,0x21,0xc3,0x18,0x61,0x08,
    0x6d,0x6b,0x69,0x4a,0xc3,0x18,0x24,0x21,0x24,0x21,0x24,0x21,0x45,0x29,0xe3,0x18,
    0xa2,0x10,0x65,0x29,0x45,0x29,0x41,0x08,0x82,0x10,0x41,0x08,0x20,0x00,0x40,0x00,
    0x40,0x08,0x20,0x00,0x20,0x00,0x20,0x00,0x20,0x00,0x20,0x00,0x20,0x00,0x00,0x00,
    0x00,0x00,0x20,0x00,0x41,0x08,0x41,0x08,0x41,0x08,0x41,0x08,0x41,0x08,0x41,0x08,
    0x41,0x08,0x20,0x00,0x41,0x08,0x8a,0x52,0x6e,0x73,0x24,0x21,0x69,0x4a,0xcf,0x7b,
    0x30,0x8c,0x10,0x84,0xeb,0x5a,0xc7,0x39,0x04,0x21,0xa2,0x10,0xe3,0x18,0x24,0x21,
    0x45,0x29,0x24,0x21,0x08,0x42,0xe7,0x39,0x49,0x4a,0xc7,0x39,0x28,0x42,0x6d,0x6b,
    0xeb,0x62,0xef,0x7b,0x51,0x8c,0x92,0x94,0x92,0x94,0xf3,0x9c,0x34,0xa5,0xb6,0xb5,
    0x55,0xad,0xd3,0x9c,0xf7,0xbd,0x9a,0xd6,0x18,0xc6,0x18,0xc6,0xf7,0xbd,0xb6,0xb5,
    0xcf,0x7b,0xef,0x7b,0x55,0xad,0xf7,0xbd,0xb2,0x94,0x0c,0x63,0x6d,0x6b,0x4d,0x6b,
    0x49,0x4a,0xe7,0x39,0x49,0x4a,0xcb,0x5a,0xeb,0x5a,0x69,0x4a,0x49,0x4a,0xaa,0x52,
    0x71,0x8c,0x34,0xa5,0x14,0xa5,0x75,0xad,0xd7,0xbd,0x59,0xce,0xd7,0xbd,0x75,0xad,
    0xf7,0xbd,0x79,0xce,0x55,0xad,0x14,0xa5,0x71,0x8c,0xef,0x7b,0x30,0x84,0xaf,0x7b,
    0xef,0x7b,0x50,0x8c,0x71,0x8c,0x30,0x84,0x51,0x8c,0x8e,0x73,0x4d,0x6b,0x6d,0x6b,
    0xef,0x7b,0x30,0x84,0x71,0x8c,0x34,0xa5,0x55,0xad,0x38,0xc6,0x58,0xc6,0xdb,0xde,
    0xba,0xd6,0xdb,0xde,0x59,0xce,0x38,0xc6,0xd7,0xbd,0xf3,0x9c,0x55,0xad,0x92,0x94,
    0x30,0x84,0xae,0x73,0x6d,0x6b,0x6d,0x6b,0x6d,0x6b,0xcf,0x7b,0x10,0x84,0x30,0x84,
    0x10,0x84,0x6d,0x6b,0xae,0x73,0xcf,0x7b,0xcf,0x7b,0xcf,0x7b,0x96,0xb5,0x96,0xb5,
    0xf7,0xbd,0x38,0xc6,0x9a,0xd6,0x38,0xc6,0xf7,0xbd,0x34,0xa5,0x34,0xa5,0x35,0xad,
    0xae,0x73,0x6e,0x73,0x71,0x94,0x0c,0x63,0x2c,0x63,0x4d,0x6b,0xcf,0x7b,0xca,0x5a,
    0xae,0x73,0x14,0xa5,0x30,0x84,0x4d,0x6b,0x8e,0x73,0x96,0xb5,0xf3,0xa4,0x51,0x8c,
    0x75,0xad,0xd3,0x9c,0x9e,0xf7,0x18,0xc6,0x55,0xad,0x75,0xad,0xd7,0xbd,0x96,0xb5,
    0x96,0xb5,0x75,0xad,0xd3,0x9c,0xb2,0x94,0x91,0x8c,0x92,0x94,0x8e,0x73,0x71,0x8c,
    0x6d,0x6b,0x8a,0x52,0xe7,0x39,0xaa,0x52,0xc7,0x39,0x65,0x29,0x24,0x21,0x24,0x21,
    0xc3,0x18,0xc3,0x18,0x45,0x29,0xc3,0x18,0x49,0x4a,0x0c,0x63,0x2c,0x63,0xcb,0x5a,
    0xae,0x73,0x34,0xa5,0xef,0x7b,0x08,0x42,0xc3,0x18,0x6d,0x6b,0x8e,0x73,0x04,0x21,
    0x41,0x08,0x41,0x08,0x41,0x08,0x40,0x00,0x20,0x00,0x20,0x00,0x41,0x08,0x41,0x08,
    0x04,0x21,0xe3,0x18,0xa6,0x31,0x6d,0x6b,0x8a,0x52,0x49,0x4a,0xe7,0x39,0x28,0x42,
    0x10,0x84,0x2c,0x63,0x10,0x84,0x10,0x84,0x86,0x31,0xe3,0x18,0x45,0x29,0x69,0x4a,
    0xaa,0x52,0x8a,0x52,0x28,0x42,0xc3,0x18,0xa2,0x10,0x24,0x21,0xc3,0x18,0x61,0x08,
    0xeb,0x5a,0x86,0x31,0xe3,0x18,0x04,0x21,0x04,0x21,0x45,0x29,0x45,0x29,0x04,0x21,
    0xc3,0x18,0x65,0x29,0x24,0x21,0x41,0x08,0x82,0x10,0x41,0x08,0x20,0x00,0x41,0x00,
    0x41,0x00,0x20,0x00,0x20,0x00,0x20,0x00,0x20,0x00,0x20,0x00,0x20,0x00,0x00,0x00,
    0x00,0x00,0x20,0x00,0x41,0x08,0x41,0x08,0x41,0x08,0x41,0x08,0x41,0x08,0x41,0x08,
    0x41,0x08,0x41,0x08,0x20,0x00,0xa6,0x31,0xcf,0x7b,0x28,0x42,0x24,0x21,0xeb,0x5a,
    0xef,0x7b,0x91,0x8c,0xeb,0x5a,0x69,0x4a,0xe7,0x39,0x45,0x29,0xe3,0x18,0xa2,0x10,
    0x82,0x10,0x45,0x29,0x28,0x42,0xc6,0x39,0x08,0x42,0x69,0x4a,0xe7,0x39,0x28,0x42,
    0xeb,0x62,0x4d,0x6b,0x10,0x84,0x92,0x94,0x51,0x8c,0x71,0x8c,0x34,0xa5,0xd3,0x9c,
    0xf3,0x9c,0x75,0xad,0x18,0xc6,0x38,0xc6,0x96,0xb5,0xb6,0xb5,0xd7,0xbd,0xb6,0xb5,
    0x59,0xce,0x30,0x8c,0xb2,0x9c,0xd3,0x9c,0x34,0xa5,0x8e,0x73,0xeb,0x5a,0x6d,0x6b,
    0xf3,0x9c,0x14,0xa5,0xf3,0x9c,0x0c,0x63,0xcb,0x5a,0x31,0x8c,0x71,0x8c,0x51,0x8c,
    0xd7,0xbd,0x75,0xad,0xb6,0xb5,0xb6,0xb5,0x18,0xc6,0x9a,0xd6,0xf7,0xbd,0x34,0xa5,
    0x55,0xad,0x38,0xc6,0xb6,0xb5,0xd3,0x9c,0x71,0x8c,0x30,0x84,0x10,0x84,0x6d,0x73,
    0xcf,0x7b,0x51,0x8c,0x92,0x94,0x30,0x84,0x51,0x8c,0xef,0x7b,0xef,0x7b,0xcf,0x7b,
    0x51,0x8c,0x30,0x8c,0xb2,0x94,0x75,0xad,0x14,0xa5,0x38,0xc6,0x9a,0xd6,0xba,0xd6,
    0x38,0xc6,0x9a,0xd6,0x18,0xc6,0xd7,0xbd,0x96,0xb5,0x75,0xad,0x55,0xad,0xd3,0x9c,
    0x92,0x94,0x51,0x8c,0xae,0x73,0xae,0x73,0x6d,0x6b,0x10,0x84,0xef,0x7b,0x30,0x8c,
    0xae,0x73,0x6d,0x6b,0x0c,0x63,0x10,0x84,0xef,0x7b,0xef,0x7b,0x34,0xa5,0xd6,0xbd,
    0x18,0xc6,0x18,0xc6,0x79,0xce,0xdb,0xde,0x9a,0xd6,0xb6,0xb5,0x55,0xad,0xf7,0xbd,
    0x75,0xad,0xd3,0x9c,0x30,0x84,0xae,0x73,0xf3,0x9c,0x55,0xad,0x34,0xa5,0x14,0xa5,
    0x71,0x94,0xef,0x83,0xeb,0x5a,0xcf,0x7b,0xb6,0xb5,0xb2,0x94,0xef,0x7b,0x34,0xa5,
    0x14,0xa5,0xd3,0x9c,0xdb,0xde,0x18,0xc6,0xb6,0xbd,0x96,0xb5,0x95,0xb5,0x34,0xad,
    0x34,0xa5,0xef,0x7b,0x51,0x8c,0xb2,0x94,0x10,0x84,0x51,0x8c,0x2c,0x63,0x71,0x8c,
    0x8e,0x73,0x49,0x4a,0xc7,0x39,0xaa,0x52,0x28,0x42,0x24,0x21,0xe3,0x18,0x65,0x29,
    0xc3,0x18,0xe3,0x18,0xc3,0x18,0x45,0x29,0x8a,0x52,0x6d,0x6b,0x6d,0x6b,0xaa,0x52,
    0x0c,0x63,0x10,0x84,0x28,0x42,0xa2,0x10,0x69,0x4a,0x51,0x8c,0xcb,0x5a,0x82,0x10,
    0x20,0x00,0x41,0x08,0x41,0x08,0x40,0x00,0x20,0x00,0x20,0x00,0x41,0x08,0x41,0x08,
    0x24,0x21,0xe3,0x18,0xc7,0x39,0x8e,0x73,0xaa,0x52,0x28,0x42,0x8a,0x52,0xcf,0x7b,
    0x6d,0x6b,0x89,0x52,0xc7,0x39,0x24,0x21,0x04,0x21,0xe3,0x18,0xcb,0x5a,0xca,0x52,
    0x28,0x42,0x28,0x42,0x69,0x4a,0x69,0x4a,0x82,0x10,0x24,0x21,0xe3,0x18,0x41,0x08,
    0xaa,0x52,0x85,0x29,0xe3,0x18,0x04,0x21,0x24,0x21,0x24,0x21,0x45,0x29,0x04,0x21,
    0xe3,0x18,0x65,0x29,0xe3,0x18,0x41,0x08,0x82,0x10,0x41,0x08,0x20,0x00,0x41,0x00,
    0x41,0x08,0x20,0x00,0x20,0x00,0x20,0x00,0x20,0x00,0x20,0x00,0x20,0x00,0x20,0x00,
    0x00,0x00,0x20,0x00,0x41,0x08,0x41,0x08,0x41,0x08,0x41,0x08,0x41,0x08,0x41,0x08,
    0x41,0x08,0x41,0x00,0x20,0x00,0xc3,0x18,0x4d,0x6b,0xce,0x7b,0x45,0x29,0x65,0x29,
    0x2c,0x63,0xef,0x7b,0x49,0x4a,0x4d,0x6b,0x2c,0x63,0x28,0x42,0x24,0x21,0x82,0x10,
    0xc3,0x18,0x48,0x42,0xa6,0x31,0xa6,0x31,0x28,0x42,0x6a,0x4a,0xa6,0x31,0x08,0x42,
    0x69,0x4a,0x2c,0x63,0x8e,0x73,0x10,0x84,0x30,0x84,0x71,0x8c,0x13,0xa5,0x71,0x8c,
    0x75,0xad,0x75,0xad,0xb6,0xb5,0xb6,0xb5,0x92,0x94,0xd3,0x9c,0xd7,0xbd,0xd7,0xbd,
    0xdb,0xde,0x92,0x94,0xce,0x7b,0x51,0x8c,0x51,0x8c,0x14,0xa5,0x14,0xa5,0xd3,0x9c,
    0xf3,0x9c,0x51,0x8c,0x30,0x84,0x30,0x84,0x10,0x84,0x72,0x94,0x55,0xad,0x75,0xad,
    0x18,0xc6,0x38,0xc6,0x79,0xce,0xf7,0xbd,0xd7,0xbd,0x79,0xce,0x79,0xce,0x38,0xc6,
    0xd3,0x9c,0x96,0xb5,0x17,0xbe,0xd3,0x9c,0x10,0x84,0xcf,0x7b,0xef,0x7b,0xef,0x7b,
    0xcf,0x7b,0xae,0x73,0x30,0x84,0x51,0x8c,0xef,0x7b,0xef,0x7b,0xef,0x7b,0x71,0x8c,
    0x71,0x8c,0xf3,0x9c,0x55,0xad,0x75,0xad,0x96,0xb5,0x59,0xce,0x59,0xce,0xba,0xd6,
    0x9a,0xd6,0x9a,0xd6,0x9a,0xd6,0x59,0xce,0x38,0xc6,0x96,0xb5,0x75,0xad,0x14,0xa5,
    0xb2,0x94,0xd3,0x9c,0x10,0x84,0xcf,0x7b,0xae,0x73,0xcf,0x7b,0x10,0x84,0xef,0x7b,
    0xae,0x73,0x0c,0x63,0x0c,0x63,0xcf,0x7b,0x71,0x8c,0x92,0x8c,0xf3,0x9c,0x38,0xc6,
    0xd7,0xbd,0xf8,0xbd,0x1c,0xe7,0xda,0xd6,0x59,0xce,0xd7,0xbd,0x96,0xb5,0xb6,0xb5,
    0x34,0xa5,0x75,0xb5,0xd2,0x9c,0xd7,0xbd,0xf7,0xc5,0x92,0x94,0x30,0x84,0x38,0xc6,
    0x79,0xce,0x34,0xad,0xb2,0x94,0x75,0xad,0xb6,0xb5,0x14,0xa5,0xd3,0x9c,0x59,0xce,
    0x54,0xad,0x79,0xce,0xd7,0xbd,0x96,0xb5,0x96,0xb5,0x96,0xb5,0x14,0xa5,0xd3,0x9c,
    0x30,0x84,0xeb,0x5a,0xae,0x73,0x71,0x8c,0x10,0x84,0x30,0x84,0x8e,0x73,0xef,0x7b,
    0x4d,0x6b,0x08,0x42,0xc7,0x39,0xeb,0x5a,0xc7,0x39,0x45,0x29,0xe3,0x18,0x24,0x21,
    0x04,0x19,0xe3,0x18,0xa2,0x10,0x24,0x21,0xaa,0x52,0x8e,0x73,0xcf,0x7b,0xaa,0x52,
    0x28,0x42,0x08,0x42,0x82,0x10,0xa6,0x31,0x51,0x8c,0x10,0x84,0xe7,0x39,0x61,0x08,
    0x61,0x08,0x41,0x08,0x41,0x00,0x20,0x00,0x20,0x00,0x20,0x00,0x41,0x08,0x41,0x08,
    0x04,0x21,0xe3,0x18,0xc7,0x39,0x8e,0x73,0x8a,0x52,0x28,0x42,0x69,0x4a,0x6d,0x6b,
    0xeb,0x5a,0xaa,0x52,0x8a,0x52,0x8a,0x52,0x45,0x29,0xc3,0x18,0xeb,0x5a,0x8a,0x52,
    0xc3,0x18,0x82,0x10,0x08,0x42,0xcb,0x5a,0xa2,0x10,0x24,0x21,0xe3,0x18,0x41,0x08,
    0x0c,0x63,0x65,0x29,0xe3,0x18,0x04,0x21,0x04,0x21,0x24,0x21,0x45,0x29,0x04,0x21,
    0xc3,0x18,0x45,0x29,0x04,0x19,0x41,0x08,0x81,0x10,0x41,0x08,0x20,0x00,0x41,0x08,
    0x41,0x08,0x41,0x00,0x20,0x00,0x20,0x00,0x20,0x00,0x20,0x00,0x20,0x00,0x20,0x00,
    0x00,0x00,0x20,0x00,0x41,0x08,0x41,0x08,0x41,0x08,0x41,0x08,0x41,0x08,0x41,0x08,
    0x41,0x08,0x40,0x08,0x41,0x08,0x41,0x08,0x49,0x4a,0x10,0x84,0x2c,0x63,0xc3,0x18,
    0x65,0x29,0xcb,0x5a,0x49,0x4a,0x4d,0x6b,0x4c,0x63,0x49,0x4a,0x65,0x29,0x61,0x08,
    0x65,0x29,0xeb,0x5a,0x86,0x31,0xc7,0x39,0x86,0x31,0x8a,0x52,0xc7,0x39,0x28,0x42,
    0x69,0x4a,0xeb,0x5a,0x4c,0x63,0xef,0x7b,0x30,0x84,0xcf,0x7b,0x14,0xa5,0x34,0xa5,
    0x75,0xad,0x14,0xa5,0xb2,0x94,0xb2,0x94,0x55,0xad,0x55,0xad,0x34,0xad,0xd6,0xbd,
    0x79,0xce,0xf7,0xbd,0xcf,0x7b,0xb2,0x94,0x59,0xce,0xf7,0xbd,0xf7,0xbd,0x34,0xa5,
    0x6d,0x73,0x4d,0x6b,0x10,0x84,0x72,0x94,0x51,0x8c,0x92,0x94,0x92,0x94,0xd3,0x9c,
    0x96,0xb5,0x58,0xce,0xba,0xd6,0xb6,0xb5,0x55,0xad,0x59,0xce,0x38,0xc6,0x79,0xce,
    0x96,0xb5,0xd3,0x9c,0xf7,0xbd,0xf3,0x9c,0xef,0x7b,0xef,0x7b,0x8e,0x73,0x0f,0x84,
    0x51,0x8c,0x8e,0x73,0xcf,0x7b,0xcf,0x7b,0xce,0x73,0xef,0x7b,0x10,0x84,0x92,0x94,
    0x71,0x8c,0x14,0xa5,0x14,0xa5,0x34,0xa5,0xb6,0xb5,0x38,0xc6,0x9a,0xd6,0xfb,0xde,
    0xdb,0xde,0xfb,0xde,0xba,0xd6,0x75,0xad,0xb6,0xb5,0xd7,0xbd,0x96,0xb5,0x75,0xad,
    0xd2,0x9c,0x92,0x94,0x50,0x84,0xae,0x73,0x8e,0x73,0x8d,0x73,0x10,0x84,0x92,0x94,
    0x51,0x8c,0xef,0x7b,0xcf,0x7b,0xae,0x73,0xcf,0x7b,0x92,0x94,0x14,0xa5,0xd7,0xbd,
    0xd6,0xb5,0x99,0xce,0xfb,0xde,0x58,0xc6,0xf7,0xbd,0x38,0xc6,0x9a,0xd6,0xf7,0xbd,
    0x96,0xb5,0xd7,0xbd,0x59,0xce,0xd6,0xbd,0xb6,0xb5,0x51,0x8c,0xb2,0x94,0x54,0xad,
    0x55,0xad,0x38,0xc6,0x96,0xb5,0x38,0xc6,0x17,0xbe,0xf3,0x9c,0x38,0xc6,0x14,0xa5,
    0x38,0xc6,0x38,0xc6,0x55,0xad,0x34,0xa5,0x71,0x8c,0x34,0xa5,0xb2,0x94,0xf3,0x9c,
    0x10,0x84,0x0c,0x63,0xef,0x7b,0x92,0x94,0x30,0x84,0x6d,0x6b,0xae,0x7b,0x8e,0x73,
    0x69,0x4a,0xa6,0x31,0xc7,0x39,0xeb,0x5a,0xc7,0x39,0x04,0x21,0xc3,0x18,0xc2,0x18,
    0xc3,0x18,0x82,0x10,0xa2,0x10,0x86,0x31,0xeb,0x5a,0xcf,0x7b,0x51,0x8c,0xcb,0x5a,
    0x45,0x29,0x82,0x10,0x86,0x31,0x0f,0x84,0x92,0x94,0x4d,0x6b,0x45,0x29,0x40,0x00,
    0x41,0x08,0x41,0x08,0x40,0x08,0x40,0x00,0x20,0x00,0x20,0x00,0x41,0x08,0x41,0x08,
    0x04,0x21,0xe3,0x18,0xc7,0x39,0x8e,0x73,0x8a,0x52,0x08,0x42,0xeb,0x5a,0x10,0x84,
    0xcb,0x5a,0xcb,0x5a,0xaa,0x52,0x69,0x4a,0x45,0x29,0xe3,0x18,0x24,0x21,0x49,0x4a,
    0x45,0x29,0xe3,0x18,0xe7,0x39,0x24,0x21,0xc3,0x18,0x45,0x29,0xe3,0x18,0x41,0x08,
    0x0c,0x5b,0x65,0x31,0xe3,0x18,0x24,0x21,0x04,0x21,0x24,0x21,0x45,0x29,0x04,0x21,
    0xa2,0x10,0x45,0x29,0x04,0x21,0x41,0x08,0x82,0x10,0x41,0x08,0x20,0x00,0x41,0x08,
    0x41,0x08,0x40,0x00,0x20,0x00,0x20,0x00,0x20,0x00,0x20,0x00,0x20,0x00,0x00,0x00,
    0x00,0x00,0x20,0x00,0x41,0x08,0x41,0x08,0x41,0x08,0x41,0x08,0x41,0x08,0x41,0x08,
    0x41,0x08,0x40,0x00,0x41,0x08,0x20,0x00,0x65,0x29,0x8e,0x73,0x30,0x84,0xcb,0x5a,
    0x82,0x10,0xe3,0x18,0x8a,0x52,0x8e,0x73,0x4d,0x6b,0x49,0x4a,0x45,0x29,0x00,0x00,
    0x8a,0x52,0xcb,0x5a,0x85,0x31,0x86,0x31,0xa6,0x31,0x8a,0x52,0xa6,0x31,0x45,0x29,
    0x8a,0x52,0xaa,0x52,0xeb,0x5a,0xae,0x73,0x30,0x84,0xef,0x7b,0xd3,0x9c,0x14,0xa5,
    0xf3,0x9c,0x71,0x8c,0xb2,0x94,0xb2,0x94,0x55,0xad,0x75,0xad,0xd3,0x9c,0x13,0xa5,
    0x34,0xa5,0x38,0xc6,0xb2,0x94,0xf3,0x9c,0x55,0xad,0xd6,0xb5,0x34,0xa5,0xf7,0xbd,
    0xd7,0xbd,0xd3,0x9c,0x71,0x8c,0x96,0xb5,0x55,0xad,0x75,0xad,0x95,0xb5,0x75,0xad,
    0xb6,0xb5,0x18,0xc6,0x18,0xc6,0x55,0xad,0x55,0xad,0x9a,0xd6,0x38,0xc6,0x59,0xce,
    0x79,0xce,0xf3,0x9c,0x14,0xa5,0xb2,0x94,0x51,0x8c,0x51,0x8c,0x6d,0x6b,0xcf,0x7b,
    0x51,0x8c,0xcf,0x7b,0x8e,0x73,0x0c,0x63,0xae,0x73,0xcf,0x7b,0x10,0x84,0xd3,0x9c,
    0xd3,0x9c,0x55,0xad,0x14,0xa5,0x96,0xb5,0x96,0xb5,0x59,0xce,0xba,0xd6,0xba,0xd6,
    0xfb,0xde,0xdb,0xde,0x99,0xce,0x18,0xc6,0xd7,0xbd,0xf7,0xbd,0x34,0xa5,0x55,0xad,
    0x34,0xa5,0x10,0x84,0x51,0x8c,0xcf,0x7b,0x8e,0x73,0x6d,0x73,0xae,0x73,0xef,0x7b,
    0x30,0x84,0xef,0x83,0xce,0x7b,0xcf,0x7b,0x30,0x84,0x51,0x8c,0x14,0xa5,0x55,0xad,
    0xf7,0xbd,0x79,0xce,0x59,0xce,0xd7,0xbd,0x38,0xc6,0x9a,0xd6,0x38,0xc6,0xd6,0xbd,
    0xb6,0xb5,0x38,0xc6,0x38,0xc6,0x96,0xb5,0x96,0xb5,0x14,0xa5,0xdb,0xde,0x9a,0xd6,
    0xd7,0xbd,0x96,0xb5,0x96,0xb5,0x3c,0xe7,0xf3,0x9c,0xf7,0xbd,0x71,0x8c,0xb2,0x9c,
    0x38,0xc6,0x14,0xa5,0x14,0xa5,0xd3,0x9c,0x10,0x84,0x14,0xa5,0x92,0x94,0xb2,0x94,
    0xae,0x73,0xef,0x7b,0x51,0x8c,0x71,0x8c,0xef,0x7b,0x69,0x4a,0x4c,0x6b,0x0c,0x63,
    0xa6,0x31,0x65,0x29,0xa6,0x31,0xaa,0x52,0xa6,0x31,0xe3,0x18,0xc3,0x18,0xe3,0x18,
    0x61,0x08,0x82,0x10,0x45,0x29,0x8a,0x52,0xae,0x73,0xb2,0x94,0xb2,0x94,0x8a,0x52,
    0xc3,0x18,0xa6,0x31,0x10,0x84,0x92,0x94,0x10,0x84,0x69,0x4a,0xe3,0x18,0x61,0x08,
    0x40,0x08,0x41,0x08,0x40,0x00,0x20,0x00,0x40,0x00,0x40,0x00,0x41,0x08,0x41,0x08,
    0x04,0x21,0xe3,0x18,0xc7,0x39,0xae,0x73,0x8a,0x52,0x08,0x42,0xcb,0x5a,0xeb,0x5a,
    0x45,0x29,0x65,0x29,0x24,0x21,0x04,0x21,0x04,0x21,0xc3,0x18,0x07,0x42,0xcb,0x5a,
    0xeb,0x5a,0xeb,0x5a,0xeb,0x5a,0x28,0x42,0xa2,0x10,0x04,0x21,0xe3,0x18,0x41,0x08,
    0x69,0x4a,0x45,0x29,0xe3,0x18,0x04,0x21,0x04,0x21,0x24,0x21,0x45,0x29,0x04,0x21,
    0xc3,0x18,0x45,0x29,0x04,0x21,0x41,0x08,0xa2,0x10,0x41,0x08,0x20,0x00,0x41,0x08,
    0x41,0x08,0x40,0x00,0x20,0x00,0x20,0x00,0x20,0x00,0x20,0x00,0x20,0x00,0x20,0x00,
    0x00,0x00,0x20,0x00,0x41,0x08,0x61,0x08,0x61,0x08,0x41,0x08,0x41,0x08,0x41,0x08,
    0x41,0x08,0x41,0x08,0x41,0x08,0x20,0x00,0xe3,0x18,0xeb,0x5a,0xcf,0x7b,0x51,0x8c,
    0xcb,0x5a,0xe3,0x18,0xaa,0x52,0xef,0x7b,0x8e,0x73,0xeb,0x5a,0xa6,0x31,0xa2,0x10,
    0x69,0x4a,0xe7,0x39,0xa7,0x39,0xa6,0x31,0xa6,0x31,0xe7,0x39,0xe7,0x39,0x45,0x29,
    0x07,0x42,0x8a,0x52,0x0c,0x63,0x0b,0x5b,0x8e,0x73,0x30,0x84,0x71,0x8c,0xd3,0x9c,
    0x92,0x94,0x51,0x8c,0xf3,0x9c,0x14,0xa5,0x14,0xa5,0x92,0x94,0x92,0x94,0x91,0x94,
    0xf3,0x9c,0xd7,0xbd,0x55,0xad,0xef,0x7b,0xd3,0x9c,0xf3,0x9c,0x55,0xad,0x92,0x94,
    0x14,0xa5,0x92,0x94,0x51,0x8c,0xd3,0x9c,0x34,0xa5,0xd3,0x9c,0xd7,0xbd,0x18,0xc6,
    0x96,0xb5,0x79,0xce,0x95,0xb5,0x18,0xc6,0x79,0xce,0xba,0xd6,0x9a,0xd6,0x58,0xce,
    0x99,0xd6,0x14,0xa5,0x51,0x8c,0x92,0x94,0xb2,0x94,0x30,0x84,0x10,0x84,0x30,0x84,
    0xef,0x7b,0x6d,0x6b,0x2c,0x63,0x2c,0x63,0x6d,0x6b,0xcf,0x7b,0x10,0x84,0xd3,0x9c,
    0x14,0xa5,0x55,0xad,0x14,0xa5,0x34,0xa5,0xb6,0xb5,0x9a,0xd6,0x38,0xc6,0xba,0xd6,
    0xfb,0xde,0x79,0xce,0xd7,0xbd,0x59,0xce,0xba,0xd6,0x18,0xc6,0x34,0xa5,0x75,0xad,
    0x14,0xa5,0xb2,0x94,0xd3,0x9c,0x31,0x84,0x8e,0x6b,0x4d,0x6b,0x4d,0x6b,0x4d,0x6b,
    0x6d,0x6b,0x6d,0x6b,0x10,0x84,0x6d,0x6b,0xef,0x7b,0x71,0x8c,0x14,0xa5,0xd3,0x9c,
    0x55,0xad,0x79,0xce,0xb6,0xb5,0x38,0xc6,0x79,0xce,0xd7,0xbd,0xf7,0xbd,0x59,0xce,
    0xf7,0xbd,0x38,0xc6,0x38,0xc6,0xb6,0xb5,0x79,0xce,0xb2,0x94,0x8e,0x73,0x91,0x94,
    0xd3,0x9c,0x96,0xb5,0xb2,0x94,0x8e,0x73,0x92,0x94,0xd3,0x9c,0xae,0x73,0xb6,0xb5,
    0xd3,0x9c,0x34,0xa5,0xf3,0x9c,0x51,0x8c,0xae,0x73,0x51,0x8c,0xef,0x7b,0xcf,0x7b,
    0xaa,0x52,0xb2,0x94,0x51,0x8c,0x4d,0x6b,0x6d,0x6b,0x8a,0x52,0x2c,0x63,0x49,0x4a,
    0x65,0x29,0xc6,0x39,0xe7,0x39,0x49,0x4a,0x44,0x29,0xa2,0x10,0x86,0x31,0xa6,0x31,
    0x61,0x08,0x24,0x21,0xaa,0x5a,0xcf,0x7b,0xb2,0x94,0x34,0xa5,0xef,0x7b,0xe7,0x39,
    0xc7,0x39,0x10,0x84,0xb2,0x94,0xf0,0x83,0x6d,0x6b,0xa6,0x31,0x82,0x10,0x41,0x08,
    0x40,0x08,0x41,0x08,0x40,0x08,0x40,0x00,0x40,0x00,0x20,0x00,0x41,0x08,0x41,0x08,
    0x04,0x21,0xe3,0x18,0xc7,0x39,0xae,0x73,0xaa,0x52,0x29,0x42,0x08,0x42,0xc7,0x39,
    0xa6,0x31,0xa6,0x31,0x86,0x31,0x45,0x29,0x24,0x21,0xc3,0x18,0xe7,0x39,0x08,0x42,
    0x24,0x21,0xe3,0x18,0xe3,0x18,0xc3,0x18,0xc3,0x18,0x24,0x21,0xe3,0x18,0x41,0x08,
    0x0c,0x63,0xc6,0x31,0xc3,0x18,0x04,0x21,0x04,0x21,0x24,0x21,0x45,0x29,0xe3,0x18,
    0xc3,0x18,0x86,0x31,0x04,0x21,0x41,0x08,0xa2,0x10,0x41,0x08,0x40,0x00,0x40,0x08,
    0x41,0x08,0x41,0x08,0x40,0x00,0x20,0x00,0x20,0x00,0x20,0x00,0x20,0x00,0x20,0x00,
    0x00,0x00,0x20,0x00,0x61,0x08,0x61,0x08,0x61,0x08,0x41,0x08,0x41,0x08,0x61,0x08,
    0x41,0x08,0x41,0x08,0x41,0x08,0x40,0x08,0x61,0x08,0x49,0x4a,0x8e,0x73,0x30,0x84,
    0x30,0x84,0x2c,0x63,0xeb,0x5a,0xcf,0x7b,0xef,0x7b,0x0c,0x63,0x69,0x4a,0xa6,0x31,
    0xa2,0x10,0x07,0x42,0xa6,0x31,0x04,0x21,0x65,0x29,0x08,0x42,0x28,0x42,0xe3,0x18,
    0x85,0x29,0x28,0x42,0xaa,0x52,0x8a,0x52,0x4d,0x6b,0xae,0x73,0x71,0x8c,0xb2,0x94,
    0x71,0x8c,0x51,0x8c,0x10,0x84,0x51,0x8c,0xb2,0x94,0x30,0x84,0x14,0xa5,0x55,0xad,
    0x14,0xa5,0x34,0xa5,0x38,0xc6,0x13,0x9d,0x30,0x84,0x71,0x8c,0xcf,0x7b,0x30,0x84,
    0x55,0xad,0xf3,0x9c,0xf3,0x9c,0xf7,0xbd,0x38,0xce,0xb6,0xb5,0xd7,0xbd,0xf7,0xbd,
    0x95,0xb5,0xb6,0xb5,0xd7,0xbd,0x58,0xc6,0x59,0xce,0xfb,0xde,0xba,0xd6,0x38,0xc6,
    0x38,0xc6,0x14,0xa5,0x91,0x94,0x30,0x84,0x71,0x8c,0xef,0x7b,0xef,0x7b,0xae,0x73,
    0xcf,0x7b,0xae,0x73,0xaa,0x52,0xcb,0x5a,0x4d,0x6b,0xef,0x7b,0x71,0x8c,0xd3,0x9c,
    0xd3,0x9c,0xb2,0x94,0x75,0xad,0xb6,0xb5,0x18,0xc6,0xd7,0xbd,0x79,0xce,0xfb,0xde,
    0x79,0xce,0x79,0xce,0xba,0xd6,0x9a,0xd6,0x18,0xc6,0x18,0xc6,0x96,0xb5,0x34,0xa5,
    0x51,0x8c,0xf3,0x9c,0xb2,0x94,0x30,0x84,0x6d,0x6b,0xeb,0x5a,0x0c,0x63,0xeb,0x5a,
    0x0c,0x63,0x6d,0x6b,0x30,0x84,0xcf,0x7b,0xae,0x73,0xf3,0x9c,0x34,0xa5,0xf3,0x9c,
    0x34,0xa5,0x79,0xce,0x18,0xc6,0x38,0xc6,0x18,0xc6,0x38,0xc6,0xba,0xd6,0x79,0xce,
    0xd7,0xbd,0x59,0xce,0x58,0xc6,0x58,0xc6,0x17,0xc6,0xb2,0x94,0xf3,0x9c,0xae,0x73,
    0x48,0x4a,0xcb,0x5a,0x2c,0x63,0x2c,0x63,0x10,0x84,0x10,0x84,0x92,0x94,0xd2,0x9c,
    0x0f,0x84,0xd2,0x9c,0x30,0x84,0x6d,0x6b,0xae,0x73,0xcf,0x7b,0x10,0x84,0x0c,0x63,
    0x2c,0x63,0x92,0x94,0xef,0x7b,0xeb,0x5a,0x0c,0x63,0xeb,0x5a,0xeb,0x5a,0x86,0x31,
    0xc7,0x39,0xc7,0x39,0xe7,0x39,0xe7,0x39,0x24,0x21,0xa2,0x10,0x65,0x29,0xa6,0x31,
    0xa2,0x10,0xe7,0x41,0xcf,0x7b,0x30,0x84,0xb2,0x94,0xb2,0x94,0x69,0x4a,0x65,0x29,
    0x4d,0x6b,0x71,0x8c,0x51,0x8c,0xef,0x7b,0xcb,0x5a,0xe3,0x18,0xa2,0x10,0x41,0x08,
    0x40,0x08,0x41,0x00,0x41,0x00,0x41,0x00,0x20,0x00,0x20,0x00,0x41,0x08,0x41,0x08,
    0x04,0x21,0xe3,0x18,0xc7,0x39,0x8e,0x73,0x8a,0x52,0x28,0x42,0x07,0x42,0xe7,0x39,
    0x86,0x31,0x65,0x29,0x45,0x29,0x44,0x29,0x24,0x21,0xe3,0x18,0xa6,0x31,0x2c,0x63,
    0xcb,0x5a,0x28,0x42,0x28,0x42,0x65,0x29,0xa2,0x10,0x24,0x21,0xe3,0x18,0x61,0x08,
    0x2c,0x63,0x28,0x42,0xa2,0x10,0x04,0x21,0x04,0x21,0x24,0x21,0x45,0x29,0xc3,0x18,
    0xc3,0x18,0x86,0x31,0x24,0x21,0x41,0x08,0x82,0x10,0x41,0x08,0x40,0x00,0x40,0x08,
    0x41,0x08,0x41,0x08,0x40,0x00,0x20,0x00,0x20,0x00,0x20,0x00,0x20,0x00,0x20,0x00,
    0x00,0x00,0x20,0x00,0x41,0x08,0x61,0x08,0x61,0x08,0x61,0x08,0x41,0x08,0x61,0x08,
    0x41,0x08,0x41,0x08,0x41,0x08,0x41,0x08,0x41,0x08,0x45,0x29,0x2c,0x63,0xcf,0x7b,
    0x51,0x8c,0x92,0x94,0x8a,0x52,0x08,0x42,0x2c,0x63,0x8e,0x73,0x2c,0x63,0x89,0x52,
    0x65,0x29,0x28,0x42,0xe7,0x39,0x45,0x29,0x04,0x21,0xc7,0x39,0x69,0x4a,0x04,0x21,
    0x45,0x29,0x08,0x42,0x8a,0x52,0x8a,0x52,0xaa,0x52,0x6d,0x6b,0x51,0x8c,0x92,0x94,
    0xb2,0x94,0x92,0x94,0x51,0x8c,0x4d,0x6b,0x10,0x84,0x30,0x84,0xf3,0x9c,0x34,0xa5,
    0x51,0x8c,0xef,0x7b,0xb2,0x94,0xf4,0x9c,0x50,0x8c,0xae,0x7b,0x69,0x4a,0xce,0x7b,
    0x95,0xb5,0xd7,0xbd,0x17,0xc6,0x58,0xc6,0x59,0xce,0x18,0xc6,0x79,0xce,0xd6,0xb5,
    0x18,0xc6,0xb6,0xb5,0xb6,0xb5,0x79,0xce,0x18,0xc6,0x18,0xc6,0xba,0xd6,0x18,0xc6,
    0xf7,0xbd,0x55,0xad,0xb2,0x94,0x10,0x84,0x30,0x84,0xcf,0x7b,0x30,0x84,0x30,0x84,
    0x0c,0x63,0x4c,0x6b,0xaa,0x52,0x49,0x4a,0x2c,0x63,0x30,0x84,0x51,0x8c,0x71,0x8c,
    0xf3,0x9c,0x14,0xa5,0xd7,0xbd,0x75,0xad,0xb6,0xb5,0xd7,0xbd,0xfb,0xde,0xfb,0xde,
    0xfb,0xde,0xfb,0xde,0xba,0xd6,0xba,0xd6,0x38,0xc6,0x38,0xc6,0x75,0xad,0x14,0x9d,
    0xf3,0x9c,0xf3,0x9c,0xd3,0x9c,0x30,0x84,0xcf,0x7b,0xaa,0x52,0x69,0x4a,0x8a,0x52,
    0x0c,0x63,0x0c,0x63,0x4d,0x6b,0x6d,0x6b,0x71,0x8c,0x14,0xa5,0x91,0x94,0x14,0xa5,
    0x75,0xad,0xd7,0xbd,0xf7,0xbd,0x38,0xce,0xb6,0xb5,0x58,0xce,0x9a,0xd6,0x38,0xc6,
    0x18,0xc6,0x79,0xce,0xf7,0xbd,0x79,0xce,0xb6,0xb5,0x18,0xc6,0x79,0xce,0xf3,0x9c,
    0xf3,0x9c,0xb6,0xb5,0x96,0xb5,0x92,0x94,0xd3,0x9c,0x30,0x84,0x8a,0x52,0x0b,0x63,
    0x2c,0x63,0x8e,0x73,0xcb,0x5a,0x8e,0x73,0xae,0x73,0x8e,0x73,0x0c,0x63,0x0b,0x63,
    0xf3,0x9c,0xae,0x73,0x8d,0x73,0x0c,0x63,0x8e,0x73,0x0c,0x63,0x28,0x42,0x45,0x29,
    0x08,0x42,0xa6,0x39,0xa6,0x31,0x86,0x31,0xc3,0x18,0xc3,0x18,0x45,0x29,0x45,0x29,
    0xc3,0x18,0x48,0x4a,0x4d,0x6b,0x8e,0x73,0xae,0x73,0x49,0x4a,0x24,0x21,0xc7,0x39,
    0xae,0x73,0xb2,0x94,0x30,0x84,0x6d,0x6b,0x07,0x3a,0x20,0x00,0x41,0x08,0x41,0x08,
    0x40,0x00,0x40,0x08,0x41,0x00,0x40,0x00,0x20,0x00,0x20,0x00,0x41,0x08,0x41,0x08,
    0x04,0x21,0xe3,0x18,0xe7,0x39,0x8e,0x73,0x69,0x52,0x08,0x42,0x49,0x4a,0xcf,0x7b,
    0xcf,0x7b,0x2c,0x63,0x49,0x4a,0x86,0x31,0x24,0x21,0x04,0x21,0xc3,0x18,0xaa,0x52,
    0x0c,0x63,0xaa,0x52,0xcf,0x7b,0xaa,0x52,0xa2,0x10,0x45,0x29,0xe4,0x18,0x41,0x08,
    0x49,0x4a,0x04,0x21,0xe3,0x18,0xe3,0x18,0xe3,0x18,0x04,0x21,0x24,0x21,0xc3,0x18,
    0xa2,0x10,0x65,0x29,0x04,0x21,0x41,0x08,0x82,0x10,0x41,0x08,0x20,0x00,0x40,0x08,
    0x41,0x08,0x41,0x08,0x41,0x00,0x40,0x00,0x20,0x00,0x20,0x00,0x20,0x00,0x20,0x00,
    0x00,0x00,0x20,0x00,0x61,0x08,0x61,0x08,0x82,0x10,0x61,0x08,0x41,0x08,0x61,0x08,
    0x41,0x08,0x40,0x00,0x41,0x08,0x41,0x08,0x41,0x08,0x82,0x10,0x69,0x4a,0x8d,0x73,
    0x10,0x84,0xd3,0x9c,0x8a,0x52,0x65,0x29,0x86,0x31,0xaa,0x52,0x0b,0x63,0xcb,0x5a,
    0x08,0x42,0xa6,0x31,0x28,0x42,0xc7,0x39,0xe3,0x18,0x65,0x29,0x48,0x42,0x86,0x31,
    0x24,0x21,0xc7,0x39,0xc7,0x39,0xcb,0x5a,0xeb,0x5a,0x0b,0x63,0xcf,0x7b,0xef,0x7b,
    0x71,0x8c,0x71,0x8c,0xf3,0x9c,0x6d,0x6b,0x2c,0x63,0xeb,0x5a,0xae,0x73,0xf3,0x9c,
    0x51,0x8c,0xcf,0x7b,0x51,0x8c,0x8e,0x73,0x6d,0x6b,0xb2,0x94,0x14,0xa5,0xef,0x7b,
    0x51,0x8c,0x55,0xad,0xb6,0xb5,0x96,0xb5,0xf7,0xbd,0x17,0xbe,0xb6,0xb5,0x38,0xc6,
    0xf7,0xbd,0x59,0xce,0x79,0xce,0xb6,0xb5,0xba,0xd6,0xf7,0xbd,0x18,0xc6,0x79,0xce,
    0x18,0xc6,0x75,0xad,0x91,0x94,0xd2,0x9c,0x30,0x84,0x10,0x84,0x6d,0x6b,0x4c,0x6b,
    0x8a,0x52,0xca,0x5a,0xcb,0x5a,0x28,0x42,0x2c,0x63,0x10,0x84,0x8e,0x73,0xf3,0x9c,
    0x34,0xa5,0x55,0xad,0xb6,0xb5,0x54,0xad,0x18,0xc6,0xba,0xd6,0x79,0xce,0xba,0xd6,
    0xfb,0xde,0x1c,0xe7,0x9a,0xd6,0x79,0xce,0x79,0xce,0x38,0xc6,0x54,0xa5,0x75,0xad,
    0x75,0xad,0xd3,0x9c,0xf3,0x9c,0x51,0x8c,0x30,0x84,0xcb,0x5a,0x49,0x4a,0x49,0x4a,
    0x8a,0x52,0x8a,0x52,0xeb,0x5a,0xce,0x73,0xb2,0x94,0xd2,0x94,0xb2,0x94,0x55,0xad,
    0x34,0xa5,0xf7,0xbd,0x18,0xc6,0xb6,0xb5,0x18,0xc6,0x79,0xce,0x18,0xc6,0x58,0xce,
    0x9a,0xd6,0xd7,0xbd,0xf7,0xbd,0x38,0xc6,0x96,0xb5,0x38,0xc6,0xd7,0xbd,0x38,0xc6,
    0x1c,0xe7,0x59,0xce,0xd2,0x9c,0x6d,0x6b,0xd3,0x9c,0x92,0x94,0x6d,0x6b,0xeb,0x5a,
    0x0c,0x63,0x10,0x84,0x8d,0x73,0x0c,0x63,0x0c,0x63,0x2c,0x63,0x8a,0x52,0x71,0x8c,
    0x14,0xa5,0xcf,0x7b,0x30,0x84,0x6d,0x6b,0x8e,0x73,0x49,0x4a,0x86,0x31,0x45,0x29,
    0xe7,0x39,0x44,0x21,0xc7,0x39,0x86,0x31,0xa2,0x10,0x61,0x08,0x65,0x29,0x65,0x29,
    0xe3,0x18,0xc7,0x39,0x28,0x42,0x28,0x42,0x65,0x29,0x24,0x21,0x86,0x31,0x69,0x4a,
    0x6d,0x6b,0x71,0x8c,0x30,0x84,0xeb,0x5a,0x24,0x21,0x00,0x00,0x41,0x08,0x41,0x08,
    0x41,0x08,0x41,0x08,0x40,0x00,0x40,0x00,0x20,0x00,0x20,0x00,0x41,0x08,0x41,0x08,
    0x04,0x21,0xe3,0x18,0xe7,0x39,0xae,0x73,0x8a,0x52,0x28,0x42,0xa6,0x31,0xc7,0x39,
    0xef,0x7b,0x2c,0x63,0x51,0x8c,0x71,0x8c,0xc6,0x39,0xe3,0x18,0x49,0x4a,0xcb,0x5a,
    0xe7,0x39,0x44,0x21,0xa2,0x10,0x61,0x08,0xc3,0x18,0x45,0x29,0xe3,0x18,0x41,0x08,
    0xa2,0x10,0xe3,0x18,0x04,0x19,0xe3,0x18,0xe3,0x18,0x04,0x21,0x04,0x21,0xe3,0x18,
    0xe3,0x18,0x45,0x29,0x24,0x21,0x41,0x08,0xa2,0x10,0x41,0x08,0x20,0x00,0x41,0x08,
    0x41,0x08,0x41,0x08,0x40,0x00,0x41,0x00,0x20,0x00,0x20,0x00,0x20,0x00,0x20,0x00,
    0x00,0x00,0x20,0x00,0x61,0x08,0x61,0x08,0x82,0x10,0x61,0x08,0x41,0x08,0x61,0x08,
    0x41,0x08,0x40,0x08,0x41,0x08,0x41,0x08,0x41,0x08,0x61,0x08,0xc7,0x39,0x4d,0x6b,
    0x8e,0x73,0x92,0x94,0xcb,0x5a,0x08,0x42,0x86,0x31,0x24,0x21,0xa6,0x31,0xc7,0x39,
    0x45,0x29,0x24,0x21,0x8a,0x52,0x28,0x42,0xc2,0x10,0xe3,0x18,0xc7,0x39,0xe7,0x39,
    0x24,0x21,0x45,0x29,0xe7,0x39,0x08,0x42,0xcb,0x5a,0xeb,0x5a,0x4d,0x6b,0x10,0x84,
    0x31,0x84,0x10,0x84,0x71,0x8c,0x92,0x94,0x6d,0x6b,0x08,0x42,0x28,0x42,0x4d,0x6b,
    0x0c,0x63,0x8e,0x73,0xcf,0x7b,0xeb,0x5a,0x4d,0x6b,0x10,0x84,0x95,0xb5,0x9a,0xd6,
    0x38,0xc6,0xd3,0x9c,0x13,0xa5,0xf7,0xbd,0x79,0xce,0x9a,0xd6,0x38,0xc6,0x59,0xce,
    0x79,0xce,0x59,0xce,0x79,0xce,0xd6,0xbd,0x79,0xce,0x38,0xc6,0xf7,0xbd,0x38,0xce,
    0x96,0xb5,0xd7,0xbd,0x51,0x8c,0xd3,0x9c,0x92,0x94,0xcf,0x7b,0xeb,0x5a,0x69,0x4a,
    0x8a,0x52,0xaa,0x52,0xcb,0x52,0x49,0x4a,0x2c,0x63,0x10,0x84,0xcf,0x7b,0xf4,0x9c,
    0xb2,0x94,0x55,0xad,0xd7,0xbd,0x75,0xad,0x38,0xc6,0x59,0xce,0x79,0xce,0xda,0xd6,
    0x99,0xce,0x38,0xc6,0xdb,0xde,0x38,0xc6,0x9a,0xd6,0x79,0xce,0x34,0xa5,0x55,0xad,
    0x34,0xa5,0x14,0xa5,0x34,0xa5,0x71,0x8c,0x30,0x84,0xeb,0x5a,0x48,0x4a,0x49,0x4a,
    0x69,0x4a,0x08,0x42,0x69,0x4a,0xae,0x7b,0x51,0x8c,0xb2,0x94,0x34,0xa5,0x55,0xad,
    0x75,0xad,0xba,0xd6,0xb6,0xb5,0xd7,0xbd,0x9a,0xd6,0x59,0xce,0x96,0xb5,0x59,0xce,
    0xb6,0xb5,0x38,0xc6,0x18,0xc6,0x38,0xc6,0xb6,0xb5,0x38,0xc6,0x38,0xc6,0xb6,0xb5,
    0x55,0xad,0x96,0xb5,0x30,0x84,0x71,0x8c,0x96,0xb5,0x10,0x84,0x4d,0x6b,0x10,0x84,
    0x50,0x8c,0xeb,0x5a,0x08,0x42,0x49,0x4a,0xcb,0x5a,0x8a,0x52,0xd3,0x9c,0x55,0xad,
    0xef,0x7b,0xef,0x7b,0x30,0x84,0xcb,0x5a,0x0c,0x63,0xc7,0x39,0x44,0x29,0x65,0x29,
    0xe7,0x39,0xe3,0x18,0xc7,0x39,0x03,0x21,0xa2,0x10,0xe3,0x18,0x65,0x29,0x04,0x21,
    0x24,0x21,0x04,0x21,0x04,0x21,0xc3,0x18,0x86,0x31,0xcb,0x5a,0xe7,0x39,0xeb,0x5a,
    0x6d,0x6b,0xef,0x7b,0xae,0x73,0x69,0x4a,0xa2,0x10,0x40,0x00,0x41,0x08,0x41,0x08,
    0x41,0x00,0x40,0x00,0x40,0x08,0x20,0x00,0x20,0x00,0x20,0x00,0x41,0x08,0x41,0x08,
    0x04,0x21,0xe3,0x18,0xe7,0x39,0xae,0x73,0x6a,0x4a,0x08,0x42,0x28,0x42,0x6d,0x6b,
    0xae,0x73,0xeb,0x5a,0x69,0x4a,0xe7,0x39,0x45,0x29,0xe3,0x18,0x28,0x42,0xaa,0x52,
    0x49,0x4a,0x49,0x4a,0x69,0x4a,0xc7,0x39,0xa2,0x10,0x04,0x21,0xc3,0x18,0x41,0x08,
    0x04,0x21,0x04,0x21,0x04,0x21,0x04,0x21,0x04,0x21,0x04,0x21,0x04,0x21,0x04,0x21,
    0xc3,0x18,0x04,0x21,0x24,0x21,0x41,0x08,0x82,0x10,0x41,0x08,0x40,0x00,0x41,0x08,
    0x41,0x08,0x41,0x08,0x40,0x00,0x40,0x00,0x20,0x00,0x20,0x00,0x20,0x00,0x20,0x00,
    0x00,0x00,0x20,0x00,0x61,0x08,0x61,0x08,0x82,0x10,0x61,0x08,0x61,0x08,0x61,0x08,
    0x41,0x08,0x41,0x00,0x41,0x08,0x41,0x08,0x41,0x08,0x41,0x08,0xe3,0x18,0xaa,0x52,
    0x6d,0x6b,0xcf,0x7b,0xcb,0x5a,0x86,0x31,0x69,0x4a,0xa6,0x39,0xc3,0x18,0xc3,0x18,
    0x82,0x08,0xe3,0x18,0x49,0x4a,0x69,0x52,0xc2,0x18,0xe3,0x18,0x86,0x29,0x49,0x4a,
    0x45,0x29,0x45,0x29,0xc7,0x39,0x45,0x29,0x28,0x42,0xeb,0x5a,0xeb,0x5a,0xef,0x7b,
    0xef,0x7b,0x10,0x84,0x30,0x84,0x30,0x84,0x2c,0x63,0xaa,0x52,0x6d,0x73,0x8e,0x73,
    0x49,0x4a,0x6d,0x6b,0x71,0x8c,0xef,0x7b,0x55,0xad,0xb6,0xb5,0xf3,0x9c,0xb6,0xb5,
    0x99,0xd6,0x59,0xce,0x75,0xad,0xf7,0xbd,0x9a,0xd6,0x96,0xb5,0x99,0xd6,0x79,0xce,
    0x9a,0xd6,0xd6,0xbd,0x18,0xc6,0x59,0xce,0xf7,0xbd,0x55,0xad,0xd7,0xbd,0x38,0xc6,
    0x34,0xa5,0x59,0xce,0x92,0x94,0x51,0x8c,0x50,0x84,0x6d,0x6b,0x89,0x52,0x08,0x42,
    0x8a,0x52,0x0c,0x63,0x2c,0x63,0x8a,0x52,0xae,0x73,0x31,0x84,0x71,0x8c,0xb2,0x94,
    0x10,0x84,0x55,0xad,0xd7,0xbd,0x55,0xad,0x79,0xce,0x38,0xc6,0xba,0xd6,0x79,0xce,
    0x1c,0xe7,0xdb,0xde,0x9a,0xd6,0x9a,0xd6,0x59,0xce,0x59,0xce,0xd7,0xbd,0xb6,0xb5,
    0x14,0xa5,0x55,0xad,0x55,0xad,0xb2,0x94,0xae,0x73,0xeb,0x5a,0x49,0x4a,0xcb,0x5a,
    0xaa,0x52,0x07,0x3a,0xe7,0x39,0xcb,0x5a,0xae,0x73,0xb2,0x94,0x54,0xa5,0x14,0xa5,
    0xd7,0xbd,0x59,0xce,0xd3,0x9c,0x59,0xce,0x59,0xce,0x17,0xc6,0xf7,0xbd,0x99,0xce,
    0xd7,0xbd,0xd7,0xbd,0xd7,0xbd,0x38,0xc6,0x96,0xb5,0x79,0xce,0xf7,0xbd,0xb6,0xb5,
    0x18,0xc6,0x58,0xc6,0xb2,0x94,0x95,0xb5,0xd3,0x9c,0xeb,0x5a,0xcf,0x7b,0x30,0x84,
    0xef,0x7b,0x2c,0x63,0xaa,0x52,0x51,0x8c,0x4d,0x6b,0x71,0x8c,0xf3,0x9c,0x51,0x8c,
    0x4c,0x6b,0xcf,0x7b,0xeb,0x5a,0xcb,0x5a,0x8a,0x52,0xc7,0x39,0x04,0x21,0x08,0x42,
    0xe7,0x39,0x04,0x21,0xa6,0x31,0x82,0x10,0xa2,0x10,0x28,0x42,0x65,0x29,0x82,0x10,
    0x65,0x29,0x45,0x29,0x86,0x31,0x86,0x31,0x8a,0x52,0xaa,0x52,0xc7,0x39,0x6d,0x6b,
    0x8e,0x73,0x6d,0x6b,0x4c,0x6b,0x65,0x29,0x00,0x00,0x00,0x00,0x41,0x08,0x41,0x08,
    0x41,0x08,0x40,0x00,0x40,0x00,0x20,0x00,0x20,0x00,0x20,0x00,0x41,0x08,0x41,0x08,
    0x04,0x21,0xe3,0x18,0xe7,0x39,0x8e,0x73,0x89,0x4a,0x08,0x3a,0x49,0x4a,0x0c,0x63,
    0x49,0x4a,0xe7,0x39,0xe7,0x39,0xc7,0x39,0x45,0x29,0xe3,0x18,0x2c,0x63,0xaa,0x52,
    0x07,0x42,0xe7,0x39,0xe7,0x39,0x65,0x29,0xa2,0x10,0x04,0x21,0xc3,0x18,0x41,0x08,
    0xc3,0x18,0x03,0x19,0x24,0x21,0x24,0x21,0x24,0x21,0x24,0x21,0x04,0x21,0xe3,0x18,
    0xa2,0x10,0x24,0x21,0x65,0x29,0x61,0x08,0x82,0x10,0x41,0x08,0x40,0x08,0x41,0x08,
    0x41,0x08,0x41,0x08,0x40,0x00,0x40,0x00,0x40,0x00,0x20,0x00,0x20,0x00,0x20,0x00,
    0x00,0x00,0x20,0x00,0x61,0x08,0x61,0x08,0x61,0x08,0x61,0x08,0x61,0x08,0x81,0x08,
    0x61,0x08,0x20,0x00,0x41,0x08,0x41,0x08,0x41,0x08,0x41,0x08,0x61,0x08,0xa6,0x31,
    0x0c,0x63,0xef,0x7b,0x6d,0x6b,0xa6,0x31,0xa6,0x31,0x69,0x4a,0x65,0x29,0xc3,0x18,
    0xc2,0x18,0x24,0x21,0xec,0x5a,0xc7,0x39,0xc3,0x18,0xe3,0x18,0x24,0x21,0xc7,0x39,
    0xa6,0x31,0x65,0x29,0x65,0x29,0xc7,0x39,0x04,0x21,0xe7,0x39,0x69,0x4a,0x8e,0x73,
    0x8e,0x73,0xef,0x7b,0x30,0x84,0x71,0x8c,0x71,0x8c,0x71,0x8c,0x14,0xa5,0xb2,0x94,
    0x8d,0x73,0x51,0x8c,0x30,0x84,0x71,0x8c,0xb6,0xb5,0x79,0xce,0x14,0xa5,0xb2,0x94,
    0x96,0xb5,0x38,0xc6,0x96,0xb5,0x96,0xb5,0xf7,0xbd,0x55,0xad,0x55,0xad,0x59,0xce,
    0x79,0xce,0xd7,0xbd,0x38,0xc6,0x38,0xc6,0x75,0xad,0xd7,0xbd,0x75,0xad,0x79,0xce,
    0x75,0xad,0xf7,0xbd,0x96,0xb5,0x51,0x8c,0x10,0x84,0xaa,0x52,0x07,0x3a,0xe7,0x39,
    0xeb,0x5a,0xcf,0x7b,0x10,0x84,0xeb,0x5a,0xef,0x7b,0x51,0x8c,0x71,0x8c,0xd3,0x9c,
    0xb2,0x94,0xb2,0x94,0x75,0xad,0x95,0xad,0x59,0xce,0x9a,0xd6,0x5d,0xef,0x5d,0xef,
    0x3c,0xe7,0xfb,0xde,0xfb,0xde,0x59,0xce,0x79,0xce,0x38,0xc6,0x96,0xb5,0xf7,0xbd,
    0xd7,0xbd,0x75,0xad,0x92,0x94,0x30,0x84,0x8e,0x73,0x0c,0x63,0xcb,0x5a,0x6d,0x6b,
    0x8e,0x73,0x69,0x4a,0xc7,0x39,0x08,0x42,0xae,0x73,0xb2,0x94,0xf3,0x9c,0x13,0x9d,
    0x59,0xc6,0xb6,0xb5,0x34,0xa5,0x59,0xce,0x18,0xc6,0xf7,0xbd,0x38,0xc6,0x59,0xce,
    0xd7,0xbd,0x95,0xb5,0xf7,0xbd,0xf7,0xbd,0x18,0xc6,0x18,0xc6,0xb6,0xb5,0xd7,0xbd,
    0x75,0xad,0x55,0xad,0xb2,0x94,0x55,0xad,0x91,0x94,0xf3,0x9c,0x51,0x8c,0x0c,0x63,
    0xcf,0x7b,0xce,0x7b,0x30,0x84,0xef,0x7b,0xef,0x7b,0x30,0x84,0xef,0x7b,0x30,0x84,
    0xcf,0x7b,0xae,0x73,0x8a,0x52,0xcb,0x5a,0x28,0x42,0x45,0x29,0x45,0x29,0x69,0x4a,
    0x65,0x29,0x24,0x21,0x04,0x21,0x81,0x10,0xe3,0x18,0xaa,0x52,0x65,0x29,0x04,0x21,
    0x08,0x42,0x49,0x4a,0x69,0x4a,0x08,0x42,0x8a,0x52,0xa6,0x31,0xeb,0x5a,0xef,0x7b,
    0xcf,0x7b,0x2c,0x63,0x49,0x4a,0x82,0x10,0x00,0x00,0x00,0x00,0x40,0x00,0x41,0x08,
    0x20,0x00,0x40,0x00,0x40,0x00,0x20,0x00,0x20,0x00,0x20,0x00,0x41,0x08,0x41,0x08,
    0x04,0x21,0xe3,0x18,0xc7,0x39,0x8e,0x73,0x8a,0x52,0x08,0x42,0x28,0x42,0x4d,0x6b,
    0x4d,0x6b,0x30,0x84,0x0c,0x63,0xae,0x73,0xc7,0x39,0xa2,0x10,0x69,0x4a,0x24,0x21,
    0x82,0x10,0x82,0x10,0x82,0x10,0x61,0x08,0xa2,0x10,0x04,0x21,0xc3,0x18,0x41,0x08,
    0x08,0x42,0x65,0x29,0x04,0x21,0x24,0x21,0x24,0x21,0x04,0x21,0xe3,0x18,0xc3,0x18,
    0xc3,0x18,0x25,0x21,0x65,0x29,0x61,0x08,0x82,0x10,0x41,0x08,0x41,0x08,0x41,0x08,
    0x41,0x08,0x41,0x08,0x41,0x08,0x20,0x00,0x20,0x00,0x20,0x00,0x20,0x00,0x20,0x00,
    0x00,0x00,0x20,0x00,0x61,0x08,0x61,0x08,0x61,0x08,0x61,0x08,0x61,0x08,0x82,0x10,
    0x61,0x08,0x20,0x00,0x41,0x08,0x41,0x08,0x41,0x08,0x41,0x08,0x61,0x08,0x82,0x10,
    0x89,0x52,0xef,0x7b,0x92,0x94,0xcb,0x5a,0x86,0x31,0x08,0x42,0x08,0x42,0xa6,0x31,
    0x85,0x31,0x24,0x21,0x08,0x42,0x24,0x21,0x24,0x21,0x45,0x29,0xa2,0x18,0x86,0x31,
    0xe7,0x39,0x24,0x21,0x86,0x31,0xc7,0x39,0x86,0x31,0xc7,0x39,0xe7,0x39,0x69,0x4a,
    0xeb,0x5a,0xcb,0x5a,0x6d,0x6b,0x10,0x84,0xb2,0x94,0x30,0x84,0x30,0x84,0xd3,0x94,
    0xae,0x73,0x2c,0x63,0x0c,0x63,0x10,0x84,0x10,0x84,0x34,0xa5,0x75,0xad,0x10,0x84,
    0x13,0xa5,0xd6,0xbd,0xd7,0xbd,0x14,0xa5,0x75,0xad,0xba,0xd6,0x96,0xb5,0x38,0xc6,
    0xf7,0xbd,0x18,0xc6,0x18,0xc6,0x79,0xce,0xb6,0xb5,0x75,0xad,0x34,0xa5,0x38,0xc6,
    0xb6,0xb5,0xf3,0x9c,0xb6,0xb5,0xd3,0x9c,0xef,0x7b,0xaa,0x52,0xa6,0x31,0x08,0x42,
    0xae,0x7b,0x71,0x8c,0x71,0x8c,0x2c,0x63,0xef,0x7b,0x92,0x94,0x30,0x84,0x34,0xa5,
    0x34,0xa5,0xd3,0x9c,0x96,0xb5,0x59,0xce,0x18,0xc6,0xfb,0xde,0xdb,0xde,0x1c,0xe7,
    0x3c,0xe7,0xfb,0xde,0xfb,0xde,0xdb,0xde,0x59,0xce,0x79,0xce,0x18,0xc6,0x75,0xad,
    0x75,0xad,0x13,0xa5,0x30,0x84,0x30,0x84,0x10,0x84,0x6d,0x6b,0x0b,0x63,0x0f,0x84,
    0x71,0x8c,0x2c,0x63,0xc7,0x39,0x08,0x42,0x8d,0x73,0x91,0x94,0xb2,0x94,0x34,0xa5,
    0x38,0xc6,0xd7,0xbd,0x59,0xce,0xf7,0xbd,0x55,0xad,0x18,0xc6,0xb6,0xb5,0x34,0xa5,
    0xb6,0xb5,0x38,0xc6,0x59,0xce,0x59,0xce,0xf7,0xbd,0x59,0xce,0xd7,0xbd,0xd7,0xbd,
    0x75,0xad,0xf3,0x9c,0xd3,0x9c,0x75,0xad,0x14,0xa5,0xf7,0xbd,0x34,0xa5,0x92,0x94,
    0x14,0xa5,0x50,0x84,0x10,0x84,0x6e,0x73,0xef,0x7b,0x0c,0x63,0x50,0x84,0x6d,0x6b,
    0x0c,0x63,0x2c,0x63,0x0c,0x63,0x8a,0x52,0xc7,0x39,0xe3,0x18,0xe7,0x39,0x08,0x42,
    0x24,0x21,0x45,0x29,0xc3,0x18,0x82,0x10,0x66,0x29,0x08,0x42,0x86,0x31,0x45,0x29,
    0xaa,0x52,0xeb,0x5a,0x0c,0x63,0x2c,0x63,0x2c,0x63,0xcb,0x5a,0x0f,0x84,0xcf,0x7b,
    0xef,0x7b,0xaa,0x52,0x86,0x31,0xa2,0x10,0x00,0x00,0x00,0x00,0x20,0x00,0x41,0x08,
    0x21,0x00,0x20,0x00,0x20,0x00,0x20,0x00,0x20,0x00,0x20,0x00,0x41,0x08,0x41,0x08,
    0x04,0x21,0xe3,0x18,0xc6,0x39,0x6d,0x73,0x69,0x4a,0x28,0x42,0xe7,0x39,0x45,0x29,
    0x04,0x21,0xaa,0x52,0xa2,0x10,0x28,0x42,0xc7,0x39,0xc3,0x18,0xe3,0x18,0xc3,0x18,
    0xe3,0x20,0xe3,0x18,0xa2,0x10,0xa2,0x10,0xa2,0x10,0x04,0x21,0xe3,0x18,0x41,0x08,
    0x0c,0x63,0xa6,0x31,0xc3,0x18,0x04,0x21,0x04,0x21,0xe3,0x18,0xe3,0x18,0x03,0x21,
    0xc3,0x18,0xe3,0x18,0x24,0x21,0x61,0x08,0xa2,0x10,0x41,0x08,0x41,0x08,0x41,0x08,
    0x41,0x08,0x41,0x08,0x40,0x00,0x20,0x00,0x20,0x00,0x20,0x00,0x20,0x00,0x20,0x00,
    0x00,0x00,0x20,0x00,0x61,0x08,0x82,0x10,0x81,0x10,0x82,0x10,0x61,0x08,0x81,0x10,
    0x61,0x08,0x40,0x00,0x41,0x08,0x41,0x08,0x41,0x08,0x41,0x08,0x61,0x08,0x41,0x08,
    0x65,0x29,0x2c,0x63,0x51,0x8c,0x30,0x84,0x69,0x4a,0x49,0x4a,0xcb,0x5a,0x8a,0x52,
    0x08,0x42,0x65,0x29,0xa2,0x10,0xa6,0x31,0x08,0x42,0x24,0x21,0xa2,0x10,0x25,0x29,
    0xe7,0x39,0x65,0x29,0xa6,0x31,0x86,0x31,0x08,0x42,0x86,0x31,0x86,0x31,0xe7,0x39,
    0x28,0x42,0x2c,0x63,0x30,0x84,0x71,0x8c,0x92,0x94,0x8e,0x73,0x30,0x84,0x55,0xad,
    0x54,0xad,0x92,0x94,0xd3,0x9c,0xd7,0xbd,0x55,0xad,0xf3,0x9c,0xd7,0xbd,0x55,0xad,
    0x55,0xad,0x95,0xb5,0x95,0xb5,0x38,0xc6,0x18,0xc6,0x18,0xc6,0xd7,0xbd,0xf7,0xbd,
    0x38,0xc6,0xb7,0xb5,0x9a,0xd6,0x59,0xce,0x96,0xb5,0xb6,0xbd,0xf3,0x9c,0x55,0xad,
    0x79,0xce,0xb2,0x94,0xd3,0x9c,0x30,0x84,0xce,0x7b,0xca,0x5a,0x08,0x42,0x0c,0x63,
    0x71,0x8c,0xd3,0x9c,0x30,0x84,0x0c,0x63,0x30,0x84,0xb2,0x94,0x92,0x94,0x34,0xa5,
    0x55,0xad,0x14,0xa5,0xb6,0xb5,0x59,0xce,0x38,0xc6,0x1c,0xe7,0xfb,0xde,0xba,0xde,
    0x1c,0xe7,0x3c,0xe7,0xfb,0xde,0x3c,0xe7,0x9a,0xd6,0x18,0xc6,0x18,0xc6,0x55,0xad,
    0xf3,0xa4,0xf3,0x9c,0x92,0x94,0x71,0x8c,0x30,0x84,0x4d,0x6b,0x4d,0x6b,0x0f,0x7c,
    0xf3,0x9c,0x30,0x84,0x8a,0x4a,0xe7,0x39,0x0c,0x63,0x30,0x84,0x92,0x94,0x34,0xa5,
    0x18,0xc6,0x38,0xc6,0xf7,0xbd,0xf7,0xbd,0x96,0xb5,0x38,0xc6,0xf7,0xbd,0x75,0xad,
    0x18,0xc6,0xd7,0xbd,0x38,0xc6,0xd7,0xb5,0x96,0xb5,0xf7,0xbd,0xf7,0xbd,0x38,0xc6,
    0x54,0xad,0xf3,0x9c,0x55,0xad,0xb6,0xb5,0x96,0xb5,0xf3,0x9c,0x51,0x8c,0x10,0x84,
    0x30,0x84,0x6d,0x6b,0x2c,0x63,0x6d,0x6b,0x6d,0x73,0x8e,0x73,0x0c,0x63,0xaa,0x5a,
    0x28,0x42,0xaa,0x52,0x6d,0x6b,0x08,0x42,0xa6,0x31,0x66,0x31,0xa6,0x31,0x65,0x29,
    0x04,0x21,0x24,0x21,0xa2,0x10,0x82,0x10,0xe7,0x39,0xe7,0x39,0xc7,0x39,0x45,0x29,
    0x8a,0x52,0x2c,0x6b,0x2c,0x63,0x6d,0x6b,0x2c,0x63,0x10,0x84,0x92,0x94,0xef,0x7b,
    0x6d,0x6b,0xe7,0x39,0xe3,0x18,0xa2,0x10,0x20,0x00,0x00,0x00,0x20,0x00,0x20,0x00,
    0x20,0x00,0x20,0x00,0x20,0x00,0x20,0x00,0x20,0x00,0x20,0x00,0x41,0x08,0x41,0x08,
    0x04,0x21,0xe3,0x18,0xc7,0x39,0x6d,0x6b,0x69,0x4a,0x28,0x42,0x28,0x42,0x8a,0x4a,
    0x69,0x4a,0x28,0x42,0x08,0x42,0x08,0x42,0x24,0x21,0xe3,0x18,0x04,0x21,0x86,0x31,
    0xc3,0x18,0x04,0x21,0xa6,0x31,0xc3,0x18,0xc2,0x18,0x24,0x21,0xe3,0x18,0x41,0x08,
    0x2c,0x63,0xa6,0x31,0xc3,0x18,0x04,0x21,0x04,0x21,0x04,0x21,0xe3,0x18,0x04,0x21,
    0xc3,0x18,0xe3,0x18,0x04,0x21,0x61,0x08,0xa2,0x10,0x41,0x08,0x40,0x08,0x41,0x08,
    0x41,0x08,0x41,0x00,0x21,0x00,0x20,0x00,0x20,0x00,0x20,0x00,0x20,0x00,0x20,0x00,
    0x00,0x00,0x20,0x00,0x82,0x10,0x82,0x10,0x82,0x10,0x82,0x10,0x61,0x08,0x82,0x10,
    0x61,0x08,0x20,0x00,0x41,0x08,0x41,0x08,0x41,0x08,0x41,0x08,0x61,0x08,0x41,0x08,
    0xa2,0x10,0x69,0x4a,0xcf,0x7b,0x10,0x84,0x4d,0x6b,0xeb,0x5a,0x2c,0x63,0x0c,0x63,
    0x69,0x4a,0xe7,0x39,0x04,0x21,0x0c,0x63,0xe7,0x39,0x86,0x31,0xa2,0x10,0xe3,0x18,
    0x86,0x31,0x28,0x42,0xa6,0x31,0x86,0x31,0x86,0x31,0xa6,0x31,0x08,0x42,0x69,0x4a,
    0x8a,0x52,0x2c,0x63,0xef,0x7b,0x51,0x8c,0x10,0x84,0x51,0x8c,0x92,0x94,0x71,0x94,
    0x34,0xa5,0xd2,0x9c,0xb6,0xbd,0x55,0xad,0x59,0xce,0x34,0xa5,0x54,0xad,0xf7,0xbd,
    0xb6,0xb5,0x18,0xc6,0xf3,0x9c,0x18,0xc6,0xf7,0xbd,0x75,0xad,0xd7,0xbd,0xb6,0xb5,
    0xd7,0xbd,0x55,0xad,0xf7,0xbd,0x38,0xc6,0x34,0xa5,0x75,0xad,0x96,0xb5,0x55,0xad,
    0x38,0xc6,0x55,0xad,0x71,0x8c,0x71,0x8c,0x0c,0x63,0x49,0x4a,0x69,0x4a,0x10,0x84,
    0xf3,0x9c,0xf3,0x9c,0x8e,0x73,0x0c,0x63,0x51,0x8c,0xd3,0x9c,0xb2,0x94,0x13,0xa5,
    0xd3,0x9c,0x75,0xad,0x18,0xc6,0xd7,0xbd,0x38,0xc6,0xba,0xd6,0x5d,0xef,0x5d,0xef,
    0x1c,0xe7,0x3c,0xe7,0x5d,0xef,0x5d,0xe7,0x3c,0xe7,0x59,0xce,0xf7,0xbd,0x96,0xb5,
    0x34,0xa5,0xf3,0x9c,0x92,0x94,0x30,0x84,0x51,0x8c,0x6d,0x6b,0x6d,0x6b,0xef,0x7b,
    0xf3,0x9c,0xd3,0x9c,0x6d,0x6b,0x08,0x42,0xcb,0x5a,0x8e,0x73,0x92,0x94,0x75,0xad,
    0x38,0xc6,0xb6,0xb5,0xf7,0xbd,0x79,0xce,0xf7,0xbd,0x38,0xc6,0x58,0xc6,0xb6,0xb5,
    0xd6,0xbd,0x75,0xad,0x55,0xad,0xf7,0xbd,0xf8,0xc5,0x76,0xb5,0xf7,0xbd,0xb6,0xb5,
    0x55,0xad,0x55,0xad,0xf3,0x9c,0x18,0xc6,0x14,0xa5,0x92,0x94,0x92,0x94,0x0f,0x84,
    0x71,0x8c,0x30,0x84,0x10,0x84,0xcf,0x7b,0xcf,0x7b,0xcf,0x7b,0x6d,0x6b,0x4d,0x6b,
    0x28,0x42,0x4d,0x6b,0xeb,0x5a,0x86,0x31,0x65,0x29,0x86,0x31,0xc6,0x39,0x24,0x21,
    0x45,0x29,0x04,0x21,0x81,0x08,0x41,0x08,0xe7,0x39,0xc7,0x39,0x24,0x21,0x86,0x31,
    0x69,0x4a,0xae,0x73,0x8e,0x73,0x8e,0x73,0x2c,0x63,0x51,0x8c,0x30,0x84,0xae,0x73,
    0xaa,0x52,0x04,0x21,0x20,0x00,0x20,0x00,0x20,0x00,0x20,0x00,0x20,0x00,0x41,0x08,
    0x41,0x08,0x41,0x08,0x61,0x08,0x41,0x08,0x61,0x08,0x41,0x08,0x20,0x00,0x41,0x08,
    0x04,0x21,0xe3,0x18,0xc7,0x39,0x6d,0x6b,0x69,0x4a,0x07,0x3a,0x49,0x4a,0x8d,0x73,
    0x6d,0x6b,0x30,0x84,0x2c,0x63,0x8e,0x73,0x86,0x31,0xa2,0x10,0xcb,0x5a,0x28,0x42,
    0xc3,0x18,0x2c,0x63,0xaa,0x52,0x49,0x4a,0xa2,0x10,0x04,0x21,0xc3,0x18,0x41,0x08,
    0xaa,0x52,0x86,0x31,0xe3,0x18,0x04,0x21,0x04,0x21,0x04,0x21,0xe3,0x18,0x24,0x21,
    0x04,0x21,0x24,0x21,0x45,0x29,0x61,0x08,0x82,0x10,0x41,0x08,0x41,0x08,0x41,0x08,
    0x41,0x08,0x41,0x08,0x20,0x00,0x20,0x00,0x20,0x00,0x20,0x00,0x20,0x00,0x20,0x00,
    0x00,0x00,0x20,0x00,0x82,0x10,0x82,0x10,0x82,0x10,0x82,0x10,0x82,0x08,0x61,0x08,
    0x61,0x08,0x20,0x00,0x41,0x08,0x41,0x08,0x41,0x08,0x41,0x08,0x61,0x08,0x61,0x08,
    0x61,0x08,0x08,0x42,0x6d,0x6b,0x6d,0x73,0x8e,0x73,0xeb,0x5a,0x4c,0x6b,0x0c,0x63,
    0xaa,0x52,0xe7,0x39,0x69,0x4a,0xeb,0x5a,0x8a,0x52,0x86,0x31,0xc3,0x18,0xc3,0x18,
    0x24,0x21,0xa6,0x31,0x86,0x29,0x85,0x31,0x86,0x31,0x28,0x42,0xe7,0x39,0xeb,0x5a,
    0x69,0x4a,0x2c,0x63,0xcb,0x5a,0x51,0x8c,0x10,0x84,0x30,0x8c,0x14,0xa5,0xcf,0x7b,
    0xb2,0x94,0x10,0x84,0x34,0xa5,0x75,0xad,0xd6,0xbd,0x96,0xb5,0x75,0xad,0xd7,0xbd,
    0x54,0xad,0x18,0xc6,0xf3,0x9c,0x55,0xad,0x34,0xa5,0x75,0xad,0xf7,0xbd,0x96,0xb5,
    0xf7,0xbd,0x38,0xc6,0x55,0xad,0xf7,0xbd,0x96,0xb5,0xf7,0xbd,0x34,0xa5,0x34,0xa5,
    0x54,0xad,0xb6,0xb5,0x30,0x84,0x30,0x84,0x6d,0x6b,0x49,0x4a,0xae,0x73,0xb3,0x9c,
    0x35,0xa5,0x92,0x94,0x6d,0x6b,0x0c,0x63,0x92,0x94,0xb2,0x94,0x71,0x8c,0xb2,0x94,
    0x92,0x94,0x14,0xa5,0xf7,0xbd,0xb6,0xb5,0x38,0xc6,0x1c,0xe7,0x3c,0xe7,0x1c,0xe7,
    0x5d,0xef,0x1c,0xe7,0x3c,0xe7,0xfb,0xde,0x1c,0xe7,0x59,0xce,0x18,0xc6,0x96,0xb5,
    0x55,0xad,0x92,0x94,0x51,0x8c,0xcf,0x7b,0x30,0x84,0x8e,0x73,0x4d,0x6b,0xcf,0x7b,
    0x92,0x94,0xf3,0x9c,0x51,0x84,0xaa,0x52,0x28,0x42,0x8e,0x73,0xd3,0x9c,0x34,0xa5,
    0x75,0xad,0x75,0xad,0xf7,0xbd,0x38,0xc6,0x96,0xb5,0xf7,0xbd,0xb6,0xb5,0x55,0xad,
    0x79,0xce,0x96,0xb5,0xb6,0xb5,0x59,0xce,0x18,0xc6,0x34,0xa5,0x59,0xce,0x18,0xc6,
    0x96,0xb5,0xf3,0x9c,0xd3,0x9c,0xd6,0xbd,0xb2,0x94,0xf3,0x9c,0x34,0xa5,0x51,0x8c,
    0x14,0xa5,0x71,0x8c,0xef,0x7b,0x30,0x84,0x51,0x8c,0xcf,0x7b,0xcb,0x5a,0x28,0x42,
    0xcb,0x5a,0xeb,0x5a,0x28,0x42,0x24,0x21,0x04,0x21,0xe7,0x39,0xc6,0x39,0x65,0x29,
    0x86,0x31,0xc3,0x18,0xa2,0x10,0x62,0x08,0x45,0x29,0x08,0x42,0xe3,0x18,0x49,0x4a,
    0xaa,0x52,0x8e,0x6b,0x10,0x84,0xcf,0x7b,0x4d,0x6b,0xef,0x7b,0x10,0x84,0x6d,0x6b,
    0xe7,0x39,0x82,0x10,0xa2,0x10,0xc3,0x18,0xc3,0x18,0xc3,0x18,0xc3,0x18,0xe3,0x18,
    0x04,0x21,0xe3,0x18,0xa2,0x10,0xe3,0x18,0xe3,0x18,0xa2,0x10,0x20,0x00,0x41,0x08,
    0x04,0x21,0xe3,0x18,0xc7,0x39,0x6d,0x6b,0x69,0x4a,0x08,0x42,0xc7,0x39,0x44,0x29,
    0x24,0x21,0xeb,0x5a,0xe3,0x18,0x69,0x4a,0xc7,0x39,0xa2,0x10,0xeb,0x5a,0x69,0x4a,
    0x2c,0x63,0xe7,0x39,0x45,0x29,0xcb,0x5a,0x82,0x10,0x24,0x21,0xe3,0x18,0x41,0x08,
    0x2d,0x63,0xc6,0x31,0xe3,0x18,0x04,0x21,0x04,0x21,0x03,0x19,0x24,0x21,0x45,0x29,
    0xe3,0x18,0xe3,0x18,0x65,0x29,0x82,0x10,0x82,0x10,0x41,0x08,0x41,0x08,0x41,0x08,
    0x41,0x08,0x41,0x08,0x20,0x00,0x20,0x00,0x20,0x00,0x20,0x00,0x20,0x00,0x20,0x00,
    0x00,0x00,0x20,0x00,0x82,0x10,0x82,0x10,0x61,0x08,0x82,0x10,0x82,0x10,0x82,0x10,
    0x61,0x08,0x20,0x00,0x41,0x08,0x41,0x08,0x41,0x08,0x41,0x08,0x61,0x08,0x82,0x10,
    0x61,0x08,0x24,0x21,0xeb,0x5a,0x4d,0x6b,0x8e,0x73,0x2c,0x63,0xeb,0x5a,0xcb,0x5a,
    0xcb,0x5a,0x28,0x42,0xaa,0x52,0xeb,0x5a,0x0c,0x63,0x24,0x29,0xe3,0x18,0x03,0x19,
    0x24,0x21,0xa6,0x31,0xe7,0x39,0x65,0x29,0x65,0x29,0x28,0x42,0xa6,0x31,0x69,0x4a,
    0x6a,0x4a,0x8a,0x52,0x2c,0x63,0x2c,0x63,0x30,0x84,0x30,0x84,0x34,0xa5,0x55,0xad,
    0xf3,0x9c,0x30,0x84,0xd3,0x9c,0x14,0xa5,0xf3,0x9c,0x34,0xa5,0x92,0x94,0x55,0xad,
    0x55,0xad,0x95,0xad,0xd7,0xbd,0x55,0xad,0xf7,0xbd,0xd7,0xbd,0x55,0xad,0x18,0xc6,
    0xf7,0xbd,0x99,0xd6,0xd7,0xbd,0x96,0xb5,0xf7,0xbd,0x18,0xc6,0x18,0xc6,0x75,0xad,
    0x55,0xad,0xf3,0x9c,0x92,0x94,0x6d,0x6b,0xeb,0x5a,0x69,0x4a,0x51,0x8c,0xf3,0x9c,
    0xb3,0x9c,0x10,0x84,0x2c,0x63,0x0c,0x63,0x51,0x8c,0x71,0x8c,0x30,0x84,0x10,0x84,
    0xb2,0x94,0x55,0xad,0x96,0xb5,0xd7,0xb5,0x38,0xc6,0x9a,0xd6,0x3c,0xe7,0xfb,0xde,
    0x1c,0xe7,0x3c,0xe7,0x3c,0xe7,0xdb,0xde,0xdb,0xde,0xba,0xd6,0x38,0xc6,0x75,0xad,
    0xd3,0x9c,0xb2,0x94,0xb2,0x94,0x30,0x84,0x8e,0x73,0x4d,0x6b,0x2c,0x63,0x8e,0x73,
    0x0f,0x84,0xb2,0x9c,0xb2,0x94,0x6d,0x6b,0x49,0x4a,0x6d,0x6b,0x71,0x8c,0x14,0xa5,
    0x75,0xad,0xb6,0xb5,0xf7,0xbd,0x96,0xb5,0x96,0xb5,0xf7,0xbd,0xf3,0x9c,0x96,0xb5,
    0xf7,0xbd,0xd7,0xbd,0x79,0xce,0x18,0xc6,0x75,0xad,0x75,0xad,0xf7,0xbd,0xd7,0xbd,
    0x75,0xad,0x55,0xad,0x75,0xad,0xb6,0xb5,0x10,0x84,0xf3,0x9c,0x13,0xa5,0x34,0xa5,
    0x55,0xad,0x8e,0x73,0xcf,0x7b,0x6d,0x6b,0xcf,0x7b,0xeb,0x62,0x08,0x42,0xcb,0x5a,
    0xaa,0x52,0x49,0x4a,0x86,0x31,0x24,0x21,0x48,0x4a,0xa6,0x31,0xc6,0x31,0xc7,0x39,
    0x86,0x31,0xa2,0x10,0xc3,0x18,0x24,0x21,0x04,0x21,0x08,0x42,0xa6,0x31,0x69,0x4a,
    0xaa,0x52,0x4d,0x6b,0xef,0x7b,0x8e,0x73,0x4d,0x6b,0x8e,0x73,0x8e,0x73,0xaa,0x52,
    0x04,0x21,0x45,0x29,0x86,0x31,0x86,0x31,0x65,0x29,0x65,0x29,0x45,0x29,0x45,0x29,
    0x65,0x29,0x24,0x21,0xe3,0x18,0x65,0x29,0xc3,0x18,0x41,0x08,0x20,0x00,0x41,0x08,
    0x04,0x21,0xe3,0x18,0xc7,0x39,0x4d,0x6b,0x49,0x4a,0xe7,0x39,0xe7,0x39,0x28,0x42,
    0x28,0x42,0x28,0x42,0xe7,0x39,0x08,0x42,0x24,0x21,0xc3,0x18,0x04,0x21,0x28,0x42,
    0x86,0x31,0x41,0x08,0x45,0x29,0x65,0x29,0xa2,0x10,0x45,0x29,0xe3,0x18,0x61,0x08,
    0x03,0x19,0x04,0x21,0x04,0x21,0x04,0x21,0x04,0x21,0x04,0x21,0x45,0x29,0x24,0x21,
    0xa2,0x10,0xe3,0x18,0x45,0x29,0x82,0x10,0x82,0x10,0x41,0x08,0x41,0x08,0x41,0x08,
    0x41,0x08,0x41,0x08,0x20,0x00,0x20,0x00,0x20,0x00,0x20,0x00,0x20,0x00,0x20,0x00,
    0x00,0x00,0x20,0x00,0x82,0x10,0x82,0x10,0x81,0x08,0x82,0x10,0x82,0x10,0x82,0x10,
    0x61,0x08,0x40,0x00,0x41,0x08,0x41,0x08,0x41,0x08,0x41,0x08,0x61,0x08,0x82,0x10,
    0x61,0x08,0x61,0x08,0xe7,0x39,0x0c,0x63,0xeb,0x62,0x2c,0x63,0xcb,0x5a,0x0c,0x63,
    0x8a,0x52,0x69,0x4a,0x08,0x42,0xeb,0x5a,0x69,0x4a,0xc7,0x39,0xa6,0x31,0x04,0x21,
    0x04,0x21,0x86,0x31,0x08,0x42,0xc7,0x31,0x24,0x21,0x45,0x29,0xc7,0x39,0xc7,0x39,
    0xcb,0x5a,0x8a,0x52,0xeb,0x5a,0x0c,0x63,0x4d,0x6b,0xec,0x62,0x31,0x84,0x91,0x94,
    0x14,0xa5,0x92,0x94,0x30,0x84,0xb2,0x94,0x71,0x8c,0xb2,0x94,0xf3,0x9c,0x96,0xb5,
    0x96,0xb5,0x75,0xad,0xb6,0xb5,0xb6,0xb5,0xf7,0xbd,0x18,0xc6,0xd7,0xbd,0xb6,0xb5,
    0x96,0xb5,0x38,0xc6,0x39,0xce,0x34,0xa5,0xf7,0xbd,0xf7,0xbd,0x75,0xad,0xd7,0xbd,
    0x75,0xad,0x51,0x8c,0x8e,0x73,0xae,0x73,0x8a,0x52,0x0c,0x63,0x71,0x8c,0x14,0xa5,
    0x71,0x8c,0x8e,0x73,0x4d,0x6b,0xec,0x5a,0x8e,0x73,0x31,0x84,0x30,0x84,0x51,0x8c,
    0xb2,0x94,0xb6,0xb5,0xb6,0xb5,0x75,0xad,0x59,0xce,0x59,0xce,0x38,0xc6,0xdb,0xde,
    0xba,0xd6,0xdb,0xde,0xfb,0xe6,0xfb,0xe6,0xfb,0xde,0x79,0xce,0xf7,0xbd,0x75,0xad,
    0xf3,0x9c,0xd3,0x9c,0xd2,0x9c,0x10,0x84,0x4c,0x6b,0x2c,0x63,0xcb,0x5a,0x6e,0x73,
    0xef,0x7b,0x92,0x94,0xb2,0x94,0xef,0x83,0xaa,0x52,0x4d,0x6b,0xef,0x7b,0xb2,0x94,
    0x34,0xa5,0xd7,0xbd,0xb6,0xb5,0xb6,0xb5,0x38,0xc6,0x18,0xc6,0x96,0xb5,0xd7,0xbd,
    0x59,0xce,0x75,0xad,0x55,0xad,0x75,0xb5,0x55,0xad,0x34,0xa5,0xf7,0xbd,0x96,0xb5,
    0x96,0xb5,0xf3,0x9c,0x34,0xa5,0x34,0xa5,0x10,0x84,0x14,0xa5,0x92,0x94,0x55,0xad,
    0xef,0x83,0x0c,0x63,0xef,0x7b,0xeb,0x5a,0x4d,0x6b,0xc7,0x39,0x2c,0x63,0xcb,0x5a,
    0xa6,0x31,0xc7,0x39,0x45,0x29,0xc7,0x39,0xe7,0x39,0xe7,0x41,0x49,0x4a,0xc6,0x39,
    0x04,0x21,0xc2,0x10,0x24,0x21,0x45,0x29,0x08,0x42,0x28,0x42,0x49,0x4a,0x69,0x4a,
    0xeb,0x5a,0xeb,0x5a,0xcf,0x7b,0xcf,0x73,0x2c,0x63,0x0c,0x63,0xaa,0x52,0x45,0x29,
    0xc3,0x18,0x04,0x21,0xe3,0x18,0xe3,0x18,0xe3,0x18,0xc3,0x18,0xe3,0x18,0xe3,0x18,
    0xc3,0x18,0xc3,0x18,0xe3,0x18,0x24,0x21,0xc3,0x18,0x41,0x08,0x20,0x00,0x41,0x08,
    0x04,0x21,0xe3,0x18,0xc7,0x39,0x4d,0x6b,0x28,0x42,0xc7,0x39,0x28,0x42,0x8e,0x73,
    0x6d,0x6b,0x4d,0x6b,0x2c,0x63,0xeb,0x5a,0x45,0x29,0xe3,0x18,0x65,0x29,0x65,0x29,
    0x45,0x29,0x65,0x29,0x86,0x31,0x8a,0x52,0xc3,0x18,0x04,0x21,0xc3,0x18,0x61,0x08,
    0xe3,0x18,0x04,0x21,0x04,0x21,0x04,0x21,0x04,0x21,0x04,0x21,0x45,0x29,0xe3,0x18,
    0x61,0x08,0xe3,0x18,0x65,0x29,0x82,0x10,0x82,0x10,0x41,0x08,0x41,0x00,0x41,0x08,
    0x41,0x08,0x41,0x08,0x40,0x00,0x20,0x00,0x20,0x00,0x20,0x00,0x41,0x08,0x20,0x00,
    0x00,0x00,0x40,0x00,0x82,0x10,0x82,0x10,0x82,0x10,0x82,0x10,0x82,0x10,0x82,0x10,
    0x61,0x08,0x20,0x00,0x41,0x08,0x61,0x08,0x41,0x08,0x61,0x08,0x61,0x08,0x82,0x10,
    0x61,0x08,0x41,0x08,0xc2,0x18,0x28,0x42,0x8a,0x52,0xaa,0x5a,0xeb,0x5a,0x0c,0x63,
    0x69,0x4a,0x8a,0x52,0xe7,0x39,0xe7,0x39,0x49,0x4a,0xe7,0x39,0xe7,0x39,0x61,0x08,
    0xe3,0x18,0x65,0x29,0xe7,0x39,0x49,0x4a,0xc7,0x39,0xa6,0x31,0xa6,0x31,0xa6,0x31,
    0x69,0x4a,0x49,0x4a,0x69,0x4a,0x8a,0x52,0x6d,0x6b,0x4d,0x6b,0xcf,0x7b,0xb2,0x94,
    0x71,0x8c,0xd3,0x9c,0x2c,0x6b,0xb2,0x94,0xb2,0x94,0x55,0xad,0x75,0xad,0x55,0xad,
    0x75,0xb5,0xd7,0xbd,0xd7,0xbd,0x96,0xb5,0xd7,0xbd,0xd7,0xbd,0xb6,0xb5,0x55,0xad,
    0xf7,0xbd,0x75,0xad,0x59,0xce,0xb6,0xb5,0x54,0xad,0xd7,0xbd,0x96,0xb5,0x14,0xa5,
    0xd3,0x9c,0x71,0x8c,0xae,0x73,0x6d,0x6b,0xeb,0x5a,0x4d,0x6b,0x30,0x84,0xb2,0x94,
    0x51,0x8c,0x4d,0x6b,0x4d,0x6b,0xeb,0x5a,0xcb,0x5a,0xcf,0x7b,0xef,0x7b,0x71,0x8c,
    0x51,0x8c,0xf3,0x9c,0x75,0xad,0xf3,0x9c,0x75,0xad,0x9a,0xd6,0x79,0xce,0x59,0xce,
    0x79,0xce,0xba,0xd6,0xdb,0xde,0x79,0xce,0x38,0xc6,0x96,0xb5,0xb6,0xb5,0xd3,0x9c,
    0xb2,0x94,0xd3,0x9c,0x30,0x84,0x6d,0x6b,0x6d,0x6b,0x0c,0x5b,0xcb,0x5a,0x8e,0x73,
    0xae,0x73,0x71,0x8c,0x51,0x8c,0x30,0x84,0x4d,0x6b,0x0c,0x63,0x6d,0x6b,0xef,0x7b,
    0x71,0x8c,0xf3,0x9c,0x55,0xad,0x14,0xa5,0xb6,0xb5,0xf7,0xbd,0xf7,0xbd,0x75,0xad,
    0x18,0xc6,0x34,0xa5,0x14,0xa5,0x96,0xb5,0x75,0xad,0x54,0xa5,0x34,0xa5,0xd7,0xbd,
    0xf7,0xbd,0xb2,0x94,0xf3,0x9c,0x13,0xa5,0x92,0x94,0x14,0xa5,0xd3,0x9c,0x71,0x8c,
    0x2c,0x63,0x4d,0x6b,0xb2,0x94,0x0c,0x63,0xaa,0x52,0x08,0x42,0xae,0x73,0xa6,0x31,
    0x65,0x31,0x45,0x29,0xa6,0x31,0xa6,0x31,0xa6,0x31,0xeb,0x5a,0x6a,0x52,0xa6,0x31,
    0x82,0x10,0x24,0x21,0x86,0x31,0x86,0x31,0xa6,0x31,0xaa,0x52,0xc7,0x39,0x8a,0x52,
    0x0c,0x63,0xcb,0x5a,0x6d,0x6b,0x8e,0x73,0xaa,0x52,0x69,0x4a,0x24,0x21,0xa2,0x10,
    0xa2,0x10,0xa2,0x10,0xc3,0x18,0xc3,0x18,0xc3,0x18,0xc2,0x18,0xc3,0x18,0xc3,0x18,
    0xc3,0x18,0xc3,0x18,0xc3,0x18,0x04,0x21,0xe3,0x18,0x41,0x08,0x20,0x00,0x41,0x08,
    0x04,0x21,0xe3,0x18,0xc7,0x39,0x2c,0x63,0x28,0x42,0xc7,0x39,0xe7,0x39,0x8a,0x52,
    0x8a,0x52,0x69,0x4a,0x69,0x4a,0x69,0x4a,0x45,0x29,0xe3,0x18,0x08,0x42,0xcb,0x5a,
    0xca,0x5a,0x8a,0x52,0xeb,0x5a,0xeb,0x5a,0xc3,0x18,0x45,0x29,0xc3,0x18,0x61,0x08,
    0xc3,0x18,0x04,0x21,0x24,0x21,0xe3,0x18,0xe4,0x18,0x24,0x21,0x45,0x29,0xa2,0x10,
    0x82,0x10,0x24,0x21,0x65,0x29,0x61,0x08,0x82,0x10,0x41,0x08,0x41,0x08,0x41,0x08,
    0x41,0x08,0x20,0x00,0x20,0x00,0x20,0x00,0x41,0x08,0x61,0x08,0x41,0x08,0x41,0x08,
    0x20,0x00,0x41,0x08,0x61,0x08,0x82,0x10,0x81,0x08,0x82,0x10,0x82,0x10,0x61,0x10,
    0x61,0x08,0x20,0x00,0x41,0x08,0x61,0x08,0x41,0x08,0x61,0x08,0x61,0x08,0x82,0x10,
    0x61,0x08,0x61,0x08,0x61,0x08,0xc3,0x18,0xe7,0x39,0x28,0x42,0x0c,0x63,0xcb,0x5a,
    0x49,0x4a,0xaa,0x52,0x08,0x42,0x28,0x42,0xaa,0x52,0x29,0x42,0x24,0x21,0x65,0x29,
    0x82,0x10,0x45,0x29,0xc7,0x39,0x49,0x42,0x69,0x4a,0x28,0x42,0x49,0x4a,0x08,0x42,
    0xa6,0x31,0x28,0x42,0x69,0x4a,0x49,0x4a,0xaa,0x52,0x30,0x84,0xcf,0x7b,0x51,0x8c,
    0x51,0x8c,0x14,0xa5,0xef,0x7b,0x92,0x94,0xf3,0x9c,0x34,0xa5,0xf3,0x9c,0x13,0xa5,
    0x75,0xad,0xb6,0xb5,0xd7,0xbd,0xf7,0xbd,0x18,0xc6,0xf7,0xbd,0xd7,0xbd,0x96,0xb5,
    0xd7,0xbd,0xb6,0xb5,0xb6,0xb5,0x59,0xce,0x18,0xc6,0xf7,0xbd,0xb6,0xb5,0x75,0xad,
    0x14,0xa5,0x51,0x8c,0xcf,0x7b,0x4d,0x6b,0x0c,0x63,0x0c,0x63,0xce,0x7b,0x10,0x84,
    0x71,0x8c,0x4d,0x6b,0xeb,0x5a,0xaa,0x52,0xeb,0x5a,0x0c,0x63,0x2c,0x63,0x30,0x84,
    0x51,0x84,0x30,0x84,0x55,0xad,0xb6,0xb5,0x55,0xad,0x75,0xad,0x18,0xc6,0x18,0xc6,
    0xf7,0xbd,0x18,0xc6,0xf7,0xbd,0x38,0xc6,0xf7,0xbd,0x55,0xad,0x95,0xad,0x34,0xa5,
    0xb2,0x94,0x51,0x8c,0xcf,0x7b,0x0c,0x63,0x0c,0x63,0x69,0x4a,0xaa,0x52,0x2c,0x63,
    0x8e,0x73,0x30,0x84,0x51,0x8c,0xef,0x7b,0x2c,0x63,0x2c,0x63,0x0c,0x63,0x8e,0x73,
    0x10,0x84,0xb2,0x94,0xf3,0x9c,0x55,0xad,0x55,0xad,0xf7,0xbd,0x55,0xad,0x79,0xce,
    0x96,0xb5,0x34,0xa5,0xb6,0xb5,0x96,0xb5,0xd7,0xbd,0xf3,0xa4,0x34,0xa5,0xd7,0xbd,
    0x55,0xad,0x92,0x94,0x34,0xa5,0xf7,0xbd,0x14,0xa5,0x92,0x94,0x30,0x84,0x4d,0x6b,
    0xcb,0x5a,0x30,0x84,0x30,0x84,0x0c,0x63,0xcb,0x5a,0x8a,0x52,0xc7,0x39,0x04,0x21,
    0x86,0x31,0x08,0x42,0x86,0x31,0x49,0x4a,0xaa,0x52,0xeb,0x5a,0xc7,0x39,0x45,0x29,
    0x61,0x08,0x04,0x21,0x45,0x29,0xe8,0x41,0x66,0x29,0x65,0x29,0x65,0x29,0x89,0x52,
    0x0c,0x63,0x0c,0x63,0xeb,0x5a,0xeb,0x5a,0xe7,0x39,0x04,0x21,0x61,0x08,0x82,0x10,
    0xa2,0x10,0xa2,0x10,0xa2,0x10,0xa2,0x10,0xa2,0x10,0xa2,0x10,0x82,0x10,0x82,0x10,
    0xa2,0x10,0xa2,0x10,0xa2,0x10,0xc3,0x10,0xc3,0x18,0x41,0x08,0x20,0x00,0x41,0x08,
    0xe3,0x18,0xc3,0x18,0xa7,0x31,0x2c,0x63,0x08,0x42,0x86,0x31,0x8a,0x52,0xcf,0x7b,
    0xaa,0x52,0xcb,0x5a,0xcb,0x5a,0xaa,0x52,0x45,0x29,0xc3,0x18,0x45,0x29,0x24,0x21,
    0xa2,0x10,0x61,0x08,0xa2,0x10,0xc7,0x39,0xc3,0x18,0x24,0x21,0xe3,0x18,0x61,0x08,
    0xe3,0x18,0x04,0x19,0x24,0x21,0xe3,0x18,0x04,0x21,0x65,0x29,0x45,0x29,0xc3,0x18,
    0xc3,0x18,0x65,0x29,0x65,0x29,0x61,0x08,0x82,0x10,0x61,0x08,0x41,0x08,0x20,0x00,
    0x20,0x00,0x20,0x00,0x61,0x08,0x82,0x10,0x61,0x08,0x61,0x08,0x82,0x10,0x61,0x08,
    0x61,0x08,0x61,0x08,0x61,0x08,0x61,0x08,0x61,0x08,0x61,0x08,0x61,0x08,0x61,0x08,
    0x61,0x08,0x41,0x08,0x41,0x08,0x61,0x08,0x41,0x08,0x41,0x08,0x61,0x08,0x61,0x08,
    0x61,0x08,0x61,0x08,0x61,0x08,0x41,0x08,0xe4,0x18,0xa6,0x31,0x49,0x4a,0x28,0x42,
    0x28,0x42,0x49,0x4a,0x49,0x4a,0xaa,0x52,0xaa,0x52,0xc7,0x39,0xeb,0x5a,0x86,0x31,
    0x41,0x08,0x45,0x29,0xc7,0x39,0x08,0x3a,0x8a,0x52,0x28,0x42,0x49,0x4a,0x8a,0x52,
    0x65,0x29,0xeb,0x5a,0x28,0x42,0x69,0x4a,0x28,0x4a,0xeb,0x5a,0x2c,0x63,0x4d,0x6b,
    0x8e,0x73,0x51,0x8c,0xd3,0x9c,0xce,0x7b,0x0f,0x7c,0xb2,0x94,0xd3,0x9c,0xd3,0x9c,
    0x14,0xa5,0x75,0xad,0x96,0xb5,0x96,0xb5,0x55,0xad,0x18,0xc6,0x55,0xad,0xf7,0xbd,
    0x34,0xa5,0x34,0xa5,0x75,0xad,0x96,0xb5,0xb6,0xbd,0x96,0xb5,0x14,0xa5,0x14,0xa5,
    0x91,0x94,0xcf,0x7b,0x8e,0x73,0x10,0x84,0x4d,0x6b,0x8a,0x52,0x6d,0x6b,0x8e,0x73,
    0x0f,0x84,0x6d,0x6b,0x89,0x4a,0x49,0x4a,0x69,0x4a,0x8a,0x52,0x8a,0x52,0x0c,0x63,
    0x10,0x84,0x30,0x84,0x14,0xa5,0xb6,0xb5,0xb6,0xb5,0x96,0xb5,0xb6,0xbd,0x75,0xb5,
    0x75,0xad,0xb6,0xb5,0xb6,0xb5,0x96,0xb5,0x75,0xad,0x55,0xad,0x14,0xa5,0xf3,0x9c,
    0xef,0x7b,0x8e,0x6b,0x2c,0x63,0x69,0x4a,0x28,0x42,0x49,0x4a,0x49,0x4a,0x8a,0x52,
    0x0c,0x63,0x8e,0x73,0x10,0x84,0x4d,0x6b,0xca,0x5a,0xae,0x73,0xcf,0x7b,0x4d,0x6b,
    0xce,0x7b,0xb2,0x94,0xf3,0x9c,0xb6,0xb5,0xf7,0xbd,0xd7,0xb5,0x38,0xc6,0xf7,0xbd,
    0xd7,0xbd,0x55,0xad,0xb6,0xb5,0x75,0xad,0x75,0xad,0x34,0xa5,0xb6,0xb5,0xb2,0x94,
    0xf3,0x9c,0x34,0xa5,0xd3,0x9c,0x96,0xb5,0x92,0x94,0xef,0x7b,0x0c,0x63,0x69,0x4a,
    0x0c,0x63,0xcf,0x7b,0x8a,0x52,0x2c,0x63,0x89,0x52,0x8a,0x52,0x45,0x29,0x45,0x29,
    0xcb,0x5a,0xe7,0x39,0xaa,0x52,0x49,0x4a,0x0c,0x63,0x49,0x4a,0xa6,0x31,0x24,0x21,
    0x65,0x29,0xc3,0x18,0x82,0x10,0x65,0x29,0xe7,0x39,0x04,0x21,0x45,0x29,0x28,0x42,
    0xaa,0x52,0xeb,0x5a,0x69,0x4a,0x85,0x31,0xc3,0x18,0x65,0x29,0xa6,0x31,0xa6,0x31,
    0xa6,0x31,0xa6,0x31,0xa6,0x31,0xa6,0x31,0xc7,0x39,0xc7,0x39,0xa6,0x31,0xa6,0x31,
    0xa6,0x31,0x86,0x31,0x65,0x29,0x86,0x31,0x86,0x31,0x41,0x08,0x20,0x00,0x41,0x08,
    0xe3,0x18,0xc3,0x18,0xa7,0x31,0x0c,0x63,0xe7,0x39,0x86,0x31,0x69,0x4a,0x49,0x4a,
    0x82,0x10,0xc3,0x18,0xa2,0x10,0x82,0x10,0xc3,0x18,0xc3,0x18,0xc7,0x39,0x2c,0x63,
    0xeb,0x5a,0x69,0x4a,0x08,0x42,0x24,0x21,0xa2,0x10,0x04,0x21,0xe3,0x18,0x41,0x08,
    0xa2,0x10,0xe3,0x18,0x04,0x19,0xe3,0x18,0x04,0x21,0x04,0x21,0x04,0x21,0x04,0x21,
    0xc2,0x10,0x24,0x21,0x24,0x21,0x41,0x08,0x82,0x10,0x41,0x08,0x41,0x08,0x61,0x08,
    0x61,0x08,0xa2,0x10,0xa2,0x10,0xa2,0x10,0xa2,0x10,0xa2,0x10,0xa2,0x10,0xa2,0x10,
    0x82,0x10,0x82,0x10,0x82,0x10,0x82,0x10,0x82,0x10,0x82,0x10,0x61,0x08,0x82,0x10,
    0x82,0x10,0x61,0x08,0x61,0x08,0x61,0x08,0x61,0x08,0x61,0x08,0x61,0x08,0x61,0x08,
    0x61,0x08,0x61,0x08,0xe3,0x18,0x45,0x29,0xc2,0x10,0x82,0x10,0x65,0x29,0xc7,0x39,
    0xe7,0x39,0xc7,0x39,0x49,0x4a,0xc7,0x39,0xe7,0x39,0x69,0x4a,0xa6,0x31,0xa2,0x10,
    0x45,0x29,0x45,0x29,0x65,0x29,0x49,0x4a,0xeb,0x5a,0x08,0x42,0x49,0x4a,0xcb,0x5a,
    0xaa,0x52,0xc6,0x31,0x69,0x4a,0x45,0x29,0x69,0x4a,0xca,0x5a,0x28,0x42,0xeb,0x5a,
    0x6d,0x6b,0xeb,0x5a,0x14,0xa5,0x10,0x84,0xeb,0x5a,0x71,0x8c,0x34,0xad,0xd3,0x9c,
    0xb2,0x94,0x75,0xad,0x75,0xad,0x75,0xad,0x14,0xa5,0x75,0xad,0xf3,0x9c,0xb6,0xb5,
    0x95,0xb5,0xb6,0xb5,0x75,0xb5,0x75,0xad,0xd3,0x9c,0xd3,0x9c,0xd3,0x9c,0x51,0x8c,
    0xcf,0x7b,0x6d,0x6b,0xcf,0x7b,0x71,0x8c,0x2c,0x63,0x28,0x4a,0xcb,0x5a,0x2c,0x63,
    0x6d,0x6b,0x0c,0x63,0x28,0x42,0x48,0x42,0x08,0x3a,0xe7,0x39,0x08,0x42,0x48,0x4a,
    0x0c,0x63,0x10,0x84,0xd3,0x9c,0xd3,0x9c,0x55,0xad,0x75,0xad,0x75,0xad,0x75,0xad,
    0x96,0xb5,0x55,0xad,0x75,0xad,0x96,0xb5,0x55,0xad,0x14,0xa5,0xd3,0x9c,0x30,0x84,
    0x2c,0x63,0x8a,0x4a,0x49,0x4a,0x08,0x42,0x08,0x3a,0x28,0x42,0x08,0x42,0x69,0x4a,
    0xeb,0x5a,0x2c,0x63,0x2c,0x63,0xcb,0x5a,0x69,0x4a,0xef,0x7b,0x0f,0x84,0x8e,0x73,
    0x4d,0x6b,0xce,0x7b,0x91,0x94,0x34,0xa5,0xb6,0xb5,0x38,0xc6,0xf7,0xbd,0xd7,0xbd,
    0x55,0xad,0xf7,0xbd,0x95,0xad,0x34,0xa5,0x14,0xa5,0xf3,0x9c,0xd3,0x9c,0xb2,0x94,
    0x96,0xb5,0xd3,0x9c,0xb2,0x94,0xd3,0x9c,0x30,0x84,0x2c,0x63,0x2c,0x63,0x0b,0x63,
    0x30,0x84,0x2c,0x63,0xeb,0x5a,0xeb,0x5a,0xc7,0x39,0x08,0x42,0x04,0x21,0xe7,0x39,
    0xe7,0x39,0xaa,0x52,0xeb,0x5a,0x28,0x42,0xca,0x5a,0xe7,0x39,0xa6,0x31,0xc3,0x18,
    0x24,0x21,0x86,0x31,0xe3,0x18,0x04,0x19,0xa6,0x31,0x44,0x29,0x45,0x29,0xe7,0x39,
    0x28,0x42,0xe7,0x39,0x24,0x21,0x04,0x21,0xc7,0x39,0xe7,0x39,0xe7,0x39,0xe7,0x39,
    0xe7,0x39,0xe7,0x39,0x08,0x42,0xe7,0x39,0xe7,0x39,0xe8,0x39,0x08,0x42,0x08,0x42,
    0xe7,0x39,0xe7,0x39,0xa6,0x31,0x28,0x42,0xc7,0x39,0x41,0x08,0x20,0x00,0x41,0x08,
    0xe3,0x18,0xe3,0x18,0xa6,0x31,0xeb,0x5a,0xe7,0x39,0xa6,0x31,0xe7,0x39,0xaa,0x52,
    0x69,0x4a,0x69,0x4a,0x49,0x4a,0x08,0x42,0x04,0x21,0xe3,0x18,0x82,0x10,0x69,0x4a,
    0xeb,0x5a,0xeb,0x5a,0xef,0x7b,0xaa,0x52,0x82,0x10,0xe3,0x18,0xc3,0x18,0x41,0x08,
    0x28,0x42,0xe3,0x18,0xe3,0x18,0x04,0x21,0x04,0x21,0xe3,0x18,0x24,0x21,0x24,0x21,
    0xa2,0x10,0x04,0x21,0x24,0x21,0x61,0x08,0x61,0x08,0x61,0x08,0xe7,0x39,0x86,0x31,
    0x86,0x31,0xc7,0x39,0xa6,0x31,0x45,0x29,0x45,0x29,0x24,0x21,0x03,0x19,0x04,0x19,
    0xe3,0x18,0xe3,0x18,0xe3,0x18,0x03,0x19,0x03,0x19,0x04,0x21,0x04,0x21,0xe3,0x18,
    0xe3,0x18,0xe3,0x18,0xc3,0x18,0xc3,0x18,0xe3,0x18,0x04,0x21,0x24,0x21,0x65,0x29,
    0x65,0x29,0xa6,0x31,0x28,0x42,0x24,0x21,0x41,0x08,0x20,0x00,0x61,0x08,0x04,0x21,
    0x65,0x29,0x65,0x29,0x65,0x29,0x24,0x21,0xaa,0x52,0x6a,0x52,0xa6,0x31,0xa6,0x31,
    0xc7,0x39,0x04,0x21,0x45,0x29,0xe7,0x39,0x69,0x4a,0xeb,0x5a,0x28,0x42,0x48,0x42,
    0x28,0x42,0x65,0x29,0xaa,0x52,0x86,0x31,0x45,0x29,0x69,0x4a,0xe7,0x39,0xcb,0x5a,
    0x0f,0x84,0x2c,0x63,0xae,0x73,0x91,0x94,0x8e,0x73,0x4d,0x6b,0xb2,0x94,0xb2,0x94,
    0xd3,0x9c,0x35,0xa5,0x34,0xa5,0xd3,0x9c,0xd7,0xbd,0x34,0xa5,0x34,0xa5,0xb6,0xb5,
    0x18,0xc6,0x55,0xad,0x75,0xad,0x34,0xa5,0x34,0xa5,0x96,0xb5,0x75,0xad,0x10,0x84,
    0x4d,0x6b,0xef,0x7b,0x30,0x84,0x10,0x84,0x2c,0x63,0xa6,0x31,0x49,0x4a,0x49,0x4a,
    0x8a,0x52,0x69,0x4a,0xc7,0x39,0xc6,0x39,0xa6,0x31,0xa6,0x31,0xa6,0x31,0xc7,0x39,
    0x08,0x42,0x0c,0x63,0x30,0x84,0x51,0x8c,0xf3,0x9c,0xd3,0x9c,0xb2,0x94,0x71,0x8c,
    0x92,0x94,0x75,0xad,0x75,0xad,0x34,0xa5,0x75,0xad,0xd3,0x9c,0x51,0x8c,0x4d,0x6b,
    0x8a,0x52,0xe7,0x39,0xa6,0x31,0x86,0x31,0xa6,0x31,0xa6,0x31,0xa6,0x39,0x08,0x42,
    0x69,0x4a,0x49,0x42,0x49,0x4a,0x28,0x42,0x07,0x42,0xef,0x7b,0x71,0x8c,0x30,0x84,
    0x8e,0x73,0x4d,0x6b,0xef,0x7b,0xd2,0x9c,0x95,0xb5,0x75,0xad,0x96,0xb5,0xf3,0x9c,
    0x75,0xad,0x38,0xc6,0xf3,0xa4,0xb6,0xb5,0x34,0xa5,0x14,0xa5,0x14,0xa5,0x75,0xad,
    0x95,0xb5,0x14,0xa5,0x51,0x8c,0x51,0x8c,0xae,0x73,0x2c,0x63,0x8e,0x73,0xae,0x73,
    0xcf,0x7b,0xae,0x73,0x2c,0x6b,0xc7,0x39,0x08,0x42,0xa6,0x31,0xa6,0x31,0x89,0x52,
    0x08,0x42,0x6d,0x6b,0x49,0x4a,0xcb,0x5a,0xaa,0x52,0xc7,0x39,0x04,0x21,0x24,0x21,
    0x04,0x21,0x45,0x29,0xc7,0x39,0x65,0x29,0x45,0x29,0xa2,0x10,0x82,0x10,0x04,0x21,
    0x04,0x19,0x82,0x10,0x61,0x08,0xe3,0x18,0xc3,0x18,0xa2,0x10,0xa2,0x10,0xa2,0x10,
    0xa2,0x10,0xa2,0x10,0xa2,0x10,0xa2,0x10,0xa2,0x10,0xa2,0x10,0xc3,0x18,0xc3,0x18,
    0xc3,0x18,0xc3,0x18,0xa2,0x10,0xc3,0x18,0xc3,0x18,0x41,0x08,0x20,0x00,0x41,0x08,
    0xe3,0x18,0xc3,0x18,0xa6,0x31,0xeb,0x5a,0xc7,0x39,0x86,0x31,0x07,0x3a,0xeb,0x5a,
    0x8a,0x52,0x8a,0x52,0xaa,0x52,0x8a,0x52,0x24,0x21,0xc2,0x10,0x48,0x42,0xeb,0x5a,
    0x28,0x42,0x65,0x29,0xc3,0x18,0x82,0x10,0xa2,0x10,0xe3,0x18,0xc3,0x18,0x41,0x08,
    0x2c,0x63,0x28,0x42,0xa2,0x10,0x04,0x21,0x04,0x21,0x04,0x19,0x24,0x21,0x24,0x21,
    0xa2,0x10,0x24,0x21,0x45,0x29,0x61,0x08,0x41,0x08,0x41,0x08,0x28,0x42,0x69,0x4a,
    0xe7,0x39,0xc7,0x39,0xc7,0x39,0xe7,0x39,0x07,0x42,0xc7,0x39,0xa6,0x31,0xa6,0x31,
    0xc7,0x39,0xc7,0x39,0xc7,0x39,0xe7,0x39,0xe7,0x39,0x08,0x42,0x08,0x42,0x08,0x42,
    0xc7,0x39,0xa6,0x31,0x45,0x29,0xc7,0x39,0x8a,0x52,0x8a,0x52,0x8a,0x52,0xaa,0x52,
    0x69,0x4a,0x49,0x4a,0xa6,0x31,0x82,0x10,0x20,0x00,0x41,0x00,0x20,0x00,0x41,0x08,
    0x82,0x10,0xe3,0x18,0xe3,0x18,0xe3,0x18,0xeb,0x5a,0x0c,0x63,0xcb,0x5a,0xe7,0x39,
    0x04,0x21,0xe3,0x18,0x65,0x29,0x08,0x3a,0x49,0x4a,0x8e,0x73,0xaa,0x52,0xe8,0x39,
    0x08,0x42,0x49,0x4a,0xe7,0x39,0xaa,0x52,0x04,0x21,0xa6,0x31,0x28,0x42,0xaa,0x52,
    0x4d,0x6b,0xae,0x73,0x2c,0x63,0x50,0x8c,0x55,0xad,0x30,0x84,0x92,0x94,0xd3,0x9c,
    0x92,0x94,0xf3,0x9c,0x14,0xa5,0x55,0xad,0xd7,0xbd,0xd7,0xbd,0x55,0xad,0x55,0xad,
    0x95,0xad,0x79,0xce,0xd7,0xbd,0xd7,0xbd,0x34,0xa5,0xb2,0x94,0x51,0x8c,0x6d,0x6b,
    0xef,0x7b,0x51,0x8c,0xf3,0x9c,0xf3,0x9c,0xae,0x73,0x65,0x29,0xc7,0x39,0xc6,0x31,
    0xa6,0x31,0xa6,0x31,0x86,0x31,0x65,0x29,0x86,0x31,0xa6,0x31,0xa6,0x31,0xa7,0x31,
    0xc7,0x39,0x49,0x4a,0x4d,0x6b,0x51,0x8c,0x91,0x94,0x71,0x8c,0x10,0x84,0x71,0x8c,
    0xb2,0x94,0xf3,0x9c,0x14,0xa5,0x14,0xa5,0xf3,0x9c,0xb2,0x94,0xef,0x7b,0x0c,0x63,
    0x28,0x42,0x86,0x31,0x86,0x31,0x86,0x31,0xa6,0x31,0xa6,0x31,0xa6,0x31,0xa6,0x31,
    0x86,0x31,0xc6,0x31,0xe7,0x39,0x86,0x31,0xe7,0x39,0x71,0x8c,0xb2,0x94,0x71,0x8c,
    0x30,0x84,0x10,0x84,0xae,0x73,0xef,0x7b,0x51,0x8c,0x14,0xa5,0xf3,0x9c,0x96,0xb5,
    0x38,0xc6,0xd7,0xbd,0x96,0xb5,0x96,0xb5,0x96,0xb5,0xf3,0x9c,0x55,0xad,0x55,0xad,
    0xf3,0x9c,0xf3,0x9c,0x71,0x8c,0x51,0x8c,0x30,0x84,0xae,0x73,0x2c,0x63,0xcb,0x5a,
    0xaa,0x52,0xeb,0x5a,0x49,0x4a,0x45,0x29,0x08,0x42,0xe7,0x39,0x2c,0x63,0x49,0x4a,
    0xeb,0x5a,0xaa,0x52,0x8a,0x52,0xeb,0x5a,0x49,0x4a,0x85,0x31,0xe3,0x18,0x65,0x29,
    0x28,0x42,0x45,0x29,0xc7,0x39,0x29,0x42,0xe3,0x18,0x82,0x10,0x41,0x08,0x61,0x08,
    0x82,0x10,0x04,0x21,0x45,0x29,0x45,0x29,0x24,0x21,0x24,0x21,0x24,0x21,0x24,0x21,
    0x24,0x21,0x45,0x29,0x45,0x29,0x45,0x29,0x45,0x29,0x45,0x29,0x45,0x29,0x24,0x21,
    0x44,0x21,0x45,0x29,0x24,0x21,0x24,0x21,0x04,0x21,0x41,0x08,0x20,0x00,0x41,0x08,
    0xe4,0x18,0xe3,0x18,0xa6,0x31,0xcb,0x5a,0xc7,0x39,0x86,0x31,0x08,0x42,0x4d,0x6b,
    0xeb,0x5a,0x48,0x4a,0x65,0x29,0xc3,0x18,0xc3,0x18,0xe3,0x18,0x08,0x42,0x8a,0x52,
    0x28,0x42,0x08,0x42,0x49,0x4a,0xa6,0x31,0x82,0x10,0xe3,0x18,0xc3,0x18,0x41,0x08,
    0xcb,0x5a,0xa6,0x31,0xc3,0x10,0xe3,0x18,0x04,0x21,0x04,0x21,0x04,0x21,0x04,0x21,
    0xc3,0x18,0x65,0x29,0x24,0x21,0x61,0x08,0x41,0x08,0x20,0x00,0x86,0x31,0xc7,0x39,
    0xc7,0x39,0xc7,0x39,0xa6,0x31,0xc7,0x39,0xc6,0x39,0x86,0x31,0x86,0x31,0x86,0x31,
    0xa6,0x31,0xc6,0x39,0xc7,0x39,0xe7,0x39,0xc7,0x39,0xc6,0x39,0xa6,0x31,0xc7,0x39,
    0xc6,0x39,0xa6,0x31,0xa6,0x31,0x08,0x42,0xaa,0x52,0x69,0x4a,0x49,0x4a,0xe7,0x39,
    0x07,0x3a,0x28,0x42,0x04,0x21,0x41,0x08,0x20,0x00,0x20,0x00,0x20,0x00,0x20,0x00,
    0x20,0x00,0x41,0x08,0x61,0x08,0x61,0x08,0x8a,0x52,0x6d,0x6b,0x49,0x4a,0xc7,0x39,
    0x65,0x29,0x49,0x4a,0xc7,0x39,0x49,0x4a,0xcb,0x5a,0x2d,0x63,0xf0,0x7b,0xaa,0x52,
    0xcb,0x5a,0x2c,0x63,0x08,0x42,0x08,0x42,0xe7,0x39,0xa6,0x31,0x48,0x42,0x69,0x4a,
    0x2c,0x63,0x4d,0x6b,0x0c,0x63,0x30,0x84,0x71,0x8c,0xd3,0x9c,0x10,0x84,0xae,0x73,
    0x10,0x84,0x92,0x94,0xb2,0x94,0x34,0xa5,0x34,0xa5,0x13,0xa5,0x34,0xa5,0x34,0xa5,
    0xf7,0xbd,0xb6,0xb5,0xb6,0xb5,0x34,0xa5,0xd3,0x9c,0x14,0xa5,0x10,0x84,0x8e,0x73,
    0xef,0x7b,0x14,0xa5,0x75,0xad,0xf3,0x9c,0x10,0x84,0x86,0x31,0x65,0x29,0x65,0x29,
    0x45,0x29,0x04,0x21,0xc3,0x18,0x81,0x08,0x82,0x10,0x04,0x21,0xc7,0x31,0xe7,0x39,
    0xc7,0x39,0x28,0x42,0x8a,0x52,0x6d,0x6b,0xef,0x7b,0xae,0x73,0xef,0x7b,0x10,0x84,
    0xef,0x7b,0x30,0x84,0x51,0x8c,0xf3,0x9c,0x71,0x8c,0x10,0x84,0x2c,0x63,0xaa,0x52,
    0xe7,0x39,0xc7,0x39,0xe7,0x39,0x86,0x31,0xe3,0x18,0xa2,0x10,0xc3,0x18,0x24,0x21,
    0x44,0x29,0x45,0x29,0x65,0x29,0x04,0x21,0x49,0x4a,0x71,0x8c,0xd3,0x9c,0x55,0xad,
    0xb2,0x94,0x10,0x84,0x10,0x84,0xae,0x73,0x10,0x84,0xd3,0x9c,0x14,0xa5,0x75,0xad,
    0x34,0xa5,0x55,0xad,0x34,0xa5,0xd7,0xbd,0x75,0xad,0xd3,0x9c,0xf3,0x9c,0x92,0x94,
    0xf3,0x9c,0xb2,0x94,0xb2,0x94,0xf3,0x9c,0xce,0x7b,0x6d,0x6b,0xaa,0x52,0x08,0x42,
    0x89,0x52,0xaa,0x52,0x45,0x29,0xe7,0x39,0xeb,0x5a,0xaa,0x52,0x49,0x4a,0xaa,0x52,
    0x2c,0x63,0x8a,0x52,0x08,0x42,0x28,0x42,0x48,0x4a,0x45,0x29,0x65,0x29,0x08,0x42,
    0x69,0x4a,0x65,0x29,0x08,0x42,0x28,0x42,0xa6,0x31,0xa2,0x10,0x41,0x08,0x41,0x08,
    0xe3,0x18,0xc7,0x39,0x08,0x42,0x28,0x42,0x08,0x42,0x07,0x3a,0x08,0x42,0x28,0x42,
    0x28,0x42,0x28,0x42,0x28,0x42,0x49,0x4a,0x49,0x4a,0x49,0x4a,0x28,0x42,0x08,0x42,
    0x08,0x42,0x28,0x42,0x08,0x42,0x28,0x42,0xc7,0x39,0x41,0x08,0x20,0x00,0x41,0x08,
    0xe3,0x18,0xe3,0x18,0x86,0x31,0xcb,0x5a,0xc7,0x39,0xa6,0x31,0x65,0x29,0xc7,0x39,
    0xcf,0x7b,0xeb,0x5a,0xef,0x7b,0xef,0x7b,0x65,0x29,0xc3,0x10,0x2c,0x63,0x28,0x42,
    0x69,0x4a,0x0c,0x63,0xc7,0x39,0xcb,0x5a,0xa2,0x10,0xe3,0x18,0xc3,0x10,0x61,0x08,
    0xc7,0x39,0xe3,0x18,0xe3,0x18,0xe3,0x18,0xe3,0x18,0x04,0x21,0x04,0x21,0xe3,0x18,
    0xa2,0x10,0x45,0x29,0x45,0x29,0x61,0x08,0x41,0x08,0x20,0x00,0x04,0x21,0x45,0x29,
    0x45,0x29,0xa6,0x31,0x69,0x4a,0xc7,0x39,0x45,0x29,0x65,0x29,0x86,0x29,0x86,0x31,
    0xa6,0x31,0x28,0x42,0x69,0x4a,0x69,0x4a,0xe7,0x39,0xa6,0x31,0xa6,0x31,0xe7,0x39,
    0x86,0x31,0x65,0x29,0x86,0x31,0xe7,0x39,0xe7,0x39,0x28,0x42,0x07,0x42,0x44,0x29,
    0x07,0x42,0x8a,0x52,0xe3,0x18,0x20,0x00,0x20,0x00,0x20,0x00,0x20,0x00,0x20,0x00,
    0x20,0x00,0x41,0x08,0x61,0x08,0x41,0x08,0x6d,0x6b,0x2d,0x63,0x89,0x52,0x28,0x42,
    0x8a,0x52,0x86,0x31,0xe3,0x18,0x86,0x31,0x49,0x4a,0x8a,0x52,0xcf,0x7b,0x6d,0x6b,
    0x2c,0x63,0xaa,0x52,0x0c,0x63,0xe7,0x39,0x69,0x4a,0x65,0x29,0xaa,0x52,0xa6,0x31,
    0x8a,0x52,0x8d,0x6b,0x08,0x42,0xcb,0x5a,0xef,0x7b,0x92,0x94,0x51,0x8c,0xcf,0x7b,
    0x30,0x84,0x71,0x8c,0xf3,0x9c,0xb2,0x94,0xf3,0x9c,0xb2,0x94,0xd7,0xbd,0x17,0xbe,
    0x75,0xad,0xb6,0xb5,0x34,0xa5,0x55,0xad,0xd3,0x9c,0x92,0x94,0x10,0x84,0x8e,0x73,
    0x92,0x94,0x96,0xb5,0x75,0xad,0xf3,0x9c,0x30,0x84,0x69,0x4a,0x03,0x19,0x04,0x21,
    0xe3,0x18,0xc3,0x18,0x41,0x08,0x20,0x00,0x20,0x00,0x20,0x00,0x61,0x08,0x86,0x31,
    0xe7,0x39,0xe7,0x39,0x49,0x4a,0xcb,0x5a,0x4d,0x6b,0xae,0x73,0x4d,0x6b,0x0c,0x63,
    0x4d,0x6b,0xae,0x73,0xcf,0x7b,0xef,0x7b,0x8d,0x73,0x0c,0x63,0xcb,0x5a,0x28,0x42,
    0xe7,0x39,0xe7,0x39,0x04,0x21,0x20,0x00,0x00,0x00,0x20,0x00,0x20,0x00,0x82,0x10,
    0x04,0x21,0x04,0x21,0x04,0x21,0x24,0x21,0x6d,0x6b,0x92,0x94,0x14,0xa5,0x34,0xa5,
    0xb6,0xb5,0x71,0x8c,0x10,0x84,0x51,0x8c,0xef,0x7b,0x30,0x84,0xb2,0x94,0xb2,0x94,
    0x13,0xa5,0xb6,0xb5,0x55,0xad,0x96,0xb5,0x55,0xad,0x96,0xb5,0x13,0xa5,0x14,0xa5,
    0x14,0xa5,0x34,0xa5,0x71,0x8c,0x10,0x84,0x8e,0x73,0x2c,0x63,0x49,0x4a,0x49,0x4a,
    0x8e,0x73,0xe7,0x39,0x65,0x29,0x0c,0x63,0x0c,0x63,0xaa,0x52,0x69,0x4a,0xef,0x7b,
    0xef,0x7b,0xae,0x73,0xcb,0x5a,0x28,0x42,0x65,0x29,0x04,0x21,0xe3,0x18,0x85,0x29,
    0xe7,0x39,0xaa,0x52,0xcb,0x5a,0xe7,0x39,0x69,0x4a,0xe3,0x18,0x20,0x00,0x41,0x08,
    0xa2,0x10,0x24,0x21,0x04,0x21,0x24,0x21,0x24,0x21,0x04,0x21,0x04,0x21,0x04,0x21,
    0x04,0x21,0x04,0x21,0x04,0x21,0x04,0x21,0x04,0x21,0x04,0x21,0x04,0x21,0x04,0x21,
    0x04,0x21,0x04,0x21,0x04,0x21,0x04,0x21,0xe3,0x18,0x41,0x08,0x20,0x00,0x41,0x08,
    0xc3,0x18,0xc3,0x18,0x86,0x31,0x8a,0x52,0xa6,0x31,0x86,0x31,0x08,0x42,0x6d,0x6b,
    0xae,0x73,0xeb,0x5a,0x89,0x52,0xe7,0x39,0x04,0x21,0xc3,0x18,0xaa,0x52,0xaa,0x52,
    0xaa,0x52,0xeb,0x62,0x8a,0x52,0x49,0x4a,0x81,0x10,0xa2,0x10,0xc2,0x10,0x61,0x08,
    0x10,0x84,0xc7,0x39,0xa2,0x10,0xe3,0x18,0xe3,0x18,0xe3,0x18,0x24,0x21,0xe3,0x18,
    0x82,0x10,0x24,0x21,0x24,0x21,0x41,0x08,0x41,0x08,0x20,0x00,0xe3,0x18,0x86,0x31,
    0x86,0x31,0x24,0x21,0x69,0x4a,0xeb,0x5a,0xe7,0x39,0x65,0x29,0x24,0x21,0x45,0x29,
    0xa6,0x31,0xa6,0x31,0x65,0x29,0x65,0x29,0x45,0x29,0x04,0x21,0x04,0x21,0x45,0x29,
    0xa6,0x31,0x28,0x42,0xcb,0x5a,0x2c,0x63,0x49,0x4a,0x08,0x42,0xa6,0x31,0xc3,0x18,
    0x65,0x29,0x86,0x31,0x61,0x08,0x20,0x00,0x20,0x00,0x20,0x00,0x20,0x00,0x20,0x00,
    0x20,0x00,0x41,0x08,0x61,0x08,0xc3,0x18,0x4d,0x6b,0x4d,0x6b,0xaa,0x52,0xcb,0x5a,
    0x86,0x31,0xa2,0x10,0xe3,0x18,0xe3,0x18,0x86,0x31,0x08,0x42,0x4d,0x6b,0x6d,0x6b,
    0x0c,0x63,0xef,0x7b,0x2c,0x63,0x2c,0x63,0xa6,0x31,0x08,0x42,0x45,0x29,0xe7,0x39,
    0x65,0x29,0xaa,0x52,0xcb,0x5a,0x4d,0x63,0xcf,0x7b,0xcf,0x7b,0xd3,0x9c,0x92,0x94,
    0x34,0xad,0xf3,0x9c,0x14,0xa5,0xf3,0x9c,0x55,0xad,0xf7,0xbd,0xd3,0x9c,0x54,0xa5,
    0x96,0xb5,0x96,0xb5,0x75,0xad,0x54,0xad,0xb2,0x94,0x10,0x84,0xcf,0x7b,0x10,0x84,
    0x55,0xad,0x14,0xa5,0x34,0xa5,0x14,0xa5,0x92,0x94,0x6e,0x6b,0x86,0x31,0xe3,0x18,
    0xc3,0x18,0x82,0x10,0x61,0x08,0x41,0x08,0x40,0x00,0x20,0x00,0x20,0x00,0x20,0x00,
    0x45,0x29,0xe7,0x39,0xc7,0x39,0x08,0x42,0xaa,0x52,0xeb,0x5a,0xcb,0x5a,0x8a,0x52,
    0xca,0x52,0xeb,0x5a,0xeb,0x5a,0xaa,0x52,0x8a,0x52,0x89,0x4a,0x28,0x42,0xe7,0x39,
    0xa6,0x31,0xa2,0x10,0x00,0x00,0x20,0x00,0x40,0x00,0x41,0x08,0x61,0x08,0x82,0x10,
    0xe3,0x18,0x03,0x21,0x04,0x21,0xe7,0x39,0xae,0x73,0x92,0x94,0xf3,0x9c,0x75,0xad,
    0xd7,0xbd,0x75,0xad,0xef,0x7b,0xcf,0x7b,0x10,0x84,0x51,0x8c,0x30,0x84,0x14,0xa5,
    0x96,0xb5,0x34,0xa5,0x75,0xad,0xd7,0xbd,0xf3,0x9c,0xd3,0x9c,0xb2,0x94,0x75,0xad,
    0xb2,0x94,0x10,0x84,0x2c,0x63,0xef,0x7b,0xef,0x7b,0x2c,0x63,0xc7,0x39,0x89,0x52,
    0x2c,0x63,0x45,0x29,0xcb,0x5a,0xca,0x52,0x28,0x42,0xeb,0x5a,0xaa,0x52,0x71,0x8c,
    0x10,0x84,0x8a,0x4a,0x4d,0x6b,0xe7,0x39,0x24,0x21,0x24,0x21,0x45,0x29,0x45,0x29,
    0xc7,0x39,0xca,0x5a,0x69,0x4a,0x08,0x42,0x65,0x29,0x03,0x19,0x20,0x00,0x41,0x08,
    0x82,0x10,0xc3,0x18,0xa2,0x10,0xc3,0x10,0xa2,0x10,0x82,0x10,0x82,0x10,0x82,0x10,
    0x82,0x10,0x82,0x10,0x82,0x10,0x81,0x10,0x61,0x08,0x61,0x08,0x81,0x08,0x81,0x08,
    0x82,0x10,0x82,0x10,0x82,0x10,0x82,0x10,0x82,0x10,0x41,0x08,0x20,0x00,0x41,0x08,
    0xe3,0x18,0xc3,0x18,0x86,0x31,0x8a,0x52,0xa6,0x31,0x86,0x31,0xc7,0x39,0x07,0x3a,
    0x24,0x21,0xe3,0x18,0x82,0x10,0xa6,0x31,0x65,0x29,0xc3,0x18,0x44,0x29,0x69,0x4a,
    0x08,0x42,0x45,0x29,0xe7,0x39,0xe3,0x18,0x82,0x10,0xe3,0x18,0xe3,0x18,0x61,0x08,
    0xc7,0x39,0xc3,0x18,0xe3,0x18,0xe3,0x18,0xe3,0x18,0xe3,0x18,0x45,0x29,0xe3,0x18,
    0xc2,0x10,0x24,0x21,0x24,0x21,0x41,0x08,0x41,0x08,0x20,0x00,0xc3,0x18,0x04,0x21,
    0x04,0x21,0xc2,0x18,0x65,0x29,0xe7,0x39,0x69,0x4a,0x49,0x4a,0x28,0x42,0x49,0x4a,
    0xaa,0x52,0xe7,0x41,0x24,0x21,0x24,0x21,0x24,0x21,0xe3,0x18,0xe3,0x18,0x45,0x29,
    0xe7,0x39,0x2c,0x63,0xeb,0x5a,0xc7,0x39,0x65,0x29,0x86,0x31,0x24,0x21,0x61,0x08,
    0xe3,0x18,0x04,0x21,0x61,0x08,0x41,0x08,0x20,0x00,0x20,0x00,0x20,0x00,0x20,0x00,
    0x20,0x00,0x41,0x08,0x61,0x08,0x81,0x08,0x08,0x3a,0x0c,0x63,0x28,0x42,0x08,0x42,
    0xe3,0x18,0x86,0x31,0x86,0x31,0x65,0x29,0x65,0x29,0x86,0x31,0x28,0x42,0xeb,0x62,
    0x08,0x42,0xae,0x73,0x6d,0x6b,0x71,0x8c,0xaa,0x52,0xcb,0x5a,0xaa,0x52,0xcb,0x5a,
    0x49,0x4a,0x6d,0x6b,0x30,0x84,0xcb,0x5a,0xcf,0x7b,0x2c,0x63,0x71,0x94,0xf3,0x9c,
    0x13,0xa5,0xd3,0x9c,0x14,0xa5,0x55,0xad,0x75,0xad,0x75,0xad,0x96,0xb5,0x55,0xad,
    0x55,0xad,0x92,0x94,0x34,0xa5,0x34,0xa5,0x71,0x8c,0x30,0x84,0xef,0x7b,0x14,0xa5,
    0x75,0xad,0xb6,0xb5,0xd7,0xbd,0x14,0xa5,0x71,0x8c,0xae,0x73,0xc6,0x31,0x04,0x21,
    0x24,0x21,0xe3,0x18,0xa2,0x10,0x82,0x10,0x82,0x10,0x61,0x08,0x41,0x08,0x41,0x00,
    0x20,0x00,0x04,0x21,0xc7,0x39,0x86,0x31,0x08,0x42,0x28,0x42,0x49,0x4a,0x28,0x42,
    0x28,0x42,0x49,0x42,0x28,0x42,0x28,0x42,0x08,0x42,0xc7,0x39,0xc7,0x39,0xa6,0x31,
    0x82,0x10,0x20,0x00,0x41,0x08,0x61,0x08,0x61,0x08,0x82,0x10,0xa2,0x10,0xc3,0x18,
    0x04,0x21,0x24,0x21,0x04,0x21,0x49,0x4a,0xcf,0x7b,0xb2,0x94,0x34,0xa5,0xf7,0xbd,
    0xb6,0xb5,0xb6,0xb5,0xf3,0x9c,0x2c,0x6b,0xcf,0x7b,0x50,0x8c,0x92,0x94,0xf3,0x9c,
    0x13,0xa5,0x75,0xad,0x96,0xb5,0x96,0xb5,0x13,0x9d,0x34,0xa5,0x38,0xc6,0x34,0xa5,
    0x91,0x94,0x51,0x8c,0xb2,0x94,0xcf,0x7b,0xef,0x7b,0xaa,0x52,0x6a,0x52,0x0c,0x63,
    0xca,0x5a,0x28,0x42,0xcb,0x5a,0xeb,0x5a,0x0c,0x63,0x8e,0x73,0x2c,0x63,0xae,0x73,
    0x69,0x4a,0xae,0x73,0x6d,0x6b,0xe7,0x39,0x08,0x42,0x04,0x21,0xc7,0x39,0xa6,0x31,
    0x65,0x29,0xaa,0x52,0xc7,0x39,0xaa,0x52,0xc7,0x39,0x00,0x00,0x41,0x08,0x41,0x08,
    0xa2,0x10,0xe3,0x18,0xc3,0x18,0xe3,0x18,0xc3,0x18,0xc3,0x18,0xc3,0x18,0xc2,0x18,
    0xa2,0x10,0xa2,0x10,0xa2,0x10,0xa2,0x10,0xa2,0x10,0xa2,0x10,0xa2,0x10,0xa2,0x10,
    0xc3,0x18,0xc3,0x10,0xa2,0x10,0xc3,0x18,0xc3,0x18,0x41,0x08,0x20,0x00,0x41,0x08,
    0xc3,0x18,0xc3,0x10,0x86,0x31,0x89,0x52,0x86,0x31,0x65,0x29,0x07,0x3a,0x2c,0x63,
    0x2c,0x63,0x2c,0x63,0x0b,0x63,0xcf,0x7b,0x86,0x31,0x82,0x10,0x28,0x42,0xcb,0x5a,
    0xaa,0x52,0xaa,0x52,0xaa,0x52,0xe7,0x39,0x82,0x10,0x04,0x21,0xe3,0x18,0x61,0x08,
    0x6d,0x6b,0xa6,0x31,0xc3,0x18,0x03,0x21,0xe3,0x18,0x04,0x21,0x24,0x21,0xc3,0x18,
    0xe3,0x18,0x24,0x21,0x04,0x21,0x61,0x08,0x41,0x08,0x20,0x00,0xc3,0x18,0x45,0x29,
    0xc3,0x10,0xa2,0x10,0x04,0x21,0xe3,0x18,0xe3,0x18,0x24,0x21,0x45,0x29,0x65,0x29,
    0x65,0x29,0x65,0x29,0x45,0x29,0x24,0x21,0xe3,0x18,0xc3,0x18,0xa2,0x10,0xc3,0x18,
    0x86,0x31,0x28,0x42,0xa6,0x31,0x04,0x21,0x24,0x21,0xc3,0x18,0x82,0x10,0x61,0x08,
    0xe3,0x18,0x04,0x21,0x82,0x10,0x41,0x08,0x20,0x00,0x20,0x00,0x20,0x00,0x20,0x00,
    0x20,0x00,0x41,0x08,0x61,0x08,0x41,0x08,0x24,0x21,0x48,0x42,0x69,0x4a,0xa6,0x31,
    0xe4,0x20,0x49,0x4a,0x07,0x42,0x24,0x21,0xa6,0x31,0x69,0x4a,0x69,0x4a,0xeb,0x5a,
    0x0c,0x63,0xeb,0x5a,0xcf,0x7b,0x8e,0x73,0x92,0x94,0xcb,0x5a,0x4d,0x6b,0xeb,0x5a,
    0x0c,0x5b,0x0c,0x63,0x10,0x84,0x6d,0x6b,0x6d,0x6b,0x8e,0x73,0xef,0x7b,0x0f,0x84,
    0xf3,0x9c,0x51,0x8c,0x55,0xad,0x34,0xa5,0x54,0xad,0x92,0x94,0x55,0xad,0x14,0xa5,
    0x14,0xa5,0x34,0xa5,0x14,0xa5,0xf3,0x9c,0x51,0x8c,0x30,0x84,0x51,0x8c,0x18,0xc6,
    0xf7,0xbd,0xd7,0xbd,0x38,0xc6,0x75,0xad,0x51,0x8c,0x4d,0x6b,0xe7,0x39,0x82,0x10,
    0xc3,0x18,0x04,0x21,0x04,0x21,0x04,0x19,0xe3,0x18,0xc3,0x18,0x82,0x10,0x61,0x08,
    0x41,0x08,0x20,0x00,0xe3,0x18,0xa6,0x31,0xa6,0x31,0xc7,0x39,0x08,0x42,0xe7,0x39,
    0xa6,0x31,0xa6,0x31,0xa6,0x31,0x86,0x31,0x85,0x31,0x86,0x31,0x45,0x29,0x41,0x08,
    0x20,0x00,0x61,0x08,0x61,0x08,0xc3,0x10,0xe3,0x18,0xe3,0x18,0xe3,0x18,0x04,0x21,
    0xe3,0x18,0x82,0x10,0xe3,0x18,0x8a,0x52,0x10,0x84,0x71,0x8c,0x34,0xa5,0xd7,0xbd,
    0xf7,0xbd,0x18,0xc6,0x96,0xb5,0xef,0x7b,0xae,0x73,0x71,0x8c,0x30,0x84,0xb2,0x94,
    0xd6,0xbd,0xf3,0x9c,0x96,0xb5,0x95,0xb5,0x30,0x84,0xb6,0xb5,0xf3,0x9c,0x51,0x8c,
    0x51,0x8c,0xb2,0x94,0x14,0xa5,0x6d,0x73,0x8e,0x73,0x2c,0x63,0x0c,0x63,0xeb,0x5a,
    0xc6,0x39,0xe7,0x39,0xcb,0x5a,0x0c,0x63,0x10,0x84,0x6d,0x6b,0x4d,0x6b,0xcb,0x5a,
    0x4d,0x6b,0x10,0x84,0xcb,0x5a,0xa6,0x31,0x08,0x42,0xc7,0x39,0x65,0x29,0x28,0x42,
    0xa6,0x31,0x28,0x42,0x08,0x42,0x28,0x42,0xcb,0x5a,0x82,0x10,0x40,0x00,0x61,0x08,
    0x82,0x10,0xa2,0x10,0xa2,0x10,0xc3,0x18,0xc3,0x18,0xa2,0x10,0xc2,0x10,0xc3,0x18,
    0xc3,0x18,0xc2,0x10,0xa2,0x10,0xa2,0x10,0xa2,0x10,0xc2,0x10,0xc3,0x18,0xe3,0x18,
    0xc3,0x18,0xc3,0x10,0xc3,0x18,0xe3,0x18,0xc3,0x18,0x41,0x08,0x20,0x00,0x41,0x08,
    0xc3,0x18,0xc3,0x18,0x86,0x31,0x69,0x4a,0x65,0x29,0x65,0x29,0xa6,0x31,0xc7,0x39,
    0xc7,0x39,0xc7,0x39,0x86,0x31,0xeb,0x5a,0x86,0x31,0x82,0x10,0x45,0x29,0xc7,0x39,
    0xe7,0x39,0xe7,0x39,0xe7,0x39,0x65,0x29,0xa2,0x10,0xe3,0x18,0xe3,0x18,0x61,0x08,
    0x65,0x29,0xe3,0x18,0xc3,0x18,0xe3,0x18,0xe4,0x18,0x24,0x21,0x04,0x21,0xe3,0x18,
    0x04,0x21,0x65,0x29,0x45,0x29,0x61,0x08,0x41,0x08,0x20,0x00,0xc3,0x18,0x45,0x29,
    0xc3,0x18,0xc3,0x18,0xc3,0x18,0x24,0x21,0x04,0x21,0x24,0x21,0x45,0x29,0x65,0x29,
    0x86,0x31,0x65,0x29,0x24,0x21,0x45,0x29,0x65,0x29,0xe3,0x18,0x44,0x21,0x45,0x29,
    0x45,0x29,0xe7,0x39,0x28,0x42,0x86,0x31,0xa2,0x10,0x61,0x08,0xc3,0x18,0x82,0x10,
    0x04,0x21,0x24,0x21,0x82,0x10,0x41,0x08,0x00,0x00,0x20,0x00,0x20,0x00,0x20,0x00,
    0x20,0x00,0x40,0x00,0x61,0x08,0x61,0x08,0x86,0x31,0xe7,0x39,0x0b,0x5b,0x86,0x31,
    0x86,0x31,0x08,0x42,0x86,0x31,0x04,0x21,0x8a,0x52,0xa6,0x31,0x28,0x42,0x6d,0x6b,
    0x30,0x84,0xcb,0x5a,0x30,0x84,0x8e,0x73,0x30,0x84,0x2c,0x63,0x49,0x4a,0x2c,0x63,
    0x0b,0x5b,0x49,0x4a,0xeb,0x5a,0x51,0x8c,0x6d,0x6b,0x4d,0x6b,0x51,0x8c,0x10,0x84,
    0x30,0x84,0xef,0x7b,0xd3,0x9c,0xb6,0xb5,0x96,0xb5,0xb6,0xb5,0x75,0xad,0x14,0xa5,
    0xf3,0x9c,0x55,0xad,0x75,0xad,0x71,0x8c,0x51,0x8c,0xcf,0x7b,0x14,0xa5,0x79,0xce,
    0x38,0xc6,0xd7,0xbd,0x75,0xad,0x34,0xa5,0xb2,0x94,0x8e,0x73,0x8a,0x52,0x45,0x29,
    0x82,0x10,0x82,0x10,0xa2,0x10,0xc3,0x18,0x04,0x21,0xe3,0x18,0xc3,0x18,0x61,0x08,
    0x61,0x08,0x61,0x08,0x20,0x00,0xc3,0x18,0x85,0x31,0x86,0x31,0x65,0x29,0x44,0x29,
    0x24,0x21,0x45,0x29,0x45,0x29,0x45,0x29,0x65,0x29,0x24,0x21,0x41,0x08,0x20,0x00,
    0x61,0x08,0x82,0x10,0xc3,0x18,0xe3,0x18,0x04,0x21,0xe3,0x18,0xa2,0x10,0x82,0x10,
    0x61,0x08,0xc3,0x18,0xe7,0x39,0x2c,0x63,0xef,0x7b,0xd3,0x9c,0x14,0xa5,0xb6,0xb5,
    0x59,0xce,0xd7,0xbd,0xd7,0xbd,0x34,0xa5,0x6d,0x73,0x0f,0x7c,0xae,0x73,0x51,0x8c,
    0x51,0x84,0xd3,0x9c,0xf3,0x9c,0x30,0x84,0x14,0xa5,0x75,0xad,0x51,0x8c,0x71,0x94,
    0x92,0x94,0x92,0x94,0xcf,0x7b,0xaa,0x5a,0xcf,0x7b,0xef,0x7b,0xae,0x73,0x2c,0x63,
    0xc7,0x39,0xaa,0x52,0x6d,0x6b,0x69,0x4a,0x8e,0x73,0x0c,0x63,0xef,0x7b,0x4d,0x6b,
    0x51,0x84,0x2c,0x63,0x69,0x52,0xa6,0x31,0x45,0x29,0x24,0x21,0x24,0x21,0xc7,0x39,
    0xc7,0x39,0x69,0x4a,0xc7,0x39,0xe7,0x39,0x28,0x42,0x24,0x21,0x20,0x00,0x61,0x08,
    0x61,0x08,0xa2,0x10,0xa2,0x10,0xa2,0x10,0xa2,0x10,0xc2,0x10,0xa2,0x10,0xc3,0x10,
    0xc3,0x18,0xc3,0x18,0xc3,0x18,0xc3,0x18,0xc3,0x18,0xe3,0x18,0xe3,0x18,0xe3,0x18,
    0xe3,0x18,0xc3,0x18,0xc3,0x18,0xc3,0x18,0xc3,0x18,0x41,0x00,0x20,0x00,0x40,0x00,
    0xe3,0x18,0xe3,0x18,0x86,0x31,0x49,0x4a,0x65,0x29,0x65,0x29,0xa6,0x31,0x08,0x42,
    0x08,0x42,0x08,0x42,0xe7,0x39,0x28,0x42,0x24,0x21,0x82,0x10,0xab,0x52,0xeb,0x5a,
    0x8a,0x52,0xaa,0x52,0xaa,0x52,0xe7,0x39,0x82,0x10,0xc3,0x18,0xe3,0x18,0x61,0x08,
    0xeb,0x5a,0x45,0x29,0xa2,0x10,0xe3,0x18,0x04,0x21,0x04,0x21,0xe3,0x18,0xe3,0x18,
    0xc3,0x18,0x45,0x29,0x45,0x29,0x61,0x08,0x40,0x08,0x20,0x00,0xc3,0x18,0x45,0x29,
    0xa2,0x10,0xa2,0x10,0xc3,0x18,0x04,0x21,0x04,0x21,0x04,0x21,0x04,0x21,0x45,0x29,
    0xa6,0x31,0x45,0x29,0x85,0x29,0x08,0x42,0x49,0x4a,0x65,0x29,0x45,0x29,0x24,0x21,
    0x04,0x21,0x45,0x29,0xc7,0x39,0x45,0x29,0x82,0x10,0xa2,0x10,0xe3,0x18,0x61,0x08,
    0x04,0x21,0x04,0x21,0x61,0x08,0x41,0x08,0x20,0x00,0x20,0x00,0x20,0x00,0x20,0x00,
    0x00,0x00,0x41,0x08,0x61,0x08,0xa2,0x10,0xa2,0x10,0x08,0x42,0x6d,0x6b,0x08,0x42,
    0xcb,0x5a,0x45,0x29,0x24,0x21,0x86,0x31,0x24,0x21,0x45,0x29,0xe7,0x39,0xe7,0x39,
    0x10,0x84,0xae,0x73,0x92,0x94,0x92,0x94,0x8e,0x73,0xae,0x73,0xc7,0x39,0x6a,0x52,
    0xeb,0x5a,0xcb,0x5a,0x28,0x42,0x8e,0x73,0x10,0x84,0xae,0x73,0xef,0x7b,0x92,0x94,
    0x51,0x8c,0x51,0x8c,0xf3,0x9c,0x14,0xa5,0x75,0xad,0xb2,0x94,0xf3,0x9c,0xd3,0x9c,
    0xb2,0x94,0xb2,0x94,0x92,0x94,0x71,0x8c,0x10,0x84,0x71,0x8c,0xb6,0xb5,0x18,0xc6,
    0x38,0xc6,0xf7,0xbd,0x96,0xb5,0x34,0xa5,0xb2,0x94,0x10,0x84,0x0c,0x63,0x28,0x42,
    0x86,0x31,0x24,0x21,0xc3,0x18,0xa2,0x10,0xc3,0x18,0x04,0x21,0xc3,0x18,0xc3,0x18,
    0xa2,0x10,0x61,0x08,0x41,0x08,0x20,0x00,0xa2,0x10,0x45,0x29,0x45,0x29,0x24,0x21,
    0x04,0x21,0x24,0x21,0x45,0x29,0x45,0x29,0xe3,0x18,0x41,0x08,0x20,0x00,0x61,0x08,
    0x82,0x10,0xa2,0x18,0x04,0x21,0x24,0x21,0xc3,0x18,0xa2,0x10,0xc3,0x18,0x03,0x19,
    0x45,0x29,0xe7,0x39,0x8a,0x52,0x4d,0x6b,0x30,0x84,0xd3,0x9c,0x14,0xa5,0xd7,0xbd,
    0x18,0xc6,0xb6,0xb5,0xb6,0xb5,0xd7,0xbd,0x30,0x84,0xcf,0x7b,0x51,0x8c,0x51,0x8c,
    0x30,0x84,0xd3,0x9c,0x92,0x94,0x96,0xb5,0x18,0xc6,0x96,0xb5,0x75,0xad,0x92,0x94,
    0xb2,0x94,0x55,0xad,0x92,0x94,0xae,0x73,0xd3,0x9c,0x4d,0x6b,0x6d,0x6b,0x49,0x4a,
    0xe7,0x39,0x30,0x84,0x8a,0x52,0x07,0x42,0x10,0x84,0x4d,0x6b,0x10,0x84,0xae,0x73,
    0x30,0x84,0xec,0x62,0x69,0x4a,0x69,0x4a,0x24,0x21,0x04,0x21,0x86,0x31,0x44,0x21,
    0x45,0x29,0x8a,0x52,0x86,0x31,0x28,0x42,0xe7,0x39,0x82,0x10,0x41,0x08,0x61,0x08,
    0x82,0x10,0xa2,0x10,0xa2,0x10,0xa2,0x10,0xa2,0x10,0xc3,0x18,0xc3,0x18,0xc3,0x18,
    0xc3,0x18,0xc3,0x18,0x24,0x21,0x24,0x21,0xa2,0x10,0x03,0x19,0x24,0x21,0xe3,0x18,
    0xc3,0x18,0xa2,0x10,0xc3,0x18,0xc3,0x18,0xa3,0x10,0x20,0x00,0x20,0x00,0x41,0x00,
    0xe3,0x18,0xe3,0x18,0x86,0x31,0x49,0x4a,0x85,0x29,0x45,0x29,0xe7,0x39,0x2c,0x63,
    0x2c,0x63,0x2c,0x63,0x0c,0x63,0xcb,0x5a,0x24,0x21,0x82,0x10,0x89,0x4a,0xe3,0x18,
    0x41,0x08,0x61,0x08,0x41,0x08,0x61,0x08,0xa2,0x10,0xa2,0x10,0xa2,0x10,0x61,0x08,
    0xaa,0x52,0x69,0x4a,0x82,0x10,0xe3,0x18,0x04,0x19,0xe3,0x18,0xa2,0x10,0xc2,0x10,
    0xa2,0x10,0x45,0x29,0x44,0x21,0x41,0x08,0x40,0x00,0x00,0x00,0xc3,0x18,0x45,0x29,
    0xc3,0x18,0xa2,0x10,0x45,0x29,0x65,0x29,0x04,0x21,0xe3,0x18,0xc3,0x18,0xc3,0x18,
    0x04,0x21,0x86,0x31,0x49,0x4a,0xaa,0x52,0x8a,0x4a,0x49,0x4a,0xe7,0x39,0x45,0x29,
    0xc3,0x18,0x04,0x21,0x45,0x29,0xa6,0x31,0xa6,0x31,0x24,0x21,0xc3,0x18,0x82,0x10,
    0x24,0x21,0x45,0x29,0x61,0x08,0x20,0x00,0x20,0x00,0x20,0x00,0x20,0x00,0x20,0x00,
    0x00,0x00,0x40,0x08,0x82,0x10,0x61,0x08,0xa2,0x10,0x8d,0x73,0x69,0x4a,0xcb,0x5a,
    0xcb,0x5a,0x45,0x29,0x24,0x21,0xc7,0x39,0x45,0x29,0x28,0x42,0x28,0x42,0x28,0x42,
    0x2c,0x63,0x4d,0x6b,0xca,0x5a,0x4d,0x6b,0x51,0x8c,0xef,0x7b,0x2c,0x63,0xeb,0x5a,
    0x8a,0x52,0xaa,0x52,0x8a,0x52,0x6d,0x73,0xae,0x73,0xae,0x73,0x4d,0x6b,0xb2,0x94,
    0xb2,0x94,0x92,0x94,0x71,0x8c,0xf3,0x9c,0x75,0xad,0xd3,0x9c,0x30,0x84,0xb2,0x94,
    0x34,0xa5,0xd3,0x9c,0xb2,0x94,0x71,0x8c,0xcf,0x7b,0x55,0xad,0xf7,0xbd,0x38,0xc6,
    0x59,0xce,0x18,0xc6,0xd7,0xbd,0x75,0xad,0xd3,0x9c,0x10,0x84,0x2c,0x63,0xaa,0x52,
    0x69,0x4a,0x28,0x42,0xa6,0x31,0xa6,0x31,0x45,0x29,0x24,0x29,0xc3,0x18,0xe3,0x18,
    0xe3,0x18,0xa2,0x10,0x82,0x10,0x61,0x08,0x41,0x08,0x61,0x08,0xa2,0x10,0xa2,0x10,
    0xa2,0x10,0xc3,0x18,0xc3,0x18,0xa2,0x10,0x41,0x08,0x41,0x08,0x41,0x08,0x82,0x10,
    0xc3,0x18,0xc2,0x18,0xc3,0x18,0x86,0x31,0x86,0x31,0xc7,0x39,0x08,0x42,0x28,0x42,
    0x69,0x52,0xcb,0x5a,0x4d,0x6b,0xae,0x73,0x10,0x84,0x14,0xa5,0x55,0xad,0xb6,0xb5,
    0x38,0xc6,0xf7,0xbd,0x96,0xb5,0xd7,0xbd,0x75,0xad,0xae,0x73,0x71,0x8c,0x71,0x8c,
    0x71,0x8c,0x71,0x8c,0xb2,0x94,0x34,0xa5,0x34,0xa5,0xb6,0xb5,0xd3,0x9c,0x92,0x94,
    0x14,0xa5,0xb2,0x94,0x92,0x94,0xb2,0x94,0x71,0x8c,0x6d,0x6b,0x49,0x4a,0x69,0x52,
    0xeb,0x5a,0x10,0x84,0x08,0x42,0xeb,0x5a,0xcf,0x7b,0xae,0x73,0x51,0x8c,0xae,0x73,
    0x10,0x84,0x0c,0x63,0xc7,0x39,0x69,0x4a,0x08,0x42,0x86,0x31,0xc7,0x39,0x86,0x31,
    0xc7,0x39,0x69,0x4a,0xc7,0x39,0xc6,0x39,0x65,0x29,0x20,0x00,0x41,0x08,0x61,0x08,
    0x82,0x10,0xa2,0x10,0xa2,0x10,0xc3,0x18,0xa2,0x10,0xc3,0x18,0xa2,0x10,0xc3,0x18,
    0xe3,0x18,0xe3,0x18,0x24,0x21,0x24,0x21,0x04,0x21,0x04,0x21,0xc3,0x18,0x82,0x10,
    0x82,0x10,0xa2,0x10,0xc3,0x18,0xc3,0x18,0xa2,0x10,0x40,0x00,0x20,0x00,0x40,0x08,
    0xc3,0x18,0xc3,0x18,0x86,0x31,0x69,0x4a,0x86,0x31,0x65,0x29,0x45,0x29,0x28,0x42,
    0xeb,0x5a,0xcb,0x5a,0xcb,0x5a,0xa6,0x31,0xa2,0x10,0xa2,0x10,0x65,0x29,0xa6,0x31,
    0x86,0x31,0x86,0x31,0x86,0x31,0x45,0x29,0xa2,0x10,0xa2,0x10,0xa2,0x10,0x41,0x08,
    0xcb,0x5a,0x24,0x21,0xc3,0x18,0xe3,0x18,0xe3,0x18,0xe3,0x18,0xc3,0x18,0xa2,0x10,
    0x82,0x10,0x45,0x29,0x45,0x29,0x41,0x08,0x41,0x08,0x20,0x00,0xa2,0x10,0xe3,0x18,
    0xa2,0x10,0xc3,0x18,0x65,0x29,0xc7,0x39,0xe7,0x39,0x65,0x29,0x04,0x21,0x04,0x21,
    0x24,0x21,0x8a,0x52,0x69,0x4a,0xeb,0x5a,0xcb,0x5a,0x69,0x4a,0xaa,0x5a,0xa6,0x31,
    0xc3,0x18,0xa2,0x10,0x24,0x21,0xc7,0x39,0xe7,0x39,0x45,0x29,0xe3,0x18,0xc2,0x18,
    0x24,0x21,0x44,0x29,0xa2,0x10,0x41,0x00,0x20,0x00,0x20,0x00,0x20,0x00,0x20,0x00,
    0x00,0x00,0x41,0x00,0x61,0x10,0x61,0x08,0x65,0x29,0x49,0x4a,0xcb,0x5a,0xcb,0x5a,
    0x65,0x29,0x24,0x21,0xc7,0x39,0xe7,0x39,0x28,0x42,0xe7,0x39,0xc7,0x39,0x8a,0x52,
    0x2c,0x63,0xcf,0x7b,0x8a,0x52,0x8e,0x73,0x71,0x8c,0xaf,0x7b,0x8e,0x73,0xcb,0x5a,
    0xcb,0x5a,0x69,0x4a,0xeb,0x62,0x4d,0x6b,0xef,0x7b,0xae,0x73,0x71,0x8c,0x92,0x94,
    0xf3,0x9c,0xf3,0x9c,0xb6,0xbd,0xf3,0x9c,0x10,0x84,0xd3,0x9c,0x14,0xa5,0x51,0x8c,
    0x71,0x8c,0x91,0x94,0x92,0x94,0xcf,0x7b,0x51,0x8c,0x18,0xc6,0xf7,0xbd,0xb6,0xb5,
    0xf7,0xbd,0x18,0xc6,0xb6,0xb5,0x75,0xad,0x14,0xa5,0x71,0x8c,0xcf,0x7b,0x6d,0x6b,
    0x2c,0x63,0x0c,0x63,0x8a,0x52,0x08,0x42,0x86,0x31,0x24,0x21,0xe3,0x18,0x24,0x21,
    0x04,0x21,0xe3,0x18,0xa2,0x10,0x82,0x10,0x61,0x08,0x41,0x08,0x20,0x00,0x41,0x08,
    0x41,0x08,0x41,0x08,0x41,0x08,0x41,0x08,0x41,0x08,0x61,0x08,0x82,0x10,0xc3,0x18,
    0xa2,0x10,0xe3,0x18,0xa2,0x10,0x04,0x21,0xe7,0x39,0x28,0x42,0xaa,0x52,0xeb,0x5a,
    0x69,0x4a,0xeb,0x5a,0xcf,0x7b,0x10,0x84,0x10,0x84,0x34,0xa5,0x55,0xad,0x96,0xb5,
    0x18,0xc6,0xf7,0xbd,0x18,0xc6,0x75,0xad,0xf7,0xbd,0xf3,0x9c,0x0f,0x7c,0x92,0x94,
    0x71,0x8c,0xd3,0x9c,0x51,0x8c,0x30,0x84,0xb2,0x94,0xb2,0x94,0x30,0x84,0x92,0x94,
    0x92,0x94,0x71,0x8c,0xef,0x7b,0x30,0x8c,0xb2,0x94,0x6d,0x6b,0xcb,0x5a,0x0b,0x63,
    0x8a,0x52,0xeb,0x5a,0x8a,0x52,0xae,0x7b,0xef,0x7b,0x0c,0x63,0x51,0x8c,0x8e,0x73,
    0x6d,0x6b,0xab,0x52,0x0c,0x63,0xa6,0x31,0x08,0x42,0xe7,0x39,0xe7,0x39,0xe7,0x39,
    0xe7,0x41,0xe7,0x39,0xc7,0x39,0x69,0x4a,0xc3,0x18,0x00,0x00,0x41,0x08,0x61,0x08,
    0x62,0x08,0xa2,0x10,0xa2,0x10,0xe3,0x18,0xa2,0x10,0xa2,0x10,0x82,0x10,0xe3,0x18,
    0x04,0x21,0x04,0x21,0xe3,0x18,0xe3,0x18,0xc3,0x18,0x82,0x10,0xa2,0x10,0x82,0x10,
    0xa2,0x10,0xa2,0x10,0xc3,0x18,0xc3,0x18,0xa2,0x10,0x41,0x00,0x20,0x00,0x41,0x00,
    0xe3,0x18,0xc3,0x18,0x86,0x31,0x49,0x4a,0x65,0x29,0x04,0x21,0x49,0x4a,0x4d,0x6b,
    0xe7,0x39,0x28,0x42,0x08,0x42,0x4d,0x6b,0x86,0x31,0x82,0x10,0x08,0x42,0xeb,0x5a,
    0xaa,0x52,0xaa,0x52,0xcb,0x5a,0xe7,0x39,0x82,0x10,0xc3,0x18,0xa2,0x10,0x41,0x08,
    0x49,0x4a,0x24,0x21,0xc3,0x18,0xe3,0x18,0xe3,0x18,0x04,0x21,0xc3,0x18,0xa2,0x10,
    0x61,0x08,0xe3,0x18,0x65,0x29,0x41,0x08,0x41,0x00,0x00,0x00,0xc3,0x18,0xe3,0x18,
    0x61,0x08,0x82,0x10,0xc3,0x18,0x04,0x21,0x65,0x29,0x45,0x29,0x44,0x21,0x86,0x31,
    0x69,0x4a,0x8a,0x52,0xcb,0x5a,0x2c,0x63,0x0c,0x63,0xeb,0x5a,0x69,0x4a,0x49,0x4a,
    0xa6,0x31,0xe3,0x18,0x65,0x29,0xa6,0x31,0x24,0x21,0xa2,0x10,0xa2,0x10,0x81,0x10,
    0xe3,0x18,0xc3,0x18,0x82,0x10,0x40,0x00,0x20,0x00,0x20,0x00,0x20,0x00,0x20,0x00,
    0x00,0x00,0x40,0x08,0x82,0x10,0x61,0x08,0x82,0x10,0xe7,0x41,0xcb,0x5a,0x65,0x29,
    0x45,0x29,0x86,0x31,0x49,0x4a,0x49,0x4a,0x08,0x42,0x49,0x4a,0xeb,0x5a,0x69,0x4a,
    0x69,0x4a,0x4d,0x6b,0xae,0x73,0x51,0x8c,0xef,0x7b,0x0c,0x63,0x0c,0x63,0xab,0x5a,
    0x2c,0x63,0x6d,0x6b,0xcb,0x5a,0x2c,0x63,0x71,0x8c,0x8d,0x73,0x92,0x94,0x10,0x84,
    0x92,0x94,0xd3,0x9c,0x92,0x94,0xd3,0x9c,0x96,0xb5,0x14,0xa5,0xd3,0x9c,0xb3,0x9c,
    0x71,0x8c,0xb2,0x94,0x10,0x84,0xef,0x7b,0x75,0xb5,0xf7,0xbd,0x59,0xce,0xf7,0xbd,
    0xd7,0xbd,0x38,0xc6,0xb6,0xb5,0x55,0xad,0xb2,0x94,0xd3,0x9c,0x6d,0x6b,0xcf,0x7b,
    0x4d,0x6b,0x8a,0x52,0x28,0x42,0x69,0x4a,0xc7,0x39,0x04,0x21,0x24,0x21,0x24,0x21,
    0x04,0x21,0x45,0x21,0x03,0x21,0xe3,0x18,0xa2,0x10,0x82,0x10,0x41,0x08,0x41,0x08,
    0x41,0x08,0x41,0x08,0x41,0x08,0x61,0x08,0x82,0x10,0xa2,0x10,0xa2,0x10,0x24,0x29,
    0x45,0x29,0x24,0x29,0x65,0x29,0xe3,0x18,0x86,0x31,0x08,0x42,0xcb,0x5a,0xcb,0x5a,
    0x6d,0x6b,0x4d,0x6b,0x6d,0x6b,0x30,0x84,0x92,0x94,0x34,0xa5,0x95,0xad,0xb7,0xb5,
    0x18,0xc6,0xd6,0xb5,0xd7,0xbd,0xd7,0xbd,0xd7,0xbd,0xb6,0xb5,0xcf,0x7b,0x30,0x84,
    0x71,0x8c,0x10,0x84,0xef,0x7b,0x8e,0x73,0x92,0x94,0x10,0x84,0x30,0x84,0x34,0xad,
    0xcf,0x7b,0xef,0x7b,0x10,0x84,0xae,0x73,0x71,0x8c,0x8e,0x73,0xeb,0x62,0xeb,0x5a,
    0x69,0x4a,0x28,0x42,0x8a,0x52,0xef,0x7b,0x4d,0x6b,0xeb,0x5a,0x30,0x84,0x4d,0x6b,
    0x0c,0x63,0x49,0x4a,0x49,0x4a,0xc7,0x39,0x28,0x42,0x6d,0x6b,0xe7,0x39,0xa6,0x31,
    0x0c,0x63,0x49,0x4a,0xe7,0x39,0x28,0x42,0x61,0x08,0x00,0x00,0x41,0x08,0x61,0x08,
    0x61,0x08,0xc3,0x10,0xa2,0x10,0xc3,0x18,0xc3,0x18,0xc3,0x10,0xc3,0x18,0xe3,0x18,
    0x04,0x21,0xe3,0x18,0xa2,0x10,0xa2,0x10,0x61,0x08,0xa2,0x10,0xc3,0x18,0xa2,0x10,
    0x82,0x10,0xa2,0x10,0xc3,0x18,0xc3,0x18,0xc2,0x18,0x40,0x00,0x20,0x00,0x41,0x08,
    0xe3,0x18,0xe3,0x18,0x86,0x31,0x49,0x42,0x65,0x29,0x24,0x21,0xe7,0x39,0x4d,0x6b,
    0x8a,0x52,0x8a,0x52,0xaa,0x52,0x4d,0x6b,0x65,0x29,0xc3,0x18,0xa2,0x10,0x61,0x08,
    0x41,0x08,0x41,0x08,0x82,0x10,0xa6,0x31,0xa2,0x10,0x04,0x21,0xa2,0x18,0x41,0x08,
    0xeb,0x5a,0x86,0x31,0xa2,0x10,0xc3,0x18,0xe3,0x18,0xe3,0x18,0xe3,0x18,0xc3,0x18,
    0x61,0x08,0xc3,0x18,0x85,0x31,0x61,0x08,0x20,0x00,0x20,0x00,0xa2,0x10,0xe3,0x18,
    0xc3,0x18,0xe3,0x18,0xe3,0x18,0x24,0x21,0x24,0x21,0x45,0x29,0x65,0x29,0x69,0x4a,
    0xcb,0x5a,0x69,0x4a,0x0b,0x63,0x0c,0x63,0xcb,0x5a,0x2c,0x63,0x8a,0x52,0xcb,0x5a,
    0x8a,0x52,0xa6,0x31,0x86,0x31,0xa6,0x31,0x24,0x21,0xa2,0x10,0x61,0x08,0x41,0x08,
    0xc3,0x18,0xa3,0x10,0x41,0x08,0x20,0x00,0x20,0x00,0x20,0x00,0x20,0x00,0x20,0x00,
    0x00,0x00,0x41,0x08,0x82,0x10,0x61,0x08,0x62,0x10,0xc7,0x39,0x8a,0x52,0x69,0x4a,
    0xe7,0x39,0x28,0x42,0xaa,0x52,0xcb,0x5a,0x86,0x31,0xcf,0x7b,0x8a,0x52,0x08,0x42,
    0xc7,0x39,0xaa,0x5a,0xcf,0x7b,0x30,0x84,0x51,0x8c,0x8e,0x73,0x4d,0x6b,0x49,0x4a,
    0x8e,0x73,0xcf,0x7b,0xec,0x62,0xcf,0x7b,0xae,0x73,0x2c,0x63,0x30,0x84,0x34,0xa5,
    0xce,0x7b,0xcf,0x7b,0xb2,0x94,0xd3,0x9c,0x30,0x84,0xb2,0x94,0x30,0x84,0x51,0x8c,
    0x34,0xa5,0x92,0x94,0xae,0x73,0x14,0xa5,0x18,0xc6,0xb6,0xb5,0xd7,0xbd,0xf7,0xbd,
    0xf7,0xbd,0xf7,0xbd,0xd7,0xbd,0x92,0x94,0x71,0x8c,0xd3,0x9c,0x71,0x8c,0x10,0x84,
    0x0c,0x63,0x6d,0x73,0x2c,0x63,0x28,0x42,0xa6,0x31,0x45,0x29,0x24,0x21,0x86,0x31,
    0xc7,0x39,0xa6,0x31,0xa6,0x31,0x24,0x21,0x04,0x21,0xc3,0x18,0x82,0x10,0x82,0x10,
    0x82,0x10,0x82,0x10,0x82,0x10,0x82,0x10,0xc3,0x18,0x24,0x21,0x04,0x21,0x04,0x21,
    0xc7,0x39,0x65,0x29,0x24,0x21,0x24,0x21,0xe7,0x39,0x69,0x4a,0x8a,0x52,0x8e,0x73,
    0x2c,0x63,0xcf,0x7b,0xef,0x83,0xd3,0x9c,0x10,0x84,0x75,0xad,0x96,0xb5,0xf7,0xbd,
    0xf7,0xbd,0x18,0xc6,0xf7,0xbd,0x59,0xce,0xd7,0xbd,0x38,0xc6,0x55,0xad,0x2c,0x63,
    0x91,0x94,0x51,0x8c,0x30,0x84,0xae,0x73,0x8e,0x73,0x10,0x84,0x34,0xad,0x51,0x8c,
    0x71,0x8c,0x75,0xad,0x6d,0x6b,0x30,0x84,0xb2,0x94,0x2c,0x63,0x2c,0x63,0xeb,0x5a,
    0x69,0x4a,0x69,0x4a,0xcb,0x5a,0x8e,0x73,0x0c,0x63,0x0c,0x63,0x6d,0x6b,0xcb,0x5a,
    0x0c,0x63,0x8a,0x52,0x04,0x21,0x04,0x21,0xe7,0x39,0x4d,0x6b,0x49,0x4a,0x86,0x31,
    0xcf,0x7b,0x4d,0x6b,0x86,0x31,0xc7,0x39,0xe3,0x18,0x00,0x00,0x41,0x08,0x61,0x08,
    0x61,0x08,0xa2,0x10,0xa2,0x10,0xc3,0x18,0xc3,0x18,0xc3,0x18,0xc3,0x18,0x04,0x21,
    0x04,0x21,0xa2,0x10,0xa2,0x10,0xa2,0x10,0x82,0x10,0x82,0x10,0x82,0x10,0x82,0x10,
    0x82,0x10,0x82,0x10,0xa2,0x10,0xc3,0x18,0xa2,0x10,0x40,0x08,0x20,0x00,0x20,0x08,
    0xe3,0x18,0xe3,0x18,0x86,0x31,0x49,0x4a,0x65,0x29,0x45,0x29,0x24,0x21,0xc7,0x39,
    0x49,0x4a,0x48,0x4a,0x49,0x4a,0x86,0x31,0xe3,0x18,0xc3,0x18,0x28,0x42,0xeb,0x5a,
    0x8a,0x52,0x69,0x4a,0xcb,0x5a,0xeb,0x5a,0x82,0x10,0x24,0x21,0xe3,0x18,0x41,0x08,
    0x61,0x08,0x82,0x10,0xc3,0x18,0xc3,0x18,0xe3,0x18,0xe3,0x18,0xe3,0x18,0xc3,0x18,
    0x82,0x10,0xa2,0x10,0x86,0x31,0x82,0x10,0x20,0x00,0x20,0x00,0x82,0x10,0x04,0x21,
    0xe3,0x20,0xc3,0x18,0xc2,0x18,0x04,0x21,0x24,0x21,0x04,0x21,0x04,0x21,0x07,0x3a,
    0xeb,0x5a,0x0c,0x63,0xaa,0x52,0xaa,0x52,0xeb,0x5a,0xeb,0x5a,0xeb,0x5a,0x6d,0x6b,
    0x8a,0x52,0x04,0x21,0xe3,0x18,0x04,0x21,0xe3,0x18,0xa2,0x10,0xe3,0x18,0xa2,0x10,
    0xc3,0x18,0xc3,0x18,0x61,0x08,0x20,0x00,0x20,0x00,0x20,0x00,0x20,0x00,0x20,0x00,
    0x00,0x00,0x41,0x08,0x82,0x10,0x61,0x08,0x61,0x08,0xe3,0x18,0xaa,0x52,0x69,0x4a,
    0xe7,0x39,0x08,0x42,0x08,0x42,0xc7,0x39,0x0c,0x63,0xef,0x7b,0x28,0x42,0xe7,0x39,
    0xe7,0x39,0x49,0x4a,0x2c,0x63,0xef,0x7b,0x71,0x8c,0x30,0x84,0x10,0x84,0x08,0x42,
    0xcb,0x5a,0x0b,0x5b,0xaa,0x52,0x4d,0x6b,0x10,0x84,0xef,0x7b,0xb2,0x94,0xd3,0x9c,
    0x13,0xa5,0xb2,0x94,0xf3,0x9c,0xf3,0x9c,0x10,0x84,0x10,0x84,0xb2,0x94,0xb2,0x94,
    0xb2,0x94,0x71,0x8c,0x51,0x8c,0x17,0xc6,0xd7,0xbd,0xd7,0xbd,0xb6,0xb5,0xf7,0xbd,
    0x38,0xc6,0xd7,0xbd,0x96,0xb5,0x14,0xa5,0xd3,0x9c,0x14,0xa5,0x51,0x8c,0x4d,0x6b,
    0xef,0x7b,0x30,0x8c,0x2c,0x63,0x0c,0x63,0x49,0x4a,0x28,0x42,0x28,0x42,0xc7,0x39,
    0x28,0x42,0x69,0x4a,0xc7,0x39,0x24,0x21,0x45,0x29,0xe3,0x18,0x04,0x21,0xe3,0x18,
    0x04,0x21,0xe3,0x18,0xe3,0x18,0x04,0x21,0xe3,0x18,0x45,0x29,0xe7,0x39,0x08,0x42,
    0xc6,0x39,0x69,0x4a,0x08,0x42,0x65,0x29,0x28,0x42,0xaa,0x52,0xeb,0x5a,0xcf,0x7b,
    0xae,0x73,0x8e,0x73,0xef,0x7b,0xf3,0x9c,0x34,0xa5,0x96,0xb5,0xb6,0xb5,0xb6,0xb5,
    0xf7,0xbd,0x38,0xc6,0x38,0xc6,0x18,0xc6,0xf7,0xbd,0x18,0xc6,0xf7,0xbd,0x30,0x84,
    0x4d,0x6b,0x71,0x8c,0x10,0x84,0x8e,0x73,0x92,0x94,0x71,0x8c,0xaa,0x52,0x6d,0x6b,
    0x75,0xad,0x71,0x8c,0x4d,0x6b,0x14,0xa5,0xcf,0x7b,0xeb,0x5a,0x51,0x8c,0x8e,0x73,
    0x49,0x4a,0xeb,0x5a,0x0c,0x63,0x2c,0x63,0x2c,0x63,0x2c,0x63,0x4d,0x6b,0x69,0x4a,
    0xc7,0x39,0x6d,0x6b,0xc7,0x39,0x24,0x21,0x24,0x21,0x86,0x31,0x28,0x42,0x8a,0x52,
    0x0c,0x63,0x8e,0x73,0xe7,0x39,0x45,0x29,0x41,0x08,0x20,0x00,0x41,0x08,0x61,0x08,
    0x61,0x08,0xc2,0x10,0xa2,0x10,0xa2,0x10,0xc3,0x18,0xe3,0x18,0x03,0x21,0xe3,0x18,
    0x82,0x10,0x82,0x10,0xa2,0x10,0xa2,0x10,0x82,0x10,0x82,0x10,0x82,0x10,0x82,0x10,
    0x82,0x10,0xa2,0x10,0xa2,0x10,0xc3,0x18,0xa2,0x10,0x20,0x00,0x20,0x00,0x20,0x00,
    0xe3,0x18,0xc3,0x18,0x65,0x29,0x49,0x4a,0x65,0x29,0x24,0x21,0xc7,0x39,0x4d,0x6b,
    0xcb,0x5a,0xeb,0x5a,0x8e,0x73,0xae,0x73,0x65,0x29,0xc3,0x18,0x86,0x31,0xa6,0x31,
    0x86,0x31,0x65,0x29,0x86,0x31,0x49,0x4a,0x82,0x10,0xc3,0x18,0xc3,0x18,0x41,0x08,
    0x6d,0x6b,0x86,0x31,0xa2,0x10,0xe3,0x18,0xe3,0x18,0xc3,0x18,0xc3,0x18,0xa2,0x10,
    0x82,0x10,0xc3,0x18,0x44,0x29,0x61,0x08,0x20,0x00,0x00,0x00,0x82,0x10,0xe3,0x18,
    0xa2,0x10,0xc3,0x18,0x04,0x21,0xc3,0x18,0xc3,0x18,0xe3,0x18,0x04,0x21,0x45,0x29,
    0x69,0x4a,0x2c,0x63,0x69,0x4a,0x0c,0x63,0xcb,0x5a,0x8a,0x52,0xeb,0x5a,0xeb,0x5a,
    0x65,0x29,0xc3,0x18,0xe3,0x18,0x04,0x21,0xe3,0x18,0xc3,0x18,0xe3,0x18,0x61,0x08,
    0xe3,0x18,0xc3,0x18,0x81,0x10,0x20,0x00,0x20,0x00,0x20,0x00,0x20,0x00,0x20,0x00,
    0x00,0x00,0x41,0x08,0x82,0x10,0x61,0x08,0x41,0x08,0x04,0x21,0x08,0x42,0x69,0x4a,
    0x48,0x4a,0xe7,0x39,0x44,0x29,0x69,0x4a,0x6d,0x6b,0x65,0x29,0xe7,0x39,0xa6,0x31,
    0x04,0x21,0x28,0x42,0xeb,0x5a,0xcf,0x7b,0x51,0x8c,0x8e,0x73,0x71,0x8c,0xeb,0x5a,
    0x8a,0x52,0xcf,0x7b,0x6d,0x6b,0xae,0x73,0x10,0x84,0x92,0x94,0x0f,0x84,0x51,0x8c,
    0x92,0x94,0x30,0x8c,0xd3,0x9c,0x51,0x8c,0x30,0x84,0xd3,0x9c,0x14,0xa5,0xb2,0x94,
    0x92,0x94,0xcf,0x7b,0x34,0xa5,0x18,0xc6,0xd7,0xbd,0xd7,0xbd,0xf7,0xbd,0x75,0xad,
    0xb6,0xb5,0xd7,0xbd,0x75,0xad,0xf7,0xbd,0x34,0xa5,0x14,0xa5,0xcf,0x7b,0x92,0x94,
    0x14,0xa5,0x10,0x84,0x6a,0x4a,0x2c,0x63,0x4d,0x6b,0xaa,0x52,0x28,0x42,0x69,0x4a,
    0xaa,0x52,0xcb,0x5a,0xa6,0x31,0x86,0x31,0x65,0x29,0x45,0x29,0x04,0x21,0x24,0x21,
    0x45,0x29,0x04,0x21,0x04,0x21,0x45,0x29,0x65,0x29,0x86,0x31,0x08,0x42,0xeb,0x5a,
    0xc7,0x39,0xcb,0x5a,0xab,0x5a,0xe7,0x41,0x2c,0x63,0xcf,0x7b,0x0c,0x63,0x51,0x8c,
    0x2c,0x63,0x6d,0x73,0xd3,0x9c,0x34,0xa5,0x14,0xa5,0xf7,0xbd,0xd7,0xbd,0xd7,0xbd,
    0x38,0xc6,0x18,0xc6,0xd6,0xbd,0x18,0xc6,0x75,0xad,0xb6,0xb5,0x17,0xc6,0xd6,0xbd,
    0x2c,0x63,0x8e,0x73,0x92,0x94,0x10,0x84,0x6d,0x6b,0x8d,0x73,0x30,0x8c,0x30,0x84,
    0x10,0x84,0x71,0x8c,0x51,0x8c,0xd3,0x9c,0x4c,0x6b,0xcf,0x7b,0x6d,0x6b,0xcf,0x7b,
    0xeb,0x5a,0x6d,0x6b,0xeb,0x5a,0xef,0x7b,0x6d,0x6b,0x0c,0x63,0x10,0x84,0xeb,0x5a,
    0xe7,0x39,0xe7,0x41,0xaa,0x52,0x24,0x21,0x49,0x4a,0xc7,0x39,0xa6,0x31,0x45,0x29,
    0x49,0x4a,0x0c,0x63,0x49,0x4a,0x65,0x31,0x00,0x00,0x20,0x00,0x41,0x08,0x61,0x08,
    0x61,0x08,0xc3,0x18,0xa2,0x10,0xc3,0x18,0xc3,0x18,0xe3,0x18,0xc3,0x18,0xa2,0x10,
    0x82,0x10,0xa2,0x10,0xa2,0x10,0xa2,0x10,0x82,0x10,0x82,0x10,0x82,0x10,0x82,0x10,
    0x82,0x10,0xa2,0x10,0xa2,0x10,0xa2,0x10,0xa2,0x10,0x41,0x00,0x20,0x00,0x40,0x00,
    0xe3,0x18,0xe3,0x18,0x65,0x29,0x49,0x4a,0x86,0x31,0x65,0x29,0x45,0x29,0x86,0x31,
    0x69,0x4a,0x6d,0x6b,0x2c,0x63,0xc7,0x39,0x03,0x19,0xe3,0x18,0x82,0x10,0x40,0x08,
    0x40,0x08,0x41,0x08,0x24,0x21,0xc7,0x39,0x82,0x10,0xc3,0x18,0xc2,0x10,0x41,0x08,
    0xa6,0x31,0x24,0x21,0xe3,0x18,0x04,0x21,0xc3,0x18,0xc3,0x18,0xc3,0x18,0xc2,0x10,
    0x82,0x10,0x04,0x21,0x45,0x29,0x41,0x08,0x20,0x00,0x00,0x00,0xa2,0x10,0xe3,0x18,
    0xc3,0x18,0xe3,0x18,0x65,0x29,0x04,0x21,0xe3,0x18,0xe3,0x18,0x04,0x21,0x04,0x21,
    0xc7,0x39,0xeb,0x5a,0xaa,0x52,0x6d,0x6b,0x8e,0x73,0x8a,0x52,0x0c,0x63,0x49,0x4a,
    0xc3,0x18,0xc3,0x18,0xc3,0x18,0xe3,0x18,0xe3,0x18,0x24,0x21,0xa2,0x10,0x41,0x08,
    0x44,0x21,0xc3,0x18,0x81,0x10,0x20,0x00,0x20,0x00,0x20,0x00,0x20,0x00,0x20,0x00,
    0x00,0x00,0x40,0x08,0x82,0x10,0x61,0x08,0x61,0x08,0x24,0x21,0x28,0x42,0x8a,0x52,
    0x08,0x42,0xa6,0x31,0x08,0x42,0x8e,0x73,0xcb,0x5a,0xe7,0x39,0xa6,0x31,0x04,0x21,
    0xa6,0x31,0x49,0x4a,0x8a,0x52,0xef,0x7b,0xd3,0x9c,0x6d,0x6b,0x92,0x94,0x6d,0x6b,
    0x65,0x29,0x6d,0x6b,0xcf,0x7b,0x6d,0x6b,0x0c,0x63,0xef,0x7b,0x4d,0x6b,0x10,0x84,
    0xf3,0x9c,0x30,0x84,0x8e,0x73,0x8e,0x73,0x51,0x8c,0x30,0x84,0x50,0x8c,0x92,0x94,
    0xcf,0x7b,0x71,0x8c,0xb6,0xb5,0xf7,0xbd,0x75,0xad,0x34,0xa5,0x55,0xad,0x92,0x94,
    0x34,0xa5,0x55,0xad,0xf7,0xbd,0xd7,0xb5,0x55,0xad,0xd3,0x9c,0x71,0x94,0xf3,0x9c,
    0xcf,0x7b,0x51,0x8c,0xd2,0x9c,0x30,0x84,0x8a,0x52,0x0c,0x63,0x0c,0x63,0xcb,0x5a,
    0xae,0x73,0x4d,0x6b,0x28,0x42,0xe7,0x39,0x49,0x4a,0x45,0x29,0x04,0x21,0x86,0x31,
    0x86,0x31,0x45,0x29,0x24,0x21,0xa6,0x31,0x86,0x31,0x28,0x42,0x08,0x42,0x0c,0x63,
    0xcb,0x5a,0xaa,0x52,0x8a,0x52,0x8d,0x73,0xeb,0x5a,0x10,0x84,0x0c,0x63,0x2c,0x63,
    0x4d,0x6b,0xaa,0x52,0x71,0x8c,0x96,0xb5,0xf3,0x9c,0x30,0x84,0x96,0xb5,0xf7,0xbd,
    0xd3,0x9c,0xd3,0x9c,0x75,0xad,0x18,0xc6,0x96,0xb5,0x34,0xa5,0x55,0xad,0x96,0xb5,
    0x92,0x94,0x0b,0x63,0x92,0x94,0xd2,0x9c,0xae,0x73,0xeb,0x62,0x8d,0x73,0x51,0x8c,
    0xcf,0x7b,0x51,0x8c,0xd2,0x9c,0x10,0x7c,0x8e,0x73,0x0f,0x84,0x69,0x52,0xeb,0x5a,
    0x2c,0x63,0x8e,0x73,0xeb,0x5a,0x8e,0x73,0xef,0x7b,0xcf,0x7b,0x8e,0x73,0x69,0x4a,
    0x28,0x42,0x04,0x21,0x86,0x31,0x49,0x42,0x08,0x42,0x69,0x4a,0x49,0x4a,0x86,0x31,
    0xe7,0x39,0xaa,0x52,0x08,0x42,0xa2,0x10,0x20,0x00,0x20,0x00,0x41,0x08,0x61,0x08,
    0x41,0x08,0x82,0x10,0xc3,0x18,0xc3,0x18,0xa2,0x10,0xa2,0x10,0xa2,0x10,0xe3,0x18,
    0xa2,0x18,0x82,0x10,0xa2,0x10,0xc3,0x18,0x82,0x10,0xa2,0x10,0xa2,0x10,0x82,0x10,
    0x82,0x10,0xc3,0x18,0xa2,0x10,0xc3,0x18,0xa2,0x10,0x40,0x00,0x20,0x00,0x20,0x00,
    0x04,0x21,0xe3,0x18,0x65,0x29,0x69,0x4a,0xc7,0x39,0x65,0x29,0xe7,0x39,0xef,0x7b,
    0x51,0x8c,0xcf,0x7b,0x2c,0x63,0x0c,0x63,0x65,0x29,0xa2,0x10,0xc7,0x39,0x49,0x4a,
    0x49,0x4a,0xeb,0x5a,0xca,0x5a,0x86,0x31,0xa2,0x10,0x04,0x21,0xa2,0x10,0x41,0x08,
    0x65,0x29,0xc3,0x18,0xe3,0x18,0xe3,0x18,0xe3,0x18,0xc3,0x18,0xc3,0x18,0xa2,0x10,
    0x82,0x10,0x86,0x31,0x85,0x29,0x41,0x08,0x41,0x00,0x20,0x00,0x82,0x10,0xe3,0x18,
    0x04,0x21,0xe3,0x18,0x65,0x29,0x45,0x29,0xe3,0x18,0xe3,0x18,0x04,0x21,0x04,0x21,
    0x65,0x29,0x0c,0x63,0x0c,0x63,0x8e,0x73,0x8e,0x73,0xec,0x62,0x4d,0x6b,0xc6,0x39,
    0xe3,0x18,0xe3,0x18,0xe3,0x18,0xc3,0x18,0x24,0x21,0x86,0x31,0xc3,0x18,0x61,0x08,
    0x45,0x29,0xe3,0x18,0x82,0x10,0x40,0x00,0x20,0x00,0x20,0x00,0x20,0x00,0x20,0x00,
    0x00,0x00,0x40,0x00,0x82,0x10,0x61,0x08,0x61,0x08,0x82,0x10,0xaa,0x52,0x2c,0x63,
    0xaa,0x52,0xcb,0x5a,0xeb,0x5a,0xc7,0x39,0x8a,0x52,0x69,0x4a,0x66,0x29,0x45,0x29,
    0xe7,0x39,0x29,0x4a,0x28,0x42,0xcf,0x7b,0x34,0xa5,0xef,0x7b,0xcf,0x7b,0x8e,0x73,
    0x28,0x42,0xe7,0x41,0xeb,0x5a,0x4d,0x6b,0x4d,0x6b,0xef,0x7b,0x10,0x84,0xef,0x83,
    0x10,0x84,0x30,0x84,0xef,0x7b,0x10,0x84,0x71,0x94,0xb2,0x94,0x34,0xa5,0xb2,0x94,
    0x30,0x84,0x75,0xad,0xd7,0xbd,0x55,0xad,0x92,0x94,0xb6,0xb5,0xf3,0x9c,0x34,0xa5,
    0x54,0xad,0x96,0xb5,0x34,0xa5,0x14,0xa5,0xb6,0xb5,0x51,0x8c,0xef,0x7b,0x6d,0x6b,
    0xcf,0x7b,0xd3,0x9c,0x75,0xad,0x4d,0x6b,0x4d,0x6b,0xef,0x7b,0x8e,0x73,0x8e,0x73,
    0xb2,0x94,0x0c,0x63,0x8a,0x52,0x2c,0x63,0x2d,0x63,0x86,0x31,0x86,0x31,0xa6,0x31,
    0x07,0x42,0xa6,0x31,0x45,0x29,0xe7,0x39,0xc7,0x39,0x08,0x42,0x0b,0x63,0x4c,0x6b,
    0x10,0x84,0xcf,0x7b,0x48,0x42,0x2c,0x63,0x10,0x84,0xec,0x62,0x6d,0x6b,0x14,0xa5,
    0x10,0x84,0x4d,0x6b,0x8e,0x73,0x95,0xad,0xf7,0xbd,0x30,0x84,0xb2,0x94,0xf7,0xbd,
    0xb6,0xb5,0x14,0xa5,0xb6,0xb5,0xd6,0xbd,0xd7,0xb5,0xf3,0x9c,0x96,0xb5,0x92,0x94,
    0xd3,0x9c,0xb2,0x94,0x30,0x84,0xd3,0x9c,0x71,0x8c,0xd3,0x9c,0xae,0x73,0xaa,0x52,
    0x71,0x8c,0xd2,0x9c,0x8e,0x73,0xcb,0x5a,0xef,0x7b,0xcf,0x7b,0xeb,0x5a,0x49,0x4a,
    0xef,0x7b,0xcb,0x5a,0x69,0x4a,0xae,0x73,0xef,0x7b,0x30,0x84,0x30,0x84,0x6d,0x6b,
    0x28,0x42,0x44,0x29,0x45,0x29,0x08,0x42,0x8a,0x52,0x28,0x42,0xa6,0x31,0xeb,0x5a,
    0x08,0x42,0x49,0x4a,0xe7,0x39,0x61,0x08,0x20,0x00,0x20,0x00,0x41,0x08,0x61,0x08,
    0x41,0x08,0xa2,0x10,0xa2,0x10,0xc2,0x18,0xa2,0x10,0xa2,0x10,0x82,0x10,0xc3,0x18,
    0xe3,0x18,0x82,0x10,0xa2,0x10,0xa2,0x10,0x82,0x10,0x82,0x10,0xa2,0x10,0x82,0x10,
    0x82,0x10,0xc2,0x18,0xa2,0x10,0xc3,0x18,0xa2,0x10,0x40,0x00,0x20,0x00,0x41,0x00,
    0xe3,0x18,0xc3,0x18,0x65,0x29,0x69,0x4a,0x86,0x31,0x65,0x29,0x86,0x31,0xc7,0x39,
    0x86,0x31,0xa6,0x31,0x86,0x31,0x85,0x31,0x04,0x21,0xc3,0x18,0xc7,0x39,0x49,0x4a,
    0x69,0x4a,0xeb,0x5a,0x8a,0x52,0x45,0x29,0xa2,0x10,0xe3,0x18,0x82,0x10,0x41,0x08,
    0x89,0x52,0x28,0x42,0x82,0x10,0xe3,0x18,0xe3,0x18,0x04,0x21,0xc3,0x18,0xa2,0x10,
    0x82,0x10,0xa6,0x31,0x65,0x29,0x41,0x08,0x21,0x00,0x20,0x00,0x82,0x10,0xc3,0x18,
    0x04,0x21,0xc3,0x18,0x45,0x29,0x85,0x31,0x24,0x21,0x04,0x21,0x24,0x21,0x24,0x21,
    0x24,0x21,0x86,0x31,0xaa,0x52,0xeb,0x5a,0x69,0x4a,0xeb,0x5a,0x86,0x31,0xe3,0x20,
    0x04,0x21,0x04,0x21,0x04,0x21,0x45,0x29,0xe7,0x39,0x08,0x42,0x65,0x29,0xa2,0x10,
    0x45,0x29,0xc3,0x18,0x41,0x08,0x20,0x00,0x20,0x00,0x20,0x00,0x20,0x00,0x20,0x00,
    0x00,0x00,0x41,0x08,0x82,0x10,0x61,0x08,0x82,0x10,0x61,0x08,0x69,0x4a,0x8e,0x73,
    0xaa,0x52,0xeb,0x5a,0x49,0x4a,0xe7,0x39,0x65,0x29,0x49,0x4a,0x28,0x42,0x86,0x31,
    0x65,0x29,0xe7,0x39,0x49,0x4a,0x30,0x84,0x51,0x8c,0x71,0x8c,0x2c,0x63,0x30,0x84,
    0x49,0x4a,0x08,0x42,0x8a,0x52,0xae,0x73,0xef,0x7b,0xcf,0x7b,0x71,0x8c,0x30,0x84,
    0xae,0x73,0x30,0x84,0xcf,0x7b,0x8d,0x6b,0xef,0x83,0xf3,0x9c,0xd3,0x9c,0x30,0x84,
    0xf3,0x9c,0x55,0xad,0x75,0xad,0x71,0x8c,0xb2,0x94,0x55,0xad,0x34,0xa5,0x75,0xad,
    0x34,0xa5,0x71,0x8c,0x34,0xa5,0x75,0xad,0x55,0xad,0xef,0x7b,0xf0,0x7b,0xb2,0x94,
    0x71,0x8c,0x14,0xa5,0x96,0xb5,0xef,0x7b,0xef,0x7b,0x51,0x8c,0xcf,0x7b,0xcf,0x7b,
    0x14,0xa5,0xef,0x7b,0x2d,0x6b,0x72,0x8c,0x2c,0x63,0xe7,0x39,0xa6,0x31,0xc7,0x39,
    0x49,0x4a,0x08,0x42,0x65,0x29,0xc7,0x39,0x07,0x42,0x07,0x42,0x2c,0x63,0xef,0x7b,
    0xb2,0x94,0x51,0x8c,0xcb,0x5a,0xeb,0x5a,0xae,0x73,0xcb,0x5a,0x69,0x4a,0xd3,0x9c,
    0xcf,0x7b,0x51,0x8c,0x10,0x84,0x14,0xa5,0x71,0x8c,0x96,0xb5,0x55,0xad,0xf3,0x9c,
    0xb6,0xb5,0x96,0xb5,0xf7,0xbd,0x55,0xad,0x72,0x8c,0xd2,0x94,0xd3,0x9c,0xcf,0x7b,
    0x51,0x8c,0x96,0xb5,0x6d,0x6b,0xae,0x7b,0x30,0x84,0x51,0x8c,0x71,0x8c,0xeb,0x5a,
    0xcb,0x5a,0xef,0x7b,0xcf,0x7b,0xef,0x7b,0xce,0x7b,0x10,0x84,0x8a,0x52,0xaa,0x52,
    0xeb,0x5a,0x45,0x29,0x8a,0x52,0xef,0x7b,0x6d,0x6b,0x4c,0x6b,0x30,0x84,0x71,0x8c,
    0x69,0x4a,0x65,0x29,0x08,0x42,0x28,0x42,0x8a,0x52,0x69,0x4a,0xc3,0x18,0x49,0x4a,
    0x28,0x42,0x86,0x31,0x49,0x4a,0x65,0x29,0x00,0x00,0x20,0x00,0x41,0x08,0x61,0x08,
    0x61,0x08,0xa2,0x10,0xa2,0x10,0xa2,0x10,0xa2,0x10,0xa2,0x10,0x82,0x10,0x82,0x10,
    0xc3,0x18,0x82,0x10,0x82,0x10,0x82,0x10,0x82,0x10,0x82,0x10,0x82,0x10,0x61,0x08,
    0x61,0x08,0x82,0x10,0xa2,0x10,0xa2,0x10,0xa2,0x10,0x41,0x00,0x20,0x00,0x41,0x08,
    0xc3,0x18,0xa3,0x10,0x65,0x29,0x49,0x4a,0x65,0x29,0x65,0x29,0x44,0x29,0xe3,0x18,
    0xe3,0x18,0xc3,0x18,0xa2,0x10,0xa2,0x10,0xc3,0x18,0xe3,0x18,0xa2,0x10,0x82,0x10,
    0x61,0x08,0x82,0x10,0x86,0x29,0xa6,0x31,0xa2,0x10,0xe3,0x18,0xa2,0x10,0x41,0x08,
    0x2c,0x63,0x08,0x42,0x82,0x10,0xe3,0x18,0x04,0x19,0x04,0x21,0xa2,0x10,0xa2,0x10,
    0xa2,0x10,0x86,0x31,0x45,0x29,0x41,0x08,0x20,0x00,0x20,0x00,0x61,0x08,0xc3,0x18,
    0xc3,0x18,0x82,0x10,0xa2,0x10,0xe3,0x18,0x04,0x21,0x04,0x21,0xe3,0x18,0x24,0x21,
    0x45,0x29,0x24,0x21,0x65,0x29,0x86,0x31,0x45,0x29,0x86,0x31,0x04,0x21,0x04,0x21,
    0x04,0x21,0x24,0x21,0x65,0x29,0xa6,0x31,0x65,0x29,0xe3,0x18,0xe3,0x18,0x82,0x10,
    0x04,0x21,0xa2,0x10,0x41,0x08,0x20,0x00,0x20,0x00,0x20,0x00,0x20,0x00,0x20,0x00,
    0x00,0x00,0x41,0x00,0x81,0x10,0x61,0x08,0x82,0x10,0x82,0x10,0xc7,0x39,0x69,0x4a,
    0x28,0x42,0x28,0x42,0x49,0x4a,0x45,0x29,0xe3,0x18,0x6d,0x6b,0x28,0x4a,0x86,0x31,
    0x65,0x29,0x49,0x4a,0x10,0x84,0x69,0x4a,0x2c,0x63,0x71,0x8c,0x92,0x94,0xb2,0x94,
    0xaa,0x52,0x69,0x4a,0x89,0x4a,0x8d,0x6b,0xae,0x73,0x51,0x8c,0x10,0x84,0x34,0xa5,
    0xef,0x7b,0xef,0x7b,0x10,0x84,0x71,0x94,0xb2,0x94,0x71,0x8c,0xef,0x7b,0xd2,0x9c,
    0x75,0xad,0x96,0xb5,0x34,0xa5,0xd3,0x9c,0x92,0x94,0x95,0xb5,0xf3,0x9c,0xd3,0x9c,
    0x51,0x8c,0x71,0x8c,0x75,0xad,0xb6,0xb5,0xb2,0x94,0xb2,0x94,0xd3,0x9c,0x6d,0x6b,
    0x13,0xa5,0x18,0xc6,0x92,0x94,0xeb,0x5a,0x92,0x94,0xcf,0x7b,0x0c,0x63,0xef,0x7b,
    0x34,0xa5,0x51,0x8c,0x31,0x84,0x72,0x94,0x08,0x42,0x49,0x4a,0xc7,0x39,0x08,0x42,
    0xeb,0x5a,0x69,0x4a,0x08,0x42,0xa6,0x31,0xc7,0x39,0x49,0x4a,0x4d,0x6b,0x8e,0x73,
    0x0f,0x84,0x30,0x84,0x8e,0x73,0xef,0x7b,0x51,0x8c,0xef,0x7b,0x8e,0x73,0x2c,0x63,
    0x51,0x8c,0x31,0x84,0xeb,0x5a,0xd3,0x9c,0xb2,0x94,0x14,0xa5,0x34,0xa5,0x75,0xad,
    0x17,0xbe,0x14,0xa5,0x14,0xa5,0x96,0xb5,0x14,0xa5,0x96,0xb5,0x71,0x8c,0x14,0xa5,
    0x30,0x84,0xb2,0x94,0x10,0x84,0x2c,0x63,0x50,0x8c,0x14,0xa5,0xd3,0x9c,0x51,0x8c,
    0xcb,0x5a,0x8e,0x73,0x13,0xa5,0x30,0x84,0x10,0x84,0xae,0x73,0xaa,0x52,0x8e,0x73,
    0x08,0x42,0xc6,0x31,0xae,0x73,0x0c,0x63,0xeb,0x5a,0x6d,0x6b,0x0c,0x63,0xaa,0x52,
    0x8e,0x73,0xa6,0x31,0x86,0x31,0x69,0x4a,0x86,0x31,0x08,0x42,0x45,0x29,0x86,0x31,
    0x28,0x42,0x86,0x31,0x45,0x29,0xa2,0x10,0x41,0x08,0x20,0x00,0x41,0x08,0x61,0x08,
    0x61,0x08,0xc2,0x10,0xa2,0x10,0xc2,0x10,0xa2,0x10,0xa2,0x10,0xa2,0x10,0xa2,0x10,
    0xa2,0x10,0x82,0x10,0x82,0x10,0xa2,0x10,0xa2,0x10,0x04,0x21,0x24,0x21,0x24,0x21,
    0x04,0x21,0xa2,0x10,0x82,0x10,0xa2,0x10,0xa2,0x10,0x41,0x08,0x20,0x00,0x20,0x00,
    0xe3,0x18,0xc3,0x18,0x65,0x29,0x49,0x4a,0x86,0x31,0x45,0x29,0xc7,0x39,0x0c,0x63,
    0xeb,0x5a,0xcb,0x5a,0xcb,0x5a,0xaa,0x52,0x24,0x21,0xc3,0x18,0xa2,0x10,0x82,0x10,
    0xa2,0x10,0xc3,0x18,0x82,0x10,0x82,0x10,0xc3,0x18,0xe3,0x18,0xc2,0x10,0x41,0x08,
    0xa7,0x31,0xa2,0x10,0xc3,0x18,0xc3,0x18,0xc3,0x18,0xe3,0x18,0xa2,0x10,0xa2,0x10,
    0xa2,0x10,0xc6,0x31,0x65,0x29,0x41,0x08,0x20,0x00,0x00,0x00,0x61,0x08,0xc3,0x18,
    0xc3,0x18,0xa2,0x10,0x82,0x10,0x81,0x08,0x82,0x10,0xc2,0x18,0xc3,0x18,0x24,0x21,
    0x04,0x21,0x03,0x19,0xe3,0x18,0xe3,0x18,0xe3,0x18,0xc3,0x18,0xc3,0x18,0xc3,0x18,
    0xc3,0x18,0xe3,0x18,0xe3,0x18,0xc2,0x10,0x61,0x08,0x61,0x08,0xa2,0x10,0x81,0x08,
    0xe3,0x18,0xa2,0x10,0x61,0x08,0x20,0x00,0x20,0x00,0x20,0x00,0x20,0x00,0x20,0x00,
    0x00,0x00,0x40,0x00,0x82,0x10,0x61,0x08,0x82,0x10,0x82,0x10,0x65,0x29,0x28,0x42,
    0x65,0x29,0x65,0x29,0x49,0x4a,0x86,0x31,0x0c,0x63,0x30,0x84,0x86,0x31,0x86,0x31,
    0x45,0x29,0xaa,0x52,0x49,0x4a,0x69,0x4a,0x2c,0x63,0x10,0x84,0x30,0x84,0x71,0x8c,
    0xcb,0x5a,0x49,0x4a,0x4d,0x6b,0xae,0x73,0xae,0x73,0x51,0x8c,0x8e,0x73,0x0c,0x63,
    0x10,0x84,0x4d,0x6b,0x30,0x84,0x34,0xa5,0x54,0xa5,0x92,0x94,0x71,0x8c,0x34,0xa5,
    0xf3,0xa4,0x55,0xad,0xb2,0x94,0xb2,0x94,0x71,0x8c,0x34,0xa5,0xd3,0x9c,0x92,0x94,
    0x0c,0x63,0xb2,0x94,0x34,0xad,0x95,0xad,0xd3,0x9c,0x55,0xad,0x8e,0x73,0x6d,0x6b,
    0xb6,0xb5,0xf3,0x9c,0x34,0xa5,0xcf,0x7b,0xcf,0x7b,0x8d,0x73,0xcf,0x7b,0xef,0x7b,
    0xb2,0x94,0x51,0x8c,0xb2,0x94,0x6a,0x4a,0xcb,0x5a,0x65,0x29,0xa6,0x31,0x08,0x3a,
    0xcb,0x5a,0xca,0x52,0xaa,0x52,0x69,0x4a,0x86,0x31,0xaa,0x52,0x30,0x84,0xcf,0x7b,
    0x0c,0x63,0x10,0x84,0x0c,0x63,0x30,0x84,0xae,0x73,0xcf,0x7b,0x92,0x94,0x2c,0x63,
    0xaf,0x73,0x30,0x84,0x6e,0x6b,0x10,0x84,0xd3,0x9c,0x14,0xa5,0x55,0xad,0xcf,0x73,
    0x92,0x94,0xb2,0x9c,0x14,0xa5,0xb6,0xb5,0x71,0x8c,0x71,0x8c,0x71,0x8c,0xb2,0x94,
    0x55,0xad,0x51,0x8c,0xef,0x7b,0x2c,0x63,0xb2,0x94,0x54,0xad,0xd2,0x94,0x51,0x8c,
    0xcf,0x7b,0xaa,0x52,0x4c,0x6b,0x8e,0x73,0xae,0x73,0x8a,0x52,0x0c,0x63,0x8e,0x73,
    0xe7,0x39,0xe7,0x39,0xce,0x73,0x4c,0x6b,0xca,0x5a,0x6d,0x6b,0x0c,0x63,0x86,0x31,
    0xa6,0x31,0x49,0x4a,0x65,0x29,0xaa,0x52,0x65,0x29,0xe7,0x39,0x69,0x4a,0xa6,0x31,
    0x49,0x4a,0x49,0x4a,0x65,0x29,0x00,0x00,0x40,0x00,0x20,0x00,0x41,0x08,0x61,0x08,
    0x81,0x08,0xa2,0x10,0xa2,0x10,0xa2,0x10,0xa2,0x10,0x82,0x10,0x82,0x10,0x82,0x10,
    0x82,0x10,0x82,0x10,0x81,0x08,0xe3,0x18,0x69,0x4a,0xaa,0x52,0x69,0x4a,0x69,0x4a,
    0x69,0x4a,0x69,0x4a,0x04,0x21,0x82,0x10,0xa2,0x10,0x41,0x08,0x20,0x00,0x20,0x00,
    0xe3,0x18,0xc3,0x18,0x65,0x29,0x49,0x4a,0x65,0x29,0x45,0x29,0x86,0x31,0x28,0x42,
    0xcb,0x5a,0xae,0x73,0xc6,0x39,0x2c,0x63,0xc7,0x39,0xa2,0x10,0x08,0x42,0x08,0x42,
    0x65,0x29,0x04,0x21,0x82,0x10,0x81,0x08,0xc3,0x18,0x04,0x21,0xa2,0x10,0x41,0x08,
    0x0c,0x63,0x65,0x29,0xa2,0x10,0xe3,0x18,0xe3,0x18,0xe3,0x18,0xc3,0x18,0xa2,0x10,
    0xa2,0x10,0xa6,0x31,0x45,0x29,0x41,0x08,0x20,0x00,0x00,0x00,0x62,0x08,0xe3,0x18,
    0xe3,0x18,0x45,0x29,0x45,0x29,0x45,0x29,0x45,0x29,0x24,0x21,0x45,0x29,0x86,0x31,
    0x65,0x29,0x85,0x29,0x86,0x31,0x65,0x29,0x45,0x29,0x45,0x29,0x45,0x29,0x45,0x29,
    0x65,0x29,0x86,0x31,0x86,0x31,0x65,0x29,0x65,0x29,0x85,0x29,0x65,0x29,0xa2,0x10,
    0xe3,0x18,0xc3,0x18,0x61,0x08,0x20,0x00,0x20,0x00,0x20,0x00,0x20,0x00,0x20,0x00,
    0x00,0x00,0x40,0x00,0x82,0x10,0x61,0x10,0x82,0x10,0x61,0x08,0x82,0x10,0x08,0x42,
    0xe7,0x39,0x45,0x29,0xaa,0x52,0x86,0x31,0xe7,0x39,0xcb,0x5a,0xe7,0x39,0xc7,0x39,
    0x28,0x42,0xc7,0x39,0x07,0x42,0x6d,0x6b,0xca,0x5a,0xeb,0x5a,0x8e,0x73,0x8e,0x73,
    0x49,0x4a,0x69,0x4a,0xcb,0x5a,0x10,0x84,0x6d,0x6b,0x8a,0x52,0x10,0x84,0x6d,0x6b,
    0xeb,0x5a,0x6d,0x6b,0xb2,0x94,0xf3,0x9c,0x75,0xad,0x14,0xa5,0xd2,0x94,0x14,0xa5,
    0xb2,0x94,0x10,0x84,0x30,0x84,0x10,0x84,0xef,0x7b,0x34,0xa5,0x71,0x8c,0xb2,0x94,
    0x10,0x84,0x51,0x8c,0x10,0x84,0x75,0xad,0xd3,0x9c,0x51,0x8c,0xf3,0x9c,0x6d,0x6b,
    0x92,0x8c,0x55,0xad,0x34,0xa5,0x30,0x84,0xb2,0x94,0xae,0x73,0xaa,0x52,0xef,0x7b,
    0x96,0xb5,0xd3,0x9c,0x0c,0x63,0x30,0x84,0x8a,0x52,0x45,0x29,0xe7,0x39,0x8a,0x52,
    0xcb,0x5a,0x2c,0x63,0xeb,0x5a,0x8a,0x52,0x49,0x4a,0x6a,0x4a,0x8e,0x73,0x31,0x84,
    0x10,0x84,0x71,0x8c,0x6d,0x6b,0xd3,0x9c,0xd3,0x9c,0x0c,0x63,0x51,0x8c,0xae,0x73,
    0x8e,0x73,0x51,0x8c,0xb2,0x94,0xaf,0x73,0xd3,0x9c,0x92,0x94,0x51,0x8c,0x71,0x8c,
    0x71,0x8c,0x51,0x8c,0x34,0xa5,0x34,0xa5,0x71,0x8c,0x51,0x8c,0xb2,0x94,0x6d,0x6b,
    0x0f,0x84,0x13,0xa5,0x55,0xad,0x92,0x94,0xae,0x73,0x13,0xa5,0xb2,0x94,0x10,0x84,
    0x2c,0x63,0xeb,0x5a,0x50,0x8c,0x71,0x8c,0x4d,0x6b,0x8a,0x52,0xcf,0x7b,0x4d,0x6b,
    0x69,0x4a,0x89,0x52,0x2c,0x63,0x8e,0x73,0xef,0x83,0x71,0x8c,0xaa,0x52,0x45,0x29,
    0x44,0x29,0x08,0x42,0xe7,0x39,0x2c,0x63,0x08,0x42,0x8a,0x52,0x08,0x42,0x86,0x31,
    0x65,0x29,0x49,0x4a,0x65,0x29,0x20,0x00,0x20,0x00,0x20,0x00,0x61,0x08,0x61,0x08,
    0x81,0x08,0xc2,0x10,0xa2,0x10,0xa2,0x10,0xc3,0x18,0xe3,0x18,0xc3,0x18,0xc3,0x18,
    0xc3,0x18,0xa2,0x10,0x41,0x08,0x85,0x29,0x28,0x42,0x61,0x08,0x24,0x21,0x03,0x21,
    0x61,0x08,0xc7,0x39,0x28,0x42,0x61,0x08,0xa2,0x10,0x41,0x08,0x20,0x00,0x20,0x00,
    0xe3,0x18,0xe3,0x18,0x85,0x29,0x69,0x4a,0x86,0x31,0x45,0x29,0xa6,0x31,0xeb,0x5a,
    0x0c,0x63,0x4d,0x6b,0xaa,0x52,0x0c,0x63,0x45,0x29,0xe3,0x18,0x45,0x29,0xcb,0x5a,
    0x0c,0x63,0xaa,0x52,0xca,0x5a,0xa6,0x31,0xa2,0x10,0x04,0x21,0xc2,0x18,0x41,0x08,
    0x86,0x31,0xe3,0x18,0xa2,0x10,0xa2,0x10,0xc3,0x18,0xc3,0x18,0xc3,0x18,0xa2,0x10,
    0x82,0x10,0x04,0x21,0xe3,0x18,0x61,0x08,0x20,0x00,0x00,0x00,0x61,0x08,0xc3,0x18,
    0x65,0x29,0x28,0x42,0x8a,0x52,0x49,0x4a,0x8a,0x52,0x49,0x4a,0x28,0x42,0xaa,0x52,
    0xcb,0x5a,0xcb,0x5a,0xcb,0x5a,0xaa,0x52,0x8a,0x52,0x69,0x4a,0xaa,0x52,0xcb,0x5a,
    0x0b,0x5b,0x0c,0x63,0x0b,0x63,0xcb,0x5a,0xcb,0x5a,0xcb,0x5a,0xaa,0x52,0x24,0x21,
    0xc3,0x18,0xc3,0x18,0x41,0x08,0x20,0x00,0x20,0x00,0x20,0x00,0x20,0x00,0x20,0x00,
    0x00,0x00,0x41,0x08,0x81,0x10,0x82,0x08,0x82,0x10,0x61,0x08,0x82,0x10,0x44,0x29,
    0xa6,0x31,0x86,0x31,0x28,0x42,0x24,0x21,0xc7,0x39,0xaa,0x52,0x08,0x42,0x08,0x42,
    0x6d,0x6b,0x65,0x29,0x28,0x42,0xc6,0x39,0x49,0x4a,0x6d,0x6b,0xaa,0x52,0x69,0x4a,
    0x6d,0x6b,0xe7,0x39,0x49,0x4a,0xef,0x7b,0x30,0x84,0x8d,0x73,0x4d,0x6b,0xae,0x73,
    0xcb,0x5a,0x30,0x8c,0xf3,0x9c,0xf3,0x9c,0x71,0x8c,0x4d,0x6b,0xae,0x73,0x0f,0x7c,
    0x2c,0x63,0x30,0x84,0x14,0xa5,0xae,0x7b,0xd3,0x9c,0xd3,0x9c,0x14,0xa5,0x71,0x8c,
    0x71,0x8c,0x0c,0x63,0x4d,0x6b,0x96,0xb5,0x92,0x94,0x55,0xad,0x71,0x8c,0x2c,0x63,
    0xf3,0x9c,0xb6,0xb5,0xef,0x7b,0xb2,0x94,0x92,0x8c,0x6d,0x6b,0xae,0x73,0x6d,0x6b,
    0x18,0xc6,0x8e,0x73,0x8e,0x73,0xf4,0x9c,0xaa,0x52,0xa6,0x31,0xe7,0x39,0x2c,0x63,
    0xeb,0x5a,0xae,0x73,0x8a,0x52,0x28,0x42,0x28,0x42,0xcb,0x5a,0x2c,0x63,0x6d,0x6b,
    0x71,0x8c,0x92,0x94,0xf0,0x7b,0x71,0x8c,0x14,0xa5,0x30,0x84,0x71,0x8c,0x71,0x8c,
    0xeb,0x5a,0xb2,0x94,0xd3,0x94,0x10,0x84,0x8e,0x73,0x71,0x8c,0xae,0x73,0x10,0x84,
    0xcf,0x7b,0x30,0x84,0xb6,0xb5,0xb6,0xb5,0x30,0x84,0xcf,0x7b,0xf3,0x9c,0x92,0x94,
    0x71,0x8c,0xd3,0x9c,0x51,0x8c,0x55,0xad,0x6d,0x6b,0x30,0x84,0xf3,0x9c,0x10,0x84,
    0xef,0x7b,0x49,0x4a,0x6d,0x6b,0xcf,0x7b,0x2c,0x6b,0xae,0x73,0x6d,0x6b,0xaa,0x52,
    0x69,0x4a,0xae,0x73,0xcb,0x5a,0x0c,0x63,0xcf,0x7b,0x2c,0x63,0xef,0x7b,0xe7,0x39,
    0x04,0x21,0x86,0x31,0xeb,0x5a,0x6d,0x6b,0x8a,0x52,0xaa,0x52,0x45,0x29,0x65,0x29,
    0x86,0x31,0x28,0x42,0x82,0x10,0x20,0x00,0x20,0x00,0x20,0x00,0x61,0x08,0x61,0x08,
    0x82,0x10,0xc2,0x10,0x82,0x10,0x04,0x21,0x69,0x4a,0x28,0x42,0x69,0x4a,0x28,0x42,
    0x49,0x4a,0xa6,0x31,0x41,0x08,0x04,0x21,0xaa,0x52,0x08,0x42,0xeb,0x5a,0xa6,0x31,
    0xe3,0x18,0xaa,0x52,0x86,0x31,0x81,0x08,0xa2,0x10,0x41,0x08,0x20,0x00,0x20,0x00,
    0xe3,0x18,0x04,0x21,0x86,0x31,0x69,0x4a,0x86,0x31,0x65,0x29,0xa6,0x31,0x28,0x42,
    0x86,0x31,0x85,0x31,0x69,0x4a,0xa6,0x31,0xe3,0x18,0xe3,0x18,0x04,0x21,0xca,0x5a,
    0x0c,0x63,0xca,0x5a,0x4d,0x6b,0x08,0x42,0xa2,0x10,0x24,0x21,0xa2,0x10,0x41,0x08,
    0xeb,0x5a,0x86,0x31,0x82,0x10,0xc3,0x18,0xc3,0x18,0xc3,0x18,0xe3,0x18,0xa2,0x10,
    0x61,0x08,0x04,0x21,0x24,0x21,0x61,0x08,0x20,0x00,0x20,0x00,0x61,0x08,0xa2,0x10,
    0xe3,0x18,0x45,0x29,0x86,0x31,0x85,0x29,0x86,0x31,0x86,0x31,0x65,0x29,0xa6,0x31,
    0xe7,0x39,0x07,0x3a,0xc7,0x39,0xc7,0x39,0xa6,0x31,0x86,0x31,0xa6,0x31,0xa6,0x31,
    0xa6,0x31,0x86,0x31,0x86,0x29,0x65,0x29,0x65,0x29,0x65,0x29,0x24,0x21,0x82,0x10,
    0xe3,0x18,0xc3,0x18,0x61,0x08,0x20,0x00,0x20,0x00,0x20,0x00,0x20,0x00,0x20,0x00,
    0x00,0x00,0x41,0x00,0x82,0x10,0x61,0x08,0x82,0x10,0x61,0x08,0x61,0x08,0xe3,0x18,
    0xc7,0x39,0x85,0x29,0xc7,0x39,0xe7,0x39,0x08,0x42,0xe7,0x39,0x08,0x42,0x28,0x42,
    0x8a,0x52,0x65,0x29,0xa6,0x31,0x86,0x31,0xc7,0x39,0xeb,0x5a,0x0c,0x5b,0x2c,0x63,
    0x8a,0x52,0xe7,0x39,0x28,0x42,0x8e,0x73,0x71,0x94,0x8e,0x73,0x0c,0x63,0x69,0x4a,
    0xcf,0x7b,0xf3,0x9c,0xf3,0x9c,0xf3,0x9c,0x8e,0x73,0x0c,0x63,0x10,0x84,0xb2,0x94,
    0x92,0x94,0xf3,0x9c,0x55,0xad,0x30,0x84,0x51,0x8c,0xd3,0x9c,0xb2,0x94,0x30,0x84,
    0x30,0x84,0x8e,0x73,0xf3,0x9c,0xf3,0x9c,0x34,0xa5,0xf3,0x9c,0x8d,0x73,0xb2,0x94,
    0xd7,0xbd,0xb6,0xb5,0x4d,0x6b,0x30,0x84,0x51,0x8c,0x0c,0x63,0x4d,0x6b,0xcf,0x7b,
    0x96,0xb5,0x71,0x8c,0x55,0xad,0x51,0x8c,0x69,0x4a,0x86,0x31,0x08,0x42,0xcb,0x5a,
    0xcb,0x5a,0x10,0x84,0x49,0x42,0x08,0x42,0x49,0x4a,0x28,0x4a,0x72,0x8c,0x14,0xa5,
    0xd3,0x9c,0x92,0x94,0xae,0x73,0x10,0x84,0x10,0x84,0x34,0xa5,0xd3,0x9c,0xd3,0x9c,
    0x4d,0x6b,0x51,0x8c,0x14,0xa5,0x51,0x8c,0xb2,0x94,0x2d,0x63,0x8e,0x73,0x10,0x84,
    0x10,0x84,0x2c,0x63,0x30,0x84,0x34,0xa5,0x92,0x94,0x10,0x84,0x92,0x94,0xb6,0xb5,
    0x54,0xad,0xd2,0x9c,0x8e,0x73,0xcf,0x7b,0x2c,0x63,0xaa,0x52,0x8d,0x73,0x51,0x8c,
    0xd3,0x9c,0x4d,0x6b,0xa6,0x31,0x8a,0x52,0x2c,0x6b,0x6d,0x6b,0x2c,0x63,0x08,0x42,
    0x69,0x4a,0x0c,0x63,0xcb,0x5a,0x0c,0x63,0x30,0x84,0x4d,0x6b,0x49,0x4a,0x2c,0x63,
    0x8a,0x52,0x45,0x29,0xcb,0x5a,0xcf,0x7b,0x69,0x4a,0x8a,0x52,0xa6,0x31,0x86,0x31,
    0x86,0x31,0x08,0x42,0x81,0x08,0x20,0x00,0x20,0x00,0x20,0x00,0x61,0x08,0x61,0x08,
    0x82,0x10,0xa2,0x10,0x82,0x10,0x24,0x21,0x28,0x42,0xa2,0x10,0x28,0x42,0x86,0x31,
    0x45,0x29,0xc7,0x39,0x41,0x08,0xa2,0x10,0x45,0x29,0x65,0x29,0x65,0x29,0xe3,0x18,
    0xc3,0x18,0x24,0x21,0xa2,0x10,0xa2,0x10,0xa2,0x10,0x41,0x08,0x20,0x00,0x20,0x00,
    0xe3,0x18,0xc3,0x18,0x86,0x31,0x89,0x52,0xa6,0x31,0x65,0x29,0x08,0x42,0x6d,0x6b,
    0x4c,0x6b,0x8e,0x73,0x0c,0x5b,0x4d,0x6b,0x65,0x29,0xc3,0x18,0x08,0x42,0x69,0x4a,
    0xc7,0x39,0x45,0x29,0x82,0x10,0x61,0x08,0xc3,0x18,0x04,0x19,0xc2,0x10,0x41,0x08,
    0x08,0x42,0x24,0x21,0xa2,0x10,0x04,0x21,0x24,0x21,0x24,0x21,0xc3,0x18,0x82,0x10,
    0x61,0x08,0x03,0x19,0x04,0x21,0x61,0x08,0x20,0x00,0x00,0x00,0x61,0x08,0xc2,0x18,
    0x45,0x29,0xc7,0x31,0x28,0x42,0x49,0x4a,0x49,0x4a,0x49,0x4a,0x28,0x42,0x69,0x4a,
    0xaa,0x52,0xcb,0x5a,0xaa,0x52,0xaa,0x52,0xaa,0x52,0x8a,0x52,0xaa,0x52,0xca,0x5a,
    0xaa,0x52,0xaa,0x52,0xaa,0x52,0x8a,0x52,0x8a,0x52,0x8a,0x52,0x69,0x4a,0x24,0x21,
    0xe3,0x18,0xc3,0x18,0x41,0x08,0x20,0x00,0x20,0x00,0x20,0x00,0x20,0x00,0x20,0x00,
    0x00,0x00,0x20,0x00,0x82,0x10,0x61,0x08,0x82,0x10,0x61,0x08,0x61,0x08,0xa6,0x31,
    0x8a,0x52,0xa6,0x31,0x86,0x31,0x8a,0x52,0x28,0x42,0x8a,0x52,0xe7,0x39,0x45,0x29,
    0x65,0x29,0x85,0x31,0x24,0x21,0xc7,0x39,0x69,0x4a,0x10,0x84,0x8e,0x73,0x49,0x4a,
    0x8a,0x52,0x0c,0x63,0x28,0x42,0x4c,0x6b,0x92,0x94,0x10,0x84,0xcb,0x5a,0x2c,0x63,
    0xb2,0x94,0xd3,0x9c,0xb2,0x94,0xb2,0x94,0x4d,0x6b,0x0c,0x63,0x14,0xa5,0xb6,0xb5,
    0x0c,0x63,0x8e,0x73,0x75,0xad,0x10,0x84,0xec,0x5a,0x10,0x84,0x8e,0x73,0xf4,0xa4,
    0x92,0x94,0xd3,0x9c,0x71,0x8c,0x55,0xad,0x14,0xa5,0x14,0xa5,0x4d,0x6b,0x14,0xa5,
    0x96,0xb5,0xb2,0x94,0x2c,0x63,0x51,0x8c,0xb2,0x94,0x10,0x84,0x2d,0x6b,0xb2,0x94,
    0x34,0xa5,0xb6,0xb5,0xd7,0xbd,0x30,0x84,0x49,0x4a,0x49,0x4a,0x69,0x4a,0xab,0x52,
    0x0c,0x63,0x8e,0x6b,0x0c,0x63,0x08,0x42,0xaa,0x52,0xaa,0x52,0xef,0x7b,0x34,0xa5,
    0xd3,0x9c,0x6d,0x6b,0x92,0x94,0x6d,0x6b,0xcf,0x7b,0x92,0x94,0x2c,0x63,0x92,0x94,
    0x30,0x84,0xae,0x73,0xd3,0x9c,0xf3,0x9c,0x14,0xa5,0xcf,0x7b,0x51,0x8c,0xb3,0x94,
    0x55,0xad,0x30,0x84,0x2c,0x63,0xcf,0x7b,0xef,0x7b,0xef,0x7b,0x14,0xa5,0xb2,0x94,
    0x14,0xa5,0xf3,0x9c,0x8d,0x73,0x0f,0x7c,0x30,0x84,0x49,0x4a,0xeb,0x5a,0xd3,0x9c,
    0xb3,0x94,0xf3,0x9c,0xeb,0x5a,0x65,0x29,0x6d,0x6b,0x8e,0x73,0xcb,0x5a,0x08,0x42,
    0xca,0x5a,0xef,0x7b,0xef,0x7b,0x2c,0x63,0x8e,0x73,0xcf,0x7b,0x8a,0x52,0xa6,0x31,
    0x49,0x4a,0x65,0x29,0x69,0x4a,0x4d,0x6b,0xeb,0x5a,0x28,0x42,0xe7,0x39,0xa6,0x31,
    0xc7,0x39,0xc3,0x18,0x00,0x00,0x20,0x00,0x20,0x00,0x20,0x00,0x61,0x08,0x61,0x08,
    0x82,0x08,0xa2,0x10,0xa2,0x10,0xa2,0x10,0xc7,0x39,0x28,0x42,0xe7,0x39,0xe7,0x39,
    0x49,0x4a,0x24,0x21,0x41,0x08,0xe3,0x18,0xc7,0x39,0xc7,0x39,0xe7,0x39,0x08,0x42,
    0x28,0x42,0x28,0x42,0x65,0x29,0x82,0x10,0xa2,0x10,0x41,0x08,0x20,0x00,0x20,0x00,
    0xe3,0x18,0xc3,0x18,0x65,0x29,0x8a,0x52,0xe7,0x39,0x65,0x29,0x8a,0x52,0xcb,0x5a,
    0x24,0x21,0x0c,0x63,0x04,0x21,0x0c,0x5b,0xc7,0x39,0xa2,0x10,0x86,0x31,0xcb,0x5a,
    0xcb,0x5a,0xcb,0x5a,0xcb,0x5a,0x65,0x29,0x82,0x10,0x24,0x21,0xe3,0x18,0x41,0x08,
    0x2c,0x63,0x65,0x29,0xa2,0x10,0x03,0x21,0xe3,0x18,0xc3,0x18,0xa2,0x10,0x82,0x10,
    0x82,0x10,0x04,0x21,0x44,0x29,0x61,0x08,0x20,0x00,0x00,0x00,0x81,0x10,0xc3,0x18,
    0x24,0x21,0xa6,0x31,0xc7,0x39,0x86,0x31,0xa6,0x31,0xa6,0x31,0xa6,0x31,0xe7,0x39,
    0x28,0x42,0x49,0x4a,0x28,0x42,0x28,0x42,0x08,0x42,0xe7,0x39,0x08,0x42,0x08,0x42,
    0x08,0x42,0x08,0x42,0xe7,0x39,0xc7,0x39,0xe7,0x39,0xe7,0x39,0xc7,0x39,0xc3,0x18,
    0x24,0x21,0xe3,0x18,0x41,0x08,0x20,0x00,0x20,0x00,0x20,0x00,0x20,0x00,0x20,0x00,
    0x00,0x00,0x20,0x00,0x82,0x10,0x61,0x08,0x82,0x10,0x61,0x08,0x41,0x08,0xe7,0x39,
    0x69,0x4a,0x65,0x29,0x86,0x31,0xaa,0x5a,0x8a,0x52,0xe7,0x39,0xc7,0x39,0x65,0x29,
    0x65,0x29,0x49,0x4a,0x29,0x42,0x49,0x4a,0x6d,0x6b,0x51,0x8c,0xec,0x5a,0xaa,0x52,
    0x08,0x42,0x49,0x4a,0x28,0x42,0xeb,0x5a,0x10,0x84,0x30,0x84,0x6d,0x6b,0x71,0x8c,
    0x14,0xa5,0xb2,0x94,0xef,0x7b,0x51,0x8c,0x10,0x84,0x34,0xa5,0x18,0xc6,0x51,0x8c,
    0xf0,0x83,0xf3,0x9c,0xb2,0x94,0xeb,0x5a,0xd3,0x9c,0x71,0x8c,0xb2,0x94,0x8e,0x73,
    0x10,0x84,0xd3,0x9c,0xd3,0x9c,0xae,0x73,0x92,0x94,0x71,0x8c,0x2c,0x63,0x55,0xad,
    0xd3,0x9c,0x51,0x8c,0x4d,0x6b,0x2c,0x63,0x30,0x84,0xd3,0x9c,0x6d,0x6b,0xb3,0x94,
    0x14,0xa5,0x38,0xc6,0xf7,0xbd,0xb2,0x94,0x8e,0x73,0x8e,0x73,0x4d,0x6b,0xcf,0x7b,
    0x10,0x84,0xae,0x73,0x2c,0x63,0xeb,0x5a,0xae,0x73,0xef,0x7b,0xb2,0x94,0xb6,0xb5,
    0xd3,0x9c,0xcb,0x5a,0xf3,0x9c,0x0c,0x63,0xcf,0x7b,0x34,0xa5,0x10,0x84,0x51,0x8c,
    0x10,0x84,0xef,0x7b,0x14,0xa5,0x92,0x94,0xd3,0x9c,0x71,0x8c,0x51,0x84,0x6d,0x6b,
    0xd2,0x94,0x92,0x94,0xae,0x73,0xb2,0x94,0xd3,0x9c,0xef,0x7b,0xae,0x73,0x30,0x84,
    0x30,0x84,0xb2,0x94,0xae,0x7b,0x0c,0x63,0xef,0x7b,0xe7,0x39,0x4d,0x6b,0xb2,0x94,
    0x71,0x8c,0xf3,0x9c,0x50,0x8c,0xa6,0x31,0x2c,0x63,0x0c,0x63,0x49,0x4a,0x8a,0x52,
    0x69,0x4a,0xaa,0x52,0x6d,0x6b,0x0b,0x5b,0x08,0x42,0x49,0x4a,0x0c,0x63,0x28,0x42,
    0x45,0x29,0xc7,0x39,0x28,0x42,0xae,0x73,0x08,0x42,0xa6,0x31,0x08,0x42,0xa6,0x31,
    0x28,0x42,0xe3,0x18,0x20,0x00,0x20,0x00,0x20,0x00,0x20,0x00,0x61,0x08,0x61,0x08,
    0x61,0x08,0xa2,0x10,0xa2,0x10,0xe3,0x18,0x86,0x31,0x45,0x29,0xa2,0x10,0x82,0x10,
    0x81,0x10,0x61,0x08,0x61,0x08,0x65,0x29,0x69,0x4a,0x24,0x21,0xc7,0x39,0x49,0x4a,
    0x45,0x29,0x49,0x4a,0xe7,0x39,0x61,0x08,0xa2,0x10,0x41,0x08,0x20,0x00,0x20,0x00,
    0xe3,0x18,0xe3,0x18,0x65,0x29,0xaa,0x52,0xe7,0x39,0x86,0x31,0xe7,0x39,0xe7,0x39,
    0x04,0x21,0x85,0x31,0xe3,0x18,0xc7,0x39,0x65,0x29,0xc3,0x18,0x2c,0x63,0x28,0x42,
    0x24,0x21,0x24,0x21,0x65,0x29,0xaa,0x52,0xa2,0x10,0x45,0x21,0xe3,0x18,0x61,0x08,
    0x45,0x29,0xa2,0x10,0xc3,0x18,0xe3,0x18,0xc3,0x18,0x82,0x10,0xa2,0x10,0xc2,0x10,
    0x82,0x10,0x24,0x21,0x65,0x29,0x82,0x10,0x20,0x00,0x00,0x00,0x82,0x10,0xc3,0x18,
    0xc3,0x18,0xc2,0x10,0xe3,0x18,0xe3,0x18,0xe3,0x18,0x04,0x21,0x04,0x21,0x04,0x21,
    0x24,0x21,0x24,0x21,0x24,0x21,0x04,0x21,0xc3,0x18,0xc2,0x10,0xc3,0x18,0xe3,0x18,
    0xe3,0x18,0xe3,0x18,0x04,0x21,0xe3,0x18,0xe4,0x18,0xe3,0x18,0xc3,0x18,0x82,0x10,
    0x24,0x21,0x04,0x21,0x41,0x08,0x20,0x00,0x20,0x00,0x20,0x00,0x20,0x00,0x20,0x00,
    0x00,0x00,0x41,0x08,0x82,0x10,0x61,0x08,0xa2,0x10,0x61,0x08,0x41,0x08,0x45,0x29,
    0x45,0x29,0xa6,0x31,0xe7,0x39,0x65,0x29,0x28,0x42,0x08,0x42,0x07,0x42,0xa2,0x10,
    0x49,0x4a,0x8a,0x52,0xe7,0x39,0xe7,0x39,0xae,0x73,0x30,0x84,0x6d,0x6b,0xeb,0x5a,
    0xc7,0x39,0x28,0x42,0x49,0x4a,0xca,0x5a,0x30,0x84,0x10,0x84,0xae,0x73,0x92,0x94,
    0x51,0x8c,0xcf,0x7b,0x10,0x84,0x71,0x8c,0x0c,0x63,0xcf,0x7b,0xef,0x7b,0xae,0x73,
    0xae,0x73,0x71,0x8c,0x34,0xa5,0xf3,0x9c,0xf3,0x9c,0x55,0xad,0x8e,0x73,0xcb,0x5a,
    0xcf,0x73,0xcf,0x7b,0x71,0x8c,0x8a,0x52,0xd3,0x9c,0x10,0x84,0x0b,0x5b,0x50,0x84,
    0xd3,0x9c,0x75,0xad,0x6d,0x6b,0xcb,0x5a,0x51,0x8c,0x92,0x94,0x51,0x8c,0x34,0xa5,
    0xb6,0xb5,0xf7,0xbd,0xf7,0xbd,0x55,0xad,0xf3,0x9c,0x92,0x94,0x71,0x8c,0xb2,0x94,
    0xb2,0x94,0x6e,0x6b,0xae,0x73,0x71,0x8c,0xf3,0x9c,0x75,0xad,0x55,0xad,0xf7,0xbd,
    0x75,0xad,0x92,0x94,0xf3,0x9c,0xae,0x73,0xae,0x7b,0xd3,0x9c,0x30,0x84,0xef,0x7b,
    0x92,0x94,0x51,0x8c,0xf3,0x9c,0x30,0x84,0x30,0x84,0x10,0x84,0x0c,0x63,0x8e,0x73,
    0x8e,0x73,0x30,0x8c,0xcb,0x5a,0xce,0x7b,0x14,0xa5,0xd3,0x9c,0x10,0x84,0x8e,0x73,
    0xae,0x73,0x30,0x84,0x10,0x84,0x10,0x84,0x2c,0x63,0xeb,0x5a,0x8e,0x73,0x10,0x84,
    0x10,0x84,0x10,0x84,0xef,0x7b,0x8a,0x52,0x0c,0x63,0x4c,0x6b,0x0c,0x63,0xaa,0x52,
    0x08,0x42,0xaa,0x52,0x2c,0x63,0xcb,0x5a,0xaa,0x52,0x28,0x42,0x49,0x4a,0xe7,0x39,
    0xe7,0x39,0xa6,0x31,0x86,0x31,0xae,0x73,0x08,0x42,0x45,0x29,0x24,0x21,0xa6,0x31,
    0xe7,0x39,0xa6,0x31,0x41,0x08,0x20,0x00,0x20,0x00,0x20,0x00,0x61,0x08,0x61,0x08,
    0x61,0x08,0xa2,0x10,0xa2,0x10,0xc3,0x18,0x86,0x31,0x49,0x4a,0xe7,0x39,0xe7,0x39,
    0xc7,0x39,0x24,0x21,0x61,0x08,0x86,0x31,0x08,0x42,0x00,0x00,0x04,0x21,0xc7,0x39,
    0x20,0x00,0xa6,0x31,0x08,0x42,0x61,0x08,0xa2,0x10,0x40,0x00,0x20,0x00,0x20,0x00,
    0xe3,0x18,0xe3,0x18,0x65,0x29,0xaa,0x52,0xe7,0x39,0x86,0x31,0x08,0x42,0x6d,0x6b,
    0x4c,0x63,0x0c,0x63,0x2c,0x63,0x0c,0x63,0x65,0x29,0xe3,0x18,0x69,0x4a,0x0c,0x63,
    0xe3,0x18,0xa2,0x10,0x69,0x4a,0xe7,0x39,0xa2,0x10,0x45,0x29,0xe3,0x18,0x61,0x08,
    0x2c,0x63,0x86,0x31,0xa2,0x10,0xc3,0x18,0xa2,0x10,0xa2,0x10,0xa2,0x10,0xa2,0x10,
    0x61,0x08,0x04,0x21,0x45,0x29,0x61,0x08,0x20,0x00,0x00,0x00,0x61,0x08,0xc3,0x18,
    0xe3,0x18,0xc3,0x18,0xe3,0x18,0x04,0x21,0xc3,0x18,0xc3,0x18,0xe3,0x18,0xe3,0x18,
    0x04,0x21,0x04,0x21,0x24,0x21,0x04,0x21,0xe3,0x18,0xc3,0x18,0xe3,0x18,0xe3,0x18,
    0xe3,0x18,0xe3,0x18,0x04,0x21,0xe3,0x18,0xe3,0x18,0xe3,0x18,0x04,0x21,0xa2,0x10,
    0xa2,0x10,0xc3,0x18,0x61,0x08,0x20,0x00,0x20,0x00,0x20,0x00,0x20,0x00,0x20,0x00,
    0x00,0x00,0x41,0x08,0x82,0x10,0x61,0x08,0xa2,0x10,0x61,0x08,0x61,0x08,0x20,0x00,
    0xc7,0x39,0xaa,0x52,0x65,0x29,0xe4,0x20,0x8a,0x52,0x69,0x52,0x08,0x42,0x69,0x4a,
    0x2c,0x63,0x28,0x42,0x8a,0x52,0xeb,0x5a,0xb2,0x94,0x8e,0x73,0x0c,0x63,0x49,0x4a,
    0x49,0x4a,0xa6,0x31,0x69,0x52,0xeb,0x5a,0xcf,0x7b,0x4d,0x6b,0x50,0x8c,0xd3,0x9c,
    0x91,0x8c,0x0f,0x84,0x51,0x8c,0x0b,0x63,0x8a,0x52,0x31,0x8c,0xf0,0x83,0xeb,0x5a,
    0x71,0x8c,0x34,0xa5,0xf3,0x9c,0xae,0x73,0x14,0xa5,0x71,0x8c,0x8a,0x52,0x30,0x84,
    0x0c,0x63,0xec,0x5a,0x92,0x94,0x28,0x42,0x92,0x94,0xcf,0x7b,0x6d,0x6b,0xcf,0x7b,
    0x92,0x94,0xf7,0xbd,0x71,0x8c,0x10,0x84,0x14,0xa5,0xd3,0x9c,0x55,0xad,0x75,0xad,
    0xd6,0xb5,0xd7,0xbd,0xf7,0xbd,0xf7,0xbd,0xd7,0xbd,0x75,0xad,0x55,0xad,0x72,0x94,
    0x14,0xa5,0x71,0x8c,0xf3,0x9c,0x96,0xb5,0xd7,0xbd,0x38,0xc6,0xf7,0xbd,0xd7,0xbd,
    0x75,0xad,0xb6,0xb5,0x75,0xad,0x51,0x8c,0xd3,0x9c,0x14,0xa5,0xef,0x7b,0xcf,0x7b,
    0x30,0x84,0x14,0xa5,0x51,0x8c,0x92,0x8c,0xef,0x7b,0x92,0x94,0x2c,0x63,0x10,0x84,
    0xcb,0x5a,0x30,0x84,0x8e,0x73,0x8e,0x73,0x51,0x8c,0x14,0xa5,0xcf,0x7b,0x51,0x8c,
    0xb2,0x94,0x92,0x94,0xaf,0x73,0xae,0x73,0xec,0x5a,0xc7,0x39,0xf0,0x7b,0xb2,0x94,
    0x92,0x94,0x10,0x84,0xef,0x7b,0x10,0x84,0x10,0x84,0xae,0x73,0x2c,0x63,0x4d,0x6b,
    0x69,0x4a,0xa6,0x39,0x71,0x8c,0xef,0x7b,0x6d,0x6b,0xcb,0x5a,0xeb,0x5a,0xa6,0x31,
    0x08,0x42,0xa6,0x31,0xe3,0x18,0xaa,0x52,0xa6,0x31,0x24,0x21,0x03,0x19,0x86,0x31,
    0x8a,0x52,0x41,0x08,0x20,0x00,0x20,0x00,0x20,0x00,0x20,0x00,0x61,0x08,0x82,0x10,
    0x61,0x08,0xa2,0x10,0xa2,0x10,0xa2,0x10,0xa2,0x10,0x48,0x4a,0xe7,0x39,0x49,0x4a,
    0xcb,0x5a,0xa6,0x31,0x82,0x10,0x04,0x21,0x24,0x21,0x61,0x08,0x82,0x10,0xa2,0x10,
    0x61,0x08,0xe3,0x18,0x04,0x21,0x82,0x10,0xa2,0x10,0x20,0x00,0x20,0x00,0x20,0x00,
    0xe3,0x18,0xc3,0x18,0x85,0x29,0xaa,0x52,0x08,0x42,0x86,0x31,0x69,0x4a,0x2c,0x63,
    0x45,0x29,0x65,0x29,0x24,0x21,0x2c,0x63,0xc7,0x39,0xe3,0x18,0xe3,0x18,0x04,0x21,
    0xc3,0x18,0xa2,0x10,0x24,0x21,0xc7,0x39,0xa2,0x10,0x45,0x29,0xc3,0x18,0x41,0x08,
    0xe7,0x39,0x04,0x21,0xc3,0x18,0xc3,0x18,0xc3,0x18,0xa3,0x10,0xc3,0x18,0xa2,0x10,
    0x61,0x08,0x24,0x21,0x24,0x21,0x41,0x08,0x20,0x00,0x00,0x00,0x61,0x08,0xa2,0x10,
    0x62,0x10,0x82,0x10,0xc3,0x18,0xe3,0x18,0xe3,0x18,0xc3,0x18,0xe3,0x18,0x04,0x21,
    0xe3,0x18,0x04,0x21,0x04,0x21,0xe3,0x18,0xe3,0x18,0x04,0x21,0x24,0x21,0x45,0x29,
    0xe3,0x18,0xc3,0x18,0xe3,0x18,0xe3,0x18,0xc3,0x18,0xe3,0x18,0xe3,0x18,0x61,0x08,
    0xa2,0x10,0xc3,0x18,0x61,0x08,0x20,0x00,0x20,0x00,0x20,0x00,0x20,0x00,0x20,0x00,
    0x00,0x00,0x41,0x00,0x61,0x10,0x61,0x08,0x82,0x10,0x61,0x08,0x61,0x08,0x41,0x08,
    0x04,0x21,0xcb,0x5a,0x45,0x29,0xe3,0x18,0xcb,0x5a,0x69,0x4a,0xaa,0x52,0x48,0x4a,
    0x08,0x42,0xeb,0x5a,0x49,0x4a,0x6d,0x6b,0xae,0x73,0x4d,0x6b,0x0c,0x63,0xeb,0x62,
    0xaa,0x52,0x49,0x4a,0x69,0x52,0x4d,0x6b,0x2c,0x63,0x6d,0x6b,0x91,0x94,0x71,0x8c,
    0x34,0xa5,0x71,0x8c,0x28,0x42,0x69,0x4a,0xcf,0x7b,0x0c,0x63,0x8e,0x73,0x92,0x94,
    0xae,0x7b,0x51,0x8c,0xcf,0x7b,0xb2,0x94,0x92,0x94,0x71,0x8c,0xcb,0x5a,0x4d,0x6b,
    0x69,0x4a,0x10,0x84,0xcf,0x7b,0x49,0x4a,0x51,0x8c,0x71,0x8c,0x71,0x8c,0xcf,0x7b,
    0xd3,0x9c,0xd7,0xbd,0x34,0xa5,0x71,0x8c,0x96,0xb5,0xf3,0x9c,0x54,0xad,0x13,0x9d,
    0x92,0x94,0xf3,0x9c,0x75,0xad,0xb6,0xb5,0x17,0xc6,0x79,0xce,0x9a,0xd6,0xf3,0x9c,
    0xd3,0x9c,0xb6,0xb5,0xb6,0xb5,0x18,0xc6,0x58,0xce,0x38,0xc6,0xf7,0xbd,0x14,0xa5,
    0x14,0xa5,0xb6,0xb5,0x91,0x8c,0x92,0x94,0xb6,0xb5,0xd2,0x94,0xae,0x73,0x30,0x84,
    0x92,0x94,0x55,0xad,0xae,0x73,0xd3,0x9c,0x30,0x84,0xcf,0x7b,0x8e,0x73,0xcf,0x7b,
    0x4d,0x6b,0x2c,0x63,0xcf,0x7b,0xeb,0x5a,0x0f,0x84,0xb2,0x94,0xae,0x73,0xcf,0x7b,
    0x31,0x84,0xb2,0x94,0xd3,0x9c,0x08,0x42,0xeb,0x5a,0xab,0x5a,0x45,0x29,0x0c,0x63,
    0xf3,0x9c,0x55,0xad,0xd3,0x9c,0x10,0x84,0xef,0x7b,0x71,0x8c,0x4d,0x6b,0x8a,0x52,
    0xcb,0x5a,0x28,0x42,0x4d,0x6b,0x30,0x84,0xaa,0x5a,0x8a,0x52,0x30,0x84,0x8a,0x52,
    0xc7,0x39,0x28,0x42,0xc7,0x39,0xc7,0x39,0x85,0x31,0x24,0x21,0xc3,0x18,0xc7,0x39,
    0xe7,0x39,0x00,0x00,0x20,0x00,0x20,0x00,0x20,0x00,0x20,0x00,0x61,0x08,0x82,0x10,
    0x61,0x08,0xa2,0x10,0x82,0x10,0xc3,0x18,0xe7,0x39,0xc7,0x39,0x45,0x29,0xe3,0x18,
    0x82,0x10,0x82,0x10,0x82,0x10,0x24,0x21,0x48,0x4a,0x28,0x42,0x08,0x42,0xe7,0x39,
    0x08,0x42,0x49,0x4a,0x65,0x29,0x61,0x08,0x82,0x10,0x20,0x00,0x20,0x00,0x20,0x00,
    0xe3,0x18,0xe3,0x18,0x65,0x29,0xaa,0x52,0x28,0x42,0xc7,0x39,0xa6,0x31,0xeb,0x5a,
    0xeb,0x5a,0xcb,0x5a,0x0c,0x63,0xcb,0x5a,0x24,0x21,0x04,0x21,0x69,0x4a,0x0c,0x63,
    0xeb,0x5a,0xaa,0x52,0xeb,0x5a,0xcb,0x5a,0xa2,0x10,0x24,0x21,0xc3,0x18,0x41,0x08,
    0xeb,0x5a,0xa6,0x31,0xa2,0x10,0xe3,0x18,0xc3,0x18,0xa2,0x10,0xa2,0x10,0xc3,0x18,
    0x61,0x08,0x04,0x21,0x04,0x21,0x41,0x08,0x20,0x00,0x00,0x00,0x61,0x08,0xa2,0x10,
    0xa2,0x10,0xa2,0x10,0xa2,0x10,0xe3,0x18,0xe4,0x20,0xc3,0x18,0xe3,0x20,0x24,0x21,
    0x04,0x21,0x04,0x21,0x03,0x19,0xc3,0x18,0xe3,0x18,0x04,0x19,0xe3,0x18,0x04,0x21,
    0x04,0x21,0xe3,0x18,0x04,0x21,0xc3,0x18,0x04,0x21,0x24,0x21,0xa2,0x10,0x41,0x08,
    0xc3,0x18,0xe3,0x18,0x41,0x08,0x20,0x00,0x20,0x00,0x20,0x00,0x20,0x00,0x20,0x00,
    0x00,0x00,0x41,0x00,0x61,0x08,0x61,0x08,0x82,0x10,0x61,0x08,0x61,0x08,0x61,0x08,
    0x04,0x21,0xca,0x5a,0xe7,0x39,0xe3,0x18,0xc7,0x39,0x24,0x21,0x65,0x29,0x86,0x31,
    0x08,0x42,0xa6,0x31,0xab,0x52,0xaa,0x52,0xaa,0x52,0xaf,0x73,0xae,0x73,0xcb,0x5a,
    0x8e,0x73,0x8a,0x52,0xab,0x5a,0xeb,0x5a,0x69,0x4a,0xeb,0x5a,0x71,0x8c,0xf3,0x9c,
    0xd3,0x9c,0xae,0x73,0xcb,0x5a,0xef,0x7b,0xcb,0x52,0x6d,0x6b,0x10,0x84,0xaa,0x52,
    0x69,0x4a,0x34,0xa5,0x30,0x84,0x10,0x84,0x92,0x94,0x8a,0x52,0xaa,0x52,0x4d,0x63,
    0xcb,0x5a,0x0c,0x63,0x8e,0x73,0x2c,0x63,0xcf,0x7b,0xd3,0x9c,0x14,0xa5,0xb2,0x94,
    0x51,0x8c,0x55,0xad,0xd3,0x9c,0x91,0x8c,0xf3,0x9c,0x30,0x84,0x8d,0x73,0x6d,0x6b,
    0xcb,0x5a,0x2c,0x63,0x30,0x84,0xf3,0x9c,0x34,0xa5,0xb6,0xb5,0x9a,0xd6,0x79,0xce,
    0x96,0xb5,0x59,0xce,0x59,0xce,0x18,0xc6,0x18,0xc6,0xb6,0xb5,0x71,0x8c,0xcb,0x5a,
    0x6d,0x6b,0x4c,0x6b,0xaa,0x52,0xae,0x73,0x13,0xa5,0xcf,0x7b,0xae,0x73,0xf3,0x9c,
    0x34,0xa5,0x51,0x8c,0xcf,0x7b,0x75,0xad,0x92,0x94,0x2d,0x6b,0xe7,0x39,0xcb,0x5a,
    0x8e,0x73,0xeb,0x5a,0x0b,0x5b,0x49,0x4a,0xcb,0x5a,0x55,0xad,0x4d,0x6b,0xcf,0x7b,
    0x10,0x84,0x8e,0x73,0x6d,0x6b,0x2c,0x63,0x2c,0x63,0xef,0x7b,0x8e,0x73,0x6d,0x6b,
    0x10,0x84,0x30,0x84,0xb2,0x94,0x51,0x8c,0x2c,0x63,0xcf,0x7b,0xeb,0x5a,0x28,0x4a,
    0x07,0x3a,0xa6,0x31,0xcb,0x5a,0x49,0x4a,0xaa,0x52,0x0c,0x63,0xcf,0x7b,0xcf,0x7b,
    0x86,0x31,0x8a,0x52,0x49,0x4a,0x48,0x4a,0x08,0x42,0xe3,0x18,0x65,0x29,0x08,0x42,
    0x86,0x31,0x00,0x00,0x20,0x00,0x20,0x00,0x20,0x00,0x20,0x00,0x61,0x08,0x82,0x10,
    0x61,0x08,0xa2,0x10,0x82,0x10,0xc3,0x18,0xa6,0x31,0x86,0x31,0x65,0x29,0x65,0x29,
    0xa6,0x31,0x45,0x29,0x82,0x10,0xe3,0x18,0x65,0x29,0x45,0x29,0xa6,0x31,0x49,0x4a,
    0x8a,0x52,0x28,0x42,0x04,0x21,0x82,0x10,0x82,0x10,0x20,0x00,0x20,0x00,0x20,0x00,
    0x04,0x21,0xe3,0x18,0x65,0x29,0xaa,0x52,0x28,0x42,0xc7,0x39,0xa6,0x31,0x07,0x42,
    0x69,0x4a,0x69,0x4a,0x69,0x4a,0xc7,0x39,0x24,0x21,0x24,0x21,0x86,0x31,0xc7,0x39,
    0xa6,0x31,0x65,0x29,0xe7,0x39,0xaa,0x52,0xc3,0x18,0x45,0x29,0xe3,0x18,0x61,0x08,
    0xcb,0x5a,0xe7,0x39,0x82,0x10,0xc3,0x18,0xc3,0x18,0xa2,0x10,0xa2,0x10,0xa2,0x10,
    0x82,0x10,0xa2,0x10,0xa2,0x10,0x41,0x08,0x20,0x00,0x00,0x00,0x41,0x08,0xa2,0x10,
    0xc2,0x10,0xa2,0x10,0xa2,0x10,0x24,0x21,0xc3,0x18,0xa2,0x10,0xc3,0x18,0x04,0x21,
    0x04,0x21,0x86,0x31,0x45,0x29,0x04,0x21,0xe3,0x18,0xa2,0x10,0xe3,0x18,0xe3,0x18,
    0xc3,0x18,0xc3,0x18,0xc3,0x18,0xc3,0x18,0xe3,0x18,0xe3,0x18,0x82,0x10,0x41,0x08,
    0xa2,0x10,0xe3,0x18,0x41,0x08,0x20,0x00,0x20,0x00,0x20,0x00,0x20,0x00,0x20,0x00,
    0x00,0x00,0x20,0x00,0x61,0x08,0x61,0x08,0x82,0x10,0x61,0x08,0x61,0x08,0x61,0x08,
    0xe3,0x20,0x08,0x42,0x28,0x42,0x65,0x29,0x08,0x42,0xe3,0x18,0x86,0x31,0xa6,0x31,
    0x28,0x42,0xa6,0x39,0x8a,0x52,0xeb,0x5a,0xcb,0x5a,0xef,0x7b,0xef,0x7b,0xcb,0x5a,
    0xa6,0x31,0x45,0x29,0x2c,0x63,0xcf,0x7b,0x8a,0x52,0x6d,0x6b,0xb2,0x94,0x34,0xa5,
    0xf3,0x9c,0x51,0x8c,0xb2,0x94,0xcb,0x5a,0x49,0x4a,0x6d,0x6b,0x28,0x42,0x29,0x4a,
    0x2c,0x63,0x30,0x84,0x10,0x84,0x71,0x8c,0xcf,0x7b,0xcb,0x5a,0x6d,0x6b,0xeb,0x5a,
    0x6d,0x6b,0x49,0x4a,0xae,0x73,0xae,0x73,0x51,0x8c,0x31,0x84,0x71,0x8c,0xf3,0x9c,
    0xae,0x73,0x10,0x7c,0x6d,0x6b,0x2c,0x63,0x2c,0x63,0xcb,0x5a,0x08,0x42,0xc7,0x39,
    0x86,0x31,0xa6,0x31,0x49,0x4a,0x8d,0x73,0x30,0x84,0xd2,0x9c,0x75,0xb5,0x18,0xc6,
    0x18,0xc6,0x18,0xc6,0xf7,0xbd,0x34,0xa5,0xb2,0x94,0x8e,0x73,0xaa,0x52,0xc7,0x39,
    0xe7,0x39,0x07,0x3a,0xe7,0x39,0x49,0x4a,0x0b,0x63,0x8a,0x52,0xcf,0x7b,0x8e,0x73,
    0xae,0x73,0x4d,0x6b,0x10,0x84,0xf3,0x9c,0x30,0x84,0xef,0x7b,0x4d,0x6b,0x4c,0x63,
    0x8a,0x52,0xeb,0x5a,0x69,0x4a,0x49,0x4a,0xeb,0x5a,0x51,0x8c,0x51,0x8c,0xcb,0x5a,
    0xaa,0x52,0x8a,0x4a,0x6a,0x4a,0x8e,0x73,0xc7,0x39,0xeb,0x5a,0x89,0x52,0x2c,0x6b,
    0x92,0x94,0xd3,0x9c,0xf3,0x9c,0x10,0x84,0x0c,0x63,0xcf,0x7b,0x0c,0x63,0xc7,0x39,
    0x8a,0x52,0x08,0x42,0x8a,0x52,0xaa,0x52,0xcb,0x5a,0xec,0x62,0x69,0x4a,0x86,0x31,
    0xa6,0x31,0x08,0x42,0xe7,0x39,0x07,0x3a,0xaa,0x52,0xc3,0x18,0xe7,0x39,0x28,0x42,
    0x03,0x19,0x00,0x00,0x20,0x00,0x20,0x00,0x20,0x00,0x20,0x00,0x61,0x08,0x82,0x10,
    0x61,0x08,0xa2,0x10,0x82,0x10,0xc3,0x18,0x65,0x29,0x85,0x31,0x07,0x42,0xaa,0x52,
    0xca,0x52,0x65,0x31,0x82,0x10,0xc3,0x18,0x45,0x29,0x08,0x42,0x8a,0x52,0xe7,0x39,
    0x24,0x21,0xc3,0x18,0xa2,0x10,0x82,0x10,0x82,0x10,0x41,0x00,0x20,0x00,0x20,0x00,
    0xe3,0x18,0xe3,0x18,0x66,0x29,0xeb,0x5a,0x49,0x4a,0xc7,0x39,0x28,0x42,0x4d,0x6b,
    0x0c,0x63,0xeb,0x5a,0xcb,0x5a,0xeb,0x5a,0x86,0x31,0xe4,0x20,0xa6,0x31,0x04,0x21,
    0xe3,0x18,0x86,0x31,0xc3,0x18,0x24,0x21,0xe3,0x18,0x65,0x29,0xe3,0x18,0x61,0x08,
    0xe7,0x39,0xc3,0x18,0xc3,0x18,0xc3,0x18,0xc3,0x18,0xe3,0x18,0xc2,0x18,0x82,0x10,
    0x82,0x10,0x82,0x10,0xa2,0x10,0x61,0x08,0x20,0x00,0x00,0x00,0x41,0x08,0x82,0x10,
    0xc3,0x18,0x82,0x10,0xa2,0x10,0x04,0x21,0xc3,0x18,0xc3,0x18,0xc3,0x18,0xe3,0x18,
    0xe3,0x18,0x8a,0x52,0x69,0x4a,0xe7,0x39,0x28,0x42,0xaa,0x52,0xcb,0x5a,0x04,0x21,
    0xc3,0x18,0xc3,0x18,0xa2,0x10,0xa2,0x10,0xc3,0x18,0xe3,0x18,0x82,0x10,0x41,0x08,
    0xc3,0x18,0xe3,0x18,0x41,0x08,0x20,0x00,0x20,0x00,0x20,0x00,0x20,0x00,0x20,0x00,
    0x00,0x00,0x20,0x00,0x61,0x08,0x61,0x08,0x82,0x10,0x61,0x08,0x61,0x08,0x61,0x08,
    0x61,0x08,0x04,0x21,0x49,0x4a,0x24,0x21,0xcb,0x5a,0x45,0x29,0xc6,0x39,0x69,0x4a,
    0x29,0x4a,0x86,0x31,0xc7,0x39,0xcb,0x5a,0x4d,0x6b,0xef,0x7b,0x92,0x94,0xaa,0x52,
    0x45,0x29,0xe7,0x39,0xcb,0x5a,0xae,0x73,0xcb,0x5a,0x2c,0x63,0xae,0x73,0x92,0x94,
    0x71,0x8c,0x51,0x8c,0x10,0x84,0x28,0x42,0x6a,0x52,0x69,0x4a,0xae,0x73,0x4d,0x6b,
    0x2c,0x63,0xcf,0x7b,0x4d,0x6b,0x6d,0x6b,0x4d,0x6b,0x6d,0x6b,0xe7,0x39,0xeb,0x5a,
    0x8e,0x73,0xaa,0x52,0x10,0x84,0x92,0x94,0x51,0x8c,0xae,0x7b,0x0c,0x63,0x6d,0x6b,
    0xcb,0x5a,0x69,0x4a,0x08,0x42,0xa6,0x31,0xa6,0x31,0xc7,0x39,0x65,0x29,0xe7,0x39,
    0xa6,0x31,0x45,0x29,0x65,0x29,0xc6,0x39,0x08,0x42,0xca,0x5a,0xae,0x73,0xb2,0x94,
    0x34,0xa5,0x34,0xa5,0x51,0x8c,0x6d,0x6b,0x69,0x4a,0xe7,0x39,0xe7,0x39,0x08,0x42,
    0xa6,0x39,0xa6,0x31,0x45,0x29,0xa6,0x31,0x86,0x31,0xa6,0x31,0x28,0x42,0x28,0x42,
    0x28,0x42,0x69,0x4a,0x8a,0x52,0x6d,0x73,0x2c,0x63,0x8e,0x73,0xef,0x83,0x10,0x84,
    0x2c,0x63,0xca,0x5a,0x8a,0x52,0x69,0x4a,0xaa,0x52,0xaa,0x52,0xcf,0x7b,0xeb,0x5a,
    0x69,0x4a,0x08,0x42,0x49,0x4a,0xcb,0x5a,0x49,0x4a,0xc7,0x39,0x28,0x42,0xeb,0x5a,
    0xb2,0x94,0x55,0xad,0x34,0xa5,0x10,0x84,0x6d,0x6b,0x6d,0x6b,0x0c,0x5b,0xe7,0x39,
    0xc7,0x39,0xa6,0x31,0xcb,0x5a,0xeb,0x5a,0x2d,0x6b,0x49,0x4a,0xc7,0x39,0x45,0x29,
    0x07,0x42,0x49,0x4a,0x86,0x31,0x45,0x29,0xc6,0x39,0xa6,0x31,0x45,0x21,0x45,0x29,
    0x20,0x00,0x20,0x00,0x20,0x00,0x20,0x00,0x20,0x00,0x20,0x00,0x61,0x08,0x82,0x10,
    0x61,0x08,0xa2,0x10,0x82,0x10,0xa2,0x10,0x24,0x21,0x08,0x42,0x69,0x4a,0xc7,0x39,
    0x24,0x21,0xa2,0x10,0x61,0x10,0x24,0x21,0x8a,0x52,0x8a,0x52,0x49,0x4a,0x28,0x42,
    0x08,0x42,0x49,0x4a,0x65,0x29,0x61,0x08,0x82,0x10,0x40,0x00,0x20,0x00,0x20,0x00,
    0xe3,0x18,0xc3,0x18,0x65,0x29,0x0c,0x63,0x49,0x4a,0xc7,0x39,0xa6,0x31,0xaa,0x52,
    0x86,0x31,0x65,0x29,0xcb,0x5a,0x08,0x42,0x24,0x21,0x04,0x21,0x49,0x4a,0x86,0x31,
    0x44,0x29,0x49,0x4a,0xe3,0x18,0xc3,0x18,0x04,0x21,0x65,0x29,0xe3,0x18,0x61,0x08,
    0x61,0x08,0xa2,0x10,0xe3,0x18,0xe3,0x18,0xa2,0x10,0xc3,0x18,0xa2,0x10,0xa2,0x10,
    0x61,0x08,0xa2,0x10,0xc3,0x18,0x61,0x08,0x20,0x00,0x00,0x00,0x41,0x08,0x82,0x10,
    0xe3,0x18,0x82,0x10,0xe3,0x18,0xe3,0x18,0xe3,0x18,0xe3,0x18,0x04,0x21,0x04,0x21,
    0xe3,0x18,0x24,0x21,0x24,0x21,0x28,0x42,0x0c,0x63,0xcb,0x5a,0xa6,0x31,0xc3,0x18,
    0xc3,0x18,0xe3,0x18,0xc3,0x18,0xe3,0x18,0xe3,0x18,0x24,0x21,0x24,0x21,0x41,0x08,
    0xe3,0x18,0x03,0x21,0x41,0x08,0x20,0x00,0x20,0x00,0x20,0x00,0x20,0x00,0x00,0x00,
    0x00,0x00,0x20,0x00,0x41,0x08,0x61,0x08,0x82,0x10,0x61,0x08,0x61,0x08,0x81,0x10,
    0x41,0x08,0x82,0x10,0x49,0x4a,0xa6,0x31,0xc7,0x39,0x86,0x31,0x08,0x42,0x0c,0x63,
    0x08,0x42,0xe7,0x39,0x86,0x31,0xae,0x73,0x71,0x8c,0x28,0x42,0x0c,0x63,0x8a,0x52,
    0x65,0x29,0x0c,0x63,0x69,0x4a,0xcb,0x5a,0x0c,0x63,0x0c,0x63,0x71,0x8c,0xd3,0x9c,
    0xf3,0x9c,0x92,0x8c,0xc7,0x39,0xa6,0x31,0x28,0x42,0x69,0x4a,0x6d,0x6b,0xaa,0x52,
    0x8a,0x52,0x28,0x42,0x08,0x42,0xae,0x73,0x2c,0x63,0x2c,0x63,0x28,0x42,0x2c,0x63,
    0xcb,0x5a,0x6d,0x6b,0x4d,0x6b,0x2c,0x63,0xeb,0x5a,0xcb,0x5a,0xc7,0x39,0x86,0x31,
    0x86,0x31,0x65,0x29,0x24,0x21,0x65,0x29,0x65,0x29,0xa6,0x31,0xe7,0x39,0x08,0x42,
    0x69,0x4a,0xc7,0x39,0xe7,0x39,0xc7,0x39,0xe7,0x39,0xc7,0x39,0x08,0x42,0xcb,0x5a,
    0x6d,0x6b,0x4d,0x6b,0x49,0x4a,0xc6,0x39,0xe7,0x39,0x28,0x42,0x07,0x42,0x28,0x42,
    0x28,0x42,0xa6,0x31,0xa6,0x31,0x08,0x42,0x65,0x29,0x45,0x29,0x86,0x31,0x24,0x21,
    0x45,0x29,0x45,0x29,0x65,0x29,0x08,0x42,0xe7,0x39,0x8a,0x52,0xeb,0x5a,0x4d,0x6b,
    0x69,0x4a,0x8a,0x52,0x2c,0x63,0x8a,0x52,0xe7,0x39,0xe8,0x41,0xaa,0x52,0x0c,0x63,
    0xaa,0x52,0x28,0x42,0x28,0x42,0x69,0x4a,0x4d,0x6b,0xcb,0x5a,0x08,0x42,0xeb,0x5a,
    0x71,0x8c,0x75,0xad,0xd2,0x9c,0x51,0x8c,0x2c,0x63,0xeb,0x5a,0x69,0x4a,0x8a,0x52,
    0xeb,0x5a,0xc7,0x39,0x4d,0x6b,0xab,0x5a,0x4d,0x6b,0x4d,0x6b,0xc7,0x39,0xc7,0x39,
    0x69,0x4a,0x49,0x4a,0xe7,0x39,0x07,0x42,0x45,0x29,0xc7,0x39,0x45,0x29,0x61,0x08,
    0x00,0x00,0x20,0x00,0x20,0x00,0x20,0x00,0x20,0x00,0x20,0x00,0x61,0x08,0xa2,0x10,
    0x61,0x08,0xa2,0x10,0x82,0x10,0xc3,0x18,0x08,0x42,0x28,0x42,0x08,0x42,0xe7,0x39,
    0x08,0x42,0x65,0x29,0x61,0x08,0xa2,0x10,0xc3,0x18,0xc3,0x18,0xe3,0x18,0xe3,0x18,
    0xe3,0x18,0xe3,0x18,0xa2,0x10,0x82,0x10,0x82,0x10,0x20,0x00,0x00,0x00,0x20,0x00,
    0xe3,0x18,0xe3,0x18,0x65,0x29,0xeb,0x5a,0x49,0x4a,0xa6,0x31,0x8a,0x52,0x8e,0x73,
    0xa6,0x31,0xcf,0x7b,0x8a,0x52,0x4d,0x6b,0xc7,0x39,0x04,0x21,0xe3,0x18,0xe3,0x18,
    0xe3,0x18,0xc3,0x18,0xe3,0x18,0xe3,0x18,0x24,0x21,0x65,0x29,0xe3,0x18,0x61,0x08,
    0x28,0x42,0xe3,0x18,0xc3,0x18,0xc3,0x18,0xc3,0x18,0xc2,0x10,0xc3,0x18,0xc3,0x18,
    0x61,0x08,0xa2,0x10,0x04,0x21,0x61,0x08,0x20,0x00,0x00,0x00,0x41,0x08,0x82,0x10,
    0xc3,0x18,0xe3,0x18,0x04,0x21,0xc3,0x18,0xc3,0x18,0xc3,0x18,0xe3,0x18,0xe3,0x18,
    0xc3,0x18,0xa6,0x31,0x8d,0x73,0x0c,0x63,0x45,0x29,0xa2,0x10,0xa2,0x10,0xc3,0x18,
    0xe3,0x18,0xe3,0x18,0x03,0x19,0x04,0x21,0xe3,0x18,0x03,0x19,0x65,0x29,0x41,0x08,
    0xc3,0x18,0xc3,0x18,0x61,0x08,0x41,0x08,0x20,0x00,0x20,0x00,0x20,0x00,0x20,0x00,
    0x00,0x00,0x20,0x00,0x61,0x08,0x61,0x08,0x82,0x10,0x61,0x08,0x61,0x08,0x81,0x08,
    0x61,0x08,0x61,0x08,0x65,0x29,0xc7,0x39,0x65,0x29,0xe7,0x39,0x65,0x29,0x28,0x42,
    0x49,0x4a,0xe7,0x39,0xe7,0x39,0x2c,0x63,0xec,0x62,0x44,0x29,0xaa,0x52,0xaa,0x52,
    0xcf,0x7b,0x8e,0x73,0x0b,0x63,0x8e,0x73,0xaa,0x52,0x4d,0x6b,0xae,0x73,0xb2,0x94,
    0x71,0x8c,0x8d,0x73,0x8a,0x52,0xc7,0x39,0x69,0x4a,0x28,0x42,0x08,0x42,0xcb,0x5a,
    0x08,0x42,0xa6,0x31,0x8a,0x52,0x28,0x42,0x4d,0x6b,0x8a,0x52,0x08,0x42,0x69,0x4a,
    0x69,0x4a,0xeb,0x5a,0xcb,0x5a,0xe7,0x39,0x45,0x29,0x45,0x29,0x04,0x21,0xe3,0x18,
    0xe3,0x18,0x44,0x29,0x45,0x29,0x04,0x21,0x86,0x31,0x86,0x31,0xa6,0x31,0xc7,0x39,
    0xc6,0x31,0xc7,0x39,0x86,0x31,0xa6,0x31,0xc7,0x39,0xa6,0x31,0xa6,0x31,0xc7,0x39,
    0x08,0x42,0x49,0x4a,0xc7,0x39,0xa6,0x31,0xe7,0x39,0xa6,0x31,0x86,0x31,0xe7,0x39,
    0xc7,0x39,0xa6,0x31,0xe7,0x41,0xa6,0x31,0x65,0x29,0x45,0x29,0x24,0x21,0x24,0x21,
    0x04,0x21,0xc3,0x18,0x04,0x21,0x04,0x21,0xe3,0x18,0x04,0x21,0x86,0x31,0x28,0x42,
    0xe7,0x39,0x07,0x3a,0x28,0x42,0x8a,0x52,0xe7,0x39,0x08,0x42,0xe7,0x39,0xe7,0x39,
    0xeb,0x5a,0xaa,0x52,0x28,0x42,0x2c,0x63,0x4d,0x6b,0xef,0x7b,0xaa,0x52,0x8a,0x52,
    0x51,0x8c,0x34,0xa5,0x50,0x8c,0xcf,0x7b,0x0c,0x63,0xeb,0x62,0x6d,0x73,0x08,0x42,
    0x8a,0x52,0x51,0x8c,0xae,0x73,0xae,0x73,0x4d,0x6b,0xcb,0x5a,0x65,0x29,0x65,0x29,
    0x49,0x4a,0x86,0x31,0x65,0x29,0x69,0x4a,0xc7,0x39,0xa6,0x31,0x04,0x21,0x20,0x00,
    0x20,0x00,0x20,0x00,0x20,0x00,0x20,0x00,0x20,0x00,0x20,0x00,0x61,0x08,0xa2,0x10,
    0x61,0x08,0x82,0x10,0x82,0x10,0xa2,0x10,0x24,0x29,0x45,0x29,0x45,0x29,0x45,0x29,
    0x65,0x29,0x04,0x21,0x61,0x08,0x24,0x21,0x69,0x4a,0x28,0x42,0x49,0x4a,0x8a,0x52,
    0x49,0x4a,0x8a,0x52,0x86,0x31,0x61,0x08,0x82,0x10,0x41,0x00,0x20,0x00,0x20,0x00,
    0xe3,0x18,0xe3,0x18,0x65,0x29,0xeb,0x5a,0x28,0x42,0xa7,0x39,0x29,0x4a,0x8e,0x73,
    0xcf,0x7b,0xcb,0x5a,0x86,0x31,0x4c,0x6b,0x86,0x31,0x04,0x21,0x24,0x21,0x04,0x21,
    0xe3,0x18,0x04,0x21,0xe3,0x18,0xe3,0x18,0x04,0x21,0x65,0x29,0xe3,0x18,0x61,0x08,
    0xaa,0x52,0x08,0x42,0x82,0x10,0xc3,0x18,0xc3,0x18,0xc2,0x18,0xc3,0x18,0xc3,0x18,
    0x61,0x08,0x82,0x10,0x04,0x21,0x61,0x08,0x20,0x00,0x00,0x00,0x61,0x08,0x82,0x10,
    0x04,0x21,0xe3,0x18,0xe3,0x18,0xc3,0x18,0xc3,0x18,0xe3,0x18,0x03,0x21,0x03,0x21,
    0xe3,0x18,0x04,0x21,0x65,0x29,0xc7,0x39,0xa6,0x31,0x24,0x21,0xc3,0x18,0xc3,0x18,
    0xe3,0x18,0xe3,0x18,0xe3,0x18,0xc3,0x18,0xe3,0x20,0xa2,0x10,0x61,0x08,0x41,0x08,
    0xe3,0x18,0xe3,0x18,0x61,0x08,0x41,0x08,0x20,0x00,0x20,0x00,0x20,0x00,0x20,0x00,
    0x00,0x00,0x20,0x00,0x61,0x08,0x61,0x08,0x82,0x10,0x61,0x08,0x61,0x08,0x81,0x10,
    0x61,0x08,0x41,0x08,0xa2,0x10,0x65,0x29,0x4d,0x6b,0xe7,0x39,0x45,0x29,0x85,0x29,
    0x69,0x4a,0x45,0x29,0xa2,0x10,0xe7,0x39,0x28,0x42,0x8a,0x52,0xeb,0x5a,0x0c,0x63,
    0x08,0x42,0x08,0x42,0x0c,0x63,0xeb,0x5a,0x4d,0x6b,0x0c,0x63,0x8e,0x73,0x51,0x8c,
    0x34,0xa5,0x51,0x8c,0x28,0x42,0x8a,0x52,0x8e,0x73,0xeb,0x5a,0xcb,0x5a,0xc7,0x39,
    0xe7,0x39,0x49,0x4a,0x49,0x4a,0x28,0x42,0x8a,0x52,0xc7,0x39,0xc7,0x39,0xe7,0x39,
    0x08,0x42,0x86,0x31,0x86,0x31,0x04,0x21,0xc3,0x18,0xc3,0x18,0xc3,0x18,0xc3,0x18,
    0xe3,0x18,0x04,0x21,0x45,0x29,0x04,0x21,0xc3,0x18,0x45,0x29,0x45,0x29,0x45,0x29,
    0x65,0x29,0x65,0x29,0x24,0x21,0x24,0x21,0x24,0x21,0x04,0x21,0x45,0x29,0xa6,0x31,
    0xc6,0x39,0x86,0x31,0x86,0x31,0x65,0x31,0x86,0x31,0x04,0x21,0x45,0x29,0x65,0x29,
    0x24,0x21,0xa6,0x31,0x65,0x29,0x04,0x21,0x04,0x21,0x04,0x21,0x24,0x21,0x24,0x21,
    0xc3,0x18,0xc3,0x18,0xa2,0x10,0xa2,0x10,0xa2,0x10,0xc3,0x18,0xe3,0x18,0x24,0x21,
    0x45,0x29,0xc7,0x39,0x85,0x31,0xe7,0x39,0xa6,0x31,0x65,0x29,0x28,0x42,0xc7,0x39,
    0xa6,0x31,0x49,0x4a,0x69,0x4a,0x28,0x42,0xcb,0x5a,0xcb,0x5a,0x8e,0x73,0x69,0x4a,
    0x30,0x84,0x17,0xbe,0xf3,0x9c,0x8d,0x73,0x8a,0x52,0x8e,0x73,0x50,0x84,0xae,0x73,
    0x28,0x42,0x10,0x84,0xf3,0x9c,0x2c,0x63,0x8e,0x73,0x0c,0x63,0xa6,0x31,0x24,0x21,
    0x08,0x42,0x04,0x21,0xe3,0x18,0x49,0x4a,0xa6,0x31,0xc7,0x39,0xc3,0x18,0x00,0x00,
    0x20,0x00,0x20,0x00,0x20,0x00,0x20,0x00,0x20,0x00,0x20,0x00,0x61,0x08,0x82,0x10,
    0x61,0x08,0xa2,0x10,0x82,0x10,0xc3,0x18,0x86,0x31,0x86,0x31,0xc7,0x39,0x69,0x4a,
    0xaa,0x52,0x86,0x31,0x41,0x08,0x65,0x29,0x08,0x42,0x61,0x08,0x24,0x21,0x28,0x42,
    0x61,0x08,0xa6,0x31,0xe7,0x39,0x61,0x08,0xa2,0x10,0x40,0x00,0x20,0x00,0x20,0x00,
    0xe3,0x18,0xe3,0x18,0x45,0x29,0xeb,0x5a,0x49,0x4a,0xe8,0x41,0xa6,0x31,0xc7,0x39,
    0x08,0x42,0x44,0x21,0x65,0x29,0x69,0x4a,0x86,0x31,0x04,0x21,0x04,0x21,0x04,0x21,
    0x04,0x19,0xe3,0x18,0xe3,0x18,0xe3,0x18,0x04,0x21,0x65,0x29,0xe3,0x18,0x61,0x08,
    0xeb,0x5a,0xc7,0x39,0x82,0x10,0xc3,0x18,0xc3,0x18,0xa2,0x10,0xa2,0x10,0xa2,0x10,
    0x61,0x08,0x61,0x08,0x04,0x19,0x61,0x08,0x20,0x00,0x00,0x00,0x61,0x08,0x82,0x10,
    0xe3,0x18,0xc3,0x18,0x24,0x21,0xe3,0x18,0xc3,0x18,0xe3,0x18,0x04,0x21,0x24,0x21,
    0xe3,0x18,0x08,0x42,0x28,0x42,0x08,0x42,0xeb,0x5a,0x4d,0x6b,0x8a,0x52,0x04,0x21,
    0xc3,0x18,0xc3,0x18,0xc3,0x18,0xc3,0x18,0xc3,0x18,0x61,0x08,0x61,0x08,0x61,0x08,
    0x04,0x21,0xe3,0x18,0x41,0x08,0x41,0x08,0x20,0x00,0x20,0x00,0x20,0x00,0x20,0x00,
    0x00,0x00,0x20,0x00,0x61,0x08,0x61,0x08,0xa2,0x10,0x61,0x08,0x61,0x08,0x82,0x10,
    0x61,0x08,0x61,0x08,0x41,0x08,0x04,0x21,0x8d,0x73,0x86,0x31,0xe3,0x18,0xe3,0x18,
    0x49,0x4a,0x45,0x29,0x04,0x21,0x45,0x29,0x08,0x42,0xcf,0x7b,0x10,0x84,0xcb,0x5a,
    0xe3,0x18,0x65,0x29,0xcb,0x5a,0x50,0x84,0x0c,0x63,0xaa,0x52,0x71,0x8c,0x75,0xad,
    0x55,0xad,0x4d,0x6b,0x69,0x52,0x10,0x84,0xef,0x83,0x0c,0x63,0x28,0x42,0x0c,0x63,
    0x69,0x4a,0x65,0x29,0x04,0x21,0x65,0x29,0xc3,0x18,0x86,0x31,0xe3,0x18,0x45,0x29,
    0x04,0x21,0xc3,0x18,0xa2,0x10,0x82,0x10,0x82,0x10,0x82,0x10,0x61,0x08,0x61,0x08,
    0x61,0x08,0x61,0x08,0x40,0x08,0x41,0x08,0x20,0x00,0x20,0x00,0x41,0x08,0x61,0x08,
    0x82,0x10,0xc3,0x18,0xc3,0x18,0xc3,0x18,0x04,0x19,0xe3,0x18,0x04,0x21,0x04,0x21,
    0x04,0x21,0x04,0x21,0x24,0x21,0x24,0x21,0xe3,0x18,0xe3,0x18,0x04,0x21,0xa2,0x10,
    0xa2,0x10,0xa2,0x10,0x61,0x08,0x20,0x00,0x20,0x00,0x20,0x00,0x41,0x08,0x41,0x08,
    0x41,0x08,0x41,0x08,0x20,0x00,0x41,0x08,0x61,0x08,0x82,0x10,0x82,0x10,0x82,0x10,
    0xa2,0x10,0xa2,0x10,0xa2,0x10,0xe3,0x18,0x04,0x21,0x61,0x08,0xa2,0x10,0xa7,0x31,
    0xc7,0x39,0x28,0x42,0x8a,0x52,0x69,0x4a,0x49,0x4a,0x4d,0x6b,0x4d,0x6b,0xae,0x73,
    0xb2,0x94,0xb6,0xb5,0xf3,0x9c,0xef,0x83,0xcb,0x5a,0x49,0x4a,0x6d,0x6b,0x0c,0x63,
    0x28,0x42,0x69,0x4a,0x8e,0x73,0xcf,0x7b,0xef,0x7b,0x2c,0x63,0xa6,0x31,0x24,0x21,
    0xe7,0x39,0xa6,0x31,0xc3,0x18,0x08,0x3a,0x08,0x42,0xc3,0x18,0x61,0x08,0x20,0x00,
    0x20,0x00,0x20,0x00,0x20,0x00,0x20,0x00,0x20,0x00,0x20,0x00,0x61,0x08,0xa2,0x10,
    0x61,0x08,0xa2,0x10,0xa2,0x10,0xa2,0x10,0x24,0x21,0xc7,0x39,0x08,0x42,0x86,0x31,
    0xe3,0x18,0x82,0x10,0x61,0x08,0x45,0x29,0xc7,0x39,0x61,0x08,0xc3,0x18,0x65,0x29,
    0x61,0x08,0x65,0x29,0x86,0x31,0x61,0x08,0x82,0x10,0x20,0x00,0x20,0x00,0x20,0x00,
    0xe3,0x18,0xe3,0x18,0x65,0x29,0xeb,0x5a,0x8a,0x52,0xe7,0x39,0x48,0x4a,0x2c,0x63,
    0x0c,0x63,0x2c,0x63,0xeb,0x5a,0xcf,0x7b,0xe7,0x39,0x04,0x21,0x04,0x21,0xe3,0x18,
    0xe3,0x18,0x04,0x21,0xe3,0x18,0xe3,0x18,0x24,0x21,0x45,0x29,0xe3,0x18,0x41,0x08,
    0x86,0x31,0xa2,0x10,0xc2,0x18,0xc3,0x18,0xc3,0x18,0x82,0x10,0x82,0x10,0xa2,0x10,
    0x61,0x08,0x61,0x08,0x04,0x21,0x61,0x08,0x00,0x00,0x00,0x00,0x41,0x08,0x82,0x10,
    0xa2,0x10,0xc2,0x18,0x45,0x29,0xe3,0x18,0xc2,0x18,0xa2,0x10,0xc3,0x18,0xe3,0x18,
    0xc3,0x18,0x49,0x4a,0x69,0x4a,0x08,0x42,0xe7,0x39,0xe7,0x39,0x08,0x42,0x24,0x21,
    0xc3,0x18,0xc3,0x18,0xc3,0x18,0xc3,0x18,0xa2,0x10,0x81,0x08,0x82,0x10,0x82,0x10,
    0x24,0x21,0xe3,0x18,0x41,0x08,0x41,0x08,0x20,0x00,0x20,0x00,0x20,0x00,0x20,0x00,
    0x00,0x00,0x20,0x00,0x61,0x08,0x61,0x08,0xa2,0x10,0x81,0x08,0x61,0x08,0x82,0x10,
    0x81,0x10,0x61,0x08,0x61,0x08,0xa2,0x10,0x69,0x4a,0x28,0x42,0x24,0x21,0xe3,0x18,
    0x45,0x29,0x08,0x42,0x8a,0x52,0x0c,0x63,0x8a,0x52,0xae,0x73,0x71,0x8c,0xae,0x73,
    0x08,0x42,0xe7,0x39,0x71,0x8c,0xef,0x7b,0x2c,0x63,0x8a,0x52,0x30,0x84,0xb2,0x94,
    0x8e,0x73,0x8e,0x73,0x71,0x8c,0x2c,0x63,0xaa,0x52,0x28,0x42,0xeb,0x5a,0xcb,0x5a,
    0xc7,0x39,0x04,0x21,0xc3,0x18,0x61,0x08,0x81,0x10,0x41,0x08,0x41,0x08,0x61,0x08,
    0x61,0x08,0x61,0x08,0x41,0x08,0x41,0x08,0x41,0x08,0x61,0x08,0x82,0x10,0x61,0x08,
    0x82,0x10,0xc3,0x18,0xc3,0x18,0xc3,0x18,0x04,0x21,0x24,0x21,0xe3,0x18,0xc3,0x18,
    0xc3,0x18,0xa2,0x10,0xa2,0x10,0x82,0x10,0x82,0x10,0x61,0x08,0x61,0x08,0x61,0x08,
    0x61,0x08,0x82,0x10,0x81,0x08,0x61,0x08,0x61,0x08,0x61,0x08,0x61,0x08,0x82,0x08,
    0x82,0x10,0xa2,0x10,0x04,0x21,0x24,0x21,0x45,0x29,0x44,0x21,0x24,0x21,0x65,0x29,
    0x45,0x29,0xa2,0x10,0xc3,0x18,0x82,0x10,0x61,0x08,0x61,0x08,0x41,0x08,0x61,0x08,
    0x61,0x08,0x82,0x10,0x82,0x10,0x61,0x08,0x61,0x08,0x61,0x08,0xc3,0x18,0x24,0x21,
    0x65,0x29,0x65,0x29,0x48,0x42,0x2c,0x63,0xeb,0x5a,0xcf,0x7b,0x6d,0x6b,0x08,0x42,
    0x34,0xa5,0xb6,0xb5,0x14,0xa5,0x71,0x8c,0x0c,0x63,0xca,0x5a,0x08,0x42,0xe7,0x39,
    0x07,0x42,0x69,0x4a,0x4d,0x6b,0xaa,0x52,0x6d,0x6b,0xae,0x73,0x0c,0x63,0x86,0x31,
    0x82,0x10,0xc7,0x39,0x45,0x29,0xe7,0x39,0x8a,0x52,0x04,0x21,0x20,0x00,0x20,0x00,
    0x20,0x00,0x20,0x00,0x20,0x00,0x20,0x00,0x20,0x00,0x20,0x00,0x61,0x08,0xa2,0x10,
    0x61,0x08,0xa2,0x10,0xa2,0x10,0xc3,0x18,0x28,0x42,0x49,0x4a,0xc7,0x39,0x86,0x31,
    0xc7,0x39,0x24,0x21,0x61,0x08,0xa2,0x10,0x82,0x10,0x82,0x10,0x61,0x08,0x61,0x08,
    0x61,0x08,0x04,0x21,0x24,0x21,0x61,0x08,0x82,0x10,0x40,0x00,0x20,0x00,0x20,0x00,
    0xe3,0x18,0xe3,0x18,0x45,0x29,0xcb,0x5a,0x69,0x4a,0xe7,0x39,0x08,0x42,0x8a,0x52,
    0x8a,0x52,0x8a,0x52,0x49,0x4a,0x4d,0x6b,0xc7,0x39,0x04,0x21,0x24,0x21,0x04,0x21,
    0xe3,0x20,0x24,0x21,0x04,0x21,0xe3,0x18,0x24,0x21,0x65,0x29,0x04,0x21,0x61,0x08,
    0xa2,0x10,0xc3,0x18,0xc3,0x18,0xa2,0x10,0xa2,0x10,0x82,0x10,0xa2,0x10,0xc3,0x10,
    0x61,0x08,0x82,0x10,0xe3,0x18,0x61,0x08,0x20,0x00,0x00,0x00,0x61,0x08,0x82,0x10,
    0x82,0x10,0x82,0x10,0xa2,0x10,0xa2,0x10,0xa2,0x10,0xa2,0x10,0xc3,0x18,0xe3,0x18,
    0xc3,0x18,0xc3,0x18,0x82,0x10,0x82,0x10,0x61,0x08,0x61,0x08,0x86,0x31,0x04,0x21,
    0xa2,0x10,0xc3,0x18,0xc3,0x18,0xc3,0x18,0x82,0x10,0x61,0x08,0x82,0x08,0x61,0x08,
    0x24,0x21,0xe3,0x18,0x41,0x08,0x40,0x08,0x20,0x00,0x20,0x00,0x20,0x00,0x20,0x00,
    0x00,0x00,0x20,0x00,0x61,0x08,0x61,0x08,0xa2,0x10,0x81,0x10,0x61,0x08,0x82,0x10,
    0x82,0x10,0x61,0x08,0x81,0x10,0x61,0x08,0x45,0x29,0x08,0x3a,0x49,0x4a,0x82,0x10,
    0xe3,0x18,0x07,0x42,0x28,0x42,0x65,0x29,0x69,0x4a,0x0c,0x63,0xaa,0x52,0x8a,0x52,
    0xe7,0x39,0xcf,0x7b,0x51,0x8c,0x8a,0x52,0xeb,0x5a,0x8a,0x52,0xeb,0x5a,0x50,0x84,
    0x92,0x94,0x14,0xa5,0xef,0x7b,0x8a,0x52,0xaa,0x52,0xeb,0x5a,0xaa,0x52,0x86,0x31,
    0xe3,0x18,0x86,0x31,0x45,0x29,0xc3,0x18,0x41,0x08,0xa2,0x10,0x24,0x21,0x24,0x21,
    0x04,0x21,0xc3,0x18,0xe3,0x18,0xe3,0x18,0x65,0x29,0xa6,0x39,0x08,0x42,0x28,0x42,
    0x49,0x4a,0xcb,0x5a,0x69,0x4a,0x28,0x42,0x8e,0x73,0xaa,0x52,0x8a,0x52,0x8a,0x52,
    0x49,0x4a,0x28,0x42,0x08,0x42,0xe7,0x39,0x86,0x31,0x45,0x29,0x04,0x21,0xa2,0x10,
    0x81,0x08,0x61,0x08,0x81,0x08,0xc3,0x18,0x24,0x21,0x45,0x29,0xc7,0x39,0xe7,0x39,
    0x08,0x42,0x08,0x42,0xaa,0x52,0x4d,0x6b,0x8a,0x52,0x6d,0x6b,0xeb,0x5a,0x49,0x4a,
    0x2c,0x63,0x28,0x42,0x8a,0x52,0x08,0x42,0xa6,0x31,0x65,0x29,0x24,0x21,0x85,0x31,
    0xc6,0x31,0x08,0x42,0x49,0x4a,0x08,0x42,0x65,0x29,0xe3,0x18,0x45,0x29,0x8a,0x52,
    0x08,0x42,0xc7,0x39,0xe7,0x39,0xaa,0x52,0x50,0x8c,0xeb,0x5a,0x4d,0x6b,0xae,0x73,
    0x75,0xad,0x14,0xa5,0xef,0x7b,0xae,0x73,0xeb,0x5a,0x28,0x42,0x8a,0x52,0x07,0x3a,
    0x89,0x52,0x89,0x52,0x6d,0x6b,0x8a,0x52,0x8a,0x52,0x8a,0x52,0x49,0x4a,0x69,0x4a,
    0x61,0x08,0x65,0x29,0xc7,0x39,0xe7,0x39,0x45,0x29,0x82,0x10,0x41,0x08,0x20,0x00,
    0x20,0x00,0x20,0x00,0x20,0x00,0x20,0x00,0x20,0x00,0x20,0x00,0x61,0x08,0xc3,0x18,
    0x61,0x08,0xa2,0x10,0xa2,0x10,0xc2,0x10,0x24,0x21,0x24,0x21,0x24,0x21,0x04,0x21,
    0x24,0x21,0xa2,0x10,0x61,0x08,0xc3,0x18,0x04,0x21,0x24,0x21,0x24,0x21,0x24,0x21,
    0xe3,0x18,0xe7,0x39,0xe7,0x39,0x61,0x08,0xa2,0x10,0x20,0x00,0x20,0x00,0x20,0x00,
    0xe3,0x18,0x04,0x21,0x45,0x29,0xcb,0x5a,0x69,0x4a,0xe7,0x39,0xe7,0x39,0x28,0x42,
    0x28,0x42,0xe7,0x39,0xe7,0x39,0x49,0x4a,0x86,0x31,0x24,0x21,0x24,0x21,0x03,0x19,
    0xe3,0x18,0x24,0x21,0x04,0x21,0xe3,0x18,0x24,0x21,0x86,0x31,0x04,0x21,0x61,0x08,
    0xe3,0x18,0x04,0x21,0x04,0x21,0xe3,0x18,0xc3,0x18,0xc2,0x10,0xc3,0x18,0xc3,0x18,
    0x82,0x10,0xc3,0x18,0xc3,0x18,0x61,0x08,0x20,0x00,0x00,0x00,0x41,0x08,0x82,0x10,
    0xa2,0x10,0xa2,0x10,0xc3,0x18,0xc3,0x18,0xc3,0x18,0xa2,0x10,0xe3,0x18,0xe3,0x18,
    0xe3,0x18,0xe3,0x18,0xc3,0x18,0xc3,0x18,0x65,0x29,0xaa,0x52,0xeb,0x62,0x04,0x21,
    0xa2,0x10,0xc3,0x18,0xe3,0x18,0xe3,0x18,0x82,0x10,0x61,0x08,0x82,0x08,0x61,0x08,
    0xe3,0x18,0xc3,0x18,0x41,0x08,0x41,0x08,0x20,0x00,0x20,0x00,0x20,0x00,0x20,0x00,
    0x00,0x00,0x20,0x00,0x61,0x08,0x61,0x08,0xa2,0x10,0x82,0x08,0x61,0x08,0x82,0x10,
    0x82,0x10,0x41,0x08,0x61,0x08,0x82,0x10,0xc2,0x10,0x45,0x29,0x49,0x4a,0xa2,0x10,
    0x65,0x29,0x86,0x31,0x45,0x29,0xa2,0x10,0x2c,0x63,0x69,0x4a,0x0c,0x63,0x4d,0x6b,
    0x69,0x4a,0x2c,0x63,0x86,0x31,0x8a,0x52,0xcb,0x5a,0x2d,0x63,0xeb,0x5a,0x71,0x8c,
    0x34,0xa5,0x30,0x84,0x0c,0x63,0xcf,0x7b,0x30,0x84,0xef,0x7b,0x69,0x4a,0xe7,0x39,
    0x69,0x4a,0xcb,0x5a,0x69,0x52,0x85,0x31,0x86,0x31,0x69,0x52,0xeb,0x5a,0x0c,0x63,
    0xcb,0x5a,0x69,0x4a,0x69,0x4a,0x48,0x42,0x49,0x4a,0x69,0x4a,0xaa,0x52,0xeb,0x5a,
    0xaa,0x52,0x6d,0x6b,0xcb,0x5a,0x6d,0x6b,0xf3,0x9c,0x0c,0x63,0x30,0x84,0xcf,0x7b,
    0xae,0x73,0x51,0x84,0x10,0x84,0xcf,0x7b,0x4d,0x6b,0x6d,0x6b,0x2c,0x63,0x49,0x4a,
    0x49,0x4a,0x28,0x42,0x28,0x42,0xeb,0x5a,0xeb,0x5a,0xeb,0x5a,0x4d,0x6b,0x6d,0x6b,
    0x4d,0x6b,0x10,0x84,0x6d,0x6b,0xb2,0x94,0x8e,0x73,0x2c,0x63,0x4d,0x6b,0x69,0x4a,
    0x4d,0x6b,0xcb,0x52,0xaa,0x52,0x8a,0x4a,0x89,0x4a,0x8a,0x52,0xaa,0x52,0x4d,0x6b,
    0x6d,0x6b,0x8e,0x73,0xcf,0x7b,0x6d,0x6b,0xcb,0x5a,0x8a,0x52,0x69,0x4a,0xeb,0x5a,
    0xeb,0x5a,0xeb,0x5a,0x28,0x42,0x69,0x4a,0x10,0x84,0x10,0x7c,0xaa,0x52,0x6d,0x6b,
    0x55,0xad,0x34,0xa5,0x30,0x84,0xeb,0x5a,0xcb,0x5a,0x4d,0x6b,0x28,0x42,0x08,0x42,
    0x49,0x4a,0x30,0x84,0xef,0x7b,0x0c,0x63,0xe7,0x39,0xcf,0x7b,0x69,0x4a,0x65,0x29,
    0xe3,0x18,0x24,0x21,0x04,0x21,0x65,0x29,0x45,0x29,0x00,0x00,0x41,0x08,0x20,0x00,
    0x20,0x00,0x20,0x00,0x20,0x00,0x20,0x00,0x20,0x00,0x20,0x00,0x61,0x08,0xa2,0x10,
    0x61,0x08,0x82,0x10,0x82,0x10,0x04,0x21,0x49,0x4a,0xa6,0x31,0x28,0x42,0xe7,0x39,
    0xc7,0x39,0xa6,0x31,0x21,0x00,0x24,0x21,0x69,0x4a,0x69,0x4a,0x49,0x4a,0x49,0x4a,
    0x28,0x42,0x8a,0x52,0xc6,0x31,0x61,0x08,0x82,0x10,0x40,0x00,0x20,0x00,0x20,0x00,
    0xe3,0x18,0xe3,0x20,0x65,0x29,0xeb,0x5a,0x69,0x4a,0xc7,0x39,0x28,0x42,0x4c,0x63,
    0x4c,0x63,0xef,0x7b,0xeb,0x5a,0x6d,0x6b,0xe7,0x39,0x24,0x21,0x24,0x21,0xe3,0x18,
    0xe3,0x18,0x04,0x21,0x04,0x21,0xe3,0x18,0x24,0x21,0x65,0x29,0x04,0x21,0x61,0x08,
    0x04,0x21,0x04,0x21,0x24,0x29,0x65,0x29,0x04,0x21,0xa2,0x10,0xa2,0x10,0xa2,0x10,
    0x61,0x08,0xe3,0x18,0xc3,0x18,0x41,0x08,0x20,0x00,0x00,0x00,0x41,0x08,0x82,0x10,
    0xe3,0x18,0xc3,0x10,0xc3,0x18,0xa2,0x10,0xa2,0x10,0xc3,0x18,0xe3,0x18,0x03,0x19,
    0xc3,0x18,0x69,0x4a,0xeb,0x5a,0xeb,0x5a,0x2c,0x63,0xa6,0x31,0xc3,0x18,0xc2,0x10,
    0xc3,0x18,0xc3,0x18,0xe3,0x18,0xe3,0x18,0xa2,0x10,0x82,0x10,0x82,0x10,0x61,0x08,
    0xc3,0x18,0xc3,0x10,0x41,0x08,0x41,0x08,0x20,0x00,0x20,0x00,0x20,0x00,0x20,0x00,
    0x00,0x00,0x20,0x00,0x61,0x08,0x61,0x08,0xa2,0x10,0x81,0x08,0x61,0x08,0x82,0x10,
    0x82,0x10,0x41,0x08,0x61,0x08,0x82,0x10,0x61,0x08,0xa2,0x10,0x45,0x29,0x86,0x31,
    0x49,0x4a,0xc6,0x31,0x41,0x08,0xa6,0x31,0xcb,0x5a,0xcb,0x5a,0xcb,0x5a,0x0c,0x63,
    0x28,0x42,0x65,0x29,0x4d,0x6b,0x2c,0x6b,0x49,0x4a,0x8e,0x73,0x8e,0x6b,0x71,0x8c,
    0x75,0xad,0xae,0x73,0xd2,0x94,0x71,0x8c,0xef,0x7b,0x8e,0x73,0xcb,0x5a,0xca,0x5a,
    0x4d,0x6b,0xae,0x73,0x8e,0x73,0x69,0x4a,0xcb,0x5a,0xae,0x73,0xef,0x7b,0xcf,0x7b,
    0xae,0x73,0xcf,0x7b,0xcf,0x7b,0x8e,0x73,0x8e,0x73,0x8e,0x73,0x6d,0x6b,0x2d,0x63,
    0xaa,0x52,0xae,0x73,0x6d,0x6b,0x71,0x8c,0xcf,0x7b,0xcf,0x7b,0x14,0xa5,0x51,0x8c,
    0xf3,0x9c,0x75,0xad,0x55,0xad,0x96,0xb5,0x51,0x8c,0x14,0xa5,0xd3,0x9c,0xef,0x7b,
    0xef,0x7b,0xcf,0x7b,0xcf,0x7b,0xd3,0x9c,0x30,0x84,0xb2,0x94,0x34,0xa5,0xd3,0x9c,
    0x92,0x94,0x35,0xad,0x10,0x84,0x71,0x8c,0x71,0x8c,0x0b,0x5b,0x2c,0x63,0x2c,0x63,
    0x0b,0x5b,0x8a,0x52,0xcb,0x52,0x2c,0x63,0xae,0x73,0x10,0x84,0xef,0x7b,0x30,0x84,
    0x71,0x8c,0x51,0x8c,0x71,0x8c,0xef,0x83,0x6d,0x6b,0xaa,0x5a,0xcb,0x5a,0x0c,0x63,
    0x69,0x4a,0x0c,0x63,0x0c,0x63,0xcb,0x5a,0x8e,0x73,0xb2,0x94,0xef,0x7b,0x30,0x84,
    0x75,0xad,0xd3,0x9c,0x10,0x84,0x8d,0x6b,0x8a,0x52,0x50,0x8c,0xcf,0x7b,0xaa,0x52,
    0xeb,0x5a,0xeb,0x5a,0x30,0x84,0x30,0x84,0xa6,0x31,0x28,0x42,0x69,0x4a,0xe3,0x18,
    0x65,0x29,0xa6,0x31,0xe3,0x18,0x61,0x08,0x82,0x10,0x61,0x08,0x41,0x08,0x20,0x00,
    0x20,0x00,0x20,0x00,0x20,0x00,0x20,0x00,0x20,0x00,0x20,0x00,0x61,0x08,0xa2,0x10,
    0x61,0x08,0xa2,0x10,0x82,0x10,0x04,0x21,0xe7,0x39,0x20,0x00,0x45,0x29,0xe3,0x18,
    0xa2,0x10,0xa6,0x31,0x41,0x08,0x82,0x10,0x82,0x10,0x82,0x10,0x82,0x10,0xa2,0x10,
    0x61,0x08,0x65,0x29,0xa6,0x31,0x61,0x08,0x82,0x10,0x20,0x00,0x20,0x00,0x20,0x00,
    0xe3,0x18,0xe3,0x18,0x45,0x29,0xeb,0x5a,0x69,0x4a,0xe7,0x39,0xe7,0x39,0x8a,0x52,
    0x0c,0x63,0xcf,0x73,0x08,0x42,0x4d,0x6b,0xe7,0x39,0x24,0x21,0x04,0x21,0xe3,0x18,
    0xe3,0x18,0x04,0x21,0x04,0x21,0x04,0x21,0x45,0x29,0x65,0x29,0x04,0x21,0x61,0x08,
    0xe7,0x39,0xe7,0x39,0x08,0x42,0x08,0x42,0xc7,0x39,0x65,0x29,0x86,0x31,0x65,0x29,
    0x45,0x29,0x86,0x31,0xa2,0x10,0x41,0x08,0x20,0x00,0x00,0x00,0x41,0x08,0x82,0x10,
    0x82,0x10,0x61,0x08,0xa2,0x10,0xa2,0x10,0xa2,0x10,0xa2,0x10,0xe3,0x18,0xe3,0x18,
    0xc3,0x18,0xa6,0x31,0x86,0x31,0x86,0x31,0xc7,0x39,0x86,0x31,0x65,0x29,0xc3,0x18,
    0xa2,0x10,0xc3,0x18,0xe3,0x18,0xc3,0x18,0x82,0x10,0x82,0x10,0x82,0x08,0x41,0x08,
    0xc3,0x18,0xe3,0x18,0x61,0x08,0x40,0x00,0x20,0x00,0x20,0x00,0x20,0x00,0x20,0x00,
    0x00,0x00,0x20,0x00,0x61,0x08,0x61,0x08,0xa2,0x10,0x82,0x10,0x61,0x08,0x82,0x08,
    0x61,0x08,0x41,0x08,0x61,0x08,0x82,0x10,0x82,0x10,0x20,0x00,0xa6,0x31,0x49,0x4a,
    0x49,0x4a,0x85,0x29,0xa6,0x31,0x8a,0x52,0x28,0x42,0x08,0x42,0x69,0x4a,0xcb,0x5a,
    0x49,0x4a,0x0c,0x63,0x6d,0x6b,0xc7,0x39,0x8e,0x73,0xeb,0x62,0x4d,0x6b,0xb2,0x94,
    0x14,0xa5,0xf3,0x9c,0x75,0xad,0xcf,0x7b,0xeb,0x5a,0xcf,0x7b,0xae,0x73,0xeb,0x5a,
    0xaa,0x52,0x6d,0x6b,0x2c,0x63,0xcb,0x5a,0xae,0x73,0x71,0x94,0x10,0x84,0xce,0x7b,
    0x8d,0x73,0x30,0x84,0x51,0x8c,0xf3,0x9c,0xb2,0x94,0xf3,0x9c,0x30,0x84,0xcf,0x7b,
    0x6d,0x6b,0x8e,0x73,0x6d,0x6b,0x10,0x84,0xae,0x73,0x10,0x84,0x75,0xad,0x10,0x84,
    0xb6,0xb5,0x55,0xad,0x75,0xad,0xb6,0xb5,0xd3,0x9c,0x34,0xa5,0x75,0xad,0x75,0xad,
    0xd3,0x9c,0xb2,0x94,0x92,0x94,0xd7,0xbd,0x51,0x8c,0x14,0x9d,0xb7,0xb5,0x75,0xad,
    0x75,0xad,0x18,0xc6,0xb2,0x94,0xef,0x7b,0x30,0x84,0xeb,0x62,0x4c,0x63,0x2c,0x63,
    0x6d,0x6b,0x6d,0x6b,0xae,0x73,0x51,0x8c,0x34,0xa5,0x92,0x94,0x92,0x94,0x10,0x84,
    0xef,0x7b,0x30,0x84,0xef,0x7b,0xce,0x7b,0x10,0x84,0x10,0x84,0xae,0x73,0x4c,0x6b,
    0x4d,0x6b,0xcb,0x5a,0x0c,0x63,0xca,0x52,0xeb,0x5a,0x30,0x84,0x75,0xad,0x95,0xb5,
    0x55,0xad,0xd3,0x9c,0xb2,0x94,0x71,0x8c,0x71,0x8c,0x28,0x42,0x8d,0x73,0x8e,0x73,
    0x8e,0x73,0xaa,0x52,0x2c,0x63,0x8e,0x73,0x8a,0x52,0x66,0x29,0x24,0x21,0x24,0x21,
    0x65,0x29,0x29,0x42,0x08,0x42,0x61,0x08,0x61,0x08,0xa2,0x10,0x61,0x08,0x20,0x00,
    0x20,0x00,0x20,0x00,0x20,0x00,0x20,0x00,0x20,0x00,0x20,0x00,0x61,0x08,0xa2,0x10,
    0x61,0x08,0xa2,0x10,0xa2,0x10,0xc3,0x18,0x24,0x21,0xa2,0x10,0xe3,0x18,0xc3,0x18,
    0xc3,0x18,0x03,0x19,0x61,0x08,0x82,0x10,0xa2,0x10,0xa2,0x10,0xc3,0x18,0xc3,0x18,
    0xc2,0x10,0xe3,0x18,0xe3,0x18,0x82,0x10,0x82,0x10,0x20,0x00,0x20,0x00,0x20,0x00,
    0xe3,0x18,0xe3,0x18,0x45,0x29,0x0c,0x63,0xaa,0x52,0xe7,0x39,0x49,0x4a,0x0c,0x63,
    0x28,0x42,0xe7,0x39,0xeb,0x5a,0xaa,0x52,0x65,0x29,0x45,0x29,0x24,0x21,0x04,0x21,
    0x04,0x21,0x24,0x21,0x04,0x21,0x04,0x21,0x45,0x29,0x86,0x31,0xe3,0x18,0x61,0x08,
    0x86,0x31,0x86,0x31,0x86,0x31,0x65,0x29,0x65,0x29,0x65,0x29,0x65,0x29,0x86,0x31,
    0xa6,0x31,0xa6,0x31,0xa2,0x10,0x41,0x08,0x20,0x00,0x00,0x00,0x41,0x08,0x61,0x08,
    0xa2,0x10,0xa2,0x10,0xc2,0x18,0xc3,0x18,0xc3,0x18,0xa2,0x10,0xe3,0x18,0x03,0x21,
    0xe3,0x18,0xc3,0x18,0xc3,0x10,0xa2,0x10,0xa2,0x10,0x24,0x21,0x28,0x42,0x04,0x21,
    0xa2,0x10,0xc3,0x18,0xe3,0x18,0xa2,0x10,0x82,0x10,0x61,0x08,0x61,0x08,0x41,0x08,
    0xc3,0x18,0x04,0x21,0x61,0x08,0x20,0x00,0x20,0x00,0x20,0x00,0x20,0x00,0x20,0x00,
    0x00,0x00,0x20,0x00,0x61,0x08,0x61,0x08,0xa2,0x10,0x82,0x10,0x61,0x08,0x62,0x08,
    0x61,0x08,0x41,0x08,0x61,0x08,0x82,0x10,0x82,0x10,0x61,0x08,0xe3,0x18,0x08,0x42,
    0x69,0x4a,0x86,0x31,0x08,0x42,0xc3,0x18,0xa6,0x31,0xe7,0x39,0xeb,0x5a,0x28,0x42,
    0x69,0x4a,0xa6,0x31,0x24,0x21,0x8e,0x73,0x4d,0x6b,0xeb,0x5a,0x8e,0x73,0x10,0x84,
    0xef,0x7b,0xd3,0x9c,0xf3,0x9c,0x6d,0x6b,0x4d,0x6b,0xae,0x73,0xaa,0x52,0xcb,0x5a,
    0x4d,0x6b,0xcb,0x5a,0x8d,0x73,0x6d,0x6b,0xae,0x7b,0x92,0x94,0x30,0x84,0xae,0x73,
    0xcf,0x7b,0xef,0x7b,0x30,0x84,0x71,0x8c,0x51,0x8c,0xb2,0x94,0xb2,0x94,0xb2,0x94,
    0x51,0x8c,0xae,0x73,0xae,0x73,0x8e,0x73,0xae,0x73,0xef,0x7b,0x34,0xa5,0x10,0x84,
    0x96,0xb5,0x75,0xad,0x75,0xad,0xb6,0xb5,0x34,0xa5,0x34,0xa5,0xb6,0xb5,0x17,0xbe,
    0x55,0xad,0x55,0xad,0x34,0xa5,0x59,0xc6,0xd3,0x9c,0x75,0xad,0x96,0xb5,0x96,0xb5,
    0x96,0xb5,0x75,0xad,0x51,0x8c,0x10,0x84,0xae,0x73,0x4d,0x6b,0x4d,0x6b,0x2c,0x63,
    0x50,0x84,0xb2,0x94,0x34,0xa5,0x10,0x84,0x51,0x8c,0x71,0x8c,0x10,0x84,0x8e,0x73,
    0xcf,0x7b,0x8e,0x73,0xae,0x73,0xef,0x7b,0x8e,0x73,0x30,0x84,0xcf,0x7b,0x6d,0x6b,
    0x8a,0x52,0x49,0x4a,0x89,0x52,0x28,0x42,0x08,0x42,0x71,0x8c,0x75,0xad,0x71,0x8c,
    0xb3,0x9c,0x34,0xa5,0xcf,0x7b,0xce,0x7b,0xef,0x7b,0x4d,0x6b,0x49,0x4a,0x2c,0x63,
    0x4d,0x6b,0xcb,0x5a,0x86,0x31,0x45,0x29,0x0c,0x63,0x49,0x4a,0x45,0x29,0x65,0x29,
    0x86,0x31,0xc7,0x39,0x65,0x29,0x82,0x10,0x61,0x08,0xa2,0x10,0xc3,0x18,0x41,0x08,
    0x20,0x00,0x20,0x00,0x20,0x00,0x20,0x00,0x20,0x00,0x20,0x00,0x61,0x08,0xa2,0x10,
    0x61,0x08,0x82,0x10,0x82,0x10,0xc3,0x18,0xe7,0x39,0x08,0x42,0x08,0x42,0x08,0x42,
    0x28,0x42,0x65,0x29,0x41,0x08,0x04,0x21,0x49,0x4a,0x49,0x4a,0x49,0x4a,0x49,0x4a,
    0x49,0x4a,0x69,0x4a,0x86,0x31,0x61,0x08,0x82,0x10,0x20,0x00,0x00,0x00,0x20,0x00,
    0xe3,0x18,0xe3,0x18,0x45,0x21,0x2c,0x63,0xcb,0x5a,0x28,0x42,0xc7,0x39,0x65,0x29,
    0x65,0x29,0x86,0x31,0x49,0x4a,0x2c,0x63,0xc7,0x39,0x24,0x21,0x24,0x21,0x24,0x21,
    0x04,0x21,0x24,0x21,0x24,0x21,0x04,0x21,0x45,0x29,0x86,0x31,0x04,0x21,0x82,0x10,
    0x82,0x10,0x82,0x10,0x82,0x10,0xa2,0x10,0xa2,0x10,0x82,0x10,0x82,0x10,0xc3,0x18,
    0xc3,0x18,0xc3,0x18,0x61,0x08,0x20,0x00,0x20,0x00,0x00,0x00,0x41,0x08,0x82,0x10,
    0xa2,0x10,0xa2,0x10,0xe3,0x18,0xc3,0x18,0xa2,0x10,0xa2,0x10,0xc3,0x18,0xe3,0x18,
    0xc3,0x18,0xc3,0x18,0xe3,0x18,0xc3,0x18,0xc3,0x18,0xa2,0x10,0xa6,0x31,0xe3,0x18,
    0xa2,0x10,0xc3,0x18,0xc3,0x18,0xa2,0x10,0x82,0x10,0x61,0x08,0x61,0x08,0x61,0x08,
    0xc3,0x18,0xe3,0x18,0x41,0x08,0x40,0x00,0x20,0x00,0x20,0x00,0x20,0x00,0x20,0x00,
    0x00,0x00,0x20,0x00,0x61,0x08,0x61,0x08,0xa2,0x10,0x82,0x10,0x61,0x08,0x81,0x08,
    0x61,0x08,0x41,0x08,0x61,0x08,0x82,0x10,0x82,0x10,0xa2,0x10,0x82,0x10,0x24,0x21,
    0x28,0x42,0xa6,0x31,0x04,0x21,0x81,0x10,0x69,0x4a,0x2c,0x63,0xe7,0x39,0xeb,0x5a,
    0x49,0x4a,0x86,0x31,0x2d,0x63,0xa7,0x39,0xe8,0x41,0x2c,0x6b,0x4d,0x6b,0x2c,0x63,
    0xef,0x7b,0xcf,0x7b,0xef,0x7b,0x8e,0x73,0xef,0x7b,0x49,0x4a,0xeb,0x5a,0x2c,0x63,
    0xcf,0x7b,0xae,0x73,0xcf,0x7b,0x8d,0x73,0x51,0x8c,0x30,0x84,0x10,0x84,0xef,0x7b,
    0xef,0x7b,0x30,0x84,0x51,0x8c,0x30,0x84,0x10,0x84,0x51,0x8c,0xb2,0x94,0x14,0xa5,
    0x14,0xa5,0xb2,0x94,0xd3,0x9c,0x10,0x84,0x92,0x94,0x10,0x7c,0xb2,0x94,0x10,0x84,
    0x14,0xa5,0xf3,0x9c,0x75,0xad,0xd7,0xbd,0x35,0xa5,0xb6,0xb5,0xd7,0xbd,0xf7,0xbd,
    0x75,0xad,0xf7,0xbd,0x55,0xad,0xf7,0xbd,0x34,0xa5,0x96,0xb5,0x55,0xad,0x34,0xa5,
    0xf3,0x9c,0x92,0x94,0x10,0x84,0xae,0x73,0xae,0x73,0x51,0x8c,0x30,0x84,0x71,0x8c,
    0x34,0xa5,0xd2,0x94,0x14,0xa5,0x71,0x8c,0x71,0x8c,0x10,0x84,0x6d,0x6b,0xeb,0x62,
    0x8e,0x73,0xef,0x7b,0xcf,0x7b,0x51,0x8c,0x71,0x94,0x71,0x8c,0x0f,0x84,0x6d,0x6b,
    0x6d,0x6b,0xcf,0x7b,0x8e,0x73,0xeb,0x5a,0xa6,0x31,0x10,0x84,0x51,0x8c,0x30,0x84,
    0xd3,0x9c,0xd3,0x9c,0x2c,0x63,0xeb,0x5a,0x91,0x94,0xeb,0x5a,0x28,0x42,0x8e,0x73,
    0x50,0x8c,0x30,0x84,0x0c,0x63,0xa2,0x10,0xc7,0x39,0xe3,0x18,0xe3,0x18,0x45,0x29,
    0x28,0x42,0x04,0x21,0xc3,0x18,0x82,0x10,0x41,0x08,0x82,0x10,0xa2,0x10,0xc3,0x18,
    0x61,0x08,0x00,0x00,0x20,0x00,0x20,0x00,0x20,0x00,0x20,0x00,0x61,0x08,0xc3,0x18,
    0x61,0x08,0x82,0x10,0x82,0x10,0xe3,0x18,0x08,0x42,0xc3,0x18,0xe3,0x18,0xc3,0x18,
    0x65,0x29,0xc7,0x39,0x41,0x08,0x82,0x10,0xa2,0x10,0xc3,0x18,0xe3,0x18,0xe3,0x18,
    0xe3,0x18,0xc3,0x18,0xa2,0x10,0x82,0x10,0x82,0x10,0x20,0x00,0x00,0x00,0x20,0x00,
    0xe3,0x18,0xe3,0x18,0x24,0x21,0x2c,0x63,0xeb,0x5a,0x08,0x42,0x69,0x4a,0xae,0x73,
    0x6d,0x6b,0x30,0x84,0xcf,0x7b,0x08,0x42,0x65,0x29,0x45,0x29,0x24,0x21,0x24,0x21,
    0x24,0x21,0x24,0x21,0x04,0x21,0x04,0x21,0x65,0x29,0x86,0x31,0x04,0x21,0x82,0x10,
    0x61,0x08,0x41,0x08,0x41,0x08,0x41,0x08,0x41,0x08,0x41,0x08,0x20,0x00,0x20,0x00,
    0x20,0x00,0x40,0x08,0x41,0x08,0x41,0x08,0x20,0x00,0x00,0x00,0x41,0x08,0x81,0x08,
    0xa2,0x10,0x82,0x10,0x04,0x21,0x04,0x21,0xe3,0x18,0xc3,0x18,0xc3,0x18,0xe3,0x18,
    0xc3,0x18,0xe3,0x18,0xc3,0x10,0xa2,0x10,0x82,0x10,0x82,0x10,0xa6,0x31,0x04,0x21,
    0xa2,0x10,0xe3,0x18,0xe3,0x18,0xa2,0x10,0xa2,0x10,0x82,0x10,0xa2,0x10,0x82,0x10,
    0xc3,0x18,0xe3,0x18,0x41,0x08,0x20,0x00,0x20,0x00,0x20,0x00,0x20,0x00,0x20,0x00,
    0x00,0x00,0x40,0x00,0x61,0x08,0x61,0x08,0xa2,0x10,0x82,0x10,0x61,0x08,0x82,0x10,
    0x62,0x08,0x41,0x08,0x61,0x08,0x82,0x10,0xe3,0x18,0xa2,0x10,0x41,0x08,0x61,0x08,
    0x45,0x29,0xe7,0x39,0xe3,0x18,0x28,0x42,0xef,0x7b,0xaa,0x52,0x4d,0x6b,0xec,0x5a,
    0xc7,0x39,0x8a,0x52,0x86,0x31,0x86,0x31,0xeb,0x5a,0x8a,0x52,0x0c,0x63,0x50,0x8c,
    0x92,0x94,0x92,0x94,0xb2,0x94,0x14,0xa5,0xaa,0x52,0xec,0x5a,0x2c,0x63,0x49,0x4a,
    0x4d,0x6b,0xae,0x73,0x71,0x8c,0x10,0x84,0x51,0x8c,0xf3,0x9c,0xf3,0x9c,0x71,0x8c,
    0xae,0x73,0x8d,0x73,0xae,0x73,0xcf,0x7b,0xef,0x7b,0xef,0x7b,0x30,0x84,0x14,0xa5,
    0x14,0xa5,0x14,0xa5,0x34,0xa5,0x34,0xa5,0x75,0xad,0xb2,0x94,0xd3,0x9c,0x71,0x8c,
    0x14,0xa5,0xf3,0x9c,0x34,0xa5,0xb6,0xb5,0x55,0xad,0xb6,0xb5,0xb6,0xb5,0xb6,0xb5,
    0x35,0xa5,0x18,0xc6,0x34,0xa5,0xf7,0xbd,0x75,0xad,0x55,0xad,0x75,0xad,0xd3,0x9c,
    0xf3,0x9c,0x34,0xa5,0x55,0xad,0x10,0x84,0xd3,0x9c,0x75,0xad,0xb2,0x94,0x14,0xa5,
    0xf3,0x9c,0x92,0x94,0x51,0x8c,0x92,0x94,0xb2,0x94,0xae,0x7b,0x0c,0x63,0x2c,0x63,
    0x8e,0x73,0x2c,0x63,0x4c,0x6b,0xef,0x7b,0x34,0xa5,0xd3,0x9c,0x10,0x84,0x4d,0x6b,
    0x89,0x4a,0xeb,0x5a,0xae,0x73,0x30,0x8c,0x49,0x4a,0xeb,0x5a,0x30,0x84,0x10,0x84,
    0xf3,0x9c,0x30,0x84,0x4d,0x6b,0x0c,0x63,0x8e,0x73,0x4d,0x6b,0xc7,0x39,0xc7,0x39,
    0x2c,0x63,0x0c,0x63,0xcf,0x7b,0xeb,0x5a,0xe7,0x39,0xc7,0x39,0x41,0x08,0xe3,0x18,
    0x28,0x4a,0xe3,0x18,0xc3,0x18,0x82,0x10,0x20,0x00,0x61,0x08,0xa2,0x10,0xe3,0x18,
    0x04,0x19,0x61,0x08,0x00,0x00,0x20,0x00,0x20,0x00,0x20,0x00,0x61,0x08,0xc3,0x18,
    0x61,0x08,0x82,0x10,0x82,0x10,0x82,0x10,0xa6,0x31,0x08,0x42,0x08,0x42,0x08,0x42,
    0x28,0x42,0x24,0x21,0x61,0x08,0xa2,0x10,0xc7,0x39,0x28,0x42,0x08,0x42,0x28,0x42,
    0x28,0x42,0x08,0x42,0xe3,0x18,0x61,0x08,0x82,0x10,0x20,0x00,0x00,0x00,0x20,0x00,
    0xe3,0x18,0xe3,0x18,0x24,0x21,0x4c,0x6b,0xeb,0x5a,0x28,0x42,0x08,0x42,0x08,0x42,
    0xe7,0x39,0x28,0x42,0xeb,0x5a,0x4d,0x6b,0xa6,0x31,0x24,0x21,0x04,0x21,0x04,0x21,
    0x24,0x21,0x24,0x21,0x04,0x21,0x24,0x21,0x65,0x29,0x86,0x31,0x24,0x21,0x82,0x10,
    0xa6,0x31,0xe3,0x18,0xe3,0x18,0xa2,0x10,0xa2,0x10,0x82,0x10,0x82,0x10,0x82,0x10,
    0xa2,0x10,0xc2,0x18,0xa2,0x10,0x61,0x08,0x20,0x00,0x00,0x00,0x41,0x08,0x61,0x08,
    0xa2,0x10,0xc3,0x18,0x04,0x21,0x04,0x21,0xc3,0x18,0xa2,0x10,0xa2,0x10,0xc3,0x18,
    0xa2,0x10,0x49,0x4a,0xaa,0x52,0x8a,0x52,0x89,0x52,0x69,0x4a,0x8a,0x52,0x03,0x19,
    0xa2,0x10,0xc3,0x18,0xe3,0x18,0xa2,0x10,0xc3,0x18,0x82,0x10,0x82,0x10,0x41,0x08,
    0x03,0x19,0x04,0x21,0x41,0x08,0x40,0x00,0x20,0x00,0x20,0x00,0x20,0x00,0x20,0x00,
    0x00,0x00,0x20,0x00,0x61,0x08,0x61,0x08,0xa2,0x10,0x82,0x10,0x61,0x08,0x82,0x10,
    0x61,0x08,0x41,0x08,0x61,0x08,0x04,0x21,0xc3,0x18,0x41,0x08,0x41,0x08,0x41,0x00,
    0xe3,0x18,0x45,0x29,0x2c,0x63,0x49,0x4a,0xc7,0x39,0x4d,0x6b,0xcb,0x5a,0x86,0x31,
    0x08,0x42,0xe7,0x39,0x08,0x42,0x4d,0x6b,0x49,0x4a,0xcb,0x5a,0x10,0x84,0x2c,0x63,
    0xaf,0x7b,0x92,0x94,0x55,0xad,0xeb,0x5a,0xa6,0x31,0xaa,0x5a,0xcb,0x5a,0x6d,0x6b,
    0x71,0x8c,0xd3,0x9c,0xf3,0x9c,0x10,0x84,0xae,0x73,0x92,0x94,0x14,0xa5,0x10,0x84,
    0xcf,0x7b,0x0c,0x63,0xcf,0x7b,0xae,0x73,0xef,0x7b,0xef,0x7b,0xcf,0x7b,0x30,0x84,
    0x10,0x84,0xb2,0x94,0xd3,0x9c,0x14,0xa5,0x96,0xb5,0x75,0xad,0x34,0xa5,0x75,0xad,
    0x96,0xb5,0x14,0xa5,0xb2,0x94,0xb2,0x94,0x92,0x94,0x51,0x8c,0x92,0x94,0xb2,0x94,
    0x51,0x8c,0x71,0x8c,0x71,0x8c,0x75,0xad,0x14,0xa5,0x14,0xa5,0xb7,0xbd,0x34,0xa5,
    0x55,0xad,0x96,0xb5,0xb6,0xb5,0x14,0xa5,0x34,0xa5,0x14,0xa5,0x51,0x8c,0xf3,0x9c,
    0x51,0x8c,0xcf,0x7b,0x71,0x8c,0x92,0x94,0xcf,0x7b,0x2c,0x6b,0x4d,0x6b,0x4d,0x6b,
    0xeb,0x62,0x6d,0x6b,0xae,0x73,0x51,0x8c,0xd3,0x9c,0x51,0x8c,0x10,0x84,0x51,0x8c,
    0xef,0x7b,0xef,0x7b,0xeb,0x5a,0x28,0x42,0x8a,0x52,0x49,0x4a,0x51,0x8c,0xae,0x73,
    0x92,0x94,0x2c,0x63,0x6d,0x6b,0x4c,0x6b,0x69,0x4a,0xeb,0x5a,0x65,0x29,0xc7,0x39,
    0x8a,0x52,0x8e,0x73,0xcb,0x5a,0xeb,0x5a,0x08,0x42,0xcb,0x5a,0x45,0x29,0xc3,0x18,
    0xa2,0x10,0xa2,0x10,0xe3,0x18,0x61,0x08,0x40,0x08,0x61,0x08,0xa2,0x10,0xe3,0x18,
    0xe3,0x18,0xe3,0x18,0x20,0x00,0x20,0x00,0x20,0x00,0x20,0x00,0x61,0x08,0xc3,0x18,
    0x61,0x08,0x82,0x10,0x82,0x10,0x82,0x10,0x82,0x10,0xc3,0x18,0xe3,0x18,0xc3,0x18,
    0xa2,0x10,0x82,0x10,0x61,0x08,0x86,0x29,0x28,0x42,0xa2,0x10,0xc3,0x18,0xc3,0x18,
    0x82,0x10,0x86,0x31,0x08,0x42,0x61,0x08,0x82,0x10,0x20,0x00,0x00,0x00,0x20,0x00,
    0xe3,0x18,0xe3,0x18,0x24,0x21,0x2c,0x63,0xeb,0x5a,0x48,0x42,0x08,0x42,0xc7,0x39,
    0xa6,0x31,0x86,0x31,0x65,0x29,0x86,0x31,0x65,0x29,0x24,0x21,0x24,0x21,0x04,0x21,
    0x04,0x21,0x24,0x21,0x24,0x21,0x24,0x21,0x45,0x29,0x86,0x31,0x24,0x21,0x82,0x10,
    0xa6,0x31,0xe3,0x18,0x03,0x19,0xe3,0x18,0xe3,0x18,0xe3,0x18,0xe3,0x18,0xc3,0x18,
    0xe3,0x18,0x04,0x21,0xc3,0x18,0x61,0x08,0x20,0x00,0x00,0x00,0x41,0x08,0x61,0x08,
    0xc3,0x18,0xc3,0x18,0xc3,0x18,0xc3,0x18,0xc3,0x18,0xc3,0x18,0xa2,0x10,0xc3,0x18,
    0xc3,0x18,0xa6,0x31,0x86,0x31,0x65,0x29,0x65,0x29,0x45,0x29,0xe7,0x39,0x04,0x21,
    0xa2,0x10,0xc3,0x18,0xa3,0x18,0x82,0x10,0x82,0x10,0xa2,0x10,0x82,0x10,0x40,0x08,
    0xc3,0x18,0x04,0x21,0x61,0x08,0x40,0x00,0x20,0x00,0x20,0x00,0x20,0x00,0x20,0x00,
    0x00,0x00,0x20,0x00,0x61,0x08,0x61,0x08,0xa2,0x10,0x62,0x08,0x61,0x08,0x82,0x10,
    0x61,0x08,0x41,0x08,0xe3,0x18,0x04,0x21,0x82,0x10,0x61,0x08,0x20,0x00,0x20,0x00,
    0x82,0x10,0xcb,0x5a,0x28,0x42,0x65,0x29,0xe7,0x39,0x69,0x4a,0xe7,0x39,0x45,0x29,
    0x28,0x42,0x49,0x4a,0xa6,0x31,0xe7,0x39,0x8a,0x52,0x2c,0x63,0x8a,0x52,0x49,0x4a,
    0xcb,0x5a,0x51,0x8c,0xef,0x7b,0xe3,0x18,0xc7,0x39,0x6d,0x6b,0xef,0x7b,0x30,0x84,
    0xf3,0x9c,0xb2,0x9c,0x92,0x94,0x30,0x84,0x2c,0x63,0x10,0x84,0x54,0xad,0xd3,0x9c,
    0xce,0x73,0x10,0x84,0x8e,0x73,0xeb,0x5a,0x0c,0x63,0x2c,0x63,0x4d,0x6b,0x8e,0x73,
    0x30,0x84,0x92,0x94,0xd3,0x9c,0x92,0x94,0xd3,0x9c,0xd3,0x9c,0xb2,0x94,0xf3,0x9c,
    0xf3,0x9c,0x91,0x8c,0xb2,0x94,0x10,0x84,0x10,0x84,0x51,0x8c,0x10,0x84,0x8e,0x73,
    0x8e,0x73,0xae,0x73,0xef,0x7b,0x71,0x8c,0x71,0x8c,0x51,0x8c,0xb2,0x94,0xb2,0x94,
    0xb2,0x94,0xb2,0x94,0xd3,0x9c,0x71,0x8c,0x30,0x84,0x92,0x94,0xef,0x7b,0x71,0x8c,
    0x51,0x8c,0x51,0x8c,0x30,0x84,0xcf,0x7b,0x6e,0x6b,0x6d,0x6b,0x8e,0x73,0x51,0x8c,
    0x10,0x84,0x6d,0x6b,0x30,0x84,0x71,0x8c,0x10,0x84,0x10,0x84,0x30,0x84,0xce,0x7b,
    0xcf,0x7b,0xb2,0x94,0xb2,0x94,0x6a,0x52,0xeb,0x5a,0x6d,0x6b,0xcb,0x5a,0x4d,0x6b,
    0x6d,0x6b,0x2c,0x63,0x28,0x42,0x4d,0x6b,0xcb,0x5a,0x08,0x42,0x86,0x31,0xe7,0x39,
    0x08,0x42,0xab,0x52,0x8a,0x52,0x0c,0x63,0x86,0x31,0x49,0x4a,0xeb,0x5a,0x82,0x10,
    0x61,0x08,0xc3,0x18,0xe4,0x18,0x41,0x08,0x20,0x00,0x61,0x08,0x61,0x08,0xc3,0x18,
    0xa2,0x10,0xe3,0x18,0xa2,0x10,0x20,0x00,0x20,0x00,0x20,0x00,0x61,0x08,0xc3,0x18,
    0x61,0x08,0x82,0x10,0x82,0x10,0x82,0x10,0x82,0x10,0x61,0x08,0x61,0x08,0x61,0x08,
    0x61,0x08,0x82,0x10,0x82,0x10,0x04,0x21,0x49,0x4a,0x86,0x31,0x82,0x10,0x81,0x10,
    0xe3,0x18,0x49,0x4a,0x65,0x29,0x61,0x08,0x82,0x10,0x20,0x00,0x00,0x00,0x20,0x00,
    0xe3,0x18,0x04,0x21,0x24,0x21,0x0c,0x63,0x0c,0x63,0x49,0x4a,0x08,0x42,0xe7,0x39,
    0xc7,0x39,0xa6,0x39,0xa6,0x31,0x65,0x29,0x45,0x29,0x45,0x29,0x45,0x21,0x04,0x21,
    0x24,0x21,0x24,0x21,0x04,0x21,0x04,0x21,0x45,0x29,0xa6,0x31,0x24,0x21,0x82,0x10,
    0xe3,0x18,0xc3,0x18,0xe3,0x18,0xc3,0x18,0xc3,0x18,0xc3,0x18,0xc2,0x10,0xa2,0x10,
    0xa2,0x10,0xe3,0x18,0xc3,0x18,0x61,0x08,0x20,0x00,0x00,0x00,0x41,0x08,0x61,0x08,
    0xa2,0x10,0x82,0x10,0xc3,0x18,0xe3,0x18,0xc3,0x18,0xc3,0x18,0xe3,0x18,0x04,0x21,
    0xe3,0x18,0xa2,0x10,0x82,0x10,0x82,0x10,0x82,0x10,0x61,0x08,0xc7,0x39,0x24,0x21,
    0xa2,0x10,0xc3,0x18,0xc3,0x18,0xa2,0x10,0xa2,0x10,0xa2,0x10,0x82,0x10,0x41,0x08,
    0xa2,0x10,0xe3,0x18,0x61,0x08,0x40,0x00,0x20,0x00,0x20,0x00,0x20,0x00,0x20,0x00,
    0x00,0x00,0x20,0x00,0x61,0x08,0x61,0x08,0xa2,0x10,0x61,0x08,0x61,0x08,0x82,0x10,
    0x61,0x08,0xa2,0x10,0x44,0x29,0x82,0x10,0x82,0x10,0x41,0x08,0x20,0x00,0x00,0x00,
    0xc2,0x18,0x04,0x21,0x82,0x10,0x28,0x42,0xa6,0x31,0xe7,0x39,0x69,0x4a,0x69,0x4a,
    0x28,0x42,0xa2,0x10,0x24,0x21,0x0c,0x63,0x6d,0x6b,0xe7,0x39,0x49,0x4a,0x8e,0x73,
    0x8a,0x52,0x4c,0x6b,0xeb,0x5a,0x49,0x4a,0x69,0x4a,0x30,0x84,0xf3,0x9c,0x30,0x8c,
    0xcf,0x7b,0xef,0x7b,0x51,0x8c,0x8e,0x73,0x10,0x84,0x30,0x84,0xb2,0x94,0xb2,0x94,
    0x71,0x8c,0xef,0x7b,0xcf,0x7b,0x4d,0x6b,0xeb,0x5a,0xaa,0x52,0x4d,0x6b,0x2c,0x63,
    0x2c,0x63,0xae,0x7b,0x10,0x84,0xef,0x7b,0xef,0x7b,0x10,0x84,0xae,0x73,0xae,0x73,
    0xae,0x73,0x0c,0x63,0x0c,0x63,0xcb,0x5a,0x8a,0x52,0xcb,0x5a,0xaa,0x52,0x8a,0x52,
    0xaa,0x52,0x2c,0x63,0xcb,0x5a,0xcb,0x5a,0x4d,0x6b,0xeb,0x5a,0x4c,0x6b,0x6d,0x73,
    0x6d,0x6b,0x8e,0x73,0x8e,0x73,0x4d,0x6b,0xef,0x7b,0xcf,0x7b,0x8e,0x73,0xef,0x7b,
    0xcf,0x7b,0x8e,0x73,0x4d,0x6b,0x8a,0x52,0x4d,0x6b,0x0c,0x63,0xcf,0x7b,0xae,0x73,
    0xae,0x73,0xae,0x73,0xb2,0x94,0xd2,0x9c,0x8e,0x73,0xef,0x7b,0xae,0x73,0xeb,0x5a,
    0x0c,0x63,0x10,0x84,0x71,0x8c,0xef,0x7b,0x49,0x4a,0x4d,0x6b,0x49,0x4a,0xcb,0x5a,
    0x28,0x42,0x4d,0x6b,0x08,0x42,0x45,0x29,0xae,0x73,0xc7,0x39,0x45,0x29,0x07,0x42,
    0x49,0x4a,0x49,0x4a,0x2c,0x63,0x69,0x4a,0xaa,0x52,0x86,0x31,0xcb,0x5a,0x08,0x42,
    0x82,0x10,0xe3,0x18,0xe3,0x18,0x41,0x08,0x20,0x00,0x61,0x08,0x61,0x08,0xc3,0x18,
    0xc3,0x18,0xc3,0x18,0x04,0x21,0x82,0x10,0x00,0x00,0x20,0x00,0x61,0x08,0xc3,0x18,
    0x61,0x08,0x82,0x10,0x82,0x10,0xa2,0x10,0x44,0x29,0x45,0x29,0x24,0x21,0x24,0x21,
    0x45,0x29,0xe3,0x18,0x82,0x10,0x82,0x10,0xe3,0x18,0x24,0x21,0xa2,0x10,0x82,0x10,
    0xc3,0x18,0x04,0x21,0x82,0x10,0x82,0x10,0x82,0x10,0x20,0x00,0x00,0x00,0x20,0x00,
    0xe3,0x18,0xe3,0x18,0x04,0x21,0xeb,0x5a,0x0c,0x63,0x69,0x4a,0x28,0x42,0xe7,0x39,
    0xc7,0x39,0xa6,0x31,0xa6,0x31,0x65,0x29,0x45,0x29,0x24,0x21,0x04,0x21,0x04,0x21,
    0x24,0x21,0x24,0x21,0x04,0x21,0x04,0x21,0x45,0x29,0xc7,0x39,0x45,0x29,0x82,0x10,
    0xa2,0x10,0xa2,0x10,0xc3,0x18,0xa2,0x10,0xa2,0x10,0xa2,0x10,0xe3,0x18,0xc2,0x18,
    0xa2,0x10,0xe3,0x18,0xe3,0x18,0x61,0x08,0x20,0x00,0x00,0x00,0x41,0x08,0x61,0x08,
    0x82,0x10,0x82,0x10,0xe3,0x18,0xe3,0x18,0xa2,0x10,0xa2,0x10,0xc3,0x18,0xe3,0x18,
    0xc3,0x18,0x04,0x21,0xe3,0x18,0xc3,0x18,0xc3,0x18,0xe3,0x18,0x86,0x31,0xe3,0x18,
    0xa2,0x10,0xa2,0x10,0xa2,0x10,0x82,0x10,0x82,0x10,0x82,0x10,0x61,0x08,0x20,0x00,
    0xa2,0x10,0xe3,0x18,0x41,0x08,0x20,0x00,0x20,0x00,0x20,0x00,0x20,0x00,0x20,0x00,
    0x00,0x00,0x20,0x00,0x41,0x08,0x61,0x08,0xa2,0x10,0x61,0x08,0x61,0x08,0x82,0x10,
    0x61,0x08,0x45,0x29,0x04,0x21,0x82,0x10,0x82,0x10,0x41,0x08,0x20,0x00,0x00,0x00,
    0xa2,0x10,0xc3,0x18,0xc3,0x18,0x45,0x29,0x45,0x29,0x49,0x4a,0x08,0x42,0x28,0x42,
    0x86,0x31,0x04,0x21,0xa6,0x31,0x28,0x42,0x86,0x31,0x28,0x42,0x8e,0x6b,0x0c,0x63,
    0x49,0x4a,0xaa,0x52,0x69,0x4a,0x2c,0x63,0xcb,0x5a,0x2c,0x63,0xeb,0x62,0xeb,0x5a,
    0x4d,0x6b,0x8e,0x73,0xae,0x73,0x4d,0x6b,0xef,0x7b,0xae,0x73,0x2c,0x63,0xd3,0x9c,
    0x14,0xa5,0x71,0x8c,0xef,0x7b,0x8a,0x52,0xcb,0x5a,0x8e,0x73,0x6d,0x6b,0xaa,0x52,
    0x4d,0x6b,0xcf,0x7b,0x2c,0x63,0x0c,0x63,0xcf,0x7b,0x2c,0x63,0xcb,0x5a,0xaa,0x52,
    0x69,0x4a,0xe7,0x39,0x86,0x31,0x04,0x21,0xe3,0x18,0x86,0x31,0x45,0x29,0x86,0x31,
    0xe7,0x39,0xc7,0x39,0x45,0x29,0x24,0x21,0x86,0x31,0x86,0x31,0xa6,0x31,0x49,0x4a,
    0x8a,0x52,0xaa,0x52,0x0c,0x63,0xcb,0x5a,0xcb,0x5a,0x2c,0x63,0x6d,0x6b,0x4d,0x6b,
    0x2c,0x63,0x6d,0x6b,0x2c,0x63,0xae,0x73,0x8a,0x52,0xcb,0x5a,0x2c,0x63,0xef,0x7b,
    0x2c,0x63,0xef,0x7b,0xd3,0x9c,0x92,0x94,0xae,0x7b,0xcf,0x7b,0x2c,0x63,0x6d,0x73,
    0x8e,0x73,0xef,0x7b,0x6e,0x73,0x4d,0x6b,0x8a,0x52,0x69,0x4a,0x49,0x4a,0xa6,0x31,
    0x49,0x4a,0x28,0x42,0x69,0x4a,0x24,0x21,0x04,0x21,0x69,0x4a,0xc3,0x18,0xe7,0x39,
    0x08,0x42,0xaa,0x52,0xaa,0x52,0x49,0x4a,0x28,0x42,0xcb,0x5a,0x04,0x21,0xc3,0x18,
    0xc3,0x18,0xc3,0x18,0xe3,0x18,0x41,0x08,0x00,0x00,0x41,0x08,0x61,0x08,0x82,0x10,
    0xa2,0x10,0xc3,0x18,0xe3,0x18,0x24,0x21,0x41,0x08,0x20,0x00,0x41,0x08,0xc3,0x18,
    0x61,0x08,0x82,0x10,0x82,0x10,0xa2,0x10,0xa6,0x31,0xa6,0x31,0x49,0x4a,0xc7,0x39,
    0xe7,0x39,0xc7,0x39,0x61,0x08,0x82,0x10,0x82,0x10,0x82,0x10,0xa2,0x10,0x82,0x10,
    0x82,0x10,0x61,0x08,0x82,0x10,0x82,0x10,0x61,0x08,0x20,0x00,0x00,0x00,0x20,0x00,
    0xe3,0x18,0xe3,0x18,0x04,0x21,0xeb,0x5a,0x0c,0x63,0x69,0x4a,0x28,0x42,0xe7,0x39,
    0xc7,0x39,0xa6,0x31,0x86,0x31,0x65,0x29,0x45,0x29,0x24,0x21,0x24,0x21,0x04,0x21,
    0x24,0x21,0x24,0x21,0x24,0x21,0x04,0x21,0x45,0x29,0xa6,0x31,0x45,0x29,0xa2,0x10,
    0xa2,0x10,0xa2,0x10,0xc3,0x18,0xc3,0x18,0xa2,0x10,0xc3,0x18,0xe3,0x18,0xc3,0x18,
    0xa2,0x10,0xe3,0x18,0xc3,0x18,0x41,0x08,0x20,0x00,0x00,0x00,0x20,0x08,0x61,0x08,
    0xa2,0x10,0xa2,0x10,0xc3,0x18,0xc3,0x18,0x82,0x10,0x82,0x10,0xa2,0x10,0xc2,0x18,
    0xa2,0x10,0x49,0x4a,0xca,0x5a,0x8a,0x52,0xaa,0x52,0x8a,0x52,0xaa,0x52,0xe3,0x18,
    0x82,0x10,0xa2,0x10,0xa2,0x10,0xa2,0x10,0xa2,0x10,0x82,0x10,0x61,0x08,0x20,0x00,
    0x82,0x10,0xa2,0x10,0x41,0x08,0x20,0x00,0x20,0x00,0x20,0x00,0x20,0x00,0x20,0x00,
    0x00,0x00,0x20,0x00,0x41,0x08,0x61,0x08,0xa2,0x10,0x61,0x08,0x61,0x08,0x61,0x08,
    0x24,0x21,0x45,0x21,0x82,0x10,0x82,0x10,0x61,0x08,0x41,0x08,0x20,0x00,0x00,0x00,
    0xa2,0x10,0x04,0x21,0xa2,0x10,0x24,0x21,0x28,0x42,0xa6,0x31,0xe3,0x18,0x49,0x4a,
    0xa6,0x31,0x49,0x4a,0x65,0x29,0xa2,0x10,0xe7,0x39,0xc7,0x39,0x69,0x52,0x45,0x29,
    0x8a,0x52,0x2c,0x63,0x8a,0x52,0xcb,0x5a,0xaa,0x52,0x4d,0x6b,0x8e,0x73,0x4d,0x6b,
    0x8e,0x73,0x6d,0x6b,0x2d,0x6b,0x2c,0x63,0x2c,0x63,0x8e,0x73,0x8e,0x73,0xce,0x7b,
    0x51,0x8c,0x71,0x8c,0x91,0x8c,0xcb,0x5a,0x2c,0x63,0x49,0x4a,0xab,0x5a,0x49,0x4a,
    0x8e,0x73,0x4d,0x6b,0x4d,0x6b,0xef,0x7b,0x4d,0x6b,0xcb,0x5a,0xaa,0x52,0x49,0x4a,
    0xeb,0x62,0x8a,0x52,0x28,0x42,0x49,0x4a,0x08,0x42,0x44,0x29,0xc3,0x18,0xc7,0x39,
    0x49,0x4a,0xc3,0x18,0x04,0x21,0xe7,0x39,0xc7,0x39,0x08,0x42,0xe7,0x39,0x48,0x4a,
    0x8a,0x52,0xeb,0x5a,0x0c,0x63,0x4d,0x6b,0x8a,0x52,0x4d,0x6b,0x6d,0x6b,0xaa,0x52,
    0x8a,0x52,0xeb,0x5a,0xcb,0x5a,0xeb,0x5a,0x6d,0x6b,0xeb,0x5a,0x2c,0x63,0x71,0x8c,
    0x50,0x8c,0xae,0x73,0xef,0x7b,0xce,0x7b,0x0c,0x63,0xcb,0x5a,0x4c,0x6b,0xcf,0x7b,
    0xef,0x7b,0xcf,0x7b,0xcf,0x7b,0xae,0x73,0x8a,0x52,0x69,0x4a,0x69,0x4a,0xe7,0x39,
    0x49,0x4a,0x8a,0x52,0x08,0x42,0x86,0x31,0xa2,0x10,0x82,0x10,0x04,0x21,0xc7,0x39,
    0xcb,0x5a,0x86,0x31,0x69,0x4a,0xa6,0x31,0xc7,0x39,0x65,0x29,0x04,0x21,0xc3,0x18,
    0xc3,0x18,0xe3,0x18,0x04,0x19,0x41,0x08,0x00,0x00,0x20,0x00,0x41,0x08,0x82,0x10,
    0xa2,0x10,0xc3,0x18,0x24,0x21,0x45,0x29,0xe3,0x18,0x20,0x00,0x41,0x08,0xc3,0x10,
    0x61,0x08,0x82,0x10,0x82,0x10,0x82,0x10,0x61,0x08,0x41,0x08,0xa6,0x31,0x65,0x29,
    0x85,0x31,0xa6,0x31,0x61,0x08,0xc3,0x18,0xe3,0x18,0xa2,0x10,0x81,0x08,0x81,0x10,
    0x82,0x10,0x82,0x10,0x82,0x10,0x82,0x10,0x61,0x08,0x20,0x00,0x00,0x00,0x20,0x00,
    0xe3,0x18,0xe3,0x18,0x04,0x21,0xca,0x5a,0x2c,0x63,0x8a,0x52,0x28,0x42,0xc7,0x39,
    0xa6,0x39,0xc7,0x39,0x86,0x31,0x65,0x29,0x45,0x29,0x45,0x29,0x45,0x29,0x24,0x21,
    0x45,0x29,0x45,0x29,0x24,0x21,0x04,0x21,0x45,0x29,0xc7,0x39,0x45,0x29,0xa2,0x10,
    0xa2,0x10,0xc3,0x18,0xa2,0x10,0xa2,0x10,0xc3,0x18,0xc2,0x10,0xc2,0x10,0xa2,0x10,
    0xa2,0x10,0xe3,0x18,0xc3,0x18,0x41,0x08,0x00,0x00,0x00,0x00,0x20,0x00,0x61,0x08,
    0xc3,0x18,0xa2,0x10,0xe3,0x18,0xc3,0x18,0xa2,0x10,0xa2,0x10,0xc3,0x18,0xc3,0x18,
    0xa2,0x10,0x24,0x21,0x04,0x21,0x04,0x21,0xc7,0x39,0xc3,0x18,0x24,0x21,0xc3,0x18,
    0xa2,0x10,0xa2,0x10,0xc3,0x18,0xc3,0x18,0x82,0x10,0x82,0x10,0x82,0x10,0x41,0x08,
    0x82,0x10,0xc3,0x18,0x61,0x08,0x20,0x00,0x20,0x00,0x20,0x00,0x20,0x00,0x20,0x00,
    0x00,0x00,0x20,0x00,0x41,0x08,0x61,0x08,0x82,0x10,0x61,0x08,0x41,0x08,0xc3,0x18,
    0xa6,0x31,0xe3,0x18,0xe3,0x18,0x82,0x10,0x61,0x08,0x41,0x08,0x20,0x00,0x00,0x00,
    0x82,0x10,0x24,0x21,0x82,0x10,0x65,0x29,0x45,0x29,0x00,0x00,0x28,0x42,0xeb,0x5a,
    0x0c,0x63,0xc7,0x39,0xa2,0x10,0xe7,0x39,0x04,0x21,0xe3,0x18,0x24,0x21,0xc7,0x39,
    0x08,0x42,0x69,0x4a,0x6d,0x6b,0x6d,0x6b,0x6e,0x73,0x51,0x8c,0xae,0x73,0x31,0x84,
    0x4d,0x6b,0x2c,0x63,0xeb,0x5a,0x4c,0x6b,0x8e,0x73,0x8e,0x73,0xae,0x73,0xef,0x7b,
    0xcf,0x7b,0xef,0x7b,0x92,0x94,0x30,0x84,0xae,0x73,0x0c,0x63,0x49,0x4a,0x08,0x42,
    0xeb,0x5a,0xcb,0x5a,0x10,0x84,0xaa,0x52,0xeb,0x5a,0x8e,0x73,0xeb,0x5a,0x2c,0x63,
    0xab,0x52,0xaa,0x52,0x2c,0x63,0x0c,0x63,0xaf,0x73,0x28,0x42,0x28,0x42,0xcb,0x5a,
    0x29,0x4a,0xe7,0x39,0x69,0x4a,0xaa,0x52,0x8e,0x73,0x69,0x4a,0xaa,0x5a,0x6d,0x6b,
    0x8a,0x52,0xeb,0x5a,0x28,0x42,0x4d,0x6b,0x2c,0x63,0x2c,0x63,0xcf,0x7b,0xcb,0x5a,
    0xaa,0x52,0xe7,0x39,0xeb,0x62,0x28,0x42,0xec,0x62,0x4d,0x6b,0x4c,0x6b,0x8e,0x73,
    0x10,0x84,0xef,0x7b,0x4d,0x6b,0x0b,0x63,0x69,0x4a,0x8a,0x52,0xeb,0x62,0x4d,0x6b,
    0xae,0x73,0xcf,0x7b,0x8e,0x73,0xae,0x73,0x0c,0x63,0x69,0x4a,0x0c,0x63,0x69,0x4a,
    0x08,0x42,0x69,0x4a,0x08,0x42,0x24,0x21,0x81,0x10,0xc3,0x18,0xc3,0x18,0x24,0x29,
    0x0c,0x63,0xeb,0x5a,0x04,0x21,0x45,0x29,0x28,0x4a,0xe3,0x18,0x82,0x10,0x04,0x21,
    0xe3,0x18,0x04,0x21,0x04,0x21,0x41,0x08,0x00,0x00,0x20,0x00,0x41,0x08,0x61,0x08,
    0xc3,0x18,0x28,0x42,0xa6,0x31,0xe3,0x18,0x65,0x29,0x61,0x08,0x41,0x08,0xc3,0x18,
    0x61,0x08,0x82,0x10,0x82,0x10,0x82,0x10,0xa2,0x10,0x82,0x10,0xe3,0x18,0xc7,0x39,
    0xe7,0x39,0xe3,0x18,0x61,0x08,0x24,0x21,0x49,0x4a,0x28,0x42,0xe7,0x39,0x86,0x31,
    0x04,0x21,0xa2,0x10,0x82,0x10,0x82,0x10,0x61,0x08,0x20,0x00,0x00,0x00,0x20,0x00,
    0xe3,0x18,0xe3,0x18,0x04,0x19,0x8a,0x52,0x2c,0x63,0x8a,0x52,0x28,0x42,0xe7,0x39,
    0xc7,0x39,0xa6,0x31,0x86,0x31,0x85,0x31,0x65,0x29,0x65,0x29,0x45,0x29,0x24,0x21,
    0x45,0x29,0x45,0x29,0x24,0x21,0x24,0x21,0x45,0x29,0xc7,0x39,0x65,0x29,0xa2,0x10,
    0x86,0x31,0xa6,0x31,0x04,0x21,0xe3,0x18,0xc6,0x31,0xa6,0x31,0xa2,0x10,0xa2,0x10,
    0xa2,0x10,0xc3,0x18,0xc3,0x18,0x41,0x08,0x00,0x00,0x00,0x00,0x41,0x08,0x61,0x08,
    0xc3,0x18,0xa2,0x10,0xa2,0x10,0xa2,0x10,0xc3,0x18,0xe3,0x18,0xc3,0x18,0xc3,0x18,
    0xa2,0x10,0xa2,0x10,0x61,0x08,0xa2,0x10,0x86,0x31,0x61,0x08,0x82,0x10,0xa2,0x10,
    0xa2,0x10,0xa2,0x10,0xe3,0x18,0xc3,0x18,0x82,0x10,0x82,0x10,0x82,0x10,0x41,0x08,
    0xa2,0x10,0xe3,0x18,0x61,0x08,0x20,0x00,0x20,0x00,0x20,0x00,0x20,0x00,0x20,0x00,
    0x00,0x00,0x20,0x00,0x41,0x08,0x41,0x08,0x82,0x10,0x61,0x08,0x41,0x08,0x65,0x29,
    0x45,0x29,0xc3,0x18,0x04,0x21,0xe3,0x18,0x61,0x08,0x41,0x08,0x00,0x00,0x00,0x00,
    0x82,0x10,0x04,0x21,0x82,0x10,0x82,0x10,0xa2,0x10,0xe7,0x39,0xcb,0x5a,0x49,0x4a,
    0x24,0x21,0x24,0x21,0xc7,0x39,0xe3,0x18,0xc3,0x18,0xc3,0x18,0xc3,0x18,0x69,0x4a,
    0x65,0x29,0xc7,0x39,0x8e,0x73,0x6d,0x6b,0x0c,0x63,0xae,0x73,0x8e,0x73,0xeb,0x5a,
    0xeb,0x5a,0xeb,0x5a,0xcb,0x5a,0x0b,0x63,0xcb,0x5a,0x4d,0x6b,0x4d,0x6b,0x6d,0x6b,
    0xce,0x7b,0x10,0x84,0x4d,0x6b,0xcf,0x7b,0x30,0x8c,0xeb,0x5a,0xc7,0x39,0x0c,0x63,
    0x69,0x4a,0x69,0x4a,0xeb,0x5a,0xa6,0x31,0x8a,0x52,0x4c,0x6b,0x0c,0x63,0x4d,0x6b,
    0xe7,0x39,0x4d,0x6b,0x0c,0x5b,0x8a,0x52,0x6d,0x6b,0x69,0x4a,0xcf,0x7b,0x69,0x52,
    0x08,0x42,0x92,0x94,0xaf,0x73,0x8e,0x73,0xf0,0x83,0xab,0x5a,0x8e,0x73,0x6d,0x6b,
    0x2c,0x63,0xaa,0x52,0xc3,0x18,0xaa,0x5a,0xcf,0x7b,0x6a,0x4a,0xaa,0x52,0x51,0x8c,
    0x6d,0x6b,0xc7,0x39,0x6a,0x52,0x6d,0x6b,0xcb,0x5a,0xae,0x73,0xce,0x73,0xae,0x73,
    0x8e,0x73,0x30,0x84,0x8e,0x6b,0x0c,0x63,0xcb,0x5a,0xaa,0x52,0x8a,0x52,0xae,0x73,
    0x2c,0x63,0x6d,0x6b,0xb2,0x94,0x10,0x84,0xcf,0x7b,0x08,0x42,0x2c,0x63,0x8e,0x73,
    0xe7,0x39,0x24,0x21,0x45,0x29,0x44,0x21,0x41,0x08,0x04,0x21,0xa6,0x31,0x45,0x29,
    0x24,0x21,0xef,0x7b,0x69,0x4a,0x86,0x31,0x24,0x21,0xa2,0x10,0x82,0x10,0xc3,0x18,
    0xe3,0x18,0x24,0x21,0x04,0x21,0x40,0x00,0x00,0x00,0x00,0x00,0x20,0x00,0x61,0x08,
    0x86,0x31,0xe7,0x39,0xe3,0x18,0xc3,0x18,0xc3,0x18,0xe3,0x18,0x41,0x08,0xc3,0x18,
    0x61,0x08,0x82,0x10,0x82,0x10,0xa2,0x10,0xc7,0x39,0xc7,0x39,0xe7,0x39,0xc7,0x39,
    0xe7,0x39,0x65,0x31,0x81,0x08,0x82,0x10,0x41,0x08,0xe7,0x39,0xe7,0x39,0xc7,0x39,
    0x69,0x4a,0xcb,0x5a,0x86,0x31,0x61,0x08,0x82,0x10,0x20,0x00,0x00,0x00,0x20,0x00,
    0xc3,0x18,0xc3,0x18,0xe3,0x18,0x69,0x4a,0x0c,0x63,0x8a,0x52,0x28,0x42,0xe7,0x39,
    0xa6,0x31,0x85,0x31,0x65,0x29,0x45,0x29,0x65,0x29,0x45,0x29,0x24,0x21,0x04,0x21,
    0x24,0x21,0x24,0x21,0x24,0x21,0x04,0x21,0x45,0x29,0xc7,0x39,0x65,0x29,0xa2,0x10,
    0xc3,0x18,0xc3,0x18,0xa6,0x31,0x86,0x31,0x65,0x29,0xc3,0x18,0xa2,0x10,0x82,0x10,
    0xa2,0x10,0xc3,0x18,0xa2,0x10,0x41,0x08,0x00,0x00,0x00,0x00,0x41,0x08,0x61,0x08,
    0xc3,0x18,0xa2,0x10,0xa2,0x10,0xa2,0x10,0xc3,0x18,0xc3,0x18,0xc3,0x18,0xc3,0x18,
    0x82,0x10,0x08,0x42,0x69,0x4a,0x69,0x4a,0xeb,0x5a,0x69,0x4a,0x69,0x4a,0x04,0x21,
    0x82,0x10,0xa2,0x10,0xc3,0x18,0xe3,0x18,0xa2,0x10,0x82,0x10,0x81,0x10,0x41,0x08,
    0xa2,0x10,0xc3,0x18,0x61,0x08,0x20,0x00,0x20,0x00,0x20,0x00,0x20,0x00,0x00,0x00,
    0x00,0x00,0x20,0x00,0x41,0x08,0x41,0x08,0x82,0x10,0x41,0x08,0xa2,0x10,0x86,0x31,
    0xe3,0x18,0xc3,0x18,0x82,0x10,0x82,0x10,0x61,0x08,0x40,0x00,0x00,0x00,0x00,0x00,
    0x41,0x08,0x04,0x21,0xa2,0x10,0xa2,0x10,0x04,0x21,0x45,0x29,0x65,0x29,0x24,0x21,
    0x08,0x42,0xaa,0x52,0xa6,0x31,0x03,0x21,0xe3,0x18,0xa2,0x10,0x86,0x31,0xc7,0x39,
    0xa6,0x31,0x08,0x42,0x08,0x42,0x86,0x31,0xcb,0x5a,0x10,0x84,0xcf,0x7b,0xeb,0x5a,
    0x2c,0x63,0xef,0x7b,0x2c,0x63,0x07,0x3a,0xcb,0x5a,0x2c,0x63,0xcb,0x5a,0x0c,0x63,
    0x6d,0x6b,0xae,0x73,0xeb,0x5a,0xeb,0x5a,0x2c,0x63,0x0c,0x63,0xeb,0x5a,0x69,0x4a,
    0x28,0x42,0xe7,0x39,0xaa,0x52,0x45,0x21,0x0c,0x63,0x8a,0x52,0xaa,0x52,0x08,0x42,
    0x08,0x42,0x6d,0x6b,0xc7,0x39,0x28,0x42,0xaa,0x52,0x8e,0x73,0x71,0x8c,0xeb,0x5a,
    0x6d,0x6b,0x34,0xa5,0x6d,0x6b,0xae,0x73,0xeb,0x5a,0x69,0x4a,0x8e,0x73,0x48,0x42,
    0x28,0x42,0xaa,0x52,0xa6,0x31,0x24,0x21,0xcb,0x5a,0xe7,0x39,0x65,0x29,0x49,0x4a,
    0x8e,0x73,0x69,0x4a,0x0c,0x63,0x4d,0x6b,0xcb,0x5a,0xeb,0x5a,0xcf,0x7b,0x8e,0x73,
    0x2c,0x63,0x0c,0x63,0x2c,0x63,0x6d,0x6b,0xca,0x5a,0xca,0x5a,0xeb,0x5a,0xeb,0x5a,
    0x30,0x84,0x30,0x84,0x8e,0x73,0x8e,0x73,0x30,0x84,0xcf,0x7b,0x28,0x42,0x69,0x4a,
    0xaa,0x52,0x65,0x29,0x04,0x21,0xa2,0x10,0xa2,0x10,0xa3,0x10,0x49,0x4a,0x8a,0x52,
    0xa3,0x10,0x69,0x52,0xcb,0x5a,0xc3,0x18,0xe3,0x18,0x82,0x10,0xc3,0x18,0xc3,0x18,
    0x24,0x21,0x24,0x21,0xe3,0x18,0x20,0x00,0x00,0x00,0x00,0x00,0x20,0x00,0x82,0x08,
    0xa2,0x10,0xa2,0x10,0xc3,0x18,0x24,0x21,0x24,0x21,0x24,0x21,0xa2,0x10,0xa2,0x10,
    0x61,0x08,0x61,0x08,0x82,0x10,0x82,0x10,0xc3,0x18,0x04,0x21,0x49,0x4a,0x65,0x29,
    0x45,0x29,0xe7,0x39,0x61,0x08,0xc3,0x18,0x65,0x29,0x49,0x4a,0x28,0x42,0xe7,0x39,
    0xe7,0x39,0xc7,0x39,0x03,0x21,0x61,0x08,0x82,0x10,0x40,0x00,0x00,0x00,0x20,0x00,
    0xe3,0x18,0xc3,0x18,0xe3,0x18,0x49,0x4a,0x0c,0x63,0x49,0x4a,0x69,0x4a,0xcf,0x7b,
    0xcf,0x7b,0x8a,0x52,0x65,0x29,0x2c,0x63,0xcf,0x7b,0x08,0x42,0x69,0x4a,0xc7,0x39,
    0x69,0x4a,0x08,0x42,0x28,0x42,0x07,0x3a,0x24,0x21,0xe7,0x39,0x86,0x31,0xa2,0x10,
    0x82,0x10,0x82,0x10,0x86,0x31,0x04,0x21,0x07,0x3a,0x65,0x29,0x82,0x10,0xa2,0x10,
    0xa2,0x10,0xa2,0x10,0x82,0x10,0x41,0x08,0x00,0x00,0x00,0x00,0x20,0x00,0x61,0x10,
    0xc3,0x18,0xa2,0x10,0xc3,0x18,0xe3,0x18,0xe3,0x18,0xc3,0x18,0xc2,0x18,0xa2,0x10,
    0x82,0x10,0xa6,0x31,0xa6,0x31,0x86,0x31,0x86,0x31,0x86,0x31,0xc7,0x39,0xe3,0x18,
    0xa2,0x10,0xa2,0x10,0xe3,0x18,0xe3,0x18,0xa2,0x10,0x82,0x10,0x82,0x10,0x61,0x08,
    0xa2,0x10,0xe3,0x18,0x41,0x08,0x20,0x00,0x20,0x00,0x20,0x00,0x20,0x00,0x00,0x00,
    0x00,0x00,0x20,0x00,0x41,0x08,0x41,0x08,0x61,0x10,0x40,0x08,0x24,0x21,0x44,0x29,
    0x82,0x10,0xc3,0x18,0xa2,0x10,0x61,0x08,0x61,0x08,0x20,0x00,0x00,0x00,0x00,0x00,
    0x61,0x08,0x44,0x21,0xc3,0x18,0xc3,0x18,0x61,0x08,0x04,0x21,0xaa,0x52,0x28,0x42,
    0x49,0x4a,0x04,0x21,0x24,0x21,0x65,0x29,0x82,0x10,0xa2,0x10,0xe3,0x18,0x65,0x29,
    0xa6,0x31,0x69,0x4a,0x4d,0x6b,0x2c,0x63,0x4c,0x6b,0x8a,0x52,0x69,0x4a,0x29,0x42,
    0x0c,0x63,0x69,0x4a,0x49,0x4a,0x89,0x4a,0x28,0x42,0x49,0x4a,0x49,0x4a,0x69,0x4a,
    0x49,0x4a,0x8a,0x52,0x0c,0x63,0x0c,0x63,0xeb,0x5a,0x6d,0x6b,0x4d,0x6b,0xeb,0x5a,
    0x8a,0x52,0x0b,0x63,0x8a,0x52,0xc7,0x39,0xaa,0x52,0x45,0x29,0xa6,0x31,0x8a,0x52,
    0xa6,0x31,0x28,0x42,0x49,0x42,0xe7,0x39,0x49,0x4a,0x8e,0x73,0x10,0x84,0x4d,0x6b,
    0x0c,0x63,0x2c,0x63,0xaa,0x52,0x10,0x84,0x8a,0x52,0xa6,0x31,0x0c,0x63,0x49,0x4a,
    0x45,0x29,0x85,0x29,0x49,0x4a,0x28,0x42,0xc7,0x39,0xc7,0x39,0x24,0x21,0xa6,0x31,
    0xcb,0x5a,0x8a,0x52,0x2c,0x63,0x2c,0x63,0xaa,0x52,0x0c,0x63,0x2c,0x63,0x2c,0x63,
    0x69,0x4a,0x8a,0x52,0xcb,0x5a,0x07,0x3a,0x69,0x4a,0x8e,0x73,0x4d,0x6b,0xef,0x7b,
    0xef,0x7b,0xf3,0x9c,0x92,0x94,0xae,0x73,0x8e,0x73,0xcf,0x7b,0xae,0x73,0x4d,0x6b,
    0xcb,0x5a,0xe7,0x39,0x24,0x21,0xc3,0x18,0x61,0x08,0x04,0x21,0x45,0x29,0x8a,0x52,
    0x45,0x29,0x61,0x08,0xeb,0x5a,0x86,0x31,0x61,0x08,0xc2,0x10,0x24,0x21,0xe3,0x18,
    0x24,0x21,0x24,0x21,0xe3,0x18,0x20,0x00,0x00,0x00,0x00,0x00,0x20,0x00,0x61,0x08,
    0x82,0x10,0xc3,0x18,0x04,0x21,0xe3,0x18,0xe3,0x18,0x03,0x21,0x24,0x21,0xc3,0x18,
    0x41,0x08,0x81,0x08,0x82,0x10,0xa2,0x10,0xa6,0x31,0xc7,0x39,0x65,0x29,0xc7,0x39,
    0xe7,0x39,0x24,0x21,0x61,0x08,0x04,0x21,0xc7,0x39,0x24,0x21,0xc3,0x18,0x61,0x08,
    0x40,0x00,0x20,0x00,0x61,0x08,0x82,0x10,0x82,0x10,0x40,0x00,0x00,0x00,0x20,0x00,
    0xe3,0x18,0xc3,0x18,0xe3,0x18,0x28,0x42,0xeb,0x5a,0x49,0x4a,0xaa,0x52,0xef,0x7b,
    0x49,0x4a,0xae,0x73,0xcb,0x5a,0xae,0x73,0xa6,0x31,0x45,0x29,0xeb,0x5a,0x8a,0x52,
    0x6d,0x6b,0xaa,0x52,0xeb,0x5a,0x08,0x42,0x45,0x29,0xe7,0x39,0x86,0x31,0xc3,0x18,
    0xc3,0x18,0x82,0x10,0xc6,0x39,0xe3,0x18,0xa2,0x10,0xe7,0x39,0xc3,0x18,0x82,0x10,
    0xa2,0x10,0x82,0x10,0x82,0x10,0x41,0x08,0x20,0x00,0x00,0x00,0x20,0x00,0x61,0x08,
    0xc3,0x18,0xa2,0x10,0xa2,0x10,0xa2,0x10,0xc3,0x18,0xe3,0x18,0xc3,0x18,0xa2,0x10,
    0xc3,0x18,0xa2,0x10,0x04,0x21,0xe7,0x39,0x08,0x42,0xa6,0x31,0xa2,0x10,0xa2,0x10,
    0xa2,0x10,0xa2,0x10,0xe3,0x18,0xa2,0x10,0xa2,0x10,0x82,0x10,0x82,0x10,0x61,0x08,
    0x82,0x10,0xc3,0x18,0x41,0x08,0x20,0x00,0x20,0x00,0x20,0x00,0x20,0x00,0x00,0x00,
    0x00,0x00,0x20,0x00,0x41,0x08,0x41,0x08,0x61,0x08,0x82,0x10,0xa6,0x31,0xe3,0x18,
    0xe3,0x18,0xe3,0x18,0xc3,0x10,0x61,0x10,0x61,0x08,0x00,0x00,0x00,0x00,0x00,0x00,
    0x20,0x00,0x24,0x21,0xe3,0x18,0xe3,0x18,0x81,0x08,0x28,0x42,0x65,0x29,0x04,0x21,
    0xa6,0x31,0xa6,0x31,0xc6,0x39,0x24,0x21,0x24,0x21,0x82,0x10,0xc3,0x18,0xaa,0x52,
    0x08,0x42,0xcb,0x5a,0x6a,0x52,0xcb,0x5a,0x69,0x4a,0x86,0x31,0x69,0x4a,0x10,0x84,
    0xcb,0x5a,0xeb,0x5a,0x30,0x84,0x0c,0x63,0x49,0x4a,0x69,0x4a,0x8a,0x52,0xe7,0x41,
    0xc7,0x39,0x08,0x42,0x28,0x42,0xaa,0x5a,0xcb,0x5a,0x0c,0x63,0x6d,0x6b,0x2c,0x63,
    0x69,0x4a,0x8a,0x52,0x08,0x42,0xa6,0x31,0x65,0x29,0x86,0x31,0xe7,0x39,0xa6,0x31,
    0xcb,0x5a,0x6d,0x6b,0xe7,0x39,0x08,0x42,0xc7,0x39,0x8e,0x73,0x0c,0x63,0x69,0x4a,
    0xcb,0x5a,0x86,0x31,0x69,0x4a,0x8e,0x73,0xe7,0x39,0xa6,0x31,0xa6,0x31,0x6d,0x6b,
    0x28,0x42,0x85,0x29,0xc7,0x39,0xc7,0x39,0x65,0x29,0x08,0x42,0x28,0x42,0x07,0x42,
    0xcb,0x5a,0x0c,0x63,0x2c,0x63,0x4c,0x6b,0xcb,0x5a,0x2c,0x63,0xaa,0x52,0x48,0x42,
    0x07,0x42,0x28,0x4a,0x08,0x42,0x28,0x42,0xae,0x73,0x0c,0x63,0x51,0x8c,0x2c,0x63,
    0xef,0x7b,0x10,0x84,0x4d,0x6b,0x8e,0x73,0x55,0xad,0x51,0x8c,0x2c,0x63,0xca,0x52,
    0xe7,0x39,0x8a,0x52,0xc3,0x18,0xe3,0x18,0xe3,0x18,0x45,0x29,0x45,0x29,0xc3,0x18,
    0xc7,0x39,0x82,0x10,0x04,0x21,0xc6,0x39,0xc3,0x18,0xe3,0x18,0x24,0x21,0x24,0x21,
    0x44,0x29,0x45,0x29,0xe3,0x18,0x20,0x00,0x00,0x00,0x00,0x00,0x00,0x00,0x41,0x08,
    0xa2,0x10,0xc3,0x18,0xe3,0x18,0x45,0x29,0x24,0x21,0x04,0x21,0x04,0x21,0x04,0x21,
    0x41,0x08,0x61,0x08,0x82,0x10,0xc2,0x10,0x65,0x29,0x24,0x21,0xe3,0x18,0x24,0x21,
    0x45,0x29,0xc3,0x18,0x61,0x08,0xe3,0x18,0x86,0x31,0x86,0x31,0x65,0x29,0x65,0x29,
    0x86,0x31,0xa6,0x31,0x24,0x21,0x61,0x08,0x82,0x10,0x41,0x00,0x00,0x00,0x20,0x00,
    0xe3,0x18,0xc3,0x18,0xe3,0x18,0xe7,0x39,0xcb,0x5a,0x69,0x4a,0xaa,0x52,0xef,0x7b,
    0xaa,0x52,0x6d,0x6b,0x49,0x4a,0x8e,0x6b,0x49,0x4a,0xcb,0x5a,0x8a,0x52,0xeb,0x5a,
    0xae,0x73,0x0c,0x63,0x0c,0x63,0x86,0x31,0x65,0x29,0xe8,0x39,0x86,0x31,0xc3,0x18,
    0xa6,0x31,0x86,0x31,0x45,0x29,0x45,0x29,0xa6,0x31,0x86,0x31,0xa2,0x10,0x82,0x10,
    0x82,0x10,0xa2,0x10,0x82,0x10,0x41,0x08,0x20,0x00,0x00,0x00,0x40,0x08,0x61,0x08,
    0xc2,0x10,0xa2,0x10,0xa2,0x10,0x82,0x10,0x82,0x10,0xc3,0x18,0xa2,0x10,0xa2,0x10,
    0xa2,0x10,0x65,0x29,0xaa,0x52,0x07,0x42,0xc7,0x39,0x48,0x4a,0x28,0x42,0xa2,0x10,
    0x82,0x10,0xa2,0x10,0xc2,0x18,0x82,0x10,0x82,0x10,0x82,0x08,0x61,0x08,0x41,0x08,
    0xa2,0x10,0xc3,0x18,0x40,0x00,0x20,0x00,0x20,0x00,0x20,0x00,0x20,0x00,0x20,0x00,
    0x00,0x00,0x20,0x00,0x41,0x08,0x61,0x08,0x41,0x08,0x45,0x29,0xa6,0x31,0x65,0x29,
    0x86,0x31,0xe3,0x18,0xc3,0x18,0x82,0x10,0x41,0x08,0x00,0x00,0x00,0x00,0x00,0x00,
    0x20,0x00,0x24,0x21,0x03,0x21,0xe3,0x18,0xc3,0x18,0xa2,0x10,0x45,0x29,0x28,0x42,
    0x45,0x21,0xa2,0x10,0x86,0x31,0x08,0x42,0x24,0x21,0x82,0x10,0x45,0x29,0x69,0x4a,
    0xa6,0x31,0x04,0x21,0x0c,0x63,0xcb,0x5a,0xeb,0x5a,0x2c,0x63,0x92,0x94,0x8e,0x73,
    0x4d,0x6b,0x71,0x8c,0xca,0x52,0x8a,0x52,0x69,0x4a,0xc7,0x39,0xe7,0x39,0x28,0x42,
    0xe7,0x39,0x65,0x29,0xa6,0x31,0x28,0x42,0x89,0x52,0xaa,0x52,0xcb,0x5a,0xca,0x5a,
    0x8a,0x52,0x8a,0x52,0x69,0x4a,0xc7,0x39,0x85,0x31,0x24,0x21,0x86,0x31,0xc7,0x39,
    0x10,0x84,0x48,0x4a,0x86,0x31,0x45,0x29,0x08,0x42,0x28,0x42,0xc7,0x39,0x8a,0x52,
    0xa6,0x31,0xc7,0x39,0x8a,0x52,0xaa,0x52,0xa6,0x31,0x28,0x42,0xe7,0x39,0xe7,0x39,
    0x69,0x4a,0x28,0x42,0x08,0x42,0x86,0x31,0x65,0x29,0x8a,0x52,0x2c,0x63,0x49,0x4a,
    0xaa,0x52,0x2c,0x63,0x4d,0x6b,0x8e,0x73,0x4d,0x6b,0x49,0x4a,0x69,0x4a,0xe7,0x39,
    0xe7,0x39,0x08,0x42,0xc7,0x39,0xeb,0x5a,0x51,0x8c,0x6d,0x6b,0xae,0x73,0x8e,0x73,
    0xeb,0x5a,0x6d,0x6b,0xae,0x73,0xeb,0x5a,0x08,0x42,0x4d,0x6b,0xcf,0x7b,0xeb,0x5a,
    0x28,0x42,0x24,0x21,0x45,0x29,0x20,0x00,0xc3,0x18,0x08,0x42,0x86,0x31,0x20,0x00,
    0x24,0x21,0xc7,0x39,0x40,0x00,0x82,0x10,0xa2,0x10,0x24,0x21,0x24,0x21,0x03,0x19,
    0x45,0x29,0x45,0x29,0xe3,0x18,0x41,0x08,0x20,0x00,0x00,0x00,0x00,0x00,0x20,0x00,
    0x82,0x10,0xa2,0x10,0xc2,0x18,0x24,0x29,0x86,0x31,0x24,0x21,0x24,0x21,0x65,0x29,
    0x82,0x10,0x61,0x08,0x82,0x10,0xa2,0x10,0x86,0x31,0xc7,0x39,0xc7,0x39,0x86,0x31,
    0xa6,0x31,0x45,0x29,0x61,0x08,0xe3,0x18,0xc7,0x39,0xc7,0x39,0xe7,0x39,0x49,0x4a,
    0x65,0x29,0x28,0x42,0xa6,0x31,0x61,0x08,0x82,0x10,0x40,0x08,0x00,0x00,0x20,0x00,
    0xe3,0x18,0xc3,0x18,0xe3,0x18,0xe7,0x39,0xcb,0x5a,0x49,0x4a,0x8a,0x52,0x71,0x8c,
    0x30,0x84,0x2c,0x63,0x65,0x29,0xcf,0x7b,0xcf,0x7b,0xae,0x73,0x08,0x42,0x6d,0x6b,
    0xae,0x73,0x6d,0x6b,0x4d,0x6b,0x65,0x29,0x65,0x29,0xe7,0x39,0xa6,0x31,0xc3,0x18,
    0xe3,0x20,0x04,0x21,0x82,0x10,0xa2,0x10,0x04,0x21,0xc3,0x18,0xa2,0x10,0xc3,0x10,
    0xa2,0x10,0xc3,0x18,0xa2,0x10,0x41,0x08,0x00,0x00,0x00,0x00,0x40,0x00,0x61,0x08,
    0xe3,0x18,0xa2,0x10,0xa2,0x10,0xc3,0x18,0xc3,0x18,0xe3,0x18,0xc3,0x18,0xc3,0x18,
    0xa2,0x10,0xc7,0x39,0x04,0x21,0x82,0x08,0x82,0x10,0x61,0x08,0xa6,0x31,0x24,0x21,
    0x82,0x10,0xa2,0x18,0xc3,0x18,0xa2,0x10,0xa2,0x10,0x82,0x10,0x82,0x10,0x61,0x08,
    0xa2,0x10,0xc3,0x18,0x41,0x08,0x20,0x00,0x20,0x00,0x20,0x00,0x20,0x00,0x20,0x00,
    0x00,0x00,0x20,0x00,0x41,0x08,0x41,0x08,0x61,0x08,0xc7,0x39,0x86,0x31,0x45,0x29,
    0x04,0x21,0xc3,0x18,0xe3,0x18,0xa2,0x10,0x41,0x08,0x00,0x00,0x00,0x00,0x00,0x00,
    0x20,0x00,0xe3,0x18,0x45,0x29,0x24,0x21,0xe3,0x18,0x82,0x10,0xe3,0x18,0x45,0x29,
    0x45,0x29,0xc7,0x39,0x65,0x29,0x65,0x31,0xa2,0x10,0x85,0x31,0x0c,0x63,0x28,0x42,
    0x65,0x29,0x0c,0x63,0x92,0x94,0x34,0xa5,0x71,0x8c,0xae,0x73,0x0c,0x63,0x08,0x42,
    0x4d,0x6b,0x69,0x4a,0x69,0x4a,0xeb,0x5a,0x28,0x42,0x4d,0x6b,0xcf,0x7b,0xc7,0x39,
    0x65,0x29,0x04,0x21,0xe7,0x41,0x28,0x42,0xe7,0x39,0x28,0x42,0x69,0x4a,0x49,0x4a,
    0x8a,0x52,0x8a,0x52,0x49,0x4a,0x08,0x42,0xc7,0x39,0x28,0x42,0x08,0x42,0xa6,0x31,
    0x65,0x29,0xa6,0x31,0x86,0x31,0xa6,0x31,0xa6,0x31,0x65,0x29,0xc7,0x39,0x28,0x42,
    0x28,0x42,0xc7,0x39,0xa6,0x31,0xa6,0x31,0x08,0x42,0xc7,0x39,0xe7,0x39,0xc7,0x39,
    0xa6,0x31,0x28,0x42,0xa6,0x31,0xaa,0x52,0x8a,0x52,0x69,0x4a,0xaa,0x52,0xeb,0x5a,
    0xeb,0x5a,0x2c,0x63,0xcb,0x5a,0x4d,0x6b,0x4c,0x6b,0xeb,0x5a,0x48,0x4a,0x49,0x4a,
    0xa6,0x31,0x65,0x29,0x28,0x42,0x8a,0x52,0x8e,0x73,0x8e,0x73,0x2c,0x63,0x8e,0x73,
    0xaa,0x5a,0x2c,0x63,0x2c,0x63,0x71,0x8c,0x92,0x94,0xe7,0x39,0xcb,0x5a,0x10,0x84,
    0xcb,0x5a,0x28,0x42,0x04,0x21,0x45,0x29,0x45,0x29,0x24,0x21,0x65,0x29,0xa6,0x31,
    0x61,0x08,0xc7,0x39,0xc3,0x18,0xc3,0x18,0xe3,0x18,0x04,0x21,0x24,0x21,0x65,0x29,
    0x24,0x21,0x45,0x29,0xe3,0x18,0x20,0x00,0x41,0x08,0x20,0x00,0x00,0x00,0x20,0x00,
    0xa2,0x10,0xa2,0x10,0xa2,0x10,0x24,0x21,0x86,0x31,0x04,0x21,0x04,0x21,0xa6,0x31,
    0xe3,0x18,0x61,0x08,0x82,0x10,0xa2,0x10,0x24,0x21,0x24,0x21,0x24,0x21,0x04,0x21,
    0x45,0x29,0x65,0x29,0x61,0x08,0x82,0x10,0x61,0x08,0x41,0x08,0xc3,0x18,0xa6,0x31,
    0x20,0x00,0x45,0x29,0xa6,0x31,0x61,0x08,0x82,0x10,0x40,0x00,0x00,0x00,0x20,0x00,
    0x03,0x19,0xc3,0x18,0xc3,0x18,0xe7,0x39,0xaa,0x52,0x28,0x42,0x8a,0x52,0xcf,0x7b,
    0xa6,0x31,0xae,0x73,0x0c,0x63,0x0c,0x63,0x86,0x31,0x6d,0x6b,0x65,0x29,0xef,0x7b,
    0x2c,0x63,0x8e,0x73,0x6d,0x6b,0x24,0x21,0x65,0x29,0x08,0x42,0xc7,0x39,0xc3,0x18,
    0x82,0x10,0x61,0x08,0x82,0x10,0xa2,0x10,0x82,0x10,0x82,0x10,0xa2,0x10,0xc3,0x18,
    0xa2,0x10,0xa2,0x10,0x82,0x10,0x41,0x08,0x00,0x00,0x00,0x00,0x20,0x00,0x61,0x08,
    0xa2,0x10,0xa2,0x10,0xa2,0x10,0xc3,0x18,0xe3,0x18,0xc2,0x18,0xc3,0x18,0xe3,0x18,
    0xa2,0x10,0xe7,0x39,0xe3,0x18,0x61,0x08,0x82,0x10,0x61,0x08,0xa6,0x31,0x24,0x21,
    0xa2,0x10,0xc3,0x18,0xc3,0x18,0xa2,0x10,0xa2,0x10,0x82,0x10,0x82,0x10,0x61,0x08,
    0x82,0x10,0xa2,0x10,0x41,0x08,0x20,0x00,0x20,0x00,0x20,0x00,0x20,0x00,0x00,0x00,
    0x00,0x00,0x20,0x00,0x61,0x08,0x40,0x00,0xc3,0x18,0xc7,0x39,0xa2,0x10,0x44,0x21,
    0x08,0x42,0xe3,0x18,0xa2,0x10,0xa2,0x10,0x41,0x08,0x00,0x00,0x00,0x00,0x20,0x00,
    0x00,0x00,0xe3,0x18,0x24,0x21,0x24,0x21,0xe3,0x18,0xa2,0x10,0x82,0x10,0x04,0x21,
    0x86,0x31,0xa2,0x10,0x04,0x21,0x65,0x29,0xc7,0x39,0x08,0x42,0x04,0x21,0x82,0x10,
    0x08,0x42,0x65,0x29,0x49,0x4a,0xae,0x73,0x49,0x4a,0x08,0x42,0x69,0x4a,0xcf,0x7b,
    0xef,0x7b,0x10,0x84,0x2c,0x63,0x8a,0x52,0x49,0x4a,0xeb,0x5a,0x6a,0x52,0x2c,0x63,
    0x48,0x42,0x8a,0x4a,0x28,0x42,0x49,0x4a,0x49,0x4a,0x8a,0x52,0x89,0x52,0x69,0x4a,
    0x8a,0x52,0xcb,0x5a,0x49,0x4a,0x8a,0x52,0xcb,0x5a,0x28,0x42,0x28,0x42,0xaa,0x52,
    0x2c,0x63,0x8e,0x73,0xef,0x7b,0xef,0x7b,0x6d,0x6b,0xaa,0x52,0x0c,0x63,0x8d,0x6b,
    0x0b,0x5b,0x69,0x4a,0x0c,0x63,0x2c,0x63,0x8e,0x73,0x4d,0x6b,0x8e,0x73,0xcf,0x7b,
    0x4d,0x6b,0x4d,0x6b,0xeb,0x5a,0x49,0x4a,0x2c,0x63,0xeb,0x5a,0xeb,0x5a,0xae,0x73,
    0xcf,0x7b,0x6d,0x6b,0x4d,0x6b,0xeb,0x5a,0xeb,0x5a,0xcf,0x7b,0x8e,0x73,0x69,0x4a,
    0xe7,0x39,0x49,0x4a,0x28,0x42,0x69,0x4a,0x8e,0x73,0x51,0x8c,0x6d,0x6b,0x4d,0x6b,
    0x51,0x8c,0x30,0x84,0x6d,0x6b,0xef,0x7b,0xef,0x7b,0xd3,0x9c,0x0c,0x63,0x65,0x29,
    0x69,0x4a,0x8a,0x52,0x86,0x31,0x04,0x21,0x08,0x42,0x04,0x21,0xa2,0x10,0x86,0x31,
    0x45,0x29,0x24,0x21,0xc3,0x18,0xc2,0x18,0x04,0x21,0xe3,0x18,0xa6,0x31,0x65,0x29,
    0x66,0x29,0x45,0x29,0xc3,0x18,0x00,0x00,0x00,0x00,0x41,0x08,0x00,0x00,0x20,0x00,
    0xa2,0x10,0xa2,0x10,0xc3,0x18,0x24,0x21,0x45,0x29,0x44,0x21,0x04,0x21,0x86,0x31,
    0x65,0x29,0xa2,0x10,0x61,0x08,0xa2,0x10,0x86,0x31,0xa6,0x31,0xa6,0x31,0xa6,0x31,
    0x08,0x42,0xe7,0x39,0x61,0x08,0x61,0x08,0x61,0x08,0x61,0x08,0x61,0x08,0xa2,0x10,
    0x82,0x10,0xe3,0x18,0xe3,0x18,0x82,0x10,0x82,0x10,0x20,0x00,0x00,0x00,0x20,0x00,
    0xe3,0x18,0xc3,0x18,0xe3,0x18,0xc7,0x39,0x8a,0x52,0x28,0x42,0xaa,0x52,0x30,0x84,
    0xcb,0x5a,0xae,0x73,0xaa,0x52,0xce,0x7b,0xeb,0x5a,0xef,0x7b,0x45,0x29,0x30,0x84,
    0xcb,0x5a,0xae,0x73,0x8d,0x6b,0x04,0x21,0x86,0x31,0x08,0x42,0xe7,0x39,0xe3,0x18,
    0x24,0x21,0x45,0x29,0x04,0x21,0x82,0x10,0xa2,0x10,0xe3,0x18,0xa2,0x10,0xa2,0x10,
    0x82,0x10,0x82,0x10,0xa2,0x10,0x41,0x08,0x00,0x00,0x00,0x00,0x20,0x00,0x61,0x08,
    0xa2,0x10,0xa2,0x10,0xa2,0x10,0xa2,0x10,0xc3,0x18,0xa2,0x10,0xa2,0x10,0xa2,0x10,
    0x82,0x10,0x45,0x29,0x69,0x4a,0xc7,0x39,0xa6,0x31,0x28,0x42,0x28,0x42,0x82,0x10,
    0x82,0x10,0xc2,0x10,0xa2,0x10,0x82,0x10,0xa2,0x10,0x61,0x08,0x61,0x08,0x41,0x08,
    0x61,0x08,0xa2,0x10,0x41,0x08,0x20,0x00,0x20,0x00,0x20,0x00,0x20,0x00,0x20,0x00,
    0x00,0x00,0x20,0x00,0x41,0x08,0x82,0x10,0xc7,0x39,0x65,0x29,0xe3,0x18,0x65,0x29,
    0x24,0x21,0x82,0x10,0xc3,0x18,0xa2,0x10,0x41,0x08,0x00,0x00,0x20,0x00,0x20,0x00,
    0x00,0x00,0xe3,0x18,0x24,0x21,0x24,0x21,0x04,0x21,0xe3,0x18,0x82,0x10,0xa2,0x10,
    0xe3,0x20,0x65,0x29,0xe7,0x39,0x04,0x21,0xa6,0x31,0xe3,0x18,0x61,0x08,0x45,0x29,
    0xe3,0x18,0xa6,0x31,0x4c,0x6b,0x24,0x21,0x86,0x29,0x2c,0x63,0xae,0x73,0xae,0x73,
    0x30,0x84,0x8e,0x73,0xaa,0x52,0x89,0x52,0xc7,0x39,0xa6,0x31,0x2c,0x63,0x0c,0x63,
    0x8e,0x73,0xae,0x73,0x0b,0x5b,0x49,0x4a,0xaa,0x52,0x0b,0x63,0x8a,0x52,0x89,0x52,
    0x0c,0x63,0x2c,0x63,0x8e,0x73,0x2c,0x63,0xeb,0x5a,0x30,0x84,0xd3,0x9c,0xf3,0x9c,
    0xd3,0x9c,0x34,0xa5,0x34,0xad,0x55,0xad,0x14,0xa5,0x92,0x94,0x92,0x94,0xd3,0x9c,
    0x71,0x8c,0xf3,0x9c,0x71,0x8c,0x55,0xad,0x54,0xa5,0xf3,0x9c,0xf3,0xa4,0xd3,0x9c,
    0x34,0xa5,0x92,0x94,0xf3,0x9c,0xef,0x7b,0xcb,0x5a,0x4d,0x6b,0xaa,0x52,0x8e,0x73,
    0xae,0x73,0x6d,0x6b,0xcf,0x7b,0x6d,0x6b,0xef,0x7b,0xcf,0x7b,0xeb,0x5a,0x8e,0x73,
    0x71,0x94,0x30,0x84,0x8e,0x73,0xaa,0x52,0x0c,0x63,0xae,0x73,0xef,0x7b,0x6d,0x6b,
    0x0c,0x63,0x92,0x94,0xaa,0x52,0x4c,0x63,0x51,0x8c,0xeb,0x5a,0x51,0x8c,0xe7,0x39,
    0xc7,0x39,0x86,0x31,0x82,0x10,0x45,0x29,0x04,0x21,0x86,0x31,0x82,0x10,0x82,0x10,
    0x65,0x29,0xc7,0x39,0x61,0x08,0xc3,0x18,0xe3,0x18,0x45,0x29,0xa6,0x31,0x45,0x29,
    0xa6,0x31,0x04,0x21,0x04,0x21,0x20,0x00,0x00,0x00,0x20,0x00,0x00,0x00,0x00,0x00,
    0x61,0x08,0x61,0x08,0x82,0x10,0xa2,0x10,0x45,0x29,0x86,0x31,0x24,0x21,0xc7,0x39,
    0xe7,0x39,0x24,0x21,0x61,0x08,0x82,0x10,0x41,0x08,0x41,0x08,0x61,0x08,0x41,0x08,
    0xa2,0x10,0x44,0x29,0x41,0x08,0xe3,0x18,0xe7,0x39,0xe7,0x39,0xe7,0x39,0x08,0x42,
    0x08,0x42,0x28,0x42,0x65,0x29,0x61,0x08,0x82,0x10,0x20,0x00,0x00,0x00,0x20,0x00,
    0x04,0x21,0xe3,0x18,0xe3,0x18,0xa6,0x31,0x8a,0x52,0x49,0x4a,0x48,0x4a,0x6d,0x6b,
    0x6d,0x6b,0x49,0x4a,0x65,0x29,0xeb,0x5a,0x4d,0x6b,0xaa,0x52,0x24,0x21,0xcb,0x5a,
    0xc7,0x39,0x49,0x4a,0x49,0x4a,0x24,0x21,0xa6,0x31,0x08,0x42,0xe7,0x39,0x04,0x21,
    0xa6,0x31,0x65,0x29,0xa6,0x31,0xe3,0x18,0x82,0x10,0x28,0x42,0xe3,0x18,0x61,0x08,
    0x61,0x08,0x82,0x10,0x82,0x10,0x41,0x08,0x00,0x00,0x00,0x00,0x20,0x00,0x61,0x08,
    0xa2,0x10,0xc2,0x10,0xa2,0x10,0x82,0x10,0xc3,0x18,0xc3,0x18,0xc3,0x18,0xa2,0x10,
    0xa2,0x10,0x61,0x08,0x04,0x21,0x08,0x42,0x28,0x42,0xa6,0x31,0xa2,0x10,0x82,0x10,
    0xa2,0x10,0xc3,0x18,0xa2,0x10,0xa2,0x10,0x82,0x10,0x82,0x10,0x61,0x08,0x41,0x08,
    0x82,0x10,0xe3,0x18,0x61,0x08,0x20,0x00,0x20,0x00,0x20,0x00,0x20,0x00,0x20,0x00,
    0x00,0x00,0x20,0x00,0x41,0x08,0x45,0x29,0xe7,0x39,0x45,0x29,0xc3,0x18,0x82,0x10,
    0x61,0x08,0x61,0x08,0x41,0x08,0xa2,0x10,0x41,0x08,0x00,0x00,0x20,0x00,0x20,0x00,
    0x00,0x00,0xa2,0x10,0x45,0x29,0x03,0x19,0x24,0x21,0xc3,0x18,0xc3,0x18,0x81,0x08,
    0xc2,0x10,0xaa,0x52,0xc7,0x39,0xa6,0x31,0x04,0x21,0x45,0x29,0x86,0x31,0x45,0x29,
    0x08,0x42,0x49,0x4a,0xa6,0x31,0x8e,0x73,0xb2,0x94,0x30,0x84,0x10,0x84,0xf3,0xa4,
    0xd3,0x9c,0x4d,0x6b,0x0c,0x63,0x69,0x4a,0x49,0x4a,0xeb,0x5a,0x49,0x4a,0x69,0x4a,
    0xeb,0x5a,0xef,0x7b,0x10,0x84,0xae,0x73,0x2c,0x63,0xeb,0x5a,0x6d,0x6b,0xef,0x7b,
    0x8e,0x73,0xce,0x7b,0xcf,0x7b,0x30,0x84,0x55,0xad,0xf7,0xbd,0xf7,0xbd,0x96,0xb5,
    0x34,0xa5,0x55,0xad,0x92,0x94,0xf3,0x9c,0x75,0xad,0xd7,0xbd,0x96,0xb5,0xd7,0xbd,
    0xd7,0xbd,0xb6,0xb5,0xd7,0xbd,0xf7,0xbd,0x38,0xc6,0xd7,0xbd,0xf7,0xbd,0x14,0xa5,
    0x92,0x94,0x75,0xad,0x14,0xa5,0x14,0x9d,0x14,0xa5,0xd3,0x9c,0x71,0x8c,0x6d,0x6b,
    0xae,0x73,0x10,0x84,0xef,0x7b,0x0f,0x84,0x50,0x8c,0xcf,0x7b,0x30,0x84,0xf3,0x9c,
    0x71,0x94,0xef,0x7b,0xf3,0x9c,0x4d,0x6b,0x69,0x4a,0x8e,0x73,0x8e,0x73,0xb2,0x94,
    0x71,0x8c,0x51,0x8c,0xeb,0x5a,0xc7,0x39,0xcf,0x7b,0x8e,0x73,0x69,0x4a,0x2c,0x63,
    0xe7,0x39,0xe7,0x39,0xc7,0x39,0xc3,0x18,0x24,0x21,0x04,0x21,0xe3,0x18,0xa2,0x10,
    0xe3,0x18,0x81,0x10,0xc3,0x18,0xc3,0x18,0x24,0x21,0x65,0x29,0x24,0x21,0xe7,0x39,
    0x86,0x31,0x04,0x21,0x04,0x21,0x00,0x00,0x00,0x00,0x00,0x00,0x00,0x00,0x00,0x00,
    0x41,0x08,0xa2,0x10,0xa2,0x10,0x82,0x10,0x24,0x21,0x85,0x29,0x45,0x29,0xc7,0x39,
    0x65,0x29,0x65,0x29,0xe3,0x18,0x82,0x10,0xa6,0x31,0xe7,0x39,0x07,0x42,0xe7,0x39,
    0xe7,0x39,0x45,0x29,0x41,0x08,0x82,0x10,0xe3,0x18,0xe3,0x18,0x65,0x29,0x69,0x4a,
    0x03,0x19,0xc7,0x39,0xa6,0x31,0x61,0x08,0x82,0x10,0x20,0x00,0x00,0x00,0x20,0x00,
    0xe3,0x18,0xe3,0x18,0xe3,0x18,0x86,0x31,0x69,0x4a,0x69,0x4a,0xe7,0x39,0xa6,0x31,
    0x65,0x29,0x65,0x29,0x86,0x31,0x45,0x29,0x24,0x21,0x44,0x29,0x65,0x29,0x45,0x29,
    0x45,0x29,0x45,0x21,0x45,0x29,0x86,0x31,0xc7,0x39,0x28,0x42,0x08,0x42,0x45,0x29,
    0x65,0x29,0x45,0x29,0x86,0x31,0xc3,0x18,0xc3,0x18,0xc7,0x39,0x45,0x29,0x61,0x08,
    0x82,0x10,0xa2,0x10,0x82,0x10,0x41,0x08,0x00,0x00,0x00,0x00,0x20,0x00,0x61,0x08,
    0xa2,0x10,0xa2,0x10,0xa2,0x10,0x82,0x10,0xc3,0x18,0xc3,0x18,0xa2,0x10,0xa2,0x10,
    0x82,0x10,0x24,0x21,0x45,0x29,0x61,0x08,0x82,0x10,0x24,0x21,0xe3,0x18,0x82,0x10,
    0xa2,0x10,0xa2,0x10,0xa2,0x10,0xa2,0x10,0x82,0x10,0x61,0x08,0x61,0x08,0x41,0x08,
    0x82,0x10,0xc3,0x18,0x61,0x08,0x20,0x00,0x20,0x00,0x20,0x00,0x20,0x00,0x20,0x00,
    0x20,0x00,0x20,0x00,0x03,0x19,0xe7,0x39,0xe7,0x39,0x24,0x21,0x82,0x10,0x41,0x08,
    0x61,0x08,0xa2,0x10,0x20,0x00,0x61,0x08,0x41,0x08,0x00,0x00,0x20,0x00,0x00,0x00,
    0x00,0x00,0x61,0x08,0x04,0x21,0x04,0x21,0xe3,0x18,0xc3,0x18,0x24,0x21,0xa2,0x10,
    0xa2,0x10,0xc3,0x18,0x65,0x29,0x04,0x21,0x04,0x21,0xa6,0x31,0x45,0x29,0xa6,0x31,
    0x24,0x21,0x85,0x31,0x4d,0x6b,0xeb,0x5a,0xaa,0x52,0xaa,0x52,0x10,0x84,0xb2,0x94,
    0xeb,0x5a,0x8a,0x52,0xf0,0x83,0x8a,0x52,0x85,0x31,0x49,0x4a,0x2c,0x63,0x28,0x42,
    0x0b,0x63,0x51,0x8c,0x71,0x8c,0x51,0x8c,0xd3,0x9c,0x30,0x8c,0x0c,0x63,0x8e,0x73,
    0xae,0x73,0x8e,0x73,0x10,0x84,0x96,0xb5,0x75,0xad,0xf3,0x9c,0xd7,0xbd,0x55,0xad,
    0x75,0xad,0x13,0xa5,0x75,0xad,0x38,0xc6,0x38,0xce,0x38,0xc6,0x38,0xc6,0xf7,0xbd,
    0x59,0xce,0xf7,0xbd,0x79,0xce,0xf7,0xbd,0x38,0xc6,0x96,0xb5,0x55,0xad,0xb6,0xb5,
    0xd7,0xbd,0xb6,0xb5,0x75,0xad,0xf3,0x9c,0x34,0xa5,0x14,0xa5,0x75,0xad,0x96,0xb5,
    0x10,0x84,0xef,0x7b,0x10,0x84,0xae,0x73,0x0f,0x84,0xb2,0x94,0xb2,0x9c,0x10,0x84,
    0x10,0x84,0xae,0x73,0x10,0x84,0x92,0x94,0x8a,0x52,0x2c,0x63,0xcf,0x7b,0x0c,0x63,
    0x30,0x84,0x8d,0x73,0xef,0x7b,0xc7,0x39,0x8a,0x52,0xef,0x7b,0xaa,0x5a,0x28,0x42,
    0x8a,0x52,0x86,0x31,0x69,0x4a,0x49,0x4a,0xe3,0x18,0x24,0x21,0x82,0x10,0xc3,0x18,
    0x82,0x10,0xa2,0x10,0xe3,0x18,0x04,0x21,0x86,0x31,0x86,0x31,0x45,0x29,0xc7,0x39,
    0x24,0x21,0x24,0x21,0x04,0x19,0x00,0x00,0x00,0x00,0x00,0x00,0x00,0x00,0x00,0x00,
    0x41,0x08,0xa2,0x10,0xc3,0x18,0x04,0x21,0x65,0x29,0x65,0x29,0xe7,0x39,0x08,0x42,
    0x45,0x29,0x86,0x31,0x65,0x29,0x04,0x21,0xa6,0x31,0xc3,0x10,0xc7,0x39,0x24,0x21,
    0x24,0x21,0xc7,0x39,0x41,0x08,0x61,0x08,0x41,0x08,0x20,0x00,0xa2,0x10,0x86,0x31,
    0x41,0x08,0x24,0x21,0x65,0x29,0x41,0x08,0x82,0x10,0x20,0x00,0x00,0x00,0x41,0x08,
    0x04,0x21,0xe3,0x18,0x04,0x21,0x86,0x31,0x28,0x42,0x69,0x4a,0x08,0x42,0xe7,0x39,
    0xc7,0x39,0xc7,0x39,0xc7,0x39,0xc7,0x39,0xc6,0x39,0xa6,0x39,0xc7,0x39,0xc7,0x39,
    0xc7,0x39,0x07,0x42,0x08,0x42,0x69,0x4a,0x8a,0x52,0xcb,0x5a,0x8a,0x52,0xc6,0x31,
    0x45,0x29,0xc7,0x39,0xa6,0x31,0x61,0x08,0x24,0x21,0x86,0x31,0xa6,0x31,0x61,0x08,
    0x82,0x10,0xa2,0x10,0x61,0x08,0x41,0x08,0x00,0x00,0x00,0x00,0x20,0x00,0x61,0x08,
    0xa2,0x10,0xa2,0x10,0xa2,0x10,0xa2,0x10,0xc3,0x18,0xc3,0x10,0x82,0x10,0xa2,0x10,
    0x82,0x10,0xa6,0x31,0x04,0x21,0x82,0x10,0x08,0x42,0x49,0x4a,0xc7,0x39,0xc2,0x10,
    0xa2,0x10,0xa2,0x10,0xa2,0x10,0x82,0x10,0x82,0x10,0x82,0x10,0x82,0x10,0x41,0x08,
    0x82,0x10,0xa2,0x10,0x41,0x08,0x20,0x00,0x20,0x00,0x20,0x00,0x20,0x00,0x20,0x00,
    0x00,0x00,0x82,0x10,0xc7,0x39,0xc7,0x39,0x08,0x42,0xe3,0x18,0x41,0x08,0x82,0x08,
    0x82,0x10,0x00,0x00,0x61,0x08,0xc3,0x18,0x41,0x08,0x00,0x00,0x20,0x00,0x00,0x00,
    0x00,0x00,0x61,0x08,0x03,0x21,0x24,0x21,0x24,0x21,0x04,0x21,0x45,0x29,0x04,0x21,
    0x61,0x08,0xa2,0x10,0x61,0x08,0x24,0x21,0x49,0x4a,0xc6,0x39,0x65,0x29,0x86,0x31,
    0xe7,0x39,0xeb,0x62,0xaa,0x5a,0x89,0x4a,0x69,0x4a,0xeb,0x5a,0xef,0x7b,0x10,0x84,
    0x0f,0x84,0x71,0x8c,0x4d,0x6b,0x4d,0x6b,0x10,0x84,0x34,0xa5,0x91,0x94,0xe7,0x39,
    0xcf,0x7b,0xef,0x7b,0x30,0x84,0x30,0x84,0x51,0x8c,0x55,0xad,0xf3,0x9c,0x51,0x8c,
    0x71,0x8c,0xf3,0x9c,0xd3,0x9c,0x55,0xad,0x96,0xb5,0x35,0xa5,0xb6,0xb5,0x96,0xb5,
    0xd7,0xbd,0xd7,0xbd,0xf7,0xbd,0x55,0xad,0x55,0xad,0x59,0xce,0x38,0xc6,0x75,0xad,
    0xf7,0xbd,0x38,0xc6,0xd6,0xbd,0xd7,0xbd,0x79,0xce,0x55,0xad,0xd7,0xbd,0x9a,0xd6,
    0x38,0xc6,0x55,0xad,0x18,0xc6,0xd6,0xb5,0x55,0xad,0x14,0xa5,0x34,0xa5,0x75,0xad,
    0x55,0xad,0x14,0xa5,0x71,0x8c,0x71,0x8c,0xf3,0x9c,0x10,0x84,0x92,0x94,0x71,0x8c,
    0x30,0x84,0xcf,0x7b,0xae,0x73,0xb2,0x94,0xef,0x7b,0xeb,0x5a,0x0f,0x84,0x50,0x8c,
    0x0c,0x63,0x8e,0x73,0x4d,0x63,0xcb,0x5a,0x28,0x42,0xaa,0x52,0xeb,0x62,0x69,0x4a,
    0x86,0x31,0xa6,0x31,0x65,0x29,0xa6,0x31,0x45,0x29,0x86,0x31,0xa2,0x10,0x81,0x08,
    0x82,0x10,0x03,0x21,0x24,0x21,0x45,0x29,0x86,0x31,0x86,0x31,0x65,0x29,0x44,0x29,
    0x24,0x21,0x45,0x29,0xe3,0x18,0x20,0x00,0x00,0x00,0x00,0x00,0x20,0x00,0x00,0x00,
    0x41,0x08,0x61,0x08,0xa2,0x10,0x24,0x21,0x86,0x31,0xe7,0x39,0x24,0x21,0xc7,0x39,
    0x86,0x31,0x65,0x29,0x86,0x31,0x65,0x29,0xc3,0x18,0xa2,0x10,0x04,0x21,0xc3,0x18,
    0xc3,0x18,0xe3,0x18,0x41,0x08,0x82,0x10,0xa2,0x10,0xc3,0x18,0xe3,0x18,0xe3,0x18,
    0xe3,0x18,0xe3,0x18,0xa2,0x10,0x61,0x08,0x81,0x10,0x20,0x00,0x00,0x00,0x20,0x00,
    0xe3,0x18,0xe3,0x18,0x04,0x21,0x45,0x29,0xc7,0x39,0x28,0x42,0x08,0x42,0xc7,0x39,
    0xe7,0x39,0x08,0x42,0xe7,0x39,0xc7,0x39,0xe7,0x39,0xc7,0x39,0xe7,0x39,0xe7,0x39,
    0xc7,0x39,0xe7,0x39,0xe7,0x39,0x08,0x42,0x28,0x42,0x08,0x42,0xc6,0x39,0x24,0x21,
    0x86,0x31,0x24,0x21,0x65,0x29,0x04,0x21,0x65,0x29,0xa2,0x10,0xa6,0x31,0x04,0x21,
    0x82,0x10,0x82,0x10,0x82,0x10,0x41,0x08,0x00,0x00,0x00,0x00,0x20,0x00,0x61,0x08,
    0xe3,0x18,0xa2,0x10,0x82,0x10,0x82,0x10,0xc3,0x18,0xa2,0x10,0xa2,0x10,0xa2,0x10,
    0x82,0x10,0x86,0x31,0x24,0x21,0xc7,0x39,0x69,0x4a,0x61,0x08,0x65,0x29,0x04,0x21,
    0x82,0x10,0xa2,0x10,0xa2,0x10,0xa2,0x10,0xa2,0x10,0x82,0x10,0x61,0x08,0x41,0x08,
    0x82,0x10,0x82,0x10,0x41,0x08,0x20,0x00,0x20,0x00,0x20,0x00,0x20,0x00,0x00,0x00,
    0x40,0x08,0xc7,0x39,0xc7,0x39,0xc7,0x39,0x65,0x29,0x45,0x29,0xc3,0x18,0x04,0x21,
    0x04,0x21,0x41,0x08,0x61,0x08,0xc3,0x18,0x41,0x08,0x00,0x00,0x00,0x00,0x00,0x00,
    0x00,0x00,0x41,0x08,0x24,0x21,0x04,0x21,0x45,0x29,0x04,0x21,0x45,0x29,0x45,0x29,
    0xc3,0x18,0x82,0x10,0x61,0x08,0x45,0x29,0x24,0x21,0x24,0x21,0x86,0x31,0xe3,0x18,
    0xc7,0x39,0x08,0x42,0x45,0x29,0x08,0x42,0x28,0x42,0x28,0x42,0xae,0x73,0xcf,0x7b,
    0xaa,0x52,0x28,0x42,0x2d,0x63,0xb2,0x94,0xae,0x73,0xae,0x73,0xeb,0x5a,0xaa,0x52,
    0xae,0x73,0x30,0x84,0x71,0x8c,0x0f,0x84,0xf3,0x9c,0x96,0xb5,0xf7,0xbd,0x75,0xad,
    0x96,0xb5,0x59,0xce,0xb2,0x94,0x14,0xa5,0x75,0xad,0xd3,0x9c,0xb2,0x9c,0x14,0xa5,
    0xb6,0xb5,0xd7,0xbd,0xb6,0xb5,0xf7,0xbd,0x75,0xad,0x9a,0xd6,0x79,0xce,0x75,0xad,
    0x96,0xb5,0x59,0xce,0xd7,0xbd,0x14,0xa5,0x9a,0xd6,0x9a,0xd6,0xba,0xd6,0x18,0xc6,
    0x96,0xb5,0xb6,0xb5,0xb6,0xb5,0xd7,0xbd,0x55,0xad,0x18,0xc6,0x75,0xad,0x34,0xa5,
    0xb6,0xb5,0x18,0xc6,0x34,0xa5,0xf7,0xbd,0xb7,0xbd,0x14,0xa5,0x96,0xb5,0xf0,0x83,
    0xeb,0x5a,0xae,0x73,0xef,0x7b,0xce,0x7b,0x13,0xa5,0x72,0x94,0x8d,0x73,0xef,0x7b,
    0xb2,0x94,0xcf,0x7b,0x8e,0x73,0x28,0x42,0x08,0x42,0x86,0x31,0xe3,0x18,0xc3,0x18,
    0x24,0x21,0x28,0x42,0x86,0x31,0xa2,0x10,0x04,0x21,0x45,0x29,0x86,0x31,0x61,0x08,
    0xc3,0x18,0xe3,0x18,0xe3,0x18,0x45,0x29,0xa6,0x31,0x86,0x31,0x86,0x31,0x04,0x21,
    0xaa,0x52,0x24,0x21,0xe3,0x18,0x41,0x08,0x00,0x00,0x00,0x00,0x00,0x00,0x00,0x00,
    0x41,0x08,0xc3,0x18,0xe3,0x18,0x44,0x21,0x86,0x31,0xe7,0x41,0x86,0x31,0x45,0x29,
    0x24,0x21,0xe3,0x18,0x86,0x31,0x86,0x31,0x86,0x31,0xc7,0x39,0xa6,0x31,0xc6,0x39,
    0xe7,0x39,0x24,0x21,0x20,0x00,0x04,0x21,0x49,0x4a,0x28,0x42,0x49,0x4a,0x69,0x4a,
    0xe8,0x41,0x28,0x42,0x65,0x29,0x41,0x08,0x61,0x08,0x20,0x00,0x00,0x00,0x00,0x00,
    0x00,0x00,0x20,0x00,0x82,0x10,0xa2,0x10,0xc3,0x18,0xe3,0x18,0xc3,0x18,0xa2,0x10,
    0xc3,0x18,0xc3,0x18,0xc3,0x18,0xa2,0x10,0xa2,0x10,0xa2,0x10,0x82,0x10,0x82,0x10,
    0x82,0x10,0x61,0x08,0x61,0x08,0x41,0x08,0x61,0x08,0x41,0x08,0x41,0x08,0x20,0x00,
    0x24,0x21,0xe3,0x18,0xc3,0x18,0x24,0x21,0x24,0x21,0x82,0x10,0x04,0x21,0x04,0x21,
    0x61,0x08,0x61,0x08,0x82,0x10,0x41,0x08,0x00,0x00,0x00,0x00,0x20,0x00,0x61,0x08,
    0xc3,0x18,0xa2,0x10,0x82,0x10,0xa2,0x10,0xa2,0x10,0xa2,0x10,0xa2,0x10,0xa2,0x10,
    0x82,0x10,0x04,0x21,0x49,0x4a,0x69,0x4a,0xe3,0x18,0xc3,0x18,0x86,0x31,0xa2,0x10,
    0x82,0x10,0xa2,0x10,0xa2,0x10,0xa2,0x10,0x82,0x10,0x61,0x08,0x61,0x08,0x20,0x00,
    0x61,0x08,0x82,0x10,0x41,0x08,0x20,0x00,0x20,0x00,0x20,0x00,0x20,0x00,0x00,0x00,
    0x65,0x29,0xc7,0x39,0x65,0x29,0xa6,0x31,0x65,0x29,0xa6,0x31,0x65,0x29,0xa6,0x31,
    0x24,0x21,0xe3,0x18,0x04,0x21,0xa2,0x10,0x20,0x00,0x00,0x00,0x00,0x00,0x00,0x00,
    0x00,0x00,0x41,0x08,0x04,0x21,0x24,0x21,0x24,0x21,0x24,0x21,0x04,0x21,0x24,0x21,
    0xe3,0x18,0x61,0x08,0xa2,0x10,0x61,0x08,0x08,0x42,0xc7,0x39,0xe3,0x18,0x24,0x21,
    0x81,0x10,0x61,0x08,0x24,0x21,0x49,0x4a,0x86,0x31,0x86,0x31,0xcb,0x5a,0x0c,0x63,
    0x24,0x21,0xaa,0x52,0xf3,0x9c,0x30,0x84,0x69,0x4a,0xcf,0x7b,0x6d,0x6b,0x49,0x4a,
    0x69,0x4a,0x8e,0x73,0x30,0x84,0xb2,0x94,0xf3,0x9c,0x55,0xad,0x75,0xb5,0xb6,0xb5,
    0x96,0xb5,0xd7,0xbd,0x34,0xa5,0x96,0xb5,0x92,0x94,0xf3,0x9c,0xd7,0xbd,0xf7,0xbd,
    0x59,0xce,0x14,0xa5,0xb2,0x94,0xba,0xd6,0x79,0xce,0xd3,0x9c,0xb6,0xb5,0x9a,0xd6,
    0xf7,0xbd,0x55,0xad,0x79,0xce,0x75,0xad,0xd7,0xbd,0x79,0xce,0x9a,0xd6,0x59,0xce,
    0x96,0xb5,0x75,0xad,0x55,0xad,0x14,0xa5,0x59,0xce,0x96,0xb5,0x51,0x8c,0xb6,0xb5,
    0x18,0xc6,0xf3,0x9c,0xf3,0x9c,0xd7,0xbd,0x18,0xc6,0x96,0xb5,0xf3,0x9c,0x92,0x94,
    0x30,0x84,0x0c,0x63,0x4c,0x6b,0x0c,0x63,0x49,0x4a,0xd3,0x9c,0x51,0x8c,0x8a,0x52,
    0x6d,0x6b,0x92,0x94,0x6d,0x6b,0x0c,0x63,0xe7,0x39,0xe7,0x39,0x08,0x42,0x86,0x31,
    0x20,0x00,0xa2,0x10,0xe7,0x39,0xc3,0x18,0x65,0x29,0xa2,0x10,0xc3,0x18,0xc3,0x10,
    0xa2,0x10,0xc3,0x18,0x65,0x29,0xa6,0x31,0x65,0x29,0xc7,0x39,0xe3,0x18,0x08,0x42,
    0xe7,0x39,0xc3,0x18,0xe3,0x18,0x82,0x10,0x00,0x00,0x00,0x00,0x00,0x00,0x00,0x00,
    0x20,0x00,0xa2,0x10,0x04,0x21,0x45,0x29,0xa6,0x31,0x65,0x29,0xe7,0x39,0x86,0x31,
    0x45,0x29,0xe3,0x18,0x65,0x29,0x86,0x31,0x45,0x29,0xe3,0x18,0xe3,0x18,0x61,0x08,
    0x04,0x21,0xe7,0x39,0x41,0x08,0x24,0x21,0xc7,0x39,0x82,0x10,0x24,0x21,0xe7,0x39,
    0x41,0x08,0x44,0x29,0x65,0x29,0x20,0x00,0x61,0x08,0x20,0x00,0x00,0x00,0x00,0x00,
    0x00,0x00,0x00,0x00,0x00,0x00,0x00,0x00,0x00,0x00,0x00,0x00,0x00,0x00,0x20,0x00,
    0x20,0x00,0x20,0x00,0x20,0x00,0x20,0x00,0x20,0x00,0x20,0x00,0x41,0x00,0x41,0x08,
    0x41,0x08,0x41,0x08,0x41,0x08,0x41,0x08,0x41,0x08,0x61,0x08,0x41,0x08,0x41,0x08,
    0x82,0x10,0x82,0x10,0x82,0x10,0x82,0x10,0x82,0x10,0x82,0x10,0x61,0x08,0x61,0x08,
    0x61,0x08,0x61,0x08,0x82,0x10,0x41,0x08,0x00,0x00,0x00,0x00,0x20,0x00,0x41,0x08,
    0xc3,0x18,0xc3,0x18,0xa2,0x10,0xa2,0x10,0xa2,0x10,0xa3,0x10,0xa2,0x10,0xc3,0x18,
    0xa2,0x10,0x82,0x10,0x82,0x10,0x82,0x10,0x82,0x10,0xa2,0x10,0xa2,0x10,0x82,0x10,
    0xa2,0x10,0xa2,0x10,0x82,0x10,0xa2,0x10,0x82,0x10,0x61,0x08,0x82,0x10,0x40,0x08,
    0x61,0x08,0xa2,0x10,0x61,0x08,0x20,0x00,0x20,0x00,0x20,0x00,0x00,0x00,0x82,0x10,
    0x07,0x42,0x65,0x29,0x86,0x31,0x08,0x42,0xa6,0x31,0xa6,0x31,0x86,0x31,0xe3,0x18,
    0x82,0x10,0xa2,0x10,0x82,0x10,0x61,0x08,0x20,0x00,0x00,0x00,0x00,0x00,0x00,0x00,
    0x20,0x00,0x82,0x10,0x03,0x19,0x65,0x29,0x04,0x21,0x45,0x29,0x04,0x21,0x24,0x21,
    0xe3,0x18,0x82,0x10,0xa2,0x10,0xe3,0x18,0xe3,0x18,0x82,0x10,0x24,0x21,0xa2,0x10,
    0x86,0x31,0x04,0x21,0x65,0x29,0x04,0x21,0xa6,0x31,0xe3,0x18,0x28,0x42,0x6a,0x52,
    0x4d,0x6b,0xae,0x73,0x4d,0x6b,0xae,0x73,0x30,0x84,0x92,0x94,0xd3,0x9c,0x8a,0x52,
    0xaa,0x52,0x8a,0x52,0xae,0x73,0x91,0x94,0xb6,0xb5,0xb6,0xb5,0xd7,0xbd,0xd7,0xbd,
    0xf3,0x9c,0xcf,0x7b,0xd2,0x9c,0x55,0xad,0x54,0xad,0x14,0xa5,0x75,0xad,0x59,0xce,
    0x99,0xd6,0x34,0xa5,0xb2,0x94,0x55,0xad,0x38,0xc6,0xf3,0x9c,0x75,0xad,0xb6,0xb5,
    0x75,0xad,0x14,0xa5,0x9a,0xd6,0x38,0xc6,0x96,0xb5,0xd7,0xbd,0x59,0xce,0x38,0xc6,
    0x39,0xc6,0xd7,0xbd,0x75,0xad,0xf7,0xbd,0x18,0xc6,0x75,0xad,0x71,0x8c,0x95,0xb5,
    0x75,0xb5,0xb2,0x94,0x14,0xa5,0xf7,0xbd,0x96,0xb5,0x55,0xad,0xd3,0x9c,0xef,0x7b,
    0x71,0x8c,0x8e,0x73,0xaa,0x52,0x50,0x8c,0x8e,0x73,0xeb,0x5a,0x14,0xa5,0xf3,0x9c,
    0x4d,0x6b,0xeb,0x5a,0xab,0x5a,0x10,0x84,0xd3,0x9c,0x4d,0x6b,0x86,0x31,0xa6,0x31,
    0x66,0x31,0x61,0x08,0x00,0x00,0x61,0x08,0xc3,0x18,0xe3,0x18,0xc3,0x10,0xa2,0x10,
    0xc3,0x18,0xc3,0x18,0xc7,0x39,0x65,0x29,0x86,0x31,0x65,0x29,0x65,0x29,0x49,0x4a,
    0xe3,0x18,0xa6,0x31,0xc3,0x18,0xc3,0x18,0x61,0x08,0x00,0x00,0x00,0x00,0x00,0x00,
    0x20,0x00,0xc3,0x18,0x04,0x21,0xa6,0x31,0x45,0x29,0x86,0x31,0x28,0x42,0x45,0x29,
    0x04,0x21,0x24,0x21,0x65,0x29,0xc7,0x39,0x24,0x21,0xc7,0x39,0x45,0x29,0x82,0x10,
    0xc7,0x39,0x24,0x21,0x61,0x08,0x04,0x21,0x65,0x29,0x41,0x08,0x82,0x10,0x04,0x21,
    0x20,0x00,0xc3,0x18,0x24,0x21,0x41,0x08,0x61,0x08,0x20,0x00,0x00,0x00,0x00,0x00,
    0x00,0x00,0x00,0x00,0x00,0x00,0x00,0x00,0x00,0x00,0x20,0x00,0x00,0x00,0x61,0x08,
    0xc3,0x18,0xc3,0x18,0xc3,0x18,0xa2,0x10,0xa2,0x10,0xa2,0x10,0xa2,0x10,0xa2,0x10,
    0xa2,0x10,0xa2,0x10,0xc3,0x18,0xc3,0x18,0xc3,0x18,0xe3,0x18,0xc3,0x18,0xa2,0x10,
    0x82,0x10,0x82,0x10,0x82,0x10,0x82,0x10,0xa2,0x10,0x82,0x10,0x61,0x08,0x82,0x10,
    0x82,0x10,0x82,0x10,0x82,0x10,0x41,0x08,0x00,0x00,0x00,0x00,0x20,0x00,0x61,0x08,
    0xa2,0x10,0xc2,0x18,0x82,0x10,0xa2,0x10,0xc2,0x10,0xc3,0x18,0xa2,0x10,0xa2,0x10,
    0xa2,0x10,0xa2,0x10,0xa2,0x10,0xa2,0x10,0xa2,0x10,0xc3,0x18,0xc3,0x18,0xa2,0x10,
    0xa2,0x10,0xa2,0x10,0x82,0x10,0xa2,0x10,0x82,0x10,0x82,0x10,0x61,0x08,0x40,0x00,
    0x61,0x08,0xa2,0x10,0x41,0x08,0x20,0x00,0x20,0x00,0x20,0x00,0x00,0x00,0xe3,0x18,
    0xe7,0x39,0x45,0x29,0xa6,0x31,0x08,0x42,0x86,0x31,0xa6,0x31,0x45,0x29,0x86,0x31,
    0x24,0x21,0xa2,0x10,0x82,0x10,0x41,0x08,0x20,0x00,0x00,0x00,0x00,0x00,0x00,0x00,
    0x82,0x10,0xa2,0x10,0xc3,0x18,0x86,0x29,0x45,0x29,0x24,0x21,0x45,0x29,0x45,0x29,
    0xe3,0x18,0xa2,0x10,0x82,0x10,0xe3,0x18,0x61,0x08,0x61,0x08,0x41,0x08,0x08,0x42,
    0xc7,0x39,0xe3,0x18,0x24,0x21,0xc7,0x39,0x45,0x29,0xa6,0x31,0x0c,0x63,0x8e,0x73,
    0xcf,0x7b,0x6d,0x6b,0x2c,0x63,0x10,0x84,0xae,0x73,0x55,0xad,0x71,0x8c,0x2c,0x63,
    0x30,0x84,0x71,0x8c,0x10,0x84,0xf3,0x9c,0xf3,0x9c,0xf3,0x9c,0x96,0xb5,0x34,0xa5,
    0x92,0x94,0xd3,0x9c,0x10,0x84,0xef,0x7b,0xd3,0x9c,0x92,0x94,0x51,0x8c,0xd6,0xbd,
    0xf7,0xbd,0xd3,0x9c,0xd7,0xbd,0x96,0xb5,0xb6,0xb5,0x96,0xb5,0x96,0xb5,0x13,0xa5,
    0xb2,0x94,0xd3,0x9c,0xf7,0xbd,0xf7,0xbd,0x96,0xb5,0xf7,0xbd,0xd3,0x9c,0x96,0xb5,
    0xd7,0xbd,0x14,0xa5,0x55,0xad,0x14,0xa5,0x10,0x84,0x92,0x94,0x55,0xad,0x75,0xad,
    0x14,0xa5,0x92,0x94,0x34,0xa5,0x14,0xa5,0x18,0xc6,0x55,0xad,0x92,0x94,0x0f,0x84,
    0x6d,0x6b,0x91,0x94,0x8e,0x73,0xeb,0x5a,0x71,0x8c,0x92,0x94,0x69,0x4a,0x6d,0x6b,
    0x0c,0x63,0x2c,0x63,0x69,0x4a,0x8a,0x52,0x8a,0x52,0x4d,0x6b,0x49,0x4a,0x65,0x29,
    0xc3,0x18,0x45,0x29,0x20,0x00,0x61,0x08,0xa2,0x10,0x82,0x10,0xc3,0x18,0xa2,0x10,
    0x04,0x21,0x45,0x29,0xa6,0x31,0xa6,0x31,0xa7,0x39,0x04,0x21,0x8a,0x52,0xc3,0x18,
    0xa2,0x10,0x24,0x21,0xc3,0x18,0x04,0x21,0xc3,0x18,0x20,0x00,0x00,0x00,0x00,0x00,
    0x41,0x08,0xa2,0x10,0x04,0x21,0x65,0x31,0x24,0x21,0x65,0x29,0xa6,0x31,0x86,0x31,
    0xc3,0x18,0x45,0x29,0xa2,0x10,0x65,0x29,0xa6,0x31,0x65,0x29,0xe3,0x18,0x04,0x21,
    0x24,0x21,0x82,0x10,0x62,0x10,0x82,0x10,0xa2,0x10,0x04,0x21,0xe4,0x20,0xe3,0x18,
    0xe3,0x18,0x82,0x10,0x41,0x08,0x61,0x08,0x61,0x08,0x20,0x00,0x00,0x00,0x00,0x00,
    0x00,0x00,0x00,0x00,0x00,0x00,0x00,0x00,0x00,0x00,0x00,0x00,0x00,0x00,0x20,0x00,
    0xe3,0x18,0x04,0x21,0xa2,0x10,0xa2,0x10,0xa2,0x10,0xc3,0x18,0xc3,0x18,0xa2,0x10,
    0x82,0x10,0xa2,0x10,0xa2,0x10,0xa2,0x10,0xa2,0x10,0xa2,0x10,0xa2,0x10,0x82,0x10,
    0x61,0x08,0x61,0x08,0x82,0x10,0x82,0x10,0x82,0x10,0xa2,0x10,0xa2,0x10,0xa3,0x10,
    0xc3,0x18,0xc3,0x18,0x61,0x08,0x20,0x00,0x00,0x00,0x00,0x00,0x20,0x00,0x61,0x08,
    0xa2,0x10,0xe3,0x18,0xa2,0x10,0xa2,0x10,0xa2,0x10,0xc3,0x10,0xa2,0x10,0xa2,0x10,
    0xa2,0x10,0xa2,0x10,0x82,0x10,0x81,0x08,0x82,0x10,0x82,0x10,0xa2,0x10,0xa2,0x10,
    0xa2,0x10,0x82,0x10,0x82,0x10,0xa2,0x10,0x82,0x10,0x82,0x10,0x61,0x08,0x20,0x00,
    0x61,0x08,0x81,0x10,0x41,0x08,0x20,0x00,0x20,0x00,0x20,0x00,0x86,0x31,0x07,0x42,
    0x08,0x42,0x24,0x21,0x49,0x4a,0x28,0x42,0x65,0x29,0x65,0x29,0x86,0x31,0x86,0x31,
    0x65,0x29,0x65,0x29,0x24,0x21,0x41,0x08,0x00,0x00,0x00,0x00,0x00,0x00,0x41,0x08,
    0xa2,0x10,0xc3,0x18,0x82,0x10,0x04,0x21,0xc7,0x39,0xc3,0x18,0x04,0x21,0x24,0x21,
    0x45,0x29,0xe3,0x18,0xe3,0x18,0x81,0x10,0x82,0x10,0x61,0x08,0x41,0x08,0x82,0x10,
    0x61,0x08,0x04,0x21,0x45,0x29,0xe4,0x20,0xe3,0x18,0xc7,0x39,0x4d,0x6b,0x10,0x84,
    0x50,0x8c,0x71,0x8c,0xae,0x73,0x69,0x4a,0x6d,0x6b,0x30,0x84,0x69,0x4a,0x8e,0x73,
    0x51,0x8c,0xef,0x7b,0x2c,0x63,0xb2,0x94,0xb2,0x94,0x96,0xb5,0x55,0xad,0x96,0xb5,
    0x35,0xa5,0xb2,0x94,0x92,0x94,0x92,0x94,0xef,0x83,0xf3,0x9c,0x92,0x94,0x96,0xb5,
    0x96,0xb5,0x14,0xa5,0x14,0xa5,0x92,0x94,0xf7,0xbd,0x54,0xad,0x75,0xad,0x96,0xb5,
    0xd3,0x9c,0x55,0xad,0x14,0xa5,0xf3,0x9c,0xb2,0x94,0x96,0xb5,0x18,0xc6,0xf7,0xbd,
    0xf7,0xbd,0x75,0xad,0x14,0xa5,0x34,0xa5,0x14,0xa5,0x34,0xa5,0x51,0x8c,0x51,0x8c,
    0x18,0xc6,0x75,0xad,0xb2,0x94,0x34,0xad,0x14,0xa5,0x34,0xa5,0x34,0xa5,0xf3,0x9c,
    0x91,0x94,0xd3,0x9c,0xf4,0x9c,0x71,0x8c,0xeb,0x5a,0xf3,0xa4,0x71,0x8c,0xef,0x7b,
    0x49,0x4a,0xaa,0x52,0x69,0x4a,0x28,0x42,0xa6,0x31,0x45,0x29,0x24,0x21,0x65,0x29,
    0x04,0x21,0x65,0x29,0x81,0x08,0x61,0x08,0x82,0x10,0xc3,0x18,0xe3,0x18,0x24,0x21,
    0x65,0x29,0xc7,0x39,0xa6,0x39,0xe7,0x39,0xe3,0x18,0x28,0x42,0x66,0x31,0x61,0x08,
    0xa2,0x10,0xc3,0x18,0xa2,0x10,0x45,0x29,0x04,0x21,0x41,0x08,0x00,0x00,0x00,0x00,
    0x20,0x00,0xe3,0x18,0xe3,0x18,0x65,0x29,0xc7,0x39,0x65,0x29,0x48,0x4a,0x28,0x42,
    0x44,0x29,0x24,0x21,0x04,0x21,0x45,0x29,0x86,0x31,0xa6,0x31,0xa6,0x31,0x45,0x29,
    0x85,0x29,0xc7,0x39,0x61,0x08,0xc3,0x18,0xe7,0x39,0xe7,0x39,0xa6,0x31,0xa6,0x31,
    0xa6,0x31,0xe7,0x39,0x04,0x21,0x41,0x08,0x61,0x08,0x20,0x00,0x00,0x00,0x00,0x00,
    0x00,0x00,0x00,0x00,0x00,0x00,0x00,0x00,0x20,0x00,0x20,0x00,0x20,0x00,0x00,0x00,
    0x20,0x00,0x24,0x21,0x24,0x21,0xe3,0x18,0xa2,0x10,0xa2,0x10,0xa2,0x18,0xe3,0x18,
    0x24,0x21,0xa2,0x10,0x61,0x08,0x61,0x10,0x82,0x10,0x82,0x10,0x82,0x10,0xa2,0x10,
    0x82,0x10,0x82,0x10,0x82,0x10,0x82,0x10,0x82,0x10,0x82,0x10,0x82,0x10,0xa2,0x10,
    0xa2,0x10,0x82,0x10,0x41,0x08,0x20,0x00,0x00,0x00,0x00,0x00,0x20,0x00,0x61,0x08,
    0xa2,0x10,0xe3,0x18,0x82,0x10,0xa2,0x10,0xc3,0x18,0xe3,0x18,0xc3,0x18,0xc3,0x18,
    0xa2,0x10,0x82,0x10,0x24,0x21,0xc7,0x39,0xe7,0x39,0x86,0x31,0xa2,0x10,0x82,0x10,
    0xa2,0x10,0x82,0x10,0xa2,0x10,0x82,0x10,0x62,0x08,0x61,0x08,0x61,0x08,0x20,0x00,
    0x61,0x08,0x82,0x10,0x61,0x08,0x20,0x00,0x20,0x00,0x00,0x00,0xe3,0x18,0xe7,0x39,
    0x04,0x21,0x45,0x29,0x69,0x4a,0x08,0x42,0xa7,0x39,0x08,0x42,0x28,0x42,0xe7,0x39,
    0x44,0x21,0x04,0x21,0x45,0x29,0xc2,0x18,0x00,0x00,0x00,0x00,0x20,0x00,0x82,0x10,
    0xc3,0x18,0xc3,0x18,0xa2,0x10,0xc3,0x18,0x86,0x31,0x24,0x21,0xc3,0x18,0x45,0x29,
    0x24,0x21,0xe3,0x18,0x24,0x21,0x24,0x21,0xa2,0x10,0x61,0x08,0x41,0x08,0x20,0x00,
    0x82,0x10,0xa6,0x39,0xa6,0x31,0xe7,0x39,0xa6,0x31,0x86,0x31,0x8a,0x52,0xaa,0x52,
    0x49,0x4a,0xcb,0x5a,0x86,0x31,0xcb,0x5a,0xcf,0x7b,0xef,0x7b,0xef,0x7b,0x8d,0x73,
    0xb2,0x94,0x71,0x8c,0x30,0x84,0x96,0xb5,0xb6,0xb5,0xf3,0x9c,0x35,0xad,0x55,0xad,
    0x92,0x94,0x14,0xa5,0x75,0xad,0x10,0x84,0xef,0x7b,0xf3,0x9c,0xb2,0x94,0xf3,0x9c,
    0xd3,0x9c,0x96,0xb5,0x30,0x84,0xd3,0x9c,0xcf,0x7b,0x51,0x8c,0x55,0xad,0x34,0xa5,
    0x34,0xa5,0x34,0xa5,0xf3,0x9c,0x92,0x94,0x55,0xad,0x14,0xa5,0xd7,0xbd,0xd7,0xbd,
    0xd7,0xbd,0xd7,0xbd,0xd7,0xbd,0xf3,0x9c,0x34,0xa5,0x75,0xad,0x34,0xa5,0xb2,0x94,
    0x96,0xb5,0x95,0xb5,0xf3,0x9c,0x71,0x94,0x55,0xad,0x92,0x94,0xb2,0x9c,0x96,0xb5,
    0x34,0xa5,0x75,0xad,0x92,0x94,0xf3,0x9c,0x72,0x94,0xcf,0x7b,0x92,0x94,0x6d,0x6b,
    0x28,0x42,0xaa,0x52,0xeb,0x5a,0xe7,0x39,0x86,0x31,0x04,0x21,0xc3,0x18,0x82,0x10,
    0xa2,0x10,0x82,0x10,0x81,0x10,0x82,0x10,0xa2,0x10,0xe3,0x18,0xc3,0x18,0xa6,0x31,
    0x45,0x29,0xe7,0x39,0x65,0x29,0x24,0x21,0xc7,0x39,0x08,0x42,0xa2,0x10,0xe3,0x18,
    0xc3,0x18,0xe3,0x18,0xa2,0x10,0x24,0x21,0x24,0x21,0x82,0x10,0x20,0x00,0x00,0x00,
    0x41,0x08,0x24,0x21,0x24,0x21,0xc7,0x39,0xa6,0x31,0x65,0x29,0x49,0x4a,0x08,0x42,
    0x28,0x42,0x44,0x29,0x85,0x31,0xa6,0x31,0x85,0x31,0x85,0x31,0x86,0x31,0x65,0x29,
    0x45,0x29,0xe7,0x39,0x41,0x08,0x45,0x29,0xc7,0x39,0x41,0x08,0x41,0x08,0x41,0x08,
    0x41,0x08,0x45,0x29,0xa6,0x31,0x40,0x00,0x61,0x08,0x20,0x00,0x00,0x00,0x00,0x00,
    0x00,0x00,0x00,0x00,0x00,0x00,0x00,0x00,0x20,0x00,0x20,0x00,0x20,0x00,0x20,0x00,
    0x20,0x00,0x61,0x08,0x24,0x21,0xe3,0x20,0xa2,0x10,0xc3,0x10,0x82,0x10,0x24,0x21,
    0xcb,0x5a,0x24,0x21,0x61,0x08,0xa2,0x10,0xc3,0x18,0xc3,0x18,0x82,0x10,0x65,0x29,
    0x82,0x10,0xa2,0x10,0xa2,0x10,0x82,0x10,0x82,0x10,0x41,0x08,0x41,0x08,0x61,0x08,
    0x41,0x08,0x41,0x08,0x41,0x08,0x20,0x00,0x00,0x00,0x00,0x00,0x20,0x00,0x61,0x08,
    0xc3,0x18,0xe3,0x18,0x61,0x08,0x61,0x08,0x82,0x10,0xc3,0x18,0xc2,0x18,0xa2,0x10,
    0x82,0x10,0x24,0x21,0x49,0x4a,0x65,0x29,0x24,0x21,0xa6,0x31,0xc7,0x39,0xa2,0x10,
    0xa2,0x10,0x82,0x10,0xa2,0x10,0x82,0x10,0x61,0x08,0x61,0x08,0x61,0x08,0x20,0x00,
    0x61,0x08,0x82,0x10,0x41,0x08,0x20,0x00,0x20,0x00,0x00,0x00,0x20,0x00,0x82,0x10,
    0xa2,0x10,0xc7,0x39,0x8a,0x52,0x86,0x31,0x86,0x31,0x28,0x42,0x08,0x42,0xc7,0x39,
    0x65,0x29,0xe3,0x18,0xc3,0x18,0x82,0x10,0x20,0x00,0x00,0x00,0x41,0x08,0xa2,0x10,
    0xe3,0x18,0xe3,0x18,0xa2,0x10,0x04,0x21,0xe3,0x18,0xa6,0x31,0xc3,0x18,0x04,0x21,
    0x65,0x29,0x24,0x21,0xe3,0x18,0x24,0x21,0xe3,0x18,0x82,0x10,0x61,0x08,0x61,0x08,
    0x61,0x08,0x82,0x10,0x65,0x29,0xa6,0x31,0x45,0x29,0xa7,0x31,0x86,0x31,0xc3,0x18,
    0x69,0x4a,0x8e,0x73,0x8d,0x73,0x4d,0x6b,0xcf,0x7b,0xd2,0x9c,0xef,0x83,0x50,0x8c,
    0x30,0x84,0x6d,0x73,0xb2,0x94,0x71,0x8c,0x30,0x84,0xf3,0x9c,0x55,0xad,0xf3,0x9c,
    0x51,0x8c,0x30,0x84,0x6d,0x6b,0xae,0x73,0x14,0xa5,0xef,0x7b,0x91,0x8c,0xb2,0x94,
    0xd3,0x9c,0x75,0xad,0xd3,0x9c,0xb2,0x94,0x6d,0x6b,0xcf,0x7b,0xb2,0x94,0xf3,0x9c,
    0x30,0x84,0x10,0x84,0x51,0x8c,0xef,0x7b,0xb2,0x94,0xd3,0x9c,0x34,0xa5,0x55,0xad,
    0xd7,0xbd,0xb6,0xbd,0x55,0xad,0x14,0xa5,0xf3,0x9c,0xf3,0x9c,0x92,0x94,0x34,0xa5,
    0x75,0xb5,0x75,0xad,0x55,0xad,0x14,0xa5,0x96,0xb5,0x14,0xa5,0x71,0x8c,0xd2,0x9c,
    0xd3,0x9c,0xd3,0x9c,0xb2,0x94,0xef,0x7b,0xef,0x83,0x71,0x8c,0x71,0x8c,0x49,0x4a,
    0x08,0x42,0x04,0x21,0x08,0x42,0xe7,0x41,0x45,0x29,0xe3,0x18,0x61,0x08,0x20,0x00,
    0x41,0x08,0x61,0x08,0x82,0x10,0xa2,0x10,0xe3,0x18,0x82,0x10,0x86,0x31,0x65,0x29,
    0x86,0x31,0xa6,0x31,0xa2,0x10,0x86,0x31,0x69,0x4a,0xe3,0x18,0x04,0x21,0xa2,0x10,
    0xc3,0x18,0xc3,0x18,0xa2,0x10,0x24,0x21,0x45,0x29,0xa2,0x10,0x40,0x00,0x00,0x00,
    0x61,0x08,0x04,0x21,0x65,0x29,0xc7,0x39,0x86,0x31,0xc7,0x39,0x28,0x42,0x49,0x4a,
    0xe7,0x39,0xc7,0x39,0xe7,0x39,0x45,0x29,0x65,0x29,0xc7,0x39,0x86,0x31,0xc7,0x39,
    0x48,0x4a,0xc3,0x18,0x61,0x08,0xa2,0x10,0xc7,0x39,0x86,0x31,0x61,0x08,0x61,0x08,
    0x04,0x21,0x08,0x42,0xe3,0x18,0x41,0x08,0x61,0x08,0x20,0x00,0x00,0x00,0x00,0x00,
    0x00,0x00,0x00,0x00,0x00,0x00,0x00,0x00,0x20,0x00,0x20,0x00,0x20,0x00,0x20,0x00,
    0x00,0x00,0x61,0x08,0x45,0x29,0xe3,0x18,0xe3,0x18,0x45,0x29,0xe3,0x18,0x86,0x31,
    0x8e,0x73,0xc7,0x39,0xa2,0x10,0xe3,0x18,0xe3,0x18,0xe3,0x18,0xe3,0x18,0x69,0x4a,
    0xe3,0x18,0xe3,0x18,0x03,0x19,0xc3,0x18,0xa2,0x10,0x82,0x10,0xa2,0x10,0xc3,0x18,
    0xc3,0x18,0xa2,0x10,0x61,0x08,0x40,0x00,0x00,0x00,0x00,0x00,0x20,0x00,0x41,0x08,
    0xa2,0x10,0xc3,0x18,0x82,0x10,0x82,0x10,0x61,0x08,0x82,0x10,0xa2,0x10,0xa2,0x10,
    0x82,0x10,0x65,0x29,0xc3,0x18,0x41,0x08,0x61,0x08,0x41,0x08,0x24,0x21,0x04,0x21,
    0x82,0x10,0x82,0x10,0xa2,0x10,0xa2,0x10,0x82,0x10,0x61,0x08,0x82,0x10,0x41,0x08,
    0x82,0x10,0xa2,0x10,0x41,0x08,0x20,0x00,0x00,0x00,0xa2,0x10,0x65,0x29,0x45,0x29,
    0xa6,0x31,0x49,0x4a,0x69,0x4a,0xe7,0x39,0x69,0x4a,0x28,0x4a,0x08,0x42,0xc7,0x39,
    0xc6,0x31,0x24,0x21,0xc3,0x18,0x82,0x10,0x20,0x00,0x00,0x00,0x61,0x08,0xc3,0x18,
    0x24,0x21,0x04,0x21,0x82,0x10,0x04,0x21,0x24,0x21,0x65,0x29,0xc7,0x39,0x04,0x21,
    0x65,0x29,0x65,0x29,0x03,0x19,0x24,0x21,0xe3,0x18,0xa2,0x10,0x61,0x08,0x61,0x08,
    0x61,0x08,0x61,0x08,0x20,0x00,0x82,0x10,0xa6,0x31,0xa6,0x31,0xe7,0x39,0xeb,0x5a,
    0x71,0x8c,0x8e,0x73,0xeb,0x5a,0xd3,0x9c,0x14,0xa5,0xce,0x7b,0x2c,0x63,0x92,0x94,
    0xcf,0x7b,0xf3,0x9c,0x34,0xa5,0xef,0x7b,0x4d,0x6b,0x92,0x94,0x75,0xad,0xd3,0x9c,
    0x51,0x8c,0x30,0x84,0x6d,0x6b,0xae,0x73,0x92,0x94,0xd3,0x9c,0x71,0x8c,0xd2,0x9c,
    0x92,0x94,0x75,0xad,0x75,0xad,0xb6,0xb5,0x34,0xa5,0xef,0x7b,0x8e,0x73,0x8e,0x73,
    0x30,0x84,0x71,0x8c,0x54,0xad,0x55,0xad,0xb2,0x94,0x55,0xad,0x13,0x9d,0x75,0xad,
    0x30,0x84,0x51,0x8c,0x14,0xa5,0xd3,0x9c,0x51,0x8c,0x92,0x94,0x10,0x84,0x71,0x8c,
    0x9a,0xd6,0x75,0xad,0x92,0x94,0x30,0x84,0x75,0xad,0xd2,0x9c,0x96,0xb5,0xd3,0x9c,
    0xef,0x83,0xcf,0x7b,0xb2,0x94,0xd3,0x9c,0xd3,0x9c,0xae,0x73,0x2c,0x6b,0x8e,0x73,
    0xe7,0x39,0xe7,0x39,0x82,0x10,0x65,0x29,0xc6,0x31,0x45,0x29,0x44,0x21,0x41,0x08,
    0x82,0x10,0xa2,0x10,0xa2,0x10,0x04,0x21,0xc2,0x18,0x04,0x21,0x86,0x31,0x65,0x29,
    0xa6,0x31,0xe3,0x18,0x24,0x21,0x8a,0x52,0xe3,0x18,0x45,0x29,0xc3,0x18,0x86,0x31,
    0x45,0x29,0xc3,0x18,0xa2,0x10,0x45,0x29,0x45,0x29,0xe3,0x18,0x41,0x08,0x00,0x00,
    0xa2,0x10,0x04,0x21,0x04,0x21,0x86,0x31,0xe7,0x39,0xa6,0x31,0x49,0x4a,0xe7,0x39,
    0x08,0x42,0xe7,0x39,0xc7,0x39,0x86,0x31,0x65,0x29,0xc7,0x39,0xc7,0x39,0xa6,0x31,
    0x08,0x42,0x65,0x29,0x61,0x08,0x41,0x08,0x61,0x08,0x82,0x10,0x61,0x08,0x61,0x08,
    0x82,0x10,0xc3,0x18,0xa2,0x10,0x41,0x08,0x61,0x08,0x20,0x00,0x00,0x00,0x00,0x00,
    0x00,0x00,0x00,0x00,0x00,0x00,0x20,0x00,0x20,0x00,0x20,0x00,0x40,0x00,0x41,0x08,
    0x20,0x00,0x61,0x08,0x04,0x21,0xc3,0x18,0x24,0x21,0x86,0x31,0x45,0x29,0xa6,0x31,
    0xcf,0x7b,0x49,0x4a,0xa2,0x10,0xc3,0x18,0xe3,0x18,0xc3,0x18,0xa2,0x10,0x69,0x4a,
    0x65,0x29,0x65,0x29,0x65,0x29,0x04,0x21,0xc3,0x18,0xc3,0x18,0xc3,0x18,0xc3,0x18,
    0xa2,0x10,0xa2,0x10,0x61,0x08,0x20,0x00,0x00,0x00,0x00,0x00,0x20,0x00,0x41,0x08,
    0xa2,0x10,0xa2,0x10,0x82,0x10,0xa2,0x10,0x81,0x10,0x82,0x10,0xa2,0x10,0xa2,0x10,
    0x61,0x08,0x65,0x29,0xe3,0x18,0x41,0x08,0x61,0x08,0x61,0x08,0x45,0x29,0xe3,0x18,
    0x82,0x10,0x82,0x10,0x82,0x10,0x82,0x10,0x82,0x10,0x61,0x08,0x61,0x08,0x40,0x08,
    0x82,0x10,0xc3,0x18,0x41,0x08,0x00,0x00,0x82,0x10,0xa6,0x31,0x65,0x29,0x45,0x29,
    0xc7,0x39,0x08,0x42,0x08,0x42,0x28,0x42,0x08,0x42,0xe7,0x41,0xa6,0x31,0xe7,0x39,
    0x28,0x42,0xa6,0x31,0x03,0x21,0x81,0x10,0x20,0x00,0x20,0x00,0x61,0x08,0xc3,0x18,
    0x45,0x29,0x04,0x21,0xa2,0x10,0xe3,0x18,0x24,0x21,0x24,0x21,0xe7,0x39,0x24,0x21,
    0xe3,0x18,0x24,0x21,0xa2,0x10,0x45,0x29,0x65,0x29,0xa2,0x10,0xe3,0x18,0x82,0x10,
    0x61,0x08,0x61,0x08,0x41,0x08,0x61,0x08,0x24,0x21,0xeb,0x5a,0xeb,0x5a,0x6d,0x6b,
    0xcb,0x5a,0xaa,0x52,0x71,0x8c,0xcf,0x7b,0xeb,0x5a,0x8d,0x73,0x71,0x94,0x34,0xa5,
    0xd3,0x9c,0x96,0xb5,0xf3,0x9c,0x92,0x94,0xae,0x73,0x14,0xa5,0x55,0xad,0x75,0xad,
    0x92,0x94,0x13,0x9d,0x51,0x8c,0xcf,0x7b,0x92,0x94,0x4d,0x6b,0x51,0x8c,0x75,0xad,
    0x92,0x94,0x55,0xad,0x9a,0xd6,0x38,0xc6,0x14,0xa5,0x71,0x8c,0x30,0x84,0xaa,0x52,
    0xeb,0x62,0x75,0xad,0x75,0xad,0x91,0x94,0xcf,0x7b,0xf3,0x9c,0x34,0xa5,0xd3,0x9c,
    0x2c,0x63,0x71,0x8c,0x14,0xa5,0xf3,0x9c,0x8e,0x73,0x71,0x8c,0x55,0xad,0x10,0x84,
    0x14,0xa5,0x34,0xa5,0xd3,0x9c,0x6d,0x6b,0x30,0x84,0x91,0x94,0x30,0x84,0x14,0xa5,
    0x34,0xa5,0xae,0x73,0x0b,0x63,0x10,0x84,0x4d,0x6b,0xce,0x73,0x49,0x4a,0x8d,0x73,
    0x8e,0x73,0x2c,0x63,0x28,0x42,0xe3,0x18,0xc7,0x39,0xc3,0x18,0x82,0x10,0x61,0x08,
    0x82,0x10,0xa2,0x10,0xe3,0x18,0x24,0x21,0xe3,0x18,0x45,0x29,0xa6,0x31,0xa6,0x31,
    0xe3,0x20,0x24,0x21,0x69,0x4a,0x04,0x19,0x04,0x21,0x04,0x21,0x04,0x21,0x6d,0x6b,
    0x69,0x4a,0xa2,0x10,0x82,0x10,0x45,0x29,0x86,0x31,0x04,0x21,0x61,0x08,0x20,0x00,
    0xc3,0x18,0x04,0x21,0xe3,0x18,0x65,0x31,0xa6,0x31,0x48,0x4a,0x28,0x42,0x07,0x42,
    0x48,0x4a,0xa6,0x31,0x08,0x42,0xe7,0x39,0xe7,0x39,0x28,0x42,0x86,0x31,0x45,0x29,
    0x8a,0x52,0x08,0x42,0x61,0x08,0x61,0x08,0x61,0x08,0x61,0x08,0x82,0x10,0xa2,0x10,
    0x61,0x08,0x24,0x21,0x65,0x29,0x20,0x00,0x61,0x08,0x20,0x00,0x00,0x00,0x00,0x00,
    0x00,0x00,0x00,0x00,0x00,0x00,0x20,0x00,0x20,0x00,0x20,0x00,0x41,0x08,0x41,0x08,
    0x61,0x08,0x41,0x08,0x03,0x19,0x65,0x29,0x45,0x29,0x24,0x21,0x24,0x21,0x86,0x31,
    0xef,0x7b,0xca,0x52,0xc3,0x18,0x24,0x21,0x45,0x29,0x45,0x29,0x04,0x21,0x28,0x42,
    0xa6,0x31,0x65,0x29,0x45,0x29,0xe3,0x18,0xe3,0x18,0xe3,0x18,0xa2,0x10,0x82,0x10,
    0x82,0x10,0x82,0x10,0x61,0x08,0x20,0x00,0x00,0x00,0x00,0x00,0x20,0x00,0x61,0x08,
    0xa2,0x10,0xa2,0x10,0x61,0x08,0x82,0x10,0x82,0x10,0xa2,0x10,0xa2,0x10,0xa2,0x10,
    0x61,0x08,0xe3,0x18,0xe7,0x39,0xa6,0x31,0x65,0x29,0xc7,0x39,0x86,0x31,0x61,0x08,
    0x82,0x10,0x82,0x10,0x82,0x10,0x82,0x10,0x61,0x08,0x61,0x08,0x61,0x08,0x20,0x00,
    0x61,0x08,0x82,0x10,0x20,0x00,0x82,0x10,0x08,0x42,0x65,0x29,0x65,0x29,0x45,0x29,
    0x08,0x42,0xe7,0x39,0x08,0x42,0x08,0x42,0xa6,0x31,0x28,0x42,0xc7,0x39,0xa6,0x31,
    0x08,0x42,0xe7,0x39,0x65,0x29,0x82,0x10,0x41,0x08,0x20,0x00,0x82,0x10,0xe3,0x18,
    0x86,0x31,0x24,0x21,0x82,0x10,0xe4,0x18,0x24,0x21,0x65,0x29,0x65,0x29,0xe7,0x39,
    0xc3,0x18,0xa6,0x31,0x82,0x10,0x82,0x10,0x65,0x29,0xe3,0x18,0x82,0x10,0xc3,0x18,
    0x61,0x08,0x61,0x08,0x61,0x08,0x41,0x08,0x24,0x21,0x24,0x21,0x45,0x29,0xa6,0x31,
    0xa6,0x31,0x69,0x4a,0x69,0x4a,0xe7,0x39,0x8a,0x52,0x2c,0x6b,0xae,0x73,0xa6,0x39,
    0xef,0x83,0x96,0xb5,0xd2,0x9c,0x6d,0x6b,0x51,0x8c,0x71,0x8c,0xd3,0x9c,0xf3,0x9c,
    0xd3,0x9c,0x34,0xa5,0x75,0xad,0x30,0x84,0x51,0x8c,0x4d,0x6b,0x10,0x84,0x71,0x8c,
    0x71,0x8c,0xf3,0x9c,0x38,0xc6,0x75,0xad,0x51,0x8c,0x34,0xa5,0x13,0xa5,0xe7,0x39,
    0xcb,0x5a,0xb2,0x94,0xcf,0x7b,0x2c,0x63,0x8e,0x73,0x10,0x84,0xf3,0x9c,0xf3,0x9c,
    0xb2,0x94,0x13,0xa5,0x14,0xa5,0xf3,0x9c,0x8e,0x73,0xef,0x7b,0x2c,0x63,0x34,0xa5,
    0x50,0x8c,0x91,0x94,0xf3,0x9c,0x34,0xa5,0x8e,0x73,0xb2,0x94,0xb2,0x94,0x6d,0x6b,
    0x51,0x8c,0x34,0xa5,0x0c,0x63,0x8a,0x52,0xcf,0x7b,0x4d,0x6b,0x8e,0x73,0xaa,0x52,
    0x08,0x42,0x08,0x42,0x65,0x29,0xc3,0x18,0x20,0x00,0x41,0x08,0x20,0x00,0x61,0x08,
    0x82,0x10,0xa2,0x10,0x04,0x21,0x04,0x21,0x45,0x29,0x45,0x29,0xe7,0x39,0xe3,0x18,
    0x24,0x21,0x29,0x4a,0x04,0x21,0x04,0x19,0x24,0x21,0xc3,0x18,0xe7,0x39,0x86,0x31,
    0x24,0x21,0xc3,0x18,0x82,0x10,0x45,0x29,0xa6,0x31,0x04,0x21,0x61,0x08,0x20,0x00,
    0xc3,0x18,0xe3,0x18,0x45,0x29,0x45,0x29,0x08,0x42,0x69,0x4a,0x69,0x4a,0x8a,0x52,
    0x89,0x4a,0xc7,0x39,0x69,0x4a,0x49,0x4a,0xa6,0x31,0xa6,0x31,0x08,0x42,0x04,0x21,
    0x65,0x29,0x49,0x4a,0xa6,0x31,0xe3,0x18,0x65,0x29,0xa6,0x31,0xa6,0x31,0xc7,0x39,
    0xa6,0x31,0xe7,0x39,0x45,0x29,0x20,0x00,0x61,0x08,0x20,0x00,0x00,0x00,0x00,0x00,
    0x00,0x00,0x00,0x00,0x00,0x00,0x20,0x00,0x20,0x00,0x20,0x00,0x41,0x08,0x41,0x08,
    0x61,0x08,0x61,0x08,0xe3,0x18,0x45,0x29,0x45,0x29,0x45,0x29,0x04,0x21,0x65,0x29,
    0x10,0x84,0xeb,0x5a,0x24,0x21,0x65,0x29,0x65,0x29,0x86,0x31,0x65,0x29,0x28,0x42,
    0xa2,0x10,0x82,0x10,0xa2,0x10,0xc3,0x18,0xe3,0x18,0x04,0x21,0x24,0x21,0x24,0x21,
    0x45,0x29,0x65,0x29,0x82,0x10,0x20,0x00,0x00,0x00,0x00,0x00,0x20,0x00,0x61,0x08,
    0x82,0x10,0xa2,0x10,0x82,0x10,0xa2,0x10,0xa2,0x10,0xa2,0x10,0xa2,0x10,0xa2,0x10,
    0xa2,0x10,0x61,0x08,0xa2,0x10,0x45,0x29,0x65,0x29,0x04,0x21,0x61,0x08,0x61,0x08,
    0x82,0x10,0x82,0x10,0x82,0x10,0x81,0x08,0x61,0x08,0x61,0x08,0x61,0x08,0x20,0x00,
    0x41,0x00,0x82,0x10,0xc3,0x18,0x28,0x42,0x28,0x42,0x86,0x31,0x24,0x21,0x44,0x29,
    0xa6,0x31,0x49,0x4a,0x08,0x42,0xa6,0x31,0xc7,0x39,0xe7,0x39,0xa6,0x31,0x86,0x31,
    0x65,0x29,0x45,0x29,0x45,0x29,0xc3,0x18,0x81,0x10,0x40,0x00,0x82,0x10,0x24,0x21,
    0xc7,0x39,0x24,0x21,0xa2,0x10,0xc3,0x18,0x45,0x29,0x04,0x21,0x04,0x21,0x07,0x3a,
    0x45,0x29,0x24,0x21,0x86,0x31,0xa2,0x10,0x82,0x10,0x45,0x29,0xa2,0x10,0xa2,0x10,
    0x82,0x10,0x61,0x08,0x82,0x10,0x61,0x08,0x40,0x00,0x00,0x00,0x65,0x29,0x45,0x29,
    0xe7,0x39,0x28,0x42,0xe7,0x39,0x28,0x42,0x8e,0x73,0xcf,0x7b,0xaa,0x52,0x4d,0x6b,
    0x71,0x94,0x4d,0x6b,0xef,0x83,0x6d,0x6b,0x49,0x4a,0x10,0x84,0x0f,0x84,0xf3,0x9c,
    0xf3,0x9c,0xb2,0x94,0xf3,0x9c,0x51,0x8c,0x51,0x8c,0x30,0x84,0x2c,0x63,0x8e,0x73,
    0x92,0x94,0xd3,0x9c,0x71,0x8c,0x91,0x94,0xf3,0x9c,0x34,0xa5,0x71,0x8c,0x49,0x4a,
    0x4c,0x6b,0xef,0x7b,0x4c,0x63,0x0c,0x63,0x8e,0x73,0xcf,0x7b,0x51,0x8c,0x18,0xc6,
    0x14,0xa5,0xd3,0x9c,0x71,0x8c,0xb2,0x9c,0xcf,0x7b,0x34,0xa5,0x6d,0x73,0x10,0x84,
    0x30,0x84,0xcf,0x7b,0xae,0x73,0x71,0x8c,0x55,0xad,0x30,0x84,0xf3,0x9c,0x55,0xad,
    0xcf,0x7b,0x6d,0x6b,0x96,0xb5,0xcb,0x5a,0xae,0x7b,0x4d,0x6b,0x30,0x84,0x0c,0x63,
    0x45,0x29,0x24,0x21,0xc3,0x18,0x82,0x10,0x20,0x00,0x41,0x08,0x61,0x08,0xa2,0x10,
    0xe3,0x18,0xe3,0x18,0x04,0x21,0x45,0x29,0xa6,0x31,0xa6,0x31,0x24,0x21,0x04,0x21,
    0x28,0x42,0xc3,0x18,0x24,0x21,0x24,0x21,0x24,0x21,0xe3,0x18,0x28,0x42,0x03,0x19,
    0xa2,0x10,0xa2,0x10,0xa2,0x10,0x24,0x21,0xe7,0x39,0x04,0x21,0x82,0x10,0x41,0x08,
    0xe3,0x18,0xc3,0x18,0x65,0x29,0x86,0x31,0x28,0x42,0x69,0x4a,0xaa,0x52,0xcb,0x5a,
    0xaa,0x52,0x28,0x42,0x08,0x42,0xe7,0x39,0x86,0x31,0xe3,0x18,0x86,0x31,0x65,0x29,
    0x61,0x08,0xc6,0x31,0x49,0x4a,0xc6,0x39,0x86,0x31,0x45,0x29,0xe3,0x18,0x82,0x10,
    0x41,0x08,0xe3,0x18,0x24,0x21,0x20,0x00,0x61,0x08,0x20,0x00,0x20,0x00,0x00,0x00,
    0x00,0x00,0x00,0x00,0x00,0x00,0x20,0x00,0x20,0x00,0x41,0x00,0x41,0x08,0x41,0x08,
    0x61,0x08,0x61,0x08,0xe3,0x18,0x24,0x21,0x24,0x21,0x45,0x29,0x04,0x21,0x45,0x29,
    0xef,0x7b,0xeb,0x5a,0x04,0x21,0x45,0x29,0x65,0x29,0x65,0x29,0x44,0x29,0xc7,0x39,
    0x82,0x10,0x82,0x10,0x82,0x10,0x82,0x10,0xa2,0x10,0xa2,0x10,0xa2,0x10,0xa2,0x10,
    0xc3,0x18,0xc3,0x18,0x41,0x08,0x20,0x00,0x00,0x00,0x00,0x00,0x20,0x00,0x61,0x08,
    0xa2,0x10,0xa2,0x10,0x82,0x10,0xa2,0x10,0x82,0x10,0xa2,0x10,0x82,0x10,0x82,0x10,
    0x61,0x08,0x24,0x21,0x65,0x29,0x24,0x21,0x04,0x21,0x04,0x21,0x45,0x29,0xa2,0x10,
    0x61,0x08,0x61,0x08,0x81,0x10,0x82,0x10,0x82,0x10,0x61,0x08,0x41,0x08,0xa2,0x10,
    0x86,0x31,0xc7,0x39,0x49,0x4a,0x69,0x4a,0xa6,0x31,0xa6,0x31,0x65,0x29,0x65,0x29,
    0xc7,0x39,0xe7,0x39,0x07,0x42,0xa6,0x31,0x86,0x31,0xe7,0x39,0xe7,0x39,0x49,0x4a,
    0xe7,0x39,0x86,0x31,0xa2,0x10,0x82,0x10,0xa2,0x10,0x41,0x08,0x82,0x10,0x45,0x29,
    0xa6,0x31,0x24,0x21,0xc3,0x18,0x82,0x10,0x44,0x21,0x45,0x29,0x45,0x29,0x24,0x21,
    0xe7,0x39,0xc3,0x18,0xa6,0x31,0x45,0x29,0xc3,0x18,0x03,0x19,0x45,0x29,0x24,0x21,
    0xe3,0x18,0x82,0x10,0x82,0x10,0x82,0x10,0x61,0x08,0x61,0x08,0xa2,0x10,0xa2,0x10,
    0xa6,0x31,0x49,0x4a,0xc7,0x39,0xaa,0x52,0x2c,0x63,0x4c,0x6b,0x8a,0x52,0xcf,0x7b,
    0x8a,0x52,0x2c,0x63,0xf3,0x9c,0xae,0x73,0x2c,0x63,0x92,0x94,0x8e,0x73,0x92,0x94,
    0x71,0x8c,0x30,0x84,0x51,0x8c,0xd3,0x9c,0xcf,0x7b,0xcf,0x7b,0xeb,0x5a,0x4d,0x6b,
    0xb2,0x94,0x30,0x84,0xd3,0x9c,0x92,0x94,0x14,0xa5,0x95,0xad,0x14,0xa5,0x8e,0x73,
    0x6d,0x6b,0x8e,0x73,0xeb,0x5a,0xce,0x73,0x51,0x8c,0x30,0x84,0xb2,0x94,0xb6,0xb5,
    0x71,0x8c,0xef,0x7b,0xef,0x7b,0xeb,0x5a,0xf3,0x9c,0x14,0xa5,0x30,0x84,0xd3,0x9c,
    0x30,0x84,0xef,0x7b,0x4d,0x6b,0x0b,0x63,0xcf,0x7b,0x0f,0x7c,0xef,0x7b,0xb2,0x94,
    0x34,0xa5,0x2c,0x63,0x8a,0x52,0x6d,0x6b,0xcb,0x5a,0x8e,0x73,0x08,0x42,0x30,0x84,
    0x69,0x4a,0xc3,0x18,0x61,0x08,0x20,0x00,0x41,0x08,0x61,0x08,0x82,0x10,0xe3,0x18,
    0x04,0x21,0x24,0x21,0x45,0x29,0x45,0x29,0xe7,0x39,0x24,0x21,0x24,0x21,0x28,0x42,
    0xc3,0x18,0x04,0x21,0x44,0x29,0x45,0x29,0x65,0x29,0xe3,0x18,0x69,0x4a,0xe3,0x18,
    0xc3,0x18,0xc3,0x18,0xa2,0x10,0xe3,0x18,0xe7,0x39,0x24,0x21,0x82,0x08,0x61,0x08,
    0x04,0x21,0xc3,0x18,0x04,0x21,0xe7,0x39,0x69,0x4a,0x49,0x4a,0xaa,0x52,0xaa,0x52,
    0xaa,0x52,0x28,0x4a,0xa6,0x31,0xe7,0x39,0xe7,0x39,0x65,0x29,0x04,0x21,0xc7,0x39,
    0xe3,0x18,0x04,0x21,0x49,0x4a,0xc7,0x39,0x08,0x42,0xc7,0x39,0x08,0x42,0x86,0x31,
    0xa2,0x10,0x61,0x08,0x82,0x10,0x40,0x08,0x41,0x08,0x20,0x00,0x20,0x00,0x00,0x00,
    0x00,0x00,0x00,0x00,0x00,0x00,0x20,0x00,0x20,0x00,0x41,0x08,0x41,0x08,0x61,0x08,
    0x61,0x08,0x61,0x08,0xe3,0x18,0x24,0x21,0xe3,0x18,0x04,0x21,0xe3,0x18,0x24,0x21,
    0x0c,0x63,0x49,0x4a,0xc3,0x18,0xe3,0x18,0x04,0x21,0x24,0x21,0xe4,0x20,0x65,0x29,
    0x82,0x10,0x61,0x08,0x61,0x08,0x41,0x08,0x41,0x08,0x41,0x08,0x20,0x00,0x20,0x00,
    0x20,0x00,0x20,0x00,0x41,0x08,0x41,0x00,0x00,0x00,0x00,0x00,0x20,0x00,0x61,0x08,
    0xa2,0x10,0xc3,0x18,0x82,0x08,0x82,0x10,0x82,0x10,0x82,0x10,0x82,0x10,0x82,0x10,
    0x61,0x08,0x65,0x29,0xc7,0x39,0xa6,0x31,0xe7,0x39,0x65,0x29,0x86,0x31,0xa2,0x10,
    0x61,0x08,0x61,0x08,0x82,0x10,0x61,0x08,0x41,0x08,0xa2,0x10,0x86,0x31,0x69,0x4a,
    0x28,0x42,0xc7,0x39,0x8a,0x52,0x49,0x4a,0xa6,0x31,0x08,0x42,0xc7,0x39,0xa6,0x31,
    0xc7,0x39,0xe7,0x39,0x69,0x4a,0x08,0x42,0x65,0x29,0x48,0x4a,0xaa,0x52,0x49,0x4a,
    0xc6,0x31,0x28,0x42,0x65,0x29,0x61,0x08,0xc3,0x18,0x61,0x08,0xa2,0x10,0x86,0x31,
    0xa6,0x31,0x04,0x21,0xe3,0x18,0xe3,0x18,0x04,0x21,0x45,0x21,0xa6,0x31,0x24,0x21,
    0x08,0x42,0x86,0x31,0xe3,0x18,0x45,0x29,0x24,0x21,0x65,0x29,0x04,0x21,0x04,0x21,
    0x04,0x21,0xc3,0x18,0xa2,0x10,0x82,0x10,0x82,0x10,0x61,0x08,0x40,0x00,0x81,0x08,
    0x49,0x4a,0x24,0x21,0x49,0x4a,0x49,0x4a,0x65,0x29,0x4c,0x63,0xeb,0x5a,0x69,0x4a,
    0xcb,0x5a,0x31,0x8c,0xcf,0x7b,0xcf,0x7b,0xf3,0x9c,0x4d,0x6b,0x6d,0x6b,0x71,0x8c,
    0x6d,0x6b,0xef,0x7b,0xef,0x83,0x92,0x94,0xae,0x73,0x0c,0x63,0x6d,0x6b,0xab,0x52,
    0x51,0x8c,0xcf,0x7b,0xd3,0x9c,0xb2,0x94,0xd3,0x9c,0x92,0x94,0xef,0x7b,0xae,0x73,
    0xcb,0x5a,0xc7,0x39,0xaa,0x52,0x10,0x84,0x30,0x84,0x91,0x94,0x55,0xad,0x14,0xa5,
    0xcb,0x5a,0x0c,0x63,0xae,0x7b,0x2c,0x63,0xcf,0x7b,0x71,0x8c,0xef,0x7b,0x71,0x8c,
    0xd3,0x9c,0xae,0x73,0x34,0xa5,0x8e,0x73,0x0c,0x63,0x6d,0x6b,0x30,0x84,0x92,0x94,
    0xeb,0x5a,0x75,0xad,0xc7,0x39,0x08,0x42,0x24,0x21,0xaa,0x52,0x28,0x42,0x8a,0x52,
    0x08,0x42,0xa2,0x10,0x61,0x08,0x40,0x00,0x61,0x08,0x61,0x08,0x82,0x10,0xc3,0x18,
    0x24,0x21,0x45,0x29,0x65,0x29,0x65,0x29,0x04,0x21,0x24,0x21,0x49,0x4a,0xe3,0x18,
    0x04,0x21,0x65,0x29,0x65,0x29,0x65,0x29,0x86,0x31,0xe3,0x18,0xaa,0x52,0xe3,0x18,
    0x86,0x31,0x24,0x21,0xc3,0x18,0xc3,0x18,0xe7,0x39,0x45,0x29,0x82,0x10,0x82,0x10,
    0x24,0x21,0xc3,0x18,0x04,0x21,0xc7,0x39,0xe7,0x39,0xe7,0x39,0xaa,0x52,0x8a,0x52,
    0xaa,0x52,0x28,0x42,0x08,0x42,0xc7,0x39,0x08,0x42,0x49,0x42,0x24,0x21,0x08,0x42,
    0x08,0x42,0x04,0x21,0xeb,0x5a,0xc7,0x39,0x24,0x21,0x08,0x42,0x28,0x42,0x49,0x4a,
    0xc7,0x39,0x65,0x29,0x04,0x21,0x41,0x08,0x41,0x08,0x20,0x00,0x20,0x00,0x20,0x00,
    0x00,0x00,0x00,0x00,0x00,0x00,0x20,0x00,0x20,0x00,0x41,0x08,0x41,0x08,0x61,0x08,
    0x82,0x10,0x81,0x08,0xc3,0x18,0x04,0x21,0xe3,0x18,0x04,0x21,0xe3,0x18,0x04,0x21,
    0x08,0x42,0x86,0x31,0xa2,0x10,0xe3,0x18,0xe3,0x18,0xe3,0x18,0xe3,0x18,0x45,0x29,
    0x45,0x29,0xc2,0x18,0xa2,0x10,0x82,0x10,0x82,0x10,0x82,0x10,0x61,0x08,0x61,0x08,
    0x61,0x08,0x61,0x08,0x61,0x08,0x20,0x00,0x00,0x00,0x00,0x00,0x20,0x00,0x61,0x08,
    0xa2,0x10,0xc3,0x18,0x82,0x10,0x82,0x10,0xa2,0x10,0xa2,0x10,0xa2,0x10,0xa2,0x10,
    0x61,0x08,0x24,0x21,0xa2,0x10,0x61,0x08,0x65,0x29,0xa2,0x10,0x24,0x21,0xa2,0x10,
    0x61,0x08,0x61,0x08,0x61,0x08,0xc3,0x18,0xa6,0x31,0x69,0x52,0xaa,0x52,0x28,0x42,
    0x86,0x31,0x08,0x42,0x8a,0x52,0x86,0x31,0x04,0x21,0xe7,0x39,0x24,0x21,0x86,0x31,
    0x08,0x42,0x28,0x42,0x28,0x42,0xe7,0x39,0xcb,0x5a,0x69,0x4a,0x07,0x3a,0x28,0x42,
    0x65,0x29,0x24,0x21,0xe7,0x39,0x24,0x21,0xc3,0x18,0x61,0x08,0xa2,0x10,0x86,0x31,
    0x65,0x31,0x24,0x21,0xa2,0x10,0xe3,0x18,0x45,0x29,0x24,0x21,0x65,0x29,0xa6,0x31,
    0x85,0x29,0x28,0x42,0x04,0x21,0xa6,0x31,0x04,0x21,0x24,0x21,0x24,0x21,0xa2,0x10,
    0x82,0x10,0xa2,0x10,0xa2,0x10,0xa2,0x10,0x82,0x10,0x61,0x08,0x61,0x08,0x61,0x08,
    0x61,0x08,0x24,0x21,0xe7,0x39,0xe3,0x18,0x48,0x4a,0xcb,0x5a,0xe7,0x39,0x8e,0x73,
    0xef,0x83,0xcb,0x5a,0x0c,0x63,0x51,0x8c,0xef,0x7b,0x49,0x4a,0x92,0x94,0x8e,0x73,
    0x0c,0x63,0xb2,0x94,0x10,0x84,0x0b,0x63,0x6d,0x6b,0xaa,0x52,0xeb,0x5a,0x2c,0x63,
    0xcb,0x5a,0x10,0x84,0xb2,0x94,0x92,0x94,0x92,0x94,0x92,0x94,0x10,0x84,0x6d,0x6b,
    0xeb,0x5a,0x8a,0x52,0xeb,0x5a,0x8e,0x73,0xcf,0x7b,0x10,0x84,0xf3,0x9c,0xae,0x73,
    0x30,0x84,0x10,0x84,0xae,0x7b,0xcf,0x7b,0xaa,0x52,0xe7,0x39,0xcf,0x7b,0xcb,0x5a,
    0x34,0xa5,0xcb,0x5a,0x30,0x8c,0xef,0x7b,0xae,0x73,0x51,0x8c,0x30,0x84,0x75,0xad,
    0x69,0x4a,0x6d,0x6b,0x0c,0x63,0x49,0x4a,0xcb,0x5a,0x86,0x31,0x69,0x52,0x65,0x29,
    0x04,0x21,0x41,0x08,0x61,0x08,0x41,0x08,0x61,0x08,0xa2,0x10,0x82,0x10,0x04,0x21,
    0xe3,0x18,0x45,0x29,0x86,0x31,0xa2,0x10,0x24,0x21,0x28,0x42,0xc3,0x18,0x04,0x21,
    0x04,0x21,0xe3,0x18,0x04,0x21,0x65,0x29,0x86,0x31,0x82,0x10,0x69,0x4a,0x04,0x21,
    0xa6,0x31,0x04,0x21,0xa2,0x10,0xa2,0x10,0xc7,0x39,0x45,0x29,0x82,0x10,0xa2,0x10,
    0xc7,0x39,0x82,0x10,0x24,0x21,0xc7,0x39,0xa6,0x31,0xe7,0x39,0xaa,0x52,0x8a,0x52,
    0x28,0x42,0x8a,0x52,0xe7,0x39,0xaa,0x52,0xe7,0x39,0x8a,0x52,0xa6,0x31,0xe7,0x39,
    0x28,0x42,0x45,0x29,0xca,0x52,0x8a,0x52,0x24,0x21,0x49,0x4a,0x86,0x31,0x45,0x29,
    0x07,0x42,0xe7,0x39,0x66,0x29,0x24,0x21,0xe3,0x18,0x81,0x08,0x20,0x00,0x20,0x00,
    0x00,0x00,0x00,0x00,0x20,0x00,0x20,0x00,0x20,0x00,0x40,0x00,0x41,0x08,0x61,0x08,
    0x82,0x10,0x82,0x10,0xc3,0x18,0x04,0x21,0xc3,0x18,0xe3,0x18,0xc3,0x18,0xe3,0x18,
    0xa6,0x31,0x45,0x29,0xa2,0x10,0xc3,0x18,0xc3,0x18,0xc3,0x18,0xc3,0x10,0x04,0x21,
    0xe3,0x18,0xc3,0x10,0x82,0x10,0x61,0x08,0x81,0x08,0x61,0x08,0x82,0x10,0x82,0x10,
    0x61,0x08,0x61,0x08,0x61,0x08,0x41,0x08,0x00,0x00,0x00,0x00,0x20,0x00,0x61,0x08,
    0x82,0x10,0xa2,0x10,0xa2,0x10,0xa2,0x10,0x82,0x10,0xa2,0x10,0xa2,0x10,0xa2,0x10,
    0x61,0x08,0xc3,0x18,0xc7,0x31,0xc7,0x39,0x86,0x31,0xa6,0x31,0x86,0x31,0x82,0x10,
    0x61,0x08,0xa2,0x10,0x86,0x31,0x69,0x4a,0x8a,0x52,0x07,0x42,0xe7,0x39,0xa6,0x31,
    0xe7,0x39,0x8e,0x73,0xe7,0x39,0xa2,0x10,0x08,0x42,0xe7,0x39,0x03,0x21,0x86,0x31,
    0x8a,0x52,0x69,0x4a,0x08,0x42,0xa6,0x31,0xaa,0x52,0x8a,0x52,0x08,0x42,0x86,0x31,
    0x45,0x29,0x24,0x21,0xc7,0x31,0x24,0x21,0xc3,0x18,0x61,0x08,0xa2,0x10,0x65,0x29,
    0x65,0x29,0x65,0x29,0xa2,0x10,0xe3,0x18,0x24,0x21,0x45,0x29,0xe3,0x18,0x86,0x31,
    0x24,0x21,0xe7,0x39,0x65,0x29,0xc7,0x39,0x45,0x29,0xc3,0x18,0x45,0x29,0x24,0x21,
    0xc3,0x18,0x04,0x21,0x04,0x21,0xa2,0x10,0xc3,0x18,0x82,0x10,0x61,0x08,0x41,0x08,
    0x41,0x08,0x41,0x08,0x82,0x10,0x69,0x4a,0xc7,0x39,0xe7,0x39,0x10,0x84,0x71,0x8c,
    0x2c,0x6b,0x08,0x42,0x6d,0x6b,0x34,0xa5,0x49,0x4a,0x6d,0x73,0xf3,0x9c,0x0f,0x84,
    0x2c,0x63,0x71,0x8c,0xae,0x73,0x0c,0x63,0xec,0x5a,0xcb,0x5a,0xef,0x7b,0xcb,0x5a,
    0xcf,0x7b,0xef,0x7b,0x92,0x94,0x55,0xad,0x8e,0x73,0x71,0x8c,0x30,0x84,0x10,0x84,
    0xae,0x7b,0xeb,0x5a,0x49,0x4a,0x8e,0x73,0x51,0x8c,0xcf,0x7b,0xae,0x73,0x4d,0x6b,
    0xd3,0x9c,0x51,0x8c,0x0c,0x63,0xae,0x73,0x86,0x31,0xe7,0x39,0xaa,0x52,0x2c,0x63,
    0xf3,0x9c,0xca,0x5a,0x0c,0x63,0xae,0x73,0x0c,0x63,0x71,0x8c,0xef,0x7b,0x10,0x84,
    0xcf,0x73,0x28,0x42,0x4d,0x6b,0x69,0x4a,0xae,0x73,0x28,0x42,0x24,0x21,0xe3,0x18,
    0x20,0x00,0x41,0x08,0x40,0x08,0x61,0x08,0x81,0x08,0xa2,0x10,0xe3,0x18,0x45,0x29,
    0xc3,0x18,0x45,0x29,0xa2,0x10,0x45,0x29,0xc7,0x39,0xc3,0x18,0x24,0x21,0x04,0x21,
    0xe3,0x18,0x07,0x42,0x86,0x31,0x24,0x21,0x24,0x21,0x04,0x21,0x08,0x42,0xe7,0x39,
    0xc7,0x39,0xc2,0x10,0xc2,0x10,0x82,0x10,0x86,0x31,0x45,0x29,0x81,0x08,0x82,0x08,
    0x65,0x29,0x82,0x10,0x65,0x29,0xa6,0x31,0xc7,0x39,0x69,0x4a,0xaa,0x52,0xaa,0x52,
    0x8a,0x52,0xaa,0x52,0x0c,0x63,0xeb,0x5a,0x28,0x42,0x08,0x42,0xa6,0x31,0xa6,0x31,
    0xa6,0x31,0x24,0x21,0xe7,0x39,0x0c,0x63,0x08,0x42,0xe7,0x39,0xa6,0x31,0x44,0x29,
    0xa6,0x31,0x08,0x42,0xc7,0x39,0x08,0x42,0x08,0x42,0x86,0x31,0xa2,0x10,0x20,0x00,
    0x00,0x00,0x20,0x00,0x20,0x00,0x00,0x00,0x20,0x00,0x20,0x00,0x41,0x08,0x61,0x08,
    0x82,0x10,0xa2,0x10,0xc3,0x18,0xe3,0x18,0xc3,0x18,0xc3,0x18,0xa2,0x10,0xc3,0x18,
    0x85,0x29,0x24,0x21,0x82,0x10,0xa2,0x10,0xa2,0x10,0xa2,0x10,0x82,0x10,0xe3,0x18,
    0x61,0x08,0xa2,0x10,0x82,0x10,0x81,0x10,0x82,0x10,0xa2,0x10,0xa2,0x10,0xc2,0x10,
    0x82,0x10,0xa2,0x10,0xa2,0x10,0x61,0x08,0x00,0x00,0x00,0x00,0x20,0x00,0x41,0x08,
    0xa2,0x10,0xa2,0x10,0xa2,0x10,0xa2,0x10,0x82,0x10,0x82,0x10,0x82,0x10,0x82,0x10,
    0x61,0x08,0x41,0x08,0xc2,0x18,0xc3,0x18,0x61,0x08,0x82,0x10,0x82,0x10,0x82,0x10,
    0x86,0x31,0x8a,0x52,0x69,0x52,0x07,0x42,0xc7,0x39,0x08,0x42,0xc7,0x39,0x45,0x29,
    0x4d,0x6b,0x69,0x4a,0x03,0x21,0xa6,0x31,0xcb,0x5a,0xe7,0x39,0xc3,0x18,0x65,0x29,
    0xaa,0x52,0x48,0x42,0xa6,0x31,0x49,0x4a,0x89,0x52,0x08,0x42,0xa6,0x31,0xe3,0x18,
    0xc3,0x18,0x04,0x21,0xe7,0x39,0x85,0x31,0xe3,0x18,0xc3,0x18,0x61,0x08,0x45,0x29,
    0xa6,0x31,0x65,0x29,0xa2,0x10,0xc3,0x18,0x24,0x21,0x45,0x29,0x65,0x29,0x86,0x31,
    0xc7,0x39,0x45,0x29,0xc7,0x39,0x24,0x21,0xc7,0x39,0x65,0x29,0x45,0x29,0x65,0x29,
    0x04,0x21,0x24,0x21,0x45,0x29,0xe3,0x18,0x82,0x10,0xe3,0x18,0x81,0x08,0x81,0x08,
    0x41,0x08,0x41,0x08,0x61,0x08,0xe3,0x18,0xa2,0x10,0x2c,0x63,0x51,0x8c,0x2c,0x63,
    0xaa,0x52,0x66,0x31,0x2c,0x63,0x10,0x84,0xeb,0x5a,0x10,0x84,0x6d,0x6b,0x30,0x84,
    0xa6,0x31,0x71,0x8c,0x2c,0x63,0x8e,0x73,0x8a,0x52,0xcf,0x7b,0x51,0x8c,0x51,0x8c,
    0x8e,0x73,0x2c,0x63,0xb2,0x94,0xd2,0x9c,0x0c,0x63,0x10,0x84,0x10,0x84,0x71,0x8c,
    0xce,0x73,0x08,0x42,0x69,0x4a,0xef,0x7b,0x69,0x4a,0x10,0x84,0xcf,0x7b,0x2c,0x6b,
    0x6d,0x6b,0xcb,0x5a,0x69,0x4a,0xcb,0x5a,0xaa,0x52,0x0b,0x63,0x0b,0x63,0x2c,0x63,
    0x30,0x84,0xcb,0x5a,0xe7,0x39,0xae,0x7b,0x6d,0x73,0x8e,0x73,0x10,0x84,0xcf,0x7b,
    0x69,0x4a,0xcb,0x5a,0x8a,0x52,0x49,0x4a,0x0c,0x63,0xa6,0x31,0x41,0x08,0x41,0x08,
    0x41,0x00,0x40,0x00,0x61,0x08,0x82,0x10,0x82,0x10,0xc3,0x18,0x45,0x29,0x24,0x21,
    0xa2,0x10,0xa2,0x10,0x45,0x29,0x45,0x29,0xa2,0x10,0x45,0x29,0x65,0x29,0x04,0x21,
    0xe7,0x39,0xcf,0x7b,0xeb,0x5a,0xa2,0x10,0xa6,0x31,0x08,0x42,0x24,0x21,0x6d,0x6b,
    0x86,0x31,0x82,0x10,0xe3,0x18,0xa2,0x10,0x24,0x21,0x45,0x29,0x81,0x08,0x04,0x21,
    0xe7,0x39,0xa2,0x10,0xa6,0x31,0xc7,0x39,0xc7,0x39,0x28,0x42,0xcb,0x5a,0x69,0x4a,
    0xeb,0x5a,0x8e,0x73,0xcb,0x5a,0xaa,0x5a,0x69,0x4a,0xa6,0x31,0xa6,0x31,0x04,0x21,
    0x65,0x29,0x24,0x21,0x45,0x29,0x8a,0x52,0xa6,0x31,0x86,0x31,0xcb,0x5a,0x28,0x42,
    0xe3,0x18,0x24,0x21,0xe7,0x39,0x08,0x42,0x28,0x42,0xe7,0x39,0x49,0x4a,0xc7,0x39,
    0xe3,0x18,0xa6,0x31,0x49,0x4a,0x45,0x29,0x82,0x10,0x20,0x00,0x41,0x08,0x61,0x08,
    0x82,0x10,0x82,0x10,0xa2,0x10,0xc3,0x18,0xa2,0x10,0x82,0x10,0x62,0x08,0x82,0x10,
    0x44,0x21,0xe3,0x18,0x61,0x08,0x81,0x08,0x82,0x10,0x82,0x10,0x61,0x08,0xc3,0x18,
    0x61,0x08,0x82,0x10,0x82,0x10,0xa2,0x10,0xc3,0x18,0xa2,0x10,0xa2,0x10,0xc3,0x18,
    0xc2,0x10,0x82,0x10,0x82,0x10,0x41,0x08,0x00,0x00,0x00,0x00,0x20,0x00,0x61,0x08,
    0x82,0x10,0x82,0x10,0xa2,0x10,0x82,0x10,0x82,0x10,0x82,0x10,0x82,0x10,0x82,0x10,
    0x61,0x08,0xe3,0x18,0x45,0x29,0x40,0x08,0xa2,0x10,0xc6,0x39,0xc7,0x39,0x28,0x42,
    0xaa,0x52,0x28,0x42,0x65,0x29,0x65,0x29,0x08,0x42,0xe7,0x39,0xe3,0x18,0xc7,0x39,
    0xaa,0x52,0x86,0x31,0xaa,0x52,0xe7,0x39,0x08,0x42,0x86,0x31,0xe3,0x18,0xa6,0x31,
    0x49,0x4a,0x08,0x42,0xa6,0x31,0x6d,0x6b,0xeb,0x5a,0xca,0x52,0x04,0x21,0x04,0x21,
    0x04,0x21,0xa2,0x10,0x45,0x29,0x65,0x29,0xe3,0x18,0xc3,0x18,0x61,0x08,0x24,0x21,
    0x86,0x31,0xa6,0x31,0xe3,0x18,0xa2,0x10,0x45,0x29,0x44,0x29,0xa6,0x31,0x45,0x29,
    0x08,0x42,0x65,0x29,0xc7,0x39,0x65,0x29,0x86,0x31,0x08,0x42,0x24,0x21,0x65,0x29,
    0x04,0x21,0x45,0x29,0xe3,0x18,0x44,0x21,0x82,0x10,0xa2,0x10,0xc3,0x18,0x61,0x08,
    0x61,0x08,0x61,0x08,0x61,0x08,0x00,0x00,0xc3,0x18,0xc7,0x39,0x69,0x4a,0xe8,0x41,
    0x45,0x29,0xc7,0x39,0x6d,0x6b,0x49,0x4a,0xeb,0x5a,0x69,0x4a,0xcf,0x7b,0x4d,0x6b,
    0x2c,0x63,0x4d,0x6b,0xcb,0x5a,0x8a,0x52,0x8a,0x52,0x4d,0x6b,0x92,0x94,0xaf,0x73,
    0xab,0x5a,0x8e,0x73,0x2c,0x63,0xcf,0x7b,0xd3,0x9c,0x0c,0x63,0x10,0x84,0x4d,0x6b,
    0x0c,0x63,0xeb,0x5a,0x44,0x29,0x8a,0x52,0x49,0x4a,0xce,0x7b,0x14,0xa5,0xce,0x7b,
    0x8a,0x52,0x28,0x42,0x4d,0x6b,0xeb,0x5a,0x2c,0x63,0x0c,0x63,0xae,0x73,0xeb,0x5a,
    0x49,0x4a,0x6d,0x6b,0x49,0x4a,0x69,0x52,0xae,0x7b,0x6d,0x73,0x8e,0x73,0xeb,0x5a,
    0x04,0x21,0xe7,0x39,0x69,0x4a,0xe7,0x39,0x08,0x42,0xc3,0x18,0x41,0x08,0x61,0x08,
    0x41,0x00,0x20,0x00,0x61,0x08,0xa2,0x10,0xc3,0x10,0x04,0x21,0x04,0x21,0x82,0x10,
    0xa2,0x10,0x45,0x29,0x04,0x21,0xa2,0x10,0x45,0x29,0x65,0x29,0xe3,0x18,0x24,0x21,
    0xcb,0x5a,0x44,0x21,0x69,0x4a,0xa2,0x10,0x69,0x4a,0xe3,0x18,0xa2,0x10,0xa6,0x31,
    0x82,0x10,0xc3,0x18,0xe3,0x18,0xe3,0x18,0xe3,0x18,0x45,0x29,0xa2,0x10,0x24,0x21,
    0x08,0x42,0x82,0x10,0xa6,0x31,0xc7,0x39,0xc6,0x39,0x28,0x42,0x0c,0x63,0xcb,0x5a,
    0xeb,0x62,0x10,0x84,0x4d,0x6b,0xaa,0x52,0x04,0x21,0xc3,0x18,0xe7,0x39,0xa2,0x10,
    0x45,0x29,0xe7,0x39,0x65,0x29,0xa6,0x31,0xe7,0x39,0xe3,0x18,0xa6,0x31,0x49,0x4a,
    0x28,0x42,0x24,0x21,0xa6,0x31,0x28,0x42,0xe7,0x39,0xc7,0x39,0x28,0x42,0x28,0x42,
    0xc7,0x39,0x28,0x42,0x28,0x42,0x49,0x4a,0x49,0x4a,0xa2,0x10,0x20,0x00,0x61,0x08,
    0x82,0x10,0xa2,0x10,0x82,0x10,0xa2,0x10,0x82,0x10,0x82,0x10,0x61,0x08,0x82,0x10,
    0x45,0x29,0xe3,0x18,0x41,0x08,0x61,0x08,0x61,0x08,0x61,0x08,0x61,0x08,0xc3,0x18,
    0x82,0x10,0x82,0x10,0x82,0x10,0x82,0x10,0x82,0x10,0x61,0x08,0x61,0x08,0x82,0x10,
    0x82,0x10,0x61,0x08,0x41,0x08,0x41,0x08,0x00,0x00,0x00,0x00,0x20,0x00,0x61,0x08,
    0x82,0x10,0x82,0x10,0xa2,0x10,0x61,0x08,0x61,0x08,0x82,0x10,0x82,0x10,0x82,0x10,
    0x61,0x08,0x04,0x21,0x82,0x10,0x61,0x08,0xe7,0x39,0xaa,0x52,0x0c,0x63,0xcb,0x5a,
    0xc7,0x39,0xa6,0x31,0x45,0x29,0xa6,0x39,0xe7,0x39,0x24,0x21,0xa2,0x10,0x28,0x42,
    0x8a,0x52,0x0c,0x63,0x08,0x42,0xc7,0x39,0xa6,0x31,0x86,0x31,0x04,0x21,0xa6,0x31,
    0xc7,0x39,0x07,0x42,0x4c,0x6b,0xef,0x7b,0xcb,0x5a,0xeb,0x5a,0xa6,0x31,0xe7,0x41,
    0xc7,0x39,0xe3,0x18,0xe3,0x18,0xc3,0x18,0xc3,0x18,0x65,0x29,0x61,0x08,0x04,0x21,
    0x65,0x29,0xa6,0x31,0xc3,0x18,0xa2,0x10,0x45,0x29,0x45,0x29,0x86,0x31,0x45,0x29,
    0x86,0x31,0xa6,0x39,0x45,0x29,0x49,0x4a,0xe3,0x18,0xc7,0x39,0x65,0x29,0x24,0x21,
    0x44,0x29,0x45,0x29,0x65,0x29,0x04,0x21,0xa2,0x10,0x20,0x00,0xa2,0x10,0x82,0x10,
    0x41,0x08,0x41,0x08,0x61,0x08,0x61,0x08,0x41,0x08,0x20,0x00,0xc7,0x39,0xc7,0x39,
    0x44,0x21,0x49,0x4a,0x0c,0x63,0x28,0x42,0x45,0x29,0xcb,0x5a,0x10,0x84,0x4d,0x6b,
    0x2c,0x6b,0x08,0x42,0xaa,0x5a,0xeb,0x5a,0x8a,0x52,0x6d,0x6b,0x92,0x94,0xcf,0x7b,
    0xa6,0x31,0x4d,0x6b,0xab,0x5a,0x69,0x4a,0x96,0xb5,0xeb,0x5a,0x28,0x42,0x08,0x42,
    0x28,0x42,0x0c,0x63,0x45,0x29,0xc7,0x39,0x8a,0x52,0x0c,0x63,0x0f,0x84,0x2c,0x63,
    0xe7,0x39,0x24,0x21,0x2c,0x6b,0x31,0x8c,0x10,0x84,0x0c,0x63,0x0c,0x63,0x2c,0x63,
    0xa6,0x31,0x8d,0x73,0x4d,0x6b,0xe8,0x39,0xeb,0x5a,0xef,0x7b,0xaa,0x5a,0x08,0x42,
    0xc7,0x39,0x69,0x4a,0x8a,0x52,0xc7,0x39,0xa2,0x10,0x61,0x08,0x61,0x08,0x82,0x10,
    0x41,0x08,0x41,0x08,0x82,0x10,0xc3,0x18,0xc3,0x18,0xc3,0x18,0x82,0x10,0xe3,0x18,
    0x24,0x21,0xc3,0x18,0x24,0x21,0x45,0x29,0x65,0x29,0x24,0x21,0xe7,0x39,0xc7,0x39,
    0x48,0x42,0x04,0x21,0x8a,0x52,0x82,0x10,0xe3,0x18,0xc3,0x18,0xa2,0x10,0x61,0x08,
    0xa2,0x10,0xc3,0x18,0xe3,0x18,0xe3,0x18,0xa2,0x10,0xe3,0x18,0x20,0x00,0xe3,0x18,
    0x08,0x42,0x82,0x10,0x08,0x42,0x69,0x4a,0x49,0x4a,0x8a,0x52,0x0c,0x63,0x8e,0x73,
    0x4d,0x6b,0x6d,0x6b,0xb2,0x94,0xeb,0x5a,0xa2,0x10,0x61,0x08,0x04,0x21,0x61,0x08,
    0xc3,0x18,0x08,0x42,0x08,0x42,0xa6,0x39,0x8a,0x52,0x45,0x29,0x04,0x21,0x28,0x42,
    0x69,0x4a,0xe7,0x39,0x28,0x42,0xaa,0x52,0x8a,0x52,0x49,0x4a,0xa6,0x31,0x86,0x31,
    0x4c,0x6b,0xae,0x73,0x69,0x4a,0x86,0x31,0xa6,0x31,0xc7,0x39,0x04,0x21,0x41,0x00,
    0x82,0x10,0xa2,0x10,0x82,0x10,0x82,0x10,0x61,0x08,0x61,0x08,0x61,0x08,0x82,0x10,
    0x45,0x29,0xe3,0x18,0x41,0x08,0x61,0x08,0x61,0x08,0x61,0x08,0x41,0x08,0xa2,0x10,
    0x82,0x10,0x82,0x10,0x82,0x08,0x61,0x08,0x61,0x08,0x82,0x10,0x61,0x08,0x61,0x08,
    0x82,0x10,0x61,0x08,0x41,0x08,0x20,0x00,0x00,0x00,0x00,0x00,0x20,0x00,0x61,0x08,
    0xa2,0x10,0x82,0x10,0x82,0x10,0x61,0x08,0x61,0x08,0x82,0x10,0x82,0x10,0x82,0x10,
    0x41,0x08,0xe3,0x18,0x65,0x29,0x49,0x4a,0x2c,0x63,0xeb,0x5a,0xcb,0x5a,0xa6,0x31,
    0xc7,0x39,0x08,0x42,0x86,0x31,0x69,0x4a,0xc7,0x39,0x04,0x21,0x24,0x21,0x8e,0x73,
    0x0c,0x63,0xe7,0x39,0x04,0x21,0x28,0x42,0xc6,0x31,0xa6,0x31,0x45,0x29,0xc7,0x39,
    0x86,0x31,0xeb,0x5a,0x10,0x84,0x69,0x4a,0x6a,0x52,0x49,0x4a,0x49,0x4a,0x08,0x42,
    0x28,0x42,0x24,0x29,0x04,0x21,0xc3,0x18,0xc3,0x18,0x24,0x21,0x41,0x08,0x24,0x21,
    0x45,0x29,0xc6,0x39,0xc3,0x18,0xa2,0x10,0x24,0x21,0x24,0x21,0x65,0x29,0x65,0x29,
    0x86,0x31,0x45,0x29,0xa6,0x31,0xe7,0x39,0x08,0x42,0x04,0x21,0x86,0x31,0x04,0x21,
    0x65,0x29,0x24,0x21,0x45,0x29,0x45,0x29,0x04,0x21,0xc3,0x18,0x82,0x10,0xa2,0x10,
    0x61,0x08,0x61,0x08,0x41,0x08,0x41,0x08,0x41,0x08,0x40,0x00,0xc3,0x18,0xe3,0x18,
    0x04,0x21,0x49,0x4a,0xaa,0x52,0x28,0x42,0xa7,0x31,0xcb,0x5a,0xcb,0x5a,0x49,0x4a,
    0x08,0x42,0x28,0x4a,0xcb,0x5a,0xeb,0x5a,0x8a,0x52,0x6d,0x6b,0x6d,0x73,0x0c,0x63,
    0x65,0x29,0x6d,0x6b,0x0c,0x63,0xc7,0x39,0x71,0x8c,0xeb,0x5a,0x49,0x4a,0x65,0x29,
    0x49,0x4a,0xa6,0x31,0x8a,0x52,0xe7,0x39,0xeb,0x5a,0x8a,0x52,0x0c,0x63,0xaa,0x52,
    0xa6,0x31,0x04,0x21,0x28,0x42,0xcb,0x5a,0x4d,0x6b,0x0c,0x63,0xe7,0x41,0x49,0x4a,
    0xa6,0x31,0x8e,0x73,0x2c,0x63,0x2c,0x63,0x0c,0x63,0xaa,0x52,0xaa,0x52,0xe7,0x39,
    0x28,0x42,0x24,0x21,0xa2,0x10,0x82,0x10,0x61,0x08,0x41,0x08,0x41,0x08,0x41,0x08,
    0x20,0x00,0x61,0x08,0xc3,0x18,0xe3,0x18,0xa2,0x10,0x61,0x08,0xe3,0x18,0xe3,0x18,
    0xa2,0x10,0x45,0x29,0xa6,0x31,0x86,0x31,0x04,0x21,0x8a,0x52,0x8d,0x73,0x45,0x29,
    0xe3,0x18,0x28,0x42,0xef,0x7b,0xa6,0x31,0xa2,0x10,0xe3,0x18,0xc3,0x18,0x82,0x10,
    0x04,0x21,0x82,0x10,0x24,0x21,0xe3,0x18,0x82,0x10,0x82,0x10,0x82,0x10,0x04,0x21,
    0xa7,0x31,0xc3,0x18,0xc7,0x39,0x69,0x4a,0x69,0x4a,0xe8,0x41,0xaa,0x52,0xeb,0x5a,
    0xaa,0x52,0xae,0x73,0x69,0x4a,0xe3,0x18,0x61,0x08,0x00,0x00,0x40,0x00,0x82,0x10,
    0xe3,0x18,0x24,0x21,0x45,0x29,0xe7,0x39,0xaa,0x52,0xc7,0x39,0x61,0x08,0x08,0x42,
    0xe7,0x41,0x08,0x42,0x08,0x42,0xa6,0x31,0x0c,0x63,0x6d,0x6b,0xc3,0x18,0x04,0x21,
    0xcb,0x5a,0x69,0x4a,0x2c,0x63,0x4d,0x6b,0xc7,0x39,0x08,0x42,0x69,0x4a,0xa2,0x10,
    0x41,0x08,0x82,0x10,0x82,0x10,0x61,0x08,0x61,0x08,0x61,0x08,0x41,0x08,0x61,0x08,
    0x24,0x21,0xc3,0x18,0x41,0x08,0x41,0x08,0x41,0x08,0x41,0x08,0x41,0x08,0x82,0x10,
    0xa2,0x10,0x82,0x10,0x82,0x08,0x82,0x10,0x82,0x10,0xa2,0x10,0x82,0x10,0x82,0x10,
    0x82,0x10,0x82,0x10,0x41,0x08,0x20,0x00,0x00,0x00,0x00,0x00,0x20,0x00,0x61,0x08,
    0x82,0x10,0x61,0x08,0x61,0x08,0x82,0x10,0x82,0x10,0x82,0x10,0x61,0x08,0x82,0x10,
    0xe3,0x18,0x08,0x42,0x0c,0x63,0xeb,0x5a,0x49,0x4a,0x86,0x31,0x85,0x31,0x24,0x21,
    0x65,0x29,0x28,0x42,0x28,0x4a,0x8a,0x52,0xc7,0x39,0xa2,0x10,0xcb,0x5a,0x30,0x84,
    0xa6,0x31,0x04,0x21,0xa2,0x10,0x86,0x31,0xa6,0x31,0x65,0x29,0x45,0x29,0xa6,0x31,
    0x8a,0x52,0x8e,0x6b,0xaa,0x52,0x08,0x42,0x49,0x4a,0x69,0x4a,0x49,0x4a,0x8a,0x52,
    0x49,0x4a,0xa6,0x39,0xc7,0x39,0xc3,0x18,0xc3,0x18,0x24,0x21,0x20,0x00,0xe3,0x18,
    0x45,0x29,0xc7,0x39,0xc3,0x18,0xa2,0x10,0x04,0x21,0x24,0x21,0x24,0x21,0xe7,0x39,
    0x07,0x42,0x65,0x29,0xc7,0x39,0xc7,0x39,0x49,0x4a,0x86,0x31,0xa6,0x31,0x86,0x31,
    0x45,0x29,0x45,0x21,0x24,0x21,0x24,0x21,0xe3,0x18,0x24,0x21,0xe3,0x18,0xe3,0x18,
    0x61,0x08,0x61,0x08,0x61,0x08,0x61,0x08,0x41,0x08,0x41,0x08,0x20,0x00,0x20,0x00,
    0xc2,0x18,0x04,0x21,0xa6,0x31,0x69,0x4a,0x08,0x42,0x08,0x42,0x08,0x42,0x86,0x31,
    0x66,0x31,0x08,0x42,0x0c,0x63,0xec,0x62,0x8a,0x52,0x8e,0x73,0xa6,0x31,0xe8,0x39,
    0xaa,0x52,0x0b,0x63,0x49,0x42,0xc7,0x39,0xe7,0x39,0xcb,0x5a,0xaa,0x52,0xc7,0x39,
    0xc7,0x39,0xa6,0x39,0xe8,0x41,0x24,0x21,0x69,0x4a,0xeb,0x5a,0xaa,0x52,0x86,0x31,
    0x8a,0x52,0x69,0x4a,0x04,0x21,0xa6,0x31,0x65,0x29,0xeb,0x5a,0xcb,0x5a,0xe7,0x39,
    0xc3,0x18,0x6d,0x6b,0x6d,0x6b,0xcb,0x5a,0x69,0x4a,0xc7,0x39,0xaa,0x52,0x49,0x4a,
    0xe3,0x18,0x41,0x08,0x41,0x08,0x61,0x08,0x61,0x08,0x61,0x08,0xa2,0x10,0x61,0x08,
    0x61,0x08,0xe3,0x18,0xe3,0x18,0x82,0x10,0x82,0x10,0xc3,0x18,0xe3,0x18,0x04,0x21,
    0x24,0x21,0xc7,0x39,0xa6,0x31,0x24,0x21,0xcb,0x5a,0xcb,0x5a,0x8a,0x52,0x65,0x29,
    0x24,0x21,0x04,0x21,0x28,0x42,0x49,0x4a,0xa2,0x10,0x04,0x21,0xa2,0x10,0xc3,0x18,
    0x45,0x29,0xc2,0x18,0x86,0x31,0xe3,0x18,0x61,0x08,0xe3,0x18,0x45,0x29,0xc2,0x10,
    0xa6,0x31,0xe3,0x18,0xe7,0x39,0x69,0x4a,0x28,0x42,0x28,0x42,0x8a,0x52,0x8a,0x52,
    0x0c,0x63,0x86,0x31,0x20,0x00,0x20,0x00,0x20,0x00,0x20,0x00,0x00,0x00,0xc3,0x18,
    0xe7,0x39,0x24,0x21,0xc3,0x18,0x69,0x4a,0x69,0x4a,0x08,0x42,0x24,0x21,0x65,0x29,
    0x28,0x42,0xa6,0x31,0xe7,0x39,0x45,0x29,0x24,0x21,0xaa,0x52,0x65,0x29,0x41,0x08,
    0x20,0x00,0x00,0x00,0xa6,0x31,0x8e,0x73,0xaa,0x52,0x8a,0x52,0x08,0x42,0x28,0x42,
    0x85,0x29,0xc3,0x18,0x41,0x08,0x20,0x00,0x41,0x08,0x41,0x08,0x20,0x00,0x61,0x08,
    0xe3,0x18,0xa2,0x10,0x20,0x00,0x20,0x00,0x20,0x00,0x40,0x00,0x20,0x00,0x82,0x10,
    0xa2,0x10,0x82,0x10,0x81,0x10,0x82,0x10,0x82,0x10,0x82,0x10,0x82,0x10,0x82,0x10,
    0xa2,0x10,0x82,0x10,0x61,0x08,0x40,0x00,0x00,0x00,0x00,0x00,0x20,0x00,0x41,0x08,
    0xc3,0x18,0xa2,0x10,0x82,0x10,0x82,0x10,0x61,0x08,0x82,0x10,0xe3,0x20,0xc7,0x39,
    0xeb,0x5a,0x2c,0x63,0xcb,0x5a,0xe7,0x39,0x45,0x29,0x45,0x29,0x24,0x21,0xa2,0x10,
    0xe3,0x18,0x28,0x42,0xeb,0x5a,0xaa,0x52,0x45,0x29,0x65,0x29,0x8e,0x73,0x8a,0x52,
    0x24,0x21,0x04,0x21,0xe3,0x18,0x08,0x42,0x69,0x4a,0x65,0x29,0x45,0x29,0xc7,0x39,
    0xae,0x73,0x4d,0x6b,0x49,0x4a,0xcb,0x5a,0x69,0x4a,0x8a,0x52,0x6a,0x52,0xaa,0x52,
    0x8a,0x52,0x45,0x29,0x65,0x29,0x24,0x21,0xc2,0x18,0x86,0x31,0x41,0x08,0xa2,0x10,
    0x24,0x21,0xe7,0x39,0xe3,0x18,0x82,0x10,0x45,0x29,0x04,0x21,0x24,0x21,0xa6,0x31,
    0xc7,0x39,0xe7,0x39,0x65,0x29,0x48,0x42,0x86,0x31,0xe7,0x39,0x86,0x31,0x08,0x42,
    0x45,0x29,0x45,0x29,0x86,0x31,0x86,0x31,0xc3,0x18,0x04,0x21,0xe3,0x18,0xc3,0x18,
    0xa2,0x10,0x61,0x08,0x61,0x08,0x61,0x08,0x82,0x10,0x41,0x08,0x41,0x08,0x41,0x08,
    0x41,0x08,0x61,0x08,0xc7,0x39,0xe7,0x39,0xcb,0x5a,0x08,0x42,0x49,0x4a,0x69,0x4a,
    0xc7,0x39,0xe7,0x39,0x08,0x42,0x69,0x4a,0x28,0x42,0xaa,0x52,0x66,0x31,0x28,0x42,
    0xc7,0x39,0x2c,0x6b,0xc7,0x39,0xe7,0x39,0x28,0x42,0x08,0x42,0x08,0x42,0xa6,0x31,
    0xc3,0x18,0x24,0x21,0x49,0x4a,0xa6,0x31,0xa6,0x31,0x49,0x4a,0x65,0x29,0x24,0x21,
    0xaa,0x52,0x6d,0x6b,0x86,0x31,0x08,0x42,0x45,0x29,0x45,0x29,0x4d,0x6b,0x8a,0x52,
    0xc7,0x39,0xa6,0x31,0xeb,0x5a,0x49,0x4a,0x86,0x31,0x86,0x31,0x69,0x4a,0x24,0x21,
    0x00,0x00,0x41,0x08,0x41,0x08,0x41,0x08,0x61,0x08,0x61,0x08,0x82,0x10,0x61,0x08,
    0xa2,0x10,0xc3,0x18,0x61,0x08,0xa2,0x10,0xc3,0x18,0x82,0x10,0x65,0x29,0x45,0x29,
    0x45,0x29,0x86,0x31,0x45,0x29,0x45,0x29,0x69,0x4a,0x45,0x29,0xcb,0x5a,0x45,0x29,
    0x45,0x29,0x82,0x10,0xa6,0x31,0x08,0x42,0xa2,0x10,0x04,0x21,0xa2,0x10,0x65,0x29,
    0x04,0x21,0x45,0x29,0x45,0x29,0xc3,0x18,0xa2,0x10,0x86,0x31,0x65,0x29,0x82,0x10,
    0x86,0x31,0x04,0x21,0xe7,0x39,0x8a,0x52,0x69,0x4a,0x69,0x4a,0x69,0x4a,0x8a,0x52,
    0x04,0x21,0x61,0x08,0x20,0x00,0x61,0x08,0x61,0x08,0x20,0x00,0x00,0x00,0xc3,0x18,
    0x08,0x42,0xc7,0x39,0xe3,0x18,0xc7,0x39,0xcb,0x5a,0xeb,0x5a,0x65,0x29,0xe7,0x39,
    0xcb,0x5a,0xa6,0x31,0xa6,0x39,0xa6,0x31,0x61,0x08,0x28,0x42,0x8e,0x73,0xe3,0x18,
    0x20,0x00,0x20,0x00,0x86,0x31,0x8a,0x52,0xeb,0x5a,0x6d,0x6b,0x45,0x29,0x86,0x31,
    0x6a,0x52,0x8a,0x52,0x86,0x31,0xa2,0x10,0x20,0x00,0x20,0x00,0x20,0x00,0x61,0x08,
    0xe3,0x18,0xa2,0x10,0x20,0x00,0x20,0x00,0x20,0x00,0x20,0x00,0x20,0x00,0x82,0x10,
    0x82,0x10,0x61,0x08,0x61,0x08,0x61,0x08,0x61,0x08,0x61,0x08,0x41,0x08,0x82,0x10,
    0xa2,0x10,0x82,0x08,0x61,0x08,0x41,0x08,0x00,0x00,0x00,0x00,0x20,0x00,0x61,0x08,
    0xc3,0x18,0xa2,0x10,0x61,0x08,0x61,0x08,0xe3,0x18,0xc7,0x39,0xaa,0x52,0x2c,0x63,
    0x6d,0x6b,0xeb,0x5a,0xc7,0x39,0x65,0x29,0x45,0x29,0x45,0x29,0x04,0x21,0xc3,0x18,
    0x04,0x21,0x49,0x4a,0x0c,0x63,0xa6,0x31,0x04,0x21,0x65,0x29,0xaa,0x52,0x8a,0x52,
    0x49,0x4a,0xa7,0x39,0x45,0x29,0xcb,0x5a,0x49,0x4a,0x86,0x31,0x86,0x31,0x4d,0x6b,
    0x71,0x8c,0x69,0x4a,0x24,0x21,0x69,0x4a,0x08,0x42,0x49,0x4a,0x28,0x42,0x8a,0x52,
    0xaa,0x52,0x86,0x31,0x45,0x29,0x86,0x31,0xe3,0x18,0x86,0x31,0x61,0x08,0x61,0x08,
    0x04,0x21,0xc7,0x39,0x03,0x21,0x61,0x10,0x65,0x29,0x24,0x21,0x65,0x29,0x24,0x21,
    0x24,0x21,0xa6,0x31,0xa6,0x31,0x86,0x31,0x07,0x42,0x69,0x4a,0x45,0x29,0xe7,0x39,
    0x45,0x29,0x65,0x29,0xa6,0x31,0x86,0x31,0x65,0x29,0xe3,0x18,0x24,0x21,0xe3,0x18,
    0xe3,0x18,0x82,0x10,0x82,0x10,0x61,0x08,0x61,0x08,0xa2,0x10,0x82,0x10,0x61,0x08,
    0x61,0x08,0x82,0x10,0x82,0x10,0x24,0x21,0x24,0x21,0x24,0x21,0xe7,0x39,0xcb,0x5a,
    0x69,0x4a,0x69,0x4a,0x86,0x31,0x86,0x31,0x28,0x4a,0x28,0x42,0x86,0x31,0x86,0x31,
    0xe3,0x18,0x2c,0x63,0x28,0x42,0x86,0x31,0x08,0x42,0x49,0x4a,0x86,0x31,0x86,0x31,
    0x65,0x29,0x04,0x21,0x45,0x29,0x8a,0x52,0xc7,0x39,0x45,0x29,0xc7,0x39,0x04,0x21,
    0x28,0x42,0x08,0x42,0x0c,0x63,0xc7,0x39,0x28,0x42,0xa2,0x10,0x8a,0x52,0x4d,0x6b,
    0xa6,0x31,0x24,0x21,0xe7,0x39,0x49,0x4a,0x65,0x29,0xa2,0x10,0x61,0x08,0x20,0x00,
    0x41,0x08,0x61,0x08,0xa2,0x10,0x81,0x10,0x82,0x10,0x61,0x08,0x41,0x08,0x82,0x10,
    0xa2,0x10,0x61,0x08,0xa2,0x10,0xa2,0x18,0x61,0x08,0x45,0x29,0x65,0x29,0xa6,0x31,
    0x24,0x21,0xc7,0x39,0xcb,0x5a,0x24,0x21,0x65,0x29,0xe7,0x39,0xeb,0x5a,0x04,0x21,
    0xc7,0x39,0x69,0x4a,0x69,0x4a,0x45,0x29,0xc3,0x18,0xa2,0x10,0x65,0x29,0x24,0x21,
    0x85,0x31,0x65,0x29,0x04,0x21,0xc3,0x18,0x65,0x29,0x86,0x31,0x24,0x21,0xa2,0x10,
    0xe8,0x39,0xe3,0x18,0x86,0x31,0x8a,0x52,0x69,0x4a,0x69,0x4a,0x49,0x4a,0x86,0x31,
    0xc3,0x18,0xc3,0x18,0x65,0x29,0x24,0x21,0x41,0x08,0x20,0x00,0x00,0x00,0xc3,0x18,
    0x65,0x31,0xc7,0x39,0x24,0x21,0x24,0x21,0xa6,0x31,0x69,0x4a,0xc7,0x39,0x41,0x08,
    0xe3,0x18,0x24,0x21,0x49,0x4a,0xaa,0x52,0x69,0x4a,0x69,0x4a,0x6d,0x6b,0x8d,0x73,
    0x8a,0x52,0x69,0x4a,0x8a,0x52,0xeb,0x5a,0xef,0x7b,0xb2,0x94,0x6e,0x73,0xe3,0x18,
    0x04,0x21,0x08,0x42,0x28,0x42,0x28,0x42,0x24,0x21,0x61,0x08,0x20,0x00,0x41,0x08,
    0xe3,0x18,0x82,0x10,0x00,0x00,0x20,0x00,0x20,0x00,0x20,0x00,0x00,0x00,0x61,0x08,
    0x82,0x10,0x61,0x08,0xa2,0x10,0xa2,0x10,0x82,0x10,0x41,0x08,0x41,0x08,0x61,0x08,
    0x82,0x08,0x61,0x08,0x61,0x08,0x41,0x08,0x00,0x00,0x00,0x00,0x20,0x00,0x61,0x08,
    0x82,0x10,0x61,0x08,0xa2,0x10,0x08,0x42,0xcb,0x5a,0xaa,0x52,0x8a,0x52,0x28,0x42,
    0xc7,0x39,0x49,0x4a,0x49,0x4a,0x8a,0x52,0xe7,0x39,0x45,0x29,0x04,0x21,0x04,0x19,
    0x65,0x29,0x86,0x31,0x49,0x4a,0xe7,0x39,0x24,0x21,0x65,0x29,0x6d,0x6b,0xa6,0x31,
    0x65,0x29,0xa6,0x31,0x69,0x4a,0x69,0x4a,0x65,0x29,0x24,0x21,0x86,0x31,0x28,0x42,
    0xeb,0x5a,0x08,0x42,0x28,0x42,0x0c,0x63,0x8a,0x52,0xaa,0x52,0x08,0x42,0x69,0x4a,
    0xeb,0x5a,0x49,0x4a,0x04,0x21,0xc3,0x18,0xe3,0x18,0x08,0x42,0xa2,0x10,0x20,0x00,
    0x04,0x21,0xa6,0x31,0xe3,0x18,0x82,0x10,0x45,0x21,0x65,0x29,0xa6,0x31,0x86,0x31,
    0x86,0x31,0x24,0x21,0x08,0x42,0x45,0x29,0x08,0x42,0xaa,0x52,0x69,0x4a,0x44,0x29,
    0xa6,0x31,0x65,0x29,0xc7,0x39,0x24,0x21,0x65,0x29,0xe3,0x18,0xe3,0x18,0x04,0x21,
    0xc3,0x18,0xa2,0x10,0xa2,0x10,0x61,0x08,0x41,0x08,0x40,0x08,0x61,0x08,0x41,0x08,
    0x20,0x00,0x41,0x08,0x41,0x08,0x41,0x08,0x20,0x00,0x61,0x08,0x04,0x21,0x29,0x4a,
    0x24,0x21,0xc3,0x18,0xa6,0x39,0xa7,0x31,0xe7,0x39,0xe7,0x39,0xe7,0x39,0x45,0x29,
    0x04,0x21,0x28,0x42,0x08,0x42,0x04,0x21,0xe3,0x18,0x6a,0x4a,0x86,0x31,0x24,0x21,
    0x8a,0x52,0x86,0x31,0x82,0x10,0x49,0x4a,0xa6,0x31,0x04,0x21,0xa6,0x31,0x03,0x19,
    0x69,0x4a,0x65,0x29,0x65,0x31,0xcb,0x5a,0xc7,0x39,0x86,0x31,0x28,0x4a,0xa6,0x31,
    0x86,0x31,0xa2,0x10,0xa2,0x10,0x24,0x21,0x61,0x08,0x41,0x08,0x41,0x08,0x41,0x08,
    0x41,0x08,0xa2,0x10,0x82,0x10,0x41,0x08,0x41,0x08,0x41,0x08,0x41,0x08,0xc3,0x18,
    0x82,0x10,0x82,0x10,0xc3,0x18,0x41,0x08,0xa2,0x10,0x24,0x21,0x86,0x31,0x86,0x31,
    0x69,0x4a,0x8a,0x52,0x49,0x4a,0xc7,0x39,0xe7,0x39,0xc7,0x39,0xcb,0x5a,0x04,0x21,
    0xc7,0x39,0x8e,0x73,0xc7,0x39,0xe3,0x18,0xe3,0x18,0x24,0x21,0xa6,0x31,0xe3,0x18,
    0x49,0x4a,0x04,0x21,0xe3,0x18,0xa6,0x31,0xa6,0x31,0x82,0x10,0xe3,0x18,0xe3,0x18,
    0xe7,0x39,0xe4,0x18,0xc7,0x39,0x49,0x4a,0x28,0x42,0xe7,0x39,0x86,0x31,0xc7,0x39,
    0x45,0x29,0x86,0x31,0x49,0x4a,0x69,0x52,0x45,0x29,0x00,0x00,0x00,0x00,0xc3,0x18,
    0x82,0x10,0xc3,0x18,0x65,0x29,0xe3,0x18,0xe3,0x18,0xc7,0x39,0x8a,0x52,0x04,0x21,
    0x24,0x21,0x04,0x21,0xa2,0x10,0x61,0x08,0x04,0x21,0x4d,0x6b,0x4c,0x6b,0x6d,0x6b,
    0x8e,0x73,0xeb,0x5a,0xa6,0x31,0xaa,0x52,0x0b,0x63,0x49,0x4a,0x6d,0x6b,0x8a,0x52,
    0x65,0x29,0x65,0x29,0x24,0x21,0xc7,0x39,0x49,0x4a,0xe7,0x39,0x44,0x29,0xc3,0x18,
    0xe3,0x18,0x61,0x08,0x00,0x00,0x20,0x00,0x20,0x00,0x20,0x00,0x00,0x00,0x82,0x10,
    0x82,0x10,0x61,0x08,0x82,0x10,0xa2,0x10,0x82,0x10,0x41,0x08,0x41,0x08,0x61,0x08,
    0x82,0x08,0x61,0x08,0x61,0x08,0x41,0x08,0x20,0x00,0x00,0x00,0x20,0x00,0x41,0x08,
    0xc3,0x18,0x86,0x31,0x49,0x4a,0xca,0x5a,0xaa,0x52,0x2c,0x63,0x69,0x4a,0xa6,0x31,
    0x86,0x31,0x49,0x4a,0x8a,0x52,0x2c,0x63,0xe7,0x39,0x65,0x29,0x24,0x21,0x24,0x21,
    0xc7,0x39,0x04,0x19,0x04,0x21,0x65,0x29,0x65,0x29,0x69,0x4a,0x28,0x42,0x04,0x21,
    0x49,0x4a,0x49,0x4a,0xab,0x5a,0xc7,0x39,0xa2,0x10,0x45,0x29,0x86,0x31,0x04,0x21,
    0x8a,0x52,0xe7,0x39,0x8a,0x52,0x8e,0x73,0x8a,0x52,0x08,0x42,0x28,0x42,0xaa,0x52,
    0x4c,0x6b,0x08,0x42,0x65,0x29,0x04,0x21,0xe3,0x18,0x49,0x4a,0xe3,0x18,0xe3,0x18,
    0xc3,0x18,0xa6,0x31,0xc3,0x18,0xa2,0x10,0x04,0x21,0x65,0x29,0x65,0x29,0x08,0x42,
    0xa6,0x31,0xe7,0x39,0x65,0x29,0xc7,0x39,0x86,0x31,0xa6,0x31,0xcb,0x5a,0xe7,0x39,
    0x65,0x29,0xa6,0x31,0xa6,0x31,0xe7,0x39,0x65,0x29,0x45,0x29,0xc3,0x18,0x24,0x21,
    0xc3,0x18,0xc2,0x18,0xa2,0x10,0x82,0x10,0x61,0x08,0x41,0x08,0x41,0x08,0x61,0x08,
    0x41,0x08,0x41,0x08,0x41,0x08,0x61,0x08,0x61,0x08,0x41,0x08,0x61,0x08,0x81,0x10,
    0x00,0x00,0x61,0x08,0x65,0x29,0x24,0x21,0xa2,0x10,0x8a,0x52,0x49,0x4a,0x86,0x31,
    0x24,0x21,0x45,0x29,0x28,0x42,0x04,0x21,0xa6,0x31,0xc7,0x39,0xc7,0x39,0x24,0x21,
    0xe7,0x41,0x86,0x31,0xa2,0x10,0xc6,0x39,0xe3,0x18,0x24,0x21,0x86,0x31,0x04,0x21,
    0xc7,0x39,0x08,0x42,0xc3,0x18,0xc7,0x39,0x86,0x31,0xc7,0x39,0x86,0x31,0x61,0x08,
    0x61,0x08,0x41,0x08,0x41,0x08,0x41,0x08,0x61,0x08,0x82,0x10,0x41,0x08,0x61,0x08,
    0x61,0x08,0x40,0x08,0x61,0x08,0x82,0x10,0x41,0x08,0x41,0x08,0x82,0x10,0xe3,0x18,
    0x61,0x08,0xc3,0x18,0x82,0x10,0xe3,0x18,0xe3,0x18,0xe3,0x18,0x86,0x31,0x07,0x42,
    0xcb,0x5a,0x24,0x21,0xaa,0x52,0xa6,0x31,0x86,0x31,0xa6,0x31,0xaa,0x52,0x04,0x21,
    0xe3,0x18,0xe3,0x18,0xe3,0x18,0x04,0x21,0xc3,0x18,0xc7,0x39,0xe3,0x18,0x08,0x42,
    0x49,0x4a,0xe3,0x18,0xe3,0x18,0xe7,0x39,0x82,0x10,0x82,0x10,0x44,0x29,0xa2,0x10,
    0x86,0x31,0x04,0x21,0xe3,0x18,0x45,0x29,0x86,0x31,0xc7,0x39,0x86,0x31,0x65,0x29,
    0xa6,0x31,0x45,0x29,0xc7,0x39,0x28,0x42,0x04,0x21,0x00,0x00,0x00,0x00,0x61,0x08,
    0x45,0x29,0x41,0x08,0x04,0x21,0x04,0x21,0x24,0x21,0xe7,0x39,0x49,0x4a,0x24,0x21,
    0x65,0x31,0x08,0x42,0x86,0x31,0x86,0x31,0x04,0x21,0x82,0x10,0x03,0x19,0xca,0x5a,
    0xae,0x73,0xcb,0x5a,0x51,0x8c,0xaa,0x52,0x07,0x42,0x49,0x4a,0x8a,0x52,0x2c,0x63,
    0x8d,0x73,0xae,0x73,0x49,0x4a,0xa6,0x31,0x28,0x42,0x49,0x4a,0x08,0x42,0x08,0x42,
    0xe7,0x41,0x04,0x21,0x21,0x00,0x00,0x00,0x00,0x00,0x20,0x00,0x20,0x00,0x61,0x08,
    0x61,0x08,0x61,0x08,0x61,0x08,0x82,0x10,0x61,0x08,0x61,0x08,0x61,0x08,0x61,0x08,
    0x61,0x08,0x61,0x08,0x41,0x08,0x41,0x08,0x00,0x00,0x00,0x00,0xa2,0x10,0xc7,0x39,
    0xeb,0x5a,0x4d,0x6b,0x69,0x4a,0x08,0x42,0xcb,0x5a,0x49,0x4a,0xe7,0x39,0x28,0x42,
    0xc7,0x39,0x86,0x31,0x49,0x4a,0x2c,0x63,0xa6,0x31,0x24,0x21,0x45,0x29,0x24,0x21,
    0xe3,0x18,0x24,0x21,0x65,0x29,0xa6,0x31,0xc3,0x18,0x08,0x42,0x0c,0x63,0x4c,0x63,
    0x8a,0x52,0xc6,0x39,0xa6,0x31,0x24,0x21,0x45,0x29,0x65,0x29,0x65,0x29,0xe7,0x39,
    0x2c,0x63,0x49,0x4a,0xeb,0x5a,0x0c,0x63,0x2c,0x63,0xae,0x73,0xeb,0x5a,0x49,0x4a,
    0x69,0x4a,0x04,0x21,0x45,0x29,0xe7,0x39,0x04,0x21,0x08,0x42,0x82,0x10,0x24,0x21,
    0x65,0x29,0x65,0x29,0xe3,0x18,0xc3,0x18,0x24,0x21,0x65,0x29,0x24,0x21,0x28,0x42,
    0x65,0x29,0x28,0x42,0x65,0x29,0x65,0x29,0x65,0x29,0x86,0x31,0xc7,0x39,0xeb,0x5a,
    0x45,0x29,0xc7,0x39,0x86,0x31,0xc7,0x31,0xa6,0x31,0xa6,0x31,0x04,0x21,0x04,0x21,
    0x04,0x21,0x04,0x21,0xe3,0x18,0x61,0x08,0x82,0x10,0x61,0x08,0x61,0x08,0x41,0x08,
    0x41,0x08,0x61,0x08,0x41,0x08,0x61,0x08,0x61,0x08,0x41,0x08,0x61,0x08,0x61,0x08,
    0x82,0x10,0x41,0x08,0x82,0x10,0x61,0x08,0x41,0x08,0xe3,0x18,0x24,0x21,0xc3,0x18,
    0xa2,0x10,0x04,0x21,0x61,0x08,0xe3,0x18,0x45,0x29,0xa2,0x10,0x82,0x10,0x82,0x10,
    0x82,0x10,0xe3,0x18,0x82,0x10,0x61,0x08,0x61,0x08,0xa2,0x10,0xa2,0x10,0xa2,0x10,
    0x82,0x10,0xc2,0x10,0x82,0x10,0x41,0x08,0x61,0x08,0xc3,0x18,0x40,0x00,0x41,0x08,
    0x61,0x08,0x61,0x08,0x41,0x08,0x41,0x08,0x61,0x08,0x61,0x08,0x82,0x10,0x61,0x08,
    0x61,0x08,0xa2,0x10,0xc3,0x18,0xa2,0x10,0x61,0x08,0x81,0x08,0xc3,0x18,0xc3,0x18,
    0x61,0x08,0xc3,0x18,0xa2,0x10,0xe3,0x18,0xa2,0x10,0x45,0x29,0xc7,0x39,0x24,0x21,
    0xc7,0x39,0xa6,0x31,0xaa,0x52,0x86,0x31,0xa6,0x31,0x65,0x29,0x8a,0x52,0x24,0x21,
    0xe3,0x18,0x04,0x21,0x24,0x21,0xe3,0x18,0x65,0x29,0xe3,0x18,0xa6,0x31,0xaa,0x52,
    0x49,0x4a,0xe3,0x18,0x24,0x21,0xe3,0x18,0x61,0x08,0x24,0x21,0x65,0x29,0xc3,0x18,
    0x86,0x31,0x24,0x21,0xa2,0x10,0xc3,0x18,0x04,0x21,0xc7,0x39,0x28,0x42,0x08,0x42,
    0x28,0x42,0x08,0x42,0xa6,0x31,0xe7,0x41,0x45,0x29,0x00,0x00,0x20,0x00,0x82,0x10,
    0x65,0x29,0x61,0x08,0xe3,0x18,0xa6,0x31,0x28,0x42,0xc7,0x39,0xe7,0x39,0x04,0x21,
    0x24,0x21,0x45,0x29,0x04,0x21,0x85,0x31,0x49,0x4a,0x49,0x4a,0xc7,0x39,0x61,0x08,
    0xc3,0x18,0x0c,0x63,0x69,0x4a,0x4d,0x6b,0xae,0x7b,0xeb,0x5a,0xe7,0x39,0xaa,0x52,
    0x8a,0x52,0x69,0x4a,0x8d,0x73,0x69,0x4a,0xc6,0x39,0x08,0x42,0x65,0x29,0xa6,0x31,
    0x07,0x42,0xc7,0x39,0x86,0x31,0x24,0x21,0x82,0x10,0x20,0x00,0x00,0x00,0x00,0x00,
    0x61,0x08,0x61,0x08,0xa2,0x10,0xa2,0x10,0x61,0x08,0x41,0x08,0x41,0x08,0x61,0x08,
    0x82,0x10,0x61,0x08,0x20,0x00,0x20,0x00,0x61,0x08,0x65,0x29,0xcb,0x5a,0x4d,0x6b,
    0xeb,0x5a,0x8a,0x52,0x0c,0x63,0xeb,0x5a,0x86,0x31,0x24,0x21,0x8a,0x52,0x49,0x4a,
    0x65,0x29,0xa6,0x31,0xc6,0x31,0xaa,0x52,0xe7,0x39,0x65,0x29,0x69,0x4a,0x28,0x42,
    0xc7,0x39,0x86,0x31,0xc3,0x18,0x41,0x08,0x04,0x21,0x4d,0x6b,0x2c,0x63,0x69,0x4a,
    0x65,0x29,0x65,0x29,0x86,0x31,0x85,0x31,0xa6,0x31,0x45,0x29,0xa2,0x10,0x65,0x31,
    0x8a,0x52,0x0c,0x63,0x48,0x42,0x41,0x08,0x20,0x00,0x86,0x31,0x0c,0x63,0x28,0x42,
    0xaa,0x52,0x08,0x42,0xc3,0x18,0xa6,0x31,0x24,0x21,0x49,0x4a,0xa2,0x10,0xc3,0x18,
    0xc3,0x18,0x65,0x29,0xc3,0x18,0xe3,0x18,0x66,0x29,0x45,0x29,0x65,0x29,0xe7,0x39,
    0xc6,0x39,0xa6,0x31,0x08,0x42,0x24,0x21,0xc7,0x39,0xa6,0x31,0x45,0x29,0xaa,0x52,
    0x28,0x42,0x24,0x21,0x49,0x4a,0xa6,0x31,0xc7,0x39,0x86,0x31,0x65,0x29,0x04,0x21,
    0x24,0x21,0xe3,0x18,0x45,0x29,0xa2,0x10,0x82,0x10,0x81,0x10,0x61,0x08,0x61,0x08,
    0x20,0x00,0x41,0x08,0x61,0x08,0x61,0x08,0x41,0x08,0x41,0x08,0x61,0x08,0x61,0x08,
    0x61,0x08,0x82,0x10,0x82,0x10,0x61,0x08,0x61,0x08,0x20,0x00,0x41,0x00,0x41,0x08,
    0x82,0x08,0x41,0x08,0x41,0x08,0x61,0x08,0x41,0x08,0x41,0x08,0x41,0x08,0x20,0x00,
    0x20,0x00,0x61,0x08,0x41,0x08,0x61,0x08,0x41,0x08,0x61,0x08,0x61,0x08,0x61,0x08,
    0x61,0x08,0x61,0x08,0x61,0x08,0x61,0x08,0x41,0x08,0x00,0x00,0x82,0x10,0x82,0x10,
    0x61,0x08,0x41,0x08,0x41,0x08,0x20,0x00,0x61,0x08,0x82,0x10,0xa2,0x10,0x82,0x10,
    0xc3,0x18,0x82,0x10,0x61,0x08,0x82,0x10,0xa2,0x10,0x82,0x10,0xe3,0x18,0xa2,0x10,
    0x82,0x10,0xa2,0x10,0xa2,0x10,0xc3,0x18,0x86,0x31,0xc7,0x39,0x28,0x42,0xaa,0x52,
    0x28,0x42,0xc7,0x39,0x8a,0x52,0x28,0x42,0xa6,0x31,0x86,0x31,0x69,0x4a,0x04,0x21,
    0x04,0x21,0x04,0x21,0xe3,0x18,0x04,0x21,0x03,0x21,0x65,0x29,0x69,0x4a,0x8a,0x52,
    0x28,0x42,0x45,0x29,0xe3,0x18,0xa2,0x10,0xe3,0x18,0xc3,0x18,0x24,0x21,0xe3,0x18,
    0x65,0x29,0xa2,0x10,0x82,0x10,0x45,0x29,0xc7,0x39,0xe7,0x39,0x49,0x4a,0xaa,0x52,
    0xaa,0x52,0x48,0x4a,0x8a,0x52,0xa6,0x31,0x65,0x29,0xa2,0x10,0x61,0x08,0xe3,0x18,
    0xc3,0x18,0x61,0x08,0x61,0x08,0x04,0x21,0x08,0x42,0x8a,0x52,0xaa,0x52,0xe3,0x18,
    0x04,0x21,0x04,0x21,0x24,0x21,0x45,0x29,0x86,0x31,0x28,0x42,0xaa,0x52,0x45,0x29,
    0xa2,0x10,0x69,0x4a,0xc2,0x18,0x20,0x00,0xe3,0x18,0x41,0x08,0x20,0x00,0x00,0x00,
    0xcb,0x5a,0x0c,0x63,0x08,0x42,0xcf,0x7b,0x69,0x4a,0xa6,0x31,0xc7,0x39,0x65,0x29,
    0x86,0x31,0xc7,0x39,0xa6,0x31,0xc7,0x39,0xc7,0x39,0x24,0x21,0x82,0x10,0x20,0x00,
    0x61,0x08,0x61,0x08,0x82,0x10,0x61,0x08,0x61,0x08,0x61,0x08,0x41,0x08,0x82,0x10,
    0x82,0x10,0x40,0x00,0xa2,0x10,0x86,0x31,0x49,0x4a,0x89,0x52,0x08,0x42,0x08,0x42,
    0x08,0x42,0xc7,0x39,0x2c,0x63,0xa6,0x31,0x24,0x21,0xaa,0x52,0x0c,0x63,0x07,0x3a,
    0x69,0x4a,0x48,0x4a,0x49,0x4a,0x2c,0x63,0xeb,0x5a,0x49,0x4a,0xc7,0x39,0x65,0x29,
    0xa2,0x10,0xa2,0x10,0xa2,0x10,0x82,0x10,0x86,0x31,0xeb,0x5a,0x65,0x29,0x03,0x21,
    0x45,0x29,0xe7,0x39,0x69,0x4a,0xc7,0x39,0x86,0x31,0x24,0x21,0x24,0x21,0xaf,0x7b,
    0xa6,0x31,0x86,0x31,0x00,0x00,0x20,0x00,0xc3,0x18,0x20,0x00,0x04,0x21,0xcb,0x5a,
    0x08,0x42,0x4d,0x6b,0xa6,0x31,0x04,0x21,0xc3,0x18,0x08,0x42,0xc2,0x18,0xc3,0x18,
    0x82,0x10,0x04,0x21,0xc3,0x18,0xc3,0x18,0xa6,0x31,0x45,0x29,0xa6,0x31,0x86,0x31,
    0x48,0x42,0x65,0x31,0x89,0x4a,0x65,0x29,0x65,0x29,0xc7,0x39,0xe7,0x39,0x65,0x29,
    0xab,0x5a,0x24,0x21,0x86,0x31,0xc7,0x39,0xc7,0x39,0xa6,0x31,0x65,0x29,0x04,0x21,
    0x04,0x21,0x24,0x21,0x04,0x21,0xa2,0x10,0x82,0x10,0xa2,0x10,0x61,0x08,0x41,0x08,
    0x41,0x08,0x61,0x08,0x82,0x10,0x82,0x10,0x82,0x08,0x61,0x08,0x82,0x10,0x61,0x08,
    0x61,0x08,0x61,0x08,0x41,0x08,0x61,0x08,0x61,0x08,0x61,0x08,0x61,0x08,0x41,0x08,
    0x41,0x08,0x61,0x08,0x41,0x08,0x20,0x00,0x40,0x00,0x61,0x08,0x61,0x08,0x20,0x00,
    0x61,0x08,0x61,0x08,0x41,0x08,0x61,0x08,0x20,0x00,0x61,0x08,0x41,0x08,0x61,0x08,
    0x41,0x08,0x82,0x10,0x61,0x08,0x61,0x08,0x61,0x08,0x41,0x08,0x61,0x08,0x61,0x08,
    0x82,0x10,0x61,0x08,0x41,0x08,0x82,0x10,0xa2,0x10,0x82,0x10,0x61,0x08,0x40,0x00,
    0x41,0x08,0x61,0x08,0x82,0x10,0xc2,0x18,0x82,0x10,0xc3,0x18,0x04,0x21,0xe3,0x18,
    0x61,0x08,0x03,0x21,0x04,0x21,0x04,0x21,0xc7,0x39,0xa6,0x31,0xeb,0x5a,0xcb,0x5a,
    0xc6,0x31,0xc7,0x39,0xaa,0x52,0xe7,0x39,0x45,0x29,0x24,0x21,0x44,0x29,0x04,0x21,
    0xe3,0x18,0x24,0x21,0x24,0x21,0x04,0x21,0xc7,0x39,0xcb,0x5a,0x28,0x42,0x8a,0x52,
    0xe7,0x39,0x65,0x29,0xc3,0x18,0x03,0x19,0xa2,0x10,0xe3,0x18,0x24,0x21,0xc2,0x18,
    0xa6,0x31,0x82,0x10,0xa2,0x10,0xc7,0x39,0x07,0x42,0x08,0x3a,0xcb,0x5a,0x0c,0x63,
    0x0c,0x63,0x28,0x42,0x8a,0x52,0xaa,0x52,0xc7,0x39,0xc3,0x18,0x62,0x10,0x24,0x21,
    0x86,0x31,0x86,0x31,0x24,0x21,0xe3,0x18,0x86,0x31,0x08,0x42,0x8e,0x73,0x86,0x31,
    0xc3,0x18,0x44,0x21,0xe3,0x18,0x44,0x29,0xa6,0x31,0xe7,0x39,0x28,0x42,0xaa,0x52,
    0x65,0x29,0xa2,0x10,0x45,0x29,0x82,0x10,0x00,0x00,0x00,0x00,0x69,0x4a,0x29,0x42,
    0xc6,0x39,0xcb,0x5a,0x28,0x42,0x08,0x42,0xcf,0x7b,0x85,0x31,0x65,0x29,0x65,0x29,
    0xc7,0x39,0x08,0x42,0xc7,0x39,0x65,0x29,0xa6,0x31,0xe7,0x39,0xe7,0x39,0x86,0x31,
    0x61,0x08,0x61,0x08,0x61,0x08,0x61,0x08,0xa2,0x10,0x82,0x10,0x41,0x08,0x41,0x08,
    0xc3,0x18,0xc6,0x39,0x8a,0x52,0x4c,0x6b,0x89,0x52,0xa6,0x31,0x45,0x29,0xe7,0x39,
    0x08,0x42,0x45,0x29,0xc7,0x39,0x08,0x42,0x86,0x31,0xeb,0x5a,0xeb,0x5a,0xaa,0x52,
    0x8a,0x52,0xc6,0x39,0x24,0x21,0xc3,0x18,0x04,0x21,0x65,0x29,0x65,0x29,0x45,0x29,
    0x65,0x29,0x86,0x31,0x24,0x21,0x20,0x00,0x04,0x21,0xaa,0x52,0x65,0x29,0xe7,0x39,
    0xc6,0x39,0x89,0x4a,0x69,0x4a,0x28,0x42,0xa6,0x31,0x45,0x29,0x8a,0x52,0x4d,0x6b,
    0x28,0x42,0x04,0x21,0x00,0x00,0xa2,0x10,0x2c,0x63,0x0c,0x63,0x08,0x42,0x0c,0x63,
    0x29,0x42,0xe7,0x39,0x08,0x42,0x04,0x21,0xa2,0x10,0xe7,0x39,0xa2,0x10,0x82,0x10,
    0x61,0x08,0x82,0x10,0xa2,0x10,0xe3,0x18,0x86,0x31,0x65,0x29,0x65,0x29,0xa6,0x31,
    0x69,0x4a,0xa6,0x31,0x28,0x42,0xaa,0x52,0xe3,0x18,0x45,0x29,0x28,0x42,0x65,0x29,
    0xe7,0x39,0xcb,0x5a,0x04,0x21,0x44,0x29,0xa6,0x31,0xa6,0x31,0x65,0x29,0x65,0x29,
    0x65,0x29,0x04,0x21,0x24,0x21,0xe3,0x18,0xa2,0x10,0xa2,0x10,0xa2,0x10,0x20,0x00,
    0x41,0x08,0x41,0x08,0x82,0x10,0xa2,0x10,0x61,0x08,0x41,0x08,0x82,0x10,0x61,0x08,
    0x81,0x08,0x82,0x10,0x61,0x08,0x41,0x08,0x61,0x08,0x81,0x08,0x61,0x08,0x20,0x00,
    0x41,0x08,0x61,0x08,0x20,0x00,0x20,0x00,0x41,0x08,0x61,0x08,0x41,0x08,0x61,0x08,
    0x61,0x08,0x41,0x08,0x41,0x08,0x40,0x00,0x61,0x08,0x41,0x08,0x20,0x00,0x41,0x08,
    0x41,0x08,0x41,0x08,0x41,0x08,0x41,0x08,0x61,0x08,0x61,0x08,0x61,0x08,0x82,0x10,
    0x61,0x08,0x41,0x08,0x61,0x08,0x61,0x08,0x82,0x10,0x82,0x10,0x61,0x08,0x82,0x10,
    0xa2,0x10,0xa2,0x10,0xc3,0x18,0x61,0x08,0x82,0x10,0xc3,0x18,0x24,0x21,0xc3,0x18,
    0x61,0x08,0x86,0x31,0x04,0x21,0x45,0x29,0x08,0x42,0x28,0x42,0xca,0x52,0x08,0x42,
    0x08,0x42,0xc7,0x39,0xeb,0x5a,0xa6,0x31,0x45,0x29,0xe3,0x18,0xe3,0x18,0xe3,0x18,
    0x04,0x19,0x45,0x29,0xe3,0x18,0xc6,0x31,0xeb,0x5a,0x8a,0x52,0x08,0x42,0x69,0x4a,
    0xe7,0x39,0x24,0x21,0xc2,0x18,0x82,0x10,0xa2,0x10,0xa6,0x31,0xe3,0x18,0xa2,0x10,
    0xa6,0x31,0xc3,0x18,0xe7,0x39,0x07,0x3a,0x28,0x42,0xcb,0x5a,0xcb,0x5a,0xeb,0x5a,
    0xeb,0x5a,0x28,0x42,0x69,0x4a,0x69,0x4a,0x49,0x4a,0xa6,0x31,0xc3,0x18,0x45,0x29,
    0xa6,0x31,0x49,0x4a,0x8a,0x52,0x04,0x21,0x45,0x29,0xe7,0x39,0x69,0x4a,0x28,0x42,
    0xc3,0x10,0x65,0x29,0x03,0x21,0x24,0x21,0xa6,0x31,0xc7,0x39,0x28,0x42,0x49,0x4a,
    0x28,0x42,0x82,0x10,0x82,0x10,0xa2,0x10,0x82,0x10,0xc3,0x18,0xa6,0x31,0xc7,0x39,
    0xa2,0x10,0x08,0x42,0x2c,0x63,0x86,0x31,0xef,0x7b,0x2c,0x63,0x41,0x08,0x45,0x29,
    0x65,0x29,0x86,0x31,0x69,0x4a,0x49,0x4a,0xc7,0x39,0x86,0x31,0xc7,0x39,0x28,0x42,
    0x61,0x08,0x61,0x08,0x61,0x08,0x61,0x08,0x61,0x08,0x61,0x08,0xa2,0x10,0x24,0x21,
    0x8a,0x52,0x0c,0x63,0x0c,0x63,0x69,0x4a,0x69,0x4a,0x48,0x4a,0x28,0x42,0x69,0x4a,
    0x69,0x4a,0x44,0x29,0x28,0x42,0x49,0x4a,0xa6,0x31,0x28,0x42,0xe7,0x39,0x24,0x21,
    0xc3,0x18,0x65,0x29,0xe7,0x39,0xe7,0x39,0x08,0x42,0x08,0x42,0x28,0x42,0xa6,0x31,
    0xc7,0x39,0x45,0x29,0xc3,0x18,0x61,0x08,0xa6,0x31,0x69,0x4a,0x24,0x21,0xc7,0x39,
    0x45,0x21,0x07,0x3a,0xc6,0x39,0x28,0x4a,0x86,0x31,0x24,0x29,0x65,0x29,0x0b,0x63,
    0x45,0x29,0x00,0x00,0x81,0x08,0x49,0x4a,0xa6,0x31,0xcb,0x5a,0xef,0x7b,0x69,0x4a,
    0x49,0x4a,0x49,0x4a,0x28,0x42,0x65,0x29,0x82,0x10,0xa6,0x31,0x04,0x21,0x04,0x21,
    0xe3,0x18,0x61,0x08,0x41,0x08,0x04,0x21,0x85,0x31,0x86,0x31,0xa6,0x31,0x08,0x42,
    0x28,0x42,0x07,0x3a,0x86,0x31,0x0c,0x63,0x08,0x42,0xc3,0x18,0x86,0x31,0xe7,0x39,
    0x65,0x29,0x8a,0x52,0xca,0x5a,0x65,0x29,0x45,0x29,0x65,0x29,0x65,0x29,0x04,0x21,
    0x86,0x31,0x86,0x31,0x04,0x21,0xe3,0x18,0xc3,0x18,0xc3,0x18,0xa2,0x10,0x82,0x10,
    0x61,0x08,0x41,0x08,0x61,0x08,0xa2,0x10,0x61,0x08,0x20,0x00,0x61,0x08,0x82,0x10,
    0x82,0x10,0xc3,0x10,0x82,0x10,0x61,0x08,0x82,0x10,0x82,0x10,0x61,0x08,0x61,0x08,
    0x61,0x08,0x61,0x08,0x61,0x08,0x61,0x08,0x61,0x08,0x41,0x08,0x41,0x08,0x41,0x08,
    0x41,0x08,0x41,0x08,0x20,0x00,0x41,0x08,0x61,0x08,0x40,0x00,0x40,0x00,0x61,0x08,
    0x41,0x08,0x41,0x08,0x61,0x10,0x62,0x08,0x61,0x08,0x61,0x08,0x41,0x08,0x81,0x10,
    0x61,0x08,0x82,0x10,0xc3,0x18,0xc3,0x18,0xa2,0x10,0xa2,0x10,0xe3,0x18,0xe3,0x18,
    0xa2,0x10,0xc3,0x18,0xa2,0x10,0xa2,0x10,0xe3,0x18,0xc3,0x18,0xc3,0x18,0x45,0x29,
    0xc3,0x18,0x45,0x29,0x45,0x29,0xe7,0x39,0xc7,0x39,0x08,0x42,0x8a,0x52,0xcb,0x5a,
    0x69,0x4a,0x86,0x31,0x69,0x4a,0x45,0x21,0x45,0x29,0x45,0x29,0x04,0x21,0xe3,0x18,
    0x24,0x21,0x03,0x19,0x24,0x21,0x8a,0x52,0xaa,0x52,0x28,0x42,0xaa,0x52,0x08,0x42,
    0xc7,0x39,0xc3,0x18,0x61,0x08,0x82,0x10,0x24,0x21,0xa6,0x31,0xc2,0x18,0x24,0x21,
    0x65,0x31,0x65,0x29,0x89,0x52,0x86,0x31,0x08,0x42,0xcb,0x5a,0xeb,0x5a,0x0c,0x63,
    0x8a,0x52,0x69,0x4a,0xe7,0x39,0x28,0x42,0x8a,0x52,0x8a,0x52,0x65,0x29,0x65,0x29,
    0x86,0x31,0xe7,0x39,0xaa,0x52,0x86,0x31,0xa2,0x10,0x44,0x21,0xc6,0x31,0x28,0x42,
    0xe3,0x18,0x45,0x29,0x04,0x19,0xe3,0x18,0x24,0x21,0x65,0x29,0xa6,0x31,0xa6,0x31,
    0x08,0x42,0xa6,0x31,0xe7,0x39,0xc7,0x39,0xe3,0x18,0x03,0x21,0x04,0x21,0x65,0x29,
    0x24,0x21,0x61,0x08,0x8a,0x52,0x30,0x84,0x8e,0x73,0x2c,0x63,0xe3,0x18,0x65,0x29,
    0xa6,0x31,0xc7,0x39,0xe7,0x39,0x48,0x42,0x28,0x42,0xc7,0x39,0xe7,0x39,0x28,0x42,
    0x81,0x10,0x61,0x08,0x61,0x08,0x61,0x08,0xc3,0x18,0xa6,0x31,0x28,0x42,0x69,0x4a,
    0x49,0x4a,0x69,0x4a,0xaa,0x52,0x28,0x42,0x08,0x42,0xa6,0x31,0x86,0x31,0x07,0x42,
    0x45,0x29,0xc3,0x18,0xa6,0x31,0xeb,0x5a,0x69,0x4a,0x44,0x21,0x86,0x31,0x49,0x4a,
    0xaa,0x52,0x28,0x42,0x65,0x29,0x85,0x31,0xe7,0x39,0xa6,0x31,0x86,0x31,0x65,0x29,
    0x45,0x29,0x04,0x21,0xc3,0x18,0x61,0x08,0x28,0x42,0xae,0x73,0x69,0x4a,0xa6,0x31,
    0x45,0x29,0x49,0x4a,0x8a,0x52,0x28,0x42,0x24,0x21,0x03,0x21,0x49,0x4a,0xef,0x7b,
    0xe3,0x18,0x41,0x08,0x8a,0x52,0x48,0x42,0x44,0x29,0x48,0x4a,0xc7,0x39,0x65,0x29,
    0xeb,0x5a,0x4d,0x6b,0x69,0x4a,0xa6,0x31,0xc3,0x18,0x45,0x29,0x45,0x29,0x04,0x21,
    0x04,0x21,0xe3,0x18,0x41,0x08,0xe3,0x18,0xc7,0x39,0x65,0x29,0xe7,0x39,0x28,0x42,
    0x08,0x42,0x08,0x42,0x08,0x42,0x08,0x42,0x8a,0x52,0x44,0x21,0x24,0x21,0xa6,0x31,
    0x45,0x29,0xa6,0x31,0xaa,0x52,0xaa,0x52,0xa6,0x31,0x24,0x21,0xa6,0x31,0xe7,0x39,
    0x45,0x29,0x65,0x29,0x65,0x29,0xc3,0x18,0xe3,0x18,0xe3,0x18,0xc3,0x18,0x82,0x10,
    0x61,0x08,0x61,0x08,0x40,0x00,0x61,0x08,0xa2,0x10,0x61,0x08,0x61,0x08,0x61,0x08,
    0x61,0x08,0x82,0x10,0x82,0x10,0x61,0x08,0x82,0x10,0x41,0x08,0x41,0x08,0x82,0x10,
    0x82,0x10,0x82,0x10,0x82,0x10,0x61,0x08,0x61,0x08,0x82,0x10,0x61,0x08,0x41,0x08,
    0x41,0x08,0x61,0x08,0x41,0x08,0x61,0x08,0x61,0x08,0x41,0x08,0x82,0x08,0x61,0x08,
    0x61,0x08,0x41,0x08,0x82,0x10,0xa2,0x10,0x61,0x08,0x82,0x10,0x82,0x10,0x82,0x10,
    0xa2,0x10,0x82,0x10,0x82,0x10,0x61,0x08,0x61,0x08,0x61,0x08,0x82,0x10,0x04,0x21,
    0xe3,0x18,0x82,0x10,0xa2,0x10,0x04,0x21,0xe3,0x18,0xc3,0x18,0x04,0x21,0xc7,0x39,
    0xa2,0x10,0x03,0x21,0xc6,0x39,0xe7,0x39,0x45,0x29,0x8a,0x52,0xaa,0x52,0xcb,0x5a,
    0xe7,0x39,0x86,0x31,0xa6,0x31,0x24,0x21,0x45,0x29,0xe3,0x18,0x04,0x21,0x24,0x21,
    0xe3,0x18,0xe3,0x18,0x69,0x4a,0x48,0x42,0x89,0x52,0x8a,0x52,0x0b,0x5b,0xe7,0x39,
    0xc6,0x39,0x82,0x10,0x82,0x10,0x65,0x29,0x24,0x21,0x86,0x31,0xe3,0x18,0x08,0x42,
    0x86,0x31,0x65,0x29,0xa6,0x31,0x04,0x21,0x04,0x21,0x86,0x31,0x04,0x21,0x24,0x21,
    0xc6,0x31,0xe7,0x39,0xe7,0x39,0xe7,0x39,0x8a,0x52,0xe7,0x39,0x86,0x31,0x85,0x31,
    0x44,0x21,0x86,0x31,0x8a,0x52,0x86,0x31,0xe3,0x18,0x65,0x29,0x24,0x21,0x28,0x42,
    0x24,0x21,0x86,0x31,0x45,0x29,0xe3,0x18,0xe3,0x18,0x04,0x21,0x65,0x29,0x65,0x29,
    0xa6,0x31,0xc7,0x39,0x65,0x29,0x8a,0x52,0x28,0x42,0x24,0x21,0x65,0x29,0x85,0x31,
    0x28,0x42,0x65,0x29,0x24,0x21,0xe7,0x39,0x24,0x21,0xe7,0x39,0xeb,0x5a,0xc3,0x18,
    0x65,0x29,0x49,0x4a,0x65,0x29,0x28,0x42,0x08,0x42,0xe3,0x18,0x04,0x21,0xc7,0x39,
    0x41,0x08,0x41,0x08,0x81,0x10,0x45,0x29,0xaa,0x52,0x4d,0x6b,0x8a,0x52,0x08,0x42,
    0xaa,0x52,0x8a,0x52,0x0c,0x63,0x28,0x42,0xe7,0x39,0x24,0x21,0xe3,0x18,0x08,0x42,
    0x86,0x31,0xe3,0x18,0xca,0x5a,0xc7,0x39,0x04,0x21,0x48,0x42,0xeb,0x62,0x0c,0x63,
    0x08,0x42,0x24,0x21,0x45,0x29,0x65,0x29,0x08,0x42,0xe7,0x39,0xa6,0x31,0x24,0x21,
    0x04,0x21,0xc2,0x18,0xe3,0x18,0xc7,0x31,0xef,0x7b,0xae,0x73,0x08,0x42,0x85,0x31,
    0x28,0x42,0xaa,0x52,0x28,0x42,0x86,0x31,0xe3,0x18,0x24,0x21,0x24,0x21,0x6d,0x6b,
    0xe3,0x18,0x49,0x4a,0x6d,0x6b,0x65,0x29,0xa6,0x31,0xa6,0x31,0xeb,0x5a,0x28,0x42,
    0xeb,0x5a,0x4d,0x6b,0x28,0x42,0xa7,0x39,0x04,0x21,0x04,0x21,0x86,0x31,0x04,0x21,
    0xa6,0x31,0xc3,0x18,0x61,0x08,0x82,0x10,0xc7,0x39,0xc7,0x39,0x86,0x31,0xc7,0x39,
    0x69,0x4a,0x49,0x4a,0x08,0x42,0xc7,0x39,0x65,0x29,0xc6,0x39,0xe3,0x18,0xc7,0x39,
    0x44,0x29,0xa6,0x31,0xc7,0x39,0xe7,0x39,0xeb,0x5a,0xa6,0x31,0x24,0x21,0x08,0x42,
    0xe7,0x39,0xc3,0x18,0x04,0x21,0x24,0x21,0x04,0x21,0xc2,0x10,0x04,0x21,0xa2,0x10,
    0x82,0x10,0x82,0x10,0x61,0x08,0x41,0x08,0x82,0x10,0x82,0x10,0x61,0x08,0x82,0x10,
    0x61,0x08,0x61,0x08,0x61,0x08,0x41,0x08,0x41,0x08,0x82,0x10,0xa2,0x10,0xa2,0x10,
    0x82,0x10,0xa2,0x10,0xa2,0x10,0x61,0x08,0xa2,0x10,0xa2,0x10,0x61,0x08,0x61,0x08,
    0x82,0x10,0x61,0x08,0x61,0x08,0x61,0x08,0x41,0x08,0x61,0x08,0x61,0x08,0xa2,0x10,
    0x82,0x10,0x82,0x10,0x82,0x10,0xa2,0x10,0x82,0x10,0x82,0x10,0xa2,0x10,0x82,0x10,
    0xa2,0x10,0xc2,0x10,0xa2,0x10,0xc3,0x18,0xa2,0x10,0xa2,0x10,0xc3,0x18,0xe3,0x18,
    0xc3,0x18,0xc3,0x18,0xe4,0x18,0xa2,0x10,0xc3,0x18,0xc3,0x18,0xe7,0x39,0xc7,0x39,
    0xa6,0x31,0xa2,0x10,0xc7,0x39,0x28,0x42,0x69,0x4a,0xca,0x5a,0x8a,0x52,0x69,0x4a,
    0x07,0x3a,0x86,0x31,0xe3,0x18,0x65,0x29,0x04,0x21,0xe3,0x18,0x24,0x21,0x82,0x10,
    0xa2,0x10,0x69,0x4a,0xcb,0x5a,0xc7,0x39,0x89,0x4a,0x49,0x4a,0x69,0x4a,0xc7,0x39,
    0x65,0x29,0xa2,0x10,0xe3,0x18,0x24,0x21,0x45,0x29,0x08,0x42,0x45,0x29,0x08,0x42,
    0x65,0x29,0xc3,0x18,0x65,0x29,0xc7,0x39,0x65,0x29,0x08,0x42,0x49,0x4a,0x45,0x29,
    0x65,0x29,0x28,0x42,0xe7,0x39,0x45,0x29,0x28,0x42,0xaa,0x52,0xa6,0x31,0x65,0x29,
    0xa6,0x31,0xc3,0x18,0xa6,0x31,0x08,0x42,0xe3,0x18,0xeb,0x5a,0x10,0x84,0x0c,0x63,
    0x45,0x29,0xa6,0x31,0xa6,0x31,0x24,0x21,0x04,0x21,0xe3,0x18,0x04,0x21,0x86,0x31,
    0xe7,0x39,0x28,0x42,0x44,0x29,0x08,0x42,0xeb,0x5a,0x49,0x4a,0xc7,0x39,0xc7,0x39,
    0xe7,0x39,0x28,0x42,0x65,0x29,0xc3,0x18,0x86,0x31,0xe3,0x18,0xc7,0x39,0x8a,0x52,
    0x08,0x42,0xc7,0x39,0x65,0x29,0x07,0x3a,0xc7,0x39,0x45,0x29,0x45,0x29,0x45,0x29,
    0xc3,0x18,0x44,0x29,0x08,0x42,0xaa,0x52,0xaa,0x52,0x8a,0x52,0x08,0x42,0x69,0x4a,
    0xaa,0x52,0xaa,0x52,0x2c,0x63,0x69,0x4a,0xaa,0x52,0x03,0x19,0x24,0x21,0xeb,0x5a,
    0x65,0x29,0xe7,0x39,0x86,0x31,0x24,0x21,0x49,0x4a,0x28,0x42,0x49,0x4a,0x08,0x42,
    0xa6,0x31,0xa6,0x31,0x04,0x21,0x65,0x29,0x49,0x4a,0xc7,0x39,0x86,0x31,0x24,0x21,
    0xe3,0x18,0xeb,0x5a,0x30,0x84,0xb2,0x94,0x0c,0x63,0x86,0x29,0xe7,0x39,0xa6,0x31,
    0xa6,0x31,0x08,0x42,0xe7,0x39,0x04,0x21,0x65,0x29,0x24,0x21,0x24,0x21,0xae,0x73,
    0xcb,0x5a,0x0b,0x63,0x65,0x29,0xc7,0x39,0x0c,0x63,0x0b,0x5b,0xaa,0x52,0xc7,0x39,
    0x28,0x42,0x65,0x29,0x04,0x21,0xe7,0x39,0x86,0x31,0x04,0x21,0xe7,0x39,0xe3,0x18,
    0x65,0x29,0x03,0x19,0xa2,0x10,0x61,0x08,0x65,0x29,0x69,0x4a,0x86,0x31,0xa6,0x31,
    0x49,0x4a,0xca,0x52,0x28,0x42,0x49,0x4a,0xe7,0x39,0xa6,0x31,0x86,0x31,0x86,0x31,
    0xe7,0x39,0x86,0x31,0x69,0x4a,0x86,0x31,0x28,0x42,0xaa,0x52,0x45,0x29,0x86,0x31,
    0xc7,0x39,0x86,0x31,0x45,0x29,0x24,0x21,0x04,0x21,0x04,0x21,0xc3,0x18,0xe3,0x18,
    0x61,0x08,0x82,0x10,0xa2,0x10,0x41,0x08,0x61,0x08,0xa2,0x10,0x41,0x08,0x41,0x08,
    0x61,0x08,0xc3,0x18,0xa2,0x10,0x82,0x10,0x82,0x10,0x82,0x10,0x61,0x08,0x82,0x10,
    0x82,0x10,0x82,0x10,0xa2,0x10,0xa2,0x10,0xc3,0x18,0xc3,0x18,0xa2,0x10,0x81,0x10,
    0x61,0x08,0x82,0x08,0x61,0x08,0x61,0x08,0x41,0x08,0x41,0x08,0x81,0x08,0xc3,0x18,
    0x82,0x10,0x82,0x10,0xa2,0x10,0x82,0x10,0xa2,0x10,0xc3,0x18,0x41,0x08,0x61,0x08,
    0x41,0x08,0x82,0x10,0xc3,0x18,0x45,0x29,0x44,0x29,0xc3,0x18,0xa2,0x10,0x04,0x21,
    0xe3,0x18,0x04,0x21,0xa2,0x10,0xc3,0x18,0xc3,0x18,0x45,0x29,0xa6,0x31,0xc7,0x39,
    0x08,0x42,0xc2,0x10,0xa6,0x31,0x08,0x42,0xaa,0x52,0x49,0x4a,0x8a,0x52,0x49,0x4a,
    0x49,0x4a,0x08,0x42,0x45,0x29,0x45,0x29,0xe3,0x18,0x24,0x21,0x82,0x10,0xe3,0x18,
    0xe7,0x39,0xcb,0x5a,0x48,0x4a,0xe7,0x39,0x49,0x4a,0x49,0x4a,0x69,0x4a,0x28,0x42,
    0x45,0x29,0xc3,0x18,0xc3,0x18,0x45,0x29,0xe7,0x39,0x08,0x42,0xa6,0x31,0x28,0x42,
    0x45,0x29,0x24,0x21,0xa6,0x31,0xa6,0x31,0x24,0x21,0xc7,0x39,0xa6,0x31,0x08,0x42,
    0xc7,0x39,0xe7,0x39,0x86,0x31,0x45,0x29,0x24,0x21,0x49,0x4a,0x08,0x42,0x24,0x21,
    0xe7,0x39,0xc7,0x39,0x86,0x31,0xc7,0x39,0x24,0x21,0x86,0x31,0x2c,0x63,0x8e,0x73,
    0x86,0x31,0x24,0x21,0x86,0x31,0x45,0x29,0xc3,0x18,0xc3,0x18,0x65,0x29,0x65,0x29,
    0xa6,0x31,0xc7,0x39,0x45,0x29,0x65,0x29,0xe7,0x39,0x08,0x42,0x65,0x29,0x45,0x29,
    0x49,0x4a,0xe7,0x39,0xe3,0x18,0x45,0x29,0x45,0x29,0x65,0x29,0x04,0x21,0x45,0x29,
    0xe7,0x39,0x08,0x42,0xaa,0x52,0x8a,0x52,0x49,0x4a,0x24,0x21,0x65,0x29,0x49,0x4a,
    0x49,0x4a,0xaa,0x52,0x6d,0x6b,0x2c,0x63,0x49,0x4a,0x86,0x31,0xe7,0x39,0x08,0x42,
    0x28,0x42,0x8a,0x52,0x48,0x4a,0x8a,0x52,0x8a,0x52,0x86,0x31,0x24,0x21,0x69,0x4a,
    0x08,0x42,0xe3,0x18,0x65,0x29,0xc7,0x39,0x86,0x31,0xe7,0x39,0x28,0x42,0x28,0x42,
    0x69,0x4a,0xc7,0x39,0x24,0x21,0x45,0x29,0x45,0x29,0x65,0x29,0x65,0x29,0xe3,0x18,
    0x28,0x42,0x71,0x8c,0xe7,0x39,0x8a,0x52,0xcb,0x5a,0xcb,0x5a,0x2c,0x63,0xe7,0x39,
    0x08,0x3a,0xa6,0x31,0x65,0x29,0xc7,0x39,0xa6,0x31,0x08,0x42,0x30,0x84,0x10,0x84,
    0x0b,0x63,0x82,0x10,0xe3,0x18,0x8a,0x52,0x8a,0x52,0x08,0x42,0xe7,0x39,0xcb,0x5a,
    0x8a,0x52,0x86,0x31,0x24,0x21,0xe3,0x18,0x86,0x31,0xc3,0x18,0xc7,0x39,0x04,0x21,
    0xc7,0x39,0x45,0x21,0xa2,0x10,0x82,0x10,0x45,0x29,0x28,0x42,0x08,0x42,0x65,0x29,
    0xa6,0x31,0xeb,0x5a,0xcb,0x5a,0xe7,0x39,0xeb,0x5a,0x85,0x29,0xc7,0x39,0x24,0x21,
    0x08,0x42,0x45,0x29,0x86,0x31,0x49,0x4a,0x45,0x29,0x89,0x52,0x8a,0x52,0x65,0x29,
    0x45,0x29,0xa6,0x31,0xc7,0x39,0x25,0x21,0x45,0x29,0x45,0x29,0x04,0x21,0xa2,0x10,
    0xa2,0x10,0x82,0x10,0x61,0x08,0x61,0x08,0x61,0x08,0xa2,0x10,0xa2,0x10,0xc2,0x10,
    0x82,0x10,0x61,0x08,0xc3,0x18,0xc3,0x10,0xa2,0x10,0x82,0x10,0x82,0x10,0x82,0x10,
    0x82,0x10,0xc3,0x18,0xe3,0x18,0xe3,0x18,0xc3,0x18,0xa2,0x10,0x81,0x08,0x82,0x10,
    0xc3,0x18,0xa2,0x10,0x82,0x10,0x82,0x10,0x82,0x10,0x82,0x10,0xa2,0x10,0xe3,0x18,
    0xc3,0x18,0xc3,0x18,0xa2,0x10,0x82,0x10,0xa2,0x10,0x24,0x21,0x81,0x10,0x82,0x10,
    0x82,0x10,0x82,0x10,0x04,0x21,0xe3,0x18,0xa2,0x10,0xa2,0x10,0x45,0x29,0x45,0x29,
    0x82,0x10,0xc3,0x18,0xe3,0x18,0xc3,0x18,0xe3,0x18,0x65,0x29,0x65,0x29,0x08,0x3a,
    0x49,0x4a,0x04,0x21,0xe3,0x18,0x49,0x4a,0xe7,0x39,0x28,0x42,0x49,0x4a,0x65,0x29,
    0xa6,0x31,0x86,0x31,0x24,0x21,0x45,0x29,0xe3,0x18,0x61,0x08,0x45,0x29,0xaa,0x52,
    0xcb,0x5a,0x28,0x42,0x65,0x29,0x49,0x4a,0x49,0x4a,0x69,0x4a,0x8a,0x52,0x49,0x4a,
    0x24,0x21,0xc3,0x18,0xc3,0x18,0x45,0x29,0x28,0x42,0x28,0x42,0xa6,0x31,0xa6,0x31,
    0xc3,0x18,0x24,0x21,0xe3,0x18,0x45,0x29,0x08,0x42,0x28,0x42,0x08,0x42,0x08,0x42,
    0xeb,0x5a,0x86,0x31,0x82,0x10,0x45,0x29,0x65,0x29,0x08,0x42,0xe8,0x41,0xe3,0x18,
    0x24,0x21,0x28,0x42,0x65,0x29,0x86,0x31,0x24,0x21,0x04,0x21,0x24,0x21,0xcb,0x5a,
    0xc7,0x39,0x04,0x21,0xc7,0x39,0x65,0x29,0xc3,0x18,0xc3,0x18,0x65,0x29,0x24,0x21,
    0x65,0x29,0x08,0x42,0x45,0x29,0x65,0x29,0x86,0x31,0xe7,0x39,0xa6,0x31,0x45,0x29,
    0x86,0x31,0xc7,0x39,0x65,0x29,0xa3,0x18,0xe3,0x18,0x65,0x29,0xa6,0x31,0x86,0x31,
    0x24,0x21,0xa2,0x10,0x24,0x21,0x45,0x29,0xc7,0x39,0x49,0x4a,0xe7,0x39,0x08,0x42,
    0x8a,0x52,0xeb,0x5a,0xeb,0x5a,0x48,0x4a,0x28,0x42,0x65,0x29,0x45,0x29,0x45,0x29,
    0xc7,0x39,0x49,0x4a,0xeb,0x5a,0x6d,0x6b,0xcb,0x5a,0x04,0x21,0x28,0x42,0x49,0x4a,
    0xc3,0x18,0xa6,0x31,0xe7,0x39,0x86,0x31,0x49,0x4a,0x49,0x4a,0xe7,0x39,0xc7,0x39,
    0x86,0x31,0x24,0x21,0x24,0x21,0x49,0x4a,0xc7,0x39,0x24,0x21,0x24,0x21,0x24,0x21,
    0x28,0x42,0xc7,0x39,0x08,0x42,0x4d,0x6b,0x10,0x84,0x0c,0x63,0xeb,0x5a,0xc7,0x39,
    0xcb,0x5a,0x69,0x4a,0x8a,0x52,0xa6,0x31,0x24,0x21,0x69,0x4a,0x72,0x8c,0x8e,0x73,
    0x00,0x00,0xc3,0x18,0x08,0x42,0xc7,0x39,0xa6,0x31,0x0c,0x63,0xaa,0x52,0xcb,0x5a,
    0xcf,0x7b,0x4d,0x6b,0xe8,0x41,0x86,0x31,0xe7,0x39,0xe3,0x18,0x86,0x31,0x04,0x21,
    0xa6,0x31,0x04,0x21,0xe3,0x18,0xa2,0x18,0x04,0x21,0xc7,0x39,0x8a,0x52,0x49,0x4a,
    0x86,0x31,0x08,0x42,0x4d,0x6b,0x49,0x4a,0x08,0x42,0x49,0x4a,0x65,0x29,0x08,0x42,
    0x24,0x21,0xc7,0x39,0x03,0x19,0xcb,0x5a,0x28,0x42,0xa6,0x31,0x8a,0x52,0x49,0x4a,
    0x85,0x29,0xa6,0x31,0xe7,0x39,0xc7,0x39,0xa6,0x31,0xe3,0x18,0x24,0x21,0xe3,0x18,
    0xc3,0x18,0xa2,0x10,0x82,0x10,0x61,0x08,0x82,0x10,0x61,0x08,0xc3,0x18,0xa2,0x10,
    0x62,0x08,0x82,0x10,0x82,0x10,0x82,0x10,0x82,0x10,0x82,0x10,0xc3,0x18,0xc3,0x18,
    0xc3,0x18,0xc3,0x18,0x61,0x08,0xa2,0x10,0xc3,0x18,0xa2,0x10,0xa2,0x10,0xc3,0x18,
    0xa2,0x10,0xa2,0x10,0xa2,0x10,0x82,0x10,0xa2,0x10,0xe3,0x18,0xa2,0x10,0xe3,0x18,
    0xe3,0x18,0xa2,0x10,0x82,0x10,0xa2,0x10,0xc3,0x18,0xa2,0x10,0x04,0x21,0xc3,0x18,
    0xa2,0x10,0xe3,0x18,0xa2,0x10,0x82,0x10,0xe3,0x18,0x44,0x21,0x04,0x21,0x82,0x10,
    0xc3,0x18,0xc3,0x18,0xc3,0x18,0xe3,0x18,0x24,0x21,0xa6,0x31,0xc7,0x39,0x49,0x4a,
    0x69,0x4a,0x45,0x29,0xe3,0x18,0x69,0x4a,0x08,0x42,0xaa,0x52,0xa6,0x31,0x04,0x21,
    0xa6,0x31,0x65,0x29,0x45,0x29,0x24,0x21,0x41,0x08,0x04,0x21,0x49,0x4a,0x8a,0x52,
    0xe7,0x39,0x28,0x42,0x69,0x4a,0x0c,0x63,0x2c,0x63,0x8a,0x52,0x69,0x4a,0x08,0x42,
    0xc3,0x18,0xe3,0x18,0x04,0x21,0xc7,0x39,0x28,0x42,0x08,0x42,0x44,0x29,0x69,0x4a,
    0x45,0x29,0x45,0x29,0x69,0x4a,0x2c,0x63,0x49,0x4a,0xaa,0x52,0x4d,0x6b,0x28,0x42,
    0xef,0x7b,0xcf,0x7b,0xe3,0x18,0x65,0x29,0x65,0x29,0x48,0x4a,0x8a,0x52,0x04,0x21,
    0xc3,0x18,0x24,0x21,0xa6,0x31,0x08,0x42,0x45,0x29,0xa6,0x31,0x28,0x42,0xaa,0x52,
    0x08,0x42,0xe3,0x18,0x65,0x29,0x65,0x29,0xc3,0x18,0xc3,0x18,0x45,0x29,0x86,0x31,
    0x45,0x29,0xc7,0x39,0x65,0x29,0x45,0x29,0xa6,0x31,0x65,0x29,0xa6,0x31,0x65,0x29,
    0x24,0x21,0xa6,0x31,0x08,0x42,0xe3,0x18,0x45,0x29,0x86,0x31,0x24,0x21,0x49,0x4a,
    0x08,0x42,0x45,0x29,0x08,0x42,0xa6,0x31,0x45,0x29,0xc7,0x39,0x8a,0x52,0xca,0x5a,
    0xe7,0x41,0xc7,0x39,0x28,0x42,0x28,0x42,0x08,0x42,0xa2,0x10,0x24,0x21,0x04,0x21,
    0xe7,0x39,0x2c,0x63,0x6d,0x73,0xaa,0x52,0x08,0x42,0x8a,0x52,0xe7,0x39,0xa2,0x10,
    0xa6,0x31,0xc7,0x39,0xa6,0x31,0x28,0x42,0x49,0x4a,0x86,0x31,0x45,0x29,0xa6,0x31,
    0x65,0x29,0x65,0x29,0x24,0x21,0x65,0x29,0xe7,0x39,0x28,0x42,0x24,0x21,0x65,0x29,
    0x49,0x4a,0x41,0x08,0x82,0x10,0x0f,0x7c,0x6d,0x6b,0x0c,0x63,0x8a,0x52,0xaa,0x52,
    0xcb,0x5a,0x28,0x42,0x24,0x21,0x82,0x10,0x45,0x29,0x24,0x21,0x8a,0x52,0xe7,0x39,
    0xe3,0x18,0x8a,0x52,0xe7,0x39,0xe3,0x18,0x8a,0x52,0xaa,0x52,0x86,0x31,0x86,0x31,
    0x69,0x4a,0xeb,0x5a,0x49,0x4a,0x08,0x42,0xaa,0x52,0x24,0x21,0xa6,0x31,0x24,0x21,
    0xe3,0x18,0x44,0x29,0xe3,0x18,0xc3,0x18,0xe3,0x18,0x65,0x29,0x8a,0x52,0x69,0x4a,
    0x8a,0x52,0xa6,0x31,0x08,0x42,0x0c,0x63,0xa6,0x31,0x28,0x42,0x08,0x42,0xa6,0x31,
    0x24,0x21,0x65,0x29,0xe7,0x39,0x86,0x31,0xaa,0x52,0xa6,0x31,0xe7,0x39,0x49,0x4a,
    0x69,0x4a,0x86,0x31,0x86,0x31,0x08,0x42,0x07,0x3a,0x24,0x21,0xc3,0x18,0x24,0x21,
    0xe3,0x18,0xa2,0x10,0xa2,0x10,0xa2,0x10,0x61,0x08,0xa2,0x10,0x61,0x08,0xc3,0x18,
    0xa2,0x18,0xc3,0x18,0xc3,0x18,0xa2,0x10,0xa2,0x10,0xc3,0x18,0xc3,0x18,0xa2,0x10,
    0xc3,0x18,0x04,0x21,0xe3,0x18,0x82,0x10,0x82,0x10,0x82,0x10,0xa2,0x10,0x04,0x21,
    0x04,0x21,0xe3,0x18,0xe3,0x18,0xe3,0x18,0xa2,0x10,0xc3,0x18,0xc3,0x18,0xc3,0x10,
    0xc3,0x18,0xe3,0x18,0xc3,0x18,0x82,0x10,0xc3,0x18,0xc3,0x18,0x24,0x21,0x45,0x29,
    0xe3,0x18,0xc2,0x10,0xc3,0x18,0x04,0x21,0x45,0x29,0xc3,0x18,0x82,0x10,0xe3,0x18,
    0xc3,0x18,0x82,0x10,0xe3,0x18,0x82,0x10,0x24,0x21,0x65,0x29,0x86,0x31,0x69,0x4a,
    0xca,0x52,0xa6,0x31,0xe3,0x18,0x28,0x42,0x08,0x42,0x28,0x42,0x24,0x21,0xe3,0x18,
    0x65,0x29,0x65,0x29,0xe3,0x18,0x82,0x10,0x24,0x21,0xe7,0x39,0x69,0x4a,0x08,0x42,
    0xc7,0x39,0x69,0x4a,0x69,0x4a,0x0c,0x63,0x4d,0x6b,0x08,0x42,0xaa,0x52,0xe7,0x39,
    0xa2,0x10,0xc3,0x18,0x04,0x21,0xe7,0x39,0x28,0x42,0x28,0x42,0xe3,0x18,0xcb,0x5a,
    0xa6,0x31,0xa2,0x10,0x04,0x21,0xc3,0x18,0x82,0x10,0xa2,0x10,0xa2,0x10,0x82,0x10,
    0x82,0x10,0x6d,0x6b,0x0c,0x63,0x08,0x42,0xaa,0x52,0x45,0x29,0xcb,0x5a,0xa6,0x31,
    0x82,0x10,0xc3,0x18,0x04,0x21,0x08,0x42,0xa6,0x31,0x65,0x29,0x08,0x42,0x69,0x4a,
    0xaa,0x52,0xa2,0x10,0xe3,0x18,0x24,0x21,0xc3,0x18,0xe3,0x18,0x65,0x29,0x86,0x31,
    0x24,0x21,0x86,0x31,0x65,0x29,0xc3,0x18,0xe3,0x20,0x24,0x21,0x45,0x29,0x65,0x29,
    0x65,0x29,0x65,0x29,0xa6,0x31,0x04,0x21,0xe3,0x18,0xa6,0x31,0xc7,0x39,0x65,0x29,
    0xa6,0x31,0xa6,0x31,0x86,0x31,0xe7,0x39,0xa6,0x31,0x65,0x29,0x24,0x21,0x45,0x29,
    0x65,0x29,0x45,0x29,0x28,0x42,0xeb,0x5a,0xe7,0x39,0x65,0x29,0x24,0x21,0xc2,0x18,
    0x24,0x21,0x49,0x4a,0xaa,0x52,0xeb,0x5a,0x69,0x4a,0x65,0x29,0xe3,0x18,0xc7,0x39,
    0x86,0x31,0x04,0x21,0xc7,0x39,0xe7,0x41,0xa6,0x31,0x45,0x29,0x45,0x29,0xc7,0x39,
    0xa6,0x31,0x86,0x31,0x24,0x21,0x65,0x29,0xe7,0x39,0x49,0x4a,0xc7,0x39,0x45,0x29,
    0xa2,0x10,0x20,0x00,0x49,0x4a,0xb2,0x94,0xeb,0x5a,0xcb,0x5a,0x28,0x42,0x49,0x4a,
    0x45,0x29,0xe3,0x18,0x44,0x29,0x65,0x29,0xa7,0x39,0x65,0x29,0x20,0x00,0x20,0x00,
    0x49,0x4a,0xc7,0x39,0xe3,0x18,0x08,0x42,0x08,0x42,0xe8,0x41,0xcb,0x5a,0x2c,0x63,
    0x2c,0x63,0xaa,0x52,0x08,0x42,0x49,0x4a,0xaa,0x52,0x45,0x29,0xe7,0x39,0x65,0x29,
    0x86,0x31,0xe7,0x39,0x65,0x29,0xe3,0x18,0xe3,0x18,0x45,0x29,0x08,0x42,0x08,0x42,
    0xaa,0x52,0x2c,0x63,0x65,0x29,0x49,0x4a,0xcb,0x5a,0xa6,0x31,0xaa,0x52,0xa6,0x31,
    0xa6,0x31,0xe3,0x18,0x08,0x42,0x86,0x29,0xc7,0x39,0x49,0x4a,0xc7,0x39,0xe7,0x39,
    0x28,0x42,0x28,0x42,0x24,0x21,0xa7,0x31,0xc7,0x39,0xa6,0x31,0x24,0x21,0xe3,0x18,
    0x04,0x21,0xa2,0x10,0x82,0x10,0xa2,0x10,0xa2,0x10,0x61,0x08,0xc3,0x18,0xa2,0x10,
    0xc3,0x18,0xe3,0x18,0xc3,0x18,0xc3,0x18,0xc3,0x18,0xa2,0x10,0xe3,0x18,0xc3,0x18,
    0xe3,0x18,0x45,0x29,0x24,0x21,0x24,0x21,0x24,0x21,0xc3,0x18,0xc3,0x18,0x04,0x21,
    0x65,0x29,0x45,0x29,0xe3,0x18,0xe3,0x18,0xe3,0x18,0x04,0x21,0xa2,0x10,0x04,0x21,
    0x45,0x29,0x04,0x21,0x04,0x21,0x04,0x21,0xe3,0x18,0xc2,0x10,0xe3,0x18,0x24,0x29,
    0xa2,0x10,0xe3,0x18,0x24,0x21,0x24,0x21,0xa2,0x10,0x82,0x10,0xe3,0x18,0xc3,0x18,
    0xa2,0x10,0xc3,0x18,0x82,0x08,0x45,0x29,0x45,0x29,0x45,0x29,0x07,0x3a,0x28,0x42,
    0x08,0x42,0x49,0x4a,0x04,0x21,0x45,0x29,0x8a,0x52,0x28,0x42,0x24,0x21,0x45,0x29,
    0x65,0x29,0xc3,0x18,0x61,0x08,0xa6,0x31,0x86,0x31,0xc7,0x39,0xc7,0x39,0x07,0x42,
    0xaa,0x52,0xe7,0x39,0x69,0x4a,0x0c,0x63,0x69,0x4a,0x28,0x42,0xcb,0x5a,0x45,0x29,
    0x82,0x10,0xa2,0x10,0x82,0x10,0x24,0x21,0xc6,0x31,0x69,0x4a,0x04,0x21,0x49,0x4a,
    0xc7,0x39,0xa2,0x10,0x82,0x10,0x41,0x08,0xa2,0x10,0xa2,0x10,0xc3,0x18,0x24,0x21,
    0x24,0x21,0xc3,0x18,0xeb,0x5a,0xa6,0x31,0x65,0x29,0x86,0x31,0x86,0x31,0xaa,0x52,
    0xa2,0x10,0x04,0x21,0x45,0x29,0xa6,0x31,0x45,0x29,0xa6,0x31,0xa6,0x31,0x86,0x31,
    0xaa,0x52,0xe7,0x39,0x24,0x21,0xe3,0x18,0xa2,0x10,0xe3,0x18,0x04,0x21,0x24,0x21,
    0x24,0x21,0x86,0x31,0xa6,0x31,0x04,0x21,0x24,0x21,0x45,0x29,0x86,0x31,0x65,0x29,
    0x65,0x29,0x86,0x31,0x65,0x29,0x86,0x31,0x45,0x29,0x65,0x29,0xa6,0x31,0x65,0x29,
    0x65,0x29,0x28,0x42,0xa6,0x31,0xa6,0x31,0xc7,0x39,0xa6,0x31,0x85,0x29,0x45,0x29,
    0x08,0x42,0xc7,0x39,0x69,0x4a,0xaa,0x52,0xaa,0x52,0xa6,0x31,0xc3,0x18,0x04,0x21,
    0xe7,0x39,0x49,0x4a,0xa6,0x31,0x86,0x31,0xa2,0x10,0x86,0x31,0xe7,0x39,0x65,0x29,
    0x86,0x31,0x24,0x21,0xa6,0x31,0xc7,0x39,0xa6,0x31,0x86,0x31,0x86,0x31,0x49,0x4a,
    0xa6,0x31,0x04,0x21,0x45,0x29,0xc7,0x39,0xe7,0x39,0xa6,0x31,0x65,0x29,0x45,0x29,
    0x82,0x10,0xe3,0x18,0xcf,0x7b,0x4d,0x6b,0xc7,0x39,0x24,0x21,0x24,0x21,0xa6,0x31,
    0x24,0x21,0x45,0x29,0xe7,0x39,0xe7,0x39,0xa6,0x31,0x24,0x21,0x61,0x08,0x45,0x29,
    0xa6,0x31,0x86,0x31,0x65,0x29,0x49,0x4a,0x28,0x42,0xaa,0x52,0x69,0x4a,0x86,0x31,
    0xa7,0x39,0x86,0x31,0x24,0x21,0x82,0x10,0x24,0x21,0x45,0x29,0x28,0x42,0xc7,0x39,
    0x86,0x31,0xaa,0x52,0xc7,0x39,0xe3,0x18,0xc3,0x18,0x86,0x31,0xc7,0x39,0x28,0x42,
    0x28,0x42,0x8e,0x73,0x8a,0x52,0xa6,0x31,0x69,0x4a,0x49,0x4a,0xe7,0x39,0xc7,0x39,
    0x08,0x42,0x65,0x29,0x04,0x21,0x49,0x4a,0x86,0x31,0xc7,0x39,0xe7,0x39,0xa6,0x31,
    0xe7,0x39,0x28,0x42,0x66,0x29,0x45,0x29,0x24,0x21,0x65,0x29,0xa6,0x31,0x66,0x29,
    0x03,0x19,0xe3,0x18,0x82,0x10,0x82,0x10,0xe3,0x18,0xc3,0x18,0x61,0x08,0xa2,0x10,
    0xa2,0x10,0xc3,0x18,0xe3,0x18,0xc3,0x18,0xe3,0x18,0x24,0x21,0x04,0x19,0x04,0x21,
    0xe3,0x18,0x04,0x19,0x04,0x21,0x04,0x21,0x24,0x21,0x24,0x21,0xc3,0x18,0xc3,0x18,
    0x45,0x29,0x24,0x21,0x65,0x29,0x24,0x21,0x65,0x29,0xe3,0x18,0x04,0x21,0xe3,0x18,
    0x45,0x29,0x24,0x21,0xe3,0x18,0x24,0x21,0xe3,0x18,0x04,0x21,0xc3,0x18,0xa2,0x10,
    0x04,0x21,0x24,0x21,0xe3,0x18,0x82,0x10,0x61,0x08,0xe3,0x18,0x61,0x08,0x82,0x10,
    0x03,0x19,0x82,0x10,0x24,0x21,0xc7,0x39,0x86,0x31,0xe7,0x39,0x89,0x4a,0x69,0x4a,
    0x8a,0x52,0x69,0x4a,0xe3,0x18,0x65,0x31,0x08,0x42,0x28,0x42,0x28,0x42,0xa6,0x31,
    0x61,0x08,0x41,0x08,0x86,0x31,0xc7,0x39,0x45,0x29,0x65,0x29,0xc7,0x39,0x8a,0x52,
    0xaa,0x52,0xc7,0x31,0x2c,0x63,0x8a,0x52,0x86,0x31,0xeb,0x5a,0x28,0x42,0xa2,0x10,
    0x82,0x10,0x82,0x10,0x41,0x08,0xa2,0x10,0xa2,0x10,0x24,0x21,0xe7,0x39,0x4d,0x6b,
    0xc7,0x39,0x61,0x08,0x00,0x00,0x00,0x00,0x00,0x00,0x00,0x00,0x00,0x00,0x82,0x10,
    0xa6,0x31,0xe3,0x18,0x24,0x21,0x08,0x42,0x86,0x31,0x65,0x29,0x04,0x21,0xc7,0x39,
    0x24,0x21,0x65,0x29,0x45,0x29,0x04,0x21,0xa2,0x10,0x85,0x31,0x49,0x4a,0xaa,0x52,
    0xcb,0x5a,0x8a,0x52,0xe3,0x18,0x45,0x29,0x04,0x21,0xe3,0x18,0xe3,0x18,0x04,0x21,
    0x24,0x21,0x86,0x31,0xa6,0x31,0x04,0x21,0x65,0x29,0x65,0x29,0xc7,0x39,0xc7,0x39,
    0x86,0x31,0xa6,0x31,0x65,0x29,0x65,0x29,0x65,0x29,0x45,0x29,0x45,0x29,0x24,0x21,
    0xa6,0x31,0x69,0x4a,0xe7,0x39,0x86,0x31,0xe7,0x39,0x08,0x42,0xe7,0x39,0xe7,0x39,
    0x08,0x42,0x24,0x21,0xa6,0x31,0xa6,0x31,0x08,0x42,0x08,0x42,0xaa,0x52,0xeb,0x5a,
    0x49,0x4a,0xc3,0x18,0xa2,0x10,0xc7,0x39,0x69,0x4a,0x08,0x42,0x45,0x29,0x24,0x21,
    0x86,0x31,0x45,0x29,0x86,0x31,0xc6,0x39,0xa6,0x31,0x45,0x29,0x45,0x29,0xe7,0x39,
    0x86,0x31,0xe3,0x18,0x24,0x21,0x49,0x4a,0xa6,0x31,0x86,0x31,0x45,0x29,0x04,0x21,
    0x82,0x10,0xe3,0x18,0x2c,0x63,0x69,0x4a,0x86,0x31,0x45,0x29,0xa6,0x31,0x28,0x42,
    0xe7,0x39,0xa6,0x39,0xc7,0x39,0xc7,0x39,0x45,0x29,0x04,0x21,0xc2,0x18,0x45,0x29,
    0xc7,0x39,0x8a,0x52,0xa6,0x31,0xcb,0x5a,0x8a,0x52,0x04,0x21,0xa3,0x10,0x20,0x00,
    0x20,0x00,0x61,0x08,0x82,0x10,0x24,0x21,0x82,0x10,0x82,0x10,0x69,0x4a,0xe7,0x39,
    0x04,0x21,0xe7,0x39,0x86,0x31,0x24,0x21,0x82,0x10,0x45,0x29,0xe7,0x39,0x28,0x42,
    0x28,0x42,0xaa,0x52,0x2c,0x63,0xeb,0x5a,0xc7,0x39,0x8a,0x52,0xe7,0x39,0xa6,0x31,
    0xc7,0x39,0x28,0x42,0xe3,0x18,0x65,0x29,0x08,0x42,0x08,0x42,0x08,0x42,0xe7,0x39,
    0xe7,0x39,0x86,0x31,0x69,0x4a,0xaa,0x52,0xe7,0x39,0x45,0x29,0x65,0x29,0x65,0x29,
    0x04,0x21,0xe3,0x18,0xe3,0x18,0x82,0x10,0x61,0x08,0xe3,0x18,0xe3,0x18,0x61,0x08,
    0x61,0x08,0xa2,0x10,0xa2,0x10,0x82,0x10,0x61,0x08,0x61,0x08,0x82,0x10,0x82,0x10,
    0x82,0x10,0xc3,0x18,0x65,0x29,0x24,0x21,0x04,0x21,0x24,0x21,0x65,0x29,0x45,0x29,
    0x86,0x31,0x86,0x31,0x24,0x21,0xe3,0x18,0x24,0x21,0x45,0x29,0x65,0x29,0xe3,0x18,
    0x45,0x29,0x24,0x21,0x24,0x21,0xe3,0x18,0x61,0x08,0x82,0x10,0x04,0x21,0x03,0x19,
    0x45,0x29,0xe3,0x18,0x61,0x08,0xc3,0x18,0x86,0x31,0x04,0x21,0xa2,0x10,0x24,0x21,
    0xe3,0x18,0xc3,0x18,0x65,0x29,0x04,0x21,0xe7,0x39,0x28,0x42,0x28,0x42,0x2c,0x63,
    0x69,0x4a,0x8a,0x52,0x08,0x42,0x61,0x08,0x24,0x21,0x49,0x4a,0xa6,0x31,0x61,0x08,
    0xc3,0x18,0x45,0x29,0x86,0x31,0x04,0x21,0x65,0x29,0x28,0x42,0x08,0x42,0x49,0x4a,
    0x86,0x31,0xcb,0x5a,0x2c,0x63,0x08,0x42,0x49,0x4a,0xcb,0x5a,0x65,0x29,0xc3,0x18,
    0x24,0x21,0xc3,0x18,0x41,0x08,0x41,0x08,0x24,0x21,0x65,0x29,0x28,0x42,0xcb,0x5a,
    0x45,0x29,0x20,0x00,0x00,0x00,0x00,0x00,0x00,0x00,0x00,0x00,0x00,0x00,0x00,0x00,
    0x41,0x08,0x41,0x08,0x00,0x00,0xe3,0x18,0x6a,0x4a,0x45,0x29,0x65,0x29,0xe7,0x39,
    0x04,0x21,0x65,0x29,0x65,0x29,0xa6,0x31,0x24,0x21,0x45,0x29,0xc7,0x39,0xa6,0x31,
    0xaa,0x52,0x65,0x29,0xa2,0x10,0x45,0x29,0x04,0x21,0xe3,0x18,0x24,0x21,0x24,0x21,
    0x45,0x29,0x45,0x29,0x86,0x31,0x04,0x21,0x45,0x29,0x86,0x31,0xa6,0x31,0x86,0x31,
    0x45,0x29,0x86,0x31,0xe7,0x39,0x65,0x29,0x04,0x21,0x24,0x21,0xa6,0x31,0x04,0x21,
    0x24,0x21,0x65,0x29,0x65,0x29,0x04,0x21,0x65,0x29,0xc7,0x39,0xe7,0x39,0xe7,0x39,
    0x24,0x21,0x04,0x21,0x28,0x42,0x2c,0x63,0x4d,0x6b,0xaa,0x52,0x86,0x31,0xe3,0x18,
    0x24,0x21,0xc7,0x39,0x08,0x42,0x08,0x42,0x28,0x42,0xe7,0x39,0xe3,0x18,0x86,0x31,
    0x86,0x31,0x45,0x29,0x86,0x31,0x86,0x31,0xc7,0x39,0x65,0x29,0x45,0x29,0x08,0x42,
    0x24,0x21,0xe3,0x18,0x04,0x21,0xc7,0x39,0x86,0x31,0x86,0x31,0xa6,0x31,0xa6,0x31,
    0x4d,0x6b,0x30,0x84,0x49,0x4a,0x04,0x21,0x28,0x42,0x8a,0x52,0x28,0x42,0xcb,0x5a,
    0x49,0x4a,0x86,0x31,0xe7,0x39,0x65,0x29,0x65,0x29,0xe3,0x18,0xe3,0x18,0x86,0x29,
    0x69,0x4a,0x08,0x42,0x08,0x42,0x86,0x31,0x61,0x08,0x24,0x21,0xa6,0x31,0x00,0x00,
    0x00,0x00,0x00,0x00,0x00,0x00,0x00,0x00,0xa2,0x10,0x86,0x31,0x8a,0x52,0xc7,0x39,
    0x65,0x29,0xe7,0x39,0x45,0x29,0x24,0x21,0xa2,0x10,0xe3,0x18,0x08,0x42,0x8a,0x52,
    0xaa,0x52,0x08,0x42,0x69,0x4a,0x6d,0x6b,0x2c,0x63,0x69,0x4a,0xca,0x52,0xa6,0x31,
    0xc6,0x39,0xe7,0x39,0x08,0x42,0x04,0x21,0x45,0x29,0xc6,0x31,0xaa,0x52,0xc7,0x39,
    0x49,0x4a,0xc7,0x39,0x07,0x42,0x89,0x4a,0xeb,0x5a,0x28,0x42,0x86,0x31,0x45,0x29,
    0x44,0x29,0x04,0x21,0xe3,0x18,0xc3,0x18,0xa2,0x10,0x61,0x08,0xa2,0x10,0xe3,0x18,
    0xc2,0x18,0x82,0x10,0xe3,0x18,0xc3,0x18,0xa2,0x10,0x82,0x10,0xa2,0x10,0x82,0x10,
    0x82,0x10,0xc2,0x18,0x04,0x21,0x65,0x29,0xa6,0x31,0xa6,0x31,0xa6,0x31,0xc7,0x39,
    0x86,0x31,0xa6,0x31,0x24,0x21,0x45,0x29,0x86,0x31,0xa6,0x31,0x65,0x29,0x45,0x29,
    0x86,0x29,0x04,0x21,0xc3,0x18,0x04,0x21,0x04,0x21,0xe3,0x18,0xe3,0x18,0xe3,0x18,
    0x82,0x10,0x82,0x10,0xc3,0x18,0x45,0x29,0x04,0x21,0xe3,0x18,0xe3,0x18,0x44,0x21,
    0xc3,0x18,0x45,0x29,0x24,0x21,0x28,0x42,0x49,0x4a,0xc7,0x39,0x28,0x42,0x49,0x4a,
    0x2c,0x63,0x4d,0x6b,0x86,0x31,0xa2,0x10,0x82,0x10,0xa2,0x10,0x61,0x08,0xe3,0x18,
    0x49,0x4a,0x45,0x29,0x45,0x29,0x24,0x21,0xc6,0x31,0x08,0x42,0xc7,0x39,0x28,0x42,
    0xc7,0x39,0x6d,0x6b,0x8a,0x52,0xaa,0x52,0xeb,0x5a,0xe7,0x39,0x24,0x21,0xe3,0x18,
    0x24,0x21,0xc3,0x18,0x82,0x10,0xa6,0x31,0xe7,0x39,0xe3,0x18,0x8a,0x52,0x8a,0x52,
    0x03,0x19,0x00,0x00,0x00,0x00,0x00,0x00,0x00,0x00,0x00,0x00,0x00,0x00,0x00,0x00,
    0x00,0x00,0x00,0x00,0x41,0x08,0xc3,0x18,0x65,0x29,0x49,0x4a,0xc7,0x39,0x08,0x42,
    0xa2,0x10,0xe3,0x18,0x45,0x29,0x86,0x31,0x86,0x31,0xe7,0x39,0x65,0x29,0x86,0x31,
    0x69,0x4a,0x44,0x29,0xc3,0x18,0x24,0x21,0x04,0x21,0x04,0x21,0x04,0x21,0x45,0x29,
    0x65,0x29,0x45,0x29,0x65,0x29,0x04,0x21,0x45,0x29,0xc7,0x39,0xc7,0x39,0x65,0x29,
    0x24,0x21,0x65,0x31,0xc7,0x39,0xa6,0x31,0x45,0x29,0x04,0x19,0x25,0x21,0xe7,0x39,
    0x65,0x29,0x85,0x31,0xe7,0x39,0x86,0x31,0xc7,0x39,0x49,0x4a,0xe7,0x39,0x28,0x42,
    0xaa,0x52,0xe7,0x39,0xa6,0x31,0x65,0x29,0x04,0x21,0x03,0x21,0x65,0x29,0xe7,0x39,
    0x48,0x4a,0x49,0x4a,0x28,0x42,0xe7,0x39,0xa6,0x31,0x45,0x29,0x04,0x21,0xa6,0x31,
    0xa6,0x31,0x65,0x29,0xc7,0x39,0xe7,0x39,0xc7,0x39,0x24,0x21,0x85,0x29,0xc7,0x31,
    0x24,0x21,0x65,0x29,0x65,0x29,0x86,0x31,0x86,0x31,0x86,0x31,0x65,0x29,0x65,0x29,
    0x8a,0x52,0x86,0x31,0x86,0x31,0x2c,0x63,0xef,0x7b,0x28,0x42,0x69,0x4a,0x49,0x4a,
    0x86,0x31,0xe7,0x39,0xc7,0x39,0x45,0x29,0x04,0x21,0x65,0x29,0x24,0x21,0xaa,0x52,
    0xaa,0x52,0xa6,0x31,0x82,0x10,0x61,0x08,0x00,0x00,0x61,0x08,0xc3,0x18,0x00,0x00,
    0x00,0x00,0x00,0x00,0x00,0x00,0x00,0x00,0x41,0x08,0xa6,0x39,0x69,0x4a,0xcb,0x5a,
    0x45,0x29,0xc7,0x39,0x03,0x19,0x24,0x21,0xe3,0x18,0xe3,0x18,0x08,0x42,0xeb,0x5a,
    0xeb,0x5a,0xeb,0x5a,0xe7,0x39,0xaa,0x52,0x2c,0x63,0xaa,0x52,0xaa,0x52,0x28,0x42,
    0xa6,0x31,0x65,0x29,0x49,0x4a,0x86,0x31,0x04,0x21,0x04,0x21,0x28,0x42,0x69,0x4a,
    0x08,0x42,0x49,0x4a,0xe7,0x39,0xc6,0x39,0x49,0x4a,0xeb,0x5a,0xcb,0x5a,0x28,0x42,
    0x86,0x31,0x24,0x21,0xc3,0x18,0xa2,0x10,0xa2,0x10,0x04,0x21,0xa2,0x10,0x61,0x08,
    0xc3,0x18,0x04,0x21,0xa2,0x10,0xc3,0x18,0x04,0x21,0xc3,0x18,0x41,0x08,0x82,0x10,
    0xe3,0x18,0x24,0x21,0xe3,0x18,0x04,0x21,0xc6,0x39,0x86,0x31,0x24,0x21,0xa7,0x31,
    0x07,0x3a,0xc7,0x39,0xa6,0x31,0xa6,0x31,0x86,0x31,0x45,0x29,0x24,0x21,0x24,0x21,
    0x85,0x29,0x86,0x31,0x45,0x29,0xe3,0x18,0x24,0x21,0x24,0x21,0xa2,0x10,0xc3,0x18,
    0xe3,0x18,0x45,0x29,0x86,0x31,0xc3,0x18,0xa2,0x10,0xc3,0x18,0x24,0x21,0xa2,0x10,
    0xc3,0x18,0x86,0x31,0xc7,0x39,0x28,0x42,0x65,0x29,0x65,0x29,0x08,0x42,0xeb,0x5a,
    0x2c,0x63,0xa6,0x31,0x45,0x29,0x28,0x42,0x24,0x21,0x04,0x21,0xe7,0x39,0x69,0x4a,
    0xe7,0x39,0xc3,0x18,0x45,0x29,0xc3,0x10,0x65,0x29,0x65,0x29,0x49,0x4a,0x28,0x42,
    0xcb,0x5a,0xeb,0x5a,0x28,0x42,0xeb,0x62,0x8a,0x52,0x86,0x31,0xc3,0x18,0xe3,0x18,
    0xc3,0x18,0x82,0x10,0xc7,0x39,0x08,0x42,0x24,0x29,0x49,0x4a,0x6e,0x6b,0x49,0x4a,
    0xc3,0x18,0x00,0x00,0x00,0x00,0x00,0x00,0x00,0x00,0x00,0x00,0x00,0x00,0x00,0x00,
    0x00,0x00,0x00,0x00,0x00,0x00,0x45,0x29,0xe3,0x18,0x08,0x42,0xeb,0x5a,0xe7,0x39,
    0x82,0x10,0xa2,0x10,0xe3,0x18,0x65,0x29,0x45,0x29,0x65,0x29,0x28,0x42,0x08,0x42,
    0x6d,0x6b,0x48,0x42,0xe3,0x18,0x86,0x31,0x65,0x29,0x04,0x21,0x24,0x21,0x44,0x21,
    0x65,0x29,0x65,0x29,0x45,0x29,0x65,0x29,0x65,0x29,0xa6,0x31,0xc7,0x39,0x86,0x31,
    0x44,0x29,0xa6,0x31,0xc7,0x39,0xa6,0x31,0x86,0x29,0x04,0x21,0xa2,0x10,0x86,0x31,
    0xc7,0x31,0xa6,0x31,0x28,0x42,0x08,0x42,0xc7,0x39,0x08,0x42,0x45,0x29,0xa6,0x31,
    0x03,0x19,0xc3,0x18,0x24,0x21,0xc7,0x39,0x48,0x42,0x08,0x42,0xc7,0x39,0x08,0x42,
    0x49,0x4a,0x08,0x42,0x86,0x31,0xc7,0x39,0x86,0x31,0xc3,0x18,0x65,0x29,0xc7,0x39,
    0xa6,0x31,0x86,0x31,0xc7,0x39,0xe7,0x39,0xc7,0x39,0x24,0x21,0xc7,0x39,0xa7,0x31,
    0x24,0x21,0x45,0x29,0x65,0x29,0xe7,0x39,0xe7,0x39,0x86,0x31,0x45,0x29,0x04,0x21,
    0x00,0x00,0xa6,0x31,0x92,0x94,0x51,0x8c,0x4d,0x6b,0x65,0x29,0x28,0x42,0x86,0x31,
    0xa6,0x31,0xa6,0x31,0x04,0x21,0xe3,0x18,0x24,0x21,0xc7,0x39,0x65,0x29,0xeb,0x5a,
    0x28,0x42,0xc3,0x18,0x82,0x10,0x00,0x00,0x00,0x00,0x00,0x00,0x00,0x00,0x00,0x00,
    0x00,0x00,0x00,0x00,0x00,0x00,0x00,0x00,0x00,0x00,0xa6,0x31,0xe7,0x39,0x0c,0x63,
    0x49,0x4a,0x86,0x31,0xa2,0x10,0xc3,0x18,0xe3,0x18,0x82,0x10,0xc7,0x39,0x69,0x4a,
    0x4c,0x6b,0x6d,0x6b,0x8a,0x52,0x8a,0x52,0xaa,0x52,0x69,0x4a,0x49,0x4a,0x6a,0x4a,
    0x28,0x42,0x45,0x29,0xa6,0x31,0xe7,0x39,0x24,0x21,0x24,0x21,0x86,0x31,0xc7,0x39,
    0x49,0x4a,0x69,0x4a,0x8a,0x52,0xc7,0x39,0xa7,0x31,0x28,0x42,0x8a,0x52,0x69,0x4a,
    0x28,0x42,0xc7,0x39,0x24,0x21,0x82,0x10,0xc3,0x18,0xc3,0x18,0x04,0x21,0xe3,0x18,
    0x82,0x10,0xe3,0x18,0x24,0x21,0xc3,0x18,0xa2,0x10,0xe3,0x18,0xe3,0x18,0x61,0x08,
    0x82,0x10,0x04,0x21,0x24,0x21,0x65,0x29,0xa6,0x31,0x65,0x29,0x65,0x29,0x08,0x42,
    0xe7,0x39,0xc7,0x39,0x86,0x31,0xe7,0x39,0xc7,0x39,0xc7,0x39,0xc6,0x31,0x65,0x29,
    0xa6,0x31,0xa6,0x31,0x45,0x29,0xe3,0x18,0x82,0x10,0xa2,0x10,0xc3,0x18,0x45,0x29,
    0x65,0x29,0xa7,0x31,0x04,0x21,0xc3,0x18,0x04,0x21,0xc3,0x18,0x61,0x08,0xc3,0x18,
    0x65,0x29,0x44,0x29,0x65,0x29,0xe3,0x18,0x45,0x29,0xeb,0x5a,0x0c,0x63,0x08,0x42,
    0xa6,0x31,0x65,0x29,0x28,0x42,0x08,0x42,0xeb,0x5a,0x0c,0x63,0x69,0x4a,0xe7,0x39,
    0x24,0x21,0x24,0x21,0xc2,0x18,0x24,0x21,0xa6,0x31,0xe7,0x39,0x07,0x42,0xe7,0x39,
    0x0c,0x63,0x08,0x42,0xaa,0x52,0xcb,0x5a,0x28,0x42,0x65,0x29,0xa2,0x10,0x65,0x29,
    0x04,0x21,0xc3,0x18,0x86,0x31,0x65,0x29,0xa6,0x31,0x2c,0x63,0x8a,0x52,0xe7,0x39,
    0x41,0x08,0x00,0x00,0x00,0x00,0x00,0x00,0x00,0x00,0x00,0x00,0x00,0x00,0x00,0x00,
    0x00,0x00,0x00,0x00,0x00,0x00,0x61,0x08,0x86,0x31,0x61,0x08,0xa6,0x31,0x08,0x42,
    0x82,0x10,0xc3,0x18,0x04,0x21,0x65,0x29,0x24,0x21,0x04,0x21,0x08,0x42,0xa6,0x39,
    0x8a,0x52,0xcb,0x5a,0xc3,0x18,0x04,0x21,0x04,0x21,0xe3,0x18,0x24,0x21,0x04,0x21,
    0x45,0x29,0x65,0x29,0x65,0x29,0x65,0x29,0x45,0x29,0xa6,0x31,0xc7,0x39,0x65,0x29,
    0x04,0x21,0x86,0x31,0x86,0x31,0xa6,0x31,0xa6,0x31,0x24,0x21,0xa2,0x10,0xa2,0x10,
    0xe3,0x18,0x24,0x21,0xa6,0x31,0x45,0x29,0x45,0x29,0xc7,0x39,0x65,0x29,0x24,0x21,
    0x45,0x29,0x65,0x29,0x85,0x29,0x8a,0x52,0x69,0x4a,0xe7,0x39,0xc7,0x39,0xc7,0x39,
    0x08,0x42,0xe7,0x39,0x65,0x29,0x65,0x29,0x65,0x29,0xe3,0x18,0xc7,0x39,0x65,0x29,
    0x65,0x29,0xa6,0x31,0xa6,0x31,0xc7,0x39,0x86,0x31,0xe3,0x18,0x08,0x42,0xa6,0x31,
    0x24,0x21,0x24,0x21,0x86,0x31,0xc7,0x39,0xc7,0x39,0x86,0x31,0x45,0x29,0xc3,0x18,
    0x04,0x21,0x51,0x8c,0x4d,0x6b,0xa6,0x31,0x86,0x31,0xc3,0x18,0x45,0x29,0x65,0x29,
    0x86,0x31,0x45,0x29,0x45,0x29,0xa2,0x10,0xe3,0x18,0xc3,0x18,0xe7,0x39,0x49,0x4a,
    0x03,0x21,0xc3,0x18,0x41,0x08,0x00,0x00,0x00,0x00,0x00,0x00,0x00,0x00,0x00,0x00,
    0x00,0x00,0x00,0x00,0x00,0x00,0x00,0x00,0x00,0x00,0x82,0x10,0x69,0x4a,0xc7,0x39,
    0xae,0x73,0x49,0x4a,0x82,0x10,0x61,0x08,0xa2,0x10,0xa2,0x10,0xe3,0x18,0xe7,0x41,
    0xeb,0x5a,0x8e,0x73,0x2c,0x63,0x69,0x4a,0x0c,0x63,0x2c,0x63,0x28,0x42,0x69,0x4a,
    0xe7,0x39,0xe7,0x39,0x25,0x21,0xc7,0x39,0x86,0x31,0x04,0x21,0xa6,0x31,0xe7,0x39,
    0x65,0x29,0xc7,0x39,0xcb,0x5a,0x0c,0x63,0xe7,0x39,0xa6,0x31,0x08,0x42,0x08,0x42,
    0x69,0x4a,0x49,0x4a,0xc7,0x39,0x04,0x21,0x82,0x10,0x82,0x10,0xc3,0x18,0xc3,0x18,
    0x04,0x21,0xe3,0x18,0xc3,0x18,0x24,0x21,0x04,0x21,0xa2,0x10,0x04,0x21,0x04,0x21,
    0x61,0x08,0xa2,0x10,0xe3,0x18,0xe3,0x18,0x86,0x31,0x86,0x31,0x65,0x29,0x49,0x4a,
    0x28,0x42,0x28,0x42,0x07,0x42,0x49,0x4a,0x69,0x4a,0xa6,0x31,0x86,0x29,0xe3,0x18,
    0x24,0x21,0x82,0x10,0x04,0x21,0x24,0x21,0x45,0x29,0x65,0x29,0xa6,0x31,0xe3,0x18,
    0x04,0x21,0x82,0x10,0x61,0x08,0xc3,0x18,0xa2,0x10,0xa2,0x10,0x04,0x21,0xa6,0x31,
    0x04,0x21,0xc3,0x18,0x04,0x21,0xc7,0x39,0x4d,0x6b,0x2c,0x63,0xc6,0x39,0xc6,0x39,
    0xcb,0x5a,0x69,0x4a,0x8a,0x52,0xaa,0x52,0x4c,0x6b,0x28,0x42,0xa6,0x31,0xa6,0x31,
    0xe3,0x18,0x24,0x21,0x04,0x21,0x08,0x42,0xe7,0x39,0x49,0x4a,0xe7,0x39,0x28,0x42,
    0xaa,0x52,0x0c,0x63,0x10,0x84,0x4d,0x6b,0x69,0x4a,0xc3,0x18,0xc3,0x18,0x45,0x29,
    0x04,0x21,0x04,0x21,0x08,0x42,0x08,0x42,0x49,0x4a,0xaa,0x52,0xe7,0x39,0xc3,0x18,
    0x00,0x00,0x00,0x00,0x00,0x00,0x00,0x00,0x00,0x00,0x00,0x00,0x00,0x00,0x00,0x00,
    0x00,0x00,0x00,0x00,0x00,0x00,0x00,0x00,0xe3,0x18,0xc3,0x18,0x65,0x29,0xaa,0x52,
    0x24,0x21,0xc3,0x18,0x65,0x29,0x28,0x42,0x86,0x29,0x45,0x29,0xae,0x73,0xeb,0x5a,
    0x8a,0x52,0x8a,0x52,0x24,0x21,0xe3,0x18,0x45,0x29,0x03,0x19,0x04,0x21,0xe3,0x18,
    0x24,0x21,0x45,0x29,0x65,0x29,0x66,0x29,0x45,0x29,0xa6,0x31,0xc7,0x39,0x86,0x31,
    0x24,0x21,0x45,0x29,0x86,0x31,0xa6,0x31,0xa6,0x31,0x85,0x29,0xc3,0x18,0x82,0x10,
    0xa2,0x10,0xe3,0x18,0x24,0x21,0x04,0x21,0x24,0x21,0x08,0x42,0xc7,0x39,0x24,0x21,
    0xe7,0x39,0x45,0x29,0xe7,0x39,0x8a,0x52,0x49,0x4a,0xe7,0x39,0xa6,0x31,0xe7,0x39,
    0xc7,0x39,0x86,0x31,0x65,0x29,0x86,0x31,0x24,0x21,0x24,0x21,0x08,0x42,0x24,0x21,
    0x65,0x29,0x86,0x31,0xa6,0x31,0x86,0x31,0x04,0x21,0xa2,0x10,0x86,0x31,0x45,0x29,
    0x24,0x21,0x45,0x29,0x85,0x29,0x86,0x31,0x65,0x29,0x45,0x29,0x65,0x29,0xe3,0x18,
    0xe3,0x18,0x2c,0x63,0xe7,0x39,0xe7,0x39,0xa6,0x31,0xa2,0x10,0x45,0x29,0xc7,0x39,
    0xc7,0x39,0xa6,0x31,0x45,0x29,0x82,0x10,0x82,0x10,0x65,0x29,0x28,0x42,0xe3,0x18,
    0x24,0x21,0xa2,0x10,0x00,0x00,0x00,0x00,0x00,0x00,0x00,0x00,0x00,0x00,0x00,0x00,
    0x00,0x00,0x00,0x00,0x00,0x00,0x00,0x00,0x00,0x00,0x00,0x00,0xa6,0x31,0x28,0x42,
    0xa6,0x31,0xef,0x7b,0x29,0x4a,0x61,0x08,0x61,0x08,0xc3,0x18,0xc3,0x18,0xe3,0x18,
    0x08,0x42,0xaa,0x52,0x8e,0x73,0xeb,0x5a,0xcb,0x5a,0xcf,0x7b,0xeb,0x5a,0x49,0x4a,
    0xe7,0x39,0x08,0x42,0x86,0x31,0x45,0x29,0x45,0x29,0x85,0x31,0x24,0x21,0x08,0x42,
    0x28,0x42,0x65,0x29,0xc7,0x39,0x69,0x4a,0xcb,0x5a,0xe7,0x39,0xc7,0x39,0xc7,0x39,
    0xc7,0x39,0x08,0x42,0xc7,0x39,0xc7,0x39,0x24,0x21,0x61,0x08,0x82,0x08,0xa2,0x10,
    0xa3,0x10,0xe3,0x18,0x04,0x21,0x04,0x21,0x24,0x21,0x45,0x29,0x04,0x21,0xc3,0x18,
    0xa2,0x10,0x61,0x08,0xc3,0x18,0x04,0x21,0x04,0x21,0x04,0x21,0x04,0x21,0x86,0x29,
    0xe7,0x39,0xc7,0x39,0x65,0x29,0x86,0x31,0x24,0x21,0x04,0x21,0xc3,0x18,0xe3,0x18,
    0xe3,0x18,0xa2,0x10,0xe3,0x18,0xc3,0x18,0xe3,0x18,0x65,0x29,0xe3,0x18,0xc3,0x18,
    0xa2,0x10,0x82,0x10,0xe3,0x18,0xa2,0x10,0x24,0x21,0x45,0x29,0x86,0x31,0x24,0x21,
    0xa2,0x10,0x65,0x29,0xe7,0x39,0x49,0x4a,0x49,0x4a,0x08,0x42,0x28,0x42,0xcb,0x5a,
    0x08,0x42,0xcb,0x5a,0xeb,0x5a,0x8a,0x52,0xa6,0x31,0x65,0x29,0x65,0x29,0x04,0x21,
    0xe3,0x18,0xc3,0x18,0x08,0x42,0x86,0x31,0x86,0x31,0x08,0x42,0x69,0x4a,0xc7,0x39,
    0xae,0x73,0xce,0x7b,0xef,0x83,0x0c,0x63,0x24,0x21,0xa2,0x10,0x65,0x29,0x24,0x21,
    0xc3,0x18,0x45,0x29,0x8a,0x52,0x8e,0x73,0x4d,0x6b,0x69,0x4a,0x86,0x31,0x41,0x08,
    0x00,0x00,0x00,0x00,0x00,0x00,0x00,0x00,0x00,0x00,0x00,0x00,0x00,0x00,0x00,0x00,
    0x00,0x00,0x00,0x00,0x00,0x00,0x00,0x00,0x82,0x10,0xe3,0x18,0x45,0x29,0xe7,0x39,
    0x45,0x29,0x61,0x08,0xa6,0x31,0x28,0x42,0xa6,0x31,0x04,0x21,0xaa,0x52,0xeb,0x5a,
    0x2c,0x63,0x6d,0x6b,0xe7,0x39,0xe3,0x18,0x45,0x29,0x04,0x21,0x04,0x21,0x04,0x21,
    0x24,0x21,0x45,0x29,0x65,0x29,0x86,0x31,0x65,0x29,0xc7,0x31,0xe8,0x39,0xa6,0x31,
    0x45,0x29,0x65,0x29,0xc7,0x39,0xc7,0x39,0xc7,0x39,0xa6,0x31,0x44,0x29,0xc3,0x18,
    0xa2,0x10,0xc3,0x18,0x04,0x21,0x45,0x29,0x45,0x29,0x65,0x29,0xc7,0x39,0x24,0x21,
    0x28,0x42,0x08,0x42,0x49,0x4a,0x8a,0x52,0xe7,0x39,0xc7,0x39,0xe7,0x39,0xc7,0x39,
    0x86,0x31,0x65,0x29,0x86,0x31,0x65,0x29,0x24,0x21,0x65,0x29,0xc7,0x39,0x24,0x21,
    0x65,0x29,0x65,0x29,0x45,0x29,0x65,0x29,0x04,0x21,0x24,0x21,0xa6,0x31,0x45,0x29,
    0x45,0x29,0x24,0x21,0xa6,0x31,0x86,0x31,0x86,0x31,0x86,0x31,0x65,0x31,0xc3,0x18,
    0x81,0x08,0x4d,0x6b,0x2c,0x63,0xcb,0x5a,0xa6,0x31,0x45,0x29,0x49,0x4a,0xc7,0x39,
    0xc7,0x39,0x85,0x29,0x24,0x21,0xe3,0x18,0x41,0x00,0x4d,0x6b,0x0c,0x63,0xe3,0x18,
    0x24,0x21,0x61,0x08,0x00,0x00,0x00,0x00,0x00,0x00,0x00,0x00,0x00,0x00,0x00,0x00,
    0x00,0x00,0x00,0x00,0x00,0x00,0x00,0x00,0x00,0x00,0x00,0x00,0x41,0x08,0x49,0x4a,
    0x08,0x42,0x49,0x4a,0xef,0x83,0xe7,0x39,0x82,0x10,0xc3,0x18,0x65,0x29,0xa2,0x10,
    0x65,0x29,0xe7,0x39,0x2c,0x63,0x6d,0x6b,0x2c,0x63,0x2c,0x63,0xae,0x73,0x49,0x4a,
    0x8a,0x52,0xc7,0x39,0x28,0x42,0x45,0x29,0x24,0x21,0x65,0x29,0x65,0x29,0x45,0x29,
    0x08,0x42,0x8a,0x52,0xc7,0x39,0xe7,0x39,0xcb,0x5a,0x2c,0x63,0x48,0x42,0x49,0x4a,
    0x49,0x4a,0x86,0x31,0x28,0x42,0xe7,0x39,0x07,0x3a,0x45,0x29,0xa2,0x10,0xa2,0x10,
    0xe3,0x18,0xc3,0x18,0x04,0x21,0x65,0x29,0x24,0x21,0x04,0x21,0x45,0x29,0xe3,0x18,
    0xc3,0x18,0x82,0x10,0x82,0x10,0xc2,0x10,0x04,0x21,0x24,0x21,0xe3,0x18,0x45,0x29,
    0x65,0x29,0x65,0x29,0x86,0x31,0x65,0x29,0x86,0x31,0x65,0x29,0x04,0x21,0x45,0x29,
    0x45,0x29,0xe3,0x18,0xc3,0x18,0x45,0x29,0x24,0x21,0xe3,0x18,0xa2,0x10,0xa2,0x10,
    0x03,0x21,0x45,0x29,0x04,0x21,0xa6,0x31,0x45,0x29,0x04,0x21,0xc3,0x18,0x82,0x10,
    0xc6,0x31,0x8a,0x52,0xeb,0x5a,0x6d,0x6b,0xaa,0x52,0xeb,0x5a,0xae,0x73,0xaa,0x52,
    0x49,0x4a,0x2c,0x63,0xe7,0x39,0xa6,0x31,0x86,0x31,0x08,0x42,0xa6,0x31,0x61,0x10,
    0xa2,0x10,0x24,0x21,0x86,0x31,0xe3,0x18,0xa6,0x31,0xcb,0x5a,0x08,0x42,0x69,0x4a,
    0xae,0x73,0xeb,0x5a,0xcb,0x5a,0xa6,0x31,0x61,0x08,0xe3,0x18,0x03,0x19,0x45,0x29,
    0x49,0x4a,0x45,0x29,0x28,0x42,0x10,0x84,0x0c,0x63,0x28,0x42,0xa2,0x10,0x00,0x00,
    0x00,0x00,0x00,0x00,0x20,0x00,0x20,0x00,0x00,0x00,0x00,0x00,0x00,0x00,0x00,0x00,
    0x00,0x00,0x00,0x00,0x00,0x00,0x00,0x00,0xe3,0x18,0xe3,0x18,0xc3,0x18,0x24,0x21,
    0xe3,0x18,0x82,0x10,0xe3,0x18,0x86,0x31,0x08,0x42,0x45,0x29,0xe3,0x18,0x24,0x21,
    0x28,0x42,0x2c,0x6b,0x69,0x4a,0xa2,0x10,0x04,0x21,0x45,0x29,0x45,0x29,0x24,0x21,
    0x65,0x29,0x86,0x31,0xa6,0x31,0xc7,0x39,0x45,0x29,0xe7,0x41,0x28,0x42,0xa6,0x31,
    0x24,0x21,0x65,0x29,0xe7,0x39,0x69,0x4a,0xe7,0x39,0x86,0x31,0x65,0x29,0x24,0x21,
    0x04,0x21,0xc3,0x18,0x04,0x21,0x03,0x19,0x24,0x21,0x04,0x21,0x86,0x31,0x24,0x21,
};

const lv_image_dsc_t photo_face_archivist = {
    .header = {
        .magic = LV_IMAGE_HEADER_MAGIC,
        .cf = LV_COLOR_FORMAT_RGB565,
        .flags = 0,
        .w = 240,
        .h = 240,
        .stride = 480,
        .reserved_2 = 0,
    },
    .data_size = sizeof(photo_face_archivist_map),
    .data = photo_face_archivist_map,
    .reserved = nullptr,
    .reserved_2 = nullptr,
};
