ISO-10303-21;
HEADER;
/* Generated by software containing ST-Developer
 * from STEP Tools, Inc. (www.steptools.com) 
 */
/* OPTION: using custom renumber hook */

FILE_DESCRIPTION(
/* description */ ('STEP AP242 Edition 2',
'CAx-IF Rec.Pracs.---Representation and Presentation of Product Manufa
cturing Information (PMI)---4.0---2014-10-13',
'CAx-IF Rec.Pracs.---3D Tessellated Geometry---0.4---2014-09-14','2;1',
'CAx-IF Rec.Pracs.---User Defined Attributes---1.5---2016-08-15'),
/* implementation_level */ '2;1');

FILE_NAME(
/* name */ 'Part Studio 1 - Body',
/* time_stamp */ '2026-08-09T00:59:04Z',
/* author */ (''),
/* organization */ (''),
/* preprocessor_version */ 'ST-DEVELOPER v20',
/* originating_system */ 'ONSHAPE BY PTC INC, 1.219',
/* authorisation */ '  ');

FILE_SCHEMA (('AP242_MANAGED_MODEL_BASED_3D_ENGINEERING_MIM_LF { 1 0 10303 442 3 1 4 }'));
ENDSEC;

DATA;
#10=SHAPE_REPRESENTATION_RELATIONSHIP('','',#2427,#11);
#11=ADVANCED_BREP_SHAPE_REPRESENTATION('',(#2425),#4375);
#12=B_SPLINE_CURVE_WITH_KNOTS('',3,(#3651,#3652,#3653,#3654,#3655,#3656,
#3657,#3658,#3659,#3660),.UNSPECIFIED.,.F.,.F.,(4,1,1,1,1,1,1,4),(1.96281018440038E-7,
0.000147195925179289,0.000294195569340138,0.000588194857661836,0.000882194145983534,
0.00117619343430523,0.00176419201094863,0.00235219058759202),
 .UNSPECIFIED.);
#13=B_SPLINE_CURVE_WITH_KNOTS('',3,(#3661,#3662,#3663,#3664,#3665,#3666,
#3667,#3668,#3669,#3670),.UNSPECIFIED.,.F.,.F.,(4,1,1,1,1,1,1,4),(1.96243980884818E-7,
0.000147195890456565,0.000294195536932245,0.000588194829883605,0.000882194122834965,
0.00117619341578632,0.00176419200168904,0.00235219058759176),
 .UNSPECIFIED.);
#14=B_SPLINE_CURVE_WITH_KNOTS('',3,(#3672,#3673,#3674,#3675,#3676,#3677,
#3678,#3679,#3680,#3681),.UNSPECIFIED.,.F.,.F.,(4,1,1,1,1,1,1,4),(1.96281019573019E-7,
0.000147195925180357,0.000294195569341141,0.000588194857662708,0.000882194145984276,
0.00117619343430584,0.00176419201094898,0.00235219058759211),
 .UNSPECIFIED.);
#15=B_SPLINE_CURVE_WITH_KNOTS('',3,(#3683,#3684,#3685,#3686,#3687,#3688,
#3689,#3690,#3691,#3692),.UNSPECIFIED.,.F.,.F.,(4,1,1,1,1,1,1,4),(1.96281018440251E-7,
0.000147195925179289,0.000294195569340137,0.000588194857661834,0.000882194145983531,
0.00117619343430523,0.00176419201094862,0.00235219058759202),
 .UNSPECIFIED.);
#16=B_SPLINE_CURVE_WITH_KNOTS('',3,(#3696,#3697,#3698,#3699,#3700,#3701,
#3702,#3703,#3704,#3705),.UNSPECIFIED.,.F.,.F.,(4,1,1,1,1,1,1,4),(1.96281019573911E-7,
0.000147195925180358,0.000294195569341141,0.000588194857662708,0.000882194145984276,
0.00117619343430584,0.00176419201094898,0.00235219058759211),
 .UNSPECIFIED.);
#17=B_SPLINE_CURVE_WITH_KNOTS('',3,(#3706,#3707,#3708,#3709,#3710,#3711,
#3712,#3713,#3714,#3715),.UNSPECIFIED.,.F.,.F.,(4,1,1,1,1,1,1,4),(1.9628101844091E-7,
0.00014719592517929,0.000294195569340139,0.000588194857661836,0.000882194145983534,
0.00117619343430523,0.00176419201094863,0.00235219058759202),
 .UNSPECIFIED.);
#18=B_SPLINE_CURVE_WITH_KNOTS('',3,(#3717,#3718,#3719,#3720,#3721),
 .UNSPECIFIED.,.F.,.F.,(4,1,4),(1.9579779946325E-7,0.000523509332420283,
0.0010468228670411),.UNSPECIFIED.);
#19=B_SPLINE_CURVE_WITH_KNOTS('',3,(#3722,#3723,#3724,#3725,#3726),
 .UNSPECIFIED.,.F.,.F.,(4,1,4),(1.95792951557211E-7,0.000523509329996374,
0.00104682286704119),.UNSPECIFIED.);
#20=B_SPLINE_CURVE_WITH_KNOTS('',3,(#3728,#3729,#3730,#3731,#3732),
 .UNSPECIFIED.,.F.,.F.,(4,1,4),(1.9579780199319E-7,0.000523509332421592,
0.00104682286704119),.UNSPECIFIED.);
#21=B_SPLINE_CURVE_WITH_KNOTS('',3,(#3734,#3735,#3736,#3737,#3738),
 .UNSPECIFIED.,.F.,.F.,(4,1,4),(1.95797799464948E-7,0.000523509332420287,
0.00104682286704111),.UNSPECIFIED.);
#22=B_SPLINE_CURVE_WITH_KNOTS('',3,(#3742,#3743,#3744,#3745,#3746),
 .UNSPECIFIED.,.F.,.F.,(4,1,4),(1.95797802003582E-7,0.000523509332421603,
0.0010468228670412),.UNSPECIFIED.);
#23=B_SPLINE_CURVE_WITH_KNOTS('',3,(#3747,#3748,#3749,#3750,#3751),
 .UNSPECIFIED.,.F.,.F.,(4,1,4),(1.95797799464948E-7,0.000523509332420289,
0.00104682286704111),.UNSPECIFIED.);
#24=B_SPLINE_CURVE_WITH_KNOTS('',3,(#3753,#3754,#3755,#3756,#3757),
 .UNSPECIFIED.,.F.,.F.,(4,1,4),(1.96711203913944E-7,0.000444252090681893,
0.000888307470159872),.UNSPECIFIED.);
#25=B_SPLINE_CURVE_WITH_KNOTS('',3,(#3758,#3759,#3760,#3761,#3762),
 .UNSPECIFIED.,.F.,.F.,(4,1,4),(1.96711203913944E-7,0.000444252090681895,
0.000888307470159877),.UNSPECIFIED.);
#26=B_SPLINE_CURVE_WITH_KNOTS('',3,(#3764,#3765,#3766,#3767,#3768),
 .UNSPECIFIED.,.F.,.F.,(4,1,4),(1.96711203899373E-7,0.000444252090681869,
0.000888307470159839),.UNSPECIFIED.);
#27=B_SPLINE_CURVE_WITH_KNOTS('',3,(#3770,#3771,#3772,#3773,#3774),
 .UNSPECIFIED.,.F.,.F.,(4,1,4),(1.96711203913944E-7,0.000444252090681894,
0.000888307470159873),.UNSPECIFIED.);
#28=B_SPLINE_CURVE_WITH_KNOTS('',3,(#3778,#3779,#3780,#3781,#3782),
 .UNSPECIFIED.,.F.,.F.,(4,1,4),(1.96711203900226E-7,0.000444252090681871,
0.000888307470159841),.UNSPECIFIED.);
#29=B_SPLINE_CURVE_WITH_KNOTS('',3,(#3783,#3784,#3785,#3786,#3787),
 .UNSPECIFIED.,.F.,.F.,(4,1,4),(1.96711203913517E-7,0.00044425209068189,
0.000888307470159867),.UNSPECIFIED.);
#30=B_SPLINE_CURVE_WITH_KNOTS('',3,(#3789,#3790,#3791,#3792),
 .UNSPECIFIED.,.F.,.F.,(4,4),(1.96998668303931E-7,0.000821534429494536),
 .UNSPECIFIED.);
#31=B_SPLINE_CURVE_WITH_KNOTS('',3,(#3794,#3795,#3796,#3797),
 .UNSPECIFIED.,.F.,.F.,(4,4),(1.96998668303931E-7,0.000821534429494536),
 .UNSPECIFIED.);
#32=B_SPLINE_CURVE_WITH_KNOTS('',3,(#3801,#3802,#3803,#3804),
 .UNSPECIFIED.,.F.,.F.,(4,4),(1.96998668303931E-7,0.000821534429494538),
 .UNSPECIFIED.);
#33=B_SPLINE_CURVE_WITH_KNOTS('',3,(#3808,#3809,#3810,#3811),
 .UNSPECIFIED.,.F.,.F.,(4,4),(1.96998668303931E-7,0.000821534429494536),
 .UNSPECIFIED.);
#34=B_SPLINE_CURVE_WITH_KNOTS('',3,(#3813,#3814,#3815,#3816),
 .UNSPECIFIED.,.F.,.F.,(4,4),(1.96998668303931E-7,0.000821534429494537),
 .UNSPECIFIED.);
#35=B_SPLINE_CURVE_WITH_KNOTS('',3,(#3818,#3819,#3820,#3821),
 .UNSPECIFIED.,.F.,.F.,(4,4),(1.96998668303931E-7,0.000821534429494538),
 .UNSPECIFIED.);
#36=B_SPLINE_CURVE_WITH_KNOTS('',3,(#3825,#3826,#3827,#3828),
 .UNSPECIFIED.,.F.,.F.,(4,4),(1.96998668303931E-7,0.000821534429494539),
 .UNSPECIFIED.);
#37=B_SPLINE_CURVE_WITH_KNOTS('',3,(#3833,#3834,#3835,#3836),
 .UNSPECIFIED.,.F.,.F.,(4,4),(1.96998668303931E-7,0.000821534429494536),
 .UNSPECIFIED.);
#38=B_SPLINE_CURVE_WITH_KNOTS('',3,(#3887,#3888,#3889,#3890,#3891,#3892,
#3893,#3894,#3895,#3896),.UNSPECIFIED.,.F.,.F.,(4,1,1,1,1,1,1,4),(1.96281019574124E-7,
0.000147195925180358,0.000294195569341143,0.000588194857662711,0.000882194145984279,
0.00117619343430585,0.00176419201094898,0.00235219058759212),
 .UNSPECIFIED.);
#39=B_SPLINE_CURVE_WITH_KNOTS('',3,(#3897,#3898,#3899,#3900,#3901,#3902,
#3903,#3904,#3905,#3906),.UNSPECIFIED.,.F.,.F.,(4,1,1,1,1,1,1,4),(1.96243980884818E-7,
0.000147195890456587,0.000294195536932289,0.000588194829883694,0.000882194122835098,
0.0011761934157865,0.00176419200168931,0.00235219058759212),
 .UNSPECIFIED.);
#40=B_SPLINE_CURVE_WITH_KNOTS('',3,(#3908,#3909,#3910,#3911,#3912),
 .UNSPECIFIED.,.F.,.F.,(4,1,4),(1.9579780199319E-7,0.00052350933242159,
0.00104682286704119),.UNSPECIFIED.);
#41=B_SPLINE_CURVE_WITH_KNOTS('',3,(#3913,#3914,#3915,#3916,#3917),
 .UNSPECIFIED.,.F.,.F.,(4,1,4),(1.95792951557211E-7,0.000523509329996374,
0.00104682286704119),.UNSPECIFIED.);
#42=B_SPLINE_CURVE_WITH_KNOTS('',3,(#3919,#3920,#3921,#3922,#3923),
 .UNSPECIFIED.,.F.,.F.,(4,1,4),(1.96711203913517E-7,0.000444252090681889,
0.000888307470159865),.UNSPECIFIED.);
#43=B_SPLINE_CURVE_WITH_KNOTS('',3,(#3924,#3925,#3926,#3927,#3928),
 .UNSPECIFIED.,.F.,.F.,(4,1,4),(1.96711203899373E-7,0.000444252090681869,
0.000888307470159839),.UNSPECIFIED.);
#44=TOROIDAL_SURFACE('',#2504,0.027,0.0005);
#45=TOROIDAL_SURFACE('',#2505,0.027,0.0005);
#46=TOROIDAL_SURFACE('',#2507,0.027,0.0005);
#47=TOROIDAL_SURFACE('',#2508,0.0255,0.0005);
#48=TOROIDAL_SURFACE('',#2509,0.0255,0.0005);
#49=TOROIDAL_SURFACE('',#2511,0.0255,0.0005);
#50=TOROIDAL_SURFACE('',#2512,0.024,0.0005);
#51=TOROIDAL_SURFACE('',#2513,0.024,0.0005);
#52=TOROIDAL_SURFACE('',#2515,0.024,0.0005);
#53=TOROIDAL_SURFACE('',#2516,0.0225,0.0005);
#54=TOROIDAL_SURFACE('',#2518,0.0225,0.0005);
#55=TOROIDAL_SURFACE('',#2520,0.0225,0.0005);
#56=TOROIDAL_SURFACE('',#2522,0.0225,0.0005);
#57=TOROIDAL_SURFACE('',#2554,0.027,0.0005);
#58=TOROIDAL_SURFACE('',#2555,0.0255,0.0005);
#59=TOROIDAL_SURFACE('',#2556,0.024,0.0005);
#60=TOROIDAL_SURFACE('',#2572,0.0285,0.0005);
#61=TOROIDAL_SURFACE('',#2573,0.021,0.0005);
#62=PLANE('',#2438);
#63=PLANE('',#2442);
#64=PLANE('',#2447);
#65=PLANE('',#2460);
#66=PLANE('',#2464);
#67=PLANE('',#2469);
#68=PLANE('',#2482);
#69=PLANE('',#2487);
#70=PLANE('',#2491);
#71=PLANE('',#2525);
#72=PLANE('',#2532);
#73=PLANE('',#2537);
#74=PLANE('',#2542);
#75=PLANE('',#2548);
#76=PLANE('',#2560);
#77=PLANE('',#2564);
#78=PLANE('',#2571);
#79=PLANE('',#2584);
#80=PLANE('',#2595);
#81=PLANE('',#2596);
#82=PLANE('',#2597);
#83=PLANE('',#2598);
#84=PLANE('',#2599);
#85=PLANE('',#2600);
#86=PLANE('',#2601);
#87=PLANE('',#2602);
#88=PLANE('',#2603);
#89=PLANE('',#2604);
#90=PLANE('',#2605);
#91=PLANE('',#2606);
#92=PLANE('',#2607);
#93=PLANE('',#2608);
#94=PLANE('',#2609);
#95=PLANE('',#2610);
#96=PLANE('',#2611);
#97=PLANE('',#2614);
#98=PLANE('',#2615);
#99=PLANE('',#2618);
#100=PLANE('',#2619);
#101=PLANE('',#2622);
#102=PLANE('',#2623);
#103=PLANE('',#2626);
#104=PLANE('',#2627);
#105=PLANE('',#2630);
#106=PLANE('',#2631);
#107=PLANE('',#2634);
#108=PLANE('',#2635);
#109=PLANE('',#2638);
#110=PLANE('',#2639);
#111=PLANE('',#2642);
#112=PLANE('',#2643);
#113=PLANE('',#2648);
#114=PLANE('',#2651);
#115=PLANE('',#2652);
#116=PLANE('',#2655);
#117=PLANE('',#2656);
#118=PLANE('',#2659);
#119=PLANE('',#2660);
#120=PLANE('',#2663);
#121=PLANE('',#2664);
#122=PLANE('',#2667);
#123=PLANE('',#2668);
#124=PLANE('',#2671);
#125=PLANE('',#2672);
#126=PLANE('',#2675);
#127=PLANE('',#2676);
#128=PLANE('',#2679);
#129=PLANE('',#2680);
#130=PLANE('',#2695);
#131=PLANE('',#2706);
#132=PLANE('',#2707);
#133=PLANE('',#2708);
#134=PLANE('',#2709);
#135=PLANE('',#2710);
#136=PLANE('',#2711);
#137=PLANE('',#2712);
#138=PLANE('',#2713);
#139=PLANE('',#2714);
#140=PLANE('',#2715);
#141=PLANE('',#2716);
#142=PLANE('',#2717);
#143=PLANE('',#2718);
#144=PLANE('',#2719);
#145=PLANE('',#2720);
#146=PLANE('',#2721);
#147=LINE('',#3483,#315);
#148=LINE('',#3487,#316);
#149=LINE('',#3492,#317);
#150=LINE('',#3496,#318);
#151=LINE('',#3501,#319);
#152=LINE('',#3505,#320);
#153=LINE('',#3531,#321);
#154=LINE('',#3535,#322);
#155=LINE('',#3540,#323);
#156=LINE('',#3544,#324);
#157=LINE('',#3549,#325);
#158=LINE('',#3553,#326);
#159=LINE('',#3576,#327);
#160=LINE('',#3581,#328);
#161=LINE('',#3588,#329);
#162=LINE('',#3592,#330);
#163=LINE('',#3597,#331);
#164=LINE('',#3601,#332);
#165=LINE('',#3624,#333);
#166=LINE('',#3629,#334);
#167=LINE('',#3636,#335);
#168=LINE('',#3640,#336);
#169=LINE('',#3645,#337);
#170=LINE('',#3649,#338);
#171=LINE('',#3847,#339);
#172=LINE('',#3848,#340);
#173=LINE('',#3856,#341);
#174=LINE('',#3857,#342);
#175=LINE('',#3865,#343);
#176=LINE('',#3866,#344);
#177=LINE('',#3874,#345);
#178=LINE('',#3878,#346);
#179=LINE('',#3955,#347);
#180=LINE('',#3957,#348);
#181=LINE('',#3961,#349);
#182=LINE('',#3965,#350);
#183=LINE('',#3969,#351);
#184=LINE('',#3973,#352);
#185=LINE('',#3977,#353);
#186=LINE('',#3981,#354);
#187=LINE('',#3985,#355);
#188=LINE('',#3989,#356);
#189=LINE('',#3993,#357);
#190=LINE('',#3995,#358);
#191=LINE('',#3997,#359);
#192=LINE('',#4001,#360);
#193=LINE('',#4005,#361);
#194=LINE('',#4009,#362);
#195=LINE('',#4013,#363);
#196=LINE('',#4018,#364);
#197=LINE('',#4022,#365);
#198=LINE('',#4026,#366);
#199=LINE('',#4030,#367);
#200=LINE('',#4032,#368);
#201=LINE('',#4033,#369);
#202=LINE('',#4036,#370);
#203=LINE('',#4037,#371);
#204=LINE('',#4040,#372);
#205=LINE('',#4041,#373);
#206=LINE('',#4045,#374);
#207=LINE('',#4047,#375);
#208=LINE('',#4048,#376);
#209=LINE('',#4051,#377);
#210=LINE('',#4052,#378);
#211=LINE('',#4055,#379);
#212=LINE('',#4056,#380);
#213=LINE('',#4065,#381);
#214=LINE('',#4067,#382);
#215=LINE('',#4069,#383);
#216=LINE('',#4071,#384);
#217=LINE('',#4073,#385);
#218=LINE('',#4079,#386);
#219=LINE('',#4081,#387);
#220=LINE('',#4083,#388);
#221=LINE('',#4085,#389);
#222=LINE('',#4091,#390);
#223=LINE('',#4093,#391);
#224=LINE('',#4095,#392);
#225=LINE('',#4099,#393);
#226=LINE('',#4103,#394);
#227=LINE('',#4105,#395);
#228=LINE('',#4107,#396);
#229=LINE('',#4113,#397);
#230=LINE('',#4115,#398);
#231=LINE('',#4117,#399);
#232=LINE('',#4119,#400);
#233=LINE('',#4123,#401);
#234=LINE('',#4127,#402);
#235=LINE('',#4129,#403);
#236=LINE('',#4131,#404);
#237=LINE('',#4135,#405);
#238=LINE('',#4139,#406);
#239=LINE('',#4141,#407);
#240=LINE('',#4143,#408);
#241=LINE('',#4147,#409);
#242=LINE('',#4151,#410);
#243=LINE('',#4154,#411);
#244=LINE('',#4155,#412);
#245=LINE('',#4161,#413);
#246=LINE('',#4162,#414);
#247=LINE('',#4170,#415);
#248=LINE('',#4172,#416);
#249=LINE('',#4174,#417);
#250=LINE('',#4176,#418);
#251=LINE('',#4178,#419);
#252=LINE('',#4184,#420);
#253=LINE('',#4186,#421);
#254=LINE('',#4188,#422);
#255=LINE('',#4190,#423);
#256=LINE('',#4196,#424);
#257=LINE('',#4198,#425);
#258=LINE('',#4200,#426);
#259=LINE('',#4204,#427);
#260=LINE('',#4208,#428);
#261=LINE('',#4210,#429);
#262=LINE('',#4212,#430);
#263=LINE('',#4218,#431);
#264=LINE('',#4220,#432);
#265=LINE('',#4222,#433);
#266=LINE('',#4224,#434);
#267=LINE('',#4228,#435);
#268=LINE('',#4232,#436);
#269=LINE('',#4234,#437);
#270=LINE('',#4236,#438);
#271=LINE('',#4240,#439);
#272=LINE('',#4244,#440);
#273=LINE('',#4246,#441);
#274=LINE('',#4248,#442);
#275=LINE('',#4252,#443);
#276=LINE('',#4256,#444);
#277=LINE('',#4259,#445);
#278=LINE('',#4260,#446);
#279=LINE('',#4266,#447);
#280=LINE('',#4267,#448);
#281=LINE('',#4270,#449);
#282=LINE('',#4272,#450);
#283=LINE('',#4276,#451);
#284=LINE('',#4280,#452);
#285=LINE('',#4284,#453);
#286=LINE('',#4288,#454);
#287=LINE('',#4292,#455);
#288=LINE('',#4296,#456);
#289=LINE('',#4300,#457);
#290=LINE('',#4304,#458);
#291=LINE('',#4308,#459);
#292=LINE('',#4310,#460);
#293=LINE('',#4312,#461);
#294=LINE('',#4316,#462);
#295=LINE('',#4320,#463);
#296=LINE('',#4324,#464);
#297=LINE('',#4328,#465);
#298=LINE('',#4333,#466);
#299=LINE('',#4337,#467);
#300=LINE('',#4341,#468);
#301=LINE('',#4345,#469);
#302=LINE('',#4347,#470);
#303=LINE('',#4348,#471);
#304=LINE('',#4351,#472);
#305=LINE('',#4352,#473);
#306=LINE('',#4355,#474);
#307=LINE('',#4356,#475);
#308=LINE('',#4360,#476);
#309=LINE('',#4362,#477);
#310=LINE('',#4363,#478);
#311=LINE('',#4366,#479);
#312=LINE('',#4367,#480);
#313=LINE('',#4370,#481);
#314=LINE('',#4371,#482);
#315=VECTOR('',#2728,1.);
#316=VECTOR('',#2731,1.);
#317=VECTOR('',#2736,1.);
#318=VECTOR('',#2739,1.);
#319=VECTOR('',#2744,1.);
#320=VECTOR('',#2747,1.);
#321=VECTOR('',#2778,1.);
#322=VECTOR('',#2781,1.);
#323=VECTOR('',#2786,1.);
#324=VECTOR('',#2789,1.);
#325=VECTOR('',#2794,1.);
#326=VECTOR('',#2797,1.);
#327=VECTOR('',#2826,1.);
#328=VECTOR('',#2829,1.);
#329=VECTOR('',#2836,1.);
#330=VECTOR('',#2839,1.);
#331=VECTOR('',#2844,1.);
#332=VECTOR('',#2847,1.);
#333=VECTOR('',#2876,1.);
#334=VECTOR('',#2879,1.);
#335=VECTOR('',#2886,1.);
#336=VECTOR('',#2889,1.);
#337=VECTOR('',#2894,1.);
#338=VECTOR('',#2897,1.);
#339=VECTOR('',#2954,1.);
#340=VECTOR('',#2955,1.);
#341=VECTOR('',#2966,1.);
#342=VECTOR('',#2967,1.);
#343=VECTOR('',#2978,1.);
#344=VECTOR('',#2979,1.);
#345=VECTOR('',#2990,1.);
#346=VECTOR('',#2993,1.);
#347=VECTOR('',#3048,1.);
#348=VECTOR('',#3049,1.);
#349=VECTOR('',#3052,1.);
#350=VECTOR('',#3055,1.);
#351=VECTOR('',#3058,1.);
#352=VECTOR('',#3061,1.);
#353=VECTOR('',#3064,1.);
#354=VECTOR('',#3067,1.);
#355=VECTOR('',#3070,1.);
#356=VECTOR('',#3073,1.);
#357=VECTOR('',#3078,1.);
#358=VECTOR('',#3079,1.);
#359=VECTOR('',#3080,1.);
#360=VECTOR('',#3085,1.);
#361=VECTOR('',#3088,1.);
#362=VECTOR('',#3091,1.);
#363=VECTOR('',#3094,1.);
#364=VECTOR('',#3099,1.);
#365=VECTOR('',#3102,1.);
#366=VECTOR('',#3105,1.);
#367=VECTOR('',#3110,1.);
#368=VECTOR('',#3113,1.);
#369=VECTOR('',#3114,1.);
#370=VECTOR('',#3119,1.);
#371=VECTOR('',#3120,1.);
#372=VECTOR('',#3125,1.);
#373=VECTOR('',#3126,1.);
#374=VECTOR('',#3133,1.);
#375=VECTOR('',#3136,1.);
#376=VECTOR('',#3137,1.);
#377=VECTOR('',#3142,1.);
#378=VECTOR('',#3143,1.);
#379=VECTOR('',#3148,1.);
#380=VECTOR('',#3149,1.);
#381=VECTOR('',#3160,1.);
#382=VECTOR('',#3163,1.);
#383=VECTOR('',#3164,1.);
#384=VECTOR('',#3165,1.);
#385=VECTOR('',#3168,1.);
#386=VECTOR('',#3175,1.);
#387=VECTOR('',#3176,1.);
#388=VECTOR('',#3177,1.);
#389=VECTOR('',#3180,1.);
#390=VECTOR('',#3187,1.);
#391=VECTOR('',#3188,1.);
#392=VECTOR('',#3189,1.);
#393=VECTOR('',#3194,1.);
#394=VECTOR('',#3199,1.);
#395=VECTOR('',#3200,1.);
#396=VECTOR('',#3201,1.);
#397=VECTOR('',#3208,1.);
#398=VECTOR('',#3211,1.);
#399=VECTOR('',#3212,1.);
#400=VECTOR('',#3213,1.);
#401=VECTOR('',#3218,1.);
#402=VECTOR('',#3223,1.);
#403=VECTOR('',#3224,1.);
#404=VECTOR('',#3225,1.);
#405=VECTOR('',#3230,1.);
#406=VECTOR('',#3235,1.);
#407=VECTOR('',#3236,1.);
#408=VECTOR('',#3237,1.);
#409=VECTOR('',#3242,1.);
#410=VECTOR('',#3247,1.);
#411=VECTOR('',#3248,1.);
#412=VECTOR('',#3249,1.);
#413=VECTOR('',#3258,1.);
#414=VECTOR('',#3259,1.);
#415=VECTOR('',#3268,1.);
#416=VECTOR('',#3271,1.);
#417=VECTOR('',#3272,1.);
#418=VECTOR('',#3273,1.);
#419=VECTOR('',#3276,1.);
#420=VECTOR('',#3283,1.);
#421=VECTOR('',#3284,1.);
#422=VECTOR('',#3285,1.);
#423=VECTOR('',#3288,1.);
#424=VECTOR('',#3295,1.);
#425=VECTOR('',#3296,1.);
#426=VECTOR('',#3297,1.);
#427=VECTOR('',#3302,1.);
#428=VECTOR('',#3307,1.);
#429=VECTOR('',#3308,1.);
#430=VECTOR('',#3309,1.);
#431=VECTOR('',#3316,1.);
#432=VECTOR('',#3319,1.);
#433=VECTOR('',#3320,1.);
#434=VECTOR('',#3321,1.);
#435=VECTOR('',#3326,1.);
#436=VECTOR('',#3331,1.);
#437=VECTOR('',#3332,1.);
#438=VECTOR('',#3333,1.);
#439=VECTOR('',#3338,1.);
#440=VECTOR('',#3343,1.);
#441=VECTOR('',#3344,1.);
#442=VECTOR('',#3345,1.);
#443=VECTOR('',#3350,1.);
#444=VECTOR('',#3355,1.);
#445=VECTOR('',#3356,1.);
#446=VECTOR('',#3357,1.);
#447=VECTOR('',#3366,1.);
#448=VECTOR('',#3367,1.);
#449=VECTOR('',#3372,1.);
#450=VECTOR('',#3373,1.);
#451=VECTOR('',#3376,1.);
#452=VECTOR('',#3379,1.);
#453=VECTOR('',#3382,1.);
#454=VECTOR('',#3385,1.);
#455=VECTOR('',#3388,1.);
#456=VECTOR('',#3391,1.);
#457=VECTOR('',#3394,1.);
#458=VECTOR('',#3397,1.);
#459=VECTOR('',#3402,1.);
#460=VECTOR('',#3403,1.);
#461=VECTOR('',#3404,1.);
#462=VECTOR('',#3409,1.);
#463=VECTOR('',#3412,1.);
#464=VECTOR('',#3415,1.);
#465=VECTOR('',#3418,1.);
#466=VECTOR('',#3423,1.);
#467=VECTOR('',#3426,1.);
#468=VECTOR('',#3429,1.);
#469=VECTOR('',#3434,1.);
#470=VECTOR('',#3437,1.);
#471=VECTOR('',#3438,1.);
#472=VECTOR('',#3443,1.);
#473=VECTOR('',#3444,1.);
#474=VECTOR('',#3449,1.);
#475=VECTOR('',#3450,1.);
#476=VECTOR('',#3457,1.);
#477=VECTOR('',#3460,1.);
#478=VECTOR('',#3461,1.);
#479=VECTOR('',#3466,1.);
#480=VECTOR('',#3467,1.);
#481=VECTOR('',#3472,1.);
#482=VECTOR('',#3473,1.);
#483=ORIENTED_EDGE('',*,*,#1207,.T.);
#484=ORIENTED_EDGE('',*,*,#1208,.T.);
#485=ORIENTED_EDGE('',*,*,#1209,.T.);
#486=ORIENTED_EDGE('',*,*,#1210,.F.);
#487=ORIENTED_EDGE('',*,*,#1211,.T.);
#488=ORIENTED_EDGE('',*,*,#1212,.T.);
#489=ORIENTED_EDGE('',*,*,#1213,.T.);
#490=ORIENTED_EDGE('',*,*,#1214,.F.);
#491=ORIENTED_EDGE('',*,*,#1215,.T.);
#492=ORIENTED_EDGE('',*,*,#1216,.F.);
#493=ORIENTED_EDGE('',*,*,#1217,.T.);
#494=ORIENTED_EDGE('',*,*,#1218,.T.);
#495=ORIENTED_EDGE('',*,*,#1209,.F.);
#496=ORIENTED_EDGE('',*,*,#1219,.T.);
#497=ORIENTED_EDGE('',*,*,#1220,.T.);
#498=ORIENTED_EDGE('',*,*,#1221,.F.);
#499=ORIENTED_EDGE('',*,*,#1222,.T.);
#500=ORIENTED_EDGE('',*,*,#1223,.F.);
#501=ORIENTED_EDGE('',*,*,#1224,.F.);
#502=ORIENTED_EDGE('',*,*,#1225,.T.);
#503=ORIENTED_EDGE('',*,*,#1226,.T.);
#504=ORIENTED_EDGE('',*,*,#1227,.F.);
#505=ORIENTED_EDGE('',*,*,#1215,.F.);
#506=ORIENTED_EDGE('',*,*,#1228,.T.);
#507=ORIENTED_EDGE('',*,*,#1229,.T.);
#508=ORIENTED_EDGE('',*,*,#1230,.T.);
#509=ORIENTED_EDGE('',*,*,#1231,.T.);
#510=ORIENTED_EDGE('',*,*,#1232,.F.);
#511=ORIENTED_EDGE('',*,*,#1233,.T.);
#512=ORIENTED_EDGE('',*,*,#1234,.T.);
#513=ORIENTED_EDGE('',*,*,#1235,.T.);
#514=ORIENTED_EDGE('',*,*,#1236,.F.);
#515=ORIENTED_EDGE('',*,*,#1237,.T.);
#516=ORIENTED_EDGE('',*,*,#1238,.F.);
#517=ORIENTED_EDGE('',*,*,#1239,.T.);
#518=ORIENTED_EDGE('',*,*,#1240,.T.);
#519=ORIENTED_EDGE('',*,*,#1231,.F.);
#520=ORIENTED_EDGE('',*,*,#1241,.T.);
#521=ORIENTED_EDGE('',*,*,#1242,.T.);
#522=ORIENTED_EDGE('',*,*,#1243,.F.);
#523=ORIENTED_EDGE('',*,*,#1244,.T.);
#524=ORIENTED_EDGE('',*,*,#1245,.F.);
#525=ORIENTED_EDGE('',*,*,#1246,.F.);
#526=ORIENTED_EDGE('',*,*,#1247,.T.);
#527=ORIENTED_EDGE('',*,*,#1248,.T.);
#528=ORIENTED_EDGE('',*,*,#1249,.F.);
#529=ORIENTED_EDGE('',*,*,#1237,.F.);
#530=ORIENTED_EDGE('',*,*,#1250,.T.);
#531=ORIENTED_EDGE('',*,*,#1251,.F.);
#532=ORIENTED_EDGE('',*,*,#1252,.T.);
#533=ORIENTED_EDGE('',*,*,#1253,.T.);
#534=ORIENTED_EDGE('',*,*,#1254,.T.);
#535=ORIENTED_EDGE('',*,*,#1255,.T.);
#536=ORIENTED_EDGE('',*,*,#1256,.T.);
#537=ORIENTED_EDGE('',*,*,#1257,.T.);
#538=ORIENTED_EDGE('',*,*,#1258,.F.);
#539=ORIENTED_EDGE('',*,*,#1259,.T.);
#540=ORIENTED_EDGE('',*,*,#1260,.T.);
#541=ORIENTED_EDGE('',*,*,#1261,.T.);
#542=ORIENTED_EDGE('',*,*,#1262,.F.);
#543=ORIENTED_EDGE('',*,*,#1263,.F.);
#544=ORIENTED_EDGE('',*,*,#1264,.T.);
#545=ORIENTED_EDGE('',*,*,#1265,.T.);
#546=ORIENTED_EDGE('',*,*,#1266,.F.);
#547=ORIENTED_EDGE('',*,*,#1267,.T.);
#548=ORIENTED_EDGE('',*,*,#1268,.F.);
#549=ORIENTED_EDGE('',*,*,#1254,.F.);
#550=ORIENTED_EDGE('',*,*,#1269,.T.);
#551=ORIENTED_EDGE('',*,*,#1270,.T.);
#552=ORIENTED_EDGE('',*,*,#1271,.F.);
#553=ORIENTED_EDGE('',*,*,#1261,.F.);
#554=ORIENTED_EDGE('',*,*,#1272,.T.);
#555=ORIENTED_EDGE('',*,*,#1273,.F.);
#556=ORIENTED_EDGE('',*,*,#1274,.T.);
#557=ORIENTED_EDGE('',*,*,#1275,.T.);
#558=ORIENTED_EDGE('',*,*,#1276,.T.);
#559=ORIENTED_EDGE('',*,*,#1277,.T.);
#560=ORIENTED_EDGE('',*,*,#1278,.T.);
#561=ORIENTED_EDGE('',*,*,#1279,.T.);
#562=ORIENTED_EDGE('',*,*,#1280,.F.);
#563=ORIENTED_EDGE('',*,*,#1281,.T.);
#564=ORIENTED_EDGE('',*,*,#1282,.T.);
#565=ORIENTED_EDGE('',*,*,#1283,.T.);
#566=ORIENTED_EDGE('',*,*,#1284,.F.);
#567=ORIENTED_EDGE('',*,*,#1274,.F.);
#568=ORIENTED_EDGE('',*,*,#1285,.T.);
#569=ORIENTED_EDGE('',*,*,#1267,.F.);
#570=ORIENTED_EDGE('',*,*,#1286,.F.);
#571=ORIENTED_EDGE('',*,*,#1287,.F.);
#572=ORIENTED_EDGE('',*,*,#1277,.F.);
#573=ORIENTED_EDGE('',*,*,#1288,.T.);
#574=ORIENTED_EDGE('',*,*,#1289,.F.);
#575=ORIENTED_EDGE('',*,*,#1290,.F.);
#576=ORIENTED_EDGE('',*,*,#1281,.F.);
#577=ORIENTED_EDGE('',*,*,#1291,.T.);
#578=ORIENTED_EDGE('',*,*,#1270,.F.);
#579=ORIENTED_EDGE('',*,*,#1252,.F.);
#580=ORIENTED_EDGE('',*,*,#1292,.T.);
#581=ORIENTED_EDGE('',*,*,#1244,.F.);
#582=ORIENTED_EDGE('',*,*,#1293,.F.);
#583=ORIENTED_EDGE('',*,*,#1294,.F.);
#584=ORIENTED_EDGE('',*,*,#1255,.F.);
#585=ORIENTED_EDGE('',*,*,#1295,.T.);
#586=ORIENTED_EDGE('',*,*,#1296,.F.);
#587=ORIENTED_EDGE('',*,*,#1297,.F.);
#588=ORIENTED_EDGE('',*,*,#1259,.F.);
#589=ORIENTED_EDGE('',*,*,#1298,.T.);
#590=ORIENTED_EDGE('',*,*,#1248,.F.);
#591=ORIENTED_EDGE('',*,*,#1299,.F.);
#592=ORIENTED_EDGE('',*,*,#1229,.F.);
#593=ORIENTED_EDGE('',*,*,#1300,.T.);
#594=ORIENTED_EDGE('',*,*,#1220,.F.);
#595=ORIENTED_EDGE('',*,*,#1301,.T.);
#596=ORIENTED_EDGE('',*,*,#1222,.F.);
#597=ORIENTED_EDGE('',*,*,#1302,.F.);
#598=ORIENTED_EDGE('',*,*,#1303,.F.);
#599=ORIENTED_EDGE('',*,*,#1304,.T.);
#600=ORIENTED_EDGE('',*,*,#1226,.F.);
#601=ORIENTED_EDGE('',*,*,#1305,.F.);
#602=ORIENTED_EDGE('',*,*,#1239,.F.);
#603=ORIENTED_EDGE('',*,*,#1306,.F.);
#604=ORIENTED_EDGE('',*,*,#1207,.F.);
#605=ORIENTED_EDGE('',*,*,#1307,.T.);
#606=ORIENTED_EDGE('',*,*,#1308,.F.);
#607=ORIENTED_EDGE('',*,*,#1309,.T.);
#608=ORIENTED_EDGE('',*,*,#1310,.F.);
#609=ORIENTED_EDGE('',*,*,#1311,.F.);
#610=ORIENTED_EDGE('',*,*,#1217,.F.);
#611=ORIENTED_EDGE('',*,*,#1312,.F.);
#612=ORIENTED_EDGE('',*,*,#1211,.F.);
#613=ORIENTED_EDGE('',*,*,#1313,.T.);
#614=ORIENTED_EDGE('',*,*,#1314,.F.);
#615=ORIENTED_EDGE('',*,*,#1315,.T.);
#616=ORIENTED_EDGE('',*,*,#1316,.F.);
#617=ORIENTED_EDGE('',*,*,#1317,.F.);
#618=ORIENTED_EDGE('',*,*,#1318,.F.);
#619=ORIENTED_EDGE('',*,*,#1319,.F.);
#620=ORIENTED_EDGE('',*,*,#1316,.T.);
#621=ORIENTED_EDGE('',*,*,#1320,.T.);
#622=ORIENTED_EDGE('',*,*,#1314,.T.);
#623=ORIENTED_EDGE('',*,*,#1321,.T.);
#624=ORIENTED_EDGE('',*,*,#1310,.T.);
#625=ORIENTED_EDGE('',*,*,#1322,.T.);
#626=ORIENTED_EDGE('',*,*,#1308,.T.);
#627=ORIENTED_EDGE('',*,*,#1323,.T.);
#628=ORIENTED_EDGE('',*,*,#1224,.T.);
#629=ORIENTED_EDGE('',*,*,#1324,.F.);
#630=ORIENTED_EDGE('',*,*,#1318,.T.);
#631=ORIENTED_EDGE('',*,*,#1325,.T.);
#632=ORIENTED_EDGE('',*,*,#1213,.F.);
#633=ORIENTED_EDGE('',*,*,#1326,.T.);
#634=ORIENTED_EDGE('',*,*,#1327,.T.);
#635=ORIENTED_EDGE('',*,*,#1328,.F.);
#636=ORIENTED_EDGE('',*,*,#1246,.T.);
#637=ORIENTED_EDGE('',*,*,#1329,.F.);
#638=ORIENTED_EDGE('',*,*,#1303,.T.);
#639=ORIENTED_EDGE('',*,*,#1330,.T.);
#640=ORIENTED_EDGE('',*,*,#1235,.F.);
#641=ORIENTED_EDGE('',*,*,#1331,.T.);
#642=ORIENTED_EDGE('',*,*,#1296,.T.);
#643=ORIENTED_EDGE('',*,*,#1332,.F.);
#644=ORIENTED_EDGE('',*,*,#1333,.T.);
#645=ORIENTED_EDGE('',*,*,#1334,.T.);
#646=ORIENTED_EDGE('',*,*,#1263,.T.);
#647=ORIENTED_EDGE('',*,*,#1335,.F.);
#648=ORIENTED_EDGE('',*,*,#1257,.F.);
#649=ORIENTED_EDGE('',*,*,#1336,.T.);
#650=ORIENTED_EDGE('',*,*,#1289,.T.);
#651=ORIENTED_EDGE('',*,*,#1337,.F.);
#652=ORIENTED_EDGE('',*,*,#1338,.T.);
#653=ORIENTED_EDGE('',*,*,#1339,.T.);
#654=ORIENTED_EDGE('',*,*,#1340,.T.);
#655=ORIENTED_EDGE('',*,*,#1341,.F.);
#656=ORIENTED_EDGE('',*,*,#1342,.T.);
#657=ORIENTED_EDGE('',*,*,#1279,.F.);
#658=ORIENTED_EDGE('',*,*,#1343,.T.);
#659=ORIENTED_EDGE('',*,*,#1276,.F.);
#660=ORIENTED_EDGE('',*,*,#1344,.T.);
#661=ORIENTED_EDGE('',*,*,#1340,.F.);
#662=ORIENTED_EDGE('',*,*,#1345,.T.);
#663=ORIENTED_EDGE('',*,*,#1283,.F.);
#664=ORIENTED_EDGE('',*,*,#1346,.T.);
#665=ORIENTED_EDGE('',*,*,#1347,.F.);
#666=ORIENTED_EDGE('',*,*,#1338,.F.);
#667=ORIENTED_EDGE('',*,*,#1348,.T.);
#668=ORIENTED_EDGE('',*,*,#1265,.F.);
#669=ORIENTED_EDGE('',*,*,#1349,.F.);
#670=ORIENTED_EDGE('',*,*,#1333,.F.);
#671=ORIENTED_EDGE('',*,*,#1350,.T.);
#672=ORIENTED_EDGE('',*,*,#1242,.F.);
#673=ORIENTED_EDGE('',*,*,#1351,.F.);
#674=ORIENTED_EDGE('',*,*,#1233,.F.);
#675=ORIENTED_EDGE('',*,*,#1352,.T.);
#676=ORIENTED_EDGE('',*,*,#1327,.F.);
#677=ORIENTED_EDGE('',*,*,#1353,.F.);
#678=ORIENTED_EDGE('',*,*,#1354,.T.);
#679=ORIENTED_EDGE('',*,*,#1354,.F.);
#680=ORIENTED_EDGE('',*,*,#1355,.T.);
#681=ORIENTED_EDGE('',*,*,#1355,.F.);
#682=ORIENTED_EDGE('',*,*,#1356,.T.);
#683=ORIENTED_EDGE('',*,*,#1357,.T.);
#684=ORIENTED_EDGE('',*,*,#1356,.F.);
#685=ORIENTED_EDGE('',*,*,#1358,.T.);
#686=ORIENTED_EDGE('',*,*,#1319,.T.);
#687=ORIENTED_EDGE('',*,*,#1359,.T.);
#688=ORIENTED_EDGE('',*,*,#1360,.T.);
#689=ORIENTED_EDGE('',*,*,#1353,.T.);
#690=ORIENTED_EDGE('',*,*,#1360,.F.);
#691=ORIENTED_EDGE('',*,*,#1359,.F.);
#692=ORIENTED_EDGE('',*,*,#1342,.F.);
#693=ORIENTED_EDGE('',*,*,#1358,.F.);
#694=ORIENTED_EDGE('',*,*,#1357,.F.);
#695=ORIENTED_EDGE('',*,*,#1361,.T.);
#696=ORIENTED_EDGE('',*,*,#1307,.F.);
#697=ORIENTED_EDGE('',*,*,#1210,.T.);
#698=ORIENTED_EDGE('',*,*,#1221,.T.);
#699=ORIENTED_EDGE('',*,*,#1300,.F.);
#700=ORIENTED_EDGE('',*,*,#1232,.T.);
#701=ORIENTED_EDGE('',*,*,#1243,.T.);
#702=ORIENTED_EDGE('',*,*,#1350,.F.);
#703=ORIENTED_EDGE('',*,*,#1335,.T.);
#704=ORIENTED_EDGE('',*,*,#1266,.T.);
#705=ORIENTED_EDGE('',*,*,#1348,.F.);
#706=ORIENTED_EDGE('',*,*,#1341,.T.);
#707=ORIENTED_EDGE('',*,*,#1344,.F.);
#708=ORIENTED_EDGE('',*,*,#1275,.F.);
#709=ORIENTED_EDGE('',*,*,#1286,.T.);
#710=ORIENTED_EDGE('',*,*,#1269,.F.);
#711=ORIENTED_EDGE('',*,*,#1253,.F.);
#712=ORIENTED_EDGE('',*,*,#1293,.T.);
#713=ORIENTED_EDGE('',*,*,#1247,.F.);
#714=ORIENTED_EDGE('',*,*,#1330,.F.);
#715=ORIENTED_EDGE('',*,*,#1302,.T.);
#716=ORIENTED_EDGE('',*,*,#1225,.F.);
#717=ORIENTED_EDGE('',*,*,#1325,.F.);
#718=ORIENTED_EDGE('',*,*,#1317,.T.);
#719=ORIENTED_EDGE('',*,*,#1362,.F.);
#720=ORIENTED_EDGE('',*,*,#1363,.F.);
#721=ORIENTED_EDGE('',*,*,#1364,.F.);
#722=ORIENTED_EDGE('',*,*,#1365,.F.);
#723=ORIENTED_EDGE('',*,*,#1366,.F.);
#724=ORIENTED_EDGE('',*,*,#1367,.F.);
#725=ORIENTED_EDGE('',*,*,#1368,.F.);
#726=ORIENTED_EDGE('',*,*,#1369,.F.);
#727=ORIENTED_EDGE('',*,*,#1370,.F.);
#728=ORIENTED_EDGE('',*,*,#1371,.F.);
#729=ORIENTED_EDGE('',*,*,#1372,.T.);
#730=ORIENTED_EDGE('',*,*,#1373,.T.);
#731=ORIENTED_EDGE('',*,*,#1374,.T.);
#732=ORIENTED_EDGE('',*,*,#1375,.T.);
#733=ORIENTED_EDGE('',*,*,#1376,.T.);
#734=ORIENTED_EDGE('',*,*,#1377,.T.);
#735=ORIENTED_EDGE('',*,*,#1378,.T.);
#736=ORIENTED_EDGE('',*,*,#1379,.T.);
#737=ORIENTED_EDGE('',*,*,#1370,.T.);
#738=ORIENTED_EDGE('',*,*,#1380,.T.);
#739=ORIENTED_EDGE('',*,*,#1381,.F.);
#740=ORIENTED_EDGE('',*,*,#1382,.F.);
#741=ORIENTED_EDGE('',*,*,#1323,.F.);
#742=ORIENTED_EDGE('',*,*,#1361,.F.);
#743=ORIENTED_EDGE('',*,*,#1383,.F.);
#744=ORIENTED_EDGE('',*,*,#1384,.F.);
#745=ORIENTED_EDGE('',*,*,#1385,.F.);
#746=ORIENTED_EDGE('',*,*,#1386,.F.);
#747=ORIENTED_EDGE('',*,*,#1387,.F.);
#748=ORIENTED_EDGE('',*,*,#1388,.F.);
#749=ORIENTED_EDGE('',*,*,#1389,.F.);
#750=ORIENTED_EDGE('',*,*,#1390,.F.);
#751=ORIENTED_EDGE('',*,*,#1391,.T.);
#752=ORIENTED_EDGE('',*,*,#1381,.T.);
#753=ORIENTED_EDGE('',*,*,#1392,.T.);
#754=ORIENTED_EDGE('',*,*,#1393,.T.);
#755=ORIENTED_EDGE('',*,*,#1394,.T.);
#756=ORIENTED_EDGE('',*,*,#1395,.T.);
#757=ORIENTED_EDGE('',*,*,#1396,.T.);
#758=ORIENTED_EDGE('',*,*,#1397,.T.);
#759=ORIENTED_EDGE('',*,*,#1398,.T.);
#760=ORIENTED_EDGE('',*,*,#1362,.T.);
#761=ORIENTED_EDGE('',*,*,#1391,.F.);
#762=ORIENTED_EDGE('',*,*,#1399,.F.);
#763=ORIENTED_EDGE('',*,*,#1371,.T.);
#764=ORIENTED_EDGE('',*,*,#1382,.T.);
#765=ORIENTED_EDGE('',*,*,#1368,.T.);
#766=ORIENTED_EDGE('',*,*,#1400,.T.);
#767=ORIENTED_EDGE('',*,*,#1393,.F.);
#768=ORIENTED_EDGE('',*,*,#1401,.F.);
#769=ORIENTED_EDGE('',*,*,#1369,.T.);
#770=ORIENTED_EDGE('',*,*,#1401,.T.);
#771=ORIENTED_EDGE('',*,*,#1392,.F.);
#772=ORIENTED_EDGE('',*,*,#1380,.F.);
#773=ORIENTED_EDGE('',*,*,#1366,.T.);
#774=ORIENTED_EDGE('',*,*,#1402,.T.);
#775=ORIENTED_EDGE('',*,*,#1395,.F.);
#776=ORIENTED_EDGE('',*,*,#1403,.F.);
#777=ORIENTED_EDGE('',*,*,#1400,.F.);
#778=ORIENTED_EDGE('',*,*,#1367,.T.);
#779=ORIENTED_EDGE('',*,*,#1403,.T.);
#780=ORIENTED_EDGE('',*,*,#1394,.F.);
#781=ORIENTED_EDGE('',*,*,#1404,.F.);
#782=ORIENTED_EDGE('',*,*,#1397,.F.);
#783=ORIENTED_EDGE('',*,*,#1405,.T.);
#784=ORIENTED_EDGE('',*,*,#1364,.T.);
#785=ORIENTED_EDGE('',*,*,#1402,.F.);
#786=ORIENTED_EDGE('',*,*,#1365,.T.);
#787=ORIENTED_EDGE('',*,*,#1405,.F.);
#788=ORIENTED_EDGE('',*,*,#1396,.F.);
#789=ORIENTED_EDGE('',*,*,#1398,.F.);
#790=ORIENTED_EDGE('',*,*,#1404,.T.);
#791=ORIENTED_EDGE('',*,*,#1363,.T.);
#792=ORIENTED_EDGE('',*,*,#1406,.F.);
#793=ORIENTED_EDGE('',*,*,#1372,.F.);
#794=ORIENTED_EDGE('',*,*,#1399,.T.);
#795=ORIENTED_EDGE('',*,*,#1390,.T.);
#796=ORIENTED_EDGE('',*,*,#1407,.F.);
#797=ORIENTED_EDGE('',*,*,#1374,.F.);
#798=ORIENTED_EDGE('',*,*,#1408,.T.);
#799=ORIENTED_EDGE('',*,*,#1388,.T.);
#800=ORIENTED_EDGE('',*,*,#1373,.F.);
#801=ORIENTED_EDGE('',*,*,#1406,.T.);
#802=ORIENTED_EDGE('',*,*,#1389,.T.);
#803=ORIENTED_EDGE('',*,*,#1408,.F.);
#804=ORIENTED_EDGE('',*,*,#1409,.F.);
#805=ORIENTED_EDGE('',*,*,#1376,.F.);
#806=ORIENTED_EDGE('',*,*,#1410,.T.);
#807=ORIENTED_EDGE('',*,*,#1386,.T.);
#808=ORIENTED_EDGE('',*,*,#1407,.T.);
#809=ORIENTED_EDGE('',*,*,#1387,.T.);
#810=ORIENTED_EDGE('',*,*,#1410,.F.);
#811=ORIENTED_EDGE('',*,*,#1375,.F.);
#812=ORIENTED_EDGE('',*,*,#1384,.T.);
#813=ORIENTED_EDGE('',*,*,#1411,.T.);
#814=ORIENTED_EDGE('',*,*,#1378,.F.);
#815=ORIENTED_EDGE('',*,*,#1412,.F.);
#816=ORIENTED_EDGE('',*,*,#1409,.T.);
#817=ORIENTED_EDGE('',*,*,#1385,.T.);
#818=ORIENTED_EDGE('',*,*,#1412,.T.);
#819=ORIENTED_EDGE('',*,*,#1377,.F.);
#820=ORIENTED_EDGE('',*,*,#1383,.T.);
#821=ORIENTED_EDGE('',*,*,#1379,.F.);
#822=ORIENTED_EDGE('',*,*,#1411,.F.);
#823=ORIENTED_EDGE('',*,*,#1413,.T.);
#824=ORIENTED_EDGE('',*,*,#1414,.F.);
#825=ORIENTED_EDGE('',*,*,#1415,.F.);
#826=ORIENTED_EDGE('',*,*,#1416,.T.);
#827=ORIENTED_EDGE('',*,*,#1415,.T.);
#828=ORIENTED_EDGE('',*,*,#1417,.F.);
#829=ORIENTED_EDGE('',*,*,#1418,.F.);
#830=ORIENTED_EDGE('',*,*,#1419,.T.);
#831=ORIENTED_EDGE('',*,*,#1420,.T.);
#832=ORIENTED_EDGE('',*,*,#1418,.T.);
#833=ORIENTED_EDGE('',*,*,#1421,.F.);
#834=ORIENTED_EDGE('',*,*,#1419,.F.);
#835=ORIENTED_EDGE('',*,*,#1422,.F.);
#836=ORIENTED_EDGE('',*,*,#1423,.T.);
#837=ORIENTED_EDGE('',*,*,#1424,.T.);
#838=ORIENTED_EDGE('',*,*,#1425,.T.);
#839=ORIENTED_EDGE('',*,*,#1426,.T.);
#840=ORIENTED_EDGE('',*,*,#1423,.F.);
#841=ORIENTED_EDGE('',*,*,#1427,.F.);
#842=ORIENTED_EDGE('',*,*,#1425,.F.);
#843=ORIENTED_EDGE('',*,*,#1428,.F.);
#844=ORIENTED_EDGE('',*,*,#1429,.T.);
#845=ORIENTED_EDGE('',*,*,#1430,.T.);
#846=ORIENTED_EDGE('',*,*,#1431,.F.);
#847=ORIENTED_EDGE('',*,*,#1432,.T.);
#848=ORIENTED_EDGE('',*,*,#1433,.T.);
#849=ORIENTED_EDGE('',*,*,#1429,.F.);
#850=ORIENTED_EDGE('',*,*,#1432,.F.);
#851=ORIENTED_EDGE('',*,*,#1434,.F.);
#852=ORIENTED_EDGE('',*,*,#1435,.T.);
#853=ORIENTED_EDGE('',*,*,#1436,.T.);
#854=ORIENTED_EDGE('',*,*,#1437,.F.);
#855=ORIENTED_EDGE('',*,*,#1435,.F.);
#856=ORIENTED_EDGE('',*,*,#1438,.T.);
#857=ORIENTED_EDGE('',*,*,#1439,.T.);
#858=ORIENTED_EDGE('',*,*,#1440,.T.);
#859=ORIENTED_EDGE('',*,*,#1441,.T.);
#860=ORIENTED_EDGE('',*,*,#1442,.F.);
#861=ORIENTED_EDGE('',*,*,#1439,.F.);
#862=ORIENTED_EDGE('',*,*,#1443,.T.);
#863=ORIENTED_EDGE('',*,*,#1444,.T.);
#864=ORIENTED_EDGE('',*,*,#1445,.F.);
#865=ORIENTED_EDGE('',*,*,#1441,.F.);
#866=ORIENTED_EDGE('',*,*,#1446,.T.);
#867=ORIENTED_EDGE('',*,*,#1447,.T.);
#868=ORIENTED_EDGE('',*,*,#1448,.F.);
#869=ORIENTED_EDGE('',*,*,#1444,.F.);
#870=ORIENTED_EDGE('',*,*,#1447,.F.);
#871=ORIENTED_EDGE('',*,*,#1449,.T.);
#872=ORIENTED_EDGE('',*,*,#1450,.T.);
#873=ORIENTED_EDGE('',*,*,#1451,.F.);
#874=ORIENTED_EDGE('',*,*,#1452,.T.);
#875=ORIENTED_EDGE('',*,*,#1453,.T.);
#876=ORIENTED_EDGE('',*,*,#1454,.F.);
#877=ORIENTED_EDGE('',*,*,#1450,.F.);
#878=ORIENTED_EDGE('',*,*,#1453,.F.);
#879=ORIENTED_EDGE('',*,*,#1455,.T.);
#880=ORIENTED_EDGE('',*,*,#1456,.F.);
#881=ORIENTED_EDGE('',*,*,#1457,.F.);
#882=ORIENTED_EDGE('',*,*,#1458,.F.);
#883=ORIENTED_EDGE('',*,*,#1459,.F.);
#884=ORIENTED_EDGE('',*,*,#1456,.T.);
#885=ORIENTED_EDGE('',*,*,#1460,.T.);
#886=ORIENTED_EDGE('',*,*,#1461,.F.);
#887=ORIENTED_EDGE('',*,*,#1458,.T.);
#888=ORIENTED_EDGE('',*,*,#1462,.T.);
#889=ORIENTED_EDGE('',*,*,#1463,.T.);
#890=ORIENTED_EDGE('',*,*,#1313,.F.);
#891=ORIENTED_EDGE('',*,*,#1214,.T.);
#892=ORIENTED_EDGE('',*,*,#1328,.T.);
#893=ORIENTED_EDGE('',*,*,#1352,.F.);
#894=ORIENTED_EDGE('',*,*,#1236,.T.);
#895=ORIENTED_EDGE('',*,*,#1332,.T.);
#896=ORIENTED_EDGE('',*,*,#1295,.F.);
#897=ORIENTED_EDGE('',*,*,#1258,.T.);
#898=ORIENTED_EDGE('',*,*,#1337,.T.);
#899=ORIENTED_EDGE('',*,*,#1288,.F.);
#900=ORIENTED_EDGE('',*,*,#1280,.T.);
#901=ORIENTED_EDGE('',*,*,#1346,.F.);
#902=ORIENTED_EDGE('',*,*,#1282,.F.);
#903=ORIENTED_EDGE('',*,*,#1290,.T.);
#904=ORIENTED_EDGE('',*,*,#1272,.F.);
#905=ORIENTED_EDGE('',*,*,#1260,.F.);
#906=ORIENTED_EDGE('',*,*,#1297,.T.);
#907=ORIENTED_EDGE('',*,*,#1250,.F.);
#908=ORIENTED_EDGE('',*,*,#1240,.F.);
#909=ORIENTED_EDGE('',*,*,#1305,.T.);
#910=ORIENTED_EDGE('',*,*,#1228,.F.);
#911=ORIENTED_EDGE('',*,*,#1218,.F.);
#912=ORIENTED_EDGE('',*,*,#1311,.T.);
#913=ORIENTED_EDGE('',*,*,#1464,.F.);
#914=ORIENTED_EDGE('',*,*,#1462,.F.);
#915=ORIENTED_EDGE('',*,*,#1460,.F.);
#916=ORIENTED_EDGE('',*,*,#1455,.F.);
#917=ORIENTED_EDGE('',*,*,#1452,.F.);
#918=ORIENTED_EDGE('',*,*,#1449,.F.);
#919=ORIENTED_EDGE('',*,*,#1446,.F.);
#920=ORIENTED_EDGE('',*,*,#1443,.F.);
#921=ORIENTED_EDGE('',*,*,#1440,.F.);
#922=ORIENTED_EDGE('',*,*,#1438,.F.);
#923=ORIENTED_EDGE('',*,*,#1434,.T.);
#924=ORIENTED_EDGE('',*,*,#1431,.T.);
#925=ORIENTED_EDGE('',*,*,#1428,.T.);
#926=ORIENTED_EDGE('',*,*,#1427,.T.);
#927=ORIENTED_EDGE('',*,*,#1422,.T.);
#928=ORIENTED_EDGE('',*,*,#1421,.T.);
#929=ORIENTED_EDGE('',*,*,#1417,.T.);
#930=ORIENTED_EDGE('',*,*,#1414,.T.);
#931=ORIENTED_EDGE('',*,*,#1321,.F.);
#932=ORIENTED_EDGE('',*,*,#1463,.F.);
#933=ORIENTED_EDGE('',*,*,#1413,.F.);
#934=ORIENTED_EDGE('',*,*,#1416,.F.);
#935=ORIENTED_EDGE('',*,*,#1420,.F.);
#936=ORIENTED_EDGE('',*,*,#1424,.F.);
#937=ORIENTED_EDGE('',*,*,#1426,.F.);
#938=ORIENTED_EDGE('',*,*,#1430,.F.);
#939=ORIENTED_EDGE('',*,*,#1433,.F.);
#940=ORIENTED_EDGE('',*,*,#1436,.F.);
#941=ORIENTED_EDGE('',*,*,#1437,.T.);
#942=ORIENTED_EDGE('',*,*,#1442,.T.);
#943=ORIENTED_EDGE('',*,*,#1445,.T.);
#944=ORIENTED_EDGE('',*,*,#1448,.T.);
#945=ORIENTED_EDGE('',*,*,#1451,.T.);
#946=ORIENTED_EDGE('',*,*,#1454,.T.);
#947=ORIENTED_EDGE('',*,*,#1457,.T.);
#948=ORIENTED_EDGE('',*,*,#1459,.T.);
#949=ORIENTED_EDGE('',*,*,#1461,.T.);
#950=ORIENTED_EDGE('',*,*,#1464,.T.);
#951=ORIENTED_EDGE('',*,*,#1465,.T.);
#952=ORIENTED_EDGE('',*,*,#1466,.F.);
#953=ORIENTED_EDGE('',*,*,#1467,.F.);
#954=ORIENTED_EDGE('',*,*,#1468,.T.);
#955=ORIENTED_EDGE('',*,*,#1467,.T.);
#956=ORIENTED_EDGE('',*,*,#1469,.F.);
#957=ORIENTED_EDGE('',*,*,#1470,.F.);
#958=ORIENTED_EDGE('',*,*,#1471,.T.);
#959=ORIENTED_EDGE('',*,*,#1472,.T.);
#960=ORIENTED_EDGE('',*,*,#1470,.T.);
#961=ORIENTED_EDGE('',*,*,#1473,.F.);
#962=ORIENTED_EDGE('',*,*,#1471,.F.);
#963=ORIENTED_EDGE('',*,*,#1474,.F.);
#964=ORIENTED_EDGE('',*,*,#1475,.T.);
#965=ORIENTED_EDGE('',*,*,#1476,.T.);
#966=ORIENTED_EDGE('',*,*,#1477,.T.);
#967=ORIENTED_EDGE('',*,*,#1478,.T.);
#968=ORIENTED_EDGE('',*,*,#1475,.F.);
#969=ORIENTED_EDGE('',*,*,#1479,.F.);
#970=ORIENTED_EDGE('',*,*,#1477,.F.);
#971=ORIENTED_EDGE('',*,*,#1480,.F.);
#972=ORIENTED_EDGE('',*,*,#1481,.T.);
#973=ORIENTED_EDGE('',*,*,#1482,.T.);
#974=ORIENTED_EDGE('',*,*,#1483,.F.);
#975=ORIENTED_EDGE('',*,*,#1484,.T.);
#976=ORIENTED_EDGE('',*,*,#1485,.T.);
#977=ORIENTED_EDGE('',*,*,#1481,.F.);
#978=ORIENTED_EDGE('',*,*,#1484,.F.);
#979=ORIENTED_EDGE('',*,*,#1486,.F.);
#980=ORIENTED_EDGE('',*,*,#1487,.T.);
#981=ORIENTED_EDGE('',*,*,#1488,.T.);
#982=ORIENTED_EDGE('',*,*,#1489,.F.);
#983=ORIENTED_EDGE('',*,*,#1487,.F.);
#984=ORIENTED_EDGE('',*,*,#1490,.T.);
#985=ORIENTED_EDGE('',*,*,#1491,.T.);
#986=ORIENTED_EDGE('',*,*,#1492,.T.);
#987=ORIENTED_EDGE('',*,*,#1493,.T.);
#988=ORIENTED_EDGE('',*,*,#1494,.F.);
#989=ORIENTED_EDGE('',*,*,#1491,.F.);
#990=ORIENTED_EDGE('',*,*,#1495,.T.);
#991=ORIENTED_EDGE('',*,*,#1496,.T.);
#992=ORIENTED_EDGE('',*,*,#1497,.F.);
#993=ORIENTED_EDGE('',*,*,#1493,.F.);
#994=ORIENTED_EDGE('',*,*,#1498,.T.);
#995=ORIENTED_EDGE('',*,*,#1499,.T.);
#996=ORIENTED_EDGE('',*,*,#1500,.F.);
#997=ORIENTED_EDGE('',*,*,#1496,.F.);
#998=ORIENTED_EDGE('',*,*,#1499,.F.);
#999=ORIENTED_EDGE('',*,*,#1501,.T.);
#1000=ORIENTED_EDGE('',*,*,#1502,.T.);
#1001=ORIENTED_EDGE('',*,*,#1503,.F.);
#1002=ORIENTED_EDGE('',*,*,#1504,.T.);
#1003=ORIENTED_EDGE('',*,*,#1505,.T.);
#1004=ORIENTED_EDGE('',*,*,#1506,.F.);
#1005=ORIENTED_EDGE('',*,*,#1502,.F.);
#1006=ORIENTED_EDGE('',*,*,#1505,.F.);
#1007=ORIENTED_EDGE('',*,*,#1507,.T.);
#1008=ORIENTED_EDGE('',*,*,#1508,.F.);
#1009=ORIENTED_EDGE('',*,*,#1509,.F.);
#1010=ORIENTED_EDGE('',*,*,#1510,.F.);
#1011=ORIENTED_EDGE('',*,*,#1511,.F.);
#1012=ORIENTED_EDGE('',*,*,#1508,.T.);
#1013=ORIENTED_EDGE('',*,*,#1512,.T.);
#1014=ORIENTED_EDGE('',*,*,#1513,.F.);
#1015=ORIENTED_EDGE('',*,*,#1510,.T.);
#1016=ORIENTED_EDGE('',*,*,#1514,.T.);
#1017=ORIENTED_EDGE('',*,*,#1515,.T.);
#1018=ORIENTED_EDGE('',*,*,#1315,.F.);
#1019=ORIENTED_EDGE('',*,*,#1324,.T.);
#1020=ORIENTED_EDGE('',*,*,#1223,.T.);
#1021=ORIENTED_EDGE('',*,*,#1301,.F.);
#1022=ORIENTED_EDGE('',*,*,#1329,.T.);
#1023=ORIENTED_EDGE('',*,*,#1245,.T.);
#1024=ORIENTED_EDGE('',*,*,#1292,.F.);
#1025=ORIENTED_EDGE('',*,*,#1251,.T.);
#1026=ORIENTED_EDGE('',*,*,#1268,.T.);
#1027=ORIENTED_EDGE('',*,*,#1285,.F.);
#1028=ORIENTED_EDGE('',*,*,#1273,.T.);
#1029=ORIENTED_EDGE('',*,*,#1343,.F.);
#1030=ORIENTED_EDGE('',*,*,#1278,.F.);
#1031=ORIENTED_EDGE('',*,*,#1287,.T.);
#1032=ORIENTED_EDGE('',*,*,#1336,.F.);
#1033=ORIENTED_EDGE('',*,*,#1256,.F.);
#1034=ORIENTED_EDGE('',*,*,#1294,.T.);
#1035=ORIENTED_EDGE('',*,*,#1331,.F.);
#1036=ORIENTED_EDGE('',*,*,#1234,.F.);
#1037=ORIENTED_EDGE('',*,*,#1351,.T.);
#1038=ORIENTED_EDGE('',*,*,#1326,.F.);
#1039=ORIENTED_EDGE('',*,*,#1212,.F.);
#1040=ORIENTED_EDGE('',*,*,#1312,.T.);
#1041=ORIENTED_EDGE('',*,*,#1516,.F.);
#1042=ORIENTED_EDGE('',*,*,#1514,.F.);
#1043=ORIENTED_EDGE('',*,*,#1512,.F.);
#1044=ORIENTED_EDGE('',*,*,#1507,.F.);
#1045=ORIENTED_EDGE('',*,*,#1504,.F.);
#1046=ORIENTED_EDGE('',*,*,#1501,.F.);
#1047=ORIENTED_EDGE('',*,*,#1498,.F.);
#1048=ORIENTED_EDGE('',*,*,#1495,.F.);
#1049=ORIENTED_EDGE('',*,*,#1492,.F.);
#1050=ORIENTED_EDGE('',*,*,#1490,.F.);
#1051=ORIENTED_EDGE('',*,*,#1486,.T.);
#1052=ORIENTED_EDGE('',*,*,#1483,.T.);
#1053=ORIENTED_EDGE('',*,*,#1480,.T.);
#1054=ORIENTED_EDGE('',*,*,#1479,.T.);
#1055=ORIENTED_EDGE('',*,*,#1474,.T.);
#1056=ORIENTED_EDGE('',*,*,#1473,.T.);
#1057=ORIENTED_EDGE('',*,*,#1469,.T.);
#1058=ORIENTED_EDGE('',*,*,#1466,.T.);
#1059=ORIENTED_EDGE('',*,*,#1320,.F.);
#1060=ORIENTED_EDGE('',*,*,#1515,.F.);
#1061=ORIENTED_EDGE('',*,*,#1465,.F.);
#1062=ORIENTED_EDGE('',*,*,#1468,.F.);
#1063=ORIENTED_EDGE('',*,*,#1472,.F.);
#1064=ORIENTED_EDGE('',*,*,#1476,.F.);
#1065=ORIENTED_EDGE('',*,*,#1478,.F.);
#1066=ORIENTED_EDGE('',*,*,#1482,.F.);
#1067=ORIENTED_EDGE('',*,*,#1485,.F.);
#1068=ORIENTED_EDGE('',*,*,#1488,.F.);
#1069=ORIENTED_EDGE('',*,*,#1489,.T.);
#1070=ORIENTED_EDGE('',*,*,#1494,.T.);
#1071=ORIENTED_EDGE('',*,*,#1497,.T.);
#1072=ORIENTED_EDGE('',*,*,#1500,.T.);
#1073=ORIENTED_EDGE('',*,*,#1503,.T.);
#1074=ORIENTED_EDGE('',*,*,#1506,.T.);
#1075=ORIENTED_EDGE('',*,*,#1509,.T.);
#1076=ORIENTED_EDGE('',*,*,#1511,.T.);
#1077=ORIENTED_EDGE('',*,*,#1513,.T.);
#1078=ORIENTED_EDGE('',*,*,#1516,.T.);
#1079=ORIENTED_EDGE('',*,*,#1517,.T.);
#1080=ORIENTED_EDGE('',*,*,#1309,.F.);
#1081=ORIENTED_EDGE('',*,*,#1216,.T.);
#1082=ORIENTED_EDGE('',*,*,#1227,.T.);
#1083=ORIENTED_EDGE('',*,*,#1304,.F.);
#1084=ORIENTED_EDGE('',*,*,#1238,.T.);
#1085=ORIENTED_EDGE('',*,*,#1249,.T.);
#1086=ORIENTED_EDGE('',*,*,#1298,.F.);
#1087=ORIENTED_EDGE('',*,*,#1262,.T.);
#1088=ORIENTED_EDGE('',*,*,#1271,.T.);
#1089=ORIENTED_EDGE('',*,*,#1291,.F.);
#1090=ORIENTED_EDGE('',*,*,#1284,.T.);
#1091=ORIENTED_EDGE('',*,*,#1345,.F.);
#1092=ORIENTED_EDGE('',*,*,#1339,.F.);
#1093=ORIENTED_EDGE('',*,*,#1347,.T.);
#1094=ORIENTED_EDGE('',*,*,#1264,.F.);
#1095=ORIENTED_EDGE('',*,*,#1334,.F.);
#1096=ORIENTED_EDGE('',*,*,#1349,.T.);
#1097=ORIENTED_EDGE('',*,*,#1241,.F.);
#1098=ORIENTED_EDGE('',*,*,#1230,.F.);
#1099=ORIENTED_EDGE('',*,*,#1299,.T.);
#1100=ORIENTED_EDGE('',*,*,#1219,.F.);
#1101=ORIENTED_EDGE('',*,*,#1208,.F.);
#1102=ORIENTED_EDGE('',*,*,#1306,.T.);
#1103=ORIENTED_EDGE('',*,*,#1518,.F.);
#1104=ORIENTED_EDGE('',*,*,#1519,.F.);
#1105=ORIENTED_EDGE('',*,*,#1520,.F.);
#1106=ORIENTED_EDGE('',*,*,#1521,.F.);
#1107=ORIENTED_EDGE('',*,*,#1522,.F.);
#1108=ORIENTED_EDGE('',*,*,#1523,.F.);
#1109=ORIENTED_EDGE('',*,*,#1524,.F.);
#1110=ORIENTED_EDGE('',*,*,#1525,.F.);
#1111=ORIENTED_EDGE('',*,*,#1526,.F.);
#1112=ORIENTED_EDGE('',*,*,#1527,.F.);
#1113=ORIENTED_EDGE('',*,*,#1528,.T.);
#1114=ORIENTED_EDGE('',*,*,#1529,.T.);
#1115=ORIENTED_EDGE('',*,*,#1530,.T.);
#1116=ORIENTED_EDGE('',*,*,#1531,.T.);
#1117=ORIENTED_EDGE('',*,*,#1532,.T.);
#1118=ORIENTED_EDGE('',*,*,#1533,.T.);
#1119=ORIENTED_EDGE('',*,*,#1534,.T.);
#1120=ORIENTED_EDGE('',*,*,#1535,.T.);
#1121=ORIENTED_EDGE('',*,*,#1526,.T.);
#1122=ORIENTED_EDGE('',*,*,#1536,.T.);
#1123=ORIENTED_EDGE('',*,*,#1537,.F.);
#1124=ORIENTED_EDGE('',*,*,#1538,.F.);
#1125=ORIENTED_EDGE('',*,*,#1322,.F.);
#1126=ORIENTED_EDGE('',*,*,#1517,.F.);
#1127=ORIENTED_EDGE('',*,*,#1539,.F.);
#1128=ORIENTED_EDGE('',*,*,#1540,.F.);
#1129=ORIENTED_EDGE('',*,*,#1541,.F.);
#1130=ORIENTED_EDGE('',*,*,#1542,.F.);
#1131=ORIENTED_EDGE('',*,*,#1543,.F.);
#1132=ORIENTED_EDGE('',*,*,#1544,.F.);
#1133=ORIENTED_EDGE('',*,*,#1545,.F.);
#1134=ORIENTED_EDGE('',*,*,#1546,.F.);
#1135=ORIENTED_EDGE('',*,*,#1547,.T.);
#1136=ORIENTED_EDGE('',*,*,#1537,.T.);
#1137=ORIENTED_EDGE('',*,*,#1548,.T.);
#1138=ORIENTED_EDGE('',*,*,#1549,.T.);
#1139=ORIENTED_EDGE('',*,*,#1550,.T.);
#1140=ORIENTED_EDGE('',*,*,#1551,.T.);
#1141=ORIENTED_EDGE('',*,*,#1552,.T.);
#1142=ORIENTED_EDGE('',*,*,#1553,.T.);
#1143=ORIENTED_EDGE('',*,*,#1554,.T.);
#1144=ORIENTED_EDGE('',*,*,#1518,.T.);
#1145=ORIENTED_EDGE('',*,*,#1547,.F.);
#1146=ORIENTED_EDGE('',*,*,#1555,.F.);
#1147=ORIENTED_EDGE('',*,*,#1527,.T.);
#1148=ORIENTED_EDGE('',*,*,#1538,.T.);
#1149=ORIENTED_EDGE('',*,*,#1524,.T.);
#1150=ORIENTED_EDGE('',*,*,#1556,.T.);
#1151=ORIENTED_EDGE('',*,*,#1549,.F.);
#1152=ORIENTED_EDGE('',*,*,#1557,.F.);
#1153=ORIENTED_EDGE('',*,*,#1525,.T.);
#1154=ORIENTED_EDGE('',*,*,#1557,.T.);
#1155=ORIENTED_EDGE('',*,*,#1548,.F.);
#1156=ORIENTED_EDGE('',*,*,#1536,.F.);
#1157=ORIENTED_EDGE('',*,*,#1522,.T.);
#1158=ORIENTED_EDGE('',*,*,#1558,.T.);
#1159=ORIENTED_EDGE('',*,*,#1551,.F.);
#1160=ORIENTED_EDGE('',*,*,#1559,.F.);
#1161=ORIENTED_EDGE('',*,*,#1556,.F.);
#1162=ORIENTED_EDGE('',*,*,#1523,.T.);
#1163=ORIENTED_EDGE('',*,*,#1559,.T.);
#1164=ORIENTED_EDGE('',*,*,#1550,.F.);
#1165=ORIENTED_EDGE('',*,*,#1560,.F.);
#1166=ORIENTED_EDGE('',*,*,#1553,.F.);
#1167=ORIENTED_EDGE('',*,*,#1561,.T.);
#1168=ORIENTED_EDGE('',*,*,#1520,.T.);
#1169=ORIENTED_EDGE('',*,*,#1558,.F.);
#1170=ORIENTED_EDGE('',*,*,#1521,.T.);
#1171=ORIENTED_EDGE('',*,*,#1561,.F.);
#1172=ORIENTED_EDGE('',*,*,#1552,.F.);
#1173=ORIENTED_EDGE('',*,*,#1554,.F.);
#1174=ORIENTED_EDGE('',*,*,#1560,.T.);
#1175=ORIENTED_EDGE('',*,*,#1519,.T.);
#1176=ORIENTED_EDGE('',*,*,#1562,.F.);
#1177=ORIENTED_EDGE('',*,*,#1528,.F.);
#1178=ORIENTED_EDGE('',*,*,#1555,.T.);
#1179=ORIENTED_EDGE('',*,*,#1546,.T.);
#1180=ORIENTED_EDGE('',*,*,#1563,.F.);
#1181=ORIENTED_EDGE('',*,*,#1530,.F.);
#1182=ORIENTED_EDGE('',*,*,#1564,.T.);
#1183=ORIENTED_EDGE('',*,*,#1544,.T.);
#1184=ORIENTED_EDGE('',*,*,#1529,.F.);
#1185=ORIENTED_EDGE('',*,*,#1562,.T.);
#1186=ORIENTED_EDGE('',*,*,#1545,.T.);
#1187=ORIENTED_EDGE('',*,*,#1564,.F.);
#1188=ORIENTED_EDGE('',*,*,#1565,.F.);
#1189=ORIENTED_EDGE('',*,*,#1532,.F.);
#1190=ORIENTED_EDGE('',*,*,#1566,.T.);
#1191=ORIENTED_EDGE('',*,*,#1542,.T.);
#1192=ORIENTED_EDGE('',*,*,#1563,.T.);
#1193=ORIENTED_EDGE('',*,*,#1543,.T.);
#1194=ORIENTED_EDGE('',*,*,#1566,.F.);
#1195=ORIENTED_EDGE('',*,*,#1531,.F.);
#1196=ORIENTED_EDGE('',*,*,#1540,.T.);
#1197=ORIENTED_EDGE('',*,*,#1567,.T.);
#1198=ORIENTED_EDGE('',*,*,#1534,.F.);
#1199=ORIENTED_EDGE('',*,*,#1568,.F.);
#1200=ORIENTED_EDGE('',*,*,#1565,.T.);
#1201=ORIENTED_EDGE('',*,*,#1541,.T.);
#1202=ORIENTED_EDGE('',*,*,#1568,.T.);
#1203=ORIENTED_EDGE('',*,*,#1533,.F.);
#1204=ORIENTED_EDGE('',*,*,#1539,.T.);
#1205=ORIENTED_EDGE('',*,*,#1535,.F.);
#1206=ORIENTED_EDGE('',*,*,#1567,.F.);
#1207=EDGE_CURVE('',#1569,#1570,#1811,.T.);
#1208=EDGE_CURVE('',#1570,#1571,#147,.F.);
#1209=EDGE_CURVE('',#1571,#1572,#1812,.T.);
#1210=EDGE_CURVE('',#1569,#1572,#148,.F.);
#1211=EDGE_CURVE('',#1573,#1574,#1813,.T.);
#1212=EDGE_CURVE('',#1574,#1575,#149,.F.);
#1213=EDGE_CURVE('',#1575,#1576,#1814,.T.);
#1214=EDGE_CURVE('',#1573,#1576,#150,.F.);
#1215=EDGE_CURVE('',#1577,#1578,#1815,.T.);
#1216=EDGE_CURVE('',#1579,#1578,#151,.F.);
#1217=EDGE_CURVE('',#1579,#1580,#1816,.T.);
#1218=EDGE_CURVE('',#1580,#1577,#152,.F.);
#1219=EDGE_CURVE('',#1571,#1581,#1817,.T.);
#1220=EDGE_CURVE('',#1581,#1582,#1818,.F.);
#1221=EDGE_CURVE('',#1572,#1582,#1819,.F.);
#1222=EDGE_CURVE('',#1583,#1584,#1820,.F.);
#1223=EDGE_CURVE('',#1585,#1584,#1821,.F.);
#1224=EDGE_CURVE('',#1586,#1585,#1822,.T.);
#1225=EDGE_CURVE('',#1586,#1583,#1823,.T.);
#1226=EDGE_CURVE('',#1587,#1588,#1824,.F.);
#1227=EDGE_CURVE('',#1578,#1588,#1825,.F.);
#1228=EDGE_CURVE('',#1577,#1587,#1826,.T.);
#1229=EDGE_CURVE('',#1589,#1590,#1827,.T.);
#1230=EDGE_CURVE('',#1590,#1591,#153,.F.);
#1231=EDGE_CURVE('',#1591,#1592,#1828,.T.);
#1232=EDGE_CURVE('',#1589,#1592,#154,.F.);
#1233=EDGE_CURVE('',#1593,#1594,#1829,.T.);
#1234=EDGE_CURVE('',#1594,#1595,#155,.F.);
#1235=EDGE_CURVE('',#1595,#1596,#1830,.T.);
#1236=EDGE_CURVE('',#1593,#1596,#156,.F.);
#1237=EDGE_CURVE('',#1597,#1598,#1831,.T.);
#1238=EDGE_CURVE('',#1599,#1598,#157,.F.);
#1239=EDGE_CURVE('',#1599,#1600,#1832,.T.);
#1240=EDGE_CURVE('',#1600,#1597,#158,.F.);
#1241=EDGE_CURVE('',#1591,#1601,#1833,.T.);
#1242=EDGE_CURVE('',#1601,#1602,#1834,.F.);
#1243=EDGE_CURVE('',#1592,#1602,#1835,.F.);
#1244=EDGE_CURVE('',#1603,#1604,#1836,.F.);
#1245=EDGE_CURVE('',#1605,#1604,#1837,.F.);
#1246=EDGE_CURVE('',#1606,#1605,#1838,.T.);
#1247=EDGE_CURVE('',#1606,#1603,#1839,.T.);
#1248=EDGE_CURVE('',#1607,#1608,#1840,.F.);
#1249=EDGE_CURVE('',#1598,#1608,#1841,.F.);
#1250=EDGE_CURVE('',#1597,#1607,#1842,.T.);
#1251=EDGE_CURVE('',#1609,#1610,#159,.F.);
#1252=EDGE_CURVE('',#1609,#1611,#1843,.T.);
#1253=EDGE_CURVE('',#1611,#1612,#160,.F.);
#1254=EDGE_CURVE('',#1612,#1610,#1844,.T.);
#1255=EDGE_CURVE('',#1613,#1614,#1845,.T.);
#1256=EDGE_CURVE('',#1614,#1615,#161,.F.);
#1257=EDGE_CURVE('',#1615,#1616,#1846,.T.);
#1258=EDGE_CURVE('',#1613,#1616,#162,.F.);
#1259=EDGE_CURVE('',#1617,#1618,#1847,.T.);
#1260=EDGE_CURVE('',#1618,#1619,#163,.F.);
#1261=EDGE_CURVE('',#1619,#1620,#1848,.T.);
#1262=EDGE_CURVE('',#1617,#1620,#164,.F.);
#1263=EDGE_CURVE('',#1621,#1622,#1849,.T.);
#1264=EDGE_CURVE('',#1621,#1623,#1850,.T.);
#1265=EDGE_CURVE('',#1623,#1624,#1851,.F.);
#1266=EDGE_CURVE('',#1622,#1624,#1852,.F.);
#1267=EDGE_CURVE('',#1625,#1626,#1853,.F.);
#1268=EDGE_CURVE('',#1610,#1626,#1854,.F.);
#1269=EDGE_CURVE('',#1612,#1625,#1855,.T.);
#1270=EDGE_CURVE('',#1627,#1628,#1856,.F.);
#1271=EDGE_CURVE('',#1620,#1628,#1857,.F.);
#1272=EDGE_CURVE('',#1619,#1627,#1858,.T.);
#1273=EDGE_CURVE('',#1629,#1630,#165,.F.);
#1274=EDGE_CURVE('',#1629,#1631,#1859,.T.);
#1275=EDGE_CURVE('',#1631,#1632,#166,.F.);
#1276=EDGE_CURVE('',#1632,#1630,#1860,.T.);
#1277=EDGE_CURVE('',#1633,#1634,#1861,.T.);
#1278=EDGE_CURVE('',#1634,#1635,#167,.F.);
#1279=EDGE_CURVE('',#1635,#1636,#1862,.T.);
#1280=EDGE_CURVE('',#1633,#1636,#168,.F.);
#1281=EDGE_CURVE('',#1637,#1638,#1863,.T.);
#1282=EDGE_CURVE('',#1638,#1639,#169,.F.);
#1283=EDGE_CURVE('',#1639,#1640,#1864,.T.);
#1284=EDGE_CURVE('',#1637,#1640,#170,.F.);
#1285=EDGE_CURVE('',#1629,#1626,#12,.T.);
#1286=EDGE_CURVE('',#1631,#1625,#13,.T.);
#1287=EDGE_CURVE('',#1634,#1641,#14,.T.);
#1288=EDGE_CURVE('',#1633,#1642,#15,.T.);
#1289=EDGE_CURVE('',#1641,#1642,#1865,.F.);
#1290=EDGE_CURVE('',#1638,#1627,#16,.T.);
#1291=EDGE_CURVE('',#1637,#1628,#17,.T.);
#1292=EDGE_CURVE('',#1609,#1604,#18,.T.);
#1293=EDGE_CURVE('',#1611,#1603,#19,.T.);
#1294=EDGE_CURVE('',#1614,#1643,#20,.T.);
#1295=EDGE_CURVE('',#1613,#1644,#21,.T.);
#1296=EDGE_CURVE('',#1643,#1644,#1866,.F.);
#1297=EDGE_CURVE('',#1618,#1607,#22,.T.);
#1298=EDGE_CURVE('',#1617,#1608,#23,.T.);
#1299=EDGE_CURVE('',#1590,#1581,#24,.T.);
#1300=EDGE_CURVE('',#1589,#1582,#25,.T.);
#1301=EDGE_CURVE('',#1645,#1584,#26,.T.);
#1302=EDGE_CURVE('',#1646,#1583,#27,.T.);
#1303=EDGE_CURVE('',#1645,#1646,#1867,.T.);
#1304=EDGE_CURVE('',#1599,#1588,#28,.T.);
#1305=EDGE_CURVE('',#1600,#1587,#29,.T.);
#1306=EDGE_CURVE('',#1570,#1647,#30,.T.);
#1307=EDGE_CURVE('',#1569,#1648,#31,.T.);
#1308=EDGE_CURVE('',#1647,#1648,#1868,.F.);
#1309=EDGE_CURVE('',#1579,#1649,#32,.T.);
#1310=EDGE_CURVE('',#1650,#1649,#1869,.F.);
#1311=EDGE_CURVE('',#1580,#1650,#33,.T.);
#1312=EDGE_CURVE('',#1574,#1651,#34,.T.);
#1313=EDGE_CURVE('',#1573,#1652,#35,.T.);
#1314=EDGE_CURVE('',#1651,#1652,#1870,.F.);
#1315=EDGE_CURVE('',#1653,#1654,#36,.T.);
#1316=EDGE_CURVE('',#1655,#1654,#1871,.F.);
#1317=EDGE_CURVE('',#1656,#1655,#37,.T.);
#1318=EDGE_CURVE('',#1653,#1656,#1872,.T.);
#1319=EDGE_CURVE('',#1657,#1657,#1873,.T.);
#1320=EDGE_CURVE('',#1654,#1651,#1874,.F.);
#1321=EDGE_CURVE('',#1652,#1650,#1875,.F.);
#1322=EDGE_CURVE('',#1649,#1647,#1876,.F.);
#1323=EDGE_CURVE('',#1648,#1655,#1877,.F.);
#1324=EDGE_CURVE('',#1653,#1585,#171,.F.);
#1325=EDGE_CURVE('',#1656,#1586,#172,.F.);
#1326=EDGE_CURVE('',#1575,#1658,#1878,.T.);
#1327=EDGE_CURVE('',#1658,#1659,#1879,.F.);
#1328=EDGE_CURVE('',#1576,#1659,#1880,.F.);
#1329=EDGE_CURVE('',#1645,#1605,#173,.F.);
#1330=EDGE_CURVE('',#1646,#1606,#174,.F.);
#1331=EDGE_CURVE('',#1595,#1643,#1881,.T.);
#1332=EDGE_CURVE('',#1596,#1644,#1882,.F.);
#1333=EDGE_CURVE('',#1660,#1661,#1883,.T.);
#1334=EDGE_CURVE('',#1661,#1621,#175,.F.);
#1335=EDGE_CURVE('',#1660,#1622,#176,.F.);
#1336=EDGE_CURVE('',#1615,#1641,#1884,.T.);
#1337=EDGE_CURVE('',#1616,#1642,#1885,.F.);
#1338=EDGE_CURVE('',#1662,#1663,#1886,.T.);
#1339=EDGE_CURVE('',#1663,#1664,#177,.F.);
#1340=EDGE_CURVE('',#1664,#1665,#1887,.T.);
#1341=EDGE_CURVE('',#1662,#1665,#178,.F.);
#1342=EDGE_CURVE('',#1666,#1666,#1888,.F.);
#1343=EDGE_CURVE('',#1635,#1630,#1889,.T.);
#1344=EDGE_CURVE('',#1632,#1665,#1890,.T.);
#1345=EDGE_CURVE('',#1664,#1640,#1891,.T.);
#1346=EDGE_CURVE('',#1639,#1636,#1892,.T.);
#1347=EDGE_CURVE('',#1663,#1623,#38,.T.);
#1348=EDGE_CURVE('',#1662,#1624,#39,.T.);
#1349=EDGE_CURVE('',#1661,#1601,#40,.T.);
#1350=EDGE_CURVE('',#1660,#1602,#41,.T.);
#1351=EDGE_CURVE('',#1594,#1658,#42,.T.);
#1352=EDGE_CURVE('',#1593,#1659,#43,.T.);
#1353=EDGE_CURVE('',#1667,#1667,#1893,.T.);
#1354=EDGE_CURVE('',#1668,#1668,#1894,.T.);
#1355=EDGE_CURVE('',#1669,#1669,#1895,.T.);
#1356=EDGE_CURVE('',#1670,#1670,#1896,.T.);
#1357=EDGE_CURVE('',#1671,#1671,#1897,.F.);
#1358=EDGE_CURVE('',#1672,#1672,#1898,.T.);
#1359=EDGE_CURVE('',#1673,#1673,#1899,.T.);
#1360=EDGE_CURVE('',#1674,#1674,#1900,.T.);
#1361=EDGE_CURVE('',#1675,#1648,#179,.T.);
#1362=EDGE_CURVE('',#1676,#1655,#180,.T.);
#1363=EDGE_CURVE('',#1677,#1676,#1901,.T.);
#1364=EDGE_CURVE('',#1678,#1677,#181,.T.);
#1365=EDGE_CURVE('',#1679,#1678,#1902,.T.);
#1366=EDGE_CURVE('',#1680,#1679,#182,.T.);
#1367=EDGE_CURVE('',#1681,#1680,#1903,.T.);
#1368=EDGE_CURVE('',#1682,#1681,#183,.T.);
#1369=EDGE_CURVE('',#1683,#1682,#1904,.T.);
#1370=EDGE_CURVE('',#1684,#1683,#184,.T.);
#1371=EDGE_CURVE('',#1685,#1684,#1905,.T.);
#1372=EDGE_CURVE('',#1685,#1686,#185,.T.);
#1373=EDGE_CURVE('',#1686,#1687,#1906,.T.);
#1374=EDGE_CURVE('',#1687,#1688,#186,.T.);
#1375=EDGE_CURVE('',#1688,#1689,#1907,.T.);
#1376=EDGE_CURVE('',#1689,#1690,#187,.T.);
#1377=EDGE_CURVE('',#1690,#1691,#1908,.T.);
#1378=EDGE_CURVE('',#1691,#1692,#188,.T.);
#1379=EDGE_CURVE('',#1692,#1675,#1909,.T.);
#1380=EDGE_CURVE('',#1683,#1693,#189,.T.);
#1381=EDGE_CURVE('',#1694,#1693,#190,.T.);
#1382=EDGE_CURVE('',#1684,#1694,#191,.T.);
#1383=EDGE_CURVE('',#1695,#1675,#1910,.F.);
#1384=EDGE_CURVE('',#1696,#1695,#192,.T.);
#1385=EDGE_CURVE('',#1697,#1696,#1911,.F.);
#1386=EDGE_CURVE('',#1698,#1697,#193,.T.);
#1387=EDGE_CURVE('',#1699,#1698,#1912,.F.);
#1388=EDGE_CURVE('',#1700,#1699,#194,.T.);
#1389=EDGE_CURVE('',#1701,#1700,#1913,.F.);
#1390=EDGE_CURVE('',#1702,#1701,#195,.T.);
#1391=EDGE_CURVE('',#1702,#1694,#1914,.F.);
#1392=EDGE_CURVE('',#1693,#1703,#1915,.F.);
#1393=EDGE_CURVE('',#1703,#1704,#196,.T.);
#1394=EDGE_CURVE('',#1704,#1705,#1916,.F.);
#1395=EDGE_CURVE('',#1705,#1706,#197,.T.);
#1396=EDGE_CURVE('',#1706,#1707,#1917,.F.);
#1397=EDGE_CURVE('',#1707,#1708,#198,.T.);
#1398=EDGE_CURVE('',#1708,#1676,#1918,.F.);
#1399=EDGE_CURVE('',#1685,#1702,#199,.T.);
#1400=EDGE_CURVE('',#1681,#1704,#200,.T.);
#1401=EDGE_CURVE('',#1682,#1703,#201,.T.);
#1402=EDGE_CURVE('',#1679,#1706,#202,.T.);
#1403=EDGE_CURVE('',#1680,#1705,#203,.T.);
#1404=EDGE_CURVE('',#1708,#1677,#204,.T.);
#1405=EDGE_CURVE('',#1707,#1678,#205,.T.);
#1406=EDGE_CURVE('',#1686,#1701,#206,.T.);
#1407=EDGE_CURVE('',#1688,#1699,#207,.T.);
#1408=EDGE_CURVE('',#1687,#1700,#208,.T.);
#1409=EDGE_CURVE('',#1690,#1697,#209,.T.);
#1410=EDGE_CURVE('',#1689,#1698,#210,.T.);
#1411=EDGE_CURVE('',#1695,#1692,#211,.T.);
#1412=EDGE_CURVE('',#1696,#1691,#212,.T.);
#1413=EDGE_CURVE('',#1709,#1710,#1919,.F.);
#1414=EDGE_CURVE('',#1711,#1710,#1920,.T.);
#1415=EDGE_CURVE('',#1709,#1711,#213,.T.);
#1416=EDGE_CURVE('',#1712,#1709,#214,.T.);
#1417=EDGE_CURVE('',#1713,#1711,#215,.T.);
#1418=EDGE_CURVE('',#1712,#1713,#216,.T.);
#1419=EDGE_CURVE('',#1714,#1715,#217,.T.);
#1420=EDGE_CURVE('',#1715,#1712,#1921,.F.);
#1421=EDGE_CURVE('',#1714,#1713,#1922,.T.);
#1422=EDGE_CURVE('',#1716,#1714,#218,.T.);
#1423=EDGE_CURVE('',#1716,#1717,#219,.T.);
#1424=EDGE_CURVE('',#1717,#1715,#220,.T.);
#1425=EDGE_CURVE('',#1718,#1719,#221,.T.);
#1426=EDGE_CURVE('',#1719,#1717,#1923,.F.);
#1427=EDGE_CURVE('',#1718,#1716,#1924,.T.);
#1428=EDGE_CURVE('',#1720,#1718,#222,.T.);
#1429=EDGE_CURVE('',#1720,#1721,#223,.T.);
#1430=EDGE_CURVE('',#1721,#1719,#224,.T.);
#1431=EDGE_CURVE('',#1722,#1720,#1925,.T.);
#1432=EDGE_CURVE('',#1722,#1723,#225,.T.);
#1433=EDGE_CURVE('',#1723,#1721,#1926,.F.);
#1434=EDGE_CURVE('',#1724,#1722,#226,.T.);
#1435=EDGE_CURVE('',#1724,#1725,#227,.T.);
#1436=EDGE_CURVE('',#1725,#1723,#228,.T.);
#1437=EDGE_CURVE('',#1725,#1726,#1927,.F.);
#1438=EDGE_CURVE('',#1724,#1727,#1928,.T.);
#1439=EDGE_CURVE('',#1727,#1726,#229,.T.);
#1440=EDGE_CURVE('',#1727,#1728,#230,.T.);
#1441=EDGE_CURVE('',#1728,#1729,#231,.T.);
#1442=EDGE_CURVE('',#1726,#1729,#232,.T.);
#1443=EDGE_CURVE('',#1728,#1730,#1929,.T.);
#1444=EDGE_CURVE('',#1730,#1731,#233,.T.);
#1445=EDGE_CURVE('',#1729,#1731,#1930,.F.);
#1446=EDGE_CURVE('',#1730,#1732,#234,.T.);
#1447=EDGE_CURVE('',#1732,#1733,#235,.T.);
#1448=EDGE_CURVE('',#1731,#1733,#236,.T.);
#1449=EDGE_CURVE('',#1732,#1734,#1931,.T.);
#1450=EDGE_CURVE('',#1734,#1735,#237,.T.);
#1451=EDGE_CURVE('',#1733,#1735,#1932,.F.);
#1452=EDGE_CURVE('',#1734,#1736,#238,.T.);
#1453=EDGE_CURVE('',#1736,#1737,#239,.T.);
#1454=EDGE_CURVE('',#1735,#1737,#240,.T.);
#1455=EDGE_CURVE('',#1736,#1738,#1933,.T.);
#1456=EDGE_CURVE('',#1739,#1738,#241,.T.);
#1457=EDGE_CURVE('',#1737,#1739,#1934,.F.);
#1458=EDGE_CURVE('',#1740,#1741,#242,.T.);
#1459=EDGE_CURVE('',#1739,#1740,#243,.T.);
#1460=EDGE_CURVE('',#1738,#1741,#244,.T.);
#1461=EDGE_CURVE('',#1740,#1742,#1935,.F.);
#1462=EDGE_CURVE('',#1741,#1742,#1936,.T.);
#1463=EDGE_CURVE('',#1710,#1652,#245,.T.);
#1464=EDGE_CURVE('',#1742,#1650,#246,.T.);
#1465=EDGE_CURVE('',#1743,#1744,#1937,.F.);
#1466=EDGE_CURVE('',#1745,#1744,#1938,.T.);
#1467=EDGE_CURVE('',#1743,#1745,#247,.T.);
#1468=EDGE_CURVE('',#1746,#1743,#248,.T.);
#1469=EDGE_CURVE('',#1747,#1745,#249,.T.);
#1470=EDGE_CURVE('',#1746,#1747,#250,.T.);
#1471=EDGE_CURVE('',#1748,#1749,#251,.T.);
#1472=EDGE_CURVE('',#1749,#1746,#1939,.F.);
#1473=EDGE_CURVE('',#1748,#1747,#1940,.T.);
#1474=EDGE_CURVE('',#1750,#1748,#252,.T.);
#1475=EDGE_CURVE('',#1750,#1751,#253,.T.);
#1476=EDGE_CURVE('',#1751,#1749,#254,.T.);
#1477=EDGE_CURVE('',#1752,#1753,#255,.T.);
#1478=EDGE_CURVE('',#1753,#1751,#1941,.F.);
#1479=EDGE_CURVE('',#1752,#1750,#1942,.T.);
#1480=EDGE_CURVE('',#1754,#1752,#256,.T.);
#1481=EDGE_CURVE('',#1754,#1755,#257,.T.);
#1482=EDGE_CURVE('',#1755,#1753,#258,.T.);
#1483=EDGE_CURVE('',#1756,#1754,#1943,.T.);
#1484=EDGE_CURVE('',#1756,#1757,#259,.T.);
#1485=EDGE_CURVE('',#1757,#1755,#1944,.F.);
#1486=EDGE_CURVE('',#1758,#1756,#260,.T.);
#1487=EDGE_CURVE('',#1758,#1759,#261,.T.);
#1488=EDGE_CURVE('',#1759,#1757,#262,.T.);
#1489=EDGE_CURVE('',#1759,#1760,#1945,.F.);
#1490=EDGE_CURVE('',#1758,#1761,#1946,.T.);
#1491=EDGE_CURVE('',#1761,#1760,#263,.T.);
#1492=EDGE_CURVE('',#1761,#1762,#264,.T.);
#1493=EDGE_CURVE('',#1762,#1763,#265,.T.);
#1494=EDGE_CURVE('',#1760,#1763,#266,.T.);
#1495=EDGE_CURVE('',#1762,#1764,#1947,.T.);
#1496=EDGE_CURVE('',#1764,#1765,#267,.T.);
#1497=EDGE_CURVE('',#1763,#1765,#1948,.F.);
#1498=EDGE_CURVE('',#1764,#1766,#268,.T.);
#1499=EDGE_CURVE('',#1766,#1767,#269,.T.);
#1500=EDGE_CURVE('',#1765,#1767,#270,.T.);
#1501=EDGE_CURVE('',#1766,#1768,#1949,.T.);
#1502=EDGE_CURVE('',#1768,#1769,#271,.T.);
#1503=EDGE_CURVE('',#1767,#1769,#1950,.F.);
#1504=EDGE_CURVE('',#1768,#1770,#272,.T.);
#1505=EDGE_CURVE('',#1770,#1771,#273,.T.);
#1506=EDGE_CURVE('',#1769,#1771,#274,.T.);
#1507=EDGE_CURVE('',#1770,#1772,#1951,.T.);
#1508=EDGE_CURVE('',#1773,#1772,#275,.T.);
#1509=EDGE_CURVE('',#1771,#1773,#1952,.F.);
#1510=EDGE_CURVE('',#1774,#1775,#276,.T.);
#1511=EDGE_CURVE('',#1773,#1774,#277,.T.);
#1512=EDGE_CURVE('',#1772,#1775,#278,.T.);
#1513=EDGE_CURVE('',#1774,#1776,#1953,.F.);
#1514=EDGE_CURVE('',#1775,#1776,#1954,.T.);
#1515=EDGE_CURVE('',#1744,#1654,#279,.T.);
#1516=EDGE_CURVE('',#1776,#1651,#280,.T.);
#1517=EDGE_CURVE('',#1777,#1649,#281,.T.);
#1518=EDGE_CURVE('',#1778,#1647,#282,.T.);
#1519=EDGE_CURVE('',#1779,#1778,#1955,.T.);
#1520=EDGE_CURVE('',#1780,#1779,#283,.T.);
#1521=EDGE_CURVE('',#1781,#1780,#1956,.T.);
#1522=EDGE_CURVE('',#1782,#1781,#284,.T.);
#1523=EDGE_CURVE('',#1783,#1782,#1957,.T.);
#1524=EDGE_CURVE('',#1784,#1783,#285,.T.);
#1525=EDGE_CURVE('',#1785,#1784,#1958,.T.);
#1526=EDGE_CURVE('',#1786,#1785,#286,.T.);
#1527=EDGE_CURVE('',#1787,#1786,#1959,.T.);
#1528=EDGE_CURVE('',#1787,#1788,#287,.T.);
#1529=EDGE_CURVE('',#1788,#1789,#1960,.T.);
#1530=EDGE_CURVE('',#1789,#1790,#288,.T.);
#1531=EDGE_CURVE('',#1790,#1791,#1961,.T.);
#1532=EDGE_CURVE('',#1791,#1792,#289,.T.);
#1533=EDGE_CURVE('',#1792,#1793,#1962,.T.);
#1534=EDGE_CURVE('',#1793,#1794,#290,.T.);
#1535=EDGE_CURVE('',#1794,#1777,#1963,.T.);
#1536=EDGE_CURVE('',#1785,#1795,#291,.T.);
#1537=EDGE_CURVE('',#1796,#1795,#292,.T.);
#1538=EDGE_CURVE('',#1786,#1796,#293,.T.);
#1539=EDGE_CURVE('',#1797,#1777,#1964,.F.);
#1540=EDGE_CURVE('',#1798,#1797,#294,.T.);
#1541=EDGE_CURVE('',#1799,#1798,#1965,.F.);
#1542=EDGE_CURVE('',#1800,#1799,#295,.T.);
#1543=EDGE_CURVE('',#1801,#1800,#1966,.F.);
#1544=EDGE_CURVE('',#1802,#1801,#296,.T.);
#1545=EDGE_CURVE('',#1803,#1802,#1967,.F.);
#1546=EDGE_CURVE('',#1804,#1803,#297,.T.);
#1547=EDGE_CURVE('',#1804,#1796,#1968,.F.);
#1548=EDGE_CURVE('',#1795,#1805,#1969,.F.);
#1549=EDGE_CURVE('',#1805,#1806,#298,.T.);
#1550=EDGE_CURVE('',#1806,#1807,#1970,.F.);
#1551=EDGE_CURVE('',#1807,#1808,#299,.T.);
#1552=EDGE_CURVE('',#1808,#1809,#1971,.F.);
#1553=EDGE_CURVE('',#1809,#1810,#300,.T.);
#1554=EDGE_CURVE('',#1810,#1778,#1972,.F.);
#1555=EDGE_CURVE('',#1787,#1804,#301,.T.);
#1556=EDGE_CURVE('',#1783,#1806,#302,.T.);
#1557=EDGE_CURVE('',#1784,#1805,#303,.T.);
#1558=EDGE_CURVE('',#1781,#1808,#304,.T.);
#1559=EDGE_CURVE('',#1782,#1807,#305,.T.);
#1560=EDGE_CURVE('',#1810,#1779,#306,.T.);
#1561=EDGE_CURVE('',#1809,#1780,#307,.T.);
#1562=EDGE_CURVE('',#1788,#1803,#308,.T.);
#1563=EDGE_CURVE('',#1790,#1801,#309,.T.);
#1564=EDGE_CURVE('',#1789,#1802,#310,.T.);
#1565=EDGE_CURVE('',#1792,#1799,#311,.T.);
#1566=EDGE_CURVE('',#1791,#1800,#312,.T.);
#1567=EDGE_CURVE('',#1797,#1794,#313,.T.);
#1568=EDGE_CURVE('',#1798,#1793,#314,.T.);
#1569=VERTEX_POINT('',#3481);
#1570=VERTEX_POINT('',#3482);
#1571=VERTEX_POINT('',#3484);
#1572=VERTEX_POINT('',#3486);
#1573=VERTEX_POINT('',#3490);
#1574=VERTEX_POINT('',#3491);
#1575=VERTEX_POINT('',#3493);
#1576=VERTEX_POINT('',#3495);
#1577=VERTEX_POINT('',#3499);
#1578=VERTEX_POINT('',#3500);
#1579=VERTEX_POINT('',#3502);
#1580=VERTEX_POINT('',#3504);
#1581=VERTEX_POINT('',#3508);
#1582=VERTEX_POINT('',#3510);
#1583=VERTEX_POINT('',#3514);
#1584=VERTEX_POINT('',#3515);
#1585=VERTEX_POINT('',#3517);
#1586=VERTEX_POINT('',#3519);
#1587=VERTEX_POINT('',#3523);
#1588=VERTEX_POINT('',#3524);
#1589=VERTEX_POINT('',#3529);
#1590=VERTEX_POINT('',#3530);
#1591=VERTEX_POINT('',#3532);
#1592=VERTEX_POINT('',#3534);
#1593=VERTEX_POINT('',#3538);
#1594=VERTEX_POINT('',#3539);
#1595=VERTEX_POINT('',#3541);
#1596=VERTEX_POINT('',#3543);
#1597=VERTEX_POINT('',#3547);
#1598=VERTEX_POINT('',#3548);
#1599=VERTEX_POINT('',#3550);
#1600=VERTEX_POINT('',#3552);
#1601=VERTEX_POINT('',#3556);
#1602=VERTEX_POINT('',#3558);
#1603=VERTEX_POINT('',#3562);
#1604=VERTEX_POINT('',#3563);
#1605=VERTEX_POINT('',#3565);
#1606=VERTEX_POINT('',#3567);
#1607=VERTEX_POINT('',#3571);
#1608=VERTEX_POINT('',#3572);
#1609=VERTEX_POINT('',#3577);
#1610=VERTEX_POINT('',#3578);
#1611=VERTEX_POINT('',#3580);
#1612=VERTEX_POINT('',#3582);
#1613=VERTEX_POINT('',#3586);
#1614=VERTEX_POINT('',#3587);
#1615=VERTEX_POINT('',#3589);
#1616=VERTEX_POINT('',#3591);
#1617=VERTEX_POINT('',#3595);
#1618=VERTEX_POINT('',#3596);
#1619=VERTEX_POINT('',#3598);
#1620=VERTEX_POINT('',#3600);
#1621=VERTEX_POINT('',#3604);
#1622=VERTEX_POINT('',#3605);
#1623=VERTEX_POINT('',#3607);
#1624=VERTEX_POINT('',#3609);
#1625=VERTEX_POINT('',#3613);
#1626=VERTEX_POINT('',#3614);
#1627=VERTEX_POINT('',#3619);
#1628=VERTEX_POINT('',#3620);
#1629=VERTEX_POINT('',#3625);
#1630=VERTEX_POINT('',#3626);
#1631=VERTEX_POINT('',#3628);
#1632=VERTEX_POINT('',#3630);
#1633=VERTEX_POINT('',#3634);
#1634=VERTEX_POINT('',#3635);
#1635=VERTEX_POINT('',#3637);
#1636=VERTEX_POINT('',#3639);
#1637=VERTEX_POINT('',#3643);
#1638=VERTEX_POINT('',#3644);
#1639=VERTEX_POINT('',#3646);
#1640=VERTEX_POINT('',#3648);
#1641=VERTEX_POINT('',#3682);
#1642=VERTEX_POINT('',#3693);
#1643=VERTEX_POINT('',#3733);
#1644=VERTEX_POINT('',#3739);
#1645=VERTEX_POINT('',#3769);
#1646=VERTEX_POINT('',#3775);
#1647=VERTEX_POINT('',#3793);
#1648=VERTEX_POINT('',#3798);
#1649=VERTEX_POINT('',#3805);
#1650=VERTEX_POINT('',#3807);
#1651=VERTEX_POINT('',#3817);
#1652=VERTEX_POINT('',#3822);
#1653=VERTEX_POINT('',#3829);
#1654=VERTEX_POINT('',#3830);
#1655=VERTEX_POINT('',#3832);
#1656=VERTEX_POINT('',#3837);
#1657=VERTEX_POINT('',#3841);
#1658=VERTEX_POINT('',#3851);
#1659=VERTEX_POINT('',#3853);
#1660=VERTEX_POINT('',#3863);
#1661=VERTEX_POINT('',#3864);
#1662=VERTEX_POINT('',#3872);
#1663=VERTEX_POINT('',#3873);
#1664=VERTEX_POINT('',#3875);
#1665=VERTEX_POINT('',#3877);
#1666=VERTEX_POINT('',#3881);
#1667=VERTEX_POINT('',#3931);
#1668=VERTEX_POINT('',#3933);
#1669=VERTEX_POINT('',#3936);
#1670=VERTEX_POINT('',#3939);
#1671=VERTEX_POINT('',#3942);
#1672=VERTEX_POINT('',#3945);
#1673=VERTEX_POINT('',#3948);
#1674=VERTEX_POINT('',#3950);
#1675=VERTEX_POINT('',#3956);
#1676=VERTEX_POINT('',#3958);
#1677=VERTEX_POINT('',#3960);
#1678=VERTEX_POINT('',#3962);
#1679=VERTEX_POINT('',#3964);
#1680=VERTEX_POINT('',#3966);
#1681=VERTEX_POINT('',#3968);
#1682=VERTEX_POINT('',#3970);
#1683=VERTEX_POINT('',#3972);
#1684=VERTEX_POINT('',#3974);
#1685=VERTEX_POINT('',#3976);
#1686=VERTEX_POINT('',#3978);
#1687=VERTEX_POINT('',#3980);
#1688=VERTEX_POINT('',#3982);
#1689=VERTEX_POINT('',#3984);
#1690=VERTEX_POINT('',#3986);
#1691=VERTEX_POINT('',#3988);
#1692=VERTEX_POINT('',#3990);
#1693=VERTEX_POINT('',#3994);
#1694=VERTEX_POINT('',#3996);
#1695=VERTEX_POINT('',#4000);
#1696=VERTEX_POINT('',#4002);
#1697=VERTEX_POINT('',#4004);
#1698=VERTEX_POINT('',#4006);
#1699=VERTEX_POINT('',#4008);
#1700=VERTEX_POINT('',#4010);
#1701=VERTEX_POINT('',#4012);
#1702=VERTEX_POINT('',#4014);
#1703=VERTEX_POINT('',#4017);
#1704=VERTEX_POINT('',#4019);
#1705=VERTEX_POINT('',#4021);
#1706=VERTEX_POINT('',#4023);
#1707=VERTEX_POINT('',#4025);
#1708=VERTEX_POINT('',#4027);
#1709=VERTEX_POINT('',#4061);
#1710=VERTEX_POINT('',#4062);
#1711=VERTEX_POINT('',#4064);
#1712=VERTEX_POINT('',#4068);
#1713=VERTEX_POINT('',#4070);
#1714=VERTEX_POINT('',#4074);
#1715=VERTEX_POINT('',#4075);
#1716=VERTEX_POINT('',#4080);
#1717=VERTEX_POINT('',#4082);
#1718=VERTEX_POINT('',#4086);
#1719=VERTEX_POINT('',#4087);
#1720=VERTEX_POINT('',#4092);
#1721=VERTEX_POINT('',#4094);
#1722=VERTEX_POINT('',#4098);
#1723=VERTEX_POINT('',#4100);
#1724=VERTEX_POINT('',#4104);
#1725=VERTEX_POINT('',#4106);
#1726=VERTEX_POINT('',#4110);
#1727=VERTEX_POINT('',#4112);
#1728=VERTEX_POINT('',#4116);
#1729=VERTEX_POINT('',#4118);
#1730=VERTEX_POINT('',#4122);
#1731=VERTEX_POINT('',#4124);
#1732=VERTEX_POINT('',#4128);
#1733=VERTEX_POINT('',#4130);
#1734=VERTEX_POINT('',#4134);
#1735=VERTEX_POINT('',#4136);
#1736=VERTEX_POINT('',#4140);
#1737=VERTEX_POINT('',#4142);
#1738=VERTEX_POINT('',#4146);
#1739=VERTEX_POINT('',#4148);
#1740=VERTEX_POINT('',#4152);
#1741=VERTEX_POINT('',#4153);
#1742=VERTEX_POINT('',#4158);
#1743=VERTEX_POINT('',#4166);
#1744=VERTEX_POINT('',#4167);
#1745=VERTEX_POINT('',#4169);
#1746=VERTEX_POINT('',#4173);
#1747=VERTEX_POINT('',#4175);
#1748=VERTEX_POINT('',#4179);
#1749=VERTEX_POINT('',#4180);
#1750=VERTEX_POINT('',#4185);
#1751=VERTEX_POINT('',#4187);
#1752=VERTEX_POINT('',#4191);
#1753=VERTEX_POINT('',#4192);
#1754=VERTEX_POINT('',#4197);
#1755=VERTEX_POINT('',#4199);
#1756=VERTEX_POINT('',#4203);
#1757=VERTEX_POINT('',#4205);
#1758=VERTEX_POINT('',#4209);
#1759=VERTEX_POINT('',#4211);
#1760=VERTEX_POINT('',#4215);
#1761=VERTEX_POINT('',#4217);
#1762=VERTEX_POINT('',#4221);
#1763=VERTEX_POINT('',#4223);
#1764=VERTEX_POINT('',#4227);
#1765=VERTEX_POINT('',#4229);
#1766=VERTEX_POINT('',#4233);
#1767=VERTEX_POINT('',#4235);
#1768=VERTEX_POINT('',#4239);
#1769=VERTEX_POINT('',#4241);
#1770=VERTEX_POINT('',#4245);
#1771=VERTEX_POINT('',#4247);
#1772=VERTEX_POINT('',#4251);
#1773=VERTEX_POINT('',#4253);
#1774=VERTEX_POINT('',#4257);
#1775=VERTEX_POINT('',#4258);
#1776=VERTEX_POINT('',#4263);
#1777=VERTEX_POINT('',#4271);
#1778=VERTEX_POINT('',#4273);
#1779=VERTEX_POINT('',#4275);
#1780=VERTEX_POINT('',#4277);
#1781=VERTEX_POINT('',#4279);
#1782=VERTEX_POINT('',#4281);
#1783=VERTEX_POINT('',#4283);
#1784=VERTEX_POINT('',#4285);
#1785=VERTEX_POINT('',#4287);
#1786=VERTEX_POINT('',#4289);
#1787=VERTEX_POINT('',#4291);
#1788=VERTEX_POINT('',#4293);
#1789=VERTEX_POINT('',#4295);
#1790=VERTEX_POINT('',#4297);
#1791=VERTEX_POINT('',#4299);
#1792=VERTEX_POINT('',#4301);
#1793=VERTEX_POINT('',#4303);
#1794=VERTEX_POINT('',#4305);
#1795=VERTEX_POINT('',#4309);
#1796=VERTEX_POINT('',#4311);
#1797=VERTEX_POINT('',#4315);
#1798=VERTEX_POINT('',#4317);
#1799=VERTEX_POINT('',#4319);
#1800=VERTEX_POINT('',#4321);
#1801=VERTEX_POINT('',#4323);
#1802=VERTEX_POINT('',#4325);
#1803=VERTEX_POINT('',#4327);
#1804=VERTEX_POINT('',#4329);
#1805=VERTEX_POINT('',#4332);
#1806=VERTEX_POINT('',#4334);
#1807=VERTEX_POINT('',#4336);
#1808=VERTEX_POINT('',#4338);
#1809=VERTEX_POINT('',#4340);
#1810=VERTEX_POINT('',#4342);
#1811=CIRCLE('',#2430,0.023);
#1812=CIRCLE('',#2431,0.023);
#1813=CIRCLE('',#2433,0.023);
#1814=CIRCLE('',#2434,0.023);
#1815=CIRCLE('',#2436,0.023);
#1816=CIRCLE('',#2437,0.023);
#1817=CIRCLE('',#2439,0.006733);
#1818=CIRCLE('',#2440,0.024);
#1819=CIRCLE('',#2441,0.006733);
#1820=CIRCLE('',#2443,0.024);
#1821=CIRCLE('',#2444,0.006733);
#1822=CIRCLE('',#2445,0.023);
#1823=CIRCLE('',#2446,0.006733);
#1824=CIRCLE('',#2448,0.024);
#1825=CIRCLE('',#2449,0.006733);
#1826=CIRCLE('',#2450,0.006733);
#1827=CIRCLE('',#2452,0.0245);
#1828=CIRCLE('',#2453,0.0245);
#1829=CIRCLE('',#2455,0.0245);
#1830=CIRCLE('',#2456,0.0245);
#1831=CIRCLE('',#2458,0.0245);
#1832=CIRCLE('',#2459,0.0245);
#1833=CIRCLE('',#2461,0.006733);
#1834=CIRCLE('',#2462,0.0255);
#1835=CIRCLE('',#2463,0.006733);
#1836=CIRCLE('',#2465,0.0255);
#1837=CIRCLE('',#2466,0.006733);
#1838=CIRCLE('',#2467,0.0245);
#1839=CIRCLE('',#2468,0.006733);
#1840=CIRCLE('',#2470,0.0255);
#1841=CIRCLE('',#2471,0.006733);
#1842=CIRCLE('',#2472,0.006733);
#1843=CIRCLE('',#2474,0.026);
#1844=CIRCLE('',#2475,0.026);
#1845=CIRCLE('',#2477,0.026);
#1846=CIRCLE('',#2478,0.026);
#1847=CIRCLE('',#2480,0.026);
#1848=CIRCLE('',#2481,0.026);
#1849=CIRCLE('',#2483,0.026);
#1850=CIRCLE('',#2484,0.006733);
#1851=CIRCLE('',#2485,0.027);
#1852=CIRCLE('',#2486,0.006733);
#1853=CIRCLE('',#2488,0.027);
#1854=CIRCLE('',#2489,0.006733);
#1855=CIRCLE('',#2490,0.006733);
#1856=CIRCLE('',#2492,0.027);
#1857=CIRCLE('',#2493,0.006733);
#1858=CIRCLE('',#2494,0.006733);
#1859=CIRCLE('',#2496,0.0275);
#1860=CIRCLE('',#2497,0.0275);
#1861=CIRCLE('',#2499,0.0275);
#1862=CIRCLE('',#2500,0.0275);
#1863=CIRCLE('',#2502,0.0275);
#1864=CIRCLE('',#2503,0.0275);
#1865=CIRCLE('',#2506,0.027);
#1866=CIRCLE('',#2510,0.0255);
#1867=CIRCLE('',#2514,0.0245);
#1868=CIRCLE('',#2517,0.0225);
#1869=CIRCLE('',#2519,0.0225);
#1870=CIRCLE('',#2521,0.0225);
#1871=CIRCLE('',#2523,0.0225);
#1872=CIRCLE('',#2524,0.023);
#1873=CIRCLE('',#2526,0.0215);
#1874=CIRCLE('',#2527,0.0225);
#1875=CIRCLE('',#2528,0.0225);
#1876=CIRCLE('',#2529,0.0225);
#1877=CIRCLE('',#2530,0.0225);
#1878=CIRCLE('',#2533,0.006733);
#1879=CIRCLE('',#2534,0.024);
#1880=CIRCLE('',#2535,0.006733);
#1881=CIRCLE('',#2538,0.006733);
#1882=CIRCLE('',#2539,0.006733);
#1883=CIRCLE('',#2541,0.026);
#1884=CIRCLE('',#2543,0.006733);
#1885=CIRCLE('',#2544,0.006733);
#1886=CIRCLE('',#2546,0.0275);
#1887=CIRCLE('',#2547,0.0275);
#1888=CIRCLE('',#2549,0.0285);
#1889=CIRCLE('',#2550,0.006733);
#1890=CIRCLE('',#2551,0.006733);
#1891=CIRCLE('',#2552,0.006733);
#1892=CIRCLE('',#2553,0.006733);
#1893=CIRCLE('',#2558,0.02225);
#1894=CIRCLE('',#2559,0.02225);
#1895=CIRCLE('',#2561,0.02);
#1896=CIRCLE('',#2563,0.02);
#1897=CIRCLE('',#2565,0.021);
#1898=CIRCLE('',#2567,0.0215);
#1899=CIRCLE('',#2569,0.029);
#1900=CIRCLE('',#2570,0.029);
#1901=CIRCLE('',#2575,0.006733);
#1902=CIRCLE('',#2576,0.006733);
#1903=CIRCLE('',#2577,0.00673300000000009);
#1904=CIRCLE('',#2578,0.006733);
#1905=CIRCLE('',#2579,0.006733);
#1906=CIRCLE('',#2580,0.006733);
#1907=CIRCLE('',#2581,0.00673300000000009);
#1908=CIRCLE('',#2582,0.006733);
#1909=CIRCLE('',#2583,0.006733);
#1910=CIRCLE('',#2586,0.0225);
#1911=CIRCLE('',#2587,0.0225);
#1912=CIRCLE('',#2588,0.0225);
#1913=CIRCLE('',#2589,0.0225);
#1914=CIRCLE('',#2590,0.0225);
#1915=CIRCLE('',#2591,0.0225);
#1916=CIRCLE('',#2592,0.0225);
#1917=CIRCLE('',#2593,0.0225);
#1918=CIRCLE('',#2594,0.0225);
#1919=CIRCLE('',#2612,0.0225);
#1920=CIRCLE('',#2613,0.006733);
#1921=CIRCLE('',#2616,0.0225);
#1922=CIRCLE('',#2617,0.006733);
#1923=CIRCLE('',#2620,0.0225);
#1924=CIRCLE('',#2621,0.00673300000000009);
#1925=CIRCLE('',#2624,0.006733);
#1926=CIRCLE('',#2625,0.0225);
#1927=CIRCLE('',#2628,0.0225);
#1928=CIRCLE('',#2629,0.006733);
#1929=CIRCLE('',#2632,0.006733);
#1930=CIRCLE('',#2633,0.0225);
#1931=CIRCLE('',#2636,0.00673300000000009);
#1932=CIRCLE('',#2637,0.0225);
#1933=CIRCLE('',#2640,0.006733);
#1934=CIRCLE('',#2641,0.0225);
#1935=CIRCLE('',#2644,0.0225);
#1936=CIRCLE('',#2645,0.006733);
#1937=CIRCLE('',#2649,0.0225);
#1938=CIRCLE('',#2650,0.006733);
#1939=CIRCLE('',#2653,0.0225);
#1940=CIRCLE('',#2654,0.006733);
#1941=CIRCLE('',#2657,0.0225);
#1942=CIRCLE('',#2658,0.00673300000000009);
#1943=CIRCLE('',#2661,0.006733);
#1944=CIRCLE('',#2662,0.0225);
#1945=CIRCLE('',#2665,0.0225);
#1946=CIRCLE('',#2666,0.006733);
#1947=CIRCLE('',#2669,0.006733);
#1948=CIRCLE('',#2670,0.0225);
#1949=CIRCLE('',#2673,0.00673300000000009);
#1950=CIRCLE('',#2674,0.0225);
#1951=CIRCLE('',#2677,0.006733);
#1952=CIRCLE('',#2678,0.0225);
#1953=CIRCLE('',#2681,0.0225);
#1954=CIRCLE('',#2682,0.006733);
#1955=CIRCLE('',#2686,0.006733);
#1956=CIRCLE('',#2687,0.006733);
#1957=CIRCLE('',#2688,0.00673300000000009);
#1958=CIRCLE('',#2689,0.006733);
#1959=CIRCLE('',#2690,0.006733);
#1960=CIRCLE('',#2691,0.006733);
#1961=CIRCLE('',#2692,0.00673300000000009);
#1962=CIRCLE('',#2693,0.006733);
#1963=CIRCLE('',#2694,0.006733);
#1964=CIRCLE('',#2697,0.0225);
#1965=CIRCLE('',#2698,0.0225);
#1966=CIRCLE('',#2699,0.0225);
#1967=CIRCLE('',#2700,0.0225);
#1968=CIRCLE('',#2701,0.0225);
#1969=CIRCLE('',#2702,0.0225);
#1970=CIRCLE('',#2703,0.0225);
#1971=CIRCLE('',#2704,0.0225);
#1972=CIRCLE('',#2705,0.0225);
#1973=EDGE_LOOP('',(#483,#484,#485,#486));
#1974=EDGE_LOOP('',(#487,#488,#489,#490));
#1975=EDGE_LOOP('',(#491,#492,#493,#494));
#1976=EDGE_LOOP('',(#495,#496,#497,#498));
#1977=EDGE_LOOP('',(#499,#500,#501,#502));
#1978=EDGE_LOOP('',(#503,#504,#505,#506));
#1979=EDGE_LOOP('',(#507,#508,#509,#510));
#1980=EDGE_LOOP('',(#511,#512,#513,#514));
#1981=EDGE_LOOP('',(#515,#516,#517,#518));
#1982=EDGE_LOOP('',(#519,#520,#521,#522));
#1983=EDGE_LOOP('',(#523,#524,#525,#526));
#1984=EDGE_LOOP('',(#527,#528,#529,#530));
#1985=EDGE_LOOP('',(#531,#532,#533,#534));
#1986=EDGE_LOOP('',(#535,#536,#537,#538));
#1987=EDGE_LOOP('',(#539,#540,#541,#542));
#1988=EDGE_LOOP('',(#543,#544,#545,#546));
#1989=EDGE_LOOP('',(#547,#548,#549,#550));
#1990=EDGE_LOOP('',(#551,#552,#553,#554));
#1991=EDGE_LOOP('',(#555,#556,#557,#558));
#1992=EDGE_LOOP('',(#559,#560,#561,#562));
#1993=EDGE_LOOP('',(#563,#564,#565,#566));
#1994=EDGE_LOOP('',(#567,#568,#569,#570));
#1995=EDGE_LOOP('',(#571,#572,#573,#574));
#1996=EDGE_LOOP('',(#575,#576,#577,#578));
#1997=EDGE_LOOP('',(#579,#580,#581,#582));
#1998=EDGE_LOOP('',(#583,#584,#585,#586));
#1999=EDGE_LOOP('',(#587,#588,#589,#590));
#2000=EDGE_LOOP('',(#591,#592,#593,#594));
#2001=EDGE_LOOP('',(#595,#596,#597,#598));
#2002=EDGE_LOOP('',(#599,#600,#601,#602));
#2003=EDGE_LOOP('',(#603,#604,#605,#606));
#2004=EDGE_LOOP('',(#607,#608,#609,#610));
#2005=EDGE_LOOP('',(#611,#612,#613,#614));
#2006=EDGE_LOOP('',(#615,#616,#617,#618));
#2007=EDGE_LOOP('',(#619));
#2008=EDGE_LOOP('',(#620,#621,#622,#623,#624,#625,#626,#627));
#2009=EDGE_LOOP('',(#628,#629,#630,#631));
#2010=EDGE_LOOP('',(#632,#633,#634,#635));
#2011=EDGE_LOOP('',(#636,#637,#638,#639));
#2012=EDGE_LOOP('',(#640,#641,#642,#643));
#2013=EDGE_LOOP('',(#644,#645,#646,#647));
#2014=EDGE_LOOP('',(#648,#649,#650,#651));
#2015=EDGE_LOOP('',(#652,#653,#654,#655));
#2016=EDGE_LOOP('',(#656));
#2017=EDGE_LOOP('',(#657,#658,#659,#660,#661,#662,#663,#664));
#2018=EDGE_LOOP('',(#665,#666,#667,#668));
#2019=EDGE_LOOP('',(#669,#670,#671,#672));
#2020=EDGE_LOOP('',(#673,#674,#675,#676));
#2021=EDGE_LOOP('',(#677));
#2022=EDGE_LOOP('',(#678));
#2023=EDGE_LOOP('',(#679));
#2024=EDGE_LOOP('',(#680));
#2025=EDGE_LOOP('',(#681));
#2026=EDGE_LOOP('',(#682));
#2027=EDGE_LOOP('',(#683));
#2028=EDGE_LOOP('',(#684));
#2029=EDGE_LOOP('',(#685));
#2030=EDGE_LOOP('',(#686));
#2031=EDGE_LOOP('',(#687));
#2032=EDGE_LOOP('',(#688));
#2033=EDGE_LOOP('',(#689));
#2034=EDGE_LOOP('',(#690));
#2035=EDGE_LOOP('',(#691));
#2036=EDGE_LOOP('',(#692));
#2037=EDGE_LOOP('',(#693));
#2038=EDGE_LOOP('',(#694));
#2039=EDGE_LOOP('',(#695,#696,#697,#698,#699,#700,#701,#702,#703,#704,#705,
#706,#707,#708,#709,#710,#711,#712,#713,#714,#715,#716,#717,#718,#719,#720,
#721,#722,#723,#724,#725,#726,#727,#728,#729,#730,#731,#732,#733,#734,#735,
#736));
#2040=EDGE_LOOP('',(#737,#738,#739,#740));
#2041=EDGE_LOOP('',(#741,#742,#743,#744,#745,#746,#747,#748,#749,#750,#751,
#752,#753,#754,#755,#756,#757,#758,#759,#760));
#2042=EDGE_LOOP('',(#761,#762,#763,#764));
#2043=EDGE_LOOP('',(#765,#766,#767,#768));
#2044=EDGE_LOOP('',(#769,#770,#771,#772));
#2045=EDGE_LOOP('',(#773,#774,#775,#776));
#2046=EDGE_LOOP('',(#777,#778,#779,#780));
#2047=EDGE_LOOP('',(#781,#782,#783,#784));
#2048=EDGE_LOOP('',(#785,#786,#787,#788));
#2049=EDGE_LOOP('',(#789,#790,#791));
#2050=EDGE_LOOP('',(#792,#793,#794,#795));
#2051=EDGE_LOOP('',(#796,#797,#798,#799));
#2052=EDGE_LOOP('',(#800,#801,#802,#803));
#2053=EDGE_LOOP('',(#804,#805,#806,#807));
#2054=EDGE_LOOP('',(#808,#809,#810,#811));
#2055=EDGE_LOOP('',(#812,#813,#814,#815));
#2056=EDGE_LOOP('',(#816,#817,#818,#819));
#2057=EDGE_LOOP('',(#820,#821,#822));
#2058=EDGE_LOOP('',(#823,#824,#825));
#2059=EDGE_LOOP('',(#826,#827,#828,#829));
#2060=EDGE_LOOP('',(#830,#831,#832,#833));
#2061=EDGE_LOOP('',(#834,#835,#836,#837));
#2062=EDGE_LOOP('',(#838,#839,#840,#841));
#2063=EDGE_LOOP('',(#842,#843,#844,#845));
#2064=EDGE_LOOP('',(#846,#847,#848,#849));
#2065=EDGE_LOOP('',(#850,#851,#852,#853));
#2066=EDGE_LOOP('',(#854,#855,#856,#857));
#2067=EDGE_LOOP('',(#858,#859,#860,#861));
#2068=EDGE_LOOP('',(#862,#863,#864,#865));
#2069=EDGE_LOOP('',(#866,#867,#868,#869));
#2070=EDGE_LOOP('',(#870,#871,#872,#873));
#2071=EDGE_LOOP('',(#874,#875,#876,#877));
#2072=EDGE_LOOP('',(#878,#879,#880,#881));
#2073=EDGE_LOOP('',(#882,#883,#884,#885));
#2074=EDGE_LOOP('',(#886,#887,#888));
#2075=EDGE_LOOP('',(#889,#890,#891,#892,#893,#894,#895,#896,#897,#898,#899,
#900,#901,#902,#903,#904,#905,#906,#907,#908,#909,#910,#911,#912,#913,#914,
#915,#916,#917,#918,#919,#920,#921,#922,#923,#924,#925,#926,#927,#928,#929,
#930));
#2076=EDGE_LOOP('',(#931,#932,#933,#934,#935,#936,#937,#938,#939,#940,#941,
#942,#943,#944,#945,#946,#947,#948,#949,#950));
#2077=EDGE_LOOP('',(#951,#952,#953));
#2078=EDGE_LOOP('',(#954,#955,#956,#957));
#2079=EDGE_LOOP('',(#958,#959,#960,#961));
#2080=EDGE_LOOP('',(#962,#963,#964,#965));
#2081=EDGE_LOOP('',(#966,#967,#968,#969));
#2082=EDGE_LOOP('',(#970,#971,#972,#973));
#2083=EDGE_LOOP('',(#974,#975,#976,#977));
#2084=EDGE_LOOP('',(#978,#979,#980,#981));
#2085=EDGE_LOOP('',(#982,#983,#984,#985));
#2086=EDGE_LOOP('',(#986,#987,#988,#989));
#2087=EDGE_LOOP('',(#990,#991,#992,#993));
#2088=EDGE_LOOP('',(#994,#995,#996,#997));
#2089=EDGE_LOOP('',(#998,#999,#1000,#1001));
#2090=EDGE_LOOP('',(#1002,#1003,#1004,#1005));
#2091=EDGE_LOOP('',(#1006,#1007,#1008,#1009));
#2092=EDGE_LOOP('',(#1010,#1011,#1012,#1013));
#2093=EDGE_LOOP('',(#1014,#1015,#1016));
#2094=EDGE_LOOP('',(#1017,#1018,#1019,#1020,#1021,#1022,#1023,#1024,#1025,
#1026,#1027,#1028,#1029,#1030,#1031,#1032,#1033,#1034,#1035,#1036,#1037,
#1038,#1039,#1040,#1041,#1042,#1043,#1044,#1045,#1046,#1047,#1048,#1049,
#1050,#1051,#1052,#1053,#1054,#1055,#1056,#1057,#1058));
#2095=EDGE_LOOP('',(#1059,#1060,#1061,#1062,#1063,#1064,#1065,#1066,#1067,
#1068,#1069,#1070,#1071,#1072,#1073,#1074,#1075,#1076,#1077,#1078));
#2096=EDGE_LOOP('',(#1079,#1080,#1081,#1082,#1083,#1084,#1085,#1086,#1087,
#1088,#1089,#1090,#1091,#1092,#1093,#1094,#1095,#1096,#1097,#1098,#1099,
#1100,#1101,#1102,#1103,#1104,#1105,#1106,#1107,#1108,#1109,#1110,#1111,
#1112,#1113,#1114,#1115,#1116,#1117,#1118,#1119,#1120));
#2097=EDGE_LOOP('',(#1121,#1122,#1123,#1124));
#2098=EDGE_LOOP('',(#1125,#1126,#1127,#1128,#1129,#1130,#1131,#1132,#1133,
#1134,#1135,#1136,#1137,#1138,#1139,#1140,#1141,#1142,#1143,#1144));
#2099=EDGE_LOOP('',(#1145,#1146,#1147,#1148));
#2100=EDGE_LOOP('',(#1149,#1150,#1151,#1152));
#2101=EDGE_LOOP('',(#1153,#1154,#1155,#1156));
#2102=EDGE_LOOP('',(#1157,#1158,#1159,#1160));
#2103=EDGE_LOOP('',(#1161,#1162,#1163,#1164));
#2104=EDGE_LOOP('',(#1165,#1166,#1167,#1168));
#2105=EDGE_LOOP('',(#1169,#1170,#1171,#1172));
#2106=EDGE_LOOP('',(#1173,#1174,#1175));
#2107=EDGE_LOOP('',(#1176,#1177,#1178,#1179));
#2108=EDGE_LOOP('',(#1180,#1181,#1182,#1183));
#2109=EDGE_LOOP('',(#1184,#1185,#1186,#1187));
#2110=EDGE_LOOP('',(#1188,#1189,#1190,#1191));
#2111=EDGE_LOOP('',(#1192,#1193,#1194,#1195));
#2112=EDGE_LOOP('',(#1196,#1197,#1198,#1199));
#2113=EDGE_LOOP('',(#1200,#1201,#1202,#1203));
#2114=EDGE_LOOP('',(#1204,#1205,#1206));
#2115=FACE_BOUND('',#1973,.T.);
#2116=FACE_BOUND('',#1974,.T.);
#2117=FACE_BOUND('',#1975,.T.);
#2118=FACE_BOUND('',#1976,.T.);
#2119=FACE_BOUND('',#1977,.T.);
#2120=FACE_BOUND('',#1978,.T.);
#2121=FACE_BOUND('',#1979,.T.);
#2122=FACE_BOUND('',#1980,.T.);
#2123=FACE_BOUND('',#1981,.T.);
#2124=FACE_BOUND('',#1982,.T.);
#2125=FACE_BOUND('',#1983,.T.);
#2126=FACE_BOUND('',#1984,.T.);
#2127=FACE_BOUND('',#1985,.T.);
#2128=FACE_BOUND('',#1986,.T.);
#2129=FACE_BOUND('',#1987,.T.);
#2130=FACE_BOUND('',#1988,.T.);
#2131=FACE_BOUND('',#1989,.T.);
#2132=FACE_BOUND('',#1990,.T.);
#2133=FACE_BOUND('',#1991,.T.);
#2134=FACE_BOUND('',#1992,.T.);
#2135=FACE_BOUND('',#1993,.T.);
#2136=FACE_BOUND('',#1994,.T.);
#2137=FACE_BOUND('',#1995,.T.);
#2138=FACE_BOUND('',#1996,.T.);
#2139=FACE_BOUND('',#1997,.T.);
#2140=FACE_BOUND('',#1998,.T.);
#2141=FACE_BOUND('',#1999,.T.);
#2142=FACE_BOUND('',#2000,.T.);
#2143=FACE_BOUND('',#2001,.T.);
#2144=FACE_BOUND('',#2002,.T.);
#2145=FACE_BOUND('',#2003,.T.);
#2146=FACE_BOUND('',#2004,.T.);
#2147=FACE_BOUND('',#2005,.T.);
#2148=FACE_BOUND('',#2006,.T.);
#2149=FACE_BOUND('',#2007,.T.);
#2150=FACE_BOUND('',#2008,.T.);
#2151=FACE_BOUND('',#2009,.T.);
#2152=FACE_BOUND('',#2010,.T.);
#2153=FACE_BOUND('',#2011,.T.);
#2154=FACE_BOUND('',#2012,.T.);
#2155=FACE_BOUND('',#2013,.T.);
#2156=FACE_BOUND('',#2014,.T.);
#2157=FACE_BOUND('',#2015,.T.);
#2158=FACE_BOUND('',#2016,.T.);
#2159=FACE_BOUND('',#2017,.T.);
#2160=FACE_BOUND('',#2018,.T.);
#2161=FACE_BOUND('',#2019,.T.);
#2162=FACE_BOUND('',#2020,.T.);
#2163=FACE_BOUND('',#2021,.T.);
#2164=FACE_BOUND('',#2022,.T.);
#2165=FACE_BOUND('',#2023,.T.);
#2166=FACE_BOUND('',#2024,.T.);
#2167=FACE_BOUND('',#2025,.T.);
#2168=FACE_BOUND('',#2026,.T.);
#2169=FACE_BOUND('',#2027,.T.);
#2170=FACE_BOUND('',#2028,.T.);
#2171=FACE_BOUND('',#2029,.T.);
#2172=FACE_BOUND('',#2030,.T.);
#2173=FACE_BOUND('',#2031,.T.);
#2174=FACE_BOUND('',#2032,.T.);
#2175=FACE_BOUND('',#2033,.T.);
#2176=FACE_BOUND('',#2034,.T.);
#2177=FACE_BOUND('',#2035,.T.);
#2178=FACE_BOUND('',#2036,.T.);
#2179=FACE_BOUND('',#2037,.T.);
#2180=FACE_BOUND('',#2038,.T.);
#2181=FACE_BOUND('',#2039,.T.);
#2182=FACE_BOUND('',#2040,.T.);
#2183=FACE_BOUND('',#2041,.T.);
#2184=FACE_BOUND('',#2042,.T.);
#2185=FACE_BOUND('',#2043,.T.);
#2186=FACE_BOUND('',#2044,.T.);
#2187=FACE_BOUND('',#2045,.T.);
#2188=FACE_BOUND('',#2046,.T.);
#2189=FACE_BOUND('',#2047,.T.);
#2190=FACE_BOUND('',#2048,.T.);
#2191=FACE_BOUND('',#2049,.T.);
#2192=FACE_BOUND('',#2050,.T.);
#2193=FACE_BOUND('',#2051,.T.);
#2194=FACE_BOUND('',#2052,.T.);
#2195=FACE_BOUND('',#2053,.T.);
#2196=FACE_BOUND('',#2054,.T.);
#2197=FACE_BOUND('',#2055,.T.);
#2198=FACE_BOUND('',#2056,.T.);
#2199=FACE_BOUND('',#2057,.T.);
#2200=FACE_BOUND('',#2058,.T.);
#2201=FACE_BOUND('',#2059,.T.);
#2202=FACE_BOUND('',#2060,.T.);
#2203=FACE_BOUND('',#2061,.T.);
#2204=FACE_BOUND('',#2062,.T.);
#2205=FACE_BOUND('',#2063,.T.);
#2206=FACE_BOUND('',#2064,.T.);
#2207=FACE_BOUND('',#2065,.T.);
#2208=FACE_BOUND('',#2066,.T.);
#2209=FACE_BOUND('',#2067,.T.);
#2210=FACE_BOUND('',#2068,.T.);
#2211=FACE_BOUND('',#2069,.T.);
#2212=FACE_BOUND('',#2070,.T.);
#2213=FACE_BOUND('',#2071,.T.);
#2214=FACE_BOUND('',#2072,.T.);
#2215=FACE_BOUND('',#2073,.T.);
#2216=FACE_BOUND('',#2074,.T.);
#2217=FACE_BOUND('',#2075,.T.);
#2218=FACE_BOUND('',#2076,.T.);
#2219=FACE_BOUND('',#2077,.T.);
#2220=FACE_BOUND('',#2078,.T.);
#2221=FACE_BOUND('',#2079,.T.);
#2222=FACE_BOUND('',#2080,.T.);
#2223=FACE_BOUND('',#2081,.T.);
#2224=FACE_BOUND('',#2082,.T.);
#2225=FACE_BOUND('',#2083,.T.);
#2226=FACE_BOUND('',#2084,.T.);
#2227=FACE_BOUND('',#2085,.T.);
#2228=FACE_BOUND('',#2086,.T.);
#2229=FACE_BOUND('',#2087,.T.);
#2230=FACE_BOUND('',#2088,.T.);
#2231=FACE_BOUND('',#2089,.T.);
#2232=FACE_BOUND('',#2090,.T.);
#2233=FACE_BOUND('',#2091,.T.);
#2234=FACE_BOUND('',#2092,.T.);
#2235=FACE_BOUND('',#2093,.T.);
#2236=FACE_BOUND('',#2094,.T.);
#2237=FACE_BOUND('',#2095,.T.);
#2238=FACE_BOUND('',#2096,.T.);
#2239=FACE_BOUND('',#2097,.T.);
#2240=FACE_BOUND('',#2098,.T.);
#2241=FACE_BOUND('',#2099,.T.);
#2242=FACE_BOUND('',#2100,.T.);
#2243=FACE_BOUND('',#2101,.T.);
#2244=FACE_BOUND('',#2102,.T.);
#2245=FACE_BOUND('',#2103,.T.);
#2246=FACE_BOUND('',#2104,.T.);
#2247=FACE_BOUND('',#2105,.T.);
#2248=FACE_BOUND('',#2106,.T.);
#2249=FACE_BOUND('',#2107,.T.);
#2250=FACE_BOUND('',#2108,.T.);
#2251=FACE_BOUND('',#2109,.T.);
#2252=FACE_BOUND('',#2110,.T.);
#2253=FACE_BOUND('',#2111,.T.);
#2254=FACE_BOUND('',#2112,.T.);
#2255=FACE_BOUND('',#2113,.T.);
#2256=FACE_BOUND('',#2114,.T.);
#2257=CYLINDRICAL_SURFACE('',#2429,0.023);
#2258=CYLINDRICAL_SURFACE('',#2432,0.023);
#2259=CYLINDRICAL_SURFACE('',#2435,0.023);
#2260=CYLINDRICAL_SURFACE('',#2451,0.0245);
#2261=CYLINDRICAL_SURFACE('',#2454,0.0245);
#2262=CYLINDRICAL_SURFACE('',#2457,0.0245);
#2263=CYLINDRICAL_SURFACE('',#2473,0.026);
#2264=CYLINDRICAL_SURFACE('',#2476,0.026);
#2265=CYLINDRICAL_SURFACE('',#2479,0.026);
#2266=CYLINDRICAL_SURFACE('',#2495,0.0275);
#2267=CYLINDRICAL_SURFACE('',#2498,0.0275);
#2268=CYLINDRICAL_SURFACE('',#2501,0.0275);
#2269=CYLINDRICAL_SURFACE('',#2531,0.023);
#2270=CYLINDRICAL_SURFACE('',#2536,0.0245);
#2271=CYLINDRICAL_SURFACE('',#2540,0.026);
#2272=CYLINDRICAL_SURFACE('',#2545,0.0275);
#2273=CYLINDRICAL_SURFACE('',#2557,0.02225);
#2274=CYLINDRICAL_SURFACE('',#2562,0.02);
#2275=CYLINDRICAL_SURFACE('',#2566,0.0215);
#2276=CYLINDRICAL_SURFACE('',#2568,0.029);
#2277=CYLINDRICAL_SURFACE('',#2574,0.006733);
#2278=CYLINDRICAL_SURFACE('',#2585,0.0225);
#2279=CYLINDRICAL_SURFACE('',#2646,0.006733);
#2280=CYLINDRICAL_SURFACE('',#2647,0.0225);
#2281=CYLINDRICAL_SURFACE('',#2683,0.006733);
#2282=CYLINDRICAL_SURFACE('',#2684,0.0225);
#2283=CYLINDRICAL_SURFACE('',#2685,0.006733);
#2284=CYLINDRICAL_SURFACE('',#2696,0.0225);
#2285=ADVANCED_FACE('',(#2115),#2257,.T.);
#2286=ADVANCED_FACE('',(#2116),#2258,.T.);
#2287=ADVANCED_FACE('',(#2117),#2259,.T.);
#2288=ADVANCED_FACE('',(#2118),#62,.F.);
#2289=ADVANCED_FACE('',(#2119),#63,.F.);
#2290=ADVANCED_FACE('',(#2120),#64,.F.);
#2291=ADVANCED_FACE('',(#2121),#2260,.T.);
#2292=ADVANCED_FACE('',(#2122),#2261,.T.);
#2293=ADVANCED_FACE('',(#2123),#2262,.T.);
#2294=ADVANCED_FACE('',(#2124),#65,.F.);
#2295=ADVANCED_FACE('',(#2125),#66,.F.);
#2296=ADVANCED_FACE('',(#2126),#67,.F.);
#2297=ADVANCED_FACE('',(#2127),#2263,.T.);
#2298=ADVANCED_FACE('',(#2128),#2264,.T.);
#2299=ADVANCED_FACE('',(#2129),#2265,.T.);
#2300=ADVANCED_FACE('',(#2130),#68,.F.);
#2301=ADVANCED_FACE('',(#2131),#69,.F.);
#2302=ADVANCED_FACE('',(#2132),#70,.F.);
#2303=ADVANCED_FACE('',(#2133),#2266,.T.);
#2304=ADVANCED_FACE('',(#2134),#2267,.T.);
#2305=ADVANCED_FACE('',(#2135),#2268,.T.);
#2306=ADVANCED_FACE('',(#2136),#44,.T.);
#2307=ADVANCED_FACE('',(#2137),#45,.T.);
#2308=ADVANCED_FACE('',(#2138),#46,.T.);
#2309=ADVANCED_FACE('',(#2139),#47,.T.);
#2310=ADVANCED_FACE('',(#2140),#48,.T.);
#2311=ADVANCED_FACE('',(#2141),#49,.T.);
#2312=ADVANCED_FACE('',(#2142),#50,.T.);
#2313=ADVANCED_FACE('',(#2143),#51,.T.);
#2314=ADVANCED_FACE('',(#2144),#52,.T.);
#2315=ADVANCED_FACE('',(#2145),#53,.T.);
#2316=ADVANCED_FACE('',(#2146),#54,.T.);
#2317=ADVANCED_FACE('',(#2147),#55,.T.);
#2318=ADVANCED_FACE('',(#2148),#56,.T.);
#2319=ADVANCED_FACE('',(#2149,#2150),#71,.F.);
#2320=ADVANCED_FACE('',(#2151),#2269,.T.);
#2321=ADVANCED_FACE('',(#2152),#72,.F.);
#2322=ADVANCED_FACE('',(#2153),#2270,.T.);
#2323=ADVANCED_FACE('',(#2154),#73,.F.);
#2324=ADVANCED_FACE('',(#2155),#2271,.T.);
#2325=ADVANCED_FACE('',(#2156),#74,.F.);
#2326=ADVANCED_FACE('',(#2157),#2272,.T.);
#2327=ADVANCED_FACE('',(#2158,#2159),#75,.F.);
#2328=ADVANCED_FACE('',(#2160),#57,.T.);
#2329=ADVANCED_FACE('',(#2161),#58,.T.);
#2330=ADVANCED_FACE('',(#2162),#59,.T.);
#2331=ADVANCED_FACE('',(#2163,#2164),#2273,.F.);
#2332=ADVANCED_FACE('',(#2165,#2166),#76,.F.);
#2333=ADVANCED_FACE('',(#2167,#2168),#2274,.F.);
#2334=ADVANCED_FACE('',(#2169,#2170),#77,.F.);
#2335=ADVANCED_FACE('',(#2171,#2172),#2275,.T.);
#2336=ADVANCED_FACE('',(#2173,#2174),#2276,.T.);
#2337=ADVANCED_FACE('',(#2175,#2176),#78,.T.);
#2338=ADVANCED_FACE('',(#2177,#2178),#60,.T.);
#2339=ADVANCED_FACE('',(#2179,#2180),#61,.T.);
#2340=ADVANCED_FACE('',(#2181),#2277,.T.);
#2341=ADVANCED_FACE('',(#2182),#79,.F.);
#2342=ADVANCED_FACE('',(#2183),#2278,.F.);
#2343=ADVANCED_FACE('',(#2184),#80,.T.);
#2344=ADVANCED_FACE('',(#2185),#81,.F.);
#2345=ADVANCED_FACE('',(#2186),#82,.T.);
#2346=ADVANCED_FACE('',(#2187),#83,.F.);
#2347=ADVANCED_FACE('',(#2188),#84,.T.);
#2348=ADVANCED_FACE('',(#2189),#85,.T.);
#2349=ADVANCED_FACE('',(#2190),#86,.T.);
#2350=ADVANCED_FACE('',(#2191),#87,.T.);
#2351=ADVANCED_FACE('',(#2192),#88,.T.);
#2352=ADVANCED_FACE('',(#2193),#89,.T.);
#2353=ADVANCED_FACE('',(#2194),#90,.T.);
#2354=ADVANCED_FACE('',(#2195),#91,.T.);
#2355=ADVANCED_FACE('',(#2196),#92,.T.);
#2356=ADVANCED_FACE('',(#2197),#93,.F.);
#2357=ADVANCED_FACE('',(#2198),#94,.T.);
#2358=ADVANCED_FACE('',(#2199),#95,.T.);
#2359=ADVANCED_FACE('',(#2200),#96,.T.);
#2360=ADVANCED_FACE('',(#2201),#97,.F.);
#2361=ADVANCED_FACE('',(#2202),#98,.T.);
#2362=ADVANCED_FACE('',(#2203),#99,.T.);
#2363=ADVANCED_FACE('',(#2204),#100,.T.);
#2364=ADVANCED_FACE('',(#2205),#101,.T.);
#2365=ADVANCED_FACE('',(#2206),#102,.T.);
#2366=ADVANCED_FACE('',(#2207),#103,.T.);
#2367=ADVANCED_FACE('',(#2208),#104,.T.);
#2368=ADVANCED_FACE('',(#2209),#105,.F.);
#2369=ADVANCED_FACE('',(#2210),#106,.T.);
#2370=ADVANCED_FACE('',(#2211),#107,.F.);
#2371=ADVANCED_FACE('',(#2212),#108,.T.);
#2372=ADVANCED_FACE('',(#2213),#109,.F.);
#2373=ADVANCED_FACE('',(#2214),#110,.T.);
#2374=ADVANCED_FACE('',(#2215),#111,.T.);
#2375=ADVANCED_FACE('',(#2216),#112,.T.);
#2376=ADVANCED_FACE('',(#2217),#2279,.T.);
#2377=ADVANCED_FACE('',(#2218),#2280,.F.);
#2378=ADVANCED_FACE('',(#2219),#113,.T.);
#2379=ADVANCED_FACE('',(#2220),#114,.F.);
#2380=ADVANCED_FACE('',(#2221),#115,.T.);
#2381=ADVANCED_FACE('',(#2222),#116,.T.);
#2382=ADVANCED_FACE('',(#2223),#117,.T.);
#2383=ADVANCED_FACE('',(#2224),#118,.T.);
#2384=ADVANCED_FACE('',(#2225),#119,.T.);
#2385=ADVANCED_FACE('',(#2226),#120,.T.);
#2386=ADVANCED_FACE('',(#2227),#121,.T.);
#2387=ADVANCED_FACE('',(#2228),#122,.F.);
#2388=ADVANCED_FACE('',(#2229),#123,.T.);
#2389=ADVANCED_FACE('',(#2230),#124,.F.);
#2390=ADVANCED_FACE('',(#2231),#125,.T.);
#2391=ADVANCED_FACE('',(#2232),#126,.F.);
#2392=ADVANCED_FACE('',(#2233),#127,.T.);
#2393=ADVANCED_FACE('',(#2234),#128,.T.);
#2394=ADVANCED_FACE('',(#2235),#129,.T.);
#2395=ADVANCED_FACE('',(#2236),#2281,.T.);
#2396=ADVANCED_FACE('',(#2237),#2282,.F.);
#2397=ADVANCED_FACE('',(#2238),#2283,.T.);
#2398=ADVANCED_FACE('',(#2239),#130,.F.);
#2399=ADVANCED_FACE('',(#2240),#2284,.F.);
#2400=ADVANCED_FACE('',(#2241),#131,.T.);
#2401=ADVANCED_FACE('',(#2242),#132,.F.);
#2402=ADVANCED_FACE('',(#2243),#133,.T.);
#2403=ADVANCED_FACE('',(#2244),#134,.F.);
#2404=ADVANCED_FACE('',(#2245),#135,.T.);
#2405=ADVANCED_FACE('',(#2246),#136,.T.);
#2406=ADVANCED_FACE('',(#2247),#137,.T.);
#2407=ADVANCED_FACE('',(#2248),#138,.T.);
#2408=ADVANCED_FACE('',(#2249),#139,.T.);
#2409=ADVANCED_FACE('',(#2250),#140,.T.);
#2410=ADVANCED_FACE('',(#2251),#141,.T.);
#2411=ADVANCED_FACE('',(#2252),#142,.T.);
#2412=ADVANCED_FACE('',(#2253),#143,.T.);
#2413=ADVANCED_FACE('',(#2254),#144,.F.);
#2414=ADVANCED_FACE('',(#2255),#145,.T.);
#2415=ADVANCED_FACE('',(#2256),#146,.T.);
#2416=CLOSED_SHELL('',(#2285,#2286,#2287,#2288,#2289,#2290,#2291,#2292,
#2293,#2294,#2295,#2296,#2297,#2298,#2299,#2300,#2301,#2302,#2303,#2304,
#2305,#2306,#2307,#2308,#2309,#2310,#2311,#2312,#2313,#2314,#2315,#2316,
#2317,#2318,#2319,#2320,#2321,#2322,#2323,#2324,#2325,#2326,#2327,#2328,
#2329,#2330,#2331,#2332,#2333,#2334,#2335,#2336,#2337,#2338,#2339,#2340,
#2341,#2342,#2343,#2344,#2345,#2346,#2347,#2348,#2349,#2350,#2351,#2352,
#2353,#2354,#2355,#2356,#2357,#2358,#2359,#2360,#2361,#2362,#2363,#2364,
#2365,#2366,#2367,#2368,#2369,#2370,#2371,#2372,#2373,#2374,#2375,#2376,
#2377,#2378,#2379,#2380,#2381,#2382,#2383,#2384,#2385,#2386,#2387,#2388,
#2389,#2390,#2391,#2392,#2393,#2394,#2395,#2396,#2397,#2398,#2399,#2400,
#2401,#2402,#2403,#2404,#2405,#2406,#2407,#2408,#2409,#2410,#2411,#2412,
#2413,#2414,#2415));
#2417=STYLED_ITEM('',(#2418),#2425);
#2418=PRESENTATION_STYLE_ASSIGNMENT((#2419));
#2419=SURFACE_STYLE_USAGE(.BOTH.,#2420);
#2420=SURFACE_SIDE_STYLE('',(#2421));
#2421=SURFACE_STYLE_FILL_AREA(#2422);
#2422=FILL_AREA_STYLE('',(#2423));
#2423=FILL_AREA_STYLE_COLOUR('',#2424);
#2424=COLOUR_RGB('',0.615686274509804,0.811764705882353,0.929411764705882);
#2425=MANIFOLD_SOLID_BREP('Body',#2416);
#2426=SHAPE_DEFINITION_REPRESENTATION(#4380,#2427);
#2427=SHAPE_REPRESENTATION('Body',(#2428),#4375);
#2428=AXIS2_PLACEMENT_3D('',#3478,#2722,#2723);
#2429=AXIS2_PLACEMENT_3D('',#3479,#2724,#2725);
#2430=AXIS2_PLACEMENT_3D('',#3480,#2726,#2727);
#2431=AXIS2_PLACEMENT_3D('',#3485,#2729,#2730);
#2432=AXIS2_PLACEMENT_3D('',#3488,#2732,#2733);
#2433=AXIS2_PLACEMENT_3D('',#3489,#2734,#2735);
#2434=AXIS2_PLACEMENT_3D('',#3494,#2737,#2738);
#2435=AXIS2_PLACEMENT_3D('',#3497,#2740,#2741);
#2436=AXIS2_PLACEMENT_3D('',#3498,#2742,#2743);
#2437=AXIS2_PLACEMENT_3D('',#3503,#2745,#2746);
#2438=AXIS2_PLACEMENT_3D('',#3506,#2748,#2749);
#2439=AXIS2_PLACEMENT_3D('',#3507,#2750,#2751);
#2440=AXIS2_PLACEMENT_3D('',#3509,#2752,#2753);
#2441=AXIS2_PLACEMENT_3D('',#3511,#2754,#2755);
#2442=AXIS2_PLACEMENT_3D('',#3512,#2756,#2757);
#2443=AXIS2_PLACEMENT_3D('',#3513,#2758,#2759);
#2444=AXIS2_PLACEMENT_3D('',#3516,#2760,#2761);
#2445=AXIS2_PLACEMENT_3D('',#3518,#2762,#2763);
#2446=AXIS2_PLACEMENT_3D('',#3520,#2764,#2765);
#2447=AXIS2_PLACEMENT_3D('',#3521,#2766,#2767);
#2448=AXIS2_PLACEMENT_3D('',#3522,#2768,#2769);
#2449=AXIS2_PLACEMENT_3D('',#3525,#2770,#2771);
#2450=AXIS2_PLACEMENT_3D('',#3526,#2772,#2773);
#2451=AXIS2_PLACEMENT_3D('',#3527,#2774,#2775);
#2452=AXIS2_PLACEMENT_3D('',#3528,#2776,#2777);
#2453=AXIS2_PLACEMENT_3D('',#3533,#2779,#2780);
#2454=AXIS2_PLACEMENT_3D('',#3536,#2782,#2783);
#2455=AXIS2_PLACEMENT_3D('',#3537,#2784,#2785);
#2456=AXIS2_PLACEMENT_3D('',#3542,#2787,#2788);
#2457=AXIS2_PLACEMENT_3D('',#3545,#2790,#2791);
#2458=AXIS2_PLACEMENT_3D('',#3546,#2792,#2793);
#2459=AXIS2_PLACEMENT_3D('',#3551,#2795,#2796);
#2460=AXIS2_PLACEMENT_3D('',#3554,#2798,#2799);
#2461=AXIS2_PLACEMENT_3D('',#3555,#2800,#2801);
#2462=AXIS2_PLACEMENT_3D('',#3557,#2802,#2803);
#2463=AXIS2_PLACEMENT_3D('',#3559,#2804,#2805);
#2464=AXIS2_PLACEMENT_3D('',#3560,#2806,#2807);
#2465=AXIS2_PLACEMENT_3D('',#3561,#2808,#2809);
#2466=AXIS2_PLACEMENT_3D('',#3564,#2810,#2811);
#2467=AXIS2_PLACEMENT_3D('',#3566,#2812,#2813);
#2468=AXIS2_PLACEMENT_3D('',#3568,#2814,#2815);
#2469=AXIS2_PLACEMENT_3D('',#3569,#2816,#2817);
#2470=AXIS2_PLACEMENT_3D('',#3570,#2818,#2819);
#2471=AXIS2_PLACEMENT_3D('',#3573,#2820,#2821);
#2472=AXIS2_PLACEMENT_3D('',#3574,#2822,#2823);
#2473=AXIS2_PLACEMENT_3D('',#3575,#2824,#2825);
#2474=AXIS2_PLACEMENT_3D('',#3579,#2827,#2828);
#2475=AXIS2_PLACEMENT_3D('',#3583,#2830,#2831);
#2476=AXIS2_PLACEMENT_3D('',#3584,#2832,#2833);
#2477=AXIS2_PLACEMENT_3D('',#3585,#2834,#2835);
#2478=AXIS2_PLACEMENT_3D('',#3590,#2837,#2838);
#2479=AXIS2_PLACEMENT_3D('',#3593,#2840,#2841);
#2480=AXIS2_PLACEMENT_3D('',#3594,#2842,#2843);
#2481=AXIS2_PLACEMENT_3D('',#3599,#2845,#2846);
#2482=AXIS2_PLACEMENT_3D('',#3602,#2848,#2849);
#2483=AXIS2_PLACEMENT_3D('',#3603,#2850,#2851);
#2484=AXIS2_PLACEMENT_3D('',#3606,#2852,#2853);
#2485=AXIS2_PLACEMENT_3D('',#3608,#2854,#2855);
#2486=AXIS2_PLACEMENT_3D('',#3610,#2856,#2857);
#2487=AXIS2_PLACEMENT_3D('',#3611,#2858,#2859);
#2488=AXIS2_PLACEMENT_3D('',#3612,#2860,#2861);
#2489=AXIS2_PLACEMENT_3D('',#3615,#2862,#2863);
#2490=AXIS2_PLACEMENT_3D('',#3616,#2864,#2865);
#2491=AXIS2_PLACEMENT_3D('',#3617,#2866,#2867);
#2492=AXIS2_PLACEMENT_3D('',#3618,#2868,#2869);
#2493=AXIS2_PLACEMENT_3D('',#3621,#2870,#2871);
#2494=AXIS2_PLACEMENT_3D('',#3622,#2872,#2873);
#2495=AXIS2_PLACEMENT_3D('',#3623,#2874,#2875);
#2496=AXIS2_PLACEMENT_3D('',#3627,#2877,#2878);
#2497=AXIS2_PLACEMENT_3D('',#3631,#2880,#2881);
#2498=AXIS2_PLACEMENT_3D('',#3632,#2882,#2883);
#2499=AXIS2_PLACEMENT_3D('',#3633,#2884,#2885);
#2500=AXIS2_PLACEMENT_3D('',#3638,#2887,#2888);
#2501=AXIS2_PLACEMENT_3D('',#3641,#2890,#2891);
#2502=AXIS2_PLACEMENT_3D('',#3642,#2892,#2893);
#2503=AXIS2_PLACEMENT_3D('',#3647,#2895,#2896);
#2504=AXIS2_PLACEMENT_3D('',#3650,#2898,#2899);
#2505=AXIS2_PLACEMENT_3D('',#3671,#2900,#2901);
#2506=AXIS2_PLACEMENT_3D('',#3694,#2902,#2903);
#2507=AXIS2_PLACEMENT_3D('',#3695,#2904,#2905);
#2508=AXIS2_PLACEMENT_3D('',#3716,#2906,#2907);
#2509=AXIS2_PLACEMENT_3D('',#3727,#2908,#2909);
#2510=AXIS2_PLACEMENT_3D('',#3740,#2910,#2911);
#2511=AXIS2_PLACEMENT_3D('',#3741,#2912,#2913);
#2512=AXIS2_PLACEMENT_3D('',#3752,#2914,#2915);
#2513=AXIS2_PLACEMENT_3D('',#3763,#2916,#2917);
#2514=AXIS2_PLACEMENT_3D('',#3776,#2918,#2919);
#2515=AXIS2_PLACEMENT_3D('',#3777,#2920,#2921);
#2516=AXIS2_PLACEMENT_3D('',#3788,#2922,#2923);
#2517=AXIS2_PLACEMENT_3D('',#3799,#2924,#2925);
#2518=AXIS2_PLACEMENT_3D('',#3800,#2926,#2927);
#2519=AXIS2_PLACEMENT_3D('',#3806,#2928,#2929);
#2520=AXIS2_PLACEMENT_3D('',#3812,#2930,#2931);
#2521=AXIS2_PLACEMENT_3D('',#3823,#2932,#2933);
#2522=AXIS2_PLACEMENT_3D('',#3824,#2934,#2935);
#2523=AXIS2_PLACEMENT_3D('',#3831,#2936,#2937);
#2524=AXIS2_PLACEMENT_3D('',#3838,#2938,#2939);
#2525=AXIS2_PLACEMENT_3D('',#3839,#2940,#2941);
#2526=AXIS2_PLACEMENT_3D('',#3840,#2942,#2943);
#2527=AXIS2_PLACEMENT_3D('',#3842,#2944,#2945);
#2528=AXIS2_PLACEMENT_3D('',#3843,#2946,#2947);
#2529=AXIS2_PLACEMENT_3D('',#3844,#2948,#2949);
#2530=AXIS2_PLACEMENT_3D('',#3845,#2950,#2951);
#2531=AXIS2_PLACEMENT_3D('',#3846,#2952,#2953);
#2532=AXIS2_PLACEMENT_3D('',#3849,#2956,#2957);
#2533=AXIS2_PLACEMENT_3D('',#3850,#2958,#2959);
#2534=AXIS2_PLACEMENT_3D('',#3852,#2960,#2961);
#2535=AXIS2_PLACEMENT_3D('',#3854,#2962,#2963);
#2536=AXIS2_PLACEMENT_3D('',#3855,#2964,#2965);
#2537=AXIS2_PLACEMENT_3D('',#3858,#2968,#2969);
#2538=AXIS2_PLACEMENT_3D('',#3859,#2970,#2971);
#2539=AXIS2_PLACEMENT_3D('',#3860,#2972,#2973);
#2540=AXIS2_PLACEMENT_3D('',#3861,#2974,#2975);
#2541=AXIS2_PLACEMENT_3D('',#3862,#2976,#2977);
#2542=AXIS2_PLACEMENT_3D('',#3867,#2980,#2981);
#2543=AXIS2_PLACEMENT_3D('',#3868,#2982,#2983);
#2544=AXIS2_PLACEMENT_3D('',#3869,#2984,#2985);
#2545=AXIS2_PLACEMENT_3D('',#3870,#2986,#2987);
#2546=AXIS2_PLACEMENT_3D('',#3871,#2988,#2989);
#2547=AXIS2_PLACEMENT_3D('',#3876,#2991,#2992);
#2548=AXIS2_PLACEMENT_3D('',#3879,#2994,#2995);
#2549=AXIS2_PLACEMENT_3D('',#3880,#2996,#2997);
#2550=AXIS2_PLACEMENT_3D('',#3882,#2998,#2999);
#2551=AXIS2_PLACEMENT_3D('',#3883,#3000,#3001);
#2552=AXIS2_PLACEMENT_3D('',#3884,#3002,#3003);
#2553=AXIS2_PLACEMENT_3D('',#3885,#3004,#3005);
#2554=AXIS2_PLACEMENT_3D('',#3886,#3006,#3007);
#2555=AXIS2_PLACEMENT_3D('',#3907,#3008,#3009);
#2556=AXIS2_PLACEMENT_3D('',#3918,#3010,#3011);
#2557=AXIS2_PLACEMENT_3D('',#3929,#3012,#3013);
#2558=AXIS2_PLACEMENT_3D('',#3930,#3014,#3015);
#2559=AXIS2_PLACEMENT_3D('',#3932,#3016,#3017);
#2560=AXIS2_PLACEMENT_3D('',#3934,#3018,#3019);
#2561=AXIS2_PLACEMENT_3D('',#3935,#3020,#3021);
#2562=AXIS2_PLACEMENT_3D('',#3937,#3022,#3023);
#2563=AXIS2_PLACEMENT_3D('',#3938,#3024,#3025);
#2564=AXIS2_PLACEMENT_3D('',#3940,#3026,#3027);
#2565=AXIS2_PLACEMENT_3D('',#3941,#3028,#3029);
#2566=AXIS2_PLACEMENT_3D('',#3943,#3030,#3031);
#2567=AXIS2_PLACEMENT_3D('',#3944,#3032,#3033);
#2568=AXIS2_PLACEMENT_3D('',#3946,#3034,#3035);
#2569=AXIS2_PLACEMENT_3D('',#3947,#3036,#3037);
#2570=AXIS2_PLACEMENT_3D('',#3949,#3038,#3039);
#2571=AXIS2_PLACEMENT_3D('',#3951,#3040,#3041);
#2572=AXIS2_PLACEMENT_3D('',#3952,#3042,#3043);
#2573=AXIS2_PLACEMENT_3D('',#3953,#3044,#3045);
#2574=AXIS2_PLACEMENT_3D('',#3954,#3046,#3047);
#2575=AXIS2_PLACEMENT_3D('',#3959,#3050,#3051);
#2576=AXIS2_PLACEMENT_3D('',#3963,#3053,#3054);
#2577=AXIS2_PLACEMENT_3D('',#3967,#3056,#3057);
#2578=AXIS2_PLACEMENT_3D('',#3971,#3059,#3060);
#2579=AXIS2_PLACEMENT_3D('',#3975,#3062,#3063);
#2580=AXIS2_PLACEMENT_3D('',#3979,#3065,#3066);
#2581=AXIS2_PLACEMENT_3D('',#3983,#3068,#3069);
#2582=AXIS2_PLACEMENT_3D('',#3987,#3071,#3072);
#2583=AXIS2_PLACEMENT_3D('',#3991,#3074,#3075);
#2584=AXIS2_PLACEMENT_3D('',#3992,#3076,#3077);
#2585=AXIS2_PLACEMENT_3D('',#3998,#3081,#3082);
#2586=AXIS2_PLACEMENT_3D('',#3999,#3083,#3084);
#2587=AXIS2_PLACEMENT_3D('',#4003,#3086,#3087);
#2588=AXIS2_PLACEMENT_3D('',#4007,#3089,#3090);
#2589=AXIS2_PLACEMENT_3D('',#4011,#3092,#3093);
#2590=AXIS2_PLACEMENT_3D('',#4015,#3095,#3096);
#2591=AXIS2_PLACEMENT_3D('',#4016,#3097,#3098);
#2592=AXIS2_PLACEMENT_3D('',#4020,#3100,#3101);
#2593=AXIS2_PLACEMENT_3D('',#4024,#3103,#3104);
#2594=AXIS2_PLACEMENT_3D('',#4028,#3106,#3107);
#2595=AXIS2_PLACEMENT_3D('',#4029,#3108,#3109);
#2596=AXIS2_PLACEMENT_3D('',#4031,#3111,#3112);
#2597=AXIS2_PLACEMENT_3D('',#4034,#3115,#3116);
#2598=AXIS2_PLACEMENT_3D('',#4035,#3117,#3118);
#2599=AXIS2_PLACEMENT_3D('',#4038,#3121,#3122);
#2600=AXIS2_PLACEMENT_3D('',#4039,#3123,#3124);
#2601=AXIS2_PLACEMENT_3D('',#4042,#3127,#3128);
#2602=AXIS2_PLACEMENT_3D('',#4043,#3129,#3130);
#2603=AXIS2_PLACEMENT_3D('',#4044,#3131,#3132);
#2604=AXIS2_PLACEMENT_3D('',#4046,#3134,#3135);
#2605=AXIS2_PLACEMENT_3D('',#4049,#3138,#3139);
#2606=AXIS2_PLACEMENT_3D('',#4050,#3140,#3141);
#2607=AXIS2_PLACEMENT_3D('',#4053,#3144,#3145);
#2608=AXIS2_PLACEMENT_3D('',#4054,#3146,#3147);
#2609=AXIS2_PLACEMENT_3D('',#4057,#3150,#3151);
#2610=AXIS2_PLACEMENT_3D('',#4058,#3152,#3153);
#2611=AXIS2_PLACEMENT_3D('',#4059,#3154,#3155);
#2612=AXIS2_PLACEMENT_3D('',#4060,#3156,#3157);
#2613=AXIS2_PLACEMENT_3D('',#4063,#3158,#3159);
#2614=AXIS2_PLACEMENT_3D('',#4066,#3161,#3162);
#2615=AXIS2_PLACEMENT_3D('',#4072,#3166,#3167);
#2616=AXIS2_PLACEMENT_3D('',#4076,#3169,#3170);
#2617=AXIS2_PLACEMENT_3D('',#4077,#3171,#3172);
#2618=AXIS2_PLACEMENT_3D('',#4078,#3173,#3174);
#2619=AXIS2_PLACEMENT_3D('',#4084,#3178,#3179);
#2620=AXIS2_PLACEMENT_3D('',#4088,#3181,#3182);
#2621=AXIS2_PLACEMENT_3D('',#4089,#3183,#3184);
#2622=AXIS2_PLACEMENT_3D('',#4090,#3185,#3186);
#2623=AXIS2_PLACEMENT_3D('',#4096,#3190,#3191);
#2624=AXIS2_PLACEMENT_3D('',#4097,#3192,#3193);
#2625=AXIS2_PLACEMENT_3D('',#4101,#3195,#3196);
#2626=AXIS2_PLACEMENT_3D('',#4102,#3197,#3198);
#2627=AXIS2_PLACEMENT_3D('',#4108,#3202,#3203);
#2628=AXIS2_PLACEMENT_3D('',#4109,#3204,#3205);
#2629=AXIS2_PLACEMENT_3D('',#4111,#3206,#3207);
#2630=AXIS2_PLACEMENT_3D('',#4114,#3209,#3210);
#2631=AXIS2_PLACEMENT_3D('',#4120,#3214,#3215);
#2632=AXIS2_PLACEMENT_3D('',#4121,#3216,#3217);
#2633=AXIS2_PLACEMENT_3D('',#4125,#3219,#3220);
#2634=AXIS2_PLACEMENT_3D('',#4126,#3221,#3222);
#2635=AXIS2_PLACEMENT_3D('',#4132,#3226,#3227);
#2636=AXIS2_PLACEMENT_3D('',#4133,#3228,#3229);
#2637=AXIS2_PLACEMENT_3D('',#4137,#3231,#3232);
#2638=AXIS2_PLACEMENT_3D('',#4138,#3233,#3234);
#2639=AXIS2_PLACEMENT_3D('',#4144,#3238,#3239);
#2640=AXIS2_PLACEMENT_3D('',#4145,#3240,#3241);
#2641=AXIS2_PLACEMENT_3D('',#4149,#3243,#3244);
#2642=AXIS2_PLACEMENT_3D('',#4150,#3245,#3246);
#2643=AXIS2_PLACEMENT_3D('',#4156,#3250,#3251);
#2644=AXIS2_PLACEMENT_3D('',#4157,#3252,#3253);
#2645=AXIS2_PLACEMENT_3D('',#4159,#3254,#3255);
#2646=AXIS2_PLACEMENT_3D('',#4160,#3256,#3257);
#2647=AXIS2_PLACEMENT_3D('',#4163,#3260,#3261);
#2648=AXIS2_PLACEMENT_3D('',#4164,#3262,#3263);
#2649=AXIS2_PLACEMENT_3D('',#4165,#3264,#3265);
#2650=AXIS2_PLACEMENT_3D('',#4168,#3266,#3267);
#2651=AXIS2_PLACEMENT_3D('',#4171,#3269,#3270);
#2652=AXIS2_PLACEMENT_3D('',#4177,#3274,#3275);
#2653=AXIS2_PLACEMENT_3D('',#4181,#3277,#3278);
#2654=AXIS2_PLACEMENT_3D('',#4182,#3279,#3280);
#2655=AXIS2_PLACEMENT_3D('',#4183,#3281,#3282);
#2656=AXIS2_PLACEMENT_3D('',#4189,#3286,#3287);
#2657=AXIS2_PLACEMENT_3D('',#4193,#3289,#3290);
#2658=AXIS2_PLACEMENT_3D('',#4194,#3291,#3292);
#2659=AXIS2_PLACEMENT_3D('',#4195,#3293,#3294);
#2660=AXIS2_PLACEMENT_3D('',#4201,#3298,#3299);
#2661=AXIS2_PLACEMENT_3D('',#4202,#3300,#3301);
#2662=AXIS2_PLACEMENT_3D('',#4206,#3303,#3304);
#2663=AXIS2_PLACEMENT_3D('',#4207,#3305,#3306);
#2664=AXIS2_PLACEMENT_3D('',#4213,#3310,#3311);
#2665=AXIS2_PLACEMENT_3D('',#4214,#3312,#3313);
#2666=AXIS2_PLACEMENT_3D('',#4216,#3314,#3315);
#2667=AXIS2_PLACEMENT_3D('',#4219,#3317,#3318);
#2668=AXIS2_PLACEMENT_3D('',#4225,#3322,#3323);
#2669=AXIS2_PLACEMENT_3D('',#4226,#3324,#3325);
#2670=AXIS2_PLACEMENT_3D('',#4230,#3327,#3328);
#2671=AXIS2_PLACEMENT_3D('',#4231,#3329,#3330);
#2672=AXIS2_PLACEMENT_3D('',#4237,#3334,#3335);
#2673=AXIS2_PLACEMENT_3D('',#4238,#3336,#3337);
#2674=AXIS2_PLACEMENT_3D('',#4242,#3339,#3340);
#2675=AXIS2_PLACEMENT_3D('',#4243,#3341,#3342);
#2676=AXIS2_PLACEMENT_3D('',#4249,#3346,#3347);
#2677=AXIS2_PLACEMENT_3D('',#4250,#3348,#3349);
#2678=AXIS2_PLACEMENT_3D('',#4254,#3351,#3352);
#2679=AXIS2_PLACEMENT_3D('',#4255,#3353,#3354);
#2680=AXIS2_PLACEMENT_3D('',#4261,#3358,#3359);
#2681=AXIS2_PLACEMENT_3D('',#4262,#3360,#3361);
#2682=AXIS2_PLACEMENT_3D('',#4264,#3362,#3363);
#2683=AXIS2_PLACEMENT_3D('',#4265,#3364,#3365);
#2684=AXIS2_PLACEMENT_3D('',#4268,#3368,#3369);
#2685=AXIS2_PLACEMENT_3D('',#4269,#3370,#3371);
#2686=AXIS2_PLACEMENT_3D('',#4274,#3374,#3375);
#2687=AXIS2_PLACEMENT_3D('',#4278,#3377,#3378);
#2688=AXIS2_PLACEMENT_3D('',#4282,#3380,#3381);
#2689=AXIS2_PLACEMENT_3D('',#4286,#3383,#3384);
#2690=AXIS2_PLACEMENT_3D('',#4290,#3386,#3387);
#2691=AXIS2_PLACEMENT_3D('',#4294,#3389,#3390);
#2692=AXIS2_PLACEMENT_3D('',#4298,#3392,#3393);
#2693=AXIS2_PLACEMENT_3D('',#4302,#3395,#3396);
#2694=AXIS2_PLACEMENT_3D('',#4306,#3398,#3399);
#2695=AXIS2_PLACEMENT_3D('',#4307,#3400,#3401);
#2696=AXIS2_PLACEMENT_3D('',#4313,#3405,#3406);
#2697=AXIS2_PLACEMENT_3D('',#4314,#3407,#3408);
#2698=AXIS2_PLACEMENT_3D('',#4318,#3410,#3411);
#2699=AXIS2_PLACEMENT_3D('',#4322,#3413,#3414);
#2700=AXIS2_PLACEMENT_3D('',#4326,#3416,#3417);
#2701=AXIS2_PLACEMENT_3D('',#4330,#3419,#3420);
#2702=AXIS2_PLACEMENT_3D('',#4331,#3421,#3422);
#2703=AXIS2_PLACEMENT_3D('',#4335,#3424,#3425);
#2704=AXIS2_PLACEMENT_3D('',#4339,#3427,#3428);
#2705=AXIS2_PLACEMENT_3D('',#4343,#3430,#3431);
#2706=AXIS2_PLACEMENT_3D('',#4344,#3432,#3433);
#2707=AXIS2_PLACEMENT_3D('',#4346,#3435,#3436);
#2708=AXIS2_PLACEMENT_3D('',#4349,#3439,#3440);
#2709=AXIS2_PLACEMENT_3D('',#4350,#3441,#3442);
#2710=AXIS2_PLACEMENT_3D('',#4353,#3445,#3446);
#2711=AXIS2_PLACEMENT_3D('',#4354,#3447,#3448);
#2712=AXIS2_PLACEMENT_3D('',#4357,#3451,#3452);
#2713=AXIS2_PLACEMENT_3D('',#4358,#3453,#3454);
#2714=AXIS2_PLACEMENT_3D('',#4359,#3455,#3456);
#2715=AXIS2_PLACEMENT_3D('',#4361,#3458,#3459);
#2716=AXIS2_PLACEMENT_3D('',#4364,#3462,#3463);
#2717=AXIS2_PLACEMENT_3D('',#4365,#3464,#3465);
#2718=AXIS2_PLACEMENT_3D('',#4368,#3468,#3469);
#2719=AXIS2_PLACEMENT_3D('',#4369,#3470,#3471);
#2720=AXIS2_PLACEMENT_3D('',#4372,#3474,#3475);
#2721=AXIS2_PLACEMENT_3D('',#4373,#3476,#3477);
#2722=DIRECTION('',(0.,0.,1.));
#2723=DIRECTION('',(1.,0.,0.));
#2724=DIRECTION('',(0.,0.,1.));
#2725=DIRECTION('',(1.,0.,0.));
#2726=DIRECTION('',(0.,0.,-1.));
#2727=DIRECTION('',(-1.,0.,0.));
#2728=DIRECTION('',(0.,0.,1.));
#2729=DIRECTION('',(0.,0.,1.));
#2730=DIRECTION('',(1.,0.,0.));
#2731=DIRECTION('',(0.,0.,1.));
#2732=DIRECTION('',(0.,0.,1.));
#2733=DIRECTION('',(1.,0.,0.));
#2734=DIRECTION('',(0.,0.,-1.));
#2735=DIRECTION('',(-1.,0.,0.));
#2736=DIRECTION('',(0.,0.,1.));
#2737=DIRECTION('',(0.,0.,1.));
#2738=DIRECTION('',(1.,0.,0.));
#2739=DIRECTION('',(0.,0.,1.));
#2740=DIRECTION('',(0.,0.,1.));
#2741=DIRECTION('',(1.,0.,0.));
#2742=DIRECTION('',(0.,0.,1.));
#2743=DIRECTION('',(1.,0.,0.));
#2744=DIRECTION('',(0.,0.,1.));
#2745=DIRECTION('',(0.,0.,-1.));
#2746=DIRECTION('',(-1.,0.,0.));
#2747=DIRECTION('',(0.,0.,1.));
#2748=DIRECTION('',(0.,0.,-1.));
#2749=DIRECTION('',(-1.,0.,0.));
#2750=DIRECTION('',(0.,0.,-1.));
#2751=DIRECTION('',(-6.12323399573677E-17,1.,0.));
#2752=DIRECTION('',(0.,0.,-1.));
#2753=DIRECTION('',(-1.,0.,0.));
#2754=DIRECTION('',(0.,0.,-1.));
#2755=DIRECTION('',(-1.,0.,0.));
#2756=DIRECTION('',(0.,0.,-1.));
#2757=DIRECTION('',(-1.,0.,0.));
#2758=DIRECTION('',(0.,0.,-1.));
#2759=DIRECTION('',(-1.,0.,0.));
#2760=DIRECTION('',(0.,0.,-1.));
#2761=DIRECTION('',(1.83697019872103E-16,-1.,0.));
#2762=DIRECTION('',(0.,0.,1.));
#2763=DIRECTION('',(1.,0.,0.));
#2764=DIRECTION('',(0.,0.,-1.));
#2765=DIRECTION('',(-1.,0.,0.));
#2766=DIRECTION('',(0.,0.,-1.));
#2767=DIRECTION('',(-1.,0.,0.));
#2768=DIRECTION('',(0.,0.,-1.));
#2769=DIRECTION('',(-1.,0.,0.));
#2770=DIRECTION('',(0.,0.,-1.));
#2771=DIRECTION('',(-6.12323399573677E-17,1.,0.));
#2772=DIRECTION('',(0.,0.,-1.));
#2773=DIRECTION('',(1.,1.22464679914735E-16,0.));
#2774=DIRECTION('',(0.,0.,1.));
#2775=DIRECTION('',(1.,0.,0.));
#2776=DIRECTION('',(0.,0.,-1.));
#2777=DIRECTION('',(-1.,0.,0.));
#2778=DIRECTION('',(0.,0.,1.));
#2779=DIRECTION('',(0.,0.,1.));
#2780=DIRECTION('',(1.,0.,0.));
#2781=DIRECTION('',(0.,0.,1.));
#2782=DIRECTION('',(0.,0.,1.));
#2783=DIRECTION('',(1.,0.,0.));
#2784=DIRECTION('',(0.,0.,-1.));
#2785=DIRECTION('',(-1.,0.,0.));
#2786=DIRECTION('',(0.,0.,1.));
#2787=DIRECTION('',(0.,0.,1.));
#2788=DIRECTION('',(1.,0.,0.));
#2789=DIRECTION('',(0.,0.,1.));
#2790=DIRECTION('',(0.,0.,1.));
#2791=DIRECTION('',(1.,0.,0.));
#2792=DIRECTION('',(0.,0.,1.));
#2793=DIRECTION('',(1.,0.,0.));
#2794=DIRECTION('',(0.,0.,1.));
#2795=DIRECTION('',(0.,0.,-1.));
#2796=DIRECTION('',(-1.,0.,0.));
#2797=DIRECTION('',(0.,0.,1.));
#2798=DIRECTION('',(0.,0.,-1.));
#2799=DIRECTION('',(-1.,0.,0.));
#2800=DIRECTION('',(0.,0.,-1.));
#2801=DIRECTION('',(-6.12323399573677E-17,1.,0.));
#2802=DIRECTION('',(0.,0.,-1.));
#2803=DIRECTION('',(-1.,0.,0.));
#2804=DIRECTION('',(0.,0.,-1.));
#2805=DIRECTION('',(-1.,0.,0.));
#2806=DIRECTION('',(0.,0.,-1.));
#2807=DIRECTION('',(-1.,0.,0.));
#2808=DIRECTION('',(0.,0.,-1.));
#2809=DIRECTION('',(-1.,0.,0.));
#2810=DIRECTION('',(0.,0.,-1.));
#2811=DIRECTION('',(1.83697019872103E-16,-1.,0.));
#2812=DIRECTION('',(0.,0.,1.));
#2813=DIRECTION('',(1.,0.,0.));
#2814=DIRECTION('',(0.,0.,-1.));
#2815=DIRECTION('',(-1.,0.,0.));
#2816=DIRECTION('',(0.,0.,-1.));
#2817=DIRECTION('',(-1.,0.,0.));
#2818=DIRECTION('',(0.,0.,-1.));
#2819=DIRECTION('',(-1.,0.,0.));
#2820=DIRECTION('',(0.,0.,-1.));
#2821=DIRECTION('',(-6.12323399573677E-17,1.,0.));
#2822=DIRECTION('',(0.,0.,-1.));
#2823=DIRECTION('',(1.,1.22464679914735E-16,0.));
#2824=DIRECTION('',(0.,0.,1.));
#2825=DIRECTION('',(1.,0.,0.));
#2826=DIRECTION('',(0.,0.,1.));
#2827=DIRECTION('',(0.,0.,-1.));
#2828=DIRECTION('',(-1.,0.,0.));
#2829=DIRECTION('',(0.,0.,1.));
#2830=DIRECTION('',(0.,0.,1.));
#2831=DIRECTION('',(1.,0.,0.));
#2832=DIRECTION('',(0.,0.,1.));
#2833=DIRECTION('',(1.,0.,0.));
#2834=DIRECTION('',(0.,0.,-1.));
#2835=DIRECTION('',(-1.,0.,0.));
#2836=DIRECTION('',(0.,0.,1.));
#2837=DIRECTION('',(0.,0.,1.));
#2838=DIRECTION('',(1.,0.,0.));
#2839=DIRECTION('',(0.,0.,1.));
#2840=DIRECTION('',(0.,0.,1.));
#2841=DIRECTION('',(1.,0.,0.));
#2842=DIRECTION('',(0.,0.,-1.));
#2843=DIRECTION('',(-1.,0.,0.));
#2844=DIRECTION('',(0.,0.,1.));
#2845=DIRECTION('',(0.,0.,1.));
#2846=DIRECTION('',(1.,0.,0.));
#2847=DIRECTION('',(0.,0.,1.));
#2848=DIRECTION('',(0.,0.,-1.));
#2849=DIRECTION('',(-1.,0.,0.));
#2850=DIRECTION('',(0.,0.,1.));
#2851=DIRECTION('',(1.,0.,0.));
#2852=DIRECTION('',(0.,0.,-1.));
#2853=DIRECTION('',(-6.12323399573677E-17,1.,0.));
#2854=DIRECTION('',(0.,0.,-1.));
#2855=DIRECTION('',(-1.,0.,0.));
#2856=DIRECTION('',(0.,0.,-1.));
#2857=DIRECTION('',(-1.,0.,0.));
#2858=DIRECTION('',(0.,0.,-1.));
#2859=DIRECTION('',(-1.,0.,0.));
#2860=DIRECTION('',(0.,0.,-1.));
#2861=DIRECTION('',(-1.,0.,0.));
#2862=DIRECTION('',(0.,0.,-1.));
#2863=DIRECTION('',(1.83697019872103E-16,-1.,0.));
#2864=DIRECTION('',(0.,0.,-1.));
#2865=DIRECTION('',(-1.,0.,0.));
#2866=DIRECTION('',(0.,0.,-1.));
#2867=DIRECTION('',(-1.,0.,0.));
#2868=DIRECTION('',(0.,0.,-1.));
#2869=DIRECTION('',(-1.,0.,0.));
#2870=DIRECTION('',(0.,0.,-1.));
#2871=DIRECTION('',(-6.12323399573677E-17,1.,0.));
#2872=DIRECTION('',(0.,0.,-1.));
#2873=DIRECTION('',(1.,1.22464679914735E-16,0.));
#2874=DIRECTION('',(0.,0.,1.));
#2875=DIRECTION('',(1.,0.,0.));
#2876=DIRECTION('',(0.,0.,1.));
#2877=DIRECTION('',(0.,0.,-1.));
#2878=DIRECTION('',(-1.,0.,0.));
#2879=DIRECTION('',(0.,0.,1.));
#2880=DIRECTION('',(0.,0.,1.));
#2881=DIRECTION('',(1.,0.,0.));
#2882=DIRECTION('',(0.,0.,1.));
#2883=DIRECTION('',(1.,0.,0.));
#2884=DIRECTION('',(0.,0.,-1.));
#2885=DIRECTION('',(-1.,0.,0.));
#2886=DIRECTION('',(0.,0.,1.));
#2887=DIRECTION('',(0.,0.,1.));
#2888=DIRECTION('',(1.,0.,0.));
#2889=DIRECTION('',(0.,0.,1.));
#2890=DIRECTION('',(0.,0.,1.));
#2891=DIRECTION('',(1.,0.,0.));
#2892=DIRECTION('',(0.,0.,-1.));
#2893=DIRECTION('',(-1.,0.,0.));
#2894=DIRECTION('',(0.,0.,1.));
#2895=DIRECTION('',(0.,0.,1.));
#2896=DIRECTION('',(1.,0.,0.));
#2897=DIRECTION('',(0.,0.,1.));
#2898=DIRECTION('',(0.,0.,-1.));
#2899=DIRECTION('',(-1.,0.,0.));
#2900=DIRECTION('',(0.,0.,-1.));
#2901=DIRECTION('',(-1.,0.,0.));
#2902=DIRECTION('',(0.,0.,-1.));
#2903=DIRECTION('',(-1.,0.,0.));
#2904=DIRECTION('',(0.,0.,-1.));
#2905=DIRECTION('',(-1.,0.,0.));
#2906=DIRECTION('',(0.,0.,-1.));
#2907=DIRECTION('',(-1.,0.,0.));
#2908=DIRECTION('',(0.,0.,-1.));
#2909=DIRECTION('',(-1.,0.,0.));
#2910=DIRECTION('',(0.,0.,-1.));
#2911=DIRECTION('',(-1.,0.,0.));
#2912=DIRECTION('',(0.,0.,-1.));
#2913=DIRECTION('',(-1.,0.,0.));
#2914=DIRECTION('',(0.,0.,-1.));
#2915=DIRECTION('',(-1.,0.,0.));
#2916=DIRECTION('',(0.,0.,-1.));
#2917=DIRECTION('',(-1.,0.,0.));
#2918=DIRECTION('',(0.,0.,-1.));
#2919=DIRECTION('',(-1.,0.,0.));
#2920=DIRECTION('',(0.,0.,-1.));
#2921=DIRECTION('',(-1.,0.,0.));
#2922=DIRECTION('',(0.,0.,-1.));
#2923=DIRECTION('',(-1.,0.,0.));
#2924=DIRECTION('',(0.,0.,-1.));
#2925=DIRECTION('',(-1.,0.,0.));
#2926=DIRECTION('',(0.,0.,-1.));
#2927=DIRECTION('',(-1.,0.,0.));
#2928=DIRECTION('',(0.,0.,-1.));
#2929=DIRECTION('',(-1.,0.,0.));
#2930=DIRECTION('',(0.,0.,-1.));
#2931=DIRECTION('',(-1.,0.,0.));
#2932=DIRECTION('',(0.,0.,-1.));
#2933=DIRECTION('',(-1.,0.,0.));
#2934=DIRECTION('',(0.,0.,-1.));
#2935=DIRECTION('',(-1.,0.,0.));
#2936=DIRECTION('',(0.,0.,-1.));
#2937=DIRECTION('',(-1.,0.,0.));
#2938=DIRECTION('',(0.,0.,-1.));
#2939=DIRECTION('',(-1.,0.,0.));
#2940=DIRECTION('',(0.,0.,-1.));
#2941=DIRECTION('',(-1.,0.,0.));
#2942=DIRECTION('',(0.,0.,1.));
#2943=DIRECTION('',(1.,0.,0.));
#2944=DIRECTION('',(0.,0.,-1.));
#2945=DIRECTION('',(1.83697019872103E-16,-1.,0.));
#2946=DIRECTION('',(0.,0.,-1.));
#2947=DIRECTION('',(1.,1.22464679914735E-16,0.));
#2948=DIRECTION('',(0.,0.,-1.));
#2949=DIRECTION('',(-6.12323399573677E-17,1.,0.));
#2950=DIRECTION('',(0.,0.,-1.));
#2951=DIRECTION('',(-1.,0.,0.));
#2952=DIRECTION('',(0.,0.,1.));
#2953=DIRECTION('',(1.,0.,0.));
#2954=DIRECTION('',(0.,0.,1.));
#2955=DIRECTION('',(0.,0.,1.));
#2956=DIRECTION('',(0.,0.,-1.));
#2957=DIRECTION('',(-1.,0.,0.));
#2958=DIRECTION('',(0.,0.,-1.));
#2959=DIRECTION('',(1.83697019872103E-16,-1.,0.));
#2960=DIRECTION('',(0.,0.,-1.));
#2961=DIRECTION('',(-1.,0.,0.));
#2962=DIRECTION('',(0.,0.,-1.));
#2963=DIRECTION('',(1.,1.22464679914735E-16,0.));
#2964=DIRECTION('',(0.,0.,1.));
#2965=DIRECTION('',(1.,0.,0.));
#2966=DIRECTION('',(0.,0.,1.));
#2967=DIRECTION('',(0.,0.,1.));
#2968=DIRECTION('',(0.,0.,-1.));
#2969=DIRECTION('',(-1.,0.,0.));
#2970=DIRECTION('',(0.,0.,-1.));
#2971=DIRECTION('',(1.83697019872103E-16,-1.,0.));
#2972=DIRECTION('',(0.,0.,-1.));
#2973=DIRECTION('',(1.,1.22464679914735E-16,0.));
#2974=DIRECTION('',(0.,0.,1.));
#2975=DIRECTION('',(1.,0.,0.));
#2976=DIRECTION('',(0.,0.,-1.));
#2977=DIRECTION('',(-1.,0.,0.));
#2978=DIRECTION('',(0.,0.,1.));
#2979=DIRECTION('',(0.,0.,1.));
#2980=DIRECTION('',(0.,0.,-1.));
#2981=DIRECTION('',(-1.,0.,0.));
#2982=DIRECTION('',(0.,0.,-1.));
#2983=DIRECTION('',(1.83697019872103E-16,-1.,0.));
#2984=DIRECTION('',(0.,0.,-1.));
#2985=DIRECTION('',(1.,1.22464679914735E-16,0.));
#2986=DIRECTION('',(0.,0.,1.));
#2987=DIRECTION('',(1.,0.,0.));
#2988=DIRECTION('',(0.,0.,-1.));
#2989=DIRECTION('',(-1.,0.,0.));
#2990=DIRECTION('',(0.,0.,1.));
#2991=DIRECTION('',(0.,0.,1.));
#2992=DIRECTION('',(1.,0.,0.));
#2993=DIRECTION('',(0.,0.,1.));
#2994=DIRECTION('',(0.,0.,-1.));
#2995=DIRECTION('',(-1.,0.,0.));
#2996=DIRECTION('',(0.,0.,-1.));
#2997=DIRECTION('',(-1.,0.,0.));
#2998=DIRECTION('',(0.,0.,-1.));
#2999=DIRECTION('',(1.83697019872103E-16,-1.,0.));
#3000=DIRECTION('',(0.,0.,-1.));
#3001=DIRECTION('',(-1.,0.,0.));
#3002=DIRECTION('',(0.,0.,-1.));
#3003=DIRECTION('',(-6.12323399573677E-17,1.,0.));
#3004=DIRECTION('',(0.,0.,-1.));
#3005=DIRECTION('',(1.,1.22464679914735E-16,0.));
#3006=DIRECTION('',(0.,0.,-1.));
#3007=DIRECTION('',(-1.,0.,0.));
#3008=DIRECTION('',(0.,0.,-1.));
#3009=DIRECTION('',(-1.,0.,0.));
#3010=DIRECTION('',(0.,0.,-1.));
#3011=DIRECTION('',(-1.,0.,0.));
#3012=DIRECTION('',(0.,0.,1.));
#3013=DIRECTION('',(1.,0.,0.));
#3014=DIRECTION('',(0.,0.,1.));
#3015=DIRECTION('',(1.,0.,0.));
#3016=DIRECTION('',(0.,0.,1.));
#3017=DIRECTION('',(1.,0.,0.));
#3018=DIRECTION('',(0.,0.,1.));
#3019=DIRECTION('',(1.,0.,0.));
#3020=DIRECTION('',(0.,0.,1.));
#3021=DIRECTION('',(1.,0.,0.));
#3022=DIRECTION('',(0.,0.,1.));
#3023=DIRECTION('',(1.,0.,0.));
#3024=DIRECTION('',(0.,0.,1.));
#3025=DIRECTION('',(1.,0.,0.));
#3026=DIRECTION('',(0.,0.,-1.));
#3027=DIRECTION('',(-1.,0.,0.));
#3028=DIRECTION('',(0.,0.,-1.));
#3029=DIRECTION('',(-1.,0.,0.));
#3030=DIRECTION('',(0.,0.,1.));
#3031=DIRECTION('',(1.,0.,0.));
#3032=DIRECTION('',(0.,0.,-1.));
#3033=DIRECTION('',(-1.,0.,0.));
#3034=DIRECTION('',(0.,0.,1.));
#3035=DIRECTION('',(1.,0.,0.));
#3036=DIRECTION('',(0.,0.,-1.));
#3037=DIRECTION('',(-1.,0.,0.));
#3038=DIRECTION('',(0.,0.,1.));
#3039=DIRECTION('',(1.,0.,0.));
#3040=DIRECTION('',(0.,0.,-1.));
#3041=DIRECTION('',(-1.,0.,0.));
#3042=DIRECTION('',(0.,0.,-1.));
#3043=DIRECTION('',(-1.,0.,0.));
#3044=DIRECTION('',(0.,0.,-1.));
#3045=DIRECTION('',(-1.,0.,0.));
#3046=DIRECTION('',(0.,0.,1.));
#3047=DIRECTION('',(1.,0.,0.));
#3048=DIRECTION('',(0.,0.,-1.));
#3049=DIRECTION('',(0.,0.,-1.));
#3050=DIRECTION('',(0.,0.,1.));
#3051=DIRECTION('',(1.,0.,0.));
#3052=DIRECTION('',(0.,0.,-1.));
#3053=DIRECTION('',(0.,0.,1.));
#3054=DIRECTION('',(1.,0.,0.));
#3055=DIRECTION('',(0.,0.,-1.));
#3056=DIRECTION('',(0.,0.,1.));
#3057=DIRECTION('',(1.,0.,0.));
#3058=DIRECTION('',(0.,0.,-1.));
#3059=DIRECTION('',(0.,0.,1.));
#3060=DIRECTION('',(1.,0.,0.));
#3061=DIRECTION('',(0.,0.,-1.));
#3062=DIRECTION('',(0.,0.,1.));
#3063=DIRECTION('',(1.,0.,0.));
#3064=DIRECTION('',(0.,0.,-1.));
#3065=DIRECTION('',(0.,0.,-1.));
#3066=DIRECTION('',(-1.,0.,0.));
#3067=DIRECTION('',(0.,0.,-1.));
#3068=DIRECTION('',(0.,0.,-1.));
#3069=DIRECTION('',(-1.,0.,0.));
#3070=DIRECTION('',(0.,0.,-1.));
#3071=DIRECTION('',(0.,0.,-1.));
#3072=DIRECTION('',(-1.,0.,0.));
#3073=DIRECTION('',(0.,0.,-1.));
#3074=DIRECTION('',(0.,0.,-1.));
#3075=DIRECTION('',(-1.,0.,0.));
#3076=DIRECTION('',(0.965925826289068,0.258819045102521,0.));
#3077=DIRECTION('',(-0.258819045102521,0.965925826289068,0.));
#3078=DIRECTION('',(0.258819045102521,-0.965925826289068,0.));
#3079=DIRECTION('',(0.,0.,-1.));
#3080=DIRECTION('',(0.258819045102521,-0.965925826289068,0.));
#3081=DIRECTION('',(0.,0.,-1.));
#3082=DIRECTION('',(-1.,0.,0.));
#3083=DIRECTION('',(0.,0.,1.));
#3084=DIRECTION('',(1.,0.,0.));
#3085=DIRECTION('',(0.,0.,-1.));
#3086=DIRECTION('',(0.,0.,1.));
#3087=DIRECTION('',(1.,0.,0.));
#3088=DIRECTION('',(0.,0.,-1.));
#3089=DIRECTION('',(0.,0.,1.));
#3090=DIRECTION('',(1.,0.,0.));
#3091=DIRECTION('',(0.,0.,-1.));
#3092=DIRECTION('',(0.,0.,1.));
#3093=DIRECTION('',(1.,0.,0.));
#3094=DIRECTION('',(0.,0.,-1.));
#3095=DIRECTION('',(0.,0.,-1.));
#3096=DIRECTION('',(-1.,0.,0.));
#3097=DIRECTION('',(0.,0.,-1.));
#3098=DIRECTION('',(-1.,0.,0.));
#3099=DIRECTION('',(0.,0.,-1.));
#3100=DIRECTION('',(0.,0.,-1.));
#3101=DIRECTION('',(-1.,0.,0.));
#3102=DIRECTION('',(0.,0.,-1.));
#3103=DIRECTION('',(0.,0.,-1.));
#3104=DIRECTION('',(-1.,0.,0.));
#3105=DIRECTION('',(0.,0.,-1.));
#3106=DIRECTION('',(0.,0.,-1.));
#3107=DIRECTION('',(-1.,0.,0.));
#3108=DIRECTION('',(0.,0.,1.));
#3109=DIRECTION('',(1.,0.,0.));
#3110=DIRECTION('',(-0.258819045102521,-0.965925826289068,0.));
#3111=DIRECTION('',(0.866025403769167,0.500000000026452,0.));
#3112=DIRECTION('',(-0.500000000026452,0.866025403769167,0.));
#3113=DIRECTION('',(0.500000000026452,-0.866025403769167,0.));
#3114=DIRECTION('',(0.500000000026452,-0.866025403769167,0.));
#3115=DIRECTION('',(0.,0.,1.));
#3116=DIRECTION('',(1.,0.,0.));
#3117=DIRECTION('',(0.70710678116495,0.707106781208145,0.));
#3118=DIRECTION('',(-0.707106781208145,0.70710678116495,0.));
#3119=DIRECTION('',(0.707106781208145,-0.70710678116495,0.));
#3120=DIRECTION('',(0.707106781208145,-0.70710678116495,0.));
#3121=DIRECTION('',(0.,0.,1.));
#3122=DIRECTION('',(1.,0.,0.));
#3123=DIRECTION('',(-0.499999999973548,-0.866025403799711,0.));
#3124=DIRECTION('',(0.866025403799711,-0.499999999973548,0.));
#3125=DIRECTION('',(-0.866025403799711,0.499999999973548,0.));
#3126=DIRECTION('',(-0.866025403799711,0.499999999973548,0.));
#3127=DIRECTION('',(0.,0.,1.));
#3128=DIRECTION('',(1.,0.,0.));
#3129=DIRECTION('',(0.,0.,1.));
#3130=DIRECTION('',(1.,0.,0.));
#3131=DIRECTION('',(0.965925826289068,-0.258819045102521,0.));
#3132=DIRECTION('',(0.258819045102521,0.965925826289068,0.));
#3133=DIRECTION('',(-0.258819045102521,-0.965925826289068,0.));
#3134=DIRECTION('',(0.866025403769167,-0.500000000026452,0.));
#3135=DIRECTION('',(0.500000000026452,0.866025403769167,0.));
#3136=DIRECTION('',(-0.500000000026452,-0.866025403769167,0.));
#3137=DIRECTION('',(-0.500000000026452,-0.866025403769167,0.));
#3138=DIRECTION('',(0.,0.,1.));
#3139=DIRECTION('',(-1.,0.,0.));
#3140=DIRECTION('',(0.70710678116495,-0.707106781208145,0.));
#3141=DIRECTION('',(0.707106781208145,0.70710678116495,0.));
#3142=DIRECTION('',(-0.707106781208145,-0.70710678116495,0.));
#3143=DIRECTION('',(-0.707106781208145,-0.70710678116495,0.));
#3144=DIRECTION('',(0.,0.,1.));
#3145=DIRECTION('',(-1.,0.,0.));
#3146=DIRECTION('',(-0.499999999973548,0.866025403799711,0.));
#3147=DIRECTION('',(-0.866025403799711,-0.499999999973548,0.));
#3148=DIRECTION('',(0.866025403799711,0.499999999973548,0.));
#3149=DIRECTION('',(0.866025403799711,0.499999999973548,0.));
#3150=DIRECTION('',(0.,0.,1.));
#3151=DIRECTION('',(-1.,0.,0.));
#3152=DIRECTION('',(0.,0.,1.));
#3153=DIRECTION('',(-1.,0.,0.));
#3154=DIRECTION('',(0.,0.,1.));
#3155=DIRECTION('',(1.,1.22464679914735E-16,0.));
#3156=DIRECTION('',(0.,0.,1.));
#3157=DIRECTION('',(-1.,-1.22464679914735E-16,0.));
#3158=DIRECTION('',(0.,0.,-1.));
#3159=DIRECTION('',(1.,1.22464679914735E-16,0.));
#3160=DIRECTION('',(-0.866025403799711,-0.499999999973548,0.));
#3161=DIRECTION('',(0.499999999973548,-0.866025403799711,0.));
#3162=DIRECTION('',(0.866025403799711,0.499999999973548,0.));
#3163=DIRECTION('',(0.,0.,-1.));
#3164=DIRECTION('',(0.,0.,-1.));
#3165=DIRECTION('',(-0.866025403799711,-0.499999999973548,0.));
#3166=DIRECTION('',(0.,0.,1.));
#3167=DIRECTION('',(1.,1.22464679914735E-16,0.));
#3168=DIRECTION('',(0.707106781208145,0.70710678116495,0.));
#3169=DIRECTION('',(0.,0.,1.));
#3170=DIRECTION('',(-1.,-1.22464679914735E-16,0.));
#3171=DIRECTION('',(0.,0.,-1.));
#3172=DIRECTION('',(1.,1.22464679914735E-16,0.));
#3173=DIRECTION('',(-0.70710678116495,0.707106781208145,0.));
#3174=DIRECTION('',(-0.707106781208145,-0.70710678116495,0.));
#3175=DIRECTION('',(0.,0.,-1.));
#3176=DIRECTION('',(0.707106781208145,0.70710678116495,0.));
#3177=DIRECTION('',(0.,0.,-1.));
#3178=DIRECTION('',(0.,0.,1.));
#3179=DIRECTION('',(1.,1.22464679914735E-16,0.));
#3180=DIRECTION('',(0.500000000026452,0.866025403769167,0.));
#3181=DIRECTION('',(0.,0.,1.));
#3182=DIRECTION('',(-1.,-1.22464679914735E-16,0.));
#3183=DIRECTION('',(0.,0.,-1.));
#3184=DIRECTION('',(1.,1.22464679914735E-16,0.));
#3185=DIRECTION('',(-0.866025403769167,0.500000000026452,0.));
#3186=DIRECTION('',(-0.500000000026452,-0.866025403769167,0.));
#3187=DIRECTION('',(0.,0.,-1.));
#3188=DIRECTION('',(0.500000000026452,0.866025403769167,0.));
#3189=DIRECTION('',(0.,0.,-1.));
#3190=DIRECTION('',(0.,0.,1.));
#3191=DIRECTION('',(1.,1.22464679914735E-16,0.));
#3192=DIRECTION('',(0.,0.,-1.));
#3193=DIRECTION('',(1.,1.22464679914735E-16,0.));
#3194=DIRECTION('',(0.258819045102521,0.965925826289068,0.));
#3195=DIRECTION('',(0.,0.,1.));
#3196=DIRECTION('',(-1.,-1.22464679914735E-16,0.));
#3197=DIRECTION('',(-0.965925826289068,0.258819045102521,0.));
#3198=DIRECTION('',(-0.258819045102521,-0.965925826289068,0.));
#3199=DIRECTION('',(0.,0.,-1.));
#3200=DIRECTION('',(0.258819045102521,0.965925826289068,0.));
#3201=DIRECTION('',(0.,0.,-1.));
#3202=DIRECTION('',(0.,0.,1.));
#3203=DIRECTION('',(-1.,-1.22464679914735E-16,0.));
#3204=DIRECTION('',(0.,0.,-1.));
#3205=DIRECTION('',(1.,1.22464679914735E-16,0.));
#3206=DIRECTION('',(0.,0.,1.));
#3207=DIRECTION('',(-1.,-1.22464679914735E-16,0.));
#3208=DIRECTION('',(-0.258819045102521,0.965925826289068,0.));
#3209=DIRECTION('',(-0.965925826289068,-0.258819045102521,0.));
#3210=DIRECTION('',(0.258819045102521,-0.965925826289068,0.));
#3211=DIRECTION('',(0.,0.,-1.));
#3212=DIRECTION('',(-0.258819045102521,0.965925826289068,0.));
#3213=DIRECTION('',(0.,0.,-1.));
#3214=DIRECTION('',(0.,0.,1.));
#3215=DIRECTION('',(-1.,-1.22464679914735E-16,0.));
#3216=DIRECTION('',(0.,0.,1.));
#3217=DIRECTION('',(-1.,-1.22464679914735E-16,0.));
#3218=DIRECTION('',(-0.500000000026452,0.866025403769167,0.));
#3219=DIRECTION('',(0.,0.,-1.));
#3220=DIRECTION('',(1.,1.22464679914735E-16,0.));
#3221=DIRECTION('',(-0.866025403769167,-0.500000000026452,0.));
#3222=DIRECTION('',(0.500000000026452,-0.866025403769167,0.));
#3223=DIRECTION('',(0.,0.,-1.));
#3224=DIRECTION('',(-0.500000000026452,0.866025403769167,0.));
#3225=DIRECTION('',(0.,0.,-1.));
#3226=DIRECTION('',(0.,0.,1.));
#3227=DIRECTION('',(-1.,-1.22464679914735E-16,0.));
#3228=DIRECTION('',(0.,0.,1.));
#3229=DIRECTION('',(-1.,-1.22464679914735E-16,0.));
#3230=DIRECTION('',(-0.707106781208145,0.70710678116495,0.));
#3231=DIRECTION('',(0.,0.,-1.));
#3232=DIRECTION('',(1.,1.22464679914735E-16,0.));
#3233=DIRECTION('',(-0.70710678116495,-0.707106781208145,0.));
#3234=DIRECTION('',(0.707106781208145,-0.70710678116495,0.));
#3235=DIRECTION('',(0.,0.,-1.));
#3236=DIRECTION('',(-0.707106781208145,0.70710678116495,0.));
#3237=DIRECTION('',(0.,0.,-1.));
#3238=DIRECTION('',(0.,0.,1.));
#3239=DIRECTION('',(-1.,-1.22464679914735E-16,0.));
#3240=DIRECTION('',(0.,0.,1.));
#3241=DIRECTION('',(-1.,-1.22464679914735E-16,0.));
#3242=DIRECTION('',(0.866025403799711,-0.499999999973548,0.));
#3243=DIRECTION('',(0.,0.,-1.));
#3244=DIRECTION('',(1.,1.22464679914735E-16,0.));
#3245=DIRECTION('',(0.499999999973548,0.866025403799711,0.));
#3246=DIRECTION('',(-0.866025403799711,0.499999999973548,0.));
#3247=DIRECTION('',(0.866025403799711,-0.499999999973548,0.));
#3248=DIRECTION('',(0.,0.,-1.));
#3249=DIRECTION('',(0.,0.,-1.));
#3250=DIRECTION('',(0.,0.,1.));
#3251=DIRECTION('',(-1.,-1.22464679914735E-16,0.));
#3252=DIRECTION('',(0.,0.,-1.));
#3253=DIRECTION('',(1.,1.22464679914735E-16,0.));
#3254=DIRECTION('',(0.,0.,1.));
#3255=DIRECTION('',(-1.,-1.22464679914735E-16,0.));
#3256=DIRECTION('',(0.,0.,1.));
#3257=DIRECTION('',(-1.,-1.22464679914735E-16,0.));
#3258=DIRECTION('',(0.,0.,-1.));
#3259=DIRECTION('',(0.,0.,-1.));
#3260=DIRECTION('',(0.,0.,-1.));
#3261=DIRECTION('',(1.,1.22464679914735E-16,0.));
#3262=DIRECTION('',(0.,0.,1.));
#3263=DIRECTION('',(1.83697019872103E-16,-1.,0.));
#3264=DIRECTION('',(0.,0.,1.));
#3265=DIRECTION('',(-1.83697019872103E-16,1.,0.));
#3266=DIRECTION('',(0.,0.,-1.));
#3267=DIRECTION('',(1.83697019872103E-16,-1.,0.));
#3268=DIRECTION('',(-0.499999999973548,0.866025403799711,0.));
#3269=DIRECTION('',(-0.866025403799711,-0.499999999973548,0.));
#3270=DIRECTION('',(0.499999999973548,-0.866025403799711,0.));
#3271=DIRECTION('',(0.,0.,-1.));
#3272=DIRECTION('',(0.,0.,-1.));
#3273=DIRECTION('',(-0.499999999973548,0.866025403799711,0.));
#3274=DIRECTION('',(0.,0.,1.));
#3275=DIRECTION('',(1.83697019872103E-16,-1.,0.));
#3276=DIRECTION('',(0.70710678116495,-0.707106781208145,0.));
#3277=DIRECTION('',(0.,0.,1.));
#3278=DIRECTION('',(-1.83697019872103E-16,1.,0.));
#3279=DIRECTION('',(0.,0.,-1.));
#3280=DIRECTION('',(1.83697019872103E-16,-1.,0.));
#3281=DIRECTION('',(0.707106781208145,0.70710678116495,0.));
#3282=DIRECTION('',(-0.70710678116495,0.707106781208145,0.));
#3283=DIRECTION('',(0.,0.,-1.));
#3284=DIRECTION('',(0.70710678116495,-0.707106781208145,0.));
#3285=DIRECTION('',(0.,0.,-1.));
#3286=DIRECTION('',(0.,0.,1.));
#3287=DIRECTION('',(1.83697019872103E-16,-1.,0.));
#3288=DIRECTION('',(0.866025403769167,-0.500000000026452,0.));
#3289=DIRECTION('',(0.,0.,1.));
#3290=DIRECTION('',(-1.83697019872103E-16,1.,0.));
#3291=DIRECTION('',(0.,0.,-1.));
#3292=DIRECTION('',(1.83697019872103E-16,-1.,0.));
#3293=DIRECTION('',(0.500000000026452,0.866025403769167,0.));
#3294=DIRECTION('',(-0.866025403769167,0.500000000026452,0.));
#3295=DIRECTION('',(0.,0.,-1.));
#3296=DIRECTION('',(0.866025403769167,-0.500000000026452,0.));
#3297=DIRECTION('',(0.,0.,-1.));
#3298=DIRECTION('',(0.,0.,1.));
#3299=DIRECTION('',(1.83697019872103E-16,-1.,0.));
#3300=DIRECTION('',(0.,0.,-1.));
#3301=DIRECTION('',(1.83697019872103E-16,-1.,0.));
#3302=DIRECTION('',(0.965925826289068,-0.258819045102521,0.));
#3303=DIRECTION('',(0.,0.,1.));
#3304=DIRECTION('',(-1.83697019872103E-16,1.,0.));
#3305=DIRECTION('',(0.258819045102521,0.965925826289068,0.));
#3306=DIRECTION('',(-0.965925826289068,0.258819045102521,0.));
#3307=DIRECTION('',(0.,0.,-1.));
#3308=DIRECTION('',(0.965925826289068,-0.258819045102521,0.));
#3309=DIRECTION('',(0.,0.,-1.));
#3310=DIRECTION('',(0.,0.,1.));
#3311=DIRECTION('',(-1.83697019872103E-16,1.,0.));
#3312=DIRECTION('',(0.,0.,-1.));
#3313=DIRECTION('',(1.83697019872103E-16,-1.,0.));
#3314=DIRECTION('',(0.,0.,1.));
#3315=DIRECTION('',(-1.83697019872103E-16,1.,0.));
#3316=DIRECTION('',(0.965925826289068,0.258819045102522,0.));
#3317=DIRECTION('',(-0.258819045102522,0.965925826289068,0.));
#3318=DIRECTION('',(-0.965925826289068,-0.258819045102522,0.));
#3319=DIRECTION('',(0.,0.,-1.));
#3320=DIRECTION('',(0.965925826289068,0.258819045102522,0.));
#3321=DIRECTION('',(0.,0.,-1.));
#3322=DIRECTION('',(0.,0.,1.));
#3323=DIRECTION('',(-1.83697019872103E-16,1.,0.));
#3324=DIRECTION('',(0.,0.,1.));
#3325=DIRECTION('',(-1.83697019872103E-16,1.,0.));
#3326=DIRECTION('',(0.866025403769167,0.500000000026452,0.));
#3327=DIRECTION('',(0.,0.,-1.));
#3328=DIRECTION('',(1.83697019872103E-16,-1.,0.));
#3329=DIRECTION('',(-0.500000000026452,0.866025403769167,0.));
#3330=DIRECTION('',(-0.866025403769167,-0.500000000026452,0.));
#3331=DIRECTION('',(0.,0.,-1.));
#3332=DIRECTION('',(0.866025403769167,0.500000000026452,0.));
#3333=DIRECTION('',(0.,0.,-1.));
#3334=DIRECTION('',(0.,0.,1.));
#3335=DIRECTION('',(-1.83697019872103E-16,1.,0.));
#3336=DIRECTION('',(0.,0.,1.));
#3337=DIRECTION('',(-1.83697019872103E-16,1.,0.));
#3338=DIRECTION('',(0.70710678116495,0.707106781208145,0.));
#3339=DIRECTION('',(0.,0.,-1.));
#3340=DIRECTION('',(1.83697019872103E-16,-1.,0.));
#3341=DIRECTION('',(-0.707106781208145,0.70710678116495,0.));
#3342=DIRECTION('',(-0.70710678116495,-0.707106781208145,0.));
#3343=DIRECTION('',(0.,0.,-1.));
#3344=DIRECTION('',(0.70710678116495,0.707106781208145,0.));
#3345=DIRECTION('',(0.,0.,-1.));
#3346=DIRECTION('',(0.,0.,1.));
#3347=DIRECTION('',(-1.83697019872103E-16,1.,0.));
#3348=DIRECTION('',(0.,0.,1.));
#3349=DIRECTION('',(-1.83697019872103E-16,1.,0.));
#3350=DIRECTION('',(-0.499999999973548,-0.866025403799711,0.));
#3351=DIRECTION('',(0.,0.,-1.));
#3352=DIRECTION('',(1.83697019872103E-16,-1.,0.));
#3353=DIRECTION('',(0.866025403799711,-0.499999999973548,0.));
#3354=DIRECTION('',(0.499999999973548,0.866025403799711,0.));
#3355=DIRECTION('',(-0.499999999973548,-0.866025403799711,0.));
#3356=DIRECTION('',(0.,0.,-1.));
#3357=DIRECTION('',(0.,0.,-1.));
#3358=DIRECTION('',(0.,0.,1.));
#3359=DIRECTION('',(-1.83697019872103E-16,1.,0.));
#3360=DIRECTION('',(0.,0.,-1.));
#3361=DIRECTION('',(1.83697019872103E-16,-1.,0.));
#3362=DIRECTION('',(0.,0.,1.));
#3363=DIRECTION('',(-1.83697019872103E-16,1.,0.));
#3364=DIRECTION('',(0.,0.,1.));
#3365=DIRECTION('',(-1.83697019872103E-16,1.,0.));
#3366=DIRECTION('',(0.,0.,-1.));
#3367=DIRECTION('',(0.,0.,-1.));
#3368=DIRECTION('',(0.,0.,-1.));
#3369=DIRECTION('',(1.83697019872103E-16,-1.,0.));
#3370=DIRECTION('',(0.,0.,1.));
#3371=DIRECTION('',(6.12323399573677E-17,-1.,0.));
#3372=DIRECTION('',(0.,0.,-1.));
#3373=DIRECTION('',(0.,0.,-1.));
#3374=DIRECTION('',(0.,0.,1.));
#3375=DIRECTION('',(6.12323399573677E-17,-1.,0.));
#3376=DIRECTION('',(0.,0.,-1.));
#3377=DIRECTION('',(0.,0.,1.));
#3378=DIRECTION('',(6.12323399573677E-17,-1.,0.));
#3379=DIRECTION('',(0.,0.,-1.));
#3380=DIRECTION('',(0.,0.,1.));
#3381=DIRECTION('',(6.12323399573677E-17,-1.,0.));
#3382=DIRECTION('',(0.,0.,-1.));
#3383=DIRECTION('',(0.,0.,1.));
#3384=DIRECTION('',(6.12323399573677E-17,-1.,0.));
#3385=DIRECTION('',(0.,0.,-1.));
#3386=DIRECTION('',(0.,0.,1.));
#3387=DIRECTION('',(6.12323399573677E-17,-1.,0.));
#3388=DIRECTION('',(0.,0.,-1.));
#3389=DIRECTION('',(0.,0.,-1.));
#3390=DIRECTION('',(-6.12323399573677E-17,1.,0.));
#3391=DIRECTION('',(0.,0.,-1.));
#3392=DIRECTION('',(0.,0.,-1.));
#3393=DIRECTION('',(-6.12323399573677E-17,1.,0.));
#3394=DIRECTION('',(0.,0.,-1.));
#3395=DIRECTION('',(0.,0.,-1.));
#3396=DIRECTION('',(-6.12323399573677E-17,1.,0.));
#3397=DIRECTION('',(0.,0.,-1.));
#3398=DIRECTION('',(0.,0.,-1.));
#3399=DIRECTION('',(-6.12323399573677E-17,1.,0.));
#3400=DIRECTION('',(0.258819045102521,-0.965925826289068,0.));
#3401=DIRECTION('',(0.965925826289068,0.258819045102521,0.));
#3402=DIRECTION('',(-0.965925826289068,-0.258819045102521,0.));
#3403=DIRECTION('',(0.,0.,-1.));
#3404=DIRECTION('',(-0.965925826289068,-0.258819045102521,0.));
#3405=DIRECTION('',(0.,0.,-1.));
#3406=DIRECTION('',(-6.12323399573677E-17,1.,0.));
#3407=DIRECTION('',(0.,0.,1.));
#3408=DIRECTION('',(6.12323399573677E-17,-1.,0.));
#3409=DIRECTION('',(0.,0.,-1.));
#3410=DIRECTION('',(0.,0.,1.));
#3411=DIRECTION('',(6.12323399573677E-17,-1.,0.));
#3412=DIRECTION('',(0.,0.,-1.));
#3413=DIRECTION('',(0.,0.,1.));
#3414=DIRECTION('',(6.12323399573677E-17,-1.,0.));
#3415=DIRECTION('',(0.,0.,-1.));
#3416=DIRECTION('',(0.,0.,1.));
#3417=DIRECTION('',(6.12323399573677E-17,-1.,0.));
#3418=DIRECTION('',(0.,0.,-1.));
#3419=DIRECTION('',(0.,0.,-1.));
#3420=DIRECTION('',(-6.12323399573677E-17,1.,0.));
#3421=DIRECTION('',(0.,0.,-1.));
#3422=DIRECTION('',(-6.12323399573677E-17,1.,0.));
#3423=DIRECTION('',(0.,0.,-1.));
#3424=DIRECTION('',(0.,0.,-1.));
#3425=DIRECTION('',(-6.12323399573677E-17,1.,0.));
#3426=DIRECTION('',(0.,0.,-1.));
#3427=DIRECTION('',(0.,0.,-1.));
#3428=DIRECTION('',(-6.12323399573677E-17,1.,0.));
#3429=DIRECTION('',(0.,0.,-1.));
#3430=DIRECTION('',(0.,0.,-1.));
#3431=DIRECTION('',(-6.12323399573677E-17,1.,0.));
#3432=DIRECTION('',(0.,0.,1.));
#3433=DIRECTION('',(6.12323399573677E-17,-1.,0.));
#3434=DIRECTION('',(-0.965925826289068,0.258819045102521,0.));
#3435=DIRECTION('',(0.500000000026452,-0.866025403769167,0.));
#3436=DIRECTION('',(0.866025403769167,0.500000000026452,0.));
#3437=DIRECTION('',(-0.866025403769167,-0.500000000026452,0.));
#3438=DIRECTION('',(-0.866025403769167,-0.500000000026452,0.));
#3439=DIRECTION('',(0.,0.,1.));
#3440=DIRECTION('',(6.12323399573677E-17,-1.,0.));
#3441=DIRECTION('',(0.707106781208145,-0.70710678116495,0.));
#3442=DIRECTION('',(0.70710678116495,0.707106781208145,0.));
#3443=DIRECTION('',(-0.70710678116495,-0.707106781208145,0.));
#3444=DIRECTION('',(-0.70710678116495,-0.707106781208145,0.));
#3445=DIRECTION('',(0.,0.,1.));
#3446=DIRECTION('',(6.12323399573677E-17,-1.,0.));
#3447=DIRECTION('',(-0.866025403799711,0.499999999973548,0.));
#3448=DIRECTION('',(-0.499999999973548,-0.866025403799711,0.));
#3449=DIRECTION('',(0.499999999973548,0.866025403799711,0.));
#3450=DIRECTION('',(0.499999999973548,0.866025403799711,0.));
#3451=DIRECTION('',(0.,0.,1.));
#3452=DIRECTION('',(6.12323399573677E-17,-1.,0.));
#3453=DIRECTION('',(0.,0.,1.));
#3454=DIRECTION('',(6.12323399573677E-17,-1.,0.));
#3455=DIRECTION('',(-0.258819045102521,-0.965925826289068,0.));
#3456=DIRECTION('',(0.965925826289068,-0.258819045102521,0.));
#3457=DIRECTION('',(-0.965925826289068,0.258819045102521,0.));
#3458=DIRECTION('',(-0.500000000026452,-0.866025403769167,0.));
#3459=DIRECTION('',(0.866025403769167,-0.500000000026452,0.));
#3460=DIRECTION('',(-0.866025403769167,0.500000000026452,0.));
#3461=DIRECTION('',(-0.866025403769167,0.500000000026452,0.));
#3462=DIRECTION('',(0.,0.,1.));
#3463=DIRECTION('',(-6.12323399573677E-17,1.,0.));
#3464=DIRECTION('',(-0.707106781208145,-0.70710678116495,0.));
#3465=DIRECTION('',(0.70710678116495,-0.707106781208145,0.));
#3466=DIRECTION('',(-0.70710678116495,0.707106781208145,0.));
#3467=DIRECTION('',(-0.70710678116495,0.707106781208145,0.));
#3468=DIRECTION('',(0.,0.,1.));
#3469=DIRECTION('',(-6.12323399573677E-17,1.,0.));
#3470=DIRECTION('',(0.866025403799711,0.499999999973548,0.));
#3471=DIRECTION('',(-0.499999999973548,0.866025403799711,0.));
#3472=DIRECTION('',(0.499999999973548,-0.866025403799711,0.));
#3473=DIRECTION('',(0.499999999973548,-0.866025403799711,0.));
#3474=DIRECTION('',(0.,0.,1.));
#3475=DIRECTION('',(-6.12323399573677E-17,1.,0.));
#3476=DIRECTION('',(0.,0.,1.));
#3477=DIRECTION('',(-6.12323399573677E-17,1.,0.));
#3478=CARTESIAN_POINT('',(0.,0.,0.));
#3479=CARTESIAN_POINT('',(0.,0.,-0.0170882614711289));
#3480=CARTESIAN_POINT('',(0.,0.,0.0045));
#3481=CARTESIAN_POINT('',(0.0066229577403209,0.0220258128288135,0.0045));
#3482=CARTESIAN_POINT('',(0.0220258128288135,0.0066229577403209,0.0045));
#3483=CARTESIAN_POINT('',(0.0220258128288135,0.0066229577403209,0.0025));
#3484=CARTESIAN_POINT('',(0.0220258128288135,0.00662295774032089,0.004));
#3485=CARTESIAN_POINT('',(0.,0.,0.004));
#3486=CARTESIAN_POINT('',(0.0066229577403209,0.0220258128288135,0.004));
#3487=CARTESIAN_POINT('',(0.0066229577403209,0.0220258128288135,0.0025));
#3488=CARTESIAN_POINT('',(0.,0.,-0.0170882614711289));
#3489=CARTESIAN_POINT('',(0.,0.,0.0045));
#3490=CARTESIAN_POINT('',(-0.0066229577403209,-0.0220258128288135,0.0045));
#3491=CARTESIAN_POINT('',(-0.0220258128288135,-0.0066229577403209,0.0045));
#3492=CARTESIAN_POINT('',(-0.0220258128288135,-0.0066229577403209,0.0025));
#3493=CARTESIAN_POINT('',(-0.0220258128288135,-0.0066229577403209,0.004));
#3494=CARTESIAN_POINT('',(0.,0.,0.004));
#3495=CARTESIAN_POINT('',(-0.00662295774032082,-0.0220258128288135,0.004));
#3496=CARTESIAN_POINT('',(-0.00662295774032089,-0.0220258128288135,0.0025));
#3497=CARTESIAN_POINT('',(0.,0.,-0.0170882614711289));
#3498=CARTESIAN_POINT('',(0.,0.,0.004));
#3499=CARTESIAN_POINT('',(0.0066229577403209,-0.0220258128288135,0.004));
#3500=CARTESIAN_POINT('',(0.0220258128288135,-0.00662295774032082,0.004));
#3501=CARTESIAN_POINT('',(0.0220258128288135,-0.0066229577403209,0.0025));
#3502=CARTESIAN_POINT('',(0.0220258128288135,-0.0066229577403209,0.0045));
#3503=CARTESIAN_POINT('',(0.,0.,0.0045));
#3504=CARTESIAN_POINT('',(0.0066229577403209,-0.0220258128288135,0.0045));
#3505=CARTESIAN_POINT('',(0.0066229577403209,-0.0220258128288135,0.0025));
#3506=CARTESIAN_POINT('',(-0.02375,0.,0.004));
#3507=CARTESIAN_POINT('',(0.0208134928339591,3.7269970995428E-17,0.004));
#3508=CARTESIAN_POINT('',(0.0231548880968366,0.00631277729869945,0.004));
#3509=CARTESIAN_POINT('',(0.,0.,0.004));
#3510=CARTESIAN_POINT('',(0.00631277729869946,0.0231548880968366,0.004));
#3511=CARTESIAN_POINT('',(3.59955121265187E-17,0.0208134928339591,0.004));
#3512=CARTESIAN_POINT('',(-0.02375,0.,0.004));
#3513=CARTESIAN_POINT('',(0.,0.,0.004));
#3514=CARTESIAN_POINT('',(-0.00631277729869945,0.0231548880968366,0.004));
#3515=CARTESIAN_POINT('',(-0.0231548880968366,0.00631277729869937,0.004));
#3516=CARTESIAN_POINT('',(-0.0208134928339591,3.21721355197911E-17,0.004));
#3517=CARTESIAN_POINT('',(-0.0220258128288135,0.00662295774032081,0.004));
#3518=CARTESIAN_POINT('',(0.,0.,0.004));
#3519=CARTESIAN_POINT('',(-0.00662295774032089,0.0220258128288135,0.004));
#3520=CARTESIAN_POINT('',(-3.59955121265187E-17,0.0208134928339591,0.004));
#3521=CARTESIAN_POINT('',(-0.02375,0.,0.004));
#3522=CARTESIAN_POINT('',(0.,0.,0.004));
#3523=CARTESIAN_POINT('',(0.00631277729869945,-0.0231548880968366,0.004));
#3524=CARTESIAN_POINT('',(0.0231548880968366,-0.00631277729869937,0.004));
#3525=CARTESIAN_POINT('',(0.0208134928339591,-3.47210532576095E-17,0.004));
#3526=CARTESIAN_POINT('',(3.85444298643372E-17,-0.0208134928339591,0.004));
#3527=CARTESIAN_POINT('',(0.,0.,-0.0170882614711289));
#3528=CARTESIAN_POINT('',(0.,0.,0.0035));
#3529=CARTESIAN_POINT('',(0.00606496538105552,0.0237374428893805,0.0035));
#3530=CARTESIAN_POINT('',(0.0237374428893805,0.00606496538105552,0.0035));
#3531=CARTESIAN_POINT('',(0.0237374428893805,0.00606496538105552,0.0025));
#3532=CARTESIAN_POINT('',(0.0237374428893805,0.00606496538105552,0.003));
#3533=CARTESIAN_POINT('',(0.,0.,0.003));
#3534=CARTESIAN_POINT('',(0.00606496538105552,0.0237374428893805,0.003));
#3535=CARTESIAN_POINT('',(0.00606496538105552,0.0237374428893805,0.0025));
#3536=CARTESIAN_POINT('',(0.,0.,-0.0170882614711289));
#3537=CARTESIAN_POINT('',(0.,0.,0.0035));
#3538=CARTESIAN_POINT('',(-0.00606496538105543,-0.0237374428893805,0.0035));
#3539=CARTESIAN_POINT('',(-0.0237374428893805,-0.00606496538105552,0.0035));
#3540=CARTESIAN_POINT('',(-0.0237374428893805,-0.00606496538105552,0.0025));
#3541=CARTESIAN_POINT('',(-0.0237374428893805,-0.00606496538105553,0.003));
#3542=CARTESIAN_POINT('',(0.,0.,0.003));
#3543=CARTESIAN_POINT('',(-0.00606496538105544,-0.0237374428893805,0.003));
#3544=CARTESIAN_POINT('',(-0.00606496538105552,-0.0237374428893805,0.0025));
#3545=CARTESIAN_POINT('',(0.,0.,-0.0170882614711289));
#3546=CARTESIAN_POINT('',(0.,0.,0.003));
#3547=CARTESIAN_POINT('',(0.00606496538105553,-0.0237374428893805,0.003));
#3548=CARTESIAN_POINT('',(0.0237374428893805,-0.00606496538105544,0.003));
#3549=CARTESIAN_POINT('',(0.0237374428893805,-0.00606496538105552,0.0025));
#3550=CARTESIAN_POINT('',(0.0237374428893805,-0.00606496538105544,0.0035));
#3551=CARTESIAN_POINT('',(0.,0.,0.0035));
#3552=CARTESIAN_POINT('',(0.00606496538105552,-0.0237374428893805,0.0035));
#3553=CARTESIAN_POINT('',(0.00606496538105552,-0.0237374428893805,0.0025));
#3554=CARTESIAN_POINT('',(-0.02525,0.,0.003));
#3555=CARTESIAN_POINT('',(0.0208134928339591,3.7269970995428E-17,0.003));
#3556=CARTESIAN_POINT('',(0.0249385867915327,0.00532136155896121,0.003));
#3557=CARTESIAN_POINT('',(0.,0.,0.003));
#3558=CARTESIAN_POINT('',(0.00532136155896121,0.0249385867915327,0.003));
#3559=CARTESIAN_POINT('',(3.59955121265187E-17,0.0208134928339591,0.003));
#3560=CARTESIAN_POINT('',(-0.02525,0.,0.003));
#3561=CARTESIAN_POINT('',(0.,0.,0.003));
#3562=CARTESIAN_POINT('',(-0.00532136155896121,0.0249385867915327,0.003));
#3563=CARTESIAN_POINT('',(-0.0249385867915328,0.00532136155896112,0.003));
#3564=CARTESIAN_POINT('',(-0.0208134928339591,3.21721355197911E-17,0.003));
#3565=CARTESIAN_POINT('',(-0.0237374428893805,0.00606496538105544,0.003));
#3566=CARTESIAN_POINT('',(0.,0.,0.003));
#3567=CARTESIAN_POINT('',(-0.00606496538105552,0.0237374428893805,0.003));
#3568=CARTESIAN_POINT('',(-3.59955121265187E-17,0.0208134928339591,0.003));
#3569=CARTESIAN_POINT('',(-0.02525,0.,0.003));
#3570=CARTESIAN_POINT('',(0.,0.,0.003));
#3571=CARTESIAN_POINT('',(0.00532136155896122,-0.0249385867915327,0.003));
#3572=CARTESIAN_POINT('',(0.0249385867915328,-0.00532136155896112,0.003));
#3573=CARTESIAN_POINT('',(0.0208134928339591,-3.47210532576095E-17,0.003));
#3574=CARTESIAN_POINT('',(3.85444298643372E-17,-0.0208134928339591,0.003));
#3575=CARTESIAN_POINT('',(0.,0.,-0.0170882614711289));
#3576=CARTESIAN_POINT('',(-0.0255571759011411,0.00477815445105439,0.0025));
#3577=CARTESIAN_POINT('',(-0.0255571758958195,0.00477815447951861,0.0025));
#3578=CARTESIAN_POINT('',(-0.0255571759011411,0.00477815445105431,0.002));
#3579=CARTESIAN_POINT('',(0.,0.,0.0025));
#3580=CARTESIAN_POINT('',(-0.0047781544510544,0.0255571759011411,0.0025));
#3581=CARTESIAN_POINT('',(-0.0047781544510544,0.0255571759011411,0.0025));
#3582=CARTESIAN_POINT('',(-0.0047781544510544,0.0255571759011411,0.002));
#3583=CARTESIAN_POINT('',(0.,0.,0.002));
#3584=CARTESIAN_POINT('',(0.,0.,-0.0170882614711289));
#3585=CARTESIAN_POINT('',(0.,0.,0.0025));
#3586=CARTESIAN_POINT('',(-0.00477815447951862,-0.0255571758958195,0.0025));
#3587=CARTESIAN_POINT('',(-0.0255571758958167,-0.00477815447953346,0.0025));
#3588=CARTESIAN_POINT('',(-0.0255571759011411,-0.0047781544510544,0.0025));
#3589=CARTESIAN_POINT('',(-0.0255571759011411,-0.0047781544510544,0.002));
#3590=CARTESIAN_POINT('',(0.,0.,0.002));
#3591=CARTESIAN_POINT('',(-0.00477815445105431,-0.0255571759011411,0.002));
#3592=CARTESIAN_POINT('',(-0.00477815445105439,-0.0255571759011411,0.0025));
#3593=CARTESIAN_POINT('',(0.,0.,-0.0170882614711289));
#3594=CARTESIAN_POINT('',(0.,0.,0.0025));
#3595=CARTESIAN_POINT('',(0.0255571758958195,-0.00477815447951862,0.0025));
#3596=CARTESIAN_POINT('',(0.00477815447953352,-0.0255571758958167,0.0025));
#3597=CARTESIAN_POINT('',(0.0047781544510544,-0.0255571759011411,0.0025));
#3598=CARTESIAN_POINT('',(0.0047781544510544,-0.0255571759011411,0.002));
#3599=CARTESIAN_POINT('',(0.,0.,0.002));
#3600=CARTESIAN_POINT('',(0.0255571759011411,-0.00477815445105431,0.002));
#3601=CARTESIAN_POINT('',(0.0255571759011411,-0.0047781544510544,0.0025));
#3602=CARTESIAN_POINT('',(-0.02675,0.,0.002));
#3603=CARTESIAN_POINT('',(0.,0.,0.002));
#3604=CARTESIAN_POINT('',(0.0255571759011411,0.0047781544510544,0.002));
#3605=CARTESIAN_POINT('',(0.0047781544510544,0.0255571759011411,0.002));
#3606=CARTESIAN_POINT('',(0.0208134928339591,3.7269970995428E-17,0.002));
#3607=CARTESIAN_POINT('',(0.0268303884374225,0.0030216313966172,0.002));
#3608=CARTESIAN_POINT('',(0.,0.,0.002));
#3609=CARTESIAN_POINT('',(0.00302163139661721,0.0268303884374225,0.002));
#3610=CARTESIAN_POINT('',(3.59955121265187E-17,0.0208134928339591,0.002));
#3611=CARTESIAN_POINT('',(-0.02675,0.,0.002));
#3612=CARTESIAN_POINT('',(0.,0.,0.002));
#3613=CARTESIAN_POINT('',(-0.00302163139661685,0.0268303884374226,0.002));
#3614=CARTESIAN_POINT('',(-0.0268303884374225,0.0030216313966171,0.002));
#3615=CARTESIAN_POINT('',(-0.0208134928339591,3.21721355197911E-17,0.002));
#3616=CARTESIAN_POINT('',(-3.59955121265187E-17,0.0208134928339591,0.002));
#3617=CARTESIAN_POINT('',(-0.02675,0.,0.002));
#3618=CARTESIAN_POINT('',(0.,0.,0.002));
#3619=CARTESIAN_POINT('',(0.0030216313966172,-0.0268303884374225,0.002));
#3620=CARTESIAN_POINT('',(0.0268303884374225,-0.0030216313966171,0.002));
#3621=CARTESIAN_POINT('',(0.0208134928339591,-3.47210532576095E-17,0.002));
#3622=CARTESIAN_POINT('',(3.85444298643372E-17,-0.0208134928339591,0.002));
#3623=CARTESIAN_POINT('',(0.,0.,-0.0170882614711289));
#3624=CARTESIAN_POINT('',(-0.0274850118640955,0.000907812111908516,0.0025));
#3625=CARTESIAN_POINT('',(-0.0274850118576597,0.000907812306761537,0.0015));
#3626=CARTESIAN_POINT('',(-0.0274850118640955,0.000907812111908421,0.001));
#3627=CARTESIAN_POINT('',(0.,0.,0.0015));
#3628=CARTESIAN_POINT('',(-0.000907812111908567,0.0274850118640955,0.0015));
#3629=CARTESIAN_POINT('',(-0.000907812111908521,0.0274850118640955,0.0025));
#3630=CARTESIAN_POINT('',(-0.000907812111908521,0.0274850118640955,0.001));
#3631=CARTESIAN_POINT('',(0.,0.,0.001));
#3632=CARTESIAN_POINT('',(0.,0.,-0.0170882614711289));
#3633=CARTESIAN_POINT('',(0.,0.,0.0015));
#3634=CARTESIAN_POINT('',(-0.000907812306761539,-0.0274850118576597,0.0015));
#3635=CARTESIAN_POINT('',(-0.0274850118576595,-0.000907812306767508,0.0015));
#3636=CARTESIAN_POINT('',(-0.0274850118640955,-0.000907812111908526,0.0025));
#3637=CARTESIAN_POINT('',(-0.0274850118640955,-0.000907812111908526,0.001));
#3638=CARTESIAN_POINT('',(0.,0.,0.001));
#3639=CARTESIAN_POINT('',(-0.000907812111908422,-0.0274850118640955,0.001));
#3640=CARTESIAN_POINT('',(-0.000907812111908517,-0.0274850118640955,0.0025));
#3641=CARTESIAN_POINT('',(0.,0.,-0.0170882614711289));
#3642=CARTESIAN_POINT('',(0.,0.,0.0015));
#3643=CARTESIAN_POINT('',(0.0274850118576597,-0.000907812306761545,0.0015));
#3644=CARTESIAN_POINT('',(0.00090781230676751,-0.0274850118576595,0.0015));
#3645=CARTESIAN_POINT('',(0.000907812111908524,-0.0274850118640955,0.0025));
#3646=CARTESIAN_POINT('',(0.000907812111908524,-0.0274850118640955,0.001));
#3647=CARTESIAN_POINT('',(0.,0.,0.001));
#3648=CARTESIAN_POINT('',(0.0274850118640955,-0.000907812111908424,0.001));
#3649=CARTESIAN_POINT('',(0.0274850118640955,-0.000907812111908519,0.0025));
#3650=CARTESIAN_POINT('',(0.,0.,0.0015));
#3651=CARTESIAN_POINT('',(-0.0274850118640955,0.000907812111908742,0.00150000003773201));
#3652=CARTESIAN_POINT('',(-0.0274850118591183,0.000907812148486694,0.0015499187050642));
#3653=CARTESIAN_POINT('',(-0.0274710739262657,0.00100861169655915,0.0016068909932417));
#3654=CARTESIAN_POINT('',(-0.027443952536485,0.00117583174418432,0.00168036471670263));
#3655=CARTESIAN_POINT('',(-0.0273994398396924,0.00140935393402014,0.00175117599474455));
#3656=CARTESIAN_POINT('',(-0.0273351633919214,0.0016813878144323,0.00182104227371282));
#3657=CARTESIAN_POINT('',(-0.0272328957007518,0.00204657826375449,0.00190017717969818));
#3658=CARTESIAN_POINT('',(-0.0270741810608777,0.00249947144952586,0.00197429167629301));
#3659=CARTESIAN_POINT('',(-0.0269169799616989,0.0028492039581484,0.00199999999999999));
#3660=CARTESIAN_POINT('',(-0.0268303884374226,0.00302163139661712,0.002));
#3661=CARTESIAN_POINT('',(-0.000907812111908748,0.0274850118640955,0.00149999999999996));
#3662=CARTESIAN_POINT('',(-0.000907812111908714,0.0274850118640955,0.00154991867530042));
#3663=CARTESIAN_POINT('',(-0.00100861166956673,0.0274710739303982,0.00160689098110512));
#3664=CARTESIAN_POINT('',(-0.00117583171261146,0.0274439525420254,0.00168036470531118));
#3665=CARTESIAN_POINT('',(-0.00140935390889743,0.0273994398451861,0.00175117598814432));
#3666=CARTESIAN_POINT('',(-0.00168138779268996,0.0273351633975634,0.00182104226856674));
#3667=CARTESIAN_POINT('',(-0.00204657824809968,0.0272328957059142,0.00190017717693841));
#3668=CARTESIAN_POINT('',(-0.00249947144117706,0.0270741810644789,0.00197429167547746));
#3669=CARTESIAN_POINT('',(-0.00284920395543292,0.0269169799630626,0.00199999999999998));
#3670=CARTESIAN_POINT('',(-0.0030216313966169,0.0268303884374227,0.002));
#3671=CARTESIAN_POINT('',(0.,0.,0.0015));
#3672=CARTESIAN_POINT('',(-0.0274850118640955,-0.000907812111908755,0.00150000003773316));
#3673=CARTESIAN_POINT('',(-0.0274850118591181,-0.000907812148487825,0.00154991870506511));
#3674=CARTESIAN_POINT('',(-0.0274710739262656,-0.00100861169655999,0.00160689099324208));
#3675=CARTESIAN_POINT('',(-0.0274439525364848,-0.00117583174418531,0.00168036471670297));
#3676=CARTESIAN_POINT('',(-0.0273994398396922,-0.00140935393402093,0.00175117599474476));
#3677=CARTESIAN_POINT('',(-0.0273351633919212,-0.00168138781443301,0.00182104227371298));
#3678=CARTESIAN_POINT('',(-0.0272328957007516,-0.00204657826375502,0.00190017717969827));
#3679=CARTESIAN_POINT('',(-0.0270741810608776,-0.00249947144952619,0.00197429167629304));
#3680=CARTESIAN_POINT('',(-0.0269169799616988,-0.00284920395814856,0.002));
#3681=CARTESIAN_POINT('',(-0.0268303884374226,-0.00302163139661721,0.002));
#3682=CARTESIAN_POINT('',(-0.0268303884374225,-0.00302163139661721,0.002));
#3683=CARTESIAN_POINT('',(-0.000907812111908743,-0.0274850118640955,0.00150000003773201));
#3684=CARTESIAN_POINT('',(-0.000907812148486695,-0.0274850118591183,0.0015499187050642));
#3685=CARTESIAN_POINT('',(-0.00100861169655915,-0.0274710739262657,0.0016068909932417));
#3686=CARTESIAN_POINT('',(-0.00117583174418432,-0.027443952536485,0.00168036471670263));
#3687=CARTESIAN_POINT('',(-0.00140935393402014,-0.0273994398396924,0.00175117599474455));
#3688=CARTESIAN_POINT('',(-0.00168138781443231,-0.0273351633919214,0.00182104227371282));
#3689=CARTESIAN_POINT('',(-0.00204657826375449,-0.0272328957007518,0.00190017717969818));
#3690=CARTESIAN_POINT('',(-0.00249947144952586,-0.0270741810608777,0.00197429167629301));
#3691=CARTESIAN_POINT('',(-0.0028492039581484,-0.0269169799616989,0.00199999999999999));
#3692=CARTESIAN_POINT('',(-0.00302163139661712,-0.0268303884374226,0.002));
#3693=CARTESIAN_POINT('',(-0.0030216313966171,-0.0268303884374225,0.002));
#3694=CARTESIAN_POINT('',(0.,0.,0.002));
#3695=CARTESIAN_POINT('',(0.,0.,0.0015));
#3696=CARTESIAN_POINT('',(0.000907812111908753,-0.0274850118640955,0.00150000003773316));
#3697=CARTESIAN_POINT('',(0.000907812148487824,-0.0274850118591181,0.00154991870506511));
#3698=CARTESIAN_POINT('',(0.00100861169655999,-0.0274710739262656,0.00160689099324207));
#3699=CARTESIAN_POINT('',(0.00117583174418531,-0.0274439525364848,0.00168036471670297));
#3700=CARTESIAN_POINT('',(0.00140935393402093,-0.0273994398396922,0.00175117599474476));
#3701=CARTESIAN_POINT('',(0.00168138781443301,-0.0273351633919212,0.00182104227371298));
#3702=CARTESIAN_POINT('',(0.00204657826375502,-0.0272328957007516,0.00190017717969827));
#3703=CARTESIAN_POINT('',(0.00249947144952619,-0.0270741810608776,0.00197429167629304));
#3704=CARTESIAN_POINT('',(0.00284920395814856,-0.0269169799616988,0.002));
#3705=CARTESIAN_POINT('',(0.00302163139661721,-0.0268303884374226,0.002));
#3706=CARTESIAN_POINT('',(0.0274850118640955,-0.000907812111908745,0.00150000003773201));
#3707=CARTESIAN_POINT('',(0.0274850118591183,-0.000907812148486698,0.0015499187050642));
#3708=CARTESIAN_POINT('',(0.0274710739262657,-0.00100861169655915,0.0016068909932417));
#3709=CARTESIAN_POINT('',(0.027443952536485,-0.00117583174418432,0.00168036471670263));
#3710=CARTESIAN_POINT('',(0.0273994398396924,-0.00140935393402014,0.00175117599474455));
#3711=CARTESIAN_POINT('',(0.0273351633919214,-0.00168138781443231,0.00182104227371282));
#3712=CARTESIAN_POINT('',(0.0272328957007518,-0.00204657826375449,0.00190017717969818));
#3713=CARTESIAN_POINT('',(0.0270741810608777,-0.00249947144952586,0.00197429167629301));
#3714=CARTESIAN_POINT('',(0.0269169799616989,-0.0028492039581484,0.00199999999999999));
#3715=CARTESIAN_POINT('',(0.0268303884374226,-0.00302163139661713,0.002));
#3716=CARTESIAN_POINT('',(0.,0.,0.0025));
#3717=CARTESIAN_POINT('',(-0.0255571759011411,0.00477815445105444,0.0025000000049517));
#3718=CARTESIAN_POINT('',(-0.0255571758989369,0.00477815445324275,0.00267817298461651));
#3719=CARTESIAN_POINT('',(-0.0253379488220097,0.00499524812802793,0.00293663866208081));
#3720=CARTESIAN_POINT('',(-0.0250771749590745,0.00521392867619553,0.00299999999999998));
#3721=CARTESIAN_POINT('',(-0.0249385867915328,0.00532136155896117,0.003));
#3722=CARTESIAN_POINT('',(-0.00477815445105444,0.0255571759011411,0.00249999999999999));
#3723=CARTESIAN_POINT('',(-0.00477815445105444,0.0255571759011411,0.0026781729811363));
#3724=CARTESIAN_POINT('',(-0.00499524812644939,0.0253379488238199,0.00293663866170029));
#3725=CARTESIAN_POINT('',(-0.00521392867569796,0.0250771749597164,0.003));
#3726=CARTESIAN_POINT('',(-0.00532136155896124,0.0249385867915327,0.003));
#3727=CARTESIAN_POINT('',(0.,0.,0.0025));
#3728=CARTESIAN_POINT('',(-0.0255571759011411,-0.00477815445105445,0.00250000000495429));
#3729=CARTESIAN_POINT('',(-0.0255571758989358,-0.0047781544532439,0.00267817298461835));
#3730=CARTESIAN_POINT('',(-0.0253379488220088,-0.00499524812802879,0.00293663866208104));
#3731=CARTESIAN_POINT('',(-0.0250771749590741,-0.00521392867619585,0.003));
#3732=CARTESIAN_POINT('',(-0.0249385867915327,-0.00532136155896124,0.003));
#3733=CARTESIAN_POINT('',(-0.0249385867915327,-0.00532136155896122,0.003));
#3734=CARTESIAN_POINT('',(-0.00477815445105444,-0.0255571759011411,0.0025000000049517));
#3735=CARTESIAN_POINT('',(-0.00477815445324276,-0.0255571758989369,0.00267817298461652));
#3736=CARTESIAN_POINT('',(-0.00499524812802793,-0.0253379488220098,0.00293663866208081));
#3737=CARTESIAN_POINT('',(-0.00521392867619553,-0.0250771749590745,0.00299999999999998));
#3738=CARTESIAN_POINT('',(-0.00532136155896118,-0.0249385867915328,0.003));
#3739=CARTESIAN_POINT('',(-0.00532136155896112,-0.0249385867915328,0.003));
#3740=CARTESIAN_POINT('',(0.,0.,0.003));
#3741=CARTESIAN_POINT('',(0.,0.,0.0025));
#3742=CARTESIAN_POINT('',(0.00477815445105444,-0.0255571759011411,0.0025000000049543));
#3743=CARTESIAN_POINT('',(0.00477815445324391,-0.0255571758989358,0.00267817298461836));
#3744=CARTESIAN_POINT('',(0.0049952481280288,-0.0253379488220088,0.00293663866208103));
#3745=CARTESIAN_POINT('',(0.00521392867619584,-0.0250771749590741,0.003));
#3746=CARTESIAN_POINT('',(0.00532136155896124,-0.0249385867915327,0.003));
#3747=CARTESIAN_POINT('',(0.0255571759011411,-0.00477815445105444,0.0025000000049517));
#3748=CARTESIAN_POINT('',(0.0255571758989369,-0.00477815445324276,0.00267817298461652));
#3749=CARTESIAN_POINT('',(0.0253379488220098,-0.00499524812802793,0.00293663866208081));
#3750=CARTESIAN_POINT('',(0.0250771749590745,-0.00521392867619553,0.00299999999999998));
#3751=CARTESIAN_POINT('',(0.0249385867915328,-0.00532136155896118,0.003));
#3752=CARTESIAN_POINT('',(0.,0.,0.0035));
#3753=CARTESIAN_POINT('',(0.0237374428893804,0.00606496538105555,0.00349999999999999));
#3754=CARTESIAN_POINT('',(0.0237374428893804,0.00606496538105555,0.00365048595485323));
#3755=CARTESIAN_POINT('',(0.0235702087956803,0.00614680634998589,0.00391853849261607));
#3756=CARTESIAN_POINT('',(0.0232939393972831,0.00626120347615558,0.004));
#3757=CARTESIAN_POINT('',(0.0231548880968366,0.00631277729869948,0.00400000000000001));
#3758=CARTESIAN_POINT('',(0.00606496538105555,0.0237374428893804,0.00349999999999999));
#3759=CARTESIAN_POINT('',(0.00606496538105555,0.0237374428893804,0.00365048595485323));
#3760=CARTESIAN_POINT('',(0.00614680634998589,0.0235702087956803,0.00391853849261607));
#3761=CARTESIAN_POINT('',(0.00626120347615558,0.023293939397283,0.00400000000000001));
#3762=CARTESIAN_POINT('',(0.00631277729869948,0.0231548880968366,0.00400000000000001));
#3763=CARTESIAN_POINT('',(0.,0.,0.0035));
#3764=CARTESIAN_POINT('',(-0.0237374428893804,0.00606496538105555,0.00349999999999998));
#3765=CARTESIAN_POINT('',(-0.0237374428893804,0.00606496538105554,0.00365048595485322));
#3766=CARTESIAN_POINT('',(-0.0235702087956803,0.00614680634998587,0.00391853849261605));
#3767=CARTESIAN_POINT('',(-0.0232939393972831,0.00626120347615557,0.004));
#3768=CARTESIAN_POINT('',(-0.0231548880968366,0.00631277729869946,0.00400000000000001));
#3769=CARTESIAN_POINT('',(-0.0237374428893805,0.00606496538105543,0.0035));
#3770=CARTESIAN_POINT('',(-0.00606496538105555,0.0237374428893804,0.00349999999999999));
#3771=CARTESIAN_POINT('',(-0.00606496538105555,0.0237374428893804,0.00365048595485323));
#3772=CARTESIAN_POINT('',(-0.00614680634998589,0.0235702087956803,0.00391853849261607));
#3773=CARTESIAN_POINT('',(-0.00626120347615558,0.0232939393972831,0.004));
#3774=CARTESIAN_POINT('',(-0.00631277729869948,0.0231548880968366,0.00400000000000001));
#3775=CARTESIAN_POINT('',(-0.00606496538105552,0.0237374428893805,0.0035));
#3776=CARTESIAN_POINT('',(0.,0.,0.0035));
#3777=CARTESIAN_POINT('',(0.,0.,0.0035));
#3778=CARTESIAN_POINT('',(0.0237374428893804,-0.00606496538105555,0.00349999999999998));
#3779=CARTESIAN_POINT('',(0.0237374428893804,-0.00606496538105555,0.00365048595485322));
#3780=CARTESIAN_POINT('',(0.0235702087956803,-0.00614680634998588,0.00391853849261606));
#3781=CARTESIAN_POINT('',(0.0232939393972831,-0.00626120347615557,0.004));
#3782=CARTESIAN_POINT('',(0.0231548880968366,-0.00631277729869946,0.00400000000000001));
#3783=CARTESIAN_POINT('',(0.00606496538105556,-0.0237374428893804,0.00349999999999999));
#3784=CARTESIAN_POINT('',(0.00606496538105556,-0.0237374428893804,0.00365048595485323));
#3785=CARTESIAN_POINT('',(0.00614680634998589,-0.0235702087956803,0.00391853849261607));
#3786=CARTESIAN_POINT('',(0.00626120347615558,-0.0232939393972831,0.00400000000000001));
#3787=CARTESIAN_POINT('',(0.00631277729869948,-0.0231548880968366,0.00400000000000001));
#3788=CARTESIAN_POINT('',(0.,0.,0.0045));
#3789=CARTESIAN_POINT('',(0.0220258128288135,0.00662295774032094,0.0045));
#3790=CARTESIAN_POINT('',(0.0220258128288134,0.00662295774032094,0.00477793931982117));
#3791=CARTESIAN_POINT('',(0.0217552194127675,0.00667258028305304,0.00500000000001399));
#3792=CARTESIAN_POINT('',(0.0214792923533366,0.00670000000000115,0.00500000000001534));
#3793=CARTESIAN_POINT('',(0.0214792923533342,0.0067,0.005));
#3794=CARTESIAN_POINT('',(0.00662295774032093,0.0220258128288135,0.0045));
#3795=CARTESIAN_POINT('',(0.00662295774032093,0.0220258128288135,0.00477793931982117));
#3796=CARTESIAN_POINT('',(0.00667258028305304,0.0217552194127675,0.00500000000001399));
#3797=CARTESIAN_POINT('',(0.00670000000000115,0.0214792923533366,0.00500000000001534));
#3798=CARTESIAN_POINT('',(0.0067,0.0214792923533342,0.005));
#3799=CARTESIAN_POINT('',(0.,0.,0.005));
#3800=CARTESIAN_POINT('',(0.,0.,0.0045));
#3801=CARTESIAN_POINT('',(0.0220258128288135,-0.00662295774032093,0.0045));
#3802=CARTESIAN_POINT('',(0.0220258128288134,-0.00662295774032093,0.00477793931982117));
#3803=CARTESIAN_POINT('',(0.0217552194127675,-0.00667258028305304,0.00500000000001399));
#3804=CARTESIAN_POINT('',(0.0214792923533366,-0.00670000000000115,0.00500000000001534));
#3805=CARTESIAN_POINT('',(0.0214792923533342,-0.0067,0.005));
#3806=CARTESIAN_POINT('',(0.,0.,0.005));
#3807=CARTESIAN_POINT('',(0.0067,-0.0214792923533342,0.005));
#3808=CARTESIAN_POINT('',(0.00662295774032094,-0.0220258128288135,0.0045));
#3809=CARTESIAN_POINT('',(0.00662295774032094,-0.0220258128288134,0.00477793931982117));
#3810=CARTESIAN_POINT('',(0.00667258028305304,-0.0217552194127675,0.00500000000001399));
#3811=CARTESIAN_POINT('',(0.00670000000000115,-0.0214792923533366,0.00500000000001534));
#3812=CARTESIAN_POINT('',(0.,0.,0.0045));
#3813=CARTESIAN_POINT('',(-0.0220258128288134,-0.00662295774032094,0.0045));
#3814=CARTESIAN_POINT('',(-0.0220258128288134,-0.00662295774032094,0.00477793931982117));
#3815=CARTESIAN_POINT('',(-0.0217552194127675,-0.00667258028305304,0.00500000000001399));
#3816=CARTESIAN_POINT('',(-0.0214792923533366,-0.00670000000000115,0.00500000000001534));
#3817=CARTESIAN_POINT('',(-0.0214792923533342,-0.0067,0.005));
#3818=CARTESIAN_POINT('',(-0.00662295774032093,-0.0220258128288135,0.0045));
#3819=CARTESIAN_POINT('',(-0.00662295774032093,-0.0220258128288134,0.00477793931982117));
#3820=CARTESIAN_POINT('',(-0.00667258028305304,-0.0217552194127675,0.00500000000001399));
#3821=CARTESIAN_POINT('',(-0.00670000000000115,-0.0214792923533366,0.00500000000001534));
#3822=CARTESIAN_POINT('',(-0.0067,-0.0214792923533342,0.005));
#3823=CARTESIAN_POINT('',(0.,0.,0.005));
#3824=CARTESIAN_POINT('',(0.,0.,0.0045));
#3825=CARTESIAN_POINT('',(-0.0220258128288134,0.00662295774032093,0.0045));
#3826=CARTESIAN_POINT('',(-0.0220258128288134,0.00662295774032093,0.00477793931982117));
#3827=CARTESIAN_POINT('',(-0.0217552194127675,0.00667258028305304,0.00500000000001399));
#3828=CARTESIAN_POINT('',(-0.0214792923533366,0.00670000000000114,0.00500000000001534));
#3829=CARTESIAN_POINT('',(-0.0220258128288135,0.0066229577403209,0.0045));
#3830=CARTESIAN_POINT('',(-0.0214792923533342,0.0067,0.005));
#3831=CARTESIAN_POINT('',(0.,0.,0.005));
#3832=CARTESIAN_POINT('',(-0.0067,0.0214792923533342,0.005));
#3833=CARTESIAN_POINT('',(-0.00662295774032093,0.0220258128288135,0.0045));
#3834=CARTESIAN_POINT('',(-0.00662295774032093,0.0220258128288135,0.00477793931982117));
#3835=CARTESIAN_POINT('',(-0.00667258028305304,0.0217552194127675,0.00500000000001399));
#3836=CARTESIAN_POINT('',(-0.00670000000000115,0.0214792923533366,0.00500000000001534));
#3837=CARTESIAN_POINT('',(-0.0066229577403209,0.0220258128288135,0.0045));
#3838=CARTESIAN_POINT('',(0.,0.,0.0045));
#3839=CARTESIAN_POINT('',(-0.02225,0.,0.005));
#3840=CARTESIAN_POINT('',(0.,0.,0.005));
#3841=CARTESIAN_POINT('',(0.0215,0.,0.005));
#3842=CARTESIAN_POINT('',(0.,0.,0.005));
#3843=CARTESIAN_POINT('',(0.,0.,0.005));
#3844=CARTESIAN_POINT('',(0.,0.,0.005));
#3845=CARTESIAN_POINT('',(0.,0.,0.005));
#3846=CARTESIAN_POINT('',(0.,0.,-0.0170882614711289));
#3847=CARTESIAN_POINT('',(-0.0220258128288135,0.00662295774032089,0.0025));
#3848=CARTESIAN_POINT('',(-0.0066229577403209,0.0220258128288135,0.0025));
#3849=CARTESIAN_POINT('',(-0.02375,0.,0.004));
#3850=CARTESIAN_POINT('',(-0.0208134928339591,-3.98188887332464E-17,0.004));
#3851=CARTESIAN_POINT('',(-0.0231548880968366,-0.00631277729869945,0.004));
#3852=CARTESIAN_POINT('',(0.,0.,0.004));
#3853=CARTESIAN_POINT('',(-0.00631277729869937,-0.0231548880968366,0.004));
#3854=CARTESIAN_POINT('',(-3.34465943887003E-17,-0.0208134928339591,0.004));
#3855=CARTESIAN_POINT('',(0.,0.,-0.0170882614711289));
#3856=CARTESIAN_POINT('',(-0.0237374428893805,0.00606496538105551,0.0025));
#3857=CARTESIAN_POINT('',(-0.00606496538105552,0.0237374428893805,0.0025));
#3858=CARTESIAN_POINT('',(-0.02525,0.,0.003));
#3859=CARTESIAN_POINT('',(-0.0208134928339591,-3.98188887332464E-17,0.003));
#3860=CARTESIAN_POINT('',(-3.34465943887003E-17,-0.0208134928339591,0.003));
#3861=CARTESIAN_POINT('',(0.,0.,-0.0170882614711289));
#3862=CARTESIAN_POINT('',(0.,0.,0.0025));
#3863=CARTESIAN_POINT('',(0.0047781544510544,0.0255571759011411,0.0025));
#3864=CARTESIAN_POINT('',(0.0255571758958167,0.00477815447953345,0.0025));
#3865=CARTESIAN_POINT('',(0.0255571759011411,0.0047781544510544,0.0025));
#3866=CARTESIAN_POINT('',(0.0047781544510544,0.0255571759011411,0.0025));
#3867=CARTESIAN_POINT('',(-0.02675,0.,0.002));
#3868=CARTESIAN_POINT('',(-0.0208134928339591,-3.98188887332464E-17,0.002));
#3869=CARTESIAN_POINT('',(-3.34465943887003E-17,-0.0208134928339591,0.002));
#3870=CARTESIAN_POINT('',(0.,0.,-0.0170882614711289));
#3871=CARTESIAN_POINT('',(0.,0.,0.0015));
#3872=CARTESIAN_POINT('',(0.000907812111908567,0.0274850118640955,0.0015));
#3873=CARTESIAN_POINT('',(0.0274850118576595,0.000907812306767509,0.0015));
#3874=CARTESIAN_POINT('',(0.0274850118640955,0.000907812111908523,0.0025));
#3875=CARTESIAN_POINT('',(0.0274850118640955,0.000907812111908522,0.001));
#3876=CARTESIAN_POINT('',(0.,0.,0.001));
#3877=CARTESIAN_POINT('',(0.000907812111908518,0.0274850118640955,0.001));
#3878=CARTESIAN_POINT('',(0.000907812111908521,0.0274850118640955,0.0025));
#3879=CARTESIAN_POINT('',(-0.02825,0.,0.001));
#3880=CARTESIAN_POINT('',(0.,0.,0.001));
#3881=CARTESIAN_POINT('',(-0.0285,0.,0.001));
#3882=CARTESIAN_POINT('',(-0.0208134928339591,-3.98188887332464E-17,0.001));
#3883=CARTESIAN_POINT('',(-3.59955121265187E-17,0.0208134928339591,0.001));
#3884=CARTESIAN_POINT('',(0.0208134928339591,3.7269970995428E-17,0.001));
#3885=CARTESIAN_POINT('',(3.85444298643372E-17,-0.0208134928339591,0.001));
#3886=CARTESIAN_POINT('',(0.,0.,0.0015));
#3887=CARTESIAN_POINT('',(0.0274850118640955,0.000907812111908751,0.00150000003773316));
#3888=CARTESIAN_POINT('',(0.0274850118591181,0.000907812148487822,0.00154991870506511));
#3889=CARTESIAN_POINT('',(0.0274710739262656,0.00100861169655999,0.00160689099324207));
#3890=CARTESIAN_POINT('',(0.0274439525364848,0.00117583174418531,0.00168036471670297));
#3891=CARTESIAN_POINT('',(0.0273994398396922,0.00140935393402093,0.00175117599474476));
#3892=CARTESIAN_POINT('',(0.0273351633919212,0.00168138781443301,0.00182104227371298));
#3893=CARTESIAN_POINT('',(0.0272328957007516,0.00204657826375502,0.00190017717969827));
#3894=CARTESIAN_POINT('',(0.0270741810608776,0.00249947144952618,0.00197429167629304));
#3895=CARTESIAN_POINT('',(0.0269169799616988,0.00284920395814856,0.002));
#3896=CARTESIAN_POINT('',(0.0268303884374226,0.00302163139661721,0.002));
#3897=CARTESIAN_POINT('',(0.000907812111908748,0.0274850118640955,0.00149999999999996));
#3898=CARTESIAN_POINT('',(0.000907812111908714,0.0274850118640955,0.00154991867530042));
#3899=CARTESIAN_POINT('',(0.00100861166956676,0.0274710739303982,0.00160689098110513));
#3900=CARTESIAN_POINT('',(0.0011758317126115,0.0274439525420254,0.0016803647053112));
#3901=CARTESIAN_POINT('',(0.00140935390889751,0.0273994398451861,0.00175117598814434));
#3902=CARTESIAN_POINT('',(0.00168138779269008,0.0273351633975634,0.00182104226856677));
#3903=CARTESIAN_POINT('',(0.00204657824809986,0.0272328957059142,0.00190017717693845));
#3904=CARTESIAN_POINT('',(0.0024994714411773,0.0270741810644788,0.00197429167547749));
#3905=CARTESIAN_POINT('',(0.00284920395543321,0.0269169799630625,0.002));
#3906=CARTESIAN_POINT('',(0.00302163139661721,0.0268303884374226,0.002));
#3907=CARTESIAN_POINT('',(0.,0.,0.0025));
#3908=CARTESIAN_POINT('',(0.0255571759011411,0.00477815445105444,0.00250000000495429));
#3909=CARTESIAN_POINT('',(0.0255571758989358,0.0047781544532439,0.00267817298461835));
#3910=CARTESIAN_POINT('',(0.0253379488220088,0.00499524812802879,0.00293663866208103));
#3911=CARTESIAN_POINT('',(0.0250771749590741,0.00521392867619584,0.003));
#3912=CARTESIAN_POINT('',(0.0249385867915327,0.00532136155896124,0.003));
#3913=CARTESIAN_POINT('',(0.00477815445105444,0.0255571759011411,0.00249999999999999));
#3914=CARTESIAN_POINT('',(0.00477815445105444,0.0255571759011411,0.0026781729811363));
#3915=CARTESIAN_POINT('',(0.00499524812644939,0.0253379488238199,0.00293663866170029));
#3916=CARTESIAN_POINT('',(0.00521392867569796,0.0250771749597164,0.003));
#3917=CARTESIAN_POINT('',(0.00532136155896124,0.0249385867915327,0.003));
#3918=CARTESIAN_POINT('',(0.,0.,0.0035));
#3919=CARTESIAN_POINT('',(-0.0237374428893804,-0.00606496538105555,0.00349999999999999));
#3920=CARTESIAN_POINT('',(-0.0237374428893804,-0.00606496538105555,0.00365048595485323));
#3921=CARTESIAN_POINT('',(-0.0235702087956803,-0.00614680634998589,0.00391853849261607));
#3922=CARTESIAN_POINT('',(-0.023293939397283,-0.00626120347615558,0.004));
#3923=CARTESIAN_POINT('',(-0.0231548880968366,-0.00631277729869948,0.00400000000000001));
#3924=CARTESIAN_POINT('',(-0.00606496538105555,-0.0237374428893804,0.00349999999999998));
#3925=CARTESIAN_POINT('',(-0.00606496538105554,-0.0237374428893804,0.00365048595485322));
#3926=CARTESIAN_POINT('',(-0.00614680634998587,-0.0235702087956803,0.00391853849261605));
#3927=CARTESIAN_POINT('',(-0.00626120347615557,-0.0232939393972831,0.004));
#3928=CARTESIAN_POINT('',(-0.00631277729869946,-0.0231548880968366,0.00400000000000001));
#3929=CARTESIAN_POINT('',(0.,0.,-0.0170882614711289));
#3930=CARTESIAN_POINT('',(0.,0.,0.));
#3931=CARTESIAN_POINT('',(0.02225,0.,0.));
#3932=CARTESIAN_POINT('',(0.,0.,0.00425));
#3933=CARTESIAN_POINT('',(0.02225,0.,0.00425));
#3934=CARTESIAN_POINT('',(-0.021125,0.,0.00425));
#3935=CARTESIAN_POINT('',(0.,0.,0.00425));
#3936=CARTESIAN_POINT('',(0.02,0.,0.00425));
#3937=CARTESIAN_POINT('',(0.,0.,-0.0170882614711289));
#3938=CARTESIAN_POINT('',(0.,0.,0.006));
#3939=CARTESIAN_POINT('',(0.02,0.,0.006));
#3940=CARTESIAN_POINT('',(-0.02075,0.,0.006));
#3941=CARTESIAN_POINT('',(0.,0.,0.006));
#3942=CARTESIAN_POINT('',(-0.021,0.,0.006));
#3943=CARTESIAN_POINT('',(0.,0.,-0.0170882614711289));
#3944=CARTESIAN_POINT('',(0.,0.,0.0055));
#3945=CARTESIAN_POINT('',(-0.0215,0.,0.0055));
#3946=CARTESIAN_POINT('',(0.,0.,-0.0170882614711289));
#3947=CARTESIAN_POINT('',(0.,0.,0.0005));
#3948=CARTESIAN_POINT('',(-0.029,0.,0.0005));
#3949=CARTESIAN_POINT('',(0.,0.,0.));
#3950=CARTESIAN_POINT('',(0.029,0.,0.));
#3951=CARTESIAN_POINT('',(-0.025625,0.,0.));
#3952=CARTESIAN_POINT('',(0.,0.,0.0005));
#3953=CARTESIAN_POINT('',(0.,0.,0.0055));
#3954=CARTESIAN_POINT('',(-3.59955121265187E-17,0.0208134928339591,-2.00000000000027E-6));
#3955=CARTESIAN_POINT('',(0.0067,0.0214792923533342,0.0055));
#3956=CARTESIAN_POINT('',(0.0067,0.0214792923533342,0.0055));
#3957=CARTESIAN_POINT('',(-0.0067,0.0214792923533342,0.0055));
#3958=CARTESIAN_POINT('',(-0.0067,0.0214792923533342,0.0055));
#3959=CARTESIAN_POINT('',(-3.59955121265187E-17,0.0208134928339591,0.0055));
#3960=CARTESIAN_POINT('',(-0.00611638574945669,0.0236282955559707,0.0055));
#3961=CARTESIAN_POINT('',(-0.00611638574945669,0.0236282955559707,0.006));
#3962=CARTESIAN_POINT('',(-0.00611638574945669,0.0236282955559707,0.006));
#3963=CARTESIAN_POINT('',(1.30104260698261E-17,0.0208134928339591,0.006));
#3964=CARTESIAN_POINT('',(-0.00524010716189475,0.025041325130995,0.006));
#3965=CARTESIAN_POINT('',(-0.00524010716189475,0.025041325130995,0.0065));
#3966=CARTESIAN_POINT('',(-0.00524010716189475,0.025041325130995,0.0065));
#3967=CARTESIAN_POINT('',(6.15826833971767E-17,0.0208134928339591,0.0065));
#3968=CARTESIAN_POINT('',(-0.00392243914683457,0.026285947506168,0.0065));
#3969=CARTESIAN_POINT('',(-0.00392243914683457,0.026285947506168,0.007));
#3970=CARTESIAN_POINT('',(-0.00392243914683457,0.026285947506168,0.007));
#3971=CARTESIAN_POINT('',(4.77048955893622E-18,0.0208134928339591,0.007));
#3972=CARTESIAN_POINT('',(-0.00206000627337569,0.0272236147636616,0.007));
#3973=CARTESIAN_POINT('',(-0.00206000627337569,0.0272236147636616,0.0075));
#3974=CARTESIAN_POINT('',(-0.00206000627337569,0.0272236147636616,0.0075));
#3975=CARTESIAN_POINT('',(1.57555627642666E-17,0.0208134928339591,0.0075));
#3976=CARTESIAN_POINT('',(0.00206000627337569,0.0272236147636616,0.0075));
#3977=CARTESIAN_POINT('',(0.00206000627337569,0.0272236147636616,0.0075));
#3978=CARTESIAN_POINT('',(0.00206000627337569,0.0272236147636616,0.007));
#3979=CARTESIAN_POINT('',(-4.77048955893622E-18,0.0208134928339591,0.007));
#3980=CARTESIAN_POINT('',(0.00392243914683457,0.026285947506168,0.007));
#3981=CARTESIAN_POINT('',(0.00392243914683457,0.026285947506168,0.007));
#3982=CARTESIAN_POINT('',(0.00392243914683457,0.026285947506168,0.0065));
#3983=CARTESIAN_POINT('',(-6.15826833971767E-17,0.0208134928339591,0.0065));
#3984=CARTESIAN_POINT('',(0.00524010716189475,0.025041325130995,0.0065));
#3985=CARTESIAN_POINT('',(0.00524010716189475,0.025041325130995,0.0065));
#3986=CARTESIAN_POINT('',(0.00524010716189475,0.025041325130995,0.006));
#3987=CARTESIAN_POINT('',(-1.30104260698261E-17,0.0208134928339591,0.006));
#3988=CARTESIAN_POINT('',(0.00611638574945669,0.0236282955559707,0.006));
#3989=CARTESIAN_POINT('',(0.00611638574945669,0.0236282955559707,0.006));
#3990=CARTESIAN_POINT('',(0.00611638574945669,0.0236282955559707,0.0055));
#3991=CARTESIAN_POINT('',(3.59955121265187E-17,0.0208134928339591,0.0055));
#3992=CARTESIAN_POINT('',(-0.00142530044112034,0.0248548603498243,0.0075));
#3993=CARTESIAN_POINT('',(-0.00142530044112034,0.0248548603498243,0.007));
#3994=CARTESIAN_POINT('',(-0.000790594608864981,0.0224861059359871,0.007));
#3995=CARTESIAN_POINT('',(-0.000790594608864981,0.0224861059359871,0.0075));
#3996=CARTESIAN_POINT('',(-0.000790594608864981,0.0224861059359871,0.0075));
#3997=CARTESIAN_POINT('',(-0.00142530044112034,0.0248548603498243,0.0075));
#3998=CARTESIAN_POINT('',(0.,0.,0.0075));
#3999=CARTESIAN_POINT('',(0.,0.,0.0055));
#4000=CARTESIAN_POINT('',(0.00364682281142434,0.0222024927290175,0.0055));
#4001=CARTESIAN_POINT('',(0.00364682281142434,0.0222024927290175,0.006));
#4002=CARTESIAN_POINT('',(0.00364682281142434,0.0222024927290175,0.006));
#4003=CARTESIAN_POINT('',(0.,0.,0.006));
#4004=CARTESIAN_POINT('',(0.00255342416665742,0.0223546421359218,0.006));
#4005=CARTESIAN_POINT('',(0.00255342416665742,0.0223546421359218,0.0065));
#4006=CARTESIAN_POINT('',(0.00255342416665742,0.0223546421359218,0.0065));
#4007=CARTESIAN_POINT('',(0.,0.,0.0065));
#4008=CARTESIAN_POINT('',(0.00169951094052415,0.0224357229115319,0.0065));
#4009=CARTESIAN_POINT('',(0.00169951094052415,0.0224357229115319,0.007));
#4010=CARTESIAN_POINT('',(0.00169951094052415,0.0224357229115319,0.007));
#4011=CARTESIAN_POINT('',(0.,0.,0.007));
#4012=CARTESIAN_POINT('',(0.000790594608864981,0.0224861059359871,0.007));
#4013=CARTESIAN_POINT('',(0.000790594608864981,0.0224861059359871,0.0075));
#4014=CARTESIAN_POINT('',(0.000790594608864981,0.0224861059359871,0.0075));
#4015=CARTESIAN_POINT('',(0.,0.,0.0075));
#4016=CARTESIAN_POINT('',(0.,0.,0.007));
#4017=CARTESIAN_POINT('',(-0.00169951094052415,0.0224357229115319,0.007));
#4018=CARTESIAN_POINT('',(-0.00169951094052415,0.0224357229115319,0.007));
#4019=CARTESIAN_POINT('',(-0.00169951094052415,0.0224357229115319,0.0065));
#4020=CARTESIAN_POINT('',(0.,0.,0.0065));
#4021=CARTESIAN_POINT('',(-0.00255342416665742,0.0223546421359218,0.0065));
#4022=CARTESIAN_POINT('',(-0.00255342416665742,0.0223546421359218,0.0065));
#4023=CARTESIAN_POINT('',(-0.00255342416665742,0.0223546421359218,0.006));
#4024=CARTESIAN_POINT('',(0.,0.,0.006));
#4025=CARTESIAN_POINT('',(-0.00364682281142434,0.0222024927290175,0.006));
#4026=CARTESIAN_POINT('',(-0.00364682281142434,0.0222024927290175,0.006));
#4027=CARTESIAN_POINT('',(-0.00364682281142434,0.0222024927290175,0.0055));
#4028=CARTESIAN_POINT('',(0.,0.,0.0055));
#4029=CARTESIAN_POINT('',(0.,0.0075160660804216,0.0075));
#4030=CARTESIAN_POINT('',(0.00142530044112034,0.0248548603498243,0.0075));
#4031=CARTESIAN_POINT('',(-0.00281097504367937,0.0243608352088499,0.007));
#4032=CARTESIAN_POINT('',(-0.00281097504367937,0.0243608352088499,0.0065));
#4033=CARTESIAN_POINT('',(-0.00281097504367937,0.0243608352088499,0.007));
#4034=CARTESIAN_POINT('',(0.,0.0075160660804216,0.007));
#4035=CARTESIAN_POINT('',(-0.00389676566427609,0.0236979836334584,0.0065));
#4036=CARTESIAN_POINT('',(-0.00389676566427609,0.0236979836334584,0.006));
#4037=CARTESIAN_POINT('',(-0.00389676566427609,0.0236979836334584,0.0065));
#4038=CARTESIAN_POINT('',(0.,0.0075160660804216,0.0065));
#4039=CARTESIAN_POINT('',(-0.00488160428044052,0.022915394142494,0.006));
#4040=CARTESIAN_POINT('',(-0.00488160428044052,0.022915394142494,0.0055));
#4041=CARTESIAN_POINT('',(-0.00488160428044052,0.022915394142494,0.006));
#4042=CARTESIAN_POINT('',(0.,0.0075160660804216,0.006));
#4043=CARTESIAN_POINT('',(0.,0.0075160660804216,0.0055));
#4044=CARTESIAN_POINT('',(0.00142530044112034,0.0248548603498243,0.0075));
#4045=CARTESIAN_POINT('',(0.00142530044112034,0.0248548603498243,0.007));
#4046=CARTESIAN_POINT('',(0.00281097504367937,0.0243608352088499,0.007));
#4047=CARTESIAN_POINT('',(0.00281097504367937,0.0243608352088499,0.0065));
#4048=CARTESIAN_POINT('',(0.00281097504367937,0.0243608352088499,0.007));
#4049=CARTESIAN_POINT('',(0.,0.0075160660804216,0.007));
#4050=CARTESIAN_POINT('',(0.00389676566427609,0.0236979836334584,0.0065));
#4051=CARTESIAN_POINT('',(0.00389676566427609,0.0236979836334584,0.006));
#4052=CARTESIAN_POINT('',(0.00389676566427609,0.0236979836334584,0.0065));
#4053=CARTESIAN_POINT('',(0.,0.0075160660804216,0.0065));
#4054=CARTESIAN_POINT('',(0.00488160428044052,0.022915394142494,0.006));
#4055=CARTESIAN_POINT('',(0.00488160428044052,0.022915394142494,0.0055));
#4056=CARTESIAN_POINT('',(0.00488160428044052,0.022915394142494,0.006));
#4057=CARTESIAN_POINT('',(0.,0.0075160660804216,0.006));
#4058=CARTESIAN_POINT('',(0.,0.0075160660804216,0.0055));
#4059=CARTESIAN_POINT('',(9.20452626756831E-19,-0.0075160660804216,0.0055));
#4060=CARTESIAN_POINT('',(0.,0.,0.0055));
#4061=CARTESIAN_POINT('',(-0.00364682281142434,-0.0222024927290175,0.0055));
#4062=CARTESIAN_POINT('',(-0.0067,-0.0214792923533342,0.0055));
#4063=CARTESIAN_POINT('',(-3.34465943887003E-17,-0.0208134928339591,0.0055));
#4064=CARTESIAN_POINT('',(-0.00611638574945668,-0.0236282955559707,0.0055));
#4065=CARTESIAN_POINT('',(-0.00488160428044052,-0.022915394142494,0.0055));
#4066=CARTESIAN_POINT('',(-0.00488160428044052,-0.022915394142494,0.006));
#4067=CARTESIAN_POINT('',(-0.00364682281142434,-0.0222024927290175,0.006));
#4068=CARTESIAN_POINT('',(-0.00364682281142434,-0.0222024927290175,0.006));
#4069=CARTESIAN_POINT('',(-0.00611638574945668,-0.0236282955559707,0.006));
#4070=CARTESIAN_POINT('',(-0.00611638574945668,-0.0236282955559707,0.006));
#4071=CARTESIAN_POINT('',(-0.00488160428044052,-0.022915394142494,0.006));
#4072=CARTESIAN_POINT('',(9.20452626756831E-19,-0.0075160660804216,0.006));
#4073=CARTESIAN_POINT('',(-0.00389676566427609,-0.0236979836334584,0.006));
#4074=CARTESIAN_POINT('',(-0.00524010716189475,-0.025041325130995,0.006));
#4075=CARTESIAN_POINT('',(-0.00255342416665742,-0.0223546421359218,0.006));
#4076=CARTESIAN_POINT('',(0.,0.,0.006));
#4077=CARTESIAN_POINT('',(1.55593438076445E-17,-0.0208134928339591,0.006));
#4078=CARTESIAN_POINT('',(-0.00389676566427609,-0.0236979836334584,0.0065));
#4079=CARTESIAN_POINT('',(-0.00524010716189475,-0.025041325130995,0.0065));
#4080=CARTESIAN_POINT('',(-0.00524010716189475,-0.025041325130995,0.0065));
#4081=CARTESIAN_POINT('',(-0.00389676566427609,-0.0236979836334584,0.0065));
#4082=CARTESIAN_POINT('',(-0.00255342416665742,-0.0223546421359218,0.0065));
#4083=CARTESIAN_POINT('',(-0.00255342416665742,-0.0223546421359218,0.0065));
#4084=CARTESIAN_POINT('',(9.20452626756831E-19,-0.0075160660804216,0.0065));
#4085=CARTESIAN_POINT('',(-0.00281097504367937,-0.0243608352088499,0.0065));
#4086=CARTESIAN_POINT('',(-0.00392243914683457,-0.026285947506168,0.0065));
#4087=CARTESIAN_POINT('',(-0.00169951094052415,-0.0224357229115319,0.0065));
#4088=CARTESIAN_POINT('',(0.,0.,0.0065));
#4089=CARTESIAN_POINT('',(6.41316011349951E-17,-0.0208134928339591,0.0065));
#4090=CARTESIAN_POINT('',(-0.00281097504367937,-0.0243608352088499,0.007));
#4091=CARTESIAN_POINT('',(-0.00392243914683457,-0.026285947506168,0.007));
#4092=CARTESIAN_POINT('',(-0.00392243914683457,-0.026285947506168,0.007));
#4093=CARTESIAN_POINT('',(-0.00281097504367937,-0.0243608352088499,0.007));
#4094=CARTESIAN_POINT('',(-0.00169951094052415,-0.0224357229115319,0.007));
#4095=CARTESIAN_POINT('',(-0.00169951094052415,-0.0224357229115319,0.007));
#4096=CARTESIAN_POINT('',(9.20452626756831E-19,-0.0075160660804216,0.007));
#4097=CARTESIAN_POINT('',(7.31940729675466E-18,-0.0208134928339591,0.007));
#4098=CARTESIAN_POINT('',(-0.00206000627337569,-0.0272236147636616,0.007));
#4099=CARTESIAN_POINT('',(-0.00142530044112034,-0.0248548603498243,0.007));
#4100=CARTESIAN_POINT('',(-0.000790594608864978,-0.0224861059359871,0.007));
#4101=CARTESIAN_POINT('',(0.,0.,0.007));
#4102=CARTESIAN_POINT('',(-0.00142530044112034,-0.0248548603498243,0.0075));
#4103=CARTESIAN_POINT('',(-0.00206000627337569,-0.0272236147636616,0.0075));
#4104=CARTESIAN_POINT('',(-0.00206000627337569,-0.0272236147636616,0.0075));
#4105=CARTESIAN_POINT('',(-0.00142530044112034,-0.0248548603498243,0.0075));
#4106=CARTESIAN_POINT('',(-0.000790594608864978,-0.0224861059359871,0.0075));
#4107=CARTESIAN_POINT('',(-0.000790594608864978,-0.0224861059359871,0.0075));
#4108=CARTESIAN_POINT('',(9.20452626756831E-19,-0.0075160660804216,0.0075));
#4109=CARTESIAN_POINT('',(0.,0.,0.0075));
#4110=CARTESIAN_POINT('',(0.000790594608864983,-0.0224861059359871,0.0075));
#4111=CARTESIAN_POINT('',(-1.32066450264481E-17,-0.0208134928339591,0.0075));
#4112=CARTESIAN_POINT('',(0.0020600062733757,-0.0272236147636616,0.0075));
#4113=CARTESIAN_POINT('',(0.00142530044112034,-0.0248548603498243,0.0075));
#4114=CARTESIAN_POINT('',(0.00142530044112034,-0.0248548603498243,0.0075));
#4115=CARTESIAN_POINT('',(0.0020600062733757,-0.0272236147636616,0.0075));
#4116=CARTESIAN_POINT('',(0.0020600062733757,-0.0272236147636616,0.007));
#4117=CARTESIAN_POINT('',(0.00142530044112034,-0.0248548603498243,0.007));
#4118=CARTESIAN_POINT('',(0.000790594608864983,-0.0224861059359871,0.007));
#4119=CARTESIAN_POINT('',(0.000790594608864983,-0.0224861059359871,0.0075));
#4120=CARTESIAN_POINT('',(9.20452626756831E-19,-0.0075160660804216,0.007));
#4121=CARTESIAN_POINT('',(-2.22157182111777E-18,-0.0208134928339591,0.007));
#4122=CARTESIAN_POINT('',(0.00392243914683458,-0.026285947506168,0.007));
#4123=CARTESIAN_POINT('',(0.00281097504367937,-0.0243608352088499,0.007));
#4124=CARTESIAN_POINT('',(0.00169951094052416,-0.0224357229115319,0.007));
#4125=CARTESIAN_POINT('',(0.,0.,0.007));
#4126=CARTESIAN_POINT('',(0.00281097504367937,-0.0243608352088499,0.007));
#4127=CARTESIAN_POINT('',(0.00392243914683458,-0.026285947506168,0.007));
#4128=CARTESIAN_POINT('',(0.00392243914683458,-0.026285947506168,0.0065));
#4129=CARTESIAN_POINT('',(0.00281097504367937,-0.0243608352088499,0.0065));
#4130=CARTESIAN_POINT('',(0.00169951094052416,-0.0224357229115319,0.0065));
#4131=CARTESIAN_POINT('',(0.00169951094052416,-0.0224357229115319,0.007));
#4132=CARTESIAN_POINT('',(9.20452626756831E-19,-0.0075160660804216,0.0065));
#4133=CARTESIAN_POINT('',(-5.90337656593582E-17,-0.0208134928339591,0.0065));
#4134=CARTESIAN_POINT('',(0.00524010716189476,-0.025041325130995,0.0065));
#4135=CARTESIAN_POINT('',(0.00389676566427609,-0.0236979836334584,0.0065));
#4136=CARTESIAN_POINT('',(0.00255342416665743,-0.0223546421359218,0.0065));
#4137=CARTESIAN_POINT('',(0.,0.,0.0065));
#4138=CARTESIAN_POINT('',(0.00389676566427609,-0.0236979836334584,0.0065));
#4139=CARTESIAN_POINT('',(0.00524010716189476,-0.025041325130995,0.0065));
#4140=CARTESIAN_POINT('',(0.00524010716189476,-0.025041325130995,0.006));
#4141=CARTESIAN_POINT('',(0.00389676566427609,-0.0236979836334584,0.006));
#4142=CARTESIAN_POINT('',(0.00255342416665743,-0.0223546421359218,0.006));
#4143=CARTESIAN_POINT('',(0.00255342416665743,-0.0223546421359218,0.0065));
#4144=CARTESIAN_POINT('',(9.20452626756831E-19,-0.0075160660804216,0.006));
#4145=CARTESIAN_POINT('',(-1.04615083320076E-17,-0.0208134928339591,0.006));
#4146=CARTESIAN_POINT('',(0.00611638574945669,-0.0236282955559707,0.006));
#4147=CARTESIAN_POINT('',(0.00488160428044052,-0.022915394142494,0.006));
#4148=CARTESIAN_POINT('',(0.00364682281142434,-0.0222024927290175,0.006));
#4149=CARTESIAN_POINT('',(0.,0.,0.006));
#4150=CARTESIAN_POINT('',(0.00488160428044052,-0.022915394142494,0.006));
#4151=CARTESIAN_POINT('',(0.00488160428044052,-0.022915394142494,0.0055));
#4152=CARTESIAN_POINT('',(0.00364682281142434,-0.0222024927290175,0.0055));
#4153=CARTESIAN_POINT('',(0.00611638574945669,-0.0236282955559707,0.0055));
#4154=CARTESIAN_POINT('',(0.00364682281142434,-0.0222024927290175,0.006));
#4155=CARTESIAN_POINT('',(0.00611638574945669,-0.0236282955559707,0.006));
#4156=CARTESIAN_POINT('',(9.20452626756831E-19,-0.0075160660804216,0.0055));
#4157=CARTESIAN_POINT('',(0.,0.,0.0055));
#4158=CARTESIAN_POINT('',(0.0067,-0.0214792923533342,0.0055));
#4159=CARTESIAN_POINT('',(3.85444298643372E-17,-0.0208134928339591,0.0055));
#4160=CARTESIAN_POINT('',(3.85444298643372E-17,-0.0208134928339591,-2.00000000000027E-6));
#4161=CARTESIAN_POINT('',(-0.0067,-0.0214792923533342,0.0055));
#4162=CARTESIAN_POINT('',(0.0067,-0.0214792923533342,0.0055));
#4163=CARTESIAN_POINT('',(0.,0.,0.0075));
#4164=CARTESIAN_POINT('',(-0.0075160660804216,-1.38067894013525E-18,0.0055));
#4165=CARTESIAN_POINT('',(0.,0.,0.0055));
#4166=CARTESIAN_POINT('',(-0.0222024927290175,0.00364682281142434,0.0055));
#4167=CARTESIAN_POINT('',(-0.0214792923533342,0.0067,0.0055));
#4168=CARTESIAN_POINT('',(-0.0208134928339591,3.21721355197911E-17,0.0055));
#4169=CARTESIAN_POINT('',(-0.0236282955559707,0.00611638574945668,0.0055));
#4170=CARTESIAN_POINT('',(-0.022915394142494,0.00488160428044052,0.0055));
#4171=CARTESIAN_POINT('',(-0.022915394142494,0.00488160428044052,0.006));
#4172=CARTESIAN_POINT('',(-0.0222024927290175,0.00364682281142434,0.006));
#4173=CARTESIAN_POINT('',(-0.0222024927290175,0.00364682281142434,0.006));
#4174=CARTESIAN_POINT('',(-0.0236282955559707,0.00611638574945668,0.006));
#4175=CARTESIAN_POINT('',(-0.0236282955559707,0.00611638574945668,0.006));
#4176=CARTESIAN_POINT('',(-0.022915394142494,0.00488160428044052,0.006));
#4177=CARTESIAN_POINT('',(-0.0075160660804216,-1.38067894013525E-18,0.006));
#4178=CARTESIAN_POINT('',(-0.0236979836334584,0.00389676566427609,0.006));
#4179=CARTESIAN_POINT('',(-0.025041325130995,0.00524010716189475,0.006));
#4180=CARTESIAN_POINT('',(-0.0223546421359218,0.00255342416665742,0.006));
#4181=CARTESIAN_POINT('',(0.,0.,0.006));
#4182=CARTESIAN_POINT('',(-0.0208134928339591,-1.68338026765537E-17,0.006));
#4183=CARTESIAN_POINT('',(-0.0236979836334584,0.00389676566427609,0.0065));
#4184=CARTESIAN_POINT('',(-0.025041325130995,0.00524010716189475,0.0065));
#4185=CARTESIAN_POINT('',(-0.025041325130995,0.00524010716189475,0.0065));
#4186=CARTESIAN_POINT('',(-0.0236979836334584,0.00389676566427609,0.0065));
#4187=CARTESIAN_POINT('',(-0.0223546421359218,0.00255342416665742,0.0065));
#4188=CARTESIAN_POINT('',(-0.0223546421359218,0.00255342416665742,0.0065));
#4189=CARTESIAN_POINT('',(-0.0075160660804216,-1.38067894013525E-18,0.0065));
#4190=CARTESIAN_POINT('',(-0.0243608352088499,0.00281097504367937,0.0065));
#4191=CARTESIAN_POINT('',(-0.026285947506168,0.00392243914683457,0.0065));
#4192=CARTESIAN_POINT('',(-0.0224357229115319,0.00169951094052415,0.0065));
#4193=CARTESIAN_POINT('',(0.,0.,0.0065));
#4194=CARTESIAN_POINT('',(-0.0208134928339591,-6.54060600039043E-17,0.0065));
#4195=CARTESIAN_POINT('',(-0.0243608352088499,0.00281097504367937,0.007));
#4196=CARTESIAN_POINT('',(-0.026285947506168,0.00392243914683457,0.007));
#4197=CARTESIAN_POINT('',(-0.026285947506168,0.00392243914683457,0.007));
#4198=CARTESIAN_POINT('',(-0.0243608352088499,0.00281097504367937,0.007));
#4199=CARTESIAN_POINT('',(-0.0224357229115319,0.00169951094052415,0.007));
#4200=CARTESIAN_POINT('',(-0.0224357229115319,0.00169951094052415,0.007));
#4201=CARTESIAN_POINT('',(-0.0075160660804216,-1.38067894013525E-18,0.007));
#4202=CARTESIAN_POINT('',(-0.0208134928339591,-8.59386616566388E-18,0.007));
#4203=CARTESIAN_POINT('',(-0.0272236147636616,0.00206000627337569,0.007));
#4204=CARTESIAN_POINT('',(-0.0248548603498243,0.00142530044112033,0.007));
#4205=CARTESIAN_POINT('',(-0.0224861059359871,0.000790594608864976,0.007));
#4206=CARTESIAN_POINT('',(0.,0.,0.007));
#4207=CARTESIAN_POINT('',(-0.0248548603498243,0.00142530044112033,0.0075));
#4208=CARTESIAN_POINT('',(-0.0272236147636616,0.00206000627337569,0.0075));
#4209=CARTESIAN_POINT('',(-0.0272236147636616,0.00206000627337569,0.0075));
#4210=CARTESIAN_POINT('',(-0.0248548603498243,0.00142530044112033,0.0075));
#4211=CARTESIAN_POINT('',(-0.0224861059359871,0.000790594608864976,0.0075));
#4212=CARTESIAN_POINT('',(-0.0224861059359871,0.000790594608864976,0.0075));
#4213=CARTESIAN_POINT('',(-0.0075160660804216,-1.38067894013525E-18,0.0075));
#4214=CARTESIAN_POINT('',(0.,0.,0.0075));
#4215=CARTESIAN_POINT('',(-0.0224861059359871,-0.000790594608864985,0.0075));
#4216=CARTESIAN_POINT('',(-0.0208134928339591,1.19321861575389E-17,0.0075));
#4217=CARTESIAN_POINT('',(-0.0272236147636616,-0.0020600062733757,0.0075));
#4218=CARTESIAN_POINT('',(-0.0248548603498243,-0.00142530044112034,0.0075));
#4219=CARTESIAN_POINT('',(-0.0248548603498243,-0.00142530044112034,0.0075));
#4220=CARTESIAN_POINT('',(-0.0272236147636616,-0.0020600062733757,0.0075));
#4221=CARTESIAN_POINT('',(-0.0272236147636616,-0.0020600062733757,0.007));
#4222=CARTESIAN_POINT('',(-0.0248548603498243,-0.00142530044112034,0.007));
#4223=CARTESIAN_POINT('',(-0.0224861059359871,-0.000790594608864985,0.007));
#4224=CARTESIAN_POINT('',(-0.0224861059359871,-0.000790594608864985,0.0075));
#4225=CARTESIAN_POINT('',(-0.0075160660804216,-1.38067894013525E-18,0.007));
#4226=CARTESIAN_POINT('',(-0.0208134928339591,9.47112952208554E-19,0.007));
#4227=CARTESIAN_POINT('',(-0.026285947506168,-0.00392243914683458,0.007));
#4228=CARTESIAN_POINT('',(-0.0243608352088499,-0.00281097504367937,0.007));
#4229=CARTESIAN_POINT('',(-0.0224357229115319,-0.00169951094052416,0.007));
#4230=CARTESIAN_POINT('',(0.,0.,0.007));
#4231=CARTESIAN_POINT('',(-0.0243608352088499,-0.00281097504367937,0.007));
#4232=CARTESIAN_POINT('',(-0.026285947506168,-0.00392243914683458,0.007));
#4233=CARTESIAN_POINT('',(-0.026285947506168,-0.00392243914683458,0.0065));
#4234=CARTESIAN_POINT('',(-0.0243608352088499,-0.00281097504367937,0.0065));
#4235=CARTESIAN_POINT('',(-0.0224357229115319,-0.00169951094052416,0.0065));
#4236=CARTESIAN_POINT('',(-0.0224357229115319,-0.00169951094052416,0.007));
#4237=CARTESIAN_POINT('',(-0.0075160660804216,-1.38067894013525E-18,0.0065));
#4238=CARTESIAN_POINT('',(-0.0208134928339591,5.7759306790449E-17,0.0065));
#4239=CARTESIAN_POINT('',(-0.025041325130995,-0.00524010716189476,0.0065));
#4240=CARTESIAN_POINT('',(-0.0236979836334584,-0.00389676566427609,0.0065));
#4241=CARTESIAN_POINT('',(-0.0223546421359218,-0.00255342416665743,0.0065));
#4242=CARTESIAN_POINT('',(0.,0.,0.0065));
#4243=CARTESIAN_POINT('',(-0.0236979836334584,-0.00389676566427609,0.0065));
#4244=CARTESIAN_POINT('',(-0.025041325130995,-0.00524010716189476,0.0065));
#4245=CARTESIAN_POINT('',(-0.025041325130995,-0.00524010716189476,0.006));
#4246=CARTESIAN_POINT('',(-0.0236979836334584,-0.00389676566427609,0.006));
#4247=CARTESIAN_POINT('',(-0.0223546421359218,-0.00255342416665743,0.006));
#4248=CARTESIAN_POINT('',(-0.0223546421359218,-0.00255342416665743,0.0065));
#4249=CARTESIAN_POINT('',(-0.0075160660804216,-1.38067894013525E-18,0.006));
#4250=CARTESIAN_POINT('',(-0.0208134928339591,9.18704946309838E-18,0.006));
#4251=CARTESIAN_POINT('',(-0.0236282955559707,-0.00611638574945669,0.006));
#4252=CARTESIAN_POINT('',(-0.022915394142494,-0.00488160428044053,0.006));
#4253=CARTESIAN_POINT('',(-0.0222024927290175,-0.00364682281142434,0.006));
#4254=CARTESIAN_POINT('',(0.,0.,0.006));
#4255=CARTESIAN_POINT('',(-0.022915394142494,-0.00488160428044053,0.006));
#4256=CARTESIAN_POINT('',(-0.022915394142494,-0.00488160428044053,0.0055));
#4257=CARTESIAN_POINT('',(-0.0222024927290175,-0.00364682281142434,0.0055));
#4258=CARTESIAN_POINT('',(-0.0236282955559707,-0.00611638574945669,0.0055));
#4259=CARTESIAN_POINT('',(-0.0222024927290175,-0.00364682281142434,0.006));
#4260=CARTESIAN_POINT('',(-0.0236282955559707,-0.00611638574945669,0.006));
#4261=CARTESIAN_POINT('',(-0.0075160660804216,-1.38067894013525E-18,0.0055));
#4262=CARTESIAN_POINT('',(0.,0.,0.0055));
#4263=CARTESIAN_POINT('',(-0.0214792923533342,-0.0067,0.0055));
#4264=CARTESIAN_POINT('',(-0.0208134928339591,-3.98188887332464E-17,0.0055));
#4265=CARTESIAN_POINT('',(-0.0208134928339591,-3.98188887332464E-17,-2.00000000000027E-6));
#4266=CARTESIAN_POINT('',(-0.0214792923533342,0.0067,0.0055));
#4267=CARTESIAN_POINT('',(-0.0214792923533342,-0.0067,0.0055));
#4268=CARTESIAN_POINT('',(0.,0.,0.0075));
#4269=CARTESIAN_POINT('',(0.0208134928339591,3.7269970995428E-17,-2.00000000000027E-6));
#4270=CARTESIAN_POINT('',(0.0214792923533342,-0.0067,0.0055));
#4271=CARTESIAN_POINT('',(0.0214792923533342,-0.0067,0.0055));
#4272=CARTESIAN_POINT('',(0.0214792923533342,0.0067,0.0055));
#4273=CARTESIAN_POINT('',(0.0214792923533342,0.0067,0.0055));
#4274=CARTESIAN_POINT('',(0.0208134928339591,3.7269970995428E-17,0.0055));
#4275=CARTESIAN_POINT('',(0.0236282955559707,0.00611638574945669,0.0055));
#4276=CARTESIAN_POINT('',(0.0236282955559707,0.00611638574945669,0.006));
#4277=CARTESIAN_POINT('',(0.0236282955559707,0.00611638574945669,0.006));
#4278=CARTESIAN_POINT('',(0.0208134928339591,-1.17359672009168E-17,0.006));
#4279=CARTESIAN_POINT('',(0.025041325130995,0.00524010716189476,0.006));
#4280=CARTESIAN_POINT('',(0.025041325130995,0.00524010716189476,0.0065));
#4281=CARTESIAN_POINT('',(0.025041325130995,0.00524010716189476,0.0065));
#4282=CARTESIAN_POINT('',(0.0208134928339591,-6.03082245282674E-17,0.0065));
#4283=CARTESIAN_POINT('',(0.026285947506168,0.00392243914683457,0.0065));
#4284=CARTESIAN_POINT('',(0.026285947506168,0.00392243914683457,0.007));
#4285=CARTESIAN_POINT('',(0.026285947506168,0.00392243914683457,0.007));
#4286=CARTESIAN_POINT('',(0.0208134928339591,-3.496030690027E-18,0.007));
#4287=CARTESIAN_POINT('',(0.0272236147636616,0.0020600062733757,0.007));
#4288=CARTESIAN_POINT('',(0.0272236147636616,0.0020600062733757,0.0075));
#4289=CARTESIAN_POINT('',(0.0272236147636616,0.0020600062733757,0.0075));
#4290=CARTESIAN_POINT('',(0.0208134928339591,-1.44811038953573E-17,0.0075));
#4291=CARTESIAN_POINT('',(0.0272236147636616,-0.00206000627337569,0.0075));
#4292=CARTESIAN_POINT('',(0.0272236147636616,-0.00206000627337569,0.0075));
#4293=CARTESIAN_POINT('',(0.0272236147636616,-0.00206000627337569,0.007));
#4294=CARTESIAN_POINT('',(0.0208134928339591,6.04494842784544E-18,0.007));
#4295=CARTESIAN_POINT('',(0.026285947506168,-0.00392243914683457,0.007));
#4296=CARTESIAN_POINT('',(0.026285947506168,-0.00392243914683457,0.007));
#4297=CARTESIAN_POINT('',(0.026285947506168,-0.00392243914683457,0.0065));
#4298=CARTESIAN_POINT('',(0.0208134928339591,6.28571422660859E-17,0.0065));
#4299=CARTESIAN_POINT('',(0.025041325130995,-0.00524010716189475,0.0065));
#4300=CARTESIAN_POINT('',(0.025041325130995,-0.00524010716189475,0.0065));
#4301=CARTESIAN_POINT('',(0.025041325130995,-0.00524010716189475,0.006));
#4302=CARTESIAN_POINT('',(0.0208134928339591,1.42848849387353E-17,0.006));
#4303=CARTESIAN_POINT('',(0.0236282955559707,-0.00611638574945669,0.006));
#4304=CARTESIAN_POINT('',(0.0236282955559707,-0.00611638574945669,0.006));
#4305=CARTESIAN_POINT('',(0.0236282955559707,-0.00611638574945669,0.0055));
#4306=CARTESIAN_POINT('',(0.0208134928339591,-3.47210532576095E-17,0.0055));
#4307=CARTESIAN_POINT('',(0.0248548603498243,0.00142530044112034,0.0075));
#4308=CARTESIAN_POINT('',(0.0248548603498243,0.00142530044112034,0.007));
#4309=CARTESIAN_POINT('',(0.0224861059359871,0.000790594608864982,0.007));
#4310=CARTESIAN_POINT('',(0.0224861059359871,0.000790594608864982,0.0075));
#4311=CARTESIAN_POINT('',(0.0224861059359871,0.000790594608864982,0.0075));
#4312=CARTESIAN_POINT('',(0.0248548603498243,0.00142530044112034,0.0075));
#4313=CARTESIAN_POINT('',(0.,0.,0.0075));
#4314=CARTESIAN_POINT('',(0.,0.,0.0055));
#4315=CARTESIAN_POINT('',(0.0222024927290175,-0.00364682281142434,0.0055));
#4316=CARTESIAN_POINT('',(0.0222024927290175,-0.00364682281142434,0.006));
#4317=CARTESIAN_POINT('',(0.0222024927290175,-0.00364682281142434,0.006));
#4318=CARTESIAN_POINT('',(0.,0.,0.006));
#4319=CARTESIAN_POINT('',(0.0223546421359218,-0.00255342416665742,0.006));
#4320=CARTESIAN_POINT('',(0.0223546421359218,-0.00255342416665742,0.0065));
#4321=CARTESIAN_POINT('',(0.0223546421359218,-0.00255342416665742,0.0065));
#4322=CARTESIAN_POINT('',(0.,0.,0.0065));
#4323=CARTESIAN_POINT('',(0.0224357229115319,-0.00169951094052415,0.0065));
#4324=CARTESIAN_POINT('',(0.0224357229115319,-0.00169951094052415,0.007));
#4325=CARTESIAN_POINT('',(0.0224357229115319,-0.00169951094052415,0.007));
#4326=CARTESIAN_POINT('',(0.,0.,0.007));
#4327=CARTESIAN_POINT('',(0.0224861059359871,-0.000790594608864979,0.007));
#4328=CARTESIAN_POINT('',(0.0224861059359871,-0.000790594608864979,0.0075));
#4329=CARTESIAN_POINT('',(0.0224861059359871,-0.000790594608864979,0.0075));
#4330=CARTESIAN_POINT('',(0.,0.,0.0075));
#4331=CARTESIAN_POINT('',(0.,0.,0.007));
#4332=CARTESIAN_POINT('',(0.0224357229115319,0.00169951094052416,0.007));
#4333=CARTESIAN_POINT('',(0.0224357229115319,0.00169951094052416,0.007));
#4334=CARTESIAN_POINT('',(0.0224357229115319,0.00169951094052416,0.0065));
#4335=CARTESIAN_POINT('',(0.,0.,0.0065));
#4336=CARTESIAN_POINT('',(0.0223546421359218,0.00255342416665742,0.0065));
#4337=CARTESIAN_POINT('',(0.0223546421359218,0.00255342416665742,0.0065));
#4338=CARTESIAN_POINT('',(0.0223546421359218,0.00255342416665742,0.006));
#4339=CARTESIAN_POINT('',(0.,0.,0.006));
#4340=CARTESIAN_POINT('',(0.0222024927290175,0.00364682281142434,0.006));
#4341=CARTESIAN_POINT('',(0.0222024927290175,0.00364682281142434,0.006));
#4342=CARTESIAN_POINT('',(0.0222024927290175,0.00364682281142434,0.0055));
#4343=CARTESIAN_POINT('',(0.,0.,0.0055));
#4344=CARTESIAN_POINT('',(0.0075160660804216,4.60226313378415E-19,0.0075));
#4345=CARTESIAN_POINT('',(0.0248548603498243,-0.00142530044112034,0.0075));
#4346=CARTESIAN_POINT('',(0.0243608352088499,0.00281097504367937,0.007));
#4347=CARTESIAN_POINT('',(0.0243608352088499,0.00281097504367937,0.0065));
#4348=CARTESIAN_POINT('',(0.0243608352088499,0.00281097504367937,0.007));
#4349=CARTESIAN_POINT('',(0.0075160660804216,4.60226313378415E-19,0.007));
#4350=CARTESIAN_POINT('',(0.0236979836334584,0.00389676566427609,0.0065));
#4351=CARTESIAN_POINT('',(0.0236979836334584,0.00389676566427609,0.006));
#4352=CARTESIAN_POINT('',(0.0236979836334584,0.00389676566427609,0.0065));
#4353=CARTESIAN_POINT('',(0.0075160660804216,4.60226313378415E-19,0.0065));
#4354=CARTESIAN_POINT('',(0.022915394142494,0.00488160428044052,0.006));
#4355=CARTESIAN_POINT('',(0.022915394142494,0.00488160428044052,0.0055));
#4356=CARTESIAN_POINT('',(0.022915394142494,0.00488160428044052,0.006));
#4357=CARTESIAN_POINT('',(0.0075160660804216,4.60226313378415E-19,0.006));
#4358=CARTESIAN_POINT('',(0.0075160660804216,4.60226313378415E-19,0.0055));
#4359=CARTESIAN_POINT('',(0.0248548603498243,-0.00142530044112034,0.0075));
#4360=CARTESIAN_POINT('',(0.0248548603498243,-0.00142530044112034,0.007));
#4361=CARTESIAN_POINT('',(0.0243608352088499,-0.00281097504367937,0.007));
#4362=CARTESIAN_POINT('',(0.0243608352088499,-0.00281097504367937,0.0065));
#4363=CARTESIAN_POINT('',(0.0243608352088499,-0.00281097504367937,0.007));
#4364=CARTESIAN_POINT('',(0.0075160660804216,4.60226313378415E-19,0.007));
#4365=CARTESIAN_POINT('',(0.0236979836334584,-0.00389676566427609,0.0065));
#4366=CARTESIAN_POINT('',(0.0236979836334584,-0.00389676566427609,0.006));
#4367=CARTESIAN_POINT('',(0.0236979836334584,-0.00389676566427609,0.0065));
#4368=CARTESIAN_POINT('',(0.0075160660804216,4.60226313378415E-19,0.0065));
#4369=CARTESIAN_POINT('',(0.022915394142494,-0.00488160428044052,0.006));
#4370=CARTESIAN_POINT('',(0.022915394142494,-0.00488160428044052,0.0055));
#4371=CARTESIAN_POINT('',(0.022915394142494,-0.00488160428044052,0.006));
#4372=CARTESIAN_POINT('',(0.0075160660804216,4.60226313378415E-19,0.006));
#4373=CARTESIAN_POINT('',(0.0075160660804216,4.60226313378415E-19,0.0055));
#4374=MECHANICAL_DESIGN_GEOMETRIC_PRESENTATION_REPRESENTATION('',(#2417),
#4375);
#4375=(
GEOMETRIC_REPRESENTATION_CONTEXT(3)
GLOBAL_UNCERTAINTY_ASSIGNED_CONTEXT((#4376))
GLOBAL_UNIT_ASSIGNED_CONTEXT((#4379,#4378,#4377))
REPRESENTATION_CONTEXT('Body','TOP_LEVEL_ASSEMBLY_PART')
);
#4376=UNCERTAINTY_MEASURE_WITH_UNIT(LENGTH_MEASURE(2.E-5),#4379,
'DISTANCE_ACCURACY_VALUE','Maximum Tolerance applied to model');
#4377=(
NAMED_UNIT(*)
SI_UNIT($,.STERADIAN.)
SOLID_ANGLE_UNIT()
);
#4378=(
NAMED_UNIT(*)
PLANE_ANGLE_UNIT()
SI_UNIT($,.RADIAN.)
);
#4379=(
LENGTH_UNIT()
NAMED_UNIT(*)
SI_UNIT($,.METRE.)
);
#4380=PRODUCT_DEFINITION_SHAPE('','',#4381);
#4381=PRODUCT_DEFINITION('','',#4383,#4382);
#4382=PRODUCT_DEFINITION_CONTEXT('',#4389,'design');
#4383=PRODUCT_DEFINITION_FORMATION_WITH_SPECIFIED_SOURCE('','',#4385,
 .NOT_KNOWN.);
#4384=PRODUCT_RELATED_PRODUCT_CATEGORY('','',(#4385));
#4385=PRODUCT('Body','Body','Body',(#4387));
#4386=PRODUCT_CATEGORY('','');
#4387=PRODUCT_CONTEXT('',#4389,'mechanical');
#4388=APPLICATION_PROTOCOL_DEFINITION('international standard',
'ap242_managed_model_based_3d_engineering',2020,#4389);
#4389=APPLICATION_CONTEXT('managed model based 3d engineering');
ENDSEC;
END-ISO-10303-21;
