ISO-10303-21;
HEADER;
/* Generated by software containing ST-Developer
 * from STEP Tools, Inc. (www.steptools.com) 
 */
/* OPTION: using custom renumber hook */

FILE_DESCRIPTION(
/* description */ ('STEP AP242 Edition 2',
'CAx-IF Rec.Pracs.---Representation and Presentation of Product Manufa
cturing Information (PMI)---4.0---2014-10-13',
'CAx-IF Rec.Pracs.---3D Tessellated Geometry---0.4---2014-09-14','2;1',
'CAx-IF Rec.Pracs.---User Defined Attributes---1.5---2016-08-15'),
/* implementation_level */ '2;1');

FILE_NAME(
/* name */ 'psArtDeco - Back',
/* time_stamp */ '2026-08-12T20:14:49Z',
/* author */ (''),
/* organization */ (''),
/* preprocessor_version */ 'ST-DEVELOPER v20',
/* originating_system */ 'ONSHAPE BY PTC INC, 1.219',
/* authorisation */ '  ');

FILE_SCHEMA (('AP242_MANAGED_MODEL_BASED_3D_ENGINEERING_MIM_LF { 1 0 10303 442 3 1 4 }'));
ENDSEC;

DATA;
#10=SHAPE_REPRESENTATION_RELATIONSHIP('','',#1660,#11);
#11=ADVANCED_BREP_SHAPE_REPRESENTATION('',(#1658),#2867);
#12=TOROIDAL_SURFACE('',#1817,0.0128425599913093,0.0005);
#13=TOROIDAL_SURFACE('',#1818,0.0128425599913093,0.0005);
#14=TOROIDAL_SURFACE('',#1823,0.002,0.0005);
#15=TOROIDAL_SURFACE('',#1825,0.002,0.0005);
#16=TOROIDAL_SURFACE('',#1835,0.002,0.0005);
#17=TOROIDAL_SURFACE('',#1837,0.002,0.0005);
#18=TOROIDAL_SURFACE('',#1845,0.0285215808856536,0.0005);
#19=TOROIDAL_SURFACE('',#1846,0.0285215808856536,0.0005);
#20=TOROIDAL_SURFACE('',#1847,0.00325,0.0005);
#21=TOROIDAL_SURFACE('',#1848,0.0035,0.0005);
#22=TOROIDAL_SURFACE('',#1849,0.0035,0.0005);
#23=B_SPLINE_CURVE_WITH_KNOTS('',3,(#2793,#2794,#2795,#2796),
 .UNSPECIFIED.,.F.,.F.,(4,4),(0.,0.000782114993642496),.UNSPECIFIED.);
#24=B_SPLINE_CURVE_WITH_KNOTS('',3,(#2798,#2799,#2800,#2801),
 .UNSPECIFIED.,.F.,.F.,(4,4),(0.,0.000782114993642496),.UNSPECIFIED.);
#25=B_SPLINE_CURVE_WITH_KNOTS('',3,(#2803,#2804,#2805,#2806),
 .UNSPECIFIED.,.F.,.F.,(4,4),(0.,0.000828019918387315),.UNSPECIFIED.);
#26=B_SPLINE_CURVE_WITH_KNOTS('',3,(#2808,#2809,#2810,#2811),
 .UNSPECIFIED.,.F.,.F.,(4,4),(0.,0.000828019918387317),.UNSPECIFIED.);
#27=B_SPLINE_CURVE_WITH_KNOTS('',3,(#2837,#2838,#2839,#2840,#2841),
 .UNSPECIFIED.,.F.,.F.,(4,1,4),(0.,0.000433379970770142,0.000866759941540284),
 .UNSPECIFIED.);
#28=B_SPLINE_CURVE_WITH_KNOTS('',3,(#2843,#2844,#2845,#2846,#2847),
 .UNSPECIFIED.,.F.,.F.,(4,1,4),(0.,0.000433379970770142,0.000866759941540284),
 .UNSPECIFIED.);
#29=B_SPLINE_CURVE_WITH_KNOTS('',3,(#2849,#2850,#2851,#2852),
 .UNSPECIFIED.,.F.,.F.,(4,4),(0.,0.000666924546536084),.UNSPECIFIED.);
#30=B_SPLINE_CURVE_WITH_KNOTS('',3,(#2854,#2855,#2856,#2857),
 .UNSPECIFIED.,.F.,.F.,(4,4),(2.82786497459177E-5,0.00131686319208175),
 .UNSPECIFIED.);
#31=B_SPLINE_CURVE_WITH_KNOTS('',3,(#2859,#2860,#2861,#2862),
 .UNSPECIFIED.,.F.,.F.,(4,4),(-7.57745960897828E-6,0.00128104431639696),
 .UNSPECIFIED.);
#32=SPHERICAL_SURFACE('',#1783,0.0005);
#33=SPHERICAL_SURFACE('',#1785,0.0005);
#34=SPHERICAL_SURFACE('',#1795,0.0005);
#35=SPHERICAL_SURFACE('',#1797,0.0005);
#36=SPHERICAL_SURFACE('',#1807,0.0005);
#37=SPHERICAL_SURFACE('',#1809,0.0005);
#38=ELLIPSE('',#1777,0.000707106781186548,0.0005);
#39=ELLIPSE('',#1778,0.000707106781186548,0.0005);
#40=ELLIPSE('',#1788,0.000707106781186548,0.0005);
#41=ELLIPSE('',#1790,0.000707106781186548,0.0005);
#42=ELLIPSE('',#1800,0.000707106781186548,0.0005);
#43=ELLIPSE('',#1802,0.000707106781186548,0.0005);
#44=ELLIPSE('',#1812,0.000707106781186548,0.0005);
#45=ELLIPSE('',#1814,0.000707106781186548,0.0005);
#46=ELLIPSE('',#1828,0.000707106781186548,0.0005);
#47=ELLIPSE('',#1830,0.000707106781186548,0.0005);
#48=ELLIPSE('',#1840,0.000707106781186548,0.0005);
#49=ELLIPSE('',#1842,0.000707106781186548,0.0005);
#50=LINE('',#2379,#184);
#51=LINE('',#2382,#185);
#52=LINE('',#2384,#186);
#53=LINE('',#2386,#187);
#54=LINE('',#2388,#188);
#55=LINE('',#2390,#189);
#56=LINE('',#2394,#190);
#57=LINE('',#2396,#191);
#58=LINE('',#2400,#192);
#59=LINE('',#2402,#193);
#60=LINE('',#2406,#194);
#61=LINE('',#2408,#195);
#62=LINE('',#2412,#196);
#63=LINE('',#2416,#197);
#64=LINE('',#2418,#198);
#65=LINE('',#2422,#199);
#66=LINE('',#2424,#200);
#67=LINE('',#2430,#201);
#68=LINE('',#2432,#202);
#69=LINE('',#2436,#203);
#70=LINE('',#2438,#204);
#71=LINE('',#2442,#205);
#72=LINE('',#2446,#206);
#73=LINE('',#2448,#207);
#74=LINE('',#2452,#208);
#75=LINE('',#2454,#209);
#76=LINE('',#2458,#210);
#77=LINE('',#2460,#211);
#78=LINE('',#2464,#212);
#79=LINE('',#2468,#213);
#80=LINE('',#2472,#214);
#81=LINE('',#2474,#215);
#82=LINE('',#2476,#216);
#83=LINE('',#2478,#217);
#84=LINE('',#2479,#218);
#85=LINE('',#2481,#219);
#86=LINE('',#2483,#220);
#87=LINE('',#2485,#221);
#88=LINE('',#2487,#222);
#89=LINE('',#2489,#223);
#90=LINE('',#2491,#224);
#91=LINE('',#2493,#225);
#92=LINE('',#2497,#226);
#93=LINE('',#2499,#227);
#94=LINE('',#2501,#228);
#95=LINE('',#2503,#229);
#96=LINE('',#2505,#230);
#97=LINE('',#2509,#231);
#98=LINE('',#2511,#232);
#99=LINE('',#2513,#233);
#100=LINE('',#2515,#234);
#101=LINE('',#2517,#235);
#102=LINE('',#2521,#236);
#103=LINE('',#2523,#237);
#104=LINE('',#2525,#238);
#105=LINE('',#2527,#239);
#106=LINE('',#2529,#240);
#107=LINE('',#2533,#241);
#108=LINE('',#2535,#242);
#109=LINE('',#2537,#243);
#110=LINE('',#2541,#244);
#111=LINE('',#2543,#245);
#112=LINE('',#2545,#246);
#113=LINE('',#2547,#247);
#114=LINE('',#2549,#248);
#115=LINE('',#2553,#249);
#116=LINE('',#2555,#250);
#117=LINE('',#2557,#251);
#118=LINE('',#2559,#252);
#119=LINE('',#2561,#253);
#120=LINE('',#2565,#254);
#121=LINE('',#2569,#255);
#122=LINE('',#2571,#256);
#123=LINE('',#2573,#257);
#124=LINE('',#2575,#258);
#125=LINE('',#2577,#259);
#126=LINE('',#2581,#260);
#127=LINE('',#2583,#261);
#128=LINE('',#2585,#262);
#129=LINE('',#2587,#263);
#130=LINE('',#2589,#264);
#131=LINE('',#2593,#265);
#132=LINE('',#2595,#266);
#133=LINE('',#2597,#267);
#134=LINE('',#2601,#268);
#135=LINE('',#2603,#269);
#136=LINE('',#2605,#270);
#137=LINE('',#2607,#271);
#138=LINE('',#2609,#272);
#139=LINE('',#2613,#273);
#140=LINE('',#2615,#274);
#141=LINE('',#2617,#275);
#142=LINE('',#2619,#276);
#143=LINE('',#2621,#277);
#144=LINE('',#2625,#278);
#145=LINE('',#2627,#279);
#146=LINE('',#2629,#280);
#147=LINE('',#2631,#281);
#148=LINE('',#2644,#282);
#149=LINE('',#2646,#283);
#150=LINE('',#2650,#284);
#151=LINE('',#2652,#285);
#152=LINE('',#2656,#286);
#153=LINE('',#2660,#287);
#154=LINE('',#2662,#288);
#155=LINE('',#2664,#289);
#156=LINE('',#2666,#290);
#157=LINE('',#2668,#291);
#158=LINE('',#2670,#292);
#159=LINE('',#2672,#293);
#160=LINE('',#2674,#294);
#161=LINE('',#2676,#295);
#162=LINE('',#2678,#296);
#163=LINE('',#2680,#297);
#164=LINE('',#2682,#298);
#165=LINE('',#2684,#299);
#166=LINE('',#2686,#300);
#167=LINE('',#2688,#301);
#168=LINE('',#2692,#302);
#169=LINE('',#2696,#303);
#170=LINE('',#2698,#304);
#171=LINE('',#2702,#305);
#172=LINE('',#2704,#306);
#173=LINE('',#2708,#307);
#174=LINE('',#2710,#308);
#175=LINE('',#2712,#309);
#176=LINE('',#2714,#310);
#177=LINE('',#2716,#311);
#178=LINE('',#2719,#312);
#179=LINE('',#2723,#313);
#180=LINE('',#2725,#314);
#181=LINE('',#2727,#315);
#182=LINE('',#2731,#316);
#183=LINE('',#2733,#317);
#184=VECTOR('',#1872,1.);
#185=VECTOR('',#1873,1.);
#186=VECTOR('',#1874,1.);
#187=VECTOR('',#1875,1.);
#188=VECTOR('',#1876,1.);
#189=VECTOR('',#1877,1.);
#190=VECTOR('',#1880,1.);
#191=VECTOR('',#1881,1.);
#192=VECTOR('',#1884,1.);
#193=VECTOR('',#1885,1.);
#194=VECTOR('',#1888,1.);
#195=VECTOR('',#1889,1.);
#196=VECTOR('',#1892,1.);
#197=VECTOR('',#1895,1.);
#198=VECTOR('',#1896,1.);
#199=VECTOR('',#1899,1.);
#200=VECTOR('',#1900,1.);
#201=VECTOR('',#1905,1.);
#202=VECTOR('',#1906,1.);
#203=VECTOR('',#1909,1.);
#204=VECTOR('',#1910,1.);
#205=VECTOR('',#1913,1.);
#206=VECTOR('',#1916,1.);
#207=VECTOR('',#1917,1.);
#208=VECTOR('',#1920,1.);
#209=VECTOR('',#1921,1.);
#210=VECTOR('',#1924,1.);
#211=VECTOR('',#1925,1.);
#212=VECTOR('',#1928,1.);
#213=VECTOR('',#1931,1.);
#214=VECTOR('',#1934,1.);
#215=VECTOR('',#1937,1.);
#216=VECTOR('',#1938,1.);
#217=VECTOR('',#1939,1.);
#218=VECTOR('',#1940,1.);
#219=VECTOR('',#1941,1.);
#220=VECTOR('',#1942,1.);
#221=VECTOR('',#1945,1.);
#222=VECTOR('',#1946,1.);
#223=VECTOR('',#1949,1.);
#224=VECTOR('',#1950,1.);
#225=VECTOR('',#1953,1.);
#226=VECTOR('',#1958,1.);
#227=VECTOR('',#1959,1.);
#228=VECTOR('',#1962,1.);
#229=VECTOR('',#1963,1.);
#230=VECTOR('',#1966,1.);
#231=VECTOR('',#1971,1.);
#232=VECTOR('',#1972,1.);
#233=VECTOR('',#1975,1.);
#234=VECTOR('',#1976,1.);
#235=VECTOR('',#1979,1.);
#236=VECTOR('',#1984,1.);
#237=VECTOR('',#1985,1.);
#238=VECTOR('',#1988,1.);
#239=VECTOR('',#1989,1.);
#240=VECTOR('',#1992,1.);
#241=VECTOR('',#1997,1.);
#242=VECTOR('',#1998,1.);
#243=VECTOR('',#2001,1.);
#244=VECTOR('',#2006,1.);
#245=VECTOR('',#2007,1.);
#246=VECTOR('',#2010,1.);
#247=VECTOR('',#2011,1.);
#248=VECTOR('',#2014,1.);
#249=VECTOR('',#2019,1.);
#250=VECTOR('',#2020,1.);
#251=VECTOR('',#2023,1.);
#252=VECTOR('',#2024,1.);
#253=VECTOR('',#2027,1.);
#254=VECTOR('',#2032,1.);
#255=VECTOR('',#2037,1.);
#256=VECTOR('',#2038,1.);
#257=VECTOR('',#2041,1.);
#258=VECTOR('',#2042,1.);
#259=VECTOR('',#2045,1.);
#260=VECTOR('',#2050,1.);
#261=VECTOR('',#2051,1.);
#262=VECTOR('',#2054,1.);
#263=VECTOR('',#2055,1.);
#264=VECTOR('',#2058,1.);
#265=VECTOR('',#2063,1.);
#266=VECTOR('',#2064,1.);
#267=VECTOR('',#2067,1.);
#268=VECTOR('',#2072,1.);
#269=VECTOR('',#2073,1.);
#270=VECTOR('',#2076,1.);
#271=VECTOR('',#2077,1.);
#272=VECTOR('',#2080,1.);
#273=VECTOR('',#2085,1.);
#274=VECTOR('',#2086,1.);
#275=VECTOR('',#2089,1.);
#276=VECTOR('',#2090,1.);
#277=VECTOR('',#2093,1.);
#278=VECTOR('',#2098,1.);
#279=VECTOR('',#2099,1.);
#280=VECTOR('',#2102,1.);
#281=VECTOR('',#2103,1.);
#282=VECTOR('',#2118,1.);
#283=VECTOR('',#2119,1.);
#284=VECTOR('',#2122,1.);
#285=VECTOR('',#2123,1.);
#286=VECTOR('',#2126,1.);
#287=VECTOR('',#2129,1.);
#288=VECTOR('',#2130,1.);
#289=VECTOR('',#2131,1.);
#290=VECTOR('',#2132,1.);
#291=VECTOR('',#2133,1.);
#292=VECTOR('',#2134,1.);
#293=VECTOR('',#2135,1.);
#294=VECTOR('',#2136,1.);
#295=VECTOR('',#2137,1.);
#296=VECTOR('',#2138,1.);
#297=VECTOR('',#2139,1.);
#298=VECTOR('',#2140,1.);
#299=VECTOR('',#2141,1.);
#300=VECTOR('',#2142,1.);
#301=VECTOR('',#2143,1.);
#302=VECTOR('',#2146,1.);
#303=VECTOR('',#2149,1.);
#304=VECTOR('',#2150,1.);
#305=VECTOR('',#2153,1.);
#306=VECTOR('',#2154,1.);
#307=VECTOR('',#2159,1.);
#308=VECTOR('',#2160,1.);
#309=VECTOR('',#2163,1.);
#310=VECTOR('',#2164,1.);
#311=VECTOR('',#2167,1.);
#312=VECTOR('',#2172,1.);
#313=VECTOR('',#2175,1.);
#314=VECTOR('',#2178,1.);
#315=VECTOR('',#2179,1.);
#316=VECTOR('',#2184,1.);
#317=VECTOR('',#2187,1.);
#318=PLANE('',#1671);
#319=PLANE('',#1688);
#320=PLANE('',#1689);
#321=PLANE('',#1690);
#322=PLANE('',#1693);
#323=PLANE('',#1694);
#324=PLANE('',#1697);
#325=PLANE('',#1698);
#326=PLANE('',#1701);
#327=PLANE('',#1702);
#328=PLANE('',#1705);
#329=PLANE('',#1708);
#330=PLANE('',#1709);
#331=PLANE('',#1712);
#332=PLANE('',#1713);
#333=PLANE('',#1718);
#334=PLANE('',#1719);
#335=PLANE('',#1722);
#336=PLANE('',#1723);
#337=PLANE('',#1726);
#338=PLANE('',#1729);
#339=PLANE('',#1730);
#340=PLANE('',#1733);
#341=PLANE('',#1734);
#342=PLANE('',#1737);
#343=PLANE('',#1738);
#344=PLANE('',#1741);
#345=PLANE('',#1753);
#346=PLANE('',#1754);
#347=PLANE('',#1755);
#348=PLANE('',#1756);
#349=PLANE('',#1759);
#350=PLANE('',#1762);
#351=PLANE('',#1763);
#352=PLANE('',#1764);
#353=PLANE('',#1771);
#354=PLANE('',#1775);
#355=ORIENTED_EDGE('',*,*,#815,.F.);
#356=ORIENTED_EDGE('',*,*,#816,.T.);
#357=ORIENTED_EDGE('',*,*,#817,.T.);
#358=ORIENTED_EDGE('',*,*,#818,.F.);
#359=ORIENTED_EDGE('',*,*,#819,.F.);
#360=ORIENTED_EDGE('',*,*,#820,.T.);
#361=ORIENTED_EDGE('',*,*,#819,.T.);
#362=ORIENTED_EDGE('',*,*,#815,.T.);
#363=ORIENTED_EDGE('',*,*,#821,.T.);
#364=ORIENTED_EDGE('',*,*,#822,.T.);
#365=ORIENTED_EDGE('',*,*,#823,.T.);
#366=ORIENTED_EDGE('',*,*,#824,.F.);
#367=ORIENTED_EDGE('',*,*,#825,.T.);
#368=ORIENTED_EDGE('',*,*,#826,.F.);
#369=ORIENTED_EDGE('',*,*,#827,.F.);
#370=ORIENTED_EDGE('',*,*,#828,.F.);
#371=ORIENTED_EDGE('',*,*,#829,.F.);
#372=ORIENTED_EDGE('',*,*,#830,.F.);
#373=ORIENTED_EDGE('',*,*,#831,.F.);
#374=ORIENTED_EDGE('',*,*,#832,.F.);
#375=ORIENTED_EDGE('',*,*,#833,.F.);
#376=ORIENTED_EDGE('',*,*,#834,.F.);
#377=ORIENTED_EDGE('',*,*,#835,.F.);
#378=ORIENTED_EDGE('',*,*,#836,.F.);
#379=ORIENTED_EDGE('',*,*,#837,.F.);
#380=ORIENTED_EDGE('',*,*,#838,.T.);
#381=ORIENTED_EDGE('',*,*,#839,.T.);
#382=ORIENTED_EDGE('',*,*,#840,.F.);
#383=ORIENTED_EDGE('',*,*,#841,.T.);
#384=ORIENTED_EDGE('',*,*,#842,.T.);
#385=ORIENTED_EDGE('',*,*,#843,.F.);
#386=ORIENTED_EDGE('',*,*,#844,.F.);
#387=ORIENTED_EDGE('',*,*,#845,.T.);
#388=ORIENTED_EDGE('',*,*,#846,.T.);
#389=ORIENTED_EDGE('',*,*,#847,.F.);
#390=ORIENTED_EDGE('',*,*,#848,.F.);
#391=ORIENTED_EDGE('',*,*,#849,.T.);
#392=ORIENTED_EDGE('',*,*,#850,.F.);
#393=ORIENTED_EDGE('',*,*,#851,.F.);
#394=ORIENTED_EDGE('',*,*,#852,.T.);
#395=ORIENTED_EDGE('',*,*,#853,.T.);
#396=ORIENTED_EDGE('',*,*,#854,.T.);
#397=ORIENTED_EDGE('',*,*,#855,.T.);
#398=ORIENTED_EDGE('',*,*,#856,.F.);
#399=ORIENTED_EDGE('',*,*,#857,.T.);
#400=ORIENTED_EDGE('',*,*,#858,.T.);
#401=ORIENTED_EDGE('',*,*,#859,.F.);
#402=ORIENTED_EDGE('',*,*,#860,.T.);
#403=ORIENTED_EDGE('',*,*,#861,.T.);
#404=ORIENTED_EDGE('',*,*,#862,.F.);
#405=ORIENTED_EDGE('',*,*,#863,.T.);
#406=ORIENTED_EDGE('',*,*,#817,.F.);
#407=ORIENTED_EDGE('',*,*,#864,.F.);
#408=ORIENTED_EDGE('',*,*,#865,.T.);
#409=ORIENTED_EDGE('',*,*,#866,.T.);
#410=ORIENTED_EDGE('',*,*,#867,.F.);
#411=ORIENTED_EDGE('',*,*,#868,.F.);
#412=ORIENTED_EDGE('',*,*,#869,.T.);
#413=ORIENTED_EDGE('',*,*,#870,.T.);
#414=ORIENTED_EDGE('',*,*,#825,.F.);
#415=ORIENTED_EDGE('',*,*,#871,.F.);
#416=ORIENTED_EDGE('',*,*,#872,.F.);
#417=ORIENTED_EDGE('',*,*,#873,.T.);
#418=ORIENTED_EDGE('',*,*,#821,.F.);
#419=ORIENTED_EDGE('',*,*,#870,.F.);
#420=ORIENTED_EDGE('',*,*,#874,.T.);
#421=ORIENTED_EDGE('',*,*,#875,.T.);
#422=ORIENTED_EDGE('',*,*,#826,.T.);
#423=ORIENTED_EDGE('',*,*,#876,.F.);
#424=ORIENTED_EDGE('',*,*,#877,.T.);
#425=ORIENTED_EDGE('',*,*,#868,.T.);
#426=ORIENTED_EDGE('',*,*,#863,.F.);
#427=ORIENTED_EDGE('',*,*,#878,.F.);
#428=ORIENTED_EDGE('',*,*,#879,.T.);
#429=ORIENTED_EDGE('',*,*,#876,.T.);
#430=ORIENTED_EDGE('',*,*,#862,.T.);
#431=ORIENTED_EDGE('',*,*,#880,.F.);
#432=ORIENTED_EDGE('',*,*,#881,.T.);
#433=ORIENTED_EDGE('',*,*,#878,.T.);
#434=ORIENTED_EDGE('',*,*,#861,.F.);
#435=ORIENTED_EDGE('',*,*,#882,.F.);
#436=ORIENTED_EDGE('',*,*,#883,.T.);
#437=ORIENTED_EDGE('',*,*,#880,.T.);
#438=ORIENTED_EDGE('',*,*,#860,.F.);
#439=ORIENTED_EDGE('',*,*,#884,.F.);
#440=ORIENTED_EDGE('',*,*,#885,.T.);
#441=ORIENTED_EDGE('',*,*,#882,.T.);
#442=ORIENTED_EDGE('',*,*,#859,.T.);
#443=ORIENTED_EDGE('',*,*,#886,.F.);
#444=ORIENTED_EDGE('',*,*,#887,.T.);
#445=ORIENTED_EDGE('',*,*,#884,.T.);
#446=ORIENTED_EDGE('',*,*,#858,.F.);
#447=ORIENTED_EDGE('',*,*,#888,.F.);
#448=ORIENTED_EDGE('',*,*,#889,.T.);
#449=ORIENTED_EDGE('',*,*,#886,.T.);
#450=ORIENTED_EDGE('',*,*,#857,.F.);
#451=ORIENTED_EDGE('',*,*,#890,.F.);
#452=ORIENTED_EDGE('',*,*,#891,.T.);
#453=ORIENTED_EDGE('',*,*,#888,.T.);
#454=ORIENTED_EDGE('',*,*,#856,.T.);
#455=ORIENTED_EDGE('',*,*,#892,.F.);
#456=ORIENTED_EDGE('',*,*,#893,.T.);
#457=ORIENTED_EDGE('',*,*,#890,.T.);
#458=ORIENTED_EDGE('',*,*,#855,.F.);
#459=ORIENTED_EDGE('',*,*,#894,.F.);
#460=ORIENTED_EDGE('',*,*,#895,.T.);
#461=ORIENTED_EDGE('',*,*,#892,.T.);
#462=ORIENTED_EDGE('',*,*,#854,.F.);
#463=ORIENTED_EDGE('',*,*,#896,.F.);
#464=ORIENTED_EDGE('',*,*,#897,.T.);
#465=ORIENTED_EDGE('',*,*,#894,.T.);
#466=ORIENTED_EDGE('',*,*,#853,.F.);
#467=ORIENTED_EDGE('',*,*,#898,.F.);
#468=ORIENTED_EDGE('',*,*,#899,.T.);
#469=ORIENTED_EDGE('',*,*,#896,.T.);
#470=ORIENTED_EDGE('',*,*,#852,.F.);
#471=ORIENTED_EDGE('',*,*,#900,.F.);
#472=ORIENTED_EDGE('',*,*,#901,.T.);
#473=ORIENTED_EDGE('',*,*,#898,.T.);
#474=ORIENTED_EDGE('',*,*,#851,.T.);
#475=ORIENTED_EDGE('',*,*,#902,.F.);
#476=ORIENTED_EDGE('',*,*,#903,.T.);
#477=ORIENTED_EDGE('',*,*,#900,.T.);
#478=ORIENTED_EDGE('',*,*,#850,.T.);
#479=ORIENTED_EDGE('',*,*,#904,.F.);
#480=ORIENTED_EDGE('',*,*,#905,.T.);
#481=ORIENTED_EDGE('',*,*,#902,.T.);
#482=ORIENTED_EDGE('',*,*,#849,.F.);
#483=ORIENTED_EDGE('',*,*,#906,.F.);
#484=ORIENTED_EDGE('',*,*,#907,.T.);
#485=ORIENTED_EDGE('',*,*,#904,.T.);
#486=ORIENTED_EDGE('',*,*,#848,.T.);
#487=ORIENTED_EDGE('',*,*,#908,.F.);
#488=ORIENTED_EDGE('',*,*,#909,.T.);
#489=ORIENTED_EDGE('',*,*,#906,.T.);
#490=ORIENTED_EDGE('',*,*,#847,.T.);
#491=ORIENTED_EDGE('',*,*,#910,.F.);
#492=ORIENTED_EDGE('',*,*,#911,.T.);
#493=ORIENTED_EDGE('',*,*,#908,.T.);
#494=ORIENTED_EDGE('',*,*,#846,.F.);
#495=ORIENTED_EDGE('',*,*,#912,.F.);
#496=ORIENTED_EDGE('',*,*,#913,.T.);
#497=ORIENTED_EDGE('',*,*,#910,.T.);
#498=ORIENTED_EDGE('',*,*,#845,.F.);
#499=ORIENTED_EDGE('',*,*,#914,.F.);
#500=ORIENTED_EDGE('',*,*,#915,.T.);
#501=ORIENTED_EDGE('',*,*,#912,.T.);
#502=ORIENTED_EDGE('',*,*,#844,.T.);
#503=ORIENTED_EDGE('',*,*,#916,.F.);
#504=ORIENTED_EDGE('',*,*,#917,.T.);
#505=ORIENTED_EDGE('',*,*,#914,.T.);
#506=ORIENTED_EDGE('',*,*,#843,.T.);
#507=ORIENTED_EDGE('',*,*,#918,.F.);
#508=ORIENTED_EDGE('',*,*,#919,.T.);
#509=ORIENTED_EDGE('',*,*,#916,.T.);
#510=ORIENTED_EDGE('',*,*,#842,.F.);
#511=ORIENTED_EDGE('',*,*,#920,.F.);
#512=ORIENTED_EDGE('',*,*,#921,.T.);
#513=ORIENTED_EDGE('',*,*,#918,.T.);
#514=ORIENTED_EDGE('',*,*,#841,.F.);
#515=ORIENTED_EDGE('',*,*,#922,.F.);
#516=ORIENTED_EDGE('',*,*,#923,.T.);
#517=ORIENTED_EDGE('',*,*,#920,.T.);
#518=ORIENTED_EDGE('',*,*,#840,.T.);
#519=ORIENTED_EDGE('',*,*,#924,.F.);
#520=ORIENTED_EDGE('',*,*,#925,.T.);
#521=ORIENTED_EDGE('',*,*,#922,.T.);
#522=ORIENTED_EDGE('',*,*,#839,.F.);
#523=ORIENTED_EDGE('',*,*,#926,.F.);
#524=ORIENTED_EDGE('',*,*,#927,.T.);
#525=ORIENTED_EDGE('',*,*,#924,.T.);
#526=ORIENTED_EDGE('',*,*,#838,.F.);
#527=ORIENTED_EDGE('',*,*,#928,.F.);
#528=ORIENTED_EDGE('',*,*,#929,.T.);
#529=ORIENTED_EDGE('',*,*,#926,.T.);
#530=ORIENTED_EDGE('',*,*,#837,.T.);
#531=ORIENTED_EDGE('',*,*,#930,.F.);
#532=ORIENTED_EDGE('',*,*,#931,.T.);
#533=ORIENTED_EDGE('',*,*,#928,.T.);
#534=ORIENTED_EDGE('',*,*,#836,.T.);
#535=ORIENTED_EDGE('',*,*,#932,.F.);
#536=ORIENTED_EDGE('',*,*,#933,.T.);
#537=ORIENTED_EDGE('',*,*,#930,.T.);
#538=ORIENTED_EDGE('',*,*,#835,.T.);
#539=ORIENTED_EDGE('',*,*,#934,.F.);
#540=ORIENTED_EDGE('',*,*,#935,.T.);
#541=ORIENTED_EDGE('',*,*,#932,.T.);
#542=ORIENTED_EDGE('',*,*,#834,.T.);
#543=ORIENTED_EDGE('',*,*,#936,.F.);
#544=ORIENTED_EDGE('',*,*,#937,.T.);
#545=ORIENTED_EDGE('',*,*,#934,.T.);
#546=ORIENTED_EDGE('',*,*,#833,.T.);
#547=ORIENTED_EDGE('',*,*,#938,.F.);
#548=ORIENTED_EDGE('',*,*,#939,.T.);
#549=ORIENTED_EDGE('',*,*,#936,.T.);
#550=ORIENTED_EDGE('',*,*,#832,.T.);
#551=ORIENTED_EDGE('',*,*,#940,.F.);
#552=ORIENTED_EDGE('',*,*,#941,.T.);
#553=ORIENTED_EDGE('',*,*,#938,.T.);
#554=ORIENTED_EDGE('',*,*,#831,.T.);
#555=ORIENTED_EDGE('',*,*,#942,.F.);
#556=ORIENTED_EDGE('',*,*,#943,.T.);
#557=ORIENTED_EDGE('',*,*,#940,.T.);
#558=ORIENTED_EDGE('',*,*,#830,.T.);
#559=ORIENTED_EDGE('',*,*,#944,.F.);
#560=ORIENTED_EDGE('',*,*,#945,.T.);
#561=ORIENTED_EDGE('',*,*,#942,.T.);
#562=ORIENTED_EDGE('',*,*,#829,.T.);
#563=ORIENTED_EDGE('',*,*,#946,.F.);
#564=ORIENTED_EDGE('',*,*,#947,.T.);
#565=ORIENTED_EDGE('',*,*,#944,.T.);
#566=ORIENTED_EDGE('',*,*,#828,.T.);
#567=ORIENTED_EDGE('',*,*,#875,.F.);
#568=ORIENTED_EDGE('',*,*,#948,.T.);
#569=ORIENTED_EDGE('',*,*,#946,.T.);
#570=ORIENTED_EDGE('',*,*,#827,.T.);
#571=ORIENTED_EDGE('',*,*,#949,.T.);
#572=ORIENTED_EDGE('',*,*,#950,.T.);
#573=ORIENTED_EDGE('',*,*,#951,.T.);
#574=ORIENTED_EDGE('',*,*,#952,.T.);
#575=ORIENTED_EDGE('',*,*,#953,.T.);
#576=ORIENTED_EDGE('',*,*,#954,.T.);
#577=ORIENTED_EDGE('',*,*,#955,.T.);
#578=ORIENTED_EDGE('',*,*,#956,.T.);
#579=ORIENTED_EDGE('',*,*,#957,.T.);
#580=ORIENTED_EDGE('',*,*,#958,.T.);
#581=ORIENTED_EDGE('',*,*,#959,.T.);
#582=ORIENTED_EDGE('',*,*,#960,.T.);
#583=ORIENTED_EDGE('',*,*,#961,.T.);
#584=ORIENTED_EDGE('',*,*,#962,.T.);
#585=ORIENTED_EDGE('',*,*,#963,.T.);
#586=ORIENTED_EDGE('',*,*,#964,.T.);
#587=ORIENTED_EDGE('',*,*,#965,.T.);
#588=ORIENTED_EDGE('',*,*,#966,.T.);
#589=ORIENTED_EDGE('',*,*,#967,.T.);
#590=ORIENTED_EDGE('',*,*,#968,.T.);
#591=ORIENTED_EDGE('',*,*,#969,.T.);
#592=ORIENTED_EDGE('',*,*,#970,.T.);
#593=ORIENTED_EDGE('',*,*,#971,.T.);
#594=ORIENTED_EDGE('',*,*,#972,.T.);
#595=ORIENTED_EDGE('',*,*,#973,.T.);
#596=ORIENTED_EDGE('',*,*,#974,.T.);
#597=ORIENTED_EDGE('',*,*,#975,.T.);
#598=ORIENTED_EDGE('',*,*,#976,.T.);
#599=ORIENTED_EDGE('',*,*,#977,.T.);
#600=ORIENTED_EDGE('',*,*,#978,.T.);
#601=ORIENTED_EDGE('',*,*,#979,.T.);
#602=ORIENTED_EDGE('',*,*,#980,.T.);
#603=ORIENTED_EDGE('',*,*,#981,.T.);
#604=ORIENTED_EDGE('',*,*,#982,.T.);
#605=ORIENTED_EDGE('',*,*,#983,.T.);
#606=ORIENTED_EDGE('',*,*,#984,.T.);
#607=ORIENTED_EDGE('',*,*,#822,.F.);
#608=ORIENTED_EDGE('',*,*,#873,.F.);
#609=ORIENTED_EDGE('',*,*,#985,.T.);
#610=ORIENTED_EDGE('',*,*,#986,.T.);
#611=ORIENTED_EDGE('',*,*,#824,.T.);
#612=ORIENTED_EDGE('',*,*,#987,.F.);
#613=ORIENTED_EDGE('',*,*,#988,.F.);
#614=ORIENTED_EDGE('',*,*,#871,.T.);
#615=ORIENTED_EDGE('',*,*,#823,.F.);
#616=ORIENTED_EDGE('',*,*,#986,.F.);
#617=ORIENTED_EDGE('',*,*,#989,.T.);
#618=ORIENTED_EDGE('',*,*,#987,.T.);
#619=ORIENTED_EDGE('',*,*,#985,.F.);
#620=ORIENTED_EDGE('',*,*,#872,.T.);
#621=ORIENTED_EDGE('',*,*,#988,.T.);
#622=ORIENTED_EDGE('',*,*,#989,.F.);
#623=ORIENTED_EDGE('',*,*,#864,.T.);
#624=ORIENTED_EDGE('',*,*,#990,.F.);
#625=ORIENTED_EDGE('',*,*,#991,.F.);
#626=ORIENTED_EDGE('',*,*,#992,.T.);
#627=ORIENTED_EDGE('',*,*,#865,.F.);
#628=ORIENTED_EDGE('',*,*,#992,.F.);
#629=ORIENTED_EDGE('',*,*,#993,.T.);
#630=ORIENTED_EDGE('',*,*,#994,.T.);
#631=ORIENTED_EDGE('',*,*,#866,.F.);
#632=ORIENTED_EDGE('',*,*,#994,.F.);
#633=ORIENTED_EDGE('',*,*,#995,.T.);
#634=ORIENTED_EDGE('',*,*,#996,.T.);
#635=ORIENTED_EDGE('',*,*,#867,.T.);
#636=ORIENTED_EDGE('',*,*,#996,.F.);
#637=ORIENTED_EDGE('',*,*,#997,.F.);
#638=ORIENTED_EDGE('',*,*,#990,.T.);
#639=ORIENTED_EDGE('',*,*,#991,.T.);
#640=ORIENTED_EDGE('',*,*,#997,.T.);
#641=ORIENTED_EDGE('',*,*,#995,.F.);
#642=ORIENTED_EDGE('',*,*,#993,.F.);
#643=ORIENTED_EDGE('',*,*,#998,.T.);
#644=ORIENTED_EDGE('',*,*,#818,.T.);
#645=ORIENTED_EDGE('',*,*,#999,.T.);
#646=ORIENTED_EDGE('',*,*,#998,.F.);
#647=ORIENTED_EDGE('',*,*,#1000,.T.);
#648=ORIENTED_EDGE('',*,*,#1001,.F.);
#649=ORIENTED_EDGE('',*,*,#816,.F.);
#650=ORIENTED_EDGE('',*,*,#1001,.T.);
#651=ORIENTED_EDGE('',*,*,#1002,.T.);
#652=ORIENTED_EDGE('',*,*,#1003,.F.);
#653=ORIENTED_EDGE('',*,*,#820,.F.);
#654=ORIENTED_EDGE('',*,*,#1003,.T.);
#655=ORIENTED_EDGE('',*,*,#1004,.F.);
#656=ORIENTED_EDGE('',*,*,#968,.F.);
#657=ORIENTED_EDGE('',*,*,#1005,.F.);
#658=ORIENTED_EDGE('',*,*,#869,.F.);
#659=ORIENTED_EDGE('',*,*,#1005,.T.);
#660=ORIENTED_EDGE('',*,*,#967,.F.);
#661=ORIENTED_EDGE('',*,*,#1006,.F.);
#662=ORIENTED_EDGE('',*,*,#874,.F.);
#663=ORIENTED_EDGE('',*,*,#1004,.T.);
#664=ORIENTED_EDGE('',*,*,#877,.F.);
#665=ORIENTED_EDGE('',*,*,#1007,.F.);
#666=ORIENTED_EDGE('',*,*,#969,.F.);
#667=ORIENTED_EDGE('',*,*,#948,.F.);
#668=ORIENTED_EDGE('',*,*,#1006,.T.);
#669=ORIENTED_EDGE('',*,*,#1008,.F.);
#670=ORIENTED_EDGE('',*,*,#1007,.T.);
#671=ORIENTED_EDGE('',*,*,#879,.F.);
#672=ORIENTED_EDGE('',*,*,#1009,.F.);
#673=ORIENTED_EDGE('',*,*,#1008,.T.);
#674=ORIENTED_EDGE('',*,*,#966,.F.);
#675=ORIENTED_EDGE('',*,*,#1010,.F.);
#676=ORIENTED_EDGE('',*,*,#947,.F.);
#677=ORIENTED_EDGE('',*,*,#1009,.T.);
#678=ORIENTED_EDGE('',*,*,#881,.F.);
#679=ORIENTED_EDGE('',*,*,#1011,.F.);
#680=ORIENTED_EDGE('',*,*,#970,.F.);
#681=ORIENTED_EDGE('',*,*,#1010,.T.);
#682=ORIENTED_EDGE('',*,*,#965,.F.);
#683=ORIENTED_EDGE('',*,*,#1012,.F.);
#684=ORIENTED_EDGE('',*,*,#945,.F.);
#685=ORIENTED_EDGE('',*,*,#1011,.T.);
#686=ORIENTED_EDGE('',*,*,#883,.F.);
#687=ORIENTED_EDGE('',*,*,#1013,.F.);
#688=ORIENTED_EDGE('',*,*,#971,.F.);
#689=ORIENTED_EDGE('',*,*,#943,.F.);
#690=ORIENTED_EDGE('',*,*,#1012,.T.);
#691=ORIENTED_EDGE('',*,*,#1014,.F.);
#692=ORIENTED_EDGE('',*,*,#1013,.T.);
#693=ORIENTED_EDGE('',*,*,#885,.F.);
#694=ORIENTED_EDGE('',*,*,#1015,.F.);
#695=ORIENTED_EDGE('',*,*,#1014,.T.);
#696=ORIENTED_EDGE('',*,*,#964,.F.);
#697=ORIENTED_EDGE('',*,*,#1016,.F.);
#698=ORIENTED_EDGE('',*,*,#941,.F.);
#699=ORIENTED_EDGE('',*,*,#1015,.T.);
#700=ORIENTED_EDGE('',*,*,#887,.F.);
#701=ORIENTED_EDGE('',*,*,#1017,.F.);
#702=ORIENTED_EDGE('',*,*,#972,.F.);
#703=ORIENTED_EDGE('',*,*,#1016,.T.);
#704=ORIENTED_EDGE('',*,*,#963,.F.);
#705=ORIENTED_EDGE('',*,*,#1018,.F.);
#706=ORIENTED_EDGE('',*,*,#939,.F.);
#707=ORIENTED_EDGE('',*,*,#1017,.T.);
#708=ORIENTED_EDGE('',*,*,#889,.F.);
#709=ORIENTED_EDGE('',*,*,#1019,.F.);
#710=ORIENTED_EDGE('',*,*,#973,.F.);
#711=ORIENTED_EDGE('',*,*,#937,.F.);
#712=ORIENTED_EDGE('',*,*,#1018,.T.);
#713=ORIENTED_EDGE('',*,*,#1020,.F.);
#714=ORIENTED_EDGE('',*,*,#1019,.T.);
#715=ORIENTED_EDGE('',*,*,#891,.F.);
#716=ORIENTED_EDGE('',*,*,#1021,.F.);
#717=ORIENTED_EDGE('',*,*,#1020,.T.);
#718=ORIENTED_EDGE('',*,*,#962,.F.);
#719=ORIENTED_EDGE('',*,*,#1022,.F.);
#720=ORIENTED_EDGE('',*,*,#935,.F.);
#721=ORIENTED_EDGE('',*,*,#1021,.T.);
#722=ORIENTED_EDGE('',*,*,#893,.F.);
#723=ORIENTED_EDGE('',*,*,#1023,.F.);
#724=ORIENTED_EDGE('',*,*,#974,.F.);
#725=ORIENTED_EDGE('',*,*,#1022,.T.);
#726=ORIENTED_EDGE('',*,*,#961,.F.);
#727=ORIENTED_EDGE('',*,*,#1024,.F.);
#728=ORIENTED_EDGE('',*,*,#933,.F.);
#729=ORIENTED_EDGE('',*,*,#1023,.T.);
#730=ORIENTED_EDGE('',*,*,#895,.F.);
#731=ORIENTED_EDGE('',*,*,#1025,.F.);
#732=ORIENTED_EDGE('',*,*,#975,.F.);
#733=ORIENTED_EDGE('',*,*,#1024,.T.);
#734=ORIENTED_EDGE('',*,*,#960,.F.);
#735=ORIENTED_EDGE('',*,*,#1026,.F.);
#736=ORIENTED_EDGE('',*,*,#931,.F.);
#737=ORIENTED_EDGE('',*,*,#1025,.T.);
#738=ORIENTED_EDGE('',*,*,#897,.F.);
#739=ORIENTED_EDGE('',*,*,#1027,.F.);
#740=ORIENTED_EDGE('',*,*,#976,.F.);
#741=ORIENTED_EDGE('',*,*,#1026,.T.);
#742=ORIENTED_EDGE('',*,*,#959,.F.);
#743=ORIENTED_EDGE('',*,*,#1028,.F.);
#744=ORIENTED_EDGE('',*,*,#929,.F.);
#745=ORIENTED_EDGE('',*,*,#1027,.T.);
#746=ORIENTED_EDGE('',*,*,#899,.F.);
#747=ORIENTED_EDGE('',*,*,#1029,.F.);
#748=ORIENTED_EDGE('',*,*,#977,.F.);
#749=ORIENTED_EDGE('',*,*,#1028,.T.);
#750=ORIENTED_EDGE('',*,*,#958,.F.);
#751=ORIENTED_EDGE('',*,*,#1030,.F.);
#752=ORIENTED_EDGE('',*,*,#927,.F.);
#753=ORIENTED_EDGE('',*,*,#1029,.T.);
#754=ORIENTED_EDGE('',*,*,#901,.F.);
#755=ORIENTED_EDGE('',*,*,#1031,.F.);
#756=ORIENTED_EDGE('',*,*,#978,.F.);
#757=ORIENTED_EDGE('',*,*,#1030,.T.);
#758=ORIENTED_EDGE('',*,*,#957,.F.);
#759=ORIENTED_EDGE('',*,*,#1032,.F.);
#760=ORIENTED_EDGE('',*,*,#925,.F.);
#761=ORIENTED_EDGE('',*,*,#1031,.T.);
#762=ORIENTED_EDGE('',*,*,#903,.F.);
#763=ORIENTED_EDGE('',*,*,#1033,.F.);
#764=ORIENTED_EDGE('',*,*,#979,.F.);
#765=ORIENTED_EDGE('',*,*,#1032,.T.);
#766=ORIENTED_EDGE('',*,*,#956,.F.);
#767=ORIENTED_EDGE('',*,*,#1034,.F.);
#768=ORIENTED_EDGE('',*,*,#923,.F.);
#769=ORIENTED_EDGE('',*,*,#1033,.T.);
#770=ORIENTED_EDGE('',*,*,#905,.F.);
#771=ORIENTED_EDGE('',*,*,#1035,.F.);
#772=ORIENTED_EDGE('',*,*,#980,.F.);
#773=ORIENTED_EDGE('',*,*,#1034,.T.);
#774=ORIENTED_EDGE('',*,*,#955,.F.);
#775=ORIENTED_EDGE('',*,*,#1036,.F.);
#776=ORIENTED_EDGE('',*,*,#921,.F.);
#777=ORIENTED_EDGE('',*,*,#1035,.T.);
#778=ORIENTED_EDGE('',*,*,#907,.F.);
#779=ORIENTED_EDGE('',*,*,#1037,.F.);
#780=ORIENTED_EDGE('',*,*,#981,.F.);
#781=ORIENTED_EDGE('',*,*,#1036,.T.);
#782=ORIENTED_EDGE('',*,*,#954,.F.);
#783=ORIENTED_EDGE('',*,*,#1038,.F.);
#784=ORIENTED_EDGE('',*,*,#919,.F.);
#785=ORIENTED_EDGE('',*,*,#1037,.T.);
#786=ORIENTED_EDGE('',*,*,#909,.F.);
#787=ORIENTED_EDGE('',*,*,#1039,.F.);
#788=ORIENTED_EDGE('',*,*,#982,.F.);
#789=ORIENTED_EDGE('',*,*,#1038,.T.);
#790=ORIENTED_EDGE('',*,*,#953,.F.);
#791=ORIENTED_EDGE('',*,*,#1040,.F.);
#792=ORIENTED_EDGE('',*,*,#917,.F.);
#793=ORIENTED_EDGE('',*,*,#1039,.T.);
#794=ORIENTED_EDGE('',*,*,#911,.F.);
#795=ORIENTED_EDGE('',*,*,#1041,.F.);
#796=ORIENTED_EDGE('',*,*,#983,.F.);
#797=ORIENTED_EDGE('',*,*,#1042,.F.);
#798=ORIENTED_EDGE('',*,*,#915,.F.);
#799=ORIENTED_EDGE('',*,*,#1040,.T.);
#800=ORIENTED_EDGE('',*,*,#952,.F.);
#801=ORIENTED_EDGE('',*,*,#1043,.F.);
#802=ORIENTED_EDGE('',*,*,#913,.F.);
#803=ORIENTED_EDGE('',*,*,#1042,.T.);
#804=ORIENTED_EDGE('',*,*,#1044,.F.);
#805=ORIENTED_EDGE('',*,*,#984,.F.);
#806=ORIENTED_EDGE('',*,*,#1041,.T.);
#807=ORIENTED_EDGE('',*,*,#1044,.T.);
#808=ORIENTED_EDGE('',*,*,#1043,.T.);
#809=ORIENTED_EDGE('',*,*,#951,.F.);
#810=ORIENTED_EDGE('',*,*,#1002,.F.);
#811=ORIENTED_EDGE('',*,*,#949,.F.);
#812=ORIENTED_EDGE('',*,*,#1000,.F.);
#813=ORIENTED_EDGE('',*,*,#950,.F.);
#814=ORIENTED_EDGE('',*,*,#999,.F.);
#815=EDGE_CURVE('',#1045,#1045,#1188,.T.);
#816=EDGE_CURVE('',#1046,#1046,#1189,.T.);
#817=EDGE_CURVE('',#1047,#1047,#1190,.T.);
#818=EDGE_CURVE('',#1048,#1048,#1191,.F.);
#819=EDGE_CURVE('',#1049,#1049,#1192,.T.);
#820=EDGE_CURVE('',#1050,#1050,#1193,.T.);
#821=EDGE_CURVE('',#1051,#1052,#50,.T.);
#822=EDGE_CURVE('',#1052,#1053,#51,.T.);
#823=EDGE_CURVE('',#1053,#1054,#52,.T.);
#824=EDGE_CURVE('',#1055,#1054,#53,.T.);
#825=EDGE_CURVE('',#1055,#1056,#54,.T.);
#826=EDGE_CURVE('',#1057,#1056,#55,.T.);
#827=EDGE_CURVE('',#1058,#1057,#1194,.T.);
#828=EDGE_CURVE('',#1059,#1058,#56,.T.);
#829=EDGE_CURVE('',#1060,#1059,#57,.T.);
#830=EDGE_CURVE('',#1061,#1060,#1195,.T.);
#831=EDGE_CURVE('',#1062,#1061,#58,.T.);
#832=EDGE_CURVE('',#1063,#1062,#59,.T.);
#833=EDGE_CURVE('',#1064,#1063,#1196,.T.);
#834=EDGE_CURVE('',#1065,#1064,#60,.T.);
#835=EDGE_CURVE('',#1066,#1065,#61,.T.);
#836=EDGE_CURVE('',#1067,#1066,#1197,.T.);
#837=EDGE_CURVE('',#1068,#1067,#62,.T.);
#838=EDGE_CURVE('',#1068,#1069,#1198,.T.);
#839=EDGE_CURVE('',#1069,#1070,#63,.T.);
#840=EDGE_CURVE('',#1071,#1070,#64,.T.);
#841=EDGE_CURVE('',#1071,#1072,#1199,.T.);
#842=EDGE_CURVE('',#1072,#1073,#65,.T.);
#843=EDGE_CURVE('',#1074,#1073,#66,.T.);
#844=EDGE_CURVE('',#1075,#1074,#1200,.T.);
#845=EDGE_CURVE('',#1075,#1076,#1201,.T.);
#846=EDGE_CURVE('',#1076,#1077,#67,.T.);
#847=EDGE_CURVE('',#1078,#1077,#68,.T.);
#848=EDGE_CURVE('',#1079,#1078,#1202,.T.);
#849=EDGE_CURVE('',#1079,#1080,#69,.T.);
#850=EDGE_CURVE('',#1081,#1080,#70,.T.);
#851=EDGE_CURVE('',#1082,#1081,#1203,.T.);
#852=EDGE_CURVE('',#1082,#1083,#71,.T.);
#853=EDGE_CURVE('',#1083,#1084,#1204,.T.);
#854=EDGE_CURVE('',#1084,#1085,#72,.T.);
#855=EDGE_CURVE('',#1085,#1086,#73,.T.);
#856=EDGE_CURVE('',#1087,#1086,#1205,.T.);
#857=EDGE_CURVE('',#1087,#1088,#74,.T.);
#858=EDGE_CURVE('',#1088,#1089,#75,.T.);
#859=EDGE_CURVE('',#1090,#1089,#1206,.T.);
#860=EDGE_CURVE('',#1090,#1091,#76,.T.);
#861=EDGE_CURVE('',#1091,#1092,#77,.T.);
#862=EDGE_CURVE('',#1093,#1092,#1207,.T.);
#863=EDGE_CURVE('',#1093,#1051,#78,.T.);
#864=EDGE_CURVE('',#1094,#1095,#1208,.T.);
#865=EDGE_CURVE('',#1094,#1096,#79,.T.);
#866=EDGE_CURVE('',#1096,#1097,#1209,.T.);
#867=EDGE_CURVE('',#1095,#1097,#80,.T.);
#868=EDGE_CURVE('',#1098,#1051,#81,.T.);
#869=EDGE_CURVE('',#1098,#1099,#82,.T.);
#870=EDGE_CURVE('',#1099,#1056,#83,.T.);
#871=EDGE_CURVE('',#1100,#1055,#84,.T.);
#872=EDGE_CURVE('',#1101,#1100,#85,.T.);
#873=EDGE_CURVE('',#1101,#1052,#86,.T.);
#874=EDGE_CURVE('',#1099,#1102,#87,.F.);
#875=EDGE_CURVE('',#1102,#1057,#88,.T.);
#876=EDGE_CURVE('',#1103,#1093,#89,.T.);
#877=EDGE_CURVE('',#1103,#1098,#90,.T.);
#878=EDGE_CURVE('',#1104,#1092,#91,.T.);
#879=EDGE_CURVE('',#1104,#1103,#1210,.T.);
#880=EDGE_CURVE('',#1105,#1091,#92,.T.);
#881=EDGE_CURVE('',#1105,#1104,#93,.T.);
#882=EDGE_CURVE('',#1106,#1090,#94,.T.);
#883=EDGE_CURVE('',#1106,#1105,#95,.T.);
#884=EDGE_CURVE('',#1107,#1089,#96,.T.);
#885=EDGE_CURVE('',#1107,#1106,#1211,.T.);
#886=EDGE_CURVE('',#1108,#1088,#97,.T.);
#887=EDGE_CURVE('',#1108,#1107,#98,.T.);
#888=EDGE_CURVE('',#1109,#1087,#99,.T.);
#889=EDGE_CURVE('',#1109,#1108,#100,.T.);
#890=EDGE_CURVE('',#1110,#1086,#101,.T.);
#891=EDGE_CURVE('',#1110,#1109,#1212,.T.);
#892=EDGE_CURVE('',#1111,#1085,#102,.T.);
#893=EDGE_CURVE('',#1111,#1110,#103,.T.);
#894=EDGE_CURVE('',#1112,#1084,#104,.T.);
#895=EDGE_CURVE('',#1112,#1111,#105,.T.);
#896=EDGE_CURVE('',#1113,#1083,#106,.T.);
#897=EDGE_CURVE('',#1113,#1112,#1213,.F.);
#898=EDGE_CURVE('',#1114,#1082,#107,.T.);
#899=EDGE_CURVE('',#1114,#1113,#108,.T.);
#900=EDGE_CURVE('',#1115,#1081,#109,.T.);
#901=EDGE_CURVE('',#1115,#1114,#1214,.F.);
#902=EDGE_CURVE('',#1116,#1080,#110,.T.);
#903=EDGE_CURVE('',#1116,#1115,#111,.F.);
#904=EDGE_CURVE('',#1117,#1079,#112,.T.);
#905=EDGE_CURVE('',#1117,#1116,#113,.T.);
#906=EDGE_CURVE('',#1118,#1078,#114,.T.);
#907=EDGE_CURVE('',#1118,#1117,#1215,.F.);
#908=EDGE_CURVE('',#1119,#1077,#115,.T.);
#909=EDGE_CURVE('',#1119,#1118,#116,.F.);
#910=EDGE_CURVE('',#1120,#1076,#117,.T.);
#911=EDGE_CURVE('',#1120,#1119,#118,.T.);
#912=EDGE_CURVE('',#1121,#1075,#119,.T.);
#913=EDGE_CURVE('',#1121,#1120,#1216,.F.);
#914=EDGE_CURVE('',#1122,#1074,#120,.T.);
#915=EDGE_CURVE('',#1122,#1121,#1217,.F.);
#916=EDGE_CURVE('',#1123,#1073,#121,.T.);
#917=EDGE_CURVE('',#1123,#1122,#122,.F.);
#918=EDGE_CURVE('',#1124,#1072,#123,.T.);
#919=EDGE_CURVE('',#1124,#1123,#124,.T.);
#920=EDGE_CURVE('',#1125,#1071,#125,.T.);
#921=EDGE_CURVE('',#1125,#1124,#1218,.F.);
#922=EDGE_CURVE('',#1126,#1070,#126,.T.);
#923=EDGE_CURVE('',#1126,#1125,#127,.F.);
#924=EDGE_CURVE('',#1127,#1069,#128,.T.);
#925=EDGE_CURVE('',#1127,#1126,#129,.T.);
#926=EDGE_CURVE('',#1128,#1068,#130,.T.);
#927=EDGE_CURVE('',#1128,#1127,#1219,.F.);
#928=EDGE_CURVE('',#1129,#1067,#131,.T.);
#929=EDGE_CURVE('',#1129,#1128,#132,.F.);
#930=EDGE_CURVE('',#1130,#1066,#133,.T.);
#931=EDGE_CURVE('',#1130,#1129,#1220,.F.);
#932=EDGE_CURVE('',#1131,#1065,#134,.T.);
#933=EDGE_CURVE('',#1131,#1130,#135,.F.);
#934=EDGE_CURVE('',#1132,#1064,#136,.T.);
#935=EDGE_CURVE('',#1132,#1131,#137,.F.);
#936=EDGE_CURVE('',#1133,#1063,#138,.T.);
#937=EDGE_CURVE('',#1133,#1132,#1221,.T.);
#938=EDGE_CURVE('',#1134,#1062,#139,.T.);
#939=EDGE_CURVE('',#1134,#1133,#140,.F.);
#940=EDGE_CURVE('',#1135,#1061,#141,.T.);
#941=EDGE_CURVE('',#1135,#1134,#142,.F.);
#942=EDGE_CURVE('',#1136,#1060,#143,.T.);
#943=EDGE_CURVE('',#1136,#1135,#1222,.T.);
#944=EDGE_CURVE('',#1137,#1059,#144,.T.);
#945=EDGE_CURVE('',#1137,#1136,#145,.F.);
#946=EDGE_CURVE('',#1138,#1058,#146,.T.);
#947=EDGE_CURVE('',#1138,#1137,#147,.F.);
#948=EDGE_CURVE('',#1102,#1138,#1223,.T.);
#949=EDGE_CURVE('',#1139,#1139,#1224,.F.);
#950=EDGE_CURVE('',#1140,#1140,#1225,.F.);
#951=EDGE_CURVE('',#1141,#1142,#1226,.F.);
#952=EDGE_CURVE('',#1142,#1143,#1227,.T.);
#953=EDGE_CURVE('',#1143,#1144,#148,.T.);
#954=EDGE_CURVE('',#1144,#1145,#149,.F.);
#955=EDGE_CURVE('',#1145,#1146,#1228,.T.);
#956=EDGE_CURVE('',#1146,#1147,#150,.T.);
#957=EDGE_CURVE('',#1147,#1148,#151,.F.);
#958=EDGE_CURVE('',#1148,#1149,#1229,.T.);
#959=EDGE_CURVE('',#1149,#1150,#152,.T.);
#960=EDGE_CURVE('',#1150,#1151,#1230,.T.);
#961=EDGE_CURVE('',#1151,#1152,#153,.T.);
#962=EDGE_CURVE('',#1152,#1153,#154,.T.);
#963=EDGE_CURVE('',#1153,#1154,#155,.T.);
#964=EDGE_CURVE('',#1154,#1155,#156,.T.);
#965=EDGE_CURVE('',#1155,#1156,#157,.T.);
#966=EDGE_CURVE('',#1156,#1157,#158,.T.);
#967=EDGE_CURVE('',#1157,#1158,#159,.T.);
#968=EDGE_CURVE('',#1158,#1159,#160,.F.);
#969=EDGE_CURVE('',#1159,#1160,#161,.F.);
#970=EDGE_CURVE('',#1160,#1161,#162,.F.);
#971=EDGE_CURVE('',#1161,#1162,#163,.F.);
#972=EDGE_CURVE('',#1162,#1163,#164,.F.);
#973=EDGE_CURVE('',#1163,#1164,#165,.F.);
#974=EDGE_CURVE('',#1164,#1165,#166,.F.);
#975=EDGE_CURVE('',#1165,#1166,#167,.F.);
#976=EDGE_CURVE('',#1166,#1167,#1231,.T.);
#977=EDGE_CURVE('',#1167,#1168,#168,.F.);
#978=EDGE_CURVE('',#1168,#1169,#1232,.T.);
#979=EDGE_CURVE('',#1169,#1170,#169,.T.);
#980=EDGE_CURVE('',#1170,#1171,#170,.F.);
#981=EDGE_CURVE('',#1171,#1172,#1233,.T.);
#982=EDGE_CURVE('',#1172,#1173,#171,.T.);
#983=EDGE_CURVE('',#1173,#1174,#172,.F.);
#984=EDGE_CURVE('',#1174,#1141,#1234,.T.);
#985=EDGE_CURVE('',#1101,#1175,#173,.T.);
#986=EDGE_CURVE('',#1175,#1053,#174,.T.);
#987=EDGE_CURVE('',#1176,#1054,#175,.T.);
#988=EDGE_CURVE('',#1100,#1176,#176,.T.);
#989=EDGE_CURVE('',#1175,#1176,#177,.T.);
#990=EDGE_CURVE('',#1177,#1095,#178,.T.);
#991=EDGE_CURVE('',#1178,#1177,#1235,.T.);
#992=EDGE_CURVE('',#1178,#1094,#179,.T.);
#993=EDGE_CURVE('',#1178,#1179,#180,.T.);
#994=EDGE_CURVE('',#1179,#1096,#181,.T.);
#995=EDGE_CURVE('',#1179,#1180,#1236,.T.);
#996=EDGE_CURVE('',#1180,#1097,#182,.T.);
#997=EDGE_CURVE('',#1177,#1180,#183,.T.);
#998=EDGE_CURVE('',#1181,#1181,#1237,.T.);
#999=EDGE_CURVE('',#1182,#1182,#1238,.T.);
#1000=EDGE_CURVE('',#1183,#1183,#1239,.T.);
#1001=EDGE_CURVE('',#1184,#1184,#1240,.T.);
#1002=EDGE_CURVE('',#1185,#1185,#1241,.T.);
#1003=EDGE_CURVE('',#1186,#1186,#1242,.T.);
#1004=EDGE_CURVE('',#1159,#1098,#38,.F.);
#1005=EDGE_CURVE('',#1099,#1158,#39,.T.);
#1006=EDGE_CURVE('',#1102,#1157,#1243,.T.);
#1007=EDGE_CURVE('',#1160,#1103,#1244,.T.);
#1008=EDGE_CURVE('',#1138,#1157,#1245,.T.);
#1009=EDGE_CURVE('',#1160,#1104,#1246,.T.);
#1010=EDGE_CURVE('',#1137,#1156,#40,.T.);
#1011=EDGE_CURVE('',#1161,#1105,#41,.F.);
#1012=EDGE_CURVE('',#1136,#1155,#1247,.T.);
#1013=EDGE_CURVE('',#1162,#1106,#1248,.T.);
#1014=EDGE_CURVE('',#1135,#1155,#1249,.T.);
#1015=EDGE_CURVE('',#1162,#1107,#1250,.T.);
#1016=EDGE_CURVE('',#1134,#1154,#42,.T.);
#1017=EDGE_CURVE('',#1163,#1108,#43,.F.);
#1018=EDGE_CURVE('',#1133,#1153,#1251,.T.);
#1019=EDGE_CURVE('',#1164,#1109,#1252,.T.);
#1020=EDGE_CURVE('',#1132,#1153,#1253,.T.);
#1021=EDGE_CURVE('',#1164,#1110,#1254,.T.);
#1022=EDGE_CURVE('',#1131,#1152,#44,.T.);
#1023=EDGE_CURVE('',#1165,#1111,#45,.F.);
#1024=EDGE_CURVE('',#1130,#1151,#23,.T.);
#1025=EDGE_CURVE('',#1166,#1112,#24,.F.);
#1026=EDGE_CURVE('',#1129,#1150,#25,.T.);
#1027=EDGE_CURVE('',#1167,#1113,#26,.F.);
#1028=EDGE_CURVE('',#1128,#1149,#1255,.T.);
#1029=EDGE_CURVE('',#1168,#1114,#1256,.T.);
#1030=EDGE_CURVE('',#1127,#1148,#1257,.T.);
#1031=EDGE_CURVE('',#1169,#1115,#1258,.T.);
#1032=EDGE_CURVE('',#1126,#1147,#46,.T.);
#1033=EDGE_CURVE('',#1170,#1116,#47,.F.);
#1034=EDGE_CURVE('',#1125,#1146,#1259,.T.);
#1035=EDGE_CURVE('',#1171,#1117,#1260,.T.);
#1036=EDGE_CURVE('',#1124,#1145,#1261,.T.);
#1037=EDGE_CURVE('',#1172,#1118,#1262,.T.);
#1038=EDGE_CURVE('',#1123,#1144,#48,.T.);
#1039=EDGE_CURVE('',#1173,#1119,#49,.F.);
#1040=EDGE_CURVE('',#1122,#1143,#27,.T.);
#1041=EDGE_CURVE('',#1174,#1120,#28,.F.);
#1042=EDGE_CURVE('',#1121,#1187,#29,.T.);
#1043=EDGE_CURVE('',#1187,#1142,#30,.T.);
#1044=EDGE_CURVE('',#1141,#1187,#31,.T.);
#1045=VERTEX_POINT('',#2365);
#1046=VERTEX_POINT('',#2367);
#1047=VERTEX_POINT('',#2370);
#1048=VERTEX_POINT('',#2372);
#1049=VERTEX_POINT('',#2375);
#1050=VERTEX_POINT('',#2377);
#1051=VERTEX_POINT('',#2380);
#1052=VERTEX_POINT('',#2381);
#1053=VERTEX_POINT('',#2383);
#1054=VERTEX_POINT('',#2385);
#1055=VERTEX_POINT('',#2387);
#1056=VERTEX_POINT('',#2389);
#1057=VERTEX_POINT('',#2391);
#1058=VERTEX_POINT('',#2393);
#1059=VERTEX_POINT('',#2395);
#1060=VERTEX_POINT('',#2397);
#1061=VERTEX_POINT('',#2399);
#1062=VERTEX_POINT('',#2401);
#1063=VERTEX_POINT('',#2403);
#1064=VERTEX_POINT('',#2405);
#1065=VERTEX_POINT('',#2407);
#1066=VERTEX_POINT('',#2409);
#1067=VERTEX_POINT('',#2411);
#1068=VERTEX_POINT('',#2413);
#1069=VERTEX_POINT('',#2415);
#1070=VERTEX_POINT('',#2417);
#1071=VERTEX_POINT('',#2419);
#1072=VERTEX_POINT('',#2421);
#1073=VERTEX_POINT('',#2423);
#1074=VERTEX_POINT('',#2425);
#1075=VERTEX_POINT('',#2427);
#1076=VERTEX_POINT('',#2429);
#1077=VERTEX_POINT('',#2431);
#1078=VERTEX_POINT('',#2433);
#1079=VERTEX_POINT('',#2435);
#1080=VERTEX_POINT('',#2437);
#1081=VERTEX_POINT('',#2439);
#1082=VERTEX_POINT('',#2441);
#1083=VERTEX_POINT('',#2443);
#1084=VERTEX_POINT('',#2445);
#1085=VERTEX_POINT('',#2447);
#1086=VERTEX_POINT('',#2449);
#1087=VERTEX_POINT('',#2451);
#1088=VERTEX_POINT('',#2453);
#1089=VERTEX_POINT('',#2455);
#1090=VERTEX_POINT('',#2457);
#1091=VERTEX_POINT('',#2459);
#1092=VERTEX_POINT('',#2461);
#1093=VERTEX_POINT('',#2463);
#1094=VERTEX_POINT('',#2466);
#1095=VERTEX_POINT('',#2467);
#1096=VERTEX_POINT('',#2469);
#1097=VERTEX_POINT('',#2471);
#1098=VERTEX_POINT('',#2475);
#1099=VERTEX_POINT('',#2477);
#1100=VERTEX_POINT('',#2480);
#1101=VERTEX_POINT('',#2482);
#1102=VERTEX_POINT('',#2486);
#1103=VERTEX_POINT('',#2490);
#1104=VERTEX_POINT('',#2494);
#1105=VERTEX_POINT('',#2498);
#1106=VERTEX_POINT('',#2502);
#1107=VERTEX_POINT('',#2506);
#1108=VERTEX_POINT('',#2510);
#1109=VERTEX_POINT('',#2514);
#1110=VERTEX_POINT('',#2518);
#1111=VERTEX_POINT('',#2522);
#1112=VERTEX_POINT('',#2526);
#1113=VERTEX_POINT('',#2530);
#1114=VERTEX_POINT('',#2534);
#1115=VERTEX_POINT('',#2538);
#1116=VERTEX_POINT('',#2542);
#1117=VERTEX_POINT('',#2546);
#1118=VERTEX_POINT('',#2550);
#1119=VERTEX_POINT('',#2554);
#1120=VERTEX_POINT('',#2558);
#1121=VERTEX_POINT('',#2562);
#1122=VERTEX_POINT('',#2566);
#1123=VERTEX_POINT('',#2570);
#1124=VERTEX_POINT('',#2574);
#1125=VERTEX_POINT('',#2578);
#1126=VERTEX_POINT('',#2582);
#1127=VERTEX_POINT('',#2586);
#1128=VERTEX_POINT('',#2590);
#1129=VERTEX_POINT('',#2594);
#1130=VERTEX_POINT('',#2598);
#1131=VERTEX_POINT('',#2602);
#1132=VERTEX_POINT('',#2606);
#1133=VERTEX_POINT('',#2610);
#1134=VERTEX_POINT('',#2614);
#1135=VERTEX_POINT('',#2618);
#1136=VERTEX_POINT('',#2622);
#1137=VERTEX_POINT('',#2626);
#1138=VERTEX_POINT('',#2630);
#1139=VERTEX_POINT('',#2636);
#1140=VERTEX_POINT('',#2638);
#1141=VERTEX_POINT('',#2640);
#1142=VERTEX_POINT('',#2641);
#1143=VERTEX_POINT('',#2643);
#1144=VERTEX_POINT('',#2645);
#1145=VERTEX_POINT('',#2647);
#1146=VERTEX_POINT('',#2649);
#1147=VERTEX_POINT('',#2651);
#1148=VERTEX_POINT('',#2653);
#1149=VERTEX_POINT('',#2655);
#1150=VERTEX_POINT('',#2657);
#1151=VERTEX_POINT('',#2659);
#1152=VERTEX_POINT('',#2661);
#1153=VERTEX_POINT('',#2663);
#1154=VERTEX_POINT('',#2665);
#1155=VERTEX_POINT('',#2667);
#1156=VERTEX_POINT('',#2669);
#1157=VERTEX_POINT('',#2671);
#1158=VERTEX_POINT('',#2673);
#1159=VERTEX_POINT('',#2675);
#1160=VERTEX_POINT('',#2677);
#1161=VERTEX_POINT('',#2679);
#1162=VERTEX_POINT('',#2681);
#1163=VERTEX_POINT('',#2683);
#1164=VERTEX_POINT('',#2685);
#1165=VERTEX_POINT('',#2687);
#1166=VERTEX_POINT('',#2689);
#1167=VERTEX_POINT('',#2691);
#1168=VERTEX_POINT('',#2693);
#1169=VERTEX_POINT('',#2695);
#1170=VERTEX_POINT('',#2697);
#1171=VERTEX_POINT('',#2699);
#1172=VERTEX_POINT('',#2701);
#1173=VERTEX_POINT('',#2703);
#1174=VERTEX_POINT('',#2705);
#1175=VERTEX_POINT('',#2709);
#1176=VERTEX_POINT('',#2713);
#1177=VERTEX_POINT('',#2720);
#1178=VERTEX_POINT('',#2722);
#1179=VERTEX_POINT('',#2726);
#1180=VERTEX_POINT('',#2730);
#1181=VERTEX_POINT('',#2737);
#1182=VERTEX_POINT('',#2740);
#1183=VERTEX_POINT('',#2743);
#1184=VERTEX_POINT('',#2745);
#1185=VERTEX_POINT('',#2749);
#1186=VERTEX_POINT('',#2751);
#1187=VERTEX_POINT('',#2853);
#1188=CIRCLE('',#1663,0.0015);
#1189=CIRCLE('',#1664,0.0015);
#1190=CIRCLE('',#1666,0.0015);
#1191=CIRCLE('',#1667,0.0015);
#1192=CIRCLE('',#1669,0.0015);
#1193=CIRCLE('',#1670,0.0015);
#1194=CIRCLE('',#1672,0.0005);
#1195=CIRCLE('',#1673,0.0005);
#1196=CIRCLE('',#1674,0.0005);
#1197=CIRCLE('',#1675,0.0133425599913093);
#1198=CIRCLE('',#1676,0.0025);
#1199=CIRCLE('',#1677,0.0025);
#1200=CIRCLE('',#1678,0.0290215808856535);
#1201=CIRCLE('',#1679,0.0290215808856535);
#1202=CIRCLE('',#1680,0.0025);
#1203=CIRCLE('',#1681,0.0025);
#1204=CIRCLE('',#1682,0.0133425599913093);
#1205=CIRCLE('',#1683,0.0005);
#1206=CIRCLE('',#1684,0.0005);
#1207=CIRCLE('',#1685,0.0005);
#1208=CIRCLE('',#1686,0.0185);
#1209=CIRCLE('',#1687,0.021);
#1210=CIRCLE('',#1692,0.0005);
#1211=CIRCLE('',#1696,0.0005);
#1212=CIRCLE('',#1700,0.0005);
#1213=CIRCLE('',#1704,0.0133425599913093);
#1214=CIRCLE('',#1707,0.0025);
#1215=CIRCLE('',#1711,0.0025);
#1216=CIRCLE('',#1715,0.0290215808856535);
#1217=CIRCLE('',#1717,0.0290215808856535);
#1218=CIRCLE('',#1721,0.0025);
#1219=CIRCLE('',#1725,0.0025);
#1220=CIRCLE('',#1728,0.0133425599913093);
#1221=CIRCLE('',#1732,0.0005);
#1222=CIRCLE('',#1736,0.0005);
#1223=CIRCLE('',#1740,0.0005);
#1224=CIRCLE('',#1742,0.0035);
#1225=CIRCLE('',#1743,0.0035);
#1226=CIRCLE('',#1744,0.00325);
#1227=CIRCLE('',#1745,0.0285215808856536);
#1228=CIRCLE('',#1746,0.002);
#1229=CIRCLE('',#1747,0.002);
#1230=CIRCLE('',#1748,0.0128425599913093);
#1231=CIRCLE('',#1749,0.0128425599913093);
#1232=CIRCLE('',#1750,0.002);
#1233=CIRCLE('',#1751,0.002);
#1234=CIRCLE('',#1752,0.0285215808856536);
#1235=CIRCLE('',#1758,0.0185);
#1236=CIRCLE('',#1761,0.021);
#1237=CIRCLE('',#1765,0.003);
#1238=CIRCLE('',#1767,0.003);
#1239=CIRCLE('',#1769,0.003);
#1240=CIRCLE('',#1770,0.003);
#1241=CIRCLE('',#1773,0.00275);
#1242=CIRCLE('',#1774,0.00275);
#1243=CIRCLE('',#1780,0.0005);
#1244=CIRCLE('',#1782,0.0005);
#1245=CIRCLE('',#1784,0.0005);
#1246=CIRCLE('',#1786,0.0005);
#1247=CIRCLE('',#1792,0.0005);
#1248=CIRCLE('',#1794,0.0005);
#1249=CIRCLE('',#1796,0.0005);
#1250=CIRCLE('',#1798,0.0005);
#1251=CIRCLE('',#1804,0.0005);
#1252=CIRCLE('',#1806,0.0005);
#1253=CIRCLE('',#1808,0.0005);
#1254=CIRCLE('',#1810,0.0005);
#1255=CIRCLE('',#1820,0.0005);
#1256=CIRCLE('',#1822,0.0005);
#1257=CIRCLE('',#1824,0.0005);
#1258=CIRCLE('',#1826,0.0005);
#1259=CIRCLE('',#1832,0.0005);
#1260=CIRCLE('',#1834,0.0005);
#1261=CIRCLE('',#1836,0.0005);
#1262=CIRCLE('',#1838,0.0005);
#1263=EDGE_LOOP('',(#355));
#1264=EDGE_LOOP('',(#356));
#1265=EDGE_LOOP('',(#357));
#1266=EDGE_LOOP('',(#358));
#1267=EDGE_LOOP('',(#359));
#1268=EDGE_LOOP('',(#360));
#1269=EDGE_LOOP('',(#361));
#1270=EDGE_LOOP('',(#362));
#1271=EDGE_LOOP('',(#363,#364,#365,#366,#367,#368,#369,#370,#371,#372,#373,
#374,#375,#376,#377,#378,#379,#380,#381,#382,#383,#384,#385,#386,#387,#388,
#389,#390,#391,#392,#393,#394,#395,#396,#397,#398,#399,#400,#401,#402,#403,
#404,#405));
#1272=EDGE_LOOP('',(#406));
#1273=EDGE_LOOP('',(#407,#408,#409,#410));
#1274=EDGE_LOOP('',(#411,#412,#413,#414,#415,#416,#417,#418));
#1275=EDGE_LOOP('',(#419,#420,#421,#422));
#1276=EDGE_LOOP('',(#423,#424,#425,#426));
#1277=EDGE_LOOP('',(#427,#428,#429,#430));
#1278=EDGE_LOOP('',(#431,#432,#433,#434));
#1279=EDGE_LOOP('',(#435,#436,#437,#438));
#1280=EDGE_LOOP('',(#439,#440,#441,#442));
#1281=EDGE_LOOP('',(#443,#444,#445,#446));
#1282=EDGE_LOOP('',(#447,#448,#449,#450));
#1283=EDGE_LOOP('',(#451,#452,#453,#454));
#1284=EDGE_LOOP('',(#455,#456,#457,#458));
#1285=EDGE_LOOP('',(#459,#460,#461,#462));
#1286=EDGE_LOOP('',(#463,#464,#465,#466));
#1287=EDGE_LOOP('',(#467,#468,#469,#470));
#1288=EDGE_LOOP('',(#471,#472,#473,#474));
#1289=EDGE_LOOP('',(#475,#476,#477,#478));
#1290=EDGE_LOOP('',(#479,#480,#481,#482));
#1291=EDGE_LOOP('',(#483,#484,#485,#486));
#1292=EDGE_LOOP('',(#487,#488,#489,#490));
#1293=EDGE_LOOP('',(#491,#492,#493,#494));
#1294=EDGE_LOOP('',(#495,#496,#497,#498));
#1295=EDGE_LOOP('',(#499,#500,#501,#502));
#1296=EDGE_LOOP('',(#503,#504,#505,#506));
#1297=EDGE_LOOP('',(#507,#508,#509,#510));
#1298=EDGE_LOOP('',(#511,#512,#513,#514));
#1299=EDGE_LOOP('',(#515,#516,#517,#518));
#1300=EDGE_LOOP('',(#519,#520,#521,#522));
#1301=EDGE_LOOP('',(#523,#524,#525,#526));
#1302=EDGE_LOOP('',(#527,#528,#529,#530));
#1303=EDGE_LOOP('',(#531,#532,#533,#534));
#1304=EDGE_LOOP('',(#535,#536,#537,#538));
#1305=EDGE_LOOP('',(#539,#540,#541,#542));
#1306=EDGE_LOOP('',(#543,#544,#545,#546));
#1307=EDGE_LOOP('',(#547,#548,#549,#550));
#1308=EDGE_LOOP('',(#551,#552,#553,#554));
#1309=EDGE_LOOP('',(#555,#556,#557,#558));
#1310=EDGE_LOOP('',(#559,#560,#561,#562));
#1311=EDGE_LOOP('',(#563,#564,#565,#566));
#1312=EDGE_LOOP('',(#567,#568,#569,#570));
#1313=EDGE_LOOP('',(#571));
#1314=EDGE_LOOP('',(#572));
#1315=EDGE_LOOP('',(#573,#574,#575,#576,#577,#578,#579,#580,#581,#582,#583,
#584,#585,#586,#587,#588,#589,#590,#591,#592,#593,#594,#595,#596,#597,#598,
#599,#600,#601,#602,#603,#604,#605,#606));
#1316=EDGE_LOOP('',(#607,#608,#609,#610));
#1317=EDGE_LOOP('',(#611,#612,#613,#614));
#1318=EDGE_LOOP('',(#615,#616,#617,#618));
#1319=EDGE_LOOP('',(#619,#620,#621,#622));
#1320=EDGE_LOOP('',(#623,#624,#625,#626));
#1321=EDGE_LOOP('',(#627,#628,#629,#630));
#1322=EDGE_LOOP('',(#631,#632,#633,#634));
#1323=EDGE_LOOP('',(#635,#636,#637,#638));
#1324=EDGE_LOOP('',(#639,#640,#641,#642));
#1325=EDGE_LOOP('',(#643));
#1326=EDGE_LOOP('',(#644));
#1327=EDGE_LOOP('',(#645));
#1328=EDGE_LOOP('',(#646));
#1329=EDGE_LOOP('',(#647));
#1330=EDGE_LOOP('',(#648));
#1331=EDGE_LOOP('',(#649));
#1332=EDGE_LOOP('',(#650));
#1333=EDGE_LOOP('',(#651));
#1334=EDGE_LOOP('',(#652));
#1335=EDGE_LOOP('',(#653));
#1336=EDGE_LOOP('',(#654));
#1337=EDGE_LOOP('',(#655,#656,#657,#658));
#1338=EDGE_LOOP('',(#659,#660,#661,#662));
#1339=EDGE_LOOP('',(#663,#664,#665,#666));
#1340=EDGE_LOOP('',(#667,#668,#669));
#1341=EDGE_LOOP('',(#670,#671,#672));
#1342=EDGE_LOOP('',(#673,#674,#675,#676));
#1343=EDGE_LOOP('',(#677,#678,#679,#680));
#1344=EDGE_LOOP('',(#681,#682,#683,#684));
#1345=EDGE_LOOP('',(#685,#686,#687,#688));
#1346=EDGE_LOOP('',(#689,#690,#691));
#1347=EDGE_LOOP('',(#692,#693,#694));
#1348=EDGE_LOOP('',(#695,#696,#697,#698));
#1349=EDGE_LOOP('',(#699,#700,#701,#702));
#1350=EDGE_LOOP('',(#703,#704,#705,#706));
#1351=EDGE_LOOP('',(#707,#708,#709,#710));
#1352=EDGE_LOOP('',(#711,#712,#713));
#1353=EDGE_LOOP('',(#714,#715,#716));
#1354=EDGE_LOOP('',(#717,#718,#719,#720));
#1355=EDGE_LOOP('',(#721,#722,#723,#724));
#1356=EDGE_LOOP('',(#725,#726,#727,#728));
#1357=EDGE_LOOP('',(#729,#730,#731,#732));
#1358=EDGE_LOOP('',(#733,#734,#735,#736));
#1359=EDGE_LOOP('',(#737,#738,#739,#740));
#1360=EDGE_LOOP('',(#741,#742,#743,#744));
#1361=EDGE_LOOP('',(#745,#746,#747,#748));
#1362=EDGE_LOOP('',(#749,#750,#751,#752));
#1363=EDGE_LOOP('',(#753,#754,#755,#756));
#1364=EDGE_LOOP('',(#757,#758,#759,#760));
#1365=EDGE_LOOP('',(#761,#762,#763,#764));
#1366=EDGE_LOOP('',(#765,#766,#767,#768));
#1367=EDGE_LOOP('',(#769,#770,#771,#772));
#1368=EDGE_LOOP('',(#773,#774,#775,#776));
#1369=EDGE_LOOP('',(#777,#778,#779,#780));
#1370=EDGE_LOOP('',(#781,#782,#783,#784));
#1371=EDGE_LOOP('',(#785,#786,#787,#788));
#1372=EDGE_LOOP('',(#789,#790,#791,#792));
#1373=EDGE_LOOP('',(#793,#794,#795,#796));
#1374=EDGE_LOOP('',(#797,#798,#799,#800,#801));
#1375=EDGE_LOOP('',(#802,#803,#804,#805,#806));
#1376=EDGE_LOOP('',(#807,#808,#809));
#1377=EDGE_LOOP('',(#810));
#1378=EDGE_LOOP('',(#811));
#1379=EDGE_LOOP('',(#812));
#1380=EDGE_LOOP('',(#813));
#1381=EDGE_LOOP('',(#814));
#1382=FACE_BOUND('',#1263,.T.);
#1383=FACE_BOUND('',#1264,.T.);
#1384=FACE_BOUND('',#1265,.T.);
#1385=FACE_BOUND('',#1266,.T.);
#1386=FACE_BOUND('',#1267,.T.);
#1387=FACE_BOUND('',#1268,.T.);
#1388=FACE_BOUND('',#1269,.T.);
#1389=FACE_BOUND('',#1270,.T.);
#1390=FACE_BOUND('',#1271,.T.);
#1391=FACE_BOUND('',#1272,.T.);
#1392=FACE_BOUND('',#1273,.T.);
#1393=FACE_BOUND('',#1274,.T.);
#1394=FACE_BOUND('',#1275,.T.);
#1395=FACE_BOUND('',#1276,.T.);
#1396=FACE_BOUND('',#1277,.T.);
#1397=FACE_BOUND('',#1278,.T.);
#1398=FACE_BOUND('',#1279,.T.);
#1399=FACE_BOUND('',#1280,.T.);
#1400=FACE_BOUND('',#1281,.T.);
#1401=FACE_BOUND('',#1282,.T.);
#1402=FACE_BOUND('',#1283,.T.);
#1403=FACE_BOUND('',#1284,.T.);
#1404=FACE_BOUND('',#1285,.T.);
#1405=FACE_BOUND('',#1286,.T.);
#1406=FACE_BOUND('',#1287,.T.);
#1407=FACE_BOUND('',#1288,.T.);
#1408=FACE_BOUND('',#1289,.T.);
#1409=FACE_BOUND('',#1290,.T.);
#1410=FACE_BOUND('',#1291,.T.);
#1411=FACE_BOUND('',#1292,.T.);
#1412=FACE_BOUND('',#1293,.T.);
#1413=FACE_BOUND('',#1294,.T.);
#1414=FACE_BOUND('',#1295,.T.);
#1415=FACE_BOUND('',#1296,.T.);
#1416=FACE_BOUND('',#1297,.T.);
#1417=FACE_BOUND('',#1298,.T.);
#1418=FACE_BOUND('',#1299,.T.);
#1419=FACE_BOUND('',#1300,.T.);
#1420=FACE_BOUND('',#1301,.T.);
#1421=FACE_BOUND('',#1302,.T.);
#1422=FACE_BOUND('',#1303,.T.);
#1423=FACE_BOUND('',#1304,.T.);
#1424=FACE_BOUND('',#1305,.T.);
#1425=FACE_BOUND('',#1306,.T.);
#1426=FACE_BOUND('',#1307,.T.);
#1427=FACE_BOUND('',#1308,.T.);
#1428=FACE_BOUND('',#1309,.T.);
#1429=FACE_BOUND('',#1310,.T.);
#1430=FACE_BOUND('',#1311,.T.);
#1431=FACE_BOUND('',#1312,.T.);
#1432=FACE_BOUND('',#1313,.T.);
#1433=FACE_BOUND('',#1314,.T.);
#1434=FACE_BOUND('',#1315,.T.);
#1435=FACE_BOUND('',#1316,.T.);
#1436=FACE_BOUND('',#1317,.T.);
#1437=FACE_BOUND('',#1318,.T.);
#1438=FACE_BOUND('',#1319,.T.);
#1439=FACE_BOUND('',#1320,.T.);
#1440=FACE_BOUND('',#1321,.T.);
#1441=FACE_BOUND('',#1322,.T.);
#1442=FACE_BOUND('',#1323,.T.);
#1443=FACE_BOUND('',#1324,.T.);
#1444=FACE_BOUND('',#1325,.T.);
#1445=FACE_BOUND('',#1326,.T.);
#1446=FACE_BOUND('',#1327,.T.);
#1447=FACE_BOUND('',#1328,.T.);
#1448=FACE_BOUND('',#1329,.T.);
#1449=FACE_BOUND('',#1330,.T.);
#1450=FACE_BOUND('',#1331,.T.);
#1451=FACE_BOUND('',#1332,.T.);
#1452=FACE_BOUND('',#1333,.T.);
#1453=FACE_BOUND('',#1334,.T.);
#1454=FACE_BOUND('',#1335,.T.);
#1455=FACE_BOUND('',#1336,.T.);
#1456=FACE_BOUND('',#1337,.T.);
#1457=FACE_BOUND('',#1338,.T.);
#1458=FACE_BOUND('',#1339,.T.);
#1459=FACE_BOUND('',#1340,.T.);
#1460=FACE_BOUND('',#1341,.T.);
#1461=FACE_BOUND('',#1342,.T.);
#1462=FACE_BOUND('',#1343,.T.);
#1463=FACE_BOUND('',#1344,.T.);
#1464=FACE_BOUND('',#1345,.T.);
#1465=FACE_BOUND('',#1346,.T.);
#1466=FACE_BOUND('',#1347,.T.);
#1467=FACE_BOUND('',#1348,.T.);
#1468=FACE_BOUND('',#1349,.T.);
#1469=FACE_BOUND('',#1350,.T.);
#1470=FACE_BOUND('',#1351,.T.);
#1471=FACE_BOUND('',#1352,.T.);
#1472=FACE_BOUND('',#1353,.T.);
#1473=FACE_BOUND('',#1354,.T.);
#1474=FACE_BOUND('',#1355,.T.);
#1475=FACE_BOUND('',#1356,.T.);
#1476=FACE_BOUND('',#1357,.T.);
#1477=FACE_BOUND('',#1358,.T.);
#1478=FACE_BOUND('',#1359,.T.);
#1479=FACE_BOUND('',#1360,.T.);
#1480=FACE_BOUND('',#1361,.T.);
#1481=FACE_BOUND('',#1362,.T.);
#1482=FACE_BOUND('',#1363,.T.);
#1483=FACE_BOUND('',#1364,.T.);
#1484=FACE_BOUND('',#1365,.T.);
#1485=FACE_BOUND('',#1366,.T.);
#1486=FACE_BOUND('',#1367,.T.);
#1487=FACE_BOUND('',#1368,.T.);
#1488=FACE_BOUND('',#1369,.T.);
#1489=FACE_BOUND('',#1370,.T.);
#1490=FACE_BOUND('',#1371,.T.);
#1491=FACE_BOUND('',#1372,.T.);
#1492=FACE_BOUND('',#1373,.T.);
#1493=FACE_BOUND('',#1374,.T.);
#1494=FACE_BOUND('',#1375,.T.);
#1495=FACE_BOUND('',#1376,.T.);
#1496=FACE_BOUND('',#1377,.T.);
#1497=FACE_BOUND('',#1378,.T.);
#1498=FACE_BOUND('',#1379,.T.);
#1499=FACE_BOUND('',#1380,.T.);
#1500=FACE_BOUND('',#1381,.T.);
#1501=CYLINDRICAL_SURFACE('',#1662,0.0015);
#1502=CYLINDRICAL_SURFACE('',#1665,0.0015);
#1503=CYLINDRICAL_SURFACE('',#1668,0.0015);
#1504=CYLINDRICAL_SURFACE('',#1691,0.0005);
#1505=CYLINDRICAL_SURFACE('',#1695,0.0005);
#1506=CYLINDRICAL_SURFACE('',#1699,0.0005);
#1507=CYLINDRICAL_SURFACE('',#1703,0.0133425599913093);
#1508=CYLINDRICAL_SURFACE('',#1706,0.0025);
#1509=CYLINDRICAL_SURFACE('',#1710,0.0025);
#1510=CYLINDRICAL_SURFACE('',#1714,0.0290215808856535);
#1511=CYLINDRICAL_SURFACE('',#1716,0.0290215808856535);
#1512=CYLINDRICAL_SURFACE('',#1720,0.0025);
#1513=CYLINDRICAL_SURFACE('',#1724,0.0025);
#1514=CYLINDRICAL_SURFACE('',#1727,0.0133425599913093);
#1515=CYLINDRICAL_SURFACE('',#1731,0.0005);
#1516=CYLINDRICAL_SURFACE('',#1735,0.0005);
#1517=CYLINDRICAL_SURFACE('',#1739,0.0005);
#1518=CYLINDRICAL_SURFACE('',#1757,0.0185);
#1519=CYLINDRICAL_SURFACE('',#1760,0.021);
#1520=CYLINDRICAL_SURFACE('',#1766,0.003);
#1521=CYLINDRICAL_SURFACE('',#1768,0.003);
#1522=CYLINDRICAL_SURFACE('',#1772,0.00275);
#1523=CYLINDRICAL_SURFACE('',#1776,0.0005);
#1524=CYLINDRICAL_SURFACE('',#1779,0.0005);
#1525=CYLINDRICAL_SURFACE('',#1781,0.0005);
#1526=CYLINDRICAL_SURFACE('',#1787,0.0005);
#1527=CYLINDRICAL_SURFACE('',#1789,0.0005);
#1528=CYLINDRICAL_SURFACE('',#1791,0.0005);
#1529=CYLINDRICAL_SURFACE('',#1793,0.0005);
#1530=CYLINDRICAL_SURFACE('',#1799,0.0005);
#1531=CYLINDRICAL_SURFACE('',#1801,0.0005);
#1532=CYLINDRICAL_SURFACE('',#1803,0.0005);
#1533=CYLINDRICAL_SURFACE('',#1805,0.0005);
#1534=CYLINDRICAL_SURFACE('',#1811,0.0005);
#1535=CYLINDRICAL_SURFACE('',#1813,0.0005);
#1536=CYLINDRICAL_SURFACE('',#1815,0.0005);
#1537=CYLINDRICAL_SURFACE('',#1816,0.0005);
#1538=CYLINDRICAL_SURFACE('',#1819,0.0005);
#1539=CYLINDRICAL_SURFACE('',#1821,0.0005);
#1540=CYLINDRICAL_SURFACE('',#1827,0.0005);
#1541=CYLINDRICAL_SURFACE('',#1829,0.0005);
#1542=CYLINDRICAL_SURFACE('',#1831,0.0005);
#1543=CYLINDRICAL_SURFACE('',#1833,0.0005);
#1544=CYLINDRICAL_SURFACE('',#1839,0.0005);
#1545=CYLINDRICAL_SURFACE('',#1841,0.0005);
#1546=CYLINDRICAL_SURFACE('',#1843,0.0005);
#1547=CYLINDRICAL_SURFACE('',#1844,0.0005);
#1548=ADVANCED_FACE('',(#1382,#1383),#1501,.F.);
#1549=ADVANCED_FACE('',(#1384,#1385),#1502,.F.);
#1550=ADVANCED_FACE('',(#1386,#1387),#1503,.F.);
#1551=ADVANCED_FACE('',(#1388,#1389,#1390,#1391,#1392),#318,.F.);
#1552=ADVANCED_FACE('',(#1393),#319,.T.);
#1553=ADVANCED_FACE('',(#1394),#320,.F.);
#1554=ADVANCED_FACE('',(#1395),#321,.T.);
#1555=ADVANCED_FACE('',(#1396),#1504,.T.);
#1556=ADVANCED_FACE('',(#1397),#322,.T.);
#1557=ADVANCED_FACE('',(#1398),#323,.T.);
#1558=ADVANCED_FACE('',(#1399),#1505,.T.);
#1559=ADVANCED_FACE('',(#1400),#324,.T.);
#1560=ADVANCED_FACE('',(#1401),#325,.T.);
#1561=ADVANCED_FACE('',(#1402),#1506,.T.);
#1562=ADVANCED_FACE('',(#1403),#326,.T.);
#1563=ADVANCED_FACE('',(#1404),#327,.T.);
#1564=ADVANCED_FACE('',(#1405),#1507,.T.);
#1565=ADVANCED_FACE('',(#1406),#328,.T.);
#1566=ADVANCED_FACE('',(#1407),#1508,.T.);
#1567=ADVANCED_FACE('',(#1408),#329,.F.);
#1568=ADVANCED_FACE('',(#1409),#330,.T.);
#1569=ADVANCED_FACE('',(#1410),#1509,.T.);
#1570=ADVANCED_FACE('',(#1411),#331,.F.);
#1571=ADVANCED_FACE('',(#1412),#332,.T.);
#1572=ADVANCED_FACE('',(#1413),#1510,.T.);
#1573=ADVANCED_FACE('',(#1414),#1511,.T.);
#1574=ADVANCED_FACE('',(#1415),#333,.F.);
#1575=ADVANCED_FACE('',(#1416),#334,.T.);
#1576=ADVANCED_FACE('',(#1417),#1512,.T.);
#1577=ADVANCED_FACE('',(#1418),#335,.F.);
#1578=ADVANCED_FACE('',(#1419),#336,.T.);
#1579=ADVANCED_FACE('',(#1420),#1513,.T.);
#1580=ADVANCED_FACE('',(#1421),#337,.F.);
#1581=ADVANCED_FACE('',(#1422),#1514,.T.);
#1582=ADVANCED_FACE('',(#1423),#338,.F.);
#1583=ADVANCED_FACE('',(#1424),#339,.F.);
#1584=ADVANCED_FACE('',(#1425),#1515,.T.);
#1585=ADVANCED_FACE('',(#1426),#340,.F.);
#1586=ADVANCED_FACE('',(#1427),#341,.F.);
#1587=ADVANCED_FACE('',(#1428),#1516,.T.);
#1588=ADVANCED_FACE('',(#1429),#342,.F.);
#1589=ADVANCED_FACE('',(#1430),#343,.F.);
#1590=ADVANCED_FACE('',(#1431),#1517,.T.);
#1591=ADVANCED_FACE('',(#1432,#1433,#1434),#344,.T.);
#1592=ADVANCED_FACE('',(#1435),#345,.T.);
#1593=ADVANCED_FACE('',(#1436),#346,.F.);
#1594=ADVANCED_FACE('',(#1437),#347,.T.);
#1595=ADVANCED_FACE('',(#1438),#348,.T.);
#1596=ADVANCED_FACE('',(#1439),#1518,.F.);
#1597=ADVANCED_FACE('',(#1440),#349,.T.);
#1598=ADVANCED_FACE('',(#1441),#1519,.T.);
#1599=ADVANCED_FACE('',(#1442),#350,.F.);
#1600=ADVANCED_FACE('',(#1443),#351,.F.);
#1601=ADVANCED_FACE('',(#1444,#1445),#352,.T.);
#1602=ADVANCED_FACE('',(#1446,#1447),#1520,.F.);
#1603=ADVANCED_FACE('',(#1448,#1449),#1521,.F.);
#1604=ADVANCED_FACE('',(#1450,#1451),#353,.T.);
#1605=ADVANCED_FACE('',(#1452,#1453),#1522,.F.);
#1606=ADVANCED_FACE('',(#1454,#1455),#354,.T.);
#1607=ADVANCED_FACE('',(#1456),#1523,.T.);
#1608=ADVANCED_FACE('',(#1457),#1524,.T.);
#1609=ADVANCED_FACE('',(#1458),#1525,.T.);
#1610=ADVANCED_FACE('',(#1459),#32,.T.);
#1611=ADVANCED_FACE('',(#1460),#33,.T.);
#1612=ADVANCED_FACE('',(#1461),#1526,.T.);
#1613=ADVANCED_FACE('',(#1462),#1527,.T.);
#1614=ADVANCED_FACE('',(#1463),#1528,.T.);
#1615=ADVANCED_FACE('',(#1464),#1529,.T.);
#1616=ADVANCED_FACE('',(#1465),#34,.T.);
#1617=ADVANCED_FACE('',(#1466),#35,.T.);
#1618=ADVANCED_FACE('',(#1467),#1530,.T.);
#1619=ADVANCED_FACE('',(#1468),#1531,.T.);
#1620=ADVANCED_FACE('',(#1469),#1532,.T.);
#1621=ADVANCED_FACE('',(#1470),#1533,.T.);
#1622=ADVANCED_FACE('',(#1471),#36,.T.);
#1623=ADVANCED_FACE('',(#1472),#37,.T.);
#1624=ADVANCED_FACE('',(#1473),#1534,.T.);
#1625=ADVANCED_FACE('',(#1474),#1535,.T.);
#1626=ADVANCED_FACE('',(#1475),#1536,.T.);
#1627=ADVANCED_FACE('',(#1476),#1537,.T.);
#1628=ADVANCED_FACE('',(#1477),#12,.T.);
#1629=ADVANCED_FACE('',(#1478),#13,.T.);
#1630=ADVANCED_FACE('',(#1479),#1538,.T.);
#1631=ADVANCED_FACE('',(#1480),#1539,.T.);
#1632=ADVANCED_FACE('',(#1481),#14,.T.);
#1633=ADVANCED_FACE('',(#1482),#15,.T.);
#1634=ADVANCED_FACE('',(#1483),#1540,.T.);
#1635=ADVANCED_FACE('',(#1484),#1541,.T.);
#1636=ADVANCED_FACE('',(#1485),#1542,.T.);
#1637=ADVANCED_FACE('',(#1486),#1543,.T.);
#1638=ADVANCED_FACE('',(#1487),#16,.T.);
#1639=ADVANCED_FACE('',(#1488),#17,.T.);
#1640=ADVANCED_FACE('',(#1489),#1544,.T.);
#1641=ADVANCED_FACE('',(#1490),#1545,.T.);
#1642=ADVANCED_FACE('',(#1491),#1546,.T.);
#1643=ADVANCED_FACE('',(#1492),#1547,.T.);
#1644=ADVANCED_FACE('',(#1493),#18,.T.);
#1645=ADVANCED_FACE('',(#1494),#19,.T.);
#1646=ADVANCED_FACE('',(#1495,#1496),#20,.T.);
#1647=ADVANCED_FACE('',(#1497,#1498),#21,.T.);
#1648=ADVANCED_FACE('',(#1499,#1500),#22,.T.);
#1649=CLOSED_SHELL('',(#1548,#1549,#1550,#1551,#1552,#1553,#1554,#1555,
#1556,#1557,#1558,#1559,#1560,#1561,#1562,#1563,#1564,#1565,#1566,#1567,
#1568,#1569,#1570,#1571,#1572,#1573,#1574,#1575,#1576,#1577,#1578,#1579,
#1580,#1581,#1582,#1583,#1584,#1585,#1586,#1587,#1588,#1589,#1590,#1591,
#1592,#1593,#1594,#1595,#1596,#1597,#1598,#1599,#1600,#1601,#1602,#1603,
#1604,#1605,#1606,#1607,#1608,#1609,#1610,#1611,#1612,#1613,#1614,#1615,
#1616,#1617,#1618,#1619,#1620,#1621,#1622,#1623,#1624,#1625,#1626,#1627,
#1628,#1629,#1630,#1631,#1632,#1633,#1634,#1635,#1636,#1637,#1638,#1639,
#1640,#1641,#1642,#1643,#1644,#1645,#1646,#1647,#1648));
#1650=STYLED_ITEM('',(#1651),#1658);
#1651=PRESENTATION_STYLE_ASSIGNMENT((#1652));
#1652=SURFACE_STYLE_USAGE(.BOTH.,#1653);
#1653=SURFACE_SIDE_STYLE('',(#1654));
#1654=SURFACE_STYLE_FILL_AREA(#1655);
#1655=FILL_AREA_STYLE('',(#1656));
#1656=FILL_AREA_STYLE_COLOUR('',#1657);
#1657=COLOUR_RGB('',0.647058823529412,0.647058823529412,0.647058823529412);
#1658=MANIFOLD_SOLID_BREP('Back',#1649);
#1659=SHAPE_DEFINITION_REPRESENTATION(#2872,#1660);
#1660=SHAPE_REPRESENTATION('Back',(#1661),#2867);
#1661=AXIS2_PLACEMENT_3D('',#2362,#1850,#1851);
#1662=AXIS2_PLACEMENT_3D('',#2363,#1852,#1853);
#1663=AXIS2_PLACEMENT_3D('',#2364,#1854,#1855);
#1664=AXIS2_PLACEMENT_3D('',#2366,#1856,#1857);
#1665=AXIS2_PLACEMENT_3D('',#2368,#1858,#1859);
#1666=AXIS2_PLACEMENT_3D('',#2369,#1860,#1861);
#1667=AXIS2_PLACEMENT_3D('',#2371,#1862,#1863);
#1668=AXIS2_PLACEMENT_3D('',#2373,#1864,#1865);
#1669=AXIS2_PLACEMENT_3D('',#2374,#1866,#1867);
#1670=AXIS2_PLACEMENT_3D('',#2376,#1868,#1869);
#1671=AXIS2_PLACEMENT_3D('',#2378,#1870,#1871);
#1672=AXIS2_PLACEMENT_3D('',#2392,#1878,#1879);
#1673=AXIS2_PLACEMENT_3D('',#2398,#1882,#1883);
#1674=AXIS2_PLACEMENT_3D('',#2404,#1886,#1887);
#1675=AXIS2_PLACEMENT_3D('',#2410,#1890,#1891);
#1676=AXIS2_PLACEMENT_3D('',#2414,#1893,#1894);
#1677=AXIS2_PLACEMENT_3D('',#2420,#1897,#1898);
#1678=AXIS2_PLACEMENT_3D('',#2426,#1901,#1902);
#1679=AXIS2_PLACEMENT_3D('',#2428,#1903,#1904);
#1680=AXIS2_PLACEMENT_3D('',#2434,#1907,#1908);
#1681=AXIS2_PLACEMENT_3D('',#2440,#1911,#1912);
#1682=AXIS2_PLACEMENT_3D('',#2444,#1914,#1915);
#1683=AXIS2_PLACEMENT_3D('',#2450,#1918,#1919);
#1684=AXIS2_PLACEMENT_3D('',#2456,#1922,#1923);
#1685=AXIS2_PLACEMENT_3D('',#2462,#1926,#1927);
#1686=AXIS2_PLACEMENT_3D('',#2465,#1929,#1930);
#1687=AXIS2_PLACEMENT_3D('',#2470,#1932,#1933);
#1688=AXIS2_PLACEMENT_3D('',#2473,#1935,#1936);
#1689=AXIS2_PLACEMENT_3D('',#2484,#1943,#1944);
#1690=AXIS2_PLACEMENT_3D('',#2488,#1947,#1948);
#1691=AXIS2_PLACEMENT_3D('',#2492,#1951,#1952);
#1692=AXIS2_PLACEMENT_3D('',#2495,#1954,#1955);
#1693=AXIS2_PLACEMENT_3D('',#2496,#1956,#1957);
#1694=AXIS2_PLACEMENT_3D('',#2500,#1960,#1961);
#1695=AXIS2_PLACEMENT_3D('',#2504,#1964,#1965);
#1696=AXIS2_PLACEMENT_3D('',#2507,#1967,#1968);
#1697=AXIS2_PLACEMENT_3D('',#2508,#1969,#1970);
#1698=AXIS2_PLACEMENT_3D('',#2512,#1973,#1974);
#1699=AXIS2_PLACEMENT_3D('',#2516,#1977,#1978);
#1700=AXIS2_PLACEMENT_3D('',#2519,#1980,#1981);
#1701=AXIS2_PLACEMENT_3D('',#2520,#1982,#1983);
#1702=AXIS2_PLACEMENT_3D('',#2524,#1986,#1987);
#1703=AXIS2_PLACEMENT_3D('',#2528,#1990,#1991);
#1704=AXIS2_PLACEMENT_3D('',#2531,#1993,#1994);
#1705=AXIS2_PLACEMENT_3D('',#2532,#1995,#1996);
#1706=AXIS2_PLACEMENT_3D('',#2536,#1999,#2000);
#1707=AXIS2_PLACEMENT_3D('',#2539,#2002,#2003);
#1708=AXIS2_PLACEMENT_3D('',#2540,#2004,#2005);
#1709=AXIS2_PLACEMENT_3D('',#2544,#2008,#2009);
#1710=AXIS2_PLACEMENT_3D('',#2548,#2012,#2013);
#1711=AXIS2_PLACEMENT_3D('',#2551,#2015,#2016);
#1712=AXIS2_PLACEMENT_3D('',#2552,#2017,#2018);
#1713=AXIS2_PLACEMENT_3D('',#2556,#2021,#2022);
#1714=AXIS2_PLACEMENT_3D('',#2560,#2025,#2026);
#1715=AXIS2_PLACEMENT_3D('',#2563,#2028,#2029);
#1716=AXIS2_PLACEMENT_3D('',#2564,#2030,#2031);
#1717=AXIS2_PLACEMENT_3D('',#2567,#2033,#2034);
#1718=AXIS2_PLACEMENT_3D('',#2568,#2035,#2036);
#1719=AXIS2_PLACEMENT_3D('',#2572,#2039,#2040);
#1720=AXIS2_PLACEMENT_3D('',#2576,#2043,#2044);
#1721=AXIS2_PLACEMENT_3D('',#2579,#2046,#2047);
#1722=AXIS2_PLACEMENT_3D('',#2580,#2048,#2049);
#1723=AXIS2_PLACEMENT_3D('',#2584,#2052,#2053);
#1724=AXIS2_PLACEMENT_3D('',#2588,#2056,#2057);
#1725=AXIS2_PLACEMENT_3D('',#2591,#2059,#2060);
#1726=AXIS2_PLACEMENT_3D('',#2592,#2061,#2062);
#1727=AXIS2_PLACEMENT_3D('',#2596,#2065,#2066);
#1728=AXIS2_PLACEMENT_3D('',#2599,#2068,#2069);
#1729=AXIS2_PLACEMENT_3D('',#2600,#2070,#2071);
#1730=AXIS2_PLACEMENT_3D('',#2604,#2074,#2075);
#1731=AXIS2_PLACEMENT_3D('',#2608,#2078,#2079);
#1732=AXIS2_PLACEMENT_3D('',#2611,#2081,#2082);
#1733=AXIS2_PLACEMENT_3D('',#2612,#2083,#2084);
#1734=AXIS2_PLACEMENT_3D('',#2616,#2087,#2088);
#1735=AXIS2_PLACEMENT_3D('',#2620,#2091,#2092);
#1736=AXIS2_PLACEMENT_3D('',#2623,#2094,#2095);
#1737=AXIS2_PLACEMENT_3D('',#2624,#2096,#2097);
#1738=AXIS2_PLACEMENT_3D('',#2628,#2100,#2101);
#1739=AXIS2_PLACEMENT_3D('',#2632,#2104,#2105);
#1740=AXIS2_PLACEMENT_3D('',#2633,#2106,#2107);
#1741=AXIS2_PLACEMENT_3D('',#2634,#2108,#2109);
#1742=AXIS2_PLACEMENT_3D('',#2635,#2110,#2111);
#1743=AXIS2_PLACEMENT_3D('',#2637,#2112,#2113);
#1744=AXIS2_PLACEMENT_3D('',#2639,#2114,#2115);
#1745=AXIS2_PLACEMENT_3D('',#2642,#2116,#2117);
#1746=AXIS2_PLACEMENT_3D('',#2648,#2120,#2121);
#1747=AXIS2_PLACEMENT_3D('',#2654,#2124,#2125);
#1748=AXIS2_PLACEMENT_3D('',#2658,#2127,#2128);
#1749=AXIS2_PLACEMENT_3D('',#2690,#2144,#2145);
#1750=AXIS2_PLACEMENT_3D('',#2694,#2147,#2148);
#1751=AXIS2_PLACEMENT_3D('',#2700,#2151,#2152);
#1752=AXIS2_PLACEMENT_3D('',#2706,#2155,#2156);
#1753=AXIS2_PLACEMENT_3D('',#2707,#2157,#2158);
#1754=AXIS2_PLACEMENT_3D('',#2711,#2161,#2162);
#1755=AXIS2_PLACEMENT_3D('',#2715,#2165,#2166);
#1756=AXIS2_PLACEMENT_3D('',#2717,#2168,#2169);
#1757=AXIS2_PLACEMENT_3D('',#2718,#2170,#2171);
#1758=AXIS2_PLACEMENT_3D('',#2721,#2173,#2174);
#1759=AXIS2_PLACEMENT_3D('',#2724,#2176,#2177);
#1760=AXIS2_PLACEMENT_3D('',#2728,#2180,#2181);
#1761=AXIS2_PLACEMENT_3D('',#2729,#2182,#2183);
#1762=AXIS2_PLACEMENT_3D('',#2732,#2185,#2186);
#1763=AXIS2_PLACEMENT_3D('',#2734,#2188,#2189);
#1764=AXIS2_PLACEMENT_3D('',#2735,#2190,#2191);
#1765=AXIS2_PLACEMENT_3D('',#2736,#2192,#2193);
#1766=AXIS2_PLACEMENT_3D('',#2738,#2194,#2195);
#1767=AXIS2_PLACEMENT_3D('',#2739,#2196,#2197);
#1768=AXIS2_PLACEMENT_3D('',#2741,#2198,#2199);
#1769=AXIS2_PLACEMENT_3D('',#2742,#2200,#2201);
#1770=AXIS2_PLACEMENT_3D('',#2744,#2202,#2203);
#1771=AXIS2_PLACEMENT_3D('',#2746,#2204,#2205);
#1772=AXIS2_PLACEMENT_3D('',#2747,#2206,#2207);
#1773=AXIS2_PLACEMENT_3D('',#2748,#2208,#2209);
#1774=AXIS2_PLACEMENT_3D('',#2750,#2210,#2211);
#1775=AXIS2_PLACEMENT_3D('',#2752,#2212,#2213);
#1776=AXIS2_PLACEMENT_3D('',#2753,#2214,#2215);
#1777=AXIS2_PLACEMENT_3D('',#2754,#2216,#2217);
#1778=AXIS2_PLACEMENT_3D('',#2755,#2218,#2219);
#1779=AXIS2_PLACEMENT_3D('',#2756,#2220,#2221);
#1780=AXIS2_PLACEMENT_3D('',#2757,#2222,#2223);
#1781=AXIS2_PLACEMENT_3D('',#2758,#2224,#2225);
#1782=AXIS2_PLACEMENT_3D('',#2759,#2226,#2227);
#1783=AXIS2_PLACEMENT_3D('',#2760,#2228,#2229);
#1784=AXIS2_PLACEMENT_3D('',#2761,#2230,#2231);
#1785=AXIS2_PLACEMENT_3D('',#2762,#2232,#2233);
#1786=AXIS2_PLACEMENT_3D('',#2763,#2234,#2235);
#1787=AXIS2_PLACEMENT_3D('',#2764,#2236,#2237);
#1788=AXIS2_PLACEMENT_3D('',#2765,#2238,#2239);
#1789=AXIS2_PLACEMENT_3D('',#2766,#2240,#2241);
#1790=AXIS2_PLACEMENT_3D('',#2767,#2242,#2243);
#1791=AXIS2_PLACEMENT_3D('',#2768,#2244,#2245);
#1792=AXIS2_PLACEMENT_3D('',#2769,#2246,#2247);
#1793=AXIS2_PLACEMENT_3D('',#2770,#2248,#2249);
#1794=AXIS2_PLACEMENT_3D('',#2771,#2250,#2251);
#1795=AXIS2_PLACEMENT_3D('',#2772,#2252,#2253);
#1796=AXIS2_PLACEMENT_3D('',#2773,#2254,#2255);
#1797=AXIS2_PLACEMENT_3D('',#2774,#2256,#2257);
#1798=AXIS2_PLACEMENT_3D('',#2775,#2258,#2259);
#1799=AXIS2_PLACEMENT_3D('',#2776,#2260,#2261);
#1800=AXIS2_PLACEMENT_3D('',#2777,#2262,#2263);
#1801=AXIS2_PLACEMENT_3D('',#2778,#2264,#2265);
#1802=AXIS2_PLACEMENT_3D('',#2779,#2266,#2267);
#1803=AXIS2_PLACEMENT_3D('',#2780,#2268,#2269);
#1804=AXIS2_PLACEMENT_3D('',#2781,#2270,#2271);
#1805=AXIS2_PLACEMENT_3D('',#2782,#2272,#2273);
#1806=AXIS2_PLACEMENT_3D('',#2783,#2274,#2275);
#1807=AXIS2_PLACEMENT_3D('',#2784,#2276,#2277);
#1808=AXIS2_PLACEMENT_3D('',#2785,#2278,#2279);
#1809=AXIS2_PLACEMENT_3D('',#2786,#2280,#2281);
#1810=AXIS2_PLACEMENT_3D('',#2787,#2282,#2283);
#1811=AXIS2_PLACEMENT_3D('',#2788,#2284,#2285);
#1812=AXIS2_PLACEMENT_3D('',#2789,#2286,#2287);
#1813=AXIS2_PLACEMENT_3D('',#2790,#2288,#2289);
#1814=AXIS2_PLACEMENT_3D('',#2791,#2290,#2291);
#1815=AXIS2_PLACEMENT_3D('',#2792,#2292,#2293);
#1816=AXIS2_PLACEMENT_3D('',#2797,#2294,#2295);
#1817=AXIS2_PLACEMENT_3D('',#2802,#2296,#2297);
#1818=AXIS2_PLACEMENT_3D('',#2807,#2298,#2299);
#1819=AXIS2_PLACEMENT_3D('',#2812,#2300,#2301);
#1820=AXIS2_PLACEMENT_3D('',#2813,#2302,#2303);
#1821=AXIS2_PLACEMENT_3D('',#2814,#2304,#2305);
#1822=AXIS2_PLACEMENT_3D('',#2815,#2306,#2307);
#1823=AXIS2_PLACEMENT_3D('',#2816,#2308,#2309);
#1824=AXIS2_PLACEMENT_3D('',#2817,#2310,#2311);
#1825=AXIS2_PLACEMENT_3D('',#2818,#2312,#2313);
#1826=AXIS2_PLACEMENT_3D('',#2819,#2314,#2315);
#1827=AXIS2_PLACEMENT_3D('',#2820,#2316,#2317);
#1828=AXIS2_PLACEMENT_3D('',#2821,#2318,#2319);
#1829=AXIS2_PLACEMENT_3D('',#2822,#2320,#2321);
#1830=AXIS2_PLACEMENT_3D('',#2823,#2322,#2323);
#1831=AXIS2_PLACEMENT_3D('',#2824,#2324,#2325);
#1832=AXIS2_PLACEMENT_3D('',#2825,#2326,#2327);
#1833=AXIS2_PLACEMENT_3D('',#2826,#2328,#2329);
#1834=AXIS2_PLACEMENT_3D('',#2827,#2330,#2331);
#1835=AXIS2_PLACEMENT_3D('',#2828,#2332,#2333);
#1836=AXIS2_PLACEMENT_3D('',#2829,#2334,#2335);
#1837=AXIS2_PLACEMENT_3D('',#2830,#2336,#2337);
#1838=AXIS2_PLACEMENT_3D('',#2831,#2338,#2339);
#1839=AXIS2_PLACEMENT_3D('',#2832,#2340,#2341);
#1840=AXIS2_PLACEMENT_3D('',#2833,#2342,#2343);
#1841=AXIS2_PLACEMENT_3D('',#2834,#2344,#2345);
#1842=AXIS2_PLACEMENT_3D('',#2835,#2346,#2347);
#1843=AXIS2_PLACEMENT_3D('',#2836,#2348,#2349);
#1844=AXIS2_PLACEMENT_3D('',#2842,#2350,#2351);
#1845=AXIS2_PLACEMENT_3D('',#2848,#2352,#2353);
#1846=AXIS2_PLACEMENT_3D('',#2858,#2354,#2355);
#1847=AXIS2_PLACEMENT_3D('',#2863,#2356,#2357);
#1848=AXIS2_PLACEMENT_3D('',#2864,#2358,#2359);
#1849=AXIS2_PLACEMENT_3D('',#2865,#2360,#2361);
#1850=DIRECTION('',(0.,0.,1.));
#1851=DIRECTION('',(1.,0.,0.));
#1852=DIRECTION('',(0.,0.,1.));
#1853=DIRECTION('',(1.,0.,0.));
#1854=DIRECTION('',(0.,0.,-1.));
#1855=DIRECTION('',(-1.,0.,0.));
#1856=DIRECTION('',(0.,0.,-1.));
#1857=DIRECTION('',(-1.,0.,0.));
#1858=DIRECTION('',(0.,0.,1.));
#1859=DIRECTION('',(1.,0.,0.));
#1860=DIRECTION('',(0.,0.,1.));
#1861=DIRECTION('',(-1.,0.,0.));
#1862=DIRECTION('',(0.,0.,-1.));
#1863=DIRECTION('',(-1.,0.,0.));
#1864=DIRECTION('',(0.,0.,1.));
#1865=DIRECTION('',(1.,0.,0.));
#1866=DIRECTION('',(0.,0.,-1.));
#1867=DIRECTION('',(-1.,0.,0.));
#1868=DIRECTION('',(0.,0.,-1.));
#1869=DIRECTION('',(-1.,0.,0.));
#1870=DIRECTION('',(0.,0.,-1.));
#1871=DIRECTION('',(1.,0.,0.));
#1872=DIRECTION('',(1.,0.,0.));
#1873=DIRECTION('',(0.,1.,0.));
#1874=DIRECTION('',(1.,0.,0.));
#1875=DIRECTION('',(0.,1.,0.));
#1876=DIRECTION('',(1.,0.,0.));
#1877=DIRECTION('',(0.,-1.,0.));
#1878=DIRECTION('',(0.,0.,-1.));
#1879=DIRECTION('',(-1.,0.,0.));
#1880=DIRECTION('',(1.,0.,0.));
#1881=DIRECTION('',(0.,-1.,0.));
#1882=DIRECTION('',(0.,0.,-1.));
#1883=DIRECTION('',(-1.,0.,0.));
#1884=DIRECTION('',(1.,0.,0.));
#1885=DIRECTION('',(0.,-1.,0.));
#1886=DIRECTION('',(0.,0.,-1.));
#1887=DIRECTION('',(-1.,0.,0.));
#1888=DIRECTION('',(1.,0.,0.));
#1889=DIRECTION('',(0.,-1.,0.));
#1890=DIRECTION('',(0.,0.,-1.));
#1891=DIRECTION('',(-1.,0.,0.));
#1892=DIRECTION('',(2.01127359533543E-16,-1.,0.));
#1893=DIRECTION('',(0.,0.,1.));
#1894=DIRECTION('',(1.,0.,0.));
#1895=DIRECTION('',(-1.,0.,0.));
#1896=DIRECTION('',(0.,-1.,0.));
#1897=DIRECTION('',(0.,0.,1.));
#1898=DIRECTION('',(1.,0.,0.));
#1899=DIRECTION('',(-1.,0.,0.));
#1900=DIRECTION('',(0.,-1.,0.));
#1901=DIRECTION('',(0.,0.,-1.));
#1902=DIRECTION('',(-1.,0.,0.));
#1903=DIRECTION('',(0.,0.,1.));
#1904=DIRECTION('',(-1.,0.,0.));
#1905=DIRECTION('',(0.,-1.,0.));
#1906=DIRECTION('',(1.,0.,0.));
#1907=DIRECTION('',(0.,0.,-1.));
#1908=DIRECTION('',(-1.,0.,0.));
#1909=DIRECTION('',(0.,-1.,0.));
#1910=DIRECTION('',(1.,0.,0.));
#1911=DIRECTION('',(0.,0.,-1.));
#1912=DIRECTION('',(-1.,0.,0.));
#1913=DIRECTION('',(-2.01127359533543E-16,-1.,0.));
#1914=DIRECTION('',(0.,0.,1.));
#1915=DIRECTION('',(-1.,0.,0.));
#1916=DIRECTION('',(0.,-1.,0.));
#1917=DIRECTION('',(-1.,0.,0.));
#1918=DIRECTION('',(0.,0.,-1.));
#1919=DIRECTION('',(-1.,0.,0.));
#1920=DIRECTION('',(0.,-1.,0.));
#1921=DIRECTION('',(-1.,0.,0.));
#1922=DIRECTION('',(0.,0.,-1.));
#1923=DIRECTION('',(-1.,0.,0.));
#1924=DIRECTION('',(0.,-1.,0.));
#1925=DIRECTION('',(-1.,0.,0.));
#1926=DIRECTION('',(0.,0.,-1.));
#1927=DIRECTION('',(-1.,0.,0.));
#1928=DIRECTION('',(0.,-1.,0.));
#1929=DIRECTION('',(0.,0.,-1.));
#1930=DIRECTION('',(-1.,0.,0.));
#1931=DIRECTION('',(-0.422618261740699,-0.90630778703665,0.));
#1932=DIRECTION('',(0.,0.,-1.));
#1933=DIRECTION('',(-1.,0.,0.));
#1934=DIRECTION('',(0.422618261740699,-0.90630778703665,0.));
#1935=DIRECTION('',(0.,-1.,0.));
#1936=DIRECTION('',(0.,0.,-1.));
#1937=DIRECTION('',(0.,0.,1.));
#1938=DIRECTION('',(1.,0.,0.));
#1939=DIRECTION('',(0.,0.,1.));
#1940=DIRECTION('',(0.,0.,1.));
#1941=DIRECTION('',(1.,0.,0.));
#1942=DIRECTION('',(0.,0.,1.));
#1943=DIRECTION('',(-1.,0.,0.));
#1944=DIRECTION('',(0.,0.,1.));
#1945=DIRECTION('',(0.,-1.,0.));
#1946=DIRECTION('',(0.,0.,1.));
#1947=DIRECTION('',(-1.,0.,0.));
#1948=DIRECTION('',(0.,0.,1.));
#1949=DIRECTION('',(0.,0.,1.));
#1950=DIRECTION('',(0.,-1.,0.));
#1951=DIRECTION('',(0.,0.,1.));
#1952=DIRECTION('',(1.,0.,0.));
#1953=DIRECTION('',(0.,0.,1.));
#1954=DIRECTION('',(0.,0.,1.));
#1955=DIRECTION('',(1.,0.,0.));
#1956=DIRECTION('',(0.,1.,0.));
#1957=DIRECTION('',(0.,0.,1.));
#1958=DIRECTION('',(0.,0.,1.));
#1959=DIRECTION('',(-1.,0.,0.));
#1960=DIRECTION('',(-1.,0.,0.));
#1961=DIRECTION('',(0.,0.,1.));
#1962=DIRECTION('',(0.,0.,1.));
#1963=DIRECTION('',(0.,-1.,0.));
#1964=DIRECTION('',(0.,0.,1.));
#1965=DIRECTION('',(1.,0.,0.));
#1966=DIRECTION('',(0.,0.,1.));
#1967=DIRECTION('',(0.,0.,1.));
#1968=DIRECTION('',(1.,0.,0.));
#1969=DIRECTION('',(0.,1.,0.));
#1970=DIRECTION('',(0.,0.,1.));
#1971=DIRECTION('',(0.,0.,1.));
#1972=DIRECTION('',(-1.,0.,0.));
#1973=DIRECTION('',(-1.,0.,0.));
#1974=DIRECTION('',(0.,0.,1.));
#1975=DIRECTION('',(0.,0.,1.));
#1976=DIRECTION('',(0.,-1.,0.));
#1977=DIRECTION('',(0.,0.,1.));
#1978=DIRECTION('',(1.,0.,0.));
#1979=DIRECTION('',(0.,0.,1.));
#1980=DIRECTION('',(0.,0.,1.));
#1981=DIRECTION('',(1.,0.,0.));
#1982=DIRECTION('',(0.,1.,0.));
#1983=DIRECTION('',(0.,0.,1.));
#1984=DIRECTION('',(0.,0.,1.));
#1985=DIRECTION('',(-1.,0.,0.));
#1986=DIRECTION('',(-1.,0.,0.));
#1987=DIRECTION('',(0.,0.,1.));
#1988=DIRECTION('',(0.,0.,1.));
#1989=DIRECTION('',(0.,-1.,0.));
#1990=DIRECTION('',(0.,0.,1.));
#1991=DIRECTION('',(1.,0.,0.));
#1992=DIRECTION('',(0.,0.,1.));
#1993=DIRECTION('',(0.,0.,-1.));
#1994=DIRECTION('',(-1.,0.,0.));
#1995=DIRECTION('',(-1.,2.01127359533543E-16,0.));
#1996=DIRECTION('',(-2.01127359533543E-16,-1.,0.));
#1997=DIRECTION('',(0.,0.,1.));
#1998=DIRECTION('',(-2.01127359533543E-16,-1.,0.));
#1999=DIRECTION('',(0.,0.,1.));
#2000=DIRECTION('',(1.,0.,0.));
#2001=DIRECTION('',(0.,0.,1.));
#2002=DIRECTION('',(0.,0.,-1.));
#2003=DIRECTION('',(-1.,0.,0.));
#2004=DIRECTION('',(0.,-1.,0.));
#2005=DIRECTION('',(0.,0.,-1.));
#2006=DIRECTION('',(0.,0.,1.));
#2007=DIRECTION('',(1.,0.,0.));
#2008=DIRECTION('',(-1.,0.,0.));
#2009=DIRECTION('',(0.,0.,1.));
#2010=DIRECTION('',(0.,0.,1.));
#2011=DIRECTION('',(0.,-1.,0.));
#2012=DIRECTION('',(0.,0.,1.));
#2013=DIRECTION('',(1.,0.,0.));
#2014=DIRECTION('',(0.,0.,1.));
#2015=DIRECTION('',(0.,0.,-1.));
#2016=DIRECTION('',(-1.,0.,0.));
#2017=DIRECTION('',(0.,-1.,0.));
#2018=DIRECTION('',(0.,0.,-1.));
#2019=DIRECTION('',(0.,0.,1.));
#2020=DIRECTION('',(1.,0.,0.));
#2021=DIRECTION('',(-1.,0.,0.));
#2022=DIRECTION('',(0.,0.,1.));
#2023=DIRECTION('',(0.,0.,1.));
#2024=DIRECTION('',(0.,-1.,0.));
#2025=DIRECTION('',(0.,0.,1.));
#2026=DIRECTION('',(1.,0.,0.));
#2027=DIRECTION('',(0.,0.,1.));
#2028=DIRECTION('',(0.,0.,-1.));
#2029=DIRECTION('',(-1.,0.,0.));
#2030=DIRECTION('',(0.,0.,1.));
#2031=DIRECTION('',(1.,0.,0.));
#2032=DIRECTION('',(0.,0.,1.));
#2033=DIRECTION('',(0.,0.,-1.));
#2034=DIRECTION('',(-1.,0.,0.));
#2035=DIRECTION('',(-1.,0.,0.));
#2036=DIRECTION('',(0.,0.,1.));
#2037=DIRECTION('',(0.,0.,1.));
#2038=DIRECTION('',(0.,-1.,0.));
#2039=DIRECTION('',(0.,1.,0.));
#2040=DIRECTION('',(0.,0.,1.));
#2041=DIRECTION('',(0.,0.,1.));
#2042=DIRECTION('',(-1.,0.,0.));
#2043=DIRECTION('',(0.,0.,1.));
#2044=DIRECTION('',(1.,0.,0.));
#2045=DIRECTION('',(0.,0.,1.));
#2046=DIRECTION('',(0.,0.,-1.));
#2047=DIRECTION('',(-1.,0.,0.));
#2048=DIRECTION('',(-1.,0.,0.));
#2049=DIRECTION('',(0.,0.,1.));
#2050=DIRECTION('',(0.,0.,1.));
#2051=DIRECTION('',(0.,-1.,0.));
#2052=DIRECTION('',(0.,1.,0.));
#2053=DIRECTION('',(0.,0.,1.));
#2054=DIRECTION('',(0.,0.,1.));
#2055=DIRECTION('',(-1.,0.,0.));
#2056=DIRECTION('',(0.,0.,1.));
#2057=DIRECTION('',(1.,0.,0.));
#2058=DIRECTION('',(0.,0.,1.));
#2059=DIRECTION('',(0.,0.,-1.));
#2060=DIRECTION('',(-1.,0.,0.));
#2061=DIRECTION('',(-1.,-2.01127359533543E-16,0.));
#2062=DIRECTION('',(2.01127359533543E-16,-1.,0.));
#2063=DIRECTION('',(0.,0.,1.));
#2064=DIRECTION('',(2.01127359533543E-16,-1.,0.));
#2065=DIRECTION('',(0.,0.,1.));
#2066=DIRECTION('',(1.,0.,0.));
#2067=DIRECTION('',(0.,0.,1.));
#2068=DIRECTION('',(0.,0.,-1.));
#2069=DIRECTION('',(-1.,0.,0.));
#2070=DIRECTION('',(-1.,0.,0.));
#2071=DIRECTION('',(0.,0.,1.));
#2072=DIRECTION('',(0.,0.,1.));
#2073=DIRECTION('',(0.,-1.,0.));
#2074=DIRECTION('',(0.,-1.,0.));
#2075=DIRECTION('',(0.,0.,-1.));
#2076=DIRECTION('',(0.,0.,1.));
#2077=DIRECTION('',(1.,0.,0.));
#2078=DIRECTION('',(0.,0.,1.));
#2079=DIRECTION('',(1.,0.,0.));
#2080=DIRECTION('',(0.,0.,1.));
#2081=DIRECTION('',(0.,0.,1.));
#2082=DIRECTION('',(1.,0.,0.));
#2083=DIRECTION('',(-1.,0.,0.));
#2084=DIRECTION('',(0.,0.,1.));
#2085=DIRECTION('',(0.,0.,1.));
#2086=DIRECTION('',(0.,-1.,0.));
#2087=DIRECTION('',(0.,-1.,0.));
#2088=DIRECTION('',(0.,0.,-1.));
#2089=DIRECTION('',(0.,0.,1.));
#2090=DIRECTION('',(1.,0.,0.));
#2091=DIRECTION('',(0.,0.,1.));
#2092=DIRECTION('',(1.,0.,0.));
#2093=DIRECTION('',(0.,0.,1.));
#2094=DIRECTION('',(0.,0.,1.));
#2095=DIRECTION('',(1.,0.,0.));
#2096=DIRECTION('',(-1.,0.,0.));
#2097=DIRECTION('',(0.,0.,1.));
#2098=DIRECTION('',(0.,0.,1.));
#2099=DIRECTION('',(0.,-1.,0.));
#2100=DIRECTION('',(0.,-1.,0.));
#2101=DIRECTION('',(0.,0.,-1.));
#2102=DIRECTION('',(0.,0.,1.));
#2103=DIRECTION('',(1.,0.,0.));
#2104=DIRECTION('',(0.,0.,1.));
#2105=DIRECTION('',(1.,0.,0.));
#2106=DIRECTION('',(0.,0.,1.));
#2107=DIRECTION('',(1.,0.,0.));
#2108=DIRECTION('',(0.,0.,-1.));
#2109=DIRECTION('',(1.,0.,0.));
#2110=DIRECTION('',(0.,0.,-1.));
#2111=DIRECTION('',(-1.,0.,0.));
#2112=DIRECTION('',(0.,0.,-1.));
#2113=DIRECTION('',(-1.,0.,0.));
#2114=DIRECTION('',(0.,0.,-1.));
#2115=DIRECTION('',(-1.,0.,0.));
#2116=DIRECTION('',(0.,0.,-1.));
#2117=DIRECTION('',(-1.,0.,0.));
#2118=DIRECTION('',(0.,-1.,0.));
#2119=DIRECTION('',(-1.,0.,0.));
#2120=DIRECTION('',(0.,0.,-1.));
#2121=DIRECTION('',(-1.,0.,0.));
#2122=DIRECTION('',(0.,-1.,0.));
#2123=DIRECTION('',(-1.,0.,0.));
#2124=DIRECTION('',(0.,0.,-1.));
#2125=DIRECTION('',(-1.,0.,0.));
#2126=DIRECTION('',(2.01127359533543E-16,-1.,0.));
#2127=DIRECTION('',(0.,0.,-1.));
#2128=DIRECTION('',(-1.,0.,0.));
#2129=DIRECTION('',(0.,-1.,0.));
#2130=DIRECTION('',(1.,0.,0.));
#2131=DIRECTION('',(0.,-1.,0.));
#2132=DIRECTION('',(1.,0.,0.));
#2133=DIRECTION('',(0.,-1.,0.));
#2134=DIRECTION('',(1.,0.,0.));
#2135=DIRECTION('',(0.,-1.,0.));
#2136=DIRECTION('',(1.,0.,0.));
#2137=DIRECTION('',(0.,-1.,0.));
#2138=DIRECTION('',(-1.,0.,0.));
#2139=DIRECTION('',(0.,-1.,0.));
#2140=DIRECTION('',(-1.,0.,0.));
#2141=DIRECTION('',(0.,-1.,0.));
#2142=DIRECTION('',(-1.,0.,0.));
#2143=DIRECTION('',(0.,-1.,0.));
#2144=DIRECTION('',(0.,0.,-1.));
#2145=DIRECTION('',(-1.,0.,0.));
#2146=DIRECTION('',(-2.01127359533543E-16,-1.,0.));
#2147=DIRECTION('',(0.,0.,-1.));
#2148=DIRECTION('',(-1.,0.,0.));
#2149=DIRECTION('',(1.,0.,0.));
#2150=DIRECTION('',(0.,-1.,0.));
#2151=DIRECTION('',(0.,0.,-1.));
#2152=DIRECTION('',(-1.,0.,0.));
#2153=DIRECTION('',(1.,0.,0.));
#2154=DIRECTION('',(0.,-1.,0.));
#2155=DIRECTION('',(0.,0.,-1.));
#2156=DIRECTION('',(-1.,0.,0.));
#2157=DIRECTION('',(1.,0.,0.));
#2158=DIRECTION('',(0.,0.,-1.));
#2159=DIRECTION('',(0.,1.,0.));
#2160=DIRECTION('',(0.,0.,1.));
#2161=DIRECTION('',(1.,0.,0.));
#2162=DIRECTION('',(0.,0.,-1.));
#2163=DIRECTION('',(0.,0.,1.));
#2164=DIRECTION('',(0.,1.,0.));
#2165=DIRECTION('',(0.,-1.,0.));
#2166=DIRECTION('',(0.,0.,-1.));
#2167=DIRECTION('',(1.,0.,0.));
#2168=DIRECTION('',(0.,0.,1.));
#2169=DIRECTION('',(1.,0.,0.));
#2170=DIRECTION('',(0.,0.,-1.));
#2171=DIRECTION('',(-1.,0.,0.));
#2172=DIRECTION('',(0.,0.,-1.));
#2173=DIRECTION('',(0.,0.,-1.));
#2174=DIRECTION('',(-1.,0.,0.));
#2175=DIRECTION('',(0.,0.,-1.));
#2176=DIRECTION('',(0.90630778703665,-0.422618261740699,0.));
#2177=DIRECTION('',(0.422618261740699,0.90630778703665,0.));
#2178=DIRECTION('',(-0.422618261740699,-0.90630778703665,0.));
#2179=DIRECTION('',(0.,0.,-1.));
#2180=DIRECTION('',(0.,0.,-1.));
#2181=DIRECTION('',(-1.,0.,0.));
#2182=DIRECTION('',(0.,0.,-1.));
#2183=DIRECTION('',(-1.,0.,0.));
#2184=DIRECTION('',(0.,0.,-1.));
#2185=DIRECTION('',(0.90630778703665,0.422618261740699,0.));
#2186=DIRECTION('',(-0.422618261740699,0.90630778703665,0.));
#2187=DIRECTION('',(0.422618261740699,-0.90630778703665,0.));
#2188=DIRECTION('',(0.,0.,-1.));
#2189=DIRECTION('',(1.,0.,0.));
#2190=DIRECTION('',(0.,0.,-1.));
#2191=DIRECTION('',(1.,0.,0.));
#2192=DIRECTION('',(0.,0.,-1.));
#2193=DIRECTION('',(-1.,0.,0.));
#2194=DIRECTION('',(0.,0.,-1.));
#2195=DIRECTION('',(-1.,0.,0.));
#2196=DIRECTION('',(0.,0.,-1.));
#2197=DIRECTION('',(-1.,0.,0.));
#2198=DIRECTION('',(0.,0.,-1.));
#2199=DIRECTION('',(-1.,0.,0.));
#2200=DIRECTION('',(0.,0.,-1.));
#2201=DIRECTION('',(-1.,0.,0.));
#2202=DIRECTION('',(0.,0.,-1.));
#2203=DIRECTION('',(-1.,0.,0.));
#2204=DIRECTION('',(0.,0.,-1.));
#2205=DIRECTION('',(1.,0.,0.));
#2206=DIRECTION('',(0.,0.,-1.));
#2207=DIRECTION('',(-1.,0.,0.));
#2208=DIRECTION('',(0.,0.,-1.));
#2209=DIRECTION('',(-1.,0.,0.));
#2210=DIRECTION('',(0.,0.,-1.));
#2211=DIRECTION('',(-1.,0.,0.));
#2212=DIRECTION('',(0.,0.,-1.));
#2213=DIRECTION('',(1.,0.,0.));
#2214=DIRECTION('',(1.,0.,0.));
#2215=DIRECTION('',(0.,0.,-1.));
#2216=DIRECTION('',(0.707106781186548,-0.707106781186548,0.));
#2217=DIRECTION('',(0.707106781186548,0.707106781186548,0.));
#2218=DIRECTION('',(0.707106781186548,0.707106781186548,0.));
#2219=DIRECTION('',(0.707106781186548,-0.707106781186548,0.));
#2220=DIRECTION('',(0.,1.,0.));
#2221=DIRECTION('',(0.,0.,1.));
#2222=DIRECTION('',(0.,1.,0.));
#2223=DIRECTION('',(0.,0.,1.));
#2224=DIRECTION('',(0.,-1.,0.));
#2225=DIRECTION('',(0.,0.,-1.));
#2226=DIRECTION('',(0.,1.,0.));
#2227=DIRECTION('',(0.,0.,1.));
#2228=DIRECTION('',(0.,0.,-1.));
#2229=DIRECTION('',(-1.,0.,0.));
#2230=DIRECTION('',(-1.,0.,0.));
#2231=DIRECTION('',(0.,0.,1.));
#2232=DIRECTION('',(0.,0.,-1.));
#2233=DIRECTION('',(-1.,0.,0.));
#2234=DIRECTION('',(1.,0.,0.));
#2235=DIRECTION('',(0.,0.,-1.));
#2236=DIRECTION('',(-1.,0.,0.));
#2237=DIRECTION('',(0.,0.,1.));
#2238=DIRECTION('',(-0.707106781186548,0.707106781186548,0.));
#2239=DIRECTION('',(0.707106781186548,0.707106781186548,0.));
#2240=DIRECTION('',(-1.,0.,0.));
#2241=DIRECTION('',(0.,0.,1.));
#2242=DIRECTION('',(-0.707106781186548,-0.707106781186548,0.));
#2243=DIRECTION('',(0.707106781186548,-0.707106781186548,0.));
#2244=DIRECTION('',(0.,1.,0.));
#2245=DIRECTION('',(0.,0.,1.));
#2246=DIRECTION('',(0.,1.,0.));
#2247=DIRECTION('',(0.,0.,1.));
#2248=DIRECTION('',(0.,-1.,0.));
#2249=DIRECTION('',(0.,0.,-1.));
#2250=DIRECTION('',(0.,1.,0.));
#2251=DIRECTION('',(0.,0.,1.));
#2252=DIRECTION('',(0.,0.,-1.));
#2253=DIRECTION('',(-1.,0.,0.));
#2254=DIRECTION('',(-1.,0.,0.));
#2255=DIRECTION('',(0.,0.,1.));
#2256=DIRECTION('',(0.,0.,-1.));
#2257=DIRECTION('',(-1.,0.,0.));
#2258=DIRECTION('',(1.,0.,0.));
#2259=DIRECTION('',(0.,0.,-1.));
#2260=DIRECTION('',(-1.,0.,0.));
#2261=DIRECTION('',(0.,0.,1.));
#2262=DIRECTION('',(-0.707106781186548,0.707106781186548,0.));
#2263=DIRECTION('',(0.707106781186548,0.707106781186548,0.));
#2264=DIRECTION('',(-1.,0.,0.));
#2265=DIRECTION('',(0.,0.,1.));
#2266=DIRECTION('',(-0.707106781186548,-0.707106781186548,0.));
#2267=DIRECTION('',(0.707106781186548,-0.707106781186548,0.));
#2268=DIRECTION('',(0.,1.,0.));
#2269=DIRECTION('',(0.,0.,1.));
#2270=DIRECTION('',(0.,1.,0.));
#2271=DIRECTION('',(0.,0.,1.));
#2272=DIRECTION('',(0.,-1.,0.));
#2273=DIRECTION('',(0.,0.,-1.));
#2274=DIRECTION('',(0.,1.,0.));
#2275=DIRECTION('',(0.,0.,1.));
#2276=DIRECTION('',(0.,0.,-1.));
#2277=DIRECTION('',(-1.,0.,0.));
#2278=DIRECTION('',(-1.,0.,0.));
#2279=DIRECTION('',(0.,0.,1.));
#2280=DIRECTION('',(0.,0.,-1.));
#2281=DIRECTION('',(-1.,0.,0.));
#2282=DIRECTION('',(1.,0.,0.));
#2283=DIRECTION('',(0.,0.,-1.));
#2284=DIRECTION('',(-1.,0.,0.));
#2285=DIRECTION('',(0.,0.,1.));
#2286=DIRECTION('',(-0.707106781186548,0.707106781186548,0.));
#2287=DIRECTION('',(0.707106781186548,0.707106781186548,0.));
#2288=DIRECTION('',(-1.,0.,0.));
#2289=DIRECTION('',(0.,0.,1.));
#2290=DIRECTION('',(-0.707106781186548,-0.707106781186548,0.));
#2291=DIRECTION('',(0.707106781186548,-0.707106781186548,0.));
#2292=DIRECTION('',(0.,1.,0.));
#2293=DIRECTION('',(0.,0.,1.));
#2294=DIRECTION('',(0.,-1.,0.));
#2295=DIRECTION('',(0.,0.,-1.));
#2296=DIRECTION('',(0.,0.,-1.));
#2297=DIRECTION('',(-1.,0.,0.));
#2298=DIRECTION('',(0.,0.,-1.));
#2299=DIRECTION('',(-1.,0.,0.));
#2300=DIRECTION('',(-2.01127359533543E-16,1.,0.));
#2301=DIRECTION('',(-1.,-2.01127359533543E-16,0.));
#2302=DIRECTION('',(0.,1.,0.));
#2303=DIRECTION('',(0.,0.,1.));
#2304=DIRECTION('',(-2.01127359533543E-16,-1.,0.));
#2305=DIRECTION('',(1.,-2.01127359533543E-16,0.));
#2306=DIRECTION('',(0.,1.,0.));
#2307=DIRECTION('',(0.,0.,1.));
#2308=DIRECTION('',(0.,0.,-1.));
#2309=DIRECTION('',(-1.,0.,0.));
#2310=DIRECTION('',(-1.,-6.93889390390722E-15,6.93889390390722E-15));
#2311=DIRECTION('',(6.93889390390722E-15,0.,1.));
#2312=DIRECTION('',(0.,0.,-1.));
#2313=DIRECTION('',(-1.,0.,0.));
#2314=DIRECTION('',(1.,0.,0.));
#2315=DIRECTION('',(0.,0.,-1.));
#2316=DIRECTION('',(-1.,0.,0.));
#2317=DIRECTION('',(0.,0.,1.));
#2318=DIRECTION('',(-0.707106781186548,0.707106781186548,0.));
#2319=DIRECTION('',(0.707106781186548,0.707106781186548,0.));
#2320=DIRECTION('',(-1.,0.,0.));
#2321=DIRECTION('',(0.,0.,1.));
#2322=DIRECTION('',(-0.707106781186548,-0.707106781186548,0.));
#2323=DIRECTION('',(0.707106781186548,-0.707106781186548,0.));
#2324=DIRECTION('',(0.,1.,0.));
#2325=DIRECTION('',(0.,0.,1.));
#2326=DIRECTION('',(0.,1.,0.));
#2327=DIRECTION('',(0.,0.,1.));
#2328=DIRECTION('',(0.,-1.,0.));
#2329=DIRECTION('',(0.,0.,-1.));
#2330=DIRECTION('',(0.,1.,0.));
#2331=DIRECTION('',(0.,0.,1.));
#2332=DIRECTION('',(0.,0.,-1.));
#2333=DIRECTION('',(-1.,0.,0.));
#2334=DIRECTION('',(-1.,-3.46944695195361E-15,3.46944695195361E-15));
#2335=DIRECTION('',(3.46944695195361E-15,0.,1.));
#2336=DIRECTION('',(0.,0.,-1.));
#2337=DIRECTION('',(-1.,0.,0.));
#2338=DIRECTION('',(1.,0.,0.));
#2339=DIRECTION('',(0.,0.,-1.));
#2340=DIRECTION('',(-1.,0.,0.));
#2341=DIRECTION('',(0.,0.,1.));
#2342=DIRECTION('',(-0.707106781186548,0.707106781186548,0.));
#2343=DIRECTION('',(0.707106781186548,0.707106781186548,0.));
#2344=DIRECTION('',(-1.,0.,0.));
#2345=DIRECTION('',(0.,0.,1.));
#2346=DIRECTION('',(-0.707106781186548,-0.707106781186548,0.));
#2347=DIRECTION('',(0.707106781186548,-0.707106781186548,0.));
#2348=DIRECTION('',(0.,1.,0.));
#2349=DIRECTION('',(0.,0.,1.));
#2350=DIRECTION('',(0.,-1.,0.));
#2351=DIRECTION('',(0.,0.,-1.));
#2352=DIRECTION('',(0.,0.,-1.));
#2353=DIRECTION('',(-1.,0.,0.));
#2354=DIRECTION('',(0.,0.,-1.));
#2355=DIRECTION('',(-1.,0.,0.));
#2356=DIRECTION('',(0.,0.,-1.));
#2357=DIRECTION('',(-1.,0.,0.));
#2358=DIRECTION('',(0.,0.,-1.));
#2359=DIRECTION('',(-1.,0.,0.));
#2360=DIRECTION('',(0.,0.,-1.));
#2361=DIRECTION('',(-1.,0.,0.));
#2362=CARTESIAN_POINT('',(0.,0.,0.));
#2363=CARTESIAN_POINT('',(0.016,-0.0627542361617088,-0.01));
#2364=CARTESIAN_POINT('',(0.016,-0.0627542361617088,-0.005));
#2365=CARTESIAN_POINT('',(0.0145,-0.0627542361617088,-0.005));
#2366=CARTESIAN_POINT('',(0.016,-0.0627542361617088,-0.007));
#2367=CARTESIAN_POINT('',(0.0145,-0.0627542361617088,-0.007));
#2368=CARTESIAN_POINT('',(-0.016,-0.0627542361617088,-0.01));
#2369=CARTESIAN_POINT('',(-0.016,-0.0627542361617088,-0.005));
#2370=CARTESIAN_POINT('',(-0.0175,-0.0627542361617088,-0.005));
#2371=CARTESIAN_POINT('',(-0.016,-0.0627542361617088,-0.007));
#2372=CARTESIAN_POINT('',(-0.0175,-0.0627542361617088,-0.007));
#2373=CARTESIAN_POINT('',(0.,0.0254786429013116,-0.01));
#2374=CARTESIAN_POINT('',(0.,0.0254786429013116,-0.005));
#2375=CARTESIAN_POINT('',(-0.0015,0.0254786429013116,-0.005));
#2376=CARTESIAN_POINT('',(0.,0.0254786429013116,-0.007));
#2377=CARTESIAN_POINT('',(-0.0015,0.0254786429013116,-0.007));
#2378=CARTESIAN_POINT('',(0.,-0.0220161939909133,-0.005));
#2379=CARTESIAN_POINT('',(-0.0165,-0.0730323879818265,-0.005));
#2380=CARTESIAN_POINT('',(-0.033,-0.0730323879818265,-0.005));
#2381=CARTESIAN_POINT('',(-0.0076804784562811,-0.0730323879818265,-0.005));
#2382=CARTESIAN_POINT('',(-0.0076804784562811,-0.0419573714949427,-0.005));
#2383=CARTESIAN_POINT('',(-0.0076804784562811,-0.0108823550080589,-0.005));
#2384=CARTESIAN_POINT('',(-1.7347234759768E-18,-0.0108823550080589,-0.005));
#2385=CARTESIAN_POINT('',(0.0076804784562811,-0.0108823550080589,-0.005));
#2386=CARTESIAN_POINT('',(0.0076804784562811,-0.0419573714949427,-0.005));
#2387=CARTESIAN_POINT('',(0.0076804784562811,-0.0730323879818265,-0.005));
#2388=CARTESIAN_POINT('',(-0.0165,-0.0730323879818265,-0.005));
#2389=CARTESIAN_POINT('',(0.033,-0.0730323879818265,-0.005));
#2390=CARTESIAN_POINT('',(0.033,-0.0710323879818265,-0.005));
#2391=CARTESIAN_POINT('',(0.033,-0.0715323879818265,-0.005));
#2392=CARTESIAN_POINT('',(0.0325,-0.0715323879818265,-0.005));
#2393=CARTESIAN_POINT('',(0.0325,-0.0710323879818265,-0.005));
#2394=CARTESIAN_POINT('',(0.032,-0.0710323879818265,-0.005));
#2395=CARTESIAN_POINT('',(0.031,-0.0710323879818265,-0.005));
#2396=CARTESIAN_POINT('',(0.031,-0.0695323879818265,-0.005));
#2397=CARTESIAN_POINT('',(0.031,-0.0700323879818265,-0.005));
#2398=CARTESIAN_POINT('',(0.0305,-0.0700323879818265,-0.005));
#2399=CARTESIAN_POINT('',(0.0305,-0.0695323879818265,-0.005));
#2400=CARTESIAN_POINT('',(0.03,-0.0695323879818265,-0.005));
#2401=CARTESIAN_POINT('',(0.029,-0.0695323879818265,-0.005));
#2402=CARTESIAN_POINT('',(0.029,-0.0680323879818265,-0.005));
#2403=CARTESIAN_POINT('',(0.029,-0.0685323879818265,-0.005));
#2404=CARTESIAN_POINT('',(0.0285,-0.0685323879818265,-0.005));
#2405=CARTESIAN_POINT('',(0.0285,-0.0680323879818265,-0.005));
#2406=CARTESIAN_POINT('',(0.0145,-0.0680323879818265,-0.005));
#2407=CARTESIAN_POINT('',(0.0235933978110552,-0.0680323879818265,-0.005));
#2408=CARTESIAN_POINT('',(0.0235933978110552,-0.0663344822824001,-0.005));
#2409=CARTESIAN_POINT('',(0.0235933978110552,-0.0627542361617088,-0.005));
#2410=CARTESIAN_POINT('',(0.0103840515328383,-0.0646349482672283,-0.005));
#2411=CARTESIAN_POINT('',(0.0185,-0.0540446089147777,-0.005));
#2412=CARTESIAN_POINT('',(0.0185,-0.0557823879818265,-0.005));
#2413=CARTESIAN_POINT('',(0.0185,-0.0385323879818266,-0.005));
#2414=CARTESIAN_POINT('',(0.016,-0.0385323879818266,-0.005));
#2415=CARTESIAN_POINT('',(0.016,-0.0360323879818265,-0.005));
#2416=CARTESIAN_POINT('',(0.01525,-0.0360323879818265,-0.005));
#2417=CARTESIAN_POINT('',(0.0145,-0.0360323879818265,-0.005));
#2418=CARTESIAN_POINT('',(0.0145,-0.0342823879818266,-0.005));
#2419=CARTESIAN_POINT('',(0.0145,-0.0325323879818266,-0.005));
#2420=CARTESIAN_POINT('',(0.012,-0.0325323879818266,-0.005));
#2421=CARTESIAN_POINT('',(0.012,-0.0300323879818265,-0.005));
#2422=CARTESIAN_POINT('',(0.01125,-0.0300323879818265,-0.005));
#2423=CARTESIAN_POINT('',(0.0105,-0.0300323879818265,-0.005));
#2424=CARTESIAN_POINT('',(0.0105,-0.0285323879818265,-0.005));
#2425=CARTESIAN_POINT('',(0.0105,-0.0270323879818265,-0.005));
#2426=CARTESIAN_POINT('',(-0.000113970403797267,-2.13570986883401E-5,-0.005));
#2427=CARTESIAN_POINT('',(-1.32099192695634E-15,0.029,-0.005));
#2428=CARTESIAN_POINT('',(0.000113970403797267,-2.13570986883401E-5,-0.005));
#2429=CARTESIAN_POINT('',(-0.0105,-0.0270323879818265,-0.005));
#2430=CARTESIAN_POINT('',(-0.0105,-0.0285323879818265,-0.005));
#2431=CARTESIAN_POINT('',(-0.0105,-0.0300323879818265,-0.005));
#2432=CARTESIAN_POINT('',(-0.01125,-0.0300323879818265,-0.005));
#2433=CARTESIAN_POINT('',(-0.012,-0.0300323879818265,-0.005));
#2434=CARTESIAN_POINT('',(-0.012,-0.0325323879818266,-0.005));
#2435=CARTESIAN_POINT('',(-0.0145,-0.0325323879818266,-0.005));
#2436=CARTESIAN_POINT('',(-0.0145,-0.0342823879818266,-0.005));
#2437=CARTESIAN_POINT('',(-0.0145,-0.0360323879818265,-0.005));
#2438=CARTESIAN_POINT('',(-0.01525,-0.0360323879818265,-0.005));
#2439=CARTESIAN_POINT('',(-0.016,-0.0360323879818265,-0.005));
#2440=CARTESIAN_POINT('',(-0.016,-0.0385323879818266,-0.005));
#2441=CARTESIAN_POINT('',(-0.0185,-0.0385323879818266,-0.005));
#2442=CARTESIAN_POINT('',(-0.0185,-0.0557823879818265,-0.005));
#2443=CARTESIAN_POINT('',(-0.0185,-0.0540446089147777,-0.005));
#2444=CARTESIAN_POINT('',(-0.0103840515328383,-0.0646349482672283,-0.005));
#2445=CARTESIAN_POINT('',(-0.0235933978110552,-0.0627542361617088,-0.005));
#2446=CARTESIAN_POINT('',(-0.0235933978110552,-0.0663344822824001,-0.005));
#2447=CARTESIAN_POINT('',(-0.0235933978110552,-0.0680323879818265,-0.005));
#2448=CARTESIAN_POINT('',(-0.0145,-0.0680323879818265,-0.005));
#2449=CARTESIAN_POINT('',(-0.0285,-0.0680323879818265,-0.005));
#2450=CARTESIAN_POINT('',(-0.0285,-0.0685323879818265,-0.005));
#2451=CARTESIAN_POINT('',(-0.029,-0.0685323879818265,-0.005));
#2452=CARTESIAN_POINT('',(-0.029,-0.0680323879818265,-0.005));
#2453=CARTESIAN_POINT('',(-0.029,-0.0695323879818265,-0.005));
#2454=CARTESIAN_POINT('',(-0.03,-0.0695323879818265,-0.005));
#2455=CARTESIAN_POINT('',(-0.0305,-0.0695323879818265,-0.005));
#2456=CARTESIAN_POINT('',(-0.0305,-0.0700323879818265,-0.005));
#2457=CARTESIAN_POINT('',(-0.031,-0.0700323879818265,-0.005));
#2458=CARTESIAN_POINT('',(-0.031,-0.0695323879818265,-0.005));
#2459=CARTESIAN_POINT('',(-0.031,-0.0710323879818265,-0.005));
#2460=CARTESIAN_POINT('',(-0.032,-0.0710323879818265,-0.005));
#2461=CARTESIAN_POINT('',(-0.0325,-0.0710323879818265,-0.005));
#2462=CARTESIAN_POINT('',(-0.0325,-0.0715323879818265,-0.005));
#2463=CARTESIAN_POINT('',(-0.033,-0.0715323879818265,-0.005));
#2464=CARTESIAN_POINT('',(-0.033,-0.0710323879818265,-0.005));
#2465=CARTESIAN_POINT('',(-3.03576608295941E-18,-2.08166817117217E-17,-0.005));
#2466=CARTESIAN_POINT('',(-0.00781843784220294,-0.016766694060178,-0.005));
#2467=CARTESIAN_POINT('',(0.00781843784220294,-0.016766694060178,-0.005));
#2468=CARTESIAN_POINT('',(-0.00834671066937882,-0.0178995787939738,-0.005));
#2469=CARTESIAN_POINT('',(-0.00887498349655467,-0.0190324635277697,-0.005));
#2470=CARTESIAN_POINT('',(3.90312782094781E-18,2.08166817117217E-17,-0.005));
#2471=CARTESIAN_POINT('',(0.00887498349655468,-0.0190324635277697,-0.005));
#2472=CARTESIAN_POINT('',(0.00834671066937881,-0.0178995787939738,-0.005));
#2473=CARTESIAN_POINT('',(-0.0165,-0.0730323879818265,-0.01));
#2474=CARTESIAN_POINT('',(-0.033,-0.0730323879818265,-0.01));
#2475=CARTESIAN_POINT('',(-0.033,-0.0730323879818265,-0.0095));
#2476=CARTESIAN_POINT('',(-0.0165,-0.0730323879818265,-0.0095));
#2477=CARTESIAN_POINT('',(0.033,-0.0730323879818265,-0.0095));
#2478=CARTESIAN_POINT('',(0.033,-0.0730323879818265,-0.01));
#2479=CARTESIAN_POINT('',(0.0076804784562811,-0.0730323879818265,-0.008));
#2480=CARTESIAN_POINT('',(0.0076804784562811,-0.0730323879818265,-0.008));
#2481=CARTESIAN_POINT('',(-0.0165,-0.0730323879818265,-0.008));
#2482=CARTESIAN_POINT('',(-0.0076804784562811,-0.0730323879818265,-0.008));
#2483=CARTESIAN_POINT('',(-0.0076804784562811,-0.0730323879818265,-0.008));
#2484=CARTESIAN_POINT('',(0.033,-0.0710323879818265,-0.01));
#2485=CARTESIAN_POINT('',(0.033,-0.0715323879818265,-0.0095));
#2486=CARTESIAN_POINT('',(0.033,-0.0715323879818265,-0.0095));
#2487=CARTESIAN_POINT('',(0.033,-0.0715323879818265,-0.01));
#2488=CARTESIAN_POINT('',(-0.033,-0.0710323879818265,-0.01));
#2489=CARTESIAN_POINT('',(-0.033,-0.0715323879818265,-0.01));
#2490=CARTESIAN_POINT('',(-0.033,-0.0715323879818265,-0.0095));
#2491=CARTESIAN_POINT('',(-0.033,-0.0710323879818265,-0.0095));
#2492=CARTESIAN_POINT('',(-0.0325,-0.0715323879818265,-0.01));
#2493=CARTESIAN_POINT('',(-0.0325,-0.0710323879818265,-0.01));
#2494=CARTESIAN_POINT('',(-0.0325,-0.0710323879818265,-0.0095));
#2495=CARTESIAN_POINT('',(-0.0325,-0.0715323879818265,-0.0095));
#2496=CARTESIAN_POINT('',(-0.032,-0.0710323879818265,-0.01));
#2497=CARTESIAN_POINT('',(-0.031,-0.0710323879818265,-0.01));
#2498=CARTESIAN_POINT('',(-0.031,-0.0710323879818265,-0.0095));
#2499=CARTESIAN_POINT('',(-0.032,-0.0710323879818265,-0.0095));
#2500=CARTESIAN_POINT('',(-0.031,-0.0695323879818265,-0.01));
#2501=CARTESIAN_POINT('',(-0.031,-0.0700323879818265,-0.01));
#2502=CARTESIAN_POINT('',(-0.031,-0.0700323879818265,-0.0095));
#2503=CARTESIAN_POINT('',(-0.031,-0.0695323879818265,-0.0095));
#2504=CARTESIAN_POINT('',(-0.0305,-0.0700323879818265,-0.01));
#2505=CARTESIAN_POINT('',(-0.0305,-0.0695323879818265,-0.01));
#2506=CARTESIAN_POINT('',(-0.0305,-0.0695323879818265,-0.0095));
#2507=CARTESIAN_POINT('',(-0.0305,-0.0700323879818265,-0.0095));
#2508=CARTESIAN_POINT('',(-0.03,-0.0695323879818265,-0.01));
#2509=CARTESIAN_POINT('',(-0.029,-0.0695323879818265,-0.01));
#2510=CARTESIAN_POINT('',(-0.029,-0.0695323879818265,-0.0095));
#2511=CARTESIAN_POINT('',(-0.03,-0.0695323879818265,-0.0095));
#2512=CARTESIAN_POINT('',(-0.029,-0.0680323879818265,-0.01));
#2513=CARTESIAN_POINT('',(-0.029,-0.0685323879818265,-0.01));
#2514=CARTESIAN_POINT('',(-0.029,-0.0685323879818265,-0.0095));
#2515=CARTESIAN_POINT('',(-0.029,-0.0680323879818265,-0.0095));
#2516=CARTESIAN_POINT('',(-0.0285,-0.0685323879818265,-0.01));
#2517=CARTESIAN_POINT('',(-0.0285,-0.0680323879818265,-0.01));
#2518=CARTESIAN_POINT('',(-0.0285,-0.0680323879818265,-0.0095));
#2519=CARTESIAN_POINT('',(-0.0285,-0.0685323879818265,-0.0095));
#2520=CARTESIAN_POINT('',(-0.0145,-0.0680323879818265,-0.01));
#2521=CARTESIAN_POINT('',(-0.0235933978110552,-0.0680323879818265,-0.01));
#2522=CARTESIAN_POINT('',(-0.0235933978110552,-0.0680323879818265,-0.0095));
#2523=CARTESIAN_POINT('',(-0.0145,-0.0680323879818265,-0.0095));
#2524=CARTESIAN_POINT('',(-0.0235933978110552,-0.0663344822824001,-0.01));
#2525=CARTESIAN_POINT('',(-0.0235933978110552,-0.0627542361617088,-0.01));
#2526=CARTESIAN_POINT('',(-0.0235933978110552,-0.0627542361617088,-0.0095));
#2527=CARTESIAN_POINT('',(-0.0235933978110552,-0.0663344822824001,-0.0095));
#2528=CARTESIAN_POINT('',(-0.0103840515328383,-0.0646349482672283,-0.01));
#2529=CARTESIAN_POINT('',(-0.0185,-0.0540446089147777,-0.01));
#2530=CARTESIAN_POINT('',(-0.0185,-0.0540446089147777,-0.0095));
#2531=CARTESIAN_POINT('',(-0.0103840515328383,-0.0646349482672283,-0.0095));
#2532=CARTESIAN_POINT('',(-0.0185,-0.0557823879818265,-0.01));
#2533=CARTESIAN_POINT('',(-0.0185,-0.0385323879818266,-0.01));
#2534=CARTESIAN_POINT('',(-0.0185,-0.0385323879818266,-0.0095));
#2535=CARTESIAN_POINT('',(-0.0185,-0.0557823879818265,-0.0095));
#2536=CARTESIAN_POINT('',(-0.016,-0.0385323879818266,-0.01));
#2537=CARTESIAN_POINT('',(-0.016,-0.0360323879818265,-0.01));
#2538=CARTESIAN_POINT('',(-0.016,-0.0360323879818265,-0.0095));
#2539=CARTESIAN_POINT('',(-0.016,-0.0385323879818266,-0.0095));
#2540=CARTESIAN_POINT('',(-0.01525,-0.0360323879818265,-0.01));
#2541=CARTESIAN_POINT('',(-0.0145,-0.0360323879818265,-0.01));
#2542=CARTESIAN_POINT('',(-0.0145,-0.0360323879818265,-0.0095));
#2543=CARTESIAN_POINT('',(-0.016,-0.0360323879818265,-0.0095));
#2544=CARTESIAN_POINT('',(-0.0145,-0.0342823879818266,-0.01));
#2545=CARTESIAN_POINT('',(-0.0145,-0.0325323879818266,-0.01));
#2546=CARTESIAN_POINT('',(-0.0145,-0.0325323879818266,-0.0095));
#2547=CARTESIAN_POINT('',(-0.0145,-0.0342823879818266,-0.0095));
#2548=CARTESIAN_POINT('',(-0.012,-0.0325323879818266,-0.01));
#2549=CARTESIAN_POINT('',(-0.012,-0.0300323879818265,-0.01));
#2550=CARTESIAN_POINT('',(-0.012,-0.0300323879818265,-0.0095));
#2551=CARTESIAN_POINT('',(-0.012,-0.0325323879818266,-0.0095));
#2552=CARTESIAN_POINT('',(-0.01125,-0.0300323879818265,-0.01));
#2553=CARTESIAN_POINT('',(-0.0105,-0.0300323879818265,-0.01));
#2554=CARTESIAN_POINT('',(-0.0105,-0.0300323879818265,-0.0095));
#2555=CARTESIAN_POINT('',(-0.012,-0.0300323879818265,-0.0095));
#2556=CARTESIAN_POINT('',(-0.0105,-0.0285323879818265,-0.01));
#2557=CARTESIAN_POINT('',(-0.0105,-0.0270323879818265,-0.01));
#2558=CARTESIAN_POINT('',(-0.0105,-0.0270323879818265,-0.0095));
#2559=CARTESIAN_POINT('',(-0.0105,-0.0285323879818265,-0.0095));
#2560=CARTESIAN_POINT('',(0.000113970403797267,-2.13570986883401E-5,-0.01));
#2561=CARTESIAN_POINT('',(-1.32099192695634E-15,0.029,-0.01));
#2562=CARTESIAN_POINT('',(-1.32099192695634E-15,0.029,-0.0095));
#2563=CARTESIAN_POINT('',(0.000113970403797267,-2.13570986883401E-5,-0.0095));
#2564=CARTESIAN_POINT('',(-0.000113970403797267,-2.13570986883401E-5,-0.01));
#2565=CARTESIAN_POINT('',(0.0105,-0.0270323879818265,-0.01));
#2566=CARTESIAN_POINT('',(0.0105,-0.0270323879818265,-0.0095));
#2567=CARTESIAN_POINT('',(-0.000113970403797267,-2.13570986883401E-5,-0.0095));
#2568=CARTESIAN_POINT('',(0.0105,-0.0285323879818265,-0.01));
#2569=CARTESIAN_POINT('',(0.0105,-0.0300323879818265,-0.01));
#2570=CARTESIAN_POINT('',(0.0105,-0.0300323879818265,-0.0095));
#2571=CARTESIAN_POINT('',(0.0105,-0.0270323879818265,-0.0095));
#2572=CARTESIAN_POINT('',(0.01125,-0.0300323879818265,-0.01));
#2573=CARTESIAN_POINT('',(0.012,-0.0300323879818265,-0.01));
#2574=CARTESIAN_POINT('',(0.012,-0.0300323879818265,-0.0095));
#2575=CARTESIAN_POINT('',(0.01125,-0.0300323879818265,-0.0095));
#2576=CARTESIAN_POINT('',(0.012,-0.0325323879818266,-0.01));
#2577=CARTESIAN_POINT('',(0.0145,-0.0325323879818266,-0.01));
#2578=CARTESIAN_POINT('',(0.0145,-0.0325323879818266,-0.0095));
#2579=CARTESIAN_POINT('',(0.012,-0.0325323879818266,-0.0095));
#2580=CARTESIAN_POINT('',(0.0145,-0.0342823879818266,-0.01));
#2581=CARTESIAN_POINT('',(0.0145,-0.0360323879818265,-0.01));
#2582=CARTESIAN_POINT('',(0.0145,-0.0360323879818265,-0.0095));
#2583=CARTESIAN_POINT('',(0.0145,-0.0325323879818266,-0.0095));
#2584=CARTESIAN_POINT('',(0.01525,-0.0360323879818265,-0.01));
#2585=CARTESIAN_POINT('',(0.016,-0.0360323879818265,-0.01));
#2586=CARTESIAN_POINT('',(0.016,-0.0360323879818265,-0.0095));
#2587=CARTESIAN_POINT('',(0.01525,-0.0360323879818265,-0.0095));
#2588=CARTESIAN_POINT('',(0.016,-0.0385323879818266,-0.01));
#2589=CARTESIAN_POINT('',(0.0185,-0.0385323879818266,-0.01));
#2590=CARTESIAN_POINT('',(0.0185,-0.0385323879818266,-0.0095));
#2591=CARTESIAN_POINT('',(0.016,-0.0385323879818266,-0.0095));
#2592=CARTESIAN_POINT('',(0.0185,-0.0557823879818265,-0.01));
#2593=CARTESIAN_POINT('',(0.0185,-0.0540446089147777,-0.01));
#2594=CARTESIAN_POINT('',(0.0185,-0.0540446089147777,-0.0095));
#2595=CARTESIAN_POINT('',(0.0185,-0.0385323879818266,-0.0095));
#2596=CARTESIAN_POINT('',(0.0103840515328383,-0.0646349482672283,-0.01));
#2597=CARTESIAN_POINT('',(0.0235933978110552,-0.0627542361617088,-0.01));
#2598=CARTESIAN_POINT('',(0.0235933978110552,-0.0627542361617088,-0.0095));
#2599=CARTESIAN_POINT('',(0.0103840515328383,-0.0646349482672283,-0.0095));
#2600=CARTESIAN_POINT('',(0.0235933978110552,-0.0663344822824001,-0.01));
#2601=CARTESIAN_POINT('',(0.0235933978110552,-0.0680323879818265,-0.01));
#2602=CARTESIAN_POINT('',(0.0235933978110552,-0.0680323879818265,-0.0095));
#2603=CARTESIAN_POINT('',(0.0235933978110552,-0.0627542361617088,-0.0095));
#2604=CARTESIAN_POINT('',(0.0145,-0.0680323879818265,-0.01));
#2605=CARTESIAN_POINT('',(0.0285,-0.0680323879818265,-0.01));
#2606=CARTESIAN_POINT('',(0.0285,-0.0680323879818265,-0.0095));
#2607=CARTESIAN_POINT('',(0.0235933978110552,-0.0680323879818265,-0.0095));
#2608=CARTESIAN_POINT('',(0.0285,-0.0685323879818265,-0.01));
#2609=CARTESIAN_POINT('',(0.029,-0.0685323879818265,-0.01));
#2610=CARTESIAN_POINT('',(0.029,-0.0685323879818265,-0.0095));
#2611=CARTESIAN_POINT('',(0.0285,-0.0685323879818265,-0.0095));
#2612=CARTESIAN_POINT('',(0.029,-0.0680323879818265,-0.01));
#2613=CARTESIAN_POINT('',(0.029,-0.0695323879818265,-0.01));
#2614=CARTESIAN_POINT('',(0.029,-0.0695323879818265,-0.0095));
#2615=CARTESIAN_POINT('',(0.029,-0.0685323879818265,-0.0095));
#2616=CARTESIAN_POINT('',(0.03,-0.0695323879818265,-0.01));
#2617=CARTESIAN_POINT('',(0.0305,-0.0695323879818265,-0.01));
#2618=CARTESIAN_POINT('',(0.0305,-0.0695323879818265,-0.0095));
#2619=CARTESIAN_POINT('',(0.029,-0.0695323879818265,-0.0095));
#2620=CARTESIAN_POINT('',(0.0305,-0.0700323879818265,-0.01));
#2621=CARTESIAN_POINT('',(0.031,-0.0700323879818265,-0.01));
#2622=CARTESIAN_POINT('',(0.031,-0.0700323879818265,-0.0095));
#2623=CARTESIAN_POINT('',(0.0305,-0.0700323879818265,-0.0095));
#2624=CARTESIAN_POINT('',(0.031,-0.0695323879818265,-0.01));
#2625=CARTESIAN_POINT('',(0.031,-0.0710323879818265,-0.01));
#2626=CARTESIAN_POINT('',(0.031,-0.0710323879818265,-0.0095));
#2627=CARTESIAN_POINT('',(0.031,-0.0700323879818265,-0.0095));
#2628=CARTESIAN_POINT('',(0.032,-0.0710323879818265,-0.01));
#2629=CARTESIAN_POINT('',(0.0325,-0.0710323879818265,-0.01));
#2630=CARTESIAN_POINT('',(0.0325,-0.0710323879818265,-0.0095));
#2631=CARTESIAN_POINT('',(0.031,-0.0710323879818265,-0.0095));
#2632=CARTESIAN_POINT('',(0.0325,-0.0715323879818265,-0.01));
#2633=CARTESIAN_POINT('',(0.0325,-0.0715323879818265,-0.0095));
#2634=CARTESIAN_POINT('',(0.,-0.0220161939909133,-0.01));
#2635=CARTESIAN_POINT('',(0.016,-0.0627542361617088,-0.01));
#2636=CARTESIAN_POINT('',(0.0125,-0.0627542361617088,-0.01));
#2637=CARTESIAN_POINT('',(-0.016,-0.0627542361617088,-0.01));
#2638=CARTESIAN_POINT('',(-0.0195,-0.0627542361617088,-0.01));
#2639=CARTESIAN_POINT('',(0.,0.0254786429013116,-0.01));
#2640=CARTESIAN_POINT('',(-0.001279544922388,0.0284661610672131,-0.01));
#2641=CARTESIAN_POINT('',(0.001279544922388,0.0284661610672131,-0.01));
#2642=CARTESIAN_POINT('',(-0.000113970403797267,-2.13570986883401E-5,-0.01));
#2643=CARTESIAN_POINT('',(0.01,-0.026689468747022,-0.01));
#2644=CARTESIAN_POINT('',(0.01,-0.0300323879818265,-0.01));
#2645=CARTESIAN_POINT('',(0.01,-0.0305323879818265,-0.01));
#2646=CARTESIAN_POINT('',(0.,-0.0305323879818265,-0.01));
#2647=CARTESIAN_POINT('',(0.012,-0.0305323879818265,-0.01));
#2648=CARTESIAN_POINT('',(0.012,-0.0325323879818266,-0.01));
#2649=CARTESIAN_POINT('',(0.014,-0.0325323879818266,-0.01));
#2650=CARTESIAN_POINT('',(0.014,-0.0360323879818265,-0.01));
#2651=CARTESIAN_POINT('',(0.014,-0.0365323879818266,-0.01));
#2652=CARTESIAN_POINT('',(0.,-0.0365323879818266,-0.01));
#2653=CARTESIAN_POINT('',(0.016,-0.0365323879818266,-0.01));
#2654=CARTESIAN_POINT('',(0.016,-0.0385323879818266,-0.01));
#2655=CARTESIAN_POINT('',(0.018,-0.0385323879818266,-0.01));
#2656=CARTESIAN_POINT('',(0.018,-0.0540446089147777,-0.01));
#2657=CARTESIAN_POINT('',(0.018,-0.0542943159811485,-0.01));
#2658=CARTESIAN_POINT('',(0.0103840515328383,-0.0646349482672283,-0.01));
#2659=CARTESIAN_POINT('',(0.0230933978110552,-0.0627899918149631,-0.01));
#2660=CARTESIAN_POINT('',(0.0230933978110552,-0.0680323879818265,-0.01));
#2661=CARTESIAN_POINT('',(0.0230933978110552,-0.0685323879818265,-0.01));
#2662=CARTESIAN_POINT('',(0.0285,-0.0685323879818265,-0.01));
#2663=CARTESIAN_POINT('',(0.0285,-0.0685323879818265,-0.01));
#2664=CARTESIAN_POINT('',(0.0285,-0.0695323879818265,-0.01));
#2665=CARTESIAN_POINT('',(0.0285,-0.0700323879818265,-0.01));
#2666=CARTESIAN_POINT('',(0.0305,-0.0700323879818265,-0.01));
#2667=CARTESIAN_POINT('',(0.0305,-0.0700323879818265,-0.01));
#2668=CARTESIAN_POINT('',(0.0305,-0.0710323879818265,-0.01));
#2669=CARTESIAN_POINT('',(0.0305,-0.0715323879818265,-0.01));
#2670=CARTESIAN_POINT('',(0.0325,-0.0715323879818265,-0.01));
#2671=CARTESIAN_POINT('',(0.0325,-0.0715323879818265,-0.01));
#2672=CARTESIAN_POINT('',(0.0325,-0.0730323879818265,-0.01));
#2673=CARTESIAN_POINT('',(0.0325,-0.0725323879818265,-0.01));
#2674=CARTESIAN_POINT('',(0.,-0.0725323879818265,-0.01));
#2675=CARTESIAN_POINT('',(-0.0325,-0.0725323879818265,-0.01));
#2676=CARTESIAN_POINT('',(-0.0325,-0.0220161939909133,-0.01));
#2677=CARTESIAN_POINT('',(-0.0325,-0.0715323879818265,-0.01));
#2678=CARTESIAN_POINT('',(0.,-0.0715323879818265,-0.01));
#2679=CARTESIAN_POINT('',(-0.0305,-0.0715323879818265,-0.01));
#2680=CARTESIAN_POINT('',(-0.0305,-0.0220161939909133,-0.01));
#2681=CARTESIAN_POINT('',(-0.0305,-0.0700323879818265,-0.01));
#2682=CARTESIAN_POINT('',(0.,-0.0700323879818265,-0.01));
#2683=CARTESIAN_POINT('',(-0.0285,-0.0700323879818265,-0.01));
#2684=CARTESIAN_POINT('',(-0.0285,-0.0220161939909133,-0.01));
#2685=CARTESIAN_POINT('',(-0.0285,-0.0685323879818265,-0.01));
#2686=CARTESIAN_POINT('',(0.,-0.0685323879818265,-0.01));
#2687=CARTESIAN_POINT('',(-0.0230933978110552,-0.0685323879818265,-0.01));
#2688=CARTESIAN_POINT('',(-0.0230933978110552,-0.0220161939909133,-0.01));
#2689=CARTESIAN_POINT('',(-0.0230933978110552,-0.0627899918149631,-0.01));
#2690=CARTESIAN_POINT('',(-0.0103840515328383,-0.0646349482672283,-0.01));
#2691=CARTESIAN_POINT('',(-0.018,-0.0542943159811485,-0.01));
#2692=CARTESIAN_POINT('',(-0.018,-0.0220161939909133,-0.01));
#2693=CARTESIAN_POINT('',(-0.018,-0.0385323879818266,-0.01));
#2694=CARTESIAN_POINT('',(-0.016,-0.0385323879818266,-0.01));
#2695=CARTESIAN_POINT('',(-0.016,-0.0365323879818266,-0.01));
#2696=CARTESIAN_POINT('',(-0.0145,-0.0365323879818266,-0.01));
#2697=CARTESIAN_POINT('',(-0.014,-0.0365323879818266,-0.01));
#2698=CARTESIAN_POINT('',(-0.014,-0.0220161939909133,-0.01));
#2699=CARTESIAN_POINT('',(-0.014,-0.0325323879818266,-0.01));
#2700=CARTESIAN_POINT('',(-0.012,-0.0325323879818266,-0.01));
#2701=CARTESIAN_POINT('',(-0.012,-0.0305323879818265,-0.01));
#2702=CARTESIAN_POINT('',(-0.0105,-0.0305323879818265,-0.01));
#2703=CARTESIAN_POINT('',(-0.01,-0.0305323879818265,-0.01));
#2704=CARTESIAN_POINT('',(-0.01,-0.0220161939909133,-0.01));
#2705=CARTESIAN_POINT('',(-0.01,-0.026689468747022,-0.01));
#2706=CARTESIAN_POINT('',(0.000113970403797267,-2.13570986883401E-5,-0.01));
#2707=CARTESIAN_POINT('',(-0.0076804784562811,-0.0419573714949427,-0.008));
#2708=CARTESIAN_POINT('',(-0.0076804784562811,-0.0419573714949427,-0.008));
#2709=CARTESIAN_POINT('',(-0.0076804784562811,-0.0108823550080589,-0.008));
#2710=CARTESIAN_POINT('',(-0.0076804784562811,-0.0108823550080589,-0.008));
#2711=CARTESIAN_POINT('',(0.0076804784562811,-0.0419573714949427,-0.008));
#2712=CARTESIAN_POINT('',(0.0076804784562811,-0.0108823550080589,-0.008));
#2713=CARTESIAN_POINT('',(0.0076804784562811,-0.0108823550080589,-0.008));
#2714=CARTESIAN_POINT('',(0.0076804784562811,-0.0419573714949427,-0.008));
#2715=CARTESIAN_POINT('',(-1.7347234759768E-18,-0.0108823550080589,-0.008));
#2716=CARTESIAN_POINT('',(-1.7347234759768E-18,-0.0108823550080589,-0.008));
#2717=CARTESIAN_POINT('',(0.,-0.0220161939909133,-0.008));
#2718=CARTESIAN_POINT('',(-3.03576608295941E-18,-2.08166817117217E-17,0.));
#2719=CARTESIAN_POINT('',(0.00781843784220294,-0.016766694060178,0.));
#2720=CARTESIAN_POINT('',(0.00781843784220294,-0.016766694060178,0.));
#2721=CARTESIAN_POINT('',(-3.03576608295941E-18,-2.08166817117217E-17,0.));
#2722=CARTESIAN_POINT('',(-0.00781843784220294,-0.016766694060178,0.));
#2723=CARTESIAN_POINT('',(-0.00781843784220294,-0.016766694060178,0.));
#2724=CARTESIAN_POINT('',(-0.00834671066937882,-0.0178995787939738,0.));
#2725=CARTESIAN_POINT('',(-0.00834671066937882,-0.0178995787939738,0.));
#2726=CARTESIAN_POINT('',(-0.00887498349655468,-0.0190324635277697,0.));
#2727=CARTESIAN_POINT('',(-0.00887498349655468,-0.0190324635277697,0.));
#2728=CARTESIAN_POINT('',(3.90312782094781E-18,2.08166817117217E-17,0.));
#2729=CARTESIAN_POINT('',(3.90312782094781E-18,2.08166817117217E-17,0.));
#2730=CARTESIAN_POINT('',(0.00887498349655468,-0.0190324635277697,0.));
#2731=CARTESIAN_POINT('',(0.00887498349655468,-0.0190324635277697,0.));
#2732=CARTESIAN_POINT('',(0.00834671066937881,-0.0178995787939738,0.));
#2733=CARTESIAN_POINT('',(0.00834671066937881,-0.0178995787939738,0.));
#2734=CARTESIAN_POINT('',(0.,-0.0202521180808544,0.));
#2735=CARTESIAN_POINT('',(0.,-0.0220161939909133,-0.007));
#2736=CARTESIAN_POINT('',(-0.016,-0.0627542361617088,-0.007));
#2737=CARTESIAN_POINT('',(-0.019,-0.0627542361617088,-0.007));
#2738=CARTESIAN_POINT('',(-0.016,-0.0627542361617088,-0.007));
#2739=CARTESIAN_POINT('',(-0.016,-0.0627542361617088,-0.0095));
#2740=CARTESIAN_POINT('',(-0.019,-0.0627542361617088,-0.0095));
#2741=CARTESIAN_POINT('',(0.016,-0.0627542361617088,-0.007));
#2742=CARTESIAN_POINT('',(0.016,-0.0627542361617088,-0.0095));
#2743=CARTESIAN_POINT('',(0.013,-0.0627542361617088,-0.0095));
#2744=CARTESIAN_POINT('',(0.016,-0.0627542361617088,-0.007));
#2745=CARTESIAN_POINT('',(0.013,-0.0627542361617088,-0.007));
#2746=CARTESIAN_POINT('',(0.,-0.0220161939909133,-0.007));
#2747=CARTESIAN_POINT('',(0.,0.0254786429013116,-0.007));
#2748=CARTESIAN_POINT('',(0.,0.0254786429013116,-0.0095));
#2749=CARTESIAN_POINT('',(-0.00275,0.0254786429013116,-0.0095));
#2750=CARTESIAN_POINT('',(0.,0.0254786429013116,-0.007));
#2751=CARTESIAN_POINT('',(-0.00275,0.0254786429013116,-0.007));
#2752=CARTESIAN_POINT('',(0.,-0.0220161939909133,-0.007));
#2753=CARTESIAN_POINT('',(-0.0165,-0.0725323879818265,-0.0095));
#2754=CARTESIAN_POINT('',(-0.0325,-0.0725323879818265,-0.0095));
#2755=CARTESIAN_POINT('',(0.0325,-0.0725323879818265,-0.0095));
#2756=CARTESIAN_POINT('',(0.0325,-0.0220161939909133,-0.0095));
#2757=CARTESIAN_POINT('',(0.0325,-0.0715323879818265,-0.0095));
#2758=CARTESIAN_POINT('',(-0.0325,-0.0710323879818265,-0.0095));
#2759=CARTESIAN_POINT('',(-0.0325,-0.0715323879818265,-0.0095));
#2760=CARTESIAN_POINT('',(0.0325,-0.0715323879818265,-0.0095));
#2761=CARTESIAN_POINT('',(0.0325,-0.0715323879818265,-0.0095));
#2762=CARTESIAN_POINT('',(-0.0325,-0.0715323879818265,-0.0095));
#2763=CARTESIAN_POINT('',(-0.0325,-0.0715323879818265,-0.0095));
#2764=CARTESIAN_POINT('',(0.,-0.0715323879818265,-0.0095));
#2765=CARTESIAN_POINT('',(0.0305,-0.0715323879818265,-0.0095));
#2766=CARTESIAN_POINT('',(-0.032,-0.0715323879818265,-0.0095));
#2767=CARTESIAN_POINT('',(-0.0305,-0.0715323879818265,-0.0095));
#2768=CARTESIAN_POINT('',(0.0305,-0.0220161939909133,-0.0095));
#2769=CARTESIAN_POINT('',(0.0305,-0.0700323879818265,-0.0095));
#2770=CARTESIAN_POINT('',(-0.0305,-0.0695323879818265,-0.0095));
#2771=CARTESIAN_POINT('',(-0.0305,-0.0700323879818265,-0.0095));
#2772=CARTESIAN_POINT('',(0.0305,-0.0700323879818265,-0.0095));
#2773=CARTESIAN_POINT('',(0.0305,-0.0700323879818265,-0.0095));
#2774=CARTESIAN_POINT('',(-0.0305,-0.0700323879818265,-0.0095));
#2775=CARTESIAN_POINT('',(-0.0305,-0.0700323879818265,-0.0095));
#2776=CARTESIAN_POINT('',(0.,-0.0700323879818265,-0.0095));
#2777=CARTESIAN_POINT('',(0.0285,-0.0700323879818265,-0.0095));
#2778=CARTESIAN_POINT('',(-0.03,-0.0700323879818265,-0.0095));
#2779=CARTESIAN_POINT('',(-0.0285,-0.0700323879818265,-0.0095));
#2780=CARTESIAN_POINT('',(0.0285,-0.0220161939909133,-0.0095));
#2781=CARTESIAN_POINT('',(0.0285,-0.0685323879818265,-0.0095));
#2782=CARTESIAN_POINT('',(-0.0285,-0.0680323879818265,-0.0095));
#2783=CARTESIAN_POINT('',(-0.0285,-0.0685323879818265,-0.0095));
#2784=CARTESIAN_POINT('',(0.0285,-0.0685323879818265,-0.0095));
#2785=CARTESIAN_POINT('',(0.0285,-0.0685323879818265,-0.0095));
#2786=CARTESIAN_POINT('',(-0.0285,-0.0685323879818265,-0.0095));
#2787=CARTESIAN_POINT('',(-0.0285,-0.0685323879818265,-0.0095));
#2788=CARTESIAN_POINT('',(0.,-0.0685323879818265,-0.0095));
#2789=CARTESIAN_POINT('',(0.0230933978110552,-0.0685323879818265,-0.0095));
#2790=CARTESIAN_POINT('',(-0.0145,-0.0685323879818265,-0.0095));
#2791=CARTESIAN_POINT('',(-0.0230933978110552,-0.0685323879818265,-0.0095));
#2792=CARTESIAN_POINT('',(0.0230933978110552,-0.0220161939909133,-0.0095));
#2793=CARTESIAN_POINT('',(0.0235933978110552,-0.0627542361617088,-0.0095));
#2794=CARTESIAN_POINT('',(0.0235933978110552,-0.0627542361617088,-0.00976446238386925));
#2795=CARTESIAN_POINT('',(0.0233534440954896,-0.0627712196850715,-0.00999999999999998));
#2796=CARTESIAN_POINT('',(0.0230933978110552,-0.0627899918149631,-0.01));
#2797=CARTESIAN_POINT('',(-0.0230933978110552,-0.0663344822824001,-0.0095));
#2798=CARTESIAN_POINT('',(-0.0235933978110552,-0.0627542361617088,-0.0095));
#2799=CARTESIAN_POINT('',(-0.0235933978110552,-0.0627542361617088,-0.00976446238386925));
#2800=CARTESIAN_POINT('',(-0.0233534440954896,-0.0627712196850715,-0.01));
#2801=CARTESIAN_POINT('',(-0.0230933978110552,-0.0627899918149631,-0.01));
#2802=CARTESIAN_POINT('',(0.0103840515328383,-0.0646349482672283,-0.0095));
#2803=CARTESIAN_POINT('',(0.0185,-0.0540446089147777,-0.0095));
#2804=CARTESIAN_POINT('',(0.0185,-0.0540446089147777,-0.00978018152946157));
#2805=CARTESIAN_POINT('',(0.0182463364854835,-0.0541698201917015,-0.01));
#2806=CARTESIAN_POINT('',(0.018,-0.0542943159811485,-0.01));
#2807=CARTESIAN_POINT('',(-0.0103840515328383,-0.0646349482672283,-0.0095));
#2808=CARTESIAN_POINT('',(-0.0185,-0.0540446089147777,-0.0095));
#2809=CARTESIAN_POINT('',(-0.0185,-0.0540446089147777,-0.00978018152946157));
#2810=CARTESIAN_POINT('',(-0.0182463364854835,-0.0541698201917014,-0.01));
#2811=CARTESIAN_POINT('',(-0.018,-0.0542943159811485,-0.01));
#2812=CARTESIAN_POINT('',(0.018,-0.0220161939909133,-0.0095));
#2813=CARTESIAN_POINT('',(0.018,-0.0385323879818266,-0.0095));
#2814=CARTESIAN_POINT('',(-0.018,-0.0557823879818265,-0.0095));
#2815=CARTESIAN_POINT('',(-0.018,-0.0385323879818266,-0.0095));
#2816=CARTESIAN_POINT('',(0.016,-0.0385323879818266,-0.0095));
#2817=CARTESIAN_POINT('',(0.016,-0.0365323879818266,-0.0095));
#2818=CARTESIAN_POINT('',(-0.016,-0.0385323879818266,-0.0095));
#2819=CARTESIAN_POINT('',(-0.016,-0.0365323879818266,-0.0095));
#2820=CARTESIAN_POINT('',(0.01525,-0.0365323879818266,-0.0095));
#2821=CARTESIAN_POINT('',(0.014,-0.0365323879818266,-0.0095));
#2822=CARTESIAN_POINT('',(0.,-0.0365323879818266,-0.0095));
#2823=CARTESIAN_POINT('',(-0.014,-0.0365323879818266,-0.0095));
#2824=CARTESIAN_POINT('',(0.014,-0.0220161939909133,-0.0095));
#2825=CARTESIAN_POINT('',(0.014,-0.0325323879818266,-0.0095));
#2826=CARTESIAN_POINT('',(-0.014,-0.0342823879818266,-0.0095));
#2827=CARTESIAN_POINT('',(-0.014,-0.0325323879818266,-0.0095));
#2828=CARTESIAN_POINT('',(0.012,-0.0325323879818266,-0.0095));
#2829=CARTESIAN_POINT('',(0.012,-0.0305323879818265,-0.0095));
#2830=CARTESIAN_POINT('',(-0.012,-0.0325323879818266,-0.0095));
#2831=CARTESIAN_POINT('',(-0.012,-0.0305323879818265,-0.0095));
#2832=CARTESIAN_POINT('',(0.01125,-0.0305323879818265,-0.0095));
#2833=CARTESIAN_POINT('',(0.01,-0.0305323879818265,-0.0095));
#2834=CARTESIAN_POINT('',(0.,-0.0305323879818265,-0.0095));
#2835=CARTESIAN_POINT('',(-0.01,-0.0305323879818265,-0.0095));
#2836=CARTESIAN_POINT('',(0.01,-0.0220161939909133,-0.0095));
#2837=CARTESIAN_POINT('',(0.0105,-0.0270323879818265,-0.0095));
#2838=CARTESIAN_POINT('',(0.0105,-0.0270323879818265,-0.00964674603929794));
#2839=CARTESIAN_POINT('',(0.0103624958857531,-0.0269387859484852,-0.00991723138558398));
#2840=CARTESIAN_POINT('',(0.010118890834899,-0.0267715288649499,-0.01));
#2841=CARTESIAN_POINT('',(0.01,-0.026689468747022,-0.01));
#2842=CARTESIAN_POINT('',(-0.01,-0.0285323879818265,-0.0095));
#2843=CARTESIAN_POINT('',(-0.0105,-0.0270323879818265,-0.0095));
#2844=CARTESIAN_POINT('',(-0.0105,-0.0270323879818265,-0.00964674603929794));
#2845=CARTESIAN_POINT('',(-0.0103624958857531,-0.0269387859484852,-0.00991723138558398));
#2846=CARTESIAN_POINT('',(-0.010118890834899,-0.0267715288649499,-0.01));
#2847=CARTESIAN_POINT('',(-0.01,-0.026689468747022,-0.01));
#2848=CARTESIAN_POINT('',(-0.000113970403797267,-2.13570986883401E-5,-0.0095));
#2849=CARTESIAN_POINT('',(-1.32099192695634E-15,0.029,-0.0095));
#2850=CARTESIAN_POINT('',(-1.32099192695634E-15,0.029,-0.00972550896013655));
#2851=CARTESIAN_POINT('',(2.99863311630116E-17,0.0288335153872875,-0.00993527331780438));
#2852=CARTESIAN_POINT('',(2.99863311630116E-17,0.0286143199436286,-0.0099867548267317));
#2853=CARTESIAN_POINT('',(2.52868896914187E-17,0.0286143199436287,-0.00998675482673184));
#2854=CARTESIAN_POINT('',(2.31872191131689E-17,0.0286143199436286,-0.00998675482673169));
#2855=CARTESIAN_POINT('',(0.000431057162123735,0.0286134621401933,-0.00998655335646279));
#2856=CARTESIAN_POINT('',(0.000860951892158893,0.0285624644596573,-0.01));
#2857=CARTESIAN_POINT('',(0.00127954492238802,0.0284661610672131,-0.01));
#2858=CARTESIAN_POINT('',(0.000113970403797267,-2.13570986883401E-5,-0.0095));
#2859=CARTESIAN_POINT('',(-0.00127954492238802,0.0284661610672131,-0.01));
#2860=CARTESIAN_POINT('',(-0.000860939796814747,0.0285624672419449,-0.01));
#2861=CARTESIAN_POINT('',(-0.000431149411442048,0.0286134619566173,-0.00998655331334671));
#2862=CARTESIAN_POINT('',(2.57892853509336E-17,0.0286143199436286,-0.00998675482673169));
#2863=CARTESIAN_POINT('',(0.,0.0254786429013116,-0.0095));
#2864=CARTESIAN_POINT('',(0.016,-0.0627542361617088,-0.0095));
#2865=CARTESIAN_POINT('',(-0.016,-0.0627542361617088,-0.0095));
#2866=MECHANICAL_DESIGN_GEOMETRIC_PRESENTATION_REPRESENTATION('',(#1650),
#2867);
#2867=(
GEOMETRIC_REPRESENTATION_CONTEXT(3)
GLOBAL_UNCERTAINTY_ASSIGNED_CONTEXT((#2868))
GLOBAL_UNIT_ASSIGNED_CONTEXT((#2871,#2870,#2869))
REPRESENTATION_CONTEXT('Back','TOP_LEVEL_ASSEMBLY_PART')
);
#2868=UNCERTAINTY_MEASURE_WITH_UNIT(LENGTH_MEASURE(2.E-5),#2871,
'DISTANCE_ACCURACY_VALUE','Maximum Tolerance applied to model');
#2869=(
NAMED_UNIT(*)
SI_UNIT($,.STERADIAN.)
SOLID_ANGLE_UNIT()
);
#2870=(
NAMED_UNIT(*)
PLANE_ANGLE_UNIT()
SI_UNIT($,.RADIAN.)
);
#2871=(
LENGTH_UNIT()
NAMED_UNIT(*)
SI_UNIT($,.METRE.)
);
#2872=PRODUCT_DEFINITION_SHAPE('','',#2873);
#2873=PRODUCT_DEFINITION('','',#2875,#2874);
#2874=PRODUCT_DEFINITION_CONTEXT('',#2881,'design');
#2875=PRODUCT_DEFINITION_FORMATION_WITH_SPECIFIED_SOURCE('','',#2877,
 .NOT_KNOWN.);
#2876=PRODUCT_RELATED_PRODUCT_CATEGORY('','',(#2877));
#2877=PRODUCT('Back','Back','Back',(#2879));
#2878=PRODUCT_CATEGORY('','');
#2879=PRODUCT_CONTEXT('',#2881,'mechanical');
#2880=APPLICATION_PROTOCOL_DEFINITION('international standard',
'ap242_managed_model_based_3d_engineering',2020,#2881);
#2881=APPLICATION_CONTEXT('managed model based 3d engineering');
ENDSEC;
END-ISO-10303-21;
