ISO-10303-21;
HEADER;
/* Generated by software containing ST-Developer
 * from STEP Tools, Inc. (www.steptools.com) 
 */
/* OPTION: using custom renumber hook */

FILE_DESCRIPTION(
/* description */ ('STEP AP242 Edition 2',
'CAx-IF Rec.Pracs.---Representation and Presentation of Product Manufa
cturing Information (PMI)---4.0---2014-10-13',
'CAx-IF Rec.Pracs.---3D Tessellated Geometry---0.4---2014-09-14','2;1',
'CAx-IF Rec.Pracs.---User Defined Attributes---1.5---2016-08-15'),
/* implementation_level */ '2;1');

FILE_NAME(
/* name */ 'psArtDeco - Body',
/* time_stamp */ '2026-08-13T01:39:07Z',
/* author */ (''),
/* organization */ (''),
/* preprocessor_version */ 'ST-DEVELOPER v20',
/* originating_system */ 'ONSHAPE BY PTC INC, 1.219',
/* authorisation */ '  ');

FILE_SCHEMA (('AP242_MANAGED_MODEL_BASED_3D_ENGINEERING_MIM_LF { 1 0 10303 442 3 1 4 }'));
ENDSEC;

DATA;
#10=SHAPE_REPRESENTATION_RELATIONSHIP('','',#6299,#11);
#11=ADVANCED_BREP_SHAPE_REPRESENTATION('',(#6297),#10977);
#12=SPHERICAL_SURFACE('',#6929,0.0005);
#13=SPHERICAL_SURFACE('',#6939,0.0005);
#14=SPHERICAL_SURFACE('',#6945,0.0005);
#15=SPHERICAL_SURFACE('',#6951,0.0005);
#16=SPHERICAL_SURFACE('',#6957,0.0005);
#17=SPHERICAL_SURFACE('',#6967,0.0005);
#18=TOROIDAL_SURFACE('',#6466,0.027,0.0005);
#19=TOROIDAL_SURFACE('',#6467,0.027,0.0005);
#20=TOROIDAL_SURFACE('',#6469,0.027,0.0005);
#21=TOROIDAL_SURFACE('',#6470,0.0255,0.0005);
#22=TOROIDAL_SURFACE('',#6471,0.0255,0.0005);
#23=TOROIDAL_SURFACE('',#6473,0.0255,0.0005);
#24=TOROIDAL_SURFACE('',#6474,0.024,0.0005);
#25=TOROIDAL_SURFACE('',#6475,0.024,0.0005);
#26=TOROIDAL_SURFACE('',#6477,0.024,0.0005);
#27=TOROIDAL_SURFACE('',#6478,0.0225,0.0005);
#28=TOROIDAL_SURFACE('',#6480,0.0225,0.0005);
#29=TOROIDAL_SURFACE('',#6482,0.0225,0.0005);
#30=TOROIDAL_SURFACE('',#6484,0.0225,0.0005);
#31=TOROIDAL_SURFACE('',#6516,0.027,0.0005);
#32=TOROIDAL_SURFACE('',#6517,0.0255,0.0005);
#33=TOROIDAL_SURFACE('',#6518,0.024,0.0005);
#34=TOROIDAL_SURFACE('',#6531,0.0285,0.0005);
#35=TOROIDAL_SURFACE('',#6532,0.021,0.0005);
#36=TOROIDAL_SURFACE('',#6832,0.002,0.0005);
#37=TOROIDAL_SURFACE('',#6837,0.002,0.0005);
#38=TOROIDAL_SURFACE('',#6842,0.002,0.0005);
#39=TOROIDAL_SURFACE('',#6847,0.002,0.0005);
#40=TOROIDAL_SURFACE('',#6880,0.0123921276480053,0.0005);
#41=TOROIDAL_SURFACE('',#6881,0.0123921276480053,0.0005);
#42=TOROIDAL_SURFACE('',#6901,0.002,0.0005);
#43=TOROIDAL_SURFACE('',#6906,0.0285,0.0005);
#44=TOROIDAL_SURFACE('',#6911,0.002,0.0005);
#45=TOROIDAL_SURFACE('',#6916,0.002,0.0005);
#46=TOROIDAL_SURFACE('',#6918,0.012718308969136,0.0005);
#47=TOROIDAL_SURFACE('',#6927,0.002,0.0005);
#48=TOROIDAL_SURFACE('',#6934,0.012718308969136,0.0005);
#49=TOROIDAL_SURFACE('',#6966,0.02275,0.0005);
#50=ELLIPSE('',#6316,0.000707106781186548,0.0005);
#51=ELLIPSE('',#6723,0.00205464682252917,0.002);
#52=ELLIPSE('',#6800,0.00205464682252917,0.002);
#53=ELLIPSE('',#6850,0.000707106781186548,0.0005);
#54=ELLIPSE('',#6859,0.000707106781186547,0.0005);
#55=ELLIPSE('',#6863,0.000707106781186547,0.0005);
#56=ELLIPSE('',#6870,0.000707106781186547,0.0005);
#57=ELLIPSE('',#6874,0.000707106781186548,0.0005);
#58=ELLIPSE('',#6876,0.000707106781186548,0.0005);
#59=ELLIPSE('',#6899,0.000707106781186548,0.0005);
#60=ELLIPSE('',#6905,0.000707106781186548,0.0005);
#61=ELLIPSE('',#6910,0.000707106781186548,0.0005);
#62=ELLIPSE('',#6920,0.000707106781186548,0.0005);
#63=ELLIPSE('',#6922,0.000707106781186548,0.0005);
#64=ELLIPSE('',#6933,0.000707106781186548,0.0005);
#65=ELLIPSE('',#6938,0.000707106781186548,0.0005);
#66=ELLIPSE('',#6944,0.000707106781186548,0.0005);
#67=ELLIPSE('',#6950,0.000707106781186548,0.0005);
#68=ELLIPSE('',#6956,0.000707106781186548,0.0005);
#69=ELLIPSE('',#6960,0.000707106781186548,0.0005);
#70=ELLIPSE('',#6962,0.000707106781186548,0.0005);
#71=ELLIPSE('',#6970,0.000707106781186548,0.0005);
#72=ELLIPSE('',#6972,0.000707106781186548,0.0005);
#73=B_SPLINE_CURVE_WITH_KNOTS('',3,(#8938,#8939,#8940,#8941),
 .UNSPECIFIED.,.F.,.F.,(4,4),(1.04080534801952E-21,0.000840401135051784),
 .UNSPECIFIED.);
#74=B_SPLINE_CURVE_WITH_KNOTS('',3,(#8942,#8943,#8944,#8945),
 .UNSPECIFIED.,.F.,.F.,(4,4),(0.,0.000839732967329073),.UNSPECIFIED.);
#75=B_SPLINE_CURVE_WITH_KNOTS('',3,(#8951,#8952,#8953,#8954),
 .UNSPECIFIED.,.F.,.F.,(4,4),(1.06281460334246E-21,0.000840401135051799),
 .UNSPECIFIED.);
#76=B_SPLINE_CURVE_WITH_KNOTS('',3,(#8969,#8970,#8971,#8972),
 .UNSPECIFIED.,.F.,.F.,(4,4),(0.,0.000781101196074466),.UNSPECIFIED.);
#77=B_SPLINE_CURVE_WITH_KNOTS('',3,(#9086,#9087,#9088,#9089),
 .UNSPECIFIED.,.F.,.F.,(4,4),(0.,0.000781197569980181),.UNSPECIFIED.);
#78=B_SPLINE_CURVE_WITH_KNOTS('',3,(#9160,#9161,#9162,#9163),
 .UNSPECIFIED.,.F.,.F.,(4,4),(0.,0.000808103159814826),.UNSPECIFIED.);
#79=B_SPLINE_CURVE_WITH_KNOTS('',3,(#9167,#9168,#9169,#9170),
 .UNSPECIFIED.,.F.,.F.,(4,4),(0.,0.000797862384364293),.UNSPECIFIED.);
#80=B_SPLINE_CURVE_WITH_KNOTS('',3,(#9174,#9175,#9176,#9177),
 .UNSPECIFIED.,.F.,.F.,(4,4),(9.91081772381625E-18,0.000787163172761646),
 .UNSPECIFIED.);
#81=B_SPLINE_CURVE_WITH_KNOTS('',3,(#9178,#9179,#9180,#9181),
 .UNSPECIFIED.,.F.,.F.,(4,4),(9.91081772381625E-18,0.000788677455311366),
 .UNSPECIFIED.);
#82=B_SPLINE_CURVE_WITH_KNOTS('',3,(#9182,#9183,#9184,#9185),
 .UNSPECIFIED.,.F.,.F.,(4,4),(0.,0.000797877604262171),.UNSPECIFIED.);
#83=B_SPLINE_CURVE_WITH_KNOTS('',3,(#9246,#9247,#9248,#9249),
 .UNSPECIFIED.,.F.,.F.,(4,4),(0.,0.000781523915368411),.UNSPECIFIED.);
#84=B_SPLINE_CURVE_WITH_KNOTS('',3,(#9279,#9280,#9281,#9282),
 .UNSPECIFIED.,.F.,.F.,(4,4),(0.,0.000797607487735539),.UNSPECIFIED.);
#85=B_SPLINE_CURVE_WITH_KNOTS('',3,(#9289,#9290,#9291,#9292,#9293),
 .UNSPECIFIED.,.F.,.F.,(4,1,4),(0.,0.000436283912763318,0.000872567825526636),
 .UNSPECIFIED.);
#86=B_SPLINE_CURVE_WITH_KNOTS('',3,(#9316,#9317,#9318,#9319),
 .UNSPECIFIED.,.F.,.F.,(4,4),(0.,0.000781197374641847),.UNSPECIFIED.);
#87=B_SPLINE_CURVE_WITH_KNOTS('',3,(#9569,#9570,#9571,#9572,#9573,#9574,
#9575,#9576,#9577,#9578),.UNSPECIFIED.,.F.,.F.,(4,1,1,1,1,1,1,4),(1.96281018440038E-7,
0.000147195925179289,0.000294195569340138,0.000588194857661836,0.000882194145983534,
0.00117619343430523,0.00176419201094863,0.00235219058759202),
 .UNSPECIFIED.);
#88=B_SPLINE_CURVE_WITH_KNOTS('',3,(#9579,#9580,#9581,#9582,#9583,#9584,
#9585,#9586,#9587,#9588),.UNSPECIFIED.,.F.,.F.,(4,1,1,1,1,1,1,4),(1.96243980884818E-7,
0.000147195890456565,0.000294195536932245,0.000588194829883605,0.000882194122834965,
0.00117619341578632,0.00176419200168904,0.00235219058759176),
 .UNSPECIFIED.);
#89=B_SPLINE_CURVE_WITH_KNOTS('',3,(#9590,#9591,#9592,#9593,#9594,#9595,
#9596,#9597,#9598,#9599),.UNSPECIFIED.,.F.,.F.,(4,1,1,1,1,1,1,4),(1.96281019573019E-7,
0.000147195925180357,0.000294195569341141,0.000588194857662708,0.000882194145984276,
0.00117619343430584,0.00176419201094898,0.00235219058759211),
 .UNSPECIFIED.);
#90=B_SPLINE_CURVE_WITH_KNOTS('',3,(#9601,#9602,#9603,#9604,#9605,#9606,
#9607,#9608,#9609,#9610),.UNSPECIFIED.,.F.,.F.,(4,1,1,1,1,1,1,4),(1.96281018440251E-7,
0.000147195925179289,0.000294195569340137,0.000588194857661834,0.000882194145983531,
0.00117619343430523,0.00176419201094862,0.00235219058759202),
 .UNSPECIFIED.);
#91=B_SPLINE_CURVE_WITH_KNOTS('',3,(#9614,#9615,#9616,#9617,#9618,#9619,
#9620,#9621,#9622,#9623),.UNSPECIFIED.,.F.,.F.,(4,1,1,1,1,1,1,4),(1.96281019573911E-7,
0.000147195925180358,0.000294195569341141,0.000588194857662708,0.000882194145984276,
0.00117619343430584,0.00176419201094898,0.00235219058759211),
 .UNSPECIFIED.);
#92=B_SPLINE_CURVE_WITH_KNOTS('',3,(#9624,#9625,#9626,#9627,#9628,#9629,
#9630,#9631,#9632,#9633),.UNSPECIFIED.,.F.,.F.,(4,1,1,1,1,1,1,4),(1.9628101844091E-7,
0.00014719592517929,0.000294195569340139,0.000588194857661836,0.000882194145983534,
0.00117619343430523,0.00176419201094863,0.00235219058759202),
 .UNSPECIFIED.);
#93=B_SPLINE_CURVE_WITH_KNOTS('',3,(#9635,#9636,#9637,#9638,#9639),
 .UNSPECIFIED.,.F.,.F.,(4,1,4),(1.9579779946325E-7,0.000523509332420283,
0.0010468228670411),.UNSPECIFIED.);
#94=B_SPLINE_CURVE_WITH_KNOTS('',3,(#9640,#9641,#9642,#9643,#9644),
 .UNSPECIFIED.,.F.,.F.,(4,1,4),(1.95792951557211E-7,0.000523509329996374,
0.00104682286704119),.UNSPECIFIED.);
#95=B_SPLINE_CURVE_WITH_KNOTS('',3,(#9646,#9647,#9648,#9649,#9650),
 .UNSPECIFIED.,.F.,.F.,(4,1,4),(1.9579780199319E-7,0.000523509332421592,
0.00104682286704119),.UNSPECIFIED.);
#96=B_SPLINE_CURVE_WITH_KNOTS('',3,(#9652,#9653,#9654,#9655,#9656),
 .UNSPECIFIED.,.F.,.F.,(4,1,4),(1.95797799464948E-7,0.000523509332420287,
0.00104682286704111),.UNSPECIFIED.);
#97=B_SPLINE_CURVE_WITH_KNOTS('',3,(#9660,#9661,#9662,#9663,#9664),
 .UNSPECIFIED.,.F.,.F.,(4,1,4),(1.95797802003582E-7,0.000523509332421603,
0.0010468228670412),.UNSPECIFIED.);
#98=B_SPLINE_CURVE_WITH_KNOTS('',3,(#9665,#9666,#9667,#9668,#9669),
 .UNSPECIFIED.,.F.,.F.,(4,1,4),(1.95797799464948E-7,0.000523509332420289,
0.00104682286704111),.UNSPECIFIED.);
#99=B_SPLINE_CURVE_WITH_KNOTS('',3,(#9671,#9672,#9673,#9674,#9675),
 .UNSPECIFIED.,.F.,.F.,(4,1,4),(1.96711203913944E-7,0.000444252090681893,
0.000888307470159872),.UNSPECIFIED.);
#100=B_SPLINE_CURVE_WITH_KNOTS('',3,(#9676,#9677,#9678,#9679,#9680),
 .UNSPECIFIED.,.F.,.F.,(4,1,4),(1.96711203913944E-7,0.000444252090681895,
0.000888307470159877),.UNSPECIFIED.);
#101=B_SPLINE_CURVE_WITH_KNOTS('',3,(#9682,#9683,#9684,#9685,#9686),
 .UNSPECIFIED.,.F.,.F.,(4,1,4),(1.96711203899373E-7,0.000444252090681869,
0.000888307470159839),.UNSPECIFIED.);
#102=B_SPLINE_CURVE_WITH_KNOTS('',3,(#9688,#9689,#9690,#9691,#9692),
 .UNSPECIFIED.,.F.,.F.,(4,1,4),(1.96711203913944E-7,0.000444252090681894,
0.000888307470159873),.UNSPECIFIED.);
#103=B_SPLINE_CURVE_WITH_KNOTS('',3,(#9696,#9697,#9698,#9699,#9700),
 .UNSPECIFIED.,.F.,.F.,(4,1,4),(1.96711203900226E-7,0.000444252090681871,
0.000888307470159841),.UNSPECIFIED.);
#104=B_SPLINE_CURVE_WITH_KNOTS('',3,(#9701,#9702,#9703,#9704,#9705),
 .UNSPECIFIED.,.F.,.F.,(4,1,4),(1.96711203913517E-7,0.00044425209068189,
0.000888307470159867),.UNSPECIFIED.);
#105=B_SPLINE_CURVE_WITH_KNOTS('',3,(#9707,#9708,#9709,#9710),
 .UNSPECIFIED.,.F.,.F.,(4,4),(1.96998668303931E-7,0.000821534429494536),
 .UNSPECIFIED.);
#106=B_SPLINE_CURVE_WITH_KNOTS('',3,(#9712,#9713,#9714,#9715),
 .UNSPECIFIED.,.F.,.F.,(4,4),(1.96998668303931E-7,0.000821534429494536),
 .UNSPECIFIED.);
#107=B_SPLINE_CURVE_WITH_KNOTS('',3,(#9719,#9720,#9721,#9722),
 .UNSPECIFIED.,.F.,.F.,(4,4),(1.96998668303931E-7,0.000821534429494538),
 .UNSPECIFIED.);
#108=B_SPLINE_CURVE_WITH_KNOTS('',3,(#9726,#9727,#9728,#9729),
 .UNSPECIFIED.,.F.,.F.,(4,4),(1.96998668303931E-7,0.000821534429494536),
 .UNSPECIFIED.);
#109=B_SPLINE_CURVE_WITH_KNOTS('',3,(#9731,#9732,#9733,#9734),
 .UNSPECIFIED.,.F.,.F.,(4,4),(1.96998668303931E-7,0.000821534429494537),
 .UNSPECIFIED.);
#110=B_SPLINE_CURVE_WITH_KNOTS('',3,(#9736,#9737,#9738,#9739),
 .UNSPECIFIED.,.F.,.F.,(4,4),(1.96998668303931E-7,0.000821534429494538),
 .UNSPECIFIED.);
#111=B_SPLINE_CURVE_WITH_KNOTS('',3,(#9743,#9744,#9745,#9746),
 .UNSPECIFIED.,.F.,.F.,(4,4),(1.96998668303931E-7,0.000821534429494539),
 .UNSPECIFIED.);
#112=B_SPLINE_CURVE_WITH_KNOTS('',3,(#9751,#9752,#9753,#9754),
 .UNSPECIFIED.,.F.,.F.,(4,4),(1.96998668303931E-7,0.000821534429494536),
 .UNSPECIFIED.);
#113=B_SPLINE_CURVE_WITH_KNOTS('',3,(#9805,#9806,#9807,#9808,#9809,#9810,
#9811,#9812,#9813,#9814),.UNSPECIFIED.,.F.,.F.,(4,1,1,1,1,1,1,4),(1.96281019574124E-7,
0.000147195925180358,0.000294195569341143,0.000588194857662711,0.000882194145984279,
0.00117619343430585,0.00176419201094898,0.00235219058759212),
 .UNSPECIFIED.);
#114=B_SPLINE_CURVE_WITH_KNOTS('',3,(#9815,#9816,#9817,#9818,#9819,#9820,
#9821,#9822,#9823,#9824),.UNSPECIFIED.,.F.,.F.,(4,1,1,1,1,1,1,4),(1.96243980884818E-7,
0.000147195890456587,0.000294195536932289,0.000588194829883694,0.000882194122835098,
0.0011761934157865,0.00176419200168931,0.00235219058759212),
 .UNSPECIFIED.);
#115=B_SPLINE_CURVE_WITH_KNOTS('',3,(#9826,#9827,#9828,#9829,#9830),
 .UNSPECIFIED.,.F.,.F.,(4,1,4),(1.9579780199319E-7,0.00052350933242159,
0.00104682286704119),.UNSPECIFIED.);
#116=B_SPLINE_CURVE_WITH_KNOTS('',3,(#9831,#9832,#9833,#9834,#9835),
 .UNSPECIFIED.,.F.,.F.,(4,1,4),(1.95792951557211E-7,0.000523509329996374,
0.00104682286704119),.UNSPECIFIED.);
#117=B_SPLINE_CURVE_WITH_KNOTS('',3,(#9837,#9838,#9839,#9840,#9841),
 .UNSPECIFIED.,.F.,.F.,(4,1,4),(1.96711203913517E-7,0.000444252090681889,
0.000888307470159865),.UNSPECIFIED.);
#118=B_SPLINE_CURVE_WITH_KNOTS('',3,(#9842,#9843,#9844,#9845,#9846),
 .UNSPECIFIED.,.F.,.F.,(4,1,4),(1.96711203899373E-7,0.000444252090681869,
0.000888307470159839),.UNSPECIFIED.);
#119=B_SPLINE_CURVE_WITH_KNOTS('',3,(#10606,#10607,#10608,#10609,#10610),
 .UNSPECIFIED.,.F.,.F.,(4,1,4),(0.,0.000436955214586845,0.000873910429173689),
 .UNSPECIFIED.);
#120=B_SPLINE_CURVE_WITH_KNOTS('',3,(#10615,#10616,#10617,#10618),
 .UNSPECIFIED.,.F.,.F.,(4,4),(0.,0.000797590101817526),.UNSPECIFIED.);
#121=B_SPLINE_CURVE_WITH_KNOTS('',3,(#10822,#10823,#10824,#10825),
 .UNSPECIFIED.,.F.,.F.,(4,4),(0.,0.000839732967329061),.UNSPECIFIED.);
#122=B_SPLINE_CURVE_WITH_KNOTS('',3,(#10834,#10835,#10836,#10837),
 .UNSPECIFIED.,.F.,.F.,(4,4),(0.,0.000781958170560865),.UNSPECIFIED.);
#123=B_SPLINE_CURVE_WITH_KNOTS('',3,(#10840,#10841,#10842,#10843),
 .UNSPECIFIED.,.F.,.F.,(4,4),(0.,0.000781958170560865),.UNSPECIFIED.);
#124=B_SPLINE_CURVE_WITH_KNOTS('',3,(#10870,#10871,#10872,#10873,#10874),
 .UNSPECIFIED.,.F.,.F.,(4,1,4),(0.,0.000433721563348809,0.000867443126697618),
 .UNSPECIFIED.);
#125=B_SPLINE_CURVE_WITH_KNOTS('',3,(#10878,#10879,#10880,#10881,#10882),
 .UNSPECIFIED.,.F.,.F.,(4,1,4),(0.,0.000433721563348815,0.000867443126697631),
 .UNSPECIFIED.);
#126=B_SPLINE_CURVE_WITH_KNOTS('',3,(#10892,#10893,#10894,#10895),
 .UNSPECIFIED.,.F.,.F.,(4,4),(0.,0.000828473224795101),.UNSPECIFIED.);
#127=B_SPLINE_CURVE_WITH_KNOTS('',3,(#10899,#10900,#10901,#10902),
 .UNSPECIFIED.,.F.,.F.,(4,4),(0.,0.000782062309872455),.UNSPECIFIED.);
#128=B_SPLINE_CURVE_WITH_KNOTS('',3,(#10916,#10917,#10918,#10919),
 .UNSPECIFIED.,.F.,.F.,(4,4),(0.,0.000828473224795097),.UNSPECIFIED.);
#129=B_SPLINE_CURVE_WITH_KNOTS('',3,(#10923,#10924,#10925,#10926),
 .UNSPECIFIED.,.F.,.F.,(4,4),(0.,0.000782062309872455),.UNSPECIFIED.);
#130=B_SPLINE_CURVE_WITH_KNOTS('',3,(#10956,#10957,#10958,#10959,#10960),
 .UNSPECIFIED.,.F.,.F.,(4,1,4),(0.,0.000433937699835545,0.000867875399671091),
 .UNSPECIFIED.);
#131=B_SPLINE_CURVE_WITH_KNOTS('',3,(#10964,#10965,#10966,#10967,#10968),
 .UNSPECIFIED.,.F.,.F.,(4,1,4),(0.,0.000433937699835549,0.000867875399671097),
 .UNSPECIFIED.);
#132=CYLINDRICAL_SURFACE('',#6314,0.0005);
#133=CYLINDRICAL_SURFACE('',#6315,0.0005);
#134=CYLINDRICAL_SURFACE('',#6317,0.0128921276480053);
#135=CYLINDRICAL_SURFACE('',#6320,0.0128921276480053);
#136=CYLINDRICAL_SURFACE('',#6350,0.029);
#137=CYLINDRICAL_SURFACE('',#6364,0.0128921276480053);
#138=CYLINDRICAL_SURFACE('',#6369,0.013218308969136);
#139=CYLINDRICAL_SURFACE('',#6391,0.023);
#140=CYLINDRICAL_SURFACE('',#6394,0.023);
#141=CYLINDRICAL_SURFACE('',#6397,0.023);
#142=CYLINDRICAL_SURFACE('',#6413,0.0245);
#143=CYLINDRICAL_SURFACE('',#6416,0.0245);
#144=CYLINDRICAL_SURFACE('',#6419,0.0245);
#145=CYLINDRICAL_SURFACE('',#6435,0.026);
#146=CYLINDRICAL_SURFACE('',#6438,0.026);
#147=CYLINDRICAL_SURFACE('',#6441,0.026);
#148=CYLINDRICAL_SURFACE('',#6457,0.0275);
#149=CYLINDRICAL_SURFACE('',#6460,0.0275);
#150=CYLINDRICAL_SURFACE('',#6463,0.0275);
#151=CYLINDRICAL_SURFACE('',#6493,0.023);
#152=CYLINDRICAL_SURFACE('',#6498,0.0245);
#153=CYLINDRICAL_SURFACE('',#6502,0.026);
#154=CYLINDRICAL_SURFACE('',#6507,0.0275);
#155=CYLINDRICAL_SURFACE('',#6519,0.02225);
#156=CYLINDRICAL_SURFACE('',#6525,0.02);
#157=CYLINDRICAL_SURFACE('',#6529,0.0215);
#158=CYLINDRICAL_SURFACE('',#6533,0.006733);
#159=CYLINDRICAL_SURFACE('',#6544,0.0225);
#160=CYLINDRICAL_SURFACE('',#6605,0.006733);
#161=CYLINDRICAL_SURFACE('',#6606,0.0225);
#162=CYLINDRICAL_SURFACE('',#6642,0.006733);
#163=CYLINDRICAL_SURFACE('',#6643,0.0225);
#164=CYLINDRICAL_SURFACE('',#6644,0.006733);
#165=CYLINDRICAL_SURFACE('',#6655,0.0225);
#166=CYLINDRICAL_SURFACE('',#6691,0.0025);
#167=CYLINDRICAL_SURFACE('',#6699,0.0025);
#168=CYLINDRICAL_SURFACE('',#6705,0.0097729140280736);
#169=CYLINDRICAL_SURFACE('',#6724,0.00710782684741534);
#170=CYLINDRICAL_SURFACE('',#6726,0.00719565649560554);
#171=CYLINDRICAL_SURFACE('',#6728,0.00523700280507674);
#172=CYLINDRICAL_SURFACE('',#6751,0.0015);
#173=CYLINDRICAL_SURFACE('',#6759,0.0015);
#174=CYLINDRICAL_SURFACE('',#6761,0.0025);
#175=CYLINDRICAL_SURFACE('',#6765,0.0025);
#176=CYLINDRICAL_SURFACE('',#6771,0.013218308969136);
#177=CYLINDRICAL_SURFACE('',#6779,0.0097729140280736);
#178=CYLINDRICAL_SURFACE('',#6782,0.00710782684741534);
#179=CYLINDRICAL_SURFACE('',#6786,0.00719565649560554);
#180=CYLINDRICAL_SURFACE('',#6790,0.00523700280507674);
#181=CYLINDRICAL_SURFACE('',#6801,0.0128921276480053);
#182=CYLINDRICAL_SURFACE('',#6821,0.0015);
#183=CYLINDRICAL_SURFACE('',#6828,0.0015);
#184=CYLINDRICAL_SURFACE('',#6830,0.0005);
#185=CYLINDRICAL_SURFACE('',#6834,0.0005);
#186=CYLINDRICAL_SURFACE('',#6835,0.0005);
#187=CYLINDRICAL_SURFACE('',#6839,0.0005);
#188=CYLINDRICAL_SURFACE('',#6840,0.0005);
#189=CYLINDRICAL_SURFACE('',#6844,0.0005);
#190=CYLINDRICAL_SURFACE('',#6845,0.0005);
#191=CYLINDRICAL_SURFACE('',#6849,0.0005);
#192=CYLINDRICAL_SURFACE('',#6851,0.0005);
#193=CYLINDRICAL_SURFACE('',#6852,0.0005);
#194=CYLINDRICAL_SURFACE('',#6853,0.0005);
#195=CYLINDRICAL_SURFACE('',#6854,0.0005);
#196=CYLINDRICAL_SURFACE('',#6855,0.0005);
#197=CYLINDRICAL_SURFACE('',#6856,0.0005);
#198=CYLINDRICAL_SURFACE('',#6857,0.0005);
#199=CYLINDRICAL_SURFACE('',#6858,0.0005);
#200=CYLINDRICAL_SURFACE('',#6860,0.0005);
#201=CYLINDRICAL_SURFACE('',#6862,0.0005);
#202=CYLINDRICAL_SURFACE('',#6864,0.0005);
#203=CYLINDRICAL_SURFACE('',#6866,0.0005);
#204=CYLINDRICAL_SURFACE('',#6868,0.0005);
#205=CYLINDRICAL_SURFACE('',#6871,0.0005);
#206=CYLINDRICAL_SURFACE('',#6872,0.0005);
#207=CYLINDRICAL_SURFACE('',#6875,0.0005);
#208=CYLINDRICAL_SURFACE('',#6877,0.0005);
#209=CYLINDRICAL_SURFACE('',#6879,0.0005);
#210=CYLINDRICAL_SURFACE('',#6882,0.0005);
#211=CYLINDRICAL_SURFACE('',#6886,0.002);
#212=CYLINDRICAL_SURFACE('',#6889,0.002);
#213=CYLINDRICAL_SURFACE('',#6892,0.002);
#214=CYLINDRICAL_SURFACE('',#6895,0.002);
#215=CYLINDRICAL_SURFACE('',#6898,0.0005);
#216=CYLINDRICAL_SURFACE('',#6903,0.0005);
#217=CYLINDRICAL_SURFACE('',#6904,0.0005);
#218=CYLINDRICAL_SURFACE('',#6907,0.0005);
#219=CYLINDRICAL_SURFACE('',#6909,0.0005);
#220=CYLINDRICAL_SURFACE('',#6913,0.0005);
#221=CYLINDRICAL_SURFACE('',#6915,0.0005);
#222=CYLINDRICAL_SURFACE('',#6919,0.0005);
#223=CYLINDRICAL_SURFACE('',#6921,0.0005);
#224=CYLINDRICAL_SURFACE('',#6923,0.0005);
#225=CYLINDRICAL_SURFACE('',#6925,0.0005);
#226=CYLINDRICAL_SURFACE('',#6931,0.0005);
#227=CYLINDRICAL_SURFACE('',#6932,0.0005);
#228=CYLINDRICAL_SURFACE('',#6935,0.0005);
#229=CYLINDRICAL_SURFACE('',#6937,0.0005);
#230=CYLINDRICAL_SURFACE('',#6941,0.0005);
#231=CYLINDRICAL_SURFACE('',#6943,0.0005);
#232=CYLINDRICAL_SURFACE('',#6947,0.0005);
#233=CYLINDRICAL_SURFACE('',#6949,0.0005);
#234=CYLINDRICAL_SURFACE('',#6953,0.0005);
#235=CYLINDRICAL_SURFACE('',#6955,0.0005);
#236=CYLINDRICAL_SURFACE('',#6959,0.0005);
#237=CYLINDRICAL_SURFACE('',#6961,0.0005);
#238=CYLINDRICAL_SURFACE('',#6963,0.0005);
#239=CYLINDRICAL_SURFACE('',#6964,0.0005);
#240=CYLINDRICAL_SURFACE('',#6969,0.0005);
#241=CYLINDRICAL_SURFACE('',#6971,0.0005);
#242=CYLINDRICAL_SURFACE('',#6973,0.0005);
#243=CIRCLE('',#6302,0.002);
#244=CIRCLE('',#6303,0.0005);
#245=CIRCLE('',#6304,0.0005);
#246=CIRCLE('',#6306,0.002);
#247=CIRCLE('',#6310,0.0005);
#248=CIRCLE('',#6311,0.002);
#249=CIRCLE('',#6313,0.002);
#250=CIRCLE('',#6318,0.0128921276480053);
#251=CIRCLE('',#6319,0.0128921276480053);
#252=CIRCLE('',#6321,0.0128921276480053);
#253=CIRCLE('',#6322,0.0128921276480053);
#254=CIRCLE('',#6324,0.002);
#255=CIRCLE('',#6325,0.0005);
#256=CIRCLE('',#6327,0.0005);
#257=CIRCLE('',#6329,0.0005);
#258=CIRCLE('',#6331,0.029);
#259=CIRCLE('',#6333,0.029);
#260=CIRCLE('',#6334,0.0015);
#261=CIRCLE('',#6335,0.0128921276480053);
#262=CIRCLE('',#6336,0.013218308969136);
#263=CIRCLE('',#6337,0.002);
#264=CIRCLE('',#6339,0.029);
#265=CIRCLE('',#6341,0.002);
#266=CIRCLE('',#6342,0.002);
#267=CIRCLE('',#6345,0.0123921276480053);
#268=CIRCLE('',#6346,0.00523700280507674);
#269=CIRCLE('',#6347,0.00719565649560554);
#270=CIRCLE('',#6348,0.00710782684741534);
#271=CIRCLE('',#6349,0.0097729140280736);
#272=CIRCLE('',#6351,0.029);
#273=CIRCLE('',#6352,0.029);
#274=CIRCLE('',#6353,0.029);
#275=CIRCLE('',#6354,0.029);
#276=CIRCLE('',#6356,0.0015);
#277=CIRCLE('',#6359,0.0005);
#278=CIRCLE('',#6361,0.0015);
#279=CIRCLE('',#6362,0.0128921276480053);
#280=CIRCLE('',#6365,0.0128921276480053);
#281=CIRCLE('',#6366,0.0128921276480053);
#282=CIRCLE('',#6368,0.0005);
#283=CIRCLE('',#6370,0.013218308969136);
#284=CIRCLE('',#6371,0.013218308969136);
#285=CIRCLE('',#6372,0.013218308969136);
#286=CIRCLE('',#6373,0.013218308969136);
#287=CIRCLE('',#6374,0.013218308969136);
#288=CIRCLE('',#6376,0.0128921276480053);
#289=CIRCLE('',#6377,0.0015);
#290=CIRCLE('',#6378,0.002);
#291=CIRCLE('',#6382,0.0005);
#292=CIRCLE('',#6384,0.0123921276480053);
#293=CIRCLE('',#6385,0.00523700280507674);
#294=CIRCLE('',#6386,0.00719565649560554);
#295=CIRCLE('',#6387,0.00710782684741534);
#296=CIRCLE('',#6388,0.0097729140280736);
#297=CIRCLE('',#6390,0.0015);
#298=CIRCLE('',#6392,0.023);
#299=CIRCLE('',#6393,0.023);
#300=CIRCLE('',#6395,0.023);
#301=CIRCLE('',#6396,0.023);
#302=CIRCLE('',#6398,0.023);
#303=CIRCLE('',#6399,0.023);
#304=CIRCLE('',#6401,0.006733);
#305=CIRCLE('',#6402,0.024);
#306=CIRCLE('',#6403,0.006733);
#307=CIRCLE('',#6405,0.024);
#308=CIRCLE('',#6406,0.006733);
#309=CIRCLE('',#6407,0.023);
#310=CIRCLE('',#6408,0.006733);
#311=CIRCLE('',#6410,0.024);
#312=CIRCLE('',#6411,0.006733);
#313=CIRCLE('',#6412,0.006733);
#314=CIRCLE('',#6414,0.0245);
#315=CIRCLE('',#6415,0.0245);
#316=CIRCLE('',#6417,0.0245);
#317=CIRCLE('',#6418,0.0245);
#318=CIRCLE('',#6420,0.0245);
#319=CIRCLE('',#6421,0.0245);
#320=CIRCLE('',#6423,0.006733);
#321=CIRCLE('',#6424,0.0255);
#322=CIRCLE('',#6425,0.006733);
#323=CIRCLE('',#6427,0.0255);
#324=CIRCLE('',#6428,0.006733);
#325=CIRCLE('',#6429,0.0245);
#326=CIRCLE('',#6430,0.006733);
#327=CIRCLE('',#6432,0.0255);
#328=CIRCLE('',#6433,0.006733);
#329=CIRCLE('',#6434,0.006733);
#330=CIRCLE('',#6436,0.026);
#331=CIRCLE('',#6437,0.026);
#332=CIRCLE('',#6439,0.026);
#333=CIRCLE('',#6440,0.026);
#334=CIRCLE('',#6442,0.026);
#335=CIRCLE('',#6443,0.026);
#336=CIRCLE('',#6445,0.026);
#337=CIRCLE('',#6446,0.006733);
#338=CIRCLE('',#6447,0.027);
#339=CIRCLE('',#6448,0.006733);
#340=CIRCLE('',#6450,0.027);
#341=CIRCLE('',#6451,0.006733);
#342=CIRCLE('',#6452,0.006733);
#343=CIRCLE('',#6454,0.027);
#344=CIRCLE('',#6455,0.006733);
#345=CIRCLE('',#6456,0.006733);
#346=CIRCLE('',#6458,0.0275);
#347=CIRCLE('',#6459,0.0275);
#348=CIRCLE('',#6461,0.0275);
#349=CIRCLE('',#6462,0.0275);
#350=CIRCLE('',#6464,0.0275);
#351=CIRCLE('',#6465,0.0275);
#352=CIRCLE('',#6468,0.027);
#353=CIRCLE('',#6472,0.0255);
#354=CIRCLE('',#6476,0.0245);
#355=CIRCLE('',#6479,0.0225);
#356=CIRCLE('',#6481,0.0225);
#357=CIRCLE('',#6483,0.0225);
#358=CIRCLE('',#6485,0.0225);
#359=CIRCLE('',#6486,0.023);
#360=CIRCLE('',#6488,0.0215);
#361=CIRCLE('',#6489,0.0225);
#362=CIRCLE('',#6490,0.0225);
#363=CIRCLE('',#6491,0.0225);
#364=CIRCLE('',#6492,0.0225);
#365=CIRCLE('',#6495,0.006733);
#366=CIRCLE('',#6496,0.024);
#367=CIRCLE('',#6497,0.006733);
#368=CIRCLE('',#6500,0.006733);
#369=CIRCLE('',#6501,0.006733);
#370=CIRCLE('',#6503,0.026);
#371=CIRCLE('',#6505,0.006733);
#372=CIRCLE('',#6506,0.006733);
#373=CIRCLE('',#6508,0.0275);
#374=CIRCLE('',#6509,0.0275);
#375=CIRCLE('',#6511,0.0285);
#376=CIRCLE('',#6512,0.006733);
#377=CIRCLE('',#6513,0.006733);
#378=CIRCLE('',#6514,0.006733);
#379=CIRCLE('',#6515,0.006733);
#380=CIRCLE('',#6520,0.02225);
#381=CIRCLE('',#6521,0.02225);
#382=CIRCLE('',#6522,0.02225);
#383=CIRCLE('',#6524,0.02);
#384=CIRCLE('',#6526,0.02);
#385=CIRCLE('',#6528,0.021);
#386=CIRCLE('',#6530,0.0215);
#387=CIRCLE('',#6534,0.006733);
#388=CIRCLE('',#6535,0.006733);
#389=CIRCLE('',#6536,0.00673300000000009);
#390=CIRCLE('',#6537,0.006733);
#391=CIRCLE('',#6538,0.006733);
#392=CIRCLE('',#6539,0.006733);
#393=CIRCLE('',#6540,0.00673300000000009);
#394=CIRCLE('',#6541,0.006733);
#395=CIRCLE('',#6542,0.006733);
#396=CIRCLE('',#6545,0.0225);
#397=CIRCLE('',#6546,0.0225);
#398=CIRCLE('',#6547,0.0225);
#399=CIRCLE('',#6548,0.0225);
#400=CIRCLE('',#6549,0.0225);
#401=CIRCLE('',#6550,0.0225);
#402=CIRCLE('',#6551,0.0225);
#403=CIRCLE('',#6552,0.0225);
#404=CIRCLE('',#6553,0.0225);
#405=CIRCLE('',#6571,0.0225);
#406=CIRCLE('',#6572,0.006733);
#407=CIRCLE('',#6575,0.0225);
#408=CIRCLE('',#6576,0.006733);
#409=CIRCLE('',#6579,0.0225);
#410=CIRCLE('',#6580,0.00673300000000009);
#411=CIRCLE('',#6583,0.006733);
#412=CIRCLE('',#6584,0.0225);
#413=CIRCLE('',#6587,0.0225);
#414=CIRCLE('',#6588,0.006733);
#415=CIRCLE('',#6591,0.006733);
#416=CIRCLE('',#6592,0.0225);
#417=CIRCLE('',#6595,0.00673300000000009);
#418=CIRCLE('',#6596,0.0225);
#419=CIRCLE('',#6599,0.006733);
#420=CIRCLE('',#6600,0.0225);
#421=CIRCLE('',#6603,0.0225);
#422=CIRCLE('',#6604,0.006733);
#423=CIRCLE('',#6608,0.0225);
#424=CIRCLE('',#6609,0.006733);
#425=CIRCLE('',#6612,0.0225);
#426=CIRCLE('',#6613,0.006733);
#427=CIRCLE('',#6616,0.0225);
#428=CIRCLE('',#6617,0.00673300000000009);
#429=CIRCLE('',#6620,0.006733);
#430=CIRCLE('',#6621,0.0225);
#431=CIRCLE('',#6624,0.0225);
#432=CIRCLE('',#6625,0.006733);
#433=CIRCLE('',#6628,0.006733);
#434=CIRCLE('',#6629,0.0225);
#435=CIRCLE('',#6632,0.00673300000000009);
#436=CIRCLE('',#6633,0.0225);
#437=CIRCLE('',#6636,0.006733);
#438=CIRCLE('',#6637,0.0225);
#439=CIRCLE('',#6640,0.0225);
#440=CIRCLE('',#6641,0.006733);
#441=CIRCLE('',#6645,0.006733);
#442=CIRCLE('',#6646,0.006733);
#443=CIRCLE('',#6647,0.00673300000000009);
#444=CIRCLE('',#6648,0.006733);
#445=CIRCLE('',#6649,0.006733);
#446=CIRCLE('',#6650,0.006733);
#447=CIRCLE('',#6651,0.00673300000000009);
#448=CIRCLE('',#6652,0.006733);
#449=CIRCLE('',#6653,0.006733);
#450=CIRCLE('',#6656,0.0225);
#451=CIRCLE('',#6657,0.0225);
#452=CIRCLE('',#6658,0.0225);
#453=CIRCLE('',#6659,0.0225);
#454=CIRCLE('',#6660,0.0225);
#455=CIRCLE('',#6661,0.0225);
#456=CIRCLE('',#6662,0.0225);
#457=CIRCLE('',#6663,0.0225);
#458=CIRCLE('',#6664,0.0225);
#459=CIRCLE('',#6682,0.02275);
#460=CIRCLE('',#6683,0.012718308969136);
#461=CIRCLE('',#6684,0.002);
#462=CIRCLE('',#6685,0.002);
#463=CIRCLE('',#6686,0.0285);
#464=CIRCLE('',#6687,0.002);
#465=CIRCLE('',#6688,0.002);
#466=CIRCLE('',#6689,0.012718308969136);
#467=CIRCLE('',#6692,0.0025);
#468=CIRCLE('',#6693,0.0025);
#469=CIRCLE('',#6696,0.002);
#470=CIRCLE('',#6697,0.002);
#471=CIRCLE('',#6700,0.0025);
#472=CIRCLE('',#6701,0.0025);
#473=CIRCLE('',#6706,0.0097729140280736);
#474=CIRCLE('',#6720,0.002);
#475=CIRCLE('',#6725,0.00710782684741534);
#476=CIRCLE('',#6727,0.00719565649560554);
#477=CIRCLE('',#6729,0.00523700280507674);
#478=CIRCLE('',#6744,0.002);
#479=CIRCLE('',#6745,0.0005);
#480=CIRCLE('',#6746,0.0005);
#481=CIRCLE('',#6752,0.0015);
#482=CIRCLE('',#6755,0.002);
#483=CIRCLE('',#6757,0.0005);
#484=CIRCLE('',#6762,0.0025);
#485=CIRCLE('',#6763,0.0025);
#486=CIRCLE('',#6766,0.0025);
#487=CIRCLE('',#6767,0.0025);
#488=CIRCLE('',#6769,0.013218308969136);
#489=CIRCLE('',#6770,0.0015);
#490=CIRCLE('',#6772,0.013218308969136);
#491=CIRCLE('',#6773,0.013218308969136);
#492=CIRCLE('',#6774,0.013218308969136);
#493=CIRCLE('',#6776,0.0128921276480053);
#494=CIRCLE('',#6780,0.0097729140280736);
#495=CIRCLE('',#6783,0.00710782684741534);
#496=CIRCLE('',#6787,0.00719565649560554);
#497=CIRCLE('',#6791,0.00523700280507674);
#498=CIRCLE('',#6797,0.002);
#499=CIRCLE('',#6802,0.0128921276480053);
#500=CIRCLE('',#6822,0.0015);
#501=CIRCLE('',#6825,0.002);
#502=CIRCLE('',#6827,0.0005);
#503=CIRCLE('',#6831,0.0005);
#504=CIRCLE('',#6833,0.0005);
#505=CIRCLE('',#6836,0.0005);
#506=CIRCLE('',#6838,0.0005);
#507=CIRCLE('',#6841,0.0005);
#508=CIRCLE('',#6843,0.0005);
#509=CIRCLE('',#6846,0.0005);
#510=CIRCLE('',#6848,0.0005);
#511=CIRCLE('',#6861,0.0005);
#512=CIRCLE('',#6865,0.0005);
#513=CIRCLE('',#6867,0.0005);
#514=CIRCLE('',#6869,0.0005);
#515=CIRCLE('',#6873,0.0005);
#516=CIRCLE('',#6878,0.0005);
#517=CIRCLE('',#6887,0.002);
#518=CIRCLE('',#6890,0.002);
#519=CIRCLE('',#6893,0.002);
#520=CIRCLE('',#6896,0.002);
#521=CIRCLE('',#6900,0.0005);
#522=CIRCLE('',#6902,0.0005);
#523=CIRCLE('',#6908,0.0005);
#524=CIRCLE('',#6912,0.0005);
#525=CIRCLE('',#6914,0.0005);
#526=CIRCLE('',#6917,0.0005);
#527=CIRCLE('',#6924,0.0005);
#528=CIRCLE('',#6926,0.0005);
#529=CIRCLE('',#6928,0.0005);
#530=CIRCLE('',#6930,0.0005);
#531=CIRCLE('',#6936,0.0005);
#532=CIRCLE('',#6940,0.0005);
#533=CIRCLE('',#6942,0.0005);
#534=CIRCLE('',#6946,0.0005);
#535=CIRCLE('',#6948,0.0005);
#536=CIRCLE('',#6952,0.0005);
#537=CIRCLE('',#6954,0.0005);
#538=CIRCLE('',#6958,0.0005);
#539=CIRCLE('',#6965,0.0005);
#540=CIRCLE('',#6968,0.0005);
#541=ORIENTED_EDGE('',*,*,#2385,.F.);
#542=ORIENTED_EDGE('',*,*,#2386,.T.);
#543=ORIENTED_EDGE('',*,*,#2387,.T.);
#544=ORIENTED_EDGE('',*,*,#2388,.T.);
#545=ORIENTED_EDGE('',*,*,#2389,.F.);
#546=ORIENTED_EDGE('',*,*,#2390,.T.);
#547=ORIENTED_EDGE('',*,*,#2391,.F.);
#548=ORIENTED_EDGE('',*,*,#2392,.F.);
#549=ORIENTED_EDGE('',*,*,#2393,.F.);
#550=ORIENTED_EDGE('',*,*,#2394,.T.);
#551=ORIENTED_EDGE('',*,*,#2395,.T.);
#552=ORIENTED_EDGE('',*,*,#2396,.F.);
#553=ORIENTED_EDGE('',*,*,#2397,.F.);
#554=ORIENTED_EDGE('',*,*,#2398,.T.);
#555=ORIENTED_EDGE('',*,*,#2399,.T.);
#556=ORIENTED_EDGE('',*,*,#2400,.F.);
#557=ORIENTED_EDGE('',*,*,#2401,.F.);
#558=ORIENTED_EDGE('',*,*,#2402,.F.);
#559=ORIENTED_EDGE('',*,*,#2403,.F.);
#560=ORIENTED_EDGE('',*,*,#2404,.T.);
#561=ORIENTED_EDGE('',*,*,#2405,.T.);
#562=ORIENTED_EDGE('',*,*,#2406,.T.);
#563=ORIENTED_EDGE('',*,*,#2407,.T.);
#564=ORIENTED_EDGE('',*,*,#2408,.F.);
#565=ORIENTED_EDGE('',*,*,#2409,.T.);
#566=ORIENTED_EDGE('',*,*,#2410,.T.);
#567=ORIENTED_EDGE('',*,*,#2411,.F.);
#568=ORIENTED_EDGE('',*,*,#2412,.T.);
#569=ORIENTED_EDGE('',*,*,#2413,.T.);
#570=ORIENTED_EDGE('',*,*,#2414,.T.);
#571=ORIENTED_EDGE('',*,*,#2415,.T.);
#572=ORIENTED_EDGE('',*,*,#2416,.F.);
#573=ORIENTED_EDGE('',*,*,#2417,.T.);
#574=ORIENTED_EDGE('',*,*,#2418,.F.);
#575=ORIENTED_EDGE('',*,*,#2404,.F.);
#576=ORIENTED_EDGE('',*,*,#2419,.F.);
#577=ORIENTED_EDGE('',*,*,#2420,.F.);
#578=ORIENTED_EDGE('',*,*,#2421,.F.);
#579=ORIENTED_EDGE('',*,*,#2387,.F.);
#580=ORIENTED_EDGE('',*,*,#2422,.F.);
#581=ORIENTED_EDGE('',*,*,#2423,.F.);
#582=ORIENTED_EDGE('',*,*,#2424,.T.);
#583=ORIENTED_EDGE('',*,*,#2413,.F.);
#584=ORIENTED_EDGE('',*,*,#2425,.F.);
#585=ORIENTED_EDGE('',*,*,#2426,.T.);
#586=ORIENTED_EDGE('',*,*,#2427,.T.);
#587=ORIENTED_EDGE('',*,*,#2428,.T.);
#588=ORIENTED_EDGE('',*,*,#2429,.T.);
#589=ORIENTED_EDGE('',*,*,#2430,.T.);
#590=ORIENTED_EDGE('',*,*,#2431,.T.);
#591=ORIENTED_EDGE('',*,*,#2432,.F.);
#592=ORIENTED_EDGE('',*,*,#2433,.F.);
#593=ORIENTED_EDGE('',*,*,#2434,.T.);
#594=ORIENTED_EDGE('',*,*,#2435,.T.);
#595=ORIENTED_EDGE('',*,*,#2436,.T.);
#596=ORIENTED_EDGE('',*,*,#2437,.T.);
#597=ORIENTED_EDGE('',*,*,#2438,.F.);
#598=ORIENTED_EDGE('',*,*,#2439,.T.);
#599=ORIENTED_EDGE('',*,*,#2440,.F.);
#600=ORIENTED_EDGE('',*,*,#2441,.T.);
#601=ORIENTED_EDGE('',*,*,#2442,.T.);
#602=ORIENTED_EDGE('',*,*,#2443,.T.);
#603=ORIENTED_EDGE('',*,*,#2444,.F.);
#604=ORIENTED_EDGE('',*,*,#2445,.T.);
#605=ORIENTED_EDGE('',*,*,#2446,.T.);
#606=ORIENTED_EDGE('',*,*,#2447,.F.);
#607=ORIENTED_EDGE('',*,*,#2448,.T.);
#608=ORIENTED_EDGE('',*,*,#2449,.T.);
#609=ORIENTED_EDGE('',*,*,#2450,.F.);
#610=ORIENTED_EDGE('',*,*,#2451,.T.);
#611=ORIENTED_EDGE('',*,*,#2409,.F.);
#612=ORIENTED_EDGE('',*,*,#2452,.F.);
#613=ORIENTED_EDGE('',*,*,#2453,.T.);
#614=ORIENTED_EDGE('',*,*,#2454,.T.);
#615=ORIENTED_EDGE('',*,*,#2455,.T.);
#616=ORIENTED_EDGE('',*,*,#2421,.T.);
#617=ORIENTED_EDGE('',*,*,#2456,.F.);
#618=ORIENTED_EDGE('',*,*,#2457,.T.);
#619=ORIENTED_EDGE('',*,*,#2445,.F.);
#620=ORIENTED_EDGE('',*,*,#2458,.F.);
#621=ORIENTED_EDGE('',*,*,#2459,.T.);
#622=ORIENTED_EDGE('',*,*,#2460,.F.);
#623=ORIENTED_EDGE('',*,*,#2461,.F.);
#624=ORIENTED_EDGE('',*,*,#2462,.F.);
#625=ORIENTED_EDGE('',*,*,#2463,.T.);
#626=ORIENTED_EDGE('',*,*,#2464,.T.);
#627=ORIENTED_EDGE('',*,*,#2465,.F.);
#628=ORIENTED_EDGE('',*,*,#2466,.T.);
#629=ORIENTED_EDGE('',*,*,#2467,.F.);
#630=ORIENTED_EDGE('',*,*,#2468,.T.);
#631=ORIENTED_EDGE('',*,*,#2469,.T.);
#632=ORIENTED_EDGE('',*,*,#2470,.F.);
#633=ORIENTED_EDGE('',*,*,#2471,.T.);
#634=ORIENTED_EDGE('',*,*,#2472,.F.);
#635=ORIENTED_EDGE('',*,*,#2473,.T.);
#636=ORIENTED_EDGE('',*,*,#2474,.T.);
#637=ORIENTED_EDGE('',*,*,#2475,.T.);
#638=ORIENTED_EDGE('',*,*,#2476,.T.);
#639=ORIENTED_EDGE('',*,*,#2477,.T.);
#640=ORIENTED_EDGE('',*,*,#2478,.T.);
#641=ORIENTED_EDGE('',*,*,#2402,.T.);
#642=ORIENTED_EDGE('',*,*,#2479,.T.);
#643=ORIENTED_EDGE('',*,*,#2400,.T.);
#644=ORIENTED_EDGE('',*,*,#2480,.F.);
#645=ORIENTED_EDGE('',*,*,#2481,.T.);
#646=ORIENTED_EDGE('',*,*,#2482,.T.);
#647=ORIENTED_EDGE('',*,*,#2483,.T.);
#648=ORIENTED_EDGE('',*,*,#2484,.F.);
#649=ORIENTED_EDGE('',*,*,#2485,.T.);
#650=ORIENTED_EDGE('',*,*,#2461,.T.);
#651=ORIENTED_EDGE('',*,*,#2486,.F.);
#652=ORIENTED_EDGE('',*,*,#2487,.F.);
#653=ORIENTED_EDGE('',*,*,#2488,.T.);
#654=ORIENTED_EDGE('',*,*,#2489,.F.);
#655=ORIENTED_EDGE('',*,*,#2490,.F.);
#656=ORIENTED_EDGE('',*,*,#2491,.F.);
#657=ORIENTED_EDGE('',*,*,#2492,.T.);
#658=ORIENTED_EDGE('',*,*,#2493,.F.);
#659=ORIENTED_EDGE('',*,*,#2494,.F.);
#660=ORIENTED_EDGE('',*,*,#2416,.T.);
#661=ORIENTED_EDGE('',*,*,#2495,.F.);
#662=ORIENTED_EDGE('',*,*,#2411,.T.);
#663=ORIENTED_EDGE('',*,*,#2496,.T.);
#664=ORIENTED_EDGE('',*,*,#2497,.T.);
#665=ORIENTED_EDGE('',*,*,#2484,.T.);
#666=ORIENTED_EDGE('',*,*,#2498,.T.);
#667=ORIENTED_EDGE('',*,*,#2499,.F.);
#668=ORIENTED_EDGE('',*,*,#2500,.F.);
#669=ORIENTED_EDGE('',*,*,#2501,.F.);
#670=ORIENTED_EDGE('',*,*,#2502,.F.);
#671=ORIENTED_EDGE('',*,*,#2503,.F.);
#672=ORIENTED_EDGE('',*,*,#2504,.T.);
#673=ORIENTED_EDGE('',*,*,#2505,.F.);
#674=ORIENTED_EDGE('',*,*,#2506,.F.);
#675=ORIENTED_EDGE('',*,*,#2507,.F.);
#676=ORIENTED_EDGE('',*,*,#2508,.T.);
#677=ORIENTED_EDGE('',*,*,#2509,.F.);
#678=ORIENTED_EDGE('',*,*,#2510,.F.);
#679=ORIENTED_EDGE('',*,*,#2511,.F.);
#680=ORIENTED_EDGE('',*,*,#2512,.T.);
#681=ORIENTED_EDGE('',*,*,#2513,.F.);
#682=ORIENTED_EDGE('',*,*,#2514,.F.);
#683=ORIENTED_EDGE('',*,*,#2515,.T.);
#684=ORIENTED_EDGE('',*,*,#2516,.T.);
#685=ORIENTED_EDGE('',*,*,#2517,.T.);
#686=ORIENTED_EDGE('',*,*,#2518,.T.);
#687=ORIENTED_EDGE('',*,*,#2519,.T.);
#688=ORIENTED_EDGE('',*,*,#2444,.T.);
#689=ORIENTED_EDGE('',*,*,#2520,.T.);
#690=ORIENTED_EDGE('',*,*,#2521,.F.);
#691=ORIENTED_EDGE('',*,*,#2522,.T.);
#692=ORIENTED_EDGE('',*,*,#2523,.F.);
#693=ORIENTED_EDGE('',*,*,#2524,.T.);
#694=ORIENTED_EDGE('',*,*,#2525,.F.);
#695=ORIENTED_EDGE('',*,*,#2526,.T.);
#696=ORIENTED_EDGE('',*,*,#2454,.F.);
#697=ORIENTED_EDGE('',*,*,#2527,.T.);
#698=ORIENTED_EDGE('',*,*,#2472,.T.);
#699=ORIENTED_EDGE('',*,*,#2528,.T.);
#700=ORIENTED_EDGE('',*,*,#2458,.T.);
#701=ORIENTED_EDGE('',*,*,#2529,.F.);
#702=ORIENTED_EDGE('',*,*,#2530,.T.);
#703=ORIENTED_EDGE('',*,*,#2432,.T.);
#704=ORIENTED_EDGE('',*,*,#2531,.T.);
#705=ORIENTED_EDGE('',*,*,#2532,.F.);
#706=ORIENTED_EDGE('',*,*,#2533,.T.);
#707=ORIENTED_EDGE('',*,*,#2534,.T.);
#708=ORIENTED_EDGE('',*,*,#2535,.F.);
#709=ORIENTED_EDGE('',*,*,#2536,.T.);
#710=ORIENTED_EDGE('',*,*,#2537,.T.);
#711=ORIENTED_EDGE('',*,*,#2538,.T.);
#712=ORIENTED_EDGE('',*,*,#2539,.F.);
#713=ORIENTED_EDGE('',*,*,#2540,.T.);
#714=ORIENTED_EDGE('',*,*,#2541,.T.);
#715=ORIENTED_EDGE('',*,*,#2542,.F.);
#716=ORIENTED_EDGE('',*,*,#2543,.F.);
#717=ORIENTED_EDGE('',*,*,#2544,.F.);
#718=ORIENTED_EDGE('',*,*,#2545,.T.);
#719=ORIENTED_EDGE('',*,*,#2546,.F.);
#720=ORIENTED_EDGE('',*,*,#2547,.T.);
#721=ORIENTED_EDGE('',*,*,#2548,.T.);
#722=ORIENTED_EDGE('',*,*,#2549,.F.);
#723=ORIENTED_EDGE('',*,*,#2550,.F.);
#724=ORIENTED_EDGE('',*,*,#2521,.T.);
#725=ORIENTED_EDGE('',*,*,#2551,.T.);
#726=ORIENTED_EDGE('',*,*,#2552,.F.);
#727=ORIENTED_EDGE('',*,*,#2553,.T.);
#728=ORIENTED_EDGE('',*,*,#2554,.F.);
#729=ORIENTED_EDGE('',*,*,#2555,.T.);
#730=ORIENTED_EDGE('',*,*,#2556,.F.);
#731=ORIENTED_EDGE('',*,*,#2557,.T.);
#732=ORIENTED_EDGE('',*,*,#2550,.T.);
#733=ORIENTED_EDGE('',*,*,#2558,.T.);
#734=ORIENTED_EDGE('',*,*,#2559,.T.);
#735=ORIENTED_EDGE('',*,*,#2560,.F.);
#736=ORIENTED_EDGE('',*,*,#2561,.T.);
#737=ORIENTED_EDGE('',*,*,#2562,.T.);
#738=ORIENTED_EDGE('',*,*,#2563,.T.);
#739=ORIENTED_EDGE('',*,*,#2564,.T.);
#740=ORIENTED_EDGE('',*,*,#2565,.T.);
#741=ORIENTED_EDGE('',*,*,#2566,.T.);
#742=ORIENTED_EDGE('',*,*,#2567,.F.);
#743=ORIENTED_EDGE('',*,*,#2568,.T.);
#744=ORIENTED_EDGE('',*,*,#2569,.T.);
#745=ORIENTED_EDGE('',*,*,#2570,.F.);
#746=ORIENTED_EDGE('',*,*,#2427,.F.);
#747=ORIENTED_EDGE('',*,*,#2571,.F.);
#748=ORIENTED_EDGE('',*,*,#2572,.T.);
#749=ORIENTED_EDGE('',*,*,#2565,.F.);
#750=ORIENTED_EDGE('',*,*,#2573,.F.);
#751=ORIENTED_EDGE('',*,*,#2574,.F.);
#752=ORIENTED_EDGE('',*,*,#2575,.F.);
#753=ORIENTED_EDGE('',*,*,#2576,.T.);
#754=ORIENTED_EDGE('',*,*,#2577,.T.);
#755=ORIENTED_EDGE('',*,*,#2571,.T.);
#756=ORIENTED_EDGE('',*,*,#2578,.F.);
#757=ORIENTED_EDGE('',*,*,#2579,.T.);
#758=ORIENTED_EDGE('',*,*,#2580,.F.);
#759=ORIENTED_EDGE('',*,*,#2581,.F.);
#760=ORIENTED_EDGE('',*,*,#2582,.T.);
#761=ORIENTED_EDGE('',*,*,#2556,.T.);
#762=ORIENTED_EDGE('',*,*,#2583,.T.);
#763=ORIENTED_EDGE('',*,*,#2391,.T.);
#764=ORIENTED_EDGE('',*,*,#2584,.F.);
#765=ORIENTED_EDGE('',*,*,#2523,.T.);
#766=ORIENTED_EDGE('',*,*,#2585,.T.);
#767=ORIENTED_EDGE('',*,*,#2586,.T.);
#768=ORIENTED_EDGE('',*,*,#2587,.T.);
#769=ORIENTED_EDGE('',*,*,#2525,.T.);
#770=ORIENTED_EDGE('',*,*,#2588,.T.);
#771=ORIENTED_EDGE('',*,*,#2389,.T.);
#772=ORIENTED_EDGE('',*,*,#2589,.F.);
#773=ORIENTED_EDGE('',*,*,#2583,.F.);
#774=ORIENTED_EDGE('',*,*,#2590,.T.);
#775=ORIENTED_EDGE('',*,*,#2591,.T.);
#776=ORIENTED_EDGE('',*,*,#2392,.T.);
#777=ORIENTED_EDGE('',*,*,#2569,.F.);
#778=ORIENTED_EDGE('',*,*,#2592,.T.);
#779=ORIENTED_EDGE('',*,*,#2593,.T.);
#780=ORIENTED_EDGE('',*,*,#2594,.T.);
#781=ORIENTED_EDGE('',*,*,#2595,.F.);
#782=ORIENTED_EDGE('',*,*,#2440,.T.);
#783=ORIENTED_EDGE('',*,*,#2596,.T.);
#784=ORIENTED_EDGE('',*,*,#2425,.T.);
#785=ORIENTED_EDGE('',*,*,#2597,.F.);
#786=ORIENTED_EDGE('',*,*,#2598,.F.);
#787=ORIENTED_EDGE('',*,*,#2599,.T.);
#788=ORIENTED_EDGE('',*,*,#2600,.T.);
#789=ORIENTED_EDGE('',*,*,#2601,.T.);
#790=ORIENTED_EDGE('',*,*,#2602,.F.);
#791=ORIENTED_EDGE('',*,*,#2603,.T.);
#792=ORIENTED_EDGE('',*,*,#2604,.T.);
#793=ORIENTED_EDGE('',*,*,#2394,.F.);
#794=ORIENTED_EDGE('',*,*,#2605,.F.);
#795=ORIENTED_EDGE('',*,*,#2385,.T.);
#796=ORIENTED_EDGE('',*,*,#2591,.F.);
#797=ORIENTED_EDGE('',*,*,#2606,.T.);
#798=ORIENTED_EDGE('',*,*,#2607,.T.);
#799=ORIENTED_EDGE('',*,*,#2438,.T.);
#800=ORIENTED_EDGE('',*,*,#2608,.T.);
#801=ORIENTED_EDGE('',*,*,#2609,.T.);
#802=ORIENTED_EDGE('',*,*,#2610,.T.);
#803=ORIENTED_EDGE('',*,*,#2611,.T.);
#804=ORIENTED_EDGE('',*,*,#2612,.T.);
#805=ORIENTED_EDGE('',*,*,#2613,.T.);
#806=ORIENTED_EDGE('',*,*,#2614,.T.);
#807=ORIENTED_EDGE('',*,*,#2615,.F.);
#808=ORIENTED_EDGE('',*,*,#2616,.T.);
#809=ORIENTED_EDGE('',*,*,#2617,.T.);
#810=ORIENTED_EDGE('',*,*,#2618,.T.);
#811=ORIENTED_EDGE('',*,*,#2619,.F.);
#812=ORIENTED_EDGE('',*,*,#2620,.T.);
#813=ORIENTED_EDGE('',*,*,#2621,.T.);
#814=ORIENTED_EDGE('',*,*,#2622,.T.);
#815=ORIENTED_EDGE('',*,*,#2623,.F.);
#816=ORIENTED_EDGE('',*,*,#2624,.F.);
#817=ORIENTED_EDGE('',*,*,#2625,.F.);
#818=ORIENTED_EDGE('',*,*,#2626,.F.);
#819=ORIENTED_EDGE('',*,*,#2627,.F.);
#820=ORIENTED_EDGE('',*,*,#2564,.F.);
#821=ORIENTED_EDGE('',*,*,#2628,.T.);
#822=ORIENTED_EDGE('',*,*,#2629,.T.);
#823=ORIENTED_EDGE('',*,*,#2630,.F.);
#824=ORIENTED_EDGE('',*,*,#2573,.T.);
#825=ORIENTED_EDGE('',*,*,#2631,.T.);
#826=ORIENTED_EDGE('',*,*,#2632,.T.);
#827=ORIENTED_EDGE('',*,*,#2633,.T.);
#828=ORIENTED_EDGE('',*,*,#2634,.F.);
#829=ORIENTED_EDGE('',*,*,#2635,.T.);
#830=ORIENTED_EDGE('',*,*,#2636,.T.);
#831=ORIENTED_EDGE('',*,*,#2637,.T.);
#832=ORIENTED_EDGE('',*,*,#2638,.F.);
#833=ORIENTED_EDGE('',*,*,#2639,.T.);
#834=ORIENTED_EDGE('',*,*,#2640,.F.);
#835=ORIENTED_EDGE('',*,*,#2641,.T.);
#836=ORIENTED_EDGE('',*,*,#2642,.T.);
#837=ORIENTED_EDGE('',*,*,#2633,.F.);
#838=ORIENTED_EDGE('',*,*,#2643,.T.);
#839=ORIENTED_EDGE('',*,*,#2644,.T.);
#840=ORIENTED_EDGE('',*,*,#2645,.F.);
#841=ORIENTED_EDGE('',*,*,#2646,.T.);
#842=ORIENTED_EDGE('',*,*,#2647,.F.);
#843=ORIENTED_EDGE('',*,*,#2648,.F.);
#844=ORIENTED_EDGE('',*,*,#2649,.T.);
#845=ORIENTED_EDGE('',*,*,#2650,.T.);
#846=ORIENTED_EDGE('',*,*,#2651,.F.);
#847=ORIENTED_EDGE('',*,*,#2639,.F.);
#848=ORIENTED_EDGE('',*,*,#2652,.T.);
#849=ORIENTED_EDGE('',*,*,#2653,.T.);
#850=ORIENTED_EDGE('',*,*,#2654,.T.);
#851=ORIENTED_EDGE('',*,*,#2655,.T.);
#852=ORIENTED_EDGE('',*,*,#2656,.F.);
#853=ORIENTED_EDGE('',*,*,#2657,.T.);
#854=ORIENTED_EDGE('',*,*,#2658,.T.);
#855=ORIENTED_EDGE('',*,*,#2659,.T.);
#856=ORIENTED_EDGE('',*,*,#2660,.F.);
#857=ORIENTED_EDGE('',*,*,#2661,.T.);
#858=ORIENTED_EDGE('',*,*,#2662,.F.);
#859=ORIENTED_EDGE('',*,*,#2663,.T.);
#860=ORIENTED_EDGE('',*,*,#2664,.T.);
#861=ORIENTED_EDGE('',*,*,#2655,.F.);
#862=ORIENTED_EDGE('',*,*,#2665,.T.);
#863=ORIENTED_EDGE('',*,*,#2666,.T.);
#864=ORIENTED_EDGE('',*,*,#2667,.F.);
#865=ORIENTED_EDGE('',*,*,#2668,.T.);
#866=ORIENTED_EDGE('',*,*,#2669,.F.);
#867=ORIENTED_EDGE('',*,*,#2670,.F.);
#868=ORIENTED_EDGE('',*,*,#2671,.T.);
#869=ORIENTED_EDGE('',*,*,#2672,.T.);
#870=ORIENTED_EDGE('',*,*,#2673,.F.);
#871=ORIENTED_EDGE('',*,*,#2661,.F.);
#872=ORIENTED_EDGE('',*,*,#2674,.T.);
#873=ORIENTED_EDGE('',*,*,#2675,.F.);
#874=ORIENTED_EDGE('',*,*,#2676,.T.);
#875=ORIENTED_EDGE('',*,*,#2677,.T.);
#876=ORIENTED_EDGE('',*,*,#2678,.T.);
#877=ORIENTED_EDGE('',*,*,#2679,.T.);
#878=ORIENTED_EDGE('',*,*,#2680,.T.);
#879=ORIENTED_EDGE('',*,*,#2681,.T.);
#880=ORIENTED_EDGE('',*,*,#2682,.F.);
#881=ORIENTED_EDGE('',*,*,#2683,.T.);
#882=ORIENTED_EDGE('',*,*,#2684,.T.);
#883=ORIENTED_EDGE('',*,*,#2685,.T.);
#884=ORIENTED_EDGE('',*,*,#2686,.F.);
#885=ORIENTED_EDGE('',*,*,#2687,.F.);
#886=ORIENTED_EDGE('',*,*,#2688,.T.);
#887=ORIENTED_EDGE('',*,*,#2689,.T.);
#888=ORIENTED_EDGE('',*,*,#2690,.F.);
#889=ORIENTED_EDGE('',*,*,#2691,.T.);
#890=ORIENTED_EDGE('',*,*,#2692,.F.);
#891=ORIENTED_EDGE('',*,*,#2678,.F.);
#892=ORIENTED_EDGE('',*,*,#2693,.T.);
#893=ORIENTED_EDGE('',*,*,#2694,.T.);
#894=ORIENTED_EDGE('',*,*,#2695,.F.);
#895=ORIENTED_EDGE('',*,*,#2685,.F.);
#896=ORIENTED_EDGE('',*,*,#2696,.T.);
#897=ORIENTED_EDGE('',*,*,#2697,.F.);
#898=ORIENTED_EDGE('',*,*,#2698,.T.);
#899=ORIENTED_EDGE('',*,*,#2699,.T.);
#900=ORIENTED_EDGE('',*,*,#2700,.T.);
#901=ORIENTED_EDGE('',*,*,#2701,.T.);
#902=ORIENTED_EDGE('',*,*,#2702,.T.);
#903=ORIENTED_EDGE('',*,*,#2703,.T.);
#904=ORIENTED_EDGE('',*,*,#2704,.F.);
#905=ORIENTED_EDGE('',*,*,#2705,.T.);
#906=ORIENTED_EDGE('',*,*,#2706,.T.);
#907=ORIENTED_EDGE('',*,*,#2707,.T.);
#908=ORIENTED_EDGE('',*,*,#2708,.F.);
#909=ORIENTED_EDGE('',*,*,#2698,.F.);
#910=ORIENTED_EDGE('',*,*,#2709,.T.);
#911=ORIENTED_EDGE('',*,*,#2691,.F.);
#912=ORIENTED_EDGE('',*,*,#2710,.F.);
#913=ORIENTED_EDGE('',*,*,#2711,.F.);
#914=ORIENTED_EDGE('',*,*,#2701,.F.);
#915=ORIENTED_EDGE('',*,*,#2712,.T.);
#916=ORIENTED_EDGE('',*,*,#2713,.F.);
#917=ORIENTED_EDGE('',*,*,#2714,.F.);
#918=ORIENTED_EDGE('',*,*,#2705,.F.);
#919=ORIENTED_EDGE('',*,*,#2715,.T.);
#920=ORIENTED_EDGE('',*,*,#2694,.F.);
#921=ORIENTED_EDGE('',*,*,#2676,.F.);
#922=ORIENTED_EDGE('',*,*,#2716,.T.);
#923=ORIENTED_EDGE('',*,*,#2668,.F.);
#924=ORIENTED_EDGE('',*,*,#2717,.F.);
#925=ORIENTED_EDGE('',*,*,#2718,.F.);
#926=ORIENTED_EDGE('',*,*,#2679,.F.);
#927=ORIENTED_EDGE('',*,*,#2719,.T.);
#928=ORIENTED_EDGE('',*,*,#2720,.F.);
#929=ORIENTED_EDGE('',*,*,#2721,.F.);
#930=ORIENTED_EDGE('',*,*,#2683,.F.);
#931=ORIENTED_EDGE('',*,*,#2722,.T.);
#932=ORIENTED_EDGE('',*,*,#2672,.F.);
#933=ORIENTED_EDGE('',*,*,#2723,.F.);
#934=ORIENTED_EDGE('',*,*,#2653,.F.);
#935=ORIENTED_EDGE('',*,*,#2724,.T.);
#936=ORIENTED_EDGE('',*,*,#2644,.F.);
#937=ORIENTED_EDGE('',*,*,#2725,.T.);
#938=ORIENTED_EDGE('',*,*,#2646,.F.);
#939=ORIENTED_EDGE('',*,*,#2726,.F.);
#940=ORIENTED_EDGE('',*,*,#2727,.F.);
#941=ORIENTED_EDGE('',*,*,#2728,.T.);
#942=ORIENTED_EDGE('',*,*,#2650,.F.);
#943=ORIENTED_EDGE('',*,*,#2729,.F.);
#944=ORIENTED_EDGE('',*,*,#2663,.F.);
#945=ORIENTED_EDGE('',*,*,#2730,.F.);
#946=ORIENTED_EDGE('',*,*,#2631,.F.);
#947=ORIENTED_EDGE('',*,*,#2731,.T.);
#948=ORIENTED_EDGE('',*,*,#2732,.F.);
#949=ORIENTED_EDGE('',*,*,#2733,.T.);
#950=ORIENTED_EDGE('',*,*,#2734,.F.);
#951=ORIENTED_EDGE('',*,*,#2735,.F.);
#952=ORIENTED_EDGE('',*,*,#2641,.F.);
#953=ORIENTED_EDGE('',*,*,#2736,.F.);
#954=ORIENTED_EDGE('',*,*,#2635,.F.);
#955=ORIENTED_EDGE('',*,*,#2737,.T.);
#956=ORIENTED_EDGE('',*,*,#2738,.F.);
#957=ORIENTED_EDGE('',*,*,#2739,.T.);
#958=ORIENTED_EDGE('',*,*,#2740,.F.);
#959=ORIENTED_EDGE('',*,*,#2741,.F.);
#960=ORIENTED_EDGE('',*,*,#2742,.F.);
#961=ORIENTED_EDGE('',*,*,#2743,.F.);
#962=ORIENTED_EDGE('',*,*,#2740,.T.);
#963=ORIENTED_EDGE('',*,*,#2744,.T.);
#964=ORIENTED_EDGE('',*,*,#2738,.T.);
#965=ORIENTED_EDGE('',*,*,#2745,.T.);
#966=ORIENTED_EDGE('',*,*,#2734,.T.);
#967=ORIENTED_EDGE('',*,*,#2746,.T.);
#968=ORIENTED_EDGE('',*,*,#2732,.T.);
#969=ORIENTED_EDGE('',*,*,#2747,.T.);
#970=ORIENTED_EDGE('',*,*,#2648,.T.);
#971=ORIENTED_EDGE('',*,*,#2748,.F.);
#972=ORIENTED_EDGE('',*,*,#2742,.T.);
#973=ORIENTED_EDGE('',*,*,#2749,.T.);
#974=ORIENTED_EDGE('',*,*,#2637,.F.);
#975=ORIENTED_EDGE('',*,*,#2750,.T.);
#976=ORIENTED_EDGE('',*,*,#2751,.T.);
#977=ORIENTED_EDGE('',*,*,#2752,.F.);
#978=ORIENTED_EDGE('',*,*,#2670,.T.);
#979=ORIENTED_EDGE('',*,*,#2753,.F.);
#980=ORIENTED_EDGE('',*,*,#2727,.T.);
#981=ORIENTED_EDGE('',*,*,#2754,.T.);
#982=ORIENTED_EDGE('',*,*,#2659,.F.);
#983=ORIENTED_EDGE('',*,*,#2755,.T.);
#984=ORIENTED_EDGE('',*,*,#2720,.T.);
#985=ORIENTED_EDGE('',*,*,#2756,.F.);
#986=ORIENTED_EDGE('',*,*,#2757,.T.);
#987=ORIENTED_EDGE('',*,*,#2758,.T.);
#988=ORIENTED_EDGE('',*,*,#2687,.T.);
#989=ORIENTED_EDGE('',*,*,#2759,.F.);
#990=ORIENTED_EDGE('',*,*,#2681,.F.);
#991=ORIENTED_EDGE('',*,*,#2760,.T.);
#992=ORIENTED_EDGE('',*,*,#2713,.T.);
#993=ORIENTED_EDGE('',*,*,#2761,.F.);
#994=ORIENTED_EDGE('',*,*,#2762,.T.);
#995=ORIENTED_EDGE('',*,*,#2763,.T.);
#996=ORIENTED_EDGE('',*,*,#2764,.T.);
#997=ORIENTED_EDGE('',*,*,#2765,.F.);
#998=ORIENTED_EDGE('',*,*,#2766,.T.);
#999=ORIENTED_EDGE('',*,*,#2703,.F.);
#1000=ORIENTED_EDGE('',*,*,#2767,.T.);
#1001=ORIENTED_EDGE('',*,*,#2700,.F.);
#1002=ORIENTED_EDGE('',*,*,#2768,.T.);
#1003=ORIENTED_EDGE('',*,*,#2764,.F.);
#1004=ORIENTED_EDGE('',*,*,#2769,.T.);
#1005=ORIENTED_EDGE('',*,*,#2707,.F.);
#1006=ORIENTED_EDGE('',*,*,#2770,.T.);
#1007=ORIENTED_EDGE('',*,*,#2771,.F.);
#1008=ORIENTED_EDGE('',*,*,#2762,.F.);
#1009=ORIENTED_EDGE('',*,*,#2772,.T.);
#1010=ORIENTED_EDGE('',*,*,#2689,.F.);
#1011=ORIENTED_EDGE('',*,*,#2773,.F.);
#1012=ORIENTED_EDGE('',*,*,#2757,.F.);
#1013=ORIENTED_EDGE('',*,*,#2774,.T.);
#1014=ORIENTED_EDGE('',*,*,#2666,.F.);
#1015=ORIENTED_EDGE('',*,*,#2775,.F.);
#1016=ORIENTED_EDGE('',*,*,#2657,.F.);
#1017=ORIENTED_EDGE('',*,*,#2776,.T.);
#1018=ORIENTED_EDGE('',*,*,#2751,.F.);
#1019=ORIENTED_EDGE('',*,*,#2777,.T.);
#1020=ORIENTED_EDGE('',*,*,#2778,.T.);
#1021=ORIENTED_EDGE('',*,*,#2779,.F.);
#1022=ORIENTED_EDGE('',*,*,#2780,.F.);
#1023=ORIENTED_EDGE('',*,*,#2781,.T.);
#1024=ORIENTED_EDGE('',*,*,#2781,.F.);
#1025=ORIENTED_EDGE('',*,*,#2782,.T.);
#1026=ORIENTED_EDGE('',*,*,#2782,.F.);
#1027=ORIENTED_EDGE('',*,*,#2783,.T.);
#1028=ORIENTED_EDGE('',*,*,#2784,.T.);
#1029=ORIENTED_EDGE('',*,*,#2783,.F.);
#1030=ORIENTED_EDGE('',*,*,#2785,.T.);
#1031=ORIENTED_EDGE('',*,*,#2743,.T.);
#1032=ORIENTED_EDGE('',*,*,#2519,.F.);
#1033=ORIENTED_EDGE('',*,*,#2766,.F.);
#1034=ORIENTED_EDGE('',*,*,#2785,.F.);
#1035=ORIENTED_EDGE('',*,*,#2784,.F.);
#1036=ORIENTED_EDGE('',*,*,#2786,.T.);
#1037=ORIENTED_EDGE('',*,*,#2731,.F.);
#1038=ORIENTED_EDGE('',*,*,#2634,.T.);
#1039=ORIENTED_EDGE('',*,*,#2645,.T.);
#1040=ORIENTED_EDGE('',*,*,#2724,.F.);
#1041=ORIENTED_EDGE('',*,*,#2656,.T.);
#1042=ORIENTED_EDGE('',*,*,#2667,.T.);
#1043=ORIENTED_EDGE('',*,*,#2774,.F.);
#1044=ORIENTED_EDGE('',*,*,#2759,.T.);
#1045=ORIENTED_EDGE('',*,*,#2690,.T.);
#1046=ORIENTED_EDGE('',*,*,#2772,.F.);
#1047=ORIENTED_EDGE('',*,*,#2765,.T.);
#1048=ORIENTED_EDGE('',*,*,#2768,.F.);
#1049=ORIENTED_EDGE('',*,*,#2699,.F.);
#1050=ORIENTED_EDGE('',*,*,#2710,.T.);
#1051=ORIENTED_EDGE('',*,*,#2693,.F.);
#1052=ORIENTED_EDGE('',*,*,#2677,.F.);
#1053=ORIENTED_EDGE('',*,*,#2717,.T.);
#1054=ORIENTED_EDGE('',*,*,#2671,.F.);
#1055=ORIENTED_EDGE('',*,*,#2754,.F.);
#1056=ORIENTED_EDGE('',*,*,#2726,.T.);
#1057=ORIENTED_EDGE('',*,*,#2649,.F.);
#1058=ORIENTED_EDGE('',*,*,#2749,.F.);
#1059=ORIENTED_EDGE('',*,*,#2741,.T.);
#1060=ORIENTED_EDGE('',*,*,#2787,.F.);
#1061=ORIENTED_EDGE('',*,*,#2788,.F.);
#1062=ORIENTED_EDGE('',*,*,#2789,.F.);
#1063=ORIENTED_EDGE('',*,*,#2790,.F.);
#1064=ORIENTED_EDGE('',*,*,#2791,.F.);
#1065=ORIENTED_EDGE('',*,*,#2792,.F.);
#1066=ORIENTED_EDGE('',*,*,#2793,.F.);
#1067=ORIENTED_EDGE('',*,*,#2794,.F.);
#1068=ORIENTED_EDGE('',*,*,#2795,.F.);
#1069=ORIENTED_EDGE('',*,*,#2796,.F.);
#1070=ORIENTED_EDGE('',*,*,#2797,.T.);
#1071=ORIENTED_EDGE('',*,*,#2798,.T.);
#1072=ORIENTED_EDGE('',*,*,#2799,.T.);
#1073=ORIENTED_EDGE('',*,*,#2800,.T.);
#1074=ORIENTED_EDGE('',*,*,#2801,.T.);
#1075=ORIENTED_EDGE('',*,*,#2802,.T.);
#1076=ORIENTED_EDGE('',*,*,#2803,.T.);
#1077=ORIENTED_EDGE('',*,*,#2804,.T.);
#1078=ORIENTED_EDGE('',*,*,#2795,.T.);
#1079=ORIENTED_EDGE('',*,*,#2805,.T.);
#1080=ORIENTED_EDGE('',*,*,#2806,.F.);
#1081=ORIENTED_EDGE('',*,*,#2807,.F.);
#1082=ORIENTED_EDGE('',*,*,#2747,.F.);
#1083=ORIENTED_EDGE('',*,*,#2786,.F.);
#1084=ORIENTED_EDGE('',*,*,#2808,.F.);
#1085=ORIENTED_EDGE('',*,*,#2809,.F.);
#1086=ORIENTED_EDGE('',*,*,#2810,.F.);
#1087=ORIENTED_EDGE('',*,*,#2811,.F.);
#1088=ORIENTED_EDGE('',*,*,#2812,.F.);
#1089=ORIENTED_EDGE('',*,*,#2813,.F.);
#1090=ORIENTED_EDGE('',*,*,#2814,.F.);
#1091=ORIENTED_EDGE('',*,*,#2815,.F.);
#1092=ORIENTED_EDGE('',*,*,#2816,.T.);
#1093=ORIENTED_EDGE('',*,*,#2806,.T.);
#1094=ORIENTED_EDGE('',*,*,#2817,.T.);
#1095=ORIENTED_EDGE('',*,*,#2818,.T.);
#1096=ORIENTED_EDGE('',*,*,#2819,.T.);
#1097=ORIENTED_EDGE('',*,*,#2820,.T.);
#1098=ORIENTED_EDGE('',*,*,#2821,.T.);
#1099=ORIENTED_EDGE('',*,*,#2822,.T.);
#1100=ORIENTED_EDGE('',*,*,#2823,.T.);
#1101=ORIENTED_EDGE('',*,*,#2787,.T.);
#1102=ORIENTED_EDGE('',*,*,#2816,.F.);
#1103=ORIENTED_EDGE('',*,*,#2824,.F.);
#1104=ORIENTED_EDGE('',*,*,#2796,.T.);
#1105=ORIENTED_EDGE('',*,*,#2807,.T.);
#1106=ORIENTED_EDGE('',*,*,#2793,.T.);
#1107=ORIENTED_EDGE('',*,*,#2825,.T.);
#1108=ORIENTED_EDGE('',*,*,#2818,.F.);
#1109=ORIENTED_EDGE('',*,*,#2826,.F.);
#1110=ORIENTED_EDGE('',*,*,#2794,.T.);
#1111=ORIENTED_EDGE('',*,*,#2826,.T.);
#1112=ORIENTED_EDGE('',*,*,#2817,.F.);
#1113=ORIENTED_EDGE('',*,*,#2805,.F.);
#1114=ORIENTED_EDGE('',*,*,#2791,.T.);
#1115=ORIENTED_EDGE('',*,*,#2827,.T.);
#1116=ORIENTED_EDGE('',*,*,#2820,.F.);
#1117=ORIENTED_EDGE('',*,*,#2828,.F.);
#1118=ORIENTED_EDGE('',*,*,#2825,.F.);
#1119=ORIENTED_EDGE('',*,*,#2792,.T.);
#1120=ORIENTED_EDGE('',*,*,#2828,.T.);
#1121=ORIENTED_EDGE('',*,*,#2819,.F.);
#1122=ORIENTED_EDGE('',*,*,#2829,.F.);
#1123=ORIENTED_EDGE('',*,*,#2822,.F.);
#1124=ORIENTED_EDGE('',*,*,#2830,.T.);
#1125=ORIENTED_EDGE('',*,*,#2789,.T.);
#1126=ORIENTED_EDGE('',*,*,#2827,.F.);
#1127=ORIENTED_EDGE('',*,*,#2790,.T.);
#1128=ORIENTED_EDGE('',*,*,#2830,.F.);
#1129=ORIENTED_EDGE('',*,*,#2821,.F.);
#1130=ORIENTED_EDGE('',*,*,#2823,.F.);
#1131=ORIENTED_EDGE('',*,*,#2829,.T.);
#1132=ORIENTED_EDGE('',*,*,#2788,.T.);
#1133=ORIENTED_EDGE('',*,*,#2831,.F.);
#1134=ORIENTED_EDGE('',*,*,#2797,.F.);
#1135=ORIENTED_EDGE('',*,*,#2824,.T.);
#1136=ORIENTED_EDGE('',*,*,#2815,.T.);
#1137=ORIENTED_EDGE('',*,*,#2832,.F.);
#1138=ORIENTED_EDGE('',*,*,#2799,.F.);
#1139=ORIENTED_EDGE('',*,*,#2833,.T.);
#1140=ORIENTED_EDGE('',*,*,#2813,.T.);
#1141=ORIENTED_EDGE('',*,*,#2798,.F.);
#1142=ORIENTED_EDGE('',*,*,#2831,.T.);
#1143=ORIENTED_EDGE('',*,*,#2814,.T.);
#1144=ORIENTED_EDGE('',*,*,#2833,.F.);
#1145=ORIENTED_EDGE('',*,*,#2834,.F.);
#1146=ORIENTED_EDGE('',*,*,#2801,.F.);
#1147=ORIENTED_EDGE('',*,*,#2835,.T.);
#1148=ORIENTED_EDGE('',*,*,#2811,.T.);
#1149=ORIENTED_EDGE('',*,*,#2832,.T.);
#1150=ORIENTED_EDGE('',*,*,#2812,.T.);
#1151=ORIENTED_EDGE('',*,*,#2835,.F.);
#1152=ORIENTED_EDGE('',*,*,#2800,.F.);
#1153=ORIENTED_EDGE('',*,*,#2809,.T.);
#1154=ORIENTED_EDGE('',*,*,#2836,.T.);
#1155=ORIENTED_EDGE('',*,*,#2803,.F.);
#1156=ORIENTED_EDGE('',*,*,#2837,.F.);
#1157=ORIENTED_EDGE('',*,*,#2834,.T.);
#1158=ORIENTED_EDGE('',*,*,#2810,.T.);
#1159=ORIENTED_EDGE('',*,*,#2837,.T.);
#1160=ORIENTED_EDGE('',*,*,#2802,.F.);
#1161=ORIENTED_EDGE('',*,*,#2808,.T.);
#1162=ORIENTED_EDGE('',*,*,#2804,.F.);
#1163=ORIENTED_EDGE('',*,*,#2836,.F.);
#1164=ORIENTED_EDGE('',*,*,#2838,.T.);
#1165=ORIENTED_EDGE('',*,*,#2839,.F.);
#1166=ORIENTED_EDGE('',*,*,#2840,.F.);
#1167=ORIENTED_EDGE('',*,*,#2841,.T.);
#1168=ORIENTED_EDGE('',*,*,#2840,.T.);
#1169=ORIENTED_EDGE('',*,*,#2842,.F.);
#1170=ORIENTED_EDGE('',*,*,#2843,.F.);
#1171=ORIENTED_EDGE('',*,*,#2844,.T.);
#1172=ORIENTED_EDGE('',*,*,#2845,.T.);
#1173=ORIENTED_EDGE('',*,*,#2843,.T.);
#1174=ORIENTED_EDGE('',*,*,#2846,.F.);
#1175=ORIENTED_EDGE('',*,*,#2844,.F.);
#1176=ORIENTED_EDGE('',*,*,#2847,.F.);
#1177=ORIENTED_EDGE('',*,*,#2848,.T.);
#1178=ORIENTED_EDGE('',*,*,#2849,.T.);
#1179=ORIENTED_EDGE('',*,*,#2850,.T.);
#1180=ORIENTED_EDGE('',*,*,#2851,.T.);
#1181=ORIENTED_EDGE('',*,*,#2848,.F.);
#1182=ORIENTED_EDGE('',*,*,#2852,.F.);
#1183=ORIENTED_EDGE('',*,*,#2850,.F.);
#1184=ORIENTED_EDGE('',*,*,#2853,.F.);
#1185=ORIENTED_EDGE('',*,*,#2854,.T.);
#1186=ORIENTED_EDGE('',*,*,#2855,.T.);
#1187=ORIENTED_EDGE('',*,*,#2856,.F.);
#1188=ORIENTED_EDGE('',*,*,#2857,.T.);
#1189=ORIENTED_EDGE('',*,*,#2858,.T.);
#1190=ORIENTED_EDGE('',*,*,#2854,.F.);
#1191=ORIENTED_EDGE('',*,*,#2857,.F.);
#1192=ORIENTED_EDGE('',*,*,#2859,.F.);
#1193=ORIENTED_EDGE('',*,*,#2860,.T.);
#1194=ORIENTED_EDGE('',*,*,#2861,.T.);
#1195=ORIENTED_EDGE('',*,*,#2862,.F.);
#1196=ORIENTED_EDGE('',*,*,#2860,.F.);
#1197=ORIENTED_EDGE('',*,*,#2863,.T.);
#1198=ORIENTED_EDGE('',*,*,#2864,.T.);
#1199=ORIENTED_EDGE('',*,*,#2865,.T.);
#1200=ORIENTED_EDGE('',*,*,#2866,.T.);
#1201=ORIENTED_EDGE('',*,*,#2867,.F.);
#1202=ORIENTED_EDGE('',*,*,#2864,.F.);
#1203=ORIENTED_EDGE('',*,*,#2868,.T.);
#1204=ORIENTED_EDGE('',*,*,#2869,.T.);
#1205=ORIENTED_EDGE('',*,*,#2870,.F.);
#1206=ORIENTED_EDGE('',*,*,#2866,.F.);
#1207=ORIENTED_EDGE('',*,*,#2871,.T.);
#1208=ORIENTED_EDGE('',*,*,#2872,.T.);
#1209=ORIENTED_EDGE('',*,*,#2873,.F.);
#1210=ORIENTED_EDGE('',*,*,#2869,.F.);
#1211=ORIENTED_EDGE('',*,*,#2872,.F.);
#1212=ORIENTED_EDGE('',*,*,#2874,.T.);
#1213=ORIENTED_EDGE('',*,*,#2875,.T.);
#1214=ORIENTED_EDGE('',*,*,#2876,.F.);
#1215=ORIENTED_EDGE('',*,*,#2877,.T.);
#1216=ORIENTED_EDGE('',*,*,#2878,.T.);
#1217=ORIENTED_EDGE('',*,*,#2879,.F.);
#1218=ORIENTED_EDGE('',*,*,#2875,.F.);
#1219=ORIENTED_EDGE('',*,*,#2878,.F.);
#1220=ORIENTED_EDGE('',*,*,#2880,.T.);
#1221=ORIENTED_EDGE('',*,*,#2881,.F.);
#1222=ORIENTED_EDGE('',*,*,#2882,.F.);
#1223=ORIENTED_EDGE('',*,*,#2883,.F.);
#1224=ORIENTED_EDGE('',*,*,#2884,.F.);
#1225=ORIENTED_EDGE('',*,*,#2881,.T.);
#1226=ORIENTED_EDGE('',*,*,#2885,.T.);
#1227=ORIENTED_EDGE('',*,*,#2886,.F.);
#1228=ORIENTED_EDGE('',*,*,#2883,.T.);
#1229=ORIENTED_EDGE('',*,*,#2887,.T.);
#1230=ORIENTED_EDGE('',*,*,#2888,.T.);
#1231=ORIENTED_EDGE('',*,*,#2737,.F.);
#1232=ORIENTED_EDGE('',*,*,#2638,.T.);
#1233=ORIENTED_EDGE('',*,*,#2752,.T.);
#1234=ORIENTED_EDGE('',*,*,#2776,.F.);
#1235=ORIENTED_EDGE('',*,*,#2660,.T.);
#1236=ORIENTED_EDGE('',*,*,#2756,.T.);
#1237=ORIENTED_EDGE('',*,*,#2719,.F.);
#1238=ORIENTED_EDGE('',*,*,#2682,.T.);
#1239=ORIENTED_EDGE('',*,*,#2761,.T.);
#1240=ORIENTED_EDGE('',*,*,#2712,.F.);
#1241=ORIENTED_EDGE('',*,*,#2704,.T.);
#1242=ORIENTED_EDGE('',*,*,#2770,.F.);
#1243=ORIENTED_EDGE('',*,*,#2706,.F.);
#1244=ORIENTED_EDGE('',*,*,#2714,.T.);
#1245=ORIENTED_EDGE('',*,*,#2696,.F.);
#1246=ORIENTED_EDGE('',*,*,#2684,.F.);
#1247=ORIENTED_EDGE('',*,*,#2721,.T.);
#1248=ORIENTED_EDGE('',*,*,#2674,.F.);
#1249=ORIENTED_EDGE('',*,*,#2664,.F.);
#1250=ORIENTED_EDGE('',*,*,#2729,.T.);
#1251=ORIENTED_EDGE('',*,*,#2652,.F.);
#1252=ORIENTED_EDGE('',*,*,#2642,.F.);
#1253=ORIENTED_EDGE('',*,*,#2735,.T.);
#1254=ORIENTED_EDGE('',*,*,#2889,.F.);
#1255=ORIENTED_EDGE('',*,*,#2887,.F.);
#1256=ORIENTED_EDGE('',*,*,#2885,.F.);
#1257=ORIENTED_EDGE('',*,*,#2880,.F.);
#1258=ORIENTED_EDGE('',*,*,#2877,.F.);
#1259=ORIENTED_EDGE('',*,*,#2874,.F.);
#1260=ORIENTED_EDGE('',*,*,#2871,.F.);
#1261=ORIENTED_EDGE('',*,*,#2868,.F.);
#1262=ORIENTED_EDGE('',*,*,#2865,.F.);
#1263=ORIENTED_EDGE('',*,*,#2863,.F.);
#1264=ORIENTED_EDGE('',*,*,#2859,.T.);
#1265=ORIENTED_EDGE('',*,*,#2856,.T.);
#1266=ORIENTED_EDGE('',*,*,#2853,.T.);
#1267=ORIENTED_EDGE('',*,*,#2852,.T.);
#1268=ORIENTED_EDGE('',*,*,#2847,.T.);
#1269=ORIENTED_EDGE('',*,*,#2846,.T.);
#1270=ORIENTED_EDGE('',*,*,#2842,.T.);
#1271=ORIENTED_EDGE('',*,*,#2839,.T.);
#1272=ORIENTED_EDGE('',*,*,#2745,.F.);
#1273=ORIENTED_EDGE('',*,*,#2888,.F.);
#1274=ORIENTED_EDGE('',*,*,#2838,.F.);
#1275=ORIENTED_EDGE('',*,*,#2841,.F.);
#1276=ORIENTED_EDGE('',*,*,#2845,.F.);
#1277=ORIENTED_EDGE('',*,*,#2849,.F.);
#1278=ORIENTED_EDGE('',*,*,#2851,.F.);
#1279=ORIENTED_EDGE('',*,*,#2855,.F.);
#1280=ORIENTED_EDGE('',*,*,#2858,.F.);
#1281=ORIENTED_EDGE('',*,*,#2861,.F.);
#1282=ORIENTED_EDGE('',*,*,#2862,.T.);
#1283=ORIENTED_EDGE('',*,*,#2867,.T.);
#1284=ORIENTED_EDGE('',*,*,#2870,.T.);
#1285=ORIENTED_EDGE('',*,*,#2873,.T.);
#1286=ORIENTED_EDGE('',*,*,#2876,.T.);
#1287=ORIENTED_EDGE('',*,*,#2879,.T.);
#1288=ORIENTED_EDGE('',*,*,#2882,.T.);
#1289=ORIENTED_EDGE('',*,*,#2884,.T.);
#1290=ORIENTED_EDGE('',*,*,#2886,.T.);
#1291=ORIENTED_EDGE('',*,*,#2889,.T.);
#1292=ORIENTED_EDGE('',*,*,#2890,.T.);
#1293=ORIENTED_EDGE('',*,*,#2891,.F.);
#1294=ORIENTED_EDGE('',*,*,#2892,.F.);
#1295=ORIENTED_EDGE('',*,*,#2893,.T.);
#1296=ORIENTED_EDGE('',*,*,#2892,.T.);
#1297=ORIENTED_EDGE('',*,*,#2894,.F.);
#1298=ORIENTED_EDGE('',*,*,#2895,.F.);
#1299=ORIENTED_EDGE('',*,*,#2896,.T.);
#1300=ORIENTED_EDGE('',*,*,#2897,.T.);
#1301=ORIENTED_EDGE('',*,*,#2895,.T.);
#1302=ORIENTED_EDGE('',*,*,#2898,.F.);
#1303=ORIENTED_EDGE('',*,*,#2896,.F.);
#1304=ORIENTED_EDGE('',*,*,#2899,.F.);
#1305=ORIENTED_EDGE('',*,*,#2900,.T.);
#1306=ORIENTED_EDGE('',*,*,#2901,.T.);
#1307=ORIENTED_EDGE('',*,*,#2902,.T.);
#1308=ORIENTED_EDGE('',*,*,#2903,.T.);
#1309=ORIENTED_EDGE('',*,*,#2900,.F.);
#1310=ORIENTED_EDGE('',*,*,#2904,.F.);
#1311=ORIENTED_EDGE('',*,*,#2902,.F.);
#1312=ORIENTED_EDGE('',*,*,#2905,.F.);
#1313=ORIENTED_EDGE('',*,*,#2906,.T.);
#1314=ORIENTED_EDGE('',*,*,#2907,.T.);
#1315=ORIENTED_EDGE('',*,*,#2908,.F.);
#1316=ORIENTED_EDGE('',*,*,#2909,.T.);
#1317=ORIENTED_EDGE('',*,*,#2910,.T.);
#1318=ORIENTED_EDGE('',*,*,#2906,.F.);
#1319=ORIENTED_EDGE('',*,*,#2909,.F.);
#1320=ORIENTED_EDGE('',*,*,#2911,.F.);
#1321=ORIENTED_EDGE('',*,*,#2912,.T.);
#1322=ORIENTED_EDGE('',*,*,#2913,.T.);
#1323=ORIENTED_EDGE('',*,*,#2914,.F.);
#1324=ORIENTED_EDGE('',*,*,#2912,.F.);
#1325=ORIENTED_EDGE('',*,*,#2915,.T.);
#1326=ORIENTED_EDGE('',*,*,#2916,.T.);
#1327=ORIENTED_EDGE('',*,*,#2917,.T.);
#1328=ORIENTED_EDGE('',*,*,#2918,.T.);
#1329=ORIENTED_EDGE('',*,*,#2919,.F.);
#1330=ORIENTED_EDGE('',*,*,#2916,.F.);
#1331=ORIENTED_EDGE('',*,*,#2920,.T.);
#1332=ORIENTED_EDGE('',*,*,#2921,.T.);
#1333=ORIENTED_EDGE('',*,*,#2922,.F.);
#1334=ORIENTED_EDGE('',*,*,#2918,.F.);
#1335=ORIENTED_EDGE('',*,*,#2923,.T.);
#1336=ORIENTED_EDGE('',*,*,#2924,.T.);
#1337=ORIENTED_EDGE('',*,*,#2925,.F.);
#1338=ORIENTED_EDGE('',*,*,#2921,.F.);
#1339=ORIENTED_EDGE('',*,*,#2924,.F.);
#1340=ORIENTED_EDGE('',*,*,#2926,.T.);
#1341=ORIENTED_EDGE('',*,*,#2927,.T.);
#1342=ORIENTED_EDGE('',*,*,#2928,.F.);
#1343=ORIENTED_EDGE('',*,*,#2929,.T.);
#1344=ORIENTED_EDGE('',*,*,#2930,.T.);
#1345=ORIENTED_EDGE('',*,*,#2931,.F.);
#1346=ORIENTED_EDGE('',*,*,#2927,.F.);
#1347=ORIENTED_EDGE('',*,*,#2930,.F.);
#1348=ORIENTED_EDGE('',*,*,#2932,.T.);
#1349=ORIENTED_EDGE('',*,*,#2933,.F.);
#1350=ORIENTED_EDGE('',*,*,#2934,.F.);
#1351=ORIENTED_EDGE('',*,*,#2935,.F.);
#1352=ORIENTED_EDGE('',*,*,#2936,.F.);
#1353=ORIENTED_EDGE('',*,*,#2933,.T.);
#1354=ORIENTED_EDGE('',*,*,#2937,.T.);
#1355=ORIENTED_EDGE('',*,*,#2938,.F.);
#1356=ORIENTED_EDGE('',*,*,#2935,.T.);
#1357=ORIENTED_EDGE('',*,*,#2939,.T.);
#1358=ORIENTED_EDGE('',*,*,#2940,.T.);
#1359=ORIENTED_EDGE('',*,*,#2739,.F.);
#1360=ORIENTED_EDGE('',*,*,#2748,.T.);
#1361=ORIENTED_EDGE('',*,*,#2647,.T.);
#1362=ORIENTED_EDGE('',*,*,#2725,.F.);
#1363=ORIENTED_EDGE('',*,*,#2753,.T.);
#1364=ORIENTED_EDGE('',*,*,#2669,.T.);
#1365=ORIENTED_EDGE('',*,*,#2716,.F.);
#1366=ORIENTED_EDGE('',*,*,#2675,.T.);
#1367=ORIENTED_EDGE('',*,*,#2692,.T.);
#1368=ORIENTED_EDGE('',*,*,#2709,.F.);
#1369=ORIENTED_EDGE('',*,*,#2697,.T.);
#1370=ORIENTED_EDGE('',*,*,#2767,.F.);
#1371=ORIENTED_EDGE('',*,*,#2702,.F.);
#1372=ORIENTED_EDGE('',*,*,#2711,.T.);
#1373=ORIENTED_EDGE('',*,*,#2760,.F.);
#1374=ORIENTED_EDGE('',*,*,#2680,.F.);
#1375=ORIENTED_EDGE('',*,*,#2718,.T.);
#1376=ORIENTED_EDGE('',*,*,#2755,.F.);
#1377=ORIENTED_EDGE('',*,*,#2658,.F.);
#1378=ORIENTED_EDGE('',*,*,#2775,.T.);
#1379=ORIENTED_EDGE('',*,*,#2750,.F.);
#1380=ORIENTED_EDGE('',*,*,#2636,.F.);
#1381=ORIENTED_EDGE('',*,*,#2736,.T.);
#1382=ORIENTED_EDGE('',*,*,#2941,.F.);
#1383=ORIENTED_EDGE('',*,*,#2939,.F.);
#1384=ORIENTED_EDGE('',*,*,#2937,.F.);
#1385=ORIENTED_EDGE('',*,*,#2932,.F.);
#1386=ORIENTED_EDGE('',*,*,#2929,.F.);
#1387=ORIENTED_EDGE('',*,*,#2926,.F.);
#1388=ORIENTED_EDGE('',*,*,#2923,.F.);
#1389=ORIENTED_EDGE('',*,*,#2920,.F.);
#1390=ORIENTED_EDGE('',*,*,#2917,.F.);
#1391=ORIENTED_EDGE('',*,*,#2915,.F.);
#1392=ORIENTED_EDGE('',*,*,#2911,.T.);
#1393=ORIENTED_EDGE('',*,*,#2908,.T.);
#1394=ORIENTED_EDGE('',*,*,#2905,.T.);
#1395=ORIENTED_EDGE('',*,*,#2904,.T.);
#1396=ORIENTED_EDGE('',*,*,#2899,.T.);
#1397=ORIENTED_EDGE('',*,*,#2898,.T.);
#1398=ORIENTED_EDGE('',*,*,#2894,.T.);
#1399=ORIENTED_EDGE('',*,*,#2891,.T.);
#1400=ORIENTED_EDGE('',*,*,#2744,.F.);
#1401=ORIENTED_EDGE('',*,*,#2940,.F.);
#1402=ORIENTED_EDGE('',*,*,#2890,.F.);
#1403=ORIENTED_EDGE('',*,*,#2893,.F.);
#1404=ORIENTED_EDGE('',*,*,#2897,.F.);
#1405=ORIENTED_EDGE('',*,*,#2901,.F.);
#1406=ORIENTED_EDGE('',*,*,#2903,.F.);
#1407=ORIENTED_EDGE('',*,*,#2907,.F.);
#1408=ORIENTED_EDGE('',*,*,#2910,.F.);
#1409=ORIENTED_EDGE('',*,*,#2913,.F.);
#1410=ORIENTED_EDGE('',*,*,#2914,.T.);
#1411=ORIENTED_EDGE('',*,*,#2919,.T.);
#1412=ORIENTED_EDGE('',*,*,#2922,.T.);
#1413=ORIENTED_EDGE('',*,*,#2925,.T.);
#1414=ORIENTED_EDGE('',*,*,#2928,.T.);
#1415=ORIENTED_EDGE('',*,*,#2931,.T.);
#1416=ORIENTED_EDGE('',*,*,#2934,.T.);
#1417=ORIENTED_EDGE('',*,*,#2936,.T.);
#1418=ORIENTED_EDGE('',*,*,#2938,.T.);
#1419=ORIENTED_EDGE('',*,*,#2941,.T.);
#1420=ORIENTED_EDGE('',*,*,#2942,.T.);
#1421=ORIENTED_EDGE('',*,*,#2733,.F.);
#1422=ORIENTED_EDGE('',*,*,#2640,.T.);
#1423=ORIENTED_EDGE('',*,*,#2651,.T.);
#1424=ORIENTED_EDGE('',*,*,#2728,.F.);
#1425=ORIENTED_EDGE('',*,*,#2662,.T.);
#1426=ORIENTED_EDGE('',*,*,#2673,.T.);
#1427=ORIENTED_EDGE('',*,*,#2722,.F.);
#1428=ORIENTED_EDGE('',*,*,#2686,.T.);
#1429=ORIENTED_EDGE('',*,*,#2695,.T.);
#1430=ORIENTED_EDGE('',*,*,#2715,.F.);
#1431=ORIENTED_EDGE('',*,*,#2708,.T.);
#1432=ORIENTED_EDGE('',*,*,#2769,.F.);
#1433=ORIENTED_EDGE('',*,*,#2763,.F.);
#1434=ORIENTED_EDGE('',*,*,#2771,.T.);
#1435=ORIENTED_EDGE('',*,*,#2688,.F.);
#1436=ORIENTED_EDGE('',*,*,#2758,.F.);
#1437=ORIENTED_EDGE('',*,*,#2773,.T.);
#1438=ORIENTED_EDGE('',*,*,#2665,.F.);
#1439=ORIENTED_EDGE('',*,*,#2654,.F.);
#1440=ORIENTED_EDGE('',*,*,#2723,.T.);
#1441=ORIENTED_EDGE('',*,*,#2643,.F.);
#1442=ORIENTED_EDGE('',*,*,#2632,.F.);
#1443=ORIENTED_EDGE('',*,*,#2730,.T.);
#1444=ORIENTED_EDGE('',*,*,#2943,.F.);
#1445=ORIENTED_EDGE('',*,*,#2944,.F.);
#1446=ORIENTED_EDGE('',*,*,#2945,.F.);
#1447=ORIENTED_EDGE('',*,*,#2946,.F.);
#1448=ORIENTED_EDGE('',*,*,#2947,.F.);
#1449=ORIENTED_EDGE('',*,*,#2948,.F.);
#1450=ORIENTED_EDGE('',*,*,#2949,.F.);
#1451=ORIENTED_EDGE('',*,*,#2950,.F.);
#1452=ORIENTED_EDGE('',*,*,#2951,.F.);
#1453=ORIENTED_EDGE('',*,*,#2952,.F.);
#1454=ORIENTED_EDGE('',*,*,#2953,.T.);
#1455=ORIENTED_EDGE('',*,*,#2954,.T.);
#1456=ORIENTED_EDGE('',*,*,#2955,.T.);
#1457=ORIENTED_EDGE('',*,*,#2956,.T.);
#1458=ORIENTED_EDGE('',*,*,#2957,.T.);
#1459=ORIENTED_EDGE('',*,*,#2958,.T.);
#1460=ORIENTED_EDGE('',*,*,#2959,.T.);
#1461=ORIENTED_EDGE('',*,*,#2960,.T.);
#1462=ORIENTED_EDGE('',*,*,#2951,.T.);
#1463=ORIENTED_EDGE('',*,*,#2961,.T.);
#1464=ORIENTED_EDGE('',*,*,#2962,.F.);
#1465=ORIENTED_EDGE('',*,*,#2963,.F.);
#1466=ORIENTED_EDGE('',*,*,#2746,.F.);
#1467=ORIENTED_EDGE('',*,*,#2942,.F.);
#1468=ORIENTED_EDGE('',*,*,#2964,.F.);
#1469=ORIENTED_EDGE('',*,*,#2965,.F.);
#1470=ORIENTED_EDGE('',*,*,#2966,.F.);
#1471=ORIENTED_EDGE('',*,*,#2967,.F.);
#1472=ORIENTED_EDGE('',*,*,#2968,.F.);
#1473=ORIENTED_EDGE('',*,*,#2969,.F.);
#1474=ORIENTED_EDGE('',*,*,#2970,.F.);
#1475=ORIENTED_EDGE('',*,*,#2971,.F.);
#1476=ORIENTED_EDGE('',*,*,#2972,.T.);
#1477=ORIENTED_EDGE('',*,*,#2962,.T.);
#1478=ORIENTED_EDGE('',*,*,#2973,.T.);
#1479=ORIENTED_EDGE('',*,*,#2974,.T.);
#1480=ORIENTED_EDGE('',*,*,#2975,.T.);
#1481=ORIENTED_EDGE('',*,*,#2976,.T.);
#1482=ORIENTED_EDGE('',*,*,#2977,.T.);
#1483=ORIENTED_EDGE('',*,*,#2978,.T.);
#1484=ORIENTED_EDGE('',*,*,#2979,.T.);
#1485=ORIENTED_EDGE('',*,*,#2943,.T.);
#1486=ORIENTED_EDGE('',*,*,#2972,.F.);
#1487=ORIENTED_EDGE('',*,*,#2980,.F.);
#1488=ORIENTED_EDGE('',*,*,#2952,.T.);
#1489=ORIENTED_EDGE('',*,*,#2963,.T.);
#1490=ORIENTED_EDGE('',*,*,#2949,.T.);
#1491=ORIENTED_EDGE('',*,*,#2981,.T.);
#1492=ORIENTED_EDGE('',*,*,#2974,.F.);
#1493=ORIENTED_EDGE('',*,*,#2982,.F.);
#1494=ORIENTED_EDGE('',*,*,#2950,.T.);
#1495=ORIENTED_EDGE('',*,*,#2982,.T.);
#1496=ORIENTED_EDGE('',*,*,#2973,.F.);
#1497=ORIENTED_EDGE('',*,*,#2961,.F.);
#1498=ORIENTED_EDGE('',*,*,#2947,.T.);
#1499=ORIENTED_EDGE('',*,*,#2983,.T.);
#1500=ORIENTED_EDGE('',*,*,#2976,.F.);
#1501=ORIENTED_EDGE('',*,*,#2984,.F.);
#1502=ORIENTED_EDGE('',*,*,#2981,.F.);
#1503=ORIENTED_EDGE('',*,*,#2948,.T.);
#1504=ORIENTED_EDGE('',*,*,#2984,.T.);
#1505=ORIENTED_EDGE('',*,*,#2975,.F.);
#1506=ORIENTED_EDGE('',*,*,#2985,.F.);
#1507=ORIENTED_EDGE('',*,*,#2978,.F.);
#1508=ORIENTED_EDGE('',*,*,#2986,.T.);
#1509=ORIENTED_EDGE('',*,*,#2945,.T.);
#1510=ORIENTED_EDGE('',*,*,#2983,.F.);
#1511=ORIENTED_EDGE('',*,*,#2946,.T.);
#1512=ORIENTED_EDGE('',*,*,#2986,.F.);
#1513=ORIENTED_EDGE('',*,*,#2977,.F.);
#1514=ORIENTED_EDGE('',*,*,#2979,.F.);
#1515=ORIENTED_EDGE('',*,*,#2985,.T.);
#1516=ORIENTED_EDGE('',*,*,#2944,.T.);
#1517=ORIENTED_EDGE('',*,*,#2987,.F.);
#1518=ORIENTED_EDGE('',*,*,#2953,.F.);
#1519=ORIENTED_EDGE('',*,*,#2980,.T.);
#1520=ORIENTED_EDGE('',*,*,#2971,.T.);
#1521=ORIENTED_EDGE('',*,*,#2988,.F.);
#1522=ORIENTED_EDGE('',*,*,#2955,.F.);
#1523=ORIENTED_EDGE('',*,*,#2989,.T.);
#1524=ORIENTED_EDGE('',*,*,#2969,.T.);
#1525=ORIENTED_EDGE('',*,*,#2954,.F.);
#1526=ORIENTED_EDGE('',*,*,#2987,.T.);
#1527=ORIENTED_EDGE('',*,*,#2970,.T.);
#1528=ORIENTED_EDGE('',*,*,#2989,.F.);
#1529=ORIENTED_EDGE('',*,*,#2990,.F.);
#1530=ORIENTED_EDGE('',*,*,#2957,.F.);
#1531=ORIENTED_EDGE('',*,*,#2991,.T.);
#1532=ORIENTED_EDGE('',*,*,#2967,.T.);
#1533=ORIENTED_EDGE('',*,*,#2988,.T.);
#1534=ORIENTED_EDGE('',*,*,#2968,.T.);
#1535=ORIENTED_EDGE('',*,*,#2991,.F.);
#1536=ORIENTED_EDGE('',*,*,#2956,.F.);
#1537=ORIENTED_EDGE('',*,*,#2965,.T.);
#1538=ORIENTED_EDGE('',*,*,#2992,.T.);
#1539=ORIENTED_EDGE('',*,*,#2959,.F.);
#1540=ORIENTED_EDGE('',*,*,#2993,.F.);
#1541=ORIENTED_EDGE('',*,*,#2990,.T.);
#1542=ORIENTED_EDGE('',*,*,#2966,.T.);
#1543=ORIENTED_EDGE('',*,*,#2993,.T.);
#1544=ORIENTED_EDGE('',*,*,#2958,.F.);
#1545=ORIENTED_EDGE('',*,*,#2964,.T.);
#1546=ORIENTED_EDGE('',*,*,#2960,.F.);
#1547=ORIENTED_EDGE('',*,*,#2992,.F.);
#1548=ORIENTED_EDGE('',*,*,#2994,.T.);
#1549=ORIENTED_EDGE('',*,*,#2995,.T.);
#1550=ORIENTED_EDGE('',*,*,#2996,.T.);
#1551=ORIENTED_EDGE('',*,*,#2997,.T.);
#1552=ORIENTED_EDGE('',*,*,#2998,.T.);
#1553=ORIENTED_EDGE('',*,*,#2999,.T.);
#1554=ORIENTED_EDGE('',*,*,#3000,.T.);
#1555=ORIENTED_EDGE('',*,*,#3001,.T.);
#1556=ORIENTED_EDGE('',*,*,#3002,.T.);
#1557=ORIENTED_EDGE('',*,*,#3003,.T.);
#1558=ORIENTED_EDGE('',*,*,#3004,.T.);
#1559=ORIENTED_EDGE('',*,*,#3005,.T.);
#1560=ORIENTED_EDGE('',*,*,#3006,.T.);
#1561=ORIENTED_EDGE('',*,*,#3007,.T.);
#1562=ORIENTED_EDGE('',*,*,#3008,.T.);
#1563=ORIENTED_EDGE('',*,*,#3009,.T.);
#1564=ORIENTED_EDGE('',*,*,#3010,.T.);
#1565=ORIENTED_EDGE('',*,*,#3011,.T.);
#1566=ORIENTED_EDGE('',*,*,#3012,.T.);
#1567=ORIENTED_EDGE('',*,*,#3013,.T.);
#1568=ORIENTED_EDGE('',*,*,#3014,.T.);
#1569=ORIENTED_EDGE('',*,*,#3015,.T.);
#1570=ORIENTED_EDGE('',*,*,#3016,.T.);
#1571=ORIENTED_EDGE('',*,*,#3017,.T.);
#1572=ORIENTED_EDGE('',*,*,#3018,.T.);
#1573=ORIENTED_EDGE('',*,*,#3019,.T.);
#1574=ORIENTED_EDGE('',*,*,#3020,.T.);
#1575=ORIENTED_EDGE('',*,*,#3021,.T.);
#1576=ORIENTED_EDGE('',*,*,#3022,.T.);
#1577=ORIENTED_EDGE('',*,*,#3023,.T.);
#1578=ORIENTED_EDGE('',*,*,#3024,.T.);
#1579=ORIENTED_EDGE('',*,*,#3025,.T.);
#1580=ORIENTED_EDGE('',*,*,#3026,.T.);
#1581=ORIENTED_EDGE('',*,*,#3027,.T.);
#1582=ORIENTED_EDGE('',*,*,#3028,.T.);
#1583=ORIENTED_EDGE('',*,*,#3029,.T.);
#1584=ORIENTED_EDGE('',*,*,#2560,.T.);
#1585=ORIENTED_EDGE('',*,*,#3030,.T.);
#1586=ORIENTED_EDGE('',*,*,#3031,.F.);
#1587=ORIENTED_EDGE('',*,*,#3032,.T.);
#1588=ORIENTED_EDGE('',*,*,#3033,.T.);
#1589=ORIENTED_EDGE('',*,*,#3034,.T.);
#1590=ORIENTED_EDGE('',*,*,#2558,.F.);
#1591=ORIENTED_EDGE('',*,*,#3035,.T.);
#1592=ORIENTED_EDGE('',*,*,#2552,.T.);
#1593=ORIENTED_EDGE('',*,*,#3036,.T.);
#1594=ORIENTED_EDGE('',*,*,#3033,.F.);
#1595=ORIENTED_EDGE('',*,*,#3037,.T.);
#1596=ORIENTED_EDGE('',*,*,#3038,.F.);
#1597=ORIENTED_EDGE('',*,*,#3039,.F.);
#1598=ORIENTED_EDGE('',*,*,#3040,.T.);
#1599=ORIENTED_EDGE('',*,*,#3041,.T.);
#1600=ORIENTED_EDGE('',*,*,#3042,.T.);
#1601=ORIENTED_EDGE('',*,*,#3043,.T.);
#1602=ORIENTED_EDGE('',*,*,#3044,.F.);
#1603=ORIENTED_EDGE('',*,*,#3045,.T.);
#1604=ORIENTED_EDGE('',*,*,#3046,.F.);
#1605=ORIENTED_EDGE('',*,*,#3047,.T.);
#1606=ORIENTED_EDGE('',*,*,#3048,.T.);
#1607=ORIENTED_EDGE('',*,*,#3049,.T.);
#1608=ORIENTED_EDGE('',*,*,#2567,.T.);
#1609=ORIENTED_EDGE('',*,*,#3050,.T.);
#1610=ORIENTED_EDGE('',*,*,#3031,.T.);
#1611=ORIENTED_EDGE('',*,*,#3051,.T.);
#1612=ORIENTED_EDGE('',*,*,#3048,.F.);
#1613=ORIENTED_EDGE('',*,*,#3052,.T.);
#1614=ORIENTED_EDGE('',*,*,#2428,.F.);
#1615=ORIENTED_EDGE('',*,*,#2570,.T.);
#1616=ORIENTED_EDGE('',*,*,#3053,.F.);
#1617=ORIENTED_EDGE('',*,*,#3054,.F.);
#1618=ORIENTED_EDGE('',*,*,#2624,.T.);
#1619=ORIENTED_EDGE('',*,*,#3055,.T.);
#1620=ORIENTED_EDGE('',*,*,#3056,.F.);
#1621=ORIENTED_EDGE('',*,*,#3057,.F.);
#1622=ORIENTED_EDGE('',*,*,#2625,.T.);
#1623=ORIENTED_EDGE('',*,*,#3054,.T.);
#1624=ORIENTED_EDGE('',*,*,#3058,.F.);
#1625=ORIENTED_EDGE('',*,*,#3059,.F.);
#1626=ORIENTED_EDGE('',*,*,#2626,.T.);
#1627=ORIENTED_EDGE('',*,*,#3057,.T.);
#1628=ORIENTED_EDGE('',*,*,#3060,.T.);
#1629=ORIENTED_EDGE('',*,*,#3061,.F.);
#1630=ORIENTED_EDGE('',*,*,#2620,.F.);
#1631=ORIENTED_EDGE('',*,*,#3062,.T.);
#1632=ORIENTED_EDGE('',*,*,#3063,.T.);
#1633=ORIENTED_EDGE('',*,*,#3064,.F.);
#1634=ORIENTED_EDGE('',*,*,#2621,.F.);
#1635=ORIENTED_EDGE('',*,*,#3061,.T.);
#1636=ORIENTED_EDGE('',*,*,#3065,.T.);
#1637=ORIENTED_EDGE('',*,*,#3066,.F.);
#1638=ORIENTED_EDGE('',*,*,#2622,.F.);
#1639=ORIENTED_EDGE('',*,*,#3064,.T.);
#1640=ORIENTED_EDGE('',*,*,#3067,.T.);
#1641=ORIENTED_EDGE('',*,*,#3068,.F.);
#1642=ORIENTED_EDGE('',*,*,#2616,.F.);
#1643=ORIENTED_EDGE('',*,*,#3069,.T.);
#1644=ORIENTED_EDGE('',*,*,#3070,.T.);
#1645=ORIENTED_EDGE('',*,*,#3071,.F.);
#1646=ORIENTED_EDGE('',*,*,#2617,.F.);
#1647=ORIENTED_EDGE('',*,*,#3068,.T.);
#1648=ORIENTED_EDGE('',*,*,#3072,.T.);
#1649=ORIENTED_EDGE('',*,*,#3073,.F.);
#1650=ORIENTED_EDGE('',*,*,#2618,.F.);
#1651=ORIENTED_EDGE('',*,*,#3071,.T.);
#1652=ORIENTED_EDGE('',*,*,#3074,.T.);
#1653=ORIENTED_EDGE('',*,*,#3075,.F.);
#1654=ORIENTED_EDGE('',*,*,#2612,.F.);
#1655=ORIENTED_EDGE('',*,*,#3076,.T.);
#1656=ORIENTED_EDGE('',*,*,#3077,.T.);
#1657=ORIENTED_EDGE('',*,*,#3078,.F.);
#1658=ORIENTED_EDGE('',*,*,#2613,.F.);
#1659=ORIENTED_EDGE('',*,*,#3075,.T.);
#1660=ORIENTED_EDGE('',*,*,#3079,.T.);
#1661=ORIENTED_EDGE('',*,*,#3080,.F.);
#1662=ORIENTED_EDGE('',*,*,#2614,.F.);
#1663=ORIENTED_EDGE('',*,*,#3078,.T.);
#1664=ORIENTED_EDGE('',*,*,#3081,.T.);
#1665=ORIENTED_EDGE('',*,*,#3082,.F.);
#1666=ORIENTED_EDGE('',*,*,#2608,.F.);
#1667=ORIENTED_EDGE('',*,*,#3083,.T.);
#1668=ORIENTED_EDGE('',*,*,#3084,.T.);
#1669=ORIENTED_EDGE('',*,*,#3085,.F.);
#1670=ORIENTED_EDGE('',*,*,#2609,.F.);
#1671=ORIENTED_EDGE('',*,*,#3082,.T.);
#1672=ORIENTED_EDGE('',*,*,#3086,.T.);
#1673=ORIENTED_EDGE('',*,*,#3087,.F.);
#1674=ORIENTED_EDGE('',*,*,#2610,.F.);
#1675=ORIENTED_EDGE('',*,*,#3085,.T.);
#1676=ORIENTED_EDGE('',*,*,#3088,.F.);
#1677=ORIENTED_EDGE('',*,*,#3089,.F.);
#1678=ORIENTED_EDGE('',*,*,#3090,.F.);
#1679=ORIENTED_EDGE('',*,*,#2598,.T.);
#1680=ORIENTED_EDGE('',*,*,#3091,.T.);
#1681=ORIENTED_EDGE('',*,*,#3092,.F.);
#1682=ORIENTED_EDGE('',*,*,#2599,.F.);
#1683=ORIENTED_EDGE('',*,*,#3090,.T.);
#1684=ORIENTED_EDGE('',*,*,#2603,.F.);
#1685=ORIENTED_EDGE('',*,*,#3093,.T.);
#1686=ORIENTED_EDGE('',*,*,#3094,.F.);
#1687=ORIENTED_EDGE('',*,*,#2600,.F.);
#1688=ORIENTED_EDGE('',*,*,#3092,.T.);
#1689=ORIENTED_EDGE('',*,*,#3095,.T.);
#1690=ORIENTED_EDGE('',*,*,#3096,.F.);
#1691=ORIENTED_EDGE('',*,*,#3097,.F.);
#1692=ORIENTED_EDGE('',*,*,#3062,.F.);
#1693=ORIENTED_EDGE('',*,*,#2623,.T.);
#1694=ORIENTED_EDGE('',*,*,#3066,.T.);
#1695=ORIENTED_EDGE('',*,*,#3098,.F.);
#1696=ORIENTED_EDGE('',*,*,#3069,.F.);
#1697=ORIENTED_EDGE('',*,*,#2619,.T.);
#1698=ORIENTED_EDGE('',*,*,#3073,.T.);
#1699=ORIENTED_EDGE('',*,*,#3099,.F.);
#1700=ORIENTED_EDGE('',*,*,#3076,.F.);
#1701=ORIENTED_EDGE('',*,*,#2615,.T.);
#1702=ORIENTED_EDGE('',*,*,#3080,.T.);
#1703=ORIENTED_EDGE('',*,*,#3100,.T.);
#1704=ORIENTED_EDGE('',*,*,#3083,.F.);
#1705=ORIENTED_EDGE('',*,*,#2611,.F.);
#1706=ORIENTED_EDGE('',*,*,#3087,.T.);
#1707=ORIENTED_EDGE('',*,*,#3101,.T.);
#1708=ORIENTED_EDGE('',*,*,#2395,.F.);
#1709=ORIENTED_EDGE('',*,*,#2604,.F.);
#1710=ORIENTED_EDGE('',*,*,#3096,.T.);
#1711=ORIENTED_EDGE('',*,*,#3102,.F.);
#1712=ORIENTED_EDGE('',*,*,#3055,.F.);
#1713=ORIENTED_EDGE('',*,*,#2627,.T.);
#1714=ORIENTED_EDGE('',*,*,#3059,.T.);
#1715=ORIENTED_EDGE('',*,*,#3060,.F.);
#1716=ORIENTED_EDGE('',*,*,#3097,.T.);
#1717=ORIENTED_EDGE('',*,*,#3065,.F.);
#1718=ORIENTED_EDGE('',*,*,#3063,.F.);
#1719=ORIENTED_EDGE('',*,*,#3067,.F.);
#1720=ORIENTED_EDGE('',*,*,#3098,.T.);
#1721=ORIENTED_EDGE('',*,*,#3072,.F.);
#1722=ORIENTED_EDGE('',*,*,#3070,.F.);
#1723=ORIENTED_EDGE('',*,*,#3074,.F.);
#1724=ORIENTED_EDGE('',*,*,#3099,.T.);
#1725=ORIENTED_EDGE('',*,*,#3079,.F.);
#1726=ORIENTED_EDGE('',*,*,#3077,.F.);
#1727=ORIENTED_EDGE('',*,*,#3100,.F.);
#1728=ORIENTED_EDGE('',*,*,#3086,.F.);
#1729=ORIENTED_EDGE('',*,*,#3084,.F.);
#1730=ORIENTED_EDGE('',*,*,#3081,.F.);
#1731=ORIENTED_EDGE('',*,*,#3103,.F.);
#1732=ORIENTED_EDGE('',*,*,#3104,.T.);
#1733=ORIENTED_EDGE('',*,*,#2396,.T.);
#1734=ORIENTED_EDGE('',*,*,#3101,.F.);
#1735=ORIENTED_EDGE('',*,*,#3095,.F.);
#1736=ORIENTED_EDGE('',*,*,#3091,.F.);
#1737=ORIENTED_EDGE('',*,*,#3089,.T.);
#1738=ORIENTED_EDGE('',*,*,#3105,.T.);
#1739=ORIENTED_EDGE('',*,*,#3056,.T.);
#1740=ORIENTED_EDGE('',*,*,#3053,.T.);
#1741=ORIENTED_EDGE('',*,*,#3102,.T.);
#1742=ORIENTED_EDGE('',*,*,#3058,.T.);
#1743=ORIENTED_EDGE('',*,*,#3106,.F.);
#1744=ORIENTED_EDGE('',*,*,#3107,.T.);
#1745=ORIENTED_EDGE('',*,*,#3108,.T.);
#1746=ORIENTED_EDGE('',*,*,#3043,.F.);
#1747=ORIENTED_EDGE('',*,*,#3109,.T.);
#1748=ORIENTED_EDGE('',*,*,#3110,.T.);
#1749=ORIENTED_EDGE('',*,*,#3044,.T.);
#1750=ORIENTED_EDGE('',*,*,#3108,.F.);
#1751=ORIENTED_EDGE('',*,*,#3111,.F.);
#1752=ORIENTED_EDGE('',*,*,#2477,.F.);
#1753=ORIENTED_EDGE('',*,*,#3112,.F.);
#1754=ORIENTED_EDGE('',*,*,#2423,.T.);
#1755=ORIENTED_EDGE('',*,*,#3113,.T.);
#1756=ORIENTED_EDGE('',*,*,#3114,.T.);
#1757=ORIENTED_EDGE('',*,*,#2480,.T.);
#1758=ORIENTED_EDGE('',*,*,#2399,.F.);
#1759=ORIENTED_EDGE('',*,*,#2420,.T.);
#1760=ORIENTED_EDGE('',*,*,#3115,.T.);
#1761=ORIENTED_EDGE('',*,*,#2498,.F.);
#1762=ORIENTED_EDGE('',*,*,#2486,.T.);
#1763=ORIENTED_EDGE('',*,*,#2460,.T.);
#1764=ORIENTED_EDGE('',*,*,#3116,.T.);
#1765=ORIENTED_EDGE('',*,*,#2470,.T.);
#1766=ORIENTED_EDGE('',*,*,#3117,.T.);
#1767=ORIENTED_EDGE('',*,*,#3118,.T.);
#1768=ORIENTED_EDGE('',*,*,#3119,.T.);
#1769=ORIENTED_EDGE('',*,*,#2433,.T.);
#1770=ORIENTED_EDGE('',*,*,#3120,.F.);
#1771=ORIENTED_EDGE('',*,*,#2595,.T.);
#1772=ORIENTED_EDGE('',*,*,#3121,.T.);
#1773=ORIENTED_EDGE('',*,*,#3120,.T.);
#1774=ORIENTED_EDGE('',*,*,#2441,.F.);
#1775=ORIENTED_EDGE('',*,*,#2593,.F.);
#1776=ORIENTED_EDGE('',*,*,#3122,.T.);
#1777=ORIENTED_EDGE('',*,*,#3123,.T.);
#1778=ORIENTED_EDGE('',*,*,#3124,.T.);
#1779=ORIENTED_EDGE('',*,*,#2630,.T.);
#1780=ORIENTED_EDGE('',*,*,#3125,.F.);
#1781=ORIENTED_EDGE('',*,*,#3126,.F.);
#1782=ORIENTED_EDGE('',*,*,#2574,.T.);
#1783=ORIENTED_EDGE('',*,*,#2629,.F.);
#1784=ORIENTED_EDGE('',*,*,#3127,.F.);
#1785=ORIENTED_EDGE('',*,*,#3128,.T.);
#1786=ORIENTED_EDGE('',*,*,#3125,.T.);
#1787=ORIENTED_EDGE('',*,*,#2628,.F.);
#1788=ORIENTED_EDGE('',*,*,#2563,.F.);
#1789=ORIENTED_EDGE('',*,*,#3129,.T.);
#1790=ORIENTED_EDGE('',*,*,#3127,.T.);
#1791=ORIENTED_EDGE('',*,*,#2562,.F.);
#1792=ORIENTED_EDGE('',*,*,#3130,.T.);
#1793=ORIENTED_EDGE('',*,*,#3131,.T.);
#1794=ORIENTED_EDGE('',*,*,#3132,.T.);
#1795=ORIENTED_EDGE('',*,*,#2575,.T.);
#1796=ORIENTED_EDGE('',*,*,#3126,.T.);
#1797=ORIENTED_EDGE('',*,*,#3128,.F.);
#1798=ORIENTED_EDGE('',*,*,#3129,.F.);
#1799=ORIENTED_EDGE('',*,*,#2547,.F.);
#1800=ORIENTED_EDGE('',*,*,#3133,.T.);
#1801=ORIENTED_EDGE('',*,*,#2581,.T.);
#1802=ORIENTED_EDGE('',*,*,#3134,.T.);
#1803=ORIENTED_EDGE('',*,*,#2549,.T.);
#1804=ORIENTED_EDGE('',*,*,#3135,.F.);
#1805=ORIENTED_EDGE('',*,*,#2579,.F.);
#1806=ORIENTED_EDGE('',*,*,#2554,.T.);
#1807=ORIENTED_EDGE('',*,*,#2548,.F.);
#1808=ORIENTED_EDGE('',*,*,#3134,.F.);
#1809=ORIENTED_EDGE('',*,*,#2580,.T.);
#1810=ORIENTED_EDGE('',*,*,#3135,.T.);
#1811=ORIENTED_EDGE('',*,*,#3136,.T.);
#1812=ORIENTED_EDGE('',*,*,#3137,.T.);
#1813=ORIENTED_EDGE('',*,*,#2537,.F.);
#1814=ORIENTED_EDGE('',*,*,#3138,.T.);
#1815=ORIENTED_EDGE('',*,*,#2535,.T.);
#1816=ORIENTED_EDGE('',*,*,#3139,.T.);
#1817=ORIENTED_EDGE('',*,*,#3136,.F.);
#1818=ORIENTED_EDGE('',*,*,#3140,.T.);
#1819=ORIENTED_EDGE('',*,*,#3141,.T.);
#1820=ORIENTED_EDGE('',*,*,#3142,.T.);
#1821=ORIENTED_EDGE('',*,*,#2442,.F.);
#1822=ORIENTED_EDGE('',*,*,#3143,.T.);
#1823=ORIENTED_EDGE('',*,*,#2539,.T.);
#1824=ORIENTED_EDGE('',*,*,#3144,.T.);
#1825=ORIENTED_EDGE('',*,*,#3141,.F.);
#1826=ORIENTED_EDGE('',*,*,#3145,.T.);
#1827=ORIENTED_EDGE('',*,*,#3146,.F.);
#1828=ORIENTED_EDGE('',*,*,#3147,.T.);
#1829=ORIENTED_EDGE('',*,*,#3148,.F.);
#1830=ORIENTED_EDGE('',*,*,#3149,.F.);
#1831=ORIENTED_EDGE('',*,*,#2542,.T.);
#1832=ORIENTED_EDGE('',*,*,#2449,.F.);
#1833=ORIENTED_EDGE('',*,*,#3150,.T.);
#1834=ORIENTED_EDGE('',*,*,#2533,.F.);
#1835=ORIENTED_EDGE('',*,*,#3151,.T.);
#1836=ORIENTED_EDGE('',*,*,#3152,.T.);
#1837=ORIENTED_EDGE('',*,*,#3153,.T.);
#1838=ORIENTED_EDGE('',*,*,#3146,.T.);
#1839=ORIENTED_EDGE('',*,*,#2541,.F.);
#1840=ORIENTED_EDGE('',*,*,#3154,.T.);
#1841=ORIENTED_EDGE('',*,*,#2467,.T.);
#1842=ORIENTED_EDGE('',*,*,#3155,.T.);
#1843=ORIENTED_EDGE('',*,*,#3156,.T.);
#1844=ORIENTED_EDGE('',*,*,#3156,.F.);
#1845=ORIENTED_EDGE('',*,*,#3157,.T.);
#1846=ORIENTED_EDGE('',*,*,#3158,.T.);
#1847=ORIENTED_EDGE('',*,*,#3159,.F.);
#1848=ORIENTED_EDGE('',*,*,#2515,.F.);
#1849=ORIENTED_EDGE('',*,*,#3160,.T.);
#1850=ORIENTED_EDGE('',*,*,#3161,.T.);
#1851=ORIENTED_EDGE('',*,*,#3162,.F.);
#1852=ORIENTED_EDGE('',*,*,#2516,.F.);
#1853=ORIENTED_EDGE('',*,*,#3159,.T.);
#1854=ORIENTED_EDGE('',*,*,#3163,.T.);
#1855=ORIENTED_EDGE('',*,*,#3164,.F.);
#1856=ORIENTED_EDGE('',*,*,#2517,.F.);
#1857=ORIENTED_EDGE('',*,*,#3162,.T.);
#1858=ORIENTED_EDGE('',*,*,#3165,.F.);
#1859=ORIENTED_EDGE('',*,*,#3166,.F.);
#1860=ORIENTED_EDGE('',*,*,#2511,.T.);
#1861=ORIENTED_EDGE('',*,*,#3167,.T.);
#1862=ORIENTED_EDGE('',*,*,#3168,.T.);
#1863=ORIENTED_EDGE('',*,*,#3169,.F.);
#1864=ORIENTED_EDGE('',*,*,#2512,.F.);
#1865=ORIENTED_EDGE('',*,*,#3166,.T.);
#1866=ORIENTED_EDGE('',*,*,#3170,.F.);
#1867=ORIENTED_EDGE('',*,*,#3171,.F.);
#1868=ORIENTED_EDGE('',*,*,#2513,.T.);
#1869=ORIENTED_EDGE('',*,*,#3169,.T.);
#1870=ORIENTED_EDGE('',*,*,#3172,.F.);
#1871=ORIENTED_EDGE('',*,*,#3173,.F.);
#1872=ORIENTED_EDGE('',*,*,#2507,.T.);
#1873=ORIENTED_EDGE('',*,*,#3174,.T.);
#1874=ORIENTED_EDGE('',*,*,#3175,.T.);
#1875=ORIENTED_EDGE('',*,*,#3176,.F.);
#1876=ORIENTED_EDGE('',*,*,#2508,.F.);
#1877=ORIENTED_EDGE('',*,*,#3173,.T.);
#1878=ORIENTED_EDGE('',*,*,#3177,.F.);
#1879=ORIENTED_EDGE('',*,*,#3178,.F.);
#1880=ORIENTED_EDGE('',*,*,#2509,.T.);
#1881=ORIENTED_EDGE('',*,*,#3176,.T.);
#1882=ORIENTED_EDGE('',*,*,#3179,.F.);
#1883=ORIENTED_EDGE('',*,*,#3180,.F.);
#1884=ORIENTED_EDGE('',*,*,#2503,.T.);
#1885=ORIENTED_EDGE('',*,*,#3181,.T.);
#1886=ORIENTED_EDGE('',*,*,#3182,.T.);
#1887=ORIENTED_EDGE('',*,*,#3183,.F.);
#1888=ORIENTED_EDGE('',*,*,#2504,.F.);
#1889=ORIENTED_EDGE('',*,*,#3180,.T.);
#1890=ORIENTED_EDGE('',*,*,#3184,.F.);
#1891=ORIENTED_EDGE('',*,*,#3185,.F.);
#1892=ORIENTED_EDGE('',*,*,#2505,.T.);
#1893=ORIENTED_EDGE('',*,*,#3183,.T.);
#1894=ORIENTED_EDGE('',*,*,#3186,.F.);
#1895=ORIENTED_EDGE('',*,*,#3187,.F.);
#1896=ORIENTED_EDGE('',*,*,#2499,.T.);
#1897=ORIENTED_EDGE('',*,*,#3188,.T.);
#1898=ORIENTED_EDGE('',*,*,#3189,.F.);
#1899=ORIENTED_EDGE('',*,*,#3190,.F.);
#1900=ORIENTED_EDGE('',*,*,#2500,.T.);
#1901=ORIENTED_EDGE('',*,*,#3187,.T.);
#1902=ORIENTED_EDGE('',*,*,#3191,.F.);
#1903=ORIENTED_EDGE('',*,*,#3192,.F.);
#1904=ORIENTED_EDGE('',*,*,#2501,.T.);
#1905=ORIENTED_EDGE('',*,*,#3190,.T.);
#1906=ORIENTED_EDGE('',*,*,#2488,.F.);
#1907=ORIENTED_EDGE('',*,*,#3193,.T.);
#1908=ORIENTED_EDGE('',*,*,#3194,.T.);
#1909=ORIENTED_EDGE('',*,*,#3195,.F.);
#1910=ORIENTED_EDGE('',*,*,#3196,.F.);
#1911=ORIENTED_EDGE('',*,*,#3197,.F.);
#1912=ORIENTED_EDGE('',*,*,#2489,.T.);
#1913=ORIENTED_EDGE('',*,*,#3195,.T.);
#1914=ORIENTED_EDGE('',*,*,#3198,.F.);
#1915=ORIENTED_EDGE('',*,*,#2490,.T.);
#1916=ORIENTED_EDGE('',*,*,#3197,.T.);
#1917=ORIENTED_EDGE('',*,*,#3199,.F.);
#1918=ORIENTED_EDGE('',*,*,#3200,.F.);
#1919=ORIENTED_EDGE('',*,*,#2493,.T.);
#1920=ORIENTED_EDGE('',*,*,#3201,.T.);
#1921=ORIENTED_EDGE('',*,*,#3155,.F.);
#1922=ORIENTED_EDGE('',*,*,#3202,.T.);
#1923=ORIENTED_EDGE('',*,*,#2450,.T.);
#1924=ORIENTED_EDGE('',*,*,#3157,.F.);
#1925=ORIENTED_EDGE('',*,*,#3203,.F.);
#1926=ORIENTED_EDGE('',*,*,#3167,.F.);
#1927=ORIENTED_EDGE('',*,*,#2514,.T.);
#1928=ORIENTED_EDGE('',*,*,#3171,.T.);
#1929=ORIENTED_EDGE('',*,*,#3204,.F.);
#1930=ORIENTED_EDGE('',*,*,#3174,.F.);
#1931=ORIENTED_EDGE('',*,*,#2510,.T.);
#1932=ORIENTED_EDGE('',*,*,#3178,.T.);
#1933=ORIENTED_EDGE('',*,*,#3205,.F.);
#1934=ORIENTED_EDGE('',*,*,#3181,.F.);
#1935=ORIENTED_EDGE('',*,*,#2506,.T.);
#1936=ORIENTED_EDGE('',*,*,#3185,.T.);
#1937=ORIENTED_EDGE('',*,*,#3206,.F.);
#1938=ORIENTED_EDGE('',*,*,#3188,.F.);
#1939=ORIENTED_EDGE('',*,*,#2502,.T.);
#1940=ORIENTED_EDGE('',*,*,#3192,.T.);
#1941=ORIENTED_EDGE('',*,*,#3207,.F.);
#1942=ORIENTED_EDGE('',*,*,#2417,.F.);
#1943=ORIENTED_EDGE('',*,*,#2494,.T.);
#1944=ORIENTED_EDGE('',*,*,#3200,.T.);
#1945=ORIENTED_EDGE('',*,*,#3208,.T.);
#1946=ORIENTED_EDGE('',*,*,#3160,.F.);
#1947=ORIENTED_EDGE('',*,*,#2518,.F.);
#1948=ORIENTED_EDGE('',*,*,#3164,.T.);
#1949=ORIENTED_EDGE('',*,*,#3158,.F.);
#1950=ORIENTED_EDGE('',*,*,#3208,.F.);
#1951=ORIENTED_EDGE('',*,*,#3163,.F.);
#1952=ORIENTED_EDGE('',*,*,#3161,.F.);
#1953=ORIENTED_EDGE('',*,*,#3209,.F.);
#1954=ORIENTED_EDGE('',*,*,#3210,.T.);
#1955=ORIENTED_EDGE('',*,*,#2414,.F.);
#1956=ORIENTED_EDGE('',*,*,#3207,.T.);
#1957=ORIENTED_EDGE('',*,*,#3199,.T.);
#1958=ORIENTED_EDGE('',*,*,#3196,.T.);
#1959=ORIENTED_EDGE('',*,*,#3194,.F.);
#1960=ORIENTED_EDGE('',*,*,#3211,.T.);
#1961=ORIENTED_EDGE('',*,*,#3191,.T.);
#1962=ORIENTED_EDGE('',*,*,#3189,.T.);
#1963=ORIENTED_EDGE('',*,*,#3186,.T.);
#1964=ORIENTED_EDGE('',*,*,#3206,.T.);
#1965=ORIENTED_EDGE('',*,*,#3182,.F.);
#1966=ORIENTED_EDGE('',*,*,#3179,.T.);
#1967=ORIENTED_EDGE('',*,*,#3205,.T.);
#1968=ORIENTED_EDGE('',*,*,#3184,.T.);
#1969=ORIENTED_EDGE('',*,*,#3175,.F.);
#1970=ORIENTED_EDGE('',*,*,#3172,.T.);
#1971=ORIENTED_EDGE('',*,*,#3204,.T.);
#1972=ORIENTED_EDGE('',*,*,#3177,.T.);
#1973=ORIENTED_EDGE('',*,*,#3168,.F.);
#1974=ORIENTED_EDGE('',*,*,#3165,.T.);
#1975=ORIENTED_EDGE('',*,*,#3203,.T.);
#1976=ORIENTED_EDGE('',*,*,#3170,.T.);
#1977=ORIENTED_EDGE('',*,*,#3042,.F.);
#1978=ORIENTED_EDGE('',*,*,#3212,.T.);
#1979=ORIENTED_EDGE('',*,*,#3213,.T.);
#1980=ORIENTED_EDGE('',*,*,#3106,.T.);
#1981=ORIENTED_EDGE('',*,*,#2476,.F.);
#1982=ORIENTED_EDGE('',*,*,#3214,.T.);
#1983=ORIENTED_EDGE('',*,*,#3215,.T.);
#1984=ORIENTED_EDGE('',*,*,#3112,.T.);
#1985=ORIENTED_EDGE('',*,*,#2407,.F.);
#1986=ORIENTED_EDGE('',*,*,#3216,.T.);
#1987=ORIENTED_EDGE('',*,*,#3217,.T.);
#1988=ORIENTED_EDGE('',*,*,#3218,.T.);
#1989=ORIENTED_EDGE('',*,*,#3218,.F.);
#1990=ORIENTED_EDGE('',*,*,#3219,.T.);
#1991=ORIENTED_EDGE('',*,*,#2452,.T.);
#1992=ORIENTED_EDGE('',*,*,#2408,.T.);
#1993=ORIENTED_EDGE('',*,*,#3220,.T.);
#1994=ORIENTED_EDGE('',*,*,#3221,.T.);
#1995=ORIENTED_EDGE('',*,*,#2447,.T.);
#1996=ORIENTED_EDGE('',*,*,#3222,.T.);
#1997=ORIENTED_EDGE('',*,*,#3149,.T.);
#1998=ORIENTED_EDGE('',*,*,#3223,.F.);
#1999=ORIENTED_EDGE('',*,*,#3224,.F.);
#2000=ORIENTED_EDGE('',*,*,#2543,.T.);
#2001=ORIENTED_EDGE('',*,*,#3148,.T.);
#2002=ORIENTED_EDGE('',*,*,#3225,.F.);
#2003=ORIENTED_EDGE('',*,*,#3226,.F.);
#2004=ORIENTED_EDGE('',*,*,#3223,.T.);
#2005=ORIENTED_EDGE('',*,*,#3147,.F.);
#2006=ORIENTED_EDGE('',*,*,#3153,.F.);
#2007=ORIENTED_EDGE('',*,*,#3227,.T.);
#2008=ORIENTED_EDGE('',*,*,#3225,.T.);
#2009=ORIENTED_EDGE('',*,*,#3228,.T.);
#2010=ORIENTED_EDGE('',*,*,#3229,.T.);
#2011=ORIENTED_EDGE('',*,*,#2544,.T.);
#2012=ORIENTED_EDGE('',*,*,#3224,.T.);
#2013=ORIENTED_EDGE('',*,*,#3226,.T.);
#2014=ORIENTED_EDGE('',*,*,#3227,.F.);
#2015=ORIENTED_EDGE('',*,*,#3152,.F.);
#2016=ORIENTED_EDGE('',*,*,#3230,.T.);
#2017=ORIENTED_EDGE('',*,*,#2463,.F.);
#2018=ORIENTED_EDGE('',*,*,#3231,.T.);
#2019=ORIENTED_EDGE('',*,*,#2529,.T.);
#2020=ORIENTED_EDGE('',*,*,#3232,.F.);
#2021=ORIENTED_EDGE('',*,*,#2532,.T.);
#2022=ORIENTED_EDGE('',*,*,#3233,.F.);
#2023=ORIENTED_EDGE('',*,*,#2464,.F.);
#2024=ORIENTED_EDGE('',*,*,#3232,.T.);
#2025=ORIENTED_EDGE('',*,*,#2531,.F.);
#2026=ORIENTED_EDGE('',*,*,#2431,.F.);
#2027=ORIENTED_EDGE('',*,*,#2465,.T.);
#2028=ORIENTED_EDGE('',*,*,#3233,.T.);
#2029=ORIENTED_EDGE('',*,*,#3151,.F.);
#2030=ORIENTED_EDGE('',*,*,#2536,.F.);
#2031=ORIENTED_EDGE('',*,*,#3234,.F.);
#2032=ORIENTED_EDGE('',*,*,#3230,.F.);
#2033=ORIENTED_EDGE('',*,*,#3234,.T.);
#2034=ORIENTED_EDGE('',*,*,#3140,.F.);
#2035=ORIENTED_EDGE('',*,*,#3235,.F.);
#2036=ORIENTED_EDGE('',*,*,#3228,.F.);
#2037=ORIENTED_EDGE('',*,*,#3235,.T.);
#2038=ORIENTED_EDGE('',*,*,#3138,.F.);
#2039=ORIENTED_EDGE('',*,*,#2545,.F.);
#2040=ORIENTED_EDGE('',*,*,#3229,.F.);
#2041=ORIENTED_EDGE('',*,*,#2446,.F.);
#2042=ORIENTED_EDGE('',*,*,#2457,.F.);
#2043=ORIENTED_EDGE('',*,*,#3236,.F.);
#2044=ORIENTED_EDGE('',*,*,#3143,.F.);
#2045=ORIENTED_EDGE('',*,*,#3236,.T.);
#2046=ORIENTED_EDGE('',*,*,#2469,.F.);
#2047=ORIENTED_EDGE('',*,*,#3237,.F.);
#2048=ORIENTED_EDGE('',*,*,#3145,.F.);
#2049=ORIENTED_EDGE('',*,*,#3237,.T.);
#2050=ORIENTED_EDGE('',*,*,#2468,.F.);
#2051=ORIENTED_EDGE('',*,*,#3154,.F.);
#2052=ORIENTED_EDGE('',*,*,#2540,.F.);
#2053=ORIENTED_EDGE('',*,*,#2576,.F.);
#2054=ORIENTED_EDGE('',*,*,#3132,.F.);
#2055=ORIENTED_EDGE('',*,*,#3238,.F.);
#2056=ORIENTED_EDGE('',*,*,#3050,.F.);
#2057=ORIENTED_EDGE('',*,*,#3238,.T.);
#2058=ORIENTED_EDGE('',*,*,#3131,.F.);
#2059=ORIENTED_EDGE('',*,*,#3239,.F.);
#2060=ORIENTED_EDGE('',*,*,#3052,.F.);
#2061=ORIENTED_EDGE('',*,*,#3239,.T.);
#2062=ORIENTED_EDGE('',*,*,#3130,.F.);
#2063=ORIENTED_EDGE('',*,*,#2561,.F.);
#2064=ORIENTED_EDGE('',*,*,#3032,.F.);
#2065=ORIENTED_EDGE('',*,*,#2572,.F.);
#2066=ORIENTED_EDGE('',*,*,#2577,.F.);
#2067=ORIENTED_EDGE('',*,*,#3240,.F.);
#2068=ORIENTED_EDGE('',*,*,#2566,.F.);
#2069=ORIENTED_EDGE('',*,*,#3240,.T.);
#2070=ORIENTED_EDGE('',*,*,#2587,.F.);
#2071=ORIENTED_EDGE('',*,*,#3241,.F.);
#2072=ORIENTED_EDGE('',*,*,#3035,.F.);
#2073=ORIENTED_EDGE('',*,*,#2522,.F.);
#2074=ORIENTED_EDGE('',*,*,#2553,.F.);
#2075=ORIENTED_EDGE('',*,*,#3242,.F.);
#2076=ORIENTED_EDGE('',*,*,#2585,.F.);
#2077=ORIENTED_EDGE('',*,*,#3241,.T.);
#2078=ORIENTED_EDGE('',*,*,#2586,.F.);
#2079=ORIENTED_EDGE('',*,*,#3242,.T.);
#2080=ORIENTED_EDGE('',*,*,#3037,.F.);
#2081=ORIENTED_EDGE('',*,*,#3231,.F.);
#2082=ORIENTED_EDGE('',*,*,#2462,.T.);
#2083=ORIENTED_EDGE('',*,*,#2429,.F.);
#2084=ORIENTED_EDGE('',*,*,#2530,.F.);
#2085=ORIENTED_EDGE('',*,*,#2528,.F.);
#2086=ORIENTED_EDGE('',*,*,#2471,.F.);
#2087=ORIENTED_EDGE('',*,*,#3116,.F.);
#2088=ORIENTED_EDGE('',*,*,#2459,.F.);
#2089=ORIENTED_EDGE('',*,*,#2527,.F.);
#2090=ORIENTED_EDGE('',*,*,#2456,.T.);
#2091=ORIENTED_EDGE('',*,*,#3117,.F.);
#2092=ORIENTED_EDGE('',*,*,#2473,.F.);
#2093=ORIENTED_EDGE('',*,*,#2526,.F.);
#2094=ORIENTED_EDGE('',*,*,#2589,.T.);
#2095=ORIENTED_EDGE('',*,*,#2388,.F.);
#2096=ORIENTED_EDGE('',*,*,#2455,.F.);
#2097=ORIENTED_EDGE('',*,*,#2524,.F.);
#2098=ORIENTED_EDGE('',*,*,#2584,.T.);
#2099=ORIENTED_EDGE('',*,*,#2390,.F.);
#2100=ORIENTED_EDGE('',*,*,#2588,.F.);
#2101=ORIENTED_EDGE('',*,*,#3133,.F.);
#2102=ORIENTED_EDGE('',*,*,#2546,.T.);
#2103=ORIENTED_EDGE('',*,*,#2557,.F.);
#2104=ORIENTED_EDGE('',*,*,#2582,.F.);
#2105=ORIENTED_EDGE('',*,*,#2594,.F.);
#2106=ORIENTED_EDGE('',*,*,#3124,.F.);
#2107=ORIENTED_EDGE('',*,*,#3243,.F.);
#2108=ORIENTED_EDGE('',*,*,#3121,.F.);
#2109=ORIENTED_EDGE('',*,*,#3123,.F.);
#2110=ORIENTED_EDGE('',*,*,#3244,.T.);
#2111=ORIENTED_EDGE('',*,*,#3118,.F.);
#2112=ORIENTED_EDGE('',*,*,#3243,.T.);
#2113=ORIENTED_EDGE('',*,*,#2453,.F.);
#2114=ORIENTED_EDGE('',*,*,#3219,.F.);
#2115=ORIENTED_EDGE('',*,*,#3245,.F.);
#2116=ORIENTED_EDGE('',*,*,#3222,.F.);
#2117=ORIENTED_EDGE('',*,*,#3217,.F.);
#2118=ORIENTED_EDGE('',*,*,#3246,.T.);
#2119=ORIENTED_EDGE('',*,*,#3220,.F.);
#2120=ORIENTED_EDGE('',*,*,#3245,.T.);
#2121=ORIENTED_EDGE('',*,*,#3215,.F.);
#2122=ORIENTED_EDGE('',*,*,#3247,.T.);
#2123=ORIENTED_EDGE('',*,*,#2405,.F.);
#2124=ORIENTED_EDGE('',*,*,#2424,.F.);
#2125=ORIENTED_EDGE('',*,*,#2435,.F.);
#2126=ORIENTED_EDGE('',*,*,#3248,.T.);
#2127=ORIENTED_EDGE('',*,*,#3113,.F.);
#2128=ORIENTED_EDGE('',*,*,#3249,.F.);
#2129=ORIENTED_EDGE('',*,*,#3250,.F.);
#2130=ORIENTED_EDGE('',*,*,#2436,.F.);
#2131=ORIENTED_EDGE('',*,*,#3249,.T.);
#2132=ORIENTED_EDGE('',*,*,#2398,.F.);
#2133=ORIENTED_EDGE('',*,*,#2482,.F.);
#2134=ORIENTED_EDGE('',*,*,#3251,.T.);
#2135=ORIENTED_EDGE('',*,*,#3109,.F.);
#2136=ORIENTED_EDGE('',*,*,#3252,.F.);
#2137=ORIENTED_EDGE('',*,*,#3252,.T.);
#2138=ORIENTED_EDGE('',*,*,#3107,.F.);
#2139=ORIENTED_EDGE('',*,*,#3253,.F.);
#2140=ORIENTED_EDGE('',*,*,#2483,.F.);
#2141=ORIENTED_EDGE('',*,*,#3213,.F.);
#2142=ORIENTED_EDGE('',*,*,#3254,.T.);
#2143=ORIENTED_EDGE('',*,*,#2474,.F.);
#2144=ORIENTED_EDGE('',*,*,#3253,.T.);
#2145=ORIENTED_EDGE('',*,*,#2410,.F.);
#2146=ORIENTED_EDGE('',*,*,#2451,.F.);
#2147=ORIENTED_EDGE('',*,*,#3255,.F.);
#2148=ORIENTED_EDGE('',*,*,#2496,.F.);
#2149=ORIENTED_EDGE('',*,*,#2485,.F.);
#2150=ORIENTED_EDGE('',*,*,#2497,.F.);
#2151=ORIENTED_EDGE('',*,*,#3255,.T.);
#2152=ORIENTED_EDGE('',*,*,#3202,.F.);
#2153=ORIENTED_EDGE('',*,*,#2466,.F.);
#2154=ORIENTED_EDGE('',*,*,#2430,.F.);
#2155=ORIENTED_EDGE('',*,*,#2578,.T.);
#2156=ORIENTED_EDGE('',*,*,#2426,.F.);
#2157=ORIENTED_EDGE('',*,*,#3256,.F.);
#2158=ORIENTED_EDGE('',*,*,#2606,.F.);
#2159=ORIENTED_EDGE('',*,*,#2590,.F.);
#2160=ORIENTED_EDGE('',*,*,#2555,.F.);
#2161=ORIENTED_EDGE('',*,*,#3256,.T.);
#2162=ORIENTED_EDGE('',*,*,#2596,.F.);
#2163=ORIENTED_EDGE('',*,*,#2439,.F.);
#2164=ORIENTED_EDGE('',*,*,#2607,.F.);
#2165=ORIENTED_EDGE('',*,*,#3046,.T.);
#2166=ORIENTED_EDGE('',*,*,#3257,.T.);
#2167=ORIENTED_EDGE('',*,*,#2777,.F.);
#2168=ORIENTED_EDGE('',*,*,#3258,.F.);
#2169=ORIENTED_EDGE('',*,*,#2779,.T.);
#2170=ORIENTED_EDGE('',*,*,#3259,.T.);
#2171=ORIENTED_EDGE('',*,*,#3040,.F.);
#2172=ORIENTED_EDGE('',*,*,#3260,.T.);
#2173=ORIENTED_EDGE('',*,*,#2780,.T.);
#2174=ORIENTED_EDGE('',*,*,#3260,.F.);
#2175=ORIENTED_EDGE('',*,*,#3047,.F.);
#2176=ORIENTED_EDGE('',*,*,#3258,.T.);
#2177=ORIENTED_EDGE('',*,*,#3039,.T.);
#2178=ORIENTED_EDGE('',*,*,#3261,.F.);
#2179=ORIENTED_EDGE('',*,*,#3211,.F.);
#2180=ORIENTED_EDGE('',*,*,#3193,.F.);
#2181=ORIENTED_EDGE('',*,*,#2487,.T.);
#2182=ORIENTED_EDGE('',*,*,#3115,.F.);
#2183=ORIENTED_EDGE('',*,*,#2419,.T.);
#2184=ORIENTED_EDGE('',*,*,#2403,.T.);
#2185=ORIENTED_EDGE('',*,*,#2478,.F.);
#2186=ORIENTED_EDGE('',*,*,#3111,.T.);
#2187=ORIENTED_EDGE('',*,*,#2422,.T.);
#2188=ORIENTED_EDGE('',*,*,#2412,.F.);
#2189=ORIENTED_EDGE('',*,*,#2495,.T.);
#2190=ORIENTED_EDGE('',*,*,#2415,.F.);
#2191=ORIENTED_EDGE('',*,*,#3210,.F.);
#2192=ORIENTED_EDGE('',*,*,#3209,.T.);
#2193=ORIENTED_EDGE('',*,*,#3261,.T.);
#2194=ORIENTED_EDGE('',*,*,#3038,.T.);
#2195=ORIENTED_EDGE('',*,*,#3262,.F.);
#2196=ORIENTED_EDGE('',*,*,#3105,.F.);
#2197=ORIENTED_EDGE('',*,*,#3088,.T.);
#2198=ORIENTED_EDGE('',*,*,#2597,.T.);
#2199=ORIENTED_EDGE('',*,*,#2437,.F.);
#2200=ORIENTED_EDGE('',*,*,#3250,.T.);
#2201=ORIENTED_EDGE('',*,*,#2397,.T.);
#2202=ORIENTED_EDGE('',*,*,#2479,.F.);
#2203=ORIENTED_EDGE('',*,*,#2401,.T.);
#2204=ORIENTED_EDGE('',*,*,#2418,.T.);
#2205=ORIENTED_EDGE('',*,*,#2386,.F.);
#2206=ORIENTED_EDGE('',*,*,#2605,.T.);
#2207=ORIENTED_EDGE('',*,*,#2393,.T.);
#2208=ORIENTED_EDGE('',*,*,#3104,.F.);
#2209=ORIENTED_EDGE('',*,*,#3103,.T.);
#2210=ORIENTED_EDGE('',*,*,#3262,.T.);
#2211=ORIENTED_EDGE('',*,*,#2491,.T.);
#2212=ORIENTED_EDGE('',*,*,#3198,.T.);
#2213=ORIENTED_EDGE('',*,*,#3263,.F.);
#2214=ORIENTED_EDGE('',*,*,#3263,.T.);
#2215=ORIENTED_EDGE('',*,*,#3201,.F.);
#2216=ORIENTED_EDGE('',*,*,#2492,.F.);
#2217=ORIENTED_EDGE('',*,*,#2602,.T.);
#2218=ORIENTED_EDGE('',*,*,#3264,.F.);
#2219=ORIENTED_EDGE('',*,*,#3093,.F.);
#2220=ORIENTED_EDGE('',*,*,#3094,.T.);
#2221=ORIENTED_EDGE('',*,*,#3264,.T.);
#2222=ORIENTED_EDGE('',*,*,#2601,.F.);
#2223=ORIENTED_EDGE('',*,*,#3265,.F.);
#2224=ORIENTED_EDGE('',*,*,#3015,.F.);
#2225=ORIENTED_EDGE('',*,*,#3266,.F.);
#2226=ORIENTED_EDGE('',*,*,#3036,.F.);
#2227=ORIENTED_EDGE('',*,*,#3266,.T.);
#2228=ORIENTED_EDGE('',*,*,#3014,.F.);
#2229=ORIENTED_EDGE('',*,*,#3267,.F.);
#2230=ORIENTED_EDGE('',*,*,#3034,.F.);
#2231=ORIENTED_EDGE('',*,*,#3265,.T.);
#2232=ORIENTED_EDGE('',*,*,#2551,.F.);
#2233=ORIENTED_EDGE('',*,*,#3268,.F.);
#2234=ORIENTED_EDGE('',*,*,#3016,.F.);
#2235=ORIENTED_EDGE('',*,*,#3267,.T.);
#2236=ORIENTED_EDGE('',*,*,#3013,.F.);
#2237=ORIENTED_EDGE('',*,*,#3269,.F.);
#2238=ORIENTED_EDGE('',*,*,#2559,.F.);
#2239=ORIENTED_EDGE('',*,*,#3268,.T.);
#2240=ORIENTED_EDGE('',*,*,#2520,.F.);
#2241=ORIENTED_EDGE('',*,*,#3270,.F.);
#2242=ORIENTED_EDGE('',*,*,#3017,.F.);
#2243=ORIENTED_EDGE('',*,*,#3269,.T.);
#2244=ORIENTED_EDGE('',*,*,#3012,.F.);
#2245=ORIENTED_EDGE('',*,*,#3271,.F.);
#2246=ORIENTED_EDGE('',*,*,#3030,.F.);
#2247=ORIENTED_EDGE('',*,*,#3270,.T.);
#2248=ORIENTED_EDGE('',*,*,#2443,.F.);
#2249=ORIENTED_EDGE('',*,*,#3272,.F.);
#2250=ORIENTED_EDGE('',*,*,#3018,.F.);
#2251=ORIENTED_EDGE('',*,*,#3271,.T.);
#2252=ORIENTED_EDGE('',*,*,#3011,.F.);
#2253=ORIENTED_EDGE('',*,*,#3273,.F.);
#2254=ORIENTED_EDGE('',*,*,#3051,.F.);
#2255=ORIENTED_EDGE('',*,*,#3272,.T.);
#2256=ORIENTED_EDGE('',*,*,#3142,.F.);
#2257=ORIENTED_EDGE('',*,*,#3274,.F.);
#2258=ORIENTED_EDGE('',*,*,#3019,.F.);
#2259=ORIENTED_EDGE('',*,*,#3273,.T.);
#2260=ORIENTED_EDGE('',*,*,#3010,.F.);
#2261=ORIENTED_EDGE('',*,*,#3275,.F.);
#2262=ORIENTED_EDGE('',*,*,#3049,.F.);
#2263=ORIENTED_EDGE('',*,*,#3274,.T.);
#2264=ORIENTED_EDGE('',*,*,#3144,.F.);
#2265=ORIENTED_EDGE('',*,*,#3276,.F.);
#2266=ORIENTED_EDGE('',*,*,#3020,.F.);
#2267=ORIENTED_EDGE('',*,*,#3275,.T.);
#2268=ORIENTED_EDGE('',*,*,#3009,.F.);
#2269=ORIENTED_EDGE('',*,*,#3277,.F.);
#2270=ORIENTED_EDGE('',*,*,#2568,.F.);
#2271=ORIENTED_EDGE('',*,*,#3276,.T.);
#2272=ORIENTED_EDGE('',*,*,#2538,.F.);
#2273=ORIENTED_EDGE('',*,*,#3278,.F.);
#2274=ORIENTED_EDGE('',*,*,#3021,.F.);
#2275=ORIENTED_EDGE('',*,*,#3277,.T.);
#2276=ORIENTED_EDGE('',*,*,#3008,.F.);
#2277=ORIENTED_EDGE('',*,*,#3279,.F.);
#2278=ORIENTED_EDGE('',*,*,#2592,.F.);
#2279=ORIENTED_EDGE('',*,*,#3278,.T.);
#2280=ORIENTED_EDGE('',*,*,#3137,.F.);
#2281=ORIENTED_EDGE('',*,*,#3280,.F.);
#2282=ORIENTED_EDGE('',*,*,#3022,.F.);
#2283=ORIENTED_EDGE('',*,*,#3279,.T.);
#2284=ORIENTED_EDGE('',*,*,#3007,.F.);
#2285=ORIENTED_EDGE('',*,*,#3281,.F.);
#2286=ORIENTED_EDGE('',*,*,#3122,.F.);
#2287=ORIENTED_EDGE('',*,*,#3280,.T.);
#2288=ORIENTED_EDGE('',*,*,#3139,.F.);
#2289=ORIENTED_EDGE('',*,*,#3282,.F.);
#2290=ORIENTED_EDGE('',*,*,#3023,.F.);
#2291=ORIENTED_EDGE('',*,*,#3244,.F.);
#2292=ORIENTED_EDGE('',*,*,#3281,.T.);
#2293=ORIENTED_EDGE('',*,*,#3283,.F.);
#2294=ORIENTED_EDGE('',*,*,#3282,.T.);
#2295=ORIENTED_EDGE('',*,*,#2534,.F.);
#2296=ORIENTED_EDGE('',*,*,#3284,.F.);
#2297=ORIENTED_EDGE('',*,*,#3024,.F.);
#2298=ORIENTED_EDGE('',*,*,#3283,.T.);
#2299=ORIENTED_EDGE('',*,*,#3006,.F.);
#2300=ORIENTED_EDGE('',*,*,#3285,.F.);
#2301=ORIENTED_EDGE('',*,*,#3119,.F.);
#2302=ORIENTED_EDGE('',*,*,#3284,.T.);
#2303=ORIENTED_EDGE('',*,*,#3150,.F.);
#2304=ORIENTED_EDGE('',*,*,#3286,.F.);
#2305=ORIENTED_EDGE('',*,*,#3025,.F.);
#2306=ORIENTED_EDGE('',*,*,#3285,.T.);
#2307=ORIENTED_EDGE('',*,*,#3005,.F.);
#2308=ORIENTED_EDGE('',*,*,#3287,.F.);
#2309=ORIENTED_EDGE('',*,*,#2434,.F.);
#2310=ORIENTED_EDGE('',*,*,#3286,.T.);
#2311=ORIENTED_EDGE('',*,*,#2448,.F.);
#2312=ORIENTED_EDGE('',*,*,#3288,.F.);
#2313=ORIENTED_EDGE('',*,*,#3026,.F.);
#2314=ORIENTED_EDGE('',*,*,#3248,.F.);
#2315=ORIENTED_EDGE('',*,*,#3287,.T.);
#2316=ORIENTED_EDGE('',*,*,#3289,.F.);
#2317=ORIENTED_EDGE('',*,*,#3288,.T.);
#2318=ORIENTED_EDGE('',*,*,#3221,.F.);
#2319=ORIENTED_EDGE('',*,*,#3290,.F.);
#2320=ORIENTED_EDGE('',*,*,#3027,.F.);
#2321=ORIENTED_EDGE('',*,*,#3289,.T.);
#2322=ORIENTED_EDGE('',*,*,#3004,.F.);
#2323=ORIENTED_EDGE('',*,*,#3291,.F.);
#2324=ORIENTED_EDGE('',*,*,#3114,.F.);
#2325=ORIENTED_EDGE('',*,*,#3290,.T.);
#2326=ORIENTED_EDGE('',*,*,#3246,.F.);
#2327=ORIENTED_EDGE('',*,*,#3292,.F.);
#2328=ORIENTED_EDGE('',*,*,#3291,.T.);
#2329=ORIENTED_EDGE('',*,*,#3003,.F.);
#2330=ORIENTED_EDGE('',*,*,#3293,.F.);
#2331=ORIENTED_EDGE('',*,*,#2481,.F.);
#2332=ORIENTED_EDGE('',*,*,#3292,.T.);
#2333=ORIENTED_EDGE('',*,*,#3216,.F.);
#2334=ORIENTED_EDGE('',*,*,#3294,.F.);
#2335=ORIENTED_EDGE('',*,*,#3028,.F.);
#2336=ORIENTED_EDGE('',*,*,#3251,.F.);
#2337=ORIENTED_EDGE('',*,*,#3293,.T.);
#2338=ORIENTED_EDGE('',*,*,#3295,.F.);
#2339=ORIENTED_EDGE('',*,*,#3294,.T.);
#2340=ORIENTED_EDGE('',*,*,#2406,.F.);
#2341=ORIENTED_EDGE('',*,*,#3296,.F.);
#2342=ORIENTED_EDGE('',*,*,#3029,.F.);
#2343=ORIENTED_EDGE('',*,*,#3295,.T.);
#2344=ORIENTED_EDGE('',*,*,#3002,.F.);
#2345=ORIENTED_EDGE('',*,*,#3297,.F.);
#2346=ORIENTED_EDGE('',*,*,#3110,.F.);
#2347=ORIENTED_EDGE('',*,*,#3296,.T.);
#2348=ORIENTED_EDGE('',*,*,#3247,.F.);
#2349=ORIENTED_EDGE('',*,*,#3298,.F.);
#2350=ORIENTED_EDGE('',*,*,#3297,.T.);
#2351=ORIENTED_EDGE('',*,*,#3001,.F.);
#2352=ORIENTED_EDGE('',*,*,#3299,.F.);
#2353=ORIENTED_EDGE('',*,*,#3045,.F.);
#2354=ORIENTED_EDGE('',*,*,#3298,.T.);
#2355=ORIENTED_EDGE('',*,*,#3214,.F.);
#2356=ORIENTED_EDGE('',*,*,#3300,.F.);
#2357=ORIENTED_EDGE('',*,*,#2994,.F.);
#2358=ORIENTED_EDGE('',*,*,#3299,.T.);
#2359=ORIENTED_EDGE('',*,*,#3000,.F.);
#2360=ORIENTED_EDGE('',*,*,#3301,.F.);
#2361=ORIENTED_EDGE('',*,*,#3257,.F.);
#2362=ORIENTED_EDGE('',*,*,#3300,.T.);
#2363=ORIENTED_EDGE('',*,*,#2475,.F.);
#2364=ORIENTED_EDGE('',*,*,#3302,.F.);
#2365=ORIENTED_EDGE('',*,*,#2995,.F.);
#2366=ORIENTED_EDGE('',*,*,#3301,.T.);
#2367=ORIENTED_EDGE('',*,*,#2999,.F.);
#2368=ORIENTED_EDGE('',*,*,#3303,.F.);
#2369=ORIENTED_EDGE('',*,*,#2778,.F.);
#2370=ORIENTED_EDGE('',*,*,#3302,.T.);
#2371=ORIENTED_EDGE('',*,*,#3254,.F.);
#2372=ORIENTED_EDGE('',*,*,#3304,.F.);
#2373=ORIENTED_EDGE('',*,*,#3303,.T.);
#2374=ORIENTED_EDGE('',*,*,#2998,.F.);
#2375=ORIENTED_EDGE('',*,*,#3305,.F.);
#2376=ORIENTED_EDGE('',*,*,#3259,.F.);
#2377=ORIENTED_EDGE('',*,*,#3304,.T.);
#2378=ORIENTED_EDGE('',*,*,#3212,.F.);
#2379=ORIENTED_EDGE('',*,*,#3306,.F.);
#2380=ORIENTED_EDGE('',*,*,#2996,.F.);
#2381=ORIENTED_EDGE('',*,*,#3305,.T.);
#2382=ORIENTED_EDGE('',*,*,#2997,.F.);
#2383=ORIENTED_EDGE('',*,*,#3306,.T.);
#2384=ORIENTED_EDGE('',*,*,#3041,.F.);
#2385=EDGE_CURVE('',#3307,#3308,#3897,.T.);
#2386=EDGE_CURVE('',#3307,#3309,#243,.T.);
#2387=EDGE_CURVE('',#3309,#3310,#3898,.F.);
#2388=EDGE_CURVE('',#3310,#3311,#244,.T.);
#2389=EDGE_CURVE('',#3312,#3311,#3899,.T.);
#2390=EDGE_CURVE('',#3312,#3313,#245,.T.);
#2391=EDGE_CURVE('',#3314,#3313,#3900,.T.);
#2392=EDGE_CURVE('',#3308,#3314,#3901,.T.);
#2393=EDGE_CURVE('',#3315,#3316,#246,.T.);
#2394=EDGE_CURVE('',#3315,#3317,#3902,.T.);
#2395=EDGE_CURVE('',#3317,#3318,#3903,.T.);
#2396=EDGE_CURVE('',#3316,#3318,#3904,.T.);
#2397=EDGE_CURVE('',#3319,#3320,#3905,.T.);
#2398=EDGE_CURVE('',#3319,#3321,#3906,.T.);
#2399=EDGE_CURVE('',#3321,#3322,#3907,.T.);
#2400=EDGE_CURVE('',#3320,#3322,#3908,.T.);
#2401=EDGE_CURVE('',#3323,#3324,#3909,.F.);
#2402=EDGE_CURVE('',#3325,#3323,#3910,.T.);
#2403=EDGE_CURVE('',#3326,#3325,#3911,.T.);
#2404=EDGE_CURVE('',#3326,#3324,#3912,.T.);
#2405=EDGE_CURVE('',#3327,#3328,#3913,.F.);
#2406=EDGE_CURVE('',#3328,#3329,#3914,.F.);
#2407=EDGE_CURVE('',#3329,#3330,#3915,.T.);
#2408=EDGE_CURVE('',#3331,#3330,#3916,.T.);
#2409=EDGE_CURVE('',#3331,#3332,#3917,.T.);
#2410=EDGE_CURVE('',#3332,#3333,#247,.T.);
#2411=EDGE_CURVE('',#3334,#3333,#3918,.T.);
#2412=EDGE_CURVE('',#3334,#3335,#248,.T.);
#2413=EDGE_CURVE('',#3335,#3327,#3919,.F.);
#2414=EDGE_CURVE('',#3336,#3337,#3920,.T.);
#2415=EDGE_CURVE('',#3337,#3338,#249,.T.);
#2416=EDGE_CURVE('',#3339,#3338,#3921,.T.);
#2417=EDGE_CURVE('',#3339,#3336,#3922,.T.);
#2418=EDGE_CURVE('',#3324,#3309,#73,.T.);
#2419=EDGE_CURVE('',#3340,#3326,#74,.T.);
#2420=EDGE_CURVE('',#3341,#3340,#3923,.F.);
#2421=EDGE_CURVE('',#3310,#3341,#3924,.T.);
#2422=EDGE_CURVE('',#3342,#3335,#75,.T.);
#2423=EDGE_CURVE('',#3343,#3342,#3925,.T.);
#2424=EDGE_CURVE('',#3343,#3327,#50,.F.);
#2425=EDGE_CURVE('',#3344,#3345,#3926,.T.);
#2426=EDGE_CURVE('',#3344,#3346,#250,.F.);
#2427=EDGE_CURVE('',#3346,#3347,#3927,.T.);
#2428=EDGE_CURVE('',#3347,#3345,#251,.T.);
#2429=EDGE_CURVE('',#3348,#3349,#76,.T.);
#2430=EDGE_CURVE('',#3349,#3350,#252,.F.);
#2431=EDGE_CURVE('',#3350,#3351,#3928,.T.);
#2432=EDGE_CURVE('',#3348,#3351,#253,.T.);
#2433=EDGE_CURVE('',#3352,#3353,#3929,.T.);
#2434=EDGE_CURVE('',#3352,#3354,#3930,.T.);
#2435=EDGE_CURVE('',#3354,#3355,#3931,.T.);
#2436=EDGE_CURVE('',#3355,#3356,#3932,.F.);
#2437=EDGE_CURVE('',#3356,#3357,#254,.T.);
#2438=EDGE_CURVE('',#3358,#3357,#3933,.T.);
#2439=EDGE_CURVE('',#3358,#3359,#255,.T.);
#2440=EDGE_CURVE('',#3360,#3359,#3934,.T.);
#2441=EDGE_CURVE('',#3360,#3353,#3935,.T.);
#2442=EDGE_CURVE('',#3361,#3362,#3936,.T.);
#2443=EDGE_CURVE('',#3362,#3363,#3937,.F.);
#2444=EDGE_CURVE('',#3364,#3363,#3938,.T.);
#2445=EDGE_CURVE('',#3364,#3365,#3939,.T.);
#2446=EDGE_CURVE('',#3365,#3361,#256,.F.);
#2447=EDGE_CURVE('',#3366,#3367,#3940,.T.);
#2448=EDGE_CURVE('',#3366,#3368,#3941,.F.);
#2449=EDGE_CURVE('',#3368,#3369,#3942,.T.);
#2450=EDGE_CURVE('',#3370,#3369,#3943,.T.);
#2451=EDGE_CURVE('',#3370,#3332,#3944,.T.);
#2452=EDGE_CURVE('',#3371,#3331,#3945,.T.);
#2453=EDGE_CURVE('',#3371,#3367,#257,.T.);
#2454=EDGE_CURVE('',#3372,#3373,#258,.T.);
#2455=EDGE_CURVE('',#3373,#3310,#3946,.T.);
#2456=EDGE_CURVE('',#3372,#3341,#3947,.T.);
#2457=EDGE_CURVE('',#3374,#3365,#3948,.T.);
#2458=EDGE_CURVE('',#3375,#3364,#259,.T.);
#2459=EDGE_CURVE('',#3375,#3376,#3949,.T.);
#2460=EDGE_CURVE('',#3377,#3376,#3950,.T.);
#2461=EDGE_CURVE('',#3349,#3377,#3951,.T.);
#2462=EDGE_CURVE('',#3378,#3349,#3952,.T.);
#2463=EDGE_CURVE('',#3378,#3379,#3953,.T.);
#2464=EDGE_CURVE('',#3379,#3380,#260,.T.);
#2465=EDGE_CURVE('',#3350,#3380,#3954,.T.);
#2466=EDGE_CURVE('',#3350,#3381,#261,.T.);
#2467=EDGE_CURVE('',#3382,#3381,#262,.T.);
#2468=EDGE_CURVE('',#3382,#3383,#3955,.F.);
#2469=EDGE_CURVE('',#3383,#3374,#263,.T.);
#2470=EDGE_CURVE('',#3384,#3385,#3956,.T.);
#2471=EDGE_CURVE('',#3384,#3386,#3957,.F.);
#2472=EDGE_CURVE('',#3387,#3386,#264,.T.);
#2473=EDGE_CURVE('',#3387,#3385,#3958,.T.);
#2474=EDGE_CURVE('',#3388,#3389,#3959,.F.);
#2475=EDGE_CURVE('',#3389,#3390,#3960,.F.);
#2476=EDGE_CURVE('',#3390,#3391,#3961,.T.);
#2477=EDGE_CURVE('',#3391,#3392,#3962,.T.);
#2478=EDGE_CURVE('',#3392,#3325,#265,.T.);
#2479=EDGE_CURVE('',#3323,#3320,#266,.T.);
#2480=EDGE_CURVE('',#3393,#3322,#3963,.T.);
#2481=EDGE_CURVE('',#3393,#3394,#3964,.T.);
#2482=EDGE_CURVE('',#3394,#3395,#3965,.T.);
#2483=EDGE_CURVE('',#3395,#3388,#3966,.F.);
#2484=EDGE_CURVE('',#3396,#3397,#3967,.T.);
#2485=EDGE_CURVE('',#3396,#3349,#77,.T.);
#2486=EDGE_CURVE('',#3397,#3377,#3968,.T.);
#2487=EDGE_CURVE('',#3398,#3399,#3969,.T.);
#2488=EDGE_CURVE('',#3398,#3400,#3970,.T.);
#2489=EDGE_CURVE('',#3401,#3400,#3971,.T.);
#2490=EDGE_CURVE('',#3402,#3401,#3972,.T.);
#2491=EDGE_CURVE('',#3403,#3402,#3973,.T.);
#2492=EDGE_CURVE('',#3403,#3404,#3974,.T.);
#2493=EDGE_CURVE('',#3405,#3404,#3975,.T.);
#2494=EDGE_CURVE('',#3339,#3405,#3976,.T.);
#2495=EDGE_CURVE('',#3334,#3338,#3977,.F.);
#2496=EDGE_CURVE('',#3333,#3406,#3978,.F.);
#2497=EDGE_CURVE('',#3406,#3396,#267,.T.);
#2498=EDGE_CURVE('',#3397,#3399,#3979,.T.);
#2499=EDGE_CURVE('',#3407,#3408,#3980,.T.);
#2500=EDGE_CURVE('',#3409,#3407,#3981,.T.);
#2501=EDGE_CURVE('',#3410,#3409,#3982,.T.);
#2502=EDGE_CURVE('',#3408,#3410,#3983,.T.);
#2503=EDGE_CURVE('',#3411,#3412,#3984,.T.);
#2504=EDGE_CURVE('',#3411,#3413,#268,.T.);
#2505=EDGE_CURVE('',#3414,#3413,#3985,.T.);
#2506=EDGE_CURVE('',#3412,#3414,#3986,.T.);
#2507=EDGE_CURVE('',#3415,#3416,#3987,.T.);
#2508=EDGE_CURVE('',#3415,#3417,#269,.T.);
#2509=EDGE_CURVE('',#3418,#3417,#3988,.T.);
#2510=EDGE_CURVE('',#3416,#3418,#3989,.T.);
#2511=EDGE_CURVE('',#3419,#3420,#3990,.T.);
#2512=EDGE_CURVE('',#3419,#3421,#270,.T.);
#2513=EDGE_CURVE('',#3422,#3421,#3991,.T.);
#2514=EDGE_CURVE('',#3420,#3422,#3992,.T.);
#2515=EDGE_CURVE('',#3423,#3424,#3993,.T.);
#2516=EDGE_CURVE('',#3424,#3425,#3994,.T.);
#2517=EDGE_CURVE('',#3425,#3426,#271,.T.);
#2518=EDGE_CURVE('',#3426,#3423,#3995,.T.);
#2519=EDGE_CURVE('',#3427,#3427,#272,.T.);
#2520=EDGE_CURVE('',#3363,#3428,#273,.F.);
#2521=EDGE_CURVE('',#3429,#3428,#3996,.T.);
#2522=EDGE_CURVE('',#3429,#3430,#78,.T.);
#2523=EDGE_CURVE('',#3431,#3430,#274,.T.);
#2524=EDGE_CURVE('',#3431,#3432,#79,.T.);
#2525=EDGE_CURVE('',#3433,#3432,#275,.T.);
#2526=EDGE_CURVE('',#3433,#3373,#80,.T.);
#2527=EDGE_CURVE('',#3372,#3387,#81,.T.);
#2528=EDGE_CURVE('',#3386,#3375,#82,.T.);
#2529=EDGE_CURVE('',#3434,#3435,#3997,.T.);
#2530=EDGE_CURVE('',#3434,#3348,#3998,.T.);
#2531=EDGE_CURVE('',#3351,#3436,#3999,.T.);
#2532=EDGE_CURVE('',#3435,#3436,#276,.T.);
#2533=EDGE_CURVE('',#3437,#3438,#4000,.F.);
#2534=EDGE_CURVE('',#3438,#3439,#4001,.F.);
#2535=EDGE_CURVE('',#3440,#3439,#4002,.T.);
#2536=EDGE_CURVE('',#3440,#3437,#4003,.T.);
#2537=EDGE_CURVE('',#3441,#3442,#4004,.T.);
#2538=EDGE_CURVE('',#3442,#3443,#4005,.F.);
#2539=EDGE_CURVE('',#3444,#3443,#4006,.T.);
#2540=EDGE_CURVE('',#3444,#3445,#4007,.T.);
#2541=EDGE_CURVE('',#3445,#3446,#4008,.F.);
#2542=EDGE_CURVE('',#3447,#3446,#4009,.T.);
#2543=EDGE_CURVE('',#3448,#3447,#4010,.T.);
#2544=EDGE_CURVE('',#3449,#3448,#4011,.T.);
#2545=EDGE_CURVE('',#3449,#3441,#277,.F.);
#2546=EDGE_CURVE('',#3450,#3451,#4012,.T.);
#2547=EDGE_CURVE('',#3450,#3452,#4013,.T.);
#2548=EDGE_CURVE('',#3452,#3453,#278,.T.);
#2549=EDGE_CURVE('',#3454,#3453,#4014,.T.);
#2550=EDGE_CURVE('',#3451,#3454,#279,.T.);
#2551=EDGE_CURVE('',#3428,#3455,#4015,.T.);
#2552=EDGE_CURVE('',#3456,#3455,#4016,.T.);
#2553=EDGE_CURVE('',#3456,#3429,#4017,.F.);
#2554=EDGE_CURVE('',#3457,#3454,#4018,.T.);
#2555=EDGE_CURVE('',#3457,#3458,#280,.F.);
#2556=EDGE_CURVE('',#3459,#3458,#281,.T.);
#2557=EDGE_CURVE('',#3459,#3451,#83,.T.);
#2558=EDGE_CURVE('',#3460,#3461,#4019,.T.);
#2559=EDGE_CURVE('',#3461,#3462,#4020,.T.);
#2560=EDGE_CURVE('',#3463,#3462,#4021,.T.);
#2561=EDGE_CURVE('',#3463,#3464,#282,.T.);
#2562=EDGE_CURVE('',#3464,#3465,#4022,.T.);
#2563=EDGE_CURVE('',#3465,#3466,#4023,.T.);
#2564=EDGE_CURVE('',#3466,#3467,#4024,.T.);
#2565=EDGE_CURVE('',#3467,#3468,#4025,.T.);
#2566=EDGE_CURVE('',#3468,#3460,#4026,.F.);
#2567=EDGE_CURVE('',#3469,#3470,#4027,.T.);
#2568=EDGE_CURVE('',#3469,#3471,#283,.F.);
#2569=EDGE_CURVE('',#3471,#3345,#4028,.T.);
#2570=EDGE_CURVE('',#3347,#3345,#284,.T.);
#2571=EDGE_CURVE('',#3472,#3346,#285,.T.);
#2572=EDGE_CURVE('',#3472,#3468,#84,.T.);
#2573=EDGE_CURVE('',#3473,#3467,#286,.T.);
#2574=EDGE_CURVE('',#3474,#3473,#4029,.T.);
#2575=EDGE_CURVE('',#3475,#3474,#287,.F.);
#2576=EDGE_CURVE('',#3475,#3470,#85,.T.);
#2577=EDGE_CURVE('',#3476,#3472,#4030,.T.);
#2578=EDGE_CURVE('',#3457,#3346,#288,.T.);
#2579=EDGE_CURVE('',#3457,#3477,#4031,.T.);
#2580=EDGE_CURVE('',#3478,#3477,#289,.T.);
#2581=EDGE_CURVE('',#3479,#3478,#4032,.T.);
#2582=EDGE_CURVE('',#3479,#3459,#4033,.T.);
#2583=EDGE_CURVE('',#3458,#3314,#4034,.T.);
#2584=EDGE_CURVE('',#3431,#3313,#4035,.T.);
#2585=EDGE_CURVE('',#3430,#3480,#4036,.T.);
#2586=EDGE_CURVE('',#3480,#3481,#4037,.F.);
#2587=EDGE_CURVE('',#3481,#3476,#290,.T.);
#2588=EDGE_CURVE('',#3432,#3312,#4038,.T.);
#2589=EDGE_CURVE('',#3433,#3311,#4039,.T.);
#2590=EDGE_CURVE('',#3458,#3482,#86,.T.);
#2591=EDGE_CURVE('',#3482,#3308,#4040,.T.);
#2592=EDGE_CURVE('',#3471,#3483,#4041,.T.);
#2593=EDGE_CURVE('',#3483,#3484,#4042,.T.);
#2594=EDGE_CURVE('',#3484,#3485,#291,.F.);
#2595=EDGE_CURVE('',#3360,#3485,#4043,.T.);
#2596=EDGE_CURVE('',#3359,#3344,#4044,.F.);
#2597=EDGE_CURVE('',#3486,#3357,#4045,.T.);
#2598=EDGE_CURVE('',#3487,#3486,#4046,.T.);
#2599=EDGE_CURVE('',#3487,#3488,#4047,.T.);
#2600=EDGE_CURVE('',#3488,#3489,#4048,.T.);
#2601=EDGE_CURVE('',#3489,#3490,#4049,.T.);
#2602=EDGE_CURVE('',#3491,#3490,#4050,.F.);
#2603=EDGE_CURVE('',#3491,#3492,#4051,.T.);
#2604=EDGE_CURVE('',#3492,#3317,#4052,.T.);
#2605=EDGE_CURVE('',#3307,#3315,#4053,.F.);
#2606=EDGE_CURVE('',#3482,#3493,#292,.T.);
#2607=EDGE_CURVE('',#3493,#3358,#4054,.T.);
#2608=EDGE_CURVE('',#3494,#3495,#4055,.T.);
#2609=EDGE_CURVE('',#3495,#3496,#4056,.T.);
#2610=EDGE_CURVE('',#3496,#3497,#4057,.T.);
#2611=EDGE_CURVE('',#3497,#3494,#4058,.T.);
#2612=EDGE_CURVE('',#3498,#3499,#4059,.T.);
#2613=EDGE_CURVE('',#3499,#3500,#4060,.T.);
#2614=EDGE_CURVE('',#3500,#3501,#4061,.T.);
#2615=EDGE_CURVE('',#3498,#3501,#293,.T.);
#2616=EDGE_CURVE('',#3502,#3503,#4062,.T.);
#2617=EDGE_CURVE('',#3503,#3504,#4063,.T.);
#2618=EDGE_CURVE('',#3504,#3505,#4064,.T.);
#2619=EDGE_CURVE('',#3502,#3505,#294,.T.);
#2620=EDGE_CURVE('',#3506,#3507,#4065,.T.);
#2621=EDGE_CURVE('',#3507,#3508,#4066,.T.);
#2622=EDGE_CURVE('',#3508,#3509,#4067,.T.);
#2623=EDGE_CURVE('',#3506,#3509,#295,.T.);
#2624=EDGE_CURVE('',#3510,#3511,#4068,.T.);
#2625=EDGE_CURVE('',#3512,#3510,#4069,.T.);
#2626=EDGE_CURVE('',#3513,#3512,#296,.T.);
#2627=EDGE_CURVE('',#3511,#3513,#4070,.T.);
#2628=EDGE_CURVE('',#3466,#3514,#4071,.T.);
#2629=EDGE_CURVE('',#3514,#3515,#297,.T.);
#2630=EDGE_CURVE('',#3473,#3515,#4072,.T.);
#2631=EDGE_CURVE('',#3516,#3517,#298,.T.);
#2632=EDGE_CURVE('',#3517,#3518,#4073,.F.);
#2633=EDGE_CURVE('',#3518,#3519,#299,.T.);
#2634=EDGE_CURVE('',#3516,#3519,#4074,.F.);
#2635=EDGE_CURVE('',#3520,#3521,#300,.T.);
#2636=EDGE_CURVE('',#3521,#3522,#4075,.F.);
#2637=EDGE_CURVE('',#3522,#3523,#301,.T.);
#2638=EDGE_CURVE('',#3520,#3523,#4076,.F.);
#2639=EDGE_CURVE('',#3524,#3525,#302,.T.);
#2640=EDGE_CURVE('',#3526,#3525,#4077,.F.);
#2641=EDGE_CURVE('',#3526,#3527,#303,.T.);
#2642=EDGE_CURVE('',#3527,#3524,#4078,.F.);
#2643=EDGE_CURVE('',#3518,#3528,#304,.T.);
#2644=EDGE_CURVE('',#3528,#3529,#305,.F.);
#2645=EDGE_CURVE('',#3519,#3529,#306,.F.);
#2646=EDGE_CURVE('',#3530,#3531,#307,.F.);
#2647=EDGE_CURVE('',#3532,#3531,#308,.F.);
#2648=EDGE_CURVE('',#3533,#3532,#309,.T.);
#2649=EDGE_CURVE('',#3533,#3530,#310,.T.);
#2650=EDGE_CURVE('',#3534,#3535,#311,.F.);
#2651=EDGE_CURVE('',#3525,#3535,#312,.F.);
#2652=EDGE_CURVE('',#3524,#3534,#313,.T.);
#2653=EDGE_CURVE('',#3536,#3537,#314,.T.);
#2654=EDGE_CURVE('',#3537,#3538,#4079,.F.);
#2655=EDGE_CURVE('',#3538,#3539,#315,.T.);
#2656=EDGE_CURVE('',#3536,#3539,#4080,.F.);
#2657=EDGE_CURVE('',#3540,#3541,#316,.T.);
#2658=EDGE_CURVE('',#3541,#3542,#4081,.F.);
#2659=EDGE_CURVE('',#3542,#3543,#317,.T.);
#2660=EDGE_CURVE('',#3540,#3543,#4082,.F.);
#2661=EDGE_CURVE('',#3544,#3545,#318,.T.);
#2662=EDGE_CURVE('',#3546,#3545,#4083,.F.);
#2663=EDGE_CURVE('',#3546,#3547,#319,.T.);
#2664=EDGE_CURVE('',#3547,#3544,#4084,.F.);
#2665=EDGE_CURVE('',#3538,#3548,#320,.T.);
#2666=EDGE_CURVE('',#3548,#3549,#321,.F.);
#2667=EDGE_CURVE('',#3539,#3549,#322,.F.);
#2668=EDGE_CURVE('',#3550,#3551,#323,.F.);
#2669=EDGE_CURVE('',#3552,#3551,#324,.F.);
#2670=EDGE_CURVE('',#3553,#3552,#325,.T.);
#2671=EDGE_CURVE('',#3553,#3550,#326,.T.);
#2672=EDGE_CURVE('',#3554,#3555,#327,.F.);
#2673=EDGE_CURVE('',#3545,#3555,#328,.F.);
#2674=EDGE_CURVE('',#3544,#3554,#329,.T.);
#2675=EDGE_CURVE('',#3556,#3557,#4085,.F.);
#2676=EDGE_CURVE('',#3556,#3558,#330,.T.);
#2677=EDGE_CURVE('',#3558,#3559,#4086,.F.);
#2678=EDGE_CURVE('',#3559,#3557,#331,.T.);
#2679=EDGE_CURVE('',#3560,#3561,#332,.T.);
#2680=EDGE_CURVE('',#3561,#3562,#4087,.F.);
#2681=EDGE_CURVE('',#3562,#3563,#333,.T.);
#2682=EDGE_CURVE('',#3560,#3563,#4088,.F.);
#2683=EDGE_CURVE('',#3564,#3565,#334,.T.);
#2684=EDGE_CURVE('',#3565,#3566,#4089,.F.);
#2685=EDGE_CURVE('',#3566,#3567,#335,.T.);
#2686=EDGE_CURVE('',#3564,#3567,#4090,.F.);
#2687=EDGE_CURVE('',#3568,#3569,#336,.T.);
#2688=EDGE_CURVE('',#3568,#3570,#337,.T.);
#2689=EDGE_CURVE('',#3570,#3571,#338,.F.);
#2690=EDGE_CURVE('',#3569,#3571,#339,.F.);
#2691=EDGE_CURVE('',#3572,#3573,#340,.F.);
#2692=EDGE_CURVE('',#3557,#3573,#341,.F.);
#2693=EDGE_CURVE('',#3559,#3572,#342,.T.);
#2694=EDGE_CURVE('',#3574,#3575,#343,.F.);
#2695=EDGE_CURVE('',#3567,#3575,#344,.F.);
#2696=EDGE_CURVE('',#3566,#3574,#345,.T.);
#2697=EDGE_CURVE('',#3576,#3577,#4091,.F.);
#2698=EDGE_CURVE('',#3576,#3578,#346,.T.);
#2699=EDGE_CURVE('',#3578,#3579,#4092,.F.);
#2700=EDGE_CURVE('',#3579,#3577,#347,.T.);
#2701=EDGE_CURVE('',#3580,#3581,#348,.T.);
#2702=EDGE_CURVE('',#3581,#3582,#4093,.F.);
#2703=EDGE_CURVE('',#3582,#3583,#349,.T.);
#2704=EDGE_CURVE('',#3580,#3583,#4094,.F.);
#2705=EDGE_CURVE('',#3584,#3585,#350,.T.);
#2706=EDGE_CURVE('',#3585,#3586,#4095,.F.);
#2707=EDGE_CURVE('',#3586,#3587,#351,.T.);
#2708=EDGE_CURVE('',#3584,#3587,#4096,.F.);
#2709=EDGE_CURVE('',#3576,#3573,#87,.T.);
#2710=EDGE_CURVE('',#3578,#3572,#88,.T.);
#2711=EDGE_CURVE('',#3581,#3588,#89,.T.);
#2712=EDGE_CURVE('',#3580,#3589,#90,.T.);
#2713=EDGE_CURVE('',#3588,#3589,#352,.F.);
#2714=EDGE_CURVE('',#3585,#3574,#91,.T.);
#2715=EDGE_CURVE('',#3584,#3575,#92,.T.);
#2716=EDGE_CURVE('',#3556,#3551,#93,.T.);
#2717=EDGE_CURVE('',#3558,#3550,#94,.T.);
#2718=EDGE_CURVE('',#3561,#3590,#95,.T.);
#2719=EDGE_CURVE('',#3560,#3591,#96,.T.);
#2720=EDGE_CURVE('',#3590,#3591,#353,.F.);
#2721=EDGE_CURVE('',#3565,#3554,#97,.T.);
#2722=EDGE_CURVE('',#3564,#3555,#98,.T.);
#2723=EDGE_CURVE('',#3537,#3528,#99,.T.);
#2724=EDGE_CURVE('',#3536,#3529,#100,.T.);
#2725=EDGE_CURVE('',#3592,#3531,#101,.T.);
#2726=EDGE_CURVE('',#3593,#3530,#102,.T.);
#2727=EDGE_CURVE('',#3592,#3593,#354,.T.);
#2728=EDGE_CURVE('',#3546,#3535,#103,.T.);
#2729=EDGE_CURVE('',#3547,#3534,#104,.T.);
#2730=EDGE_CURVE('',#3517,#3594,#105,.T.);
#2731=EDGE_CURVE('',#3516,#3595,#106,.T.);
#2732=EDGE_CURVE('',#3594,#3595,#355,.F.);
#2733=EDGE_CURVE('',#3526,#3596,#107,.T.);
#2734=EDGE_CURVE('',#3597,#3596,#356,.F.);
#2735=EDGE_CURVE('',#3527,#3597,#108,.T.);
#2736=EDGE_CURVE('',#3521,#3598,#109,.T.);
#2737=EDGE_CURVE('',#3520,#3599,#110,.T.);
#2738=EDGE_CURVE('',#3598,#3599,#357,.F.);
#2739=EDGE_CURVE('',#3600,#3601,#111,.T.);
#2740=EDGE_CURVE('',#3602,#3601,#358,.F.);
#2741=EDGE_CURVE('',#3603,#3602,#112,.T.);
#2742=EDGE_CURVE('',#3600,#3603,#359,.T.);
#2743=EDGE_CURVE('',#3604,#3604,#360,.T.);
#2744=EDGE_CURVE('',#3601,#3598,#361,.F.);
#2745=EDGE_CURVE('',#3599,#3597,#362,.F.);
#2746=EDGE_CURVE('',#3596,#3594,#363,.F.);
#2747=EDGE_CURVE('',#3595,#3602,#364,.F.);
#2748=EDGE_CURVE('',#3600,#3532,#4097,.F.);
#2749=EDGE_CURVE('',#3603,#3533,#4098,.F.);
#2750=EDGE_CURVE('',#3522,#3605,#365,.T.);
#2751=EDGE_CURVE('',#3605,#3606,#366,.F.);
#2752=EDGE_CURVE('',#3523,#3606,#367,.F.);
#2753=EDGE_CURVE('',#3592,#3552,#4099,.F.);
#2754=EDGE_CURVE('',#3593,#3553,#4100,.F.);
#2755=EDGE_CURVE('',#3542,#3590,#368,.T.);
#2756=EDGE_CURVE('',#3543,#3591,#369,.F.);
#2757=EDGE_CURVE('',#3607,#3608,#370,.T.);
#2758=EDGE_CURVE('',#3608,#3568,#4101,.F.);
#2759=EDGE_CURVE('',#3607,#3569,#4102,.F.);
#2760=EDGE_CURVE('',#3562,#3588,#371,.T.);
#2761=EDGE_CURVE('',#3563,#3589,#372,.F.);
#2762=EDGE_CURVE('',#3609,#3610,#373,.T.);
#2763=EDGE_CURVE('',#3610,#3611,#4103,.F.);
#2764=EDGE_CURVE('',#3611,#3612,#374,.T.);
#2765=EDGE_CURVE('',#3609,#3612,#4104,.F.);
#2766=EDGE_CURVE('',#3613,#3613,#375,.F.);
#2767=EDGE_CURVE('',#3582,#3577,#376,.T.);
#2768=EDGE_CURVE('',#3579,#3612,#377,.T.);
#2769=EDGE_CURVE('',#3611,#3587,#378,.T.);
#2770=EDGE_CURVE('',#3586,#3583,#379,.T.);
#2771=EDGE_CURVE('',#3610,#3570,#113,.T.);
#2772=EDGE_CURVE('',#3609,#3571,#114,.T.);
#2773=EDGE_CURVE('',#3608,#3548,#115,.T.);
#2774=EDGE_CURVE('',#3607,#3549,#116,.T.);
#2775=EDGE_CURVE('',#3541,#3605,#117,.T.);
#2776=EDGE_CURVE('',#3540,#3606,#118,.T.);
#2777=EDGE_CURVE('',#3614,#3615,#4105,.F.);
#2778=EDGE_CURVE('',#3615,#3616,#380,.T.);
#2779=EDGE_CURVE('',#3617,#3616,#4106,.F.);
#2780=EDGE_CURVE('',#3614,#3617,#381,.F.);
#2781=EDGE_CURVE('',#3618,#3618,#382,.T.);
#2782=EDGE_CURVE('',#3619,#3619,#383,.T.);
#2783=EDGE_CURVE('',#3620,#3620,#384,.T.);
#2784=EDGE_CURVE('',#3621,#3621,#385,.F.);
#2785=EDGE_CURVE('',#3622,#3622,#386,.T.);
#2786=EDGE_CURVE('',#3623,#3595,#4107,.T.);
#2787=EDGE_CURVE('',#3624,#3602,#4108,.T.);
#2788=EDGE_CURVE('',#3625,#3624,#387,.T.);
#2789=EDGE_CURVE('',#3626,#3625,#4109,.T.);
#2790=EDGE_CURVE('',#3627,#3626,#388,.T.);
#2791=EDGE_CURVE('',#3628,#3627,#4110,.T.);
#2792=EDGE_CURVE('',#3629,#3628,#389,.T.);
#2793=EDGE_CURVE('',#3630,#3629,#4111,.T.);
#2794=EDGE_CURVE('',#3631,#3630,#390,.T.);
#2795=EDGE_CURVE('',#3632,#3631,#4112,.T.);
#2796=EDGE_CURVE('',#3633,#3632,#391,.T.);
#2797=EDGE_CURVE('',#3633,#3634,#4113,.T.);
#2798=EDGE_CURVE('',#3634,#3635,#392,.T.);
#2799=EDGE_CURVE('',#3635,#3636,#4114,.T.);
#2800=EDGE_CURVE('',#3636,#3637,#393,.T.);
#2801=EDGE_CURVE('',#3637,#3638,#4115,.T.);
#2802=EDGE_CURVE('',#3638,#3639,#394,.T.);
#2803=EDGE_CURVE('',#3639,#3640,#4116,.T.);
#2804=EDGE_CURVE('',#3640,#3623,#395,.T.);
#2805=EDGE_CURVE('',#3631,#3641,#4117,.T.);
#2806=EDGE_CURVE('',#3642,#3641,#4118,.T.);
#2807=EDGE_CURVE('',#3632,#3642,#4119,.T.);
#2808=EDGE_CURVE('',#3643,#3623,#396,.F.);
#2809=EDGE_CURVE('',#3644,#3643,#4120,.T.);
#2810=EDGE_CURVE('',#3645,#3644,#397,.F.);
#2811=EDGE_CURVE('',#3646,#3645,#4121,.T.);
#2812=EDGE_CURVE('',#3647,#3646,#398,.F.);
#2813=EDGE_CURVE('',#3648,#3647,#4122,.T.);
#2814=EDGE_CURVE('',#3649,#3648,#399,.F.);
#2815=EDGE_CURVE('',#3650,#3649,#4123,.T.);
#2816=EDGE_CURVE('',#3650,#3642,#400,.F.);
#2817=EDGE_CURVE('',#3641,#3651,#401,.F.);
#2818=EDGE_CURVE('',#3651,#3652,#4124,.T.);
#2819=EDGE_CURVE('',#3652,#3653,#402,.F.);
#2820=EDGE_CURVE('',#3653,#3654,#4125,.T.);
#2821=EDGE_CURVE('',#3654,#3655,#403,.F.);
#2822=EDGE_CURVE('',#3655,#3656,#4126,.T.);
#2823=EDGE_CURVE('',#3656,#3624,#404,.F.);
#2824=EDGE_CURVE('',#3633,#3650,#4127,.T.);
#2825=EDGE_CURVE('',#3629,#3652,#4128,.T.);
#2826=EDGE_CURVE('',#3630,#3651,#4129,.T.);
#2827=EDGE_CURVE('',#3627,#3654,#4130,.T.);
#2828=EDGE_CURVE('',#3628,#3653,#4131,.T.);
#2829=EDGE_CURVE('',#3656,#3625,#4132,.T.);
#2830=EDGE_CURVE('',#3655,#3626,#4133,.T.);
#2831=EDGE_CURVE('',#3634,#3649,#4134,.T.);
#2832=EDGE_CURVE('',#3636,#3647,#4135,.T.);
#2833=EDGE_CURVE('',#3635,#3648,#4136,.T.);
#2834=EDGE_CURVE('',#3638,#3645,#4137,.T.);
#2835=EDGE_CURVE('',#3637,#3646,#4138,.T.);
#2836=EDGE_CURVE('',#3643,#3640,#4139,.T.);
#2837=EDGE_CURVE('',#3644,#3639,#4140,.T.);
#2838=EDGE_CURVE('',#3657,#3658,#405,.F.);
#2839=EDGE_CURVE('',#3659,#3658,#406,.T.);
#2840=EDGE_CURVE('',#3657,#3659,#4141,.T.);
#2841=EDGE_CURVE('',#3660,#3657,#4142,.T.);
#2842=EDGE_CURVE('',#3661,#3659,#4143,.T.);
#2843=EDGE_CURVE('',#3660,#3661,#4144,.T.);
#2844=EDGE_CURVE('',#3662,#3663,#4145,.T.);
#2845=EDGE_CURVE('',#3663,#3660,#407,.F.);
#2846=EDGE_CURVE('',#3662,#3661,#408,.T.);
#2847=EDGE_CURVE('',#3664,#3662,#4146,.T.);
#2848=EDGE_CURVE('',#3664,#3665,#4147,.T.);
#2849=EDGE_CURVE('',#3665,#3663,#4148,.T.);
#2850=EDGE_CURVE('',#3666,#3667,#4149,.T.);
#2851=EDGE_CURVE('',#3667,#3665,#409,.F.);
#2852=EDGE_CURVE('',#3666,#3664,#410,.T.);
#2853=EDGE_CURVE('',#3668,#3666,#4150,.T.);
#2854=EDGE_CURVE('',#3668,#3669,#4151,.T.);
#2855=EDGE_CURVE('',#3669,#3667,#4152,.T.);
#2856=EDGE_CURVE('',#3670,#3668,#411,.T.);
#2857=EDGE_CURVE('',#3670,#3671,#4153,.T.);
#2858=EDGE_CURVE('',#3671,#3669,#412,.F.);
#2859=EDGE_CURVE('',#3672,#3670,#4154,.T.);
#2860=EDGE_CURVE('',#3672,#3673,#4155,.T.);
#2861=EDGE_CURVE('',#3673,#3671,#4156,.T.);
#2862=EDGE_CURVE('',#3673,#3674,#413,.F.);
#2863=EDGE_CURVE('',#3672,#3675,#414,.T.);
#2864=EDGE_CURVE('',#3675,#3674,#4157,.T.);
#2865=EDGE_CURVE('',#3675,#3676,#4158,.T.);
#2866=EDGE_CURVE('',#3676,#3677,#4159,.T.);
#2867=EDGE_CURVE('',#3674,#3677,#4160,.T.);
#2868=EDGE_CURVE('',#3676,#3678,#415,.T.);
#2869=EDGE_CURVE('',#3678,#3679,#4161,.T.);
#2870=EDGE_CURVE('',#3677,#3679,#416,.F.);
#2871=EDGE_CURVE('',#3678,#3680,#4162,.T.);
#2872=EDGE_CURVE('',#3680,#3681,#4163,.T.);
#2873=EDGE_CURVE('',#3679,#3681,#4164,.T.);
#2874=EDGE_CURVE('',#3680,#3682,#417,.T.);
#2875=EDGE_CURVE('',#3682,#3683,#4165,.T.);
#2876=EDGE_CURVE('',#3681,#3683,#418,.F.);
#2877=EDGE_CURVE('',#3682,#3684,#4166,.T.);
#2878=EDGE_CURVE('',#3684,#3685,#4167,.T.);
#2879=EDGE_CURVE('',#3683,#3685,#4168,.T.);
#2880=EDGE_CURVE('',#3684,#3686,#419,.T.);
#2881=EDGE_CURVE('',#3687,#3686,#4169,.T.);
#2882=EDGE_CURVE('',#3685,#3687,#420,.F.);
#2883=EDGE_CURVE('',#3688,#3689,#4170,.T.);
#2884=EDGE_CURVE('',#3687,#3688,#4171,.T.);
#2885=EDGE_CURVE('',#3686,#3689,#4172,.T.);
#2886=EDGE_CURVE('',#3688,#3690,#421,.F.);
#2887=EDGE_CURVE('',#3689,#3690,#422,.T.);
#2888=EDGE_CURVE('',#3658,#3599,#4173,.T.);
#2889=EDGE_CURVE('',#3690,#3597,#4174,.T.);
#2890=EDGE_CURVE('',#3691,#3692,#423,.F.);
#2891=EDGE_CURVE('',#3693,#3692,#424,.T.);
#2892=EDGE_CURVE('',#3691,#3693,#4175,.T.);
#2893=EDGE_CURVE('',#3694,#3691,#4176,.T.);
#2894=EDGE_CURVE('',#3695,#3693,#4177,.T.);
#2895=EDGE_CURVE('',#3694,#3695,#4178,.T.);
#2896=EDGE_CURVE('',#3696,#3697,#4179,.T.);
#2897=EDGE_CURVE('',#3697,#3694,#425,.F.);
#2898=EDGE_CURVE('',#3696,#3695,#426,.T.);
#2899=EDGE_CURVE('',#3698,#3696,#4180,.T.);
#2900=EDGE_CURVE('',#3698,#3699,#4181,.T.);
#2901=EDGE_CURVE('',#3699,#3697,#4182,.T.);
#2902=EDGE_CURVE('',#3700,#3701,#4183,.T.);
#2903=EDGE_CURVE('',#3701,#3699,#427,.F.);
#2904=EDGE_CURVE('',#3700,#3698,#428,.T.);
#2905=EDGE_CURVE('',#3702,#3700,#4184,.T.);
#2906=EDGE_CURVE('',#3702,#3703,#4185,.T.);
#2907=EDGE_CURVE('',#3703,#3701,#4186,.T.);
#2908=EDGE_CURVE('',#3704,#3702,#429,.T.);
#2909=EDGE_CURVE('',#3704,#3705,#4187,.T.);
#2910=EDGE_CURVE('',#3705,#3703,#430,.F.);
#2911=EDGE_CURVE('',#3706,#3704,#4188,.T.);
#2912=EDGE_CURVE('',#3706,#3707,#4189,.T.);
#2913=EDGE_CURVE('',#3707,#3705,#4190,.T.);
#2914=EDGE_CURVE('',#3707,#3708,#431,.F.);
#2915=EDGE_CURVE('',#3706,#3709,#432,.T.);
#2916=EDGE_CURVE('',#3709,#3708,#4191,.T.);
#2917=EDGE_CURVE('',#3709,#3710,#4192,.T.);
#2918=EDGE_CURVE('',#3710,#3711,#4193,.T.);
#2919=EDGE_CURVE('',#3708,#3711,#4194,.T.);
#2920=EDGE_CURVE('',#3710,#3712,#433,.T.);
#2921=EDGE_CURVE('',#3712,#3713,#4195,.T.);
#2922=EDGE_CURVE('',#3711,#3713,#434,.F.);
#2923=EDGE_CURVE('',#3712,#3714,#4196,.T.);
#2924=EDGE_CURVE('',#3714,#3715,#4197,.T.);
#2925=EDGE_CURVE('',#3713,#3715,#4198,.T.);
#2926=EDGE_CURVE('',#3714,#3716,#435,.T.);
#2927=EDGE_CURVE('',#3716,#3717,#4199,.T.);
#2928=EDGE_CURVE('',#3715,#3717,#436,.F.);
#2929=EDGE_CURVE('',#3716,#3718,#4200,.T.);
#2930=EDGE_CURVE('',#3718,#3719,#4201,.T.);
#2931=EDGE_CURVE('',#3717,#3719,#4202,.T.);
#2932=EDGE_CURVE('',#3718,#3720,#437,.T.);
#2933=EDGE_CURVE('',#3721,#3720,#4203,.T.);
#2934=EDGE_CURVE('',#3719,#3721,#438,.F.);
#2935=EDGE_CURVE('',#3722,#3723,#4204,.T.);
#2936=EDGE_CURVE('',#3721,#3722,#4205,.T.);
#2937=EDGE_CURVE('',#3720,#3723,#4206,.T.);
#2938=EDGE_CURVE('',#3722,#3724,#439,.F.);
#2939=EDGE_CURVE('',#3723,#3724,#440,.T.);
#2940=EDGE_CURVE('',#3692,#3601,#4207,.T.);
#2941=EDGE_CURVE('',#3724,#3598,#4208,.T.);
#2942=EDGE_CURVE('',#3725,#3596,#4209,.T.);
#2943=EDGE_CURVE('',#3726,#3594,#4210,.T.);
#2944=EDGE_CURVE('',#3727,#3726,#441,.T.);
#2945=EDGE_CURVE('',#3728,#3727,#4211,.T.);
#2946=EDGE_CURVE('',#3729,#3728,#442,.T.);
#2947=EDGE_CURVE('',#3730,#3729,#4212,.T.);
#2948=EDGE_CURVE('',#3731,#3730,#443,.T.);
#2949=EDGE_CURVE('',#3732,#3731,#4213,.T.);
#2950=EDGE_CURVE('',#3733,#3732,#444,.T.);
#2951=EDGE_CURVE('',#3734,#3733,#4214,.T.);
#2952=EDGE_CURVE('',#3735,#3734,#445,.T.);
#2953=EDGE_CURVE('',#3735,#3736,#4215,.T.);
#2954=EDGE_CURVE('',#3736,#3737,#446,.T.);
#2955=EDGE_CURVE('',#3737,#3738,#4216,.T.);
#2956=EDGE_CURVE('',#3738,#3739,#447,.T.);
#2957=EDGE_CURVE('',#3739,#3740,#4217,.T.);
#2958=EDGE_CURVE('',#3740,#3741,#448,.T.);
#2959=EDGE_CURVE('',#3741,#3742,#4218,.T.);
#2960=EDGE_CURVE('',#3742,#3725,#449,.T.);
#2961=EDGE_CURVE('',#3733,#3743,#4219,.T.);
#2962=EDGE_CURVE('',#3744,#3743,#4220,.T.);
#2963=EDGE_CURVE('',#3734,#3744,#4221,.T.);
#2964=EDGE_CURVE('',#3745,#3725,#450,.F.);
#2965=EDGE_CURVE('',#3746,#3745,#4222,.T.);
#2966=EDGE_CURVE('',#3747,#3746,#451,.F.);
#2967=EDGE_CURVE('',#3748,#3747,#4223,.T.);
#2968=EDGE_CURVE('',#3749,#3748,#452,.F.);
#2969=EDGE_CURVE('',#3750,#3749,#4224,.T.);
#2970=EDGE_CURVE('',#3751,#3750,#453,.F.);
#2971=EDGE_CURVE('',#3752,#3751,#4225,.T.);
#2972=EDGE_CURVE('',#3752,#3744,#454,.F.);
#2973=EDGE_CURVE('',#3743,#3753,#455,.F.);
#2974=EDGE_CURVE('',#3753,#3754,#4226,.T.);
#2975=EDGE_CURVE('',#3754,#3755,#456,.F.);
#2976=EDGE_CURVE('',#3755,#3756,#4227,.T.);
#2977=EDGE_CURVE('',#3756,#3757,#457,.F.);
#2978=EDGE_CURVE('',#3757,#3758,#4228,.T.);
#2979=EDGE_CURVE('',#3758,#3726,#458,.F.);
#2980=EDGE_CURVE('',#3735,#3752,#4229,.T.);
#2981=EDGE_CURVE('',#3731,#3754,#4230,.T.);
#2982=EDGE_CURVE('',#3732,#3753,#4231,.T.);
#2983=EDGE_CURVE('',#3729,#3756,#4232,.T.);
#2984=EDGE_CURVE('',#3730,#3755,#4233,.T.);
#2985=EDGE_CURVE('',#3758,#3727,#4234,.T.);
#2986=EDGE_CURVE('',#3757,#3728,#4235,.T.);
#2987=EDGE_CURVE('',#3736,#3751,#4236,.T.);
#2988=EDGE_CURVE('',#3738,#3749,#4237,.T.);
#2989=EDGE_CURVE('',#3737,#3750,#4238,.T.);
#2990=EDGE_CURVE('',#3740,#3747,#4239,.T.);
#2991=EDGE_CURVE('',#3739,#3748,#4240,.T.);
#2992=EDGE_CURVE('',#3745,#3742,#4241,.T.);
#2993=EDGE_CURVE('',#3746,#3741,#4242,.T.);
#2994=EDGE_CURVE('',#3759,#3760,#4243,.T.);
#2995=EDGE_CURVE('',#3760,#3761,#4244,.T.);
#2996=EDGE_CURVE('',#3761,#3762,#4245,.T.);
#2997=EDGE_CURVE('',#3762,#3763,#4246,.F.);
#2998=EDGE_CURVE('',#3763,#3764,#4247,.T.);
#2999=EDGE_CURVE('',#3764,#3765,#459,.F.);
#3000=EDGE_CURVE('',#3765,#3766,#4248,.F.);
#3001=EDGE_CURVE('',#3766,#3767,#4249,.F.);
#3002=EDGE_CURVE('',#3767,#3768,#4250,.F.);
#3003=EDGE_CURVE('',#3768,#3769,#4251,.F.);
#3004=EDGE_CURVE('',#3769,#3770,#4252,.F.);
#3005=EDGE_CURVE('',#3770,#3771,#4253,.F.);
#3006=EDGE_CURVE('',#3771,#3772,#4254,.F.);
#3007=EDGE_CURVE('',#3772,#3773,#4255,.F.);
#3008=EDGE_CURVE('',#3773,#3774,#4256,.F.);
#3009=EDGE_CURVE('',#3774,#3775,#460,.T.);
#3010=EDGE_CURVE('',#3775,#3776,#4257,.F.);
#3011=EDGE_CURVE('',#3776,#3777,#461,.T.);
#3012=EDGE_CURVE('',#3777,#3778,#4258,.T.);
#3013=EDGE_CURVE('',#3778,#3779,#4259,.F.);
#3014=EDGE_CURVE('',#3779,#3780,#462,.T.);
#3015=EDGE_CURVE('',#3780,#3781,#4260,.T.);
#3016=EDGE_CURVE('',#3781,#3782,#4261,.F.);
#3017=EDGE_CURVE('',#3782,#3783,#463,.T.);
#3018=EDGE_CURVE('',#3783,#3784,#4262,.T.);
#3019=EDGE_CURVE('',#3784,#3785,#4263,.F.);
#3020=EDGE_CURVE('',#3785,#3786,#464,.T.);
#3021=EDGE_CURVE('',#3786,#3787,#4264,.T.);
#3022=EDGE_CURVE('',#3787,#3788,#4265,.F.);
#3023=EDGE_CURVE('',#3788,#3789,#465,.T.);
#3024=EDGE_CURVE('',#3789,#3790,#4266,.T.);
#3025=EDGE_CURVE('',#3790,#3791,#466,.T.);
#3026=EDGE_CURVE('',#3791,#3792,#4267,.T.);
#3027=EDGE_CURVE('',#3792,#3793,#4268,.T.);
#3028=EDGE_CURVE('',#3793,#3794,#4269,.T.);
#3029=EDGE_CURVE('',#3794,#3759,#4270,.T.);
#3030=EDGE_CURVE('',#3462,#3795,#4271,.F.);
#3031=EDGE_CURVE('',#3796,#3795,#4272,.T.);
#3032=EDGE_CURVE('',#3796,#3463,#4273,.T.);
#3033=EDGE_CURVE('',#3797,#3798,#4274,.T.);
#3034=EDGE_CURVE('',#3798,#3461,#467,.F.);
#3035=EDGE_CURVE('',#3460,#3797,#468,.F.);
#3036=EDGE_CURVE('',#3455,#3798,#4275,.F.);
#3037=EDGE_CURVE('',#3797,#3456,#4276,.T.);
#3038=EDGE_CURVE('',#3799,#3799,#469,.T.);
#3039=EDGE_CURVE('',#3800,#3800,#470,.T.);
#3040=EDGE_CURVE('',#3801,#3802,#4277,.T.);
#3041=EDGE_CURVE('',#3802,#3803,#4278,.T.);
#3042=EDGE_CURVE('',#3803,#3804,#4279,.T.);
#3043=EDGE_CURVE('',#3804,#3805,#4280,.T.);
#3044=EDGE_CURVE('',#3806,#3805,#4281,.T.);
#3045=EDGE_CURVE('',#3806,#3807,#4282,.T.);
#3046=EDGE_CURVE('',#3808,#3807,#4283,.T.);
#3047=EDGE_CURVE('',#3808,#3801,#4284,.T.);
#3048=EDGE_CURVE('',#3809,#3810,#4285,.T.);
#3049=EDGE_CURVE('',#3810,#3469,#4286,.T.);
#3050=EDGE_CURVE('',#3470,#3809,#4287,.F.);
#3051=EDGE_CURVE('',#3795,#3810,#471,.F.);
#3052=EDGE_CURVE('',#3809,#3796,#472,.F.);
#3053=EDGE_CURVE('',#3811,#3812,#4288,.T.);
#3054=EDGE_CURVE('',#3510,#3811,#4289,.T.);
#3055=EDGE_CURVE('',#3511,#3812,#4290,.T.);
#3056=EDGE_CURVE('',#3813,#3811,#4291,.T.);
#3057=EDGE_CURVE('',#3512,#3813,#4292,.T.);
#3058=EDGE_CURVE('',#3814,#3813,#473,.T.);
#3059=EDGE_CURVE('',#3513,#3814,#4293,.T.);
#3060=EDGE_CURVE('',#3815,#3816,#4294,.T.);
#3061=EDGE_CURVE('',#3507,#3816,#4295,.T.);
#3062=EDGE_CURVE('',#3506,#3815,#4296,.T.);
#3063=EDGE_CURVE('',#3816,#3817,#4297,.T.);
#3064=EDGE_CURVE('',#3508,#3817,#4298,.T.);
#3065=EDGE_CURVE('',#3817,#3818,#4299,.T.);
#3066=EDGE_CURVE('',#3509,#3818,#4300,.T.);
#3067=EDGE_CURVE('',#3819,#3820,#4301,.T.);
#3068=EDGE_CURVE('',#3503,#3820,#4302,.T.);
#3069=EDGE_CURVE('',#3502,#3819,#4303,.T.);
#3070=EDGE_CURVE('',#3820,#3821,#4304,.T.);
#3071=EDGE_CURVE('',#3504,#3821,#4305,.T.);
#3072=EDGE_CURVE('',#3821,#3822,#4306,.T.);
#3073=EDGE_CURVE('',#3505,#3822,#4307,.T.);
#3074=EDGE_CURVE('',#3823,#3824,#4308,.T.);
#3075=EDGE_CURVE('',#3499,#3824,#4309,.T.);
#3076=EDGE_CURVE('',#3498,#3823,#4310,.T.);
#3077=EDGE_CURVE('',#3824,#3825,#4311,.T.);
#3078=EDGE_CURVE('',#3500,#3825,#4312,.T.);
#3079=EDGE_CURVE('',#3825,#3826,#4313,.T.);
#3080=EDGE_CURVE('',#3501,#3826,#4314,.T.);
#3081=EDGE_CURVE('',#3827,#3828,#4315,.T.);
#3082=EDGE_CURVE('',#3495,#3828,#4316,.T.);
#3083=EDGE_CURVE('',#3494,#3827,#4317,.T.);
#3084=EDGE_CURVE('',#3828,#3829,#4318,.T.);
#3085=EDGE_CURVE('',#3496,#3829,#4319,.T.);
#3086=EDGE_CURVE('',#3829,#3830,#4320,.T.);
#3087=EDGE_CURVE('',#3497,#3830,#4321,.T.);
#3088=EDGE_CURVE('',#3831,#3486,#474,.T.);
#3089=EDGE_CURVE('',#3832,#3831,#4322,.T.);
#3090=EDGE_CURVE('',#3487,#3832,#4323,.T.);
#3091=EDGE_CURVE('',#3832,#3833,#4324,.T.);
#3092=EDGE_CURVE('',#3488,#3833,#4325,.T.);
#3093=EDGE_CURVE('',#3491,#3834,#51,.T.);
#3094=EDGE_CURVE('',#3489,#3834,#4326,.T.);
#3095=EDGE_CURVE('',#3833,#3835,#4327,.T.);
#3096=EDGE_CURVE('',#3492,#3835,#4328,.T.);
#3097=EDGE_CURVE('',#3815,#3818,#475,.T.);
#3098=EDGE_CURVE('',#3819,#3822,#476,.T.);
#3099=EDGE_CURVE('',#3823,#3826,#477,.T.);
#3100=EDGE_CURVE('',#3830,#3827,#4329,.T.);
#3101=EDGE_CURVE('',#3835,#3318,#4330,.T.);
#3102=EDGE_CURVE('',#3812,#3814,#4331,.T.);
#3103=EDGE_CURVE('',#3836,#3837,#4332,.T.);
#3104=EDGE_CURVE('',#3836,#3316,#4333,.T.);
#3105=EDGE_CURVE('',#3831,#3837,#4334,.F.);
#3106=EDGE_CURVE('',#3838,#3804,#4335,.T.);
#3107=EDGE_CURVE('',#3838,#3839,#4336,.T.);
#3108=EDGE_CURVE('',#3839,#3805,#4337,.T.);
#3109=EDGE_CURVE('',#3839,#3840,#4338,.F.);
#3110=EDGE_CURVE('',#3840,#3806,#4339,.T.);
#3111=EDGE_CURVE('',#3392,#3342,#4340,.F.);
#3112=EDGE_CURVE('',#3343,#3391,#4341,.T.);
#3113=EDGE_CURVE('',#3321,#3841,#4342,.F.);
#3114=EDGE_CURVE('',#3841,#3393,#4343,.T.);
#3115=EDGE_CURVE('',#3340,#3399,#478,.T.);
#3116=EDGE_CURVE('',#3376,#3384,#479,.T.);
#3117=EDGE_CURVE('',#3385,#3341,#480,.F.);
#3118=EDGE_CURVE('',#3842,#3843,#4344,.F.);
#3119=EDGE_CURVE('',#3843,#3352,#4345,.T.);
#3120=EDGE_CURVE('',#3842,#3353,#4346,.T.);
#3121=EDGE_CURVE('',#3485,#3842,#4347,.T.);
#3122=EDGE_CURVE('',#3483,#3844,#4348,.T.);
#3123=EDGE_CURVE('',#3844,#3845,#4349,.T.);
#3124=EDGE_CURVE('',#3845,#3484,#4350,.F.);
#3125=EDGE_CURVE('',#3846,#3515,#4351,.T.);
#3126=EDGE_CURVE('',#3474,#3846,#4352,.T.);
#3127=EDGE_CURVE('',#3847,#3514,#4353,.T.);
#3128=EDGE_CURVE('',#3847,#3846,#481,.T.);
#3129=EDGE_CURVE('',#3465,#3847,#4354,.T.);
#3130=EDGE_CURVE('',#3464,#3848,#4355,.F.);
#3131=EDGE_CURVE('',#3848,#3849,#482,.T.);
#3132=EDGE_CURVE('',#3849,#3475,#4356,.T.);
#3133=EDGE_CURVE('',#3450,#3479,#483,.F.);
#3134=EDGE_CURVE('',#3478,#3452,#4357,.T.);
#3135=EDGE_CURVE('',#3477,#3453,#4358,.T.);
#3136=EDGE_CURVE('',#3850,#3851,#4359,.T.);
#3137=EDGE_CURVE('',#3851,#3442,#4360,.T.);
#3138=EDGE_CURVE('',#3441,#3850,#4361,.F.);
#3139=EDGE_CURVE('',#3439,#3851,#484,.F.);
#3140=EDGE_CURVE('',#3850,#3440,#485,.F.);
#3141=EDGE_CURVE('',#3852,#3853,#4362,.T.);
#3142=EDGE_CURVE('',#3853,#3362,#4363,.T.);
#3143=EDGE_CURVE('',#3361,#3852,#4364,.F.);
#3144=EDGE_CURVE('',#3443,#3853,#486,.F.);
#3145=EDGE_CURVE('',#3852,#3444,#487,.F.);
#3146=EDGE_CURVE('',#3854,#3446,#488,.F.);
#3147=EDGE_CURVE('',#3854,#3855,#4365,.T.);
#3148=EDGE_CURVE('',#3856,#3855,#489,.T.);
#3149=EDGE_CURVE('',#3447,#3856,#4366,.T.);
#3150=EDGE_CURVE('',#3368,#3438,#490,.F.);
#3151=EDGE_CURVE('',#3437,#3857,#119,.T.);
#3152=EDGE_CURVE('',#3857,#3858,#491,.T.);
#3153=EDGE_CURVE('',#3858,#3854,#4367,.T.);
#3154=EDGE_CURVE('',#3445,#3382,#120,.T.);
#3155=EDGE_CURVE('',#3381,#3859,#4368,.T.);
#3156=EDGE_CURVE('',#3859,#3369,#492,.T.);
#3157=EDGE_CURVE('',#3859,#3369,#493,.T.);
#3158=EDGE_CURVE('',#3860,#3861,#4369,.T.);
#3159=EDGE_CURVE('',#3424,#3861,#4370,.T.);
#3160=EDGE_CURVE('',#3423,#3860,#4371,.T.);
#3161=EDGE_CURVE('',#3861,#3862,#4372,.T.);
#3162=EDGE_CURVE('',#3425,#3862,#4373,.T.);
#3163=EDGE_CURVE('',#3862,#3863,#494,.T.);
#3164=EDGE_CURVE('',#3426,#3863,#4374,.T.);
#3165=EDGE_CURVE('',#3864,#3865,#4375,.T.);
#3166=EDGE_CURVE('',#3419,#3864,#4376,.T.);
#3167=EDGE_CURVE('',#3420,#3865,#4377,.T.);
#3168=EDGE_CURVE('',#3864,#3866,#495,.T.);
#3169=EDGE_CURVE('',#3421,#3866,#4378,.T.);
#3170=EDGE_CURVE('',#3867,#3866,#4379,.T.);
#3171=EDGE_CURVE('',#3422,#3867,#4380,.T.);
#3172=EDGE_CURVE('',#3868,#3869,#4381,.T.);
#3173=EDGE_CURVE('',#3415,#3868,#4382,.T.);
#3174=EDGE_CURVE('',#3416,#3869,#4383,.T.);
#3175=EDGE_CURVE('',#3868,#3870,#496,.T.);
#3176=EDGE_CURVE('',#3417,#3870,#4384,.T.);
#3177=EDGE_CURVE('',#3871,#3870,#4385,.T.);
#3178=EDGE_CURVE('',#3418,#3871,#4386,.T.);
#3179=EDGE_CURVE('',#3872,#3873,#4387,.T.);
#3180=EDGE_CURVE('',#3411,#3872,#4388,.T.);
#3181=EDGE_CURVE('',#3412,#3873,#4389,.T.);
#3182=EDGE_CURVE('',#3872,#3874,#497,.T.);
#3183=EDGE_CURVE('',#3413,#3874,#4390,.T.);
#3184=EDGE_CURVE('',#3875,#3874,#4391,.T.);
#3185=EDGE_CURVE('',#3414,#3875,#4392,.T.);
#3186=EDGE_CURVE('',#3876,#3877,#4393,.T.);
#3187=EDGE_CURVE('',#3407,#3876,#4394,.T.);
#3188=EDGE_CURVE('',#3408,#3877,#4395,.T.);
#3189=EDGE_CURVE('',#3878,#3876,#4396,.T.);
#3190=EDGE_CURVE('',#3409,#3878,#4397,.T.);
#3191=EDGE_CURVE('',#3879,#3878,#4398,.T.);
#3192=EDGE_CURVE('',#3410,#3879,#4399,.T.);
#3193=EDGE_CURVE('',#3398,#3880,#498,.T.);
#3194=EDGE_CURVE('',#3880,#3881,#4400,.T.);
#3195=EDGE_CURVE('',#3400,#3881,#4401,.T.);
#3196=EDGE_CURVE('',#3882,#3881,#4402,.T.);
#3197=EDGE_CURVE('',#3401,#3882,#4403,.T.);
#3198=EDGE_CURVE('',#3402,#3883,#52,.T.);
#3199=EDGE_CURVE('',#3884,#3882,#4404,.T.);
#3200=EDGE_CURVE('',#3405,#3884,#4405,.T.);
#3201=EDGE_CURVE('',#3404,#3883,#4406,.T.);
#3202=EDGE_CURVE('',#3381,#3370,#499,.F.);
#3203=EDGE_CURVE('',#3865,#3867,#4407,.T.);
#3204=EDGE_CURVE('',#3869,#3871,#4408,.T.);
#3205=EDGE_CURVE('',#3873,#3875,#4409,.T.);
#3206=EDGE_CURVE('',#3877,#3879,#4410,.T.);
#3207=EDGE_CURVE('',#3336,#3884,#4411,.T.);
#3208=EDGE_CURVE('',#3863,#3860,#4412,.T.);
#3209=EDGE_CURVE('',#3885,#3886,#4413,.T.);
#3210=EDGE_CURVE('',#3885,#3337,#4414,.T.);
#3211=EDGE_CURVE('',#3880,#3886,#4415,.F.);
#3212=EDGE_CURVE('',#3803,#3887,#4416,.F.);
#3213=EDGE_CURVE('',#3887,#3838,#4417,.T.);
#3214=EDGE_CURVE('',#3390,#3888,#4418,.F.);
#3215=EDGE_CURVE('',#3888,#3343,#4419,.T.);
#3216=EDGE_CURVE('',#3329,#3889,#4420,.F.);
#3217=EDGE_CURVE('',#3889,#3890,#4421,.T.);
#3218=EDGE_CURVE('',#3890,#3330,#4422,.T.);
#3219=EDGE_CURVE('',#3890,#3371,#4423,.F.);
#3220=EDGE_CURVE('',#3891,#3892,#4424,.F.);
#3221=EDGE_CURVE('',#3892,#3366,#4425,.F.);
#3222=EDGE_CURVE('',#3367,#3891,#4426,.T.);
#3223=EDGE_CURVE('',#3893,#3856,#4427,.T.);
#3224=EDGE_CURVE('',#3448,#3893,#4428,.T.);
#3225=EDGE_CURVE('',#3894,#3855,#4429,.T.);
#3226=EDGE_CURVE('',#3893,#3894,#500,.T.);
#3227=EDGE_CURVE('',#3858,#3894,#4430,.T.);
#3228=EDGE_CURVE('',#3895,#3896,#501,.T.);
#3229=EDGE_CURVE('',#3896,#3449,#4431,.T.);
#3230=EDGE_CURVE('',#3857,#3895,#4432,.F.);
#3231=EDGE_CURVE('',#3378,#3434,#502,.F.);
#3232=EDGE_CURVE('',#3379,#3435,#4433,.T.);
#3233=EDGE_CURVE('',#3380,#3436,#4434,.T.);
#3234=EDGE_CURVE('',#3895,#3440,#503,.T.);
#3235=EDGE_CURVE('',#3896,#3850,#504,.T.);
#3236=EDGE_CURVE('',#3852,#3374,#505,.T.);
#3237=EDGE_CURVE('',#3444,#3383,#506,.T.);
#3238=EDGE_CURVE('',#3809,#3849,#507,.T.);
#3239=EDGE_CURVE('',#3796,#3848,#508,.T.);
#3240=EDGE_CURVE('',#3460,#3476,#509,.T.);
#3241=EDGE_CURVE('',#3797,#3481,#510,.T.);
#3242=EDGE_CURVE('',#3480,#3456,#53,.F.);
#3243=EDGE_CURVE('',#3842,#3845,#54,.F.);
#3244=EDGE_CURVE('',#3844,#3843,#511,.T.);
#3245=EDGE_CURVE('',#3891,#3890,#55,.T.);
#3246=EDGE_CURVE('',#3889,#3892,#512,.F.);
#3247=EDGE_CURVE('',#3888,#3328,#513,.F.);
#3248=EDGE_CURVE('',#3354,#3841,#514,.T.);
#3249=EDGE_CURVE('',#3355,#3321,#56,.T.);
#3250=EDGE_CURVE('',#3356,#3319,#121,.T.);
#3251=EDGE_CURVE('',#3394,#3840,#515,.T.);
#3252=EDGE_CURVE('',#3395,#3839,#57,.T.);
#3253=EDGE_CURVE('',#3388,#3838,#58,.T.);
#3254=EDGE_CURVE('',#3887,#3389,#516,.F.);
#3255=EDGE_CURVE('',#3406,#3370,#122,.F.);
#3256=EDGE_CURVE('',#3493,#3344,#123,.F.);
#3257=EDGE_CURVE('',#3807,#3615,#4435,.T.);
#3258=EDGE_CURVE('',#3808,#3614,#4436,.T.);
#3259=EDGE_CURVE('',#3616,#3802,#4437,.F.);
#3260=EDGE_CURVE('',#3801,#3617,#4438,.T.);
#3261=EDGE_CURVE('',#3886,#3885,#517,.T.);
#3262=EDGE_CURVE('',#3837,#3836,#518,.T.);
#3263=EDGE_CURVE('',#3403,#3883,#519,.T.);
#3264=EDGE_CURVE('',#3834,#3490,#520,.T.);
#3265=EDGE_CURVE('',#3781,#3455,#59,.T.);
#3266=EDGE_CURVE('',#3798,#3780,#521,.T.);
#3267=EDGE_CURVE('',#3461,#3779,#522,.T.);
#3268=EDGE_CURVE('',#3782,#3428,#124,.F.);
#3269=EDGE_CURVE('',#3462,#3778,#60,.F.);
#3270=EDGE_CURVE('',#3783,#3363,#125,.F.);
#3271=EDGE_CURVE('',#3795,#3777,#523,.T.);
#3272=EDGE_CURVE('',#3784,#3362,#61,.T.);
#3273=EDGE_CURVE('',#3810,#3776,#524,.T.);
#3274=EDGE_CURVE('',#3785,#3853,#525,.T.);
#3275=EDGE_CURVE('',#3469,#3775,#126,.T.);
#3276=EDGE_CURVE('',#3786,#3443,#526,.T.);
#3277=EDGE_CURVE('',#3471,#3774,#127,.T.);
#3278=EDGE_CURVE('',#3787,#3442,#62,.T.);
#3279=EDGE_CURVE('',#3483,#3773,#63,.F.);
#3280=EDGE_CURVE('',#3788,#3851,#527,.T.);
#3281=EDGE_CURVE('',#3844,#3772,#528,.T.);
#3282=EDGE_CURVE('',#3789,#3439,#529,.T.);
#3283=EDGE_CURVE('',#3843,#3772,#530,.T.);
#3284=EDGE_CURVE('',#3790,#3438,#128,.F.);
#3285=EDGE_CURVE('',#3352,#3771,#64,.F.);
#3286=EDGE_CURVE('',#3791,#3368,#129,.F.);
#3287=EDGE_CURVE('',#3354,#3770,#531,.T.);
#3288=EDGE_CURVE('',#3792,#3366,#65,.F.);
#3289=EDGE_CURVE('',#3841,#3770,#532,.T.);
#3290=EDGE_CURVE('',#3793,#3892,#533,.T.);
#3291=EDGE_CURVE('',#3393,#3769,#66,.F.);
#3292=EDGE_CURVE('',#3793,#3889,#534,.T.);
#3293=EDGE_CURVE('',#3394,#3768,#535,.T.);
#3294=EDGE_CURVE('',#3794,#3329,#67,.T.);
#3295=EDGE_CURVE('',#3840,#3768,#536,.T.);
#3296=EDGE_CURVE('',#3759,#3328,#537,.T.);
#3297=EDGE_CURVE('',#3806,#3767,#68,.F.);
#3298=EDGE_CURVE('',#3759,#3888,#538,.T.);
#3299=EDGE_CURVE('',#3807,#3766,#69,.F.);
#3300=EDGE_CURVE('',#3760,#3390,#70,.T.);
#3301=EDGE_CURVE('',#3615,#3765,#130,.T.);
#3302=EDGE_CURVE('',#3761,#3389,#539,.T.);
#3303=EDGE_CURVE('',#3616,#3764,#131,.T.);
#3304=EDGE_CURVE('',#3761,#3887,#540,.T.);
#3305=EDGE_CURVE('',#3802,#3763,#71,.F.);
#3306=EDGE_CURVE('',#3762,#3803,#72,.T.);
#3307=VERTEX_POINT('',#8867);
#3308=VERTEX_POINT('',#8868);
#3309=VERTEX_POINT('',#8870);
#3310=VERTEX_POINT('',#8872);
#3311=VERTEX_POINT('',#8874);
#3312=VERTEX_POINT('',#8876);
#3313=VERTEX_POINT('',#8878);
#3314=VERTEX_POINT('',#8880);
#3315=VERTEX_POINT('',#8884);
#3316=VERTEX_POINT('',#8885);
#3317=VERTEX_POINT('',#8887);
#3318=VERTEX_POINT('',#8889);
#3319=VERTEX_POINT('',#8893);
#3320=VERTEX_POINT('',#8894);
#3321=VERTEX_POINT('',#8896);
#3322=VERTEX_POINT('',#8898);
#3323=VERTEX_POINT('',#8902);
#3324=VERTEX_POINT('',#8903);
#3325=VERTEX_POINT('',#8905);
#3326=VERTEX_POINT('',#8907);
#3327=VERTEX_POINT('',#8911);
#3328=VERTEX_POINT('',#8912);
#3329=VERTEX_POINT('',#8914);
#3330=VERTEX_POINT('',#8916);
#3331=VERTEX_POINT('',#8918);
#3332=VERTEX_POINT('',#8920);
#3333=VERTEX_POINT('',#8922);
#3334=VERTEX_POINT('',#8924);
#3335=VERTEX_POINT('',#8926);
#3336=VERTEX_POINT('',#8930);
#3337=VERTEX_POINT('',#8931);
#3338=VERTEX_POINT('',#8933);
#3339=VERTEX_POINT('',#8935);
#3340=VERTEX_POINT('',#8946);
#3341=VERTEX_POINT('',#8948);
#3342=VERTEX_POINT('',#8955);
#3343=VERTEX_POINT('',#8957);
#3344=VERTEX_POINT('',#8961);
#3345=VERTEX_POINT('',#8962);
#3346=VERTEX_POINT('',#8964);
#3347=VERTEX_POINT('',#8966);
#3348=VERTEX_POINT('',#8973);
#3349=VERTEX_POINT('',#8974);
#3350=VERTEX_POINT('',#8976);
#3351=VERTEX_POINT('',#8978);
#3352=VERTEX_POINT('',#8982);
#3353=VERTEX_POINT('',#8983);
#3354=VERTEX_POINT('',#8985);
#3355=VERTEX_POINT('',#8987);
#3356=VERTEX_POINT('',#8989);
#3357=VERTEX_POINT('',#8991);
#3358=VERTEX_POINT('',#8993);
#3359=VERTEX_POINT('',#8995);
#3360=VERTEX_POINT('',#8997);
#3361=VERTEX_POINT('',#9001);
#3362=VERTEX_POINT('',#9002);
#3363=VERTEX_POINT('',#9004);
#3364=VERTEX_POINT('',#9006);
#3365=VERTEX_POINT('',#9008);
#3366=VERTEX_POINT('',#9012);
#3367=VERTEX_POINT('',#9013);
#3368=VERTEX_POINT('',#9015);
#3369=VERTEX_POINT('',#9017);
#3370=VERTEX_POINT('',#9019);
#3371=VERTEX_POINT('',#9022);
#3372=VERTEX_POINT('',#9026);
#3373=VERTEX_POINT('',#9027);
#3374=VERTEX_POINT('',#9032);
#3375=VERTEX_POINT('',#9034);
#3376=VERTEX_POINT('',#9036);
#3377=VERTEX_POINT('',#9038);
#3378=VERTEX_POINT('',#9041);
#3379=VERTEX_POINT('',#9043);
#3380=VERTEX_POINT('',#9045);
#3381=VERTEX_POINT('',#9048);
#3382=VERTEX_POINT('',#9050);
#3383=VERTEX_POINT('',#9052);
#3384=VERTEX_POINT('',#9056);
#3385=VERTEX_POINT('',#9057);
#3386=VERTEX_POINT('',#9059);
#3387=VERTEX_POINT('',#9061);
#3388=VERTEX_POINT('',#9065);
#3389=VERTEX_POINT('',#9066);
#3390=VERTEX_POINT('',#9068);
#3391=VERTEX_POINT('',#9070);
#3392=VERTEX_POINT('',#9072);
#3393=VERTEX_POINT('',#9076);
#3394=VERTEX_POINT('',#9078);
#3395=VERTEX_POINT('',#9080);
#3396=VERTEX_POINT('',#9084);
#3397=VERTEX_POINT('',#9085);
#3398=VERTEX_POINT('',#9093);
#3399=VERTEX_POINT('',#9094);
#3400=VERTEX_POINT('',#9096);
#3401=VERTEX_POINT('',#9098);
#3402=VERTEX_POINT('',#9100);
#3403=VERTEX_POINT('',#9102);
#3404=VERTEX_POINT('',#9104);
#3405=VERTEX_POINT('',#9106);
#3406=VERTEX_POINT('',#9110);
#3407=VERTEX_POINT('',#9114);
#3408=VERTEX_POINT('',#9115);
#3409=VERTEX_POINT('',#9117);
#3410=VERTEX_POINT('',#9119);
#3411=VERTEX_POINT('',#9122);
#3412=VERTEX_POINT('',#9123);
#3413=VERTEX_POINT('',#9125);
#3414=VERTEX_POINT('',#9127);
#3415=VERTEX_POINT('',#9130);
#3416=VERTEX_POINT('',#9131);
#3417=VERTEX_POINT('',#9133);
#3418=VERTEX_POINT('',#9135);
#3419=VERTEX_POINT('',#9138);
#3420=VERTEX_POINT('',#9139);
#3421=VERTEX_POINT('',#9141);
#3422=VERTEX_POINT('',#9143);
#3423=VERTEX_POINT('',#9146);
#3424=VERTEX_POINT('',#9147);
#3425=VERTEX_POINT('',#9149);
#3426=VERTEX_POINT('',#9151);
#3427=VERTEX_POINT('',#9155);
#3428=VERTEX_POINT('',#9157);
#3429=VERTEX_POINT('',#9159);
#3430=VERTEX_POINT('',#9164);
#3431=VERTEX_POINT('',#9166);
#3432=VERTEX_POINT('',#9171);
#3433=VERTEX_POINT('',#9173);
#3434=VERTEX_POINT('',#9188);
#3435=VERTEX_POINT('',#9189);
#3436=VERTEX_POINT('',#9192);
#3437=VERTEX_POINT('',#9196);
#3438=VERTEX_POINT('',#9197);
#3439=VERTEX_POINT('',#9199);
#3440=VERTEX_POINT('',#9201);
#3441=VERTEX_POINT('',#9205);
#3442=VERTEX_POINT('',#9206);
#3443=VERTEX_POINT('',#9208);
#3444=VERTEX_POINT('',#9210);
#3445=VERTEX_POINT('',#9212);
#3446=VERTEX_POINT('',#9214);
#3447=VERTEX_POINT('',#9216);
#3448=VERTEX_POINT('',#9218);
#3449=VERTEX_POINT('',#9220);
#3450=VERTEX_POINT('',#9224);
#3451=VERTEX_POINT('',#9225);
#3452=VERTEX_POINT('',#9227);
#3453=VERTEX_POINT('',#9229);
#3454=VERTEX_POINT('',#9231);
#3455=VERTEX_POINT('',#9235);
#3456=VERTEX_POINT('',#9237);
#3457=VERTEX_POINT('',#9241);
#3458=VERTEX_POINT('',#9243);
#3459=VERTEX_POINT('',#9245);
#3460=VERTEX_POINT('',#9252);
#3461=VERTEX_POINT('',#9253);
#3462=VERTEX_POINT('',#9255);
#3463=VERTEX_POINT('',#9257);
#3464=VERTEX_POINT('',#9259);
#3465=VERTEX_POINT('',#9261);
#3466=VERTEX_POINT('',#9263);
#3467=VERTEX_POINT('',#9265);
#3468=VERTEX_POINT('',#9267);
#3469=VERTEX_POINT('',#9271);
#3470=VERTEX_POINT('',#9272);
#3471=VERTEX_POINT('',#9274);
#3472=VERTEX_POINT('',#9278);
#3473=VERTEX_POINT('',#9284);
#3474=VERTEX_POINT('',#9286);
#3475=VERTEX_POINT('',#9288);
#3476=VERTEX_POINT('',#9296);
#3477=VERTEX_POINT('',#9299);
#3478=VERTEX_POINT('',#9301);
#3479=VERTEX_POINT('',#9303);
#3480=VERTEX_POINT('',#9308);
#3481=VERTEX_POINT('',#9310);
#3482=VERTEX_POINT('',#9320);
#3483=VERTEX_POINT('',#9324);
#3484=VERTEX_POINT('',#9326);
#3485=VERTEX_POINT('',#9328);
#3486=VERTEX_POINT('',#9333);
#3487=VERTEX_POINT('',#9335);
#3488=VERTEX_POINT('',#9337);
#3489=VERTEX_POINT('',#9339);
#3490=VERTEX_POINT('',#9341);
#3491=VERTEX_POINT('',#9343);
#3492=VERTEX_POINT('',#9345);
#3493=VERTEX_POINT('',#9349);
#3494=VERTEX_POINT('',#9352);
#3495=VERTEX_POINT('',#9353);
#3496=VERTEX_POINT('',#9355);
#3497=VERTEX_POINT('',#9357);
#3498=VERTEX_POINT('',#9360);
#3499=VERTEX_POINT('',#9361);
#3500=VERTEX_POINT('',#9363);
#3501=VERTEX_POINT('',#9365);
#3502=VERTEX_POINT('',#9368);
#3503=VERTEX_POINT('',#9369);
#3504=VERTEX_POINT('',#9371);
#3505=VERTEX_POINT('',#9373);
#3506=VERTEX_POINT('',#9376);
#3507=VERTEX_POINT('',#9377);
#3508=VERTEX_POINT('',#9379);
#3509=VERTEX_POINT('',#9381);
#3510=VERTEX_POINT('',#9384);
#3511=VERTEX_POINT('',#9385);
#3512=VERTEX_POINT('',#9387);
#3513=VERTEX_POINT('',#9389);
#3514=VERTEX_POINT('',#9393);
#3515=VERTEX_POINT('',#9395);
#3516=VERTEX_POINT('',#9399);
#3517=VERTEX_POINT('',#9400);
#3518=VERTEX_POINT('',#9402);
#3519=VERTEX_POINT('',#9404);
#3520=VERTEX_POINT('',#9408);
#3521=VERTEX_POINT('',#9409);
#3522=VERTEX_POINT('',#9411);
#3523=VERTEX_POINT('',#9413);
#3524=VERTEX_POINT('',#9417);
#3525=VERTEX_POINT('',#9418);
#3526=VERTEX_POINT('',#9420);
#3527=VERTEX_POINT('',#9422);
#3528=VERTEX_POINT('',#9426);
#3529=VERTEX_POINT('',#9428);
#3530=VERTEX_POINT('',#9432);
#3531=VERTEX_POINT('',#9433);
#3532=VERTEX_POINT('',#9435);
#3533=VERTEX_POINT('',#9437);
#3534=VERTEX_POINT('',#9441);
#3535=VERTEX_POINT('',#9442);
#3536=VERTEX_POINT('',#9447);
#3537=VERTEX_POINT('',#9448);
#3538=VERTEX_POINT('',#9450);
#3539=VERTEX_POINT('',#9452);
#3540=VERTEX_POINT('',#9456);
#3541=VERTEX_POINT('',#9457);
#3542=VERTEX_POINT('',#9459);
#3543=VERTEX_POINT('',#9461);
#3544=VERTEX_POINT('',#9465);
#3545=VERTEX_POINT('',#9466);
#3546=VERTEX_POINT('',#9468);
#3547=VERTEX_POINT('',#9470);
#3548=VERTEX_POINT('',#9474);
#3549=VERTEX_POINT('',#9476);
#3550=VERTEX_POINT('',#9480);
#3551=VERTEX_POINT('',#9481);
#3552=VERTEX_POINT('',#9483);
#3553=VERTEX_POINT('',#9485);
#3554=VERTEX_POINT('',#9489);
#3555=VERTEX_POINT('',#9490);
#3556=VERTEX_POINT('',#9495);
#3557=VERTEX_POINT('',#9496);
#3558=VERTEX_POINT('',#9498);
#3559=VERTEX_POINT('',#9500);
#3560=VERTEX_POINT('',#9504);
#3561=VERTEX_POINT('',#9505);
#3562=VERTEX_POINT('',#9507);
#3563=VERTEX_POINT('',#9509);
#3564=VERTEX_POINT('',#9513);
#3565=VERTEX_POINT('',#9514);
#3566=VERTEX_POINT('',#9516);
#3567=VERTEX_POINT('',#9518);
#3568=VERTEX_POINT('',#9522);
#3569=VERTEX_POINT('',#9523);
#3570=VERTEX_POINT('',#9525);
#3571=VERTEX_POINT('',#9527);
#3572=VERTEX_POINT('',#9531);
#3573=VERTEX_POINT('',#9532);
#3574=VERTEX_POINT('',#9537);
#3575=VERTEX_POINT('',#9538);
#3576=VERTEX_POINT('',#9543);
#3577=VERTEX_POINT('',#9544);
#3578=VERTEX_POINT('',#9546);
#3579=VERTEX_POINT('',#9548);
#3580=VERTEX_POINT('',#9552);
#3581=VERTEX_POINT('',#9553);
#3582=VERTEX_POINT('',#9555);
#3583=VERTEX_POINT('',#9557);
#3584=VERTEX_POINT('',#9561);
#3585=VERTEX_POINT('',#9562);
#3586=VERTEX_POINT('',#9564);
#3587=VERTEX_POINT('',#9566);
#3588=VERTEX_POINT('',#9600);
#3589=VERTEX_POINT('',#9611);
#3590=VERTEX_POINT('',#9651);
#3591=VERTEX_POINT('',#9657);
#3592=VERTEX_POINT('',#9687);
#3593=VERTEX_POINT('',#9693);
#3594=VERTEX_POINT('',#9711);
#3595=VERTEX_POINT('',#9716);
#3596=VERTEX_POINT('',#9723);
#3597=VERTEX_POINT('',#9725);
#3598=VERTEX_POINT('',#9735);
#3599=VERTEX_POINT('',#9740);
#3600=VERTEX_POINT('',#9747);
#3601=VERTEX_POINT('',#9748);
#3602=VERTEX_POINT('',#9750);
#3603=VERTEX_POINT('',#9755);
#3604=VERTEX_POINT('',#9759);
#3605=VERTEX_POINT('',#9769);
#3606=VERTEX_POINT('',#9771);
#3607=VERTEX_POINT('',#9781);
#3608=VERTEX_POINT('',#9782);
#3609=VERTEX_POINT('',#9790);
#3610=VERTEX_POINT('',#9791);
#3611=VERTEX_POINT('',#9793);
#3612=VERTEX_POINT('',#9795);
#3613=VERTEX_POINT('',#9799);
#3614=VERTEX_POINT('',#9849);
#3615=VERTEX_POINT('',#9850);
#3616=VERTEX_POINT('',#9852);
#3617=VERTEX_POINT('',#9854);
#3618=VERTEX_POINT('',#9857);
#3619=VERTEX_POINT('',#9860);
#3620=VERTEX_POINT('',#9863);
#3621=VERTEX_POINT('',#9866);
#3622=VERTEX_POINT('',#9869);
#3623=VERTEX_POINT('',#9874);
#3624=VERTEX_POINT('',#9876);
#3625=VERTEX_POINT('',#9878);
#3626=VERTEX_POINT('',#9880);
#3627=VERTEX_POINT('',#9882);
#3628=VERTEX_POINT('',#9884);
#3629=VERTEX_POINT('',#9886);
#3630=VERTEX_POINT('',#9888);
#3631=VERTEX_POINT('',#9890);
#3632=VERTEX_POINT('',#9892);
#3633=VERTEX_POINT('',#9894);
#3634=VERTEX_POINT('',#9896);
#3635=VERTEX_POINT('',#9898);
#3636=VERTEX_POINT('',#9900);
#3637=VERTEX_POINT('',#9902);
#3638=VERTEX_POINT('',#9904);
#3639=VERTEX_POINT('',#9906);
#3640=VERTEX_POINT('',#9908);
#3641=VERTEX_POINT('',#9912);
#3642=VERTEX_POINT('',#9914);
#3643=VERTEX_POINT('',#9918);
#3644=VERTEX_POINT('',#9920);
#3645=VERTEX_POINT('',#9922);
#3646=VERTEX_POINT('',#9924);
#3647=VERTEX_POINT('',#9926);
#3648=VERTEX_POINT('',#9928);
#3649=VERTEX_POINT('',#9930);
#3650=VERTEX_POINT('',#9932);
#3651=VERTEX_POINT('',#9935);
#3652=VERTEX_POINT('',#9937);
#3653=VERTEX_POINT('',#9939);
#3654=VERTEX_POINT('',#9941);
#3655=VERTEX_POINT('',#9943);
#3656=VERTEX_POINT('',#9945);
#3657=VERTEX_POINT('',#9979);
#3658=VERTEX_POINT('',#9980);
#3659=VERTEX_POINT('',#9982);
#3660=VERTEX_POINT('',#9986);
#3661=VERTEX_POINT('',#9988);
#3662=VERTEX_POINT('',#9992);
#3663=VERTEX_POINT('',#9993);
#3664=VERTEX_POINT('',#9998);
#3665=VERTEX_POINT('',#10000);
#3666=VERTEX_POINT('',#10004);
#3667=VERTEX_POINT('',#10005);
#3668=VERTEX_POINT('',#10010);
#3669=VERTEX_POINT('',#10012);
#3670=VERTEX_POINT('',#10016);
#3671=VERTEX_POINT('',#10018);
#3672=VERTEX_POINT('',#10022);
#3673=VERTEX_POINT('',#10024);
#3674=VERTEX_POINT('',#10028);
#3675=VERTEX_POINT('',#10030);
#3676=VERTEX_POINT('',#10034);
#3677=VERTEX_POINT('',#10036);
#3678=VERTEX_POINT('',#10040);
#3679=VERTEX_POINT('',#10042);
#3680=VERTEX_POINT('',#10046);
#3681=VERTEX_POINT('',#10048);
#3682=VERTEX_POINT('',#10052);
#3683=VERTEX_POINT('',#10054);
#3684=VERTEX_POINT('',#10058);
#3685=VERTEX_POINT('',#10060);
#3686=VERTEX_POINT('',#10064);
#3687=VERTEX_POINT('',#10066);
#3688=VERTEX_POINT('',#10070);
#3689=VERTEX_POINT('',#10071);
#3690=VERTEX_POINT('',#10076);
#3691=VERTEX_POINT('',#10084);
#3692=VERTEX_POINT('',#10085);
#3693=VERTEX_POINT('',#10087);
#3694=VERTEX_POINT('',#10091);
#3695=VERTEX_POINT('',#10093);
#3696=VERTEX_POINT('',#10097);
#3697=VERTEX_POINT('',#10098);
#3698=VERTEX_POINT('',#10103);
#3699=VERTEX_POINT('',#10105);
#3700=VERTEX_POINT('',#10109);
#3701=VERTEX_POINT('',#10110);
#3702=VERTEX_POINT('',#10115);
#3703=VERTEX_POINT('',#10117);
#3704=VERTEX_POINT('',#10121);
#3705=VERTEX_POINT('',#10123);
#3706=VERTEX_POINT('',#10127);
#3707=VERTEX_POINT('',#10129);
#3708=VERTEX_POINT('',#10133);
#3709=VERTEX_POINT('',#10135);
#3710=VERTEX_POINT('',#10139);
#3711=VERTEX_POINT('',#10141);
#3712=VERTEX_POINT('',#10145);
#3713=VERTEX_POINT('',#10147);
#3714=VERTEX_POINT('',#10151);
#3715=VERTEX_POINT('',#10153);
#3716=VERTEX_POINT('',#10157);
#3717=VERTEX_POINT('',#10159);
#3718=VERTEX_POINT('',#10163);
#3719=VERTEX_POINT('',#10165);
#3720=VERTEX_POINT('',#10169);
#3721=VERTEX_POINT('',#10171);
#3722=VERTEX_POINT('',#10175);
#3723=VERTEX_POINT('',#10176);
#3724=VERTEX_POINT('',#10181);
#3725=VERTEX_POINT('',#10189);
#3726=VERTEX_POINT('',#10191);
#3727=VERTEX_POINT('',#10193);
#3728=VERTEX_POINT('',#10195);
#3729=VERTEX_POINT('',#10197);
#3730=VERTEX_POINT('',#10199);
#3731=VERTEX_POINT('',#10201);
#3732=VERTEX_POINT('',#10203);
#3733=VERTEX_POINT('',#10205);
#3734=VERTEX_POINT('',#10207);
#3735=VERTEX_POINT('',#10209);
#3736=VERTEX_POINT('',#10211);
#3737=VERTEX_POINT('',#10213);
#3738=VERTEX_POINT('',#10215);
#3739=VERTEX_POINT('',#10217);
#3740=VERTEX_POINT('',#10219);
#3741=VERTEX_POINT('',#10221);
#3742=VERTEX_POINT('',#10223);
#3743=VERTEX_POINT('',#10227);
#3744=VERTEX_POINT('',#10229);
#3745=VERTEX_POINT('',#10233);
#3746=VERTEX_POINT('',#10235);
#3747=VERTEX_POINT('',#10237);
#3748=VERTEX_POINT('',#10239);
#3749=VERTEX_POINT('',#10241);
#3750=VERTEX_POINT('',#10243);
#3751=VERTEX_POINT('',#10245);
#3752=VERTEX_POINT('',#10247);
#3753=VERTEX_POINT('',#10250);
#3754=VERTEX_POINT('',#10252);
#3755=VERTEX_POINT('',#10254);
#3756=VERTEX_POINT('',#10256);
#3757=VERTEX_POINT('',#10258);
#3758=VERTEX_POINT('',#10260);
#3759=VERTEX_POINT('',#10294);
#3760=VERTEX_POINT('',#10295);
#3761=VERTEX_POINT('',#10297);
#3762=VERTEX_POINT('',#10299);
#3763=VERTEX_POINT('',#10301);
#3764=VERTEX_POINT('',#10303);
#3765=VERTEX_POINT('',#10305);
#3766=VERTEX_POINT('',#10307);
#3767=VERTEX_POINT('',#10309);
#3768=VERTEX_POINT('',#10311);
#3769=VERTEX_POINT('',#10313);
#3770=VERTEX_POINT('',#10315);
#3771=VERTEX_POINT('',#10317);
#3772=VERTEX_POINT('',#10319);
#3773=VERTEX_POINT('',#10321);
#3774=VERTEX_POINT('',#10323);
#3775=VERTEX_POINT('',#10325);
#3776=VERTEX_POINT('',#10327);
#3777=VERTEX_POINT('',#10329);
#3778=VERTEX_POINT('',#10331);
#3779=VERTEX_POINT('',#10333);
#3780=VERTEX_POINT('',#10335);
#3781=VERTEX_POINT('',#10337);
#3782=VERTEX_POINT('',#10339);
#3783=VERTEX_POINT('',#10341);
#3784=VERTEX_POINT('',#10343);
#3785=VERTEX_POINT('',#10345);
#3786=VERTEX_POINT('',#10347);
#3787=VERTEX_POINT('',#10349);
#3788=VERTEX_POINT('',#10351);
#3789=VERTEX_POINT('',#10353);
#3790=VERTEX_POINT('',#10355);
#3791=VERTEX_POINT('',#10357);
#3792=VERTEX_POINT('',#10359);
#3793=VERTEX_POINT('',#10361);
#3794=VERTEX_POINT('',#10363);
#3795=VERTEX_POINT('',#10367);
#3796=VERTEX_POINT('',#10369);
#3797=VERTEX_POINT('',#10373);
#3798=VERTEX_POINT('',#10374);
#3799=VERTEX_POINT('',#10382);
#3800=VERTEX_POINT('',#10384);
#3801=VERTEX_POINT('',#10386);
#3802=VERTEX_POINT('',#10387);
#3803=VERTEX_POINT('',#10389);
#3804=VERTEX_POINT('',#10391);
#3805=VERTEX_POINT('',#10393);
#3806=VERTEX_POINT('',#10395);
#3807=VERTEX_POINT('',#10397);
#3808=VERTEX_POINT('',#10399);
#3809=VERTEX_POINT('',#10403);
#3810=VERTEX_POINT('',#10404);
#3811=VERTEX_POINT('',#10413);
#3812=VERTEX_POINT('',#10414);
#3813=VERTEX_POINT('',#10419);
#3814=VERTEX_POINT('',#10423);
#3815=VERTEX_POINT('',#10427);
#3816=VERTEX_POINT('',#10428);
#3817=VERTEX_POINT('',#10433);
#3818=VERTEX_POINT('',#10437);
#3819=VERTEX_POINT('',#10441);
#3820=VERTEX_POINT('',#10442);
#3821=VERTEX_POINT('',#10447);
#3822=VERTEX_POINT('',#10451);
#3823=VERTEX_POINT('',#10455);
#3824=VERTEX_POINT('',#10456);
#3825=VERTEX_POINT('',#10461);
#3826=VERTEX_POINT('',#10465);
#3827=VERTEX_POINT('',#10469);
#3828=VERTEX_POINT('',#10470);
#3829=VERTEX_POINT('',#10475);
#3830=VERTEX_POINT('',#10479);
#3831=VERTEX_POINT('',#10483);
#3832=VERTEX_POINT('',#10485);
#3833=VERTEX_POINT('',#10489);
#3834=VERTEX_POINT('',#10493);
#3835=VERTEX_POINT('',#10496);
#3836=VERTEX_POINT('',#10516);
#3837=VERTEX_POINT('',#10517);
#3838=VERTEX_POINT('',#10523);
#3839=VERTEX_POINT('',#10525);
#3840=VERTEX_POINT('',#10529);
#3841=VERTEX_POINT('',#10536);
#3842=VERTEX_POINT('',#10544);
#3843=VERTEX_POINT('',#10545);
#3844=VERTEX_POINT('',#10552);
#3845=VERTEX_POINT('',#10554);
#3846=VERTEX_POINT('',#10558);
#3847=VERTEX_POINT('',#10562);
#3848=VERTEX_POINT('',#10568);
#3849=VERTEX_POINT('',#10570);
#3850=VERTEX_POINT('',#10580);
#3851=VERTEX_POINT('',#10581);
#3852=VERTEX_POINT('',#10589);
#3853=VERTEX_POINT('',#10590);
#3854=VERTEX_POINT('',#10598);
#3855=VERTEX_POINT('',#10600);
#3856=VERTEX_POINT('',#10602);
#3857=VERTEX_POINT('',#10611);
#3858=VERTEX_POINT('',#10613);
#3859=VERTEX_POINT('',#10620);
#3860=VERTEX_POINT('',#10626);
#3861=VERTEX_POINT('',#10627);
#3862=VERTEX_POINT('',#10632);
#3863=VERTEX_POINT('',#10636);
#3864=VERTEX_POINT('',#10640);
#3865=VERTEX_POINT('',#10641);
#3866=VERTEX_POINT('',#10646);
#3867=VERTEX_POINT('',#10650);
#3868=VERTEX_POINT('',#10654);
#3869=VERTEX_POINT('',#10655);
#3870=VERTEX_POINT('',#10660);
#3871=VERTEX_POINT('',#10664);
#3872=VERTEX_POINT('',#10668);
#3873=VERTEX_POINT('',#10669);
#3874=VERTEX_POINT('',#10674);
#3875=VERTEX_POINT('',#10678);
#3876=VERTEX_POINT('',#10682);
#3877=VERTEX_POINT('',#10683);
#3878=VERTEX_POINT('',#10688);
#3879=VERTEX_POINT('',#10692);
#3880=VERTEX_POINT('',#10696);
#3881=VERTEX_POINT('',#10698);
#3882=VERTEX_POINT('',#10702);
#3883=VERTEX_POINT('',#10706);
#3884=VERTEX_POINT('',#10708);
#3885=VERTEX_POINT('',#10728);
#3886=VERTEX_POINT('',#10729);
#3887=VERTEX_POINT('',#10738);
#3888=VERTEX_POINT('',#10742);
#3889=VERTEX_POINT('',#10746);
#3890=VERTEX_POINT('',#10748);
#3891=VERTEX_POINT('',#10754);
#3892=VERTEX_POINT('',#10755);
#3893=VERTEX_POINT('',#10760);
#3894=VERTEX_POINT('',#10764);
#3895=VERTEX_POINT('',#10770);
#3896=VERTEX_POINT('',#10771);
#3897=LINE('',#8866,#4439);
#3898=LINE('',#8871,#4440);
#3899=LINE('',#8875,#4441);
#3900=LINE('',#8879,#4442);
#3901=LINE('',#8881,#4443);
#3902=LINE('',#8886,#4444);
#3903=LINE('',#8888,#4445);
#3904=LINE('',#8890,#4446);
#3905=LINE('',#8892,#4447);
#3906=LINE('',#8895,#4448);
#3907=LINE('',#8897,#4449);
#3908=LINE('',#8899,#4450);
#3909=LINE('',#8901,#4451);
#3910=LINE('',#8904,#4452);
#3911=LINE('',#8906,#4453);
#3912=LINE('',#8908,#4454);
#3913=LINE('',#8910,#4455);
#3914=LINE('',#8913,#4456);
#3915=LINE('',#8915,#4457);
#3916=LINE('',#8917,#4458);
#3917=LINE('',#8919,#4459);
#3918=LINE('',#8923,#4460);
#3919=LINE('',#8927,#4461);
#3920=LINE('',#8929,#4462);
#3921=LINE('',#8934,#4463);
#3922=LINE('',#8936,#4464);
#3923=LINE('',#8947,#4465);
#3924=LINE('',#8949,#4466);
#3925=LINE('',#8956,#4467);
#3926=LINE('',#8960,#4468);
#3927=LINE('',#8965,#4469);
#3928=LINE('',#8977,#4470);
#3929=LINE('',#8981,#4471);
#3930=LINE('',#8984,#4472);
#3931=LINE('',#8986,#4473);
#3932=LINE('',#8988,#4474);
#3933=LINE('',#8992,#4475);
#3934=LINE('',#8996,#4476);
#3935=LINE('',#8998,#4477);
#3936=LINE('',#9000,#4478);
#3937=LINE('',#9003,#4479);
#3938=LINE('',#9005,#4480);
#3939=LINE('',#9007,#4481);
#3940=LINE('',#9011,#4482);
#3941=LINE('',#9014,#4483);
#3942=LINE('',#9016,#4484);
#3943=LINE('',#9018,#4485);
#3944=LINE('',#9020,#4486);
#3945=LINE('',#9021,#4487);
#3946=LINE('',#9028,#4488);
#3947=LINE('',#9029,#4489);
#3948=LINE('',#9031,#4490);
#3949=LINE('',#9035,#4491);
#3950=LINE('',#9037,#4492);
#3951=LINE('',#9039,#4493);
#3952=LINE('',#9040,#4494);
#3953=LINE('',#9042,#4495);
#3954=LINE('',#9046,#4496);
#3955=LINE('',#9051,#4497);
#3956=LINE('',#9055,#4498);
#3957=LINE('',#9058,#4499);
#3958=LINE('',#9062,#4500);
#3959=LINE('',#9064,#4501);
#3960=LINE('',#9067,#4502);
#3961=LINE('',#9069,#4503);
#3962=LINE('',#9071,#4504);
#3963=LINE('',#9075,#4505);
#3964=LINE('',#9077,#4506);
#3965=LINE('',#9079,#4507);
#3966=LINE('',#9081,#4508);
#3967=LINE('',#9083,#4509);
#3968=LINE('',#9090,#4510);
#3969=LINE('',#9092,#4511);
#3970=LINE('',#9095,#4512);
#3971=LINE('',#9097,#4513);
#3972=LINE('',#9099,#4514);
#3973=LINE('',#9101,#4515);
#3974=LINE('',#9103,#4516);
#3975=LINE('',#9105,#4517);
#3976=LINE('',#9107,#4518);
#3977=LINE('',#9108,#4519);
#3978=LINE('',#9109,#4520);
#3979=LINE('',#9112,#4521);
#3980=LINE('',#9113,#4522);
#3981=LINE('',#9116,#4523);
#3982=LINE('',#9118,#4524);
#3983=LINE('',#9120,#4525);
#3984=LINE('',#9121,#4526);
#3985=LINE('',#9126,#4527);
#3986=LINE('',#9128,#4528);
#3987=LINE('',#9129,#4529);
#3988=LINE('',#9134,#4530);
#3989=LINE('',#9136,#4531);
#3990=LINE('',#9137,#4532);
#3991=LINE('',#9142,#4533);
#3992=LINE('',#9144,#4534);
#3993=LINE('',#9145,#4535);
#3994=LINE('',#9148,#4536);
#3995=LINE('',#9152,#4537);
#3996=LINE('',#9158,#4538);
#3997=LINE('',#9187,#4539);
#3998=LINE('',#9190,#4540);
#3999=LINE('',#9191,#4541);
#4000=LINE('',#9195,#4542);
#4001=LINE('',#9198,#4543);
#4002=LINE('',#9200,#4544);
#4003=LINE('',#9202,#4545);
#4004=LINE('',#9204,#4546);
#4005=LINE('',#9207,#4547);
#4006=LINE('',#9209,#4548);
#4007=LINE('',#9211,#4549);
#4008=LINE('',#9213,#4550);
#4009=LINE('',#9215,#4551);
#4010=LINE('',#9217,#4552);
#4011=LINE('',#9219,#4553);
#4012=LINE('',#9223,#4554);
#4013=LINE('',#9226,#4555);
#4014=LINE('',#9230,#4556);
#4015=LINE('',#9234,#4557);
#4016=LINE('',#9236,#4558);
#4017=LINE('',#9238,#4559);
#4018=LINE('',#9240,#4560);
#4019=LINE('',#9251,#4561);
#4020=LINE('',#9254,#4562);
#4021=LINE('',#9256,#4563);
#4022=LINE('',#9260,#4564);
#4023=LINE('',#9262,#4565);
#4024=LINE('',#9264,#4566);
#4025=LINE('',#9266,#4567);
#4026=LINE('',#9268,#4568);
#4027=LINE('',#9270,#4569);
#4028=LINE('',#9275,#4570);
#4029=LINE('',#9285,#4571);
#4030=LINE('',#9295,#4572);
#4031=LINE('',#9298,#4573);
#4032=LINE('',#9302,#4574);
#4033=LINE('',#9304,#4575);
#4034=LINE('',#9305,#4576);
#4035=LINE('',#9306,#4577);
#4036=LINE('',#9307,#4578);
#4037=LINE('',#9309,#4579);
#4038=LINE('',#9313,#4580);
#4039=LINE('',#9314,#4581);
#4040=LINE('',#9321,#4582);
#4041=LINE('',#9323,#4583);
#4042=LINE('',#9325,#4584);
#4043=LINE('',#9329,#4585);
#4044=LINE('',#9330,#4586);
#4045=LINE('',#9332,#4587);
#4046=LINE('',#9334,#4588);
#4047=LINE('',#9336,#4589);
#4048=LINE('',#9338,#4590);
#4049=LINE('',#9340,#4591);
#4050=LINE('',#9342,#4592);
#4051=LINE('',#9344,#4593);
#4052=LINE('',#9346,#4594);
#4053=LINE('',#9347,#4595);
#4054=LINE('',#9350,#4596);
#4055=LINE('',#9351,#4597);
#4056=LINE('',#9354,#4598);
#4057=LINE('',#9356,#4599);
#4058=LINE('',#9358,#4600);
#4059=LINE('',#9359,#4601);
#4060=LINE('',#9362,#4602);
#4061=LINE('',#9364,#4603);
#4062=LINE('',#9367,#4604);
#4063=LINE('',#9370,#4605);
#4064=LINE('',#9372,#4606);
#4065=LINE('',#9375,#4607);
#4066=LINE('',#9378,#4608);
#4067=LINE('',#9380,#4609);
#4068=LINE('',#9383,#4610);
#4069=LINE('',#9386,#4611);
#4070=LINE('',#9390,#4612);
#4071=LINE('',#9392,#4613);
#4072=LINE('',#9396,#4614);
#4073=LINE('',#9401,#4615);
#4074=LINE('',#9405,#4616);
#4075=LINE('',#9410,#4617);
#4076=LINE('',#9414,#4618);
#4077=LINE('',#9419,#4619);
#4078=LINE('',#9423,#4620);
#4079=LINE('',#9449,#4621);
#4080=LINE('',#9453,#4622);
#4081=LINE('',#9458,#4623);
#4082=LINE('',#9462,#4624);
#4083=LINE('',#9467,#4625);
#4084=LINE('',#9471,#4626);
#4085=LINE('',#9494,#4627);
#4086=LINE('',#9499,#4628);
#4087=LINE('',#9506,#4629);
#4088=LINE('',#9510,#4630);
#4089=LINE('',#9515,#4631);
#4090=LINE('',#9519,#4632);
#4091=LINE('',#9542,#4633);
#4092=LINE('',#9547,#4634);
#4093=LINE('',#9554,#4635);
#4094=LINE('',#9558,#4636);
#4095=LINE('',#9563,#4637);
#4096=LINE('',#9567,#4638);
#4097=LINE('',#9765,#4639);
#4098=LINE('',#9766,#4640);
#4099=LINE('',#9774,#4641);
#4100=LINE('',#9775,#4642);
#4101=LINE('',#9783,#4643);
#4102=LINE('',#9784,#4644);
#4103=LINE('',#9792,#4645);
#4104=LINE('',#9796,#4646);
#4105=LINE('',#9848,#4647);
#4106=LINE('',#9853,#4648);
#4107=LINE('',#9873,#4649);
#4108=LINE('',#9875,#4650);
#4109=LINE('',#9879,#4651);
#4110=LINE('',#9883,#4652);
#4111=LINE('',#9887,#4653);
#4112=LINE('',#9891,#4654);
#4113=LINE('',#9895,#4655);
#4114=LINE('',#9899,#4656);
#4115=LINE('',#9903,#4657);
#4116=LINE('',#9907,#4658);
#4117=LINE('',#9911,#4659);
#4118=LINE('',#9913,#4660);
#4119=LINE('',#9915,#4661);
#4120=LINE('',#9919,#4662);
#4121=LINE('',#9923,#4663);
#4122=LINE('',#9927,#4664);
#4123=LINE('',#9931,#4665);
#4124=LINE('',#9936,#4666);
#4125=LINE('',#9940,#4667);
#4126=LINE('',#9944,#4668);
#4127=LINE('',#9948,#4669);
#4128=LINE('',#9950,#4670);
#4129=LINE('',#9951,#4671);
#4130=LINE('',#9954,#4672);
#4131=LINE('',#9955,#4673);
#4132=LINE('',#9958,#4674);
#4133=LINE('',#9959,#4675);
#4134=LINE('',#9963,#4676);
#4135=LINE('',#9965,#4677);
#4136=LINE('',#9966,#4678);
#4137=LINE('',#9969,#4679);
#4138=LINE('',#9970,#4680);
#4139=LINE('',#9973,#4681);
#4140=LINE('',#9974,#4682);
#4141=LINE('',#9983,#4683);
#4142=LINE('',#9985,#4684);
#4143=LINE('',#9987,#4685);
#4144=LINE('',#9989,#4686);
#4145=LINE('',#9991,#4687);
#4146=LINE('',#9997,#4688);
#4147=LINE('',#9999,#4689);
#4148=LINE('',#10001,#4690);
#4149=LINE('',#10003,#4691);
#4150=LINE('',#10009,#4692);
#4151=LINE('',#10011,#4693);
#4152=LINE('',#10013,#4694);
#4153=LINE('',#10017,#4695);
#4154=LINE('',#10021,#4696);
#4155=LINE('',#10023,#4697);
#4156=LINE('',#10025,#4698);
#4157=LINE('',#10031,#4699);
#4158=LINE('',#10033,#4700);
#4159=LINE('',#10035,#4701);
#4160=LINE('',#10037,#4702);
#4161=LINE('',#10041,#4703);
#4162=LINE('',#10045,#4704);
#4163=LINE('',#10047,#4705);
#4164=LINE('',#10049,#4706);
#4165=LINE('',#10053,#4707);
#4166=LINE('',#10057,#4708);
#4167=LINE('',#10059,#4709);
#4168=LINE('',#10061,#4710);
#4169=LINE('',#10065,#4711);
#4170=LINE('',#10069,#4712);
#4171=LINE('',#10072,#4713);
#4172=LINE('',#10073,#4714);
#4173=LINE('',#10079,#4715);
#4174=LINE('',#10080,#4716);
#4175=LINE('',#10088,#4717);
#4176=LINE('',#10090,#4718);
#4177=LINE('',#10092,#4719);
#4178=LINE('',#10094,#4720);
#4179=LINE('',#10096,#4721);
#4180=LINE('',#10102,#4722);
#4181=LINE('',#10104,#4723);
#4182=LINE('',#10106,#4724);
#4183=LINE('',#10108,#4725);
#4184=LINE('',#10114,#4726);
#4185=LINE('',#10116,#4727);
#4186=LINE('',#10118,#4728);
#4187=LINE('',#10122,#4729);
#4188=LINE('',#10126,#4730);
#4189=LINE('',#10128,#4731);
#4190=LINE('',#10130,#4732);
#4191=LINE('',#10136,#4733);
#4192=LINE('',#10138,#4734);
#4193=LINE('',#10140,#4735);
#4194=LINE('',#10142,#4736);
#4195=LINE('',#10146,#4737);
#4196=LINE('',#10150,#4738);
#4197=LINE('',#10152,#4739);
#4198=LINE('',#10154,#4740);
#4199=LINE('',#10158,#4741);
#4200=LINE('',#10162,#4742);
#4201=LINE('',#10164,#4743);
#4202=LINE('',#10166,#4744);
#4203=LINE('',#10170,#4745);
#4204=LINE('',#10174,#4746);
#4205=LINE('',#10177,#4747);
#4206=LINE('',#10178,#4748);
#4207=LINE('',#10184,#4749);
#4208=LINE('',#10185,#4750);
#4209=LINE('',#10188,#4751);
#4210=LINE('',#10190,#4752);
#4211=LINE('',#10194,#4753);
#4212=LINE('',#10198,#4754);
#4213=LINE('',#10202,#4755);
#4214=LINE('',#10206,#4756);
#4215=LINE('',#10210,#4757);
#4216=LINE('',#10214,#4758);
#4217=LINE('',#10218,#4759);
#4218=LINE('',#10222,#4760);
#4219=LINE('',#10226,#4761);
#4220=LINE('',#10228,#4762);
#4221=LINE('',#10230,#4763);
#4222=LINE('',#10234,#4764);
#4223=LINE('',#10238,#4765);
#4224=LINE('',#10242,#4766);
#4225=LINE('',#10246,#4767);
#4226=LINE('',#10251,#4768);
#4227=LINE('',#10255,#4769);
#4228=LINE('',#10259,#4770);
#4229=LINE('',#10263,#4771);
#4230=LINE('',#10265,#4772);
#4231=LINE('',#10266,#4773);
#4232=LINE('',#10269,#4774);
#4233=LINE('',#10270,#4775);
#4234=LINE('',#10273,#4776);
#4235=LINE('',#10274,#4777);
#4236=LINE('',#10278,#4778);
#4237=LINE('',#10280,#4779);
#4238=LINE('',#10281,#4780);
#4239=LINE('',#10284,#4781);
#4240=LINE('',#10285,#4782);
#4241=LINE('',#10288,#4783);
#4242=LINE('',#10289,#4784);
#4243=LINE('',#10293,#4785);
#4244=LINE('',#10296,#4786);
#4245=LINE('',#10298,#4787);
#4246=LINE('',#10300,#4788);
#4247=LINE('',#10302,#4789);
#4248=LINE('',#10306,#4790);
#4249=LINE('',#10308,#4791);
#4250=LINE('',#10310,#4792);
#4251=LINE('',#10312,#4793);
#4252=LINE('',#10314,#4794);
#4253=LINE('',#10316,#4795);
#4254=LINE('',#10318,#4796);
#4255=LINE('',#10320,#4797);
#4256=LINE('',#10322,#4798);
#4257=LINE('',#10326,#4799);
#4258=LINE('',#10330,#4800);
#4259=LINE('',#10332,#4801);
#4260=LINE('',#10336,#4802);
#4261=LINE('',#10338,#4803);
#4262=LINE('',#10342,#4804);
#4263=LINE('',#10344,#4805);
#4264=LINE('',#10348,#4806);
#4265=LINE('',#10350,#4807);
#4266=LINE('',#10354,#4808);
#4267=LINE('',#10358,#4809);
#4268=LINE('',#10360,#4810);
#4269=LINE('',#10362,#4811);
#4270=LINE('',#10364,#4812);
#4271=LINE('',#10366,#4813);
#4272=LINE('',#10368,#4814);
#4273=LINE('',#10370,#4815);
#4274=LINE('',#10372,#4816);
#4275=LINE('',#10378,#4817);
#4276=LINE('',#10379,#4818);
#4277=LINE('',#10385,#4819);
#4278=LINE('',#10388,#4820);
#4279=LINE('',#10390,#4821);
#4280=LINE('',#10392,#4822);
#4281=LINE('',#10394,#4823);
#4282=LINE('',#10396,#4824);
#4283=LINE('',#10398,#4825);
#4284=LINE('',#10400,#4826);
#4285=LINE('',#10402,#4827);
#4286=LINE('',#10405,#4828);
#4287=LINE('',#10406,#4829);
#4288=LINE('',#10412,#4830);
#4289=LINE('',#10415,#4831);
#4290=LINE('',#10416,#4832);
#4291=LINE('',#10418,#4833);
#4292=LINE('',#10420,#4834);
#4293=LINE('',#10424,#4835);
#4294=LINE('',#10426,#4836);
#4295=LINE('',#10429,#4837);
#4296=LINE('',#10430,#4838);
#4297=LINE('',#10432,#4839);
#4298=LINE('',#10434,#4840);
#4299=LINE('',#10436,#4841);
#4300=LINE('',#10438,#4842);
#4301=LINE('',#10440,#4843);
#4302=LINE('',#10443,#4844);
#4303=LINE('',#10444,#4845);
#4304=LINE('',#10446,#4846);
#4305=LINE('',#10448,#4847);
#4306=LINE('',#10450,#4848);
#4307=LINE('',#10452,#4849);
#4308=LINE('',#10454,#4850);
#4309=LINE('',#10457,#4851);
#4310=LINE('',#10458,#4852);
#4311=LINE('',#10460,#4853);
#4312=LINE('',#10462,#4854);
#4313=LINE('',#10464,#4855);
#4314=LINE('',#10466,#4856);
#4315=LINE('',#10468,#4857);
#4316=LINE('',#10471,#4858);
#4317=LINE('',#10472,#4859);
#4318=LINE('',#10474,#4860);
#4319=LINE('',#10476,#4861);
#4320=LINE('',#10478,#4862);
#4321=LINE('',#10480,#4863);
#4322=LINE('',#10484,#4864);
#4323=LINE('',#10486,#4865);
#4324=LINE('',#10488,#4866);
#4325=LINE('',#10490,#4867);
#4326=LINE('',#10494,#4868);
#4327=LINE('',#10495,#4869);
#4328=LINE('',#10497,#4870);
#4329=LINE('',#10505,#4871);
#4330=LINE('',#10507,#4872);
#4331=LINE('',#10509,#4873);
#4332=LINE('',#10515,#4874);
#4333=LINE('',#10518,#4875);
#4334=LINE('',#10519,#4876);
#4335=LINE('',#10522,#4877);
#4336=LINE('',#10524,#4878);
#4337=LINE('',#10526,#4879);
#4338=LINE('',#10528,#4880);
#4339=LINE('',#10530,#4881);
#4340=LINE('',#10532,#4882);
#4341=LINE('',#10533,#4883);
#4342=LINE('',#10535,#4884);
#4343=LINE('',#10537,#4885);
#4344=LINE('',#10543,#4886);
#4345=LINE('',#10546,#4887);
#4346=LINE('',#10547,#4888);
#4347=LINE('',#10549,#4889);
#4348=LINE('',#10551,#4890);
#4349=LINE('',#10553,#4891);
#4350=LINE('',#10555,#4892);
#4351=LINE('',#10557,#4893);
#4352=LINE('',#10559,#4894);
#4353=LINE('',#10561,#4895);
#4354=LINE('',#10565,#4896);
#4355=LINE('',#10567,#4897);
#4356=LINE('',#10571,#4898);
#4357=LINE('',#10574,#4899);
#4358=LINE('',#10576,#4900);
#4359=LINE('',#10579,#4901);
#4360=LINE('',#10582,#4902);
#4361=LINE('',#10583,#4903);
#4362=LINE('',#10588,#4904);
#4363=LINE('',#10591,#4905);
#4364=LINE('',#10592,#4906);
#4365=LINE('',#10599,#4907);
#4366=LINE('',#10603,#4908);
#4367=LINE('',#10614,#4909);
#4368=LINE('',#10619,#4910);
#4369=LINE('',#10625,#4911);
#4370=LINE('',#10628,#4912);
#4371=LINE('',#10629,#4913);
#4372=LINE('',#10631,#4914);
#4373=LINE('',#10633,#4915);
#4374=LINE('',#10637,#4916);
#4375=LINE('',#10639,#4917);
#4376=LINE('',#10642,#4918);
#4377=LINE('',#10643,#4919);
#4378=LINE('',#10647,#4920);
#4379=LINE('',#10649,#4921);
#4380=LINE('',#10651,#4922);
#4381=LINE('',#10653,#4923);
#4382=LINE('',#10656,#4924);
#4383=LINE('',#10657,#4925);
#4384=LINE('',#10661,#4926);
#4385=LINE('',#10663,#4927);
#4386=LINE('',#10665,#4928);
#4387=LINE('',#10667,#4929);
#4388=LINE('',#10670,#4930);
#4389=LINE('',#10671,#4931);
#4390=LINE('',#10675,#4932);
#4391=LINE('',#10677,#4933);
#4392=LINE('',#10679,#4934);
#4393=LINE('',#10681,#4935);
#4394=LINE('',#10684,#4936);
#4395=LINE('',#10685,#4937);
#4396=LINE('',#10687,#4938);
#4397=LINE('',#10689,#4939);
#4398=LINE('',#10691,#4940);
#4399=LINE('',#10693,#4941);
#4400=LINE('',#10697,#4942);
#4401=LINE('',#10699,#4943);
#4402=LINE('',#10701,#4944);
#4403=LINE('',#10703,#4945);
#4404=LINE('',#10707,#4946);
#4405=LINE('',#10709,#4947);
#4406=LINE('',#10710,#4948);
#4407=LINE('',#10714,#4949);
#4408=LINE('',#10716,#4950);
#4409=LINE('',#10718,#4951);
#4410=LINE('',#10720,#4952);
#4411=LINE('',#10722,#4953);
#4412=LINE('',#10724,#4954);
#4413=LINE('',#10727,#4955);
#4414=LINE('',#10730,#4956);
#4415=LINE('',#10731,#4957);
#4416=LINE('',#10737,#4958);
#4417=LINE('',#10739,#4959);
#4418=LINE('',#10741,#4960);
#4419=LINE('',#10743,#4961);
#4420=LINE('',#10745,#4962);
#4421=LINE('',#10747,#4963);
#4422=LINE('',#10749,#4964);
#4423=LINE('',#10751,#4965);
#4424=LINE('',#10753,#4966);
#4425=LINE('',#10756,#4967);
#4426=LINE('',#10757,#4968);
#4427=LINE('',#10759,#4969);
#4428=LINE('',#10761,#4970);
#4429=LINE('',#10763,#4971);
#4430=LINE('',#10767,#4972);
#4431=LINE('',#10772,#4973);
#4432=LINE('',#10773,#4974);
#4433=LINE('',#10776,#4975);
#4434=LINE('',#10778,#4976);
#4435=LINE('',#10846,#4977);
#4436=LINE('',#10847,#4978);
#4437=LINE('',#10849,#4979);
#4438=LINE('',#10850,#4980);
#4439=VECTOR('',#6978,1.);
#4440=VECTOR('',#6981,1.);
#4441=VECTOR('',#6984,1.);
#4442=VECTOR('',#6987,1.);
#4443=VECTOR('',#6988,1.);
#4444=VECTOR('',#6993,1.);
#4445=VECTOR('',#6994,1.);
#4446=VECTOR('',#6995,1.);
#4447=VECTOR('',#6998,1.);
#4448=VECTOR('',#6999,1.);
#4449=VECTOR('',#7000,1.);
#4450=VECTOR('',#7001,1.);
#4451=VECTOR('',#7004,1.);
#4452=VECTOR('',#7005,1.);
#4453=VECTOR('',#7006,1.);
#4454=VECTOR('',#7007,1.);
#4455=VECTOR('',#7010,1.);
#4456=VECTOR('',#7011,1.);
#4457=VECTOR('',#7012,1.);
#4458=VECTOR('',#7013,1.);
#4459=VECTOR('',#7014,1.);
#4460=VECTOR('',#7017,1.);
#4461=VECTOR('',#7020,1.);
#4462=VECTOR('',#7023,1.);
#4463=VECTOR('',#7026,1.);
#4464=VECTOR('',#7027,1.);
#4465=VECTOR('',#7030,1.);
#4466=VECTOR('',#7031,1.);
#4467=VECTOR('',#7034,1.);
#4468=VECTOR('',#7039,1.);
#4469=VECTOR('',#7042,1.);
#4470=VECTOR('',#7049,1.);
#4471=VECTOR('',#7054,1.);
#4472=VECTOR('',#7055,1.);
#4473=VECTOR('',#7056,1.);
#4474=VECTOR('',#7057,1.);
#4475=VECTOR('',#7060,1.);
#4476=VECTOR('',#7063,1.);
#4477=VECTOR('',#7064,1.);
#4478=VECTOR('',#7067,1.);
#4479=VECTOR('',#7068,1.);
#4480=VECTOR('',#7069,1.);
#4481=VECTOR('',#7070,1.);
#4482=VECTOR('',#7075,1.);
#4483=VECTOR('',#7076,1.);
#4484=VECTOR('',#7077,1.);
#4485=VECTOR('',#7078,1.);
#4486=VECTOR('',#7079,1.);
#4487=VECTOR('',#7080,1.);
#4488=VECTOR('',#7087,1.);
#4489=VECTOR('',#7088,1.);
#4490=VECTOR('',#7091,1.);
#4491=VECTOR('',#7094,1.);
#4492=VECTOR('',#7095,1.);
#4493=VECTOR('',#7096,1.);
#4494=VECTOR('',#7097,1.);
#4495=VECTOR('',#7098,1.);
#4496=VECTOR('',#7101,1.);
#4497=VECTOR('',#7106,1.);
#4498=VECTOR('',#7111,1.);
#4499=VECTOR('',#7112,1.);
#4500=VECTOR('',#7115,1.);
#4501=VECTOR('',#7118,1.);
#4502=VECTOR('',#7119,1.);
#4503=VECTOR('',#7120,1.);
#4504=VECTOR('',#7121,1.);
#4505=VECTOR('',#7126,1.);
#4506=VECTOR('',#7127,1.);
#4507=VECTOR('',#7128,1.);
#4508=VECTOR('',#7129,1.);
#4509=VECTOR('',#7132,1.);
#4510=VECTOR('',#7133,1.);
#4511=VECTOR('',#7136,1.);
#4512=VECTOR('',#7137,1.);
#4513=VECTOR('',#7138,1.);
#4514=VECTOR('',#7139,1.);
#4515=VECTOR('',#7140,1.);
#4516=VECTOR('',#7141,1.);
#4517=VECTOR('',#7142,1.);
#4518=VECTOR('',#7143,1.);
#4519=VECTOR('',#7144,1.);
#4520=VECTOR('',#7145,1.);
#4521=VECTOR('',#7148,1.);
#4522=VECTOR('',#7149,1.);
#4523=VECTOR('',#7150,1.);
#4524=VECTOR('',#7151,1.);
#4525=VECTOR('',#7152,1.);
#4526=VECTOR('',#7153,1.);
#4527=VECTOR('',#7156,1.);
#4528=VECTOR('',#7157,1.);
#4529=VECTOR('',#7158,1.);
#4530=VECTOR('',#7161,1.);
#4531=VECTOR('',#7162,1.);
#4532=VECTOR('',#7163,1.);
#4533=VECTOR('',#7166,1.);
#4534=VECTOR('',#7167,1.);
#4535=VECTOR('',#7168,1.);
#4536=VECTOR('',#7169,1.);
#4537=VECTOR('',#7172,1.);
#4538=VECTOR('',#7179,1.);
#4539=VECTOR('',#7186,1.);
#4540=VECTOR('',#7187,1.);
#4541=VECTOR('',#7188,1.);
#4542=VECTOR('',#7193,1.);
#4543=VECTOR('',#7194,1.);
#4544=VECTOR('',#7195,1.);
#4545=VECTOR('',#7196,1.);
#4546=VECTOR('',#7199,1.);
#4547=VECTOR('',#7200,1.);
#4548=VECTOR('',#7201,1.);
#4549=VECTOR('',#7202,1.);
#4550=VECTOR('',#7203,1.);
#4551=VECTOR('',#7204,1.);
#4552=VECTOR('',#7205,1.);
#4553=VECTOR('',#7206,1.);
#4554=VECTOR('',#7211,1.);
#4555=VECTOR('',#7212,1.);
#4556=VECTOR('',#7215,1.);
#4557=VECTOR('',#7220,1.);
#4558=VECTOR('',#7221,1.);
#4559=VECTOR('',#7222,1.);
#4560=VECTOR('',#7225,1.);
#4561=VECTOR('',#7232,1.);
#4562=VECTOR('',#7233,1.);
#4563=VECTOR('',#7234,1.);
#4564=VECTOR('',#7237,1.);
#4565=VECTOR('',#7238,1.);
#4566=VECTOR('',#7239,1.);
#4567=VECTOR('',#7240,1.);
#4568=VECTOR('',#7241,1.);
#4569=VECTOR('',#7244,1.);
#4570=VECTOR('',#7247,1.);
#4571=VECTOR('',#7254,1.);
#4572=VECTOR('',#7259,1.);
#4573=VECTOR('',#7262,1.);
#4574=VECTOR('',#7265,1.);
#4575=VECTOR('',#7266,1.);
#4576=VECTOR('',#7267,1.);
#4577=VECTOR('',#7268,1.);
#4578=VECTOR('',#7269,1.);
#4579=VECTOR('',#7270,1.);
#4580=VECTOR('',#7275,1.);
#4581=VECTOR('',#7276,1.);
#4582=VECTOR('',#7279,1.);
#4583=VECTOR('',#7282,1.);
#4584=VECTOR('',#7283,1.);
#4585=VECTOR('',#7286,1.);
#4586=VECTOR('',#7287,1.);
#4587=VECTOR('',#7290,1.);
#4588=VECTOR('',#7291,1.);
#4589=VECTOR('',#7292,1.);
#4590=VECTOR('',#7293,1.);
#4591=VECTOR('',#7294,1.);
#4592=VECTOR('',#7295,1.);
#4593=VECTOR('',#7296,1.);
#4594=VECTOR('',#7297,1.);
#4595=VECTOR('',#7298,1.);
#4596=VECTOR('',#7301,1.);
#4597=VECTOR('',#7302,1.);
#4598=VECTOR('',#7303,1.);
#4599=VECTOR('',#7304,1.);
#4600=VECTOR('',#7305,1.);
#4601=VECTOR('',#7306,1.);
#4602=VECTOR('',#7307,1.);
#4603=VECTOR('',#7308,1.);
#4604=VECTOR('',#7311,1.);
#4605=VECTOR('',#7312,1.);
#4606=VECTOR('',#7313,1.);
#4607=VECTOR('',#7316,1.);
#4608=VECTOR('',#7317,1.);
#4609=VECTOR('',#7318,1.);
#4610=VECTOR('',#7321,1.);
#4611=VECTOR('',#7322,1.);
#4612=VECTOR('',#7325,1.);
#4613=VECTOR('',#7328,1.);
#4614=VECTOR('',#7331,1.);
#4615=VECTOR('',#7336,1.);
#4616=VECTOR('',#7339,1.);
#4617=VECTOR('',#7344,1.);
#4618=VECTOR('',#7347,1.);
#4619=VECTOR('',#7352,1.);
#4620=VECTOR('',#7355,1.);
#4621=VECTOR('',#7386,1.);
#4622=VECTOR('',#7389,1.);
#4623=VECTOR('',#7394,1.);
#4624=VECTOR('',#7397,1.);
#4625=VECTOR('',#7402,1.);
#4626=VECTOR('',#7405,1.);
#4627=VECTOR('',#7434,1.);
#4628=VECTOR('',#7437,1.);
#4629=VECTOR('',#7444,1.);
#4630=VECTOR('',#7447,1.);
#4631=VECTOR('',#7452,1.);
#4632=VECTOR('',#7455,1.);
#4633=VECTOR('',#7484,1.);
#4634=VECTOR('',#7487,1.);
#4635=VECTOR('',#7494,1.);
#4636=VECTOR('',#7497,1.);
#4637=VECTOR('',#7502,1.);
#4638=VECTOR('',#7505,1.);
#4639=VECTOR('',#7562,1.);
#4640=VECTOR('',#7563,1.);
#4641=VECTOR('',#7574,1.);
#4642=VECTOR('',#7575,1.);
#4643=VECTOR('',#7586,1.);
#4644=VECTOR('',#7587,1.);
#4645=VECTOR('',#7598,1.);
#4646=VECTOR('',#7601,1.);
#4647=VECTOR('',#7622,1.);
#4648=VECTOR('',#7625,1.);
#4649=VECTOR('',#7652,1.);
#4650=VECTOR('',#7653,1.);
#4651=VECTOR('',#7656,1.);
#4652=VECTOR('',#7659,1.);
#4653=VECTOR('',#7662,1.);
#4654=VECTOR('',#7665,1.);
#4655=VECTOR('',#7668,1.);
#4656=VECTOR('',#7671,1.);
#4657=VECTOR('',#7674,1.);
#4658=VECTOR('',#7677,1.);
#4659=VECTOR('',#7682,1.);
#4660=VECTOR('',#7683,1.);
#4661=VECTOR('',#7684,1.);
#4662=VECTOR('',#7689,1.);
#4663=VECTOR('',#7692,1.);
#4664=VECTOR('',#7695,1.);
#4665=VECTOR('',#7698,1.);
#4666=VECTOR('',#7703,1.);
#4667=VECTOR('',#7706,1.);
#4668=VECTOR('',#7709,1.);
#4669=VECTOR('',#7714,1.);
#4670=VECTOR('',#7717,1.);
#4671=VECTOR('',#7718,1.);
#4672=VECTOR('',#7723,1.);
#4673=VECTOR('',#7724,1.);
#4674=VECTOR('',#7729,1.);
#4675=VECTOR('',#7730,1.);
#4676=VECTOR('',#7737,1.);
#4677=VECTOR('',#7740,1.);
#4678=VECTOR('',#7741,1.);
#4679=VECTOR('',#7746,1.);
#4680=VECTOR('',#7747,1.);
#4681=VECTOR('',#7752,1.);
#4682=VECTOR('',#7753,1.);
#4683=VECTOR('',#7764,1.);
#4684=VECTOR('',#7767,1.);
#4685=VECTOR('',#7768,1.);
#4686=VECTOR('',#7769,1.);
#4687=VECTOR('',#7772,1.);
#4688=VECTOR('',#7779,1.);
#4689=VECTOR('',#7780,1.);
#4690=VECTOR('',#7781,1.);
#4691=VECTOR('',#7784,1.);
#4692=VECTOR('',#7791,1.);
#4693=VECTOR('',#7792,1.);
#4694=VECTOR('',#7793,1.);
#4695=VECTOR('',#7798,1.);
#4696=VECTOR('',#7803,1.);
#4697=VECTOR('',#7804,1.);
#4698=VECTOR('',#7805,1.);
#4699=VECTOR('',#7812,1.);
#4700=VECTOR('',#7815,1.);
#4701=VECTOR('',#7816,1.);
#4702=VECTOR('',#7817,1.);
#4703=VECTOR('',#7822,1.);
#4704=VECTOR('',#7827,1.);
#4705=VECTOR('',#7828,1.);
#4706=VECTOR('',#7829,1.);
#4707=VECTOR('',#7834,1.);
#4708=VECTOR('',#7839,1.);
#4709=VECTOR('',#7840,1.);
#4710=VECTOR('',#7841,1.);
#4711=VECTOR('',#7846,1.);
#4712=VECTOR('',#7851,1.);
#4713=VECTOR('',#7852,1.);
#4714=VECTOR('',#7853,1.);
#4715=VECTOR('',#7862,1.);
#4716=VECTOR('',#7863,1.);
#4717=VECTOR('',#7872,1.);
#4718=VECTOR('',#7875,1.);
#4719=VECTOR('',#7876,1.);
#4720=VECTOR('',#7877,1.);
#4721=VECTOR('',#7880,1.);
#4722=VECTOR('',#7887,1.);
#4723=VECTOR('',#7888,1.);
#4724=VECTOR('',#7889,1.);
#4725=VECTOR('',#7892,1.);
#4726=VECTOR('',#7899,1.);
#4727=VECTOR('',#7900,1.);
#4728=VECTOR('',#7901,1.);
#4729=VECTOR('',#7906,1.);
#4730=VECTOR('',#7911,1.);
#4731=VECTOR('',#7912,1.);
#4732=VECTOR('',#7913,1.);
#4733=VECTOR('',#7920,1.);
#4734=VECTOR('',#7923,1.);
#4735=VECTOR('',#7924,1.);
#4736=VECTOR('',#7925,1.);
#4737=VECTOR('',#7930,1.);
#4738=VECTOR('',#7935,1.);
#4739=VECTOR('',#7936,1.);
#4740=VECTOR('',#7937,1.);
#4741=VECTOR('',#7942,1.);
#4742=VECTOR('',#7947,1.);
#4743=VECTOR('',#7948,1.);
#4744=VECTOR('',#7949,1.);
#4745=VECTOR('',#7954,1.);
#4746=VECTOR('',#7959,1.);
#4747=VECTOR('',#7960,1.);
#4748=VECTOR('',#7961,1.);
#4749=VECTOR('',#7970,1.);
#4750=VECTOR('',#7971,1.);
#4751=VECTOR('',#7976,1.);
#4752=VECTOR('',#7977,1.);
#4753=VECTOR('',#7980,1.);
#4754=VECTOR('',#7983,1.);
#4755=VECTOR('',#7986,1.);
#4756=VECTOR('',#7989,1.);
#4757=VECTOR('',#7992,1.);
#4758=VECTOR('',#7995,1.);
#4759=VECTOR('',#7998,1.);
#4760=VECTOR('',#8001,1.);
#4761=VECTOR('',#8006,1.);
#4762=VECTOR('',#8007,1.);
#4763=VECTOR('',#8008,1.);
#4764=VECTOR('',#8013,1.);
#4765=VECTOR('',#8016,1.);
#4766=VECTOR('',#8019,1.);
#4767=VECTOR('',#8022,1.);
#4768=VECTOR('',#8027,1.);
#4769=VECTOR('',#8030,1.);
#4770=VECTOR('',#8033,1.);
#4771=VECTOR('',#8038,1.);
#4772=VECTOR('',#8041,1.);
#4773=VECTOR('',#8042,1.);
#4774=VECTOR('',#8047,1.);
#4775=VECTOR('',#8048,1.);
#4776=VECTOR('',#8053,1.);
#4777=VECTOR('',#8054,1.);
#4778=VECTOR('',#8061,1.);
#4779=VECTOR('',#8064,1.);
#4780=VECTOR('',#8065,1.);
#4781=VECTOR('',#8070,1.);
#4782=VECTOR('',#8071,1.);
#4783=VECTOR('',#8076,1.);
#4784=VECTOR('',#8077,1.);
#4785=VECTOR('',#8084,1.);
#4786=VECTOR('',#8085,1.);
#4787=VECTOR('',#8086,1.);
#4788=VECTOR('',#8087,1.);
#4789=VECTOR('',#8088,1.);
#4790=VECTOR('',#8091,1.);
#4791=VECTOR('',#8092,1.);
#4792=VECTOR('',#8093,1.);
#4793=VECTOR('',#8094,1.);
#4794=VECTOR('',#8095,1.);
#4795=VECTOR('',#8096,1.);
#4796=VECTOR('',#8097,1.);
#4797=VECTOR('',#8098,1.);
#4798=VECTOR('',#8099,1.);
#4799=VECTOR('',#8102,1.);
#4800=VECTOR('',#8105,1.);
#4801=VECTOR('',#8106,1.);
#4802=VECTOR('',#8109,1.);
#4803=VECTOR('',#8110,1.);
#4804=VECTOR('',#8113,1.);
#4805=VECTOR('',#8114,1.);
#4806=VECTOR('',#8117,1.);
#4807=VECTOR('',#8118,1.);
#4808=VECTOR('',#8121,1.);
#4809=VECTOR('',#8124,1.);
#4810=VECTOR('',#8125,1.);
#4811=VECTOR('',#8126,1.);
#4812=VECTOR('',#8127,1.);
#4813=VECTOR('',#8130,1.);
#4814=VECTOR('',#8131,1.);
#4815=VECTOR('',#8132,1.);
#4816=VECTOR('',#8135,1.);
#4817=VECTOR('',#8142,1.);
#4818=VECTOR('',#8143,1.);
#4819=VECTOR('',#8150,1.);
#4820=VECTOR('',#8151,1.);
#4821=VECTOR('',#8152,1.);
#4822=VECTOR('',#8153,1.);
#4823=VECTOR('',#8154,1.);
#4824=VECTOR('',#8155,1.);
#4825=VECTOR('',#8156,1.);
#4826=VECTOR('',#8157,1.);
#4827=VECTOR('',#8160,1.);
#4828=VECTOR('',#8161,1.);
#4829=VECTOR('',#8162,1.);
#4830=VECTOR('',#8173,1.);
#4831=VECTOR('',#8174,1.);
#4832=VECTOR('',#8175,1.);
#4833=VECTOR('',#8178,1.);
#4834=VECTOR('',#8179,1.);
#4835=VECTOR('',#8184,1.);
#4836=VECTOR('',#8187,1.);
#4837=VECTOR('',#8188,1.);
#4838=VECTOR('',#8189,1.);
#4839=VECTOR('',#8192,1.);
#4840=VECTOR('',#8193,1.);
#4841=VECTOR('',#8196,1.);
#4842=VECTOR('',#8197,1.);
#4843=VECTOR('',#8200,1.);
#4844=VECTOR('',#8201,1.);
#4845=VECTOR('',#8202,1.);
#4846=VECTOR('',#8205,1.);
#4847=VECTOR('',#8206,1.);
#4848=VECTOR('',#8209,1.);
#4849=VECTOR('',#8210,1.);
#4850=VECTOR('',#8213,1.);
#4851=VECTOR('',#8214,1.);
#4852=VECTOR('',#8215,1.);
#4853=VECTOR('',#8218,1.);
#4854=VECTOR('',#8219,1.);
#4855=VECTOR('',#8222,1.);
#4856=VECTOR('',#8223,1.);
#4857=VECTOR('',#8226,1.);
#4858=VECTOR('',#8227,1.);
#4859=VECTOR('',#8228,1.);
#4860=VECTOR('',#8231,1.);
#4861=VECTOR('',#8232,1.);
#4862=VECTOR('',#8235,1.);
#4863=VECTOR('',#8236,1.);
#4864=VECTOR('',#8241,1.);
#4865=VECTOR('',#8242,1.);
#4866=VECTOR('',#8245,1.);
#4867=VECTOR('',#8246,1.);
#4868=VECTOR('',#8251,1.);
#4869=VECTOR('',#8252,1.);
#4870=VECTOR('',#8253,1.);
#4871=VECTOR('',#8268,1.);
#4872=VECTOR('',#8271,1.);
#4873=VECTOR('',#8274,1.);
#4874=VECTOR('',#8285,1.);
#4875=VECTOR('',#8286,1.);
#4876=VECTOR('',#8287,1.);
#4877=VECTOR('',#8292,1.);
#4878=VECTOR('',#8293,1.);
#4879=VECTOR('',#8294,1.);
#4880=VECTOR('',#8297,1.);
#4881=VECTOR('',#8298,1.);
#4882=VECTOR('',#8301,1.);
#4883=VECTOR('',#8302,1.);
#4884=VECTOR('',#8305,1.);
#4885=VECTOR('',#8306,1.);
#4886=VECTOR('',#8317,1.);
#4887=VECTOR('',#8318,1.);
#4888=VECTOR('',#8319,1.);
#4889=VECTOR('',#8322,1.);
#4890=VECTOR('',#8325,1.);
#4891=VECTOR('',#8326,1.);
#4892=VECTOR('',#8327,1.);
#4893=VECTOR('',#8330,1.);
#4894=VECTOR('',#8331,1.);
#4895=VECTOR('',#8334,1.);
#4896=VECTOR('',#8339,1.);
#4897=VECTOR('',#8342,1.);
#4898=VECTOR('',#8345,1.);
#4899=VECTOR('',#8350,1.);
#4900=VECTOR('',#8353,1.);
#4901=VECTOR('',#8358,1.);
#4902=VECTOR('',#8359,1.);
#4903=VECTOR('',#8360,1.);
#4904=VECTOR('',#8369,1.);
#4905=VECTOR('',#8370,1.);
#4906=VECTOR('',#8371,1.);
#4907=VECTOR('',#8382,1.);
#4908=VECTOR('',#8385,1.);
#4909=VECTOR('',#8392,1.);
#4910=VECTOR('',#8393,1.);
#4911=VECTOR('',#8402,1.);
#4912=VECTOR('',#8403,1.);
#4913=VECTOR('',#8404,1.);
#4914=VECTOR('',#8407,1.);
#4915=VECTOR('',#8408,1.);
#4916=VECTOR('',#8413,1.);
#4917=VECTOR('',#8416,1.);
#4918=VECTOR('',#8417,1.);
#4919=VECTOR('',#8418,1.);
#4920=VECTOR('',#8423,1.);
#4921=VECTOR('',#8426,1.);
#4922=VECTOR('',#8427,1.);
#4923=VECTOR('',#8430,1.);
#4924=VECTOR('',#8431,1.);
#4925=VECTOR('',#8432,1.);
#4926=VECTOR('',#8437,1.);
#4927=VECTOR('',#8440,1.);
#4928=VECTOR('',#8441,1.);
#4929=VECTOR('',#8444,1.);
#4930=VECTOR('',#8445,1.);
#4931=VECTOR('',#8446,1.);
#4932=VECTOR('',#8451,1.);
#4933=VECTOR('',#8454,1.);
#4934=VECTOR('',#8455,1.);
#4935=VECTOR('',#8458,1.);
#4936=VECTOR('',#8459,1.);
#4937=VECTOR('',#8460,1.);
#4938=VECTOR('',#8463,1.);
#4939=VECTOR('',#8464,1.);
#4940=VECTOR('',#8467,1.);
#4941=VECTOR('',#8468,1.);
#4942=VECTOR('',#8473,1.);
#4943=VECTOR('',#8474,1.);
#4944=VECTOR('',#8477,1.);
#4945=VECTOR('',#8478,1.);
#4946=VECTOR('',#8483,1.);
#4947=VECTOR('',#8484,1.);
#4948=VECTOR('',#8485,1.);
#4949=VECTOR('',#8492,1.);
#4950=VECTOR('',#8495,1.);
#4951=VECTOR('',#8498,1.);
#4952=VECTOR('',#8501,1.);
#4953=VECTOR('',#8504,1.);
#4954=VECTOR('',#8507,1.);
#4955=VECTOR('',#8512,1.);
#4956=VECTOR('',#8513,1.);
#4957=VECTOR('',#8514,1.);
#4958=VECTOR('',#8525,1.);
#4959=VECTOR('',#8526,1.);
#4960=VECTOR('',#8529,1.);
#4961=VECTOR('',#8530,1.);
#4962=VECTOR('',#8533,1.);
#4963=VECTOR('',#8534,1.);
#4964=VECTOR('',#8535,1.);
#4965=VECTOR('',#8538,1.);
#4966=VECTOR('',#8541,1.);
#4967=VECTOR('',#8542,1.);
#4968=VECTOR('',#8543,1.);
#4969=VECTOR('',#8546,1.);
#4970=VECTOR('',#8547,1.);
#4971=VECTOR('',#8550,1.);
#4972=VECTOR('',#8555,1.);
#4973=VECTOR('',#8560,1.);
#4974=VECTOR('',#8561,1.);
#4975=VECTOR('',#8566,1.);
#4976=VECTOR('',#8569,1.);
#4977=VECTOR('',#8680,1.);
#4978=VECTOR('',#8681,1.);
#4979=VECTOR('',#8684,1.);
#4980=VECTOR('',#8685,1.);
#4981=EDGE_LOOP('',(#541,#542,#543,#544,#545,#546,#547,#548));
#4982=EDGE_LOOP('',(#549,#550,#551,#552));
#4983=EDGE_LOOP('',(#553,#554,#555,#556));
#4984=EDGE_LOOP('',(#557,#558,#559,#560));
#4985=EDGE_LOOP('',(#561,#562,#563,#564,#565,#566,#567,#568,#569));
#4986=EDGE_LOOP('',(#570,#571,#572,#573));
#4987=EDGE_LOOP('',(#574,#575,#576,#577,#578,#579));
#4988=EDGE_LOOP('',(#580,#581,#582,#583));
#4989=EDGE_LOOP('',(#584,#585,#586,#587));
#4990=EDGE_LOOP('',(#588,#589,#590,#591));
#4991=EDGE_LOOP('',(#592,#593,#594,#595,#596,#597,#598,#599,#600));
#4992=EDGE_LOOP('',(#601,#602,#603,#604,#605));
#4993=EDGE_LOOP('',(#606,#607,#608,#609,#610,#611,#612,#613));
#4994=EDGE_LOOP('',(#614,#615,#616,#617));
#4995=EDGE_LOOP('',(#618,#619,#620,#621,#622,#623,#624,#625,#626,#627,#628,
#629,#630,#631));
#4996=EDGE_LOOP('',(#632,#633,#634,#635));
#4997=EDGE_LOOP('',(#636,#637,#638,#639,#640,#641,#642,#643,#644,#645,#646,
#647));
#4998=EDGE_LOOP('',(#648,#649,#650,#651));
#4999=EDGE_LOOP('',(#652,#653,#654,#655,#656,#657,#658,#659,#660,#661,#662,
#663,#664,#665,#666));
#5000=EDGE_LOOP('',(#667,#668,#669,#670));
#5001=EDGE_LOOP('',(#671,#672,#673,#674));
#5002=EDGE_LOOP('',(#675,#676,#677,#678));
#5003=EDGE_LOOP('',(#679,#680,#681,#682));
#5004=EDGE_LOOP('',(#683,#684,#685,#686));
#5005=EDGE_LOOP('',(#687));
#5006=EDGE_LOOP('',(#688,#689,#690,#691,#692,#693,#694,#695,#696,#697,#698,
#699,#700));
#5007=EDGE_LOOP('',(#701,#702,#703,#704,#705));
#5008=EDGE_LOOP('',(#706,#707,#708,#709));
#5009=EDGE_LOOP('',(#710,#711,#712,#713,#714,#715,#716,#717,#718));
#5010=EDGE_LOOP('',(#719,#720,#721,#722,#723));
#5011=EDGE_LOOP('',(#724,#725,#726,#727));
#5012=EDGE_LOOP('',(#728,#729,#730,#731,#732));
#5013=EDGE_LOOP('',(#733,#734,#735,#736,#737,#738,#739,#740,#741));
#5014=EDGE_LOOP('',(#742,#743,#744,#745,#746,#747,#748,#749,#750,#751,#752,
#753));
#5015=EDGE_LOOP('',(#754,#755,#756,#757,#758,#759,#760,#761,#762,#763,#764,
#765,#766,#767,#768));
#5016=EDGE_LOOP('',(#769,#770,#771,#772));
#5017=EDGE_LOOP('',(#773,#774,#775,#776));
#5018=EDGE_LOOP('',(#777,#778,#779,#780,#781,#782,#783,#784));
#5019=EDGE_LOOP('',(#785,#786,#787,#788,#789,#790,#791,#792,#793,#794,#795,
#796,#797,#798,#799));
#5020=EDGE_LOOP('',(#800,#801,#802,#803));
#5021=EDGE_LOOP('',(#804,#805,#806,#807));
#5022=EDGE_LOOP('',(#808,#809,#810,#811));
#5023=EDGE_LOOP('',(#812,#813,#814,#815));
#5024=EDGE_LOOP('',(#816,#817,#818,#819));
#5025=EDGE_LOOP('',(#820,#821,#822,#823,#824));
#5026=EDGE_LOOP('',(#825,#826,#827,#828));
#5027=EDGE_LOOP('',(#829,#830,#831,#832));
#5028=EDGE_LOOP('',(#833,#834,#835,#836));
#5029=EDGE_LOOP('',(#837,#838,#839,#840));
#5030=EDGE_LOOP('',(#841,#842,#843,#844));
#5031=EDGE_LOOP('',(#845,#846,#847,#848));
#5032=EDGE_LOOP('',(#849,#850,#851,#852));
#5033=EDGE_LOOP('',(#853,#854,#855,#856));
#5034=EDGE_LOOP('',(#857,#858,#859,#860));
#5035=EDGE_LOOP('',(#861,#862,#863,#864));
#5036=EDGE_LOOP('',(#865,#866,#867,#868));
#5037=EDGE_LOOP('',(#869,#870,#871,#872));
#5038=EDGE_LOOP('',(#873,#874,#875,#876));
#5039=EDGE_LOOP('',(#877,#878,#879,#880));
#5040=EDGE_LOOP('',(#881,#882,#883,#884));
#5041=EDGE_LOOP('',(#885,#886,#887,#888));
#5042=EDGE_LOOP('',(#889,#890,#891,#892));
#5043=EDGE_LOOP('',(#893,#894,#895,#896));
#5044=EDGE_LOOP('',(#897,#898,#899,#900));
#5045=EDGE_LOOP('',(#901,#902,#903,#904));
#5046=EDGE_LOOP('',(#905,#906,#907,#908));
#5047=EDGE_LOOP('',(#909,#910,#911,#912));
#5048=EDGE_LOOP('',(#913,#914,#915,#916));
#5049=EDGE_LOOP('',(#917,#918,#919,#920));
#5050=EDGE_LOOP('',(#921,#922,#923,#924));
#5051=EDGE_LOOP('',(#925,#926,#927,#928));
#5052=EDGE_LOOP('',(#929,#930,#931,#932));
#5053=EDGE_LOOP('',(#933,#934,#935,#936));
#5054=EDGE_LOOP('',(#937,#938,#939,#940));
#5055=EDGE_LOOP('',(#941,#942,#943,#944));
#5056=EDGE_LOOP('',(#945,#946,#947,#948));
#5057=EDGE_LOOP('',(#949,#950,#951,#952));
#5058=EDGE_LOOP('',(#953,#954,#955,#956));
#5059=EDGE_LOOP('',(#957,#958,#959,#960));
#5060=EDGE_LOOP('',(#961));
#5061=EDGE_LOOP('',(#962,#963,#964,#965,#966,#967,#968,#969));
#5062=EDGE_LOOP('',(#970,#971,#972,#973));
#5063=EDGE_LOOP('',(#974,#975,#976,#977));
#5064=EDGE_LOOP('',(#978,#979,#980,#981));
#5065=EDGE_LOOP('',(#982,#983,#984,#985));
#5066=EDGE_LOOP('',(#986,#987,#988,#989));
#5067=EDGE_LOOP('',(#990,#991,#992,#993));
#5068=EDGE_LOOP('',(#994,#995,#996,#997));
#5069=EDGE_LOOP('',(#998));
#5070=EDGE_LOOP('',(#999,#1000,#1001,#1002,#1003,#1004,#1005,#1006));
#5071=EDGE_LOOP('',(#1007,#1008,#1009,#1010));
#5072=EDGE_LOOP('',(#1011,#1012,#1013,#1014));
#5073=EDGE_LOOP('',(#1015,#1016,#1017,#1018));
#5074=EDGE_LOOP('',(#1019,#1020,#1021,#1022));
#5075=EDGE_LOOP('',(#1023));
#5076=EDGE_LOOP('',(#1024));
#5077=EDGE_LOOP('',(#1025));
#5078=EDGE_LOOP('',(#1026));
#5079=EDGE_LOOP('',(#1027));
#5080=EDGE_LOOP('',(#1028));
#5081=EDGE_LOOP('',(#1029));
#5082=EDGE_LOOP('',(#1030));
#5083=EDGE_LOOP('',(#1031));
#5084=EDGE_LOOP('',(#1032));
#5085=EDGE_LOOP('',(#1033));
#5086=EDGE_LOOP('',(#1034));
#5087=EDGE_LOOP('',(#1035));
#5088=EDGE_LOOP('',(#1036,#1037,#1038,#1039,#1040,#1041,#1042,#1043,#1044,
#1045,#1046,#1047,#1048,#1049,#1050,#1051,#1052,#1053,#1054,#1055,#1056,
#1057,#1058,#1059,#1060,#1061,#1062,#1063,#1064,#1065,#1066,#1067,#1068,
#1069,#1070,#1071,#1072,#1073,#1074,#1075,#1076,#1077));
#5089=EDGE_LOOP('',(#1078,#1079,#1080,#1081));
#5090=EDGE_LOOP('',(#1082,#1083,#1084,#1085,#1086,#1087,#1088,#1089,#1090,
#1091,#1092,#1093,#1094,#1095,#1096,#1097,#1098,#1099,#1100,#1101));
#5091=EDGE_LOOP('',(#1102,#1103,#1104,#1105));
#5092=EDGE_LOOP('',(#1106,#1107,#1108,#1109));
#5093=EDGE_LOOP('',(#1110,#1111,#1112,#1113));
#5094=EDGE_LOOP('',(#1114,#1115,#1116,#1117));
#5095=EDGE_LOOP('',(#1118,#1119,#1120,#1121));
#5096=EDGE_LOOP('',(#1122,#1123,#1124,#1125));
#5097=EDGE_LOOP('',(#1126,#1127,#1128,#1129));
#5098=EDGE_LOOP('',(#1130,#1131,#1132));
#5099=EDGE_LOOP('',(#1133,#1134,#1135,#1136));
#5100=EDGE_LOOP('',(#1137,#1138,#1139,#1140));
#5101=EDGE_LOOP('',(#1141,#1142,#1143,#1144));
#5102=EDGE_LOOP('',(#1145,#1146,#1147,#1148));
#5103=EDGE_LOOP('',(#1149,#1150,#1151,#1152));
#5104=EDGE_LOOP('',(#1153,#1154,#1155,#1156));
#5105=EDGE_LOOP('',(#1157,#1158,#1159,#1160));
#5106=EDGE_LOOP('',(#1161,#1162,#1163));
#5107=EDGE_LOOP('',(#1164,#1165,#1166));
#5108=EDGE_LOOP('',(#1167,#1168,#1169,#1170));
#5109=EDGE_LOOP('',(#1171,#1172,#1173,#1174));
#5110=EDGE_LOOP('',(#1175,#1176,#1177,#1178));
#5111=EDGE_LOOP('',(#1179,#1180,#1181,#1182));
#5112=EDGE_LOOP('',(#1183,#1184,#1185,#1186));
#5113=EDGE_LOOP('',(#1187,#1188,#1189,#1190));
#5114=EDGE_LOOP('',(#1191,#1192,#1193,#1194));
#5115=EDGE_LOOP('',(#1195,#1196,#1197,#1198));
#5116=EDGE_LOOP('',(#1199,#1200,#1201,#1202));
#5117=EDGE_LOOP('',(#1203,#1204,#1205,#1206));
#5118=EDGE_LOOP('',(#1207,#1208,#1209,#1210));
#5119=EDGE_LOOP('',(#1211,#1212,#1213,#1214));
#5120=EDGE_LOOP('',(#1215,#1216,#1217,#1218));
#5121=EDGE_LOOP('',(#1219,#1220,#1221,#1222));
#5122=EDGE_LOOP('',(#1223,#1224,#1225,#1226));
#5123=EDGE_LOOP('',(#1227,#1228,#1229));
#5124=EDGE_LOOP('',(#1230,#1231,#1232,#1233,#1234,#1235,#1236,#1237,#1238,
#1239,#1240,#1241,#1242,#1243,#1244,#1245,#1246,#1247,#1248,#1249,#1250,
#1251,#1252,#1253,#1254,#1255,#1256,#1257,#1258,#1259,#1260,#1261,#1262,
#1263,#1264,#1265,#1266,#1267,#1268,#1269,#1270,#1271));
#5125=EDGE_LOOP('',(#1272,#1273,#1274,#1275,#1276,#1277,#1278,#1279,#1280,
#1281,#1282,#1283,#1284,#1285,#1286,#1287,#1288,#1289,#1290,#1291));
#5126=EDGE_LOOP('',(#1292,#1293,#1294));
#5127=EDGE_LOOP('',(#1295,#1296,#1297,#1298));
#5128=EDGE_LOOP('',(#1299,#1300,#1301,#1302));
#5129=EDGE_LOOP('',(#1303,#1304,#1305,#1306));
#5130=EDGE_LOOP('',(#1307,#1308,#1309,#1310));
#5131=EDGE_LOOP('',(#1311,#1312,#1313,#1314));
#5132=EDGE_LOOP('',(#1315,#1316,#1317,#1318));
#5133=EDGE_LOOP('',(#1319,#1320,#1321,#1322));
#5134=EDGE_LOOP('',(#1323,#1324,#1325,#1326));
#5135=EDGE_LOOP('',(#1327,#1328,#1329,#1330));
#5136=EDGE_LOOP('',(#1331,#1332,#1333,#1334));
#5137=EDGE_LOOP('',(#1335,#1336,#1337,#1338));
#5138=EDGE_LOOP('',(#1339,#1340,#1341,#1342));
#5139=EDGE_LOOP('',(#1343,#1344,#1345,#1346));
#5140=EDGE_LOOP('',(#1347,#1348,#1349,#1350));
#5141=EDGE_LOOP('',(#1351,#1352,#1353,#1354));
#5142=EDGE_LOOP('',(#1355,#1356,#1357));
#5143=EDGE_LOOP('',(#1358,#1359,#1360,#1361,#1362,#1363,#1364,#1365,#1366,
#1367,#1368,#1369,#1370,#1371,#1372,#1373,#1374,#1375,#1376,#1377,#1378,
#1379,#1380,#1381,#1382,#1383,#1384,#1385,#1386,#1387,#1388,#1389,#1390,
#1391,#1392,#1393,#1394,#1395,#1396,#1397,#1398,#1399));
#5144=EDGE_LOOP('',(#1400,#1401,#1402,#1403,#1404,#1405,#1406,#1407,#1408,
#1409,#1410,#1411,#1412,#1413,#1414,#1415,#1416,#1417,#1418,#1419));
#5145=EDGE_LOOP('',(#1420,#1421,#1422,#1423,#1424,#1425,#1426,#1427,#1428,
#1429,#1430,#1431,#1432,#1433,#1434,#1435,#1436,#1437,#1438,#1439,#1440,
#1441,#1442,#1443,#1444,#1445,#1446,#1447,#1448,#1449,#1450,#1451,#1452,
#1453,#1454,#1455,#1456,#1457,#1458,#1459,#1460,#1461));
#5146=EDGE_LOOP('',(#1462,#1463,#1464,#1465));
#5147=EDGE_LOOP('',(#1466,#1467,#1468,#1469,#1470,#1471,#1472,#1473,#1474,
#1475,#1476,#1477,#1478,#1479,#1480,#1481,#1482,#1483,#1484,#1485));
#5148=EDGE_LOOP('',(#1486,#1487,#1488,#1489));
#5149=EDGE_LOOP('',(#1490,#1491,#1492,#1493));
#5150=EDGE_LOOP('',(#1494,#1495,#1496,#1497));
#5151=EDGE_LOOP('',(#1498,#1499,#1500,#1501));
#5152=EDGE_LOOP('',(#1502,#1503,#1504,#1505));
#5153=EDGE_LOOP('',(#1506,#1507,#1508,#1509));
#5154=EDGE_LOOP('',(#1510,#1511,#1512,#1513));
#5155=EDGE_LOOP('',(#1514,#1515,#1516));
#5156=EDGE_LOOP('',(#1517,#1518,#1519,#1520));
#5157=EDGE_LOOP('',(#1521,#1522,#1523,#1524));
#5158=EDGE_LOOP('',(#1525,#1526,#1527,#1528));
#5159=EDGE_LOOP('',(#1529,#1530,#1531,#1532));
#5160=EDGE_LOOP('',(#1533,#1534,#1535,#1536));
#5161=EDGE_LOOP('',(#1537,#1538,#1539,#1540));
#5162=EDGE_LOOP('',(#1541,#1542,#1543,#1544));
#5163=EDGE_LOOP('',(#1545,#1546,#1547));
#5164=EDGE_LOOP('',(#1548,#1549,#1550,#1551,#1552,#1553,#1554,#1555,#1556,
#1557,#1558,#1559,#1560,#1561,#1562,#1563,#1564,#1565,#1566,#1567,#1568,
#1569,#1570,#1571,#1572,#1573,#1574,#1575,#1576,#1577,#1578,#1579,#1580,
#1581,#1582,#1583));
#5165=EDGE_LOOP('',(#1584,#1585,#1586,#1587));
#5166=EDGE_LOOP('',(#1588,#1589,#1590,#1591));
#5167=EDGE_LOOP('',(#1592,#1593,#1594,#1595));
#5168=EDGE_LOOP('',(#1596));
#5169=EDGE_LOOP('',(#1597));
#5170=EDGE_LOOP('',(#1598,#1599,#1600,#1601,#1602,#1603,#1604,#1605));
#5171=EDGE_LOOP('',(#1606,#1607,#1608,#1609));
#5172=EDGE_LOOP('',(#1610,#1611,#1612,#1613));
#5173=EDGE_LOOP('',(#1614,#1615));
#5174=EDGE_LOOP('',(#1616,#1617,#1618,#1619));
#5175=EDGE_LOOP('',(#1620,#1621,#1622,#1623));
#5176=EDGE_LOOP('',(#1624,#1625,#1626,#1627));
#5177=EDGE_LOOP('',(#1628,#1629,#1630,#1631));
#5178=EDGE_LOOP('',(#1632,#1633,#1634,#1635));
#5179=EDGE_LOOP('',(#1636,#1637,#1638,#1639));
#5180=EDGE_LOOP('',(#1640,#1641,#1642,#1643));
#5181=EDGE_LOOP('',(#1644,#1645,#1646,#1647));
#5182=EDGE_LOOP('',(#1648,#1649,#1650,#1651));
#5183=EDGE_LOOP('',(#1652,#1653,#1654,#1655));
#5184=EDGE_LOOP('',(#1656,#1657,#1658,#1659));
#5185=EDGE_LOOP('',(#1660,#1661,#1662,#1663));
#5186=EDGE_LOOP('',(#1664,#1665,#1666,#1667));
#5187=EDGE_LOOP('',(#1668,#1669,#1670,#1671));
#5188=EDGE_LOOP('',(#1672,#1673,#1674,#1675));
#5189=EDGE_LOOP('',(#1676,#1677,#1678,#1679));
#5190=EDGE_LOOP('',(#1680,#1681,#1682,#1683));
#5191=EDGE_LOOP('',(#1684,#1685,#1686,#1687,#1688,#1689,#1690));
#5192=EDGE_LOOP('',(#1691,#1692,#1693,#1694));
#5193=EDGE_LOOP('',(#1695,#1696,#1697,#1698));
#5194=EDGE_LOOP('',(#1699,#1700,#1701,#1702));
#5195=EDGE_LOOP('',(#1703,#1704,#1705,#1706));
#5196=EDGE_LOOP('',(#1707,#1708,#1709,#1710));
#5197=EDGE_LOOP('',(#1711,#1712,#1713,#1714));
#5198=EDGE_LOOP('',(#1715,#1716,#1717,#1718));
#5199=EDGE_LOOP('',(#1719,#1720,#1721,#1722));
#5200=EDGE_LOOP('',(#1723,#1724,#1725,#1726));
#5201=EDGE_LOOP('',(#1727,#1728,#1729,#1730));
#5202=EDGE_LOOP('',(#1731,#1732,#1733,#1734,#1735,#1736,#1737,#1738));
#5203=EDGE_LOOP('',(#1739,#1740,#1741,#1742));
#5204=EDGE_LOOP('',(#1743,#1744,#1745,#1746));
#5205=EDGE_LOOP('',(#1747,#1748,#1749,#1750));
#5206=EDGE_LOOP('',(#1751,#1752,#1753,#1754));
#5207=EDGE_LOOP('',(#1755,#1756,#1757,#1758));
#5208=EDGE_LOOP('',(#1759,#1760,#1761,#1762,#1763,#1764,#1765,#1766));
#5209=EDGE_LOOP('',(#1767,#1768,#1769,#1770));
#5210=EDGE_LOOP('',(#1771,#1772,#1773,#1774));
#5211=EDGE_LOOP('',(#1775,#1776,#1777,#1778));
#5212=EDGE_LOOP('',(#1779,#1780,#1781,#1782));
#5213=EDGE_LOOP('',(#1783,#1784,#1785,#1786));
#5214=EDGE_LOOP('',(#1787,#1788,#1789,#1790));
#5215=EDGE_LOOP('',(#1791,#1792,#1793,#1794,#1795,#1796,#1797,#1798));
#5216=EDGE_LOOP('',(#1799,#1800,#1801,#1802));
#5217=EDGE_LOOP('',(#1803,#1804,#1805,#1806));
#5218=EDGE_LOOP('',(#1807,#1808,#1809,#1810));
#5219=EDGE_LOOP('',(#1811,#1812,#1813,#1814));
#5220=EDGE_LOOP('',(#1815,#1816,#1817,#1818));
#5221=EDGE_LOOP('',(#1819,#1820,#1821,#1822));
#5222=EDGE_LOOP('',(#1823,#1824,#1825,#1826));
#5223=EDGE_LOOP('',(#1827,#1828,#1829,#1830,#1831));
#5224=EDGE_LOOP('',(#1832,#1833,#1834,#1835,#1836,#1837,#1838,#1839,#1840,
#1841,#1842,#1843));
#5225=EDGE_LOOP('',(#1844,#1845));
#5226=EDGE_LOOP('',(#1846,#1847,#1848,#1849));
#5227=EDGE_LOOP('',(#1850,#1851,#1852,#1853));
#5228=EDGE_LOOP('',(#1854,#1855,#1856,#1857));
#5229=EDGE_LOOP('',(#1858,#1859,#1860,#1861));
#5230=EDGE_LOOP('',(#1862,#1863,#1864,#1865));
#5231=EDGE_LOOP('',(#1866,#1867,#1868,#1869));
#5232=EDGE_LOOP('',(#1870,#1871,#1872,#1873));
#5233=EDGE_LOOP('',(#1874,#1875,#1876,#1877));
#5234=EDGE_LOOP('',(#1878,#1879,#1880,#1881));
#5235=EDGE_LOOP('',(#1882,#1883,#1884,#1885));
#5236=EDGE_LOOP('',(#1886,#1887,#1888,#1889));
#5237=EDGE_LOOP('',(#1890,#1891,#1892,#1893));
#5238=EDGE_LOOP('',(#1894,#1895,#1896,#1897));
#5239=EDGE_LOOP('',(#1898,#1899,#1900,#1901));
#5240=EDGE_LOOP('',(#1902,#1903,#1904,#1905));
#5241=EDGE_LOOP('',(#1906,#1907,#1908,#1909));
#5242=EDGE_LOOP('',(#1910,#1911,#1912,#1913));
#5243=EDGE_LOOP('',(#1914,#1915,#1916,#1917,#1918,#1919,#1920));
#5244=EDGE_LOOP('',(#1921,#1922,#1923,#1924));
#5245=EDGE_LOOP('',(#1925,#1926,#1927,#1928));
#5246=EDGE_LOOP('',(#1929,#1930,#1931,#1932));
#5247=EDGE_LOOP('',(#1933,#1934,#1935,#1936));
#5248=EDGE_LOOP('',(#1937,#1938,#1939,#1940));
#5249=EDGE_LOOP('',(#1941,#1942,#1943,#1944));
#5250=EDGE_LOOP('',(#1945,#1946,#1947,#1948));
#5251=EDGE_LOOP('',(#1949,#1950,#1951,#1952));
#5252=EDGE_LOOP('',(#1953,#1954,#1955,#1956,#1957,#1958,#1959,#1960));
#5253=EDGE_LOOP('',(#1961,#1962,#1963,#1964));
#5254=EDGE_LOOP('',(#1965,#1966,#1967,#1968));
#5255=EDGE_LOOP('',(#1969,#1970,#1971,#1972));
#5256=EDGE_LOOP('',(#1973,#1974,#1975,#1976));
#5257=EDGE_LOOP('',(#1977,#1978,#1979,#1980));
#5258=EDGE_LOOP('',(#1981,#1982,#1983,#1984));
#5259=EDGE_LOOP('',(#1985,#1986,#1987,#1988));
#5260=EDGE_LOOP('',(#1989,#1990,#1991,#1992));
#5261=EDGE_LOOP('',(#1993,#1994,#1995,#1996));
#5262=EDGE_LOOP('',(#1997,#1998,#1999,#2000));
#5263=EDGE_LOOP('',(#2001,#2002,#2003,#2004));
#5264=EDGE_LOOP('',(#2005,#2006,#2007,#2008));
#5265=EDGE_LOOP('',(#2009,#2010,#2011,#2012,#2013,#2014,#2015,#2016));
#5266=EDGE_LOOP('',(#2017,#2018,#2019,#2020));
#5267=EDGE_LOOP('',(#2021,#2022,#2023,#2024));
#5268=EDGE_LOOP('',(#2025,#2026,#2027,#2028));
#5269=EDGE_LOOP('',(#2029,#2030,#2031,#2032));
#5270=EDGE_LOOP('',(#2033,#2034,#2035,#2036));
#5271=EDGE_LOOP('',(#2037,#2038,#2039,#2040));
#5272=EDGE_LOOP('',(#2041,#2042,#2043,#2044));
#5273=EDGE_LOOP('',(#2045,#2046,#2047,#2048));
#5274=EDGE_LOOP('',(#2049,#2050,#2051,#2052));
#5275=EDGE_LOOP('',(#2053,#2054,#2055,#2056));
#5276=EDGE_LOOP('',(#2057,#2058,#2059,#2060));
#5277=EDGE_LOOP('',(#2061,#2062,#2063,#2064));
#5278=EDGE_LOOP('',(#2065,#2066,#2067,#2068));
#5279=EDGE_LOOP('',(#2069,#2070,#2071,#2072));
#5280=EDGE_LOOP('',(#2073,#2074,#2075,#2076));
#5281=EDGE_LOOP('',(#2077,#2078,#2079,#2080));
#5282=EDGE_LOOP('',(#2081,#2082,#2083,#2084));
#5283=EDGE_LOOP('',(#2085,#2086,#2087,#2088));
#5284=EDGE_LOOP('',(#2089,#2090,#2091,#2092));
#5285=EDGE_LOOP('',(#2093,#2094,#2095,#2096));
#5286=EDGE_LOOP('',(#2097,#2098,#2099,#2100));
#5287=EDGE_LOOP('',(#2101,#2102,#2103,#2104));
#5288=EDGE_LOOP('',(#2105,#2106,#2107,#2108));
#5289=EDGE_LOOP('',(#2109,#2110,#2111,#2112));
#5290=EDGE_LOOP('',(#2113,#2114,#2115,#2116));
#5291=EDGE_LOOP('',(#2117,#2118,#2119,#2120));
#5292=EDGE_LOOP('',(#2121,#2122,#2123,#2124));
#5293=EDGE_LOOP('',(#2125,#2126,#2127,#2128));
#5294=EDGE_LOOP('',(#2129,#2130,#2131,#2132));
#5295=EDGE_LOOP('',(#2133,#2134,#2135,#2136));
#5296=EDGE_LOOP('',(#2137,#2138,#2139,#2140));
#5297=EDGE_LOOP('',(#2141,#2142,#2143,#2144));
#5298=EDGE_LOOP('',(#2145,#2146,#2147,#2148));
#5299=EDGE_LOOP('',(#2149,#2150,#2151,#2152,#2153,#2154));
#5300=EDGE_LOOP('',(#2155,#2156,#2157,#2158,#2159,#2160));
#5301=EDGE_LOOP('',(#2161,#2162,#2163,#2164));
#5302=EDGE_LOOP('',(#2165,#2166,#2167,#2168));
#5303=EDGE_LOOP('',(#2169,#2170,#2171,#2172));
#5304=EDGE_LOOP('',(#2173,#2174,#2175,#2176));
#5305=EDGE_LOOP('',(#2177));
#5306=EDGE_LOOP('',(#2178,#2179,#2180,#2181,#2182,#2183,#2184,#2185,#2186,
#2187,#2188,#2189,#2190,#2191));
#5307=EDGE_LOOP('',(#2192,#2193));
#5308=EDGE_LOOP('',(#2194));
#5309=EDGE_LOOP('',(#2195,#2196,#2197,#2198,#2199,#2200,#2201,#2202,#2203,
#2204,#2205,#2206,#2207,#2208));
#5310=EDGE_LOOP('',(#2209,#2210));
#5311=EDGE_LOOP('',(#2211,#2212,#2213));
#5312=EDGE_LOOP('',(#2214,#2215,#2216));
#5313=EDGE_LOOP('',(#2217,#2218,#2219));
#5314=EDGE_LOOP('',(#2220,#2221,#2222));
#5315=EDGE_LOOP('',(#2223,#2224,#2225,#2226));
#5316=EDGE_LOOP('',(#2227,#2228,#2229,#2230));
#5317=EDGE_LOOP('',(#2231,#2232,#2233,#2234));
#5318=EDGE_LOOP('',(#2235,#2236,#2237,#2238));
#5319=EDGE_LOOP('',(#2239,#2240,#2241,#2242));
#5320=EDGE_LOOP('',(#2243,#2244,#2245,#2246));
#5321=EDGE_LOOP('',(#2247,#2248,#2249,#2250));
#5322=EDGE_LOOP('',(#2251,#2252,#2253,#2254));
#5323=EDGE_LOOP('',(#2255,#2256,#2257,#2258));
#5324=EDGE_LOOP('',(#2259,#2260,#2261,#2262));
#5325=EDGE_LOOP('',(#2263,#2264,#2265,#2266));
#5326=EDGE_LOOP('',(#2267,#2268,#2269,#2270));
#5327=EDGE_LOOP('',(#2271,#2272,#2273,#2274));
#5328=EDGE_LOOP('',(#2275,#2276,#2277,#2278));
#5329=EDGE_LOOP('',(#2279,#2280,#2281,#2282));
#5330=EDGE_LOOP('',(#2283,#2284,#2285,#2286));
#5331=EDGE_LOOP('',(#2287,#2288,#2289,#2290));
#5332=EDGE_LOOP('',(#2291,#2292,#2293));
#5333=EDGE_LOOP('',(#2294,#2295,#2296,#2297));
#5334=EDGE_LOOP('',(#2298,#2299,#2300,#2301));
#5335=EDGE_LOOP('',(#2302,#2303,#2304,#2305));
#5336=EDGE_LOOP('',(#2306,#2307,#2308,#2309));
#5337=EDGE_LOOP('',(#2310,#2311,#2312,#2313));
#5338=EDGE_LOOP('',(#2314,#2315,#2316));
#5339=EDGE_LOOP('',(#2317,#2318,#2319,#2320));
#5340=EDGE_LOOP('',(#2321,#2322,#2323,#2324));
#5341=EDGE_LOOP('',(#2325,#2326,#2327));
#5342=EDGE_LOOP('',(#2328,#2329,#2330,#2331));
#5343=EDGE_LOOP('',(#2332,#2333,#2334,#2335));
#5344=EDGE_LOOP('',(#2336,#2337,#2338));
#5345=EDGE_LOOP('',(#2339,#2340,#2341,#2342));
#5346=EDGE_LOOP('',(#2343,#2344,#2345,#2346));
#5347=EDGE_LOOP('',(#2347,#2348,#2349));
#5348=EDGE_LOOP('',(#2350,#2351,#2352,#2353));
#5349=EDGE_LOOP('',(#2354,#2355,#2356,#2357));
#5350=EDGE_LOOP('',(#2358,#2359,#2360,#2361));
#5351=EDGE_LOOP('',(#2362,#2363,#2364,#2365));
#5352=EDGE_LOOP('',(#2366,#2367,#2368,#2369));
#5353=EDGE_LOOP('',(#2370,#2371,#2372));
#5354=EDGE_LOOP('',(#2373,#2374,#2375,#2376));
#5355=EDGE_LOOP('',(#2377,#2378,#2379,#2380));
#5356=EDGE_LOOP('',(#2381,#2382,#2383,#2384));
#5357=FACE_BOUND('',#4981,.T.);
#5358=FACE_BOUND('',#4982,.T.);
#5359=FACE_BOUND('',#4983,.T.);
#5360=FACE_BOUND('',#4984,.T.);
#5361=FACE_BOUND('',#4985,.T.);
#5362=FACE_BOUND('',#4986,.T.);
#5363=FACE_BOUND('',#4987,.T.);
#5364=FACE_BOUND('',#4988,.T.);
#5365=FACE_BOUND('',#4989,.T.);
#5366=FACE_BOUND('',#4990,.T.);
#5367=FACE_BOUND('',#4991,.T.);
#5368=FACE_BOUND('',#4992,.T.);
#5369=FACE_BOUND('',#4993,.T.);
#5370=FACE_BOUND('',#4994,.T.);
#5371=FACE_BOUND('',#4995,.T.);
#5372=FACE_BOUND('',#4996,.T.);
#5373=FACE_BOUND('',#4997,.T.);
#5374=FACE_BOUND('',#4998,.T.);
#5375=FACE_BOUND('',#4999,.T.);
#5376=FACE_BOUND('',#5000,.T.);
#5377=FACE_BOUND('',#5001,.T.);
#5378=FACE_BOUND('',#5002,.T.);
#5379=FACE_BOUND('',#5003,.T.);
#5380=FACE_BOUND('',#5004,.T.);
#5381=FACE_BOUND('',#5005,.T.);
#5382=FACE_BOUND('',#5006,.T.);
#5383=FACE_BOUND('',#5007,.T.);
#5384=FACE_BOUND('',#5008,.T.);
#5385=FACE_BOUND('',#5009,.T.);
#5386=FACE_BOUND('',#5010,.T.);
#5387=FACE_BOUND('',#5011,.T.);
#5388=FACE_BOUND('',#5012,.T.);
#5389=FACE_BOUND('',#5013,.T.);
#5390=FACE_BOUND('',#5014,.T.);
#5391=FACE_BOUND('',#5015,.T.);
#5392=FACE_BOUND('',#5016,.T.);
#5393=FACE_BOUND('',#5017,.T.);
#5394=FACE_BOUND('',#5018,.T.);
#5395=FACE_BOUND('',#5019,.T.);
#5396=FACE_BOUND('',#5020,.T.);
#5397=FACE_BOUND('',#5021,.T.);
#5398=FACE_BOUND('',#5022,.T.);
#5399=FACE_BOUND('',#5023,.T.);
#5400=FACE_BOUND('',#5024,.T.);
#5401=FACE_BOUND('',#5025,.T.);
#5402=FACE_BOUND('',#5026,.T.);
#5403=FACE_BOUND('',#5027,.T.);
#5404=FACE_BOUND('',#5028,.T.);
#5405=FACE_BOUND('',#5029,.T.);
#5406=FACE_BOUND('',#5030,.T.);
#5407=FACE_BOUND('',#5031,.T.);
#5408=FACE_BOUND('',#5032,.T.);
#5409=FACE_BOUND('',#5033,.T.);
#5410=FACE_BOUND('',#5034,.T.);
#5411=FACE_BOUND('',#5035,.T.);
#5412=FACE_BOUND('',#5036,.T.);
#5413=FACE_BOUND('',#5037,.T.);
#5414=FACE_BOUND('',#5038,.T.);
#5415=FACE_BOUND('',#5039,.T.);
#5416=FACE_BOUND('',#5040,.T.);
#5417=FACE_BOUND('',#5041,.T.);
#5418=FACE_BOUND('',#5042,.T.);
#5419=FACE_BOUND('',#5043,.T.);
#5420=FACE_BOUND('',#5044,.T.);
#5421=FACE_BOUND('',#5045,.T.);
#5422=FACE_BOUND('',#5046,.T.);
#5423=FACE_BOUND('',#5047,.T.);
#5424=FACE_BOUND('',#5048,.T.);
#5425=FACE_BOUND('',#5049,.T.);
#5426=FACE_BOUND('',#5050,.T.);
#5427=FACE_BOUND('',#5051,.T.);
#5428=FACE_BOUND('',#5052,.T.);
#5429=FACE_BOUND('',#5053,.T.);
#5430=FACE_BOUND('',#5054,.T.);
#5431=FACE_BOUND('',#5055,.T.);
#5432=FACE_BOUND('',#5056,.T.);
#5433=FACE_BOUND('',#5057,.T.);
#5434=FACE_BOUND('',#5058,.T.);
#5435=FACE_BOUND('',#5059,.T.);
#5436=FACE_BOUND('',#5060,.T.);
#5437=FACE_BOUND('',#5061,.T.);
#5438=FACE_BOUND('',#5062,.T.);
#5439=FACE_BOUND('',#5063,.T.);
#5440=FACE_BOUND('',#5064,.T.);
#5441=FACE_BOUND('',#5065,.T.);
#5442=FACE_BOUND('',#5066,.T.);
#5443=FACE_BOUND('',#5067,.T.);
#5444=FACE_BOUND('',#5068,.T.);
#5445=FACE_BOUND('',#5069,.T.);
#5446=FACE_BOUND('',#5070,.T.);
#5447=FACE_BOUND('',#5071,.T.);
#5448=FACE_BOUND('',#5072,.T.);
#5449=FACE_BOUND('',#5073,.T.);
#5450=FACE_BOUND('',#5074,.T.);
#5451=FACE_BOUND('',#5075,.T.);
#5452=FACE_BOUND('',#5076,.T.);
#5453=FACE_BOUND('',#5077,.T.);
#5454=FACE_BOUND('',#5078,.T.);
#5455=FACE_BOUND('',#5079,.T.);
#5456=FACE_BOUND('',#5080,.T.);
#5457=FACE_BOUND('',#5081,.T.);
#5458=FACE_BOUND('',#5082,.T.);
#5459=FACE_BOUND('',#5083,.T.);
#5460=FACE_BOUND('',#5084,.T.);
#5461=FACE_BOUND('',#5085,.T.);
#5462=FACE_BOUND('',#5086,.T.);
#5463=FACE_BOUND('',#5087,.T.);
#5464=FACE_BOUND('',#5088,.T.);
#5465=FACE_BOUND('',#5089,.T.);
#5466=FACE_BOUND('',#5090,.T.);
#5467=FACE_BOUND('',#5091,.T.);
#5468=FACE_BOUND('',#5092,.T.);
#5469=FACE_BOUND('',#5093,.T.);
#5470=FACE_BOUND('',#5094,.T.);
#5471=FACE_BOUND('',#5095,.T.);
#5472=FACE_BOUND('',#5096,.T.);
#5473=FACE_BOUND('',#5097,.T.);
#5474=FACE_BOUND('',#5098,.T.);
#5475=FACE_BOUND('',#5099,.T.);
#5476=FACE_BOUND('',#5100,.T.);
#5477=FACE_BOUND('',#5101,.T.);
#5478=FACE_BOUND('',#5102,.T.);
#5479=FACE_BOUND('',#5103,.T.);
#5480=FACE_BOUND('',#5104,.T.);
#5481=FACE_BOUND('',#5105,.T.);
#5482=FACE_BOUND('',#5106,.T.);
#5483=FACE_BOUND('',#5107,.T.);
#5484=FACE_BOUND('',#5108,.T.);
#5485=FACE_BOUND('',#5109,.T.);
#5486=FACE_BOUND('',#5110,.T.);
#5487=FACE_BOUND('',#5111,.T.);
#5488=FACE_BOUND('',#5112,.T.);
#5489=FACE_BOUND('',#5113,.T.);
#5490=FACE_BOUND('',#5114,.T.);
#5491=FACE_BOUND('',#5115,.T.);
#5492=FACE_BOUND('',#5116,.T.);
#5493=FACE_BOUND('',#5117,.T.);
#5494=FACE_BOUND('',#5118,.T.);
#5495=FACE_BOUND('',#5119,.T.);
#5496=FACE_BOUND('',#5120,.T.);
#5497=FACE_BOUND('',#5121,.T.);
#5498=FACE_BOUND('',#5122,.T.);
#5499=FACE_BOUND('',#5123,.T.);
#5500=FACE_BOUND('',#5124,.T.);
#5501=FACE_BOUND('',#5125,.T.);
#5502=FACE_BOUND('',#5126,.T.);
#5503=FACE_BOUND('',#5127,.T.);
#5504=FACE_BOUND('',#5128,.T.);
#5505=FACE_BOUND('',#5129,.T.);
#5506=FACE_BOUND('',#5130,.T.);
#5507=FACE_BOUND('',#5131,.T.);
#5508=FACE_BOUND('',#5132,.T.);
#5509=FACE_BOUND('',#5133,.T.);
#5510=FACE_BOUND('',#5134,.T.);
#5511=FACE_BOUND('',#5135,.T.);
#5512=FACE_BOUND('',#5136,.T.);
#5513=FACE_BOUND('',#5137,.T.);
#5514=FACE_BOUND('',#5138,.T.);
#5515=FACE_BOUND('',#5139,.T.);
#5516=FACE_BOUND('',#5140,.T.);
#5517=FACE_BOUND('',#5141,.T.);
#5518=FACE_BOUND('',#5142,.T.);
#5519=FACE_BOUND('',#5143,.T.);
#5520=FACE_BOUND('',#5144,.T.);
#5521=FACE_BOUND('',#5145,.T.);
#5522=FACE_BOUND('',#5146,.T.);
#5523=FACE_BOUND('',#5147,.T.);
#5524=FACE_BOUND('',#5148,.T.);
#5525=FACE_BOUND('',#5149,.T.);
#5526=FACE_BOUND('',#5150,.T.);
#5527=FACE_BOUND('',#5151,.T.);
#5528=FACE_BOUND('',#5152,.T.);
#5529=FACE_BOUND('',#5153,.T.);
#5530=FACE_BOUND('',#5154,.T.);
#5531=FACE_BOUND('',#5155,.T.);
#5532=FACE_BOUND('',#5156,.T.);
#5533=FACE_BOUND('',#5157,.T.);
#5534=FACE_BOUND('',#5158,.T.);
#5535=FACE_BOUND('',#5159,.T.);
#5536=FACE_BOUND('',#5160,.T.);
#5537=FACE_BOUND('',#5161,.T.);
#5538=FACE_BOUND('',#5162,.T.);
#5539=FACE_BOUND('',#5163,.T.);
#5540=FACE_BOUND('',#5164,.T.);
#5541=FACE_BOUND('',#5165,.T.);
#5542=FACE_BOUND('',#5166,.T.);
#5543=FACE_BOUND('',#5167,.T.);
#5544=FACE_BOUND('',#5168,.T.);
#5545=FACE_BOUND('',#5169,.T.);
#5546=FACE_BOUND('',#5170,.T.);
#5547=FACE_BOUND('',#5171,.T.);
#5548=FACE_BOUND('',#5172,.T.);
#5549=FACE_BOUND('',#5173,.T.);
#5550=FACE_BOUND('',#5174,.T.);
#5551=FACE_BOUND('',#5175,.T.);
#5552=FACE_BOUND('',#5176,.T.);
#5553=FACE_BOUND('',#5177,.T.);
#5554=FACE_BOUND('',#5178,.T.);
#5555=FACE_BOUND('',#5179,.T.);
#5556=FACE_BOUND('',#5180,.T.);
#5557=FACE_BOUND('',#5181,.T.);
#5558=FACE_BOUND('',#5182,.T.);
#5559=FACE_BOUND('',#5183,.T.);
#5560=FACE_BOUND('',#5184,.T.);
#5561=FACE_BOUND('',#5185,.T.);
#5562=FACE_BOUND('',#5186,.T.);
#5563=FACE_BOUND('',#5187,.T.);
#5564=FACE_BOUND('',#5188,.T.);
#5565=FACE_BOUND('',#5189,.T.);
#5566=FACE_BOUND('',#5190,.T.);
#5567=FACE_BOUND('',#5191,.T.);
#5568=FACE_BOUND('',#5192,.T.);
#5569=FACE_BOUND('',#5193,.T.);
#5570=FACE_BOUND('',#5194,.T.);
#5571=FACE_BOUND('',#5195,.T.);
#5572=FACE_BOUND('',#5196,.T.);
#5573=FACE_BOUND('',#5197,.T.);
#5574=FACE_BOUND('',#5198,.T.);
#5575=FACE_BOUND('',#5199,.T.);
#5576=FACE_BOUND('',#5200,.T.);
#5577=FACE_BOUND('',#5201,.T.);
#5578=FACE_BOUND('',#5202,.T.);
#5579=FACE_BOUND('',#5203,.T.);
#5580=FACE_BOUND('',#5204,.T.);
#5581=FACE_BOUND('',#5205,.T.);
#5582=FACE_BOUND('',#5206,.T.);
#5583=FACE_BOUND('',#5207,.T.);
#5584=FACE_BOUND('',#5208,.T.);
#5585=FACE_BOUND('',#5209,.T.);
#5586=FACE_BOUND('',#5210,.T.);
#5587=FACE_BOUND('',#5211,.T.);
#5588=FACE_BOUND('',#5212,.T.);
#5589=FACE_BOUND('',#5213,.T.);
#5590=FACE_BOUND('',#5214,.T.);
#5591=FACE_BOUND('',#5215,.T.);
#5592=FACE_BOUND('',#5216,.T.);
#5593=FACE_BOUND('',#5217,.T.);
#5594=FACE_BOUND('',#5218,.T.);
#5595=FACE_BOUND('',#5219,.T.);
#5596=FACE_BOUND('',#5220,.T.);
#5597=FACE_BOUND('',#5221,.T.);
#5598=FACE_BOUND('',#5222,.T.);
#5599=FACE_BOUND('',#5223,.T.);
#5600=FACE_BOUND('',#5224,.T.);
#5601=FACE_BOUND('',#5225,.T.);
#5602=FACE_BOUND('',#5226,.T.);
#5603=FACE_BOUND('',#5227,.T.);
#5604=FACE_BOUND('',#5228,.T.);
#5605=FACE_BOUND('',#5229,.T.);
#5606=FACE_BOUND('',#5230,.T.);
#5607=FACE_BOUND('',#5231,.T.);
#5608=FACE_BOUND('',#5232,.T.);
#5609=FACE_BOUND('',#5233,.T.);
#5610=FACE_BOUND('',#5234,.T.);
#5611=FACE_BOUND('',#5235,.T.);
#5612=FACE_BOUND('',#5236,.T.);
#5613=FACE_BOUND('',#5237,.T.);
#5614=FACE_BOUND('',#5238,.T.);
#5615=FACE_BOUND('',#5239,.T.);
#5616=FACE_BOUND('',#5240,.T.);
#5617=FACE_BOUND('',#5241,.T.);
#5618=FACE_BOUND('',#5242,.T.);
#5619=FACE_BOUND('',#5243,.T.);
#5620=FACE_BOUND('',#5244,.T.);
#5621=FACE_BOUND('',#5245,.T.);
#5622=FACE_BOUND('',#5246,.T.);
#5623=FACE_BOUND('',#5247,.T.);
#5624=FACE_BOUND('',#5248,.T.);
#5625=FACE_BOUND('',#5249,.T.);
#5626=FACE_BOUND('',#5250,.T.);
#5627=FACE_BOUND('',#5251,.T.);
#5628=FACE_BOUND('',#5252,.T.);
#5629=FACE_BOUND('',#5253,.T.);
#5630=FACE_BOUND('',#5254,.T.);
#5631=FACE_BOUND('',#5255,.T.);
#5632=FACE_BOUND('',#5256,.T.);
#5633=FACE_BOUND('',#5257,.T.);
#5634=FACE_BOUND('',#5258,.T.);
#5635=FACE_BOUND('',#5259,.T.);
#5636=FACE_BOUND('',#5260,.T.);
#5637=FACE_BOUND('',#5261,.T.);
#5638=FACE_BOUND('',#5262,.T.);
#5639=FACE_BOUND('',#5263,.T.);
#5640=FACE_BOUND('',#5264,.T.);
#5641=FACE_BOUND('',#5265,.T.);
#5642=FACE_BOUND('',#5266,.T.);
#5643=FACE_BOUND('',#5267,.T.);
#5644=FACE_BOUND('',#5268,.T.);
#5645=FACE_BOUND('',#5269,.T.);
#5646=FACE_BOUND('',#5270,.T.);
#5647=FACE_BOUND('',#5271,.T.);
#5648=FACE_BOUND('',#5272,.T.);
#5649=FACE_BOUND('',#5273,.T.);
#5650=FACE_BOUND('',#5274,.T.);
#5651=FACE_BOUND('',#5275,.T.);
#5652=FACE_BOUND('',#5276,.T.);
#5653=FACE_BOUND('',#5277,.T.);
#5654=FACE_BOUND('',#5278,.T.);
#5655=FACE_BOUND('',#5279,.T.);
#5656=FACE_BOUND('',#5280,.T.);
#5657=FACE_BOUND('',#5281,.T.);
#5658=FACE_BOUND('',#5282,.T.);
#5659=FACE_BOUND('',#5283,.T.);
#5660=FACE_BOUND('',#5284,.T.);
#5661=FACE_BOUND('',#5285,.T.);
#5662=FACE_BOUND('',#5286,.T.);
#5663=FACE_BOUND('',#5287,.T.);
#5664=FACE_BOUND('',#5288,.T.);
#5665=FACE_BOUND('',#5289,.T.);
#5666=FACE_BOUND('',#5290,.T.);
#5667=FACE_BOUND('',#5291,.T.);
#5668=FACE_BOUND('',#5292,.T.);
#5669=FACE_BOUND('',#5293,.T.);
#5670=FACE_BOUND('',#5294,.T.);
#5671=FACE_BOUND('',#5295,.T.);
#5672=FACE_BOUND('',#5296,.T.);
#5673=FACE_BOUND('',#5297,.T.);
#5674=FACE_BOUND('',#5298,.T.);
#5675=FACE_BOUND('',#5299,.T.);
#5676=FACE_BOUND('',#5300,.T.);
#5677=FACE_BOUND('',#5301,.T.);
#5678=FACE_BOUND('',#5302,.T.);
#5679=FACE_BOUND('',#5303,.T.);
#5680=FACE_BOUND('',#5304,.T.);
#5681=FACE_BOUND('',#5305,.T.);
#5682=FACE_BOUND('',#5306,.T.);
#5683=FACE_BOUND('',#5307,.T.);
#5684=FACE_BOUND('',#5308,.T.);
#5685=FACE_BOUND('',#5309,.T.);
#5686=FACE_BOUND('',#5310,.T.);
#5687=FACE_BOUND('',#5311,.T.);
#5688=FACE_BOUND('',#5312,.T.);
#5689=FACE_BOUND('',#5313,.T.);
#5690=FACE_BOUND('',#5314,.T.);
#5691=FACE_BOUND('',#5315,.T.);
#5692=FACE_BOUND('',#5316,.T.);
#5693=FACE_BOUND('',#5317,.T.);
#5694=FACE_BOUND('',#5318,.T.);
#5695=FACE_BOUND('',#5319,.T.);
#5696=FACE_BOUND('',#5320,.T.);
#5697=FACE_BOUND('',#5321,.T.);
#5698=FACE_BOUND('',#5322,.T.);
#5699=FACE_BOUND('',#5323,.T.);
#5700=FACE_BOUND('',#5324,.T.);
#5701=FACE_BOUND('',#5325,.T.);
#5702=FACE_BOUND('',#5326,.T.);
#5703=FACE_BOUND('',#5327,.T.);
#5704=FACE_BOUND('',#5328,.T.);
#5705=FACE_BOUND('',#5329,.T.);
#5706=FACE_BOUND('',#5330,.T.);
#5707=FACE_BOUND('',#5331,.T.);
#5708=FACE_BOUND('',#5332,.T.);
#5709=FACE_BOUND('',#5333,.T.);
#5710=FACE_BOUND('',#5334,.T.);
#5711=FACE_BOUND('',#5335,.T.);
#5712=FACE_BOUND('',#5336,.T.);
#5713=FACE_BOUND('',#5337,.T.);
#5714=FACE_BOUND('',#5338,.T.);
#5715=FACE_BOUND('',#5339,.T.);
#5716=FACE_BOUND('',#5340,.T.);
#5717=FACE_BOUND('',#5341,.T.);
#5718=FACE_BOUND('',#5342,.T.);
#5719=FACE_BOUND('',#5343,.T.);
#5720=FACE_BOUND('',#5344,.T.);
#5721=FACE_BOUND('',#5345,.T.);
#5722=FACE_BOUND('',#5346,.T.);
#5723=FACE_BOUND('',#5347,.T.);
#5724=FACE_BOUND('',#5348,.T.);
#5725=FACE_BOUND('',#5349,.T.);
#5726=FACE_BOUND('',#5350,.T.);
#5727=FACE_BOUND('',#5351,.T.);
#5728=FACE_BOUND('',#5352,.T.);
#5729=FACE_BOUND('',#5353,.T.);
#5730=FACE_BOUND('',#5354,.T.);
#5731=FACE_BOUND('',#5355,.T.);
#5732=FACE_BOUND('',#5356,.T.);
#5733=PLANE('',#6301);
#5734=PLANE('',#6305);
#5735=PLANE('',#6307);
#5736=PLANE('',#6308);
#5737=PLANE('',#6309);
#5738=PLANE('',#6312);
#5739=PLANE('',#6323);
#5740=PLANE('',#6326);
#5741=PLANE('',#6328);
#5742=PLANE('',#6330);
#5743=PLANE('',#6332);
#5744=PLANE('',#6338);
#5745=PLANE('',#6340);
#5746=PLANE('',#6343);
#5747=PLANE('',#6344);
#5748=PLANE('',#6355);
#5749=PLANE('',#6357);
#5750=PLANE('',#6358);
#5751=PLANE('',#6360);
#5752=PLANE('',#6363);
#5753=PLANE('',#6367);
#5754=PLANE('',#6375);
#5755=PLANE('',#6379);
#5756=PLANE('',#6380);
#5757=PLANE('',#6381);
#5758=PLANE('',#6383);
#5759=PLANE('',#6389);
#5760=PLANE('',#6400);
#5761=PLANE('',#6404);
#5762=PLANE('',#6409);
#5763=PLANE('',#6422);
#5764=PLANE('',#6426);
#5765=PLANE('',#6431);
#5766=PLANE('',#6444);
#5767=PLANE('',#6449);
#5768=PLANE('',#6453);
#5769=PLANE('',#6487);
#5770=PLANE('',#6494);
#5771=PLANE('',#6499);
#5772=PLANE('',#6504);
#5773=PLANE('',#6510);
#5774=PLANE('',#6523);
#5775=PLANE('',#6527);
#5776=PLANE('',#6543);
#5777=PLANE('',#6554);
#5778=PLANE('',#6555);
#5779=PLANE('',#6556);
#5780=PLANE('',#6557);
#5781=PLANE('',#6558);
#5782=PLANE('',#6559);
#5783=PLANE('',#6560);
#5784=PLANE('',#6561);
#5785=PLANE('',#6562);
#5786=PLANE('',#6563);
#5787=PLANE('',#6564);
#5788=PLANE('',#6565);
#5789=PLANE('',#6566);
#5790=PLANE('',#6567);
#5791=PLANE('',#6568);
#5792=PLANE('',#6569);
#5793=PLANE('',#6570);
#5794=PLANE('',#6573);
#5795=PLANE('',#6574);
#5796=PLANE('',#6577);
#5797=PLANE('',#6578);
#5798=PLANE('',#6581);
#5799=PLANE('',#6582);
#5800=PLANE('',#6585);
#5801=PLANE('',#6586);
#5802=PLANE('',#6589);
#5803=PLANE('',#6590);
#5804=PLANE('',#6593);
#5805=PLANE('',#6594);
#5806=PLANE('',#6597);
#5807=PLANE('',#6598);
#5808=PLANE('',#6601);
#5809=PLANE('',#6602);
#5810=PLANE('',#6607);
#5811=PLANE('',#6610);
#5812=PLANE('',#6611);
#5813=PLANE('',#6614);
#5814=PLANE('',#6615);
#5815=PLANE('',#6618);
#5816=PLANE('',#6619);
#5817=PLANE('',#6622);
#5818=PLANE('',#6623);
#5819=PLANE('',#6626);
#5820=PLANE('',#6627);
#5821=PLANE('',#6630);
#5822=PLANE('',#6631);
#5823=PLANE('',#6634);
#5824=PLANE('',#6635);
#5825=PLANE('',#6638);
#5826=PLANE('',#6639);
#5827=PLANE('',#6654);
#5828=PLANE('',#6665);
#5829=PLANE('',#6666);
#5830=PLANE('',#6667);
#5831=PLANE('',#6668);
#5832=PLANE('',#6669);
#5833=PLANE('',#6670);
#5834=PLANE('',#6671);
#5835=PLANE('',#6672);
#5836=PLANE('',#6673);
#5837=PLANE('',#6674);
#5838=PLANE('',#6675);
#5839=PLANE('',#6676);
#5840=PLANE('',#6677);
#5841=PLANE('',#6678);
#5842=PLANE('',#6679);
#5843=PLANE('',#6680);
#5844=PLANE('',#6681);
#5845=PLANE('',#6690);
#5846=PLANE('',#6694);
#5847=PLANE('',#6695);
#5848=PLANE('',#6698);
#5849=PLANE('',#6702);
#5850=PLANE('',#6703);
#5851=PLANE('',#6704);
#5852=PLANE('',#6707);
#5853=PLANE('',#6708);
#5854=PLANE('',#6709);
#5855=PLANE('',#6710);
#5856=PLANE('',#6711);
#5857=PLANE('',#6712);
#5858=PLANE('',#6713);
#5859=PLANE('',#6714);
#5860=PLANE('',#6715);
#5861=PLANE('',#6716);
#5862=PLANE('',#6717);
#5863=PLANE('',#6718);
#5864=PLANE('',#6719);
#5865=PLANE('',#6721);
#5866=PLANE('',#6722);
#5867=PLANE('',#6730);
#5868=PLANE('',#6731);
#5869=PLANE('',#6732);
#5870=PLANE('',#6733);
#5871=PLANE('',#6734);
#5872=PLANE('',#6735);
#5873=PLANE('',#6736);
#5874=PLANE('',#6737);
#5875=PLANE('',#6738);
#5876=PLANE('',#6739);
#5877=PLANE('',#6740);
#5878=PLANE('',#6741);
#5879=PLANE('',#6742);
#5880=PLANE('',#6743);
#5881=PLANE('',#6747);
#5882=PLANE('',#6748);
#5883=PLANE('',#6749);
#5884=PLANE('',#6750);
#5885=PLANE('',#6753);
#5886=PLANE('',#6754);
#5887=PLANE('',#6756);
#5888=PLANE('',#6758);
#5889=PLANE('',#6760);
#5890=PLANE('',#6764);
#5891=PLANE('',#6768);
#5892=PLANE('',#6775);
#5893=PLANE('',#6777);
#5894=PLANE('',#6778);
#5895=PLANE('',#6781);
#5896=PLANE('',#6784);
#5897=PLANE('',#6785);
#5898=PLANE('',#6788);
#5899=PLANE('',#6789);
#5900=PLANE('',#6792);
#5901=PLANE('',#6793);
#5902=PLANE('',#6794);
#5903=PLANE('',#6795);
#5904=PLANE('',#6796);
#5905=PLANE('',#6798);
#5906=PLANE('',#6799);
#5907=PLANE('',#6803);
#5908=PLANE('',#6804);
#5909=PLANE('',#6805);
#5910=PLANE('',#6806);
#5911=PLANE('',#6807);
#5912=PLANE('',#6808);
#5913=PLANE('',#6809);
#5914=PLANE('',#6810);
#5915=PLANE('',#6811);
#5916=PLANE('',#6812);
#5917=PLANE('',#6813);
#5918=PLANE('',#6814);
#5919=PLANE('',#6815);
#5920=PLANE('',#6816);
#5921=PLANE('',#6817);
#5922=PLANE('',#6818);
#5923=PLANE('',#6819);
#5924=PLANE('',#6820);
#5925=PLANE('',#6823);
#5926=PLANE('',#6824);
#5927=PLANE('',#6826);
#5928=PLANE('',#6829);
#5929=PLANE('',#6883);
#5930=PLANE('',#6884);
#5931=PLANE('',#6885);
#5932=PLANE('',#6888);
#5933=PLANE('',#6891);
#5934=PLANE('',#6894);
#5935=PLANE('',#6897);
#5936=ADVANCED_FACE('',(#5357),#5733,.F.);
#5937=ADVANCED_FACE('',(#5358),#5734,.T.);
#5938=ADVANCED_FACE('',(#5359),#5735,.T.);
#5939=ADVANCED_FACE('',(#5360),#5736,.T.);
#5940=ADVANCED_FACE('',(#5361),#5737,.F.);
#5941=ADVANCED_FACE('',(#5362),#5738,.F.);
#5942=ADVANCED_FACE('',(#5363),#132,.T.);
#5943=ADVANCED_FACE('',(#5364),#133,.T.);
#5944=ADVANCED_FACE('',(#5365),#134,.T.);
#5945=ADVANCED_FACE('',(#5366),#135,.T.);
#5946=ADVANCED_FACE('',(#5367),#5739,.F.);
#5947=ADVANCED_FACE('',(#5368),#5740,.T.);
#5948=ADVANCED_FACE('',(#5369),#5741,.F.);
#5949=ADVANCED_FACE('',(#5370),#5742,.F.);
#5950=ADVANCED_FACE('',(#5371),#5743,.T.);
#5951=ADVANCED_FACE('',(#5372),#5744,.T.);
#5952=ADVANCED_FACE('',(#5373),#5745,.F.);
#5953=ADVANCED_FACE('',(#5374),#5746,.F.);
#5954=ADVANCED_FACE('',(#5375,#5376,#5377,#5378,#5379,#5380),#5747,.T.);
#5955=ADVANCED_FACE('',(#5381,#5382),#136,.T.);
#5956=ADVANCED_FACE('',(#5383),#5748,.F.);
#5957=ADVANCED_FACE('',(#5384),#5749,.T.);
#5958=ADVANCED_FACE('',(#5385),#5750,.T.);
#5959=ADVANCED_FACE('',(#5386),#5751,.F.);
#5960=ADVANCED_FACE('',(#5387),#5752,.F.);
#5961=ADVANCED_FACE('',(#5388),#137,.T.);
#5962=ADVANCED_FACE('',(#5389),#5753,.F.);
#5963=ADVANCED_FACE('',(#5390),#138,.T.);
#5964=ADVANCED_FACE('',(#5391),#5754,.T.);
#5965=ADVANCED_FACE('',(#5392),#5755,.T.);
#5966=ADVANCED_FACE('',(#5393),#5756,.T.);
#5967=ADVANCED_FACE('',(#5394),#5757,.T.);
#5968=ADVANCED_FACE('',(#5395,#5396,#5397,#5398,#5399,#5400),#5758,.T.);
#5969=ADVANCED_FACE('',(#5401),#5759,.F.);
#5970=ADVANCED_FACE('',(#5402),#139,.T.);
#5971=ADVANCED_FACE('',(#5403),#140,.T.);
#5972=ADVANCED_FACE('',(#5404),#141,.T.);
#5973=ADVANCED_FACE('',(#5405),#5760,.F.);
#5974=ADVANCED_FACE('',(#5406),#5761,.F.);
#5975=ADVANCED_FACE('',(#5407),#5762,.F.);
#5976=ADVANCED_FACE('',(#5408),#142,.T.);
#5977=ADVANCED_FACE('',(#5409),#143,.T.);
#5978=ADVANCED_FACE('',(#5410),#144,.T.);
#5979=ADVANCED_FACE('',(#5411),#5763,.F.);
#5980=ADVANCED_FACE('',(#5412),#5764,.F.);
#5981=ADVANCED_FACE('',(#5413),#5765,.F.);
#5982=ADVANCED_FACE('',(#5414),#145,.T.);
#5983=ADVANCED_FACE('',(#5415),#146,.T.);
#5984=ADVANCED_FACE('',(#5416),#147,.T.);
#5985=ADVANCED_FACE('',(#5417),#5766,.F.);
#5986=ADVANCED_FACE('',(#5418),#5767,.F.);
#5987=ADVANCED_FACE('',(#5419),#5768,.F.);
#5988=ADVANCED_FACE('',(#5420),#148,.T.);
#5989=ADVANCED_FACE('',(#5421),#149,.T.);
#5990=ADVANCED_FACE('',(#5422),#150,.T.);
#5991=ADVANCED_FACE('',(#5423),#18,.T.);
#5992=ADVANCED_FACE('',(#5424),#19,.T.);
#5993=ADVANCED_FACE('',(#5425),#20,.T.);
#5994=ADVANCED_FACE('',(#5426),#21,.T.);
#5995=ADVANCED_FACE('',(#5427),#22,.T.);
#5996=ADVANCED_FACE('',(#5428),#23,.T.);
#5997=ADVANCED_FACE('',(#5429),#24,.T.);
#5998=ADVANCED_FACE('',(#5430),#25,.T.);
#5999=ADVANCED_FACE('',(#5431),#26,.T.);
#6000=ADVANCED_FACE('',(#5432),#27,.T.);
#6001=ADVANCED_FACE('',(#5433),#28,.T.);
#6002=ADVANCED_FACE('',(#5434),#29,.T.);
#6003=ADVANCED_FACE('',(#5435),#30,.T.);
#6004=ADVANCED_FACE('',(#5436,#5437),#5769,.F.);
#6005=ADVANCED_FACE('',(#5438),#151,.T.);
#6006=ADVANCED_FACE('',(#5439),#5770,.F.);
#6007=ADVANCED_FACE('',(#5440),#152,.T.);
#6008=ADVANCED_FACE('',(#5441),#5771,.F.);
#6009=ADVANCED_FACE('',(#5442),#153,.T.);
#6010=ADVANCED_FACE('',(#5443),#5772,.F.);
#6011=ADVANCED_FACE('',(#5444),#154,.T.);
#6012=ADVANCED_FACE('',(#5445,#5446),#5773,.F.);
#6013=ADVANCED_FACE('',(#5447),#31,.T.);
#6014=ADVANCED_FACE('',(#5448),#32,.T.);
#6015=ADVANCED_FACE('',(#5449),#33,.T.);
#6016=ADVANCED_FACE('',(#5450,#5451),#155,.F.);
#6017=ADVANCED_FACE('',(#5452,#5453),#5774,.F.);
#6018=ADVANCED_FACE('',(#5454,#5455),#156,.F.);
#6019=ADVANCED_FACE('',(#5456,#5457),#5775,.F.);
#6020=ADVANCED_FACE('',(#5458,#5459),#157,.T.);
#6021=ADVANCED_FACE('',(#5460,#5461),#34,.T.);
#6022=ADVANCED_FACE('',(#5462,#5463),#35,.T.);
#6023=ADVANCED_FACE('',(#5464),#158,.T.);
#6024=ADVANCED_FACE('',(#5465),#5776,.F.);
#6025=ADVANCED_FACE('',(#5466),#159,.F.);
#6026=ADVANCED_FACE('',(#5467),#5777,.T.);
#6027=ADVANCED_FACE('',(#5468),#5778,.F.);
#6028=ADVANCED_FACE('',(#5469),#5779,.T.);
#6029=ADVANCED_FACE('',(#5470),#5780,.F.);
#6030=ADVANCED_FACE('',(#5471),#5781,.T.);
#6031=ADVANCED_FACE('',(#5472),#5782,.T.);
#6032=ADVANCED_FACE('',(#5473),#5783,.T.);
#6033=ADVANCED_FACE('',(#5474),#5784,.T.);
#6034=ADVANCED_FACE('',(#5475),#5785,.T.);
#6035=ADVANCED_FACE('',(#5476),#5786,.T.);
#6036=ADVANCED_FACE('',(#5477),#5787,.T.);
#6037=ADVANCED_FACE('',(#5478),#5788,.T.);
#6038=ADVANCED_FACE('',(#5479),#5789,.T.);
#6039=ADVANCED_FACE('',(#5480),#5790,.F.);
#6040=ADVANCED_FACE('',(#5481),#5791,.T.);
#6041=ADVANCED_FACE('',(#5482),#5792,.T.);
#6042=ADVANCED_FACE('',(#5483),#5793,.T.);
#6043=ADVANCED_FACE('',(#5484),#5794,.F.);
#6044=ADVANCED_FACE('',(#5485),#5795,.T.);
#6045=ADVANCED_FACE('',(#5486),#5796,.T.);
#6046=ADVANCED_FACE('',(#5487),#5797,.T.);
#6047=ADVANCED_FACE('',(#5488),#5798,.T.);
#6048=ADVANCED_FACE('',(#5489),#5799,.T.);
#6049=ADVANCED_FACE('',(#5490),#5800,.T.);
#6050=ADVANCED_FACE('',(#5491),#5801,.T.);
#6051=ADVANCED_FACE('',(#5492),#5802,.F.);
#6052=ADVANCED_FACE('',(#5493),#5803,.T.);
#6053=ADVANCED_FACE('',(#5494),#5804,.F.);
#6054=ADVANCED_FACE('',(#5495),#5805,.T.);
#6055=ADVANCED_FACE('',(#5496),#5806,.F.);
#6056=ADVANCED_FACE('',(#5497),#5807,.T.);
#6057=ADVANCED_FACE('',(#5498),#5808,.T.);
#6058=ADVANCED_FACE('',(#5499),#5809,.T.);
#6059=ADVANCED_FACE('',(#5500),#160,.T.);
#6060=ADVANCED_FACE('',(#5501),#161,.F.);
#6061=ADVANCED_FACE('',(#5502),#5810,.T.);
#6062=ADVANCED_FACE('',(#5503),#5811,.F.);
#6063=ADVANCED_FACE('',(#5504),#5812,.T.);
#6064=ADVANCED_FACE('',(#5505),#5813,.T.);
#6065=ADVANCED_FACE('',(#5506),#5814,.T.);
#6066=ADVANCED_FACE('',(#5507),#5815,.T.);
#6067=ADVANCED_FACE('',(#5508),#5816,.T.);
#6068=ADVANCED_FACE('',(#5509),#5817,.T.);
#6069=ADVANCED_FACE('',(#5510),#5818,.T.);
#6070=ADVANCED_FACE('',(#5511),#5819,.F.);
#6071=ADVANCED_FACE('',(#5512),#5820,.T.);
#6072=ADVANCED_FACE('',(#5513),#5821,.F.);
#6073=ADVANCED_FACE('',(#5514),#5822,.T.);
#6074=ADVANCED_FACE('',(#5515),#5823,.F.);
#6075=ADVANCED_FACE('',(#5516),#5824,.T.);
#6076=ADVANCED_FACE('',(#5517),#5825,.T.);
#6077=ADVANCED_FACE('',(#5518),#5826,.T.);
#6078=ADVANCED_FACE('',(#5519),#162,.T.);
#6079=ADVANCED_FACE('',(#5520),#163,.F.);
#6080=ADVANCED_FACE('',(#5521),#164,.T.);
#6081=ADVANCED_FACE('',(#5522),#5827,.F.);
#6082=ADVANCED_FACE('',(#5523),#165,.F.);
#6083=ADVANCED_FACE('',(#5524),#5828,.T.);
#6084=ADVANCED_FACE('',(#5525),#5829,.F.);
#6085=ADVANCED_FACE('',(#5526),#5830,.T.);
#6086=ADVANCED_FACE('',(#5527),#5831,.F.);
#6087=ADVANCED_FACE('',(#5528),#5832,.T.);
#6088=ADVANCED_FACE('',(#5529),#5833,.T.);
#6089=ADVANCED_FACE('',(#5530),#5834,.T.);
#6090=ADVANCED_FACE('',(#5531),#5835,.T.);
#6091=ADVANCED_FACE('',(#5532),#5836,.T.);
#6092=ADVANCED_FACE('',(#5533),#5837,.T.);
#6093=ADVANCED_FACE('',(#5534),#5838,.T.);
#6094=ADVANCED_FACE('',(#5535),#5839,.T.);
#6095=ADVANCED_FACE('',(#5536),#5840,.T.);
#6096=ADVANCED_FACE('',(#5537),#5841,.F.);
#6097=ADVANCED_FACE('',(#5538),#5842,.T.);
#6098=ADVANCED_FACE('',(#5539),#5843,.T.);
#6099=ADVANCED_FACE('',(#5540),#5844,.T.);
#6100=ADVANCED_FACE('',(#5541),#5845,.T.);
#6101=ADVANCED_FACE('',(#5542),#166,.T.);
#6102=ADVANCED_FACE('',(#5543),#5846,.T.);
#6103=ADVANCED_FACE('',(#5544,#5545,#5546),#5847,.F.);
#6104=ADVANCED_FACE('',(#5547),#5848,.F.);
#6105=ADVANCED_FACE('',(#5548),#167,.T.);
#6106=ADVANCED_FACE('',(#5549),#5849,.F.);
#6107=ADVANCED_FACE('',(#5550),#5850,.T.);
#6108=ADVANCED_FACE('',(#5551),#5851,.T.);
#6109=ADVANCED_FACE('',(#5552),#168,.F.);
#6110=ADVANCED_FACE('',(#5553),#5852,.F.);
#6111=ADVANCED_FACE('',(#5554),#5853,.F.);
#6112=ADVANCED_FACE('',(#5555),#5854,.F.);
#6113=ADVANCED_FACE('',(#5556),#5855,.F.);
#6114=ADVANCED_FACE('',(#5557),#5856,.F.);
#6115=ADVANCED_FACE('',(#5558),#5857,.F.);
#6116=ADVANCED_FACE('',(#5559),#5858,.F.);
#6117=ADVANCED_FACE('',(#5560),#5859,.F.);
#6118=ADVANCED_FACE('',(#5561),#5860,.F.);
#6119=ADVANCED_FACE('',(#5562),#5861,.F.);
#6120=ADVANCED_FACE('',(#5563),#5862,.F.);
#6121=ADVANCED_FACE('',(#5564),#5863,.F.);
#6122=ADVANCED_FACE('',(#5565),#5864,.T.);
#6123=ADVANCED_FACE('',(#5566),#5865,.F.);
#6124=ADVANCED_FACE('',(#5567),#5866,.F.);
#6125=ADVANCED_FACE('',(#5568),#169,.F.);
#6126=ADVANCED_FACE('',(#5569),#170,.F.);
#6127=ADVANCED_FACE('',(#5570),#171,.F.);
#6128=ADVANCED_FACE('',(#5571),#5867,.F.);
#6129=ADVANCED_FACE('',(#5572),#5868,.F.);
#6130=ADVANCED_FACE('',(#5573),#5869,.T.);
#6131=ADVANCED_FACE('',(#5574),#5870,.F.);
#6132=ADVANCED_FACE('',(#5575),#5871,.F.);
#6133=ADVANCED_FACE('',(#5576),#5872,.F.);
#6134=ADVANCED_FACE('',(#5577),#5873,.F.);
#6135=ADVANCED_FACE('',(#5578),#5874,.F.);
#6136=ADVANCED_FACE('',(#5579),#5875,.F.);
#6137=ADVANCED_FACE('',(#5580),#5876,.T.);
#6138=ADVANCED_FACE('',(#5581),#5877,.F.);
#6139=ADVANCED_FACE('',(#5582),#5878,.T.);
#6140=ADVANCED_FACE('',(#5583),#5879,.F.);
#6141=ADVANCED_FACE('',(#5584),#5880,.F.);
#6142=ADVANCED_FACE('',(#5585),#5881,.F.);
#6143=ADVANCED_FACE('',(#5586),#5882,.T.);
#6144=ADVANCED_FACE('',(#5587),#5883,.F.);
#6145=ADVANCED_FACE('',(#5588),#5884,.F.);
#6146=ADVANCED_FACE('',(#5589),#172,.F.);
#6147=ADVANCED_FACE('',(#5590),#5885,.T.);
#6148=ADVANCED_FACE('',(#5591),#5886,.T.);
#6149=ADVANCED_FACE('',(#5592),#5887,.T.);
#6150=ADVANCED_FACE('',(#5593),#5888,.F.);
#6151=ADVANCED_FACE('',(#5594),#173,.F.);
#6152=ADVANCED_FACE('',(#5595),#5889,.F.);
#6153=ADVANCED_FACE('',(#5596),#174,.T.);
#6154=ADVANCED_FACE('',(#5597),#5890,.F.);
#6155=ADVANCED_FACE('',(#5598),#175,.T.);
#6156=ADVANCED_FACE('',(#5599),#5891,.F.);
#6157=ADVANCED_FACE('',(#5600),#176,.T.);
#6158=ADVANCED_FACE('',(#5601),#5892,.F.);
#6159=ADVANCED_FACE('',(#5602),#5893,.F.);
#6160=ADVANCED_FACE('',(#5603),#5894,.F.);
#6161=ADVANCED_FACE('',(#5604),#177,.F.);
#6162=ADVANCED_FACE('',(#5605),#5895,.T.);
#6163=ADVANCED_FACE('',(#5606),#178,.F.);
#6164=ADVANCED_FACE('',(#5607),#5896,.T.);
#6165=ADVANCED_FACE('',(#5608),#5897,.T.);
#6166=ADVANCED_FACE('',(#5609),#179,.F.);
#6167=ADVANCED_FACE('',(#5610),#5898,.T.);
#6168=ADVANCED_FACE('',(#5611),#5899,.T.);
#6169=ADVANCED_FACE('',(#5612),#180,.F.);
#6170=ADVANCED_FACE('',(#5613),#5900,.T.);
#6171=ADVANCED_FACE('',(#5614),#5901,.T.);
#6172=ADVANCED_FACE('',(#5615),#5902,.T.);
#6173=ADVANCED_FACE('',(#5616),#5903,.T.);
#6174=ADVANCED_FACE('',(#5617),#5904,.F.);
#6175=ADVANCED_FACE('',(#5618),#5905,.T.);
#6176=ADVANCED_FACE('',(#5619),#5906,.T.);
#6177=ADVANCED_FACE('',(#5620),#181,.T.);
#6178=ADVANCED_FACE('',(#5621),#5907,.T.);
#6179=ADVANCED_FACE('',(#5622),#5908,.T.);
#6180=ADVANCED_FACE('',(#5623),#5909,.T.);
#6181=ADVANCED_FACE('',(#5624),#5910,.T.);
#6182=ADVANCED_FACE('',(#5625),#5911,.T.);
#6183=ADVANCED_FACE('',(#5626),#5912,.F.);
#6184=ADVANCED_FACE('',(#5627),#5913,.F.);
#6185=ADVANCED_FACE('',(#5628),#5914,.F.);
#6186=ADVANCED_FACE('',(#5629),#5915,.F.);
#6187=ADVANCED_FACE('',(#5630),#5916,.F.);
#6188=ADVANCED_FACE('',(#5631),#5917,.F.);
#6189=ADVANCED_FACE('',(#5632),#5918,.F.);
#6190=ADVANCED_FACE('',(#5633),#5919,.T.);
#6191=ADVANCED_FACE('',(#5634),#5920,.T.);
#6192=ADVANCED_FACE('',(#5635),#5921,.T.);
#6193=ADVANCED_FACE('',(#5636),#5922,.F.);
#6194=ADVANCED_FACE('',(#5637),#5923,.F.);
#6195=ADVANCED_FACE('',(#5638),#5924,.F.);
#6196=ADVANCED_FACE('',(#5639),#182,.F.);
#6197=ADVANCED_FACE('',(#5640),#5925,.T.);
#6198=ADVANCED_FACE('',(#5641),#5926,.T.);
#6199=ADVANCED_FACE('',(#5642),#5927,.F.);
#6200=ADVANCED_FACE('',(#5643),#183,.F.);
#6201=ADVANCED_FACE('',(#5644),#5928,.T.);
#6202=ADVANCED_FACE('',(#5645),#184,.T.);
#6203=ADVANCED_FACE('',(#5646),#36,.T.);
#6204=ADVANCED_FACE('',(#5647),#185,.T.);
#6205=ADVANCED_FACE('',(#5648),#186,.T.);
#6206=ADVANCED_FACE('',(#5649),#37,.T.);
#6207=ADVANCED_FACE('',(#5650),#187,.T.);
#6208=ADVANCED_FACE('',(#5651),#188,.T.);
#6209=ADVANCED_FACE('',(#5652),#38,.T.);
#6210=ADVANCED_FACE('',(#5653),#189,.T.);
#6211=ADVANCED_FACE('',(#5654),#190,.T.);
#6212=ADVANCED_FACE('',(#5655),#39,.T.);
#6213=ADVANCED_FACE('',(#5656),#191,.T.);
#6214=ADVANCED_FACE('',(#5657),#192,.T.);
#6215=ADVANCED_FACE('',(#5658),#193,.F.);
#6216=ADVANCED_FACE('',(#5659),#194,.T.);
#6217=ADVANCED_FACE('',(#5660),#195,.F.);
#6218=ADVANCED_FACE('',(#5661),#196,.T.);
#6219=ADVANCED_FACE('',(#5662),#197,.T.);
#6220=ADVANCED_FACE('',(#5663),#198,.T.);
#6221=ADVANCED_FACE('',(#5664),#199,.T.);
#6222=ADVANCED_FACE('',(#5665),#200,.T.);
#6223=ADVANCED_FACE('',(#5666),#201,.T.);
#6224=ADVANCED_FACE('',(#5667),#202,.T.);
#6225=ADVANCED_FACE('',(#5668),#203,.T.);
#6226=ADVANCED_FACE('',(#5669),#204,.T.);
#6227=ADVANCED_FACE('',(#5670),#205,.T.);
#6228=ADVANCED_FACE('',(#5671),#206,.T.);
#6229=ADVANCED_FACE('',(#5672),#207,.T.);
#6230=ADVANCED_FACE('',(#5673),#208,.T.);
#6231=ADVANCED_FACE('',(#5674),#209,.T.);
#6232=ADVANCED_FACE('',(#5675),#40,.T.);
#6233=ADVANCED_FACE('',(#5676),#41,.T.);
#6234=ADVANCED_FACE('',(#5677),#210,.T.);
#6235=ADVANCED_FACE('',(#5678),#5929,.F.);
#6236=ADVANCED_FACE('',(#5679),#5930,.T.);
#6237=ADVANCED_FACE('',(#5680),#5931,.T.);
#6238=ADVANCED_FACE('',(#5681,#5682),#211,.F.);
#6239=ADVANCED_FACE('',(#5683),#5932,.T.);
#6240=ADVANCED_FACE('',(#5684,#5685),#212,.F.);
#6241=ADVANCED_FACE('',(#5686),#5933,.T.);
#6242=ADVANCED_FACE('',(#5687),#213,.F.);
#6243=ADVANCED_FACE('',(#5688),#5934,.T.);
#6244=ADVANCED_FACE('',(#5689),#214,.F.);
#6245=ADVANCED_FACE('',(#5690),#5935,.T.);
#6246=ADVANCED_FACE('',(#5691),#215,.T.);
#6247=ADVANCED_FACE('',(#5692),#42,.T.);
#6248=ADVANCED_FACE('',(#5693),#216,.T.);
#6249=ADVANCED_FACE('',(#5694),#217,.T.);
#6250=ADVANCED_FACE('',(#5695),#43,.T.);
#6251=ADVANCED_FACE('',(#5696),#218,.T.);
#6252=ADVANCED_FACE('',(#5697),#219,.T.);
#6253=ADVANCED_FACE('',(#5698),#44,.T.);
#6254=ADVANCED_FACE('',(#5699),#220,.T.);
#6255=ADVANCED_FACE('',(#5700),#221,.T.);
#6256=ADVANCED_FACE('',(#5701),#45,.T.);
#6257=ADVANCED_FACE('',(#5702),#46,.T.);
#6258=ADVANCED_FACE('',(#5703),#222,.T.);
#6259=ADVANCED_FACE('',(#5704),#223,.T.);
#6260=ADVANCED_FACE('',(#5705),#224,.T.);
#6261=ADVANCED_FACE('',(#5706),#225,.T.);
#6262=ADVANCED_FACE('',(#5707),#47,.T.);
#6263=ADVANCED_FACE('',(#5708),#12,.T.);
#6264=ADVANCED_FACE('',(#5709),#226,.T.);
#6265=ADVANCED_FACE('',(#5710),#227,.T.);
#6266=ADVANCED_FACE('',(#5711),#48,.T.);
#6267=ADVANCED_FACE('',(#5712),#228,.T.);
#6268=ADVANCED_FACE('',(#5713),#229,.T.);
#6269=ADVANCED_FACE('',(#5714),#13,.T.);
#6270=ADVANCED_FACE('',(#5715),#230,.T.);
#6271=ADVANCED_FACE('',(#5716),#231,.T.);
#6272=ADVANCED_FACE('',(#5717),#14,.T.);
#6273=ADVANCED_FACE('',(#5718),#232,.T.);
#6274=ADVANCED_FACE('',(#5719),#233,.T.);
#6275=ADVANCED_FACE('',(#5720),#15,.T.);
#6276=ADVANCED_FACE('',(#5721),#234,.T.);
#6277=ADVANCED_FACE('',(#5722),#235,.T.);
#6278=ADVANCED_FACE('',(#5723),#16,.T.);
#6279=ADVANCED_FACE('',(#5724),#236,.T.);
#6280=ADVANCED_FACE('',(#5725),#237,.T.);
#6281=ADVANCED_FACE('',(#5726),#238,.T.);
#6282=ADVANCED_FACE('',(#5727),#239,.T.);
#6283=ADVANCED_FACE('',(#5728),#49,.T.);
#6284=ADVANCED_FACE('',(#5729),#17,.T.);
#6285=ADVANCED_FACE('',(#5730),#240,.T.);
#6286=ADVANCED_FACE('',(#5731),#241,.T.);
#6287=ADVANCED_FACE('',(#5732),#242,.T.);
#6288=CLOSED_SHELL('',(#5936,#5937,#5938,#5939,#5940,#5941,#5942,#5943,
#5944,#5945,#5946,#5947,#5948,#5949,#5950,#5951,#5952,#5953,#5954,#5955,
#5956,#5957,#5958,#5959,#5960,#5961,#5962,#5963,#5964,#5965,#5966,#5967,
#5968,#5969,#5970,#5971,#5972,#5973,#5974,#5975,#5976,#5977,#5978,#5979,
#5980,#5981,#5982,#5983,#5984,#5985,#5986,#5987,#5988,#5989,#5990,#5991,
#5992,#5993,#5994,#5995,#5996,#5997,#5998,#5999,#6000,#6001,#6002,#6003,
#6004,#6005,#6006,#6007,#6008,#6009,#6010,#6011,#6012,#6013,#6014,#6015,
#6016,#6017,#6018,#6019,#6020,#6021,#6022,#6023,#6024,#6025,#6026,#6027,
#6028,#6029,#6030,#6031,#6032,#6033,#6034,#6035,#6036,#6037,#6038,#6039,
#6040,#6041,#6042,#6043,#6044,#6045,#6046,#6047,#6048,#6049,#6050,#6051,
#6052,#6053,#6054,#6055,#6056,#6057,#6058,#6059,#6060,#6061,#6062,#6063,
#6064,#6065,#6066,#6067,#6068,#6069,#6070,#6071,#6072,#6073,#6074,#6075,
#6076,#6077,#6078,#6079,#6080,#6081,#6082,#6083,#6084,#6085,#6086,#6087,
#6088,#6089,#6090,#6091,#6092,#6093,#6094,#6095,#6096,#6097,#6098,#6099,
#6100,#6101,#6102,#6103,#6104,#6105,#6106,#6107,#6108,#6109,#6110,#6111,
#6112,#6113,#6114,#6115,#6116,#6117,#6118,#6119,#6120,#6121,#6122,#6123,
#6124,#6125,#6126,#6127,#6128,#6129,#6130,#6131,#6132,#6133,#6134,#6135,
#6136,#6137,#6138,#6139,#6140,#6141,#6142,#6143,#6144,#6145,#6146,#6147,
#6148,#6149,#6150,#6151,#6152,#6153,#6154,#6155,#6156,#6157,#6158,#6159,
#6160,#6161,#6162,#6163,#6164,#6165,#6166,#6167,#6168,#6169,#6170,#6171,
#6172,#6173,#6174,#6175,#6176,#6177,#6178,#6179,#6180,#6181,#6182,#6183,
#6184,#6185,#6186,#6187,#6188,#6189,#6190,#6191,#6192,#6193,#6194,#6195,
#6196,#6197,#6198,#6199,#6200,#6201,#6202,#6203,#6204,#6205,#6206,#6207,
#6208,#6209,#6210,#6211,#6212,#6213,#6214,#6215,#6216,#6217,#6218,#6219,
#6220,#6221,#6222,#6223,#6224,#6225,#6226,#6227,#6228,#6229,#6230,#6231,
#6232,#6233,#6234,#6235,#6236,#6237,#6238,#6239,#6240,#6241,#6242,#6243,
#6244,#6245,#6246,#6247,#6248,#6249,#6250,#6251,#6252,#6253,#6254,#6255,
#6256,#6257,#6258,#6259,#6260,#6261,#6262,#6263,#6264,#6265,#6266,#6267,
#6268,#6269,#6270,#6271,#6272,#6273,#6274,#6275,#6276,#6277,#6278,#6279,
#6280,#6281,#6282,#6283,#6284,#6285,#6286,#6287));
#6289=STYLED_ITEM('',(#6290),#6297);
#6290=PRESENTATION_STYLE_ASSIGNMENT((#6291));
#6291=SURFACE_STYLE_USAGE(.BOTH.,#6292);
#6292=SURFACE_SIDE_STYLE('',(#6293));
#6293=SURFACE_STYLE_FILL_AREA(#6294);
#6294=FILL_AREA_STYLE('',(#6295));
#6295=FILL_AREA_STYLE_COLOUR('',#6296);
#6296=COLOUR_RGB('',0.615686274509804,0.811764705882353,0.929411764705882);
#6297=MANIFOLD_SOLID_BREP('Body',#6288);
#6298=SHAPE_DEFINITION_REPRESENTATION(#10982,#6299);
#6299=SHAPE_REPRESENTATION('Body',(#6300),#10977);
#6300=AXIS2_PLACEMENT_3D('',#8864,#6974,#6975);
#6301=AXIS2_PLACEMENT_3D('',#8865,#6976,#6977);
#6302=AXIS2_PLACEMENT_3D('',#8869,#6979,#6980);
#6303=AXIS2_PLACEMENT_3D('',#8873,#6982,#6983);
#6304=AXIS2_PLACEMENT_3D('',#8877,#6985,#6986);
#6305=AXIS2_PLACEMENT_3D('',#8882,#6989,#6990);
#6306=AXIS2_PLACEMENT_3D('',#8883,#6991,#6992);
#6307=AXIS2_PLACEMENT_3D('',#8891,#6996,#6997);
#6308=AXIS2_PLACEMENT_3D('',#8900,#7002,#7003);
#6309=AXIS2_PLACEMENT_3D('',#8909,#7008,#7009);
#6310=AXIS2_PLACEMENT_3D('',#8921,#7015,#7016);
#6311=AXIS2_PLACEMENT_3D('',#8925,#7018,#7019);
#6312=AXIS2_PLACEMENT_3D('',#8928,#7021,#7022);
#6313=AXIS2_PLACEMENT_3D('',#8932,#7024,#7025);
#6314=AXIS2_PLACEMENT_3D('',#8937,#7028,#7029);
#6315=AXIS2_PLACEMENT_3D('',#8950,#7032,#7033);
#6316=AXIS2_PLACEMENT_3D('',#8958,#7035,#7036);
#6317=AXIS2_PLACEMENT_3D('',#8959,#7037,#7038);
#6318=AXIS2_PLACEMENT_3D('',#8963,#7040,#7041);
#6319=AXIS2_PLACEMENT_3D('',#8967,#7043,#7044);
#6320=AXIS2_PLACEMENT_3D('',#8968,#7045,#7046);
#6321=AXIS2_PLACEMENT_3D('',#8975,#7047,#7048);
#6322=AXIS2_PLACEMENT_3D('',#8979,#7050,#7051);
#6323=AXIS2_PLACEMENT_3D('',#8980,#7052,#7053);
#6324=AXIS2_PLACEMENT_3D('',#8990,#7058,#7059);
#6325=AXIS2_PLACEMENT_3D('',#8994,#7061,#7062);
#6326=AXIS2_PLACEMENT_3D('',#8999,#7065,#7066);
#6327=AXIS2_PLACEMENT_3D('',#9009,#7071,#7072);
#6328=AXIS2_PLACEMENT_3D('',#9010,#7073,#7074);
#6329=AXIS2_PLACEMENT_3D('',#9023,#7081,#7082);
#6330=AXIS2_PLACEMENT_3D('',#9024,#7083,#7084);
#6331=AXIS2_PLACEMENT_3D('',#9025,#7085,#7086);
#6332=AXIS2_PLACEMENT_3D('',#9030,#7089,#7090);
#6333=AXIS2_PLACEMENT_3D('',#9033,#7092,#7093);
#6334=AXIS2_PLACEMENT_3D('',#9044,#7099,#7100);
#6335=AXIS2_PLACEMENT_3D('',#9047,#7102,#7103);
#6336=AXIS2_PLACEMENT_3D('',#9049,#7104,#7105);
#6337=AXIS2_PLACEMENT_3D('',#9053,#7107,#7108);
#6338=AXIS2_PLACEMENT_3D('',#9054,#7109,#7110);
#6339=AXIS2_PLACEMENT_3D('',#9060,#7113,#7114);
#6340=AXIS2_PLACEMENT_3D('',#9063,#7116,#7117);
#6341=AXIS2_PLACEMENT_3D('',#9073,#7122,#7123);
#6342=AXIS2_PLACEMENT_3D('',#9074,#7124,#7125);
#6343=AXIS2_PLACEMENT_3D('',#9082,#7130,#7131);
#6344=AXIS2_PLACEMENT_3D('',#9091,#7134,#7135);
#6345=AXIS2_PLACEMENT_3D('',#9111,#7146,#7147);
#6346=AXIS2_PLACEMENT_3D('',#9124,#7154,#7155);
#6347=AXIS2_PLACEMENT_3D('',#9132,#7159,#7160);
#6348=AXIS2_PLACEMENT_3D('',#9140,#7164,#7165);
#6349=AXIS2_PLACEMENT_3D('',#9150,#7170,#7171);
#6350=AXIS2_PLACEMENT_3D('',#9153,#7173,#7174);
#6351=AXIS2_PLACEMENT_3D('',#9154,#7175,#7176);
#6352=AXIS2_PLACEMENT_3D('',#9156,#7177,#7178);
#6353=AXIS2_PLACEMENT_3D('',#9165,#7180,#7181);
#6354=AXIS2_PLACEMENT_3D('',#9172,#7182,#7183);
#6355=AXIS2_PLACEMENT_3D('',#9186,#7184,#7185);
#6356=AXIS2_PLACEMENT_3D('',#9193,#7189,#7190);
#6357=AXIS2_PLACEMENT_3D('',#9194,#7191,#7192);
#6358=AXIS2_PLACEMENT_3D('',#9203,#7197,#7198);
#6359=AXIS2_PLACEMENT_3D('',#9221,#7207,#7208);
#6360=AXIS2_PLACEMENT_3D('',#9222,#7209,#7210);
#6361=AXIS2_PLACEMENT_3D('',#9228,#7213,#7214);
#6362=AXIS2_PLACEMENT_3D('',#9232,#7216,#7217);
#6363=AXIS2_PLACEMENT_3D('',#9233,#7218,#7219);
#6364=AXIS2_PLACEMENT_3D('',#9239,#7223,#7224);
#6365=AXIS2_PLACEMENT_3D('',#9242,#7226,#7227);
#6366=AXIS2_PLACEMENT_3D('',#9244,#7228,#7229);
#6367=AXIS2_PLACEMENT_3D('',#9250,#7230,#7231);
#6368=AXIS2_PLACEMENT_3D('',#9258,#7235,#7236);
#6369=AXIS2_PLACEMENT_3D('',#9269,#7242,#7243);
#6370=AXIS2_PLACEMENT_3D('',#9273,#7245,#7246);
#6371=AXIS2_PLACEMENT_3D('',#9276,#7248,#7249);
#6372=AXIS2_PLACEMENT_3D('',#9277,#7250,#7251);
#6373=AXIS2_PLACEMENT_3D('',#9283,#7252,#7253);
#6374=AXIS2_PLACEMENT_3D('',#9287,#7255,#7256);
#6375=AXIS2_PLACEMENT_3D('',#9294,#7257,#7258);
#6376=AXIS2_PLACEMENT_3D('',#9297,#7260,#7261);
#6377=AXIS2_PLACEMENT_3D('',#9300,#7263,#7264);
#6378=AXIS2_PLACEMENT_3D('',#9311,#7271,#7272);
#6379=AXIS2_PLACEMENT_3D('',#9312,#7273,#7274);
#6380=AXIS2_PLACEMENT_3D('',#9315,#7277,#7278);
#6381=AXIS2_PLACEMENT_3D('',#9322,#7280,#7281);
#6382=AXIS2_PLACEMENT_3D('',#9327,#7284,#7285);
#6383=AXIS2_PLACEMENT_3D('',#9331,#7288,#7289);
#6384=AXIS2_PLACEMENT_3D('',#9348,#7299,#7300);
#6385=AXIS2_PLACEMENT_3D('',#9366,#7309,#7310);
#6386=AXIS2_PLACEMENT_3D('',#9374,#7314,#7315);
#6387=AXIS2_PLACEMENT_3D('',#9382,#7319,#7320);
#6388=AXIS2_PLACEMENT_3D('',#9388,#7323,#7324);
#6389=AXIS2_PLACEMENT_3D('',#9391,#7326,#7327);
#6390=AXIS2_PLACEMENT_3D('',#9394,#7329,#7330);
#6391=AXIS2_PLACEMENT_3D('',#9397,#7332,#7333);
#6392=AXIS2_PLACEMENT_3D('',#9398,#7334,#7335);
#6393=AXIS2_PLACEMENT_3D('',#9403,#7337,#7338);
#6394=AXIS2_PLACEMENT_3D('',#9406,#7340,#7341);
#6395=AXIS2_PLACEMENT_3D('',#9407,#7342,#7343);
#6396=AXIS2_PLACEMENT_3D('',#9412,#7345,#7346);
#6397=AXIS2_PLACEMENT_3D('',#9415,#7348,#7349);
#6398=AXIS2_PLACEMENT_3D('',#9416,#7350,#7351);
#6399=AXIS2_PLACEMENT_3D('',#9421,#7353,#7354);
#6400=AXIS2_PLACEMENT_3D('',#9424,#7356,#7357);
#6401=AXIS2_PLACEMENT_3D('',#9425,#7358,#7359);
#6402=AXIS2_PLACEMENT_3D('',#9427,#7360,#7361);
#6403=AXIS2_PLACEMENT_3D('',#9429,#7362,#7363);
#6404=AXIS2_PLACEMENT_3D('',#9430,#7364,#7365);
#6405=AXIS2_PLACEMENT_3D('',#9431,#7366,#7367);
#6406=AXIS2_PLACEMENT_3D('',#9434,#7368,#7369);
#6407=AXIS2_PLACEMENT_3D('',#9436,#7370,#7371);
#6408=AXIS2_PLACEMENT_3D('',#9438,#7372,#7373);
#6409=AXIS2_PLACEMENT_3D('',#9439,#7374,#7375);
#6410=AXIS2_PLACEMENT_3D('',#9440,#7376,#7377);
#6411=AXIS2_PLACEMENT_3D('',#9443,#7378,#7379);
#6412=AXIS2_PLACEMENT_3D('',#9444,#7380,#7381);
#6413=AXIS2_PLACEMENT_3D('',#9445,#7382,#7383);
#6414=AXIS2_PLACEMENT_3D('',#9446,#7384,#7385);
#6415=AXIS2_PLACEMENT_3D('',#9451,#7387,#7388);
#6416=AXIS2_PLACEMENT_3D('',#9454,#7390,#7391);
#6417=AXIS2_PLACEMENT_3D('',#9455,#7392,#7393);
#6418=AXIS2_PLACEMENT_3D('',#9460,#7395,#7396);
#6419=AXIS2_PLACEMENT_3D('',#9463,#7398,#7399);
#6420=AXIS2_PLACEMENT_3D('',#9464,#7400,#7401);
#6421=AXIS2_PLACEMENT_3D('',#9469,#7403,#7404);
#6422=AXIS2_PLACEMENT_3D('',#9472,#7406,#7407);
#6423=AXIS2_PLACEMENT_3D('',#9473,#7408,#7409);
#6424=AXIS2_PLACEMENT_3D('',#9475,#7410,#7411);
#6425=AXIS2_PLACEMENT_3D('',#9477,#7412,#7413);
#6426=AXIS2_PLACEMENT_3D('',#9478,#7414,#7415);
#6427=AXIS2_PLACEMENT_3D('',#9479,#7416,#7417);
#6428=AXIS2_PLACEMENT_3D('',#9482,#7418,#7419);
#6429=AXIS2_PLACEMENT_3D('',#9484,#7420,#7421);
#6430=AXIS2_PLACEMENT_3D('',#9486,#7422,#7423);
#6431=AXIS2_PLACEMENT_3D('',#9487,#7424,#7425);
#6432=AXIS2_PLACEMENT_3D('',#9488,#7426,#7427);
#6433=AXIS2_PLACEMENT_3D('',#9491,#7428,#7429);
#6434=AXIS2_PLACEMENT_3D('',#9492,#7430,#7431);
#6435=AXIS2_PLACEMENT_3D('',#9493,#7432,#7433);
#6436=AXIS2_PLACEMENT_3D('',#9497,#7435,#7436);
#6437=AXIS2_PLACEMENT_3D('',#9501,#7438,#7439);
#6438=AXIS2_PLACEMENT_3D('',#9502,#7440,#7441);
#6439=AXIS2_PLACEMENT_3D('',#9503,#7442,#7443);
#6440=AXIS2_PLACEMENT_3D('',#9508,#7445,#7446);
#6441=AXIS2_PLACEMENT_3D('',#9511,#7448,#7449);
#6442=AXIS2_PLACEMENT_3D('',#9512,#7450,#7451);
#6443=AXIS2_PLACEMENT_3D('',#9517,#7453,#7454);
#6444=AXIS2_PLACEMENT_3D('',#9520,#7456,#7457);
#6445=AXIS2_PLACEMENT_3D('',#9521,#7458,#7459);
#6446=AXIS2_PLACEMENT_3D('',#9524,#7460,#7461);
#6447=AXIS2_PLACEMENT_3D('',#9526,#7462,#7463);
#6448=AXIS2_PLACEMENT_3D('',#9528,#7464,#7465);
#6449=AXIS2_PLACEMENT_3D('',#9529,#7466,#7467);
#6450=AXIS2_PLACEMENT_3D('',#9530,#7468,#7469);
#6451=AXIS2_PLACEMENT_3D('',#9533,#7470,#7471);
#6452=AXIS2_PLACEMENT_3D('',#9534,#7472,#7473);
#6453=AXIS2_PLACEMENT_3D('',#9535,#7474,#7475);
#6454=AXIS2_PLACEMENT_3D('',#9536,#7476,#7477);
#6455=AXIS2_PLACEMENT_3D('',#9539,#7478,#7479);
#6456=AXIS2_PLACEMENT_3D('',#9540,#7480,#7481);
#6457=AXIS2_PLACEMENT_3D('',#9541,#7482,#7483);
#6458=AXIS2_PLACEMENT_3D('',#9545,#7485,#7486);
#6459=AXIS2_PLACEMENT_3D('',#9549,#7488,#7489);
#6460=AXIS2_PLACEMENT_3D('',#9550,#7490,#7491);
#6461=AXIS2_PLACEMENT_3D('',#9551,#7492,#7493);
#6462=AXIS2_PLACEMENT_3D('',#9556,#7495,#7496);
#6463=AXIS2_PLACEMENT_3D('',#9559,#7498,#7499);
#6464=AXIS2_PLACEMENT_3D('',#9560,#7500,#7501);
#6465=AXIS2_PLACEMENT_3D('',#9565,#7503,#7504);
#6466=AXIS2_PLACEMENT_3D('',#9568,#7506,#7507);
#6467=AXIS2_PLACEMENT_3D('',#9589,#7508,#7509);
#6468=AXIS2_PLACEMENT_3D('',#9612,#7510,#7511);
#6469=AXIS2_PLACEMENT_3D('',#9613,#7512,#7513);
#6470=AXIS2_PLACEMENT_3D('',#9634,#7514,#7515);
#6471=AXIS2_PLACEMENT_3D('',#9645,#7516,#7517);
#6472=AXIS2_PLACEMENT_3D('',#9658,#7518,#7519);
#6473=AXIS2_PLACEMENT_3D('',#9659,#7520,#7521);
#6474=AXIS2_PLACEMENT_3D('',#9670,#7522,#7523);
#6475=AXIS2_PLACEMENT_3D('',#9681,#7524,#7525);
#6476=AXIS2_PLACEMENT_3D('',#9694,#7526,#7527);
#6477=AXIS2_PLACEMENT_3D('',#9695,#7528,#7529);
#6478=AXIS2_PLACEMENT_3D('',#9706,#7530,#7531);
#6479=AXIS2_PLACEMENT_3D('',#9717,#7532,#7533);
#6480=AXIS2_PLACEMENT_3D('',#9718,#7534,#7535);
#6481=AXIS2_PLACEMENT_3D('',#9724,#7536,#7537);
#6482=AXIS2_PLACEMENT_3D('',#9730,#7538,#7539);
#6483=AXIS2_PLACEMENT_3D('',#9741,#7540,#7541);
#6484=AXIS2_PLACEMENT_3D('',#9742,#7542,#7543);
#6485=AXIS2_PLACEMENT_3D('',#9749,#7544,#7545);
#6486=AXIS2_PLACEMENT_3D('',#9756,#7546,#7547);
#6487=AXIS2_PLACEMENT_3D('',#9757,#7548,#7549);
#6488=AXIS2_PLACEMENT_3D('',#9758,#7550,#7551);
#6489=AXIS2_PLACEMENT_3D('',#9760,#7552,#7553);
#6490=AXIS2_PLACEMENT_3D('',#9761,#7554,#7555);
#6491=AXIS2_PLACEMENT_3D('',#9762,#7556,#7557);
#6492=AXIS2_PLACEMENT_3D('',#9763,#7558,#7559);
#6493=AXIS2_PLACEMENT_3D('',#9764,#7560,#7561);
#6494=AXIS2_PLACEMENT_3D('',#9767,#7564,#7565);
#6495=AXIS2_PLACEMENT_3D('',#9768,#7566,#7567);
#6496=AXIS2_PLACEMENT_3D('',#9770,#7568,#7569);
#6497=AXIS2_PLACEMENT_3D('',#9772,#7570,#7571);
#6498=AXIS2_PLACEMENT_3D('',#9773,#7572,#7573);
#6499=AXIS2_PLACEMENT_3D('',#9776,#7576,#7577);
#6500=AXIS2_PLACEMENT_3D('',#9777,#7578,#7579);
#6501=AXIS2_PLACEMENT_3D('',#9778,#7580,#7581);
#6502=AXIS2_PLACEMENT_3D('',#9779,#7582,#7583);
#6503=AXIS2_PLACEMENT_3D('',#9780,#7584,#7585);
#6504=AXIS2_PLACEMENT_3D('',#9785,#7588,#7589);
#6505=AXIS2_PLACEMENT_3D('',#9786,#7590,#7591);
#6506=AXIS2_PLACEMENT_3D('',#9787,#7592,#7593);
#6507=AXIS2_PLACEMENT_3D('',#9788,#7594,#7595);
#6508=AXIS2_PLACEMENT_3D('',#9789,#7596,#7597);
#6509=AXIS2_PLACEMENT_3D('',#9794,#7599,#7600);
#6510=AXIS2_PLACEMENT_3D('',#9797,#7602,#7603);
#6511=AXIS2_PLACEMENT_3D('',#9798,#7604,#7605);
#6512=AXIS2_PLACEMENT_3D('',#9800,#7606,#7607);
#6513=AXIS2_PLACEMENT_3D('',#9801,#7608,#7609);
#6514=AXIS2_PLACEMENT_3D('',#9802,#7610,#7611);
#6515=AXIS2_PLACEMENT_3D('',#9803,#7612,#7613);
#6516=AXIS2_PLACEMENT_3D('',#9804,#7614,#7615);
#6517=AXIS2_PLACEMENT_3D('',#9825,#7616,#7617);
#6518=AXIS2_PLACEMENT_3D('',#9836,#7618,#7619);
#6519=AXIS2_PLACEMENT_3D('',#9847,#7620,#7621);
#6520=AXIS2_PLACEMENT_3D('',#9851,#7623,#7624);
#6521=AXIS2_PLACEMENT_3D('',#9855,#7626,#7627);
#6522=AXIS2_PLACEMENT_3D('',#9856,#7628,#7629);
#6523=AXIS2_PLACEMENT_3D('',#9858,#7630,#7631);
#6524=AXIS2_PLACEMENT_3D('',#9859,#7632,#7633);
#6525=AXIS2_PLACEMENT_3D('',#9861,#7634,#7635);
#6526=AXIS2_PLACEMENT_3D('',#9862,#7636,#7637);
#6527=AXIS2_PLACEMENT_3D('',#9864,#7638,#7639);
#6528=AXIS2_PLACEMENT_3D('',#9865,#7640,#7641);
#6529=AXIS2_PLACEMENT_3D('',#9867,#7642,#7643);
#6530=AXIS2_PLACEMENT_3D('',#9868,#7644,#7645);
#6531=AXIS2_PLACEMENT_3D('',#9870,#7646,#7647);
#6532=AXIS2_PLACEMENT_3D('',#9871,#7648,#7649);
#6533=AXIS2_PLACEMENT_3D('',#9872,#7650,#7651);
#6534=AXIS2_PLACEMENT_3D('',#9877,#7654,#7655);
#6535=AXIS2_PLACEMENT_3D('',#9881,#7657,#7658);
#6536=AXIS2_PLACEMENT_3D('',#9885,#7660,#7661);
#6537=AXIS2_PLACEMENT_3D('',#9889,#7663,#7664);
#6538=AXIS2_PLACEMENT_3D('',#9893,#7666,#7667);
#6539=AXIS2_PLACEMENT_3D('',#9897,#7669,#7670);
#6540=AXIS2_PLACEMENT_3D('',#9901,#7672,#7673);
#6541=AXIS2_PLACEMENT_3D('',#9905,#7675,#7676);
#6542=AXIS2_PLACEMENT_3D('',#9909,#7678,#7679);
#6543=AXIS2_PLACEMENT_3D('',#9910,#7680,#7681);
#6544=AXIS2_PLACEMENT_3D('',#9916,#7685,#7686);
#6545=AXIS2_PLACEMENT_3D('',#9917,#7687,#7688);
#6546=AXIS2_PLACEMENT_3D('',#9921,#7690,#7691);
#6547=AXIS2_PLACEMENT_3D('',#9925,#7693,#7694);
#6548=AXIS2_PLACEMENT_3D('',#9929,#7696,#7697);
#6549=AXIS2_PLACEMENT_3D('',#9933,#7699,#7700);
#6550=AXIS2_PLACEMENT_3D('',#9934,#7701,#7702);
#6551=AXIS2_PLACEMENT_3D('',#9938,#7704,#7705);
#6552=AXIS2_PLACEMENT_3D('',#9942,#7707,#7708);
#6553=AXIS2_PLACEMENT_3D('',#9946,#7710,#7711);
#6554=AXIS2_PLACEMENT_3D('',#9947,#7712,#7713);
#6555=AXIS2_PLACEMENT_3D('',#9949,#7715,#7716);
#6556=AXIS2_PLACEMENT_3D('',#9952,#7719,#7720);
#6557=AXIS2_PLACEMENT_3D('',#9953,#7721,#7722);
#6558=AXIS2_PLACEMENT_3D('',#9956,#7725,#7726);
#6559=AXIS2_PLACEMENT_3D('',#9957,#7727,#7728);
#6560=AXIS2_PLACEMENT_3D('',#9960,#7731,#7732);
#6561=AXIS2_PLACEMENT_3D('',#9961,#7733,#7734);
#6562=AXIS2_PLACEMENT_3D('',#9962,#7735,#7736);
#6563=AXIS2_PLACEMENT_3D('',#9964,#7738,#7739);
#6564=AXIS2_PLACEMENT_3D('',#9967,#7742,#7743);
#6565=AXIS2_PLACEMENT_3D('',#9968,#7744,#7745);
#6566=AXIS2_PLACEMENT_3D('',#9971,#7748,#7749);
#6567=AXIS2_PLACEMENT_3D('',#9972,#7750,#7751);
#6568=AXIS2_PLACEMENT_3D('',#9975,#7754,#7755);
#6569=AXIS2_PLACEMENT_3D('',#9976,#7756,#7757);
#6570=AXIS2_PLACEMENT_3D('',#9977,#7758,#7759);
#6571=AXIS2_PLACEMENT_3D('',#9978,#7760,#7761);
#6572=AXIS2_PLACEMENT_3D('',#9981,#7762,#7763);
#6573=AXIS2_PLACEMENT_3D('',#9984,#7765,#7766);
#6574=AXIS2_PLACEMENT_3D('',#9990,#7770,#7771);
#6575=AXIS2_PLACEMENT_3D('',#9994,#7773,#7774);
#6576=AXIS2_PLACEMENT_3D('',#9995,#7775,#7776);
#6577=AXIS2_PLACEMENT_3D('',#9996,#7777,#7778);
#6578=AXIS2_PLACEMENT_3D('',#10002,#7782,#7783);
#6579=AXIS2_PLACEMENT_3D('',#10006,#7785,#7786);
#6580=AXIS2_PLACEMENT_3D('',#10007,#7787,#7788);
#6581=AXIS2_PLACEMENT_3D('',#10008,#7789,#7790);
#6582=AXIS2_PLACEMENT_3D('',#10014,#7794,#7795);
#6583=AXIS2_PLACEMENT_3D('',#10015,#7796,#7797);
#6584=AXIS2_PLACEMENT_3D('',#10019,#7799,#7800);
#6585=AXIS2_PLACEMENT_3D('',#10020,#7801,#7802);
#6586=AXIS2_PLACEMENT_3D('',#10026,#7806,#7807);
#6587=AXIS2_PLACEMENT_3D('',#10027,#7808,#7809);
#6588=AXIS2_PLACEMENT_3D('',#10029,#7810,#7811);
#6589=AXIS2_PLACEMENT_3D('',#10032,#7813,#7814);
#6590=AXIS2_PLACEMENT_3D('',#10038,#7818,#7819);
#6591=AXIS2_PLACEMENT_3D('',#10039,#7820,#7821);
#6592=AXIS2_PLACEMENT_3D('',#10043,#7823,#7824);
#6593=AXIS2_PLACEMENT_3D('',#10044,#7825,#7826);
#6594=AXIS2_PLACEMENT_3D('',#10050,#7830,#7831);
#6595=AXIS2_PLACEMENT_3D('',#10051,#7832,#7833);
#6596=AXIS2_PLACEMENT_3D('',#10055,#7835,#7836);
#6597=AXIS2_PLACEMENT_3D('',#10056,#7837,#7838);
#6598=AXIS2_PLACEMENT_3D('',#10062,#7842,#7843);
#6599=AXIS2_PLACEMENT_3D('',#10063,#7844,#7845);
#6600=AXIS2_PLACEMENT_3D('',#10067,#7847,#7848);
#6601=AXIS2_PLACEMENT_3D('',#10068,#7849,#7850);
#6602=AXIS2_PLACEMENT_3D('',#10074,#7854,#7855);
#6603=AXIS2_PLACEMENT_3D('',#10075,#7856,#7857);
#6604=AXIS2_PLACEMENT_3D('',#10077,#7858,#7859);
#6605=AXIS2_PLACEMENT_3D('',#10078,#7860,#7861);
#6606=AXIS2_PLACEMENT_3D('',#10081,#7864,#7865);
#6607=AXIS2_PLACEMENT_3D('',#10082,#7866,#7867);
#6608=AXIS2_PLACEMENT_3D('',#10083,#7868,#7869);
#6609=AXIS2_PLACEMENT_3D('',#10086,#7870,#7871);
#6610=AXIS2_PLACEMENT_3D('',#10089,#7873,#7874);
#6611=AXIS2_PLACEMENT_3D('',#10095,#7878,#7879);
#6612=AXIS2_PLACEMENT_3D('',#10099,#7881,#7882);
#6613=AXIS2_PLACEMENT_3D('',#10100,#7883,#7884);
#6614=AXIS2_PLACEMENT_3D('',#10101,#7885,#7886);
#6615=AXIS2_PLACEMENT_3D('',#10107,#7890,#7891);
#6616=AXIS2_PLACEMENT_3D('',#10111,#7893,#7894);
#6617=AXIS2_PLACEMENT_3D('',#10112,#7895,#7896);
#6618=AXIS2_PLACEMENT_3D('',#10113,#7897,#7898);
#6619=AXIS2_PLACEMENT_3D('',#10119,#7902,#7903);
#6620=AXIS2_PLACEMENT_3D('',#10120,#7904,#7905);
#6621=AXIS2_PLACEMENT_3D('',#10124,#7907,#7908);
#6622=AXIS2_PLACEMENT_3D('',#10125,#7909,#7910);
#6623=AXIS2_PLACEMENT_3D('',#10131,#7914,#7915);
#6624=AXIS2_PLACEMENT_3D('',#10132,#7916,#7917);
#6625=AXIS2_PLACEMENT_3D('',#10134,#7918,#7919);
#6626=AXIS2_PLACEMENT_3D('',#10137,#7921,#7922);
#6627=AXIS2_PLACEMENT_3D('',#10143,#7926,#7927);
#6628=AXIS2_PLACEMENT_3D('',#10144,#7928,#7929);
#6629=AXIS2_PLACEMENT_3D('',#10148,#7931,#7932);
#6630=AXIS2_PLACEMENT_3D('',#10149,#7933,#7934);
#6631=AXIS2_PLACEMENT_3D('',#10155,#7938,#7939);
#6632=AXIS2_PLACEMENT_3D('',#10156,#7940,#7941);
#6633=AXIS2_PLACEMENT_3D('',#10160,#7943,#7944);
#6634=AXIS2_PLACEMENT_3D('',#10161,#7945,#7946);
#6635=AXIS2_PLACEMENT_3D('',#10167,#7950,#7951);
#6636=AXIS2_PLACEMENT_3D('',#10168,#7952,#7953);
#6637=AXIS2_PLACEMENT_3D('',#10172,#7955,#7956);
#6638=AXIS2_PLACEMENT_3D('',#10173,#7957,#7958);
#6639=AXIS2_PLACEMENT_3D('',#10179,#7962,#7963);
#6640=AXIS2_PLACEMENT_3D('',#10180,#7964,#7965);
#6641=AXIS2_PLACEMENT_3D('',#10182,#7966,#7967);
#6642=AXIS2_PLACEMENT_3D('',#10183,#7968,#7969);
#6643=AXIS2_PLACEMENT_3D('',#10186,#7972,#7973);
#6644=AXIS2_PLACEMENT_3D('',#10187,#7974,#7975);
#6645=AXIS2_PLACEMENT_3D('',#10192,#7978,#7979);
#6646=AXIS2_PLACEMENT_3D('',#10196,#7981,#7982);
#6647=AXIS2_PLACEMENT_3D('',#10200,#7984,#7985);
#6648=AXIS2_PLACEMENT_3D('',#10204,#7987,#7988);
#6649=AXIS2_PLACEMENT_3D('',#10208,#7990,#7991);
#6650=AXIS2_PLACEMENT_3D('',#10212,#7993,#7994);
#6651=AXIS2_PLACEMENT_3D('',#10216,#7996,#7997);
#6652=AXIS2_PLACEMENT_3D('',#10220,#7999,#8000);
#6653=AXIS2_PLACEMENT_3D('',#10224,#8002,#8003);
#6654=AXIS2_PLACEMENT_3D('',#10225,#8004,#8005);
#6655=AXIS2_PLACEMENT_3D('',#10231,#8009,#8010);
#6656=AXIS2_PLACEMENT_3D('',#10232,#8011,#8012);
#6657=AXIS2_PLACEMENT_3D('',#10236,#8014,#8015);
#6658=AXIS2_PLACEMENT_3D('',#10240,#8017,#8018);
#6659=AXIS2_PLACEMENT_3D('',#10244,#8020,#8021);
#6660=AXIS2_PLACEMENT_3D('',#10248,#8023,#8024);
#6661=AXIS2_PLACEMENT_3D('',#10249,#8025,#8026);
#6662=AXIS2_PLACEMENT_3D('',#10253,#8028,#8029);
#6663=AXIS2_PLACEMENT_3D('',#10257,#8031,#8032);
#6664=AXIS2_PLACEMENT_3D('',#10261,#8034,#8035);
#6665=AXIS2_PLACEMENT_3D('',#10262,#8036,#8037);
#6666=AXIS2_PLACEMENT_3D('',#10264,#8039,#8040);
#6667=AXIS2_PLACEMENT_3D('',#10267,#8043,#8044);
#6668=AXIS2_PLACEMENT_3D('',#10268,#8045,#8046);
#6669=AXIS2_PLACEMENT_3D('',#10271,#8049,#8050);
#6670=AXIS2_PLACEMENT_3D('',#10272,#8051,#8052);
#6671=AXIS2_PLACEMENT_3D('',#10275,#8055,#8056);
#6672=AXIS2_PLACEMENT_3D('',#10276,#8057,#8058);
#6673=AXIS2_PLACEMENT_3D('',#10277,#8059,#8060);
#6674=AXIS2_PLACEMENT_3D('',#10279,#8062,#8063);
#6675=AXIS2_PLACEMENT_3D('',#10282,#8066,#8067);
#6676=AXIS2_PLACEMENT_3D('',#10283,#8068,#8069);
#6677=AXIS2_PLACEMENT_3D('',#10286,#8072,#8073);
#6678=AXIS2_PLACEMENT_3D('',#10287,#8074,#8075);
#6679=AXIS2_PLACEMENT_3D('',#10290,#8078,#8079);
#6680=AXIS2_PLACEMENT_3D('',#10291,#8080,#8081);
#6681=AXIS2_PLACEMENT_3D('',#10292,#8082,#8083);
#6682=AXIS2_PLACEMENT_3D('',#10304,#8089,#8090);
#6683=AXIS2_PLACEMENT_3D('',#10324,#8100,#8101);
#6684=AXIS2_PLACEMENT_3D('',#10328,#8103,#8104);
#6685=AXIS2_PLACEMENT_3D('',#10334,#8107,#8108);
#6686=AXIS2_PLACEMENT_3D('',#10340,#8111,#8112);
#6687=AXIS2_PLACEMENT_3D('',#10346,#8115,#8116);
#6688=AXIS2_PLACEMENT_3D('',#10352,#8119,#8120);
#6689=AXIS2_PLACEMENT_3D('',#10356,#8122,#8123);
#6690=AXIS2_PLACEMENT_3D('',#10365,#8128,#8129);
#6691=AXIS2_PLACEMENT_3D('',#10371,#8133,#8134);
#6692=AXIS2_PLACEMENT_3D('',#10375,#8136,#8137);
#6693=AXIS2_PLACEMENT_3D('',#10376,#8138,#8139);
#6694=AXIS2_PLACEMENT_3D('',#10377,#8140,#8141);
#6695=AXIS2_PLACEMENT_3D('',#10380,#8144,#8145);
#6696=AXIS2_PLACEMENT_3D('',#10381,#8146,#8147);
#6697=AXIS2_PLACEMENT_3D('',#10383,#8148,#8149);
#6698=AXIS2_PLACEMENT_3D('',#10401,#8158,#8159);
#6699=AXIS2_PLACEMENT_3D('',#10407,#8163,#8164);
#6700=AXIS2_PLACEMENT_3D('',#10408,#8165,#8166);
#6701=AXIS2_PLACEMENT_3D('',#10409,#8167,#8168);
#6702=AXIS2_PLACEMENT_3D('',#10410,#8169,#8170);
#6703=AXIS2_PLACEMENT_3D('',#10411,#8171,#8172);
#6704=AXIS2_PLACEMENT_3D('',#10417,#8176,#8177);
#6705=AXIS2_PLACEMENT_3D('',#10421,#8180,#8181);
#6706=AXIS2_PLACEMENT_3D('',#10422,#8182,#8183);
#6707=AXIS2_PLACEMENT_3D('',#10425,#8185,#8186);
#6708=AXIS2_PLACEMENT_3D('',#10431,#8190,#8191);
#6709=AXIS2_PLACEMENT_3D('',#10435,#8194,#8195);
#6710=AXIS2_PLACEMENT_3D('',#10439,#8198,#8199);
#6711=AXIS2_PLACEMENT_3D('',#10445,#8203,#8204);
#6712=AXIS2_PLACEMENT_3D('',#10449,#8207,#8208);
#6713=AXIS2_PLACEMENT_3D('',#10453,#8211,#8212);
#6714=AXIS2_PLACEMENT_3D('',#10459,#8216,#8217);
#6715=AXIS2_PLACEMENT_3D('',#10463,#8220,#8221);
#6716=AXIS2_PLACEMENT_3D('',#10467,#8224,#8225);
#6717=AXIS2_PLACEMENT_3D('',#10473,#8229,#8230);
#6718=AXIS2_PLACEMENT_3D('',#10477,#8233,#8234);
#6719=AXIS2_PLACEMENT_3D('',#10481,#8237,#8238);
#6720=AXIS2_PLACEMENT_3D('',#10482,#8239,#8240);
#6721=AXIS2_PLACEMENT_3D('',#10487,#8243,#8244);
#6722=AXIS2_PLACEMENT_3D('',#10491,#8247,#8248);
#6723=AXIS2_PLACEMENT_3D('',#10492,#8249,#8250);
#6724=AXIS2_PLACEMENT_3D('',#10498,#8254,#8255);
#6725=AXIS2_PLACEMENT_3D('',#10499,#8256,#8257);
#6726=AXIS2_PLACEMENT_3D('',#10500,#8258,#8259);
#6727=AXIS2_PLACEMENT_3D('',#10501,#8260,#8261);
#6728=AXIS2_PLACEMENT_3D('',#10502,#8262,#8263);
#6729=AXIS2_PLACEMENT_3D('',#10503,#8264,#8265);
#6730=AXIS2_PLACEMENT_3D('',#10504,#8266,#8267);
#6731=AXIS2_PLACEMENT_3D('',#10506,#8269,#8270);
#6732=AXIS2_PLACEMENT_3D('',#10508,#8272,#8273);
#6733=AXIS2_PLACEMENT_3D('',#10510,#8275,#8276);
#6734=AXIS2_PLACEMENT_3D('',#10511,#8277,#8278);
#6735=AXIS2_PLACEMENT_3D('',#10512,#8279,#8280);
#6736=AXIS2_PLACEMENT_3D('',#10513,#8281,#8282);
#6737=AXIS2_PLACEMENT_3D('',#10514,#8283,#8284);
#6738=AXIS2_PLACEMENT_3D('',#10520,#8288,#8289);
#6739=AXIS2_PLACEMENT_3D('',#10521,#8290,#8291);
#6740=AXIS2_PLACEMENT_3D('',#10527,#8295,#8296);
#6741=AXIS2_PLACEMENT_3D('',#10531,#8299,#8300);
#6742=AXIS2_PLACEMENT_3D('',#10534,#8303,#8304);
#6743=AXIS2_PLACEMENT_3D('',#10538,#8307,#8308);
#6744=AXIS2_PLACEMENT_3D('',#10539,#8309,#8310);
#6745=AXIS2_PLACEMENT_3D('',#10540,#8311,#8312);
#6746=AXIS2_PLACEMENT_3D('',#10541,#8313,#8314);
#6747=AXIS2_PLACEMENT_3D('',#10542,#8315,#8316);
#6748=AXIS2_PLACEMENT_3D('',#10548,#8320,#8321);
#6749=AXIS2_PLACEMENT_3D('',#10550,#8323,#8324);
#6750=AXIS2_PLACEMENT_3D('',#10556,#8328,#8329);
#6751=AXIS2_PLACEMENT_3D('',#10560,#8332,#8333);
#6752=AXIS2_PLACEMENT_3D('',#10563,#8335,#8336);
#6753=AXIS2_PLACEMENT_3D('',#10564,#8337,#8338);
#6754=AXIS2_PLACEMENT_3D('',#10566,#8340,#8341);
#6755=AXIS2_PLACEMENT_3D('',#10569,#8343,#8344);
#6756=AXIS2_PLACEMENT_3D('',#10572,#8346,#8347);
#6757=AXIS2_PLACEMENT_3D('',#10573,#8348,#8349);
#6758=AXIS2_PLACEMENT_3D('',#10575,#8351,#8352);
#6759=AXIS2_PLACEMENT_3D('',#10577,#8354,#8355);
#6760=AXIS2_PLACEMENT_3D('',#10578,#8356,#8357);
#6761=AXIS2_PLACEMENT_3D('',#10584,#8361,#8362);
#6762=AXIS2_PLACEMENT_3D('',#10585,#8363,#8364);
#6763=AXIS2_PLACEMENT_3D('',#10586,#8365,#8366);
#6764=AXIS2_PLACEMENT_3D('',#10587,#8367,#8368);
#6765=AXIS2_PLACEMENT_3D('',#10593,#8372,#8373);
#6766=AXIS2_PLACEMENT_3D('',#10594,#8374,#8375);
#6767=AXIS2_PLACEMENT_3D('',#10595,#8376,#8377);
#6768=AXIS2_PLACEMENT_3D('',#10596,#8378,#8379);
#6769=AXIS2_PLACEMENT_3D('',#10597,#8380,#8381);
#6770=AXIS2_PLACEMENT_3D('',#10601,#8383,#8384);
#6771=AXIS2_PLACEMENT_3D('',#10604,#8386,#8387);
#6772=AXIS2_PLACEMENT_3D('',#10605,#8388,#8389);
#6773=AXIS2_PLACEMENT_3D('',#10612,#8390,#8391);
#6774=AXIS2_PLACEMENT_3D('',#10621,#8394,#8395);
#6775=AXIS2_PLACEMENT_3D('',#10622,#8396,#8397);
#6776=AXIS2_PLACEMENT_3D('',#10623,#8398,#8399);
#6777=AXIS2_PLACEMENT_3D('',#10624,#8400,#8401);
#6778=AXIS2_PLACEMENT_3D('',#10630,#8405,#8406);
#6779=AXIS2_PLACEMENT_3D('',#10634,#8409,#8410);
#6780=AXIS2_PLACEMENT_3D('',#10635,#8411,#8412);
#6781=AXIS2_PLACEMENT_3D('',#10638,#8414,#8415);
#6782=AXIS2_PLACEMENT_3D('',#10644,#8419,#8420);
#6783=AXIS2_PLACEMENT_3D('',#10645,#8421,#8422);
#6784=AXIS2_PLACEMENT_3D('',#10648,#8424,#8425);
#6785=AXIS2_PLACEMENT_3D('',#10652,#8428,#8429);
#6786=AXIS2_PLACEMENT_3D('',#10658,#8433,#8434);
#6787=AXIS2_PLACEMENT_3D('',#10659,#8435,#8436);
#6788=AXIS2_PLACEMENT_3D('',#10662,#8438,#8439);
#6789=AXIS2_PLACEMENT_3D('',#10666,#8442,#8443);
#6790=AXIS2_PLACEMENT_3D('',#10672,#8447,#8448);
#6791=AXIS2_PLACEMENT_3D('',#10673,#8449,#8450);
#6792=AXIS2_PLACEMENT_3D('',#10676,#8452,#8453);
#6793=AXIS2_PLACEMENT_3D('',#10680,#8456,#8457);
#6794=AXIS2_PLACEMENT_3D('',#10686,#8461,#8462);
#6795=AXIS2_PLACEMENT_3D('',#10690,#8465,#8466);
#6796=AXIS2_PLACEMENT_3D('',#10694,#8469,#8470);
#6797=AXIS2_PLACEMENT_3D('',#10695,#8471,#8472);
#6798=AXIS2_PLACEMENT_3D('',#10700,#8475,#8476);
#6799=AXIS2_PLACEMENT_3D('',#10704,#8479,#8480);
#6800=AXIS2_PLACEMENT_3D('',#10705,#8481,#8482);
#6801=AXIS2_PLACEMENT_3D('',#10711,#8486,#8487);
#6802=AXIS2_PLACEMENT_3D('',#10712,#8488,#8489);
#6803=AXIS2_PLACEMENT_3D('',#10713,#8490,#8491);
#6804=AXIS2_PLACEMENT_3D('',#10715,#8493,#8494);
#6805=AXIS2_PLACEMENT_3D('',#10717,#8496,#8497);
#6806=AXIS2_PLACEMENT_3D('',#10719,#8499,#8500);
#6807=AXIS2_PLACEMENT_3D('',#10721,#8502,#8503);
#6808=AXIS2_PLACEMENT_3D('',#10723,#8505,#8506);
#6809=AXIS2_PLACEMENT_3D('',#10725,#8508,#8509);
#6810=AXIS2_PLACEMENT_3D('',#10726,#8510,#8511);
#6811=AXIS2_PLACEMENT_3D('',#10732,#8515,#8516);
#6812=AXIS2_PLACEMENT_3D('',#10733,#8517,#8518);
#6813=AXIS2_PLACEMENT_3D('',#10734,#8519,#8520);
#6814=AXIS2_PLACEMENT_3D('',#10735,#8521,#8522);
#6815=AXIS2_PLACEMENT_3D('',#10736,#8523,#8524);
#6816=AXIS2_PLACEMENT_3D('',#10740,#8527,#8528);
#6817=AXIS2_PLACEMENT_3D('',#10744,#8531,#8532);
#6818=AXIS2_PLACEMENT_3D('',#10750,#8536,#8537);
#6819=AXIS2_PLACEMENT_3D('',#10752,#8539,#8540);
#6820=AXIS2_PLACEMENT_3D('',#10758,#8544,#8545);
#6821=AXIS2_PLACEMENT_3D('',#10762,#8548,#8549);
#6822=AXIS2_PLACEMENT_3D('',#10765,#8551,#8552);
#6823=AXIS2_PLACEMENT_3D('',#10766,#8553,#8554);
#6824=AXIS2_PLACEMENT_3D('',#10768,#8556,#8557);
#6825=AXIS2_PLACEMENT_3D('',#10769,#8558,#8559);
#6826=AXIS2_PLACEMENT_3D('',#10774,#8562,#8563);
#6827=AXIS2_PLACEMENT_3D('',#10775,#8564,#8565);
#6828=AXIS2_PLACEMENT_3D('',#10777,#8567,#8568);
#6829=AXIS2_PLACEMENT_3D('',#10779,#8570,#8571);
#6830=AXIS2_PLACEMENT_3D('',#10780,#8572,#8573);
#6831=AXIS2_PLACEMENT_3D('',#10781,#8574,#8575);
#6832=AXIS2_PLACEMENT_3D('',#10782,#8576,#8577);
#6833=AXIS2_PLACEMENT_3D('',#10783,#8578,#8579);
#6834=AXIS2_PLACEMENT_3D('',#10784,#8580,#8581);
#6835=AXIS2_PLACEMENT_3D('',#10785,#8582,#8583);
#6836=AXIS2_PLACEMENT_3D('',#10786,#8584,#8585);
#6837=AXIS2_PLACEMENT_3D('',#10787,#8586,#8587);
#6838=AXIS2_PLACEMENT_3D('',#10788,#8588,#8589);
#6839=AXIS2_PLACEMENT_3D('',#10789,#8590,#8591);
#6840=AXIS2_PLACEMENT_3D('',#10790,#8592,#8593);
#6841=AXIS2_PLACEMENT_3D('',#10791,#8594,#8595);
#6842=AXIS2_PLACEMENT_3D('',#10792,#8596,#8597);
#6843=AXIS2_PLACEMENT_3D('',#10793,#8598,#8599);
#6844=AXIS2_PLACEMENT_3D('',#10794,#8600,#8601);
#6845=AXIS2_PLACEMENT_3D('',#10795,#8602,#8603);
#6846=AXIS2_PLACEMENT_3D('',#10796,#8604,#8605);
#6847=AXIS2_PLACEMENT_3D('',#10797,#8606,#8607);
#6848=AXIS2_PLACEMENT_3D('',#10798,#8608,#8609);
#6849=AXIS2_PLACEMENT_3D('',#10799,#8610,#8611);
#6850=AXIS2_PLACEMENT_3D('',#10800,#8612,#8613);
#6851=AXIS2_PLACEMENT_3D('',#10801,#8614,#8615);
#6852=AXIS2_PLACEMENT_3D('',#10802,#8616,#8617);
#6853=AXIS2_PLACEMENT_3D('',#10803,#8618,#8619);
#6854=AXIS2_PLACEMENT_3D('',#10804,#8620,#8621);
#6855=AXIS2_PLACEMENT_3D('',#10805,#8622,#8623);
#6856=AXIS2_PLACEMENT_3D('',#10806,#8624,#8625);
#6857=AXIS2_PLACEMENT_3D('',#10807,#8626,#8627);
#6858=AXIS2_PLACEMENT_3D('',#10808,#8628,#8629);
#6859=AXIS2_PLACEMENT_3D('',#10809,#8630,#8631);
#6860=AXIS2_PLACEMENT_3D('',#10810,#8632,#8633);
#6861=AXIS2_PLACEMENT_3D('',#10811,#8634,#8635);
#6862=AXIS2_PLACEMENT_3D('',#10812,#8636,#8637);
#6863=AXIS2_PLACEMENT_3D('',#10813,#8638,#8639);
#6864=AXIS2_PLACEMENT_3D('',#10814,#8640,#8641);
#6865=AXIS2_PLACEMENT_3D('',#10815,#8642,#8643);
#6866=AXIS2_PLACEMENT_3D('',#10816,#8644,#8645);
#6867=AXIS2_PLACEMENT_3D('',#10817,#8646,#8647);
#6868=AXIS2_PLACEMENT_3D('',#10818,#8648,#8649);
#6869=AXIS2_PLACEMENT_3D('',#10819,#8650,#8651);
#6870=AXIS2_PLACEMENT_3D('',#10820,#8652,#8653);
#6871=AXIS2_PLACEMENT_3D('',#10821,#8654,#8655);
#6872=AXIS2_PLACEMENT_3D('',#10826,#8656,#8657);
#6873=AXIS2_PLACEMENT_3D('',#10827,#8658,#8659);
#6874=AXIS2_PLACEMENT_3D('',#10828,#8660,#8661);
#6875=AXIS2_PLACEMENT_3D('',#10829,#8662,#8663);
#6876=AXIS2_PLACEMENT_3D('',#10830,#8664,#8665);
#6877=AXIS2_PLACEMENT_3D('',#10831,#8666,#8667);
#6878=AXIS2_PLACEMENT_3D('',#10832,#8668,#8669);
#6879=AXIS2_PLACEMENT_3D('',#10833,#8670,#8671);
#6880=AXIS2_PLACEMENT_3D('',#10838,#8672,#8673);
#6881=AXIS2_PLACEMENT_3D('',#10839,#8674,#8675);
#6882=AXIS2_PLACEMENT_3D('',#10844,#8676,#8677);
#6883=AXIS2_PLACEMENT_3D('',#10845,#8678,#8679);
#6884=AXIS2_PLACEMENT_3D('',#10848,#8682,#8683);
#6885=AXIS2_PLACEMENT_3D('',#10851,#8686,#8687);
#6886=AXIS2_PLACEMENT_3D('',#10852,#8688,#8689);
#6887=AXIS2_PLACEMENT_3D('',#10853,#8690,#8691);
#6888=AXIS2_PLACEMENT_3D('',#10854,#8692,#8693);
#6889=AXIS2_PLACEMENT_3D('',#10855,#8694,#8695);
#6890=AXIS2_PLACEMENT_3D('',#10856,#8696,#8697);
#6891=AXIS2_PLACEMENT_3D('',#10857,#8698,#8699);
#6892=AXIS2_PLACEMENT_3D('',#10858,#8700,#8701);
#6893=AXIS2_PLACEMENT_3D('',#10859,#8702,#8703);
#6894=AXIS2_PLACEMENT_3D('',#10860,#8704,#8705);
#6895=AXIS2_PLACEMENT_3D('',#10861,#8706,#8707);
#6896=AXIS2_PLACEMENT_3D('',#10862,#8708,#8709);
#6897=AXIS2_PLACEMENT_3D('',#10863,#8710,#8711);
#6898=AXIS2_PLACEMENT_3D('',#10864,#8712,#8713);
#6899=AXIS2_PLACEMENT_3D('',#10865,#8714,#8715);
#6900=AXIS2_PLACEMENT_3D('',#10866,#8716,#8717);
#6901=AXIS2_PLACEMENT_3D('',#10867,#8718,#8719);
#6902=AXIS2_PLACEMENT_3D('',#10868,#8720,#8721);
#6903=AXIS2_PLACEMENT_3D('',#10869,#8722,#8723);
#6904=AXIS2_PLACEMENT_3D('',#10875,#8724,#8725);
#6905=AXIS2_PLACEMENT_3D('',#10876,#8726,#8727);
#6906=AXIS2_PLACEMENT_3D('',#10877,#8728,#8729);
#6907=AXIS2_PLACEMENT_3D('',#10883,#8730,#8731);
#6908=AXIS2_PLACEMENT_3D('',#10884,#8732,#8733);
#6909=AXIS2_PLACEMENT_3D('',#10885,#8734,#8735);
#6910=AXIS2_PLACEMENT_3D('',#10886,#8736,#8737);
#6911=AXIS2_PLACEMENT_3D('',#10887,#8738,#8739);
#6912=AXIS2_PLACEMENT_3D('',#10888,#8740,#8741);
#6913=AXIS2_PLACEMENT_3D('',#10889,#8742,#8743);
#6914=AXIS2_PLACEMENT_3D('',#10890,#8744,#8745);
#6915=AXIS2_PLACEMENT_3D('',#10891,#8746,#8747);
#6916=AXIS2_PLACEMENT_3D('',#10896,#8748,#8749);
#6917=AXIS2_PLACEMENT_3D('',#10897,#8750,#8751);
#6918=AXIS2_PLACEMENT_3D('',#10898,#8752,#8753);
#6919=AXIS2_PLACEMENT_3D('',#10903,#8754,#8755);
#6920=AXIS2_PLACEMENT_3D('',#10904,#8756,#8757);
#6921=AXIS2_PLACEMENT_3D('',#10905,#8758,#8759);
#6922=AXIS2_PLACEMENT_3D('',#10906,#8760,#8761);
#6923=AXIS2_PLACEMENT_3D('',#10907,#8762,#8763);
#6924=AXIS2_PLACEMENT_3D('',#10908,#8764,#8765);
#6925=AXIS2_PLACEMENT_3D('',#10909,#8766,#8767);
#6926=AXIS2_PLACEMENT_3D('',#10910,#8768,#8769);
#6927=AXIS2_PLACEMENT_3D('',#10911,#8770,#8771);
#6928=AXIS2_PLACEMENT_3D('',#10912,#8772,#8773);
#6929=AXIS2_PLACEMENT_3D('',#10913,#8774,#8775);
#6930=AXIS2_PLACEMENT_3D('',#10914,#8776,#8777);
#6931=AXIS2_PLACEMENT_3D('',#10915,#8778,#8779);
#6932=AXIS2_PLACEMENT_3D('',#10920,#8780,#8781);
#6933=AXIS2_PLACEMENT_3D('',#10921,#8782,#8783);
#6934=AXIS2_PLACEMENT_3D('',#10922,#8784,#8785);
#6935=AXIS2_PLACEMENT_3D('',#10927,#8786,#8787);
#6936=AXIS2_PLACEMENT_3D('',#10928,#8788,#8789);
#6937=AXIS2_PLACEMENT_3D('',#10929,#8790,#8791);
#6938=AXIS2_PLACEMENT_3D('',#10930,#8792,#8793);
#6939=AXIS2_PLACEMENT_3D('',#10931,#8794,#8795);
#6940=AXIS2_PLACEMENT_3D('',#10932,#8796,#8797);
#6941=AXIS2_PLACEMENT_3D('',#10933,#8798,#8799);
#6942=AXIS2_PLACEMENT_3D('',#10934,#8800,#8801);
#6943=AXIS2_PLACEMENT_3D('',#10935,#8802,#8803);
#6944=AXIS2_PLACEMENT_3D('',#10936,#8804,#8805);
#6945=AXIS2_PLACEMENT_3D('',#10937,#8806,#8807);
#6946=AXIS2_PLACEMENT_3D('',#10938,#8808,#8809);
#6947=AXIS2_PLACEMENT_3D('',#10939,#8810,#8811);
#6948=AXIS2_PLACEMENT_3D('',#10940,#8812,#8813);
#6949=AXIS2_PLACEMENT_3D('',#10941,#8814,#8815);
#6950=AXIS2_PLACEMENT_3D('',#10942,#8816,#8817);
#6951=AXIS2_PLACEMENT_3D('',#10943,#8818,#8819);
#6952=AXIS2_PLACEMENT_3D('',#10944,#8820,#8821);
#6953=AXIS2_PLACEMENT_3D('',#10945,#8822,#8823);
#6954=AXIS2_PLACEMENT_3D('',#10946,#8824,#8825);
#6955=AXIS2_PLACEMENT_3D('',#10947,#8826,#8827);
#6956=AXIS2_PLACEMENT_3D('',#10948,#8828,#8829);
#6957=AXIS2_PLACEMENT_3D('',#10949,#8830,#8831);
#6958=AXIS2_PLACEMENT_3D('',#10950,#8832,#8833);
#6959=AXIS2_PLACEMENT_3D('',#10951,#8834,#8835);
#6960=AXIS2_PLACEMENT_3D('',#10952,#8836,#8837);
#6961=AXIS2_PLACEMENT_3D('',#10953,#8838,#8839);
#6962=AXIS2_PLACEMENT_3D('',#10954,#8840,#8841);
#6963=AXIS2_PLACEMENT_3D('',#10955,#8842,#8843);
#6964=AXIS2_PLACEMENT_3D('',#10961,#8844,#8845);
#6965=AXIS2_PLACEMENT_3D('',#10962,#8846,#8847);
#6966=AXIS2_PLACEMENT_3D('',#10963,#8848,#8849);
#6967=AXIS2_PLACEMENT_3D('',#10969,#8850,#8851);
#6968=AXIS2_PLACEMENT_3D('',#10970,#8852,#8853);
#6969=AXIS2_PLACEMENT_3D('',#10971,#8854,#8855);
#6970=AXIS2_PLACEMENT_3D('',#10972,#8856,#8857);
#6971=AXIS2_PLACEMENT_3D('',#10973,#8858,#8859);
#6972=AXIS2_PLACEMENT_3D('',#10974,#8860,#8861);
#6973=AXIS2_PLACEMENT_3D('',#10975,#8862,#8863);
#6974=DIRECTION('',(0.,0.,1.));
#6975=DIRECTION('',(1.,0.,0.));
#6976=DIRECTION('',(0.,-1.,0.));
#6977=DIRECTION('',(1.,0.,0.));
#6978=DIRECTION('',(1.,0.,0.));
#6979=DIRECTION('',(0.,-1.,0.));
#6980=DIRECTION('',(0.,0.,-1.));
#6981=DIRECTION('',(-1.,0.,-3.67394039744206E-16));
#6982=DIRECTION('',(0.,-1.,0.));
#6983=DIRECTION('',(0.,0.,-1.));
#6984=DIRECTION('',(1.,0.,0.));
#6985=DIRECTION('',(0.,-1.,0.));
#6986=DIRECTION('',(0.,0.,-1.));
#6987=DIRECTION('',(1.,0.,0.));
#6988=DIRECTION('',(0.,0.,-1.));
#6989=DIRECTION('',(0.,1.,0.));
#6990=DIRECTION('',(0.,0.,1.));
#6991=DIRECTION('',(0.,1.,0.));
#6992=DIRECTION('',(0.,0.,1.));
#6993=DIRECTION('',(1.,0.,0.));
#6994=DIRECTION('',(0.,0.,-1.));
#6995=DIRECTION('',(1.,0.,0.));
#6996=DIRECTION('',(-3.67394039744206E-16,0.,1.));
#6997=DIRECTION('',(1.,0.,3.67394039744206E-16));
#6998=DIRECTION('',(0.,-1.,0.));
#6999=DIRECTION('',(-1.,0.,-3.67394039744206E-16));
#7000=DIRECTION('',(0.,-1.,0.));
#7001=DIRECTION('',(-1.,0.,-3.67394039744206E-16));
#7002=DIRECTION('',(-3.67394039744206E-16,0.,1.));
#7003=DIRECTION('',(1.,0.,3.67394039744206E-16));
#7004=DIRECTION('',(0.,-1.,0.));
#7005=DIRECTION('',(-1.,0.,-3.67394039744206E-16));
#7006=DIRECTION('',(0.,-1.,0.));
#7007=DIRECTION('',(-1.,0.,-3.67394039744206E-16));
#7008=DIRECTION('',(0.,-1.,0.));
#7009=DIRECTION('',(1.,0.,0.));
#7010=DIRECTION('',(0.,0.,1.));
#7011=DIRECTION('',(1.,0.,0.));
#7012=DIRECTION('',(0.,0.,1.));
#7013=DIRECTION('',(1.,0.,-3.58908305374512E-16));
#7014=DIRECTION('',(0.,0.,1.));
#7015=DIRECTION('',(0.,-1.,0.));
#7016=DIRECTION('',(0.,0.,-1.));
#7017=DIRECTION('',(1.,0.,0.));
#7018=DIRECTION('',(0.,-1.,0.));
#7019=DIRECTION('',(0.,0.,-1.));
#7020=DIRECTION('',(-1.,0.,-3.67394039744206E-16));
#7021=DIRECTION('',(0.,-1.,0.));
#7022=DIRECTION('',(0.,0.,-1.));
#7023=DIRECTION('',(-1.,0.,0.));
#7024=DIRECTION('',(0.,-1.,0.));
#7025=DIRECTION('',(0.,0.,-1.));
#7026=DIRECTION('',(-1.,0.,0.));
#7027=DIRECTION('',(0.,0.,-1.));
#7028=DIRECTION('',(1.,0.,3.67394039744206E-16));
#7029=DIRECTION('',(3.67394039744206E-16,0.,-1.));
#7030=DIRECTION('',(-1.,0.,-3.67394039744206E-16));
#7031=DIRECTION('',(1.,0.,0.));
#7032=DIRECTION('',(1.,0.,3.67394039744206E-16));
#7033=DIRECTION('',(3.67394039744206E-16,0.,-1.));
#7034=DIRECTION('',(-1.,0.,-3.67394039744206E-16));
#7035=DIRECTION('',(0.707106781186548,0.,-0.707106781186547));
#7036=DIRECTION('',(-0.707106781186547,0.,-0.707106781186548));
#7037=DIRECTION('',(0.,0.,-1.));
#7038=DIRECTION('',(-1.,0.,0.));
#7039=DIRECTION('',(0.,0.,-1.));
#7040=DIRECTION('',(0.,0.,1.));
#7041=DIRECTION('',(1.,0.,0.));
#7042=DIRECTION('',(0.,0.,-1.));
#7043=DIRECTION('',(0.,0.,1.));
#7044=DIRECTION('',(1.,0.,0.));
#7045=DIRECTION('',(0.,0.,-1.));
#7046=DIRECTION('',(-1.,0.,0.));
#7047=DIRECTION('',(0.,0.,1.));
#7048=DIRECTION('',(1.,0.,0.));
#7049=DIRECTION('',(0.,0.,-1.));
#7050=DIRECTION('',(0.,0.,-1.));
#7051=DIRECTION('',(-1.,0.,0.));
#7052=DIRECTION('',(0.,-1.,0.));
#7053=DIRECTION('',(1.,0.,0.));
#7054=DIRECTION('',(0.,0.,1.));
#7055=DIRECTION('',(-1.,0.,0.));
#7056=DIRECTION('',(0.,0.,1.));
#7057=DIRECTION('',(-1.,0.,-3.67394039744206E-16));
#7058=DIRECTION('',(0.,-1.,0.));
#7059=DIRECTION('',(0.,0.,-1.));
#7060=DIRECTION('',(1.,0.,0.));
#7061=DIRECTION('',(0.,-1.,0.));
#7062=DIRECTION('',(0.,0.,-1.));
#7063=DIRECTION('',(0.,0.,1.));
#7064=DIRECTION('',(-1.,0.,-3.58908305374512E-16));
#7065=DIRECTION('',(1.,0.,0.));
#7066=DIRECTION('',(0.,0.,-1.));
#7067=DIRECTION('',(0.,0.,-1.));
#7068=DIRECTION('',(0.,-1.,0.));
#7069=DIRECTION('',(0.,0.,-1.));
#7070=DIRECTION('',(0.,-1.,0.));
#7071=DIRECTION('',(1.,0.,0.));
#7072=DIRECTION('',(0.,0.,-1.));
#7073=DIRECTION('',(-1.,0.,0.));
#7074=DIRECTION('',(0.,0.,1.));
#7075=DIRECTION('',(0.,0.,1.));
#7076=DIRECTION('',(0.,-1.,0.));
#7077=DIRECTION('',(0.,0.,1.));
#7078=DIRECTION('',(0.,0.,-1.));
#7079=DIRECTION('',(0.,-1.,0.));
#7080=DIRECTION('',(0.,-1.,0.));
#7081=DIRECTION('',(-1.,0.,0.));
#7082=DIRECTION('',(0.,0.,1.));
#7083=DIRECTION('',(0.,0.,-1.));
#7084=DIRECTION('',(1.,0.,0.));
#7085=DIRECTION('',(0.,0.,-1.));
#7086=DIRECTION('',(-1.,0.,0.));
#7087=DIRECTION('',(1.16872706666174E-16,-1.,0.));
#7088=DIRECTION('',(-1.16872706666174E-16,-1.,0.));
#7089=DIRECTION('',(0.,0.,1.));
#7090=DIRECTION('',(-1.,0.,0.));
#7091=DIRECTION('',(-1.,0.,0.));
#7092=DIRECTION('',(0.,0.,1.));
#7093=DIRECTION('',(1.,0.,0.));
#7094=DIRECTION('',(-1.53156022361291E-16,-1.,0.));
#7095=DIRECTION('',(-1.,0.,0.));
#7096=DIRECTION('',(0.,-1.,0.));
#7097=DIRECTION('',(0.,-1.,0.));
#7098=DIRECTION('',(1.,0.,0.));
#7099=DIRECTION('',(0.,0.,-1.));
#7100=DIRECTION('',(-1.,0.,0.));
#7101=DIRECTION('',(0.,1.,0.));
#7102=DIRECTION('',(0.,0.,-1.));
#7103=DIRECTION('',(-1.,0.,0.));
#7104=DIRECTION('',(0.,0.,-1.));
#7105=DIRECTION('',(-1.,0.,0.));
#7106=DIRECTION('',(0.,-1.,0.));
#7107=DIRECTION('',(0.,0.,1.));
#7108=DIRECTION('',(1.,0.,0.));
#7109=DIRECTION('',(0.,0.,1.));
#7110=DIRECTION('',(-1.,0.,0.));
#7111=DIRECTION('',(-1.,0.,0.));
#7112=DIRECTION('',(-1.53156022361291E-16,-1.,0.));
#7113=DIRECTION('',(0.,0.,1.));
#7114=DIRECTION('',(1.,0.,0.));
#7115=DIRECTION('',(-1.16872706666174E-16,-1.,0.));
#7116=DIRECTION('',(0.,-1.,0.));
#7117=DIRECTION('',(1.,0.,0.));
#7118=DIRECTION('',(0.,0.,1.));
#7119=DIRECTION('',(1.,0.,0.));
#7120=DIRECTION('',(0.,0.,1.));
#7121=DIRECTION('',(-1.,0.,-3.67394039744206E-16));
#7122=DIRECTION('',(0.,-1.,0.));
#7123=DIRECTION('',(0.,0.,-1.));
#7124=DIRECTION('',(0.,-1.,0.));
#7125=DIRECTION('',(0.,0.,-1.));
#7126=DIRECTION('',(0.,0.,1.));
#7127=DIRECTION('',(-1.,0.,0.));
#7128=DIRECTION('',(0.,0.,1.));
#7129=DIRECTION('',(-1.,0.,-1.18276600634782E-16));
#7130=DIRECTION('',(1.,0.,0.));
#7131=DIRECTION('',(0.,0.,-1.));
#7132=DIRECTION('',(0.,-1.,0.));
#7133=DIRECTION('',(0.,0.,-1.));
#7134=DIRECTION('',(0.,0.,1.));
#7135=DIRECTION('',(-1.,0.,0.));
#7136=DIRECTION('',(0.,-1.,0.));
#7137=DIRECTION('',(-1.,0.,0.));
#7138=DIRECTION('',(0.0974585982235124,-0.995239580016946,0.));
#7139=DIRECTION('',(-0.973403301273011,-0.229098260732823,0.));
#7140=DIRECTION('',(0.,-1.,0.));
#7141=DIRECTION('',(1.,0.,0.));
#7142=DIRECTION('',(-0.973403301273011,-0.229098260732823,0.));
#7143=DIRECTION('',(0.,1.,0.));
#7144=DIRECTION('',(0.,-1.,0.));
#7145=DIRECTION('',(0.,-1.,0.));
#7146=DIRECTION('',(0.,0.,1.));
#7147=DIRECTION('',(1.,0.,0.));
#7148=DIRECTION('',(1.,0.,0.));
#7149=DIRECTION('',(-0.884526527218976,-0.466489895545379,0.));
#7150=DIRECTION('',(-1.31027156140413E-15,1.,0.));
#7151=DIRECTION('',(0.967589981275381,0.252526489967902,0.));
#7152=DIRECTION('',(0.29598966128907,-0.955191143389626,0.));
#7153=DIRECTION('',(-0.760405965600031,-0.649448048330183,0.));
#7154=DIRECTION('',(0.,0.,-1.));
#7155=DIRECTION('',(-1.,0.,0.));
#7156=DIRECTION('',(0.861629160441526,0.507538362960703,0.));
#7157=DIRECTION('',(0.448809291371976,-0.893627562230589,0.));
#7158=DIRECTION('',(-0.587785252292474,-0.809016994374947,0.));
#7159=DIRECTION('',(0.,0.,-1.));
#7160=DIRECTION('',(-1.,0.,0.));
#7161=DIRECTION('',(0.743144825477395,0.669130606358858,0.));
#7162=DIRECTION('',(0.621450590045124,-0.783453357981551,0.));
#7163=DIRECTION('',(-0.241921895599668,-0.970295726275996,0.));
#7164=DIRECTION('',(0.,0.,-1.));
#7165=DIRECTION('',(-1.,0.,0.));
#7166=DIRECTION('',(0.438371146789078,0.898794046299167,0.));
#7167=DIRECTION('',(0.844806340932599,-0.535072187952312,0.));
#7168=DIRECTION('',(-0.970614114801818,0.2406413101433,0.));
#7169=DIRECTION('',(0.,1.,0.));
#7170=DIRECTION('',(0.,0.,-1.));
#7171=DIRECTION('',(-1.,0.,0.));
#7172=DIRECTION('',(-0.224951054343866,-0.974370064785235,0.));
#7173=DIRECTION('',(0.,0.,1.));
#7174=DIRECTION('',(1.,0.,0.));
#7175=DIRECTION('',(0.,0.,-1.));
#7176=DIRECTION('',(-1.,0.,0.));
#7177=DIRECTION('',(0.,0.,-1.));
#7178=DIRECTION('',(-1.,0.,0.));
#7179=DIRECTION('',(0.,0.,-1.));
#7180=DIRECTION('',(0.,0.,-1.));
#7181=DIRECTION('',(-1.,0.,0.));
#7182=DIRECTION('',(0.,0.,-1.));
#7183=DIRECTION('',(-1.,0.,0.));
#7184=DIRECTION('',(0.,0.,-1.));
#7185=DIRECTION('',(-1.,0.,0.));
#7186=DIRECTION('',(1.,0.,0.));
#7187=DIRECTION('',(0.,-1.,0.));
#7188=DIRECTION('',(0.,1.,0.));
#7189=DIRECTION('',(0.,0.,-1.));
#7190=DIRECTION('',(-1.,0.,0.));
#7191=DIRECTION('',(1.,2.01127359533543E-16,0.));
#7192=DIRECTION('',(-2.01127359533543E-16,1.,0.));
#7193=DIRECTION('',(0.,0.,1.));
#7194=DIRECTION('',(2.01127359533543E-16,-1.,0.));
#7195=DIRECTION('',(0.,0.,-1.));
#7196=DIRECTION('',(2.01127359533543E-16,-1.,0.));
#7197=DIRECTION('',(1.,0.,0.));
#7198=DIRECTION('',(0.,0.,-1.));
#7199=DIRECTION('',(0.,0.,-1.));
#7200=DIRECTION('',(0.,-1.,0.));
#7201=DIRECTION('',(0.,0.,-1.));
#7202=DIRECTION('',(0.,-1.,0.));
#7203=DIRECTION('',(0.,0.,1.));
#7204=DIRECTION('',(1.87537673078574E-16,-1.,0.));
#7205=DIRECTION('',(0.,0.,-1.));
#7206=DIRECTION('',(1.87537673078574E-16,-1.,0.));
#7207=DIRECTION('',(1.,0.,0.));
#7208=DIRECTION('',(0.,0.,-1.));
#7209=DIRECTION('',(0.,0.,-1.));
#7210=DIRECTION('',(1.,0.,0.));
#7211=DIRECTION('',(0.,-1.,0.));
#7212=DIRECTION('',(-1.,0.,0.));
#7213=DIRECTION('',(0.,0.,1.));
#7214=DIRECTION('',(1.,0.,0.));
#7215=DIRECTION('',(0.,1.,0.));
#7216=DIRECTION('',(0.,0.,1.));
#7217=DIRECTION('',(1.,0.,0.));
#7218=DIRECTION('',(1.,0.,0.));
#7219=DIRECTION('',(0.,0.,-1.));
#7220=DIRECTION('',(0.,-1.,0.));
#7221=DIRECTION('',(0.,0.,-1.));
#7222=DIRECTION('',(0.,-1.,0.));
#7223=DIRECTION('',(0.,0.,-1.));
#7224=DIRECTION('',(-1.,0.,0.));
#7225=DIRECTION('',(0.,0.,-1.));
#7226=DIRECTION('',(0.,0.,1.));
#7227=DIRECTION('',(1.,0.,0.));
#7228=DIRECTION('',(0.,0.,1.));
#7229=DIRECTION('',(1.,0.,0.));
#7230=DIRECTION('',(1.,0.,0.));
#7231=DIRECTION('',(0.,0.,-1.));
#7232=DIRECTION('',(0.,0.,-1.));
#7233=DIRECTION('',(0.,-1.,0.));
#7234=DIRECTION('',(0.,0.,-1.));
#7235=DIRECTION('',(1.,0.,0.));
#7236=DIRECTION('',(0.,0.,-1.));
#7237=DIRECTION('',(-1.87537673078574E-16,-1.,0.));
#7238=DIRECTION('',(0.,0.,-1.));
#7239=DIRECTION('',(-1.87537673078574E-16,-1.,0.));
#7240=DIRECTION('',(0.,0.,1.));
#7241=DIRECTION('',(0.,-1.,0.));
#7242=DIRECTION('',(0.,0.,1.));
#7243=DIRECTION('',(1.,0.,0.));
#7244=DIRECTION('',(0.,0.,1.));
#7245=DIRECTION('',(0.,0.,-1.));
#7246=DIRECTION('',(-1.,0.,0.));
#7247=DIRECTION('',(0.,0.,1.));
#7248=DIRECTION('',(0.,0.,1.));
#7249=DIRECTION('',(1.,0.,0.));
#7250=DIRECTION('',(0.,0.,1.));
#7251=DIRECTION('',(1.,0.,0.));
#7252=DIRECTION('',(0.,0.,-1.));
#7253=DIRECTION('',(-1.,0.,0.));
#7254=DIRECTION('',(0.,0.,-1.));
#7255=DIRECTION('',(0.,0.,1.));
#7256=DIRECTION('',(1.,0.,0.));
#7257=DIRECTION('',(0.,0.,1.));
#7258=DIRECTION('',(1.,0.,0.));
#7259=DIRECTION('',(0.,-1.,0.));
#7260=DIRECTION('',(0.,0.,1.));
#7261=DIRECTION('',(1.,0.,0.));
#7262=DIRECTION('',(0.,1.,0.));
#7263=DIRECTION('',(0.,0.,1.));
#7264=DIRECTION('',(1.,0.,0.));
#7265=DIRECTION('',(-1.,0.,0.));
#7266=DIRECTION('',(0.,-1.,0.));
#7267=DIRECTION('',(0.,-1.,0.));
#7268=DIRECTION('',(1.53156022361291E-16,-1.,0.));
#7269=DIRECTION('',(0.,-1.,0.));
#7270=DIRECTION('',(1.,0.,0.));
#7271=DIRECTION('',(0.,0.,1.));
#7272=DIRECTION('',(1.,0.,0.));
#7273=DIRECTION('',(0.,0.,1.));
#7274=DIRECTION('',(1.,0.,0.));
#7275=DIRECTION('',(1.53156022361291E-16,-1.,0.));
#7276=DIRECTION('',(1.16872706666174E-16,-1.,0.));
#7277=DIRECTION('',(1.,0.,0.));
#7278=DIRECTION('',(0.,0.,-1.));
#7279=DIRECTION('',(0.,-1.,0.));
#7280=DIRECTION('',(-1.,0.,0.));
#7281=DIRECTION('',(0.,0.,1.));
#7282=DIRECTION('',(0.,-1.,0.));
#7283=DIRECTION('',(0.,0.,1.));
#7284=DIRECTION('',(-1.,0.,0.));
#7285=DIRECTION('',(0.,0.,1.));
#7286=DIRECTION('',(0.,1.,0.));
#7287=DIRECTION('',(0.,-1.,0.));
#7288=DIRECTION('',(0.,0.,1.));
#7289=DIRECTION('',(1.,0.,0.));
#7290=DIRECTION('',(0.,-1.,0.));
#7291=DIRECTION('',(1.,0.,0.));
#7292=DIRECTION('',(0.,1.,0.));
#7293=DIRECTION('',(0.973403301273011,-0.229098260732823,0.));
#7294=DIRECTION('',(1.,0.,0.));
#7295=DIRECTION('',(0.,-1.,0.));
#7296=DIRECTION('',(0.973403301273011,-0.229098260732823,0.));
#7297=DIRECTION('',(-0.0974585982235124,-0.995239580016946,0.));
#7298=DIRECTION('',(0.,-1.,0.));
#7299=DIRECTION('',(0.,0.,1.));
#7300=DIRECTION('',(1.,0.,0.));
#7301=DIRECTION('',(0.,-1.,0.));
#7302=DIRECTION('',(0.884526527218976,-0.466489895545379,0.));
#7303=DIRECTION('',(-0.29598966128907,-0.955191143389626,0.));
#7304=DIRECTION('',(-0.967589981275381,0.252526489967902,0.));
#7305=DIRECTION('',(1.31027156140413E-15,1.,0.));
#7306=DIRECTION('',(0.760405965600031,-0.649448048330183,0.));
#7307=DIRECTION('',(-0.448809291371976,-0.893627562230589,0.));
#7308=DIRECTION('',(-0.861629160441526,0.507538362960703,0.));
#7309=DIRECTION('',(0.,0.,1.));
#7310=DIRECTION('',(1.,0.,0.));
#7311=DIRECTION('',(0.587785252292474,-0.809016994374947,0.));
#7312=DIRECTION('',(-0.621450590045124,-0.783453357981551,0.));
#7313=DIRECTION('',(-0.743144825477395,0.669130606358858,0.));
#7314=DIRECTION('',(0.,0.,1.));
#7315=DIRECTION('',(1.,0.,0.));
#7316=DIRECTION('',(0.241921895599668,-0.970295726275996,0.));
#7317=DIRECTION('',(-0.844806340932599,-0.535072187952312,0.));
#7318=DIRECTION('',(-0.438371146789078,0.898794046299167,0.));
#7319=DIRECTION('',(0.,0.,1.));
#7320=DIRECTION('',(1.,0.,0.));
#7321=DIRECTION('',(0.970614114801818,0.2406413101433,0.));
#7322=DIRECTION('',(0.224951054343866,-0.974370064785235,0.));
#7323=DIRECTION('',(0.,0.,1.));
#7324=DIRECTION('',(1.,0.,0.));
#7325=DIRECTION('',(0.,1.,0.));
#7326=DIRECTION('',(0.,0.,-1.));
#7327=DIRECTION('',(1.,0.,0.));
#7328=DIRECTION('',(-1.,0.,0.));
#7329=DIRECTION('',(0.,0.,1.));
#7330=DIRECTION('',(1.,0.,0.));
#7331=DIRECTION('',(0.,1.,0.));
#7332=DIRECTION('',(0.,0.,1.));
#7333=DIRECTION('',(1.,0.,0.));
#7334=DIRECTION('',(0.,0.,-1.));
#7335=DIRECTION('',(-1.,0.,0.));
#7336=DIRECTION('',(0.,0.,1.));
#7337=DIRECTION('',(0.,0.,1.));
#7338=DIRECTION('',(1.,0.,0.));
#7339=DIRECTION('',(0.,0.,1.));
#7340=DIRECTION('',(0.,0.,1.));
#7341=DIRECTION('',(1.,0.,0.));
#7342=DIRECTION('',(0.,0.,-1.));
#7343=DIRECTION('',(-1.,0.,0.));
#7344=DIRECTION('',(0.,0.,1.));
#7345=DIRECTION('',(0.,0.,1.));
#7346=DIRECTION('',(1.,0.,0.));
#7347=DIRECTION('',(0.,0.,1.));
#7348=DIRECTION('',(0.,0.,1.));
#7349=DIRECTION('',(1.,0.,0.));
#7350=DIRECTION('',(0.,0.,1.));
#7351=DIRECTION('',(1.,0.,0.));
#7352=DIRECTION('',(0.,0.,1.));
#7353=DIRECTION('',(0.,0.,-1.));
#7354=DIRECTION('',(-1.,0.,0.));
#7355=DIRECTION('',(0.,0.,1.));
#7356=DIRECTION('',(0.,0.,-1.));
#7357=DIRECTION('',(-1.,0.,0.));
#7358=DIRECTION('',(0.,0.,-1.));
#7359=DIRECTION('',(-6.12323399573677E-17,1.,0.));
#7360=DIRECTION('',(0.,0.,-1.));
#7361=DIRECTION('',(-1.,0.,0.));
#7362=DIRECTION('',(0.,0.,-1.));
#7363=DIRECTION('',(-1.,0.,0.));
#7364=DIRECTION('',(0.,0.,-1.));
#7365=DIRECTION('',(-1.,0.,0.));
#7366=DIRECTION('',(0.,0.,-1.));
#7367=DIRECTION('',(-1.,0.,0.));
#7368=DIRECTION('',(0.,0.,-1.));
#7369=DIRECTION('',(1.83697019872103E-16,-1.,0.));
#7370=DIRECTION('',(0.,0.,1.));
#7371=DIRECTION('',(1.,0.,0.));
#7372=DIRECTION('',(0.,0.,-1.));
#7373=DIRECTION('',(-1.,0.,0.));
#7374=DIRECTION('',(0.,0.,-1.));
#7375=DIRECTION('',(-1.,0.,0.));
#7376=DIRECTION('',(0.,0.,-1.));
#7377=DIRECTION('',(-1.,0.,0.));
#7378=DIRECTION('',(0.,0.,-1.));
#7379=DIRECTION('',(-6.12323399573677E-17,1.,0.));
#7380=DIRECTION('',(0.,0.,-1.));
#7381=DIRECTION('',(1.,1.22464679914735E-16,0.));
#7382=DIRECTION('',(0.,0.,1.));
#7383=DIRECTION('',(1.,0.,0.));
#7384=DIRECTION('',(0.,0.,-1.));
#7385=DIRECTION('',(-1.,0.,0.));
#7386=DIRECTION('',(0.,0.,1.));
#7387=DIRECTION('',(0.,0.,1.));
#7388=DIRECTION('',(1.,0.,0.));
#7389=DIRECTION('',(0.,0.,1.));
#7390=DIRECTION('',(0.,0.,1.));
#7391=DIRECTION('',(1.,0.,0.));
#7392=DIRECTION('',(0.,0.,-1.));
#7393=DIRECTION('',(-1.,0.,0.));
#7394=DIRECTION('',(0.,0.,1.));
#7395=DIRECTION('',(0.,0.,1.));
#7396=DIRECTION('',(1.,0.,0.));
#7397=DIRECTION('',(0.,0.,1.));
#7398=DIRECTION('',(0.,0.,1.));
#7399=DIRECTION('',(1.,0.,0.));
#7400=DIRECTION('',(0.,0.,1.));
#7401=DIRECTION('',(1.,0.,0.));
#7402=DIRECTION('',(0.,0.,1.));
#7403=DIRECTION('',(0.,0.,-1.));
#7404=DIRECTION('',(-1.,0.,0.));
#7405=DIRECTION('',(0.,0.,1.));
#7406=DIRECTION('',(0.,0.,-1.));
#7407=DIRECTION('',(-1.,0.,0.));
#7408=DIRECTION('',(0.,0.,-1.));
#7409=DIRECTION('',(-6.12323399573677E-17,1.,0.));
#7410=DIRECTION('',(0.,0.,-1.));
#7411=DIRECTION('',(-1.,0.,0.));
#7412=DIRECTION('',(0.,0.,-1.));
#7413=DIRECTION('',(-1.,0.,0.));
#7414=DIRECTION('',(0.,0.,-1.));
#7415=DIRECTION('',(-1.,0.,0.));
#7416=DIRECTION('',(0.,0.,-1.));
#7417=DIRECTION('',(-1.,0.,0.));
#7418=DIRECTION('',(0.,0.,-1.));
#7419=DIRECTION('',(1.83697019872103E-16,-1.,0.));
#7420=DIRECTION('',(0.,0.,1.));
#7421=DIRECTION('',(1.,0.,0.));
#7422=DIRECTION('',(0.,0.,-1.));
#7423=DIRECTION('',(-1.,0.,0.));
#7424=DIRECTION('',(0.,0.,-1.));
#7425=DIRECTION('',(-1.,0.,0.));
#7426=DIRECTION('',(0.,0.,-1.));
#7427=DIRECTION('',(-1.,0.,0.));
#7428=DIRECTION('',(0.,0.,-1.));
#7429=DIRECTION('',(-6.12323399573677E-17,1.,0.));
#7430=DIRECTION('',(0.,0.,-1.));
#7431=DIRECTION('',(1.,1.22464679914735E-16,0.));
#7432=DIRECTION('',(0.,0.,1.));
#7433=DIRECTION('',(1.,0.,0.));
#7434=DIRECTION('',(0.,0.,1.));
#7435=DIRECTION('',(0.,0.,-1.));
#7436=DIRECTION('',(-1.,0.,0.));
#7437=DIRECTION('',(0.,0.,1.));
#7438=DIRECTION('',(0.,0.,1.));
#7439=DIRECTION('',(1.,0.,0.));
#7440=DIRECTION('',(0.,0.,1.));
#7441=DIRECTION('',(1.,0.,0.));
#7442=DIRECTION('',(0.,0.,-1.));
#7443=DIRECTION('',(-1.,0.,0.));
#7444=DIRECTION('',(0.,0.,1.));
#7445=DIRECTION('',(0.,0.,1.));
#7446=DIRECTION('',(1.,0.,0.));
#7447=DIRECTION('',(0.,0.,1.));
#7448=DIRECTION('',(0.,0.,1.));
#7449=DIRECTION('',(1.,0.,0.));
#7450=DIRECTION('',(0.,0.,-1.));
#7451=DIRECTION('',(-1.,0.,0.));
#7452=DIRECTION('',(0.,0.,1.));
#7453=DIRECTION('',(0.,0.,1.));
#7454=DIRECTION('',(1.,0.,0.));
#7455=DIRECTION('',(0.,0.,1.));
#7456=DIRECTION('',(0.,0.,-1.));
#7457=DIRECTION('',(-1.,0.,0.));
#7458=DIRECTION('',(0.,0.,1.));
#7459=DIRECTION('',(1.,0.,0.));
#7460=DIRECTION('',(0.,0.,-1.));
#7461=DIRECTION('',(-6.12323399573677E-17,1.,0.));
#7462=DIRECTION('',(0.,0.,-1.));
#7463=DIRECTION('',(-1.,0.,0.));
#7464=DIRECTION('',(0.,0.,-1.));
#7465=DIRECTION('',(-1.,0.,0.));
#7466=DIRECTION('',(0.,0.,-1.));
#7467=DIRECTION('',(-1.,0.,0.));
#7468=DIRECTION('',(0.,0.,-1.));
#7469=DIRECTION('',(-1.,0.,0.));
#7470=DIRECTION('',(0.,0.,-1.));
#7471=DIRECTION('',(1.83697019872103E-16,-1.,0.));
#7472=DIRECTION('',(0.,0.,-1.));
#7473=DIRECTION('',(-1.,0.,0.));
#7474=DIRECTION('',(0.,0.,-1.));
#7475=DIRECTION('',(-1.,0.,0.));
#7476=DIRECTION('',(0.,0.,-1.));
#7477=DIRECTION('',(-1.,0.,0.));
#7478=DIRECTION('',(0.,0.,-1.));
#7479=DIRECTION('',(-6.12323399573677E-17,1.,0.));
#7480=DIRECTION('',(0.,0.,-1.));
#7481=DIRECTION('',(1.,1.22464679914735E-16,0.));
#7482=DIRECTION('',(0.,0.,1.));
#7483=DIRECTION('',(1.,0.,0.));
#7484=DIRECTION('',(0.,0.,1.));
#7485=DIRECTION('',(0.,0.,-1.));
#7486=DIRECTION('',(-1.,0.,0.));
#7487=DIRECTION('',(0.,0.,1.));
#7488=DIRECTION('',(0.,0.,1.));
#7489=DIRECTION('',(1.,0.,0.));
#7490=DIRECTION('',(0.,0.,1.));
#7491=DIRECTION('',(1.,0.,0.));
#7492=DIRECTION('',(0.,0.,-1.));
#7493=DIRECTION('',(-1.,0.,0.));
#7494=DIRECTION('',(0.,0.,1.));
#7495=DIRECTION('',(0.,0.,1.));
#7496=DIRECTION('',(1.,0.,0.));
#7497=DIRECTION('',(0.,0.,1.));
#7498=DIRECTION('',(0.,0.,1.));
#7499=DIRECTION('',(1.,0.,0.));
#7500=DIRECTION('',(0.,0.,-1.));
#7501=DIRECTION('',(-1.,0.,0.));
#7502=DIRECTION('',(0.,0.,1.));
#7503=DIRECTION('',(0.,0.,1.));
#7504=DIRECTION('',(1.,0.,0.));
#7505=DIRECTION('',(0.,0.,1.));
#7506=DIRECTION('',(0.,0.,-1.));
#7507=DIRECTION('',(-1.,0.,0.));
#7508=DIRECTION('',(0.,0.,-1.));
#7509=DIRECTION('',(-1.,0.,0.));
#7510=DIRECTION('',(0.,0.,-1.));
#7511=DIRECTION('',(-1.,0.,0.));
#7512=DIRECTION('',(0.,0.,-1.));
#7513=DIRECTION('',(-1.,0.,0.));
#7514=DIRECTION('',(0.,0.,-1.));
#7515=DIRECTION('',(-1.,0.,0.));
#7516=DIRECTION('',(0.,0.,-1.));
#7517=DIRECTION('',(-1.,0.,0.));
#7518=DIRECTION('',(0.,0.,-1.));
#7519=DIRECTION('',(-1.,0.,0.));
#7520=DIRECTION('',(0.,0.,-1.));
#7521=DIRECTION('',(-1.,0.,0.));
#7522=DIRECTION('',(0.,0.,-1.));
#7523=DIRECTION('',(-1.,0.,0.));
#7524=DIRECTION('',(0.,0.,-1.));
#7525=DIRECTION('',(-1.,0.,0.));
#7526=DIRECTION('',(0.,0.,-1.));
#7527=DIRECTION('',(-1.,0.,0.));
#7528=DIRECTION('',(0.,0.,-1.));
#7529=DIRECTION('',(-1.,0.,0.));
#7530=DIRECTION('',(0.,0.,-1.));
#7531=DIRECTION('',(-1.,0.,0.));
#7532=DIRECTION('',(0.,0.,-1.));
#7533=DIRECTION('',(-1.,0.,0.));
#7534=DIRECTION('',(0.,0.,-1.));
#7535=DIRECTION('',(-1.,0.,0.));
#7536=DIRECTION('',(0.,0.,-1.));
#7537=DIRECTION('',(-1.,0.,0.));
#7538=DIRECTION('',(0.,0.,-1.));
#7539=DIRECTION('',(-1.,0.,0.));
#7540=DIRECTION('',(0.,0.,-1.));
#7541=DIRECTION('',(-1.,0.,0.));
#7542=DIRECTION('',(0.,0.,-1.));
#7543=DIRECTION('',(-1.,0.,0.));
#7544=DIRECTION('',(0.,0.,-1.));
#7545=DIRECTION('',(-1.,0.,0.));
#7546=DIRECTION('',(0.,0.,-1.));
#7547=DIRECTION('',(-1.,0.,0.));
#7548=DIRECTION('',(0.,0.,-1.));
#7549=DIRECTION('',(-1.,0.,0.));
#7550=DIRECTION('',(0.,0.,1.));
#7551=DIRECTION('',(1.,0.,0.));
#7552=DIRECTION('',(0.,0.,-1.));
#7553=DIRECTION('',(1.83697019872103E-16,-1.,0.));
#7554=DIRECTION('',(0.,0.,-1.));
#7555=DIRECTION('',(1.,1.22464679914735E-16,0.));
#7556=DIRECTION('',(0.,0.,-1.));
#7557=DIRECTION('',(-6.12323399573677E-17,1.,0.));
#7558=DIRECTION('',(0.,0.,-1.));
#7559=DIRECTION('',(-1.,0.,0.));
#7560=DIRECTION('',(0.,0.,1.));
#7561=DIRECTION('',(1.,0.,0.));
#7562=DIRECTION('',(0.,0.,1.));
#7563=DIRECTION('',(0.,0.,1.));
#7564=DIRECTION('',(0.,0.,-1.));
#7565=DIRECTION('',(-1.,0.,0.));
#7566=DIRECTION('',(0.,0.,-1.));
#7567=DIRECTION('',(1.83697019872103E-16,-1.,0.));
#7568=DIRECTION('',(0.,0.,-1.));
#7569=DIRECTION('',(-1.,0.,0.));
#7570=DIRECTION('',(0.,0.,-1.));
#7571=DIRECTION('',(1.,1.22464679914735E-16,0.));
#7572=DIRECTION('',(0.,0.,1.));
#7573=DIRECTION('',(1.,0.,0.));
#7574=DIRECTION('',(0.,0.,1.));
#7575=DIRECTION('',(0.,0.,1.));
#7576=DIRECTION('',(0.,0.,-1.));
#7577=DIRECTION('',(-1.,0.,0.));
#7578=DIRECTION('',(0.,0.,-1.));
#7579=DIRECTION('',(1.83697019872103E-16,-1.,0.));
#7580=DIRECTION('',(0.,0.,-1.));
#7581=DIRECTION('',(1.,1.22464679914735E-16,0.));
#7582=DIRECTION('',(0.,0.,1.));
#7583=DIRECTION('',(1.,0.,0.));
#7584=DIRECTION('',(0.,0.,-1.));
#7585=DIRECTION('',(-1.,0.,0.));
#7586=DIRECTION('',(0.,0.,1.));
#7587=DIRECTION('',(0.,0.,1.));
#7588=DIRECTION('',(0.,0.,-1.));
#7589=DIRECTION('',(-1.,0.,0.));
#7590=DIRECTION('',(0.,0.,-1.));
#7591=DIRECTION('',(1.83697019872103E-16,-1.,0.));
#7592=DIRECTION('',(0.,0.,-1.));
#7593=DIRECTION('',(1.,1.22464679914735E-16,0.));
#7594=DIRECTION('',(0.,0.,1.));
#7595=DIRECTION('',(1.,0.,0.));
#7596=DIRECTION('',(0.,0.,-1.));
#7597=DIRECTION('',(-1.,0.,0.));
#7598=DIRECTION('',(0.,0.,1.));
#7599=DIRECTION('',(0.,0.,1.));
#7600=DIRECTION('',(1.,0.,0.));
#7601=DIRECTION('',(0.,0.,1.));
#7602=DIRECTION('',(0.,0.,-1.));
#7603=DIRECTION('',(-1.,0.,0.));
#7604=DIRECTION('',(0.,0.,-1.));
#7605=DIRECTION('',(-1.,0.,0.));
#7606=DIRECTION('',(0.,0.,-1.));
#7607=DIRECTION('',(1.83697019872103E-16,-1.,0.));
#7608=DIRECTION('',(0.,0.,-1.));
#7609=DIRECTION('',(-1.,0.,0.));
#7610=DIRECTION('',(0.,0.,-1.));
#7611=DIRECTION('',(-6.12323399573677E-17,1.,0.));
#7612=DIRECTION('',(0.,0.,-1.));
#7613=DIRECTION('',(1.,1.22464679914735E-16,0.));
#7614=DIRECTION('',(0.,0.,-1.));
#7615=DIRECTION('',(-1.,0.,0.));
#7616=DIRECTION('',(0.,0.,-1.));
#7617=DIRECTION('',(-1.,0.,0.));
#7618=DIRECTION('',(0.,0.,-1.));
#7619=DIRECTION('',(-1.,0.,0.));
#7620=DIRECTION('',(0.,0.,1.));
#7621=DIRECTION('',(1.,0.,0.));
#7622=DIRECTION('',(0.,0.,1.));
#7623=DIRECTION('',(0.,0.,-1.));
#7624=DIRECTION('',(-1.,0.,0.));
#7625=DIRECTION('',(0.,0.,1.));
#7626=DIRECTION('',(0.,0.,-1.));
#7627=DIRECTION('',(-1.,0.,0.));
#7628=DIRECTION('',(0.,0.,1.));
#7629=DIRECTION('',(1.,0.,0.));
#7630=DIRECTION('',(0.,0.,1.));
#7631=DIRECTION('',(1.,0.,0.));
#7632=DIRECTION('',(0.,0.,1.));
#7633=DIRECTION('',(1.,0.,0.));
#7634=DIRECTION('',(0.,0.,1.));
#7635=DIRECTION('',(1.,0.,0.));
#7636=DIRECTION('',(0.,0.,1.));
#7637=DIRECTION('',(1.,0.,0.));
#7638=DIRECTION('',(0.,0.,-1.));
#7639=DIRECTION('',(-1.,0.,0.));
#7640=DIRECTION('',(0.,0.,-1.));
#7641=DIRECTION('',(-1.,0.,0.));
#7642=DIRECTION('',(0.,0.,1.));
#7643=DIRECTION('',(1.,0.,0.));
#7644=DIRECTION('',(0.,0.,-1.));
#7645=DIRECTION('',(-1.,0.,0.));
#7646=DIRECTION('',(0.,0.,-1.));
#7647=DIRECTION('',(-1.,0.,0.));
#7648=DIRECTION('',(0.,0.,-1.));
#7649=DIRECTION('',(-1.,0.,0.));
#7650=DIRECTION('',(0.,0.,1.));
#7651=DIRECTION('',(1.,0.,0.));
#7652=DIRECTION('',(0.,0.,-1.));
#7653=DIRECTION('',(0.,0.,-1.));
#7654=DIRECTION('',(0.,0.,1.));
#7655=DIRECTION('',(1.,0.,0.));
#7656=DIRECTION('',(0.,0.,-1.));
#7657=DIRECTION('',(0.,0.,1.));
#7658=DIRECTION('',(1.,0.,0.));
#7659=DIRECTION('',(0.,0.,-1.));
#7660=DIRECTION('',(0.,0.,1.));
#7661=DIRECTION('',(1.,0.,0.));
#7662=DIRECTION('',(0.,0.,-1.));
#7663=DIRECTION('',(0.,0.,1.));
#7664=DIRECTION('',(1.,0.,0.));
#7665=DIRECTION('',(0.,0.,-1.));
#7666=DIRECTION('',(0.,0.,1.));
#7667=DIRECTION('',(1.,0.,0.));
#7668=DIRECTION('',(0.,0.,-1.));
#7669=DIRECTION('',(0.,0.,-1.));
#7670=DIRECTION('',(-1.,0.,0.));
#7671=DIRECTION('',(0.,0.,-1.));
#7672=DIRECTION('',(0.,0.,-1.));
#7673=DIRECTION('',(-1.,0.,0.));
#7674=DIRECTION('',(0.,0.,-1.));
#7675=DIRECTION('',(0.,0.,-1.));
#7676=DIRECTION('',(-1.,0.,0.));
#7677=DIRECTION('',(0.,0.,-1.));
#7678=DIRECTION('',(0.,0.,-1.));
#7679=DIRECTION('',(-1.,0.,0.));
#7680=DIRECTION('',(0.965925826289068,0.258819045102521,0.));
#7681=DIRECTION('',(-0.258819045102521,0.965925826289068,0.));
#7682=DIRECTION('',(0.258819045102521,-0.965925826289068,0.));
#7683=DIRECTION('',(0.,0.,-1.));
#7684=DIRECTION('',(0.258819045102521,-0.965925826289068,0.));
#7685=DIRECTION('',(0.,0.,-1.));
#7686=DIRECTION('',(-1.,0.,0.));
#7687=DIRECTION('',(0.,0.,1.));
#7688=DIRECTION('',(1.,0.,0.));
#7689=DIRECTION('',(0.,0.,-1.));
#7690=DIRECTION('',(0.,0.,1.));
#7691=DIRECTION('',(1.,0.,0.));
#7692=DIRECTION('',(0.,0.,-1.));
#7693=DIRECTION('',(0.,0.,1.));
#7694=DIRECTION('',(1.,0.,0.));
#7695=DIRECTION('',(0.,0.,-1.));
#7696=DIRECTION('',(0.,0.,1.));
#7697=DIRECTION('',(1.,0.,0.));
#7698=DIRECTION('',(0.,0.,-1.));
#7699=DIRECTION('',(0.,0.,-1.));
#7700=DIRECTION('',(-1.,0.,0.));
#7701=DIRECTION('',(0.,0.,-1.));
#7702=DIRECTION('',(-1.,0.,0.));
#7703=DIRECTION('',(0.,0.,-1.));
#7704=DIRECTION('',(0.,0.,-1.));
#7705=DIRECTION('',(-1.,0.,0.));
#7706=DIRECTION('',(0.,0.,-1.));
#7707=DIRECTION('',(0.,0.,-1.));
#7708=DIRECTION('',(-1.,0.,0.));
#7709=DIRECTION('',(0.,0.,-1.));
#7710=DIRECTION('',(0.,0.,-1.));
#7711=DIRECTION('',(-1.,0.,0.));
#7712=DIRECTION('',(0.,0.,1.));
#7713=DIRECTION('',(1.,0.,0.));
#7714=DIRECTION('',(-0.258819045102521,-0.965925826289068,0.));
#7715=DIRECTION('',(0.866025403769167,0.500000000026452,0.));
#7716=DIRECTION('',(-0.500000000026452,0.866025403769167,0.));
#7717=DIRECTION('',(0.500000000026452,-0.866025403769167,0.));
#7718=DIRECTION('',(0.500000000026452,-0.866025403769167,0.));
#7719=DIRECTION('',(0.,0.,1.));
#7720=DIRECTION('',(1.,0.,0.));
#7721=DIRECTION('',(0.70710678116495,0.707106781208145,0.));
#7722=DIRECTION('',(-0.707106781208145,0.70710678116495,0.));
#7723=DIRECTION('',(0.707106781208145,-0.70710678116495,0.));
#7724=DIRECTION('',(0.707106781208145,-0.70710678116495,0.));
#7725=DIRECTION('',(0.,0.,1.));
#7726=DIRECTION('',(1.,0.,0.));
#7727=DIRECTION('',(-0.499999999973548,-0.866025403799711,0.));
#7728=DIRECTION('',(0.866025403799711,-0.499999999973548,0.));
#7729=DIRECTION('',(-0.866025403799711,0.499999999973548,0.));
#7730=DIRECTION('',(-0.866025403799711,0.499999999973548,0.));
#7731=DIRECTION('',(0.,0.,1.));
#7732=DIRECTION('',(1.,0.,0.));
#7733=DIRECTION('',(0.,0.,1.));
#7734=DIRECTION('',(1.,0.,0.));
#7735=DIRECTION('',(0.965925826289068,-0.258819045102521,0.));
#7736=DIRECTION('',(0.258819045102521,0.965925826289068,0.));
#7737=DIRECTION('',(-0.258819045102521,-0.965925826289068,0.));
#7738=DIRECTION('',(0.866025403769167,-0.500000000026452,0.));
#7739=DIRECTION('',(0.500000000026452,0.866025403769167,0.));
#7740=DIRECTION('',(-0.500000000026452,-0.866025403769167,0.));
#7741=DIRECTION('',(-0.500000000026452,-0.866025403769167,0.));
#7742=DIRECTION('',(0.,0.,1.));
#7743=DIRECTION('',(-1.,0.,0.));
#7744=DIRECTION('',(0.70710678116495,-0.707106781208145,0.));
#7745=DIRECTION('',(0.707106781208145,0.70710678116495,0.));
#7746=DIRECTION('',(-0.707106781208145,-0.70710678116495,0.));
#7747=DIRECTION('',(-0.707106781208145,-0.70710678116495,0.));
#7748=DIRECTION('',(0.,0.,1.));
#7749=DIRECTION('',(-1.,0.,0.));
#7750=DIRECTION('',(-0.499999999973548,0.866025403799711,0.));
#7751=DIRECTION('',(-0.866025403799711,-0.499999999973548,0.));
#7752=DIRECTION('',(0.866025403799711,0.499999999973548,0.));
#7753=DIRECTION('',(0.866025403799711,0.499999999973548,0.));
#7754=DIRECTION('',(0.,0.,1.));
#7755=DIRECTION('',(-1.,0.,0.));
#7756=DIRECTION('',(0.,0.,1.));
#7757=DIRECTION('',(-1.,0.,0.));
#7758=DIRECTION('',(0.,0.,1.));
#7759=DIRECTION('',(1.,1.22464679914735E-16,0.));
#7760=DIRECTION('',(0.,0.,1.));
#7761=DIRECTION('',(-1.,-1.22464679914735E-16,0.));
#7762=DIRECTION('',(0.,0.,-1.));
#7763=DIRECTION('',(1.,1.22464679914735E-16,0.));
#7764=DIRECTION('',(-0.866025403799711,-0.499999999973548,0.));
#7765=DIRECTION('',(0.499999999973548,-0.866025403799711,0.));
#7766=DIRECTION('',(0.866025403799711,0.499999999973548,0.));
#7767=DIRECTION('',(0.,0.,-1.));
#7768=DIRECTION('',(0.,0.,-1.));
#7769=DIRECTION('',(-0.866025403799711,-0.499999999973548,0.));
#7770=DIRECTION('',(0.,0.,1.));
#7771=DIRECTION('',(1.,1.22464679914735E-16,0.));
#7772=DIRECTION('',(0.707106781208145,0.70710678116495,0.));
#7773=DIRECTION('',(0.,0.,1.));
#7774=DIRECTION('',(-1.,-1.22464679914735E-16,0.));
#7775=DIRECTION('',(0.,0.,-1.));
#7776=DIRECTION('',(1.,1.22464679914735E-16,0.));
#7777=DIRECTION('',(-0.70710678116495,0.707106781208145,0.));
#7778=DIRECTION('',(-0.707106781208145,-0.70710678116495,0.));
#7779=DIRECTION('',(0.,0.,-1.));
#7780=DIRECTION('',(0.707106781208145,0.70710678116495,0.));
#7781=DIRECTION('',(0.,0.,-1.));
#7782=DIRECTION('',(0.,0.,1.));
#7783=DIRECTION('',(1.,1.22464679914735E-16,0.));
#7784=DIRECTION('',(0.500000000026452,0.866025403769167,0.));
#7785=DIRECTION('',(0.,0.,1.));
#7786=DIRECTION('',(-1.,-1.22464679914735E-16,0.));
#7787=DIRECTION('',(0.,0.,-1.));
#7788=DIRECTION('',(1.,1.22464679914735E-16,0.));
#7789=DIRECTION('',(-0.866025403769167,0.500000000026452,0.));
#7790=DIRECTION('',(-0.500000000026452,-0.866025403769167,0.));
#7791=DIRECTION('',(0.,0.,-1.));
#7792=DIRECTION('',(0.500000000026452,0.866025403769167,0.));
#7793=DIRECTION('',(0.,0.,-1.));
#7794=DIRECTION('',(0.,0.,1.));
#7795=DIRECTION('',(1.,1.22464679914735E-16,0.));
#7796=DIRECTION('',(0.,0.,-1.));
#7797=DIRECTION('',(1.,1.22464679914735E-16,0.));
#7798=DIRECTION('',(0.258819045102521,0.965925826289068,0.));
#7799=DIRECTION('',(0.,0.,1.));
#7800=DIRECTION('',(-1.,-1.22464679914735E-16,0.));
#7801=DIRECTION('',(-0.965925826289068,0.258819045102521,0.));
#7802=DIRECTION('',(-0.258819045102521,-0.965925826289068,0.));
#7803=DIRECTION('',(0.,0.,-1.));
#7804=DIRECTION('',(0.258819045102521,0.965925826289068,0.));
#7805=DIRECTION('',(0.,0.,-1.));
#7806=DIRECTION('',(0.,0.,1.));
#7807=DIRECTION('',(-1.,-1.22464679914735E-16,0.));
#7808=DIRECTION('',(0.,0.,-1.));
#7809=DIRECTION('',(1.,1.22464679914735E-16,0.));
#7810=DIRECTION('',(0.,0.,1.));
#7811=DIRECTION('',(-1.,-1.22464679914735E-16,0.));
#7812=DIRECTION('',(-0.258819045102521,0.965925826289068,0.));
#7813=DIRECTION('',(-0.965925826289068,-0.258819045102521,0.));
#7814=DIRECTION('',(0.258819045102521,-0.965925826289068,0.));
#7815=DIRECTION('',(0.,0.,-1.));
#7816=DIRECTION('',(-0.258819045102521,0.965925826289068,0.));
#7817=DIRECTION('',(0.,0.,-1.));
#7818=DIRECTION('',(0.,0.,1.));
#7819=DIRECTION('',(-1.,-1.22464679914735E-16,0.));
#7820=DIRECTION('',(0.,0.,1.));
#7821=DIRECTION('',(-1.,-1.22464679914735E-16,0.));
#7822=DIRECTION('',(-0.500000000026452,0.866025403769167,0.));
#7823=DIRECTION('',(0.,0.,-1.));
#7824=DIRECTION('',(1.,1.22464679914735E-16,0.));
#7825=DIRECTION('',(-0.866025403769167,-0.500000000026452,0.));
#7826=DIRECTION('',(0.500000000026452,-0.866025403769167,0.));
#7827=DIRECTION('',(0.,0.,-1.));
#7828=DIRECTION('',(-0.500000000026452,0.866025403769167,0.));
#7829=DIRECTION('',(0.,0.,-1.));
#7830=DIRECTION('',(0.,0.,1.));
#7831=DIRECTION('',(-1.,-1.22464679914735E-16,0.));
#7832=DIRECTION('',(0.,0.,1.));
#7833=DIRECTION('',(-1.,-1.22464679914735E-16,0.));
#7834=DIRECTION('',(-0.707106781208145,0.70710678116495,0.));
#7835=DIRECTION('',(0.,0.,-1.));
#7836=DIRECTION('',(1.,1.22464679914735E-16,0.));
#7837=DIRECTION('',(-0.70710678116495,-0.707106781208145,0.));
#7838=DIRECTION('',(0.707106781208145,-0.70710678116495,0.));
#7839=DIRECTION('',(0.,0.,-1.));
#7840=DIRECTION('',(-0.707106781208145,0.70710678116495,0.));
#7841=DIRECTION('',(0.,0.,-1.));
#7842=DIRECTION('',(0.,0.,1.));
#7843=DIRECTION('',(-1.,-1.22464679914735E-16,0.));
#7844=DIRECTION('',(0.,0.,1.));
#7845=DIRECTION('',(-1.,-1.22464679914735E-16,0.));
#7846=DIRECTION('',(0.866025403799711,-0.499999999973548,0.));
#7847=DIRECTION('',(0.,0.,-1.));
#7848=DIRECTION('',(1.,1.22464679914735E-16,0.));
#7849=DIRECTION('',(0.499999999973548,0.866025403799711,0.));
#7850=DIRECTION('',(-0.866025403799711,0.499999999973548,0.));
#7851=DIRECTION('',(0.866025403799711,-0.499999999973548,0.));
#7852=DIRECTION('',(0.,0.,-1.));
#7853=DIRECTION('',(0.,0.,-1.));
#7854=DIRECTION('',(0.,0.,1.));
#7855=DIRECTION('',(-1.,-1.22464679914735E-16,0.));
#7856=DIRECTION('',(0.,0.,-1.));
#7857=DIRECTION('',(1.,1.22464679914735E-16,0.));
#7858=DIRECTION('',(0.,0.,1.));
#7859=DIRECTION('',(-1.,-1.22464679914735E-16,0.));
#7860=DIRECTION('',(0.,0.,1.));
#7861=DIRECTION('',(-1.,-1.22464679914735E-16,0.));
#7862=DIRECTION('',(0.,0.,-1.));
#7863=DIRECTION('',(0.,0.,-1.));
#7864=DIRECTION('',(0.,0.,-1.));
#7865=DIRECTION('',(1.,1.22464679914735E-16,0.));
#7866=DIRECTION('',(0.,0.,1.));
#7867=DIRECTION('',(1.83697019872103E-16,-1.,0.));
#7868=DIRECTION('',(0.,0.,1.));
#7869=DIRECTION('',(-1.83697019872103E-16,1.,0.));
#7870=DIRECTION('',(0.,0.,-1.));
#7871=DIRECTION('',(1.83697019872103E-16,-1.,0.));
#7872=DIRECTION('',(-0.499999999973548,0.866025403799711,0.));
#7873=DIRECTION('',(-0.866025403799711,-0.499999999973548,0.));
#7874=DIRECTION('',(0.499999999973548,-0.866025403799711,0.));
#7875=DIRECTION('',(0.,0.,-1.));
#7876=DIRECTION('',(0.,0.,-1.));
#7877=DIRECTION('',(-0.499999999973548,0.866025403799711,0.));
#7878=DIRECTION('',(0.,0.,1.));
#7879=DIRECTION('',(1.83697019872103E-16,-1.,0.));
#7880=DIRECTION('',(0.70710678116495,-0.707106781208145,0.));
#7881=DIRECTION('',(0.,0.,1.));
#7882=DIRECTION('',(-1.83697019872103E-16,1.,0.));
#7883=DIRECTION('',(0.,0.,-1.));
#7884=DIRECTION('',(1.83697019872103E-16,-1.,0.));
#7885=DIRECTION('',(0.707106781208145,0.70710678116495,0.));
#7886=DIRECTION('',(-0.70710678116495,0.707106781208145,0.));
#7887=DIRECTION('',(0.,0.,-1.));
#7888=DIRECTION('',(0.70710678116495,-0.707106781208145,0.));
#7889=DIRECTION('',(0.,0.,-1.));
#7890=DIRECTION('',(0.,0.,1.));
#7891=DIRECTION('',(1.83697019872103E-16,-1.,0.));
#7892=DIRECTION('',(0.866025403769167,-0.500000000026452,0.));
#7893=DIRECTION('',(0.,0.,1.));
#7894=DIRECTION('',(-1.83697019872103E-16,1.,0.));
#7895=DIRECTION('',(0.,0.,-1.));
#7896=DIRECTION('',(1.83697019872103E-16,-1.,0.));
#7897=DIRECTION('',(0.500000000026452,0.866025403769167,0.));
#7898=DIRECTION('',(-0.866025403769167,0.500000000026452,0.));
#7899=DIRECTION('',(0.,0.,-1.));
#7900=DIRECTION('',(0.866025403769167,-0.500000000026452,0.));
#7901=DIRECTION('',(0.,0.,-1.));
#7902=DIRECTION('',(0.,0.,1.));
#7903=DIRECTION('',(1.83697019872103E-16,-1.,0.));
#7904=DIRECTION('',(0.,0.,-1.));
#7905=DIRECTION('',(1.83697019872103E-16,-1.,0.));
#7906=DIRECTION('',(0.965925826289068,-0.258819045102521,0.));
#7907=DIRECTION('',(0.,0.,1.));
#7908=DIRECTION('',(-1.83697019872103E-16,1.,0.));
#7909=DIRECTION('',(0.258819045102521,0.965925826289068,0.));
#7910=DIRECTION('',(-0.965925826289068,0.258819045102521,0.));
#7911=DIRECTION('',(0.,0.,-1.));
#7912=DIRECTION('',(0.965925826289068,-0.258819045102521,0.));
#7913=DIRECTION('',(0.,0.,-1.));
#7914=DIRECTION('',(0.,0.,1.));
#7915=DIRECTION('',(-1.83697019872103E-16,1.,0.));
#7916=DIRECTION('',(0.,0.,-1.));
#7917=DIRECTION('',(1.83697019872103E-16,-1.,0.));
#7918=DIRECTION('',(0.,0.,1.));
#7919=DIRECTION('',(-1.83697019872103E-16,1.,0.));
#7920=DIRECTION('',(0.965925826289068,0.258819045102522,0.));
#7921=DIRECTION('',(-0.258819045102522,0.965925826289068,0.));
#7922=DIRECTION('',(-0.965925826289068,-0.258819045102522,0.));
#7923=DIRECTION('',(0.,0.,-1.));
#7924=DIRECTION('',(0.965925826289068,0.258819045102522,0.));
#7925=DIRECTION('',(0.,0.,-1.));
#7926=DIRECTION('',(0.,0.,1.));
#7927=DIRECTION('',(-1.83697019872103E-16,1.,0.));
#7928=DIRECTION('',(0.,0.,1.));
#7929=DIRECTION('',(-1.83697019872103E-16,1.,0.));
#7930=DIRECTION('',(0.866025403769167,0.500000000026452,0.));
#7931=DIRECTION('',(0.,0.,-1.));
#7932=DIRECTION('',(1.83697019872103E-16,-1.,0.));
#7933=DIRECTION('',(-0.500000000026452,0.866025403769167,0.));
#7934=DIRECTION('',(-0.866025403769167,-0.500000000026452,0.));
#7935=DIRECTION('',(0.,0.,-1.));
#7936=DIRECTION('',(0.866025403769167,0.500000000026452,0.));
#7937=DIRECTION('',(0.,0.,-1.));
#7938=DIRECTION('',(0.,0.,1.));
#7939=DIRECTION('',(-1.83697019872103E-16,1.,0.));
#7940=DIRECTION('',(0.,0.,1.));
#7941=DIRECTION('',(-1.83697019872103E-16,1.,0.));
#7942=DIRECTION('',(0.70710678116495,0.707106781208145,0.));
#7943=DIRECTION('',(0.,0.,-1.));
#7944=DIRECTION('',(1.83697019872103E-16,-1.,0.));
#7945=DIRECTION('',(-0.707106781208145,0.70710678116495,0.));
#7946=DIRECTION('',(-0.70710678116495,-0.707106781208145,0.));
#7947=DIRECTION('',(0.,0.,-1.));
#7948=DIRECTION('',(0.70710678116495,0.707106781208145,0.));
#7949=DIRECTION('',(0.,0.,-1.));
#7950=DIRECTION('',(0.,0.,1.));
#7951=DIRECTION('',(-1.83697019872103E-16,1.,0.));
#7952=DIRECTION('',(0.,0.,1.));
#7953=DIRECTION('',(-1.83697019872103E-16,1.,0.));
#7954=DIRECTION('',(-0.499999999973548,-0.866025403799711,0.));
#7955=DIRECTION('',(0.,0.,-1.));
#7956=DIRECTION('',(1.83697019872103E-16,-1.,0.));
#7957=DIRECTION('',(0.866025403799711,-0.499999999973548,0.));
#7958=DIRECTION('',(0.499999999973548,0.866025403799711,0.));
#7959=DIRECTION('',(-0.499999999973548,-0.866025403799711,0.));
#7960=DIRECTION('',(0.,0.,-1.));
#7961=DIRECTION('',(0.,0.,-1.));
#7962=DIRECTION('',(0.,0.,1.));
#7963=DIRECTION('',(-1.83697019872103E-16,1.,0.));
#7964=DIRECTION('',(0.,0.,-1.));
#7965=DIRECTION('',(1.83697019872103E-16,-1.,0.));
#7966=DIRECTION('',(0.,0.,1.));
#7967=DIRECTION('',(-1.83697019872103E-16,1.,0.));
#7968=DIRECTION('',(0.,0.,1.));
#7969=DIRECTION('',(-1.83697019872103E-16,1.,0.));
#7970=DIRECTION('',(0.,0.,-1.));
#7971=DIRECTION('',(0.,0.,-1.));
#7972=DIRECTION('',(0.,0.,-1.));
#7973=DIRECTION('',(1.83697019872103E-16,-1.,0.));
#7974=DIRECTION('',(0.,0.,1.));
#7975=DIRECTION('',(6.12323399573677E-17,-1.,0.));
#7976=DIRECTION('',(0.,0.,-1.));
#7977=DIRECTION('',(0.,0.,-1.));
#7978=DIRECTION('',(0.,0.,1.));
#7979=DIRECTION('',(6.12323399573677E-17,-1.,0.));
#7980=DIRECTION('',(0.,0.,-1.));
#7981=DIRECTION('',(0.,0.,1.));
#7982=DIRECTION('',(6.12323399573677E-17,-1.,0.));
#7983=DIRECTION('',(0.,0.,-1.));
#7984=DIRECTION('',(0.,0.,1.));
#7985=DIRECTION('',(6.12323399573677E-17,-1.,0.));
#7986=DIRECTION('',(0.,0.,-1.));
#7987=DIRECTION('',(0.,0.,1.));
#7988=DIRECTION('',(6.12323399573677E-17,-1.,0.));
#7989=DIRECTION('',(0.,0.,-1.));
#7990=DIRECTION('',(0.,0.,1.));
#7991=DIRECTION('',(6.12323399573677E-17,-1.,0.));
#7992=DIRECTION('',(0.,0.,-1.));
#7993=DIRECTION('',(0.,0.,-1.));
#7994=DIRECTION('',(-6.12323399573677E-17,1.,0.));
#7995=DIRECTION('',(0.,0.,-1.));
#7996=DIRECTION('',(0.,0.,-1.));
#7997=DIRECTION('',(-6.12323399573677E-17,1.,0.));
#7998=DIRECTION('',(0.,0.,-1.));
#7999=DIRECTION('',(0.,0.,-1.));
#8000=DIRECTION('',(-6.12323399573677E-17,1.,0.));
#8001=DIRECTION('',(0.,0.,-1.));
#8002=DIRECTION('',(0.,0.,-1.));
#8003=DIRECTION('',(-6.12323399573677E-17,1.,0.));
#8004=DIRECTION('',(0.258819045102521,-0.965925826289068,0.));
#8005=DIRECTION('',(0.965925826289068,0.258819045102521,0.));
#8006=DIRECTION('',(-0.965925826289068,-0.258819045102521,0.));
#8007=DIRECTION('',(0.,0.,-1.));
#8008=DIRECTION('',(-0.965925826289068,-0.258819045102521,0.));
#8009=DIRECTION('',(0.,0.,-1.));
#8010=DIRECTION('',(-6.12323399573677E-17,1.,0.));
#8011=DIRECTION('',(0.,0.,1.));
#8012=DIRECTION('',(6.12323399573677E-17,-1.,0.));
#8013=DIRECTION('',(0.,0.,-1.));
#8014=DIRECTION('',(0.,0.,1.));
#8015=DIRECTION('',(6.12323399573677E-17,-1.,0.));
#8016=DIRECTION('',(0.,0.,-1.));
#8017=DIRECTION('',(0.,0.,1.));
#8018=DIRECTION('',(6.12323399573677E-17,-1.,0.));
#8019=DIRECTION('',(0.,0.,-1.));
#8020=DIRECTION('',(0.,0.,1.));
#8021=DIRECTION('',(6.12323399573677E-17,-1.,0.));
#8022=DIRECTION('',(0.,0.,-1.));
#8023=DIRECTION('',(0.,0.,-1.));
#8024=DIRECTION('',(-6.12323399573677E-17,1.,0.));
#8025=DIRECTION('',(0.,0.,-1.));
#8026=DIRECTION('',(-6.12323399573677E-17,1.,0.));
#8027=DIRECTION('',(0.,0.,-1.));
#8028=DIRECTION('',(0.,0.,-1.));
#8029=DIRECTION('',(-6.12323399573677E-17,1.,0.));
#8030=DIRECTION('',(0.,0.,-1.));
#8031=DIRECTION('',(0.,0.,-1.));
#8032=DIRECTION('',(-6.12323399573677E-17,1.,0.));
#8033=DIRECTION('',(0.,0.,-1.));
#8034=DIRECTION('',(0.,0.,-1.));
#8035=DIRECTION('',(-6.12323399573677E-17,1.,0.));
#8036=DIRECTION('',(0.,0.,1.));
#8037=DIRECTION('',(6.12323399573677E-17,-1.,0.));
#8038=DIRECTION('',(-0.965925826289068,0.258819045102521,0.));
#8039=DIRECTION('',(0.500000000026452,-0.866025403769167,0.));
#8040=DIRECTION('',(0.866025403769167,0.500000000026452,0.));
#8041=DIRECTION('',(-0.866025403769167,-0.500000000026452,0.));
#8042=DIRECTION('',(-0.866025403769167,-0.500000000026452,0.));
#8043=DIRECTION('',(0.,0.,1.));
#8044=DIRECTION('',(6.12323399573677E-17,-1.,0.));
#8045=DIRECTION('',(0.707106781208145,-0.70710678116495,0.));
#8046=DIRECTION('',(0.70710678116495,0.707106781208145,0.));
#8047=DIRECTION('',(-0.70710678116495,-0.707106781208145,0.));
#8048=DIRECTION('',(-0.70710678116495,-0.707106781208145,0.));
#8049=DIRECTION('',(0.,0.,1.));
#8050=DIRECTION('',(6.12323399573677E-17,-1.,0.));
#8051=DIRECTION('',(-0.866025403799711,0.499999999973548,0.));
#8052=DIRECTION('',(-0.499999999973548,-0.866025403799711,0.));
#8053=DIRECTION('',(0.499999999973548,0.866025403799711,0.));
#8054=DIRECTION('',(0.499999999973548,0.866025403799711,0.));
#8055=DIRECTION('',(0.,0.,1.));
#8056=DIRECTION('',(6.12323399573677E-17,-1.,0.));
#8057=DIRECTION('',(0.,0.,1.));
#8058=DIRECTION('',(6.12323399573677E-17,-1.,0.));
#8059=DIRECTION('',(-0.258819045102521,-0.965925826289068,0.));
#8060=DIRECTION('',(0.965925826289068,-0.258819045102521,0.));
#8061=DIRECTION('',(-0.965925826289068,0.258819045102521,0.));
#8062=DIRECTION('',(-0.500000000026452,-0.866025403769167,0.));
#8063=DIRECTION('',(0.866025403769167,-0.500000000026452,0.));
#8064=DIRECTION('',(-0.866025403769167,0.500000000026452,0.));
#8065=DIRECTION('',(-0.866025403769167,0.500000000026452,0.));
#8066=DIRECTION('',(0.,0.,1.));
#8067=DIRECTION('',(-6.12323399573677E-17,1.,0.));
#8068=DIRECTION('',(-0.707106781208145,-0.70710678116495,0.));
#8069=DIRECTION('',(0.70710678116495,-0.707106781208145,0.));
#8070=DIRECTION('',(-0.70710678116495,0.707106781208145,0.));
#8071=DIRECTION('',(-0.70710678116495,0.707106781208145,0.));
#8072=DIRECTION('',(0.,0.,1.));
#8073=DIRECTION('',(-6.12323399573677E-17,1.,0.));
#8074=DIRECTION('',(0.866025403799711,0.499999999973548,0.));
#8075=DIRECTION('',(-0.499999999973548,0.866025403799711,0.));
#8076=DIRECTION('',(0.499999999973548,-0.866025403799711,0.));
#8077=DIRECTION('',(0.499999999973548,-0.866025403799711,0.));
#8078=DIRECTION('',(0.,0.,1.));
#8079=DIRECTION('',(-6.12323399573677E-17,1.,0.));
#8080=DIRECTION('',(0.,0.,1.));
#8081=DIRECTION('',(-6.12323399573677E-17,1.,0.));
#8082=DIRECTION('',(0.,0.,-1.));
#8083=DIRECTION('',(-1.,0.,0.));
#8084=DIRECTION('',(0.,-1.,0.));
#8085=DIRECTION('',(1.,0.,0.));
#8086=DIRECTION('',(0.,-1.,0.));
#8087=DIRECTION('',(1.,0.,0.));
#8088=DIRECTION('',(6.65281832841564E-17,1.,0.));
#8089=DIRECTION('',(0.,0.,-1.));
#8090=DIRECTION('',(-1.,0.,0.));
#8091=DIRECTION('',(6.65281832841564E-17,1.,0.));
#8092=DIRECTION('',(1.,0.,0.));
#8093=DIRECTION('',(0.,-1.,0.));
#8094=DIRECTION('',(-1.,0.,0.));
#8095=DIRECTION('',(0.,-1.,0.));
#8096=DIRECTION('',(-1.,0.,0.));
#8097=DIRECTION('',(0.,-1.,0.));
#8098=DIRECTION('',(-1.,0.,0.));
#8099=DIRECTION('',(0.,-1.,0.));
#8100=DIRECTION('',(0.,0.,-1.));
#8101=DIRECTION('',(-1.,0.,0.));
#8102=DIRECTION('',(-2.01127359533543E-16,-1.,0.));
#8103=DIRECTION('',(0.,0.,-1.));
#8104=DIRECTION('',(-1.,0.,0.));
#8105=DIRECTION('',(1.,0.,0.));
#8106=DIRECTION('',(0.,-1.,0.));
#8107=DIRECTION('',(0.,0.,-1.));
#8108=DIRECTION('',(-1.,0.,0.));
#8109=DIRECTION('',(1.,0.,0.));
#8110=DIRECTION('',(0.,-1.,0.));
#8111=DIRECTION('',(0.,0.,-1.));
#8112=DIRECTION('',(-1.,0.,0.));
#8113=DIRECTION('',(0.,-1.,0.));
#8114=DIRECTION('',(-1.,0.,0.));
#8115=DIRECTION('',(0.,0.,-1.));
#8116=DIRECTION('',(-1.,0.,0.));
#8117=DIRECTION('',(0.,-1.,0.));
#8118=DIRECTION('',(-1.,0.,0.));
#8119=DIRECTION('',(0.,0.,-1.));
#8120=DIRECTION('',(-1.,0.,0.));
#8121=DIRECTION('',(2.01127359533543E-16,-1.,0.));
#8122=DIRECTION('',(0.,0.,-1.));
#8123=DIRECTION('',(-1.,0.,0.));
#8124=DIRECTION('',(0.,-1.,0.));
#8125=DIRECTION('',(1.,0.,0.));
#8126=DIRECTION('',(0.,-1.,0.));
#8127=DIRECTION('',(1.,0.,0.));
#8128=DIRECTION('',(0.,1.,0.));
#8129=DIRECTION('',(0.,0.,1.));
#8130=DIRECTION('',(1.,0.,0.));
#8131=DIRECTION('',(0.,0.,-1.));
#8132=DIRECTION('',(1.,0.,0.));
#8133=DIRECTION('',(0.,0.,-1.));
#8134=DIRECTION('',(-1.,0.,0.));
#8135=DIRECTION('',(0.,0.,-1.));
#8136=DIRECTION('',(0.,0.,-1.));
#8137=DIRECTION('',(-1.,0.,0.));
#8138=DIRECTION('',(0.,0.,1.));
#8139=DIRECTION('',(1.,0.,0.));
#8140=DIRECTION('',(0.,1.,0.));
#8141=DIRECTION('',(0.,0.,1.));
#8142=DIRECTION('',(1.,0.,0.));
#8143=DIRECTION('',(1.,0.,0.));
#8144=DIRECTION('',(0.,1.,0.));
#8145=DIRECTION('',(0.,0.,1.));
#8146=DIRECTION('',(0.,-1.,0.));
#8147=DIRECTION('',(0.,0.,-1.));
#8148=DIRECTION('',(0.,-1.,0.));
#8149=DIRECTION('',(0.,0.,-1.));
#8150=DIRECTION('',(0.,0.,-1.));
#8151=DIRECTION('',(1.,0.,0.));
#8152=DIRECTION('',(0.,0.,1.));
#8153=DIRECTION('',(-1.,0.,-1.18276600634782E-16));
#8154=DIRECTION('',(0.,0.,1.));
#8155=DIRECTION('',(1.,0.,0.));
#8156=DIRECTION('',(0.,0.,-1.));
#8157=DIRECTION('',(1.,0.,0.));
#8158=DIRECTION('',(1.,-2.01127359533543E-16,0.));
#8159=DIRECTION('',(2.01127359533543E-16,1.,0.));
#8160=DIRECTION('',(0.,0.,-1.));
#8161=DIRECTION('',(-2.01127359533543E-16,-1.,0.));
#8162=DIRECTION('',(-2.01127359533543E-16,-1.,0.));
#8163=DIRECTION('',(0.,0.,-1.));
#8164=DIRECTION('',(-1.,0.,0.));
#8165=DIRECTION('',(0.,0.,-1.));
#8166=DIRECTION('',(-1.,0.,0.));
#8167=DIRECTION('',(0.,0.,1.));
#8168=DIRECTION('',(1.,0.,0.));
#8169=DIRECTION('',(0.,0.,1.));
#8170=DIRECTION('',(1.,0.,0.));
#8171=DIRECTION('',(-0.2406413101433,0.970614114801818,0.));
#8172=DIRECTION('',(-0.970614114801818,-0.2406413101433,0.));
#8173=DIRECTION('',(0.970614114801818,0.2406413101433,0.));
#8174=DIRECTION('',(0.,0.,-1.));
#8175=DIRECTION('',(0.,0.,-1.));
#8176=DIRECTION('',(0.974370064785235,0.224951054343866,0.));
#8177=DIRECTION('',(-0.224951054343866,0.974370064785235,0.));
#8178=DIRECTION('',(0.224951054343866,-0.974370064785235,0.));
#8179=DIRECTION('',(0.,0.,-1.));
#8180=DIRECTION('',(0.,0.,-1.));
#8181=DIRECTION('',(-1.,0.,0.));
#8182=DIRECTION('',(0.,0.,1.));
#8183=DIRECTION('',(1.,0.,0.));
#8184=DIRECTION('',(0.,0.,-1.));
#8185=DIRECTION('',(0.970295726275996,0.241921895599668,0.));
#8186=DIRECTION('',(-0.241921895599668,0.970295726275996,0.));
#8187=DIRECTION('',(0.241921895599668,-0.970295726275996,0.));
#8188=DIRECTION('',(0.,0.,-1.));
#8189=DIRECTION('',(0.,0.,-1.));
#8190=DIRECTION('',(0.535072187952312,-0.844806340932599,0.));
#8191=DIRECTION('',(0.844806340932599,0.535072187952312,0.));
#8192=DIRECTION('',(-0.844806340932599,-0.535072187952312,0.));
#8193=DIRECTION('',(0.,0.,-1.));
#8194=DIRECTION('',(-0.898794046299167,-0.438371146789078,0.));
#8195=DIRECTION('',(0.438371146789078,-0.898794046299167,0.));
#8196=DIRECTION('',(-0.438371146789078,0.898794046299167,0.));
#8197=DIRECTION('',(0.,0.,-1.));
#8198=DIRECTION('',(0.809016994374947,0.587785252292474,0.));
#8199=DIRECTION('',(-0.587785252292474,0.809016994374947,0.));
#8200=DIRECTION('',(0.587785252292474,-0.809016994374947,0.));
#8201=DIRECTION('',(0.,0.,-1.));
#8202=DIRECTION('',(0.,0.,-1.));
#8203=DIRECTION('',(0.783453357981551,-0.621450590045124,0.));
#8204=DIRECTION('',(0.621450590045124,0.783453357981551,0.));
#8205=DIRECTION('',(-0.621450590045124,-0.783453357981551,0.));
#8206=DIRECTION('',(0.,0.,-1.));
#8207=DIRECTION('',(-0.669130606358858,-0.743144825477394,0.));
#8208=DIRECTION('',(0.743144825477395,-0.669130606358858,0.));
#8209=DIRECTION('',(-0.743144825477395,0.669130606358858,0.));
#8210=DIRECTION('',(0.,0.,-1.));
#8211=DIRECTION('',(0.649448048330183,0.760405965600031,0.));
#8212=DIRECTION('',(-0.760405965600031,0.649448048330183,0.));
#8213=DIRECTION('',(0.760405965600031,-0.649448048330183,0.));
#8214=DIRECTION('',(0.,0.,-1.));
#8215=DIRECTION('',(0.,0.,-1.));
#8216=DIRECTION('',(0.893627562230589,-0.448809291371976,0.));
#8217=DIRECTION('',(0.448809291371976,0.893627562230589,0.));
#8218=DIRECTION('',(-0.448809291371976,-0.893627562230589,0.));
#8219=DIRECTION('',(0.,0.,-1.));
#8220=DIRECTION('',(-0.507538362960703,-0.861629160441526,0.));
#8221=DIRECTION('',(0.861629160441527,-0.507538362960703,0.));
#8222=DIRECTION('',(-0.861629160441526,0.507538362960703,0.));
#8223=DIRECTION('',(0.,0.,-1.));
#8224=DIRECTION('',(0.466489895545379,0.884526527218976,0.));
#8225=DIRECTION('',(-0.884526527218976,0.466489895545379,0.));
#8226=DIRECTION('',(0.884526527218976,-0.466489895545379,0.));
#8227=DIRECTION('',(0.,0.,-1.));
#8228=DIRECTION('',(0.,0.,-1.));
#8229=DIRECTION('',(0.955191143389626,-0.29598966128907,0.));
#8230=DIRECTION('',(0.29598966128907,0.955191143389627,0.));
#8231=DIRECTION('',(-0.29598966128907,-0.955191143389626,0.));
#8232=DIRECTION('',(0.,0.,-1.));
#8233=DIRECTION('',(-0.252526489967902,-0.967589981275381,0.));
#8234=DIRECTION('',(0.967589981275381,-0.252526489967902,0.));
#8235=DIRECTION('',(-0.967589981275381,0.252526489967902,0.));
#8236=DIRECTION('',(0.,0.,-1.));
#8237=DIRECTION('',(0.,1.,0.));
#8238=DIRECTION('',(0.,0.,1.));
#8239=DIRECTION('',(0.,1.,0.));
#8240=DIRECTION('',(0.,0.,1.));
#8241=DIRECTION('',(1.,0.,0.));
#8242=DIRECTION('',(0.,0.,-1.));
#8243=DIRECTION('',(-1.,0.,0.));
#8244=DIRECTION('',(0.,0.,1.));
#8245=DIRECTION('',(0.,1.,0.));
#8246=DIRECTION('',(0.,0.,-1.));
#8247=DIRECTION('',(0.229098260732823,0.973403301273011,0.));
#8248=DIRECTION('',(-0.973403301273011,0.229098260732823,0.));
#8249=DIRECTION('',(0.229098260732823,0.973403301273011,0.));
#8250=DIRECTION('',(0.973403301273011,-0.229098260732823,0.));
#8251=DIRECTION('',(0.,0.,-1.));
#8252=DIRECTION('',(0.973403301273011,-0.229098260732823,0.));
#8253=DIRECTION('',(0.,0.,-1.));
#8254=DIRECTION('',(0.,0.,-1.));
#8255=DIRECTION('',(-1.,0.,0.));
#8256=DIRECTION('',(0.,0.,1.));
#8257=DIRECTION('',(1.,0.,0.));
#8258=DIRECTION('',(0.,0.,-1.));
#8259=DIRECTION('',(-1.,0.,0.));
#8260=DIRECTION('',(0.,0.,1.));
#8261=DIRECTION('',(1.,0.,0.));
#8262=DIRECTION('',(0.,0.,-1.));
#8263=DIRECTION('',(-1.,0.,0.));
#8264=DIRECTION('',(0.,0.,1.));
#8265=DIRECTION('',(1.,0.,0.));
#8266=DIRECTION('',(-1.,1.31027156140413E-15,0.));
#8267=DIRECTION('',(-1.31027156140413E-15,-1.,0.));
#8268=DIRECTION('',(1.31027156140413E-15,1.,0.));
#8269=DIRECTION('',(0.995239580016947,-0.0974585982235124,0.));
#8270=DIRECTION('',(0.0974585982235124,0.995239580016947,0.));
#8271=DIRECTION('',(-0.0974585982235124,-0.995239580016946,0.));
#8272=DIRECTION('',(-1.,0.,0.));
#8273=DIRECTION('',(0.,0.,1.));
#8274=DIRECTION('',(0.,1.,0.));
#8275=DIRECTION('',(0.,0.,-1.));
#8276=DIRECTION('',(1.,0.,0.));
#8277=DIRECTION('',(0.,0.,-1.));
#8278=DIRECTION('',(1.,0.,0.));
#8279=DIRECTION('',(0.,0.,-1.));
#8280=DIRECTION('',(1.,0.,0.));
#8281=DIRECTION('',(0.,0.,-1.));
#8282=DIRECTION('',(1.,0.,0.));
#8283=DIRECTION('',(0.,0.,-1.));
#8284=DIRECTION('',(1.,0.,0.));
#8285=DIRECTION('',(-1.,0.,0.));
#8286=DIRECTION('',(0.,-1.,0.));
#8287=DIRECTION('',(0.,-1.,0.));
#8288=DIRECTION('',(0.,0.,-1.));
#8289=DIRECTION('',(1.,0.,0.));
#8290=DIRECTION('',(-1.18276600634782E-16,0.,1.));
#8291=DIRECTION('',(1.,0.,1.18276600634782E-16));
#8292=DIRECTION('',(0.,-1.,0.));
#8293=DIRECTION('',(-1.,0.,-1.18276600634782E-16));
#8294=DIRECTION('',(0.,-1.,0.));
#8295=DIRECTION('',(1.,0.,0.));
#8296=DIRECTION('',(0.,0.,-1.));
#8297=DIRECTION('',(0.,0.,1.));
#8298=DIRECTION('',(0.,-1.,0.));
#8299=DIRECTION('',(-3.67394039744206E-16,0.,1.));
#8300=DIRECTION('',(1.,0.,3.67394039744206E-16));
#8301=DIRECTION('',(0.,-1.,0.));
#8302=DIRECTION('',(0.,-1.,0.));
#8303=DIRECTION('',(1.,0.,0.));
#8304=DIRECTION('',(0.,0.,-1.));
#8305=DIRECTION('',(0.,0.,1.));
#8306=DIRECTION('',(0.,-1.,0.));
#8307=DIRECTION('',(0.,-1.,0.));
#8308=DIRECTION('',(1.,0.,0.));
#8309=DIRECTION('',(0.,-1.,0.));
#8310=DIRECTION('',(0.,0.,-1.));
#8311=DIRECTION('',(0.,-1.,0.));
#8312=DIRECTION('',(0.,0.,-1.));
#8313=DIRECTION('',(0.,-1.,0.));
#8314=DIRECTION('',(0.,0.,-1.));
#8315=DIRECTION('',(1.,0.,0.));
#8316=DIRECTION('',(0.,0.,-1.));
#8317=DIRECTION('',(0.,0.,1.));
#8318=DIRECTION('',(0.,-1.,0.));
#8319=DIRECTION('',(0.,-1.,0.));
#8320=DIRECTION('',(-3.58908305374512E-16,0.,1.));
#8321=DIRECTION('',(1.,0.,3.58908305374512E-16));
#8322=DIRECTION('',(-1.,0.,-3.58908305374512E-16));
#8323=DIRECTION('',(0.,-1.,0.));
#8324=DIRECTION('',(1.,0.,0.));
#8325=DIRECTION('',(-1.,0.,0.));
#8326=DIRECTION('',(0.,0.,1.));
#8327=DIRECTION('',(-1.,0.,-3.58908305374512E-16));
#8328=DIRECTION('',(-1.,0.,0.));
#8329=DIRECTION('',(0.,0.,1.));
#8330=DIRECTION('',(0.,0.,-1.));
#8331=DIRECTION('',(0.,1.,0.));
#8332=DIRECTION('',(0.,0.,-1.));
#8333=DIRECTION('',(-1.,0.,0.));
#8334=DIRECTION('',(0.,0.,-1.));
#8335=DIRECTION('',(0.,0.,1.));
#8336=DIRECTION('',(1.,0.,0.));
#8337=DIRECTION('',(0.,-1.,0.));
#8338=DIRECTION('',(0.,0.,-1.));
#8339=DIRECTION('',(-1.,0.,0.));
#8340=DIRECTION('',(0.,0.,1.));
#8341=DIRECTION('',(1.,0.,0.));
#8342=DIRECTION('',(1.,0.,0.));
#8343=DIRECTION('',(0.,0.,1.));
#8344=DIRECTION('',(1.,0.,0.));
#8345=DIRECTION('',(-2.01127359533543E-16,-1.,0.));
#8346=DIRECTION('',(0.,-1.,0.));
#8347=DIRECTION('',(0.,0.,-1.));
#8348=DIRECTION('',(0.,-1.,0.));
#8349=DIRECTION('',(0.,0.,-1.));
#8350=DIRECTION('',(0.,0.,-1.));
#8351=DIRECTION('',(-1.,0.,0.));
#8352=DIRECTION('',(0.,0.,1.));
#8353=DIRECTION('',(0.,0.,-1.));
#8354=DIRECTION('',(0.,0.,-1.));
#8355=DIRECTION('',(-1.,0.,0.));
#8356=DIRECTION('',(0.,-1.,0.));
#8357=DIRECTION('',(0.,0.,-1.));
#8358=DIRECTION('',(0.,0.,-1.));
#8359=DIRECTION('',(-1.,0.,0.));
#8360=DIRECTION('',(-1.,0.,0.));
#8361=DIRECTION('',(0.,0.,-1.));
#8362=DIRECTION('',(-1.,0.,0.));
#8363=DIRECTION('',(0.,0.,-1.));
#8364=DIRECTION('',(-1.,0.,0.));
#8365=DIRECTION('',(0.,0.,1.));
#8366=DIRECTION('',(1.,0.,0.));
#8367=DIRECTION('',(0.,-1.,0.));
#8368=DIRECTION('',(0.,0.,-1.));
#8369=DIRECTION('',(0.,0.,-1.));
#8370=DIRECTION('',(-1.,0.,0.));
#8371=DIRECTION('',(-1.,0.,0.));
#8372=DIRECTION('',(0.,0.,-1.));
#8373=DIRECTION('',(-1.,0.,0.));
#8374=DIRECTION('',(0.,0.,-1.));
#8375=DIRECTION('',(-1.,0.,0.));
#8376=DIRECTION('',(0.,0.,1.));
#8377=DIRECTION('',(1.,0.,0.));
#8378=DIRECTION('',(0.,0.,-1.));
#8379=DIRECTION('',(-1.,0.,0.));
#8380=DIRECTION('',(0.,0.,-1.));
#8381=DIRECTION('',(-1.,0.,0.));
#8382=DIRECTION('',(0.,1.,0.));
#8383=DIRECTION('',(0.,0.,-1.));
#8384=DIRECTION('',(-1.,0.,0.));
#8385=DIRECTION('',(1.,0.,0.));
#8386=DIRECTION('',(0.,0.,1.));
#8387=DIRECTION('',(1.,0.,0.));
#8388=DIRECTION('',(0.,0.,-1.));
#8389=DIRECTION('',(-1.,0.,0.));
#8390=DIRECTION('',(0.,0.,1.));
#8391=DIRECTION('',(1.,0.,0.));
#8392=DIRECTION('',(0.,0.,-1.));
#8393=DIRECTION('',(0.,0.,-1.));
#8394=DIRECTION('',(0.,0.,-1.));
#8395=DIRECTION('',(-1.,0.,0.));
#8396=DIRECTION('',(0.,0.,1.));
#8397=DIRECTION('',(-1.,0.,0.));
#8398=DIRECTION('',(0.,0.,-1.));
#8399=DIRECTION('',(-1.,0.,0.));
#8400=DIRECTION('',(-0.2406413101433,-0.970614114801818,0.));
#8401=DIRECTION('',(0.970614114801818,-0.2406413101433,0.));
#8402=DIRECTION('',(-0.970614114801818,0.2406413101433,0.));
#8403=DIRECTION('',(0.,0.,-1.));
#8404=DIRECTION('',(0.,0.,-1.));
#8405=DIRECTION('',(-1.,0.,0.));
#8406=DIRECTION('',(0.,0.,1.));
#8407=DIRECTION('',(0.,1.,0.));
#8408=DIRECTION('',(0.,0.,-1.));
#8409=DIRECTION('',(0.,0.,-1.));
#8410=DIRECTION('',(-1.,0.,0.));
#8411=DIRECTION('',(0.,0.,-1.));
#8412=DIRECTION('',(-1.,0.,0.));
#8413=DIRECTION('',(0.,0.,-1.));
#8414=DIRECTION('',(0.970295726275996,-0.241921895599668,0.));
#8415=DIRECTION('',(0.241921895599668,0.970295726275996,0.));
#8416=DIRECTION('',(-0.241921895599668,-0.970295726275996,0.));
#8417=DIRECTION('',(0.,0.,-1.));
#8418=DIRECTION('',(0.,0.,-1.));
#8419=DIRECTION('',(0.,0.,-1.));
#8420=DIRECTION('',(-1.,0.,0.));
#8421=DIRECTION('',(0.,0.,-1.));
#8422=DIRECTION('',(-1.,0.,0.));
#8423=DIRECTION('',(0.,0.,-1.));
#8424=DIRECTION('',(-0.898794046299167,0.438371146789078,0.));
#8425=DIRECTION('',(-0.438371146789078,-0.898794046299167,0.));
#8426=DIRECTION('',(0.438371146789078,0.898794046299167,0.));
#8427=DIRECTION('',(0.,0.,-1.));
#8428=DIRECTION('',(0.809016994374947,-0.587785252292474,0.));
#8429=DIRECTION('',(0.587785252292474,0.809016994374947,0.));
#8430=DIRECTION('',(-0.587785252292474,-0.809016994374947,0.));
#8431=DIRECTION('',(0.,0.,-1.));
#8432=DIRECTION('',(0.,0.,-1.));
#8433=DIRECTION('',(0.,0.,-1.));
#8434=DIRECTION('',(-1.,0.,0.));
#8435=DIRECTION('',(0.,0.,-1.));
#8436=DIRECTION('',(-1.,0.,0.));
#8437=DIRECTION('',(0.,0.,-1.));
#8438=DIRECTION('',(-0.669130606358858,0.743144825477394,0.));
#8439=DIRECTION('',(-0.743144825477395,-0.669130606358858,0.));
#8440=DIRECTION('',(0.743144825477395,0.669130606358858,0.));
#8441=DIRECTION('',(0.,0.,-1.));
#8442=DIRECTION('',(0.649448048330183,-0.760405965600031,0.));
#8443=DIRECTION('',(0.760405965600031,0.649448048330183,0.));
#8444=DIRECTION('',(-0.760405965600031,-0.649448048330183,0.));
#8445=DIRECTION('',(0.,0.,-1.));
#8446=DIRECTION('',(0.,0.,-1.));
#8447=DIRECTION('',(0.,0.,-1.));
#8448=DIRECTION('',(-1.,0.,0.));
#8449=DIRECTION('',(0.,0.,-1.));
#8450=DIRECTION('',(-1.,0.,0.));
#8451=DIRECTION('',(0.,0.,-1.));
#8452=DIRECTION('',(-0.507538362960703,0.861629160441526,0.));
#8453=DIRECTION('',(-0.861629160441527,-0.507538362960703,0.));
#8454=DIRECTION('',(0.861629160441526,0.507538362960703,0.));
#8455=DIRECTION('',(0.,0.,-1.));
#8456=DIRECTION('',(0.466489895545379,-0.884526527218976,0.));
#8457=DIRECTION('',(0.884526527218976,0.466489895545379,0.));
#8458=DIRECTION('',(-0.884526527218976,-0.466489895545379,0.));
#8459=DIRECTION('',(0.,0.,-1.));
#8460=DIRECTION('',(0.,0.,-1.));
#8461=DIRECTION('',(-1.,-1.31027156140413E-15,0.));
#8462=DIRECTION('',(1.31027156140413E-15,-1.,0.));
#8463=DIRECTION('',(-1.31027156140413E-15,1.,0.));
#8464=DIRECTION('',(0.,0.,-1.));
#8465=DIRECTION('',(-0.252526489967902,0.967589981275381,0.));
#8466=DIRECTION('',(-0.967589981275381,-0.252526489967902,0.));
#8467=DIRECTION('',(0.967589981275381,0.252526489967902,0.));
#8468=DIRECTION('',(0.,0.,-1.));
#8469=DIRECTION('',(0.,-1.,0.));
#8470=DIRECTION('',(0.,0.,-1.));
#8471=DIRECTION('',(0.,-1.,0.));
#8472=DIRECTION('',(0.,0.,-1.));
#8473=DIRECTION('',(-1.,0.,0.));
#8474=DIRECTION('',(0.,0.,-1.));
#8475=DIRECTION('',(0.995239580016947,0.0974585982235124,0.));
#8476=DIRECTION('',(-0.0974585982235124,0.995239580016947,0.));
#8477=DIRECTION('',(0.0974585982235124,-0.995239580016946,0.));
#8478=DIRECTION('',(0.,0.,-1.));
#8479=DIRECTION('',(0.229098260732823,-0.973403301273011,0.));
#8480=DIRECTION('',(0.973403301273011,0.229098260732823,0.));
#8481=DIRECTION('',(0.229098260732823,-0.973403301273011,0.));
#8482=DIRECTION('',(-0.973403301273011,-0.229098260732823,0.));
#8483=DIRECTION('',(-0.973403301273011,-0.229098260732823,0.));
#8484=DIRECTION('',(0.,0.,-1.));
#8485=DIRECTION('',(0.,0.,-1.));
#8486=DIRECTION('',(0.,0.,-1.));
#8487=DIRECTION('',(-1.,0.,0.));
#8488=DIRECTION('',(0.,0.,1.));
#8489=DIRECTION('',(1.,0.,0.));
#8490=DIRECTION('',(0.535072187952312,0.844806340932599,0.));
#8491=DIRECTION('',(-0.844806340932599,0.535072187952312,0.));
#8492=DIRECTION('',(0.844806340932599,-0.535072187952312,0.));
#8493=DIRECTION('',(0.783453357981551,0.621450590045124,0.));
#8494=DIRECTION('',(-0.621450590045124,0.783453357981551,0.));
#8495=DIRECTION('',(0.621450590045124,-0.783453357981551,0.));
#8496=DIRECTION('',(0.893627562230589,0.448809291371976,0.));
#8497=DIRECTION('',(-0.448809291371976,0.893627562230589,0.));
#8498=DIRECTION('',(0.448809291371976,-0.893627562230589,0.));
#8499=DIRECTION('',(0.955191143389626,0.29598966128907,0.));
#8500=DIRECTION('',(-0.29598966128907,0.955191143389627,0.));
#8501=DIRECTION('',(0.29598966128907,-0.955191143389626,0.));
#8502=DIRECTION('',(-1.,0.,0.));
#8503=DIRECTION('',(0.,0.,1.));
#8504=DIRECTION('',(0.,1.,0.));
#8505=DIRECTION('',(0.974370064785235,-0.224951054343866,0.));
#8506=DIRECTION('',(0.224951054343866,0.974370064785235,0.));
#8507=DIRECTION('',(-0.224951054343866,-0.974370064785235,0.));
#8508=DIRECTION('',(0.,0.,-1.));
#8509=DIRECTION('',(-1.,0.,0.));
#8510=DIRECTION('',(0.,0.,-1.));
#8511=DIRECTION('',(-1.,0.,0.));
#8512=DIRECTION('',(-1.,0.,0.));
#8513=DIRECTION('',(0.,-1.,0.));
#8514=DIRECTION('',(0.,-1.,0.));
#8515=DIRECTION('',(0.,0.,-1.));
#8516=DIRECTION('',(-1.,0.,0.));
#8517=DIRECTION('',(0.,0.,-1.));
#8518=DIRECTION('',(-1.,0.,0.));
#8519=DIRECTION('',(0.,0.,-1.));
#8520=DIRECTION('',(-1.,0.,0.));
#8521=DIRECTION('',(0.,0.,-1.));
#8522=DIRECTION('',(-1.,0.,0.));
#8523=DIRECTION('',(1.,0.,0.));
#8524=DIRECTION('',(0.,0.,-1.));
#8525=DIRECTION('',(0.,-1.,0.));
#8526=DIRECTION('',(0.,0.,1.));
#8527=DIRECTION('',(1.,0.,0.));
#8528=DIRECTION('',(0.,0.,-1.));
#8529=DIRECTION('',(0.,-1.,0.));
#8530=DIRECTION('',(0.,0.,1.));
#8531=DIRECTION('',(1.,0.,0.));
#8532=DIRECTION('',(0.,0.,-1.));
#8533=DIRECTION('',(0.,-1.,0.));
#8534=DIRECTION('',(0.,0.,1.));
#8535=DIRECTION('',(0.,-1.,0.));
#8536=DIRECTION('',(-3.58908305374512E-16,0.,-1.));
#8537=DIRECTION('',(-1.,0.,3.58908305374512E-16));
#8538=DIRECTION('',(1.,0.,-3.58908305374512E-16));
#8539=DIRECTION('',(0.,-1.,0.));
#8540=DIRECTION('',(-1.,0.,0.));
#8541=DIRECTION('',(0.,0.,1.));
#8542=DIRECTION('',(1.,0.,0.));
#8543=DIRECTION('',(1.,0.,-3.58908305374512E-16));
#8544=DIRECTION('',(0.,1.,0.));
#8545=DIRECTION('',(0.,0.,1.));
#8546=DIRECTION('',(0.,0.,-1.));
#8547=DIRECTION('',(1.,0.,0.));
#8548=DIRECTION('',(0.,0.,-1.));
#8549=DIRECTION('',(-1.,0.,0.));
#8550=DIRECTION('',(0.,0.,-1.));
#8551=DIRECTION('',(0.,0.,-1.));
#8552=DIRECTION('',(-1.,0.,0.));
#8553=DIRECTION('',(-1.,0.,0.));
#8554=DIRECTION('',(0.,0.,1.));
#8555=DIRECTION('',(0.,1.,0.));
#8556=DIRECTION('',(0.,0.,1.));
#8557=DIRECTION('',(-1.,0.,0.));
#8558=DIRECTION('',(0.,0.,1.));
#8559=DIRECTION('',(1.,0.,0.));
#8560=DIRECTION('',(-1.,0.,0.));
#8561=DIRECTION('',(2.01127359533543E-16,-1.,0.));
#8562=DIRECTION('',(0.,1.,0.));
#8563=DIRECTION('',(0.,0.,1.));
#8564=DIRECTION('',(0.,1.,0.));
#8565=DIRECTION('',(0.,0.,1.));
#8566=DIRECTION('',(0.,0.,-1.));
#8567=DIRECTION('',(0.,0.,-1.));
#8568=DIRECTION('',(-1.,0.,0.));
#8569=DIRECTION('',(0.,0.,-1.));
#8570=DIRECTION('',(-1.,0.,0.));
#8571=DIRECTION('',(0.,0.,1.));
#8572=DIRECTION('',(2.01127359533543E-16,-1.,0.));
#8573=DIRECTION('',(1.,2.01127359533543E-16,0.));
#8574=DIRECTION('',(0.,1.,0.));
#8575=DIRECTION('',(0.,0.,1.));
#8576=DIRECTION('',(0.,0.,1.));
#8577=DIRECTION('',(1.,0.,0.));
#8578=DIRECTION('',(-1.,0.,0.));
#8579=DIRECTION('',(0.,0.,1.));
#8580=DIRECTION('',(1.,0.,0.));
#8581=DIRECTION('',(0.,0.,-1.));
#8582=DIRECTION('',(1.,0.,0.));
#8583=DIRECTION('',(0.,0.,-1.));
#8584=DIRECTION('',(1.,0.,0.));
#8585=DIRECTION('',(0.,0.,-1.));
#8586=DIRECTION('',(0.,0.,1.));
#8587=DIRECTION('',(1.,0.,0.));
#8588=DIRECTION('',(0.,-1.,0.));
#8589=DIRECTION('',(0.,0.,-1.));
#8590=DIRECTION('',(0.,-1.,0.));
#8591=DIRECTION('',(0.,0.,-1.));
#8592=DIRECTION('',(2.01127359533543E-16,1.,0.));
#8593=DIRECTION('',(-1.,2.01127359533543E-16,0.));
#8594=DIRECTION('',(0.,1.,0.));
#8595=DIRECTION('',(0.,0.,1.));
#8596=DIRECTION('',(0.,0.,1.));
#8597=DIRECTION('',(1.,0.,0.));
#8598=DIRECTION('',(1.,-6.93889390390722E-15,-6.93889390390723E-15));
#8599=DIRECTION('',(-6.93889390390723E-15,0.,-1.));
#8600=DIRECTION('',(1.,0.,0.));
#8601=DIRECTION('',(0.,0.,-1.));
#8602=DIRECTION('',(0.,1.,0.));
#8603=DIRECTION('',(0.,0.,1.));
#8604=DIRECTION('',(0.,1.,0.));
#8605=DIRECTION('',(0.,0.,1.));
#8606=DIRECTION('',(0.,0.,1.));
#8607=DIRECTION('',(1.,0.,0.));
#8608=DIRECTION('',(1.,-3.46944695195361E-15,-3.46944695195361E-15));
#8609=DIRECTION('',(-3.46944695195361E-15,0.,-1.));
#8610=DIRECTION('',(0.,1.,0.));
#8611=DIRECTION('',(0.,0.,1.));
#8612=DIRECTION('',(0.707106781186548,0.707106781186548,0.));
#8613=DIRECTION('',(0.707106781186548,-0.707106781186548,0.));
#8614=DIRECTION('',(1.,0.,0.));
#8615=DIRECTION('',(0.,0.,-1.));
#8616=DIRECTION('',(0.,-1.,0.));
#8617=DIRECTION('',(0.,0.,-1.));
#8618=DIRECTION('',(-1.53156022361291E-16,-1.,0.));
#8619=DIRECTION('',(1.,-1.53156022361291E-16,0.));
#8620=DIRECTION('',(1.16872706666174E-16,1.,0.));
#8621=DIRECTION('',(-1.,1.16872706666174E-16,0.));
#8622=DIRECTION('',(1.16872706666174E-16,-1.,0.));
#8623=DIRECTION('',(1.,1.16872706666174E-16,0.));
#8624=DIRECTION('',(-1.53156022361291E-16,1.,0.));
#8625=DIRECTION('',(-1.,-1.53156022361291E-16,0.));
#8626=DIRECTION('',(0.,1.,0.));
#8627=DIRECTION('',(0.,0.,1.));
#8628=DIRECTION('',(1.,0.,3.58908305374512E-16));
#8629=DIRECTION('',(3.58908305374512E-16,0.,-1.));
#8630=DIRECTION('',(0.707106781186547,0.,0.707106781186548));
#8631=DIRECTION('',(0.707106781186548,0.,-0.707106781186547));
#8632=DIRECTION('',(0.,0.,1.));
#8633=DIRECTION('',(1.,0.,0.));
#8634=DIRECTION('',(0.,0.,1.));
#8635=DIRECTION('',(1.,0.,0.));
#8636=DIRECTION('',(1.,0.,-3.58908305374512E-16));
#8637=DIRECTION('',(-3.58908305374512E-16,0.,-1.));
#8638=DIRECTION('',(0.707106781186547,0.,-0.707106781186548));
#8639=DIRECTION('',(0.707106781186548,0.,0.707106781186547));
#8640=DIRECTION('',(0.,0.,-1.));
#8641=DIRECTION('',(-1.,0.,0.));
#8642=DIRECTION('',(0.,0.,-1.));
#8643=DIRECTION('',(-1.,0.,0.));
#8644=DIRECTION('',(0.,0.,-1.));
#8645=DIRECTION('',(-1.,0.,0.));
#8646=DIRECTION('',(0.,0.,-1.));
#8647=DIRECTION('',(-1.,0.,0.));
#8648=DIRECTION('',(0.,0.,1.));
#8649=DIRECTION('',(1.,0.,0.));
#8650=DIRECTION('',(0.,0.,1.));
#8651=DIRECTION('',(1.,0.,0.));
#8652=DIRECTION('',(0.707106781186547,0.,0.707106781186548));
#8653=DIRECTION('',(-0.707106781186548,0.,0.707106781186547));
#8654=DIRECTION('',(1.,0.,3.67394039744206E-16));
#8655=DIRECTION('',(3.67394039744206E-16,0.,-1.));
#8656=DIRECTION('',(0.,0.,1.));
#8657=DIRECTION('',(1.,0.,0.));
#8658=DIRECTION('',(0.,0.,1.));
#8659=DIRECTION('',(1.,0.,0.));
#8660=DIRECTION('',(0.707106781186548,0.,0.707106781186548));
#8661=DIRECTION('',(-0.707106781186548,0.,0.707106781186548));
#8662=DIRECTION('',(1.,0.,1.18276600634782E-16));
#8663=DIRECTION('',(1.18276600634782E-16,0.,-1.));
#8664=DIRECTION('',(0.707106781186548,0.,-0.707106781186548));
#8665=DIRECTION('',(0.707106781186548,0.,0.707106781186548));
#8666=DIRECTION('',(0.,0.,-1.));
#8667=DIRECTION('',(-1.,0.,0.));
#8668=DIRECTION('',(0.,0.,-1.));
#8669=DIRECTION('',(-1.,0.,0.));
#8670=DIRECTION('',(0.,1.,0.));
#8671=DIRECTION('',(0.,0.,1.));
#8672=DIRECTION('',(0.,0.,1.));
#8673=DIRECTION('',(1.,0.,0.));
#8674=DIRECTION('',(0.,0.,1.));
#8675=DIRECTION('',(1.,0.,0.));
#8676=DIRECTION('',(0.,-1.,0.));
#8677=DIRECTION('',(0.,0.,-1.));
#8678=DIRECTION('',(-1.,6.65281832841564E-17,0.));
#8679=DIRECTION('',(-6.65281832841564E-17,-1.,0.));
#8680=DIRECTION('',(6.65281832841564E-17,1.,0.));
#8681=DIRECTION('',(6.65281832841564E-17,1.,0.));
#8682=DIRECTION('',(-1.,6.65281832841564E-17,0.));
#8683=DIRECTION('',(-6.65281832841564E-17,-1.,0.));
#8684=DIRECTION('',(6.65281832841564E-17,1.,0.));
#8685=DIRECTION('',(6.65281832841564E-17,1.,0.));
#8686=DIRECTION('',(0.,0.,-1.));
#8687=DIRECTION('',(1.,0.,0.));
#8688=DIRECTION('',(0.,-1.,0.));
#8689=DIRECTION('',(0.,0.,-1.));
#8690=DIRECTION('',(0.,-1.,0.));
#8691=DIRECTION('',(0.,0.,-1.));
#8692=DIRECTION('',(0.,-1.,0.));
#8693=DIRECTION('',(1.,0.,0.));
#8694=DIRECTION('',(0.,-1.,0.));
#8695=DIRECTION('',(0.,0.,-1.));
#8696=DIRECTION('',(0.,-1.,0.));
#8697=DIRECTION('',(0.,0.,-1.));
#8698=DIRECTION('',(0.,-1.,0.));
#8699=DIRECTION('',(1.,0.,0.));
#8700=DIRECTION('',(0.,-1.,0.));
#8701=DIRECTION('',(0.,0.,-1.));
#8702=DIRECTION('',(0.,-1.,0.));
#8703=DIRECTION('',(0.,0.,-1.));
#8704=DIRECTION('',(0.,-1.,0.));
#8705=DIRECTION('',(1.,0.,0.));
#8706=DIRECTION('',(0.,-1.,0.));
#8707=DIRECTION('',(0.,0.,-1.));
#8708=DIRECTION('',(0.,-1.,0.));
#8709=DIRECTION('',(0.,0.,-1.));
#8710=DIRECTION('',(0.,-1.,0.));
#8711=DIRECTION('',(1.,0.,0.));
#8712=DIRECTION('',(1.,0.,0.));
#8713=DIRECTION('',(0.,0.,-1.));
#8714=DIRECTION('',(0.707106781186548,0.707106781186548,0.));
#8715=DIRECTION('',(0.707106781186548,-0.707106781186548,0.));
#8716=DIRECTION('',(-1.,0.,3.46944695195361E-15));
#8717=DIRECTION('',(3.46944695195361E-15,0.,1.));
#8718=DIRECTION('',(0.,0.,-1.));
#8719=DIRECTION('',(-1.,0.,0.));
#8720=DIRECTION('',(0.,-1.,0.));
#8721=DIRECTION('',(0.,0.,-1.));
#8722=DIRECTION('',(0.,1.,0.));
#8723=DIRECTION('',(0.,0.,1.));
#8724=DIRECTION('',(0.,1.,0.));
#8725=DIRECTION('',(0.,0.,1.));
#8726=DIRECTION('',(0.707106781186548,0.707106781186548,0.));
#8727=DIRECTION('',(0.707106781186548,-0.707106781186548,0.));
#8728=DIRECTION('',(0.,0.,-1.));
#8729=DIRECTION('',(-1.,0.,0.));
#8730=DIRECTION('',(1.,0.,0.));
#8731=DIRECTION('',(0.,0.,-1.));
#8732=DIRECTION('',(-1.,0.,6.93889390390722E-15));
#8733=DIRECTION('',(6.93889390390722E-15,0.,1.));
#8734=DIRECTION('',(0.,-1.,0.));
#8735=DIRECTION('',(0.,0.,-1.));
#8736=DIRECTION('',(0.707106781186548,-0.707106781186548,0.));
#8737=DIRECTION('',(0.707106781186548,0.707106781186548,0.));
#8738=DIRECTION('',(0.,0.,-1.));
#8739=DIRECTION('',(-1.,0.,0.));
#8740=DIRECTION('',(0.,-1.,0.));
#8741=DIRECTION('',(0.,0.,-1.));
#8742=DIRECTION('',(1.,0.,0.));
#8743=DIRECTION('',(0.,0.,-1.));
#8744=DIRECTION('',(1.,3.46944695195361E-15,0.));
#8745=DIRECTION('',(-3.46944695195361E-15,1.,0.));
#8746=DIRECTION('',(2.01127359533543E-16,1.,0.));
#8747=DIRECTION('',(-1.,2.01127359533543E-16,0.));
#8748=DIRECTION('',(0.,0.,-1.));
#8749=DIRECTION('',(-1.,0.,0.));
#8750=DIRECTION('',(0.,-1.,0.));
#8751=DIRECTION('',(0.,0.,-1.));
#8752=DIRECTION('',(0.,0.,-1.));
#8753=DIRECTION('',(-1.,0.,0.));
#8754=DIRECTION('',(0.,-1.,0.));
#8755=DIRECTION('',(0.,0.,-1.));
#8756=DIRECTION('',(0.707106781186548,-0.707106781186548,0.));
#8757=DIRECTION('',(0.707106781186548,0.707106781186548,0.));
#8758=DIRECTION('',(0.,-1.,0.));
#8759=DIRECTION('',(0.,0.,-1.));
#8760=DIRECTION('',(0.707106781186548,0.707106781186548,0.));
#8761=DIRECTION('',(0.707106781186548,-0.707106781186548,0.));
#8762=DIRECTION('',(1.,0.,0.));
#8763=DIRECTION('',(0.,0.,-1.));
#8764=DIRECTION('',(1.,6.93889390390722E-15,0.));
#8765=DIRECTION('',(-6.93889390390722E-15,1.,0.));
#8766=DIRECTION('',(1.,0.,0.));
#8767=DIRECTION('',(0.,0.,-1.));
#8768=DIRECTION('',(-1.,0.,0.));
#8769=DIRECTION('',(0.,0.,1.));
#8770=DIRECTION('',(0.,0.,-1.));
#8771=DIRECTION('',(-1.,0.,0.));
#8772=DIRECTION('',(0.,-1.,0.));
#8773=DIRECTION('',(0.,0.,-1.));
#8774=DIRECTION('',(0.,0.,-1.));
#8775=DIRECTION('',(-1.,0.,0.));
#8776=DIRECTION('',(0.,-1.,0.));
#8777=DIRECTION('',(0.,0.,-1.));
#8778=DIRECTION('',(2.01127359533543E-16,-1.,0.));
#8779=DIRECTION('',(1.,2.01127359533543E-16,0.));
#8780=DIRECTION('',(0.,1.,0.));
#8781=DIRECTION('',(0.,0.,1.));
#8782=DIRECTION('',(0.707106781186548,0.707106781186548,0.));
#8783=DIRECTION('',(-0.707106781186548,0.707106781186548,0.));
#8784=DIRECTION('',(0.,0.,-1.));
#8785=DIRECTION('',(-1.,0.,0.));
#8786=DIRECTION('',(1.,0.,0.));
#8787=DIRECTION('',(0.,0.,-1.));
#8788=DIRECTION('',(-1.,0.,0.));
#8789=DIRECTION('',(0.,0.,1.));
#8790=DIRECTION('',(0.,1.,0.));
#8791=DIRECTION('',(0.,0.,1.));
#8792=DIRECTION('',(-0.707106781186548,0.707106781186548,0.));
#8793=DIRECTION('',(-0.707106781186548,-0.707106781186548,0.));
#8794=DIRECTION('',(0.,0.,-1.));
#8795=DIRECTION('',(-1.,0.,0.));
#8796=DIRECTION('',(0.,-1.,0.));
#8797=DIRECTION('',(0.,0.,-1.));
#8798=DIRECTION('',(-1.,0.,0.));
#8799=DIRECTION('',(0.,0.,1.));
#8800=DIRECTION('',(1.,0.,0.));
#8801=DIRECTION('',(0.,0.,-1.));
#8802=DIRECTION('',(0.,1.,0.));
#8803=DIRECTION('',(0.,0.,1.));
#8804=DIRECTION('',(0.707106781186548,0.707106781186548,0.));
#8805=DIRECTION('',(-0.707106781186548,0.707106781186548,0.));
#8806=DIRECTION('',(0.,0.,-1.));
#8807=DIRECTION('',(-1.,0.,0.));
#8808=DIRECTION('',(0.,-1.,0.));
#8809=DIRECTION('',(0.,0.,-1.));
#8810=DIRECTION('',(1.,0.,0.));
#8811=DIRECTION('',(0.,0.,-1.));
#8812=DIRECTION('',(-1.,0.,0.));
#8813=DIRECTION('',(0.,0.,1.));
#8814=DIRECTION('',(0.,-1.,0.));
#8815=DIRECTION('',(0.,0.,-1.));
#8816=DIRECTION('',(0.707106781186548,-0.707106781186548,0.));
#8817=DIRECTION('',(-0.707106781186548,-0.707106781186548,0.));
#8818=DIRECTION('',(0.,0.,-1.));
#8819=DIRECTION('',(-1.,0.,0.));
#8820=DIRECTION('',(0.,-1.,0.));
#8821=DIRECTION('',(0.,0.,-1.));
#8822=DIRECTION('',(-1.,0.,0.));
#8823=DIRECTION('',(0.,0.,1.));
#8824=DIRECTION('',(1.,0.,0.));
#8825=DIRECTION('',(0.,0.,-1.));
#8826=DIRECTION('',(0.,1.,0.));
#8827=DIRECTION('',(0.,0.,1.));
#8828=DIRECTION('',(-0.707106781186548,0.707106781186548,0.));
#8829=DIRECTION('',(0.707106781186548,0.707106781186548,0.));
#8830=DIRECTION('',(0.,0.,-1.));
#8831=DIRECTION('',(-1.,0.,0.));
#8832=DIRECTION('',(0.,-1.,0.));
#8833=DIRECTION('',(0.,0.,-1.));
#8834=DIRECTION('',(-1.,0.,0.));
#8835=DIRECTION('',(0.,0.,1.));
#8836=DIRECTION('',(-0.707106781186548,-0.707106781186548,0.));
#8837=DIRECTION('',(0.707106781186548,-0.707106781186548,0.));
#8838=DIRECTION('',(0.,-1.,0.));
#8839=DIRECTION('',(0.,0.,-1.));
#8840=DIRECTION('',(0.707106781186548,-0.707106781186548,0.));
#8841=DIRECTION('',(-0.707106781186548,-0.707106781186548,0.));
#8842=DIRECTION('',(-6.65281832841564E-17,-1.,0.));
#8843=DIRECTION('',(1.,-6.65281832841564E-17,0.));
#8844=DIRECTION('',(-1.,0.,0.));
#8845=DIRECTION('',(0.,0.,1.));
#8846=DIRECTION('',(1.,0.,0.));
#8847=DIRECTION('',(0.,0.,-1.));
#8848=DIRECTION('',(0.,0.,-1.));
#8849=DIRECTION('',(-1.,0.,0.));
#8850=DIRECTION('',(0.,0.,-1.));
#8851=DIRECTION('',(-1.,0.,0.));
#8852=DIRECTION('',(0.,-1.,0.));
#8853=DIRECTION('',(0.,0.,-1.));
#8854=DIRECTION('',(6.65281832841564E-17,1.,0.));
#8855=DIRECTION('',(-1.,6.65281832841564E-17,0.));
#8856=DIRECTION('',(-0.707106781186548,0.707106781186548,0.));
#8857=DIRECTION('',(0.707106781186548,0.707106781186548,0.));
#8858=DIRECTION('',(0.,-1.,0.));
#8859=DIRECTION('',(0.,0.,-1.));
#8860=DIRECTION('',(-0.707106781186548,-0.707106781186548,0.));
#8861=DIRECTION('',(0.707106781186548,-0.707106781186548,0.));
#8862=DIRECTION('',(-1.,0.,0.));
#8863=DIRECTION('',(0.,0.,1.));
#8864=CARTESIAN_POINT('',(0.,0.,0.));
#8865=CARTESIAN_POINT('',(-0.0165,-0.0695323879818265,-0.003));
#8866=CARTESIAN_POINT('',(-0.0175052369931667,-0.0695323879818265,-0.001));
#8867=CARTESIAN_POINT('',(-0.0160156865167015,-0.0695323879818265,-0.001));
#8868=CARTESIAN_POINT('',(-0.0105,-0.0695323879818265,-0.001));
#8869=CARTESIAN_POINT('',(-0.018,-0.0695323879818265,-0.00125));
#8870=CARTESIAN_POINT('',(-0.0161459503782261,-0.0695323879818265,-0.000500000000000007));
#8871=CARTESIAN_POINT('',(0.031,-0.0695323879818265,-0.000499999999999989));
#8872=CARTESIAN_POINT('',(-0.00484138317886997,-0.0695323879818265,-0.0005));
#8873=CARTESIAN_POINT('',(-0.00484138317886997,-0.0695323879818265,-0.001));
#8874=CARTESIAN_POINT('',(-0.00534138317886997,-0.0695323879818265,-0.001));
#8875=CARTESIAN_POINT('',(-0.0165,-0.0695323879818265,-0.001));
#8876=CARTESIAN_POINT('',(-0.008,-0.0695323879818265,-0.001));
#8877=CARTESIAN_POINT('',(-0.008,-0.0695323879818265,-0.0015));
#8878=CARTESIAN_POINT('',(-0.0085,-0.0695323879818265,-0.0015));
#8879=CARTESIAN_POINT('',(-0.0165,-0.0695323879818265,-0.0015));
#8880=CARTESIAN_POINT('',(-0.0105,-0.0695323879818265,-0.0015));
#8881=CARTESIAN_POINT('',(-0.0105,-0.0695323879818265,-0.002));
#8882=CARTESIAN_POINT('',(-0.0180594670409932,-0.0689854306521754,-0.001));
#8883=CARTESIAN_POINT('',(-0.018,-0.0689854306521754,-0.00125));
#8884=CARTESIAN_POINT('',(-0.0160156865167015,-0.0689854306521754,-0.001));
#8885=CARTESIAN_POINT('',(-0.0161459503782261,-0.0689854306521754,-0.002));
#8886=CARTESIAN_POINT('',(-0.0180594670409932,-0.0689854306521754,-0.001));
#8887=CARTESIAN_POINT('',(-0.0142235162645523,-0.0689854306521754,-0.001));
#8888=CARTESIAN_POINT('',(-0.0142235162645523,-0.0689854306521754,-0.001));
#8889=CARTESIAN_POINT('',(-0.0142235162645523,-0.0689854306521754,-0.002));
#8890=CARTESIAN_POINT('',(-0.0180594670409932,-0.0689854306521754,-0.002));
#8891=CARTESIAN_POINT('',(-0.0155,-0.0695323879818265,-6.50299483586018E-18));
#8892=CARTESIAN_POINT('',(-0.0195612494995996,-0.0680323879818265,-7.94616853360795E-18));
#8893=CARTESIAN_POINT('',(-0.0195612494995996,-0.0700323879818265,-7.99729189498006E-18));
#8894=CARTESIAN_POINT('',(-0.0195612494995996,-0.0710323879818265,-7.94616853360795E-18));
#8895=CARTESIAN_POINT('',(-0.031,-0.0700323879818265,-1.21976024518954E-17));
#8896=CARTESIAN_POINT('',(-0.031,-0.0700323879818265,-1.21430643318376E-17));
#8897=CARTESIAN_POINT('',(-0.031,-0.0695323879818265,-1.21430643318376E-17));
#8898=CARTESIAN_POINT('',(-0.031,-0.0710323879818265,-1.21430643318376E-17));
#8899=CARTESIAN_POINT('',(-0.0165,-0.0710323879818265,-6.93889390390723E-18));
#8900=CARTESIAN_POINT('',(-0.0155,-0.0695323879818265,-6.50299483586018E-18));
#8901=CARTESIAN_POINT('',(-0.0164387505004004,-0.0680323879818265,-6.79898101219491E-18));
#8902=CARTESIAN_POINT('',(-0.0164387505004004,-0.0710323879818265,-7.01582144669201E-18));
#8903=CARTESIAN_POINT('',(-0.0164387505004004,-0.0700323879818265,-6.79898101219491E-18));
#8904=CARTESIAN_POINT('',(-0.0165,-0.0710323879818265,-6.93889390390723E-18));
#8905=CARTESIAN_POINT('',(0.0164387505004004,-0.0710323879818265,5.28109797071521E-18));
#8906=CARTESIAN_POINT('',(0.0164387505004004,-0.0680323879818265,5.28109797071521E-18));
#8907=CARTESIAN_POINT('',(0.0164387505004004,-0.0700323879818265,5.22889353581136E-18));
#8908=CARTESIAN_POINT('',(-0.031,-0.0700323879818265,-1.21976024518954E-17));
#8909=CARTESIAN_POINT('',(-0.0165,-0.0695323879818265,-0.003));
#8910=CARTESIAN_POINT('',(0.0305,-0.0695323879818265,-0.008));
#8911=CARTESIAN_POINT('',(0.0305,-0.0695323879818265,-0.00049999999999999));
#8912=CARTESIAN_POINT('',(0.0305,-0.0695323879818265,-0.0075));
#8913=CARTESIAN_POINT('',(0.029,-0.0695323879818265,-0.0075));
#8914=CARTESIAN_POINT('',(0.029,-0.0695323879818265,-0.0075));
#8915=CARTESIAN_POINT('',(0.029,-0.0695323879818265,-0.005));
#8916=CARTESIAN_POINT('',(0.029,-0.0695323879818265,-0.002));
#8917=CARTESIAN_POINT('',(0.0145,-0.0695323879818265,-0.002));
#8918=CARTESIAN_POINT('',(0.0235933978110552,-0.0695323879818265,-0.002));
#8919=CARTESIAN_POINT('',(0.0235933978110552,-0.0695323879818265,-0.008002));
#8920=CARTESIAN_POINT('',(0.0235933978110552,-0.0695323879818265,-0.0015));
#8921=CARTESIAN_POINT('',(0.0230933978110552,-0.0695323879818265,-0.0015));
#8922=CARTESIAN_POINT('',(0.0230933978110552,-0.0695323879818265,-0.001));
#8923=CARTESIAN_POINT('',(0.0175052369931667,-0.0695323879818265,-0.001));
#8924=CARTESIAN_POINT('',(0.0199843134832984,-0.0695323879818265,-0.001));
#8925=CARTESIAN_POINT('',(0.018,-0.0695323879818265,-0.00125));
#8926=CARTESIAN_POINT('',(0.0198540496217739,-0.0695323879818265,-0.000499999999999994));
#8927=CARTESIAN_POINT('',(0.031,-0.0695323879818265,-0.000499999999999989));
#8928=CARTESIAN_POINT('',(0.0180594670409932,-0.0689854306521754,-0.001));
#8929=CARTESIAN_POINT('',(0.0180594670409932,-0.0689854306521754,-0.002));
#8930=CARTESIAN_POINT('',(0.0218954178174342,-0.0689854306521754,-0.002));
#8931=CARTESIAN_POINT('',(0.0198540496217739,-0.0689854306521754,-0.002));
#8932=CARTESIAN_POINT('',(0.018,-0.0689854306521754,-0.00125));
#8933=CARTESIAN_POINT('',(0.0199843134832984,-0.0689854306521754,-0.001));
#8934=CARTESIAN_POINT('',(0.0180594670409932,-0.0689854306521754,-0.001));
#8935=CARTESIAN_POINT('',(0.0218954178174342,-0.0689854306521754,-0.001));
#8936=CARTESIAN_POINT('',(0.0218954178174342,-0.0689854306521754,-0.001));
#8937=CARTESIAN_POINT('',(-0.0155,-0.0700323879818265,-0.000500000000000007));
#8938=CARTESIAN_POINT('',(-0.0164387505004004,-0.0700323879818265,-6.85010437356702E-18));
#8939=CARTESIAN_POINT('',(-0.0164387505004004,-0.0697475053099758,-6.85010437356702E-18));
#8940=CARTESIAN_POINT('',(-0.0162524926176677,-0.0695323879818265,-0.000236620535013796));
#8941=CARTESIAN_POINT('',(-0.0161459503782261,-0.0695323879818265,-0.0005));
#8942=CARTESIAN_POINT('',(0.0161459503782261,-0.0695323879818265,-0.0005));
#8943=CARTESIAN_POINT('',(0.0162525165155611,-0.0695323879818265,-0.00023656145784021));
#8944=CARTESIAN_POINT('',(0.0164387505004004,-0.0697471447095443,5.21817794584648E-18));
#8945=CARTESIAN_POINT('',(0.0164387505004004,-0.0700323879818265,5.21817794584648E-18));
#8946=CARTESIAN_POINT('',(0.0161459503782261,-0.0695323879818265,-0.0005));
#8947=CARTESIAN_POINT('',(0.031,-0.0695323879818265,-0.000499999999999989));
#8948=CARTESIAN_POINT('',(0.00534138317886997,-0.0695323879818265,-0.0005));
#8949=CARTESIAN_POINT('',(-0.0165,-0.0695323879818265,-0.0005));
#8950=CARTESIAN_POINT('',(-0.0155,-0.0700323879818265,-0.000500000000000007));
#8951=CARTESIAN_POINT('',(0.0195612494995996,-0.0700323879818265,6.37608105722439E-18));
#8952=CARTESIAN_POINT('',(0.0195612494995996,-0.0697475053099757,6.37608105722439E-18));
#8953=CARTESIAN_POINT('',(0.0197475073823323,-0.0695323879818265,-0.000236620535013792));
#8954=CARTESIAN_POINT('',(0.0198540496217739,-0.0695323879818265,-0.000499999999999992));
#8955=CARTESIAN_POINT('',(0.0195612494995996,-0.0700323879818265,6.42828549212824E-18));
#8956=CARTESIAN_POINT('',(-0.031,-0.0700323879818265,-1.21976024518954E-17));
#8957=CARTESIAN_POINT('',(0.031,-0.0700323879818265,-1.21430643318376E-17));
#8958=CARTESIAN_POINT('',(0.0305,-0.0700323879818265,-0.00049999999999999));
#8959=CARTESIAN_POINT('',(-0.0108094424150477,-0.064420801409562,-0.001));
#8960=CARTESIAN_POINT('',(-0.0235933978110552,-0.0627542361617088,-0.001));
#8961=CARTESIAN_POINT('',(-0.0235933978110552,-0.0627542361617088,-0.0015));
#8962=CARTESIAN_POINT('',(-0.0235933978110552,-0.0627542361617088,-0.002));
#8963=CARTESIAN_POINT('',(-0.0108094424150477,-0.064420801409562,-0.0015));
#8964=CARTESIAN_POINT('',(-0.0202084820520128,-0.0555966862020627,-0.0015));
#8965=CARTESIAN_POINT('',(-0.0202084820520128,-0.0555966862020627,-0.0015));
#8966=CARTESIAN_POINT('',(-0.0202084820520128,-0.0555966862020627,-0.002));
#8967=CARTESIAN_POINT('',(-0.0108094424150477,-0.064420801409562,-0.002));
#8968=CARTESIAN_POINT('',(0.0108094424150477,-0.064420801409562,-0.001));
#8969=CARTESIAN_POINT('',(0.011,-0.0515300821472679,-0.002));
#8970=CARTESIAN_POINT('',(0.0107359126642599,-0.0515261782654215,-0.002));
#8971=CARTESIAN_POINT('',(0.0105,-0.0515323879818265,-0.0017641153910787));
#8972=CARTESIAN_POINT('',(0.0105,-0.0515323879818265,-0.0015));
#8973=CARTESIAN_POINT('',(0.011,-0.0515300821472679,-0.002));
#8974=CARTESIAN_POINT('',(0.0105,-0.0515323879818265,-0.0015));
#8975=CARTESIAN_POINT('',(0.0108094424150477,-0.064420801409562,-0.0015));
#8976=CARTESIAN_POINT('',(0.0135,-0.0518125558863134,-0.0015));
#8977=CARTESIAN_POINT('',(0.0135,-0.0518125558863134,-0.0015));
#8978=CARTESIAN_POINT('',(0.0135,-0.0518125558863134,-0.002));
#8979=CARTESIAN_POINT('',(0.0108094424150477,-0.064420801409562,-0.002));
#8980=CARTESIAN_POINT('',(-0.0165,-0.0695323879818265,-0.003));
#8981=CARTESIAN_POINT('',(-0.029,-0.0695323879818265,-0.005));
#8982=CARTESIAN_POINT('',(-0.029,-0.0695323879818265,-0.0075));
#8983=CARTESIAN_POINT('',(-0.029,-0.0695323879818265,-0.002));
#8984=CARTESIAN_POINT('',(-0.0305,-0.0695323879818265,-0.0075));
#8985=CARTESIAN_POINT('',(-0.0305,-0.0695323879818265,-0.0075));
#8986=CARTESIAN_POINT('',(-0.0305,-0.0695323879818265,-0.003));
#8987=CARTESIAN_POINT('',(-0.0305,-0.0695323879818265,-0.000500000000000012));
#8988=CARTESIAN_POINT('',(0.031,-0.0695323879818265,-0.000499999999999989));
#8989=CARTESIAN_POINT('',(-0.0198540496217739,-0.0695323879818265,-0.000500000000000008));
#8990=CARTESIAN_POINT('',(-0.018,-0.0695323879818265,-0.00125));
#8991=CARTESIAN_POINT('',(-0.0199843134832984,-0.0695323879818265,-0.001));
#8992=CARTESIAN_POINT('',(-0.0175052369931667,-0.0695323879818265,-0.001));
#8993=CARTESIAN_POINT('',(-0.0230933978110552,-0.0695323879818265,-0.001));
#8994=CARTESIAN_POINT('',(-0.0230933978110552,-0.0695323879818265,-0.0015));
#8995=CARTESIAN_POINT('',(-0.0235933978110552,-0.0695323879818265,-0.0015));
#8996=CARTESIAN_POINT('',(-0.0235933978110552,-0.0695323879818265,-0.008002));
#8997=CARTESIAN_POINT('',(-0.0235933978110552,-0.0695323879818265,-0.002));
#8998=CARTESIAN_POINT('',(-0.0145,-0.0695323879818265,-0.002));
#8999=CARTESIAN_POINT('',(0.0105,-0.0285323879818265,-0.003));
#9000=CARTESIAN_POINT('',(0.0105,-0.0300323879818265,-0.003));
#9001=CARTESIAN_POINT('',(0.0105,-0.0300323879818265,-0.002));
#9002=CARTESIAN_POINT('',(0.0105,-0.0300323879818265,-0.0075));
#9003=CARTESIAN_POINT('',(0.0105,-0.0285323879818265,-0.0075));
#9004=CARTESIAN_POINT('',(0.0105,-0.0270323879818265,-0.0075));
#9005=CARTESIAN_POINT('',(0.0105,-0.0270323879818265,-0.003));
#9006=CARTESIAN_POINT('',(0.0105,-0.0270323879818265,-0.0015));
#9007=CARTESIAN_POINT('',(0.0105,-0.0285323879818265,-0.0015));
#9008=CARTESIAN_POINT('',(0.0105,-0.0305323879818265,-0.0015));
#9009=CARTESIAN_POINT('',(0.0105,-0.0305323879818265,-0.002));
#9010=CARTESIAN_POINT('',(0.0235933978110552,-0.0663344822824001,-0.008002));
#9011=CARTESIAN_POINT('',(0.0235933978110552,-0.0680323879818265,-0.008002));
#9012=CARTESIAN_POINT('',(0.0235933978110552,-0.0680323879818265,-0.0075));
#9013=CARTESIAN_POINT('',(0.0235933978110552,-0.0680323879818265,-0.0025));
#9014=CARTESIAN_POINT('',(0.0235933978110552,-0.0627542361617088,-0.0075));
#9015=CARTESIAN_POINT('',(0.0235933978110552,-0.0627542361617088,-0.0075));
#9016=CARTESIAN_POINT('',(0.0235933978110552,-0.0627542361617088,-0.008002));
#9017=CARTESIAN_POINT('',(0.0235933978110552,-0.0627542361617088,-0.002));
#9018=CARTESIAN_POINT('',(0.0235933978110552,-0.0627542361617088,-0.001));
#9019=CARTESIAN_POINT('',(0.0235933978110552,-0.0627542361617088,-0.0015));
#9020=CARTESIAN_POINT('',(0.0235933978110552,-0.0695323879818265,-0.0015));
#9021=CARTESIAN_POINT('',(0.0235933978110552,-0.0663344822824001,-0.002));
#9022=CARTESIAN_POINT('',(0.0235933978110552,-0.0685323879818265,-0.002));
#9023=CARTESIAN_POINT('',(0.0235933978110552,-0.0685323879818265,-0.0025));
#9024=CARTESIAN_POINT('',(0.,-0.0220161939909133,-0.0005));
#9025=CARTESIAN_POINT('',(0.,0.,-0.0005));
#9026=CARTESIAN_POINT('',(0.00534138317886991,-0.0285038528226709,-0.0005));
#9027=CARTESIAN_POINT('',(-0.00484138317886998,-0.0285930237805545,-0.0005));
#9028=CARTESIAN_POINT('',(-0.00484138317886997,-0.0220161939909133,-0.0005));
#9029=CARTESIAN_POINT('',(0.00534138317886997,-0.0507681204022487,-0.0005));
#9030=CARTESIAN_POINT('',(0.00525,-0.0500323879818265,-0.0015));
#9031=CARTESIAN_POINT('',(0.0105,-0.0305323879818265,-0.0015));
#9032=CARTESIAN_POINT('',(0.012,-0.0305323879818265,-0.0015));
#9033=CARTESIAN_POINT('',(0.,0.,-0.0015));
#9034=CARTESIAN_POINT('',(0.0085,-0.0277263412660236,-0.0015));
#9035=CARTESIAN_POINT('',(0.0085,-0.0503793646239251,-0.0015));
#9036=CARTESIAN_POINT('',(0.0085,-0.0695323879818265,-0.0015));
#9037=CARTESIAN_POINT('',(0.0165,-0.0695323879818265,-0.0015));
#9038=CARTESIAN_POINT('',(0.0105,-0.0695323879818265,-0.0015));
#9039=CARTESIAN_POINT('',(0.0105,-0.0285323879818265,-0.0015));
#9040=CARTESIAN_POINT('',(0.0105,-0.0285323879818265,-0.0015));
#9041=CARTESIAN_POINT('',(0.0105,-0.0310323879818265,-0.0015));
#9042=CARTESIAN_POINT('',(0.01125,-0.0310323879818265,-0.0015));
#9043=CARTESIAN_POINT('',(0.012,-0.0310323879818265,-0.0015));
#9044=CARTESIAN_POINT('',(0.012,-0.0325323879818266,-0.0015));
#9045=CARTESIAN_POINT('',(0.0135,-0.0325323879818266,-0.0015));
#9046=CARTESIAN_POINT('',(0.0135,-0.04217247193407,-0.0015));
#9047=CARTESIAN_POINT('',(0.0108094424150477,-0.064420801409562,-0.0015));
#9048=CARTESIAN_POINT('',(0.0202084820520128,-0.0555966862020627,-0.0015));
#9049=CARTESIAN_POINT('',(0.0105,-0.0645671414998326,-0.0015));
#9050=CARTESIAN_POINT('',(0.014,-0.051820624642136,-0.0015));
#9051=CARTESIAN_POINT('',(0.014,-0.0500323879818265,-0.0015));
#9052=CARTESIAN_POINT('',(0.014,-0.0325323879818266,-0.0015));
#9053=CARTESIAN_POINT('',(0.012,-0.0325323879818266,-0.0015));
#9054=CARTESIAN_POINT('',(0.00525,-0.0500323879818265,-0.001));
#9055=CARTESIAN_POINT('',(0.0165,-0.0695323879818265,-0.001));
#9056=CARTESIAN_POINT('',(0.008,-0.0695323879818265,-0.001));
#9057=CARTESIAN_POINT('',(0.00584138317886997,-0.0695323879818265,-0.001));
#9058=CARTESIAN_POINT('',(0.008,-0.0500323879818265,-0.001));
#9059=CARTESIAN_POINT('',(0.008,-0.0278747197295327,-0.001));
#9060=CARTESIAN_POINT('',(0.,0.,-0.001));
#9061=CARTESIAN_POINT('',(0.00584138317886997,-0.0284056023093617,-0.001));
#9062=CARTESIAN_POINT('',(0.00584138317886997,-0.0695323879818265,-0.001));
#9063=CARTESIAN_POINT('',(-0.0165,-0.0710323879818265,-0.003));
#9064=CARTESIAN_POINT('',(0.0325,-0.0710323879818265,-0.008));
#9065=CARTESIAN_POINT('',(0.0325,-0.0710323879818265,0.0015));
#9066=CARTESIAN_POINT('',(0.0325,-0.0710323879818265,-0.0075));
#9067=CARTESIAN_POINT('',(0.031,-0.0710323879818265,-0.0075));
#9068=CARTESIAN_POINT('',(0.031,-0.0710323879818265,-0.0075));
#9069=CARTESIAN_POINT('',(0.031,-0.0710323879818265,-0.003));
#9070=CARTESIAN_POINT('',(0.031,-0.0710323879818265,-1.21430643318376E-17));
#9071=CARTESIAN_POINT('',(-0.0165,-0.0710323879818265,-6.93889390390723E-18));
#9072=CARTESIAN_POINT('',(0.0195612494995996,-0.0710323879818265,6.21144505763114E-18));
#9073=CARTESIAN_POINT('',(0.018,-0.0710323879818265,-0.00125));
#9074=CARTESIAN_POINT('',(-0.018,-0.0710323879818265,-0.00125));
#9075=CARTESIAN_POINT('',(-0.031,-0.0710323879818265,-0.003));
#9076=CARTESIAN_POINT('',(-0.031,-0.0710323879818265,-0.0075));
#9077=CARTESIAN_POINT('',(-0.0325,-0.0710323879818265,-0.0075));
#9078=CARTESIAN_POINT('',(-0.0325,-0.0710323879818265,-0.0075));
#9079=CARTESIAN_POINT('',(-0.0325,-0.0710323879818265,-0.003));
#9080=CARTESIAN_POINT('',(-0.0325,-0.0710323879818265,0.0015));
#9081=CARTESIAN_POINT('',(0.033,-0.0710323879818265,0.0015));
#9082=CARTESIAN_POINT('',(0.0105,-0.0515323879818265,-0.002));
#9083=CARTESIAN_POINT('',(0.0105,-0.0515323879818265,-0.001));
#9084=CARTESIAN_POINT('',(0.0105,-0.0520325378897532,-0.001));
#9085=CARTESIAN_POINT('',(0.0105,-0.0695323879818265,-0.001));
#9086=CARTESIAN_POINT('',(0.0105,-0.0520325378897532,-0.001));
#9087=CARTESIAN_POINT('',(0.0105,-0.051768390035466,-0.000999999999999999));
#9088=CARTESIAN_POINT('',(0.0105,-0.0515323879818265,-0.00123584987548681));
#9089=CARTESIAN_POINT('',(0.0105,-0.0515323879818265,-0.0015));
#9090=CARTESIAN_POINT('',(0.0105,-0.0695323879818265,-0.002));
#9091=CARTESIAN_POINT('',(0.0175052369931667,-0.0515323879818265,-0.001));
#9092=CARTESIAN_POINT('',(0.0160156865167015,-0.0680323879818265,-0.001));
#9093=CARTESIAN_POINT('',(0.0160156865167015,-0.0689854306521754,-0.001));
#9094=CARTESIAN_POINT('',(0.0160156865167015,-0.0695323879818265,-0.001));
#9095=CARTESIAN_POINT('',(0.0180594670409932,-0.0689854306521754,-0.001));
#9096=CARTESIAN_POINT('',(0.0142235162645523,-0.0689854306521754,-0.001));
#9097=CARTESIAN_POINT('',(0.0141983426343859,-0.0687283595104692,-0.001));
#9098=CARTESIAN_POINT('',(0.0141731690042194,-0.0684712883687629,-0.001));
#9099=CARTESIAN_POINT('',(0.0180342934108267,-0.0675625418246841,-0.001));
#9100=CARTESIAN_POINT('',(0.0160156865167015,-0.0680376371196585,-0.001));
#9101=CARTESIAN_POINT('',(0.0160156865167015,-0.0680323879818265,-0.001));
#9102=CARTESIAN_POINT('',(0.0160156865167015,-0.0680323879818265,-0.001));
#9103=CARTESIAN_POINT('',(0.0175052369931667,-0.0680323879818265,-0.001));
#9104=CARTESIAN_POINT('',(0.0160379892966447,-0.0680323879818265,-0.001));
#9105=CARTESIAN_POINT('',(0.0180342934108267,-0.0675625418246841,-0.001));
#9106=CARTESIAN_POINT('',(0.0218954178174342,-0.0666537952806052,-0.001));
#9107=CARTESIAN_POINT('',(0.0218954178174342,-0.0678196129663903,-0.001));
#9108=CARTESIAN_POINT('',(0.0199843134832984,-0.0680323879818265,-0.001));
#9109=CARTESIAN_POINT('',(0.0230933978110552,-0.0627542361617088,-0.001));
#9110=CARTESIAN_POINT('',(0.0230933978110552,-0.0627870121106148,-0.001));
#9111=CARTESIAN_POINT('',(0.0108094424150477,-0.064420801409562,-0.001));
#9112=CARTESIAN_POINT('',(0.0175052369931667,-0.0695323879818265,-0.001));
#9113=CARTESIAN_POINT('',(0.0179339089679467,-0.0656529086948006,-0.001));
#9114=CARTESIAN_POINT('',(0.0218954178174342,-0.0635636510043503,-0.001));
#9115=CARTESIAN_POINT('',(0.0139724001184591,-0.0677421663852509,-0.001));
#9116=CARTESIAN_POINT('',(0.0218954178174342,-0.0648875929466739,-0.001));
#9117=CARTESIAN_POINT('',(0.0218954178174342,-0.0662115348889976,-0.001));
#9118=CARTESIAN_POINT('',(0.0180109076528146,-0.0672253338494034,-0.001));
#9119=CARTESIAN_POINT('',(0.014126397488195,-0.0682391328098091,-0.001));
#9120=CARTESIAN_POINT('',(0.014049398803327,-0.06799064959753,-0.001));
#9121=CARTESIAN_POINT('',(0.0176490431797224,-0.0640594638337162,-0.001));
#9122=CARTESIAN_POINT('',(0.0215038070451773,-0.0607671844692087,-0.001));
#9123=CARTESIAN_POINT('',(0.0137942793142675,-0.0673517431982237,-0.001));
#9124=CARTESIAN_POINT('',(0.0166584150123574,-0.0627542361617088,-0.001));
#9125=CARTESIAN_POINT('',(0.0218954178174342,-0.0627542361617088,-0.001));
#9126=CARTESIAN_POINT('',(0.0178786504869721,-0.0651202929398384,-0.001));
#9127=CARTESIAN_POINT('',(0.01386188315651,-0.067486349717968,-0.001));
#9128=CARTESIAN_POINT('',(0.0138280812353888,-0.0674190464580958,-0.001));
#9129=CARTESIAN_POINT('',(0.0166234606797745,-0.0620998142466843,-0.001));
#9130=CARTESIAN_POINT('',(0.0199309144078005,-0.0575474947326342,-0.001));
#9131=CARTESIAN_POINT('',(0.0133160069517484,-0.0666521337607344,-0.001));
#9132=CARTESIAN_POINT('',(0.0143597946458489,-0.0621016243970973,-0.001));
#9133=CARTESIAN_POINT('',(0.0212287814707543,-0.059958147688097,-0.001));
#9134=CARTESIAN_POINT('',(0.0173720449249519,-0.0634307688717287,-0.001));
#9135=CARTESIAN_POINT('',(0.0135153083791495,-0.0669033900553605,-0.001));
#9136=CARTESIAN_POINT('',(0.013415657665449,-0.0667777619080474,-0.001));
#9137=CARTESIAN_POINT('',(0.0137489220267382,-0.0598178935810776,-0.001));
#9138=CARTESIAN_POINT('',(0.0152417806427258,-0.0538303647076103,-0.001));
#9139=CARTESIAN_POINT('',(0.0122560634107508,-0.0658054224545449,-0.001));
#9140=CARTESIAN_POINT('',(0.0130489858262106,-0.0605914928224668,-0.001));
#9141=CARTESIAN_POINT('',(0.0179269943204852,-0.0554217505056171,-0.001));
#9142=CARTESIAN_POINT('',(0.015323200278023,-0.0607603194335585,-0.001));
#9143=CARTESIAN_POINT('',(0.0127194062355608,-0.0660988883615,-0.001));
#9144=CARTESIAN_POINT('',(0.0124877348231558,-0.0659521554080224,-0.001));
#9145=CARTESIAN_POINT('',(0.0113925511302642,-0.0654904606157958,-0.001));
#9146=CARTESIAN_POINT('',(0.0117267444838222,-0.0655733161247102,-0.001));
#9147=CARTESIAN_POINT('',(0.0110583577767059,-0.0654076051068813,-0.001));
#9148=CARTESIAN_POINT('',(0.0110583577767059,-0.0592116527094071,-0.001));
#9149=CARTESIAN_POINT('',(0.0110583577767059,-0.0530157003119328,-0.001));
#9150=CARTESIAN_POINT('',(0.0112869248384108,-0.0627859411328349,-0.001));
#9151=CARTESIAN_POINT('',(0.0145010068369157,-0.0535566656733525,-0.001));
#9152=CARTESIAN_POINT('',(0.0131138756603691,-0.0595649908990313,-0.001));
#9153=CARTESIAN_POINT('',(0.,0.,-0.0170882614711289));
#9154=CARTESIAN_POINT('',(0.,0.,0.0005));
#9155=CARTESIAN_POINT('',(-0.029,0.,0.0005));
#9156=CARTESIAN_POINT('',(0.,0.,-0.0075));
#9157=CARTESIAN_POINT('',(-0.0105,-0.0270323879818265,-0.0075));
#9158=CARTESIAN_POINT('',(-0.0105,-0.0270323879818265,-0.003));
#9159=CARTESIAN_POINT('',(-0.0105,-0.0270323879818265,-0.002));
#9160=CARTESIAN_POINT('',(-0.0105,-0.0270323879818265,-0.002));
#9161=CARTESIAN_POINT('',(-0.0105,-0.0270323879818265,-0.00172662768681591));
#9162=CARTESIAN_POINT('',(-0.0102561649537832,-0.0271272106304745,-0.0015));
#9163=CARTESIAN_POINT('',(-0.01,-0.0272213151776324,-0.0015));
#9164=CARTESIAN_POINT('',(-0.01,-0.0272213151776324,-0.0015));
#9165=CARTESIAN_POINT('',(0.,0.,-0.0015));
#9166=CARTESIAN_POINT('',(-0.0085,-0.0277263412660236,-0.0015));
#9167=CARTESIAN_POINT('',(-0.0085,-0.0277263412660236,-0.0015));
#9168=CARTESIAN_POINT('',(-0.0085,-0.0277263412660236,-0.00123013898969957));
#9169=CARTESIAN_POINT('',(-0.00825909997683424,-0.0278003584503957,-0.000999999999999998));
#9170=CARTESIAN_POINT('',(-0.008,-0.0278747197295327,-0.001));
#9171=CARTESIAN_POINT('',(-0.008,-0.0278747197295327,-0.001));
#9172=CARTESIAN_POINT('',(0.,0.,-0.001));
#9173=CARTESIAN_POINT('',(-0.00534138317886991,-0.0285038528226709,-0.001));
#9174=CARTESIAN_POINT('',(-0.00534138317886997,-0.028503852822671,-0.001));
#9175=CARTESIAN_POINT('',(-0.00534138317886997,-0.028503852822671,-0.000733805344073407));
#9176=CARTESIAN_POINT('',(-0.00510372981671279,-0.0285486031341327,-0.000500000000000001));
#9177=CARTESIAN_POINT('',(-0.00484138317886997,-0.0285930237805545,-0.0005));
#9178=CARTESIAN_POINT('',(0.00534138317886997,-0.028503852822671,-0.0005));
#9179=CARTESIAN_POINT('',(0.00534138317886997,-0.028503852822671,-0.000766702861083309));
#9180=CARTESIAN_POINT('',(0.00558028336601015,-0.0284592953815323,-0.000999999999999999));
#9181=CARTESIAN_POINT('',(0.00584138317886997,-0.0284056023093617,-0.001));
#9182=CARTESIAN_POINT('',(0.008,-0.0278747197295327,-0.001));
#9183=CARTESIAN_POINT('',(0.00825928114966061,-0.0278003064540842,-0.000999999999999998));
#9184=CARTESIAN_POINT('',(0.00850000000000015,-0.0277263412660236,-0.00122991563535843));
#9185=CARTESIAN_POINT('',(0.00850000000000016,-0.0277263412660236,-0.00149999999999997));
#9186=CARTESIAN_POINT('',(0.,-0.0220161939909133,-0.002));
#9187=CARTESIAN_POINT('',(0.01125,-0.0310323879818265,-0.002));
#9188=CARTESIAN_POINT('',(0.011,-0.0310323879818265,-0.002));
#9189=CARTESIAN_POINT('',(0.012,-0.0310323879818265,-0.002));
#9190=CARTESIAN_POINT('',(0.011,-0.0220161939909133,-0.002));
#9191=CARTESIAN_POINT('',(0.0135,-0.04217247193407,-0.002));
#9192=CARTESIAN_POINT('',(0.0135,-0.0325323879818266,-0.002));
#9193=CARTESIAN_POINT('',(0.012,-0.0325323879818266,-0.002));
#9194=CARTESIAN_POINT('',(0.0185,-0.0557823879818265,-0.003));
#9195=CARTESIAN_POINT('',(0.0185,-0.0540446089147777,-0.008002));
#9196=CARTESIAN_POINT('',(0.0185,-0.0540446089147777,-0.003));
#9197=CARTESIAN_POINT('',(0.0185,-0.0540446089147777,-0.0075));
#9198=CARTESIAN_POINT('',(0.0185,-0.0557823879818265,-0.0075));
#9199=CARTESIAN_POINT('',(0.0185,-0.0385323879818266,-0.0075));
#9200=CARTESIAN_POINT('',(0.0185,-0.0385323879818266,-0.003));
#9201=CARTESIAN_POINT('',(0.0185,-0.0385323879818266,-0.003));
#9202=CARTESIAN_POINT('',(0.0185,-0.0557823879818265,-0.003));
#9203=CARTESIAN_POINT('',(0.0145,-0.0342823879818266,-0.003));
#9204=CARTESIAN_POINT('',(0.0145,-0.0360323879818265,-0.003));
#9205=CARTESIAN_POINT('',(0.0145,-0.0360323879818265,-0.003));
#9206=CARTESIAN_POINT('',(0.0145,-0.0360323879818265,-0.0075));
#9207=CARTESIAN_POINT('',(0.0145,-0.0342823879818266,-0.0075));
#9208=CARTESIAN_POINT('',(0.0145,-0.0325323879818266,-0.0075));
#9209=CARTESIAN_POINT('',(0.0145,-0.0325323879818266,-0.003));
#9210=CARTESIAN_POINT('',(0.0145,-0.0325323879818266,-0.002));
#9211=CARTESIAN_POINT('',(0.0145,-0.0342823879818266,-0.002));
#9212=CARTESIAN_POINT('',(0.0145,-0.0519685823757286,-0.002));
#9213=CARTESIAN_POINT('',(0.0145,-0.0519685823757286,-0.008002));
#9214=CARTESIAN_POINT('',(0.0145,-0.0519685823757286,-0.003));
#9215=CARTESIAN_POINT('',(0.0145,-0.0220161939909133,-0.003));
#9216=CARTESIAN_POINT('',(0.0145,-0.0370323879818266,-0.003));
#9217=CARTESIAN_POINT('',(0.0145,-0.0370323879818266,-0.0025));
#9218=CARTESIAN_POINT('',(0.0145,-0.0370323879818266,-0.0025));
#9219=CARTESIAN_POINT('',(0.0145,-0.0220161939909133,-0.0025));
#9220=CARTESIAN_POINT('',(0.0145,-0.0365323879818266,-0.0025));
#9221=CARTESIAN_POINT('',(0.0145,-0.0365323879818266,-0.003));
#9222=CARTESIAN_POINT('',(0.,-0.0220161939909133,-0.002));
#9223=CARTESIAN_POINT('',(-0.0105,-0.0515323879818265,-0.002));
#9224=CARTESIAN_POINT('',(-0.0105,-0.0310323879818265,-0.002));
#9225=CARTESIAN_POINT('',(-0.0105,-0.0515323879818265,-0.002));
#9226=CARTESIAN_POINT('',(-0.01125,-0.0310323879818265,-0.002));
#9227=CARTESIAN_POINT('',(-0.012,-0.0310323879818265,-0.002));
#9228=CARTESIAN_POINT('',(-0.012,-0.0325323879818266,-0.002));
#9229=CARTESIAN_POINT('',(-0.0135,-0.0325323879818266,-0.002));
#9230=CARTESIAN_POINT('',(-0.0135,-0.04217247193407,-0.002));
#9231=CARTESIAN_POINT('',(-0.0135,-0.0518125558863134,-0.002));
#9232=CARTESIAN_POINT('',(-0.0108094424150477,-0.064420801409562,-0.002));
#9233=CARTESIAN_POINT('',(-0.0105,-0.0285323879818265,-0.003));
#9234=CARTESIAN_POINT('',(-0.0105,-0.0300323879818265,-0.0075));
#9235=CARTESIAN_POINT('',(-0.0105,-0.0300323879818265,-0.0075));
#9236=CARTESIAN_POINT('',(-0.0105,-0.0300323879818265,-0.003));
#9237=CARTESIAN_POINT('',(-0.0105,-0.0300323879818265,-0.002));
#9238=CARTESIAN_POINT('',(-0.0105,-0.0270323879818265,-0.002));
#9239=CARTESIAN_POINT('',(-0.0108094424150477,-0.064420801409562,-0.001));
#9240=CARTESIAN_POINT('',(-0.0135,-0.0518125558863134,-0.0015));
#9241=CARTESIAN_POINT('',(-0.0135,-0.0518125558863134,-0.0015));
#9242=CARTESIAN_POINT('',(-0.0108094424150477,-0.064420801409562,-0.0015));
#9243=CARTESIAN_POINT('',(-0.0105,-0.0515323879818265,-0.0015));
#9244=CARTESIAN_POINT('',(-0.0108094424150477,-0.064420801409562,-0.0015));
#9245=CARTESIAN_POINT('',(-0.01,-0.0515541095942901,-0.0015));
#9246=CARTESIAN_POINT('',(-0.01,-0.0515541095942901,-0.0015));
#9247=CARTESIAN_POINT('',(-0.0102637304751929,-0.0515375183340169,-0.0015));
#9248=CARTESIAN_POINT('',(-0.0105,-0.0515323879818265,-0.00173573929543618));
#9249=CARTESIAN_POINT('',(-0.0105,-0.0515323879818265,-0.002));
#9250=CARTESIAN_POINT('',(-0.0145,-0.0342823879818266,-0.003));
#9251=CARTESIAN_POINT('',(-0.0145,-0.0325323879818266,-0.003));
#9252=CARTESIAN_POINT('',(-0.0145,-0.0325323879818266,-0.002));
#9253=CARTESIAN_POINT('',(-0.0145,-0.0325323879818266,-0.0075));
#9254=CARTESIAN_POINT('',(-0.0145,-0.0360323879818265,-0.0075));
#9255=CARTESIAN_POINT('',(-0.0145,-0.0360323879818265,-0.0075));
#9256=CARTESIAN_POINT('',(-0.0145,-0.0360323879818265,-0.003));
#9257=CARTESIAN_POINT('',(-0.0145,-0.0360323879818265,-0.003));
#9258=CARTESIAN_POINT('',(-0.0145,-0.0365323879818266,-0.003));
#9259=CARTESIAN_POINT('',(-0.0145,-0.0365323879818266,-0.0025));
#9260=CARTESIAN_POINT('',(-0.0145,-0.0220161939909133,-0.0025));
#9261=CARTESIAN_POINT('',(-0.0145,-0.0370323879818266,-0.0025));
#9262=CARTESIAN_POINT('',(-0.0145,-0.0370323879818266,-0.0025));
#9263=CARTESIAN_POINT('',(-0.0145,-0.0370323879818266,-0.003));
#9264=CARTESIAN_POINT('',(-0.0145,-0.0220161939909133,-0.003));
#9265=CARTESIAN_POINT('',(-0.0145,-0.0519685823757286,-0.003));
#9266=CARTESIAN_POINT('',(-0.0145,-0.0519685823757286,-0.008002));
#9267=CARTESIAN_POINT('',(-0.0145,-0.0519685823757286,-0.002));
#9268=CARTESIAN_POINT('',(-0.0145,-0.0325323879818266,-0.002));
#9269=CARTESIAN_POINT('',(-0.0105,-0.0645671414998326,-0.008002));
#9270=CARTESIAN_POINT('',(-0.0185,-0.0540446089147777,-0.008002));
#9271=CARTESIAN_POINT('',(-0.0185,-0.0540446089147777,-0.0075));
#9272=CARTESIAN_POINT('',(-0.0185,-0.0540446089147777,-0.003));
#9273=CARTESIAN_POINT('',(-0.0105,-0.0645671414998326,-0.0075));
#9274=CARTESIAN_POINT('',(-0.0235933978110552,-0.0627542361617088,-0.0075));
#9275=CARTESIAN_POINT('',(-0.0235933978110552,-0.0627542361617088,-0.008002));
#9276=CARTESIAN_POINT('',(-0.0105,-0.0645671414998326,-0.002));
#9277=CARTESIAN_POINT('',(-0.0105,-0.0645671414998326,-0.0015));
#9278=CARTESIAN_POINT('',(-0.014,-0.051820624642136,-0.0015));
#9279=CARTESIAN_POINT('',(-0.014,-0.051820624642136,-0.0015));
#9280=CARTESIAN_POINT('',(-0.0142600497599871,-0.0518920303579183,-0.0015));
#9281=CARTESIAN_POINT('',(-0.0145,-0.0519685823757286,-0.0017299995231575));
#9282=CARTESIAN_POINT('',(-0.0145,-0.0519685823757286,-0.002));
#9283=CARTESIAN_POINT('',(-0.0105,-0.0645671414998326,-0.003));
#9284=CARTESIAN_POINT('',(-0.0175,-0.053354483830772,-0.003));
#9285=CARTESIAN_POINT('',(-0.0175,-0.053354483830772,-0.0025));
#9286=CARTESIAN_POINT('',(-0.0175,-0.053354483830772,-0.0025));
#9287=CARTESIAN_POINT('',(-0.0105,-0.0645671414998326,-0.0025));
#9288=CARTESIAN_POINT('',(-0.018,-0.0536825794046658,-0.0025));
#9289=CARTESIAN_POINT('',(-0.018,-0.0536825794046658,-0.0025));
#9290=CARTESIAN_POINT('',(-0.0181215765330253,-0.0537663516308443,-0.0025));
#9291=CARTESIAN_POINT('',(-0.018359192042556,-0.0539368679832108,-0.00258196332592556));
#9292=CARTESIAN_POINT('',(-0.0185,-0.0540446089147777,-0.0028513156097144));
#9293=CARTESIAN_POINT('',(-0.0185,-0.0540446089147777,-0.003));
#9294=CARTESIAN_POINT('',(-0.00525,-0.0500323879818265,-0.0015));
#9295=CARTESIAN_POINT('',(-0.014,-0.0519685823757286,-0.0015));
#9296=CARTESIAN_POINT('',(-0.014,-0.0325323879818266,-0.0015));
#9297=CARTESIAN_POINT('',(-0.0108094424150477,-0.064420801409562,-0.0015));
#9298=CARTESIAN_POINT('',(-0.0135,-0.04217247193407,-0.0015));
#9299=CARTESIAN_POINT('',(-0.0135,-0.0325323879818266,-0.0015));
#9300=CARTESIAN_POINT('',(-0.012,-0.0325323879818266,-0.0015));
#9301=CARTESIAN_POINT('',(-0.012,-0.0310323879818265,-0.0015));
#9302=CARTESIAN_POINT('',(-0.01125,-0.0310323879818265,-0.0015));
#9303=CARTESIAN_POINT('',(-0.01,-0.0310323879818265,-0.0015));
#9304=CARTESIAN_POINT('',(-0.01,-0.0515323879818265,-0.0015));
#9305=CARTESIAN_POINT('',(-0.0105,-0.0285323879818265,-0.0015));
#9306=CARTESIAN_POINT('',(-0.0085,-0.0503793646239251,-0.0015));
#9307=CARTESIAN_POINT('',(-0.01,-0.0300323879818265,-0.0015));
#9308=CARTESIAN_POINT('',(-0.01,-0.0305323879818265,-0.0015));
#9309=CARTESIAN_POINT('',(-0.00525,-0.0305323879818265,-0.0015));
#9310=CARTESIAN_POINT('',(-0.012,-0.0305323879818265,-0.0015));
#9311=CARTESIAN_POINT('',(-0.012,-0.0325323879818266,-0.0015));
#9312=CARTESIAN_POINT('',(-0.00525,-0.0500323879818265,-0.001));
#9313=CARTESIAN_POINT('',(-0.008,-0.0695323879818265,-0.001));
#9314=CARTESIAN_POINT('',(-0.00534138317886997,-0.0507681204022487,-0.001));
#9315=CARTESIAN_POINT('',(-0.0105,-0.0515323879818265,-0.002));
#9316=CARTESIAN_POINT('',(-0.0105,-0.0515323879818265,-0.0015));
#9317=CARTESIAN_POINT('',(-0.0105,-0.0515323879818265,-0.00123585125079762));
#9318=CARTESIAN_POINT('',(-0.0105,-0.0517683913788518,-0.000999999999999999));
#9319=CARTESIAN_POINT('',(-0.0105,-0.0520325378897532,-0.001));
#9320=CARTESIAN_POINT('',(-0.0105,-0.0520325378897532,-0.001));
#9321=CARTESIAN_POINT('',(-0.0105,-0.0515323879818265,-0.001));
#9322=CARTESIAN_POINT('',(-0.0235933978110552,-0.0663344822824001,-0.008002));
#9323=CARTESIAN_POINT('',(-0.0235933978110552,-0.0663344822824001,-0.0075));
#9324=CARTESIAN_POINT('',(-0.0235933978110552,-0.0680323879818265,-0.0075));
#9325=CARTESIAN_POINT('',(-0.0235933978110552,-0.0680323879818265,-0.008002));
#9326=CARTESIAN_POINT('',(-0.0235933978110552,-0.0680323879818265,-0.0025));
#9327=CARTESIAN_POINT('',(-0.0235933978110552,-0.0685323879818265,-0.0025));
#9328=CARTESIAN_POINT('',(-0.0235933978110552,-0.0685323879818265,-0.002));
#9329=CARTESIAN_POINT('',(-0.0235933978110552,-0.0663344822824001,-0.002));
#9330=CARTESIAN_POINT('',(-0.0235933978110552,-0.0663344822824001,-0.0015));
#9331=CARTESIAN_POINT('',(-0.0175052369931667,-0.0515323879818265,-0.001));
#9332=CARTESIAN_POINT('',(-0.0199843134832984,-0.0680323879818265,-0.001));
#9333=CARTESIAN_POINT('',(-0.0199843134832984,-0.0689854306521754,-0.001));
#9334=CARTESIAN_POINT('',(-0.0180594670409932,-0.0689854306521754,-0.001));
#9335=CARTESIAN_POINT('',(-0.0218954178174342,-0.0689854306521754,-0.001));
#9336=CARTESIAN_POINT('',(-0.0218954178174342,-0.0678196129663903,-0.001));
#9337=CARTESIAN_POINT('',(-0.0218954178174342,-0.0666537952806052,-0.001));
#9338=CARTESIAN_POINT('',(-0.0180342934108267,-0.0675625418246841,-0.001));
#9339=CARTESIAN_POINT('',(-0.0160379892966447,-0.0680323879818265,-0.001));
#9340=CARTESIAN_POINT('',(-0.0175052369931667,-0.0680323879818265,-0.001));
#9341=CARTESIAN_POINT('',(-0.0160156865167015,-0.0680323879818265,-0.001));
#9342=CARTESIAN_POINT('',(-0.0160156865167015,-0.0680323879818265,-0.001));
#9343=CARTESIAN_POINT('',(-0.0160156865167015,-0.0680376371196585,-0.001));
#9344=CARTESIAN_POINT('',(-0.0180342934108267,-0.0675625418246841,-0.001));
#9345=CARTESIAN_POINT('',(-0.0141731690042194,-0.0684712883687629,-0.001));
#9346=CARTESIAN_POINT('',(-0.0141983426343859,-0.0687283595104692,-0.001));
#9347=CARTESIAN_POINT('',(-0.0160156865167015,-0.0680323879818265,-0.001));
#9348=CARTESIAN_POINT('',(-0.0108094424150477,-0.064420801409562,-0.001));
#9349=CARTESIAN_POINT('',(-0.0230933978110552,-0.0627870121106148,-0.001));
#9350=CARTESIAN_POINT('',(-0.0230933978110552,-0.0515323879818265,-0.001));
#9351=CARTESIAN_POINT('',(-0.0179339089679467,-0.0656529086948006,-0.001));
#9352=CARTESIAN_POINT('',(-0.0218954178174342,-0.0635636510043503,-0.001));
#9353=CARTESIAN_POINT('',(-0.0139724001184591,-0.0677421663852509,-0.001));
#9354=CARTESIAN_POINT('',(-0.014049398803327,-0.06799064959753,-0.001));
#9355=CARTESIAN_POINT('',(-0.014126397488195,-0.0682391328098091,-0.001));
#9356=CARTESIAN_POINT('',(-0.0180109076528146,-0.0672253338494034,-0.001));
#9357=CARTESIAN_POINT('',(-0.0218954178174342,-0.0662115348889976,-0.001));
#9358=CARTESIAN_POINT('',(-0.0218954178174342,-0.0648875929466739,-0.001));
#9359=CARTESIAN_POINT('',(-0.0176490431797224,-0.0640594638337162,-0.001));
#9360=CARTESIAN_POINT('',(-0.0215038070451773,-0.0607671844692087,-0.001));
#9361=CARTESIAN_POINT('',(-0.0137942793142675,-0.0673517431982237,-0.001));
#9362=CARTESIAN_POINT('',(-0.0138280812353888,-0.0674190464580958,-0.001));
#9363=CARTESIAN_POINT('',(-0.01386188315651,-0.067486349717968,-0.001));
#9364=CARTESIAN_POINT('',(-0.0178786504869721,-0.0651202929398384,-0.001));
#9365=CARTESIAN_POINT('',(-0.0218954178174342,-0.0627542361617088,-0.001));
#9366=CARTESIAN_POINT('',(-0.0166584150123574,-0.0627542361617088,-0.001));
#9367=CARTESIAN_POINT('',(-0.0166234606797745,-0.0620998142466843,-0.001));
#9368=CARTESIAN_POINT('',(-0.0199309144078005,-0.0575474947326342,-0.001));
#9369=CARTESIAN_POINT('',(-0.0133160069517484,-0.0666521337607344,-0.001));
#9370=CARTESIAN_POINT('',(-0.013415657665449,-0.0667777619080474,-0.001));
#9371=CARTESIAN_POINT('',(-0.0135153083791495,-0.0669033900553605,-0.001));
#9372=CARTESIAN_POINT('',(-0.0173720449249519,-0.0634307688717287,-0.001));
#9373=CARTESIAN_POINT('',(-0.0212287814707543,-0.059958147688097,-0.001));
#9374=CARTESIAN_POINT('',(-0.0143597946458489,-0.0621016243970973,-0.001));
#9375=CARTESIAN_POINT('',(-0.0137489220267382,-0.0598178935810776,-0.001));
#9376=CARTESIAN_POINT('',(-0.0152417806427258,-0.0538303647076103,-0.001));
#9377=CARTESIAN_POINT('',(-0.0122560634107508,-0.0658054224545449,-0.001));
#9378=CARTESIAN_POINT('',(-0.0124877348231558,-0.0659521554080224,-0.001));
#9379=CARTESIAN_POINT('',(-0.0127194062355608,-0.0660988883615,-0.001));
#9380=CARTESIAN_POINT('',(-0.015323200278023,-0.0607603194335585,-0.001));
#9381=CARTESIAN_POINT('',(-0.0179269943204852,-0.0554217505056171,-0.001));
#9382=CARTESIAN_POINT('',(-0.0130489858262106,-0.0605914928224668,-0.001));
#9383=CARTESIAN_POINT('',(-0.0113925511302642,-0.0654904606157958,-0.001));
#9384=CARTESIAN_POINT('',(-0.0117267444838222,-0.0655733161247102,-0.001));
#9385=CARTESIAN_POINT('',(-0.0110583577767059,-0.0654076051068813,-0.001));
#9386=CARTESIAN_POINT('',(-0.0131138756603691,-0.0595649908990313,-0.001));
#9387=CARTESIAN_POINT('',(-0.0145010068369157,-0.0535566656733525,-0.001));
#9388=CARTESIAN_POINT('',(-0.0112869248384108,-0.0627859411328349,-0.001));
#9389=CARTESIAN_POINT('',(-0.0110583577767059,-0.0530157003119328,-0.001));
#9390=CARTESIAN_POINT('',(-0.0110583577767059,-0.0592116527094071,-0.001));
#9391=CARTESIAN_POINT('',(0.,-0.0220161939909133,-0.003));
#9392=CARTESIAN_POINT('',(-0.01525,-0.0370323879818266,-0.003));
#9393=CARTESIAN_POINT('',(-0.016,-0.0370323879818266,-0.003));
#9394=CARTESIAN_POINT('',(-0.016,-0.0385323879818266,-0.003));
#9395=CARTESIAN_POINT('',(-0.0175,-0.0385323879818266,-0.003));
#9396=CARTESIAN_POINT('',(-0.0175,-0.0459434359062993,-0.003));
#9397=CARTESIAN_POINT('',(0.,0.,-0.0170882614711289));
#9398=CARTESIAN_POINT('',(0.,0.,0.0045));
#9399=CARTESIAN_POINT('',(0.0066229577403209,0.0220258128288135,0.0045));
#9400=CARTESIAN_POINT('',(0.0220258128288135,0.0066229577403209,0.0045));
#9401=CARTESIAN_POINT('',(0.0220258128288135,0.0066229577403209,0.0025));
#9402=CARTESIAN_POINT('',(0.0220258128288135,0.00662295774032089,0.004));
#9403=CARTESIAN_POINT('',(0.,0.,0.004));
#9404=CARTESIAN_POINT('',(0.0066229577403209,0.0220258128288135,0.004));
#9405=CARTESIAN_POINT('',(0.0066229577403209,0.0220258128288135,0.0025));
#9406=CARTESIAN_POINT('',(0.,0.,-0.0170882614711289));
#9407=CARTESIAN_POINT('',(0.,0.,0.0045));
#9408=CARTESIAN_POINT('',(-0.0066229577403209,-0.0220258128288135,0.0045));
#9409=CARTESIAN_POINT('',(-0.0220258128288135,-0.0066229577403209,0.0045));
#9410=CARTESIAN_POINT('',(-0.0220258128288135,-0.0066229577403209,0.0025));
#9411=CARTESIAN_POINT('',(-0.0220258128288135,-0.0066229577403209,0.004));
#9412=CARTESIAN_POINT('',(0.,0.,0.004));
#9413=CARTESIAN_POINT('',(-0.00662295774032082,-0.0220258128288135,0.004));
#9414=CARTESIAN_POINT('',(-0.00662295774032089,-0.0220258128288135,0.0025));
#9415=CARTESIAN_POINT('',(0.,0.,-0.0170882614711289));
#9416=CARTESIAN_POINT('',(0.,0.,0.004));
#9417=CARTESIAN_POINT('',(0.0066229577403209,-0.0220258128288135,0.004));
#9418=CARTESIAN_POINT('',(0.0220258128288135,-0.00662295774032082,0.004));
#9419=CARTESIAN_POINT('',(0.0220258128288135,-0.0066229577403209,0.0025));
#9420=CARTESIAN_POINT('',(0.0220258128288135,-0.0066229577403209,0.0045));
#9421=CARTESIAN_POINT('',(0.,0.,0.0045));
#9422=CARTESIAN_POINT('',(0.0066229577403209,-0.0220258128288135,0.0045));
#9423=CARTESIAN_POINT('',(0.0066229577403209,-0.0220258128288135,0.0025));
#9424=CARTESIAN_POINT('',(-0.02375,0.,0.004));
#9425=CARTESIAN_POINT('',(0.0208134928339591,3.7269970995428E-17,0.004));
#9426=CARTESIAN_POINT('',(0.0231548880968366,0.00631277729869945,0.004));
#9427=CARTESIAN_POINT('',(0.,0.,0.004));
#9428=CARTESIAN_POINT('',(0.00631277729869946,0.0231548880968366,0.004));
#9429=CARTESIAN_POINT('',(3.59955121265187E-17,0.0208134928339591,0.004));
#9430=CARTESIAN_POINT('',(-0.02375,0.,0.004));
#9431=CARTESIAN_POINT('',(0.,0.,0.004));
#9432=CARTESIAN_POINT('',(-0.00631277729869945,0.0231548880968366,0.004));
#9433=CARTESIAN_POINT('',(-0.0231548880968366,0.00631277729869937,0.004));
#9434=CARTESIAN_POINT('',(-0.0208134928339591,3.21721355197911E-17,0.004));
#9435=CARTESIAN_POINT('',(-0.0220258128288135,0.00662295774032081,0.004));
#9436=CARTESIAN_POINT('',(0.,0.,0.004));
#9437=CARTESIAN_POINT('',(-0.00662295774032089,0.0220258128288135,0.004));
#9438=CARTESIAN_POINT('',(-3.59955121265187E-17,0.0208134928339591,0.004));
#9439=CARTESIAN_POINT('',(-0.02375,0.,0.004));
#9440=CARTESIAN_POINT('',(0.,0.,0.004));
#9441=CARTESIAN_POINT('',(0.00631277729869945,-0.0231548880968366,0.004));
#9442=CARTESIAN_POINT('',(0.0231548880968366,-0.00631277729869937,0.004));
#9443=CARTESIAN_POINT('',(0.0208134928339591,-3.47210532576095E-17,0.004));
#9444=CARTESIAN_POINT('',(3.85444298643372E-17,-0.0208134928339591,0.004));
#9445=CARTESIAN_POINT('',(0.,0.,-0.0170882614711289));
#9446=CARTESIAN_POINT('',(0.,0.,0.0035));
#9447=CARTESIAN_POINT('',(0.00606496538105552,0.0237374428893805,0.0035));
#9448=CARTESIAN_POINT('',(0.0237374428893805,0.00606496538105552,0.0035));
#9449=CARTESIAN_POINT('',(0.0237374428893805,0.00606496538105552,0.0025));
#9450=CARTESIAN_POINT('',(0.0237374428893805,0.00606496538105552,0.003));
#9451=CARTESIAN_POINT('',(0.,0.,0.003));
#9452=CARTESIAN_POINT('',(0.00606496538105552,0.0237374428893805,0.003));
#9453=CARTESIAN_POINT('',(0.00606496538105552,0.0237374428893805,0.0025));
#9454=CARTESIAN_POINT('',(0.,0.,-0.0170882614711289));
#9455=CARTESIAN_POINT('',(0.,0.,0.0035));
#9456=CARTESIAN_POINT('',(-0.00606496538105543,-0.0237374428893805,0.0035));
#9457=CARTESIAN_POINT('',(-0.0237374428893805,-0.00606496538105552,0.0035));
#9458=CARTESIAN_POINT('',(-0.0237374428893805,-0.00606496538105552,0.0025));
#9459=CARTESIAN_POINT('',(-0.0237374428893805,-0.00606496538105553,0.003));
#9460=CARTESIAN_POINT('',(0.,0.,0.003));
#9461=CARTESIAN_POINT('',(-0.00606496538105544,-0.0237374428893805,0.003));
#9462=CARTESIAN_POINT('',(-0.00606496538105552,-0.0237374428893805,0.0025));
#9463=CARTESIAN_POINT('',(0.,0.,-0.0170882614711289));
#9464=CARTESIAN_POINT('',(0.,0.,0.003));
#9465=CARTESIAN_POINT('',(0.00606496538105553,-0.0237374428893805,0.003));
#9466=CARTESIAN_POINT('',(0.0237374428893805,-0.00606496538105544,0.003));
#9467=CARTESIAN_POINT('',(0.0237374428893805,-0.00606496538105552,0.0025));
#9468=CARTESIAN_POINT('',(0.0237374428893805,-0.00606496538105544,0.0035));
#9469=CARTESIAN_POINT('',(0.,0.,0.0035));
#9470=CARTESIAN_POINT('',(0.00606496538105552,-0.0237374428893805,0.0035));
#9471=CARTESIAN_POINT('',(0.00606496538105552,-0.0237374428893805,0.0025));
#9472=CARTESIAN_POINT('',(-0.02525,0.,0.003));
#9473=CARTESIAN_POINT('',(0.0208134928339591,3.7269970995428E-17,0.003));
#9474=CARTESIAN_POINT('',(0.0249385867915327,0.00532136155896121,0.003));
#9475=CARTESIAN_POINT('',(0.,0.,0.003));
#9476=CARTESIAN_POINT('',(0.00532136155896121,0.0249385867915327,0.003));
#9477=CARTESIAN_POINT('',(3.59955121265187E-17,0.0208134928339591,0.003));
#9478=CARTESIAN_POINT('',(-0.02525,0.,0.003));
#9479=CARTESIAN_POINT('',(0.,0.,0.003));
#9480=CARTESIAN_POINT('',(-0.00532136155896121,0.0249385867915327,0.003));
#9481=CARTESIAN_POINT('',(-0.0249385867915328,0.00532136155896112,0.003));
#9482=CARTESIAN_POINT('',(-0.0208134928339591,3.21721355197911E-17,0.003));
#9483=CARTESIAN_POINT('',(-0.0237374428893805,0.00606496538105544,0.003));
#9484=CARTESIAN_POINT('',(0.,0.,0.003));
#9485=CARTESIAN_POINT('',(-0.00606496538105552,0.0237374428893805,0.003));
#9486=CARTESIAN_POINT('',(-3.59955121265187E-17,0.0208134928339591,0.003));
#9487=CARTESIAN_POINT('',(-0.02525,0.,0.003));
#9488=CARTESIAN_POINT('',(0.,0.,0.003));
#9489=CARTESIAN_POINT('',(0.00532136155896122,-0.0249385867915327,0.003));
#9490=CARTESIAN_POINT('',(0.0249385867915328,-0.00532136155896112,0.003));
#9491=CARTESIAN_POINT('',(0.0208134928339591,-3.47210532576095E-17,0.003));
#9492=CARTESIAN_POINT('',(3.85444298643372E-17,-0.0208134928339591,0.003));
#9493=CARTESIAN_POINT('',(0.,0.,-0.0170882614711289));
#9494=CARTESIAN_POINT('',(-0.0255571759011411,0.00477815445105439,0.0025));
#9495=CARTESIAN_POINT('',(-0.0255571758958195,0.00477815447951861,0.0025));
#9496=CARTESIAN_POINT('',(-0.0255571759011411,0.00477815445105431,0.002));
#9497=CARTESIAN_POINT('',(0.,0.,0.0025));
#9498=CARTESIAN_POINT('',(-0.0047781544510544,0.0255571759011411,0.0025));
#9499=CARTESIAN_POINT('',(-0.0047781544510544,0.0255571759011411,0.0025));
#9500=CARTESIAN_POINT('',(-0.0047781544510544,0.0255571759011411,0.002));
#9501=CARTESIAN_POINT('',(0.,0.,0.002));
#9502=CARTESIAN_POINT('',(0.,0.,-0.0170882614711289));
#9503=CARTESIAN_POINT('',(0.,0.,0.0025));
#9504=CARTESIAN_POINT('',(-0.00477815447951862,-0.0255571758958195,0.0025));
#9505=CARTESIAN_POINT('',(-0.0255571758958167,-0.00477815447953346,0.0025));
#9506=CARTESIAN_POINT('',(-0.0255571759011411,-0.0047781544510544,0.0025));
#9507=CARTESIAN_POINT('',(-0.0255571759011411,-0.0047781544510544,0.002));
#9508=CARTESIAN_POINT('',(0.,0.,0.002));
#9509=CARTESIAN_POINT('',(-0.00477815445105431,-0.0255571759011411,0.002));
#9510=CARTESIAN_POINT('',(-0.00477815445105439,-0.0255571759011411,0.0025));
#9511=CARTESIAN_POINT('',(0.,0.,-0.0170882614711289));
#9512=CARTESIAN_POINT('',(0.,0.,0.0025));
#9513=CARTESIAN_POINT('',(0.0255571758958195,-0.00477815447951862,0.0025));
#9514=CARTESIAN_POINT('',(0.00477815447953352,-0.0255571758958167,0.0025));
#9515=CARTESIAN_POINT('',(0.0047781544510544,-0.0255571759011411,0.0025));
#9516=CARTESIAN_POINT('',(0.0047781544510544,-0.0255571759011411,0.002));
#9517=CARTESIAN_POINT('',(0.,0.,0.002));
#9518=CARTESIAN_POINT('',(0.0255571759011411,-0.00477815445105431,0.002));
#9519=CARTESIAN_POINT('',(0.0255571759011411,-0.0047781544510544,0.0025));
#9520=CARTESIAN_POINT('',(-0.02675,0.,0.002));
#9521=CARTESIAN_POINT('',(0.,0.,0.002));
#9522=CARTESIAN_POINT('',(0.0255571759011411,0.0047781544510544,0.002));
#9523=CARTESIAN_POINT('',(0.0047781544510544,0.0255571759011411,0.002));
#9524=CARTESIAN_POINT('',(0.0208134928339591,3.7269970995428E-17,0.002));
#9525=CARTESIAN_POINT('',(0.0268303884374225,0.0030216313966172,0.002));
#9526=CARTESIAN_POINT('',(0.,0.,0.002));
#9527=CARTESIAN_POINT('',(0.00302163139661721,0.0268303884374225,0.002));
#9528=CARTESIAN_POINT('',(3.59955121265187E-17,0.0208134928339591,0.002));
#9529=CARTESIAN_POINT('',(-0.02675,0.,0.002));
#9530=CARTESIAN_POINT('',(0.,0.,0.002));
#9531=CARTESIAN_POINT('',(-0.00302163139661685,0.0268303884374226,0.002));
#9532=CARTESIAN_POINT('',(-0.0268303884374225,0.0030216313966171,0.002));
#9533=CARTESIAN_POINT('',(-0.0208134928339591,3.21721355197911E-17,0.002));
#9534=CARTESIAN_POINT('',(-3.59955121265187E-17,0.0208134928339591,0.002));
#9535=CARTESIAN_POINT('',(-0.02675,0.,0.002));
#9536=CARTESIAN_POINT('',(0.,0.,0.002));
#9537=CARTESIAN_POINT('',(0.0030216313966172,-0.0268303884374225,0.002));
#9538=CARTESIAN_POINT('',(0.0268303884374225,-0.0030216313966171,0.002));
#9539=CARTESIAN_POINT('',(0.0208134928339591,-3.47210532576095E-17,0.002));
#9540=CARTESIAN_POINT('',(3.85444298643372E-17,-0.0208134928339591,0.002));
#9541=CARTESIAN_POINT('',(0.,0.,-0.0170882614711289));
#9542=CARTESIAN_POINT('',(-0.0274850118640955,0.000907812111908516,0.0025));
#9543=CARTESIAN_POINT('',(-0.0274850118576597,0.000907812306761537,0.0015));
#9544=CARTESIAN_POINT('',(-0.0274850118640955,0.000907812111908421,0.001));
#9545=CARTESIAN_POINT('',(0.,0.,0.0015));
#9546=CARTESIAN_POINT('',(-0.000907812111908567,0.0274850118640955,0.0015));
#9547=CARTESIAN_POINT('',(-0.000907812111908521,0.0274850118640955,0.0025));
#9548=CARTESIAN_POINT('',(-0.000907812111908521,0.0274850118640955,0.001));
#9549=CARTESIAN_POINT('',(0.,0.,0.001));
#9550=CARTESIAN_POINT('',(0.,0.,-0.0170882614711289));
#9551=CARTESIAN_POINT('',(0.,0.,0.0015));
#9552=CARTESIAN_POINT('',(-0.000907812306761539,-0.0274850118576597,0.0015));
#9553=CARTESIAN_POINT('',(-0.0274850118576595,-0.000907812306767508,0.0015));
#9554=CARTESIAN_POINT('',(-0.0274850118640955,-0.000907812111908526,0.0025));
#9555=CARTESIAN_POINT('',(-0.0274850118640955,-0.000907812111908526,0.001));
#9556=CARTESIAN_POINT('',(0.,0.,0.001));
#9557=CARTESIAN_POINT('',(-0.000907812111908422,-0.0274850118640955,0.001));
#9558=CARTESIAN_POINT('',(-0.000907812111908517,-0.0274850118640955,0.0025));
#9559=CARTESIAN_POINT('',(0.,0.,-0.0170882614711289));
#9560=CARTESIAN_POINT('',(0.,0.,0.0015));
#9561=CARTESIAN_POINT('',(0.0274850118576597,-0.000907812306761545,0.0015));
#9562=CARTESIAN_POINT('',(0.00090781230676751,-0.0274850118576595,0.0015));
#9563=CARTESIAN_POINT('',(0.000907812111908524,-0.0274850118640955,0.0025));
#9564=CARTESIAN_POINT('',(0.000907812111908524,-0.0274850118640955,0.001));
#9565=CARTESIAN_POINT('',(0.,0.,0.001));
#9566=CARTESIAN_POINT('',(0.0274850118640955,-0.000907812111908424,0.001));
#9567=CARTESIAN_POINT('',(0.0274850118640955,-0.000907812111908519,0.0025));
#9568=CARTESIAN_POINT('',(0.,0.,0.0015));
#9569=CARTESIAN_POINT('',(-0.0274850118640955,0.000907812111908742,0.00150000003773201));
#9570=CARTESIAN_POINT('',(-0.0274850118591183,0.000907812148486694,0.0015499187050642));
#9571=CARTESIAN_POINT('',(-0.0274710739262657,0.00100861169655915,0.0016068909932417));
#9572=CARTESIAN_POINT('',(-0.027443952536485,0.00117583174418432,0.00168036471670263));
#9573=CARTESIAN_POINT('',(-0.0273994398396924,0.00140935393402014,0.00175117599474455));
#9574=CARTESIAN_POINT('',(-0.0273351633919214,0.0016813878144323,0.00182104227371282));
#9575=CARTESIAN_POINT('',(-0.0272328957007518,0.00204657826375449,0.00190017717969818));
#9576=CARTESIAN_POINT('',(-0.0270741810608777,0.00249947144952586,0.00197429167629301));
#9577=CARTESIAN_POINT('',(-0.0269169799616989,0.0028492039581484,0.00199999999999999));
#9578=CARTESIAN_POINT('',(-0.0268303884374226,0.00302163139661712,0.002));
#9579=CARTESIAN_POINT('',(-0.000907812111908748,0.0274850118640955,0.00149999999999996));
#9580=CARTESIAN_POINT('',(-0.000907812111908714,0.0274850118640955,0.00154991867530042));
#9581=CARTESIAN_POINT('',(-0.00100861166956673,0.0274710739303982,0.00160689098110512));
#9582=CARTESIAN_POINT('',(-0.00117583171261146,0.0274439525420254,0.00168036470531118));
#9583=CARTESIAN_POINT('',(-0.00140935390889743,0.0273994398451861,0.00175117598814432));
#9584=CARTESIAN_POINT('',(-0.00168138779268996,0.0273351633975634,0.00182104226856674));
#9585=CARTESIAN_POINT('',(-0.00204657824809968,0.0272328957059142,0.00190017717693841));
#9586=CARTESIAN_POINT('',(-0.00249947144117706,0.0270741810644789,0.00197429167547746));
#9587=CARTESIAN_POINT('',(-0.00284920395543292,0.0269169799630626,0.00199999999999998));
#9588=CARTESIAN_POINT('',(-0.0030216313966169,0.0268303884374227,0.002));
#9589=CARTESIAN_POINT('',(0.,0.,0.0015));
#9590=CARTESIAN_POINT('',(-0.0274850118640955,-0.000907812111908755,0.00150000003773316));
#9591=CARTESIAN_POINT('',(-0.0274850118591181,-0.000907812148487825,0.00154991870506511));
#9592=CARTESIAN_POINT('',(-0.0274710739262656,-0.00100861169655999,0.00160689099324208));
#9593=CARTESIAN_POINT('',(-0.0274439525364848,-0.00117583174418531,0.00168036471670297));
#9594=CARTESIAN_POINT('',(-0.0273994398396922,-0.00140935393402093,0.00175117599474476));
#9595=CARTESIAN_POINT('',(-0.0273351633919212,-0.00168138781443301,0.00182104227371298));
#9596=CARTESIAN_POINT('',(-0.0272328957007516,-0.00204657826375502,0.00190017717969827));
#9597=CARTESIAN_POINT('',(-0.0270741810608776,-0.00249947144952619,0.00197429167629304));
#9598=CARTESIAN_POINT('',(-0.0269169799616988,-0.00284920395814856,0.002));
#9599=CARTESIAN_POINT('',(-0.0268303884374226,-0.00302163139661721,0.002));
#9600=CARTESIAN_POINT('',(-0.0268303884374225,-0.00302163139661721,0.002));
#9601=CARTESIAN_POINT('',(-0.000907812111908743,-0.0274850118640955,0.00150000003773201));
#9602=CARTESIAN_POINT('',(-0.000907812148486695,-0.0274850118591183,0.0015499187050642));
#9603=CARTESIAN_POINT('',(-0.00100861169655915,-0.0274710739262657,0.0016068909932417));
#9604=CARTESIAN_POINT('',(-0.00117583174418432,-0.027443952536485,0.00168036471670263));
#9605=CARTESIAN_POINT('',(-0.00140935393402014,-0.0273994398396924,0.00175117599474455));
#9606=CARTESIAN_POINT('',(-0.00168138781443231,-0.0273351633919214,0.00182104227371282));
#9607=CARTESIAN_POINT('',(-0.00204657826375449,-0.0272328957007518,0.00190017717969818));
#9608=CARTESIAN_POINT('',(-0.00249947144952586,-0.0270741810608777,0.00197429167629301));
#9609=CARTESIAN_POINT('',(-0.0028492039581484,-0.0269169799616989,0.00199999999999999));
#9610=CARTESIAN_POINT('',(-0.00302163139661712,-0.0268303884374226,0.002));
#9611=CARTESIAN_POINT('',(-0.0030216313966171,-0.0268303884374225,0.002));
#9612=CARTESIAN_POINT('',(0.,0.,0.002));
#9613=CARTESIAN_POINT('',(0.,0.,0.0015));
#9614=CARTESIAN_POINT('',(0.000907812111908753,-0.0274850118640955,0.00150000003773316));
#9615=CARTESIAN_POINT('',(0.000907812148487824,-0.0274850118591181,0.00154991870506511));
#9616=CARTESIAN_POINT('',(0.00100861169655999,-0.0274710739262656,0.00160689099324207));
#9617=CARTESIAN_POINT('',(0.00117583174418531,-0.0274439525364848,0.00168036471670297));
#9618=CARTESIAN_POINT('',(0.00140935393402093,-0.0273994398396922,0.00175117599474476));
#9619=CARTESIAN_POINT('',(0.00168138781443301,-0.0273351633919212,0.00182104227371298));
#9620=CARTESIAN_POINT('',(0.00204657826375502,-0.0272328957007516,0.00190017717969827));
#9621=CARTESIAN_POINT('',(0.00249947144952619,-0.0270741810608776,0.00197429167629304));
#9622=CARTESIAN_POINT('',(0.00284920395814856,-0.0269169799616988,0.002));
#9623=CARTESIAN_POINT('',(0.00302163139661721,-0.0268303884374226,0.002));
#9624=CARTESIAN_POINT('',(0.0274850118640955,-0.000907812111908745,0.00150000003773201));
#9625=CARTESIAN_POINT('',(0.0274850118591183,-0.000907812148486698,0.0015499187050642));
#9626=CARTESIAN_POINT('',(0.0274710739262657,-0.00100861169655915,0.0016068909932417));
#9627=CARTESIAN_POINT('',(0.027443952536485,-0.00117583174418432,0.00168036471670263));
#9628=CARTESIAN_POINT('',(0.0273994398396924,-0.00140935393402014,0.00175117599474455));
#9629=CARTESIAN_POINT('',(0.0273351633919214,-0.00168138781443231,0.00182104227371282));
#9630=CARTESIAN_POINT('',(0.0272328957007518,-0.00204657826375449,0.00190017717969818));
#9631=CARTESIAN_POINT('',(0.0270741810608777,-0.00249947144952586,0.00197429167629301));
#9632=CARTESIAN_POINT('',(0.0269169799616989,-0.0028492039581484,0.00199999999999999));
#9633=CARTESIAN_POINT('',(0.0268303884374226,-0.00302163139661713,0.002));
#9634=CARTESIAN_POINT('',(0.,0.,0.0025));
#9635=CARTESIAN_POINT('',(-0.0255571759011411,0.00477815445105444,0.0025000000049517));
#9636=CARTESIAN_POINT('',(-0.0255571758989369,0.00477815445324275,0.00267817298461651));
#9637=CARTESIAN_POINT('',(-0.0253379488220097,0.00499524812802793,0.00293663866208081));
#9638=CARTESIAN_POINT('',(-0.0250771749590745,0.00521392867619553,0.00299999999999998));
#9639=CARTESIAN_POINT('',(-0.0249385867915328,0.00532136155896117,0.003));
#9640=CARTESIAN_POINT('',(-0.00477815445105444,0.0255571759011411,0.00249999999999999));
#9641=CARTESIAN_POINT('',(-0.00477815445105444,0.0255571759011411,0.0026781729811363));
#9642=CARTESIAN_POINT('',(-0.00499524812644939,0.0253379488238199,0.00293663866170029));
#9643=CARTESIAN_POINT('',(-0.00521392867569796,0.0250771749597164,0.003));
#9644=CARTESIAN_POINT('',(-0.00532136155896124,0.0249385867915327,0.003));
#9645=CARTESIAN_POINT('',(0.,0.,0.0025));
#9646=CARTESIAN_POINT('',(-0.0255571759011411,-0.00477815445105445,0.00250000000495429));
#9647=CARTESIAN_POINT('',(-0.0255571758989358,-0.0047781544532439,0.00267817298461835));
#9648=CARTESIAN_POINT('',(-0.0253379488220088,-0.00499524812802879,0.00293663866208104));
#9649=CARTESIAN_POINT('',(-0.0250771749590741,-0.00521392867619585,0.003));
#9650=CARTESIAN_POINT('',(-0.0249385867915327,-0.00532136155896124,0.003));
#9651=CARTESIAN_POINT('',(-0.0249385867915327,-0.00532136155896122,0.003));
#9652=CARTESIAN_POINT('',(-0.00477815445105444,-0.0255571759011411,0.0025000000049517));
#9653=CARTESIAN_POINT('',(-0.00477815445324276,-0.0255571758989369,0.00267817298461652));
#9654=CARTESIAN_POINT('',(-0.00499524812802793,-0.0253379488220098,0.00293663866208081));
#9655=CARTESIAN_POINT('',(-0.00521392867619553,-0.0250771749590745,0.00299999999999998));
#9656=CARTESIAN_POINT('',(-0.00532136155896118,-0.0249385867915328,0.003));
#9657=CARTESIAN_POINT('',(-0.00532136155896112,-0.0249385867915328,0.003));
#9658=CARTESIAN_POINT('',(0.,0.,0.003));
#9659=CARTESIAN_POINT('',(0.,0.,0.0025));
#9660=CARTESIAN_POINT('',(0.00477815445105444,-0.0255571759011411,0.0025000000049543));
#9661=CARTESIAN_POINT('',(0.00477815445324391,-0.0255571758989358,0.00267817298461836));
#9662=CARTESIAN_POINT('',(0.0049952481280288,-0.0253379488220088,0.00293663866208103));
#9663=CARTESIAN_POINT('',(0.00521392867619584,-0.0250771749590741,0.003));
#9664=CARTESIAN_POINT('',(0.00532136155896124,-0.0249385867915327,0.003));
#9665=CARTESIAN_POINT('',(0.0255571759011411,-0.00477815445105444,0.0025000000049517));
#9666=CARTESIAN_POINT('',(0.0255571758989369,-0.00477815445324276,0.00267817298461652));
#9667=CARTESIAN_POINT('',(0.0253379488220098,-0.00499524812802793,0.00293663866208081));
#9668=CARTESIAN_POINT('',(0.0250771749590745,-0.00521392867619553,0.00299999999999998));
#9669=CARTESIAN_POINT('',(0.0249385867915328,-0.00532136155896118,0.003));
#9670=CARTESIAN_POINT('',(0.,0.,0.0035));
#9671=CARTESIAN_POINT('',(0.0237374428893804,0.00606496538105555,0.00349999999999999));
#9672=CARTESIAN_POINT('',(0.0237374428893804,0.00606496538105555,0.00365048595485323));
#9673=CARTESIAN_POINT('',(0.0235702087956803,0.00614680634998589,0.00391853849261607));
#9674=CARTESIAN_POINT('',(0.0232939393972831,0.00626120347615558,0.004));
#9675=CARTESIAN_POINT('',(0.0231548880968366,0.00631277729869948,0.00400000000000001));
#9676=CARTESIAN_POINT('',(0.00606496538105555,0.0237374428893804,0.00349999999999999));
#9677=CARTESIAN_POINT('',(0.00606496538105555,0.0237374428893804,0.00365048595485323));
#9678=CARTESIAN_POINT('',(0.00614680634998589,0.0235702087956803,0.00391853849261607));
#9679=CARTESIAN_POINT('',(0.00626120347615558,0.023293939397283,0.00400000000000001));
#9680=CARTESIAN_POINT('',(0.00631277729869948,0.0231548880968366,0.00400000000000001));
#9681=CARTESIAN_POINT('',(0.,0.,0.0035));
#9682=CARTESIAN_POINT('',(-0.0237374428893804,0.00606496538105555,0.00349999999999998));
#9683=CARTESIAN_POINT('',(-0.0237374428893804,0.00606496538105554,0.00365048595485322));
#9684=CARTESIAN_POINT('',(-0.0235702087956803,0.00614680634998587,0.00391853849261605));
#9685=CARTESIAN_POINT('',(-0.0232939393972831,0.00626120347615557,0.004));
#9686=CARTESIAN_POINT('',(-0.0231548880968366,0.00631277729869946,0.00400000000000001));
#9687=CARTESIAN_POINT('',(-0.0237374428893805,0.00606496538105543,0.0035));
#9688=CARTESIAN_POINT('',(-0.00606496538105555,0.0237374428893804,0.00349999999999999));
#9689=CARTESIAN_POINT('',(-0.00606496538105555,0.0237374428893804,0.00365048595485323));
#9690=CARTESIAN_POINT('',(-0.00614680634998589,0.0235702087956803,0.00391853849261607));
#9691=CARTESIAN_POINT('',(-0.00626120347615558,0.0232939393972831,0.004));
#9692=CARTESIAN_POINT('',(-0.00631277729869948,0.0231548880968366,0.00400000000000001));
#9693=CARTESIAN_POINT('',(-0.00606496538105552,0.0237374428893805,0.0035));
#9694=CARTESIAN_POINT('',(0.,0.,0.0035));
#9695=CARTESIAN_POINT('',(0.,0.,0.0035));
#9696=CARTESIAN_POINT('',(0.0237374428893804,-0.00606496538105555,0.00349999999999998));
#9697=CARTESIAN_POINT('',(0.0237374428893804,-0.00606496538105555,0.00365048595485322));
#9698=CARTESIAN_POINT('',(0.0235702087956803,-0.00614680634998588,0.00391853849261606));
#9699=CARTESIAN_POINT('',(0.0232939393972831,-0.00626120347615557,0.004));
#9700=CARTESIAN_POINT('',(0.0231548880968366,-0.00631277729869946,0.00400000000000001));
#9701=CARTESIAN_POINT('',(0.00606496538105556,-0.0237374428893804,0.00349999999999999));
#9702=CARTESIAN_POINT('',(0.00606496538105556,-0.0237374428893804,0.00365048595485323));
#9703=CARTESIAN_POINT('',(0.00614680634998589,-0.0235702087956803,0.00391853849261607));
#9704=CARTESIAN_POINT('',(0.00626120347615558,-0.0232939393972831,0.00400000000000001));
#9705=CARTESIAN_POINT('',(0.00631277729869948,-0.0231548880968366,0.00400000000000001));
#9706=CARTESIAN_POINT('',(0.,0.,0.0045));
#9707=CARTESIAN_POINT('',(0.0220258128288135,0.00662295774032094,0.0045));
#9708=CARTESIAN_POINT('',(0.0220258128288134,0.00662295774032094,0.00477793931982117));
#9709=CARTESIAN_POINT('',(0.0217552194127675,0.00667258028305304,0.00500000000001399));
#9710=CARTESIAN_POINT('',(0.0214792923533366,0.00670000000000115,0.00500000000001534));
#9711=CARTESIAN_POINT('',(0.0214792923533342,0.0067,0.005));
#9712=CARTESIAN_POINT('',(0.00662295774032093,0.0220258128288135,0.0045));
#9713=CARTESIAN_POINT('',(0.00662295774032093,0.0220258128288135,0.00477793931982117));
#9714=CARTESIAN_POINT('',(0.00667258028305304,0.0217552194127675,0.00500000000001399));
#9715=CARTESIAN_POINT('',(0.00670000000000115,0.0214792923533366,0.00500000000001534));
#9716=CARTESIAN_POINT('',(0.0067,0.0214792923533342,0.005));
#9717=CARTESIAN_POINT('',(0.,0.,0.005));
#9718=CARTESIAN_POINT('',(0.,0.,0.0045));
#9719=CARTESIAN_POINT('',(0.0220258128288135,-0.00662295774032093,0.0045));
#9720=CARTESIAN_POINT('',(0.0220258128288134,-0.00662295774032093,0.00477793931982117));
#9721=CARTESIAN_POINT('',(0.0217552194127675,-0.00667258028305304,0.00500000000001399));
#9722=CARTESIAN_POINT('',(0.0214792923533366,-0.00670000000000115,0.00500000000001534));
#9723=CARTESIAN_POINT('',(0.0214792923533342,-0.0067,0.005));
#9724=CARTESIAN_POINT('',(0.,0.,0.005));
#9725=CARTESIAN_POINT('',(0.0067,-0.0214792923533342,0.005));
#9726=CARTESIAN_POINT('',(0.00662295774032094,-0.0220258128288135,0.0045));
#9727=CARTESIAN_POINT('',(0.00662295774032094,-0.0220258128288134,0.00477793931982117));
#9728=CARTESIAN_POINT('',(0.00667258028305304,-0.0217552194127675,0.00500000000001399));
#9729=CARTESIAN_POINT('',(0.00670000000000115,-0.0214792923533366,0.00500000000001534));
#9730=CARTESIAN_POINT('',(0.,0.,0.0045));
#9731=CARTESIAN_POINT('',(-0.0220258128288134,-0.00662295774032094,0.0045));
#9732=CARTESIAN_POINT('',(-0.0220258128288134,-0.00662295774032094,0.00477793931982117));
#9733=CARTESIAN_POINT('',(-0.0217552194127675,-0.00667258028305304,0.00500000000001399));
#9734=CARTESIAN_POINT('',(-0.0214792923533366,-0.00670000000000115,0.00500000000001534));
#9735=CARTESIAN_POINT('',(-0.0214792923533342,-0.0067,0.005));
#9736=CARTESIAN_POINT('',(-0.00662295774032093,-0.0220258128288135,0.0045));
#9737=CARTESIAN_POINT('',(-0.00662295774032093,-0.0220258128288134,0.00477793931982117));
#9738=CARTESIAN_POINT('',(-0.00667258028305304,-0.0217552194127675,0.00500000000001399));
#9739=CARTESIAN_POINT('',(-0.00670000000000115,-0.0214792923533366,0.00500000000001534));
#9740=CARTESIAN_POINT('',(-0.0067,-0.0214792923533342,0.005));
#9741=CARTESIAN_POINT('',(0.,0.,0.005));
#9742=CARTESIAN_POINT('',(0.,0.,0.0045));
#9743=CARTESIAN_POINT('',(-0.0220258128288134,0.00662295774032093,0.0045));
#9744=CARTESIAN_POINT('',(-0.0220258128288134,0.00662295774032093,0.00477793931982117));
#9745=CARTESIAN_POINT('',(-0.0217552194127675,0.00667258028305304,0.00500000000001399));
#9746=CARTESIAN_POINT('',(-0.0214792923533366,0.00670000000000114,0.00500000000001534));
#9747=CARTESIAN_POINT('',(-0.0220258128288135,0.0066229577403209,0.0045));
#9748=CARTESIAN_POINT('',(-0.0214792923533342,0.0067,0.005));
#9749=CARTESIAN_POINT('',(0.,0.,0.005));
#9750=CARTESIAN_POINT('',(-0.0067,0.0214792923533342,0.005));
#9751=CARTESIAN_POINT('',(-0.00662295774032093,0.0220258128288135,0.0045));
#9752=CARTESIAN_POINT('',(-0.00662295774032093,0.0220258128288135,0.00477793931982117));
#9753=CARTESIAN_POINT('',(-0.00667258028305304,0.0217552194127675,0.00500000000001399));
#9754=CARTESIAN_POINT('',(-0.00670000000000115,0.0214792923533366,0.00500000000001534));
#9755=CARTESIAN_POINT('',(-0.0066229577403209,0.0220258128288135,0.0045));
#9756=CARTESIAN_POINT('',(0.,0.,0.0045));
#9757=CARTESIAN_POINT('',(-0.02225,0.,0.005));
#9758=CARTESIAN_POINT('',(0.,0.,0.005));
#9759=CARTESIAN_POINT('',(0.0215,0.,0.005));
#9760=CARTESIAN_POINT('',(0.,0.,0.005));
#9761=CARTESIAN_POINT('',(0.,0.,0.005));
#9762=CARTESIAN_POINT('',(0.,0.,0.005));
#9763=CARTESIAN_POINT('',(0.,0.,0.005));
#9764=CARTESIAN_POINT('',(0.,0.,-0.0170882614711289));
#9765=CARTESIAN_POINT('',(-0.0220258128288135,0.00662295774032089,0.0025));
#9766=CARTESIAN_POINT('',(-0.0066229577403209,0.0220258128288135,0.0025));
#9767=CARTESIAN_POINT('',(-0.02375,0.,0.004));
#9768=CARTESIAN_POINT('',(-0.0208134928339591,-3.98188887332464E-17,0.004));
#9769=CARTESIAN_POINT('',(-0.0231548880968366,-0.00631277729869945,0.004));
#9770=CARTESIAN_POINT('',(0.,0.,0.004));
#9771=CARTESIAN_POINT('',(-0.00631277729869937,-0.0231548880968366,0.004));
#9772=CARTESIAN_POINT('',(-3.34465943887003E-17,-0.0208134928339591,0.004));
#9773=CARTESIAN_POINT('',(0.,0.,-0.0170882614711289));
#9774=CARTESIAN_POINT('',(-0.0237374428893805,0.00606496538105551,0.0025));
#9775=CARTESIAN_POINT('',(-0.00606496538105552,0.0237374428893805,0.0025));
#9776=CARTESIAN_POINT('',(-0.02525,0.,0.003));
#9777=CARTESIAN_POINT('',(-0.0208134928339591,-3.98188887332464E-17,0.003));
#9778=CARTESIAN_POINT('',(-3.34465943887003E-17,-0.0208134928339591,0.003));
#9779=CARTESIAN_POINT('',(0.,0.,-0.0170882614711289));
#9780=CARTESIAN_POINT('',(0.,0.,0.0025));
#9781=CARTESIAN_POINT('',(0.0047781544510544,0.0255571759011411,0.0025));
#9782=CARTESIAN_POINT('',(0.0255571758958167,0.00477815447953345,0.0025));
#9783=CARTESIAN_POINT('',(0.0255571759011411,0.0047781544510544,0.0025));
#9784=CARTESIAN_POINT('',(0.0047781544510544,0.0255571759011411,0.0025));
#9785=CARTESIAN_POINT('',(-0.02675,0.,0.002));
#9786=CARTESIAN_POINT('',(-0.0208134928339591,-3.98188887332464E-17,0.002));
#9787=CARTESIAN_POINT('',(-3.34465943887003E-17,-0.0208134928339591,0.002));
#9788=CARTESIAN_POINT('',(0.,0.,-0.0170882614711289));
#9789=CARTESIAN_POINT('',(0.,0.,0.0015));
#9790=CARTESIAN_POINT('',(0.000907812111908567,0.0274850118640955,0.0015));
#9791=CARTESIAN_POINT('',(0.0274850118576595,0.000907812306767509,0.0015));
#9792=CARTESIAN_POINT('',(0.0274850118640955,0.000907812111908523,0.0025));
#9793=CARTESIAN_POINT('',(0.0274850118640955,0.000907812111908522,0.001));
#9794=CARTESIAN_POINT('',(0.,0.,0.001));
#9795=CARTESIAN_POINT('',(0.000907812111908518,0.0274850118640955,0.001));
#9796=CARTESIAN_POINT('',(0.000907812111908521,0.0274850118640955,0.0025));
#9797=CARTESIAN_POINT('',(-0.02825,0.,0.001));
#9798=CARTESIAN_POINT('',(0.,0.,0.001));
#9799=CARTESIAN_POINT('',(-0.0285,0.,0.001));
#9800=CARTESIAN_POINT('',(-0.0208134928339591,-3.98188887332464E-17,0.001));
#9801=CARTESIAN_POINT('',(-3.59955121265187E-17,0.0208134928339591,0.001));
#9802=CARTESIAN_POINT('',(0.0208134928339591,3.7269970995428E-17,0.001));
#9803=CARTESIAN_POINT('',(3.85444298643372E-17,-0.0208134928339591,0.001));
#9804=CARTESIAN_POINT('',(0.,0.,0.0015));
#9805=CARTESIAN_POINT('',(0.0274850118640955,0.000907812111908751,0.00150000003773316));
#9806=CARTESIAN_POINT('',(0.0274850118591181,0.000907812148487822,0.00154991870506511));
#9807=CARTESIAN_POINT('',(0.0274710739262656,0.00100861169655999,0.00160689099324207));
#9808=CARTESIAN_POINT('',(0.0274439525364848,0.00117583174418531,0.00168036471670297));
#9809=CARTESIAN_POINT('',(0.0273994398396922,0.00140935393402093,0.00175117599474476));
#9810=CARTESIAN_POINT('',(0.0273351633919212,0.00168138781443301,0.00182104227371298));
#9811=CARTESIAN_POINT('',(0.0272328957007516,0.00204657826375502,0.00190017717969827));
#9812=CARTESIAN_POINT('',(0.0270741810608776,0.00249947144952618,0.00197429167629304));
#9813=CARTESIAN_POINT('',(0.0269169799616988,0.00284920395814856,0.002));
#9814=CARTESIAN_POINT('',(0.0268303884374226,0.00302163139661721,0.002));
#9815=CARTESIAN_POINT('',(0.000907812111908748,0.0274850118640955,0.00149999999999996));
#9816=CARTESIAN_POINT('',(0.000907812111908714,0.0274850118640955,0.00154991867530042));
#9817=CARTESIAN_POINT('',(0.00100861166956676,0.0274710739303982,0.00160689098110513));
#9818=CARTESIAN_POINT('',(0.0011758317126115,0.0274439525420254,0.0016803647053112));
#9819=CARTESIAN_POINT('',(0.00140935390889751,0.0273994398451861,0.00175117598814434));
#9820=CARTESIAN_POINT('',(0.00168138779269008,0.0273351633975634,0.00182104226856677));
#9821=CARTESIAN_POINT('',(0.00204657824809986,0.0272328957059142,0.00190017717693845));
#9822=CARTESIAN_POINT('',(0.0024994714411773,0.0270741810644788,0.00197429167547749));
#9823=CARTESIAN_POINT('',(0.00284920395543321,0.0269169799630625,0.002));
#9824=CARTESIAN_POINT('',(0.00302163139661721,0.0268303884374226,0.002));
#9825=CARTESIAN_POINT('',(0.,0.,0.0025));
#9826=CARTESIAN_POINT('',(0.0255571759011411,0.00477815445105444,0.00250000000495429));
#9827=CARTESIAN_POINT('',(0.0255571758989358,0.0047781544532439,0.00267817298461835));
#9828=CARTESIAN_POINT('',(0.0253379488220088,0.00499524812802879,0.00293663866208103));
#9829=CARTESIAN_POINT('',(0.0250771749590741,0.00521392867619584,0.003));
#9830=CARTESIAN_POINT('',(0.0249385867915327,0.00532136155896124,0.003));
#9831=CARTESIAN_POINT('',(0.00477815445105444,0.0255571759011411,0.00249999999999999));
#9832=CARTESIAN_POINT('',(0.00477815445105444,0.0255571759011411,0.0026781729811363));
#9833=CARTESIAN_POINT('',(0.00499524812644939,0.0253379488238199,0.00293663866170029));
#9834=CARTESIAN_POINT('',(0.00521392867569796,0.0250771749597164,0.003));
#9835=CARTESIAN_POINT('',(0.00532136155896124,0.0249385867915327,0.003));
#9836=CARTESIAN_POINT('',(0.,0.,0.0035));
#9837=CARTESIAN_POINT('',(-0.0237374428893804,-0.00606496538105555,0.00349999999999999));
#9838=CARTESIAN_POINT('',(-0.0237374428893804,-0.00606496538105555,0.00365048595485323));
#9839=CARTESIAN_POINT('',(-0.0235702087956803,-0.00614680634998589,0.00391853849261607));
#9840=CARTESIAN_POINT('',(-0.023293939397283,-0.00626120347615558,0.004));
#9841=CARTESIAN_POINT('',(-0.0231548880968366,-0.00631277729869948,0.00400000000000001));
#9842=CARTESIAN_POINT('',(-0.00606496538105555,-0.0237374428893804,0.00349999999999998));
#9843=CARTESIAN_POINT('',(-0.00606496538105554,-0.0237374428893804,0.00365048595485322));
#9844=CARTESIAN_POINT('',(-0.00614680634998587,-0.0235702087956803,0.00391853849261605));
#9845=CARTESIAN_POINT('',(-0.00626120347615557,-0.0232939393972831,0.004));
#9846=CARTESIAN_POINT('',(-0.00631277729869946,-0.0231548880968366,0.00400000000000001));
#9847=CARTESIAN_POINT('',(0.,0.,-0.0170882614711289));
#9848=CARTESIAN_POINT('',(-0.0076804784562811,-0.0208823550080589,-0.0170882614711289));
#9849=CARTESIAN_POINT('',(-0.0076804784562811,-0.0208823550080589,-0.003));
#9850=CARTESIAN_POINT('',(-0.0076804784562811,-0.0208823550080589,-0.0075));
#9851=CARTESIAN_POINT('',(0.,0.,-0.0075));
#9852=CARTESIAN_POINT('',(0.00768047845628109,-0.0208823550080589,-0.0075));
#9853=CARTESIAN_POINT('',(0.00768047845628109,-0.0208823550080589,-0.0170882614711289));
#9854=CARTESIAN_POINT('',(0.00768047845628109,-0.0208823550080589,-0.003));
#9855=CARTESIAN_POINT('',(0.,0.,-0.003));
#9856=CARTESIAN_POINT('',(0.,0.,0.00425));
#9857=CARTESIAN_POINT('',(0.02225,0.,0.00425));
#9858=CARTESIAN_POINT('',(-0.021125,0.,0.00425));
#9859=CARTESIAN_POINT('',(0.,0.,0.00425));
#9860=CARTESIAN_POINT('',(0.02,0.,0.00425));
#9861=CARTESIAN_POINT('',(0.,0.,-0.0170882614711289));
#9862=CARTESIAN_POINT('',(0.,0.,0.006));
#9863=CARTESIAN_POINT('',(0.02,0.,0.006));
#9864=CARTESIAN_POINT('',(-0.02075,0.,0.006));
#9865=CARTESIAN_POINT('',(0.,0.,0.006));
#9866=CARTESIAN_POINT('',(-0.021,0.,0.006));
#9867=CARTESIAN_POINT('',(0.,0.,-0.0170882614711289));
#9868=CARTESIAN_POINT('',(0.,0.,0.0055));
#9869=CARTESIAN_POINT('',(-0.0215,0.,0.0055));
#9870=CARTESIAN_POINT('',(0.,0.,0.0005));
#9871=CARTESIAN_POINT('',(0.,0.,0.0055));
#9872=CARTESIAN_POINT('',(-3.59955121265187E-17,0.0208134928339591,-2.00000000000027E-6));
#9873=CARTESIAN_POINT('',(0.0067,0.0214792923533342,0.0055));
#9874=CARTESIAN_POINT('',(0.0067,0.0214792923533342,0.0055));
#9875=CARTESIAN_POINT('',(-0.0067,0.0214792923533342,0.0055));
#9876=CARTESIAN_POINT('',(-0.0067,0.0214792923533342,0.0055));
#9877=CARTESIAN_POINT('',(-3.59955121265187E-17,0.0208134928339591,0.0055));
#9878=CARTESIAN_POINT('',(-0.00611638574945669,0.0236282955559707,0.0055));
#9879=CARTESIAN_POINT('',(-0.00611638574945669,0.0236282955559707,0.006));
#9880=CARTESIAN_POINT('',(-0.00611638574945669,0.0236282955559707,0.006));
#9881=CARTESIAN_POINT('',(1.30104260698261E-17,0.0208134928339591,0.006));
#9882=CARTESIAN_POINT('',(-0.00524010716189475,0.025041325130995,0.006));
#9883=CARTESIAN_POINT('',(-0.00524010716189475,0.025041325130995,0.0065));
#9884=CARTESIAN_POINT('',(-0.00524010716189475,0.025041325130995,0.0065));
#9885=CARTESIAN_POINT('',(6.15826833971767E-17,0.0208134928339591,0.0065));
#9886=CARTESIAN_POINT('',(-0.00392243914683457,0.026285947506168,0.0065));
#9887=CARTESIAN_POINT('',(-0.00392243914683457,0.026285947506168,0.007));
#9888=CARTESIAN_POINT('',(-0.00392243914683457,0.026285947506168,0.007));
#9889=CARTESIAN_POINT('',(4.77048955893622E-18,0.0208134928339591,0.007));
#9890=CARTESIAN_POINT('',(-0.00206000627337569,0.0272236147636616,0.007));
#9891=CARTESIAN_POINT('',(-0.00206000627337569,0.0272236147636616,0.0075));
#9892=CARTESIAN_POINT('',(-0.00206000627337569,0.0272236147636616,0.0075));
#9893=CARTESIAN_POINT('',(1.57555627642666E-17,0.0208134928339591,0.0075));
#9894=CARTESIAN_POINT('',(0.00206000627337569,0.0272236147636616,0.0075));
#9895=CARTESIAN_POINT('',(0.00206000627337569,0.0272236147636616,0.0075));
#9896=CARTESIAN_POINT('',(0.00206000627337569,0.0272236147636616,0.007));
#9897=CARTESIAN_POINT('',(-4.77048955893622E-18,0.0208134928339591,0.007));
#9898=CARTESIAN_POINT('',(0.00392243914683457,0.026285947506168,0.007));
#9899=CARTESIAN_POINT('',(0.00392243914683457,0.026285947506168,0.007));
#9900=CARTESIAN_POINT('',(0.00392243914683457,0.026285947506168,0.0065));
#9901=CARTESIAN_POINT('',(-6.15826833971767E-17,0.0208134928339591,0.0065));
#9902=CARTESIAN_POINT('',(0.00524010716189475,0.025041325130995,0.0065));
#9903=CARTESIAN_POINT('',(0.00524010716189475,0.025041325130995,0.0065));
#9904=CARTESIAN_POINT('',(0.00524010716189475,0.025041325130995,0.006));
#9905=CARTESIAN_POINT('',(-1.30104260698261E-17,0.0208134928339591,0.006));
#9906=CARTESIAN_POINT('',(0.00611638574945669,0.0236282955559707,0.006));
#9907=CARTESIAN_POINT('',(0.00611638574945669,0.0236282955559707,0.006));
#9908=CARTESIAN_POINT('',(0.00611638574945669,0.0236282955559707,0.0055));
#9909=CARTESIAN_POINT('',(3.59955121265187E-17,0.0208134928339591,0.0055));
#9910=CARTESIAN_POINT('',(-0.00142530044112034,0.0248548603498243,0.0075));
#9911=CARTESIAN_POINT('',(-0.00142530044112034,0.0248548603498243,0.007));
#9912=CARTESIAN_POINT('',(-0.000790594608864981,0.0224861059359871,0.007));
#9913=CARTESIAN_POINT('',(-0.000790594608864981,0.0224861059359871,0.0075));
#9914=CARTESIAN_POINT('',(-0.000790594608864981,0.0224861059359871,0.0075));
#9915=CARTESIAN_POINT('',(-0.00142530044112034,0.0248548603498243,0.0075));
#9916=CARTESIAN_POINT('',(0.,0.,0.0075));
#9917=CARTESIAN_POINT('',(0.,0.,0.0055));
#9918=CARTESIAN_POINT('',(0.00364682281142434,0.0222024927290175,0.0055));
#9919=CARTESIAN_POINT('',(0.00364682281142434,0.0222024927290175,0.006));
#9920=CARTESIAN_POINT('',(0.00364682281142434,0.0222024927290175,0.006));
#9921=CARTESIAN_POINT('',(0.,0.,0.006));
#9922=CARTESIAN_POINT('',(0.00255342416665742,0.0223546421359218,0.006));
#9923=CARTESIAN_POINT('',(0.00255342416665742,0.0223546421359218,0.0065));
#9924=CARTESIAN_POINT('',(0.00255342416665742,0.0223546421359218,0.0065));
#9925=CARTESIAN_POINT('',(0.,0.,0.0065));
#9926=CARTESIAN_POINT('',(0.00169951094052415,0.0224357229115319,0.0065));
#9927=CARTESIAN_POINT('',(0.00169951094052415,0.0224357229115319,0.007));
#9928=CARTESIAN_POINT('',(0.00169951094052415,0.0224357229115319,0.007));
#9929=CARTESIAN_POINT('',(0.,0.,0.007));
#9930=CARTESIAN_POINT('',(0.000790594608864981,0.0224861059359871,0.007));
#9931=CARTESIAN_POINT('',(0.000790594608864981,0.0224861059359871,0.0075));
#9932=CARTESIAN_POINT('',(0.000790594608864981,0.0224861059359871,0.0075));
#9933=CARTESIAN_POINT('',(0.,0.,0.0075));
#9934=CARTESIAN_POINT('',(0.,0.,0.007));
#9935=CARTESIAN_POINT('',(-0.00169951094052415,0.0224357229115319,0.007));
#9936=CARTESIAN_POINT('',(-0.00169951094052415,0.0224357229115319,0.007));
#9937=CARTESIAN_POINT('',(-0.00169951094052415,0.0224357229115319,0.0065));
#9938=CARTESIAN_POINT('',(0.,0.,0.0065));
#9939=CARTESIAN_POINT('',(-0.00255342416665742,0.0223546421359218,0.0065));
#9940=CARTESIAN_POINT('',(-0.00255342416665742,0.0223546421359218,0.0065));
#9941=CARTESIAN_POINT('',(-0.00255342416665742,0.0223546421359218,0.006));
#9942=CARTESIAN_POINT('',(0.,0.,0.006));
#9943=CARTESIAN_POINT('',(-0.00364682281142434,0.0222024927290175,0.006));
#9944=CARTESIAN_POINT('',(-0.00364682281142434,0.0222024927290175,0.006));
#9945=CARTESIAN_POINT('',(-0.00364682281142434,0.0222024927290175,0.0055));
#9946=CARTESIAN_POINT('',(0.,0.,0.0055));
#9947=CARTESIAN_POINT('',(0.,0.0075160660804216,0.0075));
#9948=CARTESIAN_POINT('',(0.00142530044112034,0.0248548603498243,0.0075));
#9949=CARTESIAN_POINT('',(-0.00281097504367937,0.0243608352088499,0.007));
#9950=CARTESIAN_POINT('',(-0.00281097504367937,0.0243608352088499,0.0065));
#9951=CARTESIAN_POINT('',(-0.00281097504367937,0.0243608352088499,0.007));
#9952=CARTESIAN_POINT('',(0.,0.0075160660804216,0.007));
#9953=CARTESIAN_POINT('',(-0.00389676566427609,0.0236979836334584,0.0065));
#9954=CARTESIAN_POINT('',(-0.00389676566427609,0.0236979836334584,0.006));
#9955=CARTESIAN_POINT('',(-0.00389676566427609,0.0236979836334584,0.0065));
#9956=CARTESIAN_POINT('',(0.,0.0075160660804216,0.0065));
#9957=CARTESIAN_POINT('',(-0.00488160428044052,0.022915394142494,0.006));
#9958=CARTESIAN_POINT('',(-0.00488160428044052,0.022915394142494,0.0055));
#9959=CARTESIAN_POINT('',(-0.00488160428044052,0.022915394142494,0.006));
#9960=CARTESIAN_POINT('',(0.,0.0075160660804216,0.006));
#9961=CARTESIAN_POINT('',(0.,0.0075160660804216,0.0055));
#9962=CARTESIAN_POINT('',(0.00142530044112034,0.0248548603498243,0.0075));
#9963=CARTESIAN_POINT('',(0.00142530044112034,0.0248548603498243,0.007));
#9964=CARTESIAN_POINT('',(0.00281097504367937,0.0243608352088499,0.007));
#9965=CARTESIAN_POINT('',(0.00281097504367937,0.0243608352088499,0.0065));
#9966=CARTESIAN_POINT('',(0.00281097504367937,0.0243608352088499,0.007));
#9967=CARTESIAN_POINT('',(0.,0.0075160660804216,0.007));
#9968=CARTESIAN_POINT('',(0.00389676566427609,0.0236979836334584,0.0065));
#9969=CARTESIAN_POINT('',(0.00389676566427609,0.0236979836334584,0.006));
#9970=CARTESIAN_POINT('',(0.00389676566427609,0.0236979836334584,0.0065));
#9971=CARTESIAN_POINT('',(0.,0.0075160660804216,0.0065));
#9972=CARTESIAN_POINT('',(0.00488160428044052,0.022915394142494,0.006));
#9973=CARTESIAN_POINT('',(0.00488160428044052,0.022915394142494,0.0055));
#9974=CARTESIAN_POINT('',(0.00488160428044052,0.022915394142494,0.006));
#9975=CARTESIAN_POINT('',(0.,0.0075160660804216,0.006));
#9976=CARTESIAN_POINT('',(0.,0.0075160660804216,0.0055));
#9977=CARTESIAN_POINT('',(9.20452626756831E-19,-0.0075160660804216,0.0055));
#9978=CARTESIAN_POINT('',(0.,0.,0.0055));
#9979=CARTESIAN_POINT('',(-0.00364682281142434,-0.0222024927290175,0.0055));
#9980=CARTESIAN_POINT('',(-0.0067,-0.0214792923533342,0.0055));
#9981=CARTESIAN_POINT('',(-3.34465943887003E-17,-0.0208134928339591,0.0055));
#9982=CARTESIAN_POINT('',(-0.00611638574945668,-0.0236282955559707,0.0055));
#9983=CARTESIAN_POINT('',(-0.00488160428044052,-0.022915394142494,0.0055));
#9984=CARTESIAN_POINT('',(-0.00488160428044052,-0.022915394142494,0.006));
#9985=CARTESIAN_POINT('',(-0.00364682281142434,-0.0222024927290175,0.006));
#9986=CARTESIAN_POINT('',(-0.00364682281142434,-0.0222024927290175,0.006));
#9987=CARTESIAN_POINT('',(-0.00611638574945668,-0.0236282955559707,0.006));
#9988=CARTESIAN_POINT('',(-0.00611638574945668,-0.0236282955559707,0.006));
#9989=CARTESIAN_POINT('',(-0.00488160428044052,-0.022915394142494,0.006));
#9990=CARTESIAN_POINT('',(9.20452626756831E-19,-0.0075160660804216,0.006));
#9991=CARTESIAN_POINT('',(-0.00389676566427609,-0.0236979836334584,0.006));
#9992=CARTESIAN_POINT('',(-0.00524010716189475,-0.025041325130995,0.006));
#9993=CARTESIAN_POINT('',(-0.00255342416665742,-0.0223546421359218,0.006));
#9994=CARTESIAN_POINT('',(0.,0.,0.006));
#9995=CARTESIAN_POINT('',(1.55593438076445E-17,-0.0208134928339591,0.006));
#9996=CARTESIAN_POINT('',(-0.00389676566427609,-0.0236979836334584,0.0065));
#9997=CARTESIAN_POINT('',(-0.00524010716189475,-0.025041325130995,0.0065));
#9998=CARTESIAN_POINT('',(-0.00524010716189475,-0.025041325130995,0.0065));
#9999=CARTESIAN_POINT('',(-0.00389676566427609,-0.0236979836334584,0.0065));
#10000=CARTESIAN_POINT('',(-0.00255342416665742,-0.0223546421359218,0.0065));
#10001=CARTESIAN_POINT('',(-0.00255342416665742,-0.0223546421359218,0.0065));
#10002=CARTESIAN_POINT('',(9.20452626756831E-19,-0.0075160660804216,0.0065));
#10003=CARTESIAN_POINT('',(-0.00281097504367937,-0.0243608352088499,0.0065));
#10004=CARTESIAN_POINT('',(-0.00392243914683457,-0.026285947506168,0.0065));
#10005=CARTESIAN_POINT('',(-0.00169951094052415,-0.0224357229115319,0.0065));
#10006=CARTESIAN_POINT('',(0.,0.,0.0065));
#10007=CARTESIAN_POINT('',(6.41316011349951E-17,-0.0208134928339591,0.0065));
#10008=CARTESIAN_POINT('',(-0.00281097504367937,-0.0243608352088499,0.007));
#10009=CARTESIAN_POINT('',(-0.00392243914683457,-0.026285947506168,0.007));
#10010=CARTESIAN_POINT('',(-0.00392243914683457,-0.026285947506168,0.007));
#10011=CARTESIAN_POINT('',(-0.00281097504367937,-0.0243608352088499,0.007));
#10012=CARTESIAN_POINT('',(-0.00169951094052415,-0.0224357229115319,0.007));
#10013=CARTESIAN_POINT('',(-0.00169951094052415,-0.0224357229115319,0.007));
#10014=CARTESIAN_POINT('',(9.20452626756831E-19,-0.0075160660804216,0.007));
#10015=CARTESIAN_POINT('',(7.31940729675466E-18,-0.0208134928339591,0.007));
#10016=CARTESIAN_POINT('',(-0.00206000627337569,-0.0272236147636616,0.007));
#10017=CARTESIAN_POINT('',(-0.00142530044112034,-0.0248548603498243,0.007));
#10018=CARTESIAN_POINT('',(-0.000790594608864978,-0.0224861059359871,0.007));
#10019=CARTESIAN_POINT('',(0.,0.,0.007));
#10020=CARTESIAN_POINT('',(-0.00142530044112034,-0.0248548603498243,0.0075));
#10021=CARTESIAN_POINT('',(-0.00206000627337569,-0.0272236147636616,0.0075));
#10022=CARTESIAN_POINT('',(-0.00206000627337569,-0.0272236147636616,0.0075));
#10023=CARTESIAN_POINT('',(-0.00142530044112034,-0.0248548603498243,0.0075));
#10024=CARTESIAN_POINT('',(-0.000790594608864978,-0.0224861059359871,0.0075));
#10025=CARTESIAN_POINT('',(-0.000790594608864978,-0.0224861059359871,0.0075));
#10026=CARTESIAN_POINT('',(9.20452626756831E-19,-0.0075160660804216,0.0075));
#10027=CARTESIAN_POINT('',(0.,0.,0.0075));
#10028=CARTESIAN_POINT('',(0.000790594608864983,-0.0224861059359871,0.0075));
#10029=CARTESIAN_POINT('',(-1.32066450264481E-17,-0.0208134928339591,0.0075));
#10030=CARTESIAN_POINT('',(0.0020600062733757,-0.0272236147636616,0.0075));
#10031=CARTESIAN_POINT('',(0.00142530044112034,-0.0248548603498243,0.0075));
#10032=CARTESIAN_POINT('',(0.00142530044112034,-0.0248548603498243,0.0075));
#10033=CARTESIAN_POINT('',(0.0020600062733757,-0.0272236147636616,0.0075));
#10034=CARTESIAN_POINT('',(0.0020600062733757,-0.0272236147636616,0.007));
#10035=CARTESIAN_POINT('',(0.00142530044112034,-0.0248548603498243,0.007));
#10036=CARTESIAN_POINT('',(0.000790594608864983,-0.0224861059359871,0.007));
#10037=CARTESIAN_POINT('',(0.000790594608864983,-0.0224861059359871,0.0075));
#10038=CARTESIAN_POINT('',(9.20452626756831E-19,-0.0075160660804216,0.007));
#10039=CARTESIAN_POINT('',(-2.22157182111777E-18,-0.0208134928339591,0.007));
#10040=CARTESIAN_POINT('',(0.00392243914683458,-0.026285947506168,0.007));
#10041=CARTESIAN_POINT('',(0.00281097504367937,-0.0243608352088499,0.007));
#10042=CARTESIAN_POINT('',(0.00169951094052416,-0.0224357229115319,0.007));
#10043=CARTESIAN_POINT('',(0.,0.,0.007));
#10044=CARTESIAN_POINT('',(0.00281097504367937,-0.0243608352088499,0.007));
#10045=CARTESIAN_POINT('',(0.00392243914683458,-0.026285947506168,0.007));
#10046=CARTESIAN_POINT('',(0.00392243914683458,-0.026285947506168,0.0065));
#10047=CARTESIAN_POINT('',(0.00281097504367937,-0.0243608352088499,0.0065));
#10048=CARTESIAN_POINT('',(0.00169951094052416,-0.0224357229115319,0.0065));
#10049=CARTESIAN_POINT('',(0.00169951094052416,-0.0224357229115319,0.007));
#10050=CARTESIAN_POINT('',(9.20452626756831E-19,-0.0075160660804216,0.0065));
#10051=CARTESIAN_POINT('',(-5.90337656593582E-17,-0.0208134928339591,0.0065));
#10052=CARTESIAN_POINT('',(0.00524010716189476,-0.025041325130995,0.0065));
#10053=CARTESIAN_POINT('',(0.00389676566427609,-0.0236979836334584,0.0065));
#10054=CARTESIAN_POINT('',(0.00255342416665743,-0.0223546421359218,0.0065));
#10055=CARTESIAN_POINT('',(0.,0.,0.0065));
#10056=CARTESIAN_POINT('',(0.00389676566427609,-0.0236979836334584,0.0065));
#10057=CARTESIAN_POINT('',(0.00524010716189476,-0.025041325130995,0.0065));
#10058=CARTESIAN_POINT('',(0.00524010716189476,-0.025041325130995,0.006));
#10059=CARTESIAN_POINT('',(0.00389676566427609,-0.0236979836334584,0.006));
#10060=CARTESIAN_POINT('',(0.00255342416665743,-0.0223546421359218,0.006));
#10061=CARTESIAN_POINT('',(0.00255342416665743,-0.0223546421359218,0.0065));
#10062=CARTESIAN_POINT('',(9.20452626756831E-19,-0.0075160660804216,0.006));
#10063=CARTESIAN_POINT('',(-1.04615083320076E-17,-0.0208134928339591,0.006));
#10064=CARTESIAN_POINT('',(0.00611638574945669,-0.0236282955559707,0.006));
#10065=CARTESIAN_POINT('',(0.00488160428044052,-0.022915394142494,0.006));
#10066=CARTESIAN_POINT('',(0.00364682281142434,-0.0222024927290175,0.006));
#10067=CARTESIAN_POINT('',(0.,0.,0.006));
#10068=CARTESIAN_POINT('',(0.00488160428044052,-0.022915394142494,0.006));
#10069=CARTESIAN_POINT('',(0.00488160428044052,-0.022915394142494,0.0055));
#10070=CARTESIAN_POINT('',(0.00364682281142434,-0.0222024927290175,0.0055));
#10071=CARTESIAN_POINT('',(0.00611638574945669,-0.0236282955559707,0.0055));
#10072=CARTESIAN_POINT('',(0.00364682281142434,-0.0222024927290175,0.006));
#10073=CARTESIAN_POINT('',(0.00611638574945669,-0.0236282955559707,0.006));
#10074=CARTESIAN_POINT('',(9.20452626756831E-19,-0.0075160660804216,0.0055));
#10075=CARTESIAN_POINT('',(0.,0.,0.0055));
#10076=CARTESIAN_POINT('',(0.0067,-0.0214792923533342,0.0055));
#10077=CARTESIAN_POINT('',(3.85444298643372E-17,-0.0208134928339591,0.0055));
#10078=CARTESIAN_POINT('',(3.85444298643372E-17,-0.0208134928339591,-2.00000000000027E-6));
#10079=CARTESIAN_POINT('',(-0.0067,-0.0214792923533342,0.0055));
#10080=CARTESIAN_POINT('',(0.0067,-0.0214792923533342,0.0055));
#10081=CARTESIAN_POINT('',(0.,0.,0.0075));
#10082=CARTESIAN_POINT('',(-0.0075160660804216,-1.38067894013525E-18,0.0055));
#10083=CARTESIAN_POINT('',(0.,0.,0.0055));
#10084=CARTESIAN_POINT('',(-0.0222024927290175,0.00364682281142434,0.0055));
#10085=CARTESIAN_POINT('',(-0.0214792923533342,0.0067,0.0055));
#10086=CARTESIAN_POINT('',(-0.0208134928339591,3.21721355197911E-17,0.0055));
#10087=CARTESIAN_POINT('',(-0.0236282955559707,0.00611638574945668,0.0055));
#10088=CARTESIAN_POINT('',(-0.022915394142494,0.00488160428044052,0.0055));
#10089=CARTESIAN_POINT('',(-0.022915394142494,0.00488160428044052,0.006));
#10090=CARTESIAN_POINT('',(-0.0222024927290175,0.00364682281142434,0.006));
#10091=CARTESIAN_POINT('',(-0.0222024927290175,0.00364682281142434,0.006));
#10092=CARTESIAN_POINT('',(-0.0236282955559707,0.00611638574945668,0.006));
#10093=CARTESIAN_POINT('',(-0.0236282955559707,0.00611638574945668,0.006));
#10094=CARTESIAN_POINT('',(-0.022915394142494,0.00488160428044052,0.006));
#10095=CARTESIAN_POINT('',(-0.0075160660804216,-1.38067894013525E-18,0.006));
#10096=CARTESIAN_POINT('',(-0.0236979836334584,0.00389676566427609,0.006));
#10097=CARTESIAN_POINT('',(-0.025041325130995,0.00524010716189475,0.006));
#10098=CARTESIAN_POINT('',(-0.0223546421359218,0.00255342416665742,0.006));
#10099=CARTESIAN_POINT('',(0.,0.,0.006));
#10100=CARTESIAN_POINT('',(-0.0208134928339591,-1.68338026765537E-17,0.006));
#10101=CARTESIAN_POINT('',(-0.0236979836334584,0.00389676566427609,0.0065));
#10102=CARTESIAN_POINT('',(-0.025041325130995,0.00524010716189475,0.0065));
#10103=CARTESIAN_POINT('',(-0.025041325130995,0.00524010716189475,0.0065));
#10104=CARTESIAN_POINT('',(-0.0236979836334584,0.00389676566427609,0.0065));
#10105=CARTESIAN_POINT('',(-0.0223546421359218,0.00255342416665742,0.0065));
#10106=CARTESIAN_POINT('',(-0.0223546421359218,0.00255342416665742,0.0065));
#10107=CARTESIAN_POINT('',(-0.0075160660804216,-1.38067894013525E-18,0.0065));
#10108=CARTESIAN_POINT('',(-0.0243608352088499,0.00281097504367937,0.0065));
#10109=CARTESIAN_POINT('',(-0.026285947506168,0.00392243914683457,0.0065));
#10110=CARTESIAN_POINT('',(-0.0224357229115319,0.00169951094052415,0.0065));
#10111=CARTESIAN_POINT('',(0.,0.,0.0065));
#10112=CARTESIAN_POINT('',(-0.0208134928339591,-6.54060600039043E-17,0.0065));
#10113=CARTESIAN_POINT('',(-0.0243608352088499,0.00281097504367937,0.007));
#10114=CARTESIAN_POINT('',(-0.026285947506168,0.00392243914683457,0.007));
#10115=CARTESIAN_POINT('',(-0.026285947506168,0.00392243914683457,0.007));
#10116=CARTESIAN_POINT('',(-0.0243608352088499,0.00281097504367937,0.007));
#10117=CARTESIAN_POINT('',(-0.0224357229115319,0.00169951094052415,0.007));
#10118=CARTESIAN_POINT('',(-0.0224357229115319,0.00169951094052415,0.007));
#10119=CARTESIAN_POINT('',(-0.0075160660804216,-1.38067894013525E-18,0.007));
#10120=CARTESIAN_POINT('',(-0.0208134928339591,-8.59386616566388E-18,0.007));
#10121=CARTESIAN_POINT('',(-0.0272236147636616,0.00206000627337569,0.007));
#10122=CARTESIAN_POINT('',(-0.0248548603498243,0.00142530044112033,0.007));
#10123=CARTESIAN_POINT('',(-0.0224861059359871,0.000790594608864976,0.007));
#10124=CARTESIAN_POINT('',(0.,0.,0.007));
#10125=CARTESIAN_POINT('',(-0.0248548603498243,0.00142530044112033,0.0075));
#10126=CARTESIAN_POINT('',(-0.0272236147636616,0.00206000627337569,0.0075));
#10127=CARTESIAN_POINT('',(-0.0272236147636616,0.00206000627337569,0.0075));
#10128=CARTESIAN_POINT('',(-0.0248548603498243,0.00142530044112033,0.0075));
#10129=CARTESIAN_POINT('',(-0.0224861059359871,0.000790594608864976,0.0075));
#10130=CARTESIAN_POINT('',(-0.0224861059359871,0.000790594608864976,0.0075));
#10131=CARTESIAN_POINT('',(-0.0075160660804216,-1.38067894013525E-18,0.0075));
#10132=CARTESIAN_POINT('',(0.,0.,0.0075));
#10133=CARTESIAN_POINT('',(-0.0224861059359871,-0.000790594608864985,0.0075));
#10134=CARTESIAN_POINT('',(-0.0208134928339591,1.19321861575389E-17,0.0075));
#10135=CARTESIAN_POINT('',(-0.0272236147636616,-0.0020600062733757,0.0075));
#10136=CARTESIAN_POINT('',(-0.0248548603498243,-0.00142530044112034,0.0075));
#10137=CARTESIAN_POINT('',(-0.0248548603498243,-0.00142530044112034,0.0075));
#10138=CARTESIAN_POINT('',(-0.0272236147636616,-0.0020600062733757,0.0075));
#10139=CARTESIAN_POINT('',(-0.0272236147636616,-0.0020600062733757,0.007));
#10140=CARTESIAN_POINT('',(-0.0248548603498243,-0.00142530044112034,0.007));
#10141=CARTESIAN_POINT('',(-0.0224861059359871,-0.000790594608864985,0.007));
#10142=CARTESIAN_POINT('',(-0.0224861059359871,-0.000790594608864985,0.0075));
#10143=CARTESIAN_POINT('',(-0.0075160660804216,-1.38067894013525E-18,0.007));
#10144=CARTESIAN_POINT('',(-0.0208134928339591,9.47112952208554E-19,0.007));
#10145=CARTESIAN_POINT('',(-0.026285947506168,-0.00392243914683458,0.007));
#10146=CARTESIAN_POINT('',(-0.0243608352088499,-0.00281097504367937,0.007));
#10147=CARTESIAN_POINT('',(-0.0224357229115319,-0.00169951094052416,0.007));
#10148=CARTESIAN_POINT('',(0.,0.,0.007));
#10149=CARTESIAN_POINT('',(-0.0243608352088499,-0.00281097504367937,0.007));
#10150=CARTESIAN_POINT('',(-0.026285947506168,-0.00392243914683458,0.007));
#10151=CARTESIAN_POINT('',(-0.026285947506168,-0.00392243914683458,0.0065));
#10152=CARTESIAN_POINT('',(-0.0243608352088499,-0.00281097504367937,0.0065));
#10153=CARTESIAN_POINT('',(-0.0224357229115319,-0.00169951094052416,0.0065));
#10154=CARTESIAN_POINT('',(-0.0224357229115319,-0.00169951094052416,0.007));
#10155=CARTESIAN_POINT('',(-0.0075160660804216,-1.38067894013525E-18,0.0065));
#10156=CARTESIAN_POINT('',(-0.0208134928339591,5.7759306790449E-17,0.0065));
#10157=CARTESIAN_POINT('',(-0.025041325130995,-0.00524010716189476,0.0065));
#10158=CARTESIAN_POINT('',(-0.0236979836334584,-0.00389676566427609,0.0065));
#10159=CARTESIAN_POINT('',(-0.0223546421359218,-0.00255342416665743,0.0065));
#10160=CARTESIAN_POINT('',(0.,0.,0.0065));
#10161=CARTESIAN_POINT('',(-0.0236979836334584,-0.00389676566427609,0.0065));
#10162=CARTESIAN_POINT('',(-0.025041325130995,-0.00524010716189476,0.0065));
#10163=CARTESIAN_POINT('',(-0.025041325130995,-0.00524010716189476,0.006));
#10164=CARTESIAN_POINT('',(-0.0236979836334584,-0.00389676566427609,0.006));
#10165=CARTESIAN_POINT('',(-0.0223546421359218,-0.00255342416665743,0.006));
#10166=CARTESIAN_POINT('',(-0.0223546421359218,-0.00255342416665743,0.0065));
#10167=CARTESIAN_POINT('',(-0.0075160660804216,-1.38067894013525E-18,0.006));
#10168=CARTESIAN_POINT('',(-0.0208134928339591,9.18704946309838E-18,0.006));
#10169=CARTESIAN_POINT('',(-0.0236282955559707,-0.00611638574945669,0.006));
#10170=CARTESIAN_POINT('',(-0.022915394142494,-0.00488160428044053,0.006));
#10171=CARTESIAN_POINT('',(-0.0222024927290175,-0.00364682281142434,0.006));
#10172=CARTESIAN_POINT('',(0.,0.,0.006));
#10173=CARTESIAN_POINT('',(-0.022915394142494,-0.00488160428044053,0.006));
#10174=CARTESIAN_POINT('',(-0.022915394142494,-0.00488160428044053,0.0055));
#10175=CARTESIAN_POINT('',(-0.0222024927290175,-0.00364682281142434,0.0055));
#10176=CARTESIAN_POINT('',(-0.0236282955559707,-0.00611638574945669,0.0055));
#10177=CARTESIAN_POINT('',(-0.0222024927290175,-0.00364682281142434,0.006));
#10178=CARTESIAN_POINT('',(-0.0236282955559707,-0.00611638574945669,0.006));
#10179=CARTESIAN_POINT('',(-0.0075160660804216,-1.38067894013525E-18,0.0055));
#10180=CARTESIAN_POINT('',(0.,0.,0.0055));
#10181=CARTESIAN_POINT('',(-0.0214792923533342,-0.0067,0.0055));
#10182=CARTESIAN_POINT('',(-0.0208134928339591,-3.98188887332464E-17,0.0055));
#10183=CARTESIAN_POINT('',(-0.0208134928339591,-3.98188887332464E-17,-2.00000000000027E-6));
#10184=CARTESIAN_POINT('',(-0.0214792923533342,0.0067,0.0055));
#10185=CARTESIAN_POINT('',(-0.0214792923533342,-0.0067,0.0055));
#10186=CARTESIAN_POINT('',(0.,0.,0.0075));
#10187=CARTESIAN_POINT('',(0.0208134928339591,3.7269970995428E-17,-2.00000000000027E-6));
#10188=CARTESIAN_POINT('',(0.0214792923533342,-0.0067,0.0055));
#10189=CARTESIAN_POINT('',(0.0214792923533342,-0.0067,0.0055));
#10190=CARTESIAN_POINT('',(0.0214792923533342,0.0067,0.0055));
#10191=CARTESIAN_POINT('',(0.0214792923533342,0.0067,0.0055));
#10192=CARTESIAN_POINT('',(0.0208134928339591,3.7269970995428E-17,0.0055));
#10193=CARTESIAN_POINT('',(0.0236282955559707,0.00611638574945669,0.0055));
#10194=CARTESIAN_POINT('',(0.0236282955559707,0.00611638574945669,0.006));
#10195=CARTESIAN_POINT('',(0.0236282955559707,0.00611638574945669,0.006));
#10196=CARTESIAN_POINT('',(0.0208134928339591,-1.17359672009168E-17,0.006));
#10197=CARTESIAN_POINT('',(0.025041325130995,0.00524010716189476,0.006));
#10198=CARTESIAN_POINT('',(0.025041325130995,0.00524010716189476,0.0065));
#10199=CARTESIAN_POINT('',(0.025041325130995,0.00524010716189476,0.0065));
#10200=CARTESIAN_POINT('',(0.0208134928339591,-6.03082245282674E-17,0.0065));
#10201=CARTESIAN_POINT('',(0.026285947506168,0.00392243914683457,0.0065));
#10202=CARTESIAN_POINT('',(0.026285947506168,0.00392243914683457,0.007));
#10203=CARTESIAN_POINT('',(0.026285947506168,0.00392243914683457,0.007));
#10204=CARTESIAN_POINT('',(0.0208134928339591,-3.496030690027E-18,0.007));
#10205=CARTESIAN_POINT('',(0.0272236147636616,0.0020600062733757,0.007));
#10206=CARTESIAN_POINT('',(0.0272236147636616,0.0020600062733757,0.0075));
#10207=CARTESIAN_POINT('',(0.0272236147636616,0.0020600062733757,0.0075));
#10208=CARTESIAN_POINT('',(0.0208134928339591,-1.44811038953573E-17,0.0075));
#10209=CARTESIAN_POINT('',(0.0272236147636616,-0.00206000627337569,0.0075));
#10210=CARTESIAN_POINT('',(0.0272236147636616,-0.00206000627337569,0.0075));
#10211=CARTESIAN_POINT('',(0.0272236147636616,-0.00206000627337569,0.007));
#10212=CARTESIAN_POINT('',(0.0208134928339591,6.04494842784544E-18,0.007));
#10213=CARTESIAN_POINT('',(0.026285947506168,-0.00392243914683457,0.007));
#10214=CARTESIAN_POINT('',(0.026285947506168,-0.00392243914683457,0.007));
#10215=CARTESIAN_POINT('',(0.026285947506168,-0.00392243914683457,0.0065));
#10216=CARTESIAN_POINT('',(0.0208134928339591,6.28571422660859E-17,0.0065));
#10217=CARTESIAN_POINT('',(0.025041325130995,-0.00524010716189475,0.0065));
#10218=CARTESIAN_POINT('',(0.025041325130995,-0.00524010716189475,0.0065));
#10219=CARTESIAN_POINT('',(0.025041325130995,-0.00524010716189475,0.006));
#10220=CARTESIAN_POINT('',(0.0208134928339591,1.42848849387353E-17,0.006));
#10221=CARTESIAN_POINT('',(0.0236282955559707,-0.00611638574945669,0.006));
#10222=CARTESIAN_POINT('',(0.0236282955559707,-0.00611638574945669,0.006));
#10223=CARTESIAN_POINT('',(0.0236282955559707,-0.00611638574945669,0.0055));
#10224=CARTESIAN_POINT('',(0.0208134928339591,-3.47210532576095E-17,0.0055));
#10225=CARTESIAN_POINT('',(0.0248548603498243,0.00142530044112034,0.0075));
#10226=CARTESIAN_POINT('',(0.0248548603498243,0.00142530044112034,0.007));
#10227=CARTESIAN_POINT('',(0.0224861059359871,0.000790594608864982,0.007));
#10228=CARTESIAN_POINT('',(0.0224861059359871,0.000790594608864982,0.0075));
#10229=CARTESIAN_POINT('',(0.0224861059359871,0.000790594608864982,0.0075));
#10230=CARTESIAN_POINT('',(0.0248548603498243,0.00142530044112034,0.0075));
#10231=CARTESIAN_POINT('',(0.,0.,0.0075));
#10232=CARTESIAN_POINT('',(0.,0.,0.0055));
#10233=CARTESIAN_POINT('',(0.0222024927290175,-0.00364682281142434,0.0055));
#10234=CARTESIAN_POINT('',(0.0222024927290175,-0.00364682281142434,0.006));
#10235=CARTESIAN_POINT('',(0.0222024927290175,-0.00364682281142434,0.006));
#10236=CARTESIAN_POINT('',(0.,0.,0.006));
#10237=CARTESIAN_POINT('',(0.0223546421359218,-0.00255342416665742,0.006));
#10238=CARTESIAN_POINT('',(0.0223546421359218,-0.00255342416665742,0.0065));
#10239=CARTESIAN_POINT('',(0.0223546421359218,-0.00255342416665742,0.0065));
#10240=CARTESIAN_POINT('',(0.,0.,0.0065));
#10241=CARTESIAN_POINT('',(0.0224357229115319,-0.00169951094052415,0.0065));
#10242=CARTESIAN_POINT('',(0.0224357229115319,-0.00169951094052415,0.007));
#10243=CARTESIAN_POINT('',(0.0224357229115319,-0.00169951094052415,0.007));
#10244=CARTESIAN_POINT('',(0.,0.,0.007));
#10245=CARTESIAN_POINT('',(0.0224861059359871,-0.000790594608864979,0.007));
#10246=CARTESIAN_POINT('',(0.0224861059359871,-0.000790594608864979,0.0075));
#10247=CARTESIAN_POINT('',(0.0224861059359871,-0.000790594608864979,0.0075));
#10248=CARTESIAN_POINT('',(0.,0.,0.0075));
#10249=CARTESIAN_POINT('',(0.,0.,0.007));
#10250=CARTESIAN_POINT('',(0.0224357229115319,0.00169951094052416,0.007));
#10251=CARTESIAN_POINT('',(0.0224357229115319,0.00169951094052416,0.007));
#10252=CARTESIAN_POINT('',(0.0224357229115319,0.00169951094052416,0.0065));
#10253=CARTESIAN_POINT('',(0.,0.,0.0065));
#10254=CARTESIAN_POINT('',(0.0223546421359218,0.00255342416665742,0.0065));
#10255=CARTESIAN_POINT('',(0.0223546421359218,0.00255342416665742,0.0065));
#10256=CARTESIAN_POINT('',(0.0223546421359218,0.00255342416665742,0.006));
#10257=CARTESIAN_POINT('',(0.,0.,0.006));
#10258=CARTESIAN_POINT('',(0.0222024927290175,0.00364682281142434,0.006));
#10259=CARTESIAN_POINT('',(0.0222024927290175,0.00364682281142434,0.006));
#10260=CARTESIAN_POINT('',(0.0222024927290175,0.00364682281142434,0.0055));
#10261=CARTESIAN_POINT('',(0.,0.,0.0055));
#10262=CARTESIAN_POINT('',(0.0075160660804216,4.60226313378415E-19,0.0075));
#10263=CARTESIAN_POINT('',(0.0248548603498243,-0.00142530044112034,0.0075));
#10264=CARTESIAN_POINT('',(0.0243608352088499,0.00281097504367937,0.007));
#10265=CARTESIAN_POINT('',(0.0243608352088499,0.00281097504367937,0.0065));
#10266=CARTESIAN_POINT('',(0.0243608352088499,0.00281097504367937,0.007));
#10267=CARTESIAN_POINT('',(0.0075160660804216,4.60226313378415E-19,0.007));
#10268=CARTESIAN_POINT('',(0.0236979836334584,0.00389676566427609,0.0065));
#10269=CARTESIAN_POINT('',(0.0236979836334584,0.00389676566427609,0.006));
#10270=CARTESIAN_POINT('',(0.0236979836334584,0.00389676566427609,0.0065));
#10271=CARTESIAN_POINT('',(0.0075160660804216,4.60226313378415E-19,0.0065));
#10272=CARTESIAN_POINT('',(0.022915394142494,0.00488160428044052,0.006));
#10273=CARTESIAN_POINT('',(0.022915394142494,0.00488160428044052,0.0055));
#10274=CARTESIAN_POINT('',(0.022915394142494,0.00488160428044052,0.006));
#10275=CARTESIAN_POINT('',(0.0075160660804216,4.60226313378415E-19,0.006));
#10276=CARTESIAN_POINT('',(0.0075160660804216,4.60226313378415E-19,0.0055));
#10277=CARTESIAN_POINT('',(0.0248548603498243,-0.00142530044112034,0.0075));
#10278=CARTESIAN_POINT('',(0.0248548603498243,-0.00142530044112034,0.007));
#10279=CARTESIAN_POINT('',(0.0243608352088499,-0.00281097504367937,0.007));
#10280=CARTESIAN_POINT('',(0.0243608352088499,-0.00281097504367937,0.0065));
#10281=CARTESIAN_POINT('',(0.0243608352088499,-0.00281097504367937,0.007));
#10282=CARTESIAN_POINT('',(0.0075160660804216,4.60226313378415E-19,0.007));
#10283=CARTESIAN_POINT('',(0.0236979836334584,-0.00389676566427609,0.0065));
#10284=CARTESIAN_POINT('',(0.0236979836334584,-0.00389676566427609,0.006));
#10285=CARTESIAN_POINT('',(0.0236979836334584,-0.00389676566427609,0.0065));
#10286=CARTESIAN_POINT('',(0.0075160660804216,4.60226313378415E-19,0.0065));
#10287=CARTESIAN_POINT('',(0.022915394142494,-0.00488160428044052,0.006));
#10288=CARTESIAN_POINT('',(0.022915394142494,-0.00488160428044052,0.0055));
#10289=CARTESIAN_POINT('',(0.022915394142494,-0.00488160428044052,0.006));
#10290=CARTESIAN_POINT('',(0.0075160660804216,4.60226313378415E-19,0.006));
#10291=CARTESIAN_POINT('',(0.0075160660804216,4.60226313378415E-19,0.0055));
#10292=CARTESIAN_POINT('',(-0.025625,0.,-0.008));
#10293=CARTESIAN_POINT('',(0.0305,0.,-0.008));
#10294=CARTESIAN_POINT('',(0.0305,-0.0700323879818265,-0.008));
#10295=CARTESIAN_POINT('',(0.0305,-0.0715323879818265,-0.008));
#10296=CARTESIAN_POINT('',(0.0325,-0.0715323879818265,-0.008));
#10297=CARTESIAN_POINT('',(0.0325,-0.0715323879818265,-0.008));
#10298=CARTESIAN_POINT('',(0.0325,0.,-0.008));
#10299=CARTESIAN_POINT('',(0.0325,-0.0725323879818265,-0.008));
#10300=CARTESIAN_POINT('',(0.00768047845628108,-0.0725323879818265,-0.008));
#10301=CARTESIAN_POINT('',(0.00818047845628108,-0.0725323879818265,-0.008));
#10302=CARTESIAN_POINT('',(0.00818047845628109,-2.24901706674807E-18,-0.008));
#10303=CARTESIAN_POINT('',(0.00818047845628109,-0.0212283365393127,-0.008));
#10304=CARTESIAN_POINT('',(0.,0.,-0.008));
#10305=CARTESIAN_POINT('',(-0.0081804784562811,-0.0212283365393127,-0.008));
#10306=CARTESIAN_POINT('',(-0.0081804784562811,-0.0730323879818265,-0.008));
#10307=CARTESIAN_POINT('',(-0.0081804784562811,-0.0725323879818265,-0.008));
#10308=CARTESIAN_POINT('',(-0.033,-0.0725323879818265,-0.008));
#10309=CARTESIAN_POINT('',(-0.0325,-0.0725323879818265,-0.008));
#10310=CARTESIAN_POINT('',(-0.0325,-0.0715323879818265,-0.008));
#10311=CARTESIAN_POINT('',(-0.0325,-0.0715323879818265,-0.008));
#10312=CARTESIAN_POINT('',(-0.031,-0.0715323879818265,-0.008));
#10313=CARTESIAN_POINT('',(-0.0305,-0.0715323879818265,-0.008));
#10314=CARTESIAN_POINT('',(-0.0305,-0.0700323879818265,-0.008));
#10315=CARTESIAN_POINT('',(-0.0305,-0.0700323879818265,-0.008));
#10316=CARTESIAN_POINT('',(-0.029,-0.0700323879818265,-0.008));
#10317=CARTESIAN_POINT('',(-0.0285,-0.0700323879818265,-0.008));
#10318=CARTESIAN_POINT('',(-0.0285,-0.0685323879818265,-0.008));
#10319=CARTESIAN_POINT('',(-0.0285,-0.0685323879818265,-0.008));
#10320=CARTESIAN_POINT('',(-0.0235933978110552,-0.0685323879818265,-0.008));
#10321=CARTESIAN_POINT('',(-0.0230933978110552,-0.0685323879818265,-0.008));
#10322=CARTESIAN_POINT('',(-0.0230933978110552,0.,-0.008));
#10323=CARTESIAN_POINT('',(-0.0230933978110552,-0.0627890204108973,-0.008));
#10324=CARTESIAN_POINT('',(-0.0105,-0.0645671414998326,-0.008));
#10325=CARTESIAN_POINT('',(-0.018,-0.0542955601690731,-0.008));
#10326=CARTESIAN_POINT('',(-0.018,-0.0385323879818266,-0.008));
#10327=CARTESIAN_POINT('',(-0.018,-0.0385323879818266,-0.008));
#10328=CARTESIAN_POINT('',(-0.016,-0.0385323879818266,-0.008));
#10329=CARTESIAN_POINT('',(-0.016,-0.0365323879818266,-0.008));
#10330=CARTESIAN_POINT('',(-0.025625,-0.0365323879818266,-0.008));
#10331=CARTESIAN_POINT('',(-0.014,-0.0365323879818266,-0.008));
#10332=CARTESIAN_POINT('',(-0.014,-0.0325323879818266,-0.008));
#10333=CARTESIAN_POINT('',(-0.014,-0.0325323879818266,-0.008));
#10334=CARTESIAN_POINT('',(-0.012,-0.0325323879818266,-0.008));
#10335=CARTESIAN_POINT('',(-0.012,-0.0305323879818265,-0.008));
#10336=CARTESIAN_POINT('',(-0.025625,-0.0305323879818265,-0.008));
#10337=CARTESIAN_POINT('',(-0.01,-0.0305323879818265,-0.008));
#10338=CARTESIAN_POINT('',(-0.01,-0.0270323879818265,-0.008));
#10339=CARTESIAN_POINT('',(-0.01,-0.026688012290165,-0.008));
#10340=CARTESIAN_POINT('',(0.,0.,-0.008));
#10341=CARTESIAN_POINT('',(0.01,-0.026688012290165,-0.008));
#10342=CARTESIAN_POINT('',(0.01,0.,-0.008));
#10343=CARTESIAN_POINT('',(0.01,-0.0305323879818265,-0.008));
#10344=CARTESIAN_POINT('',(0.012,-0.0305323879818265,-0.008));
#10345=CARTESIAN_POINT('',(0.012,-0.0305323879818265,-0.008));
#10346=CARTESIAN_POINT('',(0.012,-0.0325323879818266,-0.008));
#10347=CARTESIAN_POINT('',(0.014,-0.0325323879818266,-0.008));
#10348=CARTESIAN_POINT('',(0.014,0.,-0.008));
#10349=CARTESIAN_POINT('',(0.014,-0.0365323879818266,-0.008));
#10350=CARTESIAN_POINT('',(0.016,-0.0365323879818266,-0.008));
#10351=CARTESIAN_POINT('',(0.016,-0.0365323879818266,-0.008));
#10352=CARTESIAN_POINT('',(0.016,-0.0385323879818266,-0.008));
#10353=CARTESIAN_POINT('',(0.018,-0.0385323879818266,-0.008));
#10354=CARTESIAN_POINT('',(0.018,8.77418105965081E-18,-0.008));
#10355=CARTESIAN_POINT('',(0.018,-0.0542955601690731,-0.008));
#10356=CARTESIAN_POINT('',(0.0105,-0.0645671414998326,-0.008));
#10357=CARTESIAN_POINT('',(0.0230933978110552,-0.0627890204108973,-0.008));
#10358=CARTESIAN_POINT('',(0.0230933978110552,-0.0680323879818265,-0.008));
#10359=CARTESIAN_POINT('',(0.0230933978110552,-0.0685323879818265,-0.008));
#10360=CARTESIAN_POINT('',(0.0285,-0.0685323879818265,-0.008));
#10361=CARTESIAN_POINT('',(0.0285,-0.0685323879818265,-0.008));
#10362=CARTESIAN_POINT('',(0.0285,0.,-0.008));
#10363=CARTESIAN_POINT('',(0.0285,-0.0700323879818265,-0.008));
#10364=CARTESIAN_POINT('',(0.0305,-0.0700323879818265,-0.008));
#10365=CARTESIAN_POINT('',(-0.01525,-0.0360323879818265,-0.003));
#10366=CARTESIAN_POINT('',(-0.01525,-0.0360323879818265,-0.0075));
#10367=CARTESIAN_POINT('',(-0.016,-0.0360323879818265,-0.0075));
#10368=CARTESIAN_POINT('',(-0.016,-0.0360323879818265,-0.003));
#10369=CARTESIAN_POINT('',(-0.016,-0.0360323879818265,-0.003));
#10370=CARTESIAN_POINT('',(-0.01525,-0.0360323879818265,-0.003));
#10371=CARTESIAN_POINT('',(-0.012,-0.0325323879818266,-0.003));
#10372=CARTESIAN_POINT('',(-0.012,-0.0300323879818265,-0.003));
#10373=CARTESIAN_POINT('',(-0.012,-0.0300323879818265,-0.002));
#10374=CARTESIAN_POINT('',(-0.012,-0.0300323879818265,-0.0075));
#10375=CARTESIAN_POINT('',(-0.012,-0.0325323879818266,-0.0075));
#10376=CARTESIAN_POINT('',(-0.012,-0.0325323879818266,-0.002));
#10377=CARTESIAN_POINT('',(-0.01125,-0.0300323879818265,-0.003));
#10378=CARTESIAN_POINT('',(-0.01125,-0.0300323879818265,-0.0075));
#10379=CARTESIAN_POINT('',(-0.01125,-0.0300323879818265,-0.002));
#10380=CARTESIAN_POINT('',(-0.0165,-0.0730323879818265,-0.003));
#10381=CARTESIAN_POINT('',(-0.018,-0.0730323879818265,-0.00125));
#10382=CARTESIAN_POINT('',(-0.018,-0.0730323879818265,-0.00325));
#10383=CARTESIAN_POINT('',(0.018,-0.0730323879818265,-0.00125));
#10384=CARTESIAN_POINT('',(0.018,-0.0730323879818265,-0.00325));
#10385=CARTESIAN_POINT('',(0.00768047845628109,-0.0730323879818265,-0.003));
#10386=CARTESIAN_POINT('',(0.00768047845628109,-0.0730323879818265,-0.003));
#10387=CARTESIAN_POINT('',(0.00768047845628109,-0.0730323879818265,-0.0075));
#10388=CARTESIAN_POINT('',(0.033,-0.0730323879818265,-0.0075));
#10389=CARTESIAN_POINT('',(0.033,-0.0730323879818265,-0.0075));
#10390=CARTESIAN_POINT('',(0.033,-0.0730323879818265,-0.003));
#10391=CARTESIAN_POINT('',(0.033,-0.0730323879818265,0.002));
#10392=CARTESIAN_POINT('',(-0.0165,-0.0730323879818265,0.002));
#10393=CARTESIAN_POINT('',(-0.033,-0.0730323879818265,0.002));
#10394=CARTESIAN_POINT('',(-0.033,-0.0730323879818265,-0.003));
#10395=CARTESIAN_POINT('',(-0.033,-0.0730323879818265,-0.0075));
#10396=CARTESIAN_POINT('',(-0.0076804784562811,-0.0730323879818265,-0.0075));
#10397=CARTESIAN_POINT('',(-0.0076804784562811,-0.0730323879818265,-0.0075));
#10398=CARTESIAN_POINT('',(-0.0076804784562811,-0.0730323879818265,-0.003));
#10399=CARTESIAN_POINT('',(-0.0076804784562811,-0.0730323879818265,-0.003));
#10400=CARTESIAN_POINT('',(-0.0165,-0.0730323879818265,-0.003));
#10401=CARTESIAN_POINT('',(-0.0185,-0.0557823879818265,-0.003));
#10402=CARTESIAN_POINT('',(-0.0185,-0.0385323879818266,-0.003));
#10403=CARTESIAN_POINT('',(-0.0185,-0.0385323879818266,-0.003));
#10404=CARTESIAN_POINT('',(-0.0185,-0.0385323879818266,-0.0075));
#10405=CARTESIAN_POINT('',(-0.0185,-0.0540446089147777,-0.0075));
#10406=CARTESIAN_POINT('',(-0.0185,-0.0385323879818266,-0.003));
#10407=CARTESIAN_POINT('',(-0.016,-0.0385323879818266,-0.003));
#10408=CARTESIAN_POINT('',(-0.016,-0.0385323879818266,-0.0075));
#10409=CARTESIAN_POINT('',(-0.016,-0.0385323879818266,-0.003));
#10410=CARTESIAN_POINT('',(-0.0175052369931667,-0.0515323879818265,-0.002));
#10411=CARTESIAN_POINT('',(-0.0113925511302642,-0.0654904606157958,-0.001));
#10412=CARTESIAN_POINT('',(-0.0113925511302642,-0.0654904606157958,-0.002));
#10413=CARTESIAN_POINT('',(-0.0117267444838222,-0.0655733161247102,-0.002));
#10414=CARTESIAN_POINT('',(-0.0110583577767059,-0.0654076051068813,-0.002));
#10415=CARTESIAN_POINT('',(-0.0117267444838222,-0.0655733161247102,-0.001));
#10416=CARTESIAN_POINT('',(-0.0110583577767059,-0.0654076051068813,-0.001));
#10417=CARTESIAN_POINT('',(-0.0131138756603691,-0.0595649908990313,-0.001));
#10418=CARTESIAN_POINT('',(-0.0131138756603691,-0.0595649908990313,-0.002));
#10419=CARTESIAN_POINT('',(-0.0145010068369157,-0.0535566656733525,-0.002));
#10420=CARTESIAN_POINT('',(-0.0145010068369157,-0.0535566656733525,-0.001));
#10421=CARTESIAN_POINT('',(-0.0112869248384108,-0.0627859411328349,-0.001));
#10422=CARTESIAN_POINT('',(-0.0112869248384108,-0.0627859411328349,-0.002));
#10423=CARTESIAN_POINT('',(-0.0110583577767059,-0.0530157003119328,-0.002));
#10424=CARTESIAN_POINT('',(-0.0110583577767059,-0.0530157003119328,-0.001));
#10425=CARTESIAN_POINT('',(-0.0137489220267382,-0.0598178935810776,-0.001));
#10426=CARTESIAN_POINT('',(-0.0137489220267382,-0.0598178935810776,-0.002));
#10427=CARTESIAN_POINT('',(-0.0152417806427258,-0.0538303647076103,-0.002));
#10428=CARTESIAN_POINT('',(-0.0122560634107508,-0.0658054224545449,-0.002));
#10429=CARTESIAN_POINT('',(-0.0122560634107508,-0.0658054224545449,-0.001));
#10430=CARTESIAN_POINT('',(-0.0152417806427258,-0.0538303647076103,-0.001));
#10431=CARTESIAN_POINT('',(-0.0124877348231558,-0.0659521554080224,-0.001));
#10432=CARTESIAN_POINT('',(-0.0124877348231558,-0.0659521554080224,-0.002));
#10433=CARTESIAN_POINT('',(-0.0127194062355608,-0.0660988883615,-0.002));
#10434=CARTESIAN_POINT('',(-0.0127194062355608,-0.0660988883615,-0.001));
#10435=CARTESIAN_POINT('',(-0.015323200278023,-0.0607603194335585,-0.001));
#10436=CARTESIAN_POINT('',(-0.015323200278023,-0.0607603194335585,-0.002));
#10437=CARTESIAN_POINT('',(-0.0179269943204852,-0.0554217505056171,-0.002));
#10438=CARTESIAN_POINT('',(-0.0179269943204852,-0.0554217505056171,-0.001));
#10439=CARTESIAN_POINT('',(-0.0166234606797745,-0.0620998142466843,-0.001));
#10440=CARTESIAN_POINT('',(-0.0166234606797745,-0.0620998142466843,-0.002));
#10441=CARTESIAN_POINT('',(-0.0199309144078005,-0.0575474947326342,-0.002));
#10442=CARTESIAN_POINT('',(-0.0133160069517484,-0.0666521337607344,-0.002));
#10443=CARTESIAN_POINT('',(-0.0133160069517484,-0.0666521337607344,-0.001));
#10444=CARTESIAN_POINT('',(-0.0199309144078005,-0.0575474947326342,-0.001));
#10445=CARTESIAN_POINT('',(-0.013415657665449,-0.0667777619080474,-0.001));
#10446=CARTESIAN_POINT('',(-0.013415657665449,-0.0667777619080474,-0.002));
#10447=CARTESIAN_POINT('',(-0.0135153083791495,-0.0669033900553605,-0.002));
#10448=CARTESIAN_POINT('',(-0.0135153083791495,-0.0669033900553605,-0.001));
#10449=CARTESIAN_POINT('',(-0.0173720449249519,-0.0634307688717287,-0.001));
#10450=CARTESIAN_POINT('',(-0.0173720449249519,-0.0634307688717287,-0.002));
#10451=CARTESIAN_POINT('',(-0.0212287814707543,-0.059958147688097,-0.002));
#10452=CARTESIAN_POINT('',(-0.0212287814707543,-0.059958147688097,-0.001));
#10453=CARTESIAN_POINT('',(-0.0176490431797224,-0.0640594638337162,-0.001));
#10454=CARTESIAN_POINT('',(-0.0176490431797224,-0.0640594638337162,-0.002));
#10455=CARTESIAN_POINT('',(-0.0215038070451773,-0.0607671844692087,-0.002));
#10456=CARTESIAN_POINT('',(-0.0137942793142675,-0.0673517431982237,-0.002));
#10457=CARTESIAN_POINT('',(-0.0137942793142675,-0.0673517431982237,-0.001));
#10458=CARTESIAN_POINT('',(-0.0215038070451773,-0.0607671844692087,-0.001));
#10459=CARTESIAN_POINT('',(-0.0138280812353888,-0.0674190464580958,-0.001));
#10460=CARTESIAN_POINT('',(-0.0138280812353888,-0.0674190464580958,-0.002));
#10461=CARTESIAN_POINT('',(-0.01386188315651,-0.067486349717968,-0.002));
#10462=CARTESIAN_POINT('',(-0.01386188315651,-0.067486349717968,-0.001));
#10463=CARTESIAN_POINT('',(-0.0178786504869721,-0.0651202929398384,-0.001));
#10464=CARTESIAN_POINT('',(-0.0178786504869721,-0.0651202929398384,-0.002));
#10465=CARTESIAN_POINT('',(-0.0218954178174342,-0.0627542361617088,-0.002));
#10466=CARTESIAN_POINT('',(-0.0218954178174342,-0.0627542361617088,-0.001));
#10467=CARTESIAN_POINT('',(-0.0179339089679467,-0.0656529086948006,-0.001));
#10468=CARTESIAN_POINT('',(-0.0179339089679467,-0.0656529086948006,-0.002));
#10469=CARTESIAN_POINT('',(-0.0218954178174342,-0.0635636510043503,-0.002));
#10470=CARTESIAN_POINT('',(-0.0139724001184591,-0.0677421663852509,-0.002));
#10471=CARTESIAN_POINT('',(-0.0139724001184591,-0.0677421663852509,-0.001));
#10472=CARTESIAN_POINT('',(-0.0218954178174342,-0.0635636510043503,-0.001));
#10473=CARTESIAN_POINT('',(-0.014049398803327,-0.06799064959753,-0.001));
#10474=CARTESIAN_POINT('',(-0.014049398803327,-0.06799064959753,-0.002));
#10475=CARTESIAN_POINT('',(-0.014126397488195,-0.0682391328098091,-0.002));
#10476=CARTESIAN_POINT('',(-0.014126397488195,-0.0682391328098091,-0.001));
#10477=CARTESIAN_POINT('',(-0.0180109076528146,-0.0672253338494034,-0.001));
#10478=CARTESIAN_POINT('',(-0.0180109076528146,-0.0672253338494034,-0.002));
#10479=CARTESIAN_POINT('',(-0.0218954178174342,-0.0662115348889976,-0.002));
#10480=CARTESIAN_POINT('',(-0.0218954178174342,-0.0662115348889976,-0.001));
#10481=CARTESIAN_POINT('',(-0.0180594670409932,-0.0689854306521754,-0.001));
#10482=CARTESIAN_POINT('',(-0.018,-0.0689854306521754,-0.00125));
#10483=CARTESIAN_POINT('',(-0.0198540496217739,-0.0689854306521754,-0.002));
#10484=CARTESIAN_POINT('',(-0.0180594670409932,-0.0689854306521754,-0.002));
#10485=CARTESIAN_POINT('',(-0.0218954178174342,-0.0689854306521754,-0.002));
#10486=CARTESIAN_POINT('',(-0.0218954178174342,-0.0689854306521754,-0.001));
#10487=CARTESIAN_POINT('',(-0.0218954178174342,-0.0678196129663903,-0.001));
#10488=CARTESIAN_POINT('',(-0.0218954178174342,-0.0678196129663903,-0.002));
#10489=CARTESIAN_POINT('',(-0.0218954178174342,-0.0666537952806052,-0.002));
#10490=CARTESIAN_POINT('',(-0.0218954178174342,-0.0666537952806052,-0.001));
#10491=CARTESIAN_POINT('',(-0.0180342934108267,-0.0675625418246841,-0.001));
#10492=CARTESIAN_POINT('',(-0.018,-0.0675706130535003,-0.00125));
#10493=CARTESIAN_POINT('',(-0.0160379892966447,-0.0680323879818265,-0.00163796133817608));
#10494=CARTESIAN_POINT('',(-0.0160379892966447,-0.0680323879818265,-0.001));
#10495=CARTESIAN_POINT('',(-0.0180342934108267,-0.0675625418246841,-0.002));
#10496=CARTESIAN_POINT('',(-0.0141731690042194,-0.0684712883687629,-0.002));
#10497=CARTESIAN_POINT('',(-0.0141731690042194,-0.0684712883687629,-0.001));
#10498=CARTESIAN_POINT('',(-0.0130489858262106,-0.0605914928224668,-0.001));
#10499=CARTESIAN_POINT('',(-0.0130489858262106,-0.0605914928224668,-0.002));
#10500=CARTESIAN_POINT('',(-0.0143597946458489,-0.0621016243970973,-0.001));
#10501=CARTESIAN_POINT('',(-0.0143597946458489,-0.0621016243970973,-0.002));
#10502=CARTESIAN_POINT('',(-0.0166584150123574,-0.0627542361617088,-0.001));
#10503=CARTESIAN_POINT('',(-0.0166584150123574,-0.0627542361617088,-0.002));
#10504=CARTESIAN_POINT('',(-0.0218954178174342,-0.0648875929466739,-0.001));
#10505=CARTESIAN_POINT('',(-0.0218954178174342,-0.0648875929466739,-0.002));
#10506=CARTESIAN_POINT('',(-0.0141983426343859,-0.0687283595104692,-0.001));
#10507=CARTESIAN_POINT('',(-0.0141983426343859,-0.0687283595104692,-0.002));
#10508=CARTESIAN_POINT('',(-0.0110583577767059,-0.0592116527094071,-0.001));
#10509=CARTESIAN_POINT('',(-0.0110583577767059,-0.0592116527094071,-0.002));
#10510=CARTESIAN_POINT('',(0.,-0.0220161939909133,-0.002));
#10511=CARTESIAN_POINT('',(0.,-0.0220161939909133,-0.002));
#10512=CARTESIAN_POINT('',(0.,-0.0220161939909133,-0.002));
#10513=CARTESIAN_POINT('',(0.,-0.0220161939909133,-0.002));
#10514=CARTESIAN_POINT('',(0.,-0.0220161939909133,-0.002));
#10515=CARTESIAN_POINT('',(0.,-0.0680323879818265,-0.002));
#10516=CARTESIAN_POINT('',(-0.0161459503782261,-0.0680323879818265,-0.002));
#10517=CARTESIAN_POINT('',(-0.0198540496217739,-0.0680323879818265,-0.002));
#10518=CARTESIAN_POINT('',(-0.0161459503782261,-0.0680323879818265,-0.002));
#10519=CARTESIAN_POINT('',(-0.0198540496217739,-0.0680323879818265,-0.002));
#10520=CARTESIAN_POINT('',(0.,-0.0220161939909133,-0.002));
#10521=CARTESIAN_POINT('',(-0.0165,-0.0710323879818265,0.002));
#10522=CARTESIAN_POINT('',(0.033,-0.0710323879818265,0.002));
#10523=CARTESIAN_POINT('',(0.033,-0.0715323879818265,0.002));
#10524=CARTESIAN_POINT('',(-0.033,-0.0715323879818265,0.002));
#10525=CARTESIAN_POINT('',(-0.033,-0.0715323879818265,0.002));
#10526=CARTESIAN_POINT('',(-0.033,-0.0710323879818265,0.002));
#10527=CARTESIAN_POINT('',(-0.033,-0.0710323879818265,-0.003));
#10528=CARTESIAN_POINT('',(-0.033,-0.0715323879818265,-0.003));
#10529=CARTESIAN_POINT('',(-0.033,-0.0715323879818265,-0.0075));
#10530=CARTESIAN_POINT('',(-0.033,-0.0730323879818265,-0.0075));
#10531=CARTESIAN_POINT('',(-0.0155,-0.0695323879818265,-6.50299483586018E-18));
#10532=CARTESIAN_POINT('',(0.0195612494995996,-0.0680323879818265,6.42828549212824E-18));
#10533=CARTESIAN_POINT('',(0.031,-0.0695323879818265,-1.21430643318376E-17));
#10534=CARTESIAN_POINT('',(-0.031,-0.0695323879818265,-0.004));
#10535=CARTESIAN_POINT('',(-0.031,-0.0700323879818265,-0.004));
#10536=CARTESIAN_POINT('',(-0.031,-0.0700323879818265,-0.0075));
#10537=CARTESIAN_POINT('',(-0.031,-0.0710323879818265,-0.0075));
#10538=CARTESIAN_POINT('',(-0.0165,-0.0695323879818265,-0.003));
#10539=CARTESIAN_POINT('',(0.018,-0.0695323879818265,-0.00125));
#10540=CARTESIAN_POINT('',(0.008,-0.0695323879818265,-0.0015));
#10541=CARTESIAN_POINT('',(0.00584138317886997,-0.0695323879818265,-0.0005));
#10542=CARTESIAN_POINT('',(-0.029,-0.0680323879818265,-0.005));
#10543=CARTESIAN_POINT('',(-0.029,-0.0685323879818265,-0.005));
#10544=CARTESIAN_POINT('',(-0.029,-0.0685323879818265,-0.002));
#10545=CARTESIAN_POINT('',(-0.029,-0.0685323879818265,-0.0075));
#10546=CARTESIAN_POINT('',(-0.029,-0.0695323879818265,-0.0075));
#10547=CARTESIAN_POINT('',(-0.029,-0.0680323879818265,-0.002));
#10548=CARTESIAN_POINT('',(-0.0145,-0.0680323879818265,-0.002));
#10549=CARTESIAN_POINT('',(-0.029,-0.0685323879818265,-0.002));
#10550=CARTESIAN_POINT('',(-0.0165,-0.0680323879818265,-0.003));
#10551=CARTESIAN_POINT('',(-0.0285,-0.0680323879818265,-0.0075));
#10552=CARTESIAN_POINT('',(-0.0285,-0.0680323879818265,-0.0075));
#10553=CARTESIAN_POINT('',(-0.0285,-0.0680323879818265,-0.003));
#10554=CARTESIAN_POINT('',(-0.0285,-0.0680323879818265,-0.0025));
#10555=CARTESIAN_POINT('',(-0.0235933978110552,-0.0680323879818265,-0.0025));
#10556=CARTESIAN_POINT('',(-0.0175,-0.0459434359062993,-0.0025));
#10557=CARTESIAN_POINT('',(-0.0175,-0.0385323879818266,-0.0025));
#10558=CARTESIAN_POINT('',(-0.0175,-0.0385323879818266,-0.0025));
#10559=CARTESIAN_POINT('',(-0.0175,-0.0459434359062993,-0.0025));
#10560=CARTESIAN_POINT('',(-0.016,-0.0385323879818266,-0.0025));
#10561=CARTESIAN_POINT('',(-0.016,-0.0370323879818266,-0.0025));
#10562=CARTESIAN_POINT('',(-0.016,-0.0370323879818266,-0.0025));
#10563=CARTESIAN_POINT('',(-0.016,-0.0385323879818266,-0.0025));
#10564=CARTESIAN_POINT('',(-0.01525,-0.0370323879818266,-0.0025));
#10565=CARTESIAN_POINT('',(-0.01525,-0.0370323879818266,-0.0025));
#10566=CARTESIAN_POINT('',(-0.0165,-0.0450384984483021,-0.0025));
#10567=CARTESIAN_POINT('',(-0.0165,-0.0365323879818266,-0.0025));
#10568=CARTESIAN_POINT('',(-0.016,-0.0365323879818266,-0.0025));
#10569=CARTESIAN_POINT('',(-0.016,-0.0385323879818266,-0.0025));
#10570=CARTESIAN_POINT('',(-0.018,-0.0385323879818266,-0.0025));
#10571=CARTESIAN_POINT('',(-0.018,-0.0540446089147777,-0.0025));
#10572=CARTESIAN_POINT('',(-0.01125,-0.0310323879818265,-0.0015));
#10573=CARTESIAN_POINT('',(-0.01,-0.0310323879818265,-0.002));
#10574=CARTESIAN_POINT('',(-0.012,-0.0310323879818265,-0.0015));
#10575=CARTESIAN_POINT('',(-0.0135,-0.04217247193407,-0.0015));
#10576=CARTESIAN_POINT('',(-0.0135,-0.0325323879818266,-0.0015));
#10577=CARTESIAN_POINT('',(-0.012,-0.0325323879818266,-0.0015));
#10578=CARTESIAN_POINT('',(0.01525,-0.0360323879818265,-0.003));
#10579=CARTESIAN_POINT('',(0.016,-0.0360323879818265,-0.003));
#10580=CARTESIAN_POINT('',(0.016,-0.0360323879818265,-0.003));
#10581=CARTESIAN_POINT('',(0.016,-0.0360323879818265,-0.0075));
#10582=CARTESIAN_POINT('',(0.0145,-0.0360323879818265,-0.0075));
#10583=CARTESIAN_POINT('',(0.016,-0.0360323879818265,-0.003));
#10584=CARTESIAN_POINT('',(0.016,-0.0385323879818266,-0.003));
#10585=CARTESIAN_POINT('',(0.016,-0.0385323879818266,-0.0075));
#10586=CARTESIAN_POINT('',(0.016,-0.0385323879818266,-0.003));
#10587=CARTESIAN_POINT('',(0.01125,-0.0300323879818265,-0.003));
#10588=CARTESIAN_POINT('',(0.012,-0.0300323879818265,-0.003));
#10589=CARTESIAN_POINT('',(0.012,-0.0300323879818265,-0.002));
#10590=CARTESIAN_POINT('',(0.012,-0.0300323879818265,-0.0075));
#10591=CARTESIAN_POINT('',(0.0105,-0.0300323879818265,-0.0075));
#10592=CARTESIAN_POINT('',(0.012,-0.0300323879818265,-0.002));
#10593=CARTESIAN_POINT('',(0.012,-0.0325323879818266,-0.003));
#10594=CARTESIAN_POINT('',(0.012,-0.0325323879818266,-0.0075));
#10595=CARTESIAN_POINT('',(0.012,-0.0325323879818266,-0.002));
#10596=CARTESIAN_POINT('',(0.,-0.0220161939909133,-0.003));
#10597=CARTESIAN_POINT('',(0.0105,-0.0645671414998326,-0.003));
#10598=CARTESIAN_POINT('',(0.0175,-0.053354483830772,-0.003));
#10599=CARTESIAN_POINT('',(0.0175,-0.0459434359062993,-0.003));
#10600=CARTESIAN_POINT('',(0.0175,-0.0385323879818266,-0.003));
#10601=CARTESIAN_POINT('',(0.016,-0.0385323879818266,-0.003));
#10602=CARTESIAN_POINT('',(0.016,-0.0370323879818266,-0.003));
#10603=CARTESIAN_POINT('',(0.01525,-0.0370323879818266,-0.003));
#10604=CARTESIAN_POINT('',(0.0105,-0.0645671414998326,-0.008002));
#10605=CARTESIAN_POINT('',(0.0105,-0.0645671414998326,-0.0075));
#10606=CARTESIAN_POINT('',(0.0185,-0.0540446089147777,-0.003));
#10607=CARTESIAN_POINT('',(0.0185,-0.0540446089147777,-0.00285197692186887));
#10608=CARTESIAN_POINT('',(0.018360901580977,-0.0539381200862016,-0.00258306048125925));
#10609=CARTESIAN_POINT('',(0.0181213148967969,-0.0537661713505817,-0.0025));
#10610=CARTESIAN_POINT('',(0.018,-0.0536825794046658,-0.0025));
#10611=CARTESIAN_POINT('',(0.018,-0.0536825794046658,-0.0025));
#10612=CARTESIAN_POINT('',(0.0105,-0.0645671414998326,-0.0025));
#10613=CARTESIAN_POINT('',(0.0175,-0.053354483830772,-0.0025));
#10614=CARTESIAN_POINT('',(0.0175,-0.053354483830772,-0.0025));
#10615=CARTESIAN_POINT('',(0.0145,-0.0519685823757286,-0.002));
#10616=CARTESIAN_POINT('',(0.0145,-0.0519685823757286,-0.00173022146085527));
#10617=CARTESIAN_POINT('',(0.0142598634361234,-0.0518919791962143,-0.0015));
#10618=CARTESIAN_POINT('',(0.014,-0.051820624642136,-0.0015));
#10619=CARTESIAN_POINT('',(0.0202084820520128,-0.0555966862020627,-0.0015));
#10620=CARTESIAN_POINT('',(0.0202084820520128,-0.0555966862020627,-0.002));
#10621=CARTESIAN_POINT('',(0.0105,-0.0645671414998326,-0.002));
#10622=CARTESIAN_POINT('',(0.0175052369931667,-0.0515323879818265,-0.002));
#10623=CARTESIAN_POINT('',(0.0108094424150477,-0.064420801409562,-0.002));
#10624=CARTESIAN_POINT('',(0.0113925511302642,-0.0654904606157958,-0.001));
#10625=CARTESIAN_POINT('',(0.0113925511302642,-0.0654904606157958,-0.002));
#10626=CARTESIAN_POINT('',(0.0117267444838222,-0.0655733161247102,-0.002));
#10627=CARTESIAN_POINT('',(0.0110583577767059,-0.0654076051068813,-0.002));
#10628=CARTESIAN_POINT('',(0.0110583577767059,-0.0654076051068813,-0.001));
#10629=CARTESIAN_POINT('',(0.0117267444838222,-0.0655733161247102,-0.001));
#10630=CARTESIAN_POINT('',(0.0110583577767059,-0.0592116527094071,-0.001));
#10631=CARTESIAN_POINT('',(0.0110583577767059,-0.0592116527094071,-0.002));
#10632=CARTESIAN_POINT('',(0.0110583577767059,-0.0530157003119328,-0.002));
#10633=CARTESIAN_POINT('',(0.0110583577767059,-0.0530157003119328,-0.001));
#10634=CARTESIAN_POINT('',(0.0112869248384108,-0.0627859411328349,-0.001));
#10635=CARTESIAN_POINT('',(0.0112869248384108,-0.0627859411328349,-0.002));
#10636=CARTESIAN_POINT('',(0.0145010068369157,-0.0535566656733525,-0.002));
#10637=CARTESIAN_POINT('',(0.0145010068369157,-0.0535566656733525,-0.001));
#10638=CARTESIAN_POINT('',(0.0137489220267382,-0.0598178935810776,-0.001));
#10639=CARTESIAN_POINT('',(0.0137489220267382,-0.0598178935810776,-0.002));
#10640=CARTESIAN_POINT('',(0.0152417806427258,-0.0538303647076103,-0.002));
#10641=CARTESIAN_POINT('',(0.0122560634107508,-0.0658054224545449,-0.002));
#10642=CARTESIAN_POINT('',(0.0152417806427258,-0.0538303647076103,-0.001));
#10643=CARTESIAN_POINT('',(0.0122560634107508,-0.0658054224545449,-0.001));
#10644=CARTESIAN_POINT('',(0.0130489858262106,-0.0605914928224668,-0.001));
#10645=CARTESIAN_POINT('',(0.0130489858262106,-0.0605914928224668,-0.002));
#10646=CARTESIAN_POINT('',(0.0179269943204852,-0.0554217505056171,-0.002));
#10647=CARTESIAN_POINT('',(0.0179269943204852,-0.0554217505056171,-0.001));
#10648=CARTESIAN_POINT('',(0.015323200278023,-0.0607603194335585,-0.001));
#10649=CARTESIAN_POINT('',(0.015323200278023,-0.0607603194335585,-0.002));
#10650=CARTESIAN_POINT('',(0.0127194062355608,-0.0660988883614999,-0.002));
#10651=CARTESIAN_POINT('',(0.0127194062355608,-0.0660988883615,-0.001));
#10652=CARTESIAN_POINT('',(0.0166234606797745,-0.0620998142466843,-0.001));
#10653=CARTESIAN_POINT('',(0.0166234606797745,-0.0620998142466843,-0.002));
#10654=CARTESIAN_POINT('',(0.0199309144078005,-0.0575474947326342,-0.002));
#10655=CARTESIAN_POINT('',(0.0133160069517484,-0.0666521337607344,-0.002));
#10656=CARTESIAN_POINT('',(0.0199309144078005,-0.0575474947326342,-0.001));
#10657=CARTESIAN_POINT('',(0.0133160069517484,-0.0666521337607344,-0.001));
#10658=CARTESIAN_POINT('',(0.0143597946458489,-0.0621016243970973,-0.001));
#10659=CARTESIAN_POINT('',(0.0143597946458489,-0.0621016243970973,-0.002));
#10660=CARTESIAN_POINT('',(0.0212287814707543,-0.059958147688097,-0.002));
#10661=CARTESIAN_POINT('',(0.0212287814707543,-0.059958147688097,-0.001));
#10662=CARTESIAN_POINT('',(0.0173720449249519,-0.0634307688717287,-0.001));
#10663=CARTESIAN_POINT('',(0.0173720449249519,-0.0634307688717287,-0.002));
#10664=CARTESIAN_POINT('',(0.0135153083791496,-0.0669033900553605,-0.002));
#10665=CARTESIAN_POINT('',(0.0135153083791495,-0.0669033900553605,-0.001));
#10666=CARTESIAN_POINT('',(0.0176490431797224,-0.0640594638337162,-0.001));
#10667=CARTESIAN_POINT('',(0.0176490431797224,-0.0640594638337162,-0.002));
#10668=CARTESIAN_POINT('',(0.0215038070451773,-0.0607671844692087,-0.002));
#10669=CARTESIAN_POINT('',(0.0137942793142675,-0.0673517431982237,-0.002));
#10670=CARTESIAN_POINT('',(0.0215038070451773,-0.0607671844692087,-0.001));
#10671=CARTESIAN_POINT('',(0.0137942793142675,-0.0673517431982237,-0.001));
#10672=CARTESIAN_POINT('',(0.0166584150123574,-0.0627542361617088,-0.001));
#10673=CARTESIAN_POINT('',(0.0166584150123574,-0.0627542361617088,-0.002));
#10674=CARTESIAN_POINT('',(0.0218954178174342,-0.0627542361617088,-0.002));
#10675=CARTESIAN_POINT('',(0.0218954178174342,-0.0627542361617088,-0.001));
#10676=CARTESIAN_POINT('',(0.0178786504869721,-0.0651202929398384,-0.001));
#10677=CARTESIAN_POINT('',(0.0178786504869721,-0.0651202929398384,-0.002));
#10678=CARTESIAN_POINT('',(0.01386188315651,-0.067486349717968,-0.002));
#10679=CARTESIAN_POINT('',(0.01386188315651,-0.067486349717968,-0.001));
#10680=CARTESIAN_POINT('',(0.0179339089679467,-0.0656529086948006,-0.001));
#10681=CARTESIAN_POINT('',(0.0179339089679467,-0.0656529086948006,-0.002));
#10682=CARTESIAN_POINT('',(0.0218954178174342,-0.0635636510043503,-0.002));
#10683=CARTESIAN_POINT('',(0.0139724001184591,-0.0677421663852509,-0.002));
#10684=CARTESIAN_POINT('',(0.0218954178174342,-0.0635636510043503,-0.001));
#10685=CARTESIAN_POINT('',(0.0139724001184591,-0.0677421663852509,-0.001));
#10686=CARTESIAN_POINT('',(0.0218954178174342,-0.0648875929466739,-0.001));
#10687=CARTESIAN_POINT('',(0.0218954178174342,-0.0648875929466739,-0.002));
#10688=CARTESIAN_POINT('',(0.0218954178174342,-0.0662115348889976,-0.002));
#10689=CARTESIAN_POINT('',(0.0218954178174342,-0.0662115348889976,-0.001));
#10690=CARTESIAN_POINT('',(0.0180109076528146,-0.0672253338494034,-0.001));
#10691=CARTESIAN_POINT('',(0.0180109076528146,-0.0672253338494034,-0.002));
#10692=CARTESIAN_POINT('',(0.014126397488195,-0.0682391328098091,-0.002));
#10693=CARTESIAN_POINT('',(0.014126397488195,-0.0682391328098091,-0.001));
#10694=CARTESIAN_POINT('',(0.0180594670409932,-0.0689854306521754,-0.001));
#10695=CARTESIAN_POINT('',(0.018,-0.0689854306521754,-0.00125));
#10696=CARTESIAN_POINT('',(0.0161459503782261,-0.0689854306521754,-0.002));
#10697=CARTESIAN_POINT('',(0.0180594670409932,-0.0689854306521754,-0.002));
#10698=CARTESIAN_POINT('',(0.0142235162645523,-0.0689854306521754,-0.002));
#10699=CARTESIAN_POINT('',(0.0142235162645523,-0.0689854306521754,-0.001));
#10700=CARTESIAN_POINT('',(0.0141983426343859,-0.0687283595104692,-0.001));
#10701=CARTESIAN_POINT('',(0.0141983426343859,-0.0687283595104692,-0.002));
#10702=CARTESIAN_POINT('',(0.0141731690042194,-0.0684712883687629,-0.002));
#10703=CARTESIAN_POINT('',(0.0141731690042194,-0.0684712883687629,-0.001));
#10704=CARTESIAN_POINT('',(0.0180342934108267,-0.0675625418246841,-0.001));
#10705=CARTESIAN_POINT('',(0.018,-0.0675706130535003,-0.00125));
#10706=CARTESIAN_POINT('',(0.0160379892966447,-0.0680323879818265,-0.00163796133817606));
#10707=CARTESIAN_POINT('',(0.0180342934108267,-0.0675625418246841,-0.002));
#10708=CARTESIAN_POINT('',(0.0218954178174342,-0.0666537952806052,-0.002));
#10709=CARTESIAN_POINT('',(0.0218954178174342,-0.0666537952806052,-0.001));
#10710=CARTESIAN_POINT('',(0.0160379892966447,-0.0680323879818265,-0.001));
#10711=CARTESIAN_POINT('',(0.0108094424150477,-0.064420801409562,-0.001));
#10712=CARTESIAN_POINT('',(0.0108094424150477,-0.064420801409562,-0.0015));
#10713=CARTESIAN_POINT('',(0.0124877348231558,-0.0659521554080224,-0.001));
#10714=CARTESIAN_POINT('',(0.0124877348231558,-0.0659521554080224,-0.002));
#10715=CARTESIAN_POINT('',(0.013415657665449,-0.0667777619080474,-0.001));
#10716=CARTESIAN_POINT('',(0.013415657665449,-0.0667777619080474,-0.002));
#10717=CARTESIAN_POINT('',(0.0138280812353888,-0.0674190464580958,-0.001));
#10718=CARTESIAN_POINT('',(0.0138280812353888,-0.0674190464580958,-0.002));
#10719=CARTESIAN_POINT('',(0.014049398803327,-0.06799064959753,-0.001));
#10720=CARTESIAN_POINT('',(0.014049398803327,-0.06799064959753,-0.002));
#10721=CARTESIAN_POINT('',(0.0218954178174342,-0.0678196129663903,-0.001));
#10722=CARTESIAN_POINT('',(0.0218954178174342,-0.0678196129663903,-0.002));
#10723=CARTESIAN_POINT('',(0.0131138756603691,-0.0595649908990313,-0.001));
#10724=CARTESIAN_POINT('',(0.0131138756603691,-0.0595649908990313,-0.002));
#10725=CARTESIAN_POINT('',(0.,-0.0220161939909133,-0.002));
#10726=CARTESIAN_POINT('',(0.,-0.0220161939909133,-0.002));
#10727=CARTESIAN_POINT('',(0.,-0.0680323879818265,-0.002));
#10728=CARTESIAN_POINT('',(0.0198540496217739,-0.0680323879818265,-0.002));
#10729=CARTESIAN_POINT('',(0.0161459503782261,-0.0680323879818265,-0.002));
#10730=CARTESIAN_POINT('',(0.0198540496217739,-0.0680323879818265,-0.002));
#10731=CARTESIAN_POINT('',(0.0161459503782261,-0.0680323879818265,-0.002));
#10732=CARTESIAN_POINT('',(0.,-0.0220161939909133,-0.002));
#10733=CARTESIAN_POINT('',(0.,-0.0220161939909133,-0.002));
#10734=CARTESIAN_POINT('',(0.,-0.0220161939909133,-0.002));
#10735=CARTESIAN_POINT('',(0.,-0.0220161939909133,-0.002));
#10736=CARTESIAN_POINT('',(0.033,-0.0710323879818265,-0.003));
#10737=CARTESIAN_POINT('',(0.033,-0.0710323879818265,-0.0075));
#10738=CARTESIAN_POINT('',(0.033,-0.0715323879818265,-0.0075));
#10739=CARTESIAN_POINT('',(0.033,-0.0715323879818265,0.002));
#10740=CARTESIAN_POINT('',(0.031,-0.0695323879818265,-0.004));
#10741=CARTESIAN_POINT('',(0.031,-0.0695323879818265,-0.0075));
#10742=CARTESIAN_POINT('',(0.031,-0.0700323879818265,-0.0075));
#10743=CARTESIAN_POINT('',(0.031,-0.0700323879818265,-1.21430643318376E-17));
#10744=CARTESIAN_POINT('',(0.029,-0.0680323879818265,-0.005));
#10745=CARTESIAN_POINT('',(0.029,-0.0680323879818265,-0.0075));
#10746=CARTESIAN_POINT('',(0.029,-0.0685323879818265,-0.0075));
#10747=CARTESIAN_POINT('',(0.029,-0.0685323879818265,-0.002));
#10748=CARTESIAN_POINT('',(0.029,-0.0685323879818265,-0.002));
#10749=CARTESIAN_POINT('',(0.029,-0.0680323879818265,-0.002));
#10750=CARTESIAN_POINT('',(0.0145,-0.0680323879818265,-0.002));
#10751=CARTESIAN_POINT('',(0.0145,-0.0685323879818265,-0.002));
#10752=CARTESIAN_POINT('',(0.0165,-0.0680323879818265,-0.003));
#10753=CARTESIAN_POINT('',(0.0285,-0.0680323879818265,-0.008));
#10754=CARTESIAN_POINT('',(0.0285,-0.0680323879818265,-0.0025));
#10755=CARTESIAN_POINT('',(0.0285,-0.0680323879818265,-0.0075));
#10756=CARTESIAN_POINT('',(0.0235933978110552,-0.0680323879818265,-0.0075));
#10757=CARTESIAN_POINT('',(0.0165,-0.0680323879818265,-0.0025));
#10758=CARTESIAN_POINT('',(0.01525,-0.0370323879818266,-0.0025));
#10759=CARTESIAN_POINT('',(0.016,-0.0370323879818266,-0.0025));
#10760=CARTESIAN_POINT('',(0.016,-0.0370323879818266,-0.0025));
#10761=CARTESIAN_POINT('',(0.01525,-0.0370323879818266,-0.0025));
#10762=CARTESIAN_POINT('',(0.016,-0.0385323879818266,-0.0025));
#10763=CARTESIAN_POINT('',(0.0175,-0.0385323879818266,-0.0025));
#10764=CARTESIAN_POINT('',(0.0175,-0.0385323879818266,-0.0025));
#10765=CARTESIAN_POINT('',(0.016,-0.0385323879818266,-0.0025));
#10766=CARTESIAN_POINT('',(0.0175,-0.0459434359062993,-0.0025));
#10767=CARTESIAN_POINT('',(0.0175,-0.0459434359062993,-0.0025));
#10768=CARTESIAN_POINT('',(0.0165,-0.0450384984483021,-0.0025));
#10769=CARTESIAN_POINT('',(0.016,-0.0385323879818266,-0.0025));
#10770=CARTESIAN_POINT('',(0.018,-0.0385323879818266,-0.0025));
#10771=CARTESIAN_POINT('',(0.016,-0.0365323879818266,-0.0025));
#10772=CARTESIAN_POINT('',(0.0145,-0.0365323879818266,-0.0025));
#10773=CARTESIAN_POINT('',(0.018,-0.0450384984483021,-0.0025));
#10774=CARTESIAN_POINT('',(0.01125,-0.0310323879818265,-0.0015));
#10775=CARTESIAN_POINT('',(0.011,-0.0310323879818265,-0.0015));
#10776=CARTESIAN_POINT('',(0.012,-0.0310323879818265,-0.0015));
#10777=CARTESIAN_POINT('',(0.012,-0.0325323879818266,-0.0015));
#10778=CARTESIAN_POINT('',(0.0135,-0.0325323879818266,-0.0015));
#10779=CARTESIAN_POINT('',(0.0135,-0.04217247193407,-0.0015));
#10780=CARTESIAN_POINT('',(0.018,-0.0557823879818265,-0.003));
#10781=CARTESIAN_POINT('',(0.018,-0.0385323879818266,-0.003));
#10782=CARTESIAN_POINT('',(0.016,-0.0385323879818266,-0.003));
#10783=CARTESIAN_POINT('',(0.016,-0.0365323879818266,-0.003));
#10784=CARTESIAN_POINT('',(0.0165,-0.0365323879818266,-0.003));
#10785=CARTESIAN_POINT('',(0.00525,-0.0305323879818265,-0.002));
#10786=CARTESIAN_POINT('',(0.012,-0.0305323879818265,-0.002));
#10787=CARTESIAN_POINT('',(0.012,-0.0325323879818266,-0.002));
#10788=CARTESIAN_POINT('',(0.014,-0.0325323879818266,-0.002));
#10789=CARTESIAN_POINT('',(0.014,-0.0342823879818266,-0.002));
#10790=CARTESIAN_POINT('',(-0.018,-0.0450384984483021,-0.003));
#10791=CARTESIAN_POINT('',(-0.018,-0.0385323879818266,-0.003));
#10792=CARTESIAN_POINT('',(-0.016,-0.0385323879818266,-0.003));
#10793=CARTESIAN_POINT('',(-0.016,-0.0365323879818266,-0.003));
#10794=CARTESIAN_POINT('',(-0.01525,-0.0365323879818266,-0.003));
#10795=CARTESIAN_POINT('',(-0.014,-0.0500323879818265,-0.002));
#10796=CARTESIAN_POINT('',(-0.014,-0.0325323879818266,-0.002));
#10797=CARTESIAN_POINT('',(-0.012,-0.0325323879818266,-0.002));
#10798=CARTESIAN_POINT('',(-0.012,-0.0305323879818265,-0.002));
#10799=CARTESIAN_POINT('',(-0.01,-0.0500323879818265,-0.002));
#10800=CARTESIAN_POINT('',(-0.01,-0.0305323879818265,-0.002));
#10801=CARTESIAN_POINT('',(-0.01125,-0.0305323879818265,-0.002));
#10802=CARTESIAN_POINT('',(0.011,-0.0220161939909133,-0.0015));
#10803=CARTESIAN_POINT('',(0.008,-0.0503793646239251,-0.0015));
#10804=CARTESIAN_POINT('',(0.00584138317886997,-0.0500323879818265,-0.0005));
#10805=CARTESIAN_POINT('',(-0.00484138317886997,-0.0220161939909133,-0.001));
#10806=CARTESIAN_POINT('',(-0.008,-0.0500323879818265,-0.0015));
#10807=CARTESIAN_POINT('',(-0.01,-0.0500323879818265,-0.002));
#10808=CARTESIAN_POINT('',(-0.0145,-0.0685323879818265,-0.0025));
#10809=CARTESIAN_POINT('',(-0.0285,-0.0685323879818265,-0.0025));
#10810=CARTESIAN_POINT('',(-0.0285,-0.0685323879818265,-0.003));
#10811=CARTESIAN_POINT('',(-0.0285,-0.0685323879818265,-0.0075));
#10812=CARTESIAN_POINT('',(0.0165,-0.0685323879818265,-0.0025));
#10813=CARTESIAN_POINT('',(0.0285,-0.0685323879818265,-0.0025));
#10814=CARTESIAN_POINT('',(0.0285,-0.0685323879818265,-0.005));
#10815=CARTESIAN_POINT('',(0.0285,-0.0685323879818265,-0.0075));
#10816=CARTESIAN_POINT('',(0.0305,-0.0700323879818265,-0.004));
#10817=CARTESIAN_POINT('',(0.0305,-0.0700323879818265,-0.0075));
#10818=CARTESIAN_POINT('',(-0.0305,-0.0700323879818265,-0.003));
#10819=CARTESIAN_POINT('',(-0.0305,-0.0700323879818265,-0.0075));
#10820=CARTESIAN_POINT('',(-0.0305,-0.0700323879818265,-0.000500000000000012));
#10821=CARTESIAN_POINT('',(-0.0155,-0.0700323879818265,-0.000500000000000007));
#10822=CARTESIAN_POINT('',(-0.0198540496217739,-0.0695323879818265,-0.000500000000000008));
#10823=CARTESIAN_POINT('',(-0.0197474834844389,-0.0695323879818265,-0.000236561457840221));
#10824=CARTESIAN_POINT('',(-0.0195612494995996,-0.0697471447095443,-7.97435772610057E-18));
#10825=CARTESIAN_POINT('',(-0.0195612494995996,-0.0700323879818265,-7.97435772610057E-18));
#10826=CARTESIAN_POINT('',(-0.0325,-0.0715323879818265,-0.003));
#10827=CARTESIAN_POINT('',(-0.0325,-0.0715323879818265,-0.0075));
#10828=CARTESIAN_POINT('',(-0.0325,-0.0715323879818265,0.0015));
#10829=CARTESIAN_POINT('',(-0.0165,-0.0715323879818265,0.0015));
#10830=CARTESIAN_POINT('',(0.0325,-0.0715323879818265,0.0015));
#10831=CARTESIAN_POINT('',(0.0325,-0.0715323879818265,-0.003));
#10832=CARTESIAN_POINT('',(0.0325,-0.0715323879818265,-0.0075));
#10833=CARTESIAN_POINT('',(0.0230933978110552,-0.0663344822824001,-0.0015));
#10834=CARTESIAN_POINT('',(0.0235933978110552,-0.0627542361617088,-0.0015));
#10835=CARTESIAN_POINT('',(0.0235933978110552,-0.0627542361617088,-0.00123559125250298));
#10836=CARTESIAN_POINT('',(0.0233535009388277,-0.0627697951160499,-0.001));
#10837=CARTESIAN_POINT('',(0.0230933978110552,-0.0627870121106148,-0.001));
#10838=CARTESIAN_POINT('',(0.0108094424150477,-0.064420801409562,-0.0015));
#10839=CARTESIAN_POINT('',(-0.0108094424150477,-0.064420801409562,-0.0015));
#10840=CARTESIAN_POINT('',(-0.0235933978110552,-0.0627542361617088,-0.0015));
#10841=CARTESIAN_POINT('',(-0.0235933978110552,-0.0627542361617088,-0.00123559125250298));
#10842=CARTESIAN_POINT('',(-0.0233535009388275,-0.0627697951160478,-0.00100000000000002));
#10843=CARTESIAN_POINT('',(-0.0230933978110552,-0.0627870121106148,-0.001));
#10844=CARTESIAN_POINT('',(-0.0230933978110552,-0.0515323879818265,-0.0015));
#10845=CARTESIAN_POINT('',(-0.0076804784562811,-0.0469573714949427,-0.003));
#10846=CARTESIAN_POINT('',(-0.0076804784562811,-0.0208823550080589,-0.0075));
#10847=CARTESIAN_POINT('',(-0.0076804784562811,-0.0469573714949427,-0.003));
#10848=CARTESIAN_POINT('',(0.00768047845628109,-0.0469573714949427,-0.003));
#10849=CARTESIAN_POINT('',(0.00768047845628109,-0.0469573714949427,-0.0075));
#10850=CARTESIAN_POINT('',(0.00768047845628109,-0.0469573714949427,-0.003));
#10851=CARTESIAN_POINT('',(0.,-0.0220161939909133,-0.003));
#10852=CARTESIAN_POINT('',(0.018,-0.0680323879818265,-0.00125));
#10853=CARTESIAN_POINT('',(0.018,-0.0680323879818265,-0.00125));
#10854=CARTESIAN_POINT('',(0.00174044214189052,-0.0680323879818265,-0.003));
#10855=CARTESIAN_POINT('',(-0.018,-0.0680323879818265,-0.00125));
#10856=CARTESIAN_POINT('',(-0.018,-0.0680323879818265,-0.00125));
#10857=CARTESIAN_POINT('',(0.00174044214189052,-0.0680323879818265,-0.003));
#10858=CARTESIAN_POINT('',(0.018,-0.0680323879818265,-0.00125));
#10859=CARTESIAN_POINT('',(0.018,-0.0680323879818265,-0.00125));
#10860=CARTESIAN_POINT('',(0.00174044214189052,-0.0680323879818265,-0.003));
#10861=CARTESIAN_POINT('',(-0.018,-0.0680323879818265,-0.00125));
#10862=CARTESIAN_POINT('',(-0.018,-0.0680323879818265,-0.00125));
#10863=CARTESIAN_POINT('',(0.00174044214189052,-0.0680323879818265,-0.003));
#10864=CARTESIAN_POINT('',(-0.025625,-0.0305323879818265,-0.0075));
#10865=CARTESIAN_POINT('',(-0.01,-0.0305323879818265,-0.0075));
#10866=CARTESIAN_POINT('',(-0.012,-0.0305323879818265,-0.0075));
#10867=CARTESIAN_POINT('',(-0.012,-0.0325323879818266,-0.0075));
#10868=CARTESIAN_POINT('',(-0.014,-0.0325323879818266,-0.0075));
#10869=CARTESIAN_POINT('',(-0.01,-0.0285323879818265,-0.0075));
#10870=CARTESIAN_POINT('',(-0.0105,-0.0270323879818265,-0.0075));
#10871=CARTESIAN_POINT('',(-0.0105,-0.0270323879818265,-0.00764686351152927));
#10872=CARTESIAN_POINT('',(-0.0103622727397005,-0.0269382376944112,-0.0079174068837519));
#10873=CARTESIAN_POINT('',(-0.0101188206065178,-0.0267703740928287,-0.008));
#10874=CARTESIAN_POINT('',(-0.01,-0.026688012290165,-0.008));
#10875=CARTESIAN_POINT('',(-0.014,-0.0342823879818266,-0.0075));
#10876=CARTESIAN_POINT('',(-0.014,-0.0365323879818266,-0.0075));
#10877=CARTESIAN_POINT('',(0.,0.,-0.0075));
#10878=CARTESIAN_POINT('',(0.0105,-0.0270323879818265,-0.0075));
#10879=CARTESIAN_POINT('',(0.0105,-0.0270323879818265,-0.00764686351152927));
#10880=CARTESIAN_POINT('',(0.0103622727397005,-0.0269382376944112,-0.0079174068837519));
#10881=CARTESIAN_POINT('',(0.0101188206065178,-0.0267703740928287,-0.008));
#10882=CARTESIAN_POINT('',(0.01,-0.026688012290165,-0.008));
#10883=CARTESIAN_POINT('',(-0.025625,-0.0365323879818266,-0.0075));
#10884=CARTESIAN_POINT('',(-0.016,-0.0365323879818266,-0.0075));
#10885=CARTESIAN_POINT('',(0.01,0.,-0.0075));
#10886=CARTESIAN_POINT('',(0.01,-0.0305323879818265,-0.0075));
#10887=CARTESIAN_POINT('',(-0.016,-0.0385323879818266,-0.0075));
#10888=CARTESIAN_POINT('',(-0.018,-0.0385323879818266,-0.0075));
#10889=CARTESIAN_POINT('',(0.01125,-0.0305323879818265,-0.0075));
#10890=CARTESIAN_POINT('',(0.012,-0.0305323879818265,-0.0075));
#10891=CARTESIAN_POINT('',(-0.018,-0.0557823879818265,-0.0075));
#10892=CARTESIAN_POINT('',(-0.0185,-0.0540446089147777,-0.0075));
#10893=CARTESIAN_POINT('',(-0.0185,-0.0540446089147777,-0.00778033689432653));
#10894=CARTESIAN_POINT('',(-0.0182462142158136,-0.054170488783399,-0.008));
#10895=CARTESIAN_POINT('',(-0.018,-0.0542955601690731,-0.008));
#10896=CARTESIAN_POINT('',(0.012,-0.0325323879818266,-0.0075));
#10897=CARTESIAN_POINT('',(0.014,-0.0325323879818266,-0.0075));
#10898=CARTESIAN_POINT('',(-0.0105,-0.0645671414998326,-0.0075));
#10899=CARTESIAN_POINT('',(-0.0235933978110552,-0.0627542361617088,-0.0075));
#10900=CARTESIAN_POINT('',(-0.0235933978110552,-0.0627542361617088,-0.00776444436536519));
#10901=CARTESIAN_POINT('',(-0.0233534631066644,-0.0627707553955567,-0.008));
#10902=CARTESIAN_POINT('',(-0.0230933978110552,-0.0627890204108973,-0.008));
#10903=CARTESIAN_POINT('',(0.014,0.,-0.0075));
#10904=CARTESIAN_POINT('',(0.014,-0.0365323879818266,-0.0075));
#10905=CARTESIAN_POINT('',(-0.0230933978110552,-0.0663344822824001,-0.0075));
#10906=CARTESIAN_POINT('',(-0.0230933978110552,-0.0685323879818265,-0.0075));
#10907=CARTESIAN_POINT('',(0.01525,-0.0365323879818266,-0.0075));
#10908=CARTESIAN_POINT('',(0.016,-0.0365323879818266,-0.0075));
#10909=CARTESIAN_POINT('',(-0.0165,-0.0685323879818265,-0.0075));
#10910=CARTESIAN_POINT('',(-0.0285,-0.0685323879818265,-0.0075));
#10911=CARTESIAN_POINT('',(0.016,-0.0385323879818266,-0.0075));
#10912=CARTESIAN_POINT('',(0.018,-0.0385323879818266,-0.0075));
#10913=CARTESIAN_POINT('',(-0.0285,-0.0685323879818265,-0.0075));
#10914=CARTESIAN_POINT('',(-0.0285,-0.0685323879818265,-0.0075));
#10915=CARTESIAN_POINT('',(0.018,8.77418105965081E-18,-0.0075));
#10916=CARTESIAN_POINT('',(0.0185,-0.0540446089147777,-0.0075));
#10917=CARTESIAN_POINT('',(0.0185,-0.0540446089147777,-0.00778033689432653));
#10918=CARTESIAN_POINT('',(0.0182462142158136,-0.054170488783399,-0.00799999999999999));
#10919=CARTESIAN_POINT('',(0.018,-0.0542955601690731,-0.008));
#10920=CARTESIAN_POINT('',(-0.0285,-0.0680323879818265,-0.0075));
#10921=CARTESIAN_POINT('',(-0.0285,-0.0700323879818265,-0.0075));
#10922=CARTESIAN_POINT('',(0.0105,-0.0645671414998326,-0.0075));
#10923=CARTESIAN_POINT('',(0.0235933978110552,-0.0627542361617088,-0.0075));
#10924=CARTESIAN_POINT('',(0.0235933978110552,-0.0627542361617088,-0.00776444436536519));
#10925=CARTESIAN_POINT('',(0.0233534631066644,-0.0627707553955567,-0.008));
#10926=CARTESIAN_POINT('',(0.0230933978110552,-0.0627890204108973,-0.008));
#10927=CARTESIAN_POINT('',(-0.0165,-0.0700323879818265,-0.0075));
#10928=CARTESIAN_POINT('',(-0.0305,-0.0700323879818265,-0.0075));
#10929=CARTESIAN_POINT('',(0.0230933978110552,0.,-0.0075));
#10930=CARTESIAN_POINT('',(0.0230933978110552,-0.0685323879818265,-0.0075));
#10931=CARTESIAN_POINT('',(-0.0305,-0.0700323879818265,-0.0075));
#10932=CARTESIAN_POINT('',(-0.0305,-0.0700323879818265,-0.0075));
#10933=CARTESIAN_POINT('',(-0.025625,-0.0685323879818265,-0.0075));
#10934=CARTESIAN_POINT('',(0.0285,-0.0685323879818265,-0.0075));
#10935=CARTESIAN_POINT('',(-0.0305,-0.0695323879818265,-0.0075));
#10936=CARTESIAN_POINT('',(-0.0305,-0.0715323879818265,-0.0075));
#10937=CARTESIAN_POINT('',(0.0285,-0.0685323879818265,-0.0075));
#10938=CARTESIAN_POINT('',(0.0285,-0.0685323879818265,-0.0075));
#10939=CARTESIAN_POINT('',(-0.0165,-0.0715323879818265,-0.0075));
#10940=CARTESIAN_POINT('',(-0.0325,-0.0715323879818265,-0.0075));
#10941=CARTESIAN_POINT('',(0.0285,0.,-0.0075));
#10942=CARTESIAN_POINT('',(0.0285,-0.0700323879818265,-0.0075));
#10943=CARTESIAN_POINT('',(-0.0325,-0.0715323879818265,-0.0075));
#10944=CARTESIAN_POINT('',(-0.0325,-0.0715323879818265,-0.0075));
#10945=CARTESIAN_POINT('',(-0.025625,-0.0700323879818265,-0.0075));
#10946=CARTESIAN_POINT('',(0.0305,-0.0700323879818265,-0.0075));
#10947=CARTESIAN_POINT('',(-0.0325,-0.0710323879818265,-0.0075));
#10948=CARTESIAN_POINT('',(-0.0325,-0.0725323879818265,-0.0075));
#10949=CARTESIAN_POINT('',(0.0305,-0.0700323879818265,-0.0075));
#10950=CARTESIAN_POINT('',(0.0305,-0.0700323879818265,-0.0075));
#10951=CARTESIAN_POINT('',(-0.0165,-0.0725323879818265,-0.0075));
#10952=CARTESIAN_POINT('',(-0.0081804784562811,-0.0725323879818265,-0.0075));
#10953=CARTESIAN_POINT('',(0.0305,0.,-0.0075));
#10954=CARTESIAN_POINT('',(0.0305,-0.0715323879818265,-0.0075));
#10955=CARTESIAN_POINT('',(-0.0081804784562811,-0.0469573714949427,-0.0075));
#10956=CARTESIAN_POINT('',(-0.0076804784562811,-0.0208823550080589,-0.0075));
#10957=CARTESIAN_POINT('',(-0.0076804784562811,-0.0208823550080589,-0.00764694836965177));
#10958=CARTESIAN_POINT('',(-0.00781807918760342,-0.0209784924991829,-0.00791705133384885));
#10959=CARTESIAN_POINT('',(-0.00806122051239542,-0.0211464818729009,-0.008));
#10960=CARTESIAN_POINT('',(-0.0081804784562811,-0.0212283365393127,-0.008));
#10961=CARTESIAN_POINT('',(-0.025625,-0.0715323879818265,-0.0075));
#10962=CARTESIAN_POINT('',(0.0325,-0.0715323879818265,-0.0075));
#10963=CARTESIAN_POINT('',(0.,0.,-0.0075));
#10964=CARTESIAN_POINT('',(0.00768047845628109,-0.0208823550080589,-0.0075));
#10965=CARTESIAN_POINT('',(0.00768047845628109,-0.0208823550080589,-0.00764694836965177));
#10966=CARTESIAN_POINT('',(0.00781807918760341,-0.0209784924991829,-0.00791705133384885));
#10967=CARTESIAN_POINT('',(0.00806122051239541,-0.0211464818729009,-0.008));
#10968=CARTESIAN_POINT('',(0.00818047845628109,-0.0212283365393127,-0.008));
#10969=CARTESIAN_POINT('',(0.0325,-0.0715323879818265,-0.0075));
#10970=CARTESIAN_POINT('',(0.0325,-0.0715323879818265,-0.0075));
#10971=CARTESIAN_POINT('',(0.00818047845628109,-2.24901706674807E-18,-0.0075));
#10972=CARTESIAN_POINT('',(0.00818047845628108,-0.0725323879818265,-0.0075));
#10973=CARTESIAN_POINT('',(0.0325,0.,-0.0075));
#10974=CARTESIAN_POINT('',(0.0325,-0.0725323879818265,-0.0075));
#10975=CARTESIAN_POINT('',(-0.0165,-0.0725323879818265,-0.0075));
#10976=MECHANICAL_DESIGN_GEOMETRIC_PRESENTATION_REPRESENTATION('',(#6289),
#10977);
#10977=(
GEOMETRIC_REPRESENTATION_CONTEXT(3)
GLOBAL_UNCERTAINTY_ASSIGNED_CONTEXT((#10978))
GLOBAL_UNIT_ASSIGNED_CONTEXT((#10981,#10980,#10979))
REPRESENTATION_CONTEXT('Body','TOP_LEVEL_ASSEMBLY_PART')
);
#10978=UNCERTAINTY_MEASURE_WITH_UNIT(LENGTH_MEASURE(2.E-5),#10981,
'DISTANCE_ACCURACY_VALUE','Maximum Tolerance applied to model');
#10979=(
NAMED_UNIT(*)
SI_UNIT($,.STERADIAN.)
SOLID_ANGLE_UNIT()
);
#10980=(
NAMED_UNIT(*)
PLANE_ANGLE_UNIT()
SI_UNIT($,.RADIAN.)
);
#10981=(
LENGTH_UNIT()
NAMED_UNIT(*)
SI_UNIT($,.METRE.)
);
#10982=PRODUCT_DEFINITION_SHAPE('','',#10983);
#10983=PRODUCT_DEFINITION('','',#10985,#10984);
#10984=PRODUCT_DEFINITION_CONTEXT('',#10991,'design');
#10985=PRODUCT_DEFINITION_FORMATION_WITH_SPECIFIED_SOURCE('','',#10987,
 .NOT_KNOWN.);
#10986=PRODUCT_RELATED_PRODUCT_CATEGORY('','',(#10987));
#10987=PRODUCT('Body','Body','Body',(#10989));
#10988=PRODUCT_CATEGORY('','');
#10989=PRODUCT_CONTEXT('',#10991,'mechanical');
#10990=APPLICATION_PROTOCOL_DEFINITION('international standard',
'ap242_managed_model_based_3d_engineering',2020,#10991);
#10991=APPLICATION_CONTEXT('managed model based 3d engineering');
ENDSEC;
END-ISO-10303-21;
