ISO-10303-21;
HEADER;
/* Generated by software containing ST-Developer
 * from STEP Tools, Inc. (www.steptools.com) 
 */
/* OPTION: using custom renumber hook */

FILE_DESCRIPTION(
/* description */ ('STEP AP242 Edition 2',
'CAx-IF Rec.Pracs.---Representation and Presentation of Product Manufa
cturing Information (PMI)---4.0---2014-10-13',
'CAx-IF Rec.Pracs.---3D Tessellated Geometry---0.4---2014-09-14','2;1',
'CAx-IF Rec.Pracs.---User Defined Attributes---1.5---2016-08-15'),
/* implementation_level */ '2;1');

FILE_NAME(
/* name */ 'Part Studio 1 - Body',
/* time_stamp */ '2026-08-09T14:41:32Z',
/* author */ (''),
/* organization */ (''),
/* preprocessor_version */ 'ST-DEVELOPER v20',
/* originating_system */ 'ONSHAPE BY PTC INC, 1.219',
/* authorisation */ '  ');

FILE_SCHEMA (('AP242_MANAGED_MODEL_BASED_3D_ENGINEERING_MIM_LF { 1 0 10303 442 3 1 4 }'));
ENDSEC;

DATA;
#10=SHAPE_REPRESENTATION_RELATIONSHIP('','',#5535,#11);
#11=ADVANCED_BREP_SHAPE_REPRESENTATION('',(#5533),#9575);
#12=ELLIPSE('',#6072,0.000707106781186548,0.0005);
#13=ELLIPSE('',#6081,0.000707106781186548,0.0005);
#14=ELLIPSE('',#6084,0.000707106781186548,0.0005);
#15=ELLIPSE('',#6087,0.000707106781186548,0.0005);
#16=ELLIPSE('',#6089,0.000707106781186547,0.0005);
#17=ELLIPSE('',#6092,0.000707106781186548,0.0005);
#18=ELLIPSE('',#6094,0.000707106781186548,0.0005);
#19=TOROIDAL_SURFACE('',#5678,0.027,0.0005);
#20=TOROIDAL_SURFACE('',#5679,0.027,0.0005);
#21=TOROIDAL_SURFACE('',#5681,0.027,0.0005);
#22=TOROIDAL_SURFACE('',#5682,0.0255,0.0005);
#23=TOROIDAL_SURFACE('',#5683,0.0255,0.0005);
#24=TOROIDAL_SURFACE('',#5685,0.0255,0.0005);
#25=TOROIDAL_SURFACE('',#5686,0.024,0.0005);
#26=TOROIDAL_SURFACE('',#5687,0.024,0.0005);
#27=TOROIDAL_SURFACE('',#5689,0.024,0.0005);
#28=TOROIDAL_SURFACE('',#5690,0.0225,0.0005);
#29=TOROIDAL_SURFACE('',#5692,0.0225,0.0005);
#30=TOROIDAL_SURFACE('',#5694,0.0225,0.0005);
#31=TOROIDAL_SURFACE('',#5696,0.0225,0.0005);
#32=TOROIDAL_SURFACE('',#5728,0.027,0.0005);
#33=TOROIDAL_SURFACE('',#5729,0.0255,0.0005);
#34=TOROIDAL_SURFACE('',#5730,0.024,0.0005);
#35=TOROIDAL_SURFACE('',#5742,0.0285,0.0005);
#36=TOROIDAL_SURFACE('',#5744,0.021,0.0005);
#37=TOROIDAL_SURFACE('',#6054,0.002,0.0005);
#38=TOROIDAL_SURFACE('',#6059,0.002,0.0005);
#39=TOROIDAL_SURFACE('',#6064,0.002,0.0005);
#40=TOROIDAL_SURFACE('',#6069,0.002,0.0005);
#41=TOROIDAL_SURFACE('',#6097,0.0123921276480053,0.0005);
#42=TOROIDAL_SURFACE('',#6098,0.0123921276480053,0.0005);
#43=PLANE('',#5543);
#44=PLANE('',#5546);
#45=PLANE('',#5548);
#46=PLANE('',#5550);
#47=PLANE('',#5551);
#48=PLANE('',#5552);
#49=PLANE('',#5553);
#50=PLANE('',#5555);
#51=PLANE('',#5556);
#52=PLANE('',#5562);
#53=PLANE('',#5564);
#54=PLANE('',#5565);
#55=PLANE('',#5567);
#56=PLANE('',#5568);
#57=PLANE('',#5570);
#58=PLANE('',#5573);
#59=PLANE('',#5577);
#60=PLANE('',#5585);
#61=PLANE('',#5587);
#62=PLANE('',#5588);
#63=PLANE('',#5589);
#64=PLANE('',#5590);
#65=PLANE('',#5591);
#66=PLANE('',#5596);
#67=PLANE('',#5601);
#68=PLANE('',#5612);
#69=PLANE('',#5616);
#70=PLANE('',#5621);
#71=PLANE('',#5634);
#72=PLANE('',#5638);
#73=PLANE('',#5643);
#74=PLANE('',#5656);
#75=PLANE('',#5661);
#76=PLANE('',#5665);
#77=PLANE('',#5699);
#78=PLANE('',#5706);
#79=PLANE('',#5711);
#80=PLANE('',#5716);
#81=PLANE('',#5722);
#82=PLANE('',#5734);
#83=PLANE('',#5738);
#84=PLANE('',#5755);
#85=PLANE('',#5766);
#86=PLANE('',#5767);
#87=PLANE('',#5768);
#88=PLANE('',#5769);
#89=PLANE('',#5770);
#90=PLANE('',#5771);
#91=PLANE('',#5772);
#92=PLANE('',#5773);
#93=PLANE('',#5774);
#94=PLANE('',#5775);
#95=PLANE('',#5776);
#96=PLANE('',#5777);
#97=PLANE('',#5778);
#98=PLANE('',#5779);
#99=PLANE('',#5780);
#100=PLANE('',#5781);
#101=PLANE('',#5782);
#102=PLANE('',#5785);
#103=PLANE('',#5786);
#104=PLANE('',#5789);
#105=PLANE('',#5790);
#106=PLANE('',#5793);
#107=PLANE('',#5794);
#108=PLANE('',#5797);
#109=PLANE('',#5798);
#110=PLANE('',#5801);
#111=PLANE('',#5802);
#112=PLANE('',#5805);
#113=PLANE('',#5806);
#114=PLANE('',#5809);
#115=PLANE('',#5810);
#116=PLANE('',#5813);
#117=PLANE('',#5814);
#118=PLANE('',#5819);
#119=PLANE('',#5822);
#120=PLANE('',#5823);
#121=PLANE('',#5826);
#122=PLANE('',#5827);
#123=PLANE('',#5830);
#124=PLANE('',#5831);
#125=PLANE('',#5834);
#126=PLANE('',#5835);
#127=PLANE('',#5838);
#128=PLANE('',#5839);
#129=PLANE('',#5842);
#130=PLANE('',#5843);
#131=PLANE('',#5846);
#132=PLANE('',#5847);
#133=PLANE('',#5850);
#134=PLANE('',#5851);
#135=PLANE('',#5866);
#136=PLANE('',#5877);
#137=PLANE('',#5878);
#138=PLANE('',#5879);
#139=PLANE('',#5880);
#140=PLANE('',#5881);
#141=PLANE('',#5882);
#142=PLANE('',#5883);
#143=PLANE('',#5884);
#144=PLANE('',#5885);
#145=PLANE('',#5886);
#146=PLANE('',#5887);
#147=PLANE('',#5888);
#148=PLANE('',#5889);
#149=PLANE('',#5890);
#150=PLANE('',#5891);
#151=PLANE('',#5892);
#152=PLANE('',#5893);
#153=PLANE('',#5905);
#154=PLANE('',#5908);
#155=PLANE('',#5909);
#156=PLANE('',#5910);
#157=PLANE('',#5913);
#158=PLANE('',#5914);
#159=PLANE('',#5916);
#160=PLANE('',#5917);
#161=PLANE('',#5918);
#162=PLANE('',#5919);
#163=PLANE('',#5923);
#164=PLANE('',#5924);
#165=PLANE('',#5925);
#166=PLANE('',#5926);
#167=PLANE('',#5927);
#168=PLANE('',#5928);
#169=PLANE('',#5929);
#170=PLANE('',#5930);
#171=PLANE('',#5931);
#172=PLANE('',#5932);
#173=PLANE('',#5933);
#174=PLANE('',#5934);
#175=PLANE('',#5935);
#176=PLANE('',#5936);
#177=PLANE('',#5937);
#178=PLANE('',#5947);
#179=PLANE('',#5948);
#180=PLANE('',#5949);
#181=PLANE('',#5950);
#182=PLANE('',#5952);
#183=PLANE('',#5953);
#184=PLANE('',#5954);
#185=PLANE('',#5955);
#186=PLANE('',#5956);
#187=PLANE('',#5957);
#188=PLANE('',#5959);
#189=PLANE('',#5960);
#190=PLANE('',#5961);
#191=PLANE('',#5962);
#192=PLANE('',#5963);
#193=PLANE('',#5966);
#194=PLANE('',#5967);
#195=PLANE('',#5968);
#196=PLANE('',#5971);
#197=PLANE('',#5972);
#198=PLANE('',#5974);
#199=PLANE('',#5976);
#200=PLANE('',#5978);
#201=PLANE('',#5981);
#202=PLANE('',#5984);
#203=PLANE('',#5987);
#204=PLANE('',#5988);
#205=PLANE('',#5989);
#206=PLANE('',#5994);
#207=PLANE('',#5996);
#208=PLANE('',#5997);
#209=PLANE('',#6001);
#210=PLANE('',#6005);
#211=PLANE('',#6006);
#212=PLANE('',#6010);
#213=PLANE('',#6011);
#214=PLANE('',#6015);
#215=PLANE('',#6016);
#216=PLANE('',#6017);
#217=PLANE('',#6018);
#218=PLANE('',#6019);
#219=PLANE('',#6020);
#220=PLANE('',#6021);
#221=PLANE('',#6024);
#222=PLANE('',#6025);
#223=PLANE('',#6026);
#224=PLANE('',#6027);
#225=PLANE('',#6028);
#226=PLANE('',#6029);
#227=PLANE('',#6030);
#228=PLANE('',#6032);
#229=PLANE('',#6033);
#230=PLANE('',#6034);
#231=PLANE('',#6035);
#232=PLANE('',#6036);
#233=PLANE('',#6037);
#234=PLANE('',#6038);
#235=PLANE('',#6039);
#236=PLANE('',#6040);
#237=PLANE('',#6041);
#238=PLANE('',#6042);
#239=PLANE('',#6045);
#240=PLANE('',#6046);
#241=PLANE('',#6048);
#242=PLANE('',#6051);
#243=B_SPLINE_CURVE_WITH_KNOTS('',3,(#7739,#7740,#7741,#7742),
 .UNSPECIFIED.,.F.,.F.,(4,4),(0.,0.000781101196074467),.UNSPECIFIED.);
#244=B_SPLINE_CURVE_WITH_KNOTS('',3,(#7945,#7946,#7947,#7948),
 .UNSPECIFIED.,.F.,.F.,(4,4),(0.,0.000781523915368412),.UNSPECIFIED.);
#245=B_SPLINE_CURVE_WITH_KNOTS('',3,(#7975,#7976,#7977,#7978,#7979),
 .UNSPECIFIED.,.F.,.F.,(4,1,4),(0.,0.000436283912763318,0.000872567825526636),
 .UNSPECIFIED.);
#246=B_SPLINE_CURVE_WITH_KNOTS('',3,(#7989,#7990,#7991,#7992),
 .UNSPECIFIED.,.F.,.F.,(4,4),(0.,0.000797607487735538),.UNSPECIFIED.);
#247=B_SPLINE_CURVE_WITH_KNOTS('',3,(#8235,#8236,#8237,#8238,#8239,#8240,
#8241,#8242,#8243,#8244),.UNSPECIFIED.,.F.,.F.,(4,1,1,1,1,1,1,4),(1.96281018440038E-7,
0.000147195925179289,0.000294195569340138,0.000588194857661836,0.000882194145983534,
0.00117619343430523,0.00176419201094863,0.00235219058759202),
 .UNSPECIFIED.);
#248=B_SPLINE_CURVE_WITH_KNOTS('',3,(#8245,#8246,#8247,#8248,#8249,#8250,
#8251,#8252,#8253,#8254),.UNSPECIFIED.,.F.,.F.,(4,1,1,1,1,1,1,4),(1.96243980884818E-7,
0.000147195890456565,0.000294195536932245,0.000588194829883605,0.000882194122834965,
0.00117619341578632,0.00176419200168904,0.00235219058759176),
 .UNSPECIFIED.);
#249=B_SPLINE_CURVE_WITH_KNOTS('',3,(#8256,#8257,#8258,#8259,#8260,#8261,
#8262,#8263,#8264,#8265),.UNSPECIFIED.,.F.,.F.,(4,1,1,1,1,1,1,4),(1.96281019573019E-7,
0.000147195925180357,0.000294195569341141,0.000588194857662708,0.000882194145984276,
0.00117619343430584,0.00176419201094898,0.00235219058759211),
 .UNSPECIFIED.);
#250=B_SPLINE_CURVE_WITH_KNOTS('',3,(#8267,#8268,#8269,#8270,#8271,#8272,
#8273,#8274,#8275,#8276),.UNSPECIFIED.,.F.,.F.,(4,1,1,1,1,1,1,4),(1.96281018440251E-7,
0.000147195925179289,0.000294195569340137,0.000588194857661834,0.000882194145983531,
0.00117619343430523,0.00176419201094862,0.00235219058759202),
 .UNSPECIFIED.);
#251=B_SPLINE_CURVE_WITH_KNOTS('',3,(#8280,#8281,#8282,#8283,#8284,#8285,
#8286,#8287,#8288,#8289),.UNSPECIFIED.,.F.,.F.,(4,1,1,1,1,1,1,4),(1.96281019573911E-7,
0.000147195925180358,0.000294195569341141,0.000588194857662708,0.000882194145984276,
0.00117619343430584,0.00176419201094898,0.00235219058759211),
 .UNSPECIFIED.);
#252=B_SPLINE_CURVE_WITH_KNOTS('',3,(#8290,#8291,#8292,#8293,#8294,#8295,
#8296,#8297,#8298,#8299),.UNSPECIFIED.,.F.,.F.,(4,1,1,1,1,1,1,4),(1.9628101844091E-7,
0.00014719592517929,0.000294195569340139,0.000588194857661836,0.000882194145983534,
0.00117619343430523,0.00176419201094863,0.00235219058759202),
 .UNSPECIFIED.);
#253=B_SPLINE_CURVE_WITH_KNOTS('',3,(#8301,#8302,#8303,#8304,#8305),
 .UNSPECIFIED.,.F.,.F.,(4,1,4),(1.9579779946325E-7,0.000523509332420283,
0.0010468228670411),.UNSPECIFIED.);
#254=B_SPLINE_CURVE_WITH_KNOTS('',3,(#8306,#8307,#8308,#8309,#8310),
 .UNSPECIFIED.,.F.,.F.,(4,1,4),(1.95792951557211E-7,0.000523509329996374,
0.00104682286704119),.UNSPECIFIED.);
#255=B_SPLINE_CURVE_WITH_KNOTS('',3,(#8312,#8313,#8314,#8315,#8316),
 .UNSPECIFIED.,.F.,.F.,(4,1,4),(1.9579780199319E-7,0.000523509332421592,
0.00104682286704119),.UNSPECIFIED.);
#256=B_SPLINE_CURVE_WITH_KNOTS('',3,(#8318,#8319,#8320,#8321,#8322),
 .UNSPECIFIED.,.F.,.F.,(4,1,4),(1.95797799464948E-7,0.000523509332420287,
0.00104682286704111),.UNSPECIFIED.);
#257=B_SPLINE_CURVE_WITH_KNOTS('',3,(#8326,#8327,#8328,#8329,#8330),
 .UNSPECIFIED.,.F.,.F.,(4,1,4),(1.95797802003582E-7,0.000523509332421603,
0.0010468228670412),.UNSPECIFIED.);
#258=B_SPLINE_CURVE_WITH_KNOTS('',3,(#8331,#8332,#8333,#8334,#8335),
 .UNSPECIFIED.,.F.,.F.,(4,1,4),(1.95797799464948E-7,0.000523509332420289,
0.00104682286704111),.UNSPECIFIED.);
#259=B_SPLINE_CURVE_WITH_KNOTS('',3,(#8337,#8338,#8339,#8340,#8341),
 .UNSPECIFIED.,.F.,.F.,(4,1,4),(1.96711203913944E-7,0.000444252090681893,
0.000888307470159872),.UNSPECIFIED.);
#260=B_SPLINE_CURVE_WITH_KNOTS('',3,(#8342,#8343,#8344,#8345,#8346),
 .UNSPECIFIED.,.F.,.F.,(4,1,4),(1.96711203913944E-7,0.000444252090681895,
0.000888307470159877),.UNSPECIFIED.);
#261=B_SPLINE_CURVE_WITH_KNOTS('',3,(#8348,#8349,#8350,#8351,#8352),
 .UNSPECIFIED.,.F.,.F.,(4,1,4),(1.96711203899373E-7,0.000444252090681869,
0.000888307470159839),.UNSPECIFIED.);
#262=B_SPLINE_CURVE_WITH_KNOTS('',3,(#8354,#8355,#8356,#8357,#8358),
 .UNSPECIFIED.,.F.,.F.,(4,1,4),(1.96711203913944E-7,0.000444252090681894,
0.000888307470159873),.UNSPECIFIED.);
#263=B_SPLINE_CURVE_WITH_KNOTS('',3,(#8362,#8363,#8364,#8365,#8366),
 .UNSPECIFIED.,.F.,.F.,(4,1,4),(1.96711203900226E-7,0.000444252090681871,
0.000888307470159841),.UNSPECIFIED.);
#264=B_SPLINE_CURVE_WITH_KNOTS('',3,(#8367,#8368,#8369,#8370,#8371),
 .UNSPECIFIED.,.F.,.F.,(4,1,4),(1.96711203913517E-7,0.00044425209068189,
0.000888307470159867),.UNSPECIFIED.);
#265=B_SPLINE_CURVE_WITH_KNOTS('',3,(#8373,#8374,#8375,#8376),
 .UNSPECIFIED.,.F.,.F.,(4,4),(1.96998668303931E-7,0.000821534429494536),
 .UNSPECIFIED.);
#266=B_SPLINE_CURVE_WITH_KNOTS('',3,(#8378,#8379,#8380,#8381),
 .UNSPECIFIED.,.F.,.F.,(4,4),(1.96998668303931E-7,0.000821534429494536),
 .UNSPECIFIED.);
#267=B_SPLINE_CURVE_WITH_KNOTS('',3,(#8385,#8386,#8387,#8388),
 .UNSPECIFIED.,.F.,.F.,(4,4),(1.96998668303931E-7,0.000821534429494538),
 .UNSPECIFIED.);
#268=B_SPLINE_CURVE_WITH_KNOTS('',3,(#8392,#8393,#8394,#8395),
 .UNSPECIFIED.,.F.,.F.,(4,4),(1.96998668303931E-7,0.000821534429494536),
 .UNSPECIFIED.);
#269=B_SPLINE_CURVE_WITH_KNOTS('',3,(#8397,#8398,#8399,#8400),
 .UNSPECIFIED.,.F.,.F.,(4,4),(1.96998668303931E-7,0.000821534429494537),
 .UNSPECIFIED.);
#270=B_SPLINE_CURVE_WITH_KNOTS('',3,(#8402,#8403,#8404,#8405),
 .UNSPECIFIED.,.F.,.F.,(4,4),(1.96998668303931E-7,0.000821534429494538),
 .UNSPECIFIED.);
#271=B_SPLINE_CURVE_WITH_KNOTS('',3,(#8409,#8410,#8411,#8412),
 .UNSPECIFIED.,.F.,.F.,(4,4),(1.96998668303931E-7,0.000821534429494539),
 .UNSPECIFIED.);
#272=B_SPLINE_CURVE_WITH_KNOTS('',3,(#8417,#8418,#8419,#8420),
 .UNSPECIFIED.,.F.,.F.,(4,4),(1.96998668303931E-7,0.000821534429494536),
 .UNSPECIFIED.);
#273=B_SPLINE_CURVE_WITH_KNOTS('',3,(#8471,#8472,#8473,#8474,#8475,#8476,
#8477,#8478,#8479,#8480),.UNSPECIFIED.,.F.,.F.,(4,1,1,1,1,1,1,4),(1.96281019574124E-7,
0.000147195925180358,0.000294195569341143,0.000588194857662711,0.000882194145984279,
0.00117619343430585,0.00176419201094898,0.00235219058759212),
 .UNSPECIFIED.);
#274=B_SPLINE_CURVE_WITH_KNOTS('',3,(#8481,#8482,#8483,#8484,#8485,#8486,
#8487,#8488,#8489,#8490),.UNSPECIFIED.,.F.,.F.,(4,1,1,1,1,1,1,4),(1.96243980884818E-7,
0.000147195890456587,0.000294195536932289,0.000588194829883694,0.000882194122835098,
0.0011761934157865,0.00176419200168931,0.00235219058759212),
 .UNSPECIFIED.);
#275=B_SPLINE_CURVE_WITH_KNOTS('',3,(#8492,#8493,#8494,#8495,#8496),
 .UNSPECIFIED.,.F.,.F.,(4,1,4),(1.9579780199319E-7,0.00052350933242159,
0.00104682286704119),.UNSPECIFIED.);
#276=B_SPLINE_CURVE_WITH_KNOTS('',3,(#8497,#8498,#8499,#8500,#8501),
 .UNSPECIFIED.,.F.,.F.,(4,1,4),(1.95792951557211E-7,0.000523509329996374,
0.00104682286704119),.UNSPECIFIED.);
#277=B_SPLINE_CURVE_WITH_KNOTS('',3,(#8503,#8504,#8505,#8506,#8507),
 .UNSPECIFIED.,.F.,.F.,(4,1,4),(1.96711203913517E-7,0.000444252090681889,
0.000888307470159865),.UNSPECIFIED.);
#278=B_SPLINE_CURVE_WITH_KNOTS('',3,(#8508,#8509,#8510,#8511,#8512),
 .UNSPECIFIED.,.F.,.F.,(4,1,4),(1.96711203899373E-7,0.000444252090681869,
0.000888307470159839),.UNSPECIFIED.);
#279=B_SPLINE_CURVE_WITH_KNOTS('',3,(#9027,#9028,#9029,#9030),
 .UNSPECIFIED.,.F.,.F.,(4,4),(0.,0.000781197374641847),.UNSPECIFIED.);
#280=B_SPLINE_CURVE_WITH_KNOTS('',3,(#9199,#9200,#9201,#9202),
 .UNSPECIFIED.,.F.,.F.,(4,4),(0.,0.000797877604262168),.UNSPECIFIED.);
#281=B_SPLINE_CURVE_WITH_KNOTS('',3,(#9203,#9204,#9205,#9206),
 .UNSPECIFIED.,.F.,.F.,(4,4),(0.,0.000808103159814825),.UNSPECIFIED.);
#282=B_SPLINE_CURVE_WITH_KNOTS('',3,(#9207,#9208,#9209,#9210),
 .UNSPECIFIED.,.F.,.F.,(4,4),(0.,0.000797862384364293),.UNSPECIFIED.);
#283=B_SPLINE_CURVE_WITH_KNOTS('',3,(#9211,#9212,#9213,#9214),
 .UNSPECIFIED.,.F.,.F.,(4,4),(1.01243818276329E-17,0.000787163172761645),
 .UNSPECIFIED.);
#284=B_SPLINE_CURVE_WITH_KNOTS('',3,(#9215,#9216,#9217,#9218),
 .UNSPECIFIED.,.F.,.F.,(4,4),(1.01243818276329E-17,0.000788677455311365),
 .UNSPECIFIED.);
#285=B_SPLINE_CURVE_WITH_KNOTS('',3,(#9294,#9295,#9296,#9297),
 .UNSPECIFIED.,.F.,.F.,(4,4),(0.,0.000781197569980181),.UNSPECIFIED.);
#286=B_SPLINE_CURVE_WITH_KNOTS('',3,(#9312,#9313,#9314,#9315,#9316),
 .UNSPECIFIED.,.F.,.F.,(4,1,4),(1.67958790013977E-18,0.000436955214586845,
0.000873910429173689),.UNSPECIFIED.);
#287=B_SPLINE_CURVE_WITH_KNOTS('',3,(#9321,#9322,#9323,#9324),
 .UNSPECIFIED.,.F.,.F.,(4,4),(0.,0.000797590101817526),.UNSPECIFIED.);
#288=B_SPLINE_CURVE_WITH_KNOTS('',3,(#9563,#9564,#9565,#9566),
 .UNSPECIFIED.,.F.,.F.,(4,4),(0.,0.000781958170560865),.UNSPECIFIED.);
#289=B_SPLINE_CURVE_WITH_KNOTS('',3,(#9569,#9570,#9571,#9572),
 .UNSPECIFIED.,.F.,.F.,(4,4),(0.,0.000781958170560865),.UNSPECIFIED.);
#290=CIRCLE('',#5538,0.0128921276480053);
#291=CIRCLE('',#5539,0.0128921276480053);
#292=CIRCLE('',#5541,0.0128921276480053);
#293=CIRCLE('',#5542,0.0128921276480053);
#294=CIRCLE('',#5544,0.0005);
#295=CIRCLE('',#5545,0.0005);
#296=CIRCLE('',#5547,0.0005);
#297=CIRCLE('',#5549,0.0005);
#298=CIRCLE('',#5554,0.029);
#299=CIRCLE('',#5557,0.029);
#300=CIRCLE('',#5558,0.0015);
#301=CIRCLE('',#5559,0.0128921276480053);
#302=CIRCLE('',#5560,0.013218308969136);
#303=CIRCLE('',#5561,0.002);
#304=CIRCLE('',#5563,0.029);
#305=CIRCLE('',#5566,0.0015);
#306=CIRCLE('',#5569,0.0005);
#307=CIRCLE('',#5571,0.0015);
#308=CIRCLE('',#5572,0.0128921276480053);
#309=CIRCLE('',#5575,0.0128921276480053);
#310=CIRCLE('',#5576,0.0128921276480053);
#311=CIRCLE('',#5578,0.0005);
#312=CIRCLE('',#5580,0.013218308969136);
#313=CIRCLE('',#5581,0.013218308969136);
#314=CIRCLE('',#5582,0.013218308969136);
#315=CIRCLE('',#5583,0.013218308969136);
#316=CIRCLE('',#5584,0.013218308969136);
#317=CIRCLE('',#5586,0.0005);
#318=CIRCLE('',#5592,0.029);
#319=CIRCLE('',#5593,0.002);
#320=CIRCLE('',#5594,0.0128921276480053);
#321=CIRCLE('',#5595,0.0015);
#322=CIRCLE('',#5597,0.029);
#323=CIRCLE('',#5599,0.029);
#324=CIRCLE('',#5600,0.029);
#325=CIRCLE('',#5602,0.0015);
#326=CIRCLE('',#5604,0.023);
#327=CIRCLE('',#5605,0.023);
#328=CIRCLE('',#5607,0.023);
#329=CIRCLE('',#5608,0.023);
#330=CIRCLE('',#5610,0.023);
#331=CIRCLE('',#5611,0.023);
#332=CIRCLE('',#5613,0.006733);
#333=CIRCLE('',#5614,0.024);
#334=CIRCLE('',#5615,0.006733);
#335=CIRCLE('',#5617,0.024);
#336=CIRCLE('',#5618,0.006733);
#337=CIRCLE('',#5619,0.023);
#338=CIRCLE('',#5620,0.006733);
#339=CIRCLE('',#5622,0.024);
#340=CIRCLE('',#5623,0.006733);
#341=CIRCLE('',#5624,0.006733);
#342=CIRCLE('',#5626,0.0245);
#343=CIRCLE('',#5627,0.0245);
#344=CIRCLE('',#5629,0.0245);
#345=CIRCLE('',#5630,0.0245);
#346=CIRCLE('',#5632,0.0245);
#347=CIRCLE('',#5633,0.0245);
#348=CIRCLE('',#5635,0.006733);
#349=CIRCLE('',#5636,0.0255);
#350=CIRCLE('',#5637,0.006733);
#351=CIRCLE('',#5639,0.0255);
#352=CIRCLE('',#5640,0.006733);
#353=CIRCLE('',#5641,0.0245);
#354=CIRCLE('',#5642,0.006733);
#355=CIRCLE('',#5644,0.0255);
#356=CIRCLE('',#5645,0.006733);
#357=CIRCLE('',#5646,0.006733);
#358=CIRCLE('',#5648,0.026);
#359=CIRCLE('',#5649,0.026);
#360=CIRCLE('',#5651,0.026);
#361=CIRCLE('',#5652,0.026);
#362=CIRCLE('',#5654,0.026);
#363=CIRCLE('',#5655,0.026);
#364=CIRCLE('',#5657,0.026);
#365=CIRCLE('',#5658,0.006733);
#366=CIRCLE('',#5659,0.027);
#367=CIRCLE('',#5660,0.006733);
#368=CIRCLE('',#5662,0.027);
#369=CIRCLE('',#5663,0.006733);
#370=CIRCLE('',#5664,0.006733);
#371=CIRCLE('',#5666,0.027);
#372=CIRCLE('',#5667,0.006733);
#373=CIRCLE('',#5668,0.006733);
#374=CIRCLE('',#5670,0.0275);
#375=CIRCLE('',#5671,0.0275);
#376=CIRCLE('',#5673,0.0275);
#377=CIRCLE('',#5674,0.0275);
#378=CIRCLE('',#5676,0.0275);
#379=CIRCLE('',#5677,0.0275);
#380=CIRCLE('',#5680,0.027);
#381=CIRCLE('',#5684,0.0255);
#382=CIRCLE('',#5688,0.0245);
#383=CIRCLE('',#5691,0.0225);
#384=CIRCLE('',#5693,0.0225);
#385=CIRCLE('',#5695,0.0225);
#386=CIRCLE('',#5697,0.0225);
#387=CIRCLE('',#5698,0.023);
#388=CIRCLE('',#5700,0.0215);
#389=CIRCLE('',#5701,0.0225);
#390=CIRCLE('',#5702,0.0225);
#391=CIRCLE('',#5703,0.0225);
#392=CIRCLE('',#5704,0.0225);
#393=CIRCLE('',#5707,0.006733);
#394=CIRCLE('',#5708,0.024);
#395=CIRCLE('',#5709,0.006733);
#396=CIRCLE('',#5712,0.006733);
#397=CIRCLE('',#5713,0.006733);
#398=CIRCLE('',#5715,0.026);
#399=CIRCLE('',#5717,0.006733);
#400=CIRCLE('',#5718,0.006733);
#401=CIRCLE('',#5720,0.0275);
#402=CIRCLE('',#5721,0.0275);
#403=CIRCLE('',#5723,0.0285);
#404=CIRCLE('',#5724,0.006733);
#405=CIRCLE('',#5725,0.006733);
#406=CIRCLE('',#5726,0.006733);
#407=CIRCLE('',#5727,0.006733);
#408=CIRCLE('',#5732,0.02225);
#409=CIRCLE('',#5733,0.02225);
#410=CIRCLE('',#5735,0.02);
#411=CIRCLE('',#5737,0.02);
#412=CIRCLE('',#5739,0.021);
#413=CIRCLE('',#5741,0.0215);
#414=CIRCLE('',#5743,0.029);
#415=CIRCLE('',#5746,0.006733);
#416=CIRCLE('',#5747,0.006733);
#417=CIRCLE('',#5748,0.00673300000000009);
#418=CIRCLE('',#5749,0.006733);
#419=CIRCLE('',#5750,0.006733);
#420=CIRCLE('',#5751,0.006733);
#421=CIRCLE('',#5752,0.00673300000000009);
#422=CIRCLE('',#5753,0.006733);
#423=CIRCLE('',#5754,0.006733);
#424=CIRCLE('',#5757,0.0225);
#425=CIRCLE('',#5758,0.0225);
#426=CIRCLE('',#5759,0.0225);
#427=CIRCLE('',#5760,0.0225);
#428=CIRCLE('',#5761,0.0225);
#429=CIRCLE('',#5762,0.0225);
#430=CIRCLE('',#5763,0.0225);
#431=CIRCLE('',#5764,0.0225);
#432=CIRCLE('',#5765,0.0225);
#433=CIRCLE('',#5783,0.0225);
#434=CIRCLE('',#5784,0.006733);
#435=CIRCLE('',#5787,0.0225);
#436=CIRCLE('',#5788,0.006733);
#437=CIRCLE('',#5791,0.0225);
#438=CIRCLE('',#5792,0.00673300000000009);
#439=CIRCLE('',#5795,0.006733);
#440=CIRCLE('',#5796,0.0225);
#441=CIRCLE('',#5799,0.0225);
#442=CIRCLE('',#5800,0.006733);
#443=CIRCLE('',#5803,0.006733);
#444=CIRCLE('',#5804,0.0225);
#445=CIRCLE('',#5807,0.00673300000000009);
#446=CIRCLE('',#5808,0.0225);
#447=CIRCLE('',#5811,0.006733);
#448=CIRCLE('',#5812,0.0225);
#449=CIRCLE('',#5815,0.0225);
#450=CIRCLE('',#5816,0.006733);
#451=CIRCLE('',#5820,0.0225);
#452=CIRCLE('',#5821,0.006733);
#453=CIRCLE('',#5824,0.0225);
#454=CIRCLE('',#5825,0.006733);
#455=CIRCLE('',#5828,0.0225);
#456=CIRCLE('',#5829,0.00673300000000009);
#457=CIRCLE('',#5832,0.006733);
#458=CIRCLE('',#5833,0.0225);
#459=CIRCLE('',#5836,0.0225);
#460=CIRCLE('',#5837,0.006733);
#461=CIRCLE('',#5840,0.006733);
#462=CIRCLE('',#5841,0.0225);
#463=CIRCLE('',#5844,0.00673300000000009);
#464=CIRCLE('',#5845,0.0225);
#465=CIRCLE('',#5848,0.006733);
#466=CIRCLE('',#5849,0.0225);
#467=CIRCLE('',#5852,0.0225);
#468=CIRCLE('',#5853,0.006733);
#469=CIRCLE('',#5857,0.006733);
#470=CIRCLE('',#5858,0.006733);
#471=CIRCLE('',#5859,0.00673300000000009);
#472=CIRCLE('',#5860,0.006733);
#473=CIRCLE('',#5861,0.006733);
#474=CIRCLE('',#5862,0.006733);
#475=CIRCLE('',#5863,0.00673300000000009);
#476=CIRCLE('',#5864,0.006733);
#477=CIRCLE('',#5865,0.006733);
#478=CIRCLE('',#5868,0.0225);
#479=CIRCLE('',#5869,0.0225);
#480=CIRCLE('',#5870,0.0225);
#481=CIRCLE('',#5871,0.0225);
#482=CIRCLE('',#5872,0.0225);
#483=CIRCLE('',#5873,0.0225);
#484=CIRCLE('',#5874,0.0225);
#485=CIRCLE('',#5875,0.0225);
#486=CIRCLE('',#5876,0.0225);
#487=CIRCLE('',#5894,0.0005);
#488=CIRCLE('',#5895,0.0025);
#489=CIRCLE('',#5896,0.0025);
#490=CIRCLE('',#5897,0.0025);
#491=CIRCLE('',#5898,0.0025);
#492=CIRCLE('',#5899,0.013218308969136);
#493=CIRCLE('',#5900,0.0005);
#494=CIRCLE('',#5901,0.0005);
#495=CIRCLE('',#5902,0.0005);
#496=CIRCLE('',#5903,0.0005);
#497=CIRCLE('',#5904,0.0005);
#498=CIRCLE('',#5907,0.0025);
#499=CIRCLE('',#5912,0.0025);
#500=CIRCLE('',#5915,0.0005);
#501=CIRCLE('',#5921,0.00977291402807335);
#502=CIRCLE('',#5922,0.00977291402807335);
#503=CIRCLE('',#5939,0.0071078268474153);
#504=CIRCLE('',#5940,0.0071078268474153);
#505=CIRCLE('',#5942,0.00719565649560547);
#506=CIRCLE('',#5943,0.00719565649560547);
#507=CIRCLE('',#5945,0.00523700280507674);
#508=CIRCLE('',#5946,0.00523700280507674);
#509=CIRCLE('',#5951,0.0123921276480053);
#510=CIRCLE('',#5964,0.0005);
#511=CIRCLE('',#5965,0.0005);
#512=CIRCLE('',#5970,0.0015);
#513=CIRCLE('',#5973,0.002);
#514=CIRCLE('',#5975,0.0005);
#515=CIRCLE('',#5980,0.0025);
#516=CIRCLE('',#5983,0.0025);
#517=CIRCLE('',#5985,0.013218308969136);
#518=CIRCLE('',#5986,0.0015);
#519=CIRCLE('',#5990,0.0005);
#520=CIRCLE('',#5992,0.013218308969136);
#521=CIRCLE('',#5993,0.013218308969136);
#522=CIRCLE('',#5995,0.0128921276480053);
#523=CIRCLE('',#5999,0.00977291402807335);
#524=CIRCLE('',#6000,0.00977291402807335);
#525=CIRCLE('',#6003,0.0071078268474153);
#526=CIRCLE('',#6004,0.0071078268474153);
#527=CIRCLE('',#6008,0.00719565649560547);
#528=CIRCLE('',#6009,0.00719565649560547);
#529=CIRCLE('',#6013,0.00523700280507674);
#530=CIRCLE('',#6014,0.00523700280507674);
#531=CIRCLE('',#6023,0.0128921276480053);
#532=CIRCLE('',#6031,0.0123921276480053);
#533=CIRCLE('',#6044,0.0015);
#534=CIRCLE('',#6047,0.002);
#535=CIRCLE('',#6049,0.0005);
#536=CIRCLE('',#6053,0.0005);
#537=CIRCLE('',#6055,0.0005);
#538=CIRCLE('',#6058,0.0005);
#539=CIRCLE('',#6060,0.0005);
#540=CIRCLE('',#6063,0.0005);
#541=CIRCLE('',#6065,0.0005);
#542=CIRCLE('',#6068,0.0005);
#543=CIRCLE('',#6070,0.0005);
#544=ORIENTED_EDGE('',*,*,#2160,.F.);
#545=ORIENTED_EDGE('',*,*,#2161,.T.);
#546=ORIENTED_EDGE('',*,*,#2162,.T.);
#547=ORIENTED_EDGE('',*,*,#2163,.T.);
#548=ORIENTED_EDGE('',*,*,#2164,.T.);
#549=ORIENTED_EDGE('',*,*,#2165,.T.);
#550=ORIENTED_EDGE('',*,*,#2166,.T.);
#551=ORIENTED_EDGE('',*,*,#2167,.F.);
#552=ORIENTED_EDGE('',*,*,#2168,.T.);
#553=ORIENTED_EDGE('',*,*,#2169,.T.);
#554=ORIENTED_EDGE('',*,*,#2170,.T.);
#555=ORIENTED_EDGE('',*,*,#2171,.F.);
#556=ORIENTED_EDGE('',*,*,#2172,.T.);
#557=ORIENTED_EDGE('',*,*,#2173,.F.);
#558=ORIENTED_EDGE('',*,*,#2174,.T.);
#559=ORIENTED_EDGE('',*,*,#2175,.T.);
#560=ORIENTED_EDGE('',*,*,#2176,.F.);
#561=ORIENTED_EDGE('',*,*,#2177,.T.);
#562=ORIENTED_EDGE('',*,*,#2178,.T.);
#563=ORIENTED_EDGE('',*,*,#2179,.T.);
#564=ORIENTED_EDGE('',*,*,#2180,.T.);
#565=ORIENTED_EDGE('',*,*,#2181,.F.);
#566=ORIENTED_EDGE('',*,*,#2182,.F.);
#567=ORIENTED_EDGE('',*,*,#2183,.F.);
#568=ORIENTED_EDGE('',*,*,#2184,.T.);
#569=ORIENTED_EDGE('',*,*,#2185,.T.);
#570=ORIENTED_EDGE('',*,*,#2186,.T.);
#571=ORIENTED_EDGE('',*,*,#2187,.F.);
#572=ORIENTED_EDGE('',*,*,#2188,.T.);
#573=ORIENTED_EDGE('',*,*,#2189,.T.);
#574=ORIENTED_EDGE('',*,*,#2190,.T.);
#575=ORIENTED_EDGE('',*,*,#2191,.F.);
#576=ORIENTED_EDGE('',*,*,#2192,.T.);
#577=ORIENTED_EDGE('',*,*,#2193,.F.);
#578=ORIENTED_EDGE('',*,*,#2189,.F.);
#579=ORIENTED_EDGE('',*,*,#2194,.F.);
#580=ORIENTED_EDGE('',*,*,#2187,.T.);
#581=ORIENTED_EDGE('',*,*,#2195,.F.);
#582=ORIENTED_EDGE('',*,*,#2196,.T.);
#583=ORIENTED_EDGE('',*,*,#2184,.F.);
#584=ORIENTED_EDGE('',*,*,#2197,.T.);
#585=ORIENTED_EDGE('',*,*,#2198,.T.);
#586=ORIENTED_EDGE('',*,*,#2199,.T.);
#587=ORIENTED_EDGE('',*,*,#2200,.T.);
#588=ORIENTED_EDGE('',*,*,#2201,.T.);
#589=ORIENTED_EDGE('',*,*,#2202,.T.);
#590=ORIENTED_EDGE('',*,*,#2203,.F.);
#591=ORIENTED_EDGE('',*,*,#2204,.T.);
#592=ORIENTED_EDGE('',*,*,#2205,.T.);
#593=ORIENTED_EDGE('',*,*,#2198,.F.);
#594=ORIENTED_EDGE('',*,*,#2206,.F.);
#595=ORIENTED_EDGE('',*,*,#2207,.T.);
#596=ORIENTED_EDGE('',*,*,#2178,.F.);
#597=ORIENTED_EDGE('',*,*,#2208,.F.);
#598=ORIENTED_EDGE('',*,*,#2209,.T.);
#599=ORIENTED_EDGE('',*,*,#2210,.F.);
#600=ORIENTED_EDGE('',*,*,#2204,.F.);
#601=ORIENTED_EDGE('',*,*,#2211,.F.);
#602=ORIENTED_EDGE('',*,*,#2212,.F.);
#603=ORIENTED_EDGE('',*,*,#2213,.T.);
#604=ORIENTED_EDGE('',*,*,#2214,.T.);
#605=ORIENTED_EDGE('',*,*,#2215,.F.);
#606=ORIENTED_EDGE('',*,*,#2216,.T.);
#607=ORIENTED_EDGE('',*,*,#2217,.F.);
#608=ORIENTED_EDGE('',*,*,#2218,.T.);
#609=ORIENTED_EDGE('',*,*,#2219,.T.);
#610=ORIENTED_EDGE('',*,*,#2220,.F.);
#611=ORIENTED_EDGE('',*,*,#2221,.T.);
#612=ORIENTED_EDGE('',*,*,#2222,.F.);
#613=ORIENTED_EDGE('',*,*,#2223,.T.);
#614=ORIENTED_EDGE('',*,*,#2224,.T.);
#615=ORIENTED_EDGE('',*,*,#2225,.T.);
#616=ORIENTED_EDGE('',*,*,#2226,.F.);
#617=ORIENTED_EDGE('',*,*,#2227,.T.);
#618=ORIENTED_EDGE('',*,*,#2228,.T.);
#619=ORIENTED_EDGE('',*,*,#2229,.F.);
#620=ORIENTED_EDGE('',*,*,#2230,.T.);
#621=ORIENTED_EDGE('',*,*,#2231,.T.);
#622=ORIENTED_EDGE('',*,*,#2232,.F.);
#623=ORIENTED_EDGE('',*,*,#2233,.T.);
#624=ORIENTED_EDGE('',*,*,#2167,.T.);
#625=ORIENTED_EDGE('',*,*,#2234,.T.);
#626=ORIENTED_EDGE('',*,*,#2235,.F.);
#627=ORIENTED_EDGE('',*,*,#2236,.F.);
#628=ORIENTED_EDGE('',*,*,#2237,.T.);
#629=ORIENTED_EDGE('',*,*,#2238,.T.);
#630=ORIENTED_EDGE('',*,*,#2239,.F.);
#631=ORIENTED_EDGE('',*,*,#2240,.F.);
#632=ORIENTED_EDGE('',*,*,#2241,.T.);
#633=ORIENTED_EDGE('',*,*,#2242,.T.);
#634=ORIENTED_EDGE('',*,*,#2243,.F.);
#635=ORIENTED_EDGE('',*,*,#2244,.F.);
#636=ORIENTED_EDGE('',*,*,#2245,.F.);
#637=ORIENTED_EDGE('',*,*,#2246,.T.);
#638=ORIENTED_EDGE('',*,*,#2247,.T.);
#639=ORIENTED_EDGE('',*,*,#2248,.F.);
#640=ORIENTED_EDGE('',*,*,#2249,.F.);
#641=ORIENTED_EDGE('',*,*,#2250,.T.);
#642=ORIENTED_EDGE('',*,*,#2251,.T.);
#643=ORIENTED_EDGE('',*,*,#2252,.F.);
#644=ORIENTED_EDGE('',*,*,#2253,.F.);
#645=ORIENTED_EDGE('',*,*,#2254,.F.);
#646=ORIENTED_EDGE('',*,*,#2255,.T.);
#647=ORIENTED_EDGE('',*,*,#2256,.T.);
#648=ORIENTED_EDGE('',*,*,#2257,.T.);
#649=ORIENTED_EDGE('',*,*,#2258,.T.);
#650=ORIENTED_EDGE('',*,*,#2259,.F.);
#651=ORIENTED_EDGE('',*,*,#2260,.T.);
#652=ORIENTED_EDGE('',*,*,#2261,.F.);
#653=ORIENTED_EDGE('',*,*,#2262,.T.);
#654=ORIENTED_EDGE('',*,*,#2253,.T.);
#655=ORIENTED_EDGE('',*,*,#2263,.T.);
#656=ORIENTED_EDGE('',*,*,#2264,.T.);
#657=ORIENTED_EDGE('',*,*,#2265,.T.);
#658=ORIENTED_EDGE('',*,*,#2266,.T.);
#659=ORIENTED_EDGE('',*,*,#2267,.F.);
#660=ORIENTED_EDGE('',*,*,#2268,.T.);
#661=ORIENTED_EDGE('',*,*,#2269,.T.);
#662=ORIENTED_EDGE('',*,*,#2270,.T.);
#663=ORIENTED_EDGE('',*,*,#2271,.T.);
#664=ORIENTED_EDGE('',*,*,#2272,.F.);
#665=ORIENTED_EDGE('',*,*,#2273,.F.);
#666=ORIENTED_EDGE('',*,*,#2274,.F.);
#667=ORIENTED_EDGE('',*,*,#2275,.T.);
#668=ORIENTED_EDGE('',*,*,#2276,.F.);
#669=ORIENTED_EDGE('',*,*,#2277,.T.);
#670=ORIENTED_EDGE('',*,*,#2278,.T.);
#671=ORIENTED_EDGE('',*,*,#2279,.F.);
#672=ORIENTED_EDGE('',*,*,#2162,.F.);
#673=ORIENTED_EDGE('',*,*,#2280,.F.);
#674=ORIENTED_EDGE('',*,*,#2281,.T.);
#675=ORIENTED_EDGE('',*,*,#2263,.F.);
#676=ORIENTED_EDGE('',*,*,#2282,.F.);
#677=ORIENTED_EDGE('',*,*,#2283,.T.);
#678=ORIENTED_EDGE('',*,*,#2284,.F.);
#679=ORIENTED_EDGE('',*,*,#2285,.T.);
#680=ORIENTED_EDGE('',*,*,#2286,.T.);
#681=ORIENTED_EDGE('',*,*,#2287,.T.);
#682=ORIENTED_EDGE('',*,*,#2286,.F.);
#683=ORIENTED_EDGE('',*,*,#2288,.T.);
#684=ORIENTED_EDGE('',*,*,#2289,.T.);
#685=ORIENTED_EDGE('',*,*,#2290,.F.);
#686=ORIENTED_EDGE('',*,*,#2289,.F.);
#687=ORIENTED_EDGE('',*,*,#2291,.T.);
#688=ORIENTED_EDGE('',*,*,#2292,.T.);
#689=ORIENTED_EDGE('',*,*,#2284,.T.);
#690=ORIENTED_EDGE('',*,*,#2293,.T.);
#691=ORIENTED_EDGE('',*,*,#2294,.T.);
#692=ORIENTED_EDGE('',*,*,#2175,.F.);
#693=ORIENTED_EDGE('',*,*,#2295,.F.);
#694=ORIENTED_EDGE('',*,*,#2296,.F.);
#695=ORIENTED_EDGE('',*,*,#2174,.F.);
#696=ORIENTED_EDGE('',*,*,#2297,.F.);
#697=ORIENTED_EDGE('',*,*,#2298,.T.);
#698=ORIENTED_EDGE('',*,*,#2295,.T.);
#699=ORIENTED_EDGE('',*,*,#2299,.T.);
#700=ORIENTED_EDGE('',*,*,#2261,.T.);
#701=ORIENTED_EDGE('',*,*,#2300,.T.);
#702=ORIENTED_EDGE('',*,*,#2297,.T.);
#703=ORIENTED_EDGE('',*,*,#2173,.T.);
#704=ORIENTED_EDGE('',*,*,#2301,.F.);
#705=ORIENTED_EDGE('',*,*,#2302,.T.);
#706=ORIENTED_EDGE('',*,*,#2303,.T.);
#707=ORIENTED_EDGE('',*,*,#2304,.T.);
#708=ORIENTED_EDGE('',*,*,#2305,.T.);
#709=ORIENTED_EDGE('',*,*,#2306,.T.);
#710=ORIENTED_EDGE('',*,*,#2280,.T.);
#711=ORIENTED_EDGE('',*,*,#2307,.F.);
#712=ORIENTED_EDGE('',*,*,#2308,.T.);
#713=ORIENTED_EDGE('',*,*,#2309,.F.);
#714=ORIENTED_EDGE('',*,*,#2310,.F.);
#715=ORIENTED_EDGE('',*,*,#2311,.T.);
#716=ORIENTED_EDGE('',*,*,#2312,.T.);
#717=ORIENTED_EDGE('',*,*,#2171,.T.);
#718=ORIENTED_EDGE('',*,*,#2313,.F.);
#719=ORIENTED_EDGE('',*,*,#2314,.T.);
#720=ORIENTED_EDGE('',*,*,#2182,.T.);
#721=ORIENTED_EDGE('',*,*,#2315,.T.);
#722=ORIENTED_EDGE('',*,*,#2257,.F.);
#723=ORIENTED_EDGE('',*,*,#2271,.F.);
#724=ORIENTED_EDGE('',*,*,#2316,.T.);
#725=ORIENTED_EDGE('',*,*,#2317,.T.);
#726=ORIENTED_EDGE('',*,*,#2318,.F.);
#727=ORIENTED_EDGE('',*,*,#2272,.T.);
#728=ORIENTED_EDGE('',*,*,#2319,.T.);
#729=ORIENTED_EDGE('',*,*,#2320,.T.);
#730=ORIENTED_EDGE('',*,*,#2321,.T.);
#731=ORIENTED_EDGE('',*,*,#2322,.F.);
#732=ORIENTED_EDGE('',*,*,#2323,.T.);
#733=ORIENTED_EDGE('',*,*,#2324,.T.);
#734=ORIENTED_EDGE('',*,*,#2325,.T.);
#735=ORIENTED_EDGE('',*,*,#2326,.F.);
#736=ORIENTED_EDGE('',*,*,#2327,.T.);
#737=ORIENTED_EDGE('',*,*,#2328,.F.);
#738=ORIENTED_EDGE('',*,*,#2329,.T.);
#739=ORIENTED_EDGE('',*,*,#2330,.T.);
#740=ORIENTED_EDGE('',*,*,#2321,.F.);
#741=ORIENTED_EDGE('',*,*,#2331,.T.);
#742=ORIENTED_EDGE('',*,*,#2332,.T.);
#743=ORIENTED_EDGE('',*,*,#2333,.F.);
#744=ORIENTED_EDGE('',*,*,#2334,.T.);
#745=ORIENTED_EDGE('',*,*,#2335,.F.);
#746=ORIENTED_EDGE('',*,*,#2336,.F.);
#747=ORIENTED_EDGE('',*,*,#2337,.T.);
#748=ORIENTED_EDGE('',*,*,#2338,.T.);
#749=ORIENTED_EDGE('',*,*,#2339,.F.);
#750=ORIENTED_EDGE('',*,*,#2327,.F.);
#751=ORIENTED_EDGE('',*,*,#2340,.T.);
#752=ORIENTED_EDGE('',*,*,#2341,.T.);
#753=ORIENTED_EDGE('',*,*,#2342,.T.);
#754=ORIENTED_EDGE('',*,*,#2343,.T.);
#755=ORIENTED_EDGE('',*,*,#2344,.F.);
#756=ORIENTED_EDGE('',*,*,#2345,.T.);
#757=ORIENTED_EDGE('',*,*,#2346,.T.);
#758=ORIENTED_EDGE('',*,*,#2347,.T.);
#759=ORIENTED_EDGE('',*,*,#2348,.F.);
#760=ORIENTED_EDGE('',*,*,#2349,.T.);
#761=ORIENTED_EDGE('',*,*,#2350,.F.);
#762=ORIENTED_EDGE('',*,*,#2351,.T.);
#763=ORIENTED_EDGE('',*,*,#2352,.T.);
#764=ORIENTED_EDGE('',*,*,#2343,.F.);
#765=ORIENTED_EDGE('',*,*,#2353,.T.);
#766=ORIENTED_EDGE('',*,*,#2354,.T.);
#767=ORIENTED_EDGE('',*,*,#2355,.F.);
#768=ORIENTED_EDGE('',*,*,#2356,.T.);
#769=ORIENTED_EDGE('',*,*,#2357,.F.);
#770=ORIENTED_EDGE('',*,*,#2358,.F.);
#771=ORIENTED_EDGE('',*,*,#2359,.T.);
#772=ORIENTED_EDGE('',*,*,#2360,.T.);
#773=ORIENTED_EDGE('',*,*,#2361,.F.);
#774=ORIENTED_EDGE('',*,*,#2349,.F.);
#775=ORIENTED_EDGE('',*,*,#2362,.T.);
#776=ORIENTED_EDGE('',*,*,#2363,.F.);
#777=ORIENTED_EDGE('',*,*,#2364,.T.);
#778=ORIENTED_EDGE('',*,*,#2365,.T.);
#779=ORIENTED_EDGE('',*,*,#2366,.T.);
#780=ORIENTED_EDGE('',*,*,#2367,.T.);
#781=ORIENTED_EDGE('',*,*,#2368,.T.);
#782=ORIENTED_EDGE('',*,*,#2369,.T.);
#783=ORIENTED_EDGE('',*,*,#2370,.F.);
#784=ORIENTED_EDGE('',*,*,#2371,.T.);
#785=ORIENTED_EDGE('',*,*,#2372,.T.);
#786=ORIENTED_EDGE('',*,*,#2373,.T.);
#787=ORIENTED_EDGE('',*,*,#2374,.F.);
#788=ORIENTED_EDGE('',*,*,#2375,.F.);
#789=ORIENTED_EDGE('',*,*,#2376,.T.);
#790=ORIENTED_EDGE('',*,*,#2377,.T.);
#791=ORIENTED_EDGE('',*,*,#2378,.F.);
#792=ORIENTED_EDGE('',*,*,#2379,.T.);
#793=ORIENTED_EDGE('',*,*,#2380,.F.);
#794=ORIENTED_EDGE('',*,*,#2366,.F.);
#795=ORIENTED_EDGE('',*,*,#2381,.T.);
#796=ORIENTED_EDGE('',*,*,#2382,.T.);
#797=ORIENTED_EDGE('',*,*,#2383,.F.);
#798=ORIENTED_EDGE('',*,*,#2373,.F.);
#799=ORIENTED_EDGE('',*,*,#2384,.T.);
#800=ORIENTED_EDGE('',*,*,#2385,.F.);
#801=ORIENTED_EDGE('',*,*,#2386,.T.);
#802=ORIENTED_EDGE('',*,*,#2387,.T.);
#803=ORIENTED_EDGE('',*,*,#2388,.T.);
#804=ORIENTED_EDGE('',*,*,#2389,.T.);
#805=ORIENTED_EDGE('',*,*,#2390,.T.);
#806=ORIENTED_EDGE('',*,*,#2391,.T.);
#807=ORIENTED_EDGE('',*,*,#2392,.F.);
#808=ORIENTED_EDGE('',*,*,#2393,.T.);
#809=ORIENTED_EDGE('',*,*,#2394,.T.);
#810=ORIENTED_EDGE('',*,*,#2395,.T.);
#811=ORIENTED_EDGE('',*,*,#2396,.F.);
#812=ORIENTED_EDGE('',*,*,#2386,.F.);
#813=ORIENTED_EDGE('',*,*,#2397,.T.);
#814=ORIENTED_EDGE('',*,*,#2379,.F.);
#815=ORIENTED_EDGE('',*,*,#2398,.F.);
#816=ORIENTED_EDGE('',*,*,#2399,.F.);
#817=ORIENTED_EDGE('',*,*,#2389,.F.);
#818=ORIENTED_EDGE('',*,*,#2400,.T.);
#819=ORIENTED_EDGE('',*,*,#2401,.F.);
#820=ORIENTED_EDGE('',*,*,#2402,.F.);
#821=ORIENTED_EDGE('',*,*,#2393,.F.);
#822=ORIENTED_EDGE('',*,*,#2403,.T.);
#823=ORIENTED_EDGE('',*,*,#2382,.F.);
#824=ORIENTED_EDGE('',*,*,#2364,.F.);
#825=ORIENTED_EDGE('',*,*,#2404,.T.);
#826=ORIENTED_EDGE('',*,*,#2356,.F.);
#827=ORIENTED_EDGE('',*,*,#2405,.F.);
#828=ORIENTED_EDGE('',*,*,#2406,.F.);
#829=ORIENTED_EDGE('',*,*,#2367,.F.);
#830=ORIENTED_EDGE('',*,*,#2407,.T.);
#831=ORIENTED_EDGE('',*,*,#2408,.F.);
#832=ORIENTED_EDGE('',*,*,#2409,.F.);
#833=ORIENTED_EDGE('',*,*,#2371,.F.);
#834=ORIENTED_EDGE('',*,*,#2410,.T.);
#835=ORIENTED_EDGE('',*,*,#2360,.F.);
#836=ORIENTED_EDGE('',*,*,#2411,.F.);
#837=ORIENTED_EDGE('',*,*,#2341,.F.);
#838=ORIENTED_EDGE('',*,*,#2412,.T.);
#839=ORIENTED_EDGE('',*,*,#2332,.F.);
#840=ORIENTED_EDGE('',*,*,#2413,.T.);
#841=ORIENTED_EDGE('',*,*,#2334,.F.);
#842=ORIENTED_EDGE('',*,*,#2414,.F.);
#843=ORIENTED_EDGE('',*,*,#2415,.F.);
#844=ORIENTED_EDGE('',*,*,#2416,.T.);
#845=ORIENTED_EDGE('',*,*,#2338,.F.);
#846=ORIENTED_EDGE('',*,*,#2417,.F.);
#847=ORIENTED_EDGE('',*,*,#2351,.F.);
#848=ORIENTED_EDGE('',*,*,#2418,.F.);
#849=ORIENTED_EDGE('',*,*,#2319,.F.);
#850=ORIENTED_EDGE('',*,*,#2419,.T.);
#851=ORIENTED_EDGE('',*,*,#2420,.F.);
#852=ORIENTED_EDGE('',*,*,#2421,.T.);
#853=ORIENTED_EDGE('',*,*,#2422,.F.);
#854=ORIENTED_EDGE('',*,*,#2423,.F.);
#855=ORIENTED_EDGE('',*,*,#2329,.F.);
#856=ORIENTED_EDGE('',*,*,#2424,.F.);
#857=ORIENTED_EDGE('',*,*,#2323,.F.);
#858=ORIENTED_EDGE('',*,*,#2425,.T.);
#859=ORIENTED_EDGE('',*,*,#2426,.F.);
#860=ORIENTED_EDGE('',*,*,#2427,.T.);
#861=ORIENTED_EDGE('',*,*,#2428,.F.);
#862=ORIENTED_EDGE('',*,*,#2429,.F.);
#863=ORIENTED_EDGE('',*,*,#2430,.F.);
#864=ORIENTED_EDGE('',*,*,#2431,.F.);
#865=ORIENTED_EDGE('',*,*,#2428,.T.);
#866=ORIENTED_EDGE('',*,*,#2432,.T.);
#867=ORIENTED_EDGE('',*,*,#2426,.T.);
#868=ORIENTED_EDGE('',*,*,#2433,.T.);
#869=ORIENTED_EDGE('',*,*,#2422,.T.);
#870=ORIENTED_EDGE('',*,*,#2434,.T.);
#871=ORIENTED_EDGE('',*,*,#2420,.T.);
#872=ORIENTED_EDGE('',*,*,#2435,.T.);
#873=ORIENTED_EDGE('',*,*,#2336,.T.);
#874=ORIENTED_EDGE('',*,*,#2436,.F.);
#875=ORIENTED_EDGE('',*,*,#2430,.T.);
#876=ORIENTED_EDGE('',*,*,#2437,.T.);
#877=ORIENTED_EDGE('',*,*,#2325,.F.);
#878=ORIENTED_EDGE('',*,*,#2438,.T.);
#879=ORIENTED_EDGE('',*,*,#2439,.T.);
#880=ORIENTED_EDGE('',*,*,#2440,.F.);
#881=ORIENTED_EDGE('',*,*,#2358,.T.);
#882=ORIENTED_EDGE('',*,*,#2441,.F.);
#883=ORIENTED_EDGE('',*,*,#2415,.T.);
#884=ORIENTED_EDGE('',*,*,#2442,.T.);
#885=ORIENTED_EDGE('',*,*,#2347,.F.);
#886=ORIENTED_EDGE('',*,*,#2443,.T.);
#887=ORIENTED_EDGE('',*,*,#2408,.T.);
#888=ORIENTED_EDGE('',*,*,#2444,.F.);
#889=ORIENTED_EDGE('',*,*,#2445,.T.);
#890=ORIENTED_EDGE('',*,*,#2446,.T.);
#891=ORIENTED_EDGE('',*,*,#2375,.T.);
#892=ORIENTED_EDGE('',*,*,#2447,.F.);
#893=ORIENTED_EDGE('',*,*,#2369,.F.);
#894=ORIENTED_EDGE('',*,*,#2448,.T.);
#895=ORIENTED_EDGE('',*,*,#2401,.T.);
#896=ORIENTED_EDGE('',*,*,#2449,.F.);
#897=ORIENTED_EDGE('',*,*,#2450,.T.);
#898=ORIENTED_EDGE('',*,*,#2451,.T.);
#899=ORIENTED_EDGE('',*,*,#2452,.T.);
#900=ORIENTED_EDGE('',*,*,#2453,.F.);
#901=ORIENTED_EDGE('',*,*,#2454,.T.);
#902=ORIENTED_EDGE('',*,*,#2391,.F.);
#903=ORIENTED_EDGE('',*,*,#2455,.T.);
#904=ORIENTED_EDGE('',*,*,#2388,.F.);
#905=ORIENTED_EDGE('',*,*,#2456,.T.);
#906=ORIENTED_EDGE('',*,*,#2452,.F.);
#907=ORIENTED_EDGE('',*,*,#2457,.T.);
#908=ORIENTED_EDGE('',*,*,#2395,.F.);
#909=ORIENTED_EDGE('',*,*,#2458,.T.);
#910=ORIENTED_EDGE('',*,*,#2459,.F.);
#911=ORIENTED_EDGE('',*,*,#2450,.F.);
#912=ORIENTED_EDGE('',*,*,#2460,.T.);
#913=ORIENTED_EDGE('',*,*,#2377,.F.);
#914=ORIENTED_EDGE('',*,*,#2461,.F.);
#915=ORIENTED_EDGE('',*,*,#2445,.F.);
#916=ORIENTED_EDGE('',*,*,#2462,.T.);
#917=ORIENTED_EDGE('',*,*,#2354,.F.);
#918=ORIENTED_EDGE('',*,*,#2463,.F.);
#919=ORIENTED_EDGE('',*,*,#2345,.F.);
#920=ORIENTED_EDGE('',*,*,#2464,.T.);
#921=ORIENTED_EDGE('',*,*,#2439,.F.);
#922=ORIENTED_EDGE('',*,*,#2465,.T.);
#923=ORIENTED_EDGE('',*,*,#2466,.F.);
#924=ORIENTED_EDGE('',*,*,#2465,.F.);
#925=ORIENTED_EDGE('',*,*,#2467,.T.);
#926=ORIENTED_EDGE('',*,*,#2467,.F.);
#927=ORIENTED_EDGE('',*,*,#2468,.T.);
#928=ORIENTED_EDGE('',*,*,#2469,.T.);
#929=ORIENTED_EDGE('',*,*,#2468,.F.);
#930=ORIENTED_EDGE('',*,*,#2470,.T.);
#931=ORIENTED_EDGE('',*,*,#2431,.T.);
#932=ORIENTED_EDGE('',*,*,#2471,.F.);
#933=ORIENTED_EDGE('',*,*,#2314,.F.);
#934=ORIENTED_EDGE('',*,*,#2454,.F.);
#935=ORIENTED_EDGE('',*,*,#2470,.F.);
#936=ORIENTED_EDGE('',*,*,#2469,.F.);
#937=ORIENTED_EDGE('',*,*,#2472,.T.);
#938=ORIENTED_EDGE('',*,*,#2419,.F.);
#939=ORIENTED_EDGE('',*,*,#2322,.T.);
#940=ORIENTED_EDGE('',*,*,#2333,.T.);
#941=ORIENTED_EDGE('',*,*,#2412,.F.);
#942=ORIENTED_EDGE('',*,*,#2344,.T.);
#943=ORIENTED_EDGE('',*,*,#2355,.T.);
#944=ORIENTED_EDGE('',*,*,#2462,.F.);
#945=ORIENTED_EDGE('',*,*,#2447,.T.);
#946=ORIENTED_EDGE('',*,*,#2378,.T.);
#947=ORIENTED_EDGE('',*,*,#2460,.F.);
#948=ORIENTED_EDGE('',*,*,#2453,.T.);
#949=ORIENTED_EDGE('',*,*,#2456,.F.);
#950=ORIENTED_EDGE('',*,*,#2387,.F.);
#951=ORIENTED_EDGE('',*,*,#2398,.T.);
#952=ORIENTED_EDGE('',*,*,#2381,.F.);
#953=ORIENTED_EDGE('',*,*,#2365,.F.);
#954=ORIENTED_EDGE('',*,*,#2405,.T.);
#955=ORIENTED_EDGE('',*,*,#2359,.F.);
#956=ORIENTED_EDGE('',*,*,#2442,.F.);
#957=ORIENTED_EDGE('',*,*,#2414,.T.);
#958=ORIENTED_EDGE('',*,*,#2337,.F.);
#959=ORIENTED_EDGE('',*,*,#2437,.F.);
#960=ORIENTED_EDGE('',*,*,#2429,.T.);
#961=ORIENTED_EDGE('',*,*,#2473,.F.);
#962=ORIENTED_EDGE('',*,*,#2474,.F.);
#963=ORIENTED_EDGE('',*,*,#2475,.F.);
#964=ORIENTED_EDGE('',*,*,#2476,.F.);
#965=ORIENTED_EDGE('',*,*,#2477,.F.);
#966=ORIENTED_EDGE('',*,*,#2478,.F.);
#967=ORIENTED_EDGE('',*,*,#2479,.F.);
#968=ORIENTED_EDGE('',*,*,#2480,.F.);
#969=ORIENTED_EDGE('',*,*,#2481,.F.);
#970=ORIENTED_EDGE('',*,*,#2482,.F.);
#971=ORIENTED_EDGE('',*,*,#2483,.T.);
#972=ORIENTED_EDGE('',*,*,#2484,.T.);
#973=ORIENTED_EDGE('',*,*,#2485,.T.);
#974=ORIENTED_EDGE('',*,*,#2486,.T.);
#975=ORIENTED_EDGE('',*,*,#2487,.T.);
#976=ORIENTED_EDGE('',*,*,#2488,.T.);
#977=ORIENTED_EDGE('',*,*,#2489,.T.);
#978=ORIENTED_EDGE('',*,*,#2490,.T.);
#979=ORIENTED_EDGE('',*,*,#2481,.T.);
#980=ORIENTED_EDGE('',*,*,#2491,.T.);
#981=ORIENTED_EDGE('',*,*,#2492,.F.);
#982=ORIENTED_EDGE('',*,*,#2493,.F.);
#983=ORIENTED_EDGE('',*,*,#2435,.F.);
#984=ORIENTED_EDGE('',*,*,#2472,.F.);
#985=ORIENTED_EDGE('',*,*,#2494,.F.);
#986=ORIENTED_EDGE('',*,*,#2495,.F.);
#987=ORIENTED_EDGE('',*,*,#2496,.F.);
#988=ORIENTED_EDGE('',*,*,#2497,.F.);
#989=ORIENTED_EDGE('',*,*,#2498,.F.);
#990=ORIENTED_EDGE('',*,*,#2499,.F.);
#991=ORIENTED_EDGE('',*,*,#2500,.F.);
#992=ORIENTED_EDGE('',*,*,#2501,.F.);
#993=ORIENTED_EDGE('',*,*,#2502,.T.);
#994=ORIENTED_EDGE('',*,*,#2492,.T.);
#995=ORIENTED_EDGE('',*,*,#2503,.T.);
#996=ORIENTED_EDGE('',*,*,#2504,.T.);
#997=ORIENTED_EDGE('',*,*,#2505,.T.);
#998=ORIENTED_EDGE('',*,*,#2506,.T.);
#999=ORIENTED_EDGE('',*,*,#2507,.T.);
#1000=ORIENTED_EDGE('',*,*,#2508,.T.);
#1001=ORIENTED_EDGE('',*,*,#2509,.T.);
#1002=ORIENTED_EDGE('',*,*,#2473,.T.);
#1003=ORIENTED_EDGE('',*,*,#2502,.F.);
#1004=ORIENTED_EDGE('',*,*,#2510,.F.);
#1005=ORIENTED_EDGE('',*,*,#2482,.T.);
#1006=ORIENTED_EDGE('',*,*,#2493,.T.);
#1007=ORIENTED_EDGE('',*,*,#2479,.T.);
#1008=ORIENTED_EDGE('',*,*,#2511,.T.);
#1009=ORIENTED_EDGE('',*,*,#2504,.F.);
#1010=ORIENTED_EDGE('',*,*,#2512,.F.);
#1011=ORIENTED_EDGE('',*,*,#2480,.T.);
#1012=ORIENTED_EDGE('',*,*,#2512,.T.);
#1013=ORIENTED_EDGE('',*,*,#2503,.F.);
#1014=ORIENTED_EDGE('',*,*,#2491,.F.);
#1015=ORIENTED_EDGE('',*,*,#2477,.T.);
#1016=ORIENTED_EDGE('',*,*,#2513,.T.);
#1017=ORIENTED_EDGE('',*,*,#2506,.F.);
#1018=ORIENTED_EDGE('',*,*,#2514,.F.);
#1019=ORIENTED_EDGE('',*,*,#2511,.F.);
#1020=ORIENTED_EDGE('',*,*,#2478,.T.);
#1021=ORIENTED_EDGE('',*,*,#2514,.T.);
#1022=ORIENTED_EDGE('',*,*,#2505,.F.);
#1023=ORIENTED_EDGE('',*,*,#2515,.F.);
#1024=ORIENTED_EDGE('',*,*,#2508,.F.);
#1025=ORIENTED_EDGE('',*,*,#2516,.T.);
#1026=ORIENTED_EDGE('',*,*,#2475,.T.);
#1027=ORIENTED_EDGE('',*,*,#2513,.F.);
#1028=ORIENTED_EDGE('',*,*,#2476,.T.);
#1029=ORIENTED_EDGE('',*,*,#2516,.F.);
#1030=ORIENTED_EDGE('',*,*,#2507,.F.);
#1031=ORIENTED_EDGE('',*,*,#2509,.F.);
#1032=ORIENTED_EDGE('',*,*,#2515,.T.);
#1033=ORIENTED_EDGE('',*,*,#2474,.T.);
#1034=ORIENTED_EDGE('',*,*,#2517,.F.);
#1035=ORIENTED_EDGE('',*,*,#2483,.F.);
#1036=ORIENTED_EDGE('',*,*,#2510,.T.);
#1037=ORIENTED_EDGE('',*,*,#2501,.T.);
#1038=ORIENTED_EDGE('',*,*,#2518,.F.);
#1039=ORIENTED_EDGE('',*,*,#2485,.F.);
#1040=ORIENTED_EDGE('',*,*,#2519,.T.);
#1041=ORIENTED_EDGE('',*,*,#2499,.T.);
#1042=ORIENTED_EDGE('',*,*,#2484,.F.);
#1043=ORIENTED_EDGE('',*,*,#2517,.T.);
#1044=ORIENTED_EDGE('',*,*,#2500,.T.);
#1045=ORIENTED_EDGE('',*,*,#2519,.F.);
#1046=ORIENTED_EDGE('',*,*,#2520,.F.);
#1047=ORIENTED_EDGE('',*,*,#2487,.F.);
#1048=ORIENTED_EDGE('',*,*,#2521,.T.);
#1049=ORIENTED_EDGE('',*,*,#2497,.T.);
#1050=ORIENTED_EDGE('',*,*,#2518,.T.);
#1051=ORIENTED_EDGE('',*,*,#2498,.T.);
#1052=ORIENTED_EDGE('',*,*,#2521,.F.);
#1053=ORIENTED_EDGE('',*,*,#2486,.F.);
#1054=ORIENTED_EDGE('',*,*,#2495,.T.);
#1055=ORIENTED_EDGE('',*,*,#2522,.T.);
#1056=ORIENTED_EDGE('',*,*,#2489,.F.);
#1057=ORIENTED_EDGE('',*,*,#2523,.F.);
#1058=ORIENTED_EDGE('',*,*,#2520,.T.);
#1059=ORIENTED_EDGE('',*,*,#2496,.T.);
#1060=ORIENTED_EDGE('',*,*,#2523,.T.);
#1061=ORIENTED_EDGE('',*,*,#2488,.F.);
#1062=ORIENTED_EDGE('',*,*,#2494,.T.);
#1063=ORIENTED_EDGE('',*,*,#2490,.F.);
#1064=ORIENTED_EDGE('',*,*,#2522,.F.);
#1065=ORIENTED_EDGE('',*,*,#2524,.T.);
#1066=ORIENTED_EDGE('',*,*,#2525,.F.);
#1067=ORIENTED_EDGE('',*,*,#2526,.F.);
#1068=ORIENTED_EDGE('',*,*,#2527,.T.);
#1069=ORIENTED_EDGE('',*,*,#2526,.T.);
#1070=ORIENTED_EDGE('',*,*,#2528,.F.);
#1071=ORIENTED_EDGE('',*,*,#2529,.F.);
#1072=ORIENTED_EDGE('',*,*,#2530,.T.);
#1073=ORIENTED_EDGE('',*,*,#2531,.T.);
#1074=ORIENTED_EDGE('',*,*,#2529,.T.);
#1075=ORIENTED_EDGE('',*,*,#2532,.F.);
#1076=ORIENTED_EDGE('',*,*,#2530,.F.);
#1077=ORIENTED_EDGE('',*,*,#2533,.F.);
#1078=ORIENTED_EDGE('',*,*,#2534,.T.);
#1079=ORIENTED_EDGE('',*,*,#2535,.T.);
#1080=ORIENTED_EDGE('',*,*,#2536,.T.);
#1081=ORIENTED_EDGE('',*,*,#2537,.T.);
#1082=ORIENTED_EDGE('',*,*,#2534,.F.);
#1083=ORIENTED_EDGE('',*,*,#2538,.F.);
#1084=ORIENTED_EDGE('',*,*,#2536,.F.);
#1085=ORIENTED_EDGE('',*,*,#2539,.F.);
#1086=ORIENTED_EDGE('',*,*,#2540,.T.);
#1087=ORIENTED_EDGE('',*,*,#2541,.T.);
#1088=ORIENTED_EDGE('',*,*,#2542,.F.);
#1089=ORIENTED_EDGE('',*,*,#2543,.T.);
#1090=ORIENTED_EDGE('',*,*,#2544,.T.);
#1091=ORIENTED_EDGE('',*,*,#2540,.F.);
#1092=ORIENTED_EDGE('',*,*,#2543,.F.);
#1093=ORIENTED_EDGE('',*,*,#2545,.F.);
#1094=ORIENTED_EDGE('',*,*,#2546,.T.);
#1095=ORIENTED_EDGE('',*,*,#2547,.T.);
#1096=ORIENTED_EDGE('',*,*,#2548,.F.);
#1097=ORIENTED_EDGE('',*,*,#2546,.F.);
#1098=ORIENTED_EDGE('',*,*,#2549,.T.);
#1099=ORIENTED_EDGE('',*,*,#2550,.T.);
#1100=ORIENTED_EDGE('',*,*,#2551,.T.);
#1101=ORIENTED_EDGE('',*,*,#2552,.T.);
#1102=ORIENTED_EDGE('',*,*,#2553,.F.);
#1103=ORIENTED_EDGE('',*,*,#2550,.F.);
#1104=ORIENTED_EDGE('',*,*,#2554,.T.);
#1105=ORIENTED_EDGE('',*,*,#2555,.T.);
#1106=ORIENTED_EDGE('',*,*,#2556,.F.);
#1107=ORIENTED_EDGE('',*,*,#2552,.F.);
#1108=ORIENTED_EDGE('',*,*,#2557,.T.);
#1109=ORIENTED_EDGE('',*,*,#2558,.T.);
#1110=ORIENTED_EDGE('',*,*,#2559,.F.);
#1111=ORIENTED_EDGE('',*,*,#2555,.F.);
#1112=ORIENTED_EDGE('',*,*,#2558,.F.);
#1113=ORIENTED_EDGE('',*,*,#2560,.T.);
#1114=ORIENTED_EDGE('',*,*,#2561,.T.);
#1115=ORIENTED_EDGE('',*,*,#2562,.F.);
#1116=ORIENTED_EDGE('',*,*,#2563,.T.);
#1117=ORIENTED_EDGE('',*,*,#2564,.T.);
#1118=ORIENTED_EDGE('',*,*,#2565,.F.);
#1119=ORIENTED_EDGE('',*,*,#2561,.F.);
#1120=ORIENTED_EDGE('',*,*,#2564,.F.);
#1121=ORIENTED_EDGE('',*,*,#2566,.T.);
#1122=ORIENTED_EDGE('',*,*,#2567,.F.);
#1123=ORIENTED_EDGE('',*,*,#2568,.F.);
#1124=ORIENTED_EDGE('',*,*,#2569,.F.);
#1125=ORIENTED_EDGE('',*,*,#2570,.F.);
#1126=ORIENTED_EDGE('',*,*,#2567,.T.);
#1127=ORIENTED_EDGE('',*,*,#2571,.T.);
#1128=ORIENTED_EDGE('',*,*,#2572,.F.);
#1129=ORIENTED_EDGE('',*,*,#2569,.T.);
#1130=ORIENTED_EDGE('',*,*,#2573,.T.);
#1131=ORIENTED_EDGE('',*,*,#2574,.T.);
#1132=ORIENTED_EDGE('',*,*,#2425,.F.);
#1133=ORIENTED_EDGE('',*,*,#2326,.T.);
#1134=ORIENTED_EDGE('',*,*,#2440,.T.);
#1135=ORIENTED_EDGE('',*,*,#2464,.F.);
#1136=ORIENTED_EDGE('',*,*,#2348,.T.);
#1137=ORIENTED_EDGE('',*,*,#2444,.T.);
#1138=ORIENTED_EDGE('',*,*,#2407,.F.);
#1139=ORIENTED_EDGE('',*,*,#2370,.T.);
#1140=ORIENTED_EDGE('',*,*,#2449,.T.);
#1141=ORIENTED_EDGE('',*,*,#2400,.F.);
#1142=ORIENTED_EDGE('',*,*,#2392,.T.);
#1143=ORIENTED_EDGE('',*,*,#2458,.F.);
#1144=ORIENTED_EDGE('',*,*,#2394,.F.);
#1145=ORIENTED_EDGE('',*,*,#2402,.T.);
#1146=ORIENTED_EDGE('',*,*,#2384,.F.);
#1147=ORIENTED_EDGE('',*,*,#2372,.F.);
#1148=ORIENTED_EDGE('',*,*,#2409,.T.);
#1149=ORIENTED_EDGE('',*,*,#2362,.F.);
#1150=ORIENTED_EDGE('',*,*,#2352,.F.);
#1151=ORIENTED_EDGE('',*,*,#2417,.T.);
#1152=ORIENTED_EDGE('',*,*,#2340,.F.);
#1153=ORIENTED_EDGE('',*,*,#2330,.F.);
#1154=ORIENTED_EDGE('',*,*,#2423,.T.);
#1155=ORIENTED_EDGE('',*,*,#2575,.F.);
#1156=ORIENTED_EDGE('',*,*,#2573,.F.);
#1157=ORIENTED_EDGE('',*,*,#2571,.F.);
#1158=ORIENTED_EDGE('',*,*,#2566,.F.);
#1159=ORIENTED_EDGE('',*,*,#2563,.F.);
#1160=ORIENTED_EDGE('',*,*,#2560,.F.);
#1161=ORIENTED_EDGE('',*,*,#2557,.F.);
#1162=ORIENTED_EDGE('',*,*,#2554,.F.);
#1163=ORIENTED_EDGE('',*,*,#2551,.F.);
#1164=ORIENTED_EDGE('',*,*,#2549,.F.);
#1165=ORIENTED_EDGE('',*,*,#2545,.T.);
#1166=ORIENTED_EDGE('',*,*,#2542,.T.);
#1167=ORIENTED_EDGE('',*,*,#2539,.T.);
#1168=ORIENTED_EDGE('',*,*,#2538,.T.);
#1169=ORIENTED_EDGE('',*,*,#2533,.T.);
#1170=ORIENTED_EDGE('',*,*,#2532,.T.);
#1171=ORIENTED_EDGE('',*,*,#2528,.T.);
#1172=ORIENTED_EDGE('',*,*,#2525,.T.);
#1173=ORIENTED_EDGE('',*,*,#2433,.F.);
#1174=ORIENTED_EDGE('',*,*,#2574,.F.);
#1175=ORIENTED_EDGE('',*,*,#2524,.F.);
#1176=ORIENTED_EDGE('',*,*,#2527,.F.);
#1177=ORIENTED_EDGE('',*,*,#2531,.F.);
#1178=ORIENTED_EDGE('',*,*,#2535,.F.);
#1179=ORIENTED_EDGE('',*,*,#2537,.F.);
#1180=ORIENTED_EDGE('',*,*,#2541,.F.);
#1181=ORIENTED_EDGE('',*,*,#2544,.F.);
#1182=ORIENTED_EDGE('',*,*,#2547,.F.);
#1183=ORIENTED_EDGE('',*,*,#2548,.T.);
#1184=ORIENTED_EDGE('',*,*,#2553,.T.);
#1185=ORIENTED_EDGE('',*,*,#2556,.T.);
#1186=ORIENTED_EDGE('',*,*,#2559,.T.);
#1187=ORIENTED_EDGE('',*,*,#2562,.T.);
#1188=ORIENTED_EDGE('',*,*,#2565,.T.);
#1189=ORIENTED_EDGE('',*,*,#2568,.T.);
#1190=ORIENTED_EDGE('',*,*,#2570,.T.);
#1191=ORIENTED_EDGE('',*,*,#2572,.T.);
#1192=ORIENTED_EDGE('',*,*,#2575,.T.);
#1193=ORIENTED_EDGE('',*,*,#2576,.T.);
#1194=ORIENTED_EDGE('',*,*,#2577,.F.);
#1195=ORIENTED_EDGE('',*,*,#2578,.F.);
#1196=ORIENTED_EDGE('',*,*,#2579,.T.);
#1197=ORIENTED_EDGE('',*,*,#2578,.T.);
#1198=ORIENTED_EDGE('',*,*,#2580,.F.);
#1199=ORIENTED_EDGE('',*,*,#2581,.F.);
#1200=ORIENTED_EDGE('',*,*,#2582,.T.);
#1201=ORIENTED_EDGE('',*,*,#2583,.T.);
#1202=ORIENTED_EDGE('',*,*,#2581,.T.);
#1203=ORIENTED_EDGE('',*,*,#2584,.F.);
#1204=ORIENTED_EDGE('',*,*,#2582,.F.);
#1205=ORIENTED_EDGE('',*,*,#2585,.F.);
#1206=ORIENTED_EDGE('',*,*,#2586,.T.);
#1207=ORIENTED_EDGE('',*,*,#2587,.T.);
#1208=ORIENTED_EDGE('',*,*,#2588,.T.);
#1209=ORIENTED_EDGE('',*,*,#2589,.T.);
#1210=ORIENTED_EDGE('',*,*,#2586,.F.);
#1211=ORIENTED_EDGE('',*,*,#2590,.F.);
#1212=ORIENTED_EDGE('',*,*,#2588,.F.);
#1213=ORIENTED_EDGE('',*,*,#2591,.F.);
#1214=ORIENTED_EDGE('',*,*,#2592,.T.);
#1215=ORIENTED_EDGE('',*,*,#2593,.T.);
#1216=ORIENTED_EDGE('',*,*,#2594,.F.);
#1217=ORIENTED_EDGE('',*,*,#2595,.T.);
#1218=ORIENTED_EDGE('',*,*,#2596,.T.);
#1219=ORIENTED_EDGE('',*,*,#2592,.F.);
#1220=ORIENTED_EDGE('',*,*,#2595,.F.);
#1221=ORIENTED_EDGE('',*,*,#2597,.F.);
#1222=ORIENTED_EDGE('',*,*,#2598,.T.);
#1223=ORIENTED_EDGE('',*,*,#2599,.T.);
#1224=ORIENTED_EDGE('',*,*,#2600,.F.);
#1225=ORIENTED_EDGE('',*,*,#2598,.F.);
#1226=ORIENTED_EDGE('',*,*,#2601,.T.);
#1227=ORIENTED_EDGE('',*,*,#2602,.T.);
#1228=ORIENTED_EDGE('',*,*,#2603,.T.);
#1229=ORIENTED_EDGE('',*,*,#2604,.T.);
#1230=ORIENTED_EDGE('',*,*,#2605,.F.);
#1231=ORIENTED_EDGE('',*,*,#2602,.F.);
#1232=ORIENTED_EDGE('',*,*,#2606,.T.);
#1233=ORIENTED_EDGE('',*,*,#2607,.T.);
#1234=ORIENTED_EDGE('',*,*,#2608,.F.);
#1235=ORIENTED_EDGE('',*,*,#2604,.F.);
#1236=ORIENTED_EDGE('',*,*,#2609,.T.);
#1237=ORIENTED_EDGE('',*,*,#2610,.T.);
#1238=ORIENTED_EDGE('',*,*,#2611,.F.);
#1239=ORIENTED_EDGE('',*,*,#2607,.F.);
#1240=ORIENTED_EDGE('',*,*,#2610,.F.);
#1241=ORIENTED_EDGE('',*,*,#2612,.T.);
#1242=ORIENTED_EDGE('',*,*,#2613,.T.);
#1243=ORIENTED_EDGE('',*,*,#2614,.F.);
#1244=ORIENTED_EDGE('',*,*,#2615,.T.);
#1245=ORIENTED_EDGE('',*,*,#2616,.T.);
#1246=ORIENTED_EDGE('',*,*,#2617,.F.);
#1247=ORIENTED_EDGE('',*,*,#2613,.F.);
#1248=ORIENTED_EDGE('',*,*,#2616,.F.);
#1249=ORIENTED_EDGE('',*,*,#2618,.T.);
#1250=ORIENTED_EDGE('',*,*,#2619,.F.);
#1251=ORIENTED_EDGE('',*,*,#2620,.F.);
#1252=ORIENTED_EDGE('',*,*,#2621,.F.);
#1253=ORIENTED_EDGE('',*,*,#2622,.F.);
#1254=ORIENTED_EDGE('',*,*,#2619,.T.);
#1255=ORIENTED_EDGE('',*,*,#2623,.T.);
#1256=ORIENTED_EDGE('',*,*,#2624,.F.);
#1257=ORIENTED_EDGE('',*,*,#2621,.T.);
#1258=ORIENTED_EDGE('',*,*,#2625,.T.);
#1259=ORIENTED_EDGE('',*,*,#2626,.T.);
#1260=ORIENTED_EDGE('',*,*,#2427,.F.);
#1261=ORIENTED_EDGE('',*,*,#2436,.T.);
#1262=ORIENTED_EDGE('',*,*,#2335,.T.);
#1263=ORIENTED_EDGE('',*,*,#2413,.F.);
#1264=ORIENTED_EDGE('',*,*,#2441,.T.);
#1265=ORIENTED_EDGE('',*,*,#2357,.T.);
#1266=ORIENTED_EDGE('',*,*,#2404,.F.);
#1267=ORIENTED_EDGE('',*,*,#2363,.T.);
#1268=ORIENTED_EDGE('',*,*,#2380,.T.);
#1269=ORIENTED_EDGE('',*,*,#2397,.F.);
#1270=ORIENTED_EDGE('',*,*,#2385,.T.);
#1271=ORIENTED_EDGE('',*,*,#2455,.F.);
#1272=ORIENTED_EDGE('',*,*,#2390,.F.);
#1273=ORIENTED_EDGE('',*,*,#2399,.T.);
#1274=ORIENTED_EDGE('',*,*,#2448,.F.);
#1275=ORIENTED_EDGE('',*,*,#2368,.F.);
#1276=ORIENTED_EDGE('',*,*,#2406,.T.);
#1277=ORIENTED_EDGE('',*,*,#2443,.F.);
#1278=ORIENTED_EDGE('',*,*,#2346,.F.);
#1279=ORIENTED_EDGE('',*,*,#2463,.T.);
#1280=ORIENTED_EDGE('',*,*,#2438,.F.);
#1281=ORIENTED_EDGE('',*,*,#2324,.F.);
#1282=ORIENTED_EDGE('',*,*,#2424,.T.);
#1283=ORIENTED_EDGE('',*,*,#2627,.F.);
#1284=ORIENTED_EDGE('',*,*,#2625,.F.);
#1285=ORIENTED_EDGE('',*,*,#2623,.F.);
#1286=ORIENTED_EDGE('',*,*,#2618,.F.);
#1287=ORIENTED_EDGE('',*,*,#2615,.F.);
#1288=ORIENTED_EDGE('',*,*,#2612,.F.);
#1289=ORIENTED_EDGE('',*,*,#2609,.F.);
#1290=ORIENTED_EDGE('',*,*,#2606,.F.);
#1291=ORIENTED_EDGE('',*,*,#2603,.F.);
#1292=ORIENTED_EDGE('',*,*,#2601,.F.);
#1293=ORIENTED_EDGE('',*,*,#2597,.T.);
#1294=ORIENTED_EDGE('',*,*,#2594,.T.);
#1295=ORIENTED_EDGE('',*,*,#2591,.T.);
#1296=ORIENTED_EDGE('',*,*,#2590,.T.);
#1297=ORIENTED_EDGE('',*,*,#2585,.T.);
#1298=ORIENTED_EDGE('',*,*,#2584,.T.);
#1299=ORIENTED_EDGE('',*,*,#2580,.T.);
#1300=ORIENTED_EDGE('',*,*,#2577,.T.);
#1301=ORIENTED_EDGE('',*,*,#2432,.F.);
#1302=ORIENTED_EDGE('',*,*,#2626,.F.);
#1303=ORIENTED_EDGE('',*,*,#2576,.F.);
#1304=ORIENTED_EDGE('',*,*,#2579,.F.);
#1305=ORIENTED_EDGE('',*,*,#2583,.F.);
#1306=ORIENTED_EDGE('',*,*,#2587,.F.);
#1307=ORIENTED_EDGE('',*,*,#2589,.F.);
#1308=ORIENTED_EDGE('',*,*,#2593,.F.);
#1309=ORIENTED_EDGE('',*,*,#2596,.F.);
#1310=ORIENTED_EDGE('',*,*,#2599,.F.);
#1311=ORIENTED_EDGE('',*,*,#2600,.T.);
#1312=ORIENTED_EDGE('',*,*,#2605,.T.);
#1313=ORIENTED_EDGE('',*,*,#2608,.T.);
#1314=ORIENTED_EDGE('',*,*,#2611,.T.);
#1315=ORIENTED_EDGE('',*,*,#2614,.T.);
#1316=ORIENTED_EDGE('',*,*,#2617,.T.);
#1317=ORIENTED_EDGE('',*,*,#2620,.T.);
#1318=ORIENTED_EDGE('',*,*,#2622,.T.);
#1319=ORIENTED_EDGE('',*,*,#2624,.T.);
#1320=ORIENTED_EDGE('',*,*,#2627,.T.);
#1321=ORIENTED_EDGE('',*,*,#2628,.T.);
#1322=ORIENTED_EDGE('',*,*,#2421,.F.);
#1323=ORIENTED_EDGE('',*,*,#2328,.T.);
#1324=ORIENTED_EDGE('',*,*,#2339,.T.);
#1325=ORIENTED_EDGE('',*,*,#2416,.F.);
#1326=ORIENTED_EDGE('',*,*,#2350,.T.);
#1327=ORIENTED_EDGE('',*,*,#2361,.T.);
#1328=ORIENTED_EDGE('',*,*,#2410,.F.);
#1329=ORIENTED_EDGE('',*,*,#2374,.T.);
#1330=ORIENTED_EDGE('',*,*,#2383,.T.);
#1331=ORIENTED_EDGE('',*,*,#2403,.F.);
#1332=ORIENTED_EDGE('',*,*,#2396,.T.);
#1333=ORIENTED_EDGE('',*,*,#2457,.F.);
#1334=ORIENTED_EDGE('',*,*,#2451,.F.);
#1335=ORIENTED_EDGE('',*,*,#2459,.T.);
#1336=ORIENTED_EDGE('',*,*,#2376,.F.);
#1337=ORIENTED_EDGE('',*,*,#2446,.F.);
#1338=ORIENTED_EDGE('',*,*,#2461,.T.);
#1339=ORIENTED_EDGE('',*,*,#2353,.F.);
#1340=ORIENTED_EDGE('',*,*,#2342,.F.);
#1341=ORIENTED_EDGE('',*,*,#2411,.T.);
#1342=ORIENTED_EDGE('',*,*,#2331,.F.);
#1343=ORIENTED_EDGE('',*,*,#2320,.F.);
#1344=ORIENTED_EDGE('',*,*,#2418,.T.);
#1345=ORIENTED_EDGE('',*,*,#2629,.F.);
#1346=ORIENTED_EDGE('',*,*,#2630,.F.);
#1347=ORIENTED_EDGE('',*,*,#2631,.F.);
#1348=ORIENTED_EDGE('',*,*,#2632,.F.);
#1349=ORIENTED_EDGE('',*,*,#2633,.F.);
#1350=ORIENTED_EDGE('',*,*,#2634,.F.);
#1351=ORIENTED_EDGE('',*,*,#2635,.F.);
#1352=ORIENTED_EDGE('',*,*,#2636,.F.);
#1353=ORIENTED_EDGE('',*,*,#2637,.F.);
#1354=ORIENTED_EDGE('',*,*,#2638,.F.);
#1355=ORIENTED_EDGE('',*,*,#2639,.T.);
#1356=ORIENTED_EDGE('',*,*,#2640,.T.);
#1357=ORIENTED_EDGE('',*,*,#2641,.T.);
#1358=ORIENTED_EDGE('',*,*,#2642,.T.);
#1359=ORIENTED_EDGE('',*,*,#2643,.T.);
#1360=ORIENTED_EDGE('',*,*,#2644,.T.);
#1361=ORIENTED_EDGE('',*,*,#2645,.T.);
#1362=ORIENTED_EDGE('',*,*,#2646,.T.);
#1363=ORIENTED_EDGE('',*,*,#2637,.T.);
#1364=ORIENTED_EDGE('',*,*,#2647,.T.);
#1365=ORIENTED_EDGE('',*,*,#2648,.F.);
#1366=ORIENTED_EDGE('',*,*,#2649,.F.);
#1367=ORIENTED_EDGE('',*,*,#2434,.F.);
#1368=ORIENTED_EDGE('',*,*,#2628,.F.);
#1369=ORIENTED_EDGE('',*,*,#2650,.F.);
#1370=ORIENTED_EDGE('',*,*,#2651,.F.);
#1371=ORIENTED_EDGE('',*,*,#2652,.F.);
#1372=ORIENTED_EDGE('',*,*,#2653,.F.);
#1373=ORIENTED_EDGE('',*,*,#2654,.F.);
#1374=ORIENTED_EDGE('',*,*,#2655,.F.);
#1375=ORIENTED_EDGE('',*,*,#2656,.F.);
#1376=ORIENTED_EDGE('',*,*,#2657,.F.);
#1377=ORIENTED_EDGE('',*,*,#2658,.T.);
#1378=ORIENTED_EDGE('',*,*,#2648,.T.);
#1379=ORIENTED_EDGE('',*,*,#2659,.T.);
#1380=ORIENTED_EDGE('',*,*,#2660,.T.);
#1381=ORIENTED_EDGE('',*,*,#2661,.T.);
#1382=ORIENTED_EDGE('',*,*,#2662,.T.);
#1383=ORIENTED_EDGE('',*,*,#2663,.T.);
#1384=ORIENTED_EDGE('',*,*,#2664,.T.);
#1385=ORIENTED_EDGE('',*,*,#2665,.T.);
#1386=ORIENTED_EDGE('',*,*,#2629,.T.);
#1387=ORIENTED_EDGE('',*,*,#2658,.F.);
#1388=ORIENTED_EDGE('',*,*,#2666,.F.);
#1389=ORIENTED_EDGE('',*,*,#2638,.T.);
#1390=ORIENTED_EDGE('',*,*,#2649,.T.);
#1391=ORIENTED_EDGE('',*,*,#2635,.T.);
#1392=ORIENTED_EDGE('',*,*,#2667,.T.);
#1393=ORIENTED_EDGE('',*,*,#2660,.F.);
#1394=ORIENTED_EDGE('',*,*,#2668,.F.);
#1395=ORIENTED_EDGE('',*,*,#2636,.T.);
#1396=ORIENTED_EDGE('',*,*,#2668,.T.);
#1397=ORIENTED_EDGE('',*,*,#2659,.F.);
#1398=ORIENTED_EDGE('',*,*,#2647,.F.);
#1399=ORIENTED_EDGE('',*,*,#2633,.T.);
#1400=ORIENTED_EDGE('',*,*,#2669,.T.);
#1401=ORIENTED_EDGE('',*,*,#2662,.F.);
#1402=ORIENTED_EDGE('',*,*,#2670,.F.);
#1403=ORIENTED_EDGE('',*,*,#2667,.F.);
#1404=ORIENTED_EDGE('',*,*,#2634,.T.);
#1405=ORIENTED_EDGE('',*,*,#2670,.T.);
#1406=ORIENTED_EDGE('',*,*,#2661,.F.);
#1407=ORIENTED_EDGE('',*,*,#2671,.F.);
#1408=ORIENTED_EDGE('',*,*,#2664,.F.);
#1409=ORIENTED_EDGE('',*,*,#2672,.T.);
#1410=ORIENTED_EDGE('',*,*,#2631,.T.);
#1411=ORIENTED_EDGE('',*,*,#2669,.F.);
#1412=ORIENTED_EDGE('',*,*,#2632,.T.);
#1413=ORIENTED_EDGE('',*,*,#2672,.F.);
#1414=ORIENTED_EDGE('',*,*,#2663,.F.);
#1415=ORIENTED_EDGE('',*,*,#2665,.F.);
#1416=ORIENTED_EDGE('',*,*,#2671,.T.);
#1417=ORIENTED_EDGE('',*,*,#2630,.T.);
#1418=ORIENTED_EDGE('',*,*,#2673,.F.);
#1419=ORIENTED_EDGE('',*,*,#2639,.F.);
#1420=ORIENTED_EDGE('',*,*,#2666,.T.);
#1421=ORIENTED_EDGE('',*,*,#2657,.T.);
#1422=ORIENTED_EDGE('',*,*,#2674,.F.);
#1423=ORIENTED_EDGE('',*,*,#2641,.F.);
#1424=ORIENTED_EDGE('',*,*,#2675,.T.);
#1425=ORIENTED_EDGE('',*,*,#2655,.T.);
#1426=ORIENTED_EDGE('',*,*,#2640,.F.);
#1427=ORIENTED_EDGE('',*,*,#2673,.T.);
#1428=ORIENTED_EDGE('',*,*,#2656,.T.);
#1429=ORIENTED_EDGE('',*,*,#2675,.F.);
#1430=ORIENTED_EDGE('',*,*,#2676,.F.);
#1431=ORIENTED_EDGE('',*,*,#2643,.F.);
#1432=ORIENTED_EDGE('',*,*,#2677,.T.);
#1433=ORIENTED_EDGE('',*,*,#2653,.T.);
#1434=ORIENTED_EDGE('',*,*,#2674,.T.);
#1435=ORIENTED_EDGE('',*,*,#2654,.T.);
#1436=ORIENTED_EDGE('',*,*,#2677,.F.);
#1437=ORIENTED_EDGE('',*,*,#2642,.F.);
#1438=ORIENTED_EDGE('',*,*,#2651,.T.);
#1439=ORIENTED_EDGE('',*,*,#2678,.T.);
#1440=ORIENTED_EDGE('',*,*,#2645,.F.);
#1441=ORIENTED_EDGE('',*,*,#2679,.F.);
#1442=ORIENTED_EDGE('',*,*,#2676,.T.);
#1443=ORIENTED_EDGE('',*,*,#2652,.T.);
#1444=ORIENTED_EDGE('',*,*,#2679,.T.);
#1445=ORIENTED_EDGE('',*,*,#2644,.F.);
#1446=ORIENTED_EDGE('',*,*,#2650,.T.);
#1447=ORIENTED_EDGE('',*,*,#2646,.F.);
#1448=ORIENTED_EDGE('',*,*,#2678,.F.);
#1449=ORIENTED_EDGE('',*,*,#2680,.F.);
#1450=ORIENTED_EDGE('',*,*,#2681,.T.);
#1451=ORIENTED_EDGE('',*,*,#2682,.F.);
#1452=ORIENTED_EDGE('',*,*,#2292,.F.);
#1453=ORIENTED_EDGE('',*,*,#2683,.F.);
#1454=ORIENTED_EDGE('',*,*,#2684,.F.);
#1455=ORIENTED_EDGE('',*,*,#2277,.F.);
#1456=ORIENTED_EDGE('',*,*,#2685,.F.);
#1457=ORIENTED_EDGE('',*,*,#2686,.T.);
#1458=ORIENTED_EDGE('',*,*,#2687,.T.);
#1459=ORIENTED_EDGE('',*,*,#2266,.F.);
#1460=ORIENTED_EDGE('',*,*,#2688,.T.);
#1461=ORIENTED_EDGE('',*,*,#2689,.T.);
#1462=ORIENTED_EDGE('',*,*,#2258,.F.);
#1463=ORIENTED_EDGE('',*,*,#2315,.F.);
#1464=ORIENTED_EDGE('',*,*,#2181,.T.);
#1465=ORIENTED_EDGE('',*,*,#2690,.F.);
#1466=ORIENTED_EDGE('',*,*,#2691,.F.);
#1467=ORIENTED_EDGE('',*,*,#2248,.T.);
#1468=ORIENTED_EDGE('',*,*,#2692,.F.);
#1469=ORIENTED_EDGE('',*,*,#2693,.F.);
#1470=ORIENTED_EDGE('',*,*,#2239,.T.);
#1471=ORIENTED_EDGE('',*,*,#2694,.T.);
#1472=ORIENTED_EDGE('',*,*,#2695,.T.);
#1473=ORIENTED_EDGE('',*,*,#2696,.T.);
#1474=ORIENTED_EDGE('',*,*,#2191,.T.);
#1475=ORIENTED_EDGE('',*,*,#2697,.T.);
#1476=ORIENTED_EDGE('',*,*,#2698,.T.);
#1477=ORIENTED_EDGE('',*,*,#2699,.T.);
#1478=ORIENTED_EDGE('',*,*,#2700,.T.);
#1479=ORIENTED_EDGE('',*,*,#2701,.T.);
#1480=ORIENTED_EDGE('',*,*,#2702,.T.);
#1481=ORIENTED_EDGE('',*,*,#2226,.T.);
#1482=ORIENTED_EDGE('',*,*,#2703,.T.);
#1483=ORIENTED_EDGE('',*,*,#2704,.T.);
#1484=ORIENTED_EDGE('',*,*,#2705,.F.);
#1485=ORIENTED_EDGE('',*,*,#2706,.F.);
#1486=ORIENTED_EDGE('',*,*,#2707,.T.);
#1487=ORIENTED_EDGE('',*,*,#2230,.F.);
#1488=ORIENTED_EDGE('',*,*,#2708,.F.);
#1489=ORIENTED_EDGE('',*,*,#2709,.T.);
#1490=ORIENTED_EDGE('',*,*,#2177,.F.);
#1491=ORIENTED_EDGE('',*,*,#2466,.T.);
#1492=ORIENTED_EDGE('',*,*,#2710,.F.);
#1493=ORIENTED_EDGE('',*,*,#2711,.T.);
#1494=ORIENTED_EDGE('',*,*,#2267,.T.);
#1495=ORIENTED_EDGE('',*,*,#2687,.F.);
#1496=ORIENTED_EDGE('',*,*,#2265,.F.);
#1497=ORIENTED_EDGE('',*,*,#2712,.T.);
#1498=ORIENTED_EDGE('',*,*,#2713,.T.);
#1499=ORIENTED_EDGE('',*,*,#2688,.F.);
#1500=ORIENTED_EDGE('',*,*,#2713,.F.);
#1501=ORIENTED_EDGE('',*,*,#2714,.T.);
#1502=ORIENTED_EDGE('',*,*,#2254,.T.);
#1503=ORIENTED_EDGE('',*,*,#2689,.F.);
#1504=ORIENTED_EDGE('',*,*,#2705,.T.);
#1505=ORIENTED_EDGE('',*,*,#2715,.T.);
#1506=ORIENTED_EDGE('',*,*,#2716,.T.);
#1507=ORIENTED_EDGE('',*,*,#2717,.F.);
#1508=ORIENTED_EDGE('',*,*,#2276,.T.);
#1509=ORIENTED_EDGE('',*,*,#2718,.T.);
#1510=ORIENTED_EDGE('',*,*,#2719,.T.);
#1511=ORIENTED_EDGE('',*,*,#2685,.T.);
#1512=ORIENTED_EDGE('',*,*,#2719,.F.);
#1513=ORIENTED_EDGE('',*,*,#2720,.T.);
#1514=ORIENTED_EDGE('',*,*,#2710,.T.);
#1515=ORIENTED_EDGE('',*,*,#2686,.F.);
#1516=ORIENTED_EDGE('',*,*,#2300,.F.);
#1517=ORIENTED_EDGE('',*,*,#2721,.T.);
#1518=ORIENTED_EDGE('',*,*,#2722,.T.);
#1519=ORIENTED_EDGE('',*,*,#2723,.T.);
#1520=ORIENTED_EDGE('',*,*,#2724,.F.);
#1521=ORIENTED_EDGE('',*,*,#2725,.T.);
#1522=ORIENTED_EDGE('',*,*,#2726,.F.);
#1523=ORIENTED_EDGE('',*,*,#2683,.T.);
#1524=ORIENTED_EDGE('',*,*,#2291,.F.);
#1525=ORIENTED_EDGE('',*,*,#2288,.F.);
#1526=ORIENTED_EDGE('',*,*,#2285,.F.);
#1527=ORIENTED_EDGE('',*,*,#2296,.T.);
#1528=ORIENTED_EDGE('',*,*,#2298,.F.);
#1529=ORIENTED_EDGE('',*,*,#2723,.F.);
#1530=ORIENTED_EDGE('',*,*,#2726,.T.);
#1531=ORIENTED_EDGE('',*,*,#2727,.T.);
#1532=ORIENTED_EDGE('',*,*,#2160,.T.);
#1533=ORIENTED_EDGE('',*,*,#2278,.F.);
#1534=ORIENTED_EDGE('',*,*,#2684,.T.);
#1535=ORIENTED_EDGE('',*,*,#2163,.F.);
#1536=ORIENTED_EDGE('',*,*,#2279,.T.);
#1537=ORIENTED_EDGE('',*,*,#2728,.F.);
#1538=ORIENTED_EDGE('',*,*,#2729,.F.);
#1539=ORIENTED_EDGE('',*,*,#2730,.T.);
#1540=ORIENTED_EDGE('',*,*,#2731,.T.);
#1541=ORIENTED_EDGE('',*,*,#2732,.F.);
#1542=ORIENTED_EDGE('',*,*,#2733,.F.);
#1543=ORIENTED_EDGE('',*,*,#2734,.T.);
#1544=ORIENTED_EDGE('',*,*,#2729,.T.);
#1545=ORIENTED_EDGE('',*,*,#2735,.F.);
#1546=ORIENTED_EDGE('',*,*,#2736,.F.);
#1547=ORIENTED_EDGE('',*,*,#2737,.T.);
#1548=ORIENTED_EDGE('',*,*,#2733,.T.);
#1549=ORIENTED_EDGE('',*,*,#2738,.T.);
#1550=ORIENTED_EDGE('',*,*,#2739,.F.);
#1551=ORIENTED_EDGE('',*,*,#2740,.F.);
#1552=ORIENTED_EDGE('',*,*,#2741,.T.);
#1553=ORIENTED_EDGE('',*,*,#2742,.T.);
#1554=ORIENTED_EDGE('',*,*,#2743,.F.);
#1555=ORIENTED_EDGE('',*,*,#2744,.F.);
#1556=ORIENTED_EDGE('',*,*,#2739,.T.);
#1557=ORIENTED_EDGE('',*,*,#2745,.T.);
#1558=ORIENTED_EDGE('',*,*,#2746,.F.);
#1559=ORIENTED_EDGE('',*,*,#2747,.F.);
#1560=ORIENTED_EDGE('',*,*,#2743,.T.);
#1561=ORIENTED_EDGE('',*,*,#2748,.T.);
#1562=ORIENTED_EDGE('',*,*,#2749,.F.);
#1563=ORIENTED_EDGE('',*,*,#2750,.F.);
#1564=ORIENTED_EDGE('',*,*,#2751,.T.);
#1565=ORIENTED_EDGE('',*,*,#2752,.T.);
#1566=ORIENTED_EDGE('',*,*,#2753,.F.);
#1567=ORIENTED_EDGE('',*,*,#2754,.F.);
#1568=ORIENTED_EDGE('',*,*,#2749,.T.);
#1569=ORIENTED_EDGE('',*,*,#2755,.T.);
#1570=ORIENTED_EDGE('',*,*,#2756,.F.);
#1571=ORIENTED_EDGE('',*,*,#2757,.F.);
#1572=ORIENTED_EDGE('',*,*,#2753,.T.);
#1573=ORIENTED_EDGE('',*,*,#2758,.T.);
#1574=ORIENTED_EDGE('',*,*,#2759,.F.);
#1575=ORIENTED_EDGE('',*,*,#2760,.F.);
#1576=ORIENTED_EDGE('',*,*,#2761,.T.);
#1577=ORIENTED_EDGE('',*,*,#2762,.T.);
#1578=ORIENTED_EDGE('',*,*,#2763,.F.);
#1579=ORIENTED_EDGE('',*,*,#2764,.F.);
#1580=ORIENTED_EDGE('',*,*,#2759,.T.);
#1581=ORIENTED_EDGE('',*,*,#2765,.T.);
#1582=ORIENTED_EDGE('',*,*,#2766,.F.);
#1583=ORIENTED_EDGE('',*,*,#2767,.F.);
#1584=ORIENTED_EDGE('',*,*,#2763,.T.);
#1585=ORIENTED_EDGE('',*,*,#2768,.T.);
#1586=ORIENTED_EDGE('',*,*,#2769,.F.);
#1587=ORIENTED_EDGE('',*,*,#2770,.F.);
#1588=ORIENTED_EDGE('',*,*,#2771,.T.);
#1589=ORIENTED_EDGE('',*,*,#2772,.T.);
#1590=ORIENTED_EDGE('',*,*,#2773,.F.);
#1591=ORIENTED_EDGE('',*,*,#2774,.F.);
#1592=ORIENTED_EDGE('',*,*,#2769,.T.);
#1593=ORIENTED_EDGE('',*,*,#2775,.T.);
#1594=ORIENTED_EDGE('',*,*,#2776,.F.);
#1595=ORIENTED_EDGE('',*,*,#2777,.F.);
#1596=ORIENTED_EDGE('',*,*,#2773,.T.);
#1597=ORIENTED_EDGE('',*,*,#2778,.F.);
#1598=ORIENTED_EDGE('',*,*,#2779,.F.);
#1599=ORIENTED_EDGE('',*,*,#2780,.T.);
#1600=ORIENTED_EDGE('',*,*,#2781,.T.);
#1601=ORIENTED_EDGE('',*,*,#2782,.T.);
#1602=ORIENTED_EDGE('',*,*,#2783,.F.);
#1603=ORIENTED_EDGE('',*,*,#2784,.F.);
#1604=ORIENTED_EDGE('',*,*,#2779,.T.);
#1605=ORIENTED_EDGE('',*,*,#2785,.T.);
#1606=ORIENTED_EDGE('',*,*,#2786,.F.);
#1607=ORIENTED_EDGE('',*,*,#2787,.F.);
#1608=ORIENTED_EDGE('',*,*,#2783,.T.);
#1609=ORIENTED_EDGE('',*,*,#2788,.F.);
#1610=ORIENTED_EDGE('',*,*,#2741,.F.);
#1611=ORIENTED_EDGE('',*,*,#2789,.T.);
#1612=ORIENTED_EDGE('',*,*,#2746,.T.);
#1613=ORIENTED_EDGE('',*,*,#2790,.F.);
#1614=ORIENTED_EDGE('',*,*,#2751,.F.);
#1615=ORIENTED_EDGE('',*,*,#2791,.T.);
#1616=ORIENTED_EDGE('',*,*,#2756,.T.);
#1617=ORIENTED_EDGE('',*,*,#2792,.F.);
#1618=ORIENTED_EDGE('',*,*,#2761,.F.);
#1619=ORIENTED_EDGE('',*,*,#2793,.T.);
#1620=ORIENTED_EDGE('',*,*,#2766,.T.);
#1621=ORIENTED_EDGE('',*,*,#2794,.T.);
#1622=ORIENTED_EDGE('',*,*,#2771,.F.);
#1623=ORIENTED_EDGE('',*,*,#2795,.F.);
#1624=ORIENTED_EDGE('',*,*,#2776,.T.);
#1625=ORIENTED_EDGE('',*,*,#2796,.T.);
#1626=ORIENTED_EDGE('',*,*,#2781,.F.);
#1627=ORIENTED_EDGE('',*,*,#2797,.F.);
#1628=ORIENTED_EDGE('',*,*,#2786,.T.);
#1629=ORIENTED_EDGE('',*,*,#2798,.F.);
#1630=ORIENTED_EDGE('',*,*,#2731,.F.);
#1631=ORIENTED_EDGE('',*,*,#2799,.T.);
#1632=ORIENTED_EDGE('',*,*,#2736,.T.);
#1633=ORIENTED_EDGE('',*,*,#2800,.T.);
#1634=ORIENTED_EDGE('',*,*,#2801,.T.);
#1635=ORIENTED_EDGE('',*,*,#2724,.T.);
#1636=ORIENTED_EDGE('',*,*,#2722,.F.);
#1637=ORIENTED_EDGE('',*,*,#2780,.F.);
#1638=ORIENTED_EDGE('',*,*,#2784,.T.);
#1639=ORIENTED_EDGE('',*,*,#2787,.T.);
#1640=ORIENTED_EDGE('',*,*,#2797,.T.);
#1641=ORIENTED_EDGE('',*,*,#2770,.T.);
#1642=ORIENTED_EDGE('',*,*,#2774,.T.);
#1643=ORIENTED_EDGE('',*,*,#2777,.T.);
#1644=ORIENTED_EDGE('',*,*,#2795,.T.);
#1645=ORIENTED_EDGE('',*,*,#2760,.T.);
#1646=ORIENTED_EDGE('',*,*,#2764,.T.);
#1647=ORIENTED_EDGE('',*,*,#2767,.T.);
#1648=ORIENTED_EDGE('',*,*,#2793,.F.);
#1649=ORIENTED_EDGE('',*,*,#2750,.T.);
#1650=ORIENTED_EDGE('',*,*,#2754,.T.);
#1651=ORIENTED_EDGE('',*,*,#2757,.T.);
#1652=ORIENTED_EDGE('',*,*,#2791,.F.);
#1653=ORIENTED_EDGE('',*,*,#2740,.T.);
#1654=ORIENTED_EDGE('',*,*,#2744,.T.);
#1655=ORIENTED_EDGE('',*,*,#2747,.T.);
#1656=ORIENTED_EDGE('',*,*,#2789,.F.);
#1657=ORIENTED_EDGE('',*,*,#2730,.F.);
#1658=ORIENTED_EDGE('',*,*,#2734,.F.);
#1659=ORIENTED_EDGE('',*,*,#2737,.F.);
#1660=ORIENTED_EDGE('',*,*,#2799,.F.);
#1661=ORIENTED_EDGE('',*,*,#2738,.F.);
#1662=ORIENTED_EDGE('',*,*,#2788,.T.);
#1663=ORIENTED_EDGE('',*,*,#2745,.F.);
#1664=ORIENTED_EDGE('',*,*,#2742,.F.);
#1665=ORIENTED_EDGE('',*,*,#2748,.F.);
#1666=ORIENTED_EDGE('',*,*,#2790,.T.);
#1667=ORIENTED_EDGE('',*,*,#2755,.F.);
#1668=ORIENTED_EDGE('',*,*,#2752,.F.);
#1669=ORIENTED_EDGE('',*,*,#2758,.F.);
#1670=ORIENTED_EDGE('',*,*,#2792,.T.);
#1671=ORIENTED_EDGE('',*,*,#2765,.F.);
#1672=ORIENTED_EDGE('',*,*,#2762,.F.);
#1673=ORIENTED_EDGE('',*,*,#2768,.F.);
#1674=ORIENTED_EDGE('',*,*,#2794,.F.);
#1675=ORIENTED_EDGE('',*,*,#2775,.F.);
#1676=ORIENTED_EDGE('',*,*,#2772,.F.);
#1677=ORIENTED_EDGE('',*,*,#2782,.F.);
#1678=ORIENTED_EDGE('',*,*,#2778,.T.);
#1679=ORIENTED_EDGE('',*,*,#2796,.F.);
#1680=ORIENTED_EDGE('',*,*,#2785,.F.);
#1681=ORIENTED_EDGE('',*,*,#2732,.T.);
#1682=ORIENTED_EDGE('',*,*,#2728,.T.);
#1683=ORIENTED_EDGE('',*,*,#2798,.T.);
#1684=ORIENTED_EDGE('',*,*,#2735,.T.);
#1685=ORIENTED_EDGE('',*,*,#2222,.T.);
#1686=ORIENTED_EDGE('',*,*,#2802,.T.);
#1687=ORIENTED_EDGE('',*,*,#2208,.T.);
#1688=ORIENTED_EDGE('',*,*,#2183,.T.);
#1689=ORIENTED_EDGE('',*,*,#2471,.T.);
#1690=ORIENTED_EDGE('',*,*,#2256,.F.);
#1691=ORIENTED_EDGE('',*,*,#2803,.T.);
#1692=ORIENTED_EDGE('',*,*,#2302,.F.);
#1693=ORIENTED_EDGE('',*,*,#2804,.T.);
#1694=ORIENTED_EDGE('',*,*,#2311,.F.);
#1695=ORIENTED_EDGE('',*,*,#2805,.T.);
#1696=ORIENTED_EDGE('',*,*,#2200,.F.);
#1697=ORIENTED_EDGE('',*,*,#2806,.T.);
#1698=ORIENTED_EDGE('',*,*,#2807,.F.);
#1699=ORIENTED_EDGE('',*,*,#2808,.T.);
#1700=ORIENTED_EDGE('',*,*,#2809,.T.);
#1701=ORIENTED_EDGE('',*,*,#2716,.F.);
#1702=ORIENTED_EDGE('',*,*,#2809,.F.);
#1703=ORIENTED_EDGE('',*,*,#2810,.T.);
#1704=ORIENTED_EDGE('',*,*,#2706,.T.);
#1705=ORIENTED_EDGE('',*,*,#2717,.T.);
#1706=ORIENTED_EDGE('',*,*,#2811,.F.);
#1707=ORIENTED_EDGE('',*,*,#2812,.T.);
#1708=ORIENTED_EDGE('',*,*,#2813,.T.);
#1709=ORIENTED_EDGE('',*,*,#2228,.F.);
#1710=ORIENTED_EDGE('',*,*,#2813,.F.);
#1711=ORIENTED_EDGE('',*,*,#2814,.T.);
#1712=ORIENTED_EDGE('',*,*,#2708,.T.);
#1713=ORIENTED_EDGE('',*,*,#2229,.T.);
#1714=ORIENTED_EDGE('',*,*,#2220,.T.);
#1715=ORIENTED_EDGE('',*,*,#2815,.T.);
#1716=ORIENTED_EDGE('',*,*,#2816,.T.);
#1717=ORIENTED_EDGE('',*,*,#2817,.T.);
#1718=ORIENTED_EDGE('',*,*,#2700,.F.);
#1719=ORIENTED_EDGE('',*,*,#2818,.T.);
#1720=ORIENTED_EDGE('',*,*,#2199,.F.);
#1721=ORIENTED_EDGE('',*,*,#2205,.F.);
#1722=ORIENTED_EDGE('',*,*,#2210,.T.);
#1723=ORIENTED_EDGE('',*,*,#2819,.T.);
#1724=ORIENTED_EDGE('',*,*,#2294,.F.);
#1725=ORIENTED_EDGE('',*,*,#2820,.T.);
#1726=ORIENTED_EDGE('',*,*,#2680,.T.);
#1727=ORIENTED_EDGE('',*,*,#2176,.T.);
#1728=ORIENTED_EDGE('',*,*,#2682,.T.);
#1729=ORIENTED_EDGE('',*,*,#2821,.T.);
#1730=ORIENTED_EDGE('',*,*,#2822,.T.);
#1731=ORIENTED_EDGE('',*,*,#2282,.T.);
#1732=ORIENTED_EDGE('',*,*,#2287,.F.);
#1733=ORIENTED_EDGE('',*,*,#2290,.T.);
#1734=ORIENTED_EDGE('',*,*,#2318,.T.);
#1735=ORIENTED_EDGE('',*,*,#2823,.F.);
#1736=ORIENTED_EDGE('',*,*,#2824,.F.);
#1737=ORIENTED_EDGE('',*,*,#2273,.T.);
#1738=ORIENTED_EDGE('',*,*,#2317,.F.);
#1739=ORIENTED_EDGE('',*,*,#2825,.F.);
#1740=ORIENTED_EDGE('',*,*,#2826,.T.);
#1741=ORIENTED_EDGE('',*,*,#2823,.T.);
#1742=ORIENTED_EDGE('',*,*,#2316,.F.);
#1743=ORIENTED_EDGE('',*,*,#2270,.F.);
#1744=ORIENTED_EDGE('',*,*,#2827,.T.);
#1745=ORIENTED_EDGE('',*,*,#2825,.T.);
#1746=ORIENTED_EDGE('',*,*,#2269,.F.);
#1747=ORIENTED_EDGE('',*,*,#2828,.T.);
#1748=ORIENTED_EDGE('',*,*,#2829,.T.);
#1749=ORIENTED_EDGE('',*,*,#2830,.T.);
#1750=ORIENTED_EDGE('',*,*,#2274,.T.);
#1751=ORIENTED_EDGE('',*,*,#2824,.T.);
#1752=ORIENTED_EDGE('',*,*,#2826,.F.);
#1753=ORIENTED_EDGE('',*,*,#2827,.F.);
#1754=ORIENTED_EDGE('',*,*,#2250,.F.);
#1755=ORIENTED_EDGE('',*,*,#2831,.T.);
#1756=ORIENTED_EDGE('',*,*,#2310,.T.);
#1757=ORIENTED_EDGE('',*,*,#2832,.T.);
#1758=ORIENTED_EDGE('',*,*,#2252,.T.);
#1759=ORIENTED_EDGE('',*,*,#2833,.F.);
#1760=ORIENTED_EDGE('',*,*,#2308,.F.);
#1761=ORIENTED_EDGE('',*,*,#2259,.T.);
#1762=ORIENTED_EDGE('',*,*,#2251,.F.);
#1763=ORIENTED_EDGE('',*,*,#2832,.F.);
#1764=ORIENTED_EDGE('',*,*,#2309,.T.);
#1765=ORIENTED_EDGE('',*,*,#2833,.T.);
#1766=ORIENTED_EDGE('',*,*,#2247,.F.);
#1767=ORIENTED_EDGE('',*,*,#2834,.T.);
#1768=ORIENTED_EDGE('',*,*,#2835,.T.);
#1769=ORIENTED_EDGE('',*,*,#2692,.T.);
#1770=ORIENTED_EDGE('',*,*,#2835,.F.);
#1771=ORIENTED_EDGE('',*,*,#2836,.T.);
#1772=ORIENTED_EDGE('',*,*,#2236,.T.);
#1773=ORIENTED_EDGE('',*,*,#2693,.T.);
#1774=ORIENTED_EDGE('',*,*,#2180,.F.);
#1775=ORIENTED_EDGE('',*,*,#2837,.T.);
#1776=ORIENTED_EDGE('',*,*,#2838,.T.);
#1777=ORIENTED_EDGE('',*,*,#2690,.T.);
#1778=ORIENTED_EDGE('',*,*,#2838,.F.);
#1779=ORIENTED_EDGE('',*,*,#2839,.T.);
#1780=ORIENTED_EDGE('',*,*,#2240,.T.);
#1781=ORIENTED_EDGE('',*,*,#2691,.T.);
#1782=ORIENTED_EDGE('',*,*,#2840,.F.);
#1783=ORIENTED_EDGE('',*,*,#2841,.T.);
#1784=ORIENTED_EDGE('',*,*,#2842,.F.);
#1785=ORIENTED_EDGE('',*,*,#2843,.F.);
#1786=ORIENTED_EDGE('',*,*,#2243,.T.);
#1787=ORIENTED_EDGE('',*,*,#2844,.F.);
#1788=ORIENTED_EDGE('',*,*,#2845,.T.);
#1789=ORIENTED_EDGE('',*,*,#2211,.T.);
#1790=ORIENTED_EDGE('',*,*,#2846,.F.);
#1791=ORIENTED_EDGE('',*,*,#2847,.F.);
#1792=ORIENTED_EDGE('',*,*,#2848,.T.);
#1793=ORIENTED_EDGE('',*,*,#2849,.F.);
#1794=ORIENTED_EDGE('',*,*,#2695,.F.);
#1795=ORIENTED_EDGE('',*,*,#2850,.T.);
#1796=ORIENTED_EDGE('',*,*,#2849,.T.);
#1797=ORIENTED_EDGE('',*,*,#2851,.T.);
#1798=ORIENTED_EDGE('',*,*,#2852,.T.);
#1799=ORIENTED_EDGE('',*,*,#2846,.T.);
#1800=ORIENTED_EDGE('',*,*,#2206,.T.);
#1801=ORIENTED_EDGE('',*,*,#2197,.F.);
#1802=ORIENTED_EDGE('',*,*,#2188,.F.);
#1803=ORIENTED_EDGE('',*,*,#2194,.T.);
#1804=ORIENTED_EDGE('',*,*,#2192,.F.);
#1805=ORIENTED_EDGE('',*,*,#2696,.F.);
#1806=ORIENTED_EDGE('',*,*,#2238,.F.);
#1807=ORIENTED_EDGE('',*,*,#2853,.T.);
#1808=ORIENTED_EDGE('',*,*,#2854,.T.);
#1809=ORIENTED_EDGE('',*,*,#2855,.T.);
#1810=ORIENTED_EDGE('',*,*,#2840,.T.);
#1811=ORIENTED_EDGE('',*,*,#2242,.F.);
#1812=ORIENTED_EDGE('',*,*,#2856,.T.);
#1813=ORIENTED_EDGE('',*,*,#2217,.T.);
#1814=ORIENTED_EDGE('',*,*,#2857,.T.);
#1815=ORIENTED_EDGE('',*,*,#2858,.T.);
#1816=ORIENTED_EDGE('',*,*,#2850,.F.);
#1817=ORIENTED_EDGE('',*,*,#2694,.F.);
#1818=ORIENTED_EDGE('',*,*,#2858,.F.);
#1819=ORIENTED_EDGE('',*,*,#2859,.T.);
#1820=ORIENTED_EDGE('',*,*,#2860,.T.);
#1821=ORIENTED_EDGE('',*,*,#2861,.F.);
#1822=ORIENTED_EDGE('',*,*,#2862,.F.);
#1823=ORIENTED_EDGE('',*,*,#2863,.T.);
#1824=ORIENTED_EDGE('',*,*,#2864,.T.);
#1825=ORIENTED_EDGE('',*,*,#2865,.F.);
#1826=ORIENTED_EDGE('',*,*,#2866,.F.);
#1827=ORIENTED_EDGE('',*,*,#2861,.T.);
#1828=ORIENTED_EDGE('',*,*,#2867,.T.);
#1829=ORIENTED_EDGE('',*,*,#2868,.F.);
#1830=ORIENTED_EDGE('',*,*,#2869,.F.);
#1831=ORIENTED_EDGE('',*,*,#2865,.T.);
#1832=ORIENTED_EDGE('',*,*,#2870,.F.);
#1833=ORIENTED_EDGE('',*,*,#2871,.F.);
#1834=ORIENTED_EDGE('',*,*,#2872,.T.);
#1835=ORIENTED_EDGE('',*,*,#2873,.T.);
#1836=ORIENTED_EDGE('',*,*,#2874,.T.);
#1837=ORIENTED_EDGE('',*,*,#2875,.F.);
#1838=ORIENTED_EDGE('',*,*,#2876,.F.);
#1839=ORIENTED_EDGE('',*,*,#2871,.T.);
#1840=ORIENTED_EDGE('',*,*,#2877,.F.);
#1841=ORIENTED_EDGE('',*,*,#2878,.F.);
#1842=ORIENTED_EDGE('',*,*,#2879,.T.);
#1843=ORIENTED_EDGE('',*,*,#2875,.T.);
#1844=ORIENTED_EDGE('',*,*,#2880,.F.);
#1845=ORIENTED_EDGE('',*,*,#2881,.F.);
#1846=ORIENTED_EDGE('',*,*,#2882,.T.);
#1847=ORIENTED_EDGE('',*,*,#2883,.T.);
#1848=ORIENTED_EDGE('',*,*,#2884,.T.);
#1849=ORIENTED_EDGE('',*,*,#2885,.F.);
#1850=ORIENTED_EDGE('',*,*,#2886,.F.);
#1851=ORIENTED_EDGE('',*,*,#2881,.T.);
#1852=ORIENTED_EDGE('',*,*,#2887,.F.);
#1853=ORIENTED_EDGE('',*,*,#2888,.F.);
#1854=ORIENTED_EDGE('',*,*,#2889,.T.);
#1855=ORIENTED_EDGE('',*,*,#2885,.T.);
#1856=ORIENTED_EDGE('',*,*,#2890,.F.);
#1857=ORIENTED_EDGE('',*,*,#2891,.F.);
#1858=ORIENTED_EDGE('',*,*,#2892,.T.);
#1859=ORIENTED_EDGE('',*,*,#2893,.T.);
#1860=ORIENTED_EDGE('',*,*,#2894,.T.);
#1861=ORIENTED_EDGE('',*,*,#2895,.F.);
#1862=ORIENTED_EDGE('',*,*,#2896,.F.);
#1863=ORIENTED_EDGE('',*,*,#2891,.T.);
#1864=ORIENTED_EDGE('',*,*,#2897,.F.);
#1865=ORIENTED_EDGE('',*,*,#2898,.F.);
#1866=ORIENTED_EDGE('',*,*,#2899,.T.);
#1867=ORIENTED_EDGE('',*,*,#2895,.T.);
#1868=ORIENTED_EDGE('',*,*,#2900,.F.);
#1869=ORIENTED_EDGE('',*,*,#2901,.F.);
#1870=ORIENTED_EDGE('',*,*,#2902,.T.);
#1871=ORIENTED_EDGE('',*,*,#2903,.T.);
#1872=ORIENTED_EDGE('',*,*,#2904,.F.);
#1873=ORIENTED_EDGE('',*,*,#2905,.F.);
#1874=ORIENTED_EDGE('',*,*,#2906,.T.);
#1875=ORIENTED_EDGE('',*,*,#2901,.T.);
#1876=ORIENTED_EDGE('',*,*,#2907,.F.);
#1877=ORIENTED_EDGE('',*,*,#2908,.F.);
#1878=ORIENTED_EDGE('',*,*,#2909,.T.);
#1879=ORIENTED_EDGE('',*,*,#2905,.T.);
#1880=ORIENTED_EDGE('',*,*,#2910,.T.);
#1881=ORIENTED_EDGE('',*,*,#2911,.F.);
#1882=ORIENTED_EDGE('',*,*,#2912,.F.);
#1883=ORIENTED_EDGE('',*,*,#2913,.T.);
#1884=ORIENTED_EDGE('',*,*,#2914,.F.);
#1885=ORIENTED_EDGE('',*,*,#2915,.F.);
#1886=ORIENTED_EDGE('',*,*,#2916,.T.);
#1887=ORIENTED_EDGE('',*,*,#2911,.T.);
#1888=ORIENTED_EDGE('',*,*,#2917,.F.);
#1889=ORIENTED_EDGE('',*,*,#2918,.F.);
#1890=ORIENTED_EDGE('',*,*,#2919,.T.);
#1891=ORIENTED_EDGE('',*,*,#2915,.T.);
#1892=ORIENTED_EDGE('',*,*,#2857,.F.);
#1893=ORIENTED_EDGE('',*,*,#2920,.T.);
#1894=ORIENTED_EDGE('',*,*,#2847,.T.);
#1895=ORIENTED_EDGE('',*,*,#2859,.F.);
#1896=ORIENTED_EDGE('',*,*,#2921,.F.);
#1897=ORIENTED_EDGE('',*,*,#2873,.F.);
#1898=ORIENTED_EDGE('',*,*,#2922,.T.);
#1899=ORIENTED_EDGE('',*,*,#2878,.T.);
#1900=ORIENTED_EDGE('',*,*,#2923,.F.);
#1901=ORIENTED_EDGE('',*,*,#2883,.F.);
#1902=ORIENTED_EDGE('',*,*,#2924,.T.);
#1903=ORIENTED_EDGE('',*,*,#2888,.T.);
#1904=ORIENTED_EDGE('',*,*,#2925,.F.);
#1905=ORIENTED_EDGE('',*,*,#2893,.F.);
#1906=ORIENTED_EDGE('',*,*,#2926,.T.);
#1907=ORIENTED_EDGE('',*,*,#2898,.T.);
#1908=ORIENTED_EDGE('',*,*,#2927,.F.);
#1909=ORIENTED_EDGE('',*,*,#2903,.F.);
#1910=ORIENTED_EDGE('',*,*,#2928,.T.);
#1911=ORIENTED_EDGE('',*,*,#2908,.T.);
#1912=ORIENTED_EDGE('',*,*,#2929,.F.);
#1913=ORIENTED_EDGE('',*,*,#2913,.F.);
#1914=ORIENTED_EDGE('',*,*,#2930,.T.);
#1915=ORIENTED_EDGE('',*,*,#2918,.T.);
#1916=ORIENTED_EDGE('',*,*,#2931,.T.);
#1917=ORIENTED_EDGE('',*,*,#2863,.F.);
#1918=ORIENTED_EDGE('',*,*,#2932,.F.);
#1919=ORIENTED_EDGE('',*,*,#2868,.T.);
#1920=ORIENTED_EDGE('',*,*,#2933,.T.);
#1921=ORIENTED_EDGE('',*,*,#2934,.T.);
#1922=ORIENTED_EDGE('',*,*,#2844,.T.);
#1923=ORIENTED_EDGE('',*,*,#2852,.F.);
#1924=ORIENTED_EDGE('',*,*,#2912,.T.);
#1925=ORIENTED_EDGE('',*,*,#2916,.F.);
#1926=ORIENTED_EDGE('',*,*,#2919,.F.);
#1927=ORIENTED_EDGE('',*,*,#2930,.F.);
#1928=ORIENTED_EDGE('',*,*,#2902,.F.);
#1929=ORIENTED_EDGE('',*,*,#2906,.F.);
#1930=ORIENTED_EDGE('',*,*,#2909,.F.);
#1931=ORIENTED_EDGE('',*,*,#2928,.F.);
#1932=ORIENTED_EDGE('',*,*,#2892,.F.);
#1933=ORIENTED_EDGE('',*,*,#2896,.T.);
#1934=ORIENTED_EDGE('',*,*,#2899,.F.);
#1935=ORIENTED_EDGE('',*,*,#2926,.F.);
#1936=ORIENTED_EDGE('',*,*,#2882,.F.);
#1937=ORIENTED_EDGE('',*,*,#2886,.T.);
#1938=ORIENTED_EDGE('',*,*,#2889,.F.);
#1939=ORIENTED_EDGE('',*,*,#2924,.F.);
#1940=ORIENTED_EDGE('',*,*,#2872,.F.);
#1941=ORIENTED_EDGE('',*,*,#2876,.T.);
#1942=ORIENTED_EDGE('',*,*,#2879,.F.);
#1943=ORIENTED_EDGE('',*,*,#2922,.F.);
#1944=ORIENTED_EDGE('',*,*,#2862,.T.);
#1945=ORIENTED_EDGE('',*,*,#2866,.T.);
#1946=ORIENTED_EDGE('',*,*,#2869,.T.);
#1947=ORIENTED_EDGE('',*,*,#2932,.T.);
#1948=ORIENTED_EDGE('',*,*,#2860,.F.);
#1949=ORIENTED_EDGE('',*,*,#2931,.F.);
#1950=ORIENTED_EDGE('',*,*,#2867,.F.);
#1951=ORIENTED_EDGE('',*,*,#2864,.F.);
#1952=ORIENTED_EDGE('',*,*,#2910,.F.);
#1953=ORIENTED_EDGE('',*,*,#2929,.T.);
#1954=ORIENTED_EDGE('',*,*,#2917,.T.);
#1955=ORIENTED_EDGE('',*,*,#2914,.T.);
#1956=ORIENTED_EDGE('',*,*,#2904,.T.);
#1957=ORIENTED_EDGE('',*,*,#2900,.T.);
#1958=ORIENTED_EDGE('',*,*,#2927,.T.);
#1959=ORIENTED_EDGE('',*,*,#2907,.T.);
#1960=ORIENTED_EDGE('',*,*,#2894,.F.);
#1961=ORIENTED_EDGE('',*,*,#2890,.T.);
#1962=ORIENTED_EDGE('',*,*,#2925,.T.);
#1963=ORIENTED_EDGE('',*,*,#2897,.T.);
#1964=ORIENTED_EDGE('',*,*,#2884,.F.);
#1965=ORIENTED_EDGE('',*,*,#2880,.T.);
#1966=ORIENTED_EDGE('',*,*,#2923,.T.);
#1967=ORIENTED_EDGE('',*,*,#2887,.T.);
#1968=ORIENTED_EDGE('',*,*,#2874,.F.);
#1969=ORIENTED_EDGE('',*,*,#2870,.T.);
#1970=ORIENTED_EDGE('',*,*,#2921,.T.);
#1971=ORIENTED_EDGE('',*,*,#2877,.T.);
#1972=ORIENTED_EDGE('',*,*,#2704,.F.);
#1973=ORIENTED_EDGE('',*,*,#2935,.T.);
#1974=ORIENTED_EDGE('',*,*,#2807,.T.);
#1975=ORIENTED_EDGE('',*,*,#2715,.F.);
#1976=ORIENTED_EDGE('',*,*,#2702,.F.);
#1977=ORIENTED_EDGE('',*,*,#2936,.T.);
#1978=ORIENTED_EDGE('',*,*,#2811,.T.);
#1979=ORIENTED_EDGE('',*,*,#2227,.F.);
#1980=ORIENTED_EDGE('',*,*,#2699,.F.);
#1981=ORIENTED_EDGE('',*,*,#2937,.T.);
#1982=ORIENTED_EDGE('',*,*,#2195,.T.);
#1983=ORIENTED_EDGE('',*,*,#2818,.F.);
#1984=ORIENTED_EDGE('',*,*,#2938,.T.);
#1985=ORIENTED_EDGE('',*,*,#2939,.T.);
#1986=ORIENTED_EDGE('',*,*,#2697,.F.);
#1987=ORIENTED_EDGE('',*,*,#2190,.F.);
#1988=ORIENTED_EDGE('',*,*,#2193,.T.);
#1989=ORIENTED_EDGE('',*,*,#2186,.F.);
#1990=ORIENTED_EDGE('',*,*,#2843,.T.);
#1991=ORIENTED_EDGE('',*,*,#2940,.F.);
#1992=ORIENTED_EDGE('',*,*,#2941,.F.);
#1993=ORIENTED_EDGE('',*,*,#2244,.T.);
#1994=ORIENTED_EDGE('',*,*,#2842,.T.);
#1995=ORIENTED_EDGE('',*,*,#2942,.F.);
#1996=ORIENTED_EDGE('',*,*,#2943,.F.);
#1997=ORIENTED_EDGE('',*,*,#2940,.T.);
#1998=ORIENTED_EDGE('',*,*,#2841,.F.);
#1999=ORIENTED_EDGE('',*,*,#2855,.F.);
#2000=ORIENTED_EDGE('',*,*,#2944,.T.);
#2001=ORIENTED_EDGE('',*,*,#2942,.T.);
#2002=ORIENTED_EDGE('',*,*,#2945,.T.);
#2003=ORIENTED_EDGE('',*,*,#2946,.T.);
#2004=ORIENTED_EDGE('',*,*,#2245,.T.);
#2005=ORIENTED_EDGE('',*,*,#2941,.T.);
#2006=ORIENTED_EDGE('',*,*,#2943,.T.);
#2007=ORIENTED_EDGE('',*,*,#2944,.F.);
#2008=ORIENTED_EDGE('',*,*,#2854,.F.);
#2009=ORIENTED_EDGE('',*,*,#2947,.T.);
#2010=ORIENTED_EDGE('',*,*,#2213,.F.);
#2011=ORIENTED_EDGE('',*,*,#2948,.T.);
#2012=ORIENTED_EDGE('',*,*,#2232,.T.);
#2013=ORIENTED_EDGE('',*,*,#2949,.F.);
#2014=ORIENTED_EDGE('',*,*,#2235,.T.);
#2015=ORIENTED_EDGE('',*,*,#2950,.F.);
#2016=ORIENTED_EDGE('',*,*,#2214,.F.);
#2017=ORIENTED_EDGE('',*,*,#2949,.T.);
#2018=ORIENTED_EDGE('',*,*,#2234,.F.);
#2019=ORIENTED_EDGE('',*,*,#2166,.F.);
#2020=ORIENTED_EDGE('',*,*,#2215,.T.);
#2021=ORIENTED_EDGE('',*,*,#2950,.T.);
#2022=ORIENTED_EDGE('',*,*,#2853,.F.);
#2023=ORIENTED_EDGE('',*,*,#2237,.F.);
#2024=ORIENTED_EDGE('',*,*,#2951,.F.);
#2025=ORIENTED_EDGE('',*,*,#2947,.F.);
#2026=ORIENTED_EDGE('',*,*,#2951,.T.);
#2027=ORIENTED_EDGE('',*,*,#2836,.F.);
#2028=ORIENTED_EDGE('',*,*,#2952,.F.);
#2029=ORIENTED_EDGE('',*,*,#2945,.F.);
#2030=ORIENTED_EDGE('',*,*,#2952,.T.);
#2031=ORIENTED_EDGE('',*,*,#2834,.F.);
#2032=ORIENTED_EDGE('',*,*,#2246,.F.);
#2033=ORIENTED_EDGE('',*,*,#2946,.F.);
#2034=ORIENTED_EDGE('',*,*,#2179,.F.);
#2035=ORIENTED_EDGE('',*,*,#2207,.F.);
#2036=ORIENTED_EDGE('',*,*,#2953,.F.);
#2037=ORIENTED_EDGE('',*,*,#2837,.F.);
#2038=ORIENTED_EDGE('',*,*,#2953,.T.);
#2039=ORIENTED_EDGE('',*,*,#2219,.F.);
#2040=ORIENTED_EDGE('',*,*,#2954,.F.);
#2041=ORIENTED_EDGE('',*,*,#2839,.F.);
#2042=ORIENTED_EDGE('',*,*,#2954,.T.);
#2043=ORIENTED_EDGE('',*,*,#2218,.F.);
#2044=ORIENTED_EDGE('',*,*,#2856,.F.);
#2045=ORIENTED_EDGE('',*,*,#2241,.F.);
#2046=ORIENTED_EDGE('',*,*,#2275,.F.);
#2047=ORIENTED_EDGE('',*,*,#2830,.F.);
#2048=ORIENTED_EDGE('',*,*,#2955,.F.);
#2049=ORIENTED_EDGE('',*,*,#2718,.F.);
#2050=ORIENTED_EDGE('',*,*,#2955,.T.);
#2051=ORIENTED_EDGE('',*,*,#2829,.F.);
#2052=ORIENTED_EDGE('',*,*,#2956,.F.);
#2053=ORIENTED_EDGE('',*,*,#2720,.F.);
#2054=ORIENTED_EDGE('',*,*,#2956,.T.);
#2055=ORIENTED_EDGE('',*,*,#2828,.F.);
#2056=ORIENTED_EDGE('',*,*,#2268,.F.);
#2057=ORIENTED_EDGE('',*,*,#2711,.F.);
#2058=ORIENTED_EDGE('',*,*,#2281,.F.);
#2059=ORIENTED_EDGE('',*,*,#2306,.F.);
#2060=ORIENTED_EDGE('',*,*,#2957,.F.);
#2061=ORIENTED_EDGE('',*,*,#2264,.F.);
#2062=ORIENTED_EDGE('',*,*,#2957,.T.);
#2063=ORIENTED_EDGE('',*,*,#2305,.F.);
#2064=ORIENTED_EDGE('',*,*,#2958,.F.);
#2065=ORIENTED_EDGE('',*,*,#2712,.F.);
#2066=ORIENTED_EDGE('',*,*,#2803,.F.);
#2067=ORIENTED_EDGE('',*,*,#2255,.F.);
#2068=ORIENTED_EDGE('',*,*,#2959,.F.);
#2069=ORIENTED_EDGE('',*,*,#2303,.F.);
#2070=ORIENTED_EDGE('',*,*,#2958,.T.);
#2071=ORIENTED_EDGE('',*,*,#2304,.F.);
#2072=ORIENTED_EDGE('',*,*,#2959,.T.);
#2073=ORIENTED_EDGE('',*,*,#2714,.F.);
#2074=ORIENTED_EDGE('',*,*,#2948,.F.);
#2075=ORIENTED_EDGE('',*,*,#2212,.T.);
#2076=ORIENTED_EDGE('',*,*,#2164,.F.);
#2077=ORIENTED_EDGE('',*,*,#2233,.F.);
#2078=ORIENTED_EDGE('',*,*,#2802,.F.);
#2079=ORIENTED_EDGE('',*,*,#2221,.F.);
#2080=ORIENTED_EDGE('',*,*,#2819,.F.);
#2081=ORIENTED_EDGE('',*,*,#2209,.F.);
#2082=ORIENTED_EDGE('',*,*,#2806,.F.);
#2083=ORIENTED_EDGE('',*,*,#2203,.T.);
#2084=ORIENTED_EDGE('',*,*,#2815,.F.);
#2085=ORIENTED_EDGE('',*,*,#2223,.F.);
#2086=ORIENTED_EDGE('',*,*,#2805,.F.);
#2087=ORIENTED_EDGE('',*,*,#2313,.T.);
#2088=ORIENTED_EDGE('',*,*,#2170,.F.);
#2089=ORIENTED_EDGE('',*,*,#2201,.F.);
#2090=ORIENTED_EDGE('',*,*,#2804,.F.);
#2091=ORIENTED_EDGE('',*,*,#2301,.T.);
#2092=ORIENTED_EDGE('',*,*,#2172,.F.);
#2093=ORIENTED_EDGE('',*,*,#2312,.F.);
#2094=ORIENTED_EDGE('',*,*,#2831,.F.);
#2095=ORIENTED_EDGE('',*,*,#2249,.T.);
#2096=ORIENTED_EDGE('',*,*,#2262,.F.);
#2097=ORIENTED_EDGE('',*,*,#2299,.F.);
#2098=ORIENTED_EDGE('',*,*,#2283,.F.);
#2099=ORIENTED_EDGE('',*,*,#2822,.F.);
#2100=ORIENTED_EDGE('',*,*,#2960,.F.);
#2101=ORIENTED_EDGE('',*,*,#2293,.F.);
#2102=ORIENTED_EDGE('',*,*,#2681,.F.);
#2103=ORIENTED_EDGE('',*,*,#2820,.F.);
#2104=ORIENTED_EDGE('',*,*,#2960,.T.);
#2105=ORIENTED_EDGE('',*,*,#2821,.F.);
#2106=ORIENTED_EDGE('',*,*,#2185,.F.);
#2107=ORIENTED_EDGE('',*,*,#2196,.F.);
#2108=ORIENTED_EDGE('',*,*,#2961,.F.);
#2109=ORIENTED_EDGE('',*,*,#2938,.F.);
#2110=ORIENTED_EDGE('',*,*,#2698,.F.);
#2111=ORIENTED_EDGE('',*,*,#2939,.F.);
#2112=ORIENTED_EDGE('',*,*,#2961,.T.);
#2113=ORIENTED_EDGE('',*,*,#2937,.F.);
#2114=ORIENTED_EDGE('',*,*,#2701,.F.);
#2115=ORIENTED_EDGE('',*,*,#2817,.F.);
#2116=ORIENTED_EDGE('',*,*,#2962,.F.);
#2117=ORIENTED_EDGE('',*,*,#2936,.F.);
#2118=ORIENTED_EDGE('',*,*,#2709,.F.);
#2119=ORIENTED_EDGE('',*,*,#2814,.F.);
#2120=ORIENTED_EDGE('',*,*,#2963,.F.);
#2121=ORIENTED_EDGE('',*,*,#2168,.F.);
#2122=ORIENTED_EDGE('',*,*,#2202,.F.);
#2123=ORIENTED_EDGE('',*,*,#2169,.F.);
#2124=ORIENTED_EDGE('',*,*,#2963,.T.);
#2125=ORIENTED_EDGE('',*,*,#2812,.F.);
#2126=ORIENTED_EDGE('',*,*,#2962,.T.);
#2127=ORIENTED_EDGE('',*,*,#2816,.F.);
#2128=ORIENTED_EDGE('',*,*,#2707,.F.);
#2129=ORIENTED_EDGE('',*,*,#2810,.F.);
#2130=ORIENTED_EDGE('',*,*,#2964,.F.);
#2131=ORIENTED_EDGE('',*,*,#2231,.F.);
#2132=ORIENTED_EDGE('',*,*,#2964,.T.);
#2133=ORIENTED_EDGE('',*,*,#2808,.F.);
#2134=ORIENTED_EDGE('',*,*,#2965,.F.);
#2135=ORIENTED_EDGE('',*,*,#2224,.F.);
#2136=ORIENTED_EDGE('',*,*,#2703,.F.);
#2137=ORIENTED_EDGE('',*,*,#2225,.F.);
#2138=ORIENTED_EDGE('',*,*,#2965,.T.);
#2139=ORIENTED_EDGE('',*,*,#2935,.F.);
#2140=ORIENTED_EDGE('',*,*,#2851,.F.);
#2141=ORIENTED_EDGE('',*,*,#2848,.F.);
#2142=ORIENTED_EDGE('',*,*,#2966,.F.);
#2143=ORIENTED_EDGE('',*,*,#2933,.F.);
#2144=ORIENTED_EDGE('',*,*,#2845,.F.);
#2145=ORIENTED_EDGE('',*,*,#2934,.F.);
#2146=ORIENTED_EDGE('',*,*,#2966,.T.);
#2147=ORIENTED_EDGE('',*,*,#2920,.F.);
#2148=ORIENTED_EDGE('',*,*,#2216,.F.);
#2149=ORIENTED_EDGE('',*,*,#2165,.F.);
#2150=ORIENTED_EDGE('',*,*,#2307,.T.);
#2151=ORIENTED_EDGE('',*,*,#2161,.F.);
#2152=ORIENTED_EDGE('',*,*,#2967,.F.);
#2153=ORIENTED_EDGE('',*,*,#2800,.F.);
#2154=ORIENTED_EDGE('',*,*,#2721,.F.);
#2155=ORIENTED_EDGE('',*,*,#2260,.F.);
#2156=ORIENTED_EDGE('',*,*,#2967,.T.);
#2157=ORIENTED_EDGE('',*,*,#2727,.F.);
#2158=ORIENTED_EDGE('',*,*,#2725,.F.);
#2159=ORIENTED_EDGE('',*,*,#2801,.F.);
#2160=EDGE_CURVE('',#2968,#2969,#3496,.T.);
#2161=EDGE_CURVE('',#2968,#2970,#290,.F.);
#2162=EDGE_CURVE('',#2970,#2971,#3497,.T.);
#2163=EDGE_CURVE('',#2971,#2969,#291,.T.);
#2164=EDGE_CURVE('',#2972,#2973,#243,.T.);
#2165=EDGE_CURVE('',#2973,#2974,#292,.F.);
#2166=EDGE_CURVE('',#2974,#2975,#3498,.T.);
#2167=EDGE_CURVE('',#2972,#2975,#293,.T.);
#2168=EDGE_CURVE('',#2976,#2977,#3499,.T.);
#2169=EDGE_CURVE('',#2977,#2978,#3500,.F.);
#2170=EDGE_CURVE('',#2978,#2979,#294,.T.);
#2171=EDGE_CURVE('',#2980,#2979,#3501,.T.);
#2172=EDGE_CURVE('',#2980,#2981,#295,.T.);
#2173=EDGE_CURVE('',#2982,#2981,#3502,.T.);
#2174=EDGE_CURVE('',#2982,#2983,#3503,.T.);
#2175=EDGE_CURVE('',#2983,#2984,#3504,.T.);
#2176=EDGE_CURVE('',#2985,#2984,#3505,.T.);
#2177=EDGE_CURVE('',#2985,#2976,#3506,.T.);
#2178=EDGE_CURVE('',#2986,#2987,#3507,.T.);
#2179=EDGE_CURVE('',#2987,#2988,#296,.F.);
#2180=EDGE_CURVE('',#2988,#2989,#3508,.T.);
#2181=EDGE_CURVE('',#2990,#2989,#3509,.T.);
#2182=EDGE_CURVE('',#2991,#2990,#3510,.T.);
#2183=EDGE_CURVE('',#2986,#2991,#3511,.T.);
#2184=EDGE_CURVE('',#2992,#2993,#3512,.T.);
#2185=EDGE_CURVE('',#2993,#2994,#297,.F.);
#2186=EDGE_CURVE('',#2994,#2995,#3513,.T.);
#2187=EDGE_CURVE('',#2996,#2995,#3514,.T.);
#2188=EDGE_CURVE('',#2996,#2992,#3515,.T.);
#2189=EDGE_CURVE('',#2997,#2998,#3516,.T.);
#2190=EDGE_CURVE('',#2998,#2999,#3517,.T.);
#2191=EDGE_CURVE('',#3000,#2999,#3518,.T.);
#2192=EDGE_CURVE('',#3000,#2997,#3519,.T.);
#2193=EDGE_CURVE('',#2998,#2995,#3520,.T.);
#2194=EDGE_CURVE('',#2996,#2997,#3521,.T.);
#2195=EDGE_CURVE('',#3001,#3002,#3522,.T.);
#2196=EDGE_CURVE('',#3001,#2993,#3523,.F.);
#2197=EDGE_CURVE('',#2992,#3003,#3524,.T.);
#2198=EDGE_CURVE('',#3003,#3004,#3525,.T.);
#2199=EDGE_CURVE('',#3004,#3002,#3526,.T.);
#2200=EDGE_CURVE('',#3005,#3006,#298,.T.);
#2201=EDGE_CURVE('',#3006,#2978,#3527,.T.);
#2202=EDGE_CURVE('',#2978,#3007,#3528,.T.);
#2203=EDGE_CURVE('',#3005,#3007,#3529,.T.);
#2204=EDGE_CURVE('',#3008,#3009,#3530,.T.);
#2205=EDGE_CURVE('',#3009,#3004,#3531,.T.);
#2206=EDGE_CURVE('',#3008,#3003,#3532,.T.);
#2207=EDGE_CURVE('',#3010,#2987,#3533,.T.);
#2208=EDGE_CURVE('',#3011,#2986,#299,.T.);
#2209=EDGE_CURVE('',#3011,#3012,#3534,.T.);
#2210=EDGE_CURVE('',#3009,#3012,#3535,.T.);
#2211=EDGE_CURVE('',#2973,#3008,#3536,.T.);
#2212=EDGE_CURVE('',#3013,#2973,#3537,.T.);
#2213=EDGE_CURVE('',#3013,#3014,#3538,.T.);
#2214=EDGE_CURVE('',#3014,#3015,#300,.T.);
#2215=EDGE_CURVE('',#2974,#3015,#3539,.T.);
#2216=EDGE_CURVE('',#2974,#3016,#301,.T.);
#2217=EDGE_CURVE('',#3017,#3016,#302,.T.);
#2218=EDGE_CURVE('',#3017,#3018,#3540,.F.);
#2219=EDGE_CURVE('',#3018,#3010,#303,.T.);
#2220=EDGE_CURVE('',#3019,#3020,#3541,.T.);
#2221=EDGE_CURVE('',#3019,#3021,#3542,.F.);
#2222=EDGE_CURVE('',#3022,#3021,#304,.T.);
#2223=EDGE_CURVE('',#3022,#3020,#3543,.T.);
#2224=EDGE_CURVE('',#3023,#3024,#3544,.F.);
#2225=EDGE_CURVE('',#3024,#3025,#3545,.F.);
#2226=EDGE_CURVE('',#3026,#3025,#3546,.T.);
#2227=EDGE_CURVE('',#3026,#3027,#3547,.T.);
#2228=EDGE_CURVE('',#3027,#3028,#3548,.T.);
#2229=EDGE_CURVE('',#3029,#3028,#3549,.T.);
#2230=EDGE_CURVE('',#3029,#3030,#3550,.T.);
#2231=EDGE_CURVE('',#3030,#3023,#3551,.T.);
#2232=EDGE_CURVE('',#3031,#3032,#3552,.T.);
#2233=EDGE_CURVE('',#3031,#2972,#3553,.T.);
#2234=EDGE_CURVE('',#2975,#3033,#3554,.T.);
#2235=EDGE_CURVE('',#3032,#3033,#305,.T.);
#2236=EDGE_CURVE('',#3034,#3035,#3555,.T.);
#2237=EDGE_CURVE('',#3034,#3036,#3556,.T.);
#2238=EDGE_CURVE('',#3036,#3037,#3557,.F.);
#2239=EDGE_CURVE('',#3035,#3037,#3558,.T.);
#2240=EDGE_CURVE('',#3038,#3039,#3559,.T.);
#2241=EDGE_CURVE('',#3038,#3040,#3560,.T.);
#2242=EDGE_CURVE('',#3040,#3041,#3561,.F.);
#2243=EDGE_CURVE('',#3042,#3041,#3562,.T.);
#2244=EDGE_CURVE('',#3043,#3042,#3563,.T.);
#2245=EDGE_CURVE('',#3044,#3043,#3564,.T.);
#2246=EDGE_CURVE('',#3044,#3045,#306,.F.);
#2247=EDGE_CURVE('',#3045,#3046,#3565,.T.);
#2248=EDGE_CURVE('',#3039,#3046,#3566,.T.);
#2249=EDGE_CURVE('',#3047,#3048,#3567,.T.);
#2250=EDGE_CURVE('',#3047,#3049,#3568,.T.);
#2251=EDGE_CURVE('',#3049,#3050,#307,.T.);
#2252=EDGE_CURVE('',#3051,#3050,#3569,.T.);
#2253=EDGE_CURVE('',#3048,#3051,#308,.T.);
#2254=EDGE_CURVE('',#3052,#3053,#3570,.T.);
#2255=EDGE_CURVE('',#3052,#3054,#3571,.F.);
#2256=EDGE_CURVE('',#3054,#3055,#3572,.T.);
#2257=EDGE_CURVE('',#3055,#3056,#3573,.T.);
#2258=EDGE_CURVE('',#3056,#3053,#3574,.T.);
#2259=EDGE_CURVE('',#3057,#3051,#3575,.T.);
#2260=EDGE_CURVE('',#3057,#3058,#309,.F.);
#2261=EDGE_CURVE('',#3059,#3058,#310,.T.);
#2262=EDGE_CURVE('',#3059,#3048,#244,.T.);
#2263=EDGE_CURVE('',#3060,#3061,#3576,.T.);
#2264=EDGE_CURVE('',#3061,#3062,#3577,.F.);
#2265=EDGE_CURVE('',#3062,#3063,#3578,.T.);
#2266=EDGE_CURVE('',#3063,#3064,#3579,.T.);
#2267=EDGE_CURVE('',#3065,#3064,#3580,.T.);
#2268=EDGE_CURVE('',#3065,#3066,#311,.T.);
#2269=EDGE_CURVE('',#3066,#3067,#3581,.T.);
#2270=EDGE_CURVE('',#3067,#3068,#3582,.T.);
#2271=EDGE_CURVE('',#3068,#3060,#3583,.T.);
#2272=EDGE_CURVE('',#3069,#3060,#312,.T.);
#2273=EDGE_CURVE('',#3070,#3069,#3584,.T.);
#2274=EDGE_CURVE('',#3071,#3070,#313,.F.);
#2275=EDGE_CURVE('',#3071,#3072,#245,.T.);
#2276=EDGE_CURVE('',#3073,#3072,#3585,.T.);
#2277=EDGE_CURVE('',#3073,#3074,#314,.F.);
#2278=EDGE_CURVE('',#3074,#2969,#3586,.T.);
#2279=EDGE_CURVE('',#2971,#2969,#315,.T.);
#2280=EDGE_CURVE('',#3075,#2970,#316,.T.);
#2281=EDGE_CURVE('',#3075,#3061,#246,.T.);
#2282=EDGE_CURVE('',#3076,#3077,#3587,.T.);
#2283=EDGE_CURVE('',#3076,#3078,#317,.T.);
#2284=EDGE_CURVE('',#3079,#3078,#3588,.T.);
#2285=EDGE_CURVE('',#3079,#3080,#3589,.T.);
#2286=EDGE_CURVE('',#3080,#3077,#3590,.T.);
#2287=EDGE_CURVE('',#3081,#3077,#3591,.T.);
#2288=EDGE_CURVE('',#3080,#3082,#3592,.T.);
#2289=EDGE_CURVE('',#3082,#3081,#3593,.T.);
#2290=EDGE_CURVE('',#3081,#3083,#3594,.T.);
#2291=EDGE_CURVE('',#3082,#3084,#3595,.T.);
#2292=EDGE_CURVE('',#3084,#3083,#3596,.T.);
#2293=EDGE_CURVE('',#3078,#3085,#3597,.T.);
#2294=EDGE_CURVE('',#3085,#2984,#3598,.T.);
#2295=EDGE_CURVE('',#3086,#2983,#3599,.T.);
#2296=EDGE_CURVE('',#3079,#3086,#3600,.T.);
#2297=EDGE_CURVE('',#3087,#2982,#3601,.T.);
#2298=EDGE_CURVE('',#3087,#3086,#3602,.T.);
#2299=EDGE_CURVE('',#3088,#3059,#3603,.T.);
#2300=EDGE_CURVE('',#3058,#3087,#3604,.T.);
#2301=EDGE_CURVE('',#3089,#2981,#3605,.T.);
#2302=EDGE_CURVE('',#3089,#3090,#318,.T.);
#2303=EDGE_CURVE('',#3090,#3091,#3606,.T.);
#2304=EDGE_CURVE('',#3091,#3092,#3607,.F.);
#2305=EDGE_CURVE('',#3092,#3093,#319,.T.);
#2306=EDGE_CURVE('',#3093,#3075,#3608,.T.);
#2307=EDGE_CURVE('',#3057,#2970,#320,.T.);
#2308=EDGE_CURVE('',#3057,#3094,#3609,.T.);
#2309=EDGE_CURVE('',#3095,#3094,#321,.T.);
#2310=EDGE_CURVE('',#3088,#3095,#3610,.T.);
#2311=EDGE_CURVE('',#3096,#3097,#322,.T.);
#2312=EDGE_CURVE('',#3097,#2980,#3611,.T.);
#2313=EDGE_CURVE('',#3096,#2979,#3612,.T.);
#2314=EDGE_CURVE('',#3055,#2991,#323,.T.);
#2315=EDGE_CURVE('',#2990,#3056,#324,.T.);
#2316=EDGE_CURVE('',#3068,#3098,#3613,.T.);
#2317=EDGE_CURVE('',#3098,#3099,#325,.T.);
#2318=EDGE_CURVE('',#3069,#3099,#3614,.T.);
#2319=EDGE_CURVE('',#3100,#3101,#326,.T.);
#2320=EDGE_CURVE('',#3101,#3102,#3615,.F.);
#2321=EDGE_CURVE('',#3102,#3103,#327,.T.);
#2322=EDGE_CURVE('',#3100,#3103,#3616,.F.);
#2323=EDGE_CURVE('',#3104,#3105,#328,.T.);
#2324=EDGE_CURVE('',#3105,#3106,#3617,.F.);
#2325=EDGE_CURVE('',#3106,#3107,#329,.T.);
#2326=EDGE_CURVE('',#3104,#3107,#3618,.F.);
#2327=EDGE_CURVE('',#3108,#3109,#330,.T.);
#2328=EDGE_CURVE('',#3110,#3109,#3619,.F.);
#2329=EDGE_CURVE('',#3110,#3111,#331,.T.);
#2330=EDGE_CURVE('',#3111,#3108,#3620,.F.);
#2331=EDGE_CURVE('',#3102,#3112,#332,.T.);
#2332=EDGE_CURVE('',#3112,#3113,#333,.F.);
#2333=EDGE_CURVE('',#3103,#3113,#334,.F.);
#2334=EDGE_CURVE('',#3114,#3115,#335,.F.);
#2335=EDGE_CURVE('',#3116,#3115,#336,.F.);
#2336=EDGE_CURVE('',#3117,#3116,#337,.T.);
#2337=EDGE_CURVE('',#3117,#3114,#338,.T.);
#2338=EDGE_CURVE('',#3118,#3119,#339,.F.);
#2339=EDGE_CURVE('',#3109,#3119,#340,.F.);
#2340=EDGE_CURVE('',#3108,#3118,#341,.T.);
#2341=EDGE_CURVE('',#3120,#3121,#342,.T.);
#2342=EDGE_CURVE('',#3121,#3122,#3621,.F.);
#2343=EDGE_CURVE('',#3122,#3123,#343,.T.);
#2344=EDGE_CURVE('',#3120,#3123,#3622,.F.);
#2345=EDGE_CURVE('',#3124,#3125,#344,.T.);
#2346=EDGE_CURVE('',#3125,#3126,#3623,.F.);
#2347=EDGE_CURVE('',#3126,#3127,#345,.T.);
#2348=EDGE_CURVE('',#3124,#3127,#3624,.F.);
#2349=EDGE_CURVE('',#3128,#3129,#346,.T.);
#2350=EDGE_CURVE('',#3130,#3129,#3625,.F.);
#2351=EDGE_CURVE('',#3130,#3131,#347,.T.);
#2352=EDGE_CURVE('',#3131,#3128,#3626,.F.);
#2353=EDGE_CURVE('',#3122,#3132,#348,.T.);
#2354=EDGE_CURVE('',#3132,#3133,#349,.F.);
#2355=EDGE_CURVE('',#3123,#3133,#350,.F.);
#2356=EDGE_CURVE('',#3134,#3135,#351,.F.);
#2357=EDGE_CURVE('',#3136,#3135,#352,.F.);
#2358=EDGE_CURVE('',#3137,#3136,#353,.T.);
#2359=EDGE_CURVE('',#3137,#3134,#354,.T.);
#2360=EDGE_CURVE('',#3138,#3139,#355,.F.);
#2361=EDGE_CURVE('',#3129,#3139,#356,.F.);
#2362=EDGE_CURVE('',#3128,#3138,#357,.T.);
#2363=EDGE_CURVE('',#3140,#3141,#3627,.F.);
#2364=EDGE_CURVE('',#3140,#3142,#358,.T.);
#2365=EDGE_CURVE('',#3142,#3143,#3628,.F.);
#2366=EDGE_CURVE('',#3143,#3141,#359,.T.);
#2367=EDGE_CURVE('',#3144,#3145,#360,.T.);
#2368=EDGE_CURVE('',#3145,#3146,#3629,.F.);
#2369=EDGE_CURVE('',#3146,#3147,#361,.T.);
#2370=EDGE_CURVE('',#3144,#3147,#3630,.F.);
#2371=EDGE_CURVE('',#3148,#3149,#362,.T.);
#2372=EDGE_CURVE('',#3149,#3150,#3631,.F.);
#2373=EDGE_CURVE('',#3150,#3151,#363,.T.);
#2374=EDGE_CURVE('',#3148,#3151,#3632,.F.);
#2375=EDGE_CURVE('',#3152,#3153,#364,.T.);
#2376=EDGE_CURVE('',#3152,#3154,#365,.T.);
#2377=EDGE_CURVE('',#3154,#3155,#366,.F.);
#2378=EDGE_CURVE('',#3153,#3155,#367,.F.);
#2379=EDGE_CURVE('',#3156,#3157,#368,.F.);
#2380=EDGE_CURVE('',#3141,#3157,#369,.F.);
#2381=EDGE_CURVE('',#3143,#3156,#370,.T.);
#2382=EDGE_CURVE('',#3158,#3159,#371,.F.);
#2383=EDGE_CURVE('',#3151,#3159,#372,.F.);
#2384=EDGE_CURVE('',#3150,#3158,#373,.T.);
#2385=EDGE_CURVE('',#3160,#3161,#3633,.F.);
#2386=EDGE_CURVE('',#3160,#3162,#374,.T.);
#2387=EDGE_CURVE('',#3162,#3163,#3634,.F.);
#2388=EDGE_CURVE('',#3163,#3161,#375,.T.);
#2389=EDGE_CURVE('',#3164,#3165,#376,.T.);
#2390=EDGE_CURVE('',#3165,#3166,#3635,.F.);
#2391=EDGE_CURVE('',#3166,#3167,#377,.T.);
#2392=EDGE_CURVE('',#3164,#3167,#3636,.F.);
#2393=EDGE_CURVE('',#3168,#3169,#378,.T.);
#2394=EDGE_CURVE('',#3169,#3170,#3637,.F.);
#2395=EDGE_CURVE('',#3170,#3171,#379,.T.);
#2396=EDGE_CURVE('',#3168,#3171,#3638,.F.);
#2397=EDGE_CURVE('',#3160,#3157,#247,.T.);
#2398=EDGE_CURVE('',#3162,#3156,#248,.T.);
#2399=EDGE_CURVE('',#3165,#3172,#249,.T.);
#2400=EDGE_CURVE('',#3164,#3173,#250,.T.);
#2401=EDGE_CURVE('',#3172,#3173,#380,.F.);
#2402=EDGE_CURVE('',#3169,#3158,#251,.T.);
#2403=EDGE_CURVE('',#3168,#3159,#252,.T.);
#2404=EDGE_CURVE('',#3140,#3135,#253,.T.);
#2405=EDGE_CURVE('',#3142,#3134,#254,.T.);
#2406=EDGE_CURVE('',#3145,#3174,#255,.T.);
#2407=EDGE_CURVE('',#3144,#3175,#256,.T.);
#2408=EDGE_CURVE('',#3174,#3175,#381,.F.);
#2409=EDGE_CURVE('',#3149,#3138,#257,.T.);
#2410=EDGE_CURVE('',#3148,#3139,#258,.T.);
#2411=EDGE_CURVE('',#3121,#3112,#259,.T.);
#2412=EDGE_CURVE('',#3120,#3113,#260,.T.);
#2413=EDGE_CURVE('',#3176,#3115,#261,.T.);
#2414=EDGE_CURVE('',#3177,#3114,#262,.T.);
#2415=EDGE_CURVE('',#3176,#3177,#382,.T.);
#2416=EDGE_CURVE('',#3130,#3119,#263,.T.);
#2417=EDGE_CURVE('',#3131,#3118,#264,.T.);
#2418=EDGE_CURVE('',#3101,#3178,#265,.T.);
#2419=EDGE_CURVE('',#3100,#3179,#266,.T.);
#2420=EDGE_CURVE('',#3178,#3179,#383,.F.);
#2421=EDGE_CURVE('',#3110,#3180,#267,.T.);
#2422=EDGE_CURVE('',#3181,#3180,#384,.F.);
#2423=EDGE_CURVE('',#3111,#3181,#268,.T.);
#2424=EDGE_CURVE('',#3105,#3182,#269,.T.);
#2425=EDGE_CURVE('',#3104,#3183,#270,.T.);
#2426=EDGE_CURVE('',#3182,#3183,#385,.F.);
#2427=EDGE_CURVE('',#3184,#3185,#271,.T.);
#2428=EDGE_CURVE('',#3186,#3185,#386,.F.);
#2429=EDGE_CURVE('',#3187,#3186,#272,.T.);
#2430=EDGE_CURVE('',#3184,#3187,#387,.T.);
#2431=EDGE_CURVE('',#3188,#3188,#388,.T.);
#2432=EDGE_CURVE('',#3185,#3182,#389,.F.);
#2433=EDGE_CURVE('',#3183,#3181,#390,.F.);
#2434=EDGE_CURVE('',#3180,#3178,#391,.F.);
#2435=EDGE_CURVE('',#3179,#3186,#392,.F.);
#2436=EDGE_CURVE('',#3184,#3116,#3639,.F.);
#2437=EDGE_CURVE('',#3187,#3117,#3640,.F.);
#2438=EDGE_CURVE('',#3106,#3189,#393,.T.);
#2439=EDGE_CURVE('',#3189,#3190,#394,.F.);
#2440=EDGE_CURVE('',#3107,#3190,#395,.F.);
#2441=EDGE_CURVE('',#3176,#3136,#3641,.F.);
#2442=EDGE_CURVE('',#3177,#3137,#3642,.F.);
#2443=EDGE_CURVE('',#3126,#3174,#396,.T.);
#2444=EDGE_CURVE('',#3127,#3175,#397,.F.);
#2445=EDGE_CURVE('',#3191,#3192,#398,.T.);
#2446=EDGE_CURVE('',#3192,#3152,#3643,.F.);
#2447=EDGE_CURVE('',#3191,#3153,#3644,.F.);
#2448=EDGE_CURVE('',#3146,#3172,#399,.T.);
#2449=EDGE_CURVE('',#3147,#3173,#400,.F.);
#2450=EDGE_CURVE('',#3193,#3194,#401,.T.);
#2451=EDGE_CURVE('',#3194,#3195,#3645,.F.);
#2452=EDGE_CURVE('',#3195,#3196,#402,.T.);
#2453=EDGE_CURVE('',#3193,#3196,#3646,.F.);
#2454=EDGE_CURVE('',#3197,#3197,#403,.F.);
#2455=EDGE_CURVE('',#3166,#3161,#404,.T.);
#2456=EDGE_CURVE('',#3163,#3196,#405,.T.);
#2457=EDGE_CURVE('',#3195,#3171,#406,.T.);
#2458=EDGE_CURVE('',#3170,#3167,#407,.T.);
#2459=EDGE_CURVE('',#3194,#3154,#273,.T.);
#2460=EDGE_CURVE('',#3193,#3155,#274,.T.);
#2461=EDGE_CURVE('',#3192,#3132,#275,.T.);
#2462=EDGE_CURVE('',#3191,#3133,#276,.T.);
#2463=EDGE_CURVE('',#3125,#3189,#277,.T.);
#2464=EDGE_CURVE('',#3124,#3190,#278,.T.);
#2465=EDGE_CURVE('',#3198,#3198,#408,.T.);
#2466=EDGE_CURVE('',#3199,#3199,#409,.T.);
#2467=EDGE_CURVE('',#3200,#3200,#410,.T.);
#2468=EDGE_CURVE('',#3201,#3201,#411,.T.);
#2469=EDGE_CURVE('',#3202,#3202,#412,.F.);
#2470=EDGE_CURVE('',#3203,#3203,#413,.T.);
#2471=EDGE_CURVE('',#2991,#3055,#414,.T.);
#2472=EDGE_CURVE('',#3204,#3179,#3647,.T.);
#2473=EDGE_CURVE('',#3205,#3186,#3648,.T.);
#2474=EDGE_CURVE('',#3206,#3205,#415,.T.);
#2475=EDGE_CURVE('',#3207,#3206,#3649,.T.);
#2476=EDGE_CURVE('',#3208,#3207,#416,.T.);
#2477=EDGE_CURVE('',#3209,#3208,#3650,.T.);
#2478=EDGE_CURVE('',#3210,#3209,#417,.T.);
#2479=EDGE_CURVE('',#3211,#3210,#3651,.T.);
#2480=EDGE_CURVE('',#3212,#3211,#418,.T.);
#2481=EDGE_CURVE('',#3213,#3212,#3652,.T.);
#2482=EDGE_CURVE('',#3214,#3213,#419,.T.);
#2483=EDGE_CURVE('',#3214,#3215,#3653,.T.);
#2484=EDGE_CURVE('',#3215,#3216,#420,.T.);
#2485=EDGE_CURVE('',#3216,#3217,#3654,.T.);
#2486=EDGE_CURVE('',#3217,#3218,#421,.T.);
#2487=EDGE_CURVE('',#3218,#3219,#3655,.T.);
#2488=EDGE_CURVE('',#3219,#3220,#422,.T.);
#2489=EDGE_CURVE('',#3220,#3221,#3656,.T.);
#2490=EDGE_CURVE('',#3221,#3204,#423,.T.);
#2491=EDGE_CURVE('',#3212,#3222,#3657,.T.);
#2492=EDGE_CURVE('',#3223,#3222,#3658,.T.);
#2493=EDGE_CURVE('',#3213,#3223,#3659,.T.);
#2494=EDGE_CURVE('',#3224,#3204,#424,.F.);
#2495=EDGE_CURVE('',#3225,#3224,#3660,.T.);
#2496=EDGE_CURVE('',#3226,#3225,#425,.F.);
#2497=EDGE_CURVE('',#3227,#3226,#3661,.T.);
#2498=EDGE_CURVE('',#3228,#3227,#426,.F.);
#2499=EDGE_CURVE('',#3229,#3228,#3662,.T.);
#2500=EDGE_CURVE('',#3230,#3229,#427,.F.);
#2501=EDGE_CURVE('',#3231,#3230,#3663,.T.);
#2502=EDGE_CURVE('',#3231,#3223,#428,.F.);
#2503=EDGE_CURVE('',#3222,#3232,#429,.F.);
#2504=EDGE_CURVE('',#3232,#3233,#3664,.T.);
#2505=EDGE_CURVE('',#3233,#3234,#430,.F.);
#2506=EDGE_CURVE('',#3234,#3235,#3665,.T.);
#2507=EDGE_CURVE('',#3235,#3236,#431,.F.);
#2508=EDGE_CURVE('',#3236,#3237,#3666,.T.);
#2509=EDGE_CURVE('',#3237,#3205,#432,.F.);
#2510=EDGE_CURVE('',#3214,#3231,#3667,.T.);
#2511=EDGE_CURVE('',#3210,#3233,#3668,.T.);
#2512=EDGE_CURVE('',#3211,#3232,#3669,.T.);
#2513=EDGE_CURVE('',#3208,#3235,#3670,.T.);
#2514=EDGE_CURVE('',#3209,#3234,#3671,.T.);
#2515=EDGE_CURVE('',#3237,#3206,#3672,.T.);
#2516=EDGE_CURVE('',#3236,#3207,#3673,.T.);
#2517=EDGE_CURVE('',#3215,#3230,#3674,.T.);
#2518=EDGE_CURVE('',#3217,#3228,#3675,.T.);
#2519=EDGE_CURVE('',#3216,#3229,#3676,.T.);
#2520=EDGE_CURVE('',#3219,#3226,#3677,.T.);
#2521=EDGE_CURVE('',#3218,#3227,#3678,.T.);
#2522=EDGE_CURVE('',#3224,#3221,#3679,.T.);
#2523=EDGE_CURVE('',#3225,#3220,#3680,.T.);
#2524=EDGE_CURVE('',#3238,#3239,#433,.F.);
#2525=EDGE_CURVE('',#3240,#3239,#434,.T.);
#2526=EDGE_CURVE('',#3238,#3240,#3681,.T.);
#2527=EDGE_CURVE('',#3241,#3238,#3682,.T.);
#2528=EDGE_CURVE('',#3242,#3240,#3683,.T.);
#2529=EDGE_CURVE('',#3241,#3242,#3684,.T.);
#2530=EDGE_CURVE('',#3243,#3244,#3685,.T.);
#2531=EDGE_CURVE('',#3244,#3241,#435,.F.);
#2532=EDGE_CURVE('',#3243,#3242,#436,.T.);
#2533=EDGE_CURVE('',#3245,#3243,#3686,.T.);
#2534=EDGE_CURVE('',#3245,#3246,#3687,.T.);
#2535=EDGE_CURVE('',#3246,#3244,#3688,.T.);
#2536=EDGE_CURVE('',#3247,#3248,#3689,.T.);
#2537=EDGE_CURVE('',#3248,#3246,#437,.F.);
#2538=EDGE_CURVE('',#3247,#3245,#438,.T.);
#2539=EDGE_CURVE('',#3249,#3247,#3690,.T.);
#2540=EDGE_CURVE('',#3249,#3250,#3691,.T.);
#2541=EDGE_CURVE('',#3250,#3248,#3692,.T.);
#2542=EDGE_CURVE('',#3251,#3249,#439,.T.);
#2543=EDGE_CURVE('',#3251,#3252,#3693,.T.);
#2544=EDGE_CURVE('',#3252,#3250,#440,.F.);
#2545=EDGE_CURVE('',#3253,#3251,#3694,.T.);
#2546=EDGE_CURVE('',#3253,#3254,#3695,.T.);
#2547=EDGE_CURVE('',#3254,#3252,#3696,.T.);
#2548=EDGE_CURVE('',#3254,#3255,#441,.F.);
#2549=EDGE_CURVE('',#3253,#3256,#442,.T.);
#2550=EDGE_CURVE('',#3256,#3255,#3697,.T.);
#2551=EDGE_CURVE('',#3256,#3257,#3698,.T.);
#2552=EDGE_CURVE('',#3257,#3258,#3699,.T.);
#2553=EDGE_CURVE('',#3255,#3258,#3700,.T.);
#2554=EDGE_CURVE('',#3257,#3259,#443,.T.);
#2555=EDGE_CURVE('',#3259,#3260,#3701,.T.);
#2556=EDGE_CURVE('',#3258,#3260,#444,.F.);
#2557=EDGE_CURVE('',#3259,#3261,#3702,.T.);
#2558=EDGE_CURVE('',#3261,#3262,#3703,.T.);
#2559=EDGE_CURVE('',#3260,#3262,#3704,.T.);
#2560=EDGE_CURVE('',#3261,#3263,#445,.T.);
#2561=EDGE_CURVE('',#3263,#3264,#3705,.T.);
#2562=EDGE_CURVE('',#3262,#3264,#446,.F.);
#2563=EDGE_CURVE('',#3263,#3265,#3706,.T.);
#2564=EDGE_CURVE('',#3265,#3266,#3707,.T.);
#2565=EDGE_CURVE('',#3264,#3266,#3708,.T.);
#2566=EDGE_CURVE('',#3265,#3267,#447,.T.);
#2567=EDGE_CURVE('',#3268,#3267,#3709,.T.);
#2568=EDGE_CURVE('',#3266,#3268,#448,.F.);
#2569=EDGE_CURVE('',#3269,#3270,#3710,.T.);
#2570=EDGE_CURVE('',#3268,#3269,#3711,.T.);
#2571=EDGE_CURVE('',#3267,#3270,#3712,.T.);
#2572=EDGE_CURVE('',#3269,#3271,#449,.F.);
#2573=EDGE_CURVE('',#3270,#3271,#450,.T.);
#2574=EDGE_CURVE('',#3239,#3183,#3713,.T.);
#2575=EDGE_CURVE('',#3271,#3181,#3714,.T.);
#2576=EDGE_CURVE('',#3272,#3273,#451,.F.);
#2577=EDGE_CURVE('',#3274,#3273,#452,.T.);
#2578=EDGE_CURVE('',#3272,#3274,#3715,.T.);
#2579=EDGE_CURVE('',#3275,#3272,#3716,.T.);
#2580=EDGE_CURVE('',#3276,#3274,#3717,.T.);
#2581=EDGE_CURVE('',#3275,#3276,#3718,.T.);
#2582=EDGE_CURVE('',#3277,#3278,#3719,.T.);
#2583=EDGE_CURVE('',#3278,#3275,#453,.F.);
#2584=EDGE_CURVE('',#3277,#3276,#454,.T.);
#2585=EDGE_CURVE('',#3279,#3277,#3720,.T.);
#2586=EDGE_CURVE('',#3279,#3280,#3721,.T.);
#2587=EDGE_CURVE('',#3280,#3278,#3722,.T.);
#2588=EDGE_CURVE('',#3281,#3282,#3723,.T.);
#2589=EDGE_CURVE('',#3282,#3280,#455,.F.);
#2590=EDGE_CURVE('',#3281,#3279,#456,.T.);
#2591=EDGE_CURVE('',#3283,#3281,#3724,.T.);
#2592=EDGE_CURVE('',#3283,#3284,#3725,.T.);
#2593=EDGE_CURVE('',#3284,#3282,#3726,.T.);
#2594=EDGE_CURVE('',#3285,#3283,#457,.T.);
#2595=EDGE_CURVE('',#3285,#3286,#3727,.T.);
#2596=EDGE_CURVE('',#3286,#3284,#458,.F.);
#2597=EDGE_CURVE('',#3287,#3285,#3728,.T.);
#2598=EDGE_CURVE('',#3287,#3288,#3729,.T.);
#2599=EDGE_CURVE('',#3288,#3286,#3730,.T.);
#2600=EDGE_CURVE('',#3288,#3289,#459,.F.);
#2601=EDGE_CURVE('',#3287,#3290,#460,.T.);
#2602=EDGE_CURVE('',#3290,#3289,#3731,.T.);
#2603=EDGE_CURVE('',#3290,#3291,#3732,.T.);
#2604=EDGE_CURVE('',#3291,#3292,#3733,.T.);
#2605=EDGE_CURVE('',#3289,#3292,#3734,.T.);
#2606=EDGE_CURVE('',#3291,#3293,#461,.T.);
#2607=EDGE_CURVE('',#3293,#3294,#3735,.T.);
#2608=EDGE_CURVE('',#3292,#3294,#462,.F.);
#2609=EDGE_CURVE('',#3293,#3295,#3736,.T.);
#2610=EDGE_CURVE('',#3295,#3296,#3737,.T.);
#2611=EDGE_CURVE('',#3294,#3296,#3738,.T.);
#2612=EDGE_CURVE('',#3295,#3297,#463,.T.);
#2613=EDGE_CURVE('',#3297,#3298,#3739,.T.);
#2614=EDGE_CURVE('',#3296,#3298,#464,.F.);
#2615=EDGE_CURVE('',#3297,#3299,#3740,.T.);
#2616=EDGE_CURVE('',#3299,#3300,#3741,.T.);
#2617=EDGE_CURVE('',#3298,#3300,#3742,.T.);
#2618=EDGE_CURVE('',#3299,#3301,#465,.T.);
#2619=EDGE_CURVE('',#3302,#3301,#3743,.T.);
#2620=EDGE_CURVE('',#3300,#3302,#466,.F.);
#2621=EDGE_CURVE('',#3303,#3304,#3744,.T.);
#2622=EDGE_CURVE('',#3302,#3303,#3745,.T.);
#2623=EDGE_CURVE('',#3301,#3304,#3746,.T.);
#2624=EDGE_CURVE('',#3303,#3305,#467,.F.);
#2625=EDGE_CURVE('',#3304,#3305,#468,.T.);
#2626=EDGE_CURVE('',#3273,#3185,#3747,.T.);
#2627=EDGE_CURVE('',#3305,#3182,#3748,.T.);
#2628=EDGE_CURVE('',#3306,#3180,#3749,.T.);
#2629=EDGE_CURVE('',#3307,#3178,#3750,.T.);
#2630=EDGE_CURVE('',#3308,#3307,#469,.T.);
#2631=EDGE_CURVE('',#3309,#3308,#3751,.T.);
#2632=EDGE_CURVE('',#3310,#3309,#470,.T.);
#2633=EDGE_CURVE('',#3311,#3310,#3752,.T.);
#2634=EDGE_CURVE('',#3312,#3311,#471,.T.);
#2635=EDGE_CURVE('',#3313,#3312,#3753,.T.);
#2636=EDGE_CURVE('',#3314,#3313,#472,.T.);
#2637=EDGE_CURVE('',#3315,#3314,#3754,.T.);
#2638=EDGE_CURVE('',#3316,#3315,#473,.T.);
#2639=EDGE_CURVE('',#3316,#3317,#3755,.T.);
#2640=EDGE_CURVE('',#3317,#3318,#474,.T.);
#2641=EDGE_CURVE('',#3318,#3319,#3756,.T.);
#2642=EDGE_CURVE('',#3319,#3320,#475,.T.);
#2643=EDGE_CURVE('',#3320,#3321,#3757,.T.);
#2644=EDGE_CURVE('',#3321,#3322,#476,.T.);
#2645=EDGE_CURVE('',#3322,#3323,#3758,.T.);
#2646=EDGE_CURVE('',#3323,#3306,#477,.T.);
#2647=EDGE_CURVE('',#3314,#3324,#3759,.T.);
#2648=EDGE_CURVE('',#3325,#3324,#3760,.T.);
#2649=EDGE_CURVE('',#3315,#3325,#3761,.T.);
#2650=EDGE_CURVE('',#3326,#3306,#478,.F.);
#2651=EDGE_CURVE('',#3327,#3326,#3762,.T.);
#2652=EDGE_CURVE('',#3328,#3327,#479,.F.);
#2653=EDGE_CURVE('',#3329,#3328,#3763,.T.);
#2654=EDGE_CURVE('',#3330,#3329,#480,.F.);
#2655=EDGE_CURVE('',#3331,#3330,#3764,.T.);
#2656=EDGE_CURVE('',#3332,#3331,#481,.F.);
#2657=EDGE_CURVE('',#3333,#3332,#3765,.T.);
#2658=EDGE_CURVE('',#3333,#3325,#482,.F.);
#2659=EDGE_CURVE('',#3324,#3334,#483,.F.);
#2660=EDGE_CURVE('',#3334,#3335,#3766,.T.);
#2661=EDGE_CURVE('',#3335,#3336,#484,.F.);
#2662=EDGE_CURVE('',#3336,#3337,#3767,.T.);
#2663=EDGE_CURVE('',#3337,#3338,#485,.F.);
#2664=EDGE_CURVE('',#3338,#3339,#3768,.T.);
#2665=EDGE_CURVE('',#3339,#3307,#486,.F.);
#2666=EDGE_CURVE('',#3316,#3333,#3769,.T.);
#2667=EDGE_CURVE('',#3312,#3335,#3770,.T.);
#2668=EDGE_CURVE('',#3313,#3334,#3771,.T.);
#2669=EDGE_CURVE('',#3310,#3337,#3772,.T.);
#2670=EDGE_CURVE('',#3311,#3336,#3773,.T.);
#2671=EDGE_CURVE('',#3339,#3308,#3774,.T.);
#2672=EDGE_CURVE('',#3338,#3309,#3775,.T.);
#2673=EDGE_CURVE('',#3317,#3332,#3776,.T.);
#2674=EDGE_CURVE('',#3319,#3330,#3777,.T.);
#2675=EDGE_CURVE('',#3318,#3331,#3778,.T.);
#2676=EDGE_CURVE('',#3321,#3328,#3779,.T.);
#2677=EDGE_CURVE('',#3320,#3329,#3780,.T.);
#2678=EDGE_CURVE('',#3326,#3323,#3781,.T.);
#2679=EDGE_CURVE('',#3327,#3322,#3782,.T.);
#2680=EDGE_CURVE('',#3340,#2985,#3783,.T.);
#2681=EDGE_CURVE('',#3340,#3341,#487,.T.);
#2682=EDGE_CURVE('',#3083,#3341,#3784,.T.);
#2683=EDGE_CURVE('',#3342,#3084,#3785,.T.);
#2684=EDGE_CURVE('',#3074,#3342,#3786,.T.);
#2685=EDGE_CURVE('',#3343,#3073,#3787,.T.);
#2686=EDGE_CURVE('',#3343,#3344,#488,.T.);
#2687=EDGE_CURVE('',#3344,#3064,#3788,.T.);
#2688=EDGE_CURVE('',#3063,#3345,#489,.T.);
#2689=EDGE_CURVE('',#3345,#3053,#3789,.T.);
#2690=EDGE_CURVE('',#3346,#2989,#3790,.T.);
#2691=EDGE_CURVE('',#3039,#3346,#490,.T.);
#2692=EDGE_CURVE('',#3347,#3046,#3791,.T.);
#2693=EDGE_CURVE('',#3035,#3347,#491,.T.);
#2694=EDGE_CURVE('',#3037,#3348,#492,.T.);
#2695=EDGE_CURVE('',#3348,#3349,#3792,.T.);
#2696=EDGE_CURVE('',#3349,#3000,#3793,.T.);
#2697=EDGE_CURVE('',#2999,#3350,#3794,.T.);
#2698=EDGE_CURVE('',#3350,#3351,#493,.T.);
#2699=EDGE_CURVE('',#3351,#3352,#3795,.T.);
#2700=EDGE_CURVE('',#3352,#3353,#3796,.T.);
#2701=EDGE_CURVE('',#3353,#3354,#494,.T.);
#2702=EDGE_CURVE('',#3354,#3026,#3797,.T.);
#2703=EDGE_CURVE('',#3025,#3355,#495,.T.);
#2704=EDGE_CURVE('',#3355,#3356,#3798,.T.);
#2705=EDGE_CURVE('',#3357,#3356,#3799,.T.);
#2706=EDGE_CURVE('',#3358,#3357,#3800,.T.);
#2707=EDGE_CURVE('',#3358,#3030,#496,.T.);
#2708=EDGE_CURVE('',#3359,#3029,#3801,.T.);
#2709=EDGE_CURVE('',#3359,#2976,#497,.T.);
#2710=EDGE_CURVE('',#3360,#3344,#3802,.T.);
#2711=EDGE_CURVE('',#3360,#3065,#3803,.T.);
#2712=EDGE_CURVE('',#3062,#3361,#498,.F.);
#2713=EDGE_CURVE('',#3361,#3345,#3804,.T.);
#2714=EDGE_CURVE('',#3361,#3052,#3805,.T.);
#2715=EDGE_CURVE('',#3356,#3362,#3806,.T.);
#2716=EDGE_CURVE('',#3362,#3363,#3807,.T.);
#2717=EDGE_CURVE('',#3357,#3363,#3808,.T.);
#2718=EDGE_CURVE('',#3072,#3364,#3809,.F.);
#2719=EDGE_CURVE('',#3364,#3343,#3810,.T.);
#2720=EDGE_CURVE('',#3364,#3360,#499,.F.);
#2721=EDGE_CURVE('',#3058,#3365,#279,.T.);
#2722=EDGE_CURVE('',#3365,#3366,#3811,.T.);
#2723=EDGE_CURVE('',#3366,#3087,#3812,.T.);
#2724=EDGE_CURVE('',#3367,#3366,#3813,.T.);
#2725=EDGE_CURVE('',#3367,#3368,#500,.T.);
#2726=EDGE_CURVE('',#3342,#3368,#3814,.T.);
#2727=EDGE_CURVE('',#3368,#2968,#3815,.F.);
#2728=EDGE_CURVE('',#3369,#3370,#3816,.T.);
#2729=EDGE_CURVE('',#3371,#3369,#3817,.T.);
#2730=EDGE_CURVE('',#3371,#3372,#3818,.T.);
#2731=EDGE_CURVE('',#3372,#3370,#3819,.T.);
#2732=EDGE_CURVE('',#3373,#3369,#3820,.T.);
#2733=EDGE_CURVE('',#3374,#3373,#3821,.T.);
#2734=EDGE_CURVE('',#3374,#3371,#3822,.T.);
#2735=EDGE_CURVE('',#3375,#3373,#501,.T.);
#2736=EDGE_CURVE('',#3376,#3375,#3823,.T.);
#2737=EDGE_CURVE('',#3376,#3374,#502,.T.);
#2738=EDGE_CURVE('',#3377,#3378,#3824,.T.);
#2739=EDGE_CURVE('',#3379,#3378,#3825,.T.);
#2740=EDGE_CURVE('',#3380,#3379,#3826,.T.);
#2741=EDGE_CURVE('',#3380,#3377,#3827,.T.);
#2742=EDGE_CURVE('',#3378,#3381,#3828,.T.);
#2743=EDGE_CURVE('',#3382,#3381,#3829,.T.);
#2744=EDGE_CURVE('',#3379,#3382,#3830,.T.);
#2745=EDGE_CURVE('',#3381,#3383,#3831,.T.);
#2746=EDGE_CURVE('',#3384,#3383,#3832,.T.);
#2747=EDGE_CURVE('',#3382,#3384,#3833,.T.);
#2748=EDGE_CURVE('',#3385,#3386,#3834,.T.);
#2749=EDGE_CURVE('',#3387,#3386,#3835,.T.);
#2750=EDGE_CURVE('',#3388,#3387,#3836,.T.);
#2751=EDGE_CURVE('',#3388,#3385,#3837,.T.);
#2752=EDGE_CURVE('',#3386,#3389,#3838,.T.);
#2753=EDGE_CURVE('',#3390,#3389,#3839,.T.);
#2754=EDGE_CURVE('',#3387,#3390,#3840,.T.);
#2755=EDGE_CURVE('',#3389,#3391,#3841,.T.);
#2756=EDGE_CURVE('',#3392,#3391,#3842,.T.);
#2757=EDGE_CURVE('',#3390,#3392,#3843,.T.);
#2758=EDGE_CURVE('',#3393,#3394,#3844,.T.);
#2759=EDGE_CURVE('',#3395,#3394,#3845,.T.);
#2760=EDGE_CURVE('',#3396,#3395,#3846,.T.);
#2761=EDGE_CURVE('',#3396,#3393,#3847,.T.);
#2762=EDGE_CURVE('',#3394,#3397,#3848,.T.);
#2763=EDGE_CURVE('',#3398,#3397,#3849,.T.);
#2764=EDGE_CURVE('',#3395,#3398,#3850,.T.);
#2765=EDGE_CURVE('',#3397,#3399,#3851,.T.);
#2766=EDGE_CURVE('',#3400,#3399,#3852,.T.);
#2767=EDGE_CURVE('',#3398,#3400,#3853,.T.);
#2768=EDGE_CURVE('',#3401,#3402,#3854,.T.);
#2769=EDGE_CURVE('',#3403,#3402,#3855,.T.);
#2770=EDGE_CURVE('',#3404,#3403,#3856,.T.);
#2771=EDGE_CURVE('',#3404,#3401,#3857,.T.);
#2772=EDGE_CURVE('',#3402,#3405,#3858,.T.);
#2773=EDGE_CURVE('',#3406,#3405,#3859,.T.);
#2774=EDGE_CURVE('',#3403,#3406,#3860,.T.);
#2775=EDGE_CURVE('',#3405,#3407,#3861,.T.);
#2776=EDGE_CURVE('',#3408,#3407,#3862,.T.);
#2777=EDGE_CURVE('',#3406,#3408,#3863,.T.);
#2778=EDGE_CURVE('',#3409,#3410,#3864,.T.);
#2779=EDGE_CURVE('',#3411,#3409,#3865,.T.);
#2780=EDGE_CURVE('',#3411,#3412,#3866,.T.);
#2781=EDGE_CURVE('',#3412,#3410,#3867,.T.);
#2782=EDGE_CURVE('',#3409,#3413,#3868,.T.);
#2783=EDGE_CURVE('',#3414,#3413,#3869,.T.);
#2784=EDGE_CURVE('',#3411,#3414,#3870,.T.);
#2785=EDGE_CURVE('',#3413,#3415,#3871,.T.);
#2786=EDGE_CURVE('',#3416,#3415,#3872,.T.);
#2787=EDGE_CURVE('',#3414,#3416,#3873,.T.);
#2788=EDGE_CURVE('',#3377,#3383,#503,.T.);
#2789=EDGE_CURVE('',#3380,#3384,#504,.T.);
#2790=EDGE_CURVE('',#3385,#3391,#505,.T.);
#2791=EDGE_CURVE('',#3388,#3392,#506,.T.);
#2792=EDGE_CURVE('',#3393,#3399,#507,.T.);
#2793=EDGE_CURVE('',#3396,#3400,#508,.T.);
#2794=EDGE_CURVE('',#3407,#3401,#3874,.T.);
#2795=EDGE_CURVE('',#3408,#3404,#3875,.T.);
#2796=EDGE_CURVE('',#3415,#3410,#3876,.T.);
#2797=EDGE_CURVE('',#3416,#3412,#3877,.T.);
#2798=EDGE_CURVE('',#3370,#3375,#3878,.T.);
#2799=EDGE_CURVE('',#3372,#3376,#3879,.T.);
#2800=EDGE_CURVE('',#3365,#3417,#509,.T.);
#2801=EDGE_CURVE('',#3417,#3367,#3880,.T.);
#2802=EDGE_CURVE('',#3021,#3011,#280,.T.);
#2803=EDGE_CURVE('',#3054,#3090,#281,.T.);
#2804=EDGE_CURVE('',#3089,#3097,#282,.T.);
#2805=EDGE_CURVE('',#3096,#3006,#283,.T.);
#2806=EDGE_CURVE('',#3005,#3022,#284,.T.);
#2807=EDGE_CURVE('',#3418,#3362,#3881,.T.);
#2808=EDGE_CURVE('',#3418,#3419,#3882,.T.);
#2809=EDGE_CURVE('',#3419,#3363,#3883,.T.);
#2810=EDGE_CURVE('',#3419,#3358,#3884,.F.);
#2811=EDGE_CURVE('',#3420,#3027,#3885,.T.);
#2812=EDGE_CURVE('',#3420,#3421,#3886,.T.);
#2813=EDGE_CURVE('',#3421,#3028,#3887,.T.);
#2814=EDGE_CURVE('',#3421,#3359,#3888,.F.);
#2815=EDGE_CURVE('',#3020,#3007,#510,.F.);
#2816=EDGE_CURVE('',#3007,#3422,#3889,.F.);
#2817=EDGE_CURVE('',#3422,#3353,#3890,.F.);
#2818=EDGE_CURVE('',#3352,#3002,#3891,.T.);
#2819=EDGE_CURVE('',#3012,#3019,#511,.T.);
#2820=EDGE_CURVE('',#3085,#3340,#3892,.F.);
#2821=EDGE_CURVE('',#3341,#3423,#3893,.T.);
#2822=EDGE_CURVE('',#3423,#3076,#3894,.F.);
#2823=EDGE_CURVE('',#3424,#3099,#3895,.T.);
#2824=EDGE_CURVE('',#3070,#3424,#3896,.T.);
#2825=EDGE_CURVE('',#3425,#3098,#3897,.T.);
#2826=EDGE_CURVE('',#3425,#3424,#512,.T.);
#2827=EDGE_CURVE('',#3067,#3425,#3898,.T.);
#2828=EDGE_CURVE('',#3066,#3426,#3899,.F.);
#2829=EDGE_CURVE('',#3426,#3427,#513,.T.);
#2830=EDGE_CURVE('',#3427,#3071,#3900,.T.);
#2831=EDGE_CURVE('',#3047,#3088,#514,.F.);
#2832=EDGE_CURVE('',#3095,#3049,#3901,.T.);
#2833=EDGE_CURVE('',#3094,#3050,#3902,.T.);
#2834=EDGE_CURVE('',#3045,#3428,#3903,.F.);
#2835=EDGE_CURVE('',#3428,#3347,#3904,.T.);
#2836=EDGE_CURVE('',#3428,#3034,#515,.F.);
#2837=EDGE_CURVE('',#2988,#3429,#3905,.F.);
#2838=EDGE_CURVE('',#3429,#3346,#3906,.T.);
#2839=EDGE_CURVE('',#3429,#3038,#516,.F.);
#2840=EDGE_CURVE('',#3430,#3041,#517,.F.);
#2841=EDGE_CURVE('',#3430,#3431,#3907,.T.);
#2842=EDGE_CURVE('',#3432,#3431,#518,.T.);
#2843=EDGE_CURVE('',#3042,#3432,#3908,.T.);
#2844=EDGE_CURVE('',#3433,#3434,#3909,.T.);
#2845=EDGE_CURVE('',#3433,#2973,#285,.T.);
#2846=EDGE_CURVE('',#3434,#3008,#3910,.T.);
#2847=EDGE_CURVE('',#3435,#3436,#3911,.T.);
#2848=EDGE_CURVE('',#3435,#3437,#3912,.T.);
#2849=EDGE_CURVE('',#3349,#3437,#3913,.T.);
#2850=EDGE_CURVE('',#3348,#3436,#3914,.T.);
#2851=EDGE_CURVE('',#3437,#3438,#519,.F.);
#2852=EDGE_CURVE('',#3438,#3434,#3915,.T.);
#2853=EDGE_CURVE('',#3036,#3439,#286,.T.);
#2854=EDGE_CURVE('',#3439,#3440,#520,.T.);
#2855=EDGE_CURVE('',#3440,#3430,#3916,.T.);
#2856=EDGE_CURVE('',#3040,#3017,#287,.T.);
#2857=EDGE_CURVE('',#3016,#3441,#3917,.T.);
#2858=EDGE_CURVE('',#3441,#3436,#521,.T.);
#2859=EDGE_CURVE('',#3441,#3436,#522,.T.);
#2860=EDGE_CURVE('',#3442,#3443,#3918,.T.);
#2861=EDGE_CURVE('',#3444,#3443,#3919,.T.);
#2862=EDGE_CURVE('',#3445,#3444,#3920,.T.);
#2863=EDGE_CURVE('',#3445,#3442,#3921,.T.);
#2864=EDGE_CURVE('',#3443,#3446,#3922,.T.);
#2865=EDGE_CURVE('',#3447,#3446,#3923,.T.);
#2866=EDGE_CURVE('',#3444,#3447,#3924,.T.);
#2867=EDGE_CURVE('',#3446,#3448,#523,.T.);
#2868=EDGE_CURVE('',#3449,#3448,#3925,.T.);
#2869=EDGE_CURVE('',#3447,#3449,#524,.T.);
#2870=EDGE_CURVE('',#3450,#3451,#3926,.T.);
#2871=EDGE_CURVE('',#3452,#3450,#3927,.T.);
#2872=EDGE_CURVE('',#3452,#3453,#3928,.T.);
#2873=EDGE_CURVE('',#3453,#3451,#3929,.T.);
#2874=EDGE_CURVE('',#3450,#3454,#525,.T.);
#2875=EDGE_CURVE('',#3455,#3454,#3930,.T.);
#2876=EDGE_CURVE('',#3452,#3455,#526,.T.);
#2877=EDGE_CURVE('',#3456,#3454,#3931,.T.);
#2878=EDGE_CURVE('',#3457,#3456,#3932,.T.);
#2879=EDGE_CURVE('',#3457,#3455,#3933,.T.);
#2880=EDGE_CURVE('',#3458,#3459,#3934,.T.);
#2881=EDGE_CURVE('',#3460,#3458,#3935,.T.);
#2882=EDGE_CURVE('',#3460,#3461,#3936,.T.);
#2883=EDGE_CURVE('',#3461,#3459,#3937,.T.);
#2884=EDGE_CURVE('',#3458,#3462,#527,.T.);
#2885=EDGE_CURVE('',#3463,#3462,#3938,.T.);
#2886=EDGE_CURVE('',#3460,#3463,#528,.T.);
#2887=EDGE_CURVE('',#3464,#3462,#3939,.T.);
#2888=EDGE_CURVE('',#3465,#3464,#3940,.T.);
#2889=EDGE_CURVE('',#3465,#3463,#3941,.T.);
#2890=EDGE_CURVE('',#3466,#3467,#3942,.T.);
#2891=EDGE_CURVE('',#3468,#3466,#3943,.T.);
#2892=EDGE_CURVE('',#3468,#3469,#3944,.T.);
#2893=EDGE_CURVE('',#3469,#3467,#3945,.T.);
#2894=EDGE_CURVE('',#3466,#3470,#529,.T.);
#2895=EDGE_CURVE('',#3471,#3470,#3946,.T.);
#2896=EDGE_CURVE('',#3468,#3471,#530,.T.);
#2897=EDGE_CURVE('',#3472,#3470,#3947,.T.);
#2898=EDGE_CURVE('',#3473,#3472,#3948,.T.);
#2899=EDGE_CURVE('',#3473,#3471,#3949,.T.);
#2900=EDGE_CURVE('',#3474,#3475,#3950,.T.);
#2901=EDGE_CURVE('',#3476,#3474,#3951,.T.);
#2902=EDGE_CURVE('',#3476,#3477,#3952,.T.);
#2903=EDGE_CURVE('',#3477,#3475,#3953,.T.);
#2904=EDGE_CURVE('',#3478,#3474,#3954,.T.);
#2905=EDGE_CURVE('',#3479,#3478,#3955,.T.);
#2906=EDGE_CURVE('',#3479,#3476,#3956,.T.);
#2907=EDGE_CURVE('',#3480,#3478,#3957,.T.);
#2908=EDGE_CURVE('',#3481,#3480,#3958,.T.);
#2909=EDGE_CURVE('',#3481,#3479,#3959,.T.);
#2910=EDGE_CURVE('',#3482,#3483,#3960,.T.);
#2911=EDGE_CURVE('',#3484,#3483,#3961,.T.);
#2912=EDGE_CURVE('',#3485,#3484,#3962,.T.);
#2913=EDGE_CURVE('',#3485,#3482,#3963,.T.);
#2914=EDGE_CURVE('',#3486,#3483,#3964,.T.);
#2915=EDGE_CURVE('',#3487,#3486,#3965,.T.);
#2916=EDGE_CURVE('',#3487,#3484,#3966,.T.);
#2917=EDGE_CURVE('',#3488,#3486,#3967,.T.);
#2918=EDGE_CURVE('',#3489,#3488,#3968,.T.);
#2919=EDGE_CURVE('',#3489,#3487,#3969,.T.);
#2920=EDGE_CURVE('',#3016,#3435,#531,.F.);
#2921=EDGE_CURVE('',#3451,#3456,#3970,.T.);
#2922=EDGE_CURVE('',#3453,#3457,#3971,.T.);
#2923=EDGE_CURVE('',#3459,#3464,#3972,.T.);
#2924=EDGE_CURVE('',#3461,#3465,#3973,.T.);
#2925=EDGE_CURVE('',#3467,#3472,#3974,.T.);
#2926=EDGE_CURVE('',#3469,#3473,#3975,.T.);
#2927=EDGE_CURVE('',#3475,#3480,#3976,.T.);
#2928=EDGE_CURVE('',#3477,#3481,#3977,.T.);
#2929=EDGE_CURVE('',#3482,#3488,#3978,.T.);
#2930=EDGE_CURVE('',#3485,#3489,#3979,.T.);
#2931=EDGE_CURVE('',#3448,#3442,#3980,.T.);
#2932=EDGE_CURVE('',#3449,#3445,#3981,.T.);
#2933=EDGE_CURVE('',#3438,#3490,#3982,.F.);
#2934=EDGE_CURVE('',#3490,#3433,#532,.T.);
#2935=EDGE_CURVE('',#3355,#3418,#3983,.T.);
#2936=EDGE_CURVE('',#3354,#3420,#3984,.T.);
#2937=EDGE_CURVE('',#3351,#3001,#3985,.T.);
#2938=EDGE_CURVE('',#2994,#3491,#3986,.T.);
#2939=EDGE_CURVE('',#3491,#3350,#3987,.F.);
#2940=EDGE_CURVE('',#3492,#3432,#3988,.T.);
#2941=EDGE_CURVE('',#3043,#3492,#3989,.T.);
#2942=EDGE_CURVE('',#3493,#3431,#3990,.T.);
#2943=EDGE_CURVE('',#3492,#3493,#533,.T.);
#2944=EDGE_CURVE('',#3440,#3493,#3991,.T.);
#2945=EDGE_CURVE('',#3494,#3495,#534,.T.);
#2946=EDGE_CURVE('',#3495,#3044,#3992,.T.);
#2947=EDGE_CURVE('',#3439,#3494,#3993,.F.);
#2948=EDGE_CURVE('',#3013,#3031,#535,.F.);
#2949=EDGE_CURVE('',#3014,#3032,#3994,.T.);
#2950=EDGE_CURVE('',#3015,#3033,#3995,.T.);
#2951=EDGE_CURVE('',#3494,#3034,#536,.T.);
#2952=EDGE_CURVE('',#3495,#3428,#537,.T.);
#2953=EDGE_CURVE('',#3429,#3010,#538,.T.);
#2954=EDGE_CURVE('',#3038,#3018,#539,.T.);
#2955=EDGE_CURVE('',#3364,#3427,#540,.T.);
#2956=EDGE_CURVE('',#3360,#3426,#541,.T.);
#2957=EDGE_CURVE('',#3062,#3093,#542,.T.);
#2958=EDGE_CURVE('',#3361,#3092,#543,.T.);
#2959=EDGE_CURVE('',#3091,#3052,#12,.F.);
#2960=EDGE_CURVE('',#3085,#3423,#13,.T.);
#2961=EDGE_CURVE('',#3491,#3001,#14,.T.);
#2962=EDGE_CURVE('',#3420,#3422,#15,.F.);
#2963=EDGE_CURVE('',#2977,#3421,#16,.T.);
#2964=EDGE_CURVE('',#3023,#3419,#17,.T.);
#2965=EDGE_CURVE('',#3024,#3418,#18,.T.);
#2966=EDGE_CURVE('',#3490,#3435,#288,.F.);
#2967=EDGE_CURVE('',#3417,#2968,#289,.F.);
#2968=VERTEX_POINT('',#7731);
#2969=VERTEX_POINT('',#7732);
#2970=VERTEX_POINT('',#7734);
#2971=VERTEX_POINT('',#7736);
#2972=VERTEX_POINT('',#7743);
#2973=VERTEX_POINT('',#7744);
#2974=VERTEX_POINT('',#7746);
#2975=VERTEX_POINT('',#7748);
#2976=VERTEX_POINT('',#7752);
#2977=VERTEX_POINT('',#7753);
#2978=VERTEX_POINT('',#7755);
#2979=VERTEX_POINT('',#7757);
#2980=VERTEX_POINT('',#7759);
#2981=VERTEX_POINT('',#7761);
#2982=VERTEX_POINT('',#7763);
#2983=VERTEX_POINT('',#7765);
#2984=VERTEX_POINT('',#7767);
#2985=VERTEX_POINT('',#7769);
#2986=VERTEX_POINT('',#7773);
#2987=VERTEX_POINT('',#7774);
#2988=VERTEX_POINT('',#7776);
#2989=VERTEX_POINT('',#7778);
#2990=VERTEX_POINT('',#7780);
#2991=VERTEX_POINT('',#7782);
#2992=VERTEX_POINT('',#7786);
#2993=VERTEX_POINT('',#7787);
#2994=VERTEX_POINT('',#7789);
#2995=VERTEX_POINT('',#7791);
#2996=VERTEX_POINT('',#7793);
#2997=VERTEX_POINT('',#7797);
#2998=VERTEX_POINT('',#7798);
#2999=VERTEX_POINT('',#7800);
#3000=VERTEX_POINT('',#7802);
#3001=VERTEX_POINT('',#7809);
#3002=VERTEX_POINT('',#7810);
#3003=VERTEX_POINT('',#7813);
#3004=VERTEX_POINT('',#7815);
#3005=VERTEX_POINT('',#7819);
#3006=VERTEX_POINT('',#7820);
#3007=VERTEX_POINT('',#7823);
#3008=VERTEX_POINT('',#7827);
#3009=VERTEX_POINT('',#7828);
#3010=VERTEX_POINT('',#7833);
#3011=VERTEX_POINT('',#7835);
#3012=VERTEX_POINT('',#7837);
#3013=VERTEX_POINT('',#7841);
#3014=VERTEX_POINT('',#7843);
#3015=VERTEX_POINT('',#7845);
#3016=VERTEX_POINT('',#7848);
#3017=VERTEX_POINT('',#7850);
#3018=VERTEX_POINT('',#7852);
#3019=VERTEX_POINT('',#7856);
#3020=VERTEX_POINT('',#7857);
#3021=VERTEX_POINT('',#7859);
#3022=VERTEX_POINT('',#7861);
#3023=VERTEX_POINT('',#7865);
#3024=VERTEX_POINT('',#7866);
#3025=VERTEX_POINT('',#7868);
#3026=VERTEX_POINT('',#7870);
#3027=VERTEX_POINT('',#7872);
#3028=VERTEX_POINT('',#7874);
#3029=VERTEX_POINT('',#7876);
#3030=VERTEX_POINT('',#7878);
#3031=VERTEX_POINT('',#7882);
#3032=VERTEX_POINT('',#7883);
#3033=VERTEX_POINT('',#7886);
#3034=VERTEX_POINT('',#7890);
#3035=VERTEX_POINT('',#7891);
#3036=VERTEX_POINT('',#7893);
#3037=VERTEX_POINT('',#7895);
#3038=VERTEX_POINT('',#7899);
#3039=VERTEX_POINT('',#7900);
#3040=VERTEX_POINT('',#7902);
#3041=VERTEX_POINT('',#7904);
#3042=VERTEX_POINT('',#7906);
#3043=VERTEX_POINT('',#7908);
#3044=VERTEX_POINT('',#7910);
#3045=VERTEX_POINT('',#7912);
#3046=VERTEX_POINT('',#7914);
#3047=VERTEX_POINT('',#7918);
#3048=VERTEX_POINT('',#7919);
#3049=VERTEX_POINT('',#7921);
#3050=VERTEX_POINT('',#7923);
#3051=VERTEX_POINT('',#7925);
#3052=VERTEX_POINT('',#7929);
#3053=VERTEX_POINT('',#7930);
#3054=VERTEX_POINT('',#7932);
#3055=VERTEX_POINT('',#7934);
#3056=VERTEX_POINT('',#7936);
#3057=VERTEX_POINT('',#7940);
#3058=VERTEX_POINT('',#7942);
#3059=VERTEX_POINT('',#7944);
#3060=VERTEX_POINT('',#7951);
#3061=VERTEX_POINT('',#7952);
#3062=VERTEX_POINT('',#7954);
#3063=VERTEX_POINT('',#7956);
#3064=VERTEX_POINT('',#7958);
#3065=VERTEX_POINT('',#7960);
#3066=VERTEX_POINT('',#7962);
#3067=VERTEX_POINT('',#7964);
#3068=VERTEX_POINT('',#7966);
#3069=VERTEX_POINT('',#7970);
#3070=VERTEX_POINT('',#7972);
#3071=VERTEX_POINT('',#7974);
#3072=VERTEX_POINT('',#7980);
#3073=VERTEX_POINT('',#7982);
#3074=VERTEX_POINT('',#7984);
#3075=VERTEX_POINT('',#7988);
#3076=VERTEX_POINT('',#7995);
#3077=VERTEX_POINT('',#7996);
#3078=VERTEX_POINT('',#7998);
#3079=VERTEX_POINT('',#8000);
#3080=VERTEX_POINT('',#8002);
#3081=VERTEX_POINT('',#8006);
#3082=VERTEX_POINT('',#8008);
#3083=VERTEX_POINT('',#8012);
#3084=VERTEX_POINT('',#8014);
#3085=VERTEX_POINT('',#8018);
#3086=VERTEX_POINT('',#8021);
#3087=VERTEX_POINT('',#8025);
#3088=VERTEX_POINT('',#8029);
#3089=VERTEX_POINT('',#8032);
#3090=VERTEX_POINT('',#8034);
#3091=VERTEX_POINT('',#8036);
#3092=VERTEX_POINT('',#8038);
#3093=VERTEX_POINT('',#8040);
#3094=VERTEX_POINT('',#8044);
#3095=VERTEX_POINT('',#8046);
#3096=VERTEX_POINT('',#8050);
#3097=VERTEX_POINT('',#8051);
#3098=VERTEX_POINT('',#8059);
#3099=VERTEX_POINT('',#8061);
#3100=VERTEX_POINT('',#8065);
#3101=VERTEX_POINT('',#8066);
#3102=VERTEX_POINT('',#8068);
#3103=VERTEX_POINT('',#8070);
#3104=VERTEX_POINT('',#8074);
#3105=VERTEX_POINT('',#8075);
#3106=VERTEX_POINT('',#8077);
#3107=VERTEX_POINT('',#8079);
#3108=VERTEX_POINT('',#8083);
#3109=VERTEX_POINT('',#8084);
#3110=VERTEX_POINT('',#8086);
#3111=VERTEX_POINT('',#8088);
#3112=VERTEX_POINT('',#8092);
#3113=VERTEX_POINT('',#8094);
#3114=VERTEX_POINT('',#8098);
#3115=VERTEX_POINT('',#8099);
#3116=VERTEX_POINT('',#8101);
#3117=VERTEX_POINT('',#8103);
#3118=VERTEX_POINT('',#8107);
#3119=VERTEX_POINT('',#8108);
#3120=VERTEX_POINT('',#8113);
#3121=VERTEX_POINT('',#8114);
#3122=VERTEX_POINT('',#8116);
#3123=VERTEX_POINT('',#8118);
#3124=VERTEX_POINT('',#8122);
#3125=VERTEX_POINT('',#8123);
#3126=VERTEX_POINT('',#8125);
#3127=VERTEX_POINT('',#8127);
#3128=VERTEX_POINT('',#8131);
#3129=VERTEX_POINT('',#8132);
#3130=VERTEX_POINT('',#8134);
#3131=VERTEX_POINT('',#8136);
#3132=VERTEX_POINT('',#8140);
#3133=VERTEX_POINT('',#8142);
#3134=VERTEX_POINT('',#8146);
#3135=VERTEX_POINT('',#8147);
#3136=VERTEX_POINT('',#8149);
#3137=VERTEX_POINT('',#8151);
#3138=VERTEX_POINT('',#8155);
#3139=VERTEX_POINT('',#8156);
#3140=VERTEX_POINT('',#8161);
#3141=VERTEX_POINT('',#8162);
#3142=VERTEX_POINT('',#8164);
#3143=VERTEX_POINT('',#8166);
#3144=VERTEX_POINT('',#8170);
#3145=VERTEX_POINT('',#8171);
#3146=VERTEX_POINT('',#8173);
#3147=VERTEX_POINT('',#8175);
#3148=VERTEX_POINT('',#8179);
#3149=VERTEX_POINT('',#8180);
#3150=VERTEX_POINT('',#8182);
#3151=VERTEX_POINT('',#8184);
#3152=VERTEX_POINT('',#8188);
#3153=VERTEX_POINT('',#8189);
#3154=VERTEX_POINT('',#8191);
#3155=VERTEX_POINT('',#8193);
#3156=VERTEX_POINT('',#8197);
#3157=VERTEX_POINT('',#8198);
#3158=VERTEX_POINT('',#8203);
#3159=VERTEX_POINT('',#8204);
#3160=VERTEX_POINT('',#8209);
#3161=VERTEX_POINT('',#8210);
#3162=VERTEX_POINT('',#8212);
#3163=VERTEX_POINT('',#8214);
#3164=VERTEX_POINT('',#8218);
#3165=VERTEX_POINT('',#8219);
#3166=VERTEX_POINT('',#8221);
#3167=VERTEX_POINT('',#8223);
#3168=VERTEX_POINT('',#8227);
#3169=VERTEX_POINT('',#8228);
#3170=VERTEX_POINT('',#8230);
#3171=VERTEX_POINT('',#8232);
#3172=VERTEX_POINT('',#8266);
#3173=VERTEX_POINT('',#8277);
#3174=VERTEX_POINT('',#8317);
#3175=VERTEX_POINT('',#8323);
#3176=VERTEX_POINT('',#8353);
#3177=VERTEX_POINT('',#8359);
#3178=VERTEX_POINT('',#8377);
#3179=VERTEX_POINT('',#8382);
#3180=VERTEX_POINT('',#8389);
#3181=VERTEX_POINT('',#8391);
#3182=VERTEX_POINT('',#8401);
#3183=VERTEX_POINT('',#8406);
#3184=VERTEX_POINT('',#8413);
#3185=VERTEX_POINT('',#8414);
#3186=VERTEX_POINT('',#8416);
#3187=VERTEX_POINT('',#8421);
#3188=VERTEX_POINT('',#8425);
#3189=VERTEX_POINT('',#8435);
#3190=VERTEX_POINT('',#8437);
#3191=VERTEX_POINT('',#8447);
#3192=VERTEX_POINT('',#8448);
#3193=VERTEX_POINT('',#8456);
#3194=VERTEX_POINT('',#8457);
#3195=VERTEX_POINT('',#8459);
#3196=VERTEX_POINT('',#8461);
#3197=VERTEX_POINT('',#8465);
#3198=VERTEX_POINT('',#8515);
#3199=VERTEX_POINT('',#8517);
#3200=VERTEX_POINT('',#8520);
#3201=VERTEX_POINT('',#8523);
#3202=VERTEX_POINT('',#8526);
#3203=VERTEX_POINT('',#8529);
#3204=VERTEX_POINT('',#8535);
#3205=VERTEX_POINT('',#8537);
#3206=VERTEX_POINT('',#8539);
#3207=VERTEX_POINT('',#8541);
#3208=VERTEX_POINT('',#8543);
#3209=VERTEX_POINT('',#8545);
#3210=VERTEX_POINT('',#8547);
#3211=VERTEX_POINT('',#8549);
#3212=VERTEX_POINT('',#8551);
#3213=VERTEX_POINT('',#8553);
#3214=VERTEX_POINT('',#8555);
#3215=VERTEX_POINT('',#8557);
#3216=VERTEX_POINT('',#8559);
#3217=VERTEX_POINT('',#8561);
#3218=VERTEX_POINT('',#8563);
#3219=VERTEX_POINT('',#8565);
#3220=VERTEX_POINT('',#8567);
#3221=VERTEX_POINT('',#8569);
#3222=VERTEX_POINT('',#8573);
#3223=VERTEX_POINT('',#8575);
#3224=VERTEX_POINT('',#8579);
#3225=VERTEX_POINT('',#8581);
#3226=VERTEX_POINT('',#8583);
#3227=VERTEX_POINT('',#8585);
#3228=VERTEX_POINT('',#8587);
#3229=VERTEX_POINT('',#8589);
#3230=VERTEX_POINT('',#8591);
#3231=VERTEX_POINT('',#8593);
#3232=VERTEX_POINT('',#8596);
#3233=VERTEX_POINT('',#8598);
#3234=VERTEX_POINT('',#8600);
#3235=VERTEX_POINT('',#8602);
#3236=VERTEX_POINT('',#8604);
#3237=VERTEX_POINT('',#8606);
#3238=VERTEX_POINT('',#8640);
#3239=VERTEX_POINT('',#8641);
#3240=VERTEX_POINT('',#8643);
#3241=VERTEX_POINT('',#8647);
#3242=VERTEX_POINT('',#8649);
#3243=VERTEX_POINT('',#8653);
#3244=VERTEX_POINT('',#8654);
#3245=VERTEX_POINT('',#8659);
#3246=VERTEX_POINT('',#8661);
#3247=VERTEX_POINT('',#8665);
#3248=VERTEX_POINT('',#8666);
#3249=VERTEX_POINT('',#8671);
#3250=VERTEX_POINT('',#8673);
#3251=VERTEX_POINT('',#8677);
#3252=VERTEX_POINT('',#8679);
#3253=VERTEX_POINT('',#8683);
#3254=VERTEX_POINT('',#8685);
#3255=VERTEX_POINT('',#8689);
#3256=VERTEX_POINT('',#8691);
#3257=VERTEX_POINT('',#8695);
#3258=VERTEX_POINT('',#8697);
#3259=VERTEX_POINT('',#8701);
#3260=VERTEX_POINT('',#8703);
#3261=VERTEX_POINT('',#8707);
#3262=VERTEX_POINT('',#8709);
#3263=VERTEX_POINT('',#8713);
#3264=VERTEX_POINT('',#8715);
#3265=VERTEX_POINT('',#8719);
#3266=VERTEX_POINT('',#8721);
#3267=VERTEX_POINT('',#8725);
#3268=VERTEX_POINT('',#8727);
#3269=VERTEX_POINT('',#8731);
#3270=VERTEX_POINT('',#8732);
#3271=VERTEX_POINT('',#8737);
#3272=VERTEX_POINT('',#8745);
#3273=VERTEX_POINT('',#8746);
#3274=VERTEX_POINT('',#8748);
#3275=VERTEX_POINT('',#8752);
#3276=VERTEX_POINT('',#8754);
#3277=VERTEX_POINT('',#8758);
#3278=VERTEX_POINT('',#8759);
#3279=VERTEX_POINT('',#8764);
#3280=VERTEX_POINT('',#8766);
#3281=VERTEX_POINT('',#8770);
#3282=VERTEX_POINT('',#8771);
#3283=VERTEX_POINT('',#8776);
#3284=VERTEX_POINT('',#8778);
#3285=VERTEX_POINT('',#8782);
#3286=VERTEX_POINT('',#8784);
#3287=VERTEX_POINT('',#8788);
#3288=VERTEX_POINT('',#8790);
#3289=VERTEX_POINT('',#8794);
#3290=VERTEX_POINT('',#8796);
#3291=VERTEX_POINT('',#8800);
#3292=VERTEX_POINT('',#8802);
#3293=VERTEX_POINT('',#8806);
#3294=VERTEX_POINT('',#8808);
#3295=VERTEX_POINT('',#8812);
#3296=VERTEX_POINT('',#8814);
#3297=VERTEX_POINT('',#8818);
#3298=VERTEX_POINT('',#8820);
#3299=VERTEX_POINT('',#8824);
#3300=VERTEX_POINT('',#8826);
#3301=VERTEX_POINT('',#8830);
#3302=VERTEX_POINT('',#8832);
#3303=VERTEX_POINT('',#8836);
#3304=VERTEX_POINT('',#8837);
#3305=VERTEX_POINT('',#8842);
#3306=VERTEX_POINT('',#8850);
#3307=VERTEX_POINT('',#8852);
#3308=VERTEX_POINT('',#8854);
#3309=VERTEX_POINT('',#8856);
#3310=VERTEX_POINT('',#8858);
#3311=VERTEX_POINT('',#8860);
#3312=VERTEX_POINT('',#8862);
#3313=VERTEX_POINT('',#8864);
#3314=VERTEX_POINT('',#8866);
#3315=VERTEX_POINT('',#8868);
#3316=VERTEX_POINT('',#8870);
#3317=VERTEX_POINT('',#8872);
#3318=VERTEX_POINT('',#8874);
#3319=VERTEX_POINT('',#8876);
#3320=VERTEX_POINT('',#8878);
#3321=VERTEX_POINT('',#8880);
#3322=VERTEX_POINT('',#8882);
#3323=VERTEX_POINT('',#8884);
#3324=VERTEX_POINT('',#8888);
#3325=VERTEX_POINT('',#8890);
#3326=VERTEX_POINT('',#8894);
#3327=VERTEX_POINT('',#8896);
#3328=VERTEX_POINT('',#8898);
#3329=VERTEX_POINT('',#8900);
#3330=VERTEX_POINT('',#8902);
#3331=VERTEX_POINT('',#8904);
#3332=VERTEX_POINT('',#8906);
#3333=VERTEX_POINT('',#8908);
#3334=VERTEX_POINT('',#8911);
#3335=VERTEX_POINT('',#8913);
#3336=VERTEX_POINT('',#8915);
#3337=VERTEX_POINT('',#8917);
#3338=VERTEX_POINT('',#8919);
#3339=VERTEX_POINT('',#8921);
#3340=VERTEX_POINT('',#8955);
#3341=VERTEX_POINT('',#8957);
#3342=VERTEX_POINT('',#8960);
#3343=VERTEX_POINT('',#8963);
#3344=VERTEX_POINT('',#8965);
#3345=VERTEX_POINT('',#8968);
#3346=VERTEX_POINT('',#8971);
#3347=VERTEX_POINT('',#8974);
#3348=VERTEX_POINT('',#8977);
#3349=VERTEX_POINT('',#8979);
#3350=VERTEX_POINT('',#8982);
#3351=VERTEX_POINT('',#8984);
#3352=VERTEX_POINT('',#8986);
#3353=VERTEX_POINT('',#8988);
#3354=VERTEX_POINT('',#8990);
#3355=VERTEX_POINT('',#8993);
#3356=VERTEX_POINT('',#8995);
#3357=VERTEX_POINT('',#8997);
#3358=VERTEX_POINT('',#8999);
#3359=VERTEX_POINT('',#9002);
#3360=VERTEX_POINT('',#9006);
#3361=VERTEX_POINT('',#9010);
#3362=VERTEX_POINT('',#9016);
#3363=VERTEX_POINT('',#9018);
#3364=VERTEX_POINT('',#9022);
#3365=VERTEX_POINT('',#9031);
#3366=VERTEX_POINT('',#9033);
#3367=VERTEX_POINT('',#9037);
#3368=VERTEX_POINT('',#9039);
#3369=VERTEX_POINT('',#9046);
#3370=VERTEX_POINT('',#9047);
#3371=VERTEX_POINT('',#9049);
#3372=VERTEX_POINT('',#9051);
#3373=VERTEX_POINT('',#9055);
#3374=VERTEX_POINT('',#9057);
#3375=VERTEX_POINT('',#9061);
#3376=VERTEX_POINT('',#9063);
#3377=VERTEX_POINT('',#9067);
#3378=VERTEX_POINT('',#9068);
#3379=VERTEX_POINT('',#9070);
#3380=VERTEX_POINT('',#9072);
#3381=VERTEX_POINT('',#9076);
#3382=VERTEX_POINT('',#9078);
#3383=VERTEX_POINT('',#9082);
#3384=VERTEX_POINT('',#9084);
#3385=VERTEX_POINT('',#9088);
#3386=VERTEX_POINT('',#9089);
#3387=VERTEX_POINT('',#9091);
#3388=VERTEX_POINT('',#9093);
#3389=VERTEX_POINT('',#9097);
#3390=VERTEX_POINT('',#9099);
#3391=VERTEX_POINT('',#9103);
#3392=VERTEX_POINT('',#9105);
#3393=VERTEX_POINT('',#9109);
#3394=VERTEX_POINT('',#9110);
#3395=VERTEX_POINT('',#9112);
#3396=VERTEX_POINT('',#9114);
#3397=VERTEX_POINT('',#9118);
#3398=VERTEX_POINT('',#9120);
#3399=VERTEX_POINT('',#9124);
#3400=VERTEX_POINT('',#9126);
#3401=VERTEX_POINT('',#9130);
#3402=VERTEX_POINT('',#9131);
#3403=VERTEX_POINT('',#9133);
#3404=VERTEX_POINT('',#9135);
#3405=VERTEX_POINT('',#9139);
#3406=VERTEX_POINT('',#9141);
#3407=VERTEX_POINT('',#9145);
#3408=VERTEX_POINT('',#9147);
#3409=VERTEX_POINT('',#9151);
#3410=VERTEX_POINT('',#9152);
#3411=VERTEX_POINT('',#9154);
#3412=VERTEX_POINT('',#9156);
#3413=VERTEX_POINT('',#9160);
#3414=VERTEX_POINT('',#9162);
#3415=VERTEX_POINT('',#9166);
#3416=VERTEX_POINT('',#9168);
#3417=VERTEX_POINT('',#9190);
#3418=VERTEX_POINT('',#9221);
#3419=VERTEX_POINT('',#9223);
#3420=VERTEX_POINT('',#9229);
#3421=VERTEX_POINT('',#9231);
#3422=VERTEX_POINT('',#9238);
#3423=VERTEX_POINT('',#9246);
#3424=VERTEX_POINT('',#9250);
#3425=VERTEX_POINT('',#9254);
#3426=VERTEX_POINT('',#9260);
#3427=VERTEX_POINT('',#9262);
#3428=VERTEX_POINT('',#9272);
#3429=VERTEX_POINT('',#9278);
#3430=VERTEX_POINT('',#9284);
#3431=VERTEX_POINT('',#9286);
#3432=VERTEX_POINT('',#9288);
#3433=VERTEX_POINT('',#9292);
#3434=VERTEX_POINT('',#9293);
#3435=VERTEX_POINT('',#9301);
#3436=VERTEX_POINT('',#9302);
#3437=VERTEX_POINT('',#9304);
#3438=VERTEX_POINT('',#9309);
#3439=VERTEX_POINT('',#9317);
#3440=VERTEX_POINT('',#9319);
#3441=VERTEX_POINT('',#9326);
#3442=VERTEX_POINT('',#9332);
#3443=VERTEX_POINT('',#9333);
#3444=VERTEX_POINT('',#9335);
#3445=VERTEX_POINT('',#9337);
#3446=VERTEX_POINT('',#9341);
#3447=VERTEX_POINT('',#9343);
#3448=VERTEX_POINT('',#9347);
#3449=VERTEX_POINT('',#9349);
#3450=VERTEX_POINT('',#9353);
#3451=VERTEX_POINT('',#9354);
#3452=VERTEX_POINT('',#9356);
#3453=VERTEX_POINT('',#9358);
#3454=VERTEX_POINT('',#9362);
#3455=VERTEX_POINT('',#9364);
#3456=VERTEX_POINT('',#9368);
#3457=VERTEX_POINT('',#9370);
#3458=VERTEX_POINT('',#9374);
#3459=VERTEX_POINT('',#9375);
#3460=VERTEX_POINT('',#9377);
#3461=VERTEX_POINT('',#9379);
#3462=VERTEX_POINT('',#9383);
#3463=VERTEX_POINT('',#9385);
#3464=VERTEX_POINT('',#9389);
#3465=VERTEX_POINT('',#9391);
#3466=VERTEX_POINT('',#9395);
#3467=VERTEX_POINT('',#9396);
#3468=VERTEX_POINT('',#9398);
#3469=VERTEX_POINT('',#9400);
#3470=VERTEX_POINT('',#9404);
#3471=VERTEX_POINT('',#9406);
#3472=VERTEX_POINT('',#9410);
#3473=VERTEX_POINT('',#9412);
#3474=VERTEX_POINT('',#9416);
#3475=VERTEX_POINT('',#9417);
#3476=VERTEX_POINT('',#9419);
#3477=VERTEX_POINT('',#9421);
#3478=VERTEX_POINT('',#9425);
#3479=VERTEX_POINT('',#9427);
#3480=VERTEX_POINT('',#9431);
#3481=VERTEX_POINT('',#9433);
#3482=VERTEX_POINT('',#9437);
#3483=VERTEX_POINT('',#9438);
#3484=VERTEX_POINT('',#9440);
#3485=VERTEX_POINT('',#9442);
#3486=VERTEX_POINT('',#9446);
#3487=VERTEX_POINT('',#9448);
#3488=VERTEX_POINT('',#9452);
#3489=VERTEX_POINT('',#9454);
#3490=VERTEX_POINT('',#9478);
#3491=VERTEX_POINT('',#9494);
#3492=VERTEX_POINT('',#9498);
#3493=VERTEX_POINT('',#9502);
#3494=VERTEX_POINT('',#9508);
#3495=VERTEX_POINT('',#9509);
#3496=LINE('',#7730,#3996);
#3497=LINE('',#7735,#3997);
#3498=LINE('',#7747,#3998);
#3499=LINE('',#7751,#3999);
#3500=LINE('',#7754,#4000);
#3501=LINE('',#7758,#4001);
#3502=LINE('',#7762,#4002);
#3503=LINE('',#7764,#4003);
#3504=LINE('',#7766,#4004);
#3505=LINE('',#7768,#4005);
#3506=LINE('',#7770,#4006);
#3507=LINE('',#7772,#4007);
#3508=LINE('',#7777,#4008);
#3509=LINE('',#7779,#4009);
#3510=LINE('',#7781,#4010);
#3511=LINE('',#7783,#4011);
#3512=LINE('',#7785,#4012);
#3513=LINE('',#7790,#4013);
#3514=LINE('',#7792,#4014);
#3515=LINE('',#7794,#4015);
#3516=LINE('',#7796,#4016);
#3517=LINE('',#7799,#4017);
#3518=LINE('',#7801,#4018);
#3519=LINE('',#7803,#4019);
#3520=LINE('',#7805,#4020);
#3521=LINE('',#7806,#4021);
#3522=LINE('',#7808,#4022);
#3523=LINE('',#7811,#4023);
#3524=LINE('',#7812,#4024);
#3525=LINE('',#7814,#4025);
#3526=LINE('',#7816,#4026);
#3527=LINE('',#7821,#4027);
#3528=LINE('',#7822,#4028);
#3529=LINE('',#7824,#4029);
#3530=LINE('',#7826,#4030);
#3531=LINE('',#7829,#4031);
#3532=LINE('',#7830,#4032);
#3533=LINE('',#7832,#4033);
#3534=LINE('',#7836,#4034);
#3535=LINE('',#7838,#4035);
#3536=LINE('',#7839,#4036);
#3537=LINE('',#7840,#4037);
#3538=LINE('',#7842,#4038);
#3539=LINE('',#7846,#4039);
#3540=LINE('',#7851,#4040);
#3541=LINE('',#7855,#4041);
#3542=LINE('',#7858,#4042);
#3543=LINE('',#7862,#4043);
#3544=LINE('',#7864,#4044);
#3545=LINE('',#7867,#4045);
#3546=LINE('',#7869,#4046);
#3547=LINE('',#7871,#4047);
#3548=LINE('',#7873,#4048);
#3549=LINE('',#7875,#4049);
#3550=LINE('',#7877,#4050);
#3551=LINE('',#7879,#4051);
#3552=LINE('',#7881,#4052);
#3553=LINE('',#7884,#4053);
#3554=LINE('',#7885,#4054);
#3555=LINE('',#7889,#4055);
#3556=LINE('',#7892,#4056);
#3557=LINE('',#7894,#4057);
#3558=LINE('',#7896,#4058);
#3559=LINE('',#7898,#4059);
#3560=LINE('',#7901,#4060);
#3561=LINE('',#7903,#4061);
#3562=LINE('',#7905,#4062);
#3563=LINE('',#7907,#4063);
#3564=LINE('',#7909,#4064);
#3565=LINE('',#7913,#4065);
#3566=LINE('',#7915,#4066);
#3567=LINE('',#7917,#4067);
#3568=LINE('',#7920,#4068);
#3569=LINE('',#7924,#4069);
#3570=LINE('',#7928,#4070);
#3571=LINE('',#7931,#4071);
#3572=LINE('',#7933,#4072);
#3573=LINE('',#7935,#4073);
#3574=LINE('',#7937,#4074);
#3575=LINE('',#7939,#4075);
#3576=LINE('',#7950,#4076);
#3577=LINE('',#7953,#4077);
#3578=LINE('',#7955,#4078);
#3579=LINE('',#7957,#4079);
#3580=LINE('',#7959,#4080);
#3581=LINE('',#7963,#4081);
#3582=LINE('',#7965,#4082);
#3583=LINE('',#7967,#4083);
#3584=LINE('',#7971,#4084);
#3585=LINE('',#7981,#4085);
#3586=LINE('',#7985,#4086);
#3587=LINE('',#7994,#4087);
#3588=LINE('',#7999,#4088);
#3589=LINE('',#8001,#4089);
#3590=LINE('',#8003,#4090);
#3591=LINE('',#8005,#4091);
#3592=LINE('',#8007,#4092);
#3593=LINE('',#8009,#4093);
#3594=LINE('',#8011,#4094);
#3595=LINE('',#8013,#4095);
#3596=LINE('',#8015,#4096);
#3597=LINE('',#8017,#4097);
#3598=LINE('',#8019,#4098);
#3599=LINE('',#8020,#4099);
#3600=LINE('',#8022,#4100);
#3601=LINE('',#8024,#4101);
#3602=LINE('',#8026,#4102);
#3603=LINE('',#8028,#4103);
#3604=LINE('',#8030,#4104);
#3605=LINE('',#8031,#4105);
#3606=LINE('',#8035,#4106);
#3607=LINE('',#8037,#4107);
#3608=LINE('',#8041,#4108);
#3609=LINE('',#8043,#4109);
#3610=LINE('',#8047,#4110);
#3611=LINE('',#8052,#4111);
#3612=LINE('',#8053,#4112);
#3613=LINE('',#8058,#4113);
#3614=LINE('',#8062,#4114);
#3615=LINE('',#8067,#4115);
#3616=LINE('',#8071,#4116);
#3617=LINE('',#8076,#4117);
#3618=LINE('',#8080,#4118);
#3619=LINE('',#8085,#4119);
#3620=LINE('',#8089,#4120);
#3621=LINE('',#8115,#4121);
#3622=LINE('',#8119,#4122);
#3623=LINE('',#8124,#4123);
#3624=LINE('',#8128,#4124);
#3625=LINE('',#8133,#4125);
#3626=LINE('',#8137,#4126);
#3627=LINE('',#8160,#4127);
#3628=LINE('',#8165,#4128);
#3629=LINE('',#8172,#4129);
#3630=LINE('',#8176,#4130);
#3631=LINE('',#8181,#4131);
#3632=LINE('',#8185,#4132);
#3633=LINE('',#8208,#4133);
#3634=LINE('',#8213,#4134);
#3635=LINE('',#8220,#4135);
#3636=LINE('',#8224,#4136);
#3637=LINE('',#8229,#4137);
#3638=LINE('',#8233,#4138);
#3639=LINE('',#8431,#4139);
#3640=LINE('',#8432,#4140);
#3641=LINE('',#8440,#4141);
#3642=LINE('',#8441,#4142);
#3643=LINE('',#8449,#4143);
#3644=LINE('',#8450,#4144);
#3645=LINE('',#8458,#4145);
#3646=LINE('',#8462,#4146);
#3647=LINE('',#8534,#4147);
#3648=LINE('',#8536,#4148);
#3649=LINE('',#8540,#4149);
#3650=LINE('',#8544,#4150);
#3651=LINE('',#8548,#4151);
#3652=LINE('',#8552,#4152);
#3653=LINE('',#8556,#4153);
#3654=LINE('',#8560,#4154);
#3655=LINE('',#8564,#4155);
#3656=LINE('',#8568,#4156);
#3657=LINE('',#8572,#4157);
#3658=LINE('',#8574,#4158);
#3659=LINE('',#8576,#4159);
#3660=LINE('',#8580,#4160);
#3661=LINE('',#8584,#4161);
#3662=LINE('',#8588,#4162);
#3663=LINE('',#8592,#4163);
#3664=LINE('',#8597,#4164);
#3665=LINE('',#8601,#4165);
#3666=LINE('',#8605,#4166);
#3667=LINE('',#8609,#4167);
#3668=LINE('',#8611,#4168);
#3669=LINE('',#8612,#4169);
#3670=LINE('',#8615,#4170);
#3671=LINE('',#8616,#4171);
#3672=LINE('',#8619,#4172);
#3673=LINE('',#8620,#4173);
#3674=LINE('',#8624,#4174);
#3675=LINE('',#8626,#4175);
#3676=LINE('',#8627,#4176);
#3677=LINE('',#8630,#4177);
#3678=LINE('',#8631,#4178);
#3679=LINE('',#8634,#4179);
#3680=LINE('',#8635,#4180);
#3681=LINE('',#8644,#4181);
#3682=LINE('',#8646,#4182);
#3683=LINE('',#8648,#4183);
#3684=LINE('',#8650,#4184);
#3685=LINE('',#8652,#4185);
#3686=LINE('',#8658,#4186);
#3687=LINE('',#8660,#4187);
#3688=LINE('',#8662,#4188);
#3689=LINE('',#8664,#4189);
#3690=LINE('',#8670,#4190);
#3691=LINE('',#8672,#4191);
#3692=LINE('',#8674,#4192);
#3693=LINE('',#8678,#4193);
#3694=LINE('',#8682,#4194);
#3695=LINE('',#8684,#4195);
#3696=LINE('',#8686,#4196);
#3697=LINE('',#8692,#4197);
#3698=LINE('',#8694,#4198);
#3699=LINE('',#8696,#4199);
#3700=LINE('',#8698,#4200);
#3701=LINE('',#8702,#4201);
#3702=LINE('',#8706,#4202);
#3703=LINE('',#8708,#4203);
#3704=LINE('',#8710,#4204);
#3705=LINE('',#8714,#4205);
#3706=LINE('',#8718,#4206);
#3707=LINE('',#8720,#4207);
#3708=LINE('',#8722,#4208);
#3709=LINE('',#8726,#4209);
#3710=LINE('',#8730,#4210);
#3711=LINE('',#8733,#4211);
#3712=LINE('',#8734,#4212);
#3713=LINE('',#8740,#4213);
#3714=LINE('',#8741,#4214);
#3715=LINE('',#8749,#4215);
#3716=LINE('',#8751,#4216);
#3717=LINE('',#8753,#4217);
#3718=LINE('',#8755,#4218);
#3719=LINE('',#8757,#4219);
#3720=LINE('',#8763,#4220);
#3721=LINE('',#8765,#4221);
#3722=LINE('',#8767,#4222);
#3723=LINE('',#8769,#4223);
#3724=LINE('',#8775,#4224);
#3725=LINE('',#8777,#4225);
#3726=LINE('',#8779,#4226);
#3727=LINE('',#8783,#4227);
#3728=LINE('',#8787,#4228);
#3729=LINE('',#8789,#4229);
#3730=LINE('',#8791,#4230);
#3731=LINE('',#8797,#4231);
#3732=LINE('',#8799,#4232);
#3733=LINE('',#8801,#4233);
#3734=LINE('',#8803,#4234);
#3735=LINE('',#8807,#4235);
#3736=LINE('',#8811,#4236);
#3737=LINE('',#8813,#4237);
#3738=LINE('',#8815,#4238);
#3739=LINE('',#8819,#4239);
#3740=LINE('',#8823,#4240);
#3741=LINE('',#8825,#4241);
#3742=LINE('',#8827,#4242);
#3743=LINE('',#8831,#4243);
#3744=LINE('',#8835,#4244);
#3745=LINE('',#8838,#4245);
#3746=LINE('',#8839,#4246);
#3747=LINE('',#8845,#4247);
#3748=LINE('',#8846,#4248);
#3749=LINE('',#8849,#4249);
#3750=LINE('',#8851,#4250);
#3751=LINE('',#8855,#4251);
#3752=LINE('',#8859,#4252);
#3753=LINE('',#8863,#4253);
#3754=LINE('',#8867,#4254);
#3755=LINE('',#8871,#4255);
#3756=LINE('',#8875,#4256);
#3757=LINE('',#8879,#4257);
#3758=LINE('',#8883,#4258);
#3759=LINE('',#8887,#4259);
#3760=LINE('',#8889,#4260);
#3761=LINE('',#8891,#4261);
#3762=LINE('',#8895,#4262);
#3763=LINE('',#8899,#4263);
#3764=LINE('',#8903,#4264);
#3765=LINE('',#8907,#4265);
#3766=LINE('',#8912,#4266);
#3767=LINE('',#8916,#4267);
#3768=LINE('',#8920,#4268);
#3769=LINE('',#8924,#4269);
#3770=LINE('',#8926,#4270);
#3771=LINE('',#8927,#4271);
#3772=LINE('',#8930,#4272);
#3773=LINE('',#8931,#4273);
#3774=LINE('',#8934,#4274);
#3775=LINE('',#8935,#4275);
#3776=LINE('',#8939,#4276);
#3777=LINE('',#8941,#4277);
#3778=LINE('',#8942,#4278);
#3779=LINE('',#8945,#4279);
#3780=LINE('',#8946,#4280);
#3781=LINE('',#8949,#4281);
#3782=LINE('',#8950,#4282);
#3783=LINE('',#8954,#4283);
#3784=LINE('',#8958,#4284);
#3785=LINE('',#8959,#4285);
#3786=LINE('',#8961,#4286);
#3787=LINE('',#8962,#4287);
#3788=LINE('',#8966,#4288);
#3789=LINE('',#8969,#4289);
#3790=LINE('',#8970,#4290);
#3791=LINE('',#8973,#4291);
#3792=LINE('',#8978,#4292);
#3793=LINE('',#8980,#4293);
#3794=LINE('',#8981,#4294);
#3795=LINE('',#8985,#4295);
#3796=LINE('',#8987,#4296);
#3797=LINE('',#8991,#4297);
#3798=LINE('',#8994,#4298);
#3799=LINE('',#8996,#4299);
#3800=LINE('',#8998,#4300);
#3801=LINE('',#9001,#4301);
#3802=LINE('',#9005,#4302);
#3803=LINE('',#9007,#4303);
#3804=LINE('',#9011,#4304);
#3805=LINE('',#9013,#4305);
#3806=LINE('',#9015,#4306);
#3807=LINE('',#9017,#4307);
#3808=LINE('',#9019,#4308);
#3809=LINE('',#9021,#4309);
#3810=LINE('',#9023,#4310);
#3811=LINE('',#9032,#4311);
#3812=LINE('',#9034,#4312);
#3813=LINE('',#9036,#4313);
#3814=LINE('',#9040,#4314);
#3815=LINE('',#9042,#4315);
#3816=LINE('',#9045,#4316);
#3817=LINE('',#9048,#4317);
#3818=LINE('',#9050,#4318);
#3819=LINE('',#9052,#4319);
#3820=LINE('',#9054,#4320);
#3821=LINE('',#9056,#4321);
#3822=LINE('',#9058,#4322);
#3823=LINE('',#9062,#4323);
#3824=LINE('',#9066,#4324);
#3825=LINE('',#9069,#4325);
#3826=LINE('',#9071,#4326);
#3827=LINE('',#9073,#4327);
#3828=LINE('',#9075,#4328);
#3829=LINE('',#9077,#4329);
#3830=LINE('',#9079,#4330);
#3831=LINE('',#9081,#4331);
#3832=LINE('',#9083,#4332);
#3833=LINE('',#9085,#4333);
#3834=LINE('',#9087,#4334);
#3835=LINE('',#9090,#4335);
#3836=LINE('',#9092,#4336);
#3837=LINE('',#9094,#4337);
#3838=LINE('',#9096,#4338);
#3839=LINE('',#9098,#4339);
#3840=LINE('',#9100,#4340);
#3841=LINE('',#9102,#4341);
#3842=LINE('',#9104,#4342);
#3843=LINE('',#9106,#4343);
#3844=LINE('',#9108,#4344);
#3845=LINE('',#9111,#4345);
#3846=LINE('',#9113,#4346);
#3847=LINE('',#9115,#4347);
#3848=LINE('',#9117,#4348);
#3849=LINE('',#9119,#4349);
#3850=LINE('',#9121,#4350);
#3851=LINE('',#9123,#4351);
#3852=LINE('',#9125,#4352);
#3853=LINE('',#9127,#4353);
#3854=LINE('',#9129,#4354);
#3855=LINE('',#9132,#4355);
#3856=LINE('',#9134,#4356);
#3857=LINE('',#9136,#4357);
#3858=LINE('',#9138,#4358);
#3859=LINE('',#9140,#4359);
#3860=LINE('',#9142,#4360);
#3861=LINE('',#9144,#4361);
#3862=LINE('',#9146,#4362);
#3863=LINE('',#9148,#4363);
#3864=LINE('',#9150,#4364);
#3865=LINE('',#9153,#4365);
#3866=LINE('',#9155,#4366);
#3867=LINE('',#9157,#4367);
#3868=LINE('',#9159,#4368);
#3869=LINE('',#9161,#4369);
#3870=LINE('',#9163,#4370);
#3871=LINE('',#9165,#4371);
#3872=LINE('',#9167,#4372);
#3873=LINE('',#9169,#4373);
#3874=LINE('',#9180,#4374);
#3875=LINE('',#9181,#4375);
#3876=LINE('',#9183,#4376);
#3877=LINE('',#9184,#4377);
#3878=LINE('',#9186,#4378);
#3879=LINE('',#9187,#4379);
#3880=LINE('',#9191,#4380);
#3881=LINE('',#9220,#4381);
#3882=LINE('',#9222,#4382);
#3883=LINE('',#9224,#4383);
#3884=LINE('',#9226,#4384);
#3885=LINE('',#9228,#4385);
#3886=LINE('',#9230,#4386);
#3887=LINE('',#9232,#4387);
#3888=LINE('',#9234,#4388);
#3889=LINE('',#9237,#4389);
#3890=LINE('',#9239,#4390);
#3891=LINE('',#9240,#4391);
#3892=LINE('',#9243,#4392);
#3893=LINE('',#9245,#4393);
#3894=LINE('',#9247,#4394);
#3895=LINE('',#9249,#4395);
#3896=LINE('',#9251,#4396);
#3897=LINE('',#9253,#4397);
#3898=LINE('',#9257,#4398);
#3899=LINE('',#9259,#4399);
#3900=LINE('',#9263,#4400);
#3901=LINE('',#9266,#4401);
#3902=LINE('',#9268,#4402);
#3903=LINE('',#9271,#4403);
#3904=LINE('',#9273,#4404);
#3905=LINE('',#9277,#4405);
#3906=LINE('',#9279,#4406);
#3907=LINE('',#9285,#4407);
#3908=LINE('',#9289,#4408);
#3909=LINE('',#9291,#4409);
#3910=LINE('',#9298,#4410);
#3911=LINE('',#9300,#4411);
#3912=LINE('',#9303,#4412);
#3913=LINE('',#9305,#4413);
#3914=LINE('',#9306,#4414);
#3915=LINE('',#9310,#4415);
#3916=LINE('',#9320,#4416);
#3917=LINE('',#9325,#4417);
#3918=LINE('',#9331,#4418);
#3919=LINE('',#9334,#4419);
#3920=LINE('',#9336,#4420);
#3921=LINE('',#9338,#4421);
#3922=LINE('',#9340,#4422);
#3923=LINE('',#9342,#4423);
#3924=LINE('',#9344,#4424);
#3925=LINE('',#9348,#4425);
#3926=LINE('',#9352,#4426);
#3927=LINE('',#9355,#4427);
#3928=LINE('',#9357,#4428);
#3929=LINE('',#9359,#4429);
#3930=LINE('',#9363,#4430);
#3931=LINE('',#9367,#4431);
#3932=LINE('',#9369,#4432);
#3933=LINE('',#9371,#4433);
#3934=LINE('',#9373,#4434);
#3935=LINE('',#9376,#4435);
#3936=LINE('',#9378,#4436);
#3937=LINE('',#9380,#4437);
#3938=LINE('',#9384,#4438);
#3939=LINE('',#9388,#4439);
#3940=LINE('',#9390,#4440);
#3941=LINE('',#9392,#4441);
#3942=LINE('',#9394,#4442);
#3943=LINE('',#9397,#4443);
#3944=LINE('',#9399,#4444);
#3945=LINE('',#9401,#4445);
#3946=LINE('',#9405,#4446);
#3947=LINE('',#9409,#4447);
#3948=LINE('',#9411,#4448);
#3949=LINE('',#9413,#4449);
#3950=LINE('',#9415,#4450);
#3951=LINE('',#9418,#4451);
#3952=LINE('',#9420,#4452);
#3953=LINE('',#9422,#4453);
#3954=LINE('',#9424,#4454);
#3955=LINE('',#9426,#4455);
#3956=LINE('',#9428,#4456);
#3957=LINE('',#9430,#4457);
#3958=LINE('',#9432,#4458);
#3959=LINE('',#9434,#4459);
#3960=LINE('',#9436,#4460);
#3961=LINE('',#9439,#4461);
#3962=LINE('',#9441,#4462);
#3963=LINE('',#9443,#4463);
#3964=LINE('',#9445,#4464);
#3965=LINE('',#9447,#4465);
#3966=LINE('',#9449,#4466);
#3967=LINE('',#9451,#4467);
#3968=LINE('',#9453,#4468);
#3969=LINE('',#9455,#4469);
#3970=LINE('',#9459,#4470);
#3971=LINE('',#9460,#4471);
#3972=LINE('',#9462,#4472);
#3973=LINE('',#9463,#4473);
#3974=LINE('',#9465,#4474);
#3975=LINE('',#9466,#4475);
#3976=LINE('',#9468,#4476);
#3977=LINE('',#9469,#4477);
#3978=LINE('',#9471,#4478);
#3979=LINE('',#9472,#4479);
#3980=LINE('',#9474,#4480);
#3981=LINE('',#9475,#4481);
#3982=LINE('',#9477,#4482);
#3983=LINE('',#9487,#4483);
#3984=LINE('',#9489,#4484);
#3985=LINE('',#9491,#4485);
#3986=LINE('',#9493,#4486);
#3987=LINE('',#9495,#4487);
#3988=LINE('',#9497,#4488);
#3989=LINE('',#9499,#4489);
#3990=LINE('',#9501,#4490);
#3991=LINE('',#9505,#4491);
#3992=LINE('',#9510,#4492);
#3993=LINE('',#9511,#4493);
#3994=LINE('',#9514,#4494);
#3995=LINE('',#9516,#4495);
#3996=VECTOR('',#6104,1.);
#3997=VECTOR('',#6107,1.);
#3998=VECTOR('',#6114,1.);
#3999=VECTOR('',#6119,1.);
#4000=VECTOR('',#6120,1.);
#4001=VECTOR('',#6123,1.);
#4002=VECTOR('',#6126,1.);
#4003=VECTOR('',#6127,1.);
#4004=VECTOR('',#6128,1.);
#4005=VECTOR('',#6129,1.);
#4006=VECTOR('',#6130,1.);
#4007=VECTOR('',#6133,1.);
#4008=VECTOR('',#6136,1.);
#4009=VECTOR('',#6137,1.);
#4010=VECTOR('',#6138,1.);
#4011=VECTOR('',#6139,1.);
#4012=VECTOR('',#6142,1.);
#4013=VECTOR('',#6145,1.);
#4014=VECTOR('',#6146,1.);
#4015=VECTOR('',#6147,1.);
#4016=VECTOR('',#6150,1.);
#4017=VECTOR('',#6151,1.);
#4018=VECTOR('',#6152,1.);
#4019=VECTOR('',#6153,1.);
#4020=VECTOR('',#6156,1.);
#4021=VECTOR('',#6157,1.);
#4022=VECTOR('',#6160,1.);
#4023=VECTOR('',#6161,1.);
#4024=VECTOR('',#6162,1.);
#4025=VECTOR('',#6163,1.);
#4026=VECTOR('',#6164,1.);
#4027=VECTOR('',#6169,1.);
#4028=VECTOR('',#6170,1.);
#4029=VECTOR('',#6171,1.);
#4030=VECTOR('',#6174,1.);
#4031=VECTOR('',#6175,1.);
#4032=VECTOR('',#6176,1.);
#4033=VECTOR('',#6179,1.);
#4034=VECTOR('',#6182,1.);
#4035=VECTOR('',#6183,1.);
#4036=VECTOR('',#6184,1.);
#4037=VECTOR('',#6185,1.);
#4038=VECTOR('',#6186,1.);
#4039=VECTOR('',#6189,1.);
#4040=VECTOR('',#6194,1.);
#4041=VECTOR('',#6199,1.);
#4042=VECTOR('',#6200,1.);
#4043=VECTOR('',#6203,1.);
#4044=VECTOR('',#6206,1.);
#4045=VECTOR('',#6207,1.);
#4046=VECTOR('',#6208,1.);
#4047=VECTOR('',#6209,1.);
#4048=VECTOR('',#6210,1.);
#4049=VECTOR('',#6211,1.);
#4050=VECTOR('',#6212,1.);
#4051=VECTOR('',#6213,1.);
#4052=VECTOR('',#6216,1.);
#4053=VECTOR('',#6217,1.);
#4054=VECTOR('',#6218,1.);
#4055=VECTOR('',#6223,1.);
#4056=VECTOR('',#6224,1.);
#4057=VECTOR('',#6225,1.);
#4058=VECTOR('',#6226,1.);
#4059=VECTOR('',#6229,1.);
#4060=VECTOR('',#6230,1.);
#4061=VECTOR('',#6231,1.);
#4062=VECTOR('',#6232,1.);
#4063=VECTOR('',#6233,1.);
#4064=VECTOR('',#6234,1.);
#4065=VECTOR('',#6237,1.);
#4066=VECTOR('',#6238,1.);
#4067=VECTOR('',#6241,1.);
#4068=VECTOR('',#6242,1.);
#4069=VECTOR('',#6245,1.);
#4070=VECTOR('',#6250,1.);
#4071=VECTOR('',#6251,1.);
#4072=VECTOR('',#6252,1.);
#4073=VECTOR('',#6253,1.);
#4074=VECTOR('',#6254,1.);
#4075=VECTOR('',#6257,1.);
#4076=VECTOR('',#6264,1.);
#4077=VECTOR('',#6265,1.);
#4078=VECTOR('',#6266,1.);
#4079=VECTOR('',#6267,1.);
#4080=VECTOR('',#6268,1.);
#4081=VECTOR('',#6271,1.);
#4082=VECTOR('',#6272,1.);
#4083=VECTOR('',#6273,1.);
#4084=VECTOR('',#6278,1.);
#4085=VECTOR('',#6281,1.);
#4086=VECTOR('',#6284,1.);
#4087=VECTOR('',#6291,1.);
#4088=VECTOR('',#6294,1.);
#4089=VECTOR('',#6295,1.);
#4090=VECTOR('',#6296,1.);
#4091=VECTOR('',#6299,1.);
#4092=VECTOR('',#6300,1.);
#4093=VECTOR('',#6301,1.);
#4094=VECTOR('',#6304,1.);
#4095=VECTOR('',#6305,1.);
#4096=VECTOR('',#6306,1.);
#4097=VECTOR('',#6309,1.);
#4098=VECTOR('',#6310,1.);
#4099=VECTOR('',#6311,1.);
#4100=VECTOR('',#6312,1.);
#4101=VECTOR('',#6315,1.);
#4102=VECTOR('',#6316,1.);
#4103=VECTOR('',#6319,1.);
#4104=VECTOR('',#6320,1.);
#4105=VECTOR('',#6321,1.);
#4106=VECTOR('',#6324,1.);
#4107=VECTOR('',#6325,1.);
#4108=VECTOR('',#6328,1.);
#4109=VECTOR('',#6331,1.);
#4110=VECTOR('',#6334,1.);
#4111=VECTOR('',#6339,1.);
#4112=VECTOR('',#6340,1.);
#4113=VECTOR('',#6349,1.);
#4114=VECTOR('',#6352,1.);
#4115=VECTOR('',#6357,1.);
#4116=VECTOR('',#6360,1.);
#4117=VECTOR('',#6365,1.);
#4118=VECTOR('',#6368,1.);
#4119=VECTOR('',#6373,1.);
#4120=VECTOR('',#6376,1.);
#4121=VECTOR('',#6407,1.);
#4122=VECTOR('',#6410,1.);
#4123=VECTOR('',#6415,1.);
#4124=VECTOR('',#6418,1.);
#4125=VECTOR('',#6423,1.);
#4126=VECTOR('',#6426,1.);
#4127=VECTOR('',#6455,1.);
#4128=VECTOR('',#6458,1.);
#4129=VECTOR('',#6465,1.);
#4130=VECTOR('',#6468,1.);
#4131=VECTOR('',#6473,1.);
#4132=VECTOR('',#6476,1.);
#4133=VECTOR('',#6505,1.);
#4134=VECTOR('',#6508,1.);
#4135=VECTOR('',#6515,1.);
#4136=VECTOR('',#6518,1.);
#4137=VECTOR('',#6523,1.);
#4138=VECTOR('',#6526,1.);
#4139=VECTOR('',#6583,1.);
#4140=VECTOR('',#6584,1.);
#4141=VECTOR('',#6595,1.);
#4142=VECTOR('',#6596,1.);
#4143=VECTOR('',#6607,1.);
#4144=VECTOR('',#6608,1.);
#4145=VECTOR('',#6619,1.);
#4146=VECTOR('',#6622,1.);
#4147=VECTOR('',#6671,1.);
#4148=VECTOR('',#6672,1.);
#4149=VECTOR('',#6675,1.);
#4150=VECTOR('',#6678,1.);
#4151=VECTOR('',#6681,1.);
#4152=VECTOR('',#6684,1.);
#4153=VECTOR('',#6687,1.);
#4154=VECTOR('',#6690,1.);
#4155=VECTOR('',#6693,1.);
#4156=VECTOR('',#6696,1.);
#4157=VECTOR('',#6701,1.);
#4158=VECTOR('',#6702,1.);
#4159=VECTOR('',#6703,1.);
#4160=VECTOR('',#6708,1.);
#4161=VECTOR('',#6711,1.);
#4162=VECTOR('',#6714,1.);
#4163=VECTOR('',#6717,1.);
#4164=VECTOR('',#6722,1.);
#4165=VECTOR('',#6725,1.);
#4166=VECTOR('',#6728,1.);
#4167=VECTOR('',#6733,1.);
#4168=VECTOR('',#6736,1.);
#4169=VECTOR('',#6737,1.);
#4170=VECTOR('',#6742,1.);
#4171=VECTOR('',#6743,1.);
#4172=VECTOR('',#6748,1.);
#4173=VECTOR('',#6749,1.);
#4174=VECTOR('',#6756,1.);
#4175=VECTOR('',#6759,1.);
#4176=VECTOR('',#6760,1.);
#4177=VECTOR('',#6765,1.);
#4178=VECTOR('',#6766,1.);
#4179=VECTOR('',#6771,1.);
#4180=VECTOR('',#6772,1.);
#4181=VECTOR('',#6783,1.);
#4182=VECTOR('',#6786,1.);
#4183=VECTOR('',#6787,1.);
#4184=VECTOR('',#6788,1.);
#4185=VECTOR('',#6791,1.);
#4186=VECTOR('',#6798,1.);
#4187=VECTOR('',#6799,1.);
#4188=VECTOR('',#6800,1.);
#4189=VECTOR('',#6803,1.);
#4190=VECTOR('',#6810,1.);
#4191=VECTOR('',#6811,1.);
#4192=VECTOR('',#6812,1.);
#4193=VECTOR('',#6817,1.);
#4194=VECTOR('',#6822,1.);
#4195=VECTOR('',#6823,1.);
#4196=VECTOR('',#6824,1.);
#4197=VECTOR('',#6831,1.);
#4198=VECTOR('',#6834,1.);
#4199=VECTOR('',#6835,1.);
#4200=VECTOR('',#6836,1.);
#4201=VECTOR('',#6841,1.);
#4202=VECTOR('',#6846,1.);
#4203=VECTOR('',#6847,1.);
#4204=VECTOR('',#6848,1.);
#4205=VECTOR('',#6853,1.);
#4206=VECTOR('',#6858,1.);
#4207=VECTOR('',#6859,1.);
#4208=VECTOR('',#6860,1.);
#4209=VECTOR('',#6865,1.);
#4210=VECTOR('',#6870,1.);
#4211=VECTOR('',#6871,1.);
#4212=VECTOR('',#6872,1.);
#4213=VECTOR('',#6881,1.);
#4214=VECTOR('',#6882,1.);
#4215=VECTOR('',#6891,1.);
#4216=VECTOR('',#6894,1.);
#4217=VECTOR('',#6895,1.);
#4218=VECTOR('',#6896,1.);
#4219=VECTOR('',#6899,1.);
#4220=VECTOR('',#6906,1.);
#4221=VECTOR('',#6907,1.);
#4222=VECTOR('',#6908,1.);
#4223=VECTOR('',#6911,1.);
#4224=VECTOR('',#6918,1.);
#4225=VECTOR('',#6919,1.);
#4226=VECTOR('',#6920,1.);
#4227=VECTOR('',#6925,1.);
#4228=VECTOR('',#6930,1.);
#4229=VECTOR('',#6931,1.);
#4230=VECTOR('',#6932,1.);
#4231=VECTOR('',#6939,1.);
#4232=VECTOR('',#6942,1.);
#4233=VECTOR('',#6943,1.);
#4234=VECTOR('',#6944,1.);
#4235=VECTOR('',#6949,1.);
#4236=VECTOR('',#6954,1.);
#4237=VECTOR('',#6955,1.);
#4238=VECTOR('',#6956,1.);
#4239=VECTOR('',#6961,1.);
#4240=VECTOR('',#6966,1.);
#4241=VECTOR('',#6967,1.);
#4242=VECTOR('',#6968,1.);
#4243=VECTOR('',#6973,1.);
#4244=VECTOR('',#6978,1.);
#4245=VECTOR('',#6979,1.);
#4246=VECTOR('',#6980,1.);
#4247=VECTOR('',#6989,1.);
#4248=VECTOR('',#6990,1.);
#4249=VECTOR('',#6995,1.);
#4250=VECTOR('',#6996,1.);
#4251=VECTOR('',#6999,1.);
#4252=VECTOR('',#7002,1.);
#4253=VECTOR('',#7005,1.);
#4254=VECTOR('',#7008,1.);
#4255=VECTOR('',#7011,1.);
#4256=VECTOR('',#7014,1.);
#4257=VECTOR('',#7017,1.);
#4258=VECTOR('',#7020,1.);
#4259=VECTOR('',#7025,1.);
#4260=VECTOR('',#7026,1.);
#4261=VECTOR('',#7027,1.);
#4262=VECTOR('',#7032,1.);
#4263=VECTOR('',#7035,1.);
#4264=VECTOR('',#7038,1.);
#4265=VECTOR('',#7041,1.);
#4266=VECTOR('',#7046,1.);
#4267=VECTOR('',#7049,1.);
#4268=VECTOR('',#7052,1.);
#4269=VECTOR('',#7057,1.);
#4270=VECTOR('',#7060,1.);
#4271=VECTOR('',#7061,1.);
#4272=VECTOR('',#7066,1.);
#4273=VECTOR('',#7067,1.);
#4274=VECTOR('',#7072,1.);
#4275=VECTOR('',#7073,1.);
#4276=VECTOR('',#7080,1.);
#4277=VECTOR('',#7083,1.);
#4278=VECTOR('',#7084,1.);
#4279=VECTOR('',#7089,1.);
#4280=VECTOR('',#7090,1.);
#4281=VECTOR('',#7095,1.);
#4282=VECTOR('',#7096,1.);
#4283=VECTOR('',#7103,1.);
#4284=VECTOR('',#7106,1.);
#4285=VECTOR('',#7107,1.);
#4286=VECTOR('',#7108,1.);
#4287=VECTOR('',#7109,1.);
#4288=VECTOR('',#7112,1.);
#4289=VECTOR('',#7115,1.);
#4290=VECTOR('',#7116,1.);
#4291=VECTOR('',#7119,1.);
#4292=VECTOR('',#7124,1.);
#4293=VECTOR('',#7125,1.);
#4294=VECTOR('',#7126,1.);
#4295=VECTOR('',#7129,1.);
#4296=VECTOR('',#7130,1.);
#4297=VECTOR('',#7133,1.);
#4298=VECTOR('',#7136,1.);
#4299=VECTOR('',#7137,1.);
#4300=VECTOR('',#7138,1.);
#4301=VECTOR('',#7141,1.);
#4302=VECTOR('',#7146,1.);
#4303=VECTOR('',#7147,1.);
#4304=VECTOR('',#7152,1.);
#4305=VECTOR('',#7155,1.);
#4306=VECTOR('',#7158,1.);
#4307=VECTOR('',#7159,1.);
#4308=VECTOR('',#7160,1.);
#4309=VECTOR('',#7163,1.);
#4310=VECTOR('',#7164,1.);
#4311=VECTOR('',#7171,1.);
#4312=VECTOR('',#7172,1.);
#4313=VECTOR('',#7175,1.);
#4314=VECTOR('',#7178,1.);
#4315=VECTOR('',#7181,1.);
#4316=VECTOR('',#7186,1.);
#4317=VECTOR('',#7187,1.);
#4318=VECTOR('',#7188,1.);
#4319=VECTOR('',#7189,1.);
#4320=VECTOR('',#7192,1.);
#4321=VECTOR('',#7193,1.);
#4322=VECTOR('',#7194,1.);
#4323=VECTOR('',#7199,1.);
#4324=VECTOR('',#7204,1.);
#4325=VECTOR('',#7205,1.);
#4326=VECTOR('',#7206,1.);
#4327=VECTOR('',#7207,1.);
#4328=VECTOR('',#7210,1.);
#4329=VECTOR('',#7211,1.);
#4330=VECTOR('',#7212,1.);
#4331=VECTOR('',#7215,1.);
#4332=VECTOR('',#7216,1.);
#4333=VECTOR('',#7217,1.);
#4334=VECTOR('',#7220,1.);
#4335=VECTOR('',#7221,1.);
#4336=VECTOR('',#7222,1.);
#4337=VECTOR('',#7223,1.);
#4338=VECTOR('',#7226,1.);
#4339=VECTOR('',#7227,1.);
#4340=VECTOR('',#7228,1.);
#4341=VECTOR('',#7231,1.);
#4342=VECTOR('',#7232,1.);
#4343=VECTOR('',#7233,1.);
#4344=VECTOR('',#7236,1.);
#4345=VECTOR('',#7237,1.);
#4346=VECTOR('',#7238,1.);
#4347=VECTOR('',#7239,1.);
#4348=VECTOR('',#7242,1.);
#4349=VECTOR('',#7243,1.);
#4350=VECTOR('',#7244,1.);
#4351=VECTOR('',#7247,1.);
#4352=VECTOR('',#7248,1.);
#4353=VECTOR('',#7249,1.);
#4354=VECTOR('',#7252,1.);
#4355=VECTOR('',#7253,1.);
#4356=VECTOR('',#7254,1.);
#4357=VECTOR('',#7255,1.);
#4358=VECTOR('',#7258,1.);
#4359=VECTOR('',#7259,1.);
#4360=VECTOR('',#7260,1.);
#4361=VECTOR('',#7263,1.);
#4362=VECTOR('',#7264,1.);
#4363=VECTOR('',#7265,1.);
#4364=VECTOR('',#7268,1.);
#4365=VECTOR('',#7269,1.);
#4366=VECTOR('',#7270,1.);
#4367=VECTOR('',#7271,1.);
#4368=VECTOR('',#7274,1.);
#4369=VECTOR('',#7275,1.);
#4370=VECTOR('',#7276,1.);
#4371=VECTOR('',#7279,1.);
#4372=VECTOR('',#7280,1.);
#4373=VECTOR('',#7281,1.);
#4374=VECTOR('',#7302,1.);
#4375=VECTOR('',#7303,1.);
#4376=VECTOR('',#7306,1.);
#4377=VECTOR('',#7307,1.);
#4378=VECTOR('',#7310,1.);
#4379=VECTOR('',#7311,1.);
#4380=VECTOR('',#7316,1.);
#4381=VECTOR('',#7333,1.);
#4382=VECTOR('',#7334,1.);
#4383=VECTOR('',#7335,1.);
#4384=VECTOR('',#7338,1.);
#4385=VECTOR('',#7341,1.);
#4386=VECTOR('',#7342,1.);
#4387=VECTOR('',#7343,1.);
#4388=VECTOR('',#7346,1.);
#4389=VECTOR('',#7351,1.);
#4390=VECTOR('',#7352,1.);
#4391=VECTOR('',#7353,1.);
#4392=VECTOR('',#7358,1.);
#4393=VECTOR('',#7361,1.);
#4394=VECTOR('',#7362,1.);
#4395=VECTOR('',#7365,1.);
#4396=VECTOR('',#7366,1.);
#4397=VECTOR('',#7369,1.);
#4398=VECTOR('',#7374,1.);
#4399=VECTOR('',#7377,1.);
#4400=VECTOR('',#7380,1.);
#4401=VECTOR('',#7385,1.);
#4402=VECTOR('',#7388,1.);
#4403=VECTOR('',#7393,1.);
#4404=VECTOR('',#7394,1.);
#4405=VECTOR('',#7401,1.);
#4406=VECTOR('',#7402,1.);
#4407=VECTOR('',#7411,1.);
#4408=VECTOR('',#7414,1.);
#4409=VECTOR('',#7417,1.);
#4410=VECTOR('',#7418,1.);
#4411=VECTOR('',#7421,1.);
#4412=VECTOR('',#7422,1.);
#4413=VECTOR('',#7423,1.);
#4414=VECTOR('',#7424,1.);
#4415=VECTOR('',#7429,1.);
#4416=VECTOR('',#7434,1.);
#4417=VECTOR('',#7435,1.);
#4418=VECTOR('',#7444,1.);
#4419=VECTOR('',#7445,1.);
#4420=VECTOR('',#7446,1.);
#4421=VECTOR('',#7447,1.);
#4422=VECTOR('',#7450,1.);
#4423=VECTOR('',#7451,1.);
#4424=VECTOR('',#7452,1.);
#4425=VECTOR('',#7457,1.);
#4426=VECTOR('',#7462,1.);
#4427=VECTOR('',#7463,1.);
#4428=VECTOR('',#7464,1.);
#4429=VECTOR('',#7465,1.);
#4430=VECTOR('',#7470,1.);
#4431=VECTOR('',#7475,1.);
#4432=VECTOR('',#7476,1.);
#4433=VECTOR('',#7477,1.);
#4434=VECTOR('',#7480,1.);
#4435=VECTOR('',#7481,1.);
#4436=VECTOR('',#7482,1.);
#4437=VECTOR('',#7483,1.);
#4438=VECTOR('',#7488,1.);
#4439=VECTOR('',#7493,1.);
#4440=VECTOR('',#7494,1.);
#4441=VECTOR('',#7495,1.);
#4442=VECTOR('',#7498,1.);
#4443=VECTOR('',#7499,1.);
#4444=VECTOR('',#7500,1.);
#4445=VECTOR('',#7501,1.);
#4446=VECTOR('',#7506,1.);
#4447=VECTOR('',#7511,1.);
#4448=VECTOR('',#7512,1.);
#4449=VECTOR('',#7513,1.);
#4450=VECTOR('',#7516,1.);
#4451=VECTOR('',#7517,1.);
#4452=VECTOR('',#7518,1.);
#4453=VECTOR('',#7519,1.);
#4454=VECTOR('',#7522,1.);
#4455=VECTOR('',#7523,1.);
#4456=VECTOR('',#7524,1.);
#4457=VECTOR('',#7527,1.);
#4458=VECTOR('',#7528,1.);
#4459=VECTOR('',#7529,1.);
#4460=VECTOR('',#7532,1.);
#4461=VECTOR('',#7533,1.);
#4462=VECTOR('',#7534,1.);
#4463=VECTOR('',#7535,1.);
#4464=VECTOR('',#7538,1.);
#4465=VECTOR('',#7539,1.);
#4466=VECTOR('',#7540,1.);
#4467=VECTOR('',#7543,1.);
#4468=VECTOR('',#7544,1.);
#4469=VECTOR('',#7545,1.);
#4470=VECTOR('',#7552,1.);
#4471=VECTOR('',#7553,1.);
#4472=VECTOR('',#7556,1.);
#4473=VECTOR('',#7557,1.);
#4474=VECTOR('',#7560,1.);
#4475=VECTOR('',#7561,1.);
#4476=VECTOR('',#7564,1.);
#4477=VECTOR('',#7565,1.);
#4478=VECTOR('',#7568,1.);
#4479=VECTOR('',#7569,1.);
#4480=VECTOR('',#7572,1.);
#4481=VECTOR('',#7573,1.);
#4482=VECTOR('',#7576,1.);
#4483=VECTOR('',#7593,1.);
#4484=VECTOR('',#7596,1.);
#4485=VECTOR('',#7599,1.);
#4486=VECTOR('',#7602,1.);
#4487=VECTOR('',#7603,1.);
#4488=VECTOR('',#7606,1.);
#4489=VECTOR('',#7607,1.);
#4490=VECTOR('',#7610,1.);
#4491=VECTOR('',#7615,1.);
#4492=VECTOR('',#7620,1.);
#4493=VECTOR('',#7621,1.);
#4494=VECTOR('',#7626,1.);
#4495=VECTOR('',#7629,1.);
#4496=EDGE_LOOP('',(#544,#545,#546,#547));
#4497=EDGE_LOOP('',(#548,#549,#550,#551));
#4498=EDGE_LOOP('',(#552,#553,#554,#555,#556,#557,#558,#559,#560,#561));
#4499=EDGE_LOOP('',(#562,#563,#564,#565,#566,#567));
#4500=EDGE_LOOP('',(#568,#569,#570,#571,#572));
#4501=EDGE_LOOP('',(#573,#574,#575,#576));
#4502=EDGE_LOOP('',(#577,#578,#579,#580));
#4503=EDGE_LOOP('',(#581,#582,#583,#584,#585,#586));
#4504=EDGE_LOOP('',(#587,#588,#589,#590));
#4505=EDGE_LOOP('',(#591,#592,#593,#594));
#4506=EDGE_LOOP('',(#595,#596,#597,#598,#599,#600,#601,#602,#603,#604,#605,
#606,#607,#608,#609));
#4507=EDGE_LOOP('',(#610,#611,#612,#613));
#4508=EDGE_LOOP('',(#614,#615,#616,#617,#618,#619,#620,#621));
#4509=EDGE_LOOP('',(#622,#623,#624,#625,#626));
#4510=EDGE_LOOP('',(#627,#628,#629,#630));
#4511=EDGE_LOOP('',(#631,#632,#633,#634,#635,#636,#637,#638,#639));
#4512=EDGE_LOOP('',(#640,#641,#642,#643,#644));
#4513=EDGE_LOOP('',(#645,#646,#647,#648,#649));
#4514=EDGE_LOOP('',(#650,#651,#652,#653,#654));
#4515=EDGE_LOOP('',(#655,#656,#657,#658,#659,#660,#661,#662,#663));
#4516=EDGE_LOOP('',(#664,#665,#666,#667,#668,#669,#670,#671,#672,#673,#674,
#675));
#4517=EDGE_LOOP('',(#676,#677,#678,#679,#680));
#4518=EDGE_LOOP('',(#681,#682,#683,#684));
#4519=EDGE_LOOP('',(#685,#686,#687,#688));
#4520=EDGE_LOOP('',(#689,#690,#691,#692,#693,#694));
#4521=EDGE_LOOP('',(#695,#696,#697,#698));
#4522=EDGE_LOOP('',(#699,#700,#701,#702,#703,#704,#705,#706,#707,#708,#709,
#710,#711,#712,#713,#714));
#4523=EDGE_LOOP('',(#715,#716,#717,#718));
#4524=EDGE_LOOP('',(#719,#720,#721,#722));
#4525=EDGE_LOOP('',(#723,#724,#725,#726,#727));
#4526=EDGE_LOOP('',(#728,#729,#730,#731));
#4527=EDGE_LOOP('',(#732,#733,#734,#735));
#4528=EDGE_LOOP('',(#736,#737,#738,#739));
#4529=EDGE_LOOP('',(#740,#741,#742,#743));
#4530=EDGE_LOOP('',(#744,#745,#746,#747));
#4531=EDGE_LOOP('',(#748,#749,#750,#751));
#4532=EDGE_LOOP('',(#752,#753,#754,#755));
#4533=EDGE_LOOP('',(#756,#757,#758,#759));
#4534=EDGE_LOOP('',(#760,#761,#762,#763));
#4535=EDGE_LOOP('',(#764,#765,#766,#767));
#4536=EDGE_LOOP('',(#768,#769,#770,#771));
#4537=EDGE_LOOP('',(#772,#773,#774,#775));
#4538=EDGE_LOOP('',(#776,#777,#778,#779));
#4539=EDGE_LOOP('',(#780,#781,#782,#783));
#4540=EDGE_LOOP('',(#784,#785,#786,#787));
#4541=EDGE_LOOP('',(#788,#789,#790,#791));
#4542=EDGE_LOOP('',(#792,#793,#794,#795));
#4543=EDGE_LOOP('',(#796,#797,#798,#799));
#4544=EDGE_LOOP('',(#800,#801,#802,#803));
#4545=EDGE_LOOP('',(#804,#805,#806,#807));
#4546=EDGE_LOOP('',(#808,#809,#810,#811));
#4547=EDGE_LOOP('',(#812,#813,#814,#815));
#4548=EDGE_LOOP('',(#816,#817,#818,#819));
#4549=EDGE_LOOP('',(#820,#821,#822,#823));
#4550=EDGE_LOOP('',(#824,#825,#826,#827));
#4551=EDGE_LOOP('',(#828,#829,#830,#831));
#4552=EDGE_LOOP('',(#832,#833,#834,#835));
#4553=EDGE_LOOP('',(#836,#837,#838,#839));
#4554=EDGE_LOOP('',(#840,#841,#842,#843));
#4555=EDGE_LOOP('',(#844,#845,#846,#847));
#4556=EDGE_LOOP('',(#848,#849,#850,#851));
#4557=EDGE_LOOP('',(#852,#853,#854,#855));
#4558=EDGE_LOOP('',(#856,#857,#858,#859));
#4559=EDGE_LOOP('',(#860,#861,#862,#863));
#4560=EDGE_LOOP('',(#864));
#4561=EDGE_LOOP('',(#865,#866,#867,#868,#869,#870,#871,#872));
#4562=EDGE_LOOP('',(#873,#874,#875,#876));
#4563=EDGE_LOOP('',(#877,#878,#879,#880));
#4564=EDGE_LOOP('',(#881,#882,#883,#884));
#4565=EDGE_LOOP('',(#885,#886,#887,#888));
#4566=EDGE_LOOP('',(#889,#890,#891,#892));
#4567=EDGE_LOOP('',(#893,#894,#895,#896));
#4568=EDGE_LOOP('',(#897,#898,#899,#900));
#4569=EDGE_LOOP('',(#901));
#4570=EDGE_LOOP('',(#902,#903,#904,#905,#906,#907,#908,#909));
#4571=EDGE_LOOP('',(#910,#911,#912,#913));
#4572=EDGE_LOOP('',(#914,#915,#916,#917));
#4573=EDGE_LOOP('',(#918,#919,#920,#921));
#4574=EDGE_LOOP('',(#922));
#4575=EDGE_LOOP('',(#923));
#4576=EDGE_LOOP('',(#924));
#4577=EDGE_LOOP('',(#925));
#4578=EDGE_LOOP('',(#926));
#4579=EDGE_LOOP('',(#927));
#4580=EDGE_LOOP('',(#928));
#4581=EDGE_LOOP('',(#929));
#4582=EDGE_LOOP('',(#930));
#4583=EDGE_LOOP('',(#931));
#4584=EDGE_LOOP('',(#932,#933));
#4585=EDGE_LOOP('',(#934));
#4586=EDGE_LOOP('',(#935));
#4587=EDGE_LOOP('',(#936));
#4588=EDGE_LOOP('',(#937,#938,#939,#940,#941,#942,#943,#944,#945,#946,#947,
#948,#949,#950,#951,#952,#953,#954,#955,#956,#957,#958,#959,#960,#961,#962,
#963,#964,#965,#966,#967,#968,#969,#970,#971,#972,#973,#974,#975,#976,#977,
#978));
#4589=EDGE_LOOP('',(#979,#980,#981,#982));
#4590=EDGE_LOOP('',(#983,#984,#985,#986,#987,#988,#989,#990,#991,#992,#993,
#994,#995,#996,#997,#998,#999,#1000,#1001,#1002));
#4591=EDGE_LOOP('',(#1003,#1004,#1005,#1006));
#4592=EDGE_LOOP('',(#1007,#1008,#1009,#1010));
#4593=EDGE_LOOP('',(#1011,#1012,#1013,#1014));
#4594=EDGE_LOOP('',(#1015,#1016,#1017,#1018));
#4595=EDGE_LOOP('',(#1019,#1020,#1021,#1022));
#4596=EDGE_LOOP('',(#1023,#1024,#1025,#1026));
#4597=EDGE_LOOP('',(#1027,#1028,#1029,#1030));
#4598=EDGE_LOOP('',(#1031,#1032,#1033));
#4599=EDGE_LOOP('',(#1034,#1035,#1036,#1037));
#4600=EDGE_LOOP('',(#1038,#1039,#1040,#1041));
#4601=EDGE_LOOP('',(#1042,#1043,#1044,#1045));
#4602=EDGE_LOOP('',(#1046,#1047,#1048,#1049));
#4603=EDGE_LOOP('',(#1050,#1051,#1052,#1053));
#4604=EDGE_LOOP('',(#1054,#1055,#1056,#1057));
#4605=EDGE_LOOP('',(#1058,#1059,#1060,#1061));
#4606=EDGE_LOOP('',(#1062,#1063,#1064));
#4607=EDGE_LOOP('',(#1065,#1066,#1067));
#4608=EDGE_LOOP('',(#1068,#1069,#1070,#1071));
#4609=EDGE_LOOP('',(#1072,#1073,#1074,#1075));
#4610=EDGE_LOOP('',(#1076,#1077,#1078,#1079));
#4611=EDGE_LOOP('',(#1080,#1081,#1082,#1083));
#4612=EDGE_LOOP('',(#1084,#1085,#1086,#1087));
#4613=EDGE_LOOP('',(#1088,#1089,#1090,#1091));
#4614=EDGE_LOOP('',(#1092,#1093,#1094,#1095));
#4615=EDGE_LOOP('',(#1096,#1097,#1098,#1099));
#4616=EDGE_LOOP('',(#1100,#1101,#1102,#1103));
#4617=EDGE_LOOP('',(#1104,#1105,#1106,#1107));
#4618=EDGE_LOOP('',(#1108,#1109,#1110,#1111));
#4619=EDGE_LOOP('',(#1112,#1113,#1114,#1115));
#4620=EDGE_LOOP('',(#1116,#1117,#1118,#1119));
#4621=EDGE_LOOP('',(#1120,#1121,#1122,#1123));
#4622=EDGE_LOOP('',(#1124,#1125,#1126,#1127));
#4623=EDGE_LOOP('',(#1128,#1129,#1130));
#4624=EDGE_LOOP('',(#1131,#1132,#1133,#1134,#1135,#1136,#1137,#1138,#1139,
#1140,#1141,#1142,#1143,#1144,#1145,#1146,#1147,#1148,#1149,#1150,#1151,
#1152,#1153,#1154,#1155,#1156,#1157,#1158,#1159,#1160,#1161,#1162,#1163,
#1164,#1165,#1166,#1167,#1168,#1169,#1170,#1171,#1172));
#4625=EDGE_LOOP('',(#1173,#1174,#1175,#1176,#1177,#1178,#1179,#1180,#1181,
#1182,#1183,#1184,#1185,#1186,#1187,#1188,#1189,#1190,#1191,#1192));
#4626=EDGE_LOOP('',(#1193,#1194,#1195));
#4627=EDGE_LOOP('',(#1196,#1197,#1198,#1199));
#4628=EDGE_LOOP('',(#1200,#1201,#1202,#1203));
#4629=EDGE_LOOP('',(#1204,#1205,#1206,#1207));
#4630=EDGE_LOOP('',(#1208,#1209,#1210,#1211));
#4631=EDGE_LOOP('',(#1212,#1213,#1214,#1215));
#4632=EDGE_LOOP('',(#1216,#1217,#1218,#1219));
#4633=EDGE_LOOP('',(#1220,#1221,#1222,#1223));
#4634=EDGE_LOOP('',(#1224,#1225,#1226,#1227));
#4635=EDGE_LOOP('',(#1228,#1229,#1230,#1231));
#4636=EDGE_LOOP('',(#1232,#1233,#1234,#1235));
#4637=EDGE_LOOP('',(#1236,#1237,#1238,#1239));
#4638=EDGE_LOOP('',(#1240,#1241,#1242,#1243));
#4639=EDGE_LOOP('',(#1244,#1245,#1246,#1247));
#4640=EDGE_LOOP('',(#1248,#1249,#1250,#1251));
#4641=EDGE_LOOP('',(#1252,#1253,#1254,#1255));
#4642=EDGE_LOOP('',(#1256,#1257,#1258));
#4643=EDGE_LOOP('',(#1259,#1260,#1261,#1262,#1263,#1264,#1265,#1266,#1267,
#1268,#1269,#1270,#1271,#1272,#1273,#1274,#1275,#1276,#1277,#1278,#1279,
#1280,#1281,#1282,#1283,#1284,#1285,#1286,#1287,#1288,#1289,#1290,#1291,
#1292,#1293,#1294,#1295,#1296,#1297,#1298,#1299,#1300));
#4644=EDGE_LOOP('',(#1301,#1302,#1303,#1304,#1305,#1306,#1307,#1308,#1309,
#1310,#1311,#1312,#1313,#1314,#1315,#1316,#1317,#1318,#1319,#1320));
#4645=EDGE_LOOP('',(#1321,#1322,#1323,#1324,#1325,#1326,#1327,#1328,#1329,
#1330,#1331,#1332,#1333,#1334,#1335,#1336,#1337,#1338,#1339,#1340,#1341,
#1342,#1343,#1344,#1345,#1346,#1347,#1348,#1349,#1350,#1351,#1352,#1353,
#1354,#1355,#1356,#1357,#1358,#1359,#1360,#1361,#1362));
#4646=EDGE_LOOP('',(#1363,#1364,#1365,#1366));
#4647=EDGE_LOOP('',(#1367,#1368,#1369,#1370,#1371,#1372,#1373,#1374,#1375,
#1376,#1377,#1378,#1379,#1380,#1381,#1382,#1383,#1384,#1385,#1386));
#4648=EDGE_LOOP('',(#1387,#1388,#1389,#1390));
#4649=EDGE_LOOP('',(#1391,#1392,#1393,#1394));
#4650=EDGE_LOOP('',(#1395,#1396,#1397,#1398));
#4651=EDGE_LOOP('',(#1399,#1400,#1401,#1402));
#4652=EDGE_LOOP('',(#1403,#1404,#1405,#1406));
#4653=EDGE_LOOP('',(#1407,#1408,#1409,#1410));
#4654=EDGE_LOOP('',(#1411,#1412,#1413,#1414));
#4655=EDGE_LOOP('',(#1415,#1416,#1417));
#4656=EDGE_LOOP('',(#1418,#1419,#1420,#1421));
#4657=EDGE_LOOP('',(#1422,#1423,#1424,#1425));
#4658=EDGE_LOOP('',(#1426,#1427,#1428,#1429));
#4659=EDGE_LOOP('',(#1430,#1431,#1432,#1433));
#4660=EDGE_LOOP('',(#1434,#1435,#1436,#1437));
#4661=EDGE_LOOP('',(#1438,#1439,#1440,#1441));
#4662=EDGE_LOOP('',(#1442,#1443,#1444,#1445));
#4663=EDGE_LOOP('',(#1446,#1447,#1448));
#4664=EDGE_LOOP('',(#1449,#1450,#1451,#1452,#1453,#1454,#1455,#1456,#1457,
#1458,#1459,#1460,#1461,#1462,#1463,#1464,#1465,#1466,#1467,#1468,#1469,
#1470,#1471,#1472,#1473,#1474,#1475,#1476,#1477,#1478,#1479,#1480,#1481,
#1482,#1483,#1484,#1485,#1486,#1487,#1488,#1489,#1490));
#4665=EDGE_LOOP('',(#1491));
#4666=EDGE_LOOP('',(#1492,#1493,#1494,#1495));
#4667=EDGE_LOOP('',(#1496,#1497,#1498,#1499));
#4668=EDGE_LOOP('',(#1500,#1501,#1502,#1503));
#4669=EDGE_LOOP('',(#1504,#1505,#1506,#1507));
#4670=EDGE_LOOP('',(#1508,#1509,#1510,#1511));
#4671=EDGE_LOOP('',(#1512,#1513,#1514,#1515));
#4672=EDGE_LOOP('',(#1516,#1517,#1518,#1519));
#4673=EDGE_LOOP('',(#1520,#1521,#1522,#1523,#1524,#1525,#1526,#1527,#1528,
#1529));
#4674=EDGE_LOOP('',(#1530,#1531,#1532,#1533,#1534));
#4675=EDGE_LOOP('',(#1535,#1536));
#4676=EDGE_LOOP('',(#1537,#1538,#1539,#1540));
#4677=EDGE_LOOP('',(#1541,#1542,#1543,#1544));
#4678=EDGE_LOOP('',(#1545,#1546,#1547,#1548));
#4679=EDGE_LOOP('',(#1549,#1550,#1551,#1552));
#4680=EDGE_LOOP('',(#1553,#1554,#1555,#1556));
#4681=EDGE_LOOP('',(#1557,#1558,#1559,#1560));
#4682=EDGE_LOOP('',(#1561,#1562,#1563,#1564));
#4683=EDGE_LOOP('',(#1565,#1566,#1567,#1568));
#4684=EDGE_LOOP('',(#1569,#1570,#1571,#1572));
#4685=EDGE_LOOP('',(#1573,#1574,#1575,#1576));
#4686=EDGE_LOOP('',(#1577,#1578,#1579,#1580));
#4687=EDGE_LOOP('',(#1581,#1582,#1583,#1584));
#4688=EDGE_LOOP('',(#1585,#1586,#1587,#1588));
#4689=EDGE_LOOP('',(#1589,#1590,#1591,#1592));
#4690=EDGE_LOOP('',(#1593,#1594,#1595,#1596));
#4691=EDGE_LOOP('',(#1597,#1598,#1599,#1600));
#4692=EDGE_LOOP('',(#1601,#1602,#1603,#1604));
#4693=EDGE_LOOP('',(#1605,#1606,#1607,#1608));
#4694=EDGE_LOOP('',(#1609,#1610,#1611,#1612));
#4695=EDGE_LOOP('',(#1613,#1614,#1615,#1616));
#4696=EDGE_LOOP('',(#1617,#1618,#1619,#1620));
#4697=EDGE_LOOP('',(#1621,#1622,#1623,#1624));
#4698=EDGE_LOOP('',(#1625,#1626,#1627,#1628));
#4699=EDGE_LOOP('',(#1629,#1630,#1631,#1632));
#4700=EDGE_LOOP('',(#1633,#1634,#1635,#1636));
#4701=EDGE_LOOP('',(#1637,#1638,#1639,#1640));
#4702=EDGE_LOOP('',(#1641,#1642,#1643,#1644));
#4703=EDGE_LOOP('',(#1645,#1646,#1647,#1648));
#4704=EDGE_LOOP('',(#1649,#1650,#1651,#1652));
#4705=EDGE_LOOP('',(#1653,#1654,#1655,#1656));
#4706=EDGE_LOOP('',(#1657,#1658,#1659,#1660));
#4707=EDGE_LOOP('',(#1661,#1662,#1663,#1664));
#4708=EDGE_LOOP('',(#1665,#1666,#1667,#1668));
#4709=EDGE_LOOP('',(#1669,#1670,#1671,#1672));
#4710=EDGE_LOOP('',(#1673,#1674,#1675,#1676));
#4711=EDGE_LOOP('',(#1677,#1678,#1679,#1680));
#4712=EDGE_LOOP('',(#1681,#1682,#1683,#1684));
#4713=EDGE_LOOP('',(#1685,#1686,#1687,#1688,#1689,#1690,#1691,#1692,#1693,
#1694,#1695,#1696,#1697));
#4714=EDGE_LOOP('',(#1698,#1699,#1700,#1701));
#4715=EDGE_LOOP('',(#1702,#1703,#1704,#1705));
#4716=EDGE_LOOP('',(#1706,#1707,#1708,#1709));
#4717=EDGE_LOOP('',(#1710,#1711,#1712,#1713));
#4718=EDGE_LOOP('',(#1714,#1715,#1716,#1717,#1718,#1719,#1720,#1721,#1722,
#1723));
#4719=EDGE_LOOP('',(#1724,#1725,#1726,#1727));
#4720=EDGE_LOOP('',(#1728,#1729,#1730,#1731,#1732,#1733));
#4721=EDGE_LOOP('',(#1734,#1735,#1736,#1737));
#4722=EDGE_LOOP('',(#1738,#1739,#1740,#1741));
#4723=EDGE_LOOP('',(#1742,#1743,#1744,#1745));
#4724=EDGE_LOOP('',(#1746,#1747,#1748,#1749,#1750,#1751,#1752,#1753));
#4725=EDGE_LOOP('',(#1754,#1755,#1756,#1757));
#4726=EDGE_LOOP('',(#1758,#1759,#1760,#1761));
#4727=EDGE_LOOP('',(#1762,#1763,#1764,#1765));
#4728=EDGE_LOOP('',(#1766,#1767,#1768,#1769));
#4729=EDGE_LOOP('',(#1770,#1771,#1772,#1773));
#4730=EDGE_LOOP('',(#1774,#1775,#1776,#1777));
#4731=EDGE_LOOP('',(#1778,#1779,#1780,#1781));
#4732=EDGE_LOOP('',(#1782,#1783,#1784,#1785,#1786));
#4733=EDGE_LOOP('',(#1787,#1788,#1789,#1790));
#4734=EDGE_LOOP('',(#1791,#1792,#1793,#1794,#1795));
#4735=EDGE_LOOP('',(#1796,#1797,#1798,#1799,#1800,#1801,#1802,#1803,#1804,
#1805));
#4736=EDGE_LOOP('',(#1806,#1807,#1808,#1809,#1810,#1811,#1812,#1813,#1814,
#1815,#1816,#1817));
#4737=EDGE_LOOP('',(#1818,#1819));
#4738=EDGE_LOOP('',(#1820,#1821,#1822,#1823));
#4739=EDGE_LOOP('',(#1824,#1825,#1826,#1827));
#4740=EDGE_LOOP('',(#1828,#1829,#1830,#1831));
#4741=EDGE_LOOP('',(#1832,#1833,#1834,#1835));
#4742=EDGE_LOOP('',(#1836,#1837,#1838,#1839));
#4743=EDGE_LOOP('',(#1840,#1841,#1842,#1843));
#4744=EDGE_LOOP('',(#1844,#1845,#1846,#1847));
#4745=EDGE_LOOP('',(#1848,#1849,#1850,#1851));
#4746=EDGE_LOOP('',(#1852,#1853,#1854,#1855));
#4747=EDGE_LOOP('',(#1856,#1857,#1858,#1859));
#4748=EDGE_LOOP('',(#1860,#1861,#1862,#1863));
#4749=EDGE_LOOP('',(#1864,#1865,#1866,#1867));
#4750=EDGE_LOOP('',(#1868,#1869,#1870,#1871));
#4751=EDGE_LOOP('',(#1872,#1873,#1874,#1875));
#4752=EDGE_LOOP('',(#1876,#1877,#1878,#1879));
#4753=EDGE_LOOP('',(#1880,#1881,#1882,#1883));
#4754=EDGE_LOOP('',(#1884,#1885,#1886,#1887));
#4755=EDGE_LOOP('',(#1888,#1889,#1890,#1891));
#4756=EDGE_LOOP('',(#1892,#1893,#1894,#1895));
#4757=EDGE_LOOP('',(#1896,#1897,#1898,#1899));
#4758=EDGE_LOOP('',(#1900,#1901,#1902,#1903));
#4759=EDGE_LOOP('',(#1904,#1905,#1906,#1907));
#4760=EDGE_LOOP('',(#1908,#1909,#1910,#1911));
#4761=EDGE_LOOP('',(#1912,#1913,#1914,#1915));
#4762=EDGE_LOOP('',(#1916,#1917,#1918,#1919));
#4763=EDGE_LOOP('',(#1920,#1921,#1922,#1923));
#4764=EDGE_LOOP('',(#1924,#1925,#1926,#1927));
#4765=EDGE_LOOP('',(#1928,#1929,#1930,#1931));
#4766=EDGE_LOOP('',(#1932,#1933,#1934,#1935));
#4767=EDGE_LOOP('',(#1936,#1937,#1938,#1939));
#4768=EDGE_LOOP('',(#1940,#1941,#1942,#1943));
#4769=EDGE_LOOP('',(#1944,#1945,#1946,#1947));
#4770=EDGE_LOOP('',(#1948,#1949,#1950,#1951));
#4771=EDGE_LOOP('',(#1952,#1953,#1954,#1955));
#4772=EDGE_LOOP('',(#1956,#1957,#1958,#1959));
#4773=EDGE_LOOP('',(#1960,#1961,#1962,#1963));
#4774=EDGE_LOOP('',(#1964,#1965,#1966,#1967));
#4775=EDGE_LOOP('',(#1968,#1969,#1970,#1971));
#4776=EDGE_LOOP('',(#1972,#1973,#1974,#1975));
#4777=EDGE_LOOP('',(#1976,#1977,#1978,#1979));
#4778=EDGE_LOOP('',(#1980,#1981,#1982,#1983));
#4779=EDGE_LOOP('',(#1984,#1985,#1986,#1987,#1988,#1989));
#4780=EDGE_LOOP('',(#1990,#1991,#1992,#1993));
#4781=EDGE_LOOP('',(#1994,#1995,#1996,#1997));
#4782=EDGE_LOOP('',(#1998,#1999,#2000,#2001));
#4783=EDGE_LOOP('',(#2002,#2003,#2004,#2005,#2006,#2007,#2008,#2009));
#4784=EDGE_LOOP('',(#2010,#2011,#2012,#2013));
#4785=EDGE_LOOP('',(#2014,#2015,#2016,#2017));
#4786=EDGE_LOOP('',(#2018,#2019,#2020,#2021));
#4787=EDGE_LOOP('',(#2022,#2023,#2024,#2025));
#4788=EDGE_LOOP('',(#2026,#2027,#2028,#2029));
#4789=EDGE_LOOP('',(#2030,#2031,#2032,#2033));
#4790=EDGE_LOOP('',(#2034,#2035,#2036,#2037));
#4791=EDGE_LOOP('',(#2038,#2039,#2040,#2041));
#4792=EDGE_LOOP('',(#2042,#2043,#2044,#2045));
#4793=EDGE_LOOP('',(#2046,#2047,#2048,#2049));
#4794=EDGE_LOOP('',(#2050,#2051,#2052,#2053));
#4795=EDGE_LOOP('',(#2054,#2055,#2056,#2057));
#4796=EDGE_LOOP('',(#2058,#2059,#2060,#2061));
#4797=EDGE_LOOP('',(#2062,#2063,#2064,#2065));
#4798=EDGE_LOOP('',(#2066,#2067,#2068,#2069));
#4799=EDGE_LOOP('',(#2070,#2071,#2072,#2073));
#4800=EDGE_LOOP('',(#2074,#2075,#2076,#2077));
#4801=EDGE_LOOP('',(#2078,#2079,#2080,#2081));
#4802=EDGE_LOOP('',(#2082,#2083,#2084,#2085));
#4803=EDGE_LOOP('',(#2086,#2087,#2088,#2089));
#4804=EDGE_LOOP('',(#2090,#2091,#2092,#2093));
#4805=EDGE_LOOP('',(#2094,#2095,#2096,#2097));
#4806=EDGE_LOOP('',(#2098,#2099,#2100,#2101));
#4807=EDGE_LOOP('',(#2102,#2103,#2104,#2105));
#4808=EDGE_LOOP('',(#2106,#2107,#2108,#2109));
#4809=EDGE_LOOP('',(#2110,#2111,#2112,#2113));
#4810=EDGE_LOOP('',(#2114,#2115,#2116,#2117));
#4811=EDGE_LOOP('',(#2118,#2119,#2120,#2121));
#4812=EDGE_LOOP('',(#2122,#2123,#2124,#2125,#2126,#2127));
#4813=EDGE_LOOP('',(#2128,#2129,#2130,#2131));
#4814=EDGE_LOOP('',(#2132,#2133,#2134,#2135));
#4815=EDGE_LOOP('',(#2136,#2137,#2138,#2139));
#4816=EDGE_LOOP('',(#2140,#2141,#2142,#2143));
#4817=EDGE_LOOP('',(#2144,#2145,#2146,#2147,#2148,#2149));
#4818=EDGE_LOOP('',(#2150,#2151,#2152,#2153,#2154,#2155));
#4819=EDGE_LOOP('',(#2156,#2157,#2158,#2159));
#4820=FACE_BOUND('',#4496,.T.);
#4821=FACE_BOUND('',#4497,.T.);
#4822=FACE_BOUND('',#4498,.T.);
#4823=FACE_BOUND('',#4499,.T.);
#4824=FACE_BOUND('',#4500,.T.);
#4825=FACE_BOUND('',#4501,.T.);
#4826=FACE_BOUND('',#4502,.T.);
#4827=FACE_BOUND('',#4503,.T.);
#4828=FACE_BOUND('',#4504,.T.);
#4829=FACE_BOUND('',#4505,.T.);
#4830=FACE_BOUND('',#4506,.T.);
#4831=FACE_BOUND('',#4507,.T.);
#4832=FACE_BOUND('',#4508,.T.);
#4833=FACE_BOUND('',#4509,.T.);
#4834=FACE_BOUND('',#4510,.T.);
#4835=FACE_BOUND('',#4511,.T.);
#4836=FACE_BOUND('',#4512,.T.);
#4837=FACE_BOUND('',#4513,.T.);
#4838=FACE_BOUND('',#4514,.T.);
#4839=FACE_BOUND('',#4515,.T.);
#4840=FACE_BOUND('',#4516,.T.);
#4841=FACE_BOUND('',#4517,.T.);
#4842=FACE_BOUND('',#4518,.T.);
#4843=FACE_BOUND('',#4519,.T.);
#4844=FACE_BOUND('',#4520,.T.);
#4845=FACE_BOUND('',#4521,.T.);
#4846=FACE_BOUND('',#4522,.T.);
#4847=FACE_BOUND('',#4523,.T.);
#4848=FACE_BOUND('',#4524,.T.);
#4849=FACE_BOUND('',#4525,.T.);
#4850=FACE_BOUND('',#4526,.T.);
#4851=FACE_BOUND('',#4527,.T.);
#4852=FACE_BOUND('',#4528,.T.);
#4853=FACE_BOUND('',#4529,.T.);
#4854=FACE_BOUND('',#4530,.T.);
#4855=FACE_BOUND('',#4531,.T.);
#4856=FACE_BOUND('',#4532,.T.);
#4857=FACE_BOUND('',#4533,.T.);
#4858=FACE_BOUND('',#4534,.T.);
#4859=FACE_BOUND('',#4535,.T.);
#4860=FACE_BOUND('',#4536,.T.);
#4861=FACE_BOUND('',#4537,.T.);
#4862=FACE_BOUND('',#4538,.T.);
#4863=FACE_BOUND('',#4539,.T.);
#4864=FACE_BOUND('',#4540,.T.);
#4865=FACE_BOUND('',#4541,.T.);
#4866=FACE_BOUND('',#4542,.T.);
#4867=FACE_BOUND('',#4543,.T.);
#4868=FACE_BOUND('',#4544,.T.);
#4869=FACE_BOUND('',#4545,.T.);
#4870=FACE_BOUND('',#4546,.T.);
#4871=FACE_BOUND('',#4547,.T.);
#4872=FACE_BOUND('',#4548,.T.);
#4873=FACE_BOUND('',#4549,.T.);
#4874=FACE_BOUND('',#4550,.T.);
#4875=FACE_BOUND('',#4551,.T.);
#4876=FACE_BOUND('',#4552,.T.);
#4877=FACE_BOUND('',#4553,.T.);
#4878=FACE_BOUND('',#4554,.T.);
#4879=FACE_BOUND('',#4555,.T.);
#4880=FACE_BOUND('',#4556,.T.);
#4881=FACE_BOUND('',#4557,.T.);
#4882=FACE_BOUND('',#4558,.T.);
#4883=FACE_BOUND('',#4559,.T.);
#4884=FACE_BOUND('',#4560,.T.);
#4885=FACE_BOUND('',#4561,.T.);
#4886=FACE_BOUND('',#4562,.T.);
#4887=FACE_BOUND('',#4563,.T.);
#4888=FACE_BOUND('',#4564,.T.);
#4889=FACE_BOUND('',#4565,.T.);
#4890=FACE_BOUND('',#4566,.T.);
#4891=FACE_BOUND('',#4567,.T.);
#4892=FACE_BOUND('',#4568,.T.);
#4893=FACE_BOUND('',#4569,.T.);
#4894=FACE_BOUND('',#4570,.T.);
#4895=FACE_BOUND('',#4571,.T.);
#4896=FACE_BOUND('',#4572,.T.);
#4897=FACE_BOUND('',#4573,.T.);
#4898=FACE_BOUND('',#4574,.T.);
#4899=FACE_BOUND('',#4575,.T.);
#4900=FACE_BOUND('',#4576,.T.);
#4901=FACE_BOUND('',#4577,.T.);
#4902=FACE_BOUND('',#4578,.T.);
#4903=FACE_BOUND('',#4579,.T.);
#4904=FACE_BOUND('',#4580,.T.);
#4905=FACE_BOUND('',#4581,.T.);
#4906=FACE_BOUND('',#4582,.T.);
#4907=FACE_BOUND('',#4583,.T.);
#4908=FACE_BOUND('',#4584,.T.);
#4909=FACE_BOUND('',#4585,.T.);
#4910=FACE_BOUND('',#4586,.T.);
#4911=FACE_BOUND('',#4587,.T.);
#4912=FACE_BOUND('',#4588,.T.);
#4913=FACE_BOUND('',#4589,.T.);
#4914=FACE_BOUND('',#4590,.T.);
#4915=FACE_BOUND('',#4591,.T.);
#4916=FACE_BOUND('',#4592,.T.);
#4917=FACE_BOUND('',#4593,.T.);
#4918=FACE_BOUND('',#4594,.T.);
#4919=FACE_BOUND('',#4595,.T.);
#4920=FACE_BOUND('',#4596,.T.);
#4921=FACE_BOUND('',#4597,.T.);
#4922=FACE_BOUND('',#4598,.T.);
#4923=FACE_BOUND('',#4599,.T.);
#4924=FACE_BOUND('',#4600,.T.);
#4925=FACE_BOUND('',#4601,.T.);
#4926=FACE_BOUND('',#4602,.T.);
#4927=FACE_BOUND('',#4603,.T.);
#4928=FACE_BOUND('',#4604,.T.);
#4929=FACE_BOUND('',#4605,.T.);
#4930=FACE_BOUND('',#4606,.T.);
#4931=FACE_BOUND('',#4607,.T.);
#4932=FACE_BOUND('',#4608,.T.);
#4933=FACE_BOUND('',#4609,.T.);
#4934=FACE_BOUND('',#4610,.T.);
#4935=FACE_BOUND('',#4611,.T.);
#4936=FACE_BOUND('',#4612,.T.);
#4937=FACE_BOUND('',#4613,.T.);
#4938=FACE_BOUND('',#4614,.T.);
#4939=FACE_BOUND('',#4615,.T.);
#4940=FACE_BOUND('',#4616,.T.);
#4941=FACE_BOUND('',#4617,.T.);
#4942=FACE_BOUND('',#4618,.T.);
#4943=FACE_BOUND('',#4619,.T.);
#4944=FACE_BOUND('',#4620,.T.);
#4945=FACE_BOUND('',#4621,.T.);
#4946=FACE_BOUND('',#4622,.T.);
#4947=FACE_BOUND('',#4623,.T.);
#4948=FACE_BOUND('',#4624,.T.);
#4949=FACE_BOUND('',#4625,.T.);
#4950=FACE_BOUND('',#4626,.T.);
#4951=FACE_BOUND('',#4627,.T.);
#4952=FACE_BOUND('',#4628,.T.);
#4953=FACE_BOUND('',#4629,.T.);
#4954=FACE_BOUND('',#4630,.T.);
#4955=FACE_BOUND('',#4631,.T.);
#4956=FACE_BOUND('',#4632,.T.);
#4957=FACE_BOUND('',#4633,.T.);
#4958=FACE_BOUND('',#4634,.T.);
#4959=FACE_BOUND('',#4635,.T.);
#4960=FACE_BOUND('',#4636,.T.);
#4961=FACE_BOUND('',#4637,.T.);
#4962=FACE_BOUND('',#4638,.T.);
#4963=FACE_BOUND('',#4639,.T.);
#4964=FACE_BOUND('',#4640,.T.);
#4965=FACE_BOUND('',#4641,.T.);
#4966=FACE_BOUND('',#4642,.T.);
#4967=FACE_BOUND('',#4643,.T.);
#4968=FACE_BOUND('',#4644,.T.);
#4969=FACE_BOUND('',#4645,.T.);
#4970=FACE_BOUND('',#4646,.T.);
#4971=FACE_BOUND('',#4647,.T.);
#4972=FACE_BOUND('',#4648,.T.);
#4973=FACE_BOUND('',#4649,.T.);
#4974=FACE_BOUND('',#4650,.T.);
#4975=FACE_BOUND('',#4651,.T.);
#4976=FACE_BOUND('',#4652,.T.);
#4977=FACE_BOUND('',#4653,.T.);
#4978=FACE_BOUND('',#4654,.T.);
#4979=FACE_BOUND('',#4655,.T.);
#4980=FACE_BOUND('',#4656,.T.);
#4981=FACE_BOUND('',#4657,.T.);
#4982=FACE_BOUND('',#4658,.T.);
#4983=FACE_BOUND('',#4659,.T.);
#4984=FACE_BOUND('',#4660,.T.);
#4985=FACE_BOUND('',#4661,.T.);
#4986=FACE_BOUND('',#4662,.T.);
#4987=FACE_BOUND('',#4663,.T.);
#4988=FACE_BOUND('',#4664,.T.);
#4989=FACE_BOUND('',#4665,.T.);
#4990=FACE_BOUND('',#4666,.T.);
#4991=FACE_BOUND('',#4667,.T.);
#4992=FACE_BOUND('',#4668,.T.);
#4993=FACE_BOUND('',#4669,.T.);
#4994=FACE_BOUND('',#4670,.T.);
#4995=FACE_BOUND('',#4671,.T.);
#4996=FACE_BOUND('',#4672,.T.);
#4997=FACE_BOUND('',#4673,.T.);
#4998=FACE_BOUND('',#4674,.T.);
#4999=FACE_BOUND('',#4675,.T.);
#5000=FACE_BOUND('',#4676,.T.);
#5001=FACE_BOUND('',#4677,.T.);
#5002=FACE_BOUND('',#4678,.T.);
#5003=FACE_BOUND('',#4679,.T.);
#5004=FACE_BOUND('',#4680,.T.);
#5005=FACE_BOUND('',#4681,.T.);
#5006=FACE_BOUND('',#4682,.T.);
#5007=FACE_BOUND('',#4683,.T.);
#5008=FACE_BOUND('',#4684,.T.);
#5009=FACE_BOUND('',#4685,.T.);
#5010=FACE_BOUND('',#4686,.T.);
#5011=FACE_BOUND('',#4687,.T.);
#5012=FACE_BOUND('',#4688,.T.);
#5013=FACE_BOUND('',#4689,.T.);
#5014=FACE_BOUND('',#4690,.T.);
#5015=FACE_BOUND('',#4691,.T.);
#5016=FACE_BOUND('',#4692,.T.);
#5017=FACE_BOUND('',#4693,.T.);
#5018=FACE_BOUND('',#4694,.T.);
#5019=FACE_BOUND('',#4695,.T.);
#5020=FACE_BOUND('',#4696,.T.);
#5021=FACE_BOUND('',#4697,.T.);
#5022=FACE_BOUND('',#4698,.T.);
#5023=FACE_BOUND('',#4699,.T.);
#5024=FACE_BOUND('',#4700,.T.);
#5025=FACE_BOUND('',#4701,.T.);
#5026=FACE_BOUND('',#4702,.T.);
#5027=FACE_BOUND('',#4703,.T.);
#5028=FACE_BOUND('',#4704,.T.);
#5029=FACE_BOUND('',#4705,.T.);
#5030=FACE_BOUND('',#4706,.T.);
#5031=FACE_BOUND('',#4707,.T.);
#5032=FACE_BOUND('',#4708,.T.);
#5033=FACE_BOUND('',#4709,.T.);
#5034=FACE_BOUND('',#4710,.T.);
#5035=FACE_BOUND('',#4711,.T.);
#5036=FACE_BOUND('',#4712,.T.);
#5037=FACE_BOUND('',#4713,.T.);
#5038=FACE_BOUND('',#4714,.T.);
#5039=FACE_BOUND('',#4715,.T.);
#5040=FACE_BOUND('',#4716,.T.);
#5041=FACE_BOUND('',#4717,.T.);
#5042=FACE_BOUND('',#4718,.T.);
#5043=FACE_BOUND('',#4719,.T.);
#5044=FACE_BOUND('',#4720,.T.);
#5045=FACE_BOUND('',#4721,.T.);
#5046=FACE_BOUND('',#4722,.T.);
#5047=FACE_BOUND('',#4723,.T.);
#5048=FACE_BOUND('',#4724,.T.);
#5049=FACE_BOUND('',#4725,.T.);
#5050=FACE_BOUND('',#4726,.T.);
#5051=FACE_BOUND('',#4727,.T.);
#5052=FACE_BOUND('',#4728,.T.);
#5053=FACE_BOUND('',#4729,.T.);
#5054=FACE_BOUND('',#4730,.T.);
#5055=FACE_BOUND('',#4731,.T.);
#5056=FACE_BOUND('',#4732,.T.);
#5057=FACE_BOUND('',#4733,.T.);
#5058=FACE_BOUND('',#4734,.T.);
#5059=FACE_BOUND('',#4735,.T.);
#5060=FACE_BOUND('',#4736,.T.);
#5061=FACE_BOUND('',#4737,.T.);
#5062=FACE_BOUND('',#4738,.T.);
#5063=FACE_BOUND('',#4739,.T.);
#5064=FACE_BOUND('',#4740,.T.);
#5065=FACE_BOUND('',#4741,.T.);
#5066=FACE_BOUND('',#4742,.T.);
#5067=FACE_BOUND('',#4743,.T.);
#5068=FACE_BOUND('',#4744,.T.);
#5069=FACE_BOUND('',#4745,.T.);
#5070=FACE_BOUND('',#4746,.T.);
#5071=FACE_BOUND('',#4747,.T.);
#5072=FACE_BOUND('',#4748,.T.);
#5073=FACE_BOUND('',#4749,.T.);
#5074=FACE_BOUND('',#4750,.T.);
#5075=FACE_BOUND('',#4751,.T.);
#5076=FACE_BOUND('',#4752,.T.);
#5077=FACE_BOUND('',#4753,.T.);
#5078=FACE_BOUND('',#4754,.T.);
#5079=FACE_BOUND('',#4755,.T.);
#5080=FACE_BOUND('',#4756,.T.);
#5081=FACE_BOUND('',#4757,.T.);
#5082=FACE_BOUND('',#4758,.T.);
#5083=FACE_BOUND('',#4759,.T.);
#5084=FACE_BOUND('',#4760,.T.);
#5085=FACE_BOUND('',#4761,.T.);
#5086=FACE_BOUND('',#4762,.T.);
#5087=FACE_BOUND('',#4763,.T.);
#5088=FACE_BOUND('',#4764,.T.);
#5089=FACE_BOUND('',#4765,.T.);
#5090=FACE_BOUND('',#4766,.T.);
#5091=FACE_BOUND('',#4767,.T.);
#5092=FACE_BOUND('',#4768,.T.);
#5093=FACE_BOUND('',#4769,.T.);
#5094=FACE_BOUND('',#4770,.T.);
#5095=FACE_BOUND('',#4771,.T.);
#5096=FACE_BOUND('',#4772,.T.);
#5097=FACE_BOUND('',#4773,.T.);
#5098=FACE_BOUND('',#4774,.T.);
#5099=FACE_BOUND('',#4775,.T.);
#5100=FACE_BOUND('',#4776,.T.);
#5101=FACE_BOUND('',#4777,.T.);
#5102=FACE_BOUND('',#4778,.T.);
#5103=FACE_BOUND('',#4779,.T.);
#5104=FACE_BOUND('',#4780,.T.);
#5105=FACE_BOUND('',#4781,.T.);
#5106=FACE_BOUND('',#4782,.T.);
#5107=FACE_BOUND('',#4783,.T.);
#5108=FACE_BOUND('',#4784,.T.);
#5109=FACE_BOUND('',#4785,.T.);
#5110=FACE_BOUND('',#4786,.T.);
#5111=FACE_BOUND('',#4787,.T.);
#5112=FACE_BOUND('',#4788,.T.);
#5113=FACE_BOUND('',#4789,.T.);
#5114=FACE_BOUND('',#4790,.T.);
#5115=FACE_BOUND('',#4791,.T.);
#5116=FACE_BOUND('',#4792,.T.);
#5117=FACE_BOUND('',#4793,.T.);
#5118=FACE_BOUND('',#4794,.T.);
#5119=FACE_BOUND('',#4795,.T.);
#5120=FACE_BOUND('',#4796,.T.);
#5121=FACE_BOUND('',#4797,.T.);
#5122=FACE_BOUND('',#4798,.T.);
#5123=FACE_BOUND('',#4799,.T.);
#5124=FACE_BOUND('',#4800,.T.);
#5125=FACE_BOUND('',#4801,.T.);
#5126=FACE_BOUND('',#4802,.T.);
#5127=FACE_BOUND('',#4803,.T.);
#5128=FACE_BOUND('',#4804,.T.);
#5129=FACE_BOUND('',#4805,.T.);
#5130=FACE_BOUND('',#4806,.T.);
#5131=FACE_BOUND('',#4807,.T.);
#5132=FACE_BOUND('',#4808,.T.);
#5133=FACE_BOUND('',#4809,.T.);
#5134=FACE_BOUND('',#4810,.T.);
#5135=FACE_BOUND('',#4811,.T.);
#5136=FACE_BOUND('',#4812,.T.);
#5137=FACE_BOUND('',#4813,.T.);
#5138=FACE_BOUND('',#4814,.T.);
#5139=FACE_BOUND('',#4815,.T.);
#5140=FACE_BOUND('',#4816,.T.);
#5141=FACE_BOUND('',#4817,.T.);
#5142=FACE_BOUND('',#4818,.T.);
#5143=FACE_BOUND('',#4819,.T.);
#5144=CYLINDRICAL_SURFACE('',#5537,0.0128921276480053);
#5145=CYLINDRICAL_SURFACE('',#5540,0.0128921276480053);
#5146=CYLINDRICAL_SURFACE('',#5574,0.0128921276480053);
#5147=CYLINDRICAL_SURFACE('',#5579,0.013218308969136);
#5148=CYLINDRICAL_SURFACE('',#5598,0.029);
#5149=CYLINDRICAL_SURFACE('',#5603,0.023);
#5150=CYLINDRICAL_SURFACE('',#5606,0.023);
#5151=CYLINDRICAL_SURFACE('',#5609,0.023);
#5152=CYLINDRICAL_SURFACE('',#5625,0.0245);
#5153=CYLINDRICAL_SURFACE('',#5628,0.0245);
#5154=CYLINDRICAL_SURFACE('',#5631,0.0245);
#5155=CYLINDRICAL_SURFACE('',#5647,0.026);
#5156=CYLINDRICAL_SURFACE('',#5650,0.026);
#5157=CYLINDRICAL_SURFACE('',#5653,0.026);
#5158=CYLINDRICAL_SURFACE('',#5669,0.0275);
#5159=CYLINDRICAL_SURFACE('',#5672,0.0275);
#5160=CYLINDRICAL_SURFACE('',#5675,0.0275);
#5161=CYLINDRICAL_SURFACE('',#5705,0.023);
#5162=CYLINDRICAL_SURFACE('',#5710,0.0245);
#5163=CYLINDRICAL_SURFACE('',#5714,0.026);
#5164=CYLINDRICAL_SURFACE('',#5719,0.0275);
#5165=CYLINDRICAL_SURFACE('',#5731,0.02225);
#5166=CYLINDRICAL_SURFACE('',#5736,0.02);
#5167=CYLINDRICAL_SURFACE('',#5740,0.0215);
#5168=CYLINDRICAL_SURFACE('',#5745,0.006733);
#5169=CYLINDRICAL_SURFACE('',#5756,0.0225);
#5170=CYLINDRICAL_SURFACE('',#5817,0.006733);
#5171=CYLINDRICAL_SURFACE('',#5818,0.0225);
#5172=CYLINDRICAL_SURFACE('',#5854,0.006733);
#5173=CYLINDRICAL_SURFACE('',#5855,0.0225);
#5174=CYLINDRICAL_SURFACE('',#5856,0.006733);
#5175=CYLINDRICAL_SURFACE('',#5867,0.0225);
#5176=CYLINDRICAL_SURFACE('',#5906,0.0025);
#5177=CYLINDRICAL_SURFACE('',#5911,0.0025);
#5178=CYLINDRICAL_SURFACE('',#5920,0.00977291402807335);
#5179=CYLINDRICAL_SURFACE('',#5938,0.0071078268474153);
#5180=CYLINDRICAL_SURFACE('',#5941,0.00719565649560547);
#5181=CYLINDRICAL_SURFACE('',#5944,0.00523700280507674);
#5182=CYLINDRICAL_SURFACE('',#5958,0.029);
#5183=CYLINDRICAL_SURFACE('',#5969,0.0015);
#5184=CYLINDRICAL_SURFACE('',#5977,0.0015);
#5185=CYLINDRICAL_SURFACE('',#5979,0.0025);
#5186=CYLINDRICAL_SURFACE('',#5982,0.0025);
#5187=CYLINDRICAL_SURFACE('',#5991,0.013218308969136);
#5188=CYLINDRICAL_SURFACE('',#5998,0.00977291402807335);
#5189=CYLINDRICAL_SURFACE('',#6002,0.0071078268474153);
#5190=CYLINDRICAL_SURFACE('',#6007,0.00719565649560547);
#5191=CYLINDRICAL_SURFACE('',#6012,0.00523700280507674);
#5192=CYLINDRICAL_SURFACE('',#6022,0.0128921276480053);
#5193=CYLINDRICAL_SURFACE('',#6043,0.0015);
#5194=CYLINDRICAL_SURFACE('',#6050,0.0015);
#5195=CYLINDRICAL_SURFACE('',#6052,0.0005);
#5196=CYLINDRICAL_SURFACE('',#6056,0.0005);
#5197=CYLINDRICAL_SURFACE('',#6057,0.0005);
#5198=CYLINDRICAL_SURFACE('',#6061,0.0005);
#5199=CYLINDRICAL_SURFACE('',#6062,0.0005);
#5200=CYLINDRICAL_SURFACE('',#6066,0.0005);
#5201=CYLINDRICAL_SURFACE('',#6067,0.0005);
#5202=CYLINDRICAL_SURFACE('',#6071,0.0005);
#5203=CYLINDRICAL_SURFACE('',#6073,0.0005);
#5204=CYLINDRICAL_SURFACE('',#6074,0.0005);
#5205=CYLINDRICAL_SURFACE('',#6075,0.0005);
#5206=CYLINDRICAL_SURFACE('',#6076,0.0005);
#5207=CYLINDRICAL_SURFACE('',#6077,0.0005);
#5208=CYLINDRICAL_SURFACE('',#6078,0.0005);
#5209=CYLINDRICAL_SURFACE('',#6079,0.0005);
#5210=CYLINDRICAL_SURFACE('',#6080,0.0005);
#5211=CYLINDRICAL_SURFACE('',#6082,0.0005);
#5212=CYLINDRICAL_SURFACE('',#6083,0.0005);
#5213=CYLINDRICAL_SURFACE('',#6085,0.0005);
#5214=CYLINDRICAL_SURFACE('',#6086,0.0005);
#5215=CYLINDRICAL_SURFACE('',#6088,0.0005);
#5216=CYLINDRICAL_SURFACE('',#6090,0.0005);
#5217=CYLINDRICAL_SURFACE('',#6091,0.0005);
#5218=CYLINDRICAL_SURFACE('',#6093,0.0005);
#5219=CYLINDRICAL_SURFACE('',#6095,0.0005);
#5220=CYLINDRICAL_SURFACE('',#6096,0.0005);
#5221=CYLINDRICAL_SURFACE('',#6099,0.0005);
#5222=ADVANCED_FACE('',(#4820),#5144,.T.);
#5223=ADVANCED_FACE('',(#4821),#5145,.T.);
#5224=ADVANCED_FACE('',(#4822),#43,.F.);
#5225=ADVANCED_FACE('',(#4823),#44,.T.);
#5226=ADVANCED_FACE('',(#4824),#45,.T.);
#5227=ADVANCED_FACE('',(#4825),#46,.T.);
#5228=ADVANCED_FACE('',(#4826),#47,.F.);
#5229=ADVANCED_FACE('',(#4827),#48,.F.);
#5230=ADVANCED_FACE('',(#4828),#49,.F.);
#5231=ADVANCED_FACE('',(#4829),#50,.T.);
#5232=ADVANCED_FACE('',(#4830),#51,.T.);
#5233=ADVANCED_FACE('',(#4831),#52,.T.);
#5234=ADVANCED_FACE('',(#4832),#53,.F.);
#5235=ADVANCED_FACE('',(#4833),#54,.F.);
#5236=ADVANCED_FACE('',(#4834),#55,.T.);
#5237=ADVANCED_FACE('',(#4835),#56,.T.);
#5238=ADVANCED_FACE('',(#4836),#57,.F.);
#5239=ADVANCED_FACE('',(#4837),#58,.F.);
#5240=ADVANCED_FACE('',(#4838),#5146,.T.);
#5241=ADVANCED_FACE('',(#4839),#59,.F.);
#5242=ADVANCED_FACE('',(#4840),#5147,.T.);
#5243=ADVANCED_FACE('',(#4841),#60,.F.);
#5244=ADVANCED_FACE('',(#4842),#61,.F.);
#5245=ADVANCED_FACE('',(#4843),#62,.F.);
#5246=ADVANCED_FACE('',(#4844),#63,.F.);
#5247=ADVANCED_FACE('',(#4845),#64,.F.);
#5248=ADVANCED_FACE('',(#4846),#65,.T.);
#5249=ADVANCED_FACE('',(#4847),#66,.T.);
#5250=ADVANCED_FACE('',(#4848),#5148,.T.);
#5251=ADVANCED_FACE('',(#4849),#67,.F.);
#5252=ADVANCED_FACE('',(#4850),#5149,.T.);
#5253=ADVANCED_FACE('',(#4851),#5150,.T.);
#5254=ADVANCED_FACE('',(#4852),#5151,.T.);
#5255=ADVANCED_FACE('',(#4853),#68,.F.);
#5256=ADVANCED_FACE('',(#4854),#69,.F.);
#5257=ADVANCED_FACE('',(#4855),#70,.F.);
#5258=ADVANCED_FACE('',(#4856),#5152,.T.);
#5259=ADVANCED_FACE('',(#4857),#5153,.T.);
#5260=ADVANCED_FACE('',(#4858),#5154,.T.);
#5261=ADVANCED_FACE('',(#4859),#71,.F.);
#5262=ADVANCED_FACE('',(#4860),#72,.F.);
#5263=ADVANCED_FACE('',(#4861),#73,.F.);
#5264=ADVANCED_FACE('',(#4862),#5155,.T.);
#5265=ADVANCED_FACE('',(#4863),#5156,.T.);
#5266=ADVANCED_FACE('',(#4864),#5157,.T.);
#5267=ADVANCED_FACE('',(#4865),#74,.F.);
#5268=ADVANCED_FACE('',(#4866),#75,.F.);
#5269=ADVANCED_FACE('',(#4867),#76,.F.);
#5270=ADVANCED_FACE('',(#4868),#5158,.T.);
#5271=ADVANCED_FACE('',(#4869),#5159,.T.);
#5272=ADVANCED_FACE('',(#4870),#5160,.T.);
#5273=ADVANCED_FACE('',(#4871),#19,.T.);
#5274=ADVANCED_FACE('',(#4872),#20,.T.);
#5275=ADVANCED_FACE('',(#4873),#21,.T.);
#5276=ADVANCED_FACE('',(#4874),#22,.T.);
#5277=ADVANCED_FACE('',(#4875),#23,.T.);
#5278=ADVANCED_FACE('',(#4876),#24,.T.);
#5279=ADVANCED_FACE('',(#4877),#25,.T.);
#5280=ADVANCED_FACE('',(#4878),#26,.T.);
#5281=ADVANCED_FACE('',(#4879),#27,.T.);
#5282=ADVANCED_FACE('',(#4880),#28,.T.);
#5283=ADVANCED_FACE('',(#4881),#29,.T.);
#5284=ADVANCED_FACE('',(#4882),#30,.T.);
#5285=ADVANCED_FACE('',(#4883),#31,.T.);
#5286=ADVANCED_FACE('',(#4884,#4885),#77,.F.);
#5287=ADVANCED_FACE('',(#4886),#5161,.T.);
#5288=ADVANCED_FACE('',(#4887),#78,.F.);
#5289=ADVANCED_FACE('',(#4888),#5162,.T.);
#5290=ADVANCED_FACE('',(#4889),#79,.F.);
#5291=ADVANCED_FACE('',(#4890),#5163,.T.);
#5292=ADVANCED_FACE('',(#4891),#80,.F.);
#5293=ADVANCED_FACE('',(#4892),#5164,.T.);
#5294=ADVANCED_FACE('',(#4893,#4894),#81,.F.);
#5295=ADVANCED_FACE('',(#4895),#32,.T.);
#5296=ADVANCED_FACE('',(#4896),#33,.T.);
#5297=ADVANCED_FACE('',(#4897),#34,.T.);
#5298=ADVANCED_FACE('',(#4898,#4899),#5165,.F.);
#5299=ADVANCED_FACE('',(#4900,#4901),#82,.F.);
#5300=ADVANCED_FACE('',(#4902,#4903),#5166,.F.);
#5301=ADVANCED_FACE('',(#4904,#4905),#83,.F.);
#5302=ADVANCED_FACE('',(#4906,#4907),#5167,.T.);
#5303=ADVANCED_FACE('',(#4908,#4909),#35,.T.);
#5304=ADVANCED_FACE('',(#4910,#4911),#36,.T.);
#5305=ADVANCED_FACE('',(#4912),#5168,.T.);
#5306=ADVANCED_FACE('',(#4913),#84,.F.);
#5307=ADVANCED_FACE('',(#4914),#5169,.F.);
#5308=ADVANCED_FACE('',(#4915),#85,.T.);
#5309=ADVANCED_FACE('',(#4916),#86,.F.);
#5310=ADVANCED_FACE('',(#4917),#87,.T.);
#5311=ADVANCED_FACE('',(#4918),#88,.F.);
#5312=ADVANCED_FACE('',(#4919),#89,.T.);
#5313=ADVANCED_FACE('',(#4920),#90,.T.);
#5314=ADVANCED_FACE('',(#4921),#91,.T.);
#5315=ADVANCED_FACE('',(#4922),#92,.T.);
#5316=ADVANCED_FACE('',(#4923),#93,.T.);
#5317=ADVANCED_FACE('',(#4924),#94,.T.);
#5318=ADVANCED_FACE('',(#4925),#95,.T.);
#5319=ADVANCED_FACE('',(#4926),#96,.T.);
#5320=ADVANCED_FACE('',(#4927),#97,.T.);
#5321=ADVANCED_FACE('',(#4928),#98,.F.);
#5322=ADVANCED_FACE('',(#4929),#99,.T.);
#5323=ADVANCED_FACE('',(#4930),#100,.T.);
#5324=ADVANCED_FACE('',(#4931),#101,.T.);
#5325=ADVANCED_FACE('',(#4932),#102,.F.);
#5326=ADVANCED_FACE('',(#4933),#103,.T.);
#5327=ADVANCED_FACE('',(#4934),#104,.T.);
#5328=ADVANCED_FACE('',(#4935),#105,.T.);
#5329=ADVANCED_FACE('',(#4936),#106,.T.);
#5330=ADVANCED_FACE('',(#4937),#107,.T.);
#5331=ADVANCED_FACE('',(#4938),#108,.T.);
#5332=ADVANCED_FACE('',(#4939),#109,.T.);
#5333=ADVANCED_FACE('',(#4940),#110,.F.);
#5334=ADVANCED_FACE('',(#4941),#111,.T.);
#5335=ADVANCED_FACE('',(#4942),#112,.F.);
#5336=ADVANCED_FACE('',(#4943),#113,.T.);
#5337=ADVANCED_FACE('',(#4944),#114,.F.);
#5338=ADVANCED_FACE('',(#4945),#115,.T.);
#5339=ADVANCED_FACE('',(#4946),#116,.T.);
#5340=ADVANCED_FACE('',(#4947),#117,.T.);
#5341=ADVANCED_FACE('',(#4948),#5170,.T.);
#5342=ADVANCED_FACE('',(#4949),#5171,.F.);
#5343=ADVANCED_FACE('',(#4950),#118,.T.);
#5344=ADVANCED_FACE('',(#4951),#119,.F.);
#5345=ADVANCED_FACE('',(#4952),#120,.T.);
#5346=ADVANCED_FACE('',(#4953),#121,.T.);
#5347=ADVANCED_FACE('',(#4954),#122,.T.);
#5348=ADVANCED_FACE('',(#4955),#123,.T.);
#5349=ADVANCED_FACE('',(#4956),#124,.T.);
#5350=ADVANCED_FACE('',(#4957),#125,.T.);
#5351=ADVANCED_FACE('',(#4958),#126,.T.);
#5352=ADVANCED_FACE('',(#4959),#127,.F.);
#5353=ADVANCED_FACE('',(#4960),#128,.T.);
#5354=ADVANCED_FACE('',(#4961),#129,.F.);
#5355=ADVANCED_FACE('',(#4962),#130,.T.);
#5356=ADVANCED_FACE('',(#4963),#131,.F.);
#5357=ADVANCED_FACE('',(#4964),#132,.T.);
#5358=ADVANCED_FACE('',(#4965),#133,.T.);
#5359=ADVANCED_FACE('',(#4966),#134,.T.);
#5360=ADVANCED_FACE('',(#4967),#5172,.T.);
#5361=ADVANCED_FACE('',(#4968),#5173,.F.);
#5362=ADVANCED_FACE('',(#4969),#5174,.T.);
#5363=ADVANCED_FACE('',(#4970),#135,.F.);
#5364=ADVANCED_FACE('',(#4971),#5175,.F.);
#5365=ADVANCED_FACE('',(#4972),#136,.T.);
#5366=ADVANCED_FACE('',(#4973),#137,.F.);
#5367=ADVANCED_FACE('',(#4974),#138,.T.);
#5368=ADVANCED_FACE('',(#4975),#139,.F.);
#5369=ADVANCED_FACE('',(#4976),#140,.T.);
#5370=ADVANCED_FACE('',(#4977),#141,.T.);
#5371=ADVANCED_FACE('',(#4978),#142,.T.);
#5372=ADVANCED_FACE('',(#4979),#143,.T.);
#5373=ADVANCED_FACE('',(#4980),#144,.T.);
#5374=ADVANCED_FACE('',(#4981),#145,.T.);
#5375=ADVANCED_FACE('',(#4982),#146,.T.);
#5376=ADVANCED_FACE('',(#4983),#147,.T.);
#5377=ADVANCED_FACE('',(#4984),#148,.T.);
#5378=ADVANCED_FACE('',(#4985),#149,.F.);
#5379=ADVANCED_FACE('',(#4986),#150,.T.);
#5380=ADVANCED_FACE('',(#4987),#151,.T.);
#5381=ADVANCED_FACE('',(#4988,#4989),#152,.T.);
#5382=ADVANCED_FACE('',(#4990),#153,.T.);
#5383=ADVANCED_FACE('',(#4991),#5176,.T.);
#5384=ADVANCED_FACE('',(#4992),#154,.T.);
#5385=ADVANCED_FACE('',(#4993),#155,.F.);
#5386=ADVANCED_FACE('',(#4994),#156,.F.);
#5387=ADVANCED_FACE('',(#4995),#5177,.T.);
#5388=ADVANCED_FACE('',(#4996),#157,.T.);
#5389=ADVANCED_FACE('',(#4997),#158,.T.);
#5390=ADVANCED_FACE('',(#4998),#159,.T.);
#5391=ADVANCED_FACE('',(#4999),#160,.F.);
#5392=ADVANCED_FACE('',(#5000),#161,.T.);
#5393=ADVANCED_FACE('',(#5001),#162,.T.);
#5394=ADVANCED_FACE('',(#5002),#5178,.F.);
#5395=ADVANCED_FACE('',(#5003),#163,.F.);
#5396=ADVANCED_FACE('',(#5004),#164,.F.);
#5397=ADVANCED_FACE('',(#5005),#165,.F.);
#5398=ADVANCED_FACE('',(#5006),#166,.F.);
#5399=ADVANCED_FACE('',(#5007),#167,.F.);
#5400=ADVANCED_FACE('',(#5008),#168,.F.);
#5401=ADVANCED_FACE('',(#5009),#169,.F.);
#5402=ADVANCED_FACE('',(#5010),#170,.F.);
#5403=ADVANCED_FACE('',(#5011),#171,.F.);
#5404=ADVANCED_FACE('',(#5012),#172,.F.);
#5405=ADVANCED_FACE('',(#5013),#173,.F.);
#5406=ADVANCED_FACE('',(#5014),#174,.F.);
#5407=ADVANCED_FACE('',(#5015),#175,.T.);
#5408=ADVANCED_FACE('',(#5016),#176,.F.);
#5409=ADVANCED_FACE('',(#5017),#177,.F.);
#5410=ADVANCED_FACE('',(#5018),#5179,.F.);
#5411=ADVANCED_FACE('',(#5019),#5180,.F.);
#5412=ADVANCED_FACE('',(#5020),#5181,.F.);
#5413=ADVANCED_FACE('',(#5021),#178,.F.);
#5414=ADVANCED_FACE('',(#5022),#179,.F.);
#5415=ADVANCED_FACE('',(#5023),#180,.T.);
#5416=ADVANCED_FACE('',(#5024,#5025,#5026,#5027,#5028,#5029,#5030),#181,
 .T.);
#5417=ADVANCED_FACE('',(#5031),#182,.F.);
#5418=ADVANCED_FACE('',(#5032),#183,.F.);
#5419=ADVANCED_FACE('',(#5033),#184,.F.);
#5420=ADVANCED_FACE('',(#5034),#185,.F.);
#5421=ADVANCED_FACE('',(#5035),#186,.F.);
#5422=ADVANCED_FACE('',(#5036),#187,.F.);
#5423=ADVANCED_FACE('',(#5037),#5182,.F.);
#5424=ADVANCED_FACE('',(#5038),#188,.T.);
#5425=ADVANCED_FACE('',(#5039),#189,.F.);
#5426=ADVANCED_FACE('',(#5040),#190,.T.);
#5427=ADVANCED_FACE('',(#5041),#191,.F.);
#5428=ADVANCED_FACE('',(#5042),#192,.F.);
#5429=ADVANCED_FACE('',(#5043),#193,.F.);
#5430=ADVANCED_FACE('',(#5044),#194,.F.);
#5431=ADVANCED_FACE('',(#5045),#195,.F.);
#5432=ADVANCED_FACE('',(#5046),#5183,.F.);
#5433=ADVANCED_FACE('',(#5047),#196,.T.);
#5434=ADVANCED_FACE('',(#5048),#197,.T.);
#5435=ADVANCED_FACE('',(#5049),#198,.T.);
#5436=ADVANCED_FACE('',(#5050),#199,.F.);
#5437=ADVANCED_FACE('',(#5051),#5184,.F.);
#5438=ADVANCED_FACE('',(#5052),#200,.F.);
#5439=ADVANCED_FACE('',(#5053),#5185,.T.);
#5440=ADVANCED_FACE('',(#5054),#201,.F.);
#5441=ADVANCED_FACE('',(#5055),#5186,.T.);
#5442=ADVANCED_FACE('',(#5056),#202,.F.);
#5443=ADVANCED_FACE('',(#5057),#203,.F.);
#5444=ADVANCED_FACE('',(#5058),#204,.F.);
#5445=ADVANCED_FACE('',(#5059),#205,.F.);
#5446=ADVANCED_FACE('',(#5060),#5187,.T.);
#5447=ADVANCED_FACE('',(#5061),#206,.F.);
#5448=ADVANCED_FACE('',(#5062),#207,.F.);
#5449=ADVANCED_FACE('',(#5063),#208,.F.);
#5450=ADVANCED_FACE('',(#5064),#5188,.F.);
#5451=ADVANCED_FACE('',(#5065),#209,.T.);
#5452=ADVANCED_FACE('',(#5066),#5189,.F.);
#5453=ADVANCED_FACE('',(#5067),#210,.T.);
#5454=ADVANCED_FACE('',(#5068),#211,.T.);
#5455=ADVANCED_FACE('',(#5069),#5190,.F.);
#5456=ADVANCED_FACE('',(#5070),#212,.T.);
#5457=ADVANCED_FACE('',(#5071),#213,.T.);
#5458=ADVANCED_FACE('',(#5072),#5191,.F.);
#5459=ADVANCED_FACE('',(#5073),#214,.T.);
#5460=ADVANCED_FACE('',(#5074),#215,.T.);
#5461=ADVANCED_FACE('',(#5075),#216,.T.);
#5462=ADVANCED_FACE('',(#5076),#217,.T.);
#5463=ADVANCED_FACE('',(#5077),#218,.F.);
#5464=ADVANCED_FACE('',(#5078),#219,.T.);
#5465=ADVANCED_FACE('',(#5079),#220,.T.);
#5466=ADVANCED_FACE('',(#5080),#5192,.T.);
#5467=ADVANCED_FACE('',(#5081),#221,.T.);
#5468=ADVANCED_FACE('',(#5082),#222,.T.);
#5469=ADVANCED_FACE('',(#5083),#223,.T.);
#5470=ADVANCED_FACE('',(#5084),#224,.T.);
#5471=ADVANCED_FACE('',(#5085),#225,.T.);
#5472=ADVANCED_FACE('',(#5086),#226,.F.);
#5473=ADVANCED_FACE('',(#5087,#5088,#5089,#5090,#5091,#5092,#5093),#227,
 .T.);
#5474=ADVANCED_FACE('',(#5094),#228,.F.);
#5475=ADVANCED_FACE('',(#5095),#229,.F.);
#5476=ADVANCED_FACE('',(#5096),#230,.F.);
#5477=ADVANCED_FACE('',(#5097),#231,.F.);
#5478=ADVANCED_FACE('',(#5098),#232,.F.);
#5479=ADVANCED_FACE('',(#5099),#233,.F.);
#5480=ADVANCED_FACE('',(#5100),#234,.T.);
#5481=ADVANCED_FACE('',(#5101),#235,.T.);
#5482=ADVANCED_FACE('',(#5102),#236,.T.);
#5483=ADVANCED_FACE('',(#5103),#237,.F.);
#5484=ADVANCED_FACE('',(#5104),#238,.F.);
#5485=ADVANCED_FACE('',(#5105),#5193,.F.);
#5486=ADVANCED_FACE('',(#5106),#239,.T.);
#5487=ADVANCED_FACE('',(#5107),#240,.T.);
#5488=ADVANCED_FACE('',(#5108),#241,.F.);
#5489=ADVANCED_FACE('',(#5109),#5194,.F.);
#5490=ADVANCED_FACE('',(#5110),#242,.T.);
#5491=ADVANCED_FACE('',(#5111),#5195,.T.);
#5492=ADVANCED_FACE('',(#5112),#37,.T.);
#5493=ADVANCED_FACE('',(#5113),#5196,.T.);
#5494=ADVANCED_FACE('',(#5114),#5197,.T.);
#5495=ADVANCED_FACE('',(#5115),#38,.T.);
#5496=ADVANCED_FACE('',(#5116),#5198,.T.);
#5497=ADVANCED_FACE('',(#5117),#5199,.T.);
#5498=ADVANCED_FACE('',(#5118),#39,.T.);
#5499=ADVANCED_FACE('',(#5119),#5200,.T.);
#5500=ADVANCED_FACE('',(#5120),#5201,.T.);
#5501=ADVANCED_FACE('',(#5121),#40,.T.);
#5502=ADVANCED_FACE('',(#5122),#5202,.T.);
#5503=ADVANCED_FACE('',(#5123),#5203,.T.);
#5504=ADVANCED_FACE('',(#5124),#5204,.F.);
#5505=ADVANCED_FACE('',(#5125),#5205,.T.);
#5506=ADVANCED_FACE('',(#5126),#5206,.F.);
#5507=ADVANCED_FACE('',(#5127),#5207,.T.);
#5508=ADVANCED_FACE('',(#5128),#5208,.T.);
#5509=ADVANCED_FACE('',(#5129),#5209,.T.);
#5510=ADVANCED_FACE('',(#5130),#5210,.T.);
#5511=ADVANCED_FACE('',(#5131),#5211,.T.);
#5512=ADVANCED_FACE('',(#5132),#5212,.T.);
#5513=ADVANCED_FACE('',(#5133),#5213,.T.);
#5514=ADVANCED_FACE('',(#5134),#5214,.T.);
#5515=ADVANCED_FACE('',(#5135),#5215,.T.);
#5516=ADVANCED_FACE('',(#5136),#5216,.T.);
#5517=ADVANCED_FACE('',(#5137),#5217,.T.);
#5518=ADVANCED_FACE('',(#5138),#5218,.T.);
#5519=ADVANCED_FACE('',(#5139),#5219,.T.);
#5520=ADVANCED_FACE('',(#5140),#5220,.T.);
#5521=ADVANCED_FACE('',(#5141),#41,.T.);
#5522=ADVANCED_FACE('',(#5142),#42,.T.);
#5523=ADVANCED_FACE('',(#5143),#5221,.T.);
#5524=CLOSED_SHELL('',(#5222,#5223,#5224,#5225,#5226,#5227,#5228,#5229,
#5230,#5231,#5232,#5233,#5234,#5235,#5236,#5237,#5238,#5239,#5240,#5241,
#5242,#5243,#5244,#5245,#5246,#5247,#5248,#5249,#5250,#5251,#5252,#5253,
#5254,#5255,#5256,#5257,#5258,#5259,#5260,#5261,#5262,#5263,#5264,#5265,
#5266,#5267,#5268,#5269,#5270,#5271,#5272,#5273,#5274,#5275,#5276,#5277,
#5278,#5279,#5280,#5281,#5282,#5283,#5284,#5285,#5286,#5287,#5288,#5289,
#5290,#5291,#5292,#5293,#5294,#5295,#5296,#5297,#5298,#5299,#5300,#5301,
#5302,#5303,#5304,#5305,#5306,#5307,#5308,#5309,#5310,#5311,#5312,#5313,
#5314,#5315,#5316,#5317,#5318,#5319,#5320,#5321,#5322,#5323,#5324,#5325,
#5326,#5327,#5328,#5329,#5330,#5331,#5332,#5333,#5334,#5335,#5336,#5337,
#5338,#5339,#5340,#5341,#5342,#5343,#5344,#5345,#5346,#5347,#5348,#5349,
#5350,#5351,#5352,#5353,#5354,#5355,#5356,#5357,#5358,#5359,#5360,#5361,
#5362,#5363,#5364,#5365,#5366,#5367,#5368,#5369,#5370,#5371,#5372,#5373,
#5374,#5375,#5376,#5377,#5378,#5379,#5380,#5381,#5382,#5383,#5384,#5385,
#5386,#5387,#5388,#5389,#5390,#5391,#5392,#5393,#5394,#5395,#5396,#5397,
#5398,#5399,#5400,#5401,#5402,#5403,#5404,#5405,#5406,#5407,#5408,#5409,
#5410,#5411,#5412,#5413,#5414,#5415,#5416,#5417,#5418,#5419,#5420,#5421,
#5422,#5423,#5424,#5425,#5426,#5427,#5428,#5429,#5430,#5431,#5432,#5433,
#5434,#5435,#5436,#5437,#5438,#5439,#5440,#5441,#5442,#5443,#5444,#5445,
#5446,#5447,#5448,#5449,#5450,#5451,#5452,#5453,#5454,#5455,#5456,#5457,
#5458,#5459,#5460,#5461,#5462,#5463,#5464,#5465,#5466,#5467,#5468,#5469,
#5470,#5471,#5472,#5473,#5474,#5475,#5476,#5477,#5478,#5479,#5480,#5481,
#5482,#5483,#5484,#5485,#5486,#5487,#5488,#5489,#5490,#5491,#5492,#5493,
#5494,#5495,#5496,#5497,#5498,#5499,#5500,#5501,#5502,#5503,#5504,#5505,
#5506,#5507,#5508,#5509,#5510,#5511,#5512,#5513,#5514,#5515,#5516,#5517,
#5518,#5519,#5520,#5521,#5522,#5523));
#5525=STYLED_ITEM('',(#5526),#5533);
#5526=PRESENTATION_STYLE_ASSIGNMENT((#5527));
#5527=SURFACE_STYLE_USAGE(.BOTH.,#5528);
#5528=SURFACE_SIDE_STYLE('',(#5529));
#5529=SURFACE_STYLE_FILL_AREA(#5530);
#5530=FILL_AREA_STYLE('',(#5531));
#5531=FILL_AREA_STYLE_COLOUR('',#5532);
#5532=COLOUR_RGB('',0.615686274509804,0.811764705882353,0.929411764705882);
#5533=MANIFOLD_SOLID_BREP('Body',#5524);
#5534=SHAPE_DEFINITION_REPRESENTATION(#9580,#5535);
#5535=SHAPE_REPRESENTATION('Body',(#5536),#9575);
#5536=AXIS2_PLACEMENT_3D('',#7728,#6100,#6101);
#5537=AXIS2_PLACEMENT_3D('',#7729,#6102,#6103);
#5538=AXIS2_PLACEMENT_3D('',#7733,#6105,#6106);
#5539=AXIS2_PLACEMENT_3D('',#7737,#6108,#6109);
#5540=AXIS2_PLACEMENT_3D('',#7738,#6110,#6111);
#5541=AXIS2_PLACEMENT_3D('',#7745,#6112,#6113);
#5542=AXIS2_PLACEMENT_3D('',#7749,#6115,#6116);
#5543=AXIS2_PLACEMENT_3D('',#7750,#6117,#6118);
#5544=AXIS2_PLACEMENT_3D('',#7756,#6121,#6122);
#5545=AXIS2_PLACEMENT_3D('',#7760,#6124,#6125);
#5546=AXIS2_PLACEMENT_3D('',#7771,#6131,#6132);
#5547=AXIS2_PLACEMENT_3D('',#7775,#6134,#6135);
#5548=AXIS2_PLACEMENT_3D('',#7784,#6140,#6141);
#5549=AXIS2_PLACEMENT_3D('',#7788,#6143,#6144);
#5550=AXIS2_PLACEMENT_3D('',#7795,#6148,#6149);
#5551=AXIS2_PLACEMENT_3D('',#7804,#6154,#6155);
#5552=AXIS2_PLACEMENT_3D('',#7807,#6158,#6159);
#5553=AXIS2_PLACEMENT_3D('',#7817,#6165,#6166);
#5554=AXIS2_PLACEMENT_3D('',#7818,#6167,#6168);
#5555=AXIS2_PLACEMENT_3D('',#7825,#6172,#6173);
#5556=AXIS2_PLACEMENT_3D('',#7831,#6177,#6178);
#5557=AXIS2_PLACEMENT_3D('',#7834,#6180,#6181);
#5558=AXIS2_PLACEMENT_3D('',#7844,#6187,#6188);
#5559=AXIS2_PLACEMENT_3D('',#7847,#6190,#6191);
#5560=AXIS2_PLACEMENT_3D('',#7849,#6192,#6193);
#5561=AXIS2_PLACEMENT_3D('',#7853,#6195,#6196);
#5562=AXIS2_PLACEMENT_3D('',#7854,#6197,#6198);
#5563=AXIS2_PLACEMENT_3D('',#7860,#6201,#6202);
#5564=AXIS2_PLACEMENT_3D('',#7863,#6204,#6205);
#5565=AXIS2_PLACEMENT_3D('',#7880,#6214,#6215);
#5566=AXIS2_PLACEMENT_3D('',#7887,#6219,#6220);
#5567=AXIS2_PLACEMENT_3D('',#7888,#6221,#6222);
#5568=AXIS2_PLACEMENT_3D('',#7897,#6227,#6228);
#5569=AXIS2_PLACEMENT_3D('',#7911,#6235,#6236);
#5570=AXIS2_PLACEMENT_3D('',#7916,#6239,#6240);
#5571=AXIS2_PLACEMENT_3D('',#7922,#6243,#6244);
#5572=AXIS2_PLACEMENT_3D('',#7926,#6246,#6247);
#5573=AXIS2_PLACEMENT_3D('',#7927,#6248,#6249);
#5574=AXIS2_PLACEMENT_3D('',#7938,#6255,#6256);
#5575=AXIS2_PLACEMENT_3D('',#7941,#6258,#6259);
#5576=AXIS2_PLACEMENT_3D('',#7943,#6260,#6261);
#5577=AXIS2_PLACEMENT_3D('',#7949,#6262,#6263);
#5578=AXIS2_PLACEMENT_3D('',#7961,#6269,#6270);
#5579=AXIS2_PLACEMENT_3D('',#7968,#6274,#6275);
#5580=AXIS2_PLACEMENT_3D('',#7969,#6276,#6277);
#5581=AXIS2_PLACEMENT_3D('',#7973,#6279,#6280);
#5582=AXIS2_PLACEMENT_3D('',#7983,#6282,#6283);
#5583=AXIS2_PLACEMENT_3D('',#7986,#6285,#6286);
#5584=AXIS2_PLACEMENT_3D('',#7987,#6287,#6288);
#5585=AXIS2_PLACEMENT_3D('',#7993,#6289,#6290);
#5586=AXIS2_PLACEMENT_3D('',#7997,#6292,#6293);
#5587=AXIS2_PLACEMENT_3D('',#8004,#6297,#6298);
#5588=AXIS2_PLACEMENT_3D('',#8010,#6302,#6303);
#5589=AXIS2_PLACEMENT_3D('',#8016,#6307,#6308);
#5590=AXIS2_PLACEMENT_3D('',#8023,#6313,#6314);
#5591=AXIS2_PLACEMENT_3D('',#8027,#6317,#6318);
#5592=AXIS2_PLACEMENT_3D('',#8033,#6322,#6323);
#5593=AXIS2_PLACEMENT_3D('',#8039,#6326,#6327);
#5594=AXIS2_PLACEMENT_3D('',#8042,#6329,#6330);
#5595=AXIS2_PLACEMENT_3D('',#8045,#6332,#6333);
#5596=AXIS2_PLACEMENT_3D('',#8048,#6335,#6336);
#5597=AXIS2_PLACEMENT_3D('',#8049,#6337,#6338);
#5598=AXIS2_PLACEMENT_3D('',#8054,#6341,#6342);
#5599=AXIS2_PLACEMENT_3D('',#8055,#6343,#6344);
#5600=AXIS2_PLACEMENT_3D('',#8056,#6345,#6346);
#5601=AXIS2_PLACEMENT_3D('',#8057,#6347,#6348);
#5602=AXIS2_PLACEMENT_3D('',#8060,#6350,#6351);
#5603=AXIS2_PLACEMENT_3D('',#8063,#6353,#6354);
#5604=AXIS2_PLACEMENT_3D('',#8064,#6355,#6356);
#5605=AXIS2_PLACEMENT_3D('',#8069,#6358,#6359);
#5606=AXIS2_PLACEMENT_3D('',#8072,#6361,#6362);
#5607=AXIS2_PLACEMENT_3D('',#8073,#6363,#6364);
#5608=AXIS2_PLACEMENT_3D('',#8078,#6366,#6367);
#5609=AXIS2_PLACEMENT_3D('',#8081,#6369,#6370);
#5610=AXIS2_PLACEMENT_3D('',#8082,#6371,#6372);
#5611=AXIS2_PLACEMENT_3D('',#8087,#6374,#6375);
#5612=AXIS2_PLACEMENT_3D('',#8090,#6377,#6378);
#5613=AXIS2_PLACEMENT_3D('',#8091,#6379,#6380);
#5614=AXIS2_PLACEMENT_3D('',#8093,#6381,#6382);
#5615=AXIS2_PLACEMENT_3D('',#8095,#6383,#6384);
#5616=AXIS2_PLACEMENT_3D('',#8096,#6385,#6386);
#5617=AXIS2_PLACEMENT_3D('',#8097,#6387,#6388);
#5618=AXIS2_PLACEMENT_3D('',#8100,#6389,#6390);
#5619=AXIS2_PLACEMENT_3D('',#8102,#6391,#6392);
#5620=AXIS2_PLACEMENT_3D('',#8104,#6393,#6394);
#5621=AXIS2_PLACEMENT_3D('',#8105,#6395,#6396);
#5622=AXIS2_PLACEMENT_3D('',#8106,#6397,#6398);
#5623=AXIS2_PLACEMENT_3D('',#8109,#6399,#6400);
#5624=AXIS2_PLACEMENT_3D('',#8110,#6401,#6402);
#5625=AXIS2_PLACEMENT_3D('',#8111,#6403,#6404);
#5626=AXIS2_PLACEMENT_3D('',#8112,#6405,#6406);
#5627=AXIS2_PLACEMENT_3D('',#8117,#6408,#6409);
#5628=AXIS2_PLACEMENT_3D('',#8120,#6411,#6412);
#5629=AXIS2_PLACEMENT_3D('',#8121,#6413,#6414);
#5630=AXIS2_PLACEMENT_3D('',#8126,#6416,#6417);
#5631=AXIS2_PLACEMENT_3D('',#8129,#6419,#6420);
#5632=AXIS2_PLACEMENT_3D('',#8130,#6421,#6422);
#5633=AXIS2_PLACEMENT_3D('',#8135,#6424,#6425);
#5634=AXIS2_PLACEMENT_3D('',#8138,#6427,#6428);
#5635=AXIS2_PLACEMENT_3D('',#8139,#6429,#6430);
#5636=AXIS2_PLACEMENT_3D('',#8141,#6431,#6432);
#5637=AXIS2_PLACEMENT_3D('',#8143,#6433,#6434);
#5638=AXIS2_PLACEMENT_3D('',#8144,#6435,#6436);
#5639=AXIS2_PLACEMENT_3D('',#8145,#6437,#6438);
#5640=AXIS2_PLACEMENT_3D('',#8148,#6439,#6440);
#5641=AXIS2_PLACEMENT_3D('',#8150,#6441,#6442);
#5642=AXIS2_PLACEMENT_3D('',#8152,#6443,#6444);
#5643=AXIS2_PLACEMENT_3D('',#8153,#6445,#6446);
#5644=AXIS2_PLACEMENT_3D('',#8154,#6447,#6448);
#5645=AXIS2_PLACEMENT_3D('',#8157,#6449,#6450);
#5646=AXIS2_PLACEMENT_3D('',#8158,#6451,#6452);
#5647=AXIS2_PLACEMENT_3D('',#8159,#6453,#6454);
#5648=AXIS2_PLACEMENT_3D('',#8163,#6456,#6457);
#5649=AXIS2_PLACEMENT_3D('',#8167,#6459,#6460);
#5650=AXIS2_PLACEMENT_3D('',#8168,#6461,#6462);
#5651=AXIS2_PLACEMENT_3D('',#8169,#6463,#6464);
#5652=AXIS2_PLACEMENT_3D('',#8174,#6466,#6467);
#5653=AXIS2_PLACEMENT_3D('',#8177,#6469,#6470);
#5654=AXIS2_PLACEMENT_3D('',#8178,#6471,#6472);
#5655=AXIS2_PLACEMENT_3D('',#8183,#6474,#6475);
#5656=AXIS2_PLACEMENT_3D('',#8186,#6477,#6478);
#5657=AXIS2_PLACEMENT_3D('',#8187,#6479,#6480);
#5658=AXIS2_PLACEMENT_3D('',#8190,#6481,#6482);
#5659=AXIS2_PLACEMENT_3D('',#8192,#6483,#6484);
#5660=AXIS2_PLACEMENT_3D('',#8194,#6485,#6486);
#5661=AXIS2_PLACEMENT_3D('',#8195,#6487,#6488);
#5662=AXIS2_PLACEMENT_3D('',#8196,#6489,#6490);
#5663=AXIS2_PLACEMENT_3D('',#8199,#6491,#6492);
#5664=AXIS2_PLACEMENT_3D('',#8200,#6493,#6494);
#5665=AXIS2_PLACEMENT_3D('',#8201,#6495,#6496);
#5666=AXIS2_PLACEMENT_3D('',#8202,#6497,#6498);
#5667=AXIS2_PLACEMENT_3D('',#8205,#6499,#6500);
#5668=AXIS2_PLACEMENT_3D('',#8206,#6501,#6502);
#5669=AXIS2_PLACEMENT_3D('',#8207,#6503,#6504);
#5670=AXIS2_PLACEMENT_3D('',#8211,#6506,#6507);
#5671=AXIS2_PLACEMENT_3D('',#8215,#6509,#6510);
#5672=AXIS2_PLACEMENT_3D('',#8216,#6511,#6512);
#5673=AXIS2_PLACEMENT_3D('',#8217,#6513,#6514);
#5674=AXIS2_PLACEMENT_3D('',#8222,#6516,#6517);
#5675=AXIS2_PLACEMENT_3D('',#8225,#6519,#6520);
#5676=AXIS2_PLACEMENT_3D('',#8226,#6521,#6522);
#5677=AXIS2_PLACEMENT_3D('',#8231,#6524,#6525);
#5678=AXIS2_PLACEMENT_3D('',#8234,#6527,#6528);
#5679=AXIS2_PLACEMENT_3D('',#8255,#6529,#6530);
#5680=AXIS2_PLACEMENT_3D('',#8278,#6531,#6532);
#5681=AXIS2_PLACEMENT_3D('',#8279,#6533,#6534);
#5682=AXIS2_PLACEMENT_3D('',#8300,#6535,#6536);
#5683=AXIS2_PLACEMENT_3D('',#8311,#6537,#6538);
#5684=AXIS2_PLACEMENT_3D('',#8324,#6539,#6540);
#5685=AXIS2_PLACEMENT_3D('',#8325,#6541,#6542);
#5686=AXIS2_PLACEMENT_3D('',#8336,#6543,#6544);
#5687=AXIS2_PLACEMENT_3D('',#8347,#6545,#6546);
#5688=AXIS2_PLACEMENT_3D('',#8360,#6547,#6548);
#5689=AXIS2_PLACEMENT_3D('',#8361,#6549,#6550);
#5690=AXIS2_PLACEMENT_3D('',#8372,#6551,#6552);
#5691=AXIS2_PLACEMENT_3D('',#8383,#6553,#6554);
#5692=AXIS2_PLACEMENT_3D('',#8384,#6555,#6556);
#5693=AXIS2_PLACEMENT_3D('',#8390,#6557,#6558);
#5694=AXIS2_PLACEMENT_3D('',#8396,#6559,#6560);
#5695=AXIS2_PLACEMENT_3D('',#8407,#6561,#6562);
#5696=AXIS2_PLACEMENT_3D('',#8408,#6563,#6564);
#5697=AXIS2_PLACEMENT_3D('',#8415,#6565,#6566);
#5698=AXIS2_PLACEMENT_3D('',#8422,#6567,#6568);
#5699=AXIS2_PLACEMENT_3D('',#8423,#6569,#6570);
#5700=AXIS2_PLACEMENT_3D('',#8424,#6571,#6572);
#5701=AXIS2_PLACEMENT_3D('',#8426,#6573,#6574);
#5702=AXIS2_PLACEMENT_3D('',#8427,#6575,#6576);
#5703=AXIS2_PLACEMENT_3D('',#8428,#6577,#6578);
#5704=AXIS2_PLACEMENT_3D('',#8429,#6579,#6580);
#5705=AXIS2_PLACEMENT_3D('',#8430,#6581,#6582);
#5706=AXIS2_PLACEMENT_3D('',#8433,#6585,#6586);
#5707=AXIS2_PLACEMENT_3D('',#8434,#6587,#6588);
#5708=AXIS2_PLACEMENT_3D('',#8436,#6589,#6590);
#5709=AXIS2_PLACEMENT_3D('',#8438,#6591,#6592);
#5710=AXIS2_PLACEMENT_3D('',#8439,#6593,#6594);
#5711=AXIS2_PLACEMENT_3D('',#8442,#6597,#6598);
#5712=AXIS2_PLACEMENT_3D('',#8443,#6599,#6600);
#5713=AXIS2_PLACEMENT_3D('',#8444,#6601,#6602);
#5714=AXIS2_PLACEMENT_3D('',#8445,#6603,#6604);
#5715=AXIS2_PLACEMENT_3D('',#8446,#6605,#6606);
#5716=AXIS2_PLACEMENT_3D('',#8451,#6609,#6610);
#5717=AXIS2_PLACEMENT_3D('',#8452,#6611,#6612);
#5718=AXIS2_PLACEMENT_3D('',#8453,#6613,#6614);
#5719=AXIS2_PLACEMENT_3D('',#8454,#6615,#6616);
#5720=AXIS2_PLACEMENT_3D('',#8455,#6617,#6618);
#5721=AXIS2_PLACEMENT_3D('',#8460,#6620,#6621);
#5722=AXIS2_PLACEMENT_3D('',#8463,#6623,#6624);
#5723=AXIS2_PLACEMENT_3D('',#8464,#6625,#6626);
#5724=AXIS2_PLACEMENT_3D('',#8466,#6627,#6628);
#5725=AXIS2_PLACEMENT_3D('',#8467,#6629,#6630);
#5726=AXIS2_PLACEMENT_3D('',#8468,#6631,#6632);
#5727=AXIS2_PLACEMENT_3D('',#8469,#6633,#6634);
#5728=AXIS2_PLACEMENT_3D('',#8470,#6635,#6636);
#5729=AXIS2_PLACEMENT_3D('',#8491,#6637,#6638);
#5730=AXIS2_PLACEMENT_3D('',#8502,#6639,#6640);
#5731=AXIS2_PLACEMENT_3D('',#8513,#6641,#6642);
#5732=AXIS2_PLACEMENT_3D('',#8514,#6643,#6644);
#5733=AXIS2_PLACEMENT_3D('',#8516,#6645,#6646);
#5734=AXIS2_PLACEMENT_3D('',#8518,#6647,#6648);
#5735=AXIS2_PLACEMENT_3D('',#8519,#6649,#6650);
#5736=AXIS2_PLACEMENT_3D('',#8521,#6651,#6652);
#5737=AXIS2_PLACEMENT_3D('',#8522,#6653,#6654);
#5738=AXIS2_PLACEMENT_3D('',#8524,#6655,#6656);
#5739=AXIS2_PLACEMENT_3D('',#8525,#6657,#6658);
#5740=AXIS2_PLACEMENT_3D('',#8527,#6659,#6660);
#5741=AXIS2_PLACEMENT_3D('',#8528,#6661,#6662);
#5742=AXIS2_PLACEMENT_3D('',#8530,#6663,#6664);
#5743=AXIS2_PLACEMENT_3D('',#8531,#6665,#6666);
#5744=AXIS2_PLACEMENT_3D('',#8532,#6667,#6668);
#5745=AXIS2_PLACEMENT_3D('',#8533,#6669,#6670);
#5746=AXIS2_PLACEMENT_3D('',#8538,#6673,#6674);
#5747=AXIS2_PLACEMENT_3D('',#8542,#6676,#6677);
#5748=AXIS2_PLACEMENT_3D('',#8546,#6679,#6680);
#5749=AXIS2_PLACEMENT_3D('',#8550,#6682,#6683);
#5750=AXIS2_PLACEMENT_3D('',#8554,#6685,#6686);
#5751=AXIS2_PLACEMENT_3D('',#8558,#6688,#6689);
#5752=AXIS2_PLACEMENT_3D('',#8562,#6691,#6692);
#5753=AXIS2_PLACEMENT_3D('',#8566,#6694,#6695);
#5754=AXIS2_PLACEMENT_3D('',#8570,#6697,#6698);
#5755=AXIS2_PLACEMENT_3D('',#8571,#6699,#6700);
#5756=AXIS2_PLACEMENT_3D('',#8577,#6704,#6705);
#5757=AXIS2_PLACEMENT_3D('',#8578,#6706,#6707);
#5758=AXIS2_PLACEMENT_3D('',#8582,#6709,#6710);
#5759=AXIS2_PLACEMENT_3D('',#8586,#6712,#6713);
#5760=AXIS2_PLACEMENT_3D('',#8590,#6715,#6716);
#5761=AXIS2_PLACEMENT_3D('',#8594,#6718,#6719);
#5762=AXIS2_PLACEMENT_3D('',#8595,#6720,#6721);
#5763=AXIS2_PLACEMENT_3D('',#8599,#6723,#6724);
#5764=AXIS2_PLACEMENT_3D('',#8603,#6726,#6727);
#5765=AXIS2_PLACEMENT_3D('',#8607,#6729,#6730);
#5766=AXIS2_PLACEMENT_3D('',#8608,#6731,#6732);
#5767=AXIS2_PLACEMENT_3D('',#8610,#6734,#6735);
#5768=AXIS2_PLACEMENT_3D('',#8613,#6738,#6739);
#5769=AXIS2_PLACEMENT_3D('',#8614,#6740,#6741);
#5770=AXIS2_PLACEMENT_3D('',#8617,#6744,#6745);
#5771=AXIS2_PLACEMENT_3D('',#8618,#6746,#6747);
#5772=AXIS2_PLACEMENT_3D('',#8621,#6750,#6751);
#5773=AXIS2_PLACEMENT_3D('',#8622,#6752,#6753);
#5774=AXIS2_PLACEMENT_3D('',#8623,#6754,#6755);
#5775=AXIS2_PLACEMENT_3D('',#8625,#6757,#6758);
#5776=AXIS2_PLACEMENT_3D('',#8628,#6761,#6762);
#5777=AXIS2_PLACEMENT_3D('',#8629,#6763,#6764);
#5778=AXIS2_PLACEMENT_3D('',#8632,#6767,#6768);
#5779=AXIS2_PLACEMENT_3D('',#8633,#6769,#6770);
#5780=AXIS2_PLACEMENT_3D('',#8636,#6773,#6774);
#5781=AXIS2_PLACEMENT_3D('',#8637,#6775,#6776);
#5782=AXIS2_PLACEMENT_3D('',#8638,#6777,#6778);
#5783=AXIS2_PLACEMENT_3D('',#8639,#6779,#6780);
#5784=AXIS2_PLACEMENT_3D('',#8642,#6781,#6782);
#5785=AXIS2_PLACEMENT_3D('',#8645,#6784,#6785);
#5786=AXIS2_PLACEMENT_3D('',#8651,#6789,#6790);
#5787=AXIS2_PLACEMENT_3D('',#8655,#6792,#6793);
#5788=AXIS2_PLACEMENT_3D('',#8656,#6794,#6795);
#5789=AXIS2_PLACEMENT_3D('',#8657,#6796,#6797);
#5790=AXIS2_PLACEMENT_3D('',#8663,#6801,#6802);
#5791=AXIS2_PLACEMENT_3D('',#8667,#6804,#6805);
#5792=AXIS2_PLACEMENT_3D('',#8668,#6806,#6807);
#5793=AXIS2_PLACEMENT_3D('',#8669,#6808,#6809);
#5794=AXIS2_PLACEMENT_3D('',#8675,#6813,#6814);
#5795=AXIS2_PLACEMENT_3D('',#8676,#6815,#6816);
#5796=AXIS2_PLACEMENT_3D('',#8680,#6818,#6819);
#5797=AXIS2_PLACEMENT_3D('',#8681,#6820,#6821);
#5798=AXIS2_PLACEMENT_3D('',#8687,#6825,#6826);
#5799=AXIS2_PLACEMENT_3D('',#8688,#6827,#6828);
#5800=AXIS2_PLACEMENT_3D('',#8690,#6829,#6830);
#5801=AXIS2_PLACEMENT_3D('',#8693,#6832,#6833);
#5802=AXIS2_PLACEMENT_3D('',#8699,#6837,#6838);
#5803=AXIS2_PLACEMENT_3D('',#8700,#6839,#6840);
#5804=AXIS2_PLACEMENT_3D('',#8704,#6842,#6843);
#5805=AXIS2_PLACEMENT_3D('',#8705,#6844,#6845);
#5806=AXIS2_PLACEMENT_3D('',#8711,#6849,#6850);
#5807=AXIS2_PLACEMENT_3D('',#8712,#6851,#6852);
#5808=AXIS2_PLACEMENT_3D('',#8716,#6854,#6855);
#5809=AXIS2_PLACEMENT_3D('',#8717,#6856,#6857);
#5810=AXIS2_PLACEMENT_3D('',#8723,#6861,#6862);
#5811=AXIS2_PLACEMENT_3D('',#8724,#6863,#6864);
#5812=AXIS2_PLACEMENT_3D('',#8728,#6866,#6867);
#5813=AXIS2_PLACEMENT_3D('',#8729,#6868,#6869);
#5814=AXIS2_PLACEMENT_3D('',#8735,#6873,#6874);
#5815=AXIS2_PLACEMENT_3D('',#8736,#6875,#6876);
#5816=AXIS2_PLACEMENT_3D('',#8738,#6877,#6878);
#5817=AXIS2_PLACEMENT_3D('',#8739,#6879,#6880);
#5818=AXIS2_PLACEMENT_3D('',#8742,#6883,#6884);
#5819=AXIS2_PLACEMENT_3D('',#8743,#6885,#6886);
#5820=AXIS2_PLACEMENT_3D('',#8744,#6887,#6888);
#5821=AXIS2_PLACEMENT_3D('',#8747,#6889,#6890);
#5822=AXIS2_PLACEMENT_3D('',#8750,#6892,#6893);
#5823=AXIS2_PLACEMENT_3D('',#8756,#6897,#6898);
#5824=AXIS2_PLACEMENT_3D('',#8760,#6900,#6901);
#5825=AXIS2_PLACEMENT_3D('',#8761,#6902,#6903);
#5826=AXIS2_PLACEMENT_3D('',#8762,#6904,#6905);
#5827=AXIS2_PLACEMENT_3D('',#8768,#6909,#6910);
#5828=AXIS2_PLACEMENT_3D('',#8772,#6912,#6913);
#5829=AXIS2_PLACEMENT_3D('',#8773,#6914,#6915);
#5830=AXIS2_PLACEMENT_3D('',#8774,#6916,#6917);
#5831=AXIS2_PLACEMENT_3D('',#8780,#6921,#6922);
#5832=AXIS2_PLACEMENT_3D('',#8781,#6923,#6924);
#5833=AXIS2_PLACEMENT_3D('',#8785,#6926,#6927);
#5834=AXIS2_PLACEMENT_3D('',#8786,#6928,#6929);
#5835=AXIS2_PLACEMENT_3D('',#8792,#6933,#6934);
#5836=AXIS2_PLACEMENT_3D('',#8793,#6935,#6936);
#5837=AXIS2_PLACEMENT_3D('',#8795,#6937,#6938);
#5838=AXIS2_PLACEMENT_3D('',#8798,#6940,#6941);
#5839=AXIS2_PLACEMENT_3D('',#8804,#6945,#6946);
#5840=AXIS2_PLACEMENT_3D('',#8805,#6947,#6948);
#5841=AXIS2_PLACEMENT_3D('',#8809,#6950,#6951);
#5842=AXIS2_PLACEMENT_3D('',#8810,#6952,#6953);
#5843=AXIS2_PLACEMENT_3D('',#8816,#6957,#6958);
#5844=AXIS2_PLACEMENT_3D('',#8817,#6959,#6960);
#5845=AXIS2_PLACEMENT_3D('',#8821,#6962,#6963);
#5846=AXIS2_PLACEMENT_3D('',#8822,#6964,#6965);
#5847=AXIS2_PLACEMENT_3D('',#8828,#6969,#6970);
#5848=AXIS2_PLACEMENT_3D('',#8829,#6971,#6972);
#5849=AXIS2_PLACEMENT_3D('',#8833,#6974,#6975);
#5850=AXIS2_PLACEMENT_3D('',#8834,#6976,#6977);
#5851=AXIS2_PLACEMENT_3D('',#8840,#6981,#6982);
#5852=AXIS2_PLACEMENT_3D('',#8841,#6983,#6984);
#5853=AXIS2_PLACEMENT_3D('',#8843,#6985,#6986);
#5854=AXIS2_PLACEMENT_3D('',#8844,#6987,#6988);
#5855=AXIS2_PLACEMENT_3D('',#8847,#6991,#6992);
#5856=AXIS2_PLACEMENT_3D('',#8848,#6993,#6994);
#5857=AXIS2_PLACEMENT_3D('',#8853,#6997,#6998);
#5858=AXIS2_PLACEMENT_3D('',#8857,#7000,#7001);
#5859=AXIS2_PLACEMENT_3D('',#8861,#7003,#7004);
#5860=AXIS2_PLACEMENT_3D('',#8865,#7006,#7007);
#5861=AXIS2_PLACEMENT_3D('',#8869,#7009,#7010);
#5862=AXIS2_PLACEMENT_3D('',#8873,#7012,#7013);
#5863=AXIS2_PLACEMENT_3D('',#8877,#7015,#7016);
#5864=AXIS2_PLACEMENT_3D('',#8881,#7018,#7019);
#5865=AXIS2_PLACEMENT_3D('',#8885,#7021,#7022);
#5866=AXIS2_PLACEMENT_3D('',#8886,#7023,#7024);
#5867=AXIS2_PLACEMENT_3D('',#8892,#7028,#7029);
#5868=AXIS2_PLACEMENT_3D('',#8893,#7030,#7031);
#5869=AXIS2_PLACEMENT_3D('',#8897,#7033,#7034);
#5870=AXIS2_PLACEMENT_3D('',#8901,#7036,#7037);
#5871=AXIS2_PLACEMENT_3D('',#8905,#7039,#7040);
#5872=AXIS2_PLACEMENT_3D('',#8909,#7042,#7043);
#5873=AXIS2_PLACEMENT_3D('',#8910,#7044,#7045);
#5874=AXIS2_PLACEMENT_3D('',#8914,#7047,#7048);
#5875=AXIS2_PLACEMENT_3D('',#8918,#7050,#7051);
#5876=AXIS2_PLACEMENT_3D('',#8922,#7053,#7054);
#5877=AXIS2_PLACEMENT_3D('',#8923,#7055,#7056);
#5878=AXIS2_PLACEMENT_3D('',#8925,#7058,#7059);
#5879=AXIS2_PLACEMENT_3D('',#8928,#7062,#7063);
#5880=AXIS2_PLACEMENT_3D('',#8929,#7064,#7065);
#5881=AXIS2_PLACEMENT_3D('',#8932,#7068,#7069);
#5882=AXIS2_PLACEMENT_3D('',#8933,#7070,#7071);
#5883=AXIS2_PLACEMENT_3D('',#8936,#7074,#7075);
#5884=AXIS2_PLACEMENT_3D('',#8937,#7076,#7077);
#5885=AXIS2_PLACEMENT_3D('',#8938,#7078,#7079);
#5886=AXIS2_PLACEMENT_3D('',#8940,#7081,#7082);
#5887=AXIS2_PLACEMENT_3D('',#8943,#7085,#7086);
#5888=AXIS2_PLACEMENT_3D('',#8944,#7087,#7088);
#5889=AXIS2_PLACEMENT_3D('',#8947,#7091,#7092);
#5890=AXIS2_PLACEMENT_3D('',#8948,#7093,#7094);
#5891=AXIS2_PLACEMENT_3D('',#8951,#7097,#7098);
#5892=AXIS2_PLACEMENT_3D('',#8952,#7099,#7100);
#5893=AXIS2_PLACEMENT_3D('',#8953,#7101,#7102);
#5894=AXIS2_PLACEMENT_3D('',#8956,#7104,#7105);
#5895=AXIS2_PLACEMENT_3D('',#8964,#7110,#7111);
#5896=AXIS2_PLACEMENT_3D('',#8967,#7113,#7114);
#5897=AXIS2_PLACEMENT_3D('',#8972,#7117,#7118);
#5898=AXIS2_PLACEMENT_3D('',#8975,#7120,#7121);
#5899=AXIS2_PLACEMENT_3D('',#8976,#7122,#7123);
#5900=AXIS2_PLACEMENT_3D('',#8983,#7127,#7128);
#5901=AXIS2_PLACEMENT_3D('',#8989,#7131,#7132);
#5902=AXIS2_PLACEMENT_3D('',#8992,#7134,#7135);
#5903=AXIS2_PLACEMENT_3D('',#9000,#7139,#7140);
#5904=AXIS2_PLACEMENT_3D('',#9003,#7142,#7143);
#5905=AXIS2_PLACEMENT_3D('',#9004,#7144,#7145);
#5906=AXIS2_PLACEMENT_3D('',#9008,#7148,#7149);
#5907=AXIS2_PLACEMENT_3D('',#9009,#7150,#7151);
#5908=AXIS2_PLACEMENT_3D('',#9012,#7153,#7154);
#5909=AXIS2_PLACEMENT_3D('',#9014,#7156,#7157);
#5910=AXIS2_PLACEMENT_3D('',#9020,#7161,#7162);
#5911=AXIS2_PLACEMENT_3D('',#9024,#7165,#7166);
#5912=AXIS2_PLACEMENT_3D('',#9025,#7167,#7168);
#5913=AXIS2_PLACEMENT_3D('',#9026,#7169,#7170);
#5914=AXIS2_PLACEMENT_3D('',#9035,#7173,#7174);
#5915=AXIS2_PLACEMENT_3D('',#9038,#7176,#7177);
#5916=AXIS2_PLACEMENT_3D('',#9041,#7179,#7180);
#5917=AXIS2_PLACEMENT_3D('',#9043,#7182,#7183);
#5918=AXIS2_PLACEMENT_3D('',#9044,#7184,#7185);
#5919=AXIS2_PLACEMENT_3D('',#9053,#7190,#7191);
#5920=AXIS2_PLACEMENT_3D('',#9059,#7195,#7196);
#5921=AXIS2_PLACEMENT_3D('',#9060,#7197,#7198);
#5922=AXIS2_PLACEMENT_3D('',#9064,#7200,#7201);
#5923=AXIS2_PLACEMENT_3D('',#9065,#7202,#7203);
#5924=AXIS2_PLACEMENT_3D('',#9074,#7208,#7209);
#5925=AXIS2_PLACEMENT_3D('',#9080,#7213,#7214);
#5926=AXIS2_PLACEMENT_3D('',#9086,#7218,#7219);
#5927=AXIS2_PLACEMENT_3D('',#9095,#7224,#7225);
#5928=AXIS2_PLACEMENT_3D('',#9101,#7229,#7230);
#5929=AXIS2_PLACEMENT_3D('',#9107,#7234,#7235);
#5930=AXIS2_PLACEMENT_3D('',#9116,#7240,#7241);
#5931=AXIS2_PLACEMENT_3D('',#9122,#7245,#7246);
#5932=AXIS2_PLACEMENT_3D('',#9128,#7250,#7251);
#5933=AXIS2_PLACEMENT_3D('',#9137,#7256,#7257);
#5934=AXIS2_PLACEMENT_3D('',#9143,#7261,#7262);
#5935=AXIS2_PLACEMENT_3D('',#9149,#7266,#7267);
#5936=AXIS2_PLACEMENT_3D('',#9158,#7272,#7273);
#5937=AXIS2_PLACEMENT_3D('',#9164,#7277,#7278);
#5938=AXIS2_PLACEMENT_3D('',#9170,#7282,#7283);
#5939=AXIS2_PLACEMENT_3D('',#9171,#7284,#7285);
#5940=AXIS2_PLACEMENT_3D('',#9172,#7286,#7287);
#5941=AXIS2_PLACEMENT_3D('',#9173,#7288,#7289);
#5942=AXIS2_PLACEMENT_3D('',#9174,#7290,#7291);
#5943=AXIS2_PLACEMENT_3D('',#9175,#7292,#7293);
#5944=AXIS2_PLACEMENT_3D('',#9176,#7294,#7295);
#5945=AXIS2_PLACEMENT_3D('',#9177,#7296,#7297);
#5946=AXIS2_PLACEMENT_3D('',#9178,#7298,#7299);
#5947=AXIS2_PLACEMENT_3D('',#9179,#7300,#7301);
#5948=AXIS2_PLACEMENT_3D('',#9182,#7304,#7305);
#5949=AXIS2_PLACEMENT_3D('',#9185,#7308,#7309);
#5950=AXIS2_PLACEMENT_3D('',#9188,#7312,#7313);
#5951=AXIS2_PLACEMENT_3D('',#9189,#7314,#7315);
#5952=AXIS2_PLACEMENT_3D('',#9192,#7317,#7318);
#5953=AXIS2_PLACEMENT_3D('',#9193,#7319,#7320);
#5954=AXIS2_PLACEMENT_3D('',#9194,#7321,#7322);
#5955=AXIS2_PLACEMENT_3D('',#9195,#7323,#7324);
#5956=AXIS2_PLACEMENT_3D('',#9196,#7325,#7326);
#5957=AXIS2_PLACEMENT_3D('',#9197,#7327,#7328);
#5958=AXIS2_PLACEMENT_3D('',#9198,#7329,#7330);
#5959=AXIS2_PLACEMENT_3D('',#9219,#7331,#7332);
#5960=AXIS2_PLACEMENT_3D('',#9225,#7336,#7337);
#5961=AXIS2_PLACEMENT_3D('',#9227,#7339,#7340);
#5962=AXIS2_PLACEMENT_3D('',#9233,#7344,#7345);
#5963=AXIS2_PLACEMENT_3D('',#9235,#7347,#7348);
#5964=AXIS2_PLACEMENT_3D('',#9236,#7349,#7350);
#5965=AXIS2_PLACEMENT_3D('',#9241,#7354,#7355);
#5966=AXIS2_PLACEMENT_3D('',#9242,#7356,#7357);
#5967=AXIS2_PLACEMENT_3D('',#9244,#7359,#7360);
#5968=AXIS2_PLACEMENT_3D('',#9248,#7363,#7364);
#5969=AXIS2_PLACEMENT_3D('',#9252,#7367,#7368);
#5970=AXIS2_PLACEMENT_3D('',#9255,#7370,#7371);
#5971=AXIS2_PLACEMENT_3D('',#9256,#7372,#7373);
#5972=AXIS2_PLACEMENT_3D('',#9258,#7375,#7376);
#5973=AXIS2_PLACEMENT_3D('',#9261,#7378,#7379);
#5974=AXIS2_PLACEMENT_3D('',#9264,#7381,#7382);
#5975=AXIS2_PLACEMENT_3D('',#9265,#7383,#7384);
#5976=AXIS2_PLACEMENT_3D('',#9267,#7386,#7387);
#5977=AXIS2_PLACEMENT_3D('',#9269,#7389,#7390);
#5978=AXIS2_PLACEMENT_3D('',#9270,#7391,#7392);
#5979=AXIS2_PLACEMENT_3D('',#9274,#7395,#7396);
#5980=AXIS2_PLACEMENT_3D('',#9275,#7397,#7398);
#5981=AXIS2_PLACEMENT_3D('',#9276,#7399,#7400);
#5982=AXIS2_PLACEMENT_3D('',#9280,#7403,#7404);
#5983=AXIS2_PLACEMENT_3D('',#9281,#7405,#7406);
#5984=AXIS2_PLACEMENT_3D('',#9282,#7407,#7408);
#5985=AXIS2_PLACEMENT_3D('',#9283,#7409,#7410);
#5986=AXIS2_PLACEMENT_3D('',#9287,#7412,#7413);
#5987=AXIS2_PLACEMENT_3D('',#9290,#7415,#7416);
#5988=AXIS2_PLACEMENT_3D('',#9299,#7419,#7420);
#5989=AXIS2_PLACEMENT_3D('',#9307,#7425,#7426);
#5990=AXIS2_PLACEMENT_3D('',#9308,#7427,#7428);
#5991=AXIS2_PLACEMENT_3D('',#9311,#7430,#7431);
#5992=AXIS2_PLACEMENT_3D('',#9318,#7432,#7433);
#5993=AXIS2_PLACEMENT_3D('',#9327,#7436,#7437);
#5994=AXIS2_PLACEMENT_3D('',#9328,#7438,#7439);
#5995=AXIS2_PLACEMENT_3D('',#9329,#7440,#7441);
#5996=AXIS2_PLACEMENT_3D('',#9330,#7442,#7443);
#5997=AXIS2_PLACEMENT_3D('',#9339,#7448,#7449);
#5998=AXIS2_PLACEMENT_3D('',#9345,#7453,#7454);
#5999=AXIS2_PLACEMENT_3D('',#9346,#7455,#7456);
#6000=AXIS2_PLACEMENT_3D('',#9350,#7458,#7459);
#6001=AXIS2_PLACEMENT_3D('',#9351,#7460,#7461);
#6002=AXIS2_PLACEMENT_3D('',#9360,#7466,#7467);
#6003=AXIS2_PLACEMENT_3D('',#9361,#7468,#7469);
#6004=AXIS2_PLACEMENT_3D('',#9365,#7471,#7472);
#6005=AXIS2_PLACEMENT_3D('',#9366,#7473,#7474);
#6006=AXIS2_PLACEMENT_3D('',#9372,#7478,#7479);
#6007=AXIS2_PLACEMENT_3D('',#9381,#7484,#7485);
#6008=AXIS2_PLACEMENT_3D('',#9382,#7486,#7487);
#6009=AXIS2_PLACEMENT_3D('',#9386,#7489,#7490);
#6010=AXIS2_PLACEMENT_3D('',#9387,#7491,#7492);
#6011=AXIS2_PLACEMENT_3D('',#9393,#7496,#7497);
#6012=AXIS2_PLACEMENT_3D('',#9402,#7502,#7503);
#6013=AXIS2_PLACEMENT_3D('',#9403,#7504,#7505);
#6014=AXIS2_PLACEMENT_3D('',#9407,#7507,#7508);
#6015=AXIS2_PLACEMENT_3D('',#9408,#7509,#7510);
#6016=AXIS2_PLACEMENT_3D('',#9414,#7514,#7515);
#6017=AXIS2_PLACEMENT_3D('',#9423,#7520,#7521);
#6018=AXIS2_PLACEMENT_3D('',#9429,#7525,#7526);
#6019=AXIS2_PLACEMENT_3D('',#9435,#7530,#7531);
#6020=AXIS2_PLACEMENT_3D('',#9444,#7536,#7537);
#6021=AXIS2_PLACEMENT_3D('',#9450,#7541,#7542);
#6022=AXIS2_PLACEMENT_3D('',#9456,#7546,#7547);
#6023=AXIS2_PLACEMENT_3D('',#9457,#7548,#7549);
#6024=AXIS2_PLACEMENT_3D('',#9458,#7550,#7551);
#6025=AXIS2_PLACEMENT_3D('',#9461,#7554,#7555);
#6026=AXIS2_PLACEMENT_3D('',#9464,#7558,#7559);
#6027=AXIS2_PLACEMENT_3D('',#9467,#7562,#7563);
#6028=AXIS2_PLACEMENT_3D('',#9470,#7566,#7567);
#6029=AXIS2_PLACEMENT_3D('',#9473,#7570,#7571);
#6030=AXIS2_PLACEMENT_3D('',#9476,#7574,#7575);
#6031=AXIS2_PLACEMENT_3D('',#9479,#7577,#7578);
#6032=AXIS2_PLACEMENT_3D('',#9480,#7579,#7580);
#6033=AXIS2_PLACEMENT_3D('',#9481,#7581,#7582);
#6034=AXIS2_PLACEMENT_3D('',#9482,#7583,#7584);
#6035=AXIS2_PLACEMENT_3D('',#9483,#7585,#7586);
#6036=AXIS2_PLACEMENT_3D('',#9484,#7587,#7588);
#6037=AXIS2_PLACEMENT_3D('',#9485,#7589,#7590);
#6038=AXIS2_PLACEMENT_3D('',#9486,#7591,#7592);
#6039=AXIS2_PLACEMENT_3D('',#9488,#7594,#7595);
#6040=AXIS2_PLACEMENT_3D('',#9490,#7597,#7598);
#6041=AXIS2_PLACEMENT_3D('',#9492,#7600,#7601);
#6042=AXIS2_PLACEMENT_3D('',#9496,#7604,#7605);
#6043=AXIS2_PLACEMENT_3D('',#9500,#7608,#7609);
#6044=AXIS2_PLACEMENT_3D('',#9503,#7611,#7612);
#6045=AXIS2_PLACEMENT_3D('',#9504,#7613,#7614);
#6046=AXIS2_PLACEMENT_3D('',#9506,#7616,#7617);
#6047=AXIS2_PLACEMENT_3D('',#9507,#7618,#7619);
#6048=AXIS2_PLACEMENT_3D('',#9512,#7622,#7623);
#6049=AXIS2_PLACEMENT_3D('',#9513,#7624,#7625);
#6050=AXIS2_PLACEMENT_3D('',#9515,#7627,#7628);
#6051=AXIS2_PLACEMENT_3D('',#9517,#7630,#7631);
#6052=AXIS2_PLACEMENT_3D('',#9518,#7632,#7633);
#6053=AXIS2_PLACEMENT_3D('',#9519,#7634,#7635);
#6054=AXIS2_PLACEMENT_3D('',#9520,#7636,#7637);
#6055=AXIS2_PLACEMENT_3D('',#9521,#7638,#7639);
#6056=AXIS2_PLACEMENT_3D('',#9522,#7640,#7641);
#6057=AXIS2_PLACEMENT_3D('',#9523,#7642,#7643);
#6058=AXIS2_PLACEMENT_3D('',#9524,#7644,#7645);
#6059=AXIS2_PLACEMENT_3D('',#9525,#7646,#7647);
#6060=AXIS2_PLACEMENT_3D('',#9526,#7648,#7649);
#6061=AXIS2_PLACEMENT_3D('',#9527,#7650,#7651);
#6062=AXIS2_PLACEMENT_3D('',#9528,#7652,#7653);
#6063=AXIS2_PLACEMENT_3D('',#9529,#7654,#7655);
#6064=AXIS2_PLACEMENT_3D('',#9530,#7656,#7657);
#6065=AXIS2_PLACEMENT_3D('',#9531,#7658,#7659);
#6066=AXIS2_PLACEMENT_3D('',#9532,#7660,#7661);
#6067=AXIS2_PLACEMENT_3D('',#9533,#7662,#7663);
#6068=AXIS2_PLACEMENT_3D('',#9534,#7664,#7665);
#6069=AXIS2_PLACEMENT_3D('',#9535,#7666,#7667);
#6070=AXIS2_PLACEMENT_3D('',#9536,#7668,#7669);
#6071=AXIS2_PLACEMENT_3D('',#9537,#7670,#7671);
#6072=AXIS2_PLACEMENT_3D('',#9538,#7672,#7673);
#6073=AXIS2_PLACEMENT_3D('',#9539,#7674,#7675);
#6074=AXIS2_PLACEMENT_3D('',#9540,#7676,#7677);
#6075=AXIS2_PLACEMENT_3D('',#9541,#7678,#7679);
#6076=AXIS2_PLACEMENT_3D('',#9542,#7680,#7681);
#6077=AXIS2_PLACEMENT_3D('',#9543,#7682,#7683);
#6078=AXIS2_PLACEMENT_3D('',#9544,#7684,#7685);
#6079=AXIS2_PLACEMENT_3D('',#9545,#7686,#7687);
#6080=AXIS2_PLACEMENT_3D('',#9546,#7688,#7689);
#6081=AXIS2_PLACEMENT_3D('',#9547,#7690,#7691);
#6082=AXIS2_PLACEMENT_3D('',#9548,#7692,#7693);
#6083=AXIS2_PLACEMENT_3D('',#9549,#7694,#7695);
#6084=AXIS2_PLACEMENT_3D('',#9550,#7696,#7697);
#6085=AXIS2_PLACEMENT_3D('',#9551,#7698,#7699);
#6086=AXIS2_PLACEMENT_3D('',#9552,#7700,#7701);
#6087=AXIS2_PLACEMENT_3D('',#9553,#7702,#7703);
#6088=AXIS2_PLACEMENT_3D('',#9554,#7704,#7705);
#6089=AXIS2_PLACEMENT_3D('',#9555,#7706,#7707);
#6090=AXIS2_PLACEMENT_3D('',#9556,#7708,#7709);
#6091=AXIS2_PLACEMENT_3D('',#9557,#7710,#7711);
#6092=AXIS2_PLACEMENT_3D('',#9558,#7712,#7713);
#6093=AXIS2_PLACEMENT_3D('',#9559,#7714,#7715);
#6094=AXIS2_PLACEMENT_3D('',#9560,#7716,#7717);
#6095=AXIS2_PLACEMENT_3D('',#9561,#7718,#7719);
#6096=AXIS2_PLACEMENT_3D('',#9562,#7720,#7721);
#6097=AXIS2_PLACEMENT_3D('',#9567,#7722,#7723);
#6098=AXIS2_PLACEMENT_3D('',#9568,#7724,#7725);
#6099=AXIS2_PLACEMENT_3D('',#9573,#7726,#7727);
#6100=DIRECTION('',(0.,0.,1.));
#6101=DIRECTION('',(1.,0.,0.));
#6102=DIRECTION('',(0.,0.,-1.));
#6103=DIRECTION('',(-1.,0.,0.));
#6104=DIRECTION('',(0.,0.,-1.));
#6105=DIRECTION('',(0.,0.,1.));
#6106=DIRECTION('',(1.,0.,0.));
#6107=DIRECTION('',(0.,0.,-1.));
#6108=DIRECTION('',(0.,0.,1.));
#6109=DIRECTION('',(1.,0.,0.));
#6110=DIRECTION('',(0.,0.,-1.));
#6111=DIRECTION('',(-1.,0.,0.));
#6112=DIRECTION('',(0.,0.,1.));
#6113=DIRECTION('',(1.,0.,0.));
#6114=DIRECTION('',(0.,0.,-1.));
#6115=DIRECTION('',(0.,0.,-1.));
#6116=DIRECTION('',(-1.,0.,0.));
#6117=DIRECTION('',(0.,-1.,0.));
#6118=DIRECTION('',(1.,0.,0.));
#6119=DIRECTION('',(0.,0.,1.));
#6120=DIRECTION('',(-1.,0.,-3.67971646419323E-16));
#6121=DIRECTION('',(0.,-1.,0.));
#6122=DIRECTION('',(0.,0.,-1.));
#6123=DIRECTION('',(1.,0.,0.));
#6124=DIRECTION('',(0.,-1.,0.));
#6125=DIRECTION('',(0.,0.,-1.));
#6126=DIRECTION('',(1.,0.,0.));
#6127=DIRECTION('',(0.,0.,-1.));
#6128=DIRECTION('',(-1.,0.,-3.63732341737072E-16));
#6129=DIRECTION('',(0.,0.,1.));
#6130=DIRECTION('',(-1.,0.,0.));
#6131=DIRECTION('',(1.,0.,0.));
#6132=DIRECTION('',(0.,0.,-1.));
#6133=DIRECTION('',(0.,-1.,0.));
#6134=DIRECTION('',(1.,0.,0.));
#6135=DIRECTION('',(0.,0.,-1.));
#6136=DIRECTION('',(0.,0.,-1.));
#6137=DIRECTION('',(0.,-1.,0.));
#6138=DIRECTION('',(0.,0.,-1.));
#6139=DIRECTION('',(0.,0.,-1.));
#6140=DIRECTION('',(1.,0.,0.));
#6141=DIRECTION('',(0.,0.,-1.));
#6142=DIRECTION('',(1.7347234759768E-16,-1.,0.));
#6143=DIRECTION('',(1.,0.,0.));
#6144=DIRECTION('',(0.,0.,-1.));
#6145=DIRECTION('',(0.,0.,-1.));
#6146=DIRECTION('',(1.7347234759768E-16,-1.,0.));
#6147=DIRECTION('',(0.,0.,1.));
#6148=DIRECTION('',(1.,1.85037170770859E-16,0.));
#6149=DIRECTION('',(-1.85037170770859E-16,1.,0.));
#6150=DIRECTION('',(1.85037170770859E-16,-1.,0.));
#6151=DIRECTION('',(0.,0.,-1.));
#6152=DIRECTION('',(1.85037170770859E-16,-1.,0.));
#6153=DIRECTION('',(0.,0.,1.));
#6154=DIRECTION('',(0.,0.,-1.));
#6155=DIRECTION('',(-1.,0.,0.));
#6156=DIRECTION('',(-1.,0.,0.));
#6157=DIRECTION('',(1.,0.,0.));
#6158=DIRECTION('',(0.,0.,-1.));
#6159=DIRECTION('',(-1.,0.,0.));
#6160=DIRECTION('',(0.,-1.,0.));
#6161=DIRECTION('',(1.,0.,0.));
#6162=DIRECTION('',(-1.,0.,0.));
#6163=DIRECTION('',(0.,-1.,0.));
#6164=DIRECTION('',(1.,0.,-3.63732341737072E-16));
#6165=DIRECTION('',(0.,0.,-1.));
#6166=DIRECTION('',(1.,0.,0.));
#6167=DIRECTION('',(0.,0.,-1.));
#6168=DIRECTION('',(-1.,0.,0.));
#6169=DIRECTION('',(1.11849006424316E-16,-1.,0.));
#6170=DIRECTION('',(1.,0.,0.));
#6171=DIRECTION('',(-1.11849006424316E-16,-1.,0.));
#6172=DIRECTION('',(1.,0.,0.));
#6173=DIRECTION('',(0.,0.,-1.));
#6174=DIRECTION('',(0.,-1.,0.));
#6175=DIRECTION('',(0.,0.,-1.));
#6176=DIRECTION('',(0.,0.,-1.));
#6177=DIRECTION('',(0.,0.,1.));
#6178=DIRECTION('',(-1.,0.,0.));
#6179=DIRECTION('',(-1.,0.,0.));
#6180=DIRECTION('',(0.,0.,1.));
#6181=DIRECTION('',(1.,0.,0.));
#6182=DIRECTION('',(-1.46680908375065E-16,-1.,0.));
#6183=DIRECTION('',(-1.,0.,0.));
#6184=DIRECTION('',(0.,-1.,0.));
#6185=DIRECTION('',(0.,-1.,0.));
#6186=DIRECTION('',(1.,0.,0.));
#6187=DIRECTION('',(0.,0.,-1.));
#6188=DIRECTION('',(-1.,0.,0.));
#6189=DIRECTION('',(0.,1.,0.));
#6190=DIRECTION('',(0.,0.,-1.));
#6191=DIRECTION('',(-1.,0.,0.));
#6192=DIRECTION('',(0.,0.,-1.));
#6193=DIRECTION('',(-1.,0.,0.));
#6194=DIRECTION('',(0.,-1.,0.));
#6195=DIRECTION('',(0.,0.,1.));
#6196=DIRECTION('',(1.,0.,0.));
#6197=DIRECTION('',(0.,0.,1.));
#6198=DIRECTION('',(-1.,0.,0.));
#6199=DIRECTION('',(-1.,0.,0.));
#6200=DIRECTION('',(-1.46680908375065E-16,-1.,0.));
#6201=DIRECTION('',(0.,0.,1.));
#6202=DIRECTION('',(1.,0.,0.));
#6203=DIRECTION('',(-1.11849006424316E-16,-1.,0.));
#6204=DIRECTION('',(0.,-1.,0.));
#6205=DIRECTION('',(1.,0.,0.));
#6206=DIRECTION('',(-1.,0.,0.));
#6207=DIRECTION('',(0.,0.,1.));
#6208=DIRECTION('',(1.,0.,0.));
#6209=DIRECTION('',(0.,0.,1.));
#6210=DIRECTION('',(-1.,0.,-3.67971646419323E-16));
#6211=DIRECTION('',(0.,0.,1.));
#6212=DIRECTION('',(-1.,0.,0.));
#6213=DIRECTION('',(0.,0.,1.));
#6214=DIRECTION('',(0.,0.,-1.));
#6215=DIRECTION('',(-1.,0.,0.));
#6216=DIRECTION('',(1.,0.,0.));
#6217=DIRECTION('',(0.,-1.,0.));
#6218=DIRECTION('',(0.,1.,0.));
#6219=DIRECTION('',(0.,0.,-1.));
#6220=DIRECTION('',(-1.,0.,0.));
#6221=DIRECTION('',(1.,1.85037170770859E-16,0.));
#6222=DIRECTION('',(-1.85037170770859E-16,1.,0.));
#6223=DIRECTION('',(0.,0.,-1.));
#6224=DIRECTION('',(1.85037170770859E-16,-1.,0.));
#6225=DIRECTION('',(0.,0.,1.));
#6226=DIRECTION('',(1.85037170770859E-16,-1.,0.));
#6227=DIRECTION('',(1.,0.,0.));
#6228=DIRECTION('',(0.,0.,-1.));
#6229=DIRECTION('',(0.,0.,-1.));
#6230=DIRECTION('',(0.,-1.,0.));
#6231=DIRECTION('',(0.,0.,1.));
#6232=DIRECTION('',(1.7347234759768E-16,-1.,0.));
#6233=DIRECTION('',(0.,0.,-1.));
#6234=DIRECTION('',(1.7347234759768E-16,-1.,0.));
#6235=DIRECTION('',(1.,0.,0.));
#6236=DIRECTION('',(0.,0.,-1.));
#6237=DIRECTION('',(0.,0.,-1.));
#6238=DIRECTION('',(0.,-1.,0.));
#6239=DIRECTION('',(0.,0.,-1.));
#6240=DIRECTION('',(1.,0.,0.));
#6241=DIRECTION('',(0.,-1.,0.));
#6242=DIRECTION('',(-1.,0.,0.));
#6243=DIRECTION('',(0.,0.,1.));
#6244=DIRECTION('',(1.,0.,0.));
#6245=DIRECTION('',(0.,1.,0.));
#6246=DIRECTION('',(0.,0.,1.));
#6247=DIRECTION('',(1.,0.,0.));
#6248=DIRECTION('',(1.,0.,0.));
#6249=DIRECTION('',(0.,0.,-1.));
#6250=DIRECTION('',(0.,0.,-1.));
#6251=DIRECTION('',(0.,-1.,0.));
#6252=DIRECTION('',(0.,0.,-1.));
#6253=DIRECTION('',(0.,0.,-1.));
#6254=DIRECTION('',(0.,-1.,0.));
#6255=DIRECTION('',(0.,0.,-1.));
#6256=DIRECTION('',(-1.,0.,0.));
#6257=DIRECTION('',(0.,0.,-1.));
#6258=DIRECTION('',(0.,0.,1.));
#6259=DIRECTION('',(1.,0.,0.));
#6260=DIRECTION('',(0.,0.,1.));
#6261=DIRECTION('',(1.,0.,0.));
#6262=DIRECTION('',(1.,0.,0.));
#6263=DIRECTION('',(0.,0.,-1.));
#6264=DIRECTION('',(0.,0.,1.));
#6265=DIRECTION('',(0.,-1.,0.));
#6266=DIRECTION('',(0.,0.,-1.));
#6267=DIRECTION('',(0.,-1.,0.));
#6268=DIRECTION('',(0.,0.,-1.));
#6269=DIRECTION('',(1.,0.,0.));
#6270=DIRECTION('',(0.,0.,-1.));
#6271=DIRECTION('',(-1.7347234759768E-16,-1.,0.));
#6272=DIRECTION('',(0.,0.,-1.));
#6273=DIRECTION('',(-1.7347234759768E-16,-1.,0.));
#6274=DIRECTION('',(0.,0.,1.));
#6275=DIRECTION('',(1.,0.,0.));
#6276=DIRECTION('',(0.,0.,-1.));
#6277=DIRECTION('',(-1.,0.,0.));
#6278=DIRECTION('',(0.,0.,-1.));
#6279=DIRECTION('',(0.,0.,1.));
#6280=DIRECTION('',(1.,0.,0.));
#6281=DIRECTION('',(0.,0.,1.));
#6282=DIRECTION('',(0.,0.,-1.));
#6283=DIRECTION('',(-1.,0.,0.));
#6284=DIRECTION('',(0.,0.,1.));
#6285=DIRECTION('',(0.,0.,1.));
#6286=DIRECTION('',(1.,0.,0.));
#6287=DIRECTION('',(0.,0.,1.));
#6288=DIRECTION('',(1.,0.,0.));
#6289=DIRECTION('',(1.,0.,0.));
#6290=DIRECTION('',(0.,0.,-1.));
#6291=DIRECTION('',(0.,0.,-1.));
#6292=DIRECTION('',(1.,0.,0.));
#6293=DIRECTION('',(0.,0.,-1.));
#6294=DIRECTION('',(-1.7347234759768E-16,-1.,0.));
#6295=DIRECTION('',(0.,0.,-1.));
#6296=DIRECTION('',(-1.7347234759768E-16,-1.,0.));
#6297=DIRECTION('',(0.,0.,-1.));
#6298=DIRECTION('',(1.,0.,0.));
#6299=DIRECTION('',(1.,0.,0.));
#6300=DIRECTION('',(-1.,0.,0.));
#6301=DIRECTION('',(-1.85037170770859E-16,-1.,0.));
#6302=DIRECTION('',(1.,-1.85037170770859E-16,0.));
#6303=DIRECTION('',(1.85037170770859E-16,1.,0.));
#6304=DIRECTION('',(0.,0.,-1.));
#6305=DIRECTION('',(0.,0.,-1.));
#6306=DIRECTION('',(-1.85037170770859E-16,-1.,0.));
#6307=DIRECTION('',(0.,0.,-1.));
#6308=DIRECTION('',(1.,0.,0.));
#6309=DIRECTION('',(-1.,0.,0.));
#6310=DIRECTION('',(0.,-1.,0.));
#6311=DIRECTION('',(0.,-1.,0.));
#6312=DIRECTION('',(1.,0.,0.));
#6313=DIRECTION('',(1.,0.,0.));
#6314=DIRECTION('',(0.,0.,-1.));
#6315=DIRECTION('',(0.,-1.,0.));
#6316=DIRECTION('',(0.,0.,-1.));
#6317=DIRECTION('',(0.,0.,1.));
#6318=DIRECTION('',(1.,0.,0.));
#6319=DIRECTION('',(0.,-1.,0.));
#6320=DIRECTION('',(0.,-1.,0.));
#6321=DIRECTION('',(1.46680908375065E-16,-1.,0.));
#6322=DIRECTION('',(0.,0.,-1.));
#6323=DIRECTION('',(-1.,0.,0.));
#6324=DIRECTION('',(0.,-1.,0.));
#6325=DIRECTION('',(1.,0.,0.));
#6326=DIRECTION('',(0.,0.,1.));
#6327=DIRECTION('',(1.,0.,0.));
#6328=DIRECTION('',(0.,-1.,0.));
#6329=DIRECTION('',(0.,0.,1.));
#6330=DIRECTION('',(1.,0.,0.));
#6331=DIRECTION('',(0.,1.,0.));
#6332=DIRECTION('',(0.,0.,1.));
#6333=DIRECTION('',(1.,0.,0.));
#6334=DIRECTION('',(-1.,0.,0.));
#6335=DIRECTION('',(0.,0.,1.));
#6336=DIRECTION('',(1.,0.,0.));
#6337=DIRECTION('',(0.,0.,-1.));
#6338=DIRECTION('',(-1.,0.,0.));
#6339=DIRECTION('',(1.46680908375065E-16,-1.,0.));
#6340=DIRECTION('',(1.11849006424316E-16,-1.,0.));
#6341=DIRECTION('',(0.,0.,1.));
#6342=DIRECTION('',(1.,0.,0.));
#6343=DIRECTION('',(0.,0.,-1.));
#6344=DIRECTION('',(-1.,0.,0.));
#6345=DIRECTION('',(0.,0.,1.));
#6346=DIRECTION('',(1.,0.,0.));
#6347=DIRECTION('',(0.,0.,-1.));
#6348=DIRECTION('',(1.,0.,0.));
#6349=DIRECTION('',(-1.,0.,0.));
#6350=DIRECTION('',(0.,0.,1.));
#6351=DIRECTION('',(1.,0.,0.));
#6352=DIRECTION('',(0.,1.,0.));
#6353=DIRECTION('',(0.,0.,1.));
#6354=DIRECTION('',(1.,0.,0.));
#6355=DIRECTION('',(0.,0.,-1.));
#6356=DIRECTION('',(-1.,0.,0.));
#6357=DIRECTION('',(0.,0.,1.));
#6358=DIRECTION('',(0.,0.,1.));
#6359=DIRECTION('',(1.,0.,0.));
#6360=DIRECTION('',(0.,0.,1.));
#6361=DIRECTION('',(0.,0.,1.));
#6362=DIRECTION('',(1.,0.,0.));
#6363=DIRECTION('',(0.,0.,-1.));
#6364=DIRECTION('',(-1.,0.,0.));
#6365=DIRECTION('',(0.,0.,1.));
#6366=DIRECTION('',(0.,0.,1.));
#6367=DIRECTION('',(1.,0.,0.));
#6368=DIRECTION('',(0.,0.,1.));
#6369=DIRECTION('',(0.,0.,1.));
#6370=DIRECTION('',(1.,0.,0.));
#6371=DIRECTION('',(0.,0.,1.));
#6372=DIRECTION('',(1.,0.,0.));
#6373=DIRECTION('',(0.,0.,1.));
#6374=DIRECTION('',(0.,0.,-1.));
#6375=DIRECTION('',(-1.,0.,0.));
#6376=DIRECTION('',(0.,0.,1.));
#6377=DIRECTION('',(0.,0.,-1.));
#6378=DIRECTION('',(-1.,0.,0.));
#6379=DIRECTION('',(0.,0.,-1.));
#6380=DIRECTION('',(-6.12323399573677E-17,1.,0.));
#6381=DIRECTION('',(0.,0.,-1.));
#6382=DIRECTION('',(-1.,0.,0.));
#6383=DIRECTION('',(0.,0.,-1.));
#6384=DIRECTION('',(-1.,0.,0.));
#6385=DIRECTION('',(0.,0.,-1.));
#6386=DIRECTION('',(-1.,0.,0.));
#6387=DIRECTION('',(0.,0.,-1.));
#6388=DIRECTION('',(-1.,0.,0.));
#6389=DIRECTION('',(0.,0.,-1.));
#6390=DIRECTION('',(1.83697019872103E-16,-1.,0.));
#6391=DIRECTION('',(0.,0.,1.));
#6392=DIRECTION('',(1.,0.,0.));
#6393=DIRECTION('',(0.,0.,-1.));
#6394=DIRECTION('',(-1.,0.,0.));
#6395=DIRECTION('',(0.,0.,-1.));
#6396=DIRECTION('',(-1.,0.,0.));
#6397=DIRECTION('',(0.,0.,-1.));
#6398=DIRECTION('',(-1.,0.,0.));
#6399=DIRECTION('',(0.,0.,-1.));
#6400=DIRECTION('',(-6.12323399573677E-17,1.,0.));
#6401=DIRECTION('',(0.,0.,-1.));
#6402=DIRECTION('',(1.,1.22464679914735E-16,0.));
#6403=DIRECTION('',(0.,0.,1.));
#6404=DIRECTION('',(1.,0.,0.));
#6405=DIRECTION('',(0.,0.,-1.));
#6406=DIRECTION('',(-1.,0.,0.));
#6407=DIRECTION('',(0.,0.,1.));
#6408=DIRECTION('',(0.,0.,1.));
#6409=DIRECTION('',(1.,0.,0.));
#6410=DIRECTION('',(0.,0.,1.));
#6411=DIRECTION('',(0.,0.,1.));
#6412=DIRECTION('',(1.,0.,0.));
#6413=DIRECTION('',(0.,0.,-1.));
#6414=DIRECTION('',(-1.,0.,0.));
#6415=DIRECTION('',(0.,0.,1.));
#6416=DIRECTION('',(0.,0.,1.));
#6417=DIRECTION('',(1.,0.,0.));
#6418=DIRECTION('',(0.,0.,1.));
#6419=DIRECTION('',(0.,0.,1.));
#6420=DIRECTION('',(1.,0.,0.));
#6421=DIRECTION('',(0.,0.,1.));
#6422=DIRECTION('',(1.,0.,0.));
#6423=DIRECTION('',(0.,0.,1.));
#6424=DIRECTION('',(0.,0.,-1.));
#6425=DIRECTION('',(-1.,0.,0.));
#6426=DIRECTION('',(0.,0.,1.));
#6427=DIRECTION('',(0.,0.,-1.));
#6428=DIRECTION('',(-1.,0.,0.));
#6429=DIRECTION('',(0.,0.,-1.));
#6430=DIRECTION('',(-6.12323399573677E-17,1.,0.));
#6431=DIRECTION('',(0.,0.,-1.));
#6432=DIRECTION('',(-1.,0.,0.));
#6433=DIRECTION('',(0.,0.,-1.));
#6434=DIRECTION('',(-1.,0.,0.));
#6435=DIRECTION('',(0.,0.,-1.));
#6436=DIRECTION('',(-1.,0.,0.));
#6437=DIRECTION('',(0.,0.,-1.));
#6438=DIRECTION('',(-1.,0.,0.));
#6439=DIRECTION('',(0.,0.,-1.));
#6440=DIRECTION('',(1.83697019872103E-16,-1.,0.));
#6441=DIRECTION('',(0.,0.,1.));
#6442=DIRECTION('',(1.,0.,0.));
#6443=DIRECTION('',(0.,0.,-1.));
#6444=DIRECTION('',(-1.,0.,0.));
#6445=DIRECTION('',(0.,0.,-1.));
#6446=DIRECTION('',(-1.,0.,0.));
#6447=DIRECTION('',(0.,0.,-1.));
#6448=DIRECTION('',(-1.,0.,0.));
#6449=DIRECTION('',(0.,0.,-1.));
#6450=DIRECTION('',(-6.12323399573677E-17,1.,0.));
#6451=DIRECTION('',(0.,0.,-1.));
#6452=DIRECTION('',(1.,1.22464679914735E-16,0.));
#6453=DIRECTION('',(0.,0.,1.));
#6454=DIRECTION('',(1.,0.,0.));
#6455=DIRECTION('',(0.,0.,1.));
#6456=DIRECTION('',(0.,0.,-1.));
#6457=DIRECTION('',(-1.,0.,0.));
#6458=DIRECTION('',(0.,0.,1.));
#6459=DIRECTION('',(0.,0.,1.));
#6460=DIRECTION('',(1.,0.,0.));
#6461=DIRECTION('',(0.,0.,1.));
#6462=DIRECTION('',(1.,0.,0.));
#6463=DIRECTION('',(0.,0.,-1.));
#6464=DIRECTION('',(-1.,0.,0.));
#6465=DIRECTION('',(0.,0.,1.));
#6466=DIRECTION('',(0.,0.,1.));
#6467=DIRECTION('',(1.,0.,0.));
#6468=DIRECTION('',(0.,0.,1.));
#6469=DIRECTION('',(0.,0.,1.));
#6470=DIRECTION('',(1.,0.,0.));
#6471=DIRECTION('',(0.,0.,-1.));
#6472=DIRECTION('',(-1.,0.,0.));
#6473=DIRECTION('',(0.,0.,1.));
#6474=DIRECTION('',(0.,0.,1.));
#6475=DIRECTION('',(1.,0.,0.));
#6476=DIRECTION('',(0.,0.,1.));
#6477=DIRECTION('',(0.,0.,-1.));
#6478=DIRECTION('',(-1.,0.,0.));
#6479=DIRECTION('',(0.,0.,1.));
#6480=DIRECTION('',(1.,0.,0.));
#6481=DIRECTION('',(0.,0.,-1.));
#6482=DIRECTION('',(-6.12323399573677E-17,1.,0.));
#6483=DIRECTION('',(0.,0.,-1.));
#6484=DIRECTION('',(-1.,0.,0.));
#6485=DIRECTION('',(0.,0.,-1.));
#6486=DIRECTION('',(-1.,0.,0.));
#6487=DIRECTION('',(0.,0.,-1.));
#6488=DIRECTION('',(-1.,0.,0.));
#6489=DIRECTION('',(0.,0.,-1.));
#6490=DIRECTION('',(-1.,0.,0.));
#6491=DIRECTION('',(0.,0.,-1.));
#6492=DIRECTION('',(1.83697019872103E-16,-1.,0.));
#6493=DIRECTION('',(0.,0.,-1.));
#6494=DIRECTION('',(-1.,0.,0.));
#6495=DIRECTION('',(0.,0.,-1.));
#6496=DIRECTION('',(-1.,0.,0.));
#6497=DIRECTION('',(0.,0.,-1.));
#6498=DIRECTION('',(-1.,0.,0.));
#6499=DIRECTION('',(0.,0.,-1.));
#6500=DIRECTION('',(-6.12323399573677E-17,1.,0.));
#6501=DIRECTION('',(0.,0.,-1.));
#6502=DIRECTION('',(1.,1.22464679914735E-16,0.));
#6503=DIRECTION('',(0.,0.,1.));
#6504=DIRECTION('',(1.,0.,0.));
#6505=DIRECTION('',(0.,0.,1.));
#6506=DIRECTION('',(0.,0.,-1.));
#6507=DIRECTION('',(-1.,0.,0.));
#6508=DIRECTION('',(0.,0.,1.));
#6509=DIRECTION('',(0.,0.,1.));
#6510=DIRECTION('',(1.,0.,0.));
#6511=DIRECTION('',(0.,0.,1.));
#6512=DIRECTION('',(1.,0.,0.));
#6513=DIRECTION('',(0.,0.,-1.));
#6514=DIRECTION('',(-1.,0.,0.));
#6515=DIRECTION('',(0.,0.,1.));
#6516=DIRECTION('',(0.,0.,1.));
#6517=DIRECTION('',(1.,0.,0.));
#6518=DIRECTION('',(0.,0.,1.));
#6519=DIRECTION('',(0.,0.,1.));
#6520=DIRECTION('',(1.,0.,0.));
#6521=DIRECTION('',(0.,0.,-1.));
#6522=DIRECTION('',(-1.,0.,0.));
#6523=DIRECTION('',(0.,0.,1.));
#6524=DIRECTION('',(0.,0.,1.));
#6525=DIRECTION('',(1.,0.,0.));
#6526=DIRECTION('',(0.,0.,1.));
#6527=DIRECTION('',(0.,0.,-1.));
#6528=DIRECTION('',(-1.,0.,0.));
#6529=DIRECTION('',(0.,0.,-1.));
#6530=DIRECTION('',(-1.,0.,0.));
#6531=DIRECTION('',(0.,0.,-1.));
#6532=DIRECTION('',(-1.,0.,0.));
#6533=DIRECTION('',(0.,0.,-1.));
#6534=DIRECTION('',(-1.,0.,0.));
#6535=DIRECTION('',(0.,0.,-1.));
#6536=DIRECTION('',(-1.,0.,0.));
#6537=DIRECTION('',(0.,0.,-1.));
#6538=DIRECTION('',(-1.,0.,0.));
#6539=DIRECTION('',(0.,0.,-1.));
#6540=DIRECTION('',(-1.,0.,0.));
#6541=DIRECTION('',(0.,0.,-1.));
#6542=DIRECTION('',(-1.,0.,0.));
#6543=DIRECTION('',(0.,0.,-1.));
#6544=DIRECTION('',(-1.,0.,0.));
#6545=DIRECTION('',(0.,0.,-1.));
#6546=DIRECTION('',(-1.,0.,0.));
#6547=DIRECTION('',(0.,0.,-1.));
#6548=DIRECTION('',(-1.,0.,0.));
#6549=DIRECTION('',(0.,0.,-1.));
#6550=DIRECTION('',(-1.,0.,0.));
#6551=DIRECTION('',(0.,0.,-1.));
#6552=DIRECTION('',(-1.,0.,0.));
#6553=DIRECTION('',(0.,0.,-1.));
#6554=DIRECTION('',(-1.,0.,0.));
#6555=DIRECTION('',(0.,0.,-1.));
#6556=DIRECTION('',(-1.,0.,0.));
#6557=DIRECTION('',(0.,0.,-1.));
#6558=DIRECTION('',(-1.,0.,0.));
#6559=DIRECTION('',(0.,0.,-1.));
#6560=DIRECTION('',(-1.,0.,0.));
#6561=DIRECTION('',(0.,0.,-1.));
#6562=DIRECTION('',(-1.,0.,0.));
#6563=DIRECTION('',(0.,0.,-1.));
#6564=DIRECTION('',(-1.,0.,0.));
#6565=DIRECTION('',(0.,0.,-1.));
#6566=DIRECTION('',(-1.,0.,0.));
#6567=DIRECTION('',(0.,0.,-1.));
#6568=DIRECTION('',(-1.,0.,0.));
#6569=DIRECTION('',(0.,0.,-1.));
#6570=DIRECTION('',(-1.,0.,0.));
#6571=DIRECTION('',(0.,0.,1.));
#6572=DIRECTION('',(1.,0.,0.));
#6573=DIRECTION('',(0.,0.,-1.));
#6574=DIRECTION('',(1.83697019872103E-16,-1.,0.));
#6575=DIRECTION('',(0.,0.,-1.));
#6576=DIRECTION('',(1.,1.22464679914735E-16,0.));
#6577=DIRECTION('',(0.,0.,-1.));
#6578=DIRECTION('',(-6.12323399573677E-17,1.,0.));
#6579=DIRECTION('',(0.,0.,-1.));
#6580=DIRECTION('',(-1.,0.,0.));
#6581=DIRECTION('',(0.,0.,1.));
#6582=DIRECTION('',(1.,0.,0.));
#6583=DIRECTION('',(0.,0.,1.));
#6584=DIRECTION('',(0.,0.,1.));
#6585=DIRECTION('',(0.,0.,-1.));
#6586=DIRECTION('',(-1.,0.,0.));
#6587=DIRECTION('',(0.,0.,-1.));
#6588=DIRECTION('',(1.83697019872103E-16,-1.,0.));
#6589=DIRECTION('',(0.,0.,-1.));
#6590=DIRECTION('',(-1.,0.,0.));
#6591=DIRECTION('',(0.,0.,-1.));
#6592=DIRECTION('',(1.,1.22464679914735E-16,0.));
#6593=DIRECTION('',(0.,0.,1.));
#6594=DIRECTION('',(1.,0.,0.));
#6595=DIRECTION('',(0.,0.,1.));
#6596=DIRECTION('',(0.,0.,1.));
#6597=DIRECTION('',(0.,0.,-1.));
#6598=DIRECTION('',(-1.,0.,0.));
#6599=DIRECTION('',(0.,0.,-1.));
#6600=DIRECTION('',(1.83697019872103E-16,-1.,0.));
#6601=DIRECTION('',(0.,0.,-1.));
#6602=DIRECTION('',(1.,1.22464679914735E-16,0.));
#6603=DIRECTION('',(0.,0.,1.));
#6604=DIRECTION('',(1.,0.,0.));
#6605=DIRECTION('',(0.,0.,-1.));
#6606=DIRECTION('',(-1.,0.,0.));
#6607=DIRECTION('',(0.,0.,1.));
#6608=DIRECTION('',(0.,0.,1.));
#6609=DIRECTION('',(0.,0.,-1.));
#6610=DIRECTION('',(-1.,0.,0.));
#6611=DIRECTION('',(0.,0.,-1.));
#6612=DIRECTION('',(1.83697019872103E-16,-1.,0.));
#6613=DIRECTION('',(0.,0.,-1.));
#6614=DIRECTION('',(1.,1.22464679914735E-16,0.));
#6615=DIRECTION('',(0.,0.,1.));
#6616=DIRECTION('',(1.,0.,0.));
#6617=DIRECTION('',(0.,0.,-1.));
#6618=DIRECTION('',(-1.,0.,0.));
#6619=DIRECTION('',(0.,0.,1.));
#6620=DIRECTION('',(0.,0.,1.));
#6621=DIRECTION('',(1.,0.,0.));
#6622=DIRECTION('',(0.,0.,1.));
#6623=DIRECTION('',(0.,0.,-1.));
#6624=DIRECTION('',(-1.,0.,0.));
#6625=DIRECTION('',(0.,0.,-1.));
#6626=DIRECTION('',(-1.,0.,0.));
#6627=DIRECTION('',(0.,0.,-1.));
#6628=DIRECTION('',(1.83697019872103E-16,-1.,0.));
#6629=DIRECTION('',(0.,0.,-1.));
#6630=DIRECTION('',(-1.,0.,0.));
#6631=DIRECTION('',(0.,0.,-1.));
#6632=DIRECTION('',(-6.12323399573677E-17,1.,0.));
#6633=DIRECTION('',(0.,0.,-1.));
#6634=DIRECTION('',(1.,1.22464679914735E-16,0.));
#6635=DIRECTION('',(0.,0.,-1.));
#6636=DIRECTION('',(-1.,0.,0.));
#6637=DIRECTION('',(0.,0.,-1.));
#6638=DIRECTION('',(-1.,0.,0.));
#6639=DIRECTION('',(0.,0.,-1.));
#6640=DIRECTION('',(-1.,0.,0.));
#6641=DIRECTION('',(0.,0.,1.));
#6642=DIRECTION('',(1.,0.,0.));
#6643=DIRECTION('',(0.,0.,1.));
#6644=DIRECTION('',(1.,0.,0.));
#6645=DIRECTION('',(0.,0.,1.));
#6646=DIRECTION('',(1.,0.,0.));
#6647=DIRECTION('',(0.,0.,1.));
#6648=DIRECTION('',(1.,0.,0.));
#6649=DIRECTION('',(0.,0.,1.));
#6650=DIRECTION('',(1.,0.,0.));
#6651=DIRECTION('',(0.,0.,1.));
#6652=DIRECTION('',(1.,0.,0.));
#6653=DIRECTION('',(0.,0.,1.));
#6654=DIRECTION('',(1.,0.,0.));
#6655=DIRECTION('',(0.,0.,-1.));
#6656=DIRECTION('',(-1.,0.,0.));
#6657=DIRECTION('',(0.,0.,-1.));
#6658=DIRECTION('',(-1.,0.,0.));
#6659=DIRECTION('',(0.,0.,1.));
#6660=DIRECTION('',(1.,0.,0.));
#6661=DIRECTION('',(0.,0.,-1.));
#6662=DIRECTION('',(-1.,0.,0.));
#6663=DIRECTION('',(0.,0.,-1.));
#6664=DIRECTION('',(-1.,0.,0.));
#6665=DIRECTION('',(0.,0.,-1.));
#6666=DIRECTION('',(-1.,0.,0.));
#6667=DIRECTION('',(0.,0.,-1.));
#6668=DIRECTION('',(-1.,0.,0.));
#6669=DIRECTION('',(0.,0.,1.));
#6670=DIRECTION('',(1.,0.,0.));
#6671=DIRECTION('',(0.,0.,-1.));
#6672=DIRECTION('',(0.,0.,-1.));
#6673=DIRECTION('',(0.,0.,1.));
#6674=DIRECTION('',(1.,0.,0.));
#6675=DIRECTION('',(0.,0.,-1.));
#6676=DIRECTION('',(0.,0.,1.));
#6677=DIRECTION('',(1.,0.,0.));
#6678=DIRECTION('',(0.,0.,-1.));
#6679=DIRECTION('',(0.,0.,1.));
#6680=DIRECTION('',(1.,0.,0.));
#6681=DIRECTION('',(0.,0.,-1.));
#6682=DIRECTION('',(0.,0.,1.));
#6683=DIRECTION('',(1.,0.,0.));
#6684=DIRECTION('',(0.,0.,-1.));
#6685=DIRECTION('',(0.,0.,1.));
#6686=DIRECTION('',(1.,0.,0.));
#6687=DIRECTION('',(0.,0.,-1.));
#6688=DIRECTION('',(0.,0.,-1.));
#6689=DIRECTION('',(-1.,0.,0.));
#6690=DIRECTION('',(0.,0.,-1.));
#6691=DIRECTION('',(0.,0.,-1.));
#6692=DIRECTION('',(-1.,0.,0.));
#6693=DIRECTION('',(0.,0.,-1.));
#6694=DIRECTION('',(0.,0.,-1.));
#6695=DIRECTION('',(-1.,0.,0.));
#6696=DIRECTION('',(0.,0.,-1.));
#6697=DIRECTION('',(0.,0.,-1.));
#6698=DIRECTION('',(-1.,0.,0.));
#6699=DIRECTION('',(0.965925826289068,0.258819045102521,0.));
#6700=DIRECTION('',(-0.258819045102521,0.965925826289068,0.));
#6701=DIRECTION('',(0.258819045102521,-0.965925826289068,0.));
#6702=DIRECTION('',(0.,0.,-1.));
#6703=DIRECTION('',(0.258819045102521,-0.965925826289068,0.));
#6704=DIRECTION('',(0.,0.,-1.));
#6705=DIRECTION('',(-1.,0.,0.));
#6706=DIRECTION('',(0.,0.,1.));
#6707=DIRECTION('',(1.,0.,0.));
#6708=DIRECTION('',(0.,0.,-1.));
#6709=DIRECTION('',(0.,0.,1.));
#6710=DIRECTION('',(1.,0.,0.));
#6711=DIRECTION('',(0.,0.,-1.));
#6712=DIRECTION('',(0.,0.,1.));
#6713=DIRECTION('',(1.,0.,0.));
#6714=DIRECTION('',(0.,0.,-1.));
#6715=DIRECTION('',(0.,0.,1.));
#6716=DIRECTION('',(1.,0.,0.));
#6717=DIRECTION('',(0.,0.,-1.));
#6718=DIRECTION('',(0.,0.,-1.));
#6719=DIRECTION('',(-1.,0.,0.));
#6720=DIRECTION('',(0.,0.,-1.));
#6721=DIRECTION('',(-1.,0.,0.));
#6722=DIRECTION('',(0.,0.,-1.));
#6723=DIRECTION('',(0.,0.,-1.));
#6724=DIRECTION('',(-1.,0.,0.));
#6725=DIRECTION('',(0.,0.,-1.));
#6726=DIRECTION('',(0.,0.,-1.));
#6727=DIRECTION('',(-1.,0.,0.));
#6728=DIRECTION('',(0.,0.,-1.));
#6729=DIRECTION('',(0.,0.,-1.));
#6730=DIRECTION('',(-1.,0.,0.));
#6731=DIRECTION('',(0.,0.,1.));
#6732=DIRECTION('',(1.,0.,0.));
#6733=DIRECTION('',(-0.258819045102521,-0.965925826289068,0.));
#6734=DIRECTION('',(0.866025403769167,0.500000000026452,0.));
#6735=DIRECTION('',(-0.500000000026452,0.866025403769167,0.));
#6736=DIRECTION('',(0.500000000026452,-0.866025403769167,0.));
#6737=DIRECTION('',(0.500000000026452,-0.866025403769167,0.));
#6738=DIRECTION('',(0.,0.,1.));
#6739=DIRECTION('',(1.,0.,0.));
#6740=DIRECTION('',(0.70710678116495,0.707106781208145,0.));
#6741=DIRECTION('',(-0.707106781208145,0.70710678116495,0.));
#6742=DIRECTION('',(0.707106781208145,-0.70710678116495,0.));
#6743=DIRECTION('',(0.707106781208145,-0.70710678116495,0.));
#6744=DIRECTION('',(0.,0.,1.));
#6745=DIRECTION('',(1.,0.,0.));
#6746=DIRECTION('',(-0.499999999973548,-0.866025403799711,0.));
#6747=DIRECTION('',(0.866025403799711,-0.499999999973548,0.));
#6748=DIRECTION('',(-0.866025403799711,0.499999999973548,0.));
#6749=DIRECTION('',(-0.866025403799711,0.499999999973548,0.));
#6750=DIRECTION('',(0.,0.,1.));
#6751=DIRECTION('',(1.,0.,0.));
#6752=DIRECTION('',(0.,0.,1.));
#6753=DIRECTION('',(1.,0.,0.));
#6754=DIRECTION('',(0.965925826289068,-0.258819045102521,0.));
#6755=DIRECTION('',(0.258819045102521,0.965925826289068,0.));
#6756=DIRECTION('',(-0.258819045102521,-0.965925826289068,0.));
#6757=DIRECTION('',(0.866025403769167,-0.500000000026452,0.));
#6758=DIRECTION('',(0.500000000026452,0.866025403769167,0.));
#6759=DIRECTION('',(-0.500000000026452,-0.866025403769167,0.));
#6760=DIRECTION('',(-0.500000000026452,-0.866025403769167,0.));
#6761=DIRECTION('',(0.,0.,1.));
#6762=DIRECTION('',(-1.,0.,0.));
#6763=DIRECTION('',(0.70710678116495,-0.707106781208145,0.));
#6764=DIRECTION('',(0.707106781208145,0.70710678116495,0.));
#6765=DIRECTION('',(-0.707106781208145,-0.70710678116495,0.));
#6766=DIRECTION('',(-0.707106781208145,-0.70710678116495,0.));
#6767=DIRECTION('',(0.,0.,1.));
#6768=DIRECTION('',(-1.,0.,0.));
#6769=DIRECTION('',(-0.499999999973548,0.866025403799711,0.));
#6770=DIRECTION('',(-0.866025403799711,-0.499999999973548,0.));
#6771=DIRECTION('',(0.866025403799711,0.499999999973548,0.));
#6772=DIRECTION('',(0.866025403799711,0.499999999973548,0.));
#6773=DIRECTION('',(0.,0.,1.));
#6774=DIRECTION('',(-1.,0.,0.));
#6775=DIRECTION('',(0.,0.,1.));
#6776=DIRECTION('',(-1.,0.,0.));
#6777=DIRECTION('',(0.,0.,1.));
#6778=DIRECTION('',(1.,1.22464679914735E-16,0.));
#6779=DIRECTION('',(0.,0.,1.));
#6780=DIRECTION('',(-1.,-1.22464679914735E-16,0.));
#6781=DIRECTION('',(0.,0.,-1.));
#6782=DIRECTION('',(1.,1.22464679914735E-16,0.));
#6783=DIRECTION('',(-0.866025403799711,-0.499999999973548,0.));
#6784=DIRECTION('',(0.499999999973548,-0.866025403799711,0.));
#6785=DIRECTION('',(0.866025403799711,0.499999999973548,0.));
#6786=DIRECTION('',(0.,0.,-1.));
#6787=DIRECTION('',(0.,0.,-1.));
#6788=DIRECTION('',(-0.866025403799711,-0.499999999973548,0.));
#6789=DIRECTION('',(0.,0.,1.));
#6790=DIRECTION('',(1.,1.22464679914735E-16,0.));
#6791=DIRECTION('',(0.707106781208145,0.70710678116495,0.));
#6792=DIRECTION('',(0.,0.,1.));
#6793=DIRECTION('',(-1.,-1.22464679914735E-16,0.));
#6794=DIRECTION('',(0.,0.,-1.));
#6795=DIRECTION('',(1.,1.22464679914735E-16,0.));
#6796=DIRECTION('',(-0.70710678116495,0.707106781208145,0.));
#6797=DIRECTION('',(-0.707106781208145,-0.70710678116495,0.));
#6798=DIRECTION('',(0.,0.,-1.));
#6799=DIRECTION('',(0.707106781208145,0.70710678116495,0.));
#6800=DIRECTION('',(0.,0.,-1.));
#6801=DIRECTION('',(0.,0.,1.));
#6802=DIRECTION('',(1.,1.22464679914735E-16,0.));
#6803=DIRECTION('',(0.500000000026452,0.866025403769167,0.));
#6804=DIRECTION('',(0.,0.,1.));
#6805=DIRECTION('',(-1.,-1.22464679914735E-16,0.));
#6806=DIRECTION('',(0.,0.,-1.));
#6807=DIRECTION('',(1.,1.22464679914735E-16,0.));
#6808=DIRECTION('',(-0.866025403769167,0.500000000026452,0.));
#6809=DIRECTION('',(-0.500000000026452,-0.866025403769167,0.));
#6810=DIRECTION('',(0.,0.,-1.));
#6811=DIRECTION('',(0.500000000026452,0.866025403769167,0.));
#6812=DIRECTION('',(0.,0.,-1.));
#6813=DIRECTION('',(0.,0.,1.));
#6814=DIRECTION('',(1.,1.22464679914735E-16,0.));
#6815=DIRECTION('',(0.,0.,-1.));
#6816=DIRECTION('',(1.,1.22464679914735E-16,0.));
#6817=DIRECTION('',(0.258819045102521,0.965925826289068,0.));
#6818=DIRECTION('',(0.,0.,1.));
#6819=DIRECTION('',(-1.,-1.22464679914735E-16,0.));
#6820=DIRECTION('',(-0.965925826289068,0.258819045102521,0.));
#6821=DIRECTION('',(-0.258819045102521,-0.965925826289068,0.));
#6822=DIRECTION('',(0.,0.,-1.));
#6823=DIRECTION('',(0.258819045102521,0.965925826289068,0.));
#6824=DIRECTION('',(0.,0.,-1.));
#6825=DIRECTION('',(0.,0.,1.));
#6826=DIRECTION('',(-1.,-1.22464679914735E-16,0.));
#6827=DIRECTION('',(0.,0.,-1.));
#6828=DIRECTION('',(1.,1.22464679914735E-16,0.));
#6829=DIRECTION('',(0.,0.,1.));
#6830=DIRECTION('',(-1.,-1.22464679914735E-16,0.));
#6831=DIRECTION('',(-0.258819045102521,0.965925826289068,0.));
#6832=DIRECTION('',(-0.965925826289068,-0.258819045102521,0.));
#6833=DIRECTION('',(0.258819045102521,-0.965925826289068,0.));
#6834=DIRECTION('',(0.,0.,-1.));
#6835=DIRECTION('',(-0.258819045102521,0.965925826289068,0.));
#6836=DIRECTION('',(0.,0.,-1.));
#6837=DIRECTION('',(0.,0.,1.));
#6838=DIRECTION('',(-1.,-1.22464679914735E-16,0.));
#6839=DIRECTION('',(0.,0.,1.));
#6840=DIRECTION('',(-1.,-1.22464679914735E-16,0.));
#6841=DIRECTION('',(-0.500000000026452,0.866025403769167,0.));
#6842=DIRECTION('',(0.,0.,-1.));
#6843=DIRECTION('',(1.,1.22464679914735E-16,0.));
#6844=DIRECTION('',(-0.866025403769167,-0.500000000026452,0.));
#6845=DIRECTION('',(0.500000000026452,-0.866025403769167,0.));
#6846=DIRECTION('',(0.,0.,-1.));
#6847=DIRECTION('',(-0.500000000026452,0.866025403769167,0.));
#6848=DIRECTION('',(0.,0.,-1.));
#6849=DIRECTION('',(0.,0.,1.));
#6850=DIRECTION('',(-1.,-1.22464679914735E-16,0.));
#6851=DIRECTION('',(0.,0.,1.));
#6852=DIRECTION('',(-1.,-1.22464679914735E-16,0.));
#6853=DIRECTION('',(-0.707106781208145,0.70710678116495,0.));
#6854=DIRECTION('',(0.,0.,-1.));
#6855=DIRECTION('',(1.,1.22464679914735E-16,0.));
#6856=DIRECTION('',(-0.70710678116495,-0.707106781208145,0.));
#6857=DIRECTION('',(0.707106781208145,-0.70710678116495,0.));
#6858=DIRECTION('',(0.,0.,-1.));
#6859=DIRECTION('',(-0.707106781208145,0.70710678116495,0.));
#6860=DIRECTION('',(0.,0.,-1.));
#6861=DIRECTION('',(0.,0.,1.));
#6862=DIRECTION('',(-1.,-1.22464679914735E-16,0.));
#6863=DIRECTION('',(0.,0.,1.));
#6864=DIRECTION('',(-1.,-1.22464679914735E-16,0.));
#6865=DIRECTION('',(0.866025403799711,-0.499999999973548,0.));
#6866=DIRECTION('',(0.,0.,-1.));
#6867=DIRECTION('',(1.,1.22464679914735E-16,0.));
#6868=DIRECTION('',(0.499999999973548,0.866025403799711,0.));
#6869=DIRECTION('',(-0.866025403799711,0.499999999973548,0.));
#6870=DIRECTION('',(0.866025403799711,-0.499999999973548,0.));
#6871=DIRECTION('',(0.,0.,-1.));
#6872=DIRECTION('',(0.,0.,-1.));
#6873=DIRECTION('',(0.,0.,1.));
#6874=DIRECTION('',(-1.,-1.22464679914735E-16,0.));
#6875=DIRECTION('',(0.,0.,-1.));
#6876=DIRECTION('',(1.,1.22464679914735E-16,0.));
#6877=DIRECTION('',(0.,0.,1.));
#6878=DIRECTION('',(-1.,-1.22464679914735E-16,0.));
#6879=DIRECTION('',(0.,0.,1.));
#6880=DIRECTION('',(-1.,-1.22464679914735E-16,0.));
#6881=DIRECTION('',(0.,0.,-1.));
#6882=DIRECTION('',(0.,0.,-1.));
#6883=DIRECTION('',(0.,0.,-1.));
#6884=DIRECTION('',(1.,1.22464679914735E-16,0.));
#6885=DIRECTION('',(0.,0.,1.));
#6886=DIRECTION('',(1.83697019872103E-16,-1.,0.));
#6887=DIRECTION('',(0.,0.,1.));
#6888=DIRECTION('',(-1.83697019872103E-16,1.,0.));
#6889=DIRECTION('',(0.,0.,-1.));
#6890=DIRECTION('',(1.83697019872103E-16,-1.,0.));
#6891=DIRECTION('',(-0.499999999973548,0.866025403799711,0.));
#6892=DIRECTION('',(-0.866025403799711,-0.499999999973548,0.));
#6893=DIRECTION('',(0.499999999973548,-0.866025403799711,0.));
#6894=DIRECTION('',(0.,0.,-1.));
#6895=DIRECTION('',(0.,0.,-1.));
#6896=DIRECTION('',(-0.499999999973548,0.866025403799711,0.));
#6897=DIRECTION('',(0.,0.,1.));
#6898=DIRECTION('',(1.83697019872103E-16,-1.,0.));
#6899=DIRECTION('',(0.70710678116495,-0.707106781208145,0.));
#6900=DIRECTION('',(0.,0.,1.));
#6901=DIRECTION('',(-1.83697019872103E-16,1.,0.));
#6902=DIRECTION('',(0.,0.,-1.));
#6903=DIRECTION('',(1.83697019872103E-16,-1.,0.));
#6904=DIRECTION('',(0.707106781208145,0.70710678116495,0.));
#6905=DIRECTION('',(-0.70710678116495,0.707106781208145,0.));
#6906=DIRECTION('',(0.,0.,-1.));
#6907=DIRECTION('',(0.70710678116495,-0.707106781208145,0.));
#6908=DIRECTION('',(0.,0.,-1.));
#6909=DIRECTION('',(0.,0.,1.));
#6910=DIRECTION('',(1.83697019872103E-16,-1.,0.));
#6911=DIRECTION('',(0.866025403769167,-0.500000000026452,0.));
#6912=DIRECTION('',(0.,0.,1.));
#6913=DIRECTION('',(-1.83697019872103E-16,1.,0.));
#6914=DIRECTION('',(0.,0.,-1.));
#6915=DIRECTION('',(1.83697019872103E-16,-1.,0.));
#6916=DIRECTION('',(0.500000000026452,0.866025403769167,0.));
#6917=DIRECTION('',(-0.866025403769167,0.500000000026452,0.));
#6918=DIRECTION('',(0.,0.,-1.));
#6919=DIRECTION('',(0.866025403769167,-0.500000000026452,0.));
#6920=DIRECTION('',(0.,0.,-1.));
#6921=DIRECTION('',(0.,0.,1.));
#6922=DIRECTION('',(1.83697019872103E-16,-1.,0.));
#6923=DIRECTION('',(0.,0.,-1.));
#6924=DIRECTION('',(1.83697019872103E-16,-1.,0.));
#6925=DIRECTION('',(0.965925826289068,-0.258819045102521,0.));
#6926=DIRECTION('',(0.,0.,1.));
#6927=DIRECTION('',(-1.83697019872103E-16,1.,0.));
#6928=DIRECTION('',(0.258819045102521,0.965925826289068,0.));
#6929=DIRECTION('',(-0.965925826289068,0.258819045102521,0.));
#6930=DIRECTION('',(0.,0.,-1.));
#6931=DIRECTION('',(0.965925826289068,-0.258819045102521,0.));
#6932=DIRECTION('',(0.,0.,-1.));
#6933=DIRECTION('',(0.,0.,1.));
#6934=DIRECTION('',(-1.83697019872103E-16,1.,0.));
#6935=DIRECTION('',(0.,0.,-1.));
#6936=DIRECTION('',(1.83697019872103E-16,-1.,0.));
#6937=DIRECTION('',(0.,0.,1.));
#6938=DIRECTION('',(-1.83697019872103E-16,1.,0.));
#6939=DIRECTION('',(0.965925826289068,0.258819045102522,0.));
#6940=DIRECTION('',(-0.258819045102522,0.965925826289068,0.));
#6941=DIRECTION('',(-0.965925826289068,-0.258819045102522,0.));
#6942=DIRECTION('',(0.,0.,-1.));
#6943=DIRECTION('',(0.965925826289068,0.258819045102522,0.));
#6944=DIRECTION('',(0.,0.,-1.));
#6945=DIRECTION('',(0.,0.,1.));
#6946=DIRECTION('',(-1.83697019872103E-16,1.,0.));
#6947=DIRECTION('',(0.,0.,1.));
#6948=DIRECTION('',(-1.83697019872103E-16,1.,0.));
#6949=DIRECTION('',(0.866025403769167,0.500000000026452,0.));
#6950=DIRECTION('',(0.,0.,-1.));
#6951=DIRECTION('',(1.83697019872103E-16,-1.,0.));
#6952=DIRECTION('',(-0.500000000026452,0.866025403769167,0.));
#6953=DIRECTION('',(-0.866025403769167,-0.500000000026452,0.));
#6954=DIRECTION('',(0.,0.,-1.));
#6955=DIRECTION('',(0.866025403769167,0.500000000026452,0.));
#6956=DIRECTION('',(0.,0.,-1.));
#6957=DIRECTION('',(0.,0.,1.));
#6958=DIRECTION('',(-1.83697019872103E-16,1.,0.));
#6959=DIRECTION('',(0.,0.,1.));
#6960=DIRECTION('',(-1.83697019872103E-16,1.,0.));
#6961=DIRECTION('',(0.70710678116495,0.707106781208145,0.));
#6962=DIRECTION('',(0.,0.,-1.));
#6963=DIRECTION('',(1.83697019872103E-16,-1.,0.));
#6964=DIRECTION('',(-0.707106781208145,0.70710678116495,0.));
#6965=DIRECTION('',(-0.70710678116495,-0.707106781208145,0.));
#6966=DIRECTION('',(0.,0.,-1.));
#6967=DIRECTION('',(0.70710678116495,0.707106781208145,0.));
#6968=DIRECTION('',(0.,0.,-1.));
#6969=DIRECTION('',(0.,0.,1.));
#6970=DIRECTION('',(-1.83697019872103E-16,1.,0.));
#6971=DIRECTION('',(0.,0.,1.));
#6972=DIRECTION('',(-1.83697019872103E-16,1.,0.));
#6973=DIRECTION('',(-0.499999999973548,-0.866025403799711,0.));
#6974=DIRECTION('',(0.,0.,-1.));
#6975=DIRECTION('',(1.83697019872103E-16,-1.,0.));
#6976=DIRECTION('',(0.866025403799711,-0.499999999973548,0.));
#6977=DIRECTION('',(0.499999999973548,0.866025403799711,0.));
#6978=DIRECTION('',(-0.499999999973548,-0.866025403799711,0.));
#6979=DIRECTION('',(0.,0.,-1.));
#6980=DIRECTION('',(0.,0.,-1.));
#6981=DIRECTION('',(0.,0.,1.));
#6982=DIRECTION('',(-1.83697019872103E-16,1.,0.));
#6983=DIRECTION('',(0.,0.,-1.));
#6984=DIRECTION('',(1.83697019872103E-16,-1.,0.));
#6985=DIRECTION('',(0.,0.,1.));
#6986=DIRECTION('',(-1.83697019872103E-16,1.,0.));
#6987=DIRECTION('',(0.,0.,1.));
#6988=DIRECTION('',(-1.83697019872103E-16,1.,0.));
#6989=DIRECTION('',(0.,0.,-1.));
#6990=DIRECTION('',(0.,0.,-1.));
#6991=DIRECTION('',(0.,0.,-1.));
#6992=DIRECTION('',(1.83697019872103E-16,-1.,0.));
#6993=DIRECTION('',(0.,0.,1.));
#6994=DIRECTION('',(6.12323399573677E-17,-1.,0.));
#6995=DIRECTION('',(0.,0.,-1.));
#6996=DIRECTION('',(0.,0.,-1.));
#6997=DIRECTION('',(0.,0.,1.));
#6998=DIRECTION('',(6.12323399573677E-17,-1.,0.));
#6999=DIRECTION('',(0.,0.,-1.));
#7000=DIRECTION('',(0.,0.,1.));
#7001=DIRECTION('',(6.12323399573677E-17,-1.,0.));
#7002=DIRECTION('',(0.,0.,-1.));
#7003=DIRECTION('',(0.,0.,1.));
#7004=DIRECTION('',(6.12323399573677E-17,-1.,0.));
#7005=DIRECTION('',(0.,0.,-1.));
#7006=DIRECTION('',(0.,0.,1.));
#7007=DIRECTION('',(6.12323399573677E-17,-1.,0.));
#7008=DIRECTION('',(0.,0.,-1.));
#7009=DIRECTION('',(0.,0.,1.));
#7010=DIRECTION('',(6.12323399573677E-17,-1.,0.));
#7011=DIRECTION('',(0.,0.,-1.));
#7012=DIRECTION('',(0.,0.,-1.));
#7013=DIRECTION('',(-6.12323399573677E-17,1.,0.));
#7014=DIRECTION('',(0.,0.,-1.));
#7015=DIRECTION('',(0.,0.,-1.));
#7016=DIRECTION('',(-6.12323399573677E-17,1.,0.));
#7017=DIRECTION('',(0.,0.,-1.));
#7018=DIRECTION('',(0.,0.,-1.));
#7019=DIRECTION('',(-6.12323399573677E-17,1.,0.));
#7020=DIRECTION('',(0.,0.,-1.));
#7021=DIRECTION('',(0.,0.,-1.));
#7022=DIRECTION('',(-6.12323399573677E-17,1.,0.));
#7023=DIRECTION('',(0.258819045102521,-0.965925826289068,0.));
#7024=DIRECTION('',(0.965925826289068,0.258819045102521,0.));
#7025=DIRECTION('',(-0.965925826289068,-0.258819045102521,0.));
#7026=DIRECTION('',(0.,0.,-1.));
#7027=DIRECTION('',(-0.965925826289068,-0.258819045102521,0.));
#7028=DIRECTION('',(0.,0.,-1.));
#7029=DIRECTION('',(-6.12323399573677E-17,1.,0.));
#7030=DIRECTION('',(0.,0.,1.));
#7031=DIRECTION('',(6.12323399573677E-17,-1.,0.));
#7032=DIRECTION('',(0.,0.,-1.));
#7033=DIRECTION('',(0.,0.,1.));
#7034=DIRECTION('',(6.12323399573677E-17,-1.,0.));
#7035=DIRECTION('',(0.,0.,-1.));
#7036=DIRECTION('',(0.,0.,1.));
#7037=DIRECTION('',(6.12323399573677E-17,-1.,0.));
#7038=DIRECTION('',(0.,0.,-1.));
#7039=DIRECTION('',(0.,0.,1.));
#7040=DIRECTION('',(6.12323399573677E-17,-1.,0.));
#7041=DIRECTION('',(0.,0.,-1.));
#7042=DIRECTION('',(0.,0.,-1.));
#7043=DIRECTION('',(-6.12323399573677E-17,1.,0.));
#7044=DIRECTION('',(0.,0.,-1.));
#7045=DIRECTION('',(-6.12323399573677E-17,1.,0.));
#7046=DIRECTION('',(0.,0.,-1.));
#7047=DIRECTION('',(0.,0.,-1.));
#7048=DIRECTION('',(-6.12323399573677E-17,1.,0.));
#7049=DIRECTION('',(0.,0.,-1.));
#7050=DIRECTION('',(0.,0.,-1.));
#7051=DIRECTION('',(-6.12323399573677E-17,1.,0.));
#7052=DIRECTION('',(0.,0.,-1.));
#7053=DIRECTION('',(0.,0.,-1.));
#7054=DIRECTION('',(-6.12323399573677E-17,1.,0.));
#7055=DIRECTION('',(0.,0.,1.));
#7056=DIRECTION('',(6.12323399573677E-17,-1.,0.));
#7057=DIRECTION('',(-0.965925826289068,0.258819045102521,0.));
#7058=DIRECTION('',(0.500000000026452,-0.866025403769167,0.));
#7059=DIRECTION('',(0.866025403769167,0.500000000026452,0.));
#7060=DIRECTION('',(-0.866025403769167,-0.500000000026452,0.));
#7061=DIRECTION('',(-0.866025403769167,-0.500000000026452,0.));
#7062=DIRECTION('',(0.,0.,1.));
#7063=DIRECTION('',(6.12323399573677E-17,-1.,0.));
#7064=DIRECTION('',(0.707106781208145,-0.70710678116495,0.));
#7065=DIRECTION('',(0.70710678116495,0.707106781208145,0.));
#7066=DIRECTION('',(-0.70710678116495,-0.707106781208145,0.));
#7067=DIRECTION('',(-0.70710678116495,-0.707106781208145,0.));
#7068=DIRECTION('',(0.,0.,1.));
#7069=DIRECTION('',(6.12323399573677E-17,-1.,0.));
#7070=DIRECTION('',(-0.866025403799711,0.499999999973548,0.));
#7071=DIRECTION('',(-0.499999999973548,-0.866025403799711,0.));
#7072=DIRECTION('',(0.499999999973548,0.866025403799711,0.));
#7073=DIRECTION('',(0.499999999973548,0.866025403799711,0.));
#7074=DIRECTION('',(0.,0.,1.));
#7075=DIRECTION('',(6.12323399573677E-17,-1.,0.));
#7076=DIRECTION('',(0.,0.,1.));
#7077=DIRECTION('',(6.12323399573677E-17,-1.,0.));
#7078=DIRECTION('',(-0.258819045102521,-0.965925826289068,0.));
#7079=DIRECTION('',(0.965925826289068,-0.258819045102521,0.));
#7080=DIRECTION('',(-0.965925826289068,0.258819045102521,0.));
#7081=DIRECTION('',(-0.500000000026452,-0.866025403769167,0.));
#7082=DIRECTION('',(0.866025403769167,-0.500000000026452,0.));
#7083=DIRECTION('',(-0.866025403769167,0.500000000026452,0.));
#7084=DIRECTION('',(-0.866025403769167,0.500000000026452,0.));
#7085=DIRECTION('',(0.,0.,1.));
#7086=DIRECTION('',(-6.12323399573677E-17,1.,0.));
#7087=DIRECTION('',(-0.707106781208145,-0.70710678116495,0.));
#7088=DIRECTION('',(0.70710678116495,-0.707106781208145,0.));
#7089=DIRECTION('',(-0.70710678116495,0.707106781208145,0.));
#7090=DIRECTION('',(-0.70710678116495,0.707106781208145,0.));
#7091=DIRECTION('',(0.,0.,1.));
#7092=DIRECTION('',(-6.12323399573677E-17,1.,0.));
#7093=DIRECTION('',(0.866025403799711,0.499999999973548,0.));
#7094=DIRECTION('',(-0.499999999973548,0.866025403799711,0.));
#7095=DIRECTION('',(0.499999999973548,-0.866025403799711,0.));
#7096=DIRECTION('',(0.499999999973548,-0.866025403799711,0.));
#7097=DIRECTION('',(0.,0.,1.));
#7098=DIRECTION('',(-6.12323399573677E-17,1.,0.));
#7099=DIRECTION('',(0.,0.,1.));
#7100=DIRECTION('',(-6.12323399573677E-17,1.,0.));
#7101=DIRECTION('',(0.,0.,-1.));
#7102=DIRECTION('',(-1.,0.,0.));
#7103=DIRECTION('',(0.,-1.,0.));
#7104=DIRECTION('',(0.,0.,-1.));
#7105=DIRECTION('',(-1.,0.,0.));
#7106=DIRECTION('',(-1.,0.,0.));
#7107=DIRECTION('',(1.,0.,0.));
#7108=DIRECTION('',(0.,-1.,0.));
#7109=DIRECTION('',(-1.85037170770859E-16,-1.,0.));
#7110=DIRECTION('',(0.,0.,-1.));
#7111=DIRECTION('',(-1.,0.,0.));
#7112=DIRECTION('',(1.,0.,0.));
#7113=DIRECTION('',(0.,0.,-1.));
#7114=DIRECTION('',(-1.,0.,0.));
#7115=DIRECTION('',(1.,0.,0.));
#7116=DIRECTION('',(-1.,0.,0.));
#7117=DIRECTION('',(0.,0.,1.));
#7118=DIRECTION('',(1.,0.,0.));
#7119=DIRECTION('',(-1.,0.,0.));
#7120=DIRECTION('',(0.,0.,1.));
#7121=DIRECTION('',(1.,0.,0.));
#7122=DIRECTION('',(0.,0.,-1.));
#7123=DIRECTION('',(-1.,0.,0.));
#7124=DIRECTION('',(0.,-1.,0.));
#7125=DIRECTION('',(-1.,0.,0.));
#7126=DIRECTION('',(1.,0.,0.));
#7127=DIRECTION('',(0.,0.,-1.));
#7128=DIRECTION('',(-1.,0.,0.));
#7129=DIRECTION('',(0.,-1.,0.));
#7130=DIRECTION('',(1.,0.,0.));
#7131=DIRECTION('',(0.,0.,-1.));
#7132=DIRECTION('',(-1.,0.,0.));
#7133=DIRECTION('',(0.,-1.,0.));
#7134=DIRECTION('',(0.,0.,-1.));
#7135=DIRECTION('',(-1.,0.,0.));
#7136=DIRECTION('',(0.,-1.,0.));
#7137=DIRECTION('',(1.,0.,0.));
#7138=DIRECTION('',(0.,-1.,0.));
#7139=DIRECTION('',(0.,0.,-1.));
#7140=DIRECTION('',(-1.,0.,0.));
#7141=DIRECTION('',(0.,-1.,0.));
#7142=DIRECTION('',(0.,0.,-1.));
#7143=DIRECTION('',(-1.,0.,0.));
#7144=DIRECTION('',(0.,1.,0.));
#7145=DIRECTION('',(0.,0.,1.));
#7146=DIRECTION('',(0.,0.,-1.));
#7147=DIRECTION('',(1.,0.,0.));
#7148=DIRECTION('',(0.,0.,-1.));
#7149=DIRECTION('',(-1.,0.,0.));
#7150=DIRECTION('',(0.,0.,1.));
#7151=DIRECTION('',(1.,0.,0.));
#7152=DIRECTION('',(0.,0.,-1.));
#7153=DIRECTION('',(0.,1.,0.));
#7154=DIRECTION('',(0.,0.,1.));
#7155=DIRECTION('',(1.,0.,0.));
#7156=DIRECTION('',(0.,1.,0.));
#7157=DIRECTION('',(0.,0.,1.));
#7158=DIRECTION('',(0.,0.,1.));
#7159=DIRECTION('',(-1.,0.,0.));
#7160=DIRECTION('',(0.,0.,1.));
#7161=DIRECTION('',(1.,-1.85037170770859E-16,0.));
#7162=DIRECTION('',(1.85037170770859E-16,1.,0.));
#7163=DIRECTION('',(-1.85037170770859E-16,-1.,0.));
#7164=DIRECTION('',(0.,0.,-1.));
#7165=DIRECTION('',(0.,0.,-1.));
#7166=DIRECTION('',(-1.,0.,0.));
#7167=DIRECTION('',(0.,0.,1.));
#7168=DIRECTION('',(1.,0.,0.));
#7169=DIRECTION('',(1.,0.,0.));
#7170=DIRECTION('',(0.,0.,-1.));
#7171=DIRECTION('',(0.,-1.,0.));
#7172=DIRECTION('',(0.,0.,-1.));
#7173=DIRECTION('',(0.,-1.,0.));
#7174=DIRECTION('',(0.,0.,-1.));
#7175=DIRECTION('',(1.,0.,0.));
#7176=DIRECTION('',(0.,-1.,0.));
#7177=DIRECTION('',(0.,0.,-1.));
#7178=DIRECTION('',(0.,0.,1.));
#7179=DIRECTION('',(-1.,0.,0.));
#7180=DIRECTION('',(0.,0.,1.));
#7181=DIRECTION('',(0.,-1.,0.));
#7182=DIRECTION('',(0.,0.,1.));
#7183=DIRECTION('',(1.,0.,0.));
#7184=DIRECTION('',(-0.240641310143726,0.970614114801712,0.));
#7185=DIRECTION('',(-0.970614114801712,-0.240641310143726,0.));
#7186=DIRECTION('',(0.970614114801712,0.240641310143726,0.));
#7187=DIRECTION('',(0.,0.,-1.));
#7188=DIRECTION('',(0.970614114801712,0.240641310143726,0.));
#7189=DIRECTION('',(0.,0.,-1.));
#7190=DIRECTION('',(0.974370064785235,0.224951054343866,0.));
#7191=DIRECTION('',(-0.224951054343866,0.974370064785235,0.));
#7192=DIRECTION('',(0.224951054343866,-0.974370064785235,0.));
#7193=DIRECTION('',(0.,0.,-1.));
#7194=DIRECTION('',(0.224951054343866,-0.974370064785235,0.));
#7195=DIRECTION('',(0.,0.,-1.));
#7196=DIRECTION('',(-1.,0.,0.));
#7197=DIRECTION('',(0.,0.,1.));
#7198=DIRECTION('',(1.,0.,0.));
#7199=DIRECTION('',(0.,0.,-1.));
#7200=DIRECTION('',(0.,0.,1.));
#7201=DIRECTION('',(1.,0.,0.));
#7202=DIRECTION('',(0.970295726275996,0.241921895599668,0.));
#7203=DIRECTION('',(-0.241921895599668,0.970295726275996,0.));
#7204=DIRECTION('',(0.241921895599668,-0.970295726275996,0.));
#7205=DIRECTION('',(0.,0.,-1.));
#7206=DIRECTION('',(0.241921895599668,-0.970295726275996,0.));
#7207=DIRECTION('',(0.,0.,-1.));
#7208=DIRECTION('',(0.53507218795225,-0.844806340932638,0.));
#7209=DIRECTION('',(0.844806340932638,0.53507218795225,0.));
#7210=DIRECTION('',(-0.844806340932638,-0.53507218795225,0.));
#7211=DIRECTION('',(0.,0.,-1.));
#7212=DIRECTION('',(-0.844806340932638,-0.53507218795225,0.));
#7213=DIRECTION('',(-0.898794046299167,-0.438371146789078,0.));
#7214=DIRECTION('',(0.438371146789078,-0.898794046299167,0.));
#7215=DIRECTION('',(-0.438371146789078,0.898794046299167,0.));
#7216=DIRECTION('',(0.,0.,-1.));
#7217=DIRECTION('',(-0.438371146789078,0.898794046299167,0.));
#7218=DIRECTION('',(0.809016994374947,0.587785252292473,0.));
#7219=DIRECTION('',(-0.587785252292473,0.809016994374947,0.));
#7220=DIRECTION('',(0.587785252292473,-0.809016994374947,0.));
#7221=DIRECTION('',(0.,0.,-1.));
#7222=DIRECTION('',(0.587785252292473,-0.809016994374947,0.));
#7223=DIRECTION('',(0.,0.,-1.));
#7224=DIRECTION('',(0.783453357981577,-0.62145059004509,0.));
#7225=DIRECTION('',(0.62145059004509,0.783453357981577,0.));
#7226=DIRECTION('',(-0.62145059004509,-0.783453357981577,0.));
#7227=DIRECTION('',(0.,0.,-1.));
#7228=DIRECTION('',(-0.62145059004509,-0.783453357981577,0.));
#7229=DIRECTION('',(-0.669130606358858,-0.743144825477394,0.));
#7230=DIRECTION('',(0.743144825477395,-0.669130606358858,0.));
#7231=DIRECTION('',(-0.743144825477395,0.669130606358858,0.));
#7232=DIRECTION('',(0.,0.,-1.));
#7233=DIRECTION('',(-0.743144825477395,0.669130606358858,0.));
#7234=DIRECTION('',(0.649448048330183,0.760405965600031,0.));
#7235=DIRECTION('',(-0.760405965600031,0.649448048330183,0.));
#7236=DIRECTION('',(0.760405965600031,-0.649448048330183,0.));
#7237=DIRECTION('',(0.,0.,-1.));
#7238=DIRECTION('',(0.760405965600031,-0.649448048330183,0.));
#7239=DIRECTION('',(0.,0.,-1.));
#7240=DIRECTION('',(0.89362756223027,-0.448809291372611,0.));
#7241=DIRECTION('',(0.448809291372611,0.89362756223027,0.));
#7242=DIRECTION('',(-0.448809291372611,-0.89362756223027,0.));
#7243=DIRECTION('',(0.,0.,-1.));
#7244=DIRECTION('',(-0.448809291372611,-0.89362756223027,0.));
#7245=DIRECTION('',(-0.507538362960703,-0.861629160441526,0.));
#7246=DIRECTION('',(0.861629160441527,-0.507538362960703,0.));
#7247=DIRECTION('',(-0.861629160441526,0.507538362960703,0.));
#7248=DIRECTION('',(0.,0.,-1.));
#7249=DIRECTION('',(-0.861629160441526,0.507538362960703,0.));
#7250=DIRECTION('',(0.466489895545387,0.884526527218972,0.));
#7251=DIRECTION('',(-0.884526527218972,0.466489895545387,0.));
#7252=DIRECTION('',(0.884526527218972,-0.466489895545387,0.));
#7253=DIRECTION('',(0.,0.,-1.));
#7254=DIRECTION('',(0.884526527218972,-0.466489895545387,0.));
#7255=DIRECTION('',(0.,0.,-1.));
#7256=DIRECTION('',(0.955191143389635,-0.295989661289043,0.));
#7257=DIRECTION('',(0.295989661289043,0.955191143389635,0.));
#7258=DIRECTION('',(-0.295989661289043,-0.955191143389635,0.));
#7259=DIRECTION('',(0.,0.,-1.));
#7260=DIRECTION('',(-0.295989661289043,-0.955191143389635,0.));
#7261=DIRECTION('',(-0.252526489967877,-0.967589981275387,0.));
#7262=DIRECTION('',(0.967589981275387,-0.252526489967877,0.));
#7263=DIRECTION('',(-0.967589981275387,0.252526489967877,0.));
#7264=DIRECTION('',(0.,0.,-1.));
#7265=DIRECTION('',(-0.967589981275387,0.252526489967877,0.));
#7266=DIRECTION('',(0.,1.,0.));
#7267=DIRECTION('',(0.,0.,1.));
#7268=DIRECTION('',(1.,0.,0.));
#7269=DIRECTION('',(0.,0.,-1.));
#7270=DIRECTION('',(1.,0.,0.));
#7271=DIRECTION('',(0.,0.,-1.));
#7272=DIRECTION('',(-1.,0.,0.));
#7273=DIRECTION('',(0.,0.,1.));
#7274=DIRECTION('',(0.,1.,0.));
#7275=DIRECTION('',(0.,0.,-1.));
#7276=DIRECTION('',(0.,1.,0.));
#7277=DIRECTION('',(0.229098260733053,0.973403301272957,0.));
#7278=DIRECTION('',(-0.973403301272957,0.229098260733053,0.));
#7279=DIRECTION('',(0.973403301272957,-0.229098260733053,0.));
#7280=DIRECTION('',(0.,0.,-1.));
#7281=DIRECTION('',(0.973403301272957,-0.229098260733053,0.));
#7282=DIRECTION('',(0.,0.,-1.));
#7283=DIRECTION('',(-1.,0.,0.));
#7284=DIRECTION('',(0.,0.,1.));
#7285=DIRECTION('',(1.,0.,0.));
#7286=DIRECTION('',(0.,0.,1.));
#7287=DIRECTION('',(1.,0.,0.));
#7288=DIRECTION('',(0.,0.,-1.));
#7289=DIRECTION('',(-1.,0.,0.));
#7290=DIRECTION('',(0.,0.,1.));
#7291=DIRECTION('',(1.,0.,0.));
#7292=DIRECTION('',(0.,0.,1.));
#7293=DIRECTION('',(1.,0.,0.));
#7294=DIRECTION('',(0.,0.,-1.));
#7295=DIRECTION('',(-1.,0.,0.));
#7296=DIRECTION('',(0.,0.,1.));
#7297=DIRECTION('',(1.,0.,0.));
#7298=DIRECTION('',(0.,0.,1.));
#7299=DIRECTION('',(1.,0.,0.));
#7300=DIRECTION('',(-1.,1.31027156140399E-15,0.));
#7301=DIRECTION('',(-1.31027156140399E-15,-1.,0.));
#7302=DIRECTION('',(1.31027156140399E-15,1.,0.));
#7303=DIRECTION('',(1.31027156140399E-15,1.,0.));
#7304=DIRECTION('',(0.995239580016992,-0.0974585982230481,0.));
#7305=DIRECTION('',(0.0974585982230481,0.995239580016992,0.));
#7306=DIRECTION('',(-0.0974585982230481,-0.995239580016992,0.));
#7307=DIRECTION('',(-0.0974585982230481,-0.995239580016992,0.));
#7308=DIRECTION('',(-1.,0.,0.));
#7309=DIRECTION('',(0.,0.,1.));
#7310=DIRECTION('',(0.,1.,0.));
#7311=DIRECTION('',(0.,1.,0.));
#7312=DIRECTION('',(0.,0.,1.));
#7313=DIRECTION('',(1.,0.,0.));
#7314=DIRECTION('',(0.,0.,1.));
#7315=DIRECTION('',(1.,0.,0.));
#7316=DIRECTION('',(0.,-1.,0.));
#7317=DIRECTION('',(0.,0.,-1.));
#7318=DIRECTION('',(1.,0.,0.));
#7319=DIRECTION('',(0.,0.,-1.));
#7320=DIRECTION('',(1.,0.,0.));
#7321=DIRECTION('',(0.,0.,-1.));
#7322=DIRECTION('',(1.,0.,0.));
#7323=DIRECTION('',(0.,0.,-1.));
#7324=DIRECTION('',(1.,0.,0.));
#7325=DIRECTION('',(0.,0.,-1.));
#7326=DIRECTION('',(1.,0.,0.));
#7327=DIRECTION('',(0.,0.,-1.));
#7328=DIRECTION('',(1.,0.,0.));
#7329=DIRECTION('',(0.,0.,-1.));
#7330=DIRECTION('',(-1.,0.,0.));
#7331=DIRECTION('',(0.,0.,1.));
#7332=DIRECTION('',(1.,0.,0.));
#7333=DIRECTION('',(0.,-1.,0.));
#7334=DIRECTION('',(-1.,0.,0.));
#7335=DIRECTION('',(0.,-1.,0.));
#7336=DIRECTION('',(1.,0.,0.));
#7337=DIRECTION('',(0.,0.,-1.));
#7338=DIRECTION('',(0.,0.,1.));
#7339=DIRECTION('',(-3.67971646419323E-16,0.,1.));
#7340=DIRECTION('',(1.,0.,3.67971646419323E-16));
#7341=DIRECTION('',(0.,-1.,0.));
#7342=DIRECTION('',(-1.,0.,-3.67971646419323E-16));
#7343=DIRECTION('',(0.,-1.,0.));
#7344=DIRECTION('',(1.,0.,0.));
#7345=DIRECTION('',(0.,0.,-1.));
#7346=DIRECTION('',(0.,0.,1.));
#7347=DIRECTION('',(0.,-1.,0.));
#7348=DIRECTION('',(1.,0.,0.));
#7349=DIRECTION('',(0.,-1.,0.));
#7350=DIRECTION('',(0.,0.,-1.));
#7351=DIRECTION('',(-1.,0.,-3.67971646419323E-16));
#7352=DIRECTION('',(0.,0.,1.));
#7353=DIRECTION('',(0.,0.,1.));
#7354=DIRECTION('',(0.,-1.,0.));
#7355=DIRECTION('',(0.,0.,-1.));
#7356=DIRECTION('',(1.,0.,0.));
#7357=DIRECTION('',(0.,0.,-1.));
#7358=DIRECTION('',(0.,0.,1.));
#7359=DIRECTION('',(0.,-1.,0.));
#7360=DIRECTION('',(1.,0.,0.));
#7361=DIRECTION('',(0.,0.,1.));
#7362=DIRECTION('',(-1.,0.,0.));
#7363=DIRECTION('',(-1.,0.,0.));
#7364=DIRECTION('',(0.,0.,1.));
#7365=DIRECTION('',(0.,0.,-1.));
#7366=DIRECTION('',(0.,1.,0.));
#7367=DIRECTION('',(0.,0.,-1.));
#7368=DIRECTION('',(-1.,0.,0.));
#7369=DIRECTION('',(0.,0.,-1.));
#7370=DIRECTION('',(0.,0.,1.));
#7371=DIRECTION('',(1.,0.,0.));
#7372=DIRECTION('',(0.,-1.,0.));
#7373=DIRECTION('',(0.,0.,-1.));
#7374=DIRECTION('',(-1.,0.,0.));
#7375=DIRECTION('',(0.,0.,1.));
#7376=DIRECTION('',(1.,0.,0.));
#7377=DIRECTION('',(1.,0.,0.));
#7378=DIRECTION('',(0.,0.,1.));
#7379=DIRECTION('',(1.,0.,0.));
#7380=DIRECTION('',(-1.85037170770859E-16,-1.,0.));
#7381=DIRECTION('',(0.,-1.,0.));
#7382=DIRECTION('',(0.,0.,-1.));
#7383=DIRECTION('',(0.,-1.,0.));
#7384=DIRECTION('',(0.,0.,-1.));
#7385=DIRECTION('',(0.,0.,-1.));
#7386=DIRECTION('',(-1.,0.,0.));
#7387=DIRECTION('',(0.,0.,1.));
#7388=DIRECTION('',(0.,0.,-1.));
#7389=DIRECTION('',(0.,0.,-1.));
#7390=DIRECTION('',(-1.,0.,0.));
#7391=DIRECTION('',(0.,-1.,0.));
#7392=DIRECTION('',(0.,0.,-1.));
#7393=DIRECTION('',(-1.,0.,0.));
#7394=DIRECTION('',(0.,0.,-1.));
#7395=DIRECTION('',(0.,0.,-1.));
#7396=DIRECTION('',(-1.,0.,0.));
#7397=DIRECTION('',(0.,0.,1.));
#7398=DIRECTION('',(1.,0.,0.));
#7399=DIRECTION('',(0.,-1.,0.));
#7400=DIRECTION('',(0.,0.,-1.));
#7401=DIRECTION('',(-1.,0.,0.));
#7402=DIRECTION('',(0.,0.,-1.));
#7403=DIRECTION('',(0.,0.,-1.));
#7404=DIRECTION('',(-1.,0.,0.));
#7405=DIRECTION('',(0.,0.,1.));
#7406=DIRECTION('',(1.,0.,0.));
#7407=DIRECTION('',(0.,0.,-1.));
#7408=DIRECTION('',(-1.,0.,0.));
#7409=DIRECTION('',(0.,0.,-1.));
#7410=DIRECTION('',(-1.,0.,0.));
#7411=DIRECTION('',(0.,1.,0.));
#7412=DIRECTION('',(0.,0.,-1.));
#7413=DIRECTION('',(-1.,0.,0.));
#7414=DIRECTION('',(1.,0.,0.));
#7415=DIRECTION('',(1.,0.,0.));
#7416=DIRECTION('',(0.,0.,-1.));
#7417=DIRECTION('',(0.,-1.,0.));
#7418=DIRECTION('',(0.,0.,-1.));
#7419=DIRECTION('',(-1.,0.,0.));
#7420=DIRECTION('',(0.,0.,1.));
#7421=DIRECTION('',(0.,0.,-1.));
#7422=DIRECTION('',(0.,-1.,0.));
#7423=DIRECTION('',(0.,0.,1.));
#7424=DIRECTION('',(0.,0.,1.));
#7425=DIRECTION('',(0.,1.,0.));
#7426=DIRECTION('',(0.,0.,1.));
#7427=DIRECTION('',(0.,1.,0.));
#7428=DIRECTION('',(0.,0.,1.));
#7429=DIRECTION('',(-1.,0.,0.));
#7430=DIRECTION('',(0.,0.,1.));
#7431=DIRECTION('',(1.,0.,0.));
#7432=DIRECTION('',(0.,0.,1.));
#7433=DIRECTION('',(1.,0.,0.));
#7434=DIRECTION('',(0.,0.,-1.));
#7435=DIRECTION('',(0.,0.,-1.));
#7436=DIRECTION('',(0.,0.,-1.));
#7437=DIRECTION('',(-1.,0.,0.));
#7438=DIRECTION('',(0.,0.,1.));
#7439=DIRECTION('',(-1.,0.,0.));
#7440=DIRECTION('',(0.,0.,-1.));
#7441=DIRECTION('',(-1.,0.,0.));
#7442=DIRECTION('',(-0.240641310143726,-0.970614114801712,0.));
#7443=DIRECTION('',(0.970614114801712,-0.240641310143726,0.));
#7444=DIRECTION('',(-0.970614114801712,0.240641310143726,0.));
#7445=DIRECTION('',(0.,0.,-1.));
#7446=DIRECTION('',(-0.970614114801712,0.240641310143726,0.));
#7447=DIRECTION('',(0.,0.,-1.));
#7448=DIRECTION('',(-1.,0.,0.));
#7449=DIRECTION('',(0.,0.,1.));
#7450=DIRECTION('',(0.,1.,0.));
#7451=DIRECTION('',(0.,0.,-1.));
#7452=DIRECTION('',(0.,1.,0.));
#7453=DIRECTION('',(0.,0.,-1.));
#7454=DIRECTION('',(-1.,0.,0.));
#7455=DIRECTION('',(0.,0.,-1.));
#7456=DIRECTION('',(-1.,0.,0.));
#7457=DIRECTION('',(0.,0.,-1.));
#7458=DIRECTION('',(0.,0.,-1.));
#7459=DIRECTION('',(-1.,0.,0.));
#7460=DIRECTION('',(0.970295726275996,-0.241921895599668,0.));
#7461=DIRECTION('',(0.241921895599668,0.970295726275996,0.));
#7462=DIRECTION('',(-0.241921895599668,-0.970295726275996,0.));
#7463=DIRECTION('',(0.,0.,-1.));
#7464=DIRECTION('',(-0.241921895599668,-0.970295726275996,0.));
#7465=DIRECTION('',(0.,0.,-1.));
#7466=DIRECTION('',(0.,0.,-1.));
#7467=DIRECTION('',(-1.,0.,0.));
#7468=DIRECTION('',(0.,0.,-1.));
#7469=DIRECTION('',(-1.,0.,0.));
#7470=DIRECTION('',(0.,0.,-1.));
#7471=DIRECTION('',(0.,0.,-1.));
#7472=DIRECTION('',(-1.,0.,0.));
#7473=DIRECTION('',(-0.898794046299167,0.438371146789078,0.));
#7474=DIRECTION('',(-0.438371146789078,-0.898794046299167,0.));
#7475=DIRECTION('',(0.438371146789078,0.898794046299167,0.));
#7476=DIRECTION('',(0.,0.,-1.));
#7477=DIRECTION('',(0.438371146789078,0.898794046299167,0.));
#7478=DIRECTION('',(0.809016994374947,-0.587785252292473,0.));
#7479=DIRECTION('',(0.587785252292473,0.809016994374947,0.));
#7480=DIRECTION('',(-0.587785252292473,-0.809016994374947,0.));
#7481=DIRECTION('',(0.,0.,-1.));
#7482=DIRECTION('',(-0.587785252292473,-0.809016994374947,0.));
#7483=DIRECTION('',(0.,0.,-1.));
#7484=DIRECTION('',(0.,0.,-1.));
#7485=DIRECTION('',(-1.,0.,0.));
#7486=DIRECTION('',(0.,0.,-1.));
#7487=DIRECTION('',(-1.,0.,0.));
#7488=DIRECTION('',(0.,0.,-1.));
#7489=DIRECTION('',(0.,0.,-1.));
#7490=DIRECTION('',(-1.,0.,0.));
#7491=DIRECTION('',(-0.669130606358858,0.743144825477394,0.));
#7492=DIRECTION('',(-0.743144825477395,-0.669130606358858,0.));
#7493=DIRECTION('',(0.743144825477395,0.669130606358858,0.));
#7494=DIRECTION('',(0.,0.,-1.));
#7495=DIRECTION('',(0.743144825477395,0.669130606358858,0.));
#7496=DIRECTION('',(0.649448048330183,-0.760405965600031,0.));
#7497=DIRECTION('',(0.760405965600031,0.649448048330183,0.));
#7498=DIRECTION('',(-0.760405965600031,-0.649448048330183,0.));
#7499=DIRECTION('',(0.,0.,-1.));
#7500=DIRECTION('',(-0.760405965600031,-0.649448048330183,0.));
#7501=DIRECTION('',(0.,0.,-1.));
#7502=DIRECTION('',(0.,0.,-1.));
#7503=DIRECTION('',(-1.,0.,0.));
#7504=DIRECTION('',(0.,0.,-1.));
#7505=DIRECTION('',(-1.,0.,0.));
#7506=DIRECTION('',(0.,0.,-1.));
#7507=DIRECTION('',(0.,0.,-1.));
#7508=DIRECTION('',(-1.,0.,0.));
#7509=DIRECTION('',(-0.507538362960703,0.861629160441526,0.));
#7510=DIRECTION('',(-0.861629160441527,-0.507538362960703,0.));
#7511=DIRECTION('',(0.861629160441526,0.507538362960703,0.));
#7512=DIRECTION('',(0.,0.,-1.));
#7513=DIRECTION('',(0.861629160441526,0.507538362960703,0.));
#7514=DIRECTION('',(0.466489895545387,-0.884526527218972,0.));
#7515=DIRECTION('',(0.884526527218972,0.466489895545387,0.));
#7516=DIRECTION('',(-0.884526527218972,-0.466489895545387,0.));
#7517=DIRECTION('',(0.,0.,-1.));
#7518=DIRECTION('',(-0.884526527218972,-0.466489895545387,0.));
#7519=DIRECTION('',(0.,0.,-1.));
#7520=DIRECTION('',(-1.,-1.31027156140399E-15,0.));
#7521=DIRECTION('',(1.31027156140399E-15,-1.,0.));
#7522=DIRECTION('',(-1.31027156140399E-15,1.,0.));
#7523=DIRECTION('',(0.,0.,-1.));
#7524=DIRECTION('',(-1.31027156140399E-15,1.,0.));
#7525=DIRECTION('',(-0.252526489967877,0.967589981275387,0.));
#7526=DIRECTION('',(-0.967589981275387,-0.252526489967877,0.));
#7527=DIRECTION('',(0.967589981275387,0.252526489967877,0.));
#7528=DIRECTION('',(0.,0.,-1.));
#7529=DIRECTION('',(0.967589981275387,0.252526489967877,0.));
#7530=DIRECTION('',(0.,-1.,0.));
#7531=DIRECTION('',(0.,0.,-1.));
#7532=DIRECTION('',(-1.,0.,0.));
#7533=DIRECTION('',(0.,0.,-1.));
#7534=DIRECTION('',(-1.,0.,0.));
#7535=DIRECTION('',(0.,0.,-1.));
#7536=DIRECTION('',(0.995239580016992,0.0974585982230481,0.));
#7537=DIRECTION('',(-0.0974585982230481,0.995239580016992,0.));
#7538=DIRECTION('',(0.0974585982230481,-0.995239580016992,0.));
#7539=DIRECTION('',(0.,0.,-1.));
#7540=DIRECTION('',(0.0974585982230481,-0.995239580016992,0.));
#7541=DIRECTION('',(0.229098260733053,-0.973403301272957,0.));
#7542=DIRECTION('',(0.973403301272957,0.229098260733053,0.));
#7543=DIRECTION('',(-0.973403301272957,-0.229098260733053,0.));
#7544=DIRECTION('',(0.,0.,-1.));
#7545=DIRECTION('',(-0.973403301272957,-0.229098260733053,0.));
#7546=DIRECTION('',(0.,0.,-1.));
#7547=DIRECTION('',(-1.,0.,0.));
#7548=DIRECTION('',(0.,0.,1.));
#7549=DIRECTION('',(1.,0.,0.));
#7550=DIRECTION('',(0.53507218795225,0.844806340932638,0.));
#7551=DIRECTION('',(-0.844806340932638,0.53507218795225,0.));
#7552=DIRECTION('',(0.844806340932638,-0.53507218795225,0.));
#7553=DIRECTION('',(0.844806340932638,-0.53507218795225,0.));
#7554=DIRECTION('',(0.783453357981577,0.62145059004509,0.));
#7555=DIRECTION('',(-0.62145059004509,0.783453357981577,0.));
#7556=DIRECTION('',(0.62145059004509,-0.783453357981577,0.));
#7557=DIRECTION('',(0.62145059004509,-0.783453357981577,0.));
#7558=DIRECTION('',(0.89362756223027,0.448809291372611,0.));
#7559=DIRECTION('',(-0.448809291372611,0.89362756223027,0.));
#7560=DIRECTION('',(0.448809291372611,-0.89362756223027,0.));
#7561=DIRECTION('',(0.448809291372611,-0.89362756223027,0.));
#7562=DIRECTION('',(0.955191143389635,0.295989661289043,0.));
#7563=DIRECTION('',(-0.295989661289043,0.955191143389635,0.));
#7564=DIRECTION('',(0.295989661289043,-0.955191143389635,0.));
#7565=DIRECTION('',(0.295989661289043,-0.955191143389635,0.));
#7566=DIRECTION('',(-1.,0.,0.));
#7567=DIRECTION('',(0.,0.,1.));
#7568=DIRECTION('',(0.,1.,0.));
#7569=DIRECTION('',(0.,1.,0.));
#7570=DIRECTION('',(0.974370064785235,-0.224951054343866,0.));
#7571=DIRECTION('',(0.224951054343866,0.974370064785235,0.));
#7572=DIRECTION('',(-0.224951054343866,-0.974370064785235,0.));
#7573=DIRECTION('',(-0.224951054343866,-0.974370064785235,0.));
#7574=DIRECTION('',(0.,0.,1.));
#7575=DIRECTION('',(-1.,0.,0.));
#7576=DIRECTION('',(0.,-1.,0.));
#7577=DIRECTION('',(0.,0.,1.));
#7578=DIRECTION('',(1.,0.,0.));
#7579=DIRECTION('',(0.,0.,-1.));
#7580=DIRECTION('',(-1.,0.,0.));
#7581=DIRECTION('',(0.,0.,-1.));
#7582=DIRECTION('',(-1.,0.,0.));
#7583=DIRECTION('',(0.,0.,-1.));
#7584=DIRECTION('',(-1.,0.,0.));
#7585=DIRECTION('',(0.,0.,-1.));
#7586=DIRECTION('',(-1.,0.,0.));
#7587=DIRECTION('',(0.,0.,-1.));
#7588=DIRECTION('',(-1.,0.,0.));
#7589=DIRECTION('',(0.,0.,-1.));
#7590=DIRECTION('',(-1.,0.,0.));
#7591=DIRECTION('',(1.,0.,0.));
#7592=DIRECTION('',(0.,0.,-1.));
#7593=DIRECTION('',(0.,0.,1.));
#7594=DIRECTION('',(1.,0.,0.));
#7595=DIRECTION('',(0.,0.,-1.));
#7596=DIRECTION('',(0.,0.,1.));
#7597=DIRECTION('',(1.,0.,0.));
#7598=DIRECTION('',(0.,0.,-1.));
#7599=DIRECTION('',(0.,0.,1.));
#7600=DIRECTION('',(0.,-1.,0.));
#7601=DIRECTION('',(-1.,0.,0.));
#7602=DIRECTION('',(1.,0.,0.));
#7603=DIRECTION('',(0.,0.,1.));
#7604=DIRECTION('',(0.,1.,0.));
#7605=DIRECTION('',(0.,0.,1.));
#7606=DIRECTION('',(0.,0.,-1.));
#7607=DIRECTION('',(1.,0.,0.));
#7608=DIRECTION('',(0.,0.,-1.));
#7609=DIRECTION('',(-1.,0.,0.));
#7610=DIRECTION('',(0.,0.,-1.));
#7611=DIRECTION('',(0.,0.,-1.));
#7612=DIRECTION('',(-1.,0.,0.));
#7613=DIRECTION('',(-1.,0.,0.));
#7614=DIRECTION('',(0.,0.,1.));
#7615=DIRECTION('',(0.,1.,0.));
#7616=DIRECTION('',(0.,0.,1.));
#7617=DIRECTION('',(-1.,0.,0.));
#7618=DIRECTION('',(0.,0.,1.));
#7619=DIRECTION('',(1.,0.,0.));
#7620=DIRECTION('',(-1.,0.,0.));
#7621=DIRECTION('',(1.85037170770859E-16,-1.,0.));
#7622=DIRECTION('',(0.,1.,0.));
#7623=DIRECTION('',(0.,0.,1.));
#7624=DIRECTION('',(0.,1.,0.));
#7625=DIRECTION('',(0.,0.,1.));
#7626=DIRECTION('',(0.,0.,-1.));
#7627=DIRECTION('',(0.,0.,-1.));
#7628=DIRECTION('',(-1.,0.,0.));
#7629=DIRECTION('',(0.,0.,-1.));
#7630=DIRECTION('',(-1.,0.,0.));
#7631=DIRECTION('',(0.,0.,1.));
#7632=DIRECTION('',(1.85037170770859E-16,-1.,0.));
#7633=DIRECTION('',(1.,1.85037170770859E-16,0.));
#7634=DIRECTION('',(0.,1.,0.));
#7635=DIRECTION('',(0.,0.,1.));
#7636=DIRECTION('',(0.,0.,1.));
#7637=DIRECTION('',(1.,0.,0.));
#7638=DIRECTION('',(-1.,0.,0.));
#7639=DIRECTION('',(0.,0.,1.));
#7640=DIRECTION('',(1.,0.,0.));
#7641=DIRECTION('',(0.,0.,-1.));
#7642=DIRECTION('',(1.,0.,0.));
#7643=DIRECTION('',(0.,0.,-1.));
#7644=DIRECTION('',(1.,0.,0.));
#7645=DIRECTION('',(0.,0.,-1.));
#7646=DIRECTION('',(0.,0.,1.));
#7647=DIRECTION('',(1.,0.,0.));
#7648=DIRECTION('',(0.,-1.,0.));
#7649=DIRECTION('',(0.,0.,-1.));
#7650=DIRECTION('',(0.,-1.,0.));
#7651=DIRECTION('',(0.,0.,-1.));
#7652=DIRECTION('',(1.85037170770859E-16,1.,0.));
#7653=DIRECTION('',(-1.,1.85037170770859E-16,0.));
#7654=DIRECTION('',(0.,1.,0.));
#7655=DIRECTION('',(0.,0.,1.));
#7656=DIRECTION('',(0.,0.,1.));
#7657=DIRECTION('',(1.,0.,0.));
#7658=DIRECTION('',(1.,0.,0.));
#7659=DIRECTION('',(0.,0.,-1.));
#7660=DIRECTION('',(1.,0.,0.));
#7661=DIRECTION('',(0.,0.,-1.));
#7662=DIRECTION('',(0.,1.,0.));
#7663=DIRECTION('',(0.,0.,1.));
#7664=DIRECTION('',(0.,1.,0.));
#7665=DIRECTION('',(0.,0.,1.));
#7666=DIRECTION('',(0.,0.,1.));
#7667=DIRECTION('',(1.,0.,0.));
#7668=DIRECTION('',(1.,-3.46944695195361E-15,-3.46944695195361E-15));
#7669=DIRECTION('',(-3.46944695195361E-15,0.,-1.));
#7670=DIRECTION('',(0.,1.,0.));
#7671=DIRECTION('',(0.,0.,1.));
#7672=DIRECTION('',(0.707106781186548,0.707106781186548,0.));
#7673=DIRECTION('',(0.707106781186548,-0.707106781186548,0.));
#7674=DIRECTION('',(1.,0.,0.));
#7675=DIRECTION('',(0.,0.,-1.));
#7676=DIRECTION('',(0.,-1.,0.));
#7677=DIRECTION('',(0.,0.,-1.));
#7678=DIRECTION('',(-1.46680908375065E-16,-1.,0.));
#7679=DIRECTION('',(1.,-1.46680908375065E-16,0.));
#7680=DIRECTION('',(1.11849006424316E-16,1.,0.));
#7681=DIRECTION('',(-1.,1.11849006424316E-16,0.));
#7682=DIRECTION('',(1.11849006424316E-16,-1.,0.));
#7683=DIRECTION('',(1.,1.11849006424316E-16,0.));
#7684=DIRECTION('',(-1.46680908375065E-16,1.,0.));
#7685=DIRECTION('',(-1.,-1.46680908375065E-16,0.));
#7686=DIRECTION('',(0.,1.,0.));
#7687=DIRECTION('',(0.,0.,1.));
#7688=DIRECTION('',(-1.,0.,0.));
#7689=DIRECTION('',(0.,0.,1.));
#7690=DIRECTION('',(-0.707106781186548,0.,-0.707106781186548));
#7691=DIRECTION('',(-0.707106781186548,0.,0.707106781186548));
#7692=DIRECTION('',(0.,0.,1.));
#7693=DIRECTION('',(1.,0.,0.));
#7694=DIRECTION('',(1.,0.,0.));
#7695=DIRECTION('',(0.,0.,-1.));
#7696=DIRECTION('',(0.707106781186548,0.,-0.707106781186548));
#7697=DIRECTION('',(0.707106781186548,0.,0.707106781186548));
#7698=DIRECTION('',(0.,0.,-1.));
#7699=DIRECTION('',(-1.,0.,0.));
#7700=DIRECTION('',(0.,0.,-1.));
#7701=DIRECTION('',(-1.,0.,0.));
#7702=DIRECTION('',(0.707106781186548,0.,-0.707106781186547));
#7703=DIRECTION('',(-0.707106781186547,0.,-0.707106781186548));
#7704=DIRECTION('',(0.,0.,1.));
#7705=DIRECTION('',(1.,0.,0.));
#7706=DIRECTION('',(0.707106781186547,0.,0.707106781186548));
#7707=DIRECTION('',(-0.707106781186548,0.,0.707106781186547));
#7708=DIRECTION('',(1.,0.,3.67971646419323E-16));
#7709=DIRECTION('',(3.67971646419323E-16,0.,-1.));
#7710=DIRECTION('',(0.,0.,1.));
#7711=DIRECTION('',(1.,0.,0.));
#7712=DIRECTION('',(0.707106781186548,0.,0.707106781186548));
#7713=DIRECTION('',(-0.707106781186548,0.,0.707106781186548));
#7714=DIRECTION('',(1.,0.,0.));
#7715=DIRECTION('',(0.,0.,-1.));
#7716=DIRECTION('',(0.707106781186548,0.,-0.707106781186548));
#7717=DIRECTION('',(0.707106781186548,0.,0.707106781186548));
#7718=DIRECTION('',(0.,0.,-1.));
#7719=DIRECTION('',(-1.,0.,0.));
#7720=DIRECTION('',(0.,1.,0.));
#7721=DIRECTION('',(0.,0.,1.));
#7722=DIRECTION('',(0.,0.,1.));
#7723=DIRECTION('',(1.,0.,0.));
#7724=DIRECTION('',(0.,0.,1.));
#7725=DIRECTION('',(1.,0.,0.));
#7726=DIRECTION('',(0.,-1.,0.));
#7727=DIRECTION('',(0.,0.,-1.));
#7728=CARTESIAN_POINT('',(0.,0.,0.));
#7729=CARTESIAN_POINT('',(-0.0108094424150477,-0.064420801409562,0.002));
#7730=CARTESIAN_POINT('',(-0.0235933978110552,-0.0627542361617088,0.002));
#7731=CARTESIAN_POINT('',(-0.0235933978110552,-0.0627542361617088,0.0015));
#7732=CARTESIAN_POINT('',(-0.0235933978110552,-0.0627542361617088,0.001));
#7733=CARTESIAN_POINT('',(-0.0108094424150477,-0.064420801409562,0.0015));
#7734=CARTESIAN_POINT('',(-0.0202084820520128,-0.0555966862020627,0.0015));
#7735=CARTESIAN_POINT('',(-0.0202084820520128,-0.0555966862020627,0.0015));
#7736=CARTESIAN_POINT('',(-0.0202084820520128,-0.0555966862020627,0.001));
#7737=CARTESIAN_POINT('',(-0.0108094424150477,-0.064420801409562,0.001));
#7738=CARTESIAN_POINT('',(0.0108094424150477,-0.064420801409562,0.002));
#7739=CARTESIAN_POINT('',(0.011,-0.0515300821472679,0.001));
#7740=CARTESIAN_POINT('',(0.0107359126642599,-0.0515261782654215,0.001));
#7741=CARTESIAN_POINT('',(0.0105,-0.0515323879818265,0.0012358846089213));
#7742=CARTESIAN_POINT('',(0.0105,-0.0515323879818265,0.0015));
#7743=CARTESIAN_POINT('',(0.011,-0.0515300821472679,0.001));
#7744=CARTESIAN_POINT('',(0.0105,-0.0515323879818265,0.0015));
#7745=CARTESIAN_POINT('',(0.0108094424150477,-0.064420801409562,0.0015));
#7746=CARTESIAN_POINT('',(0.0135,-0.0518125558863134,0.0015));
#7747=CARTESIAN_POINT('',(0.0135,-0.0518125558863134,0.0015));
#7748=CARTESIAN_POINT('',(0.0135,-0.0518125558863134,0.001));
#7749=CARTESIAN_POINT('',(0.0108094424150477,-0.064420801409562,0.001));
#7750=CARTESIAN_POINT('',(-0.0175,-0.0715323879818266,-1.7347234759768E-18));
#7751=CARTESIAN_POINT('',(-0.0325,-0.0715323879818266,-1.7347234759768E-18));
#7752=CARTESIAN_POINT('',(-0.0325,-0.0715323879818266,-0.005));
#7753=CARTESIAN_POINT('',(-0.0325,-0.0715323879818266,0.0025));
#7754=CARTESIAN_POINT('',(0.033,-0.0715323879818266,0.0025));
#7755=CARTESIAN_POINT('',(-0.00484138317886997,-0.0715323879818266,0.0025));
#7756=CARTESIAN_POINT('',(-0.00484138317886997,-0.0715323879818266,0.002));
#7757=CARTESIAN_POINT('',(-0.00534138317886997,-0.0715323879818266,0.002));
#7758=CARTESIAN_POINT('',(-0.0165,-0.0715323879818266,0.002));
#7759=CARTESIAN_POINT('',(-0.008,-0.0715323879818266,0.002));
#7760=CARTESIAN_POINT('',(-0.008,-0.0715323879818266,0.0015));
#7761=CARTESIAN_POINT('',(-0.0085,-0.0715323879818266,0.0015));
#7762=CARTESIAN_POINT('',(-0.0165,-0.0715323879818266,0.0015));
#7763=CARTESIAN_POINT('',(-0.0105,-0.0715323879818266,0.0015));
#7764=CARTESIAN_POINT('',(-0.0105,-0.0715323879818266,0.0015));
#7765=CARTESIAN_POINT('',(-0.0105,-0.0715323879818266,0.001));
#7766=CARTESIAN_POINT('',(-0.0155,-0.0715323879818266,0.001));
#7767=CARTESIAN_POINT('',(-0.031,-0.0715323879818266,0.000999999999999988));
#7768=CARTESIAN_POINT('',(-0.031,-0.0715323879818266,-0.002));
#7769=CARTESIAN_POINT('',(-0.031,-0.0715323879818266,-0.005));
#7770=CARTESIAN_POINT('',(-0.032,-0.0715323879818266,-0.005));
#7771=CARTESIAN_POINT('',(0.0105,-0.0275323879818265,0.));
#7772=CARTESIAN_POINT('',(0.0105,-0.0275323879818265,0.0015));
#7773=CARTESIAN_POINT('',(0.0105,-0.0270323879818265,0.0015));
#7774=CARTESIAN_POINT('',(0.0105,-0.0285323879818265,0.0015));
#7775=CARTESIAN_POINT('',(0.0105,-0.0285323879818265,0.001));
#7776=CARTESIAN_POINT('',(0.0105,-0.0280323879818265,0.001));
#7777=CARTESIAN_POINT('',(0.0105,-0.0280323879818265,0.));
#7778=CARTESIAN_POINT('',(0.0105,-0.0280323879818265,-0.005));
#7779=CARTESIAN_POINT('',(0.0105,-0.0275323879818265,-0.005));
#7780=CARTESIAN_POINT('',(0.0105,-0.0270323879818265,-0.005));
#7781=CARTESIAN_POINT('',(0.0105,-0.0270323879818265,0.));
#7782=CARTESIAN_POINT('',(0.0105,-0.0270323879818265,0.0005));
#7783=CARTESIAN_POINT('',(0.0105,-0.0270323879818265,0.0015));
#7784=CARTESIAN_POINT('',(0.0145,-0.0327823879818266,0.));
#7785=CARTESIAN_POINT('',(0.0145,-0.0550323879818266,0.001));
#7786=CARTESIAN_POINT('',(0.0145,-0.0699147284030914,0.001));
#7787=CARTESIAN_POINT('',(0.0145,-0.0705323879818266,0.001));
#7788=CARTESIAN_POINT('',(0.0145,-0.0705323879818266,0.0005));
#7789=CARTESIAN_POINT('',(0.0145,-0.0700323879818266,0.0005));
#7790=CARTESIAN_POINT('',(0.0145,-0.0700323879818266,0.001));
#7791=CARTESIAN_POINT('',(0.0145,-0.0700323879818266,0.));
#7792=CARTESIAN_POINT('',(0.0145,-0.0230161939909132,0.));
#7793=CARTESIAN_POINT('',(0.0145,-0.0699147284030914,0.));
#7794=CARTESIAN_POINT('',(0.0145,-0.0699147284030914,0.));
#7795=CARTESIAN_POINT('',(0.0185,-0.0562823879818266,0.));
#7796=CARTESIAN_POINT('',(0.0185,-0.0562823879818266,0.));
#7797=CARTESIAN_POINT('',(0.0185,-0.0699147284030914,0.));
#7798=CARTESIAN_POINT('',(0.0185,-0.0700323879818266,0.));
#7799=CARTESIAN_POINT('',(0.0185,-0.0700323879818266,0.));
#7800=CARTESIAN_POINT('',(0.0185,-0.0700323879818266,-0.005));
#7801=CARTESIAN_POINT('',(0.0185,-0.0562823879818266,-0.005));
#7802=CARTESIAN_POINT('',(0.0185,-0.0699147284030914,-0.005));
#7803=CARTESIAN_POINT('',(0.0185,-0.0699147284030914,0.));
#7804=CARTESIAN_POINT('',(0.,-0.0230161939909132,0.));
#7805=CARTESIAN_POINT('',(0.0165,-0.0700323879818266,0.));
#7806=CARTESIAN_POINT('',(0.,-0.0699147284030914,0.));
#7807=CARTESIAN_POINT('',(0.,-0.0230161939909132,0.001));
#7808=CARTESIAN_POINT('',(0.031,-0.0700323879818266,0.000999999999999988));
#7809=CARTESIAN_POINT('',(0.031,-0.0705323879818266,0.000999999999999988));
#7810=CARTESIAN_POINT('',(0.031,-0.0715323879818266,0.000999999999999988));
#7811=CARTESIAN_POINT('',(0.,-0.0705323879818266,0.001));
#7812=CARTESIAN_POINT('',(0.0170466989055276,-0.0699147284030914,0.001));
#7813=CARTESIAN_POINT('',(0.0105,-0.0699147284030914,0.001));
#7814=CARTESIAN_POINT('',(0.0105,-0.0515323879818266,0.001));
#7815=CARTESIAN_POINT('',(0.0105,-0.0715323879818266,0.001));
#7816=CARTESIAN_POINT('',(0.0155,-0.0715323879818266,0.001));
#7817=CARTESIAN_POINT('',(0.,-0.0230161939909132,0.0025));
#7818=CARTESIAN_POINT('',(0.,0.,0.0025));
#7819=CARTESIAN_POINT('',(0.00534138317886991,-0.0285038528226709,0.0025));
#7820=CARTESIAN_POINT('',(-0.00484138317886998,-0.0285930237805545,0.0025));
#7821=CARTESIAN_POINT('',(-0.00484138317886997,-0.0230161939909132,0.0025));
#7822=CARTESIAN_POINT('',(-0.0165,-0.0715323879818266,0.0025));
#7823=CARTESIAN_POINT('',(0.00534138317886997,-0.0715323879818266,0.0025));
#7824=CARTESIAN_POINT('',(0.00534138317886997,-0.0517681204022487,0.0025));
#7825=CARTESIAN_POINT('',(0.0105,-0.0275323879818265,0.0015));
#7826=CARTESIAN_POINT('',(0.0105,-0.0275323879818265,0.0015));
#7827=CARTESIAN_POINT('',(0.0105,-0.0699147284030914,0.0015));
#7828=CARTESIAN_POINT('',(0.0105,-0.0715323879818266,0.0015));
#7829=CARTESIAN_POINT('',(0.0105,-0.0715323879818266,0.0015));
#7830=CARTESIAN_POINT('',(0.0105,-0.0699147284030914,0.002));
#7831=CARTESIAN_POINT('',(0.00525,-0.0510323879818266,0.0015));
#7832=CARTESIAN_POINT('',(0.0105,-0.0285323879818265,0.0015));
#7833=CARTESIAN_POINT('',(0.012,-0.0285323879818265,0.0015));
#7834=CARTESIAN_POINT('',(0.,0.,0.0015));
#7835=CARTESIAN_POINT('',(0.0085,-0.0277263412660236,0.0015));
#7836=CARTESIAN_POINT('',(0.0085,-0.0513793646239251,0.0015));
#7837=CARTESIAN_POINT('',(0.0085,-0.0715323879818266,0.0015));
#7838=CARTESIAN_POINT('',(0.0165,-0.0715323879818266,0.0015));
#7839=CARTESIAN_POINT('',(0.0105,-0.0275323879818265,0.0015));
#7840=CARTESIAN_POINT('',(0.0105,-0.0275323879818265,0.0015));
#7841=CARTESIAN_POINT('',(0.0105,-0.0290323879818266,0.0015));
#7842=CARTESIAN_POINT('',(0.01125,-0.0290323879818266,0.0015));
#7843=CARTESIAN_POINT('',(0.012,-0.0290323879818266,0.0015));
#7844=CARTESIAN_POINT('',(0.012,-0.0305323879818265,0.0015));
#7845=CARTESIAN_POINT('',(0.0135,-0.0305323879818265,0.0015));
#7846=CARTESIAN_POINT('',(0.0135,-0.04117247193407,0.0015));
#7847=CARTESIAN_POINT('',(0.0108094424150477,-0.064420801409562,0.0015));
#7848=CARTESIAN_POINT('',(0.0202084820520128,-0.0555966862020627,0.0015));
#7849=CARTESIAN_POINT('',(0.0105,-0.0645671414998326,0.0015));
#7850=CARTESIAN_POINT('',(0.014,-0.051820624642136,0.0015));
#7851=CARTESIAN_POINT('',(0.014,-0.0510323879818266,0.0015));
#7852=CARTESIAN_POINT('',(0.014,-0.0305323879818265,0.0015));
#7853=CARTESIAN_POINT('',(0.012,-0.0305323879818265,0.0015));
#7854=CARTESIAN_POINT('',(0.00525,-0.0510323879818266,0.002));
#7855=CARTESIAN_POINT('',(0.0165,-0.0715323879818266,0.002));
#7856=CARTESIAN_POINT('',(0.008,-0.0715323879818266,0.002));
#7857=CARTESIAN_POINT('',(0.00584138317886997,-0.0715323879818266,0.002));
#7858=CARTESIAN_POINT('',(0.008,-0.0510323879818266,0.002));
#7859=CARTESIAN_POINT('',(0.008,-0.0278747197295327,0.002));
#7860=CARTESIAN_POINT('',(0.,0.,0.002));
#7861=CARTESIAN_POINT('',(0.00584138317886997,-0.0284056023093617,0.002));
#7862=CARTESIAN_POINT('',(0.00584138317886997,-0.0715323879818266,0.002));
#7863=CARTESIAN_POINT('',(-0.0175,-0.0730323879818266,-1.7347234759768E-18));
#7864=CARTESIAN_POINT('',(0.035,-0.0730323879818266,0.0045));
#7865=CARTESIAN_POINT('',(-0.0345,-0.0730323879818266,0.0045));
#7866=CARTESIAN_POINT('',(0.0345,-0.0730323879818266,0.0045));
#7867=CARTESIAN_POINT('',(0.0345,-0.0730323879818266,-0.005));
#7868=CARTESIAN_POINT('',(0.0345,-0.0730323879818266,-0.005));
#7869=CARTESIAN_POINT('',(0.034,-0.0730323879818266,-0.005));
#7870=CARTESIAN_POINT('',(0.033,-0.0730323879818266,-0.005));
#7871=CARTESIAN_POINT('',(0.033,-0.0730323879818266,-1.7347234759768E-18));
#7872=CARTESIAN_POINT('',(0.033,-0.0730323879818266,0.003));
#7873=CARTESIAN_POINT('',(-0.0175,-0.0730323879818266,0.003));
#7874=CARTESIAN_POINT('',(-0.033,-0.0730323879818266,0.003));
#7875=CARTESIAN_POINT('',(-0.033,-0.0730323879818266,-1.7347234759768E-18));
#7876=CARTESIAN_POINT('',(-0.033,-0.0730323879818266,-0.005));
#7877=CARTESIAN_POINT('',(-0.034,-0.0730323879818266,-0.005));
#7878=CARTESIAN_POINT('',(-0.0345,-0.0730323879818266,-0.005));
#7879=CARTESIAN_POINT('',(-0.0345,-0.0730323879818266,-1.7347234759768E-18));
#7880=CARTESIAN_POINT('',(0.,-0.0230161939909132,0.001));
#7881=CARTESIAN_POINT('',(0.01125,-0.0290323879818266,0.001));
#7882=CARTESIAN_POINT('',(0.011,-0.0290323879818266,0.001));
#7883=CARTESIAN_POINT('',(0.012,-0.0290323879818266,0.001));
#7884=CARTESIAN_POINT('',(0.011,-0.0230161939909132,0.001));
#7885=CARTESIAN_POINT('',(0.0135,-0.04117247193407,0.001));
#7886=CARTESIAN_POINT('',(0.0135,-0.0305323879818265,0.001));
#7887=CARTESIAN_POINT('',(0.012,-0.0305323879818265,0.001));
#7888=CARTESIAN_POINT('',(0.0185,-0.0562823879818266,0.));
#7889=CARTESIAN_POINT('',(0.0185,-0.0375323879818266,0.));
#7890=CARTESIAN_POINT('',(0.0185,-0.0375323879818266,0.));
#7891=CARTESIAN_POINT('',(0.0185,-0.0375323879818266,-0.005));
#7892=CARTESIAN_POINT('',(0.0185,-0.0562823879818266,0.));
#7893=CARTESIAN_POINT('',(0.0185,-0.0540446089147777,-1.7347234759768E-18));
#7894=CARTESIAN_POINT('',(0.0185,-0.0540446089147777,-0.005002));
#7895=CARTESIAN_POINT('',(0.0185,-0.0540446089147777,-0.005));
#7896=CARTESIAN_POINT('',(0.0185,-0.0562823879818266,-0.005));
#7897=CARTESIAN_POINT('',(0.0145,-0.0327823879818266,0.));
#7898=CARTESIAN_POINT('',(0.0145,-0.0305323879818265,0.));
#7899=CARTESIAN_POINT('',(0.0145,-0.0305323879818265,0.001));
#7900=CARTESIAN_POINT('',(0.0145,-0.0305323879818265,-0.005));
#7901=CARTESIAN_POINT('',(0.0145,-0.0327823879818266,0.001));
#7902=CARTESIAN_POINT('',(0.0145,-0.0519685823757286,0.001));
#7903=CARTESIAN_POINT('',(0.0145,-0.0519685823757286,-0.005002));
#7904=CARTESIAN_POINT('',(0.0145,-0.0519685823757286,0.));
#7905=CARTESIAN_POINT('',(0.0145,-0.0230161939909132,0.));
#7906=CARTESIAN_POINT('',(0.0145,-0.0360323879818265,0.));
#7907=CARTESIAN_POINT('',(0.0145,-0.0360323879818265,0.0005));
#7908=CARTESIAN_POINT('',(0.0145,-0.0360323879818265,0.0005));
#7909=CARTESIAN_POINT('',(0.0145,-0.0230161939909132,0.0005));
#7910=CARTESIAN_POINT('',(0.0145,-0.0355323879818265,0.0005));
#7911=CARTESIAN_POINT('',(0.0145,-0.0355323879818265,0.));
#7912=CARTESIAN_POINT('',(0.0145,-0.0350323879818266,0.));
#7913=CARTESIAN_POINT('',(0.0145,-0.0350323879818266,0.));
#7914=CARTESIAN_POINT('',(0.0145,-0.0350323879818266,-0.005));
#7915=CARTESIAN_POINT('',(0.0145,-0.0327823879818266,-0.005));
#7916=CARTESIAN_POINT('',(0.,-0.0230161939909132,0.001));
#7917=CARTESIAN_POINT('',(-0.0105,-0.0515323879818266,0.001));
#7918=CARTESIAN_POINT('',(-0.0105,-0.0290323879818266,0.001));
#7919=CARTESIAN_POINT('',(-0.0105,-0.0515323879818265,0.001));
#7920=CARTESIAN_POINT('',(-0.01125,-0.0290323879818266,0.001));
#7921=CARTESIAN_POINT('',(-0.012,-0.0290323879818266,0.001));
#7922=CARTESIAN_POINT('',(-0.012,-0.0305323879818265,0.001));
#7923=CARTESIAN_POINT('',(-0.0135,-0.0305323879818265,0.001));
#7924=CARTESIAN_POINT('',(-0.0135,-0.04117247193407,0.001));
#7925=CARTESIAN_POINT('',(-0.0135,-0.0518125558863134,0.001));
#7926=CARTESIAN_POINT('',(-0.0108094424150477,-0.064420801409562,0.001));
#7927=CARTESIAN_POINT('',(-0.0105,-0.0275323879818265,0.));
#7928=CARTESIAN_POINT('',(-0.0105,-0.0280323879818265,0.));
#7929=CARTESIAN_POINT('',(-0.0105,-0.0280323879818265,0.001));
#7930=CARTESIAN_POINT('',(-0.0105,-0.0280323879818265,-0.005));
#7931=CARTESIAN_POINT('',(-0.0105,-0.0270323879818265,0.001));
#7932=CARTESIAN_POINT('',(-0.0105,-0.0270323879818265,0.001));
#7933=CARTESIAN_POINT('',(-0.0105,-0.0270323879818265,0.0015));
#7934=CARTESIAN_POINT('',(-0.0105,-0.0270323879818265,0.0005));
#7935=CARTESIAN_POINT('',(-0.0105,-0.0270323879818265,0.));
#7936=CARTESIAN_POINT('',(-0.0105,-0.0270323879818265,-0.005));
#7937=CARTESIAN_POINT('',(-0.0105,-0.0275323879818265,-0.005));
#7938=CARTESIAN_POINT('',(-0.0108094424150477,-0.064420801409562,0.002));
#7939=CARTESIAN_POINT('',(-0.0135,-0.0518125558863134,0.0015));
#7940=CARTESIAN_POINT('',(-0.0135,-0.0518125558863134,0.0015));
#7941=CARTESIAN_POINT('',(-0.0108094424150477,-0.064420801409562,0.0015));
#7942=CARTESIAN_POINT('',(-0.0105,-0.0515323879818265,0.0015));
#7943=CARTESIAN_POINT('',(-0.0108094424150477,-0.064420801409562,0.0015));
#7944=CARTESIAN_POINT('',(-0.01,-0.0515541095942901,0.0015));
#7945=CARTESIAN_POINT('',(-0.01,-0.0515541095942901,0.0015));
#7946=CARTESIAN_POINT('',(-0.0102637304751929,-0.0515375183340169,0.0015));
#7947=CARTESIAN_POINT('',(-0.0105,-0.0515323879818265,0.00126426070456382));
#7948=CARTESIAN_POINT('',(-0.0105,-0.0515323879818265,0.001));
#7949=CARTESIAN_POINT('',(-0.0145,-0.0327823879818266,0.));
#7950=CARTESIAN_POINT('',(-0.0145,-0.0519685823757286,-0.005002));
#7951=CARTESIAN_POINT('',(-0.0145,-0.0519685823757286,0.));
#7952=CARTESIAN_POINT('',(-0.0145,-0.0519685823757286,0.001));
#7953=CARTESIAN_POINT('',(-0.0145,-0.0305323879818265,0.001));
#7954=CARTESIAN_POINT('',(-0.0145,-0.0305323879818265,0.001));
#7955=CARTESIAN_POINT('',(-0.0145,-0.0305323879818265,0.));
#7956=CARTESIAN_POINT('',(-0.0145,-0.0305323879818265,-0.005));
#7957=CARTESIAN_POINT('',(-0.0145,-0.0327823879818266,-0.005));
#7958=CARTESIAN_POINT('',(-0.0145,-0.0350323879818266,-0.005));
#7959=CARTESIAN_POINT('',(-0.0145,-0.0350323879818266,0.));
#7960=CARTESIAN_POINT('',(-0.0145,-0.0350323879818266,0.));
#7961=CARTESIAN_POINT('',(-0.0145,-0.0355323879818265,0.));
#7962=CARTESIAN_POINT('',(-0.0145,-0.0355323879818265,0.0005));
#7963=CARTESIAN_POINT('',(-0.0145,-0.0230161939909132,0.0005));
#7964=CARTESIAN_POINT('',(-0.0145,-0.0360323879818265,0.0005));
#7965=CARTESIAN_POINT('',(-0.0145,-0.0360323879818265,0.0005));
#7966=CARTESIAN_POINT('',(-0.0145,-0.0360323879818265,0.));
#7967=CARTESIAN_POINT('',(-0.0145,-0.0230161939909132,0.));
#7968=CARTESIAN_POINT('',(-0.0105,-0.0645671414998326,-0.005002));
#7969=CARTESIAN_POINT('',(-0.0105,-0.0645671414998326,0.));
#7970=CARTESIAN_POINT('',(-0.0175,-0.053354483830772,0.));
#7971=CARTESIAN_POINT('',(-0.0175,-0.053354483830772,0.0005));
#7972=CARTESIAN_POINT('',(-0.0175,-0.053354483830772,0.0005));
#7973=CARTESIAN_POINT('',(-0.0105,-0.0645671414998326,0.0005));
#7974=CARTESIAN_POINT('',(-0.018,-0.0536825794046658,0.0005));
#7975=CARTESIAN_POINT('',(-0.018,-0.0536825794046658,0.0005));
#7976=CARTESIAN_POINT('',(-0.0181215765330253,-0.0537663516308443,0.0005));
#7977=CARTESIAN_POINT('',(-0.018359192042556,-0.0539368679832108,0.000418036674074434));
#7978=CARTESIAN_POINT('',(-0.0185,-0.0540446089147777,0.0001486843902856));
#7979=CARTESIAN_POINT('',(-0.0185,-0.0540446089147777,-9.25092692422397E-19));
#7980=CARTESIAN_POINT('',(-0.0185,-0.0540446089147777,-1.7347234759768E-18));
#7981=CARTESIAN_POINT('',(-0.0185,-0.0540446089147777,-0.005002));
#7982=CARTESIAN_POINT('',(-0.0185,-0.0540446089147777,-0.005));
#7983=CARTESIAN_POINT('',(-0.0105,-0.0645671414998326,-0.005));
#7984=CARTESIAN_POINT('',(-0.0235933978110552,-0.0627542361617088,-0.005));
#7985=CARTESIAN_POINT('',(-0.0235933978110552,-0.0627542361617088,-0.005002));
#7986=CARTESIAN_POINT('',(-0.0105,-0.0645671414998326,0.001));
#7987=CARTESIAN_POINT('',(-0.0105,-0.0645671414998326,0.0015));
#7988=CARTESIAN_POINT('',(-0.014,-0.051820624642136,0.0015));
#7989=CARTESIAN_POINT('',(-0.014,-0.051820624642136,0.0015));
#7990=CARTESIAN_POINT('',(-0.0142600497599871,-0.0518920303579183,0.0015));
#7991=CARTESIAN_POINT('',(-0.0145,-0.0519685823757286,0.00127000047684251));
#7992=CARTESIAN_POINT('',(-0.0145,-0.0519685823757286,0.00100000000000001));
#7993=CARTESIAN_POINT('',(-0.0145,-0.0327823879818266,0.));
#7994=CARTESIAN_POINT('',(-0.0145,-0.0700323879818266,0.001));
#7995=CARTESIAN_POINT('',(-0.0145,-0.0700323879818266,0.0005));
#7996=CARTESIAN_POINT('',(-0.0145,-0.0700323879818266,0.));
#7997=CARTESIAN_POINT('',(-0.0145,-0.0705323879818266,0.0005));
#7998=CARTESIAN_POINT('',(-0.0145,-0.0705323879818266,0.001));
#7999=CARTESIAN_POINT('',(-0.0145,-0.0550323879818266,0.001));
#8000=CARTESIAN_POINT('',(-0.0145,-0.0699147284030914,0.001));
#8001=CARTESIAN_POINT('',(-0.0145,-0.0699147284030914,0.));
#8002=CARTESIAN_POINT('',(-0.0145,-0.0699147284030914,0.));
#8003=CARTESIAN_POINT('',(-0.0145,-0.0230161939909132,0.));
#8004=CARTESIAN_POINT('',(0.,-0.0230161939909132,0.));
#8005=CARTESIAN_POINT('',(-0.0165,-0.0700323879818266,0.));
#8006=CARTESIAN_POINT('',(-0.0185,-0.0700323879818266,0.));
#8007=CARTESIAN_POINT('',(0.,-0.0699147284030914,0.));
#8008=CARTESIAN_POINT('',(-0.0185,-0.0699147284030914,0.));
#8009=CARTESIAN_POINT('',(-0.0185,-0.0562823879818266,0.));
#8010=CARTESIAN_POINT('',(-0.0185,-0.0562823879818266,0.));
#8011=CARTESIAN_POINT('',(-0.0185,-0.0700323879818266,0.));
#8012=CARTESIAN_POINT('',(-0.0185,-0.0700323879818266,-0.005));
#8013=CARTESIAN_POINT('',(-0.0185,-0.0699147284030914,0.));
#8014=CARTESIAN_POINT('',(-0.0185,-0.0699147284030914,-0.005));
#8015=CARTESIAN_POINT('',(-0.0185,-0.0562823879818266,-0.005));
#8016=CARTESIAN_POINT('',(0.,-0.0230161939909132,0.001));
#8017=CARTESIAN_POINT('',(0.,-0.0705323879818266,0.001));
#8018=CARTESIAN_POINT('',(-0.031,-0.0705323879818266,0.000999999999999988));
#8019=CARTESIAN_POINT('',(-0.031,-0.0700323879818266,0.000999999999999988));
#8020=CARTESIAN_POINT('',(-0.0105,-0.0515323879818266,0.001));
#8021=CARTESIAN_POINT('',(-0.0105,-0.0699147284030914,0.001));
#8022=CARTESIAN_POINT('',(-0.0170466989055276,-0.0699147284030914,0.001));
#8023=CARTESIAN_POINT('',(-0.0105,-0.0275323879818265,0.0015));
#8024=CARTESIAN_POINT('',(-0.0105,-0.0275323879818265,0.0015));
#8025=CARTESIAN_POINT('',(-0.0105,-0.0699147284030914,0.0015));
#8026=CARTESIAN_POINT('',(-0.0105,-0.0699147284030914,0.002));
#8027=CARTESIAN_POINT('',(-0.00525,-0.0510323879818266,0.0015));
#8028=CARTESIAN_POINT('',(-0.01,-0.0515323879818265,0.0015));
#8029=CARTESIAN_POINT('',(-0.01,-0.0290323879818266,0.0015));
#8030=CARTESIAN_POINT('',(-0.0105,-0.0275323879818265,0.0015));
#8031=CARTESIAN_POINT('',(-0.0085,-0.0513793646239251,0.0015));
#8032=CARTESIAN_POINT('',(-0.0085,-0.0277263412660236,0.0015));
#8033=CARTESIAN_POINT('',(0.,0.,0.0015));
#8034=CARTESIAN_POINT('',(-0.01,-0.0272213151776324,0.0015));
#8035=CARTESIAN_POINT('',(-0.01,-0.0280323879818265,0.0015));
#8036=CARTESIAN_POINT('',(-0.01,-0.0285323879818265,0.0015));
#8037=CARTESIAN_POINT('',(-0.00525,-0.0285323879818265,0.0015));
#8038=CARTESIAN_POINT('',(-0.012,-0.0285323879818265,0.0015));
#8039=CARTESIAN_POINT('',(-0.012,-0.0305323879818265,0.0015));
#8040=CARTESIAN_POINT('',(-0.014,-0.0305323879818265,0.0015));
#8041=CARTESIAN_POINT('',(-0.014,-0.0519685823757286,0.0015));
#8042=CARTESIAN_POINT('',(-0.0108094424150477,-0.064420801409562,0.0015));
#8043=CARTESIAN_POINT('',(-0.0135,-0.04117247193407,0.0015));
#8044=CARTESIAN_POINT('',(-0.0135,-0.0305323879818265,0.0015));
#8045=CARTESIAN_POINT('',(-0.012,-0.0305323879818265,0.0015));
#8046=CARTESIAN_POINT('',(-0.012,-0.0290323879818266,0.0015));
#8047=CARTESIAN_POINT('',(-0.01125,-0.0290323879818266,0.0015));
#8048=CARTESIAN_POINT('',(-0.00525,-0.0510323879818266,0.002));
#8049=CARTESIAN_POINT('',(0.,0.,0.002));
#8050=CARTESIAN_POINT('',(-0.00534138317886991,-0.0285038528226709,0.002));
#8051=CARTESIAN_POINT('',(-0.008,-0.0278747197295327,0.002));
#8052=CARTESIAN_POINT('',(-0.008,-0.0715323879818266,0.002));
#8053=CARTESIAN_POINT('',(-0.00534138317886997,-0.0517681204022487,0.002));
#8054=CARTESIAN_POINT('',(0.,0.,-0.0170882614711289));
#8055=CARTESIAN_POINT('',(0.,0.,0.0005));
#8056=CARTESIAN_POINT('',(0.,0.,-0.005));
#8057=CARTESIAN_POINT('',(0.,-0.0230161939909132,0.));
#8058=CARTESIAN_POINT('',(-0.01525,-0.0360323879818265,0.));
#8059=CARTESIAN_POINT('',(-0.016,-0.0360323879818265,0.));
#8060=CARTESIAN_POINT('',(-0.016,-0.0375323879818266,0.));
#8061=CARTESIAN_POINT('',(-0.0175,-0.0375323879818266,0.));
#8062=CARTESIAN_POINT('',(-0.0175,-0.0454434359062993,0.));
#8063=CARTESIAN_POINT('',(0.,0.,-0.0170882614711289));
#8064=CARTESIAN_POINT('',(0.,0.,0.0045));
#8065=CARTESIAN_POINT('',(0.0066229577403209,0.0220258128288135,0.0045));
#8066=CARTESIAN_POINT('',(0.0220258128288135,0.0066229577403209,0.0045));
#8067=CARTESIAN_POINT('',(0.0220258128288135,0.0066229577403209,0.0025));
#8068=CARTESIAN_POINT('',(0.0220258128288135,0.00662295774032089,0.004));
#8069=CARTESIAN_POINT('',(0.,0.,0.004));
#8070=CARTESIAN_POINT('',(0.0066229577403209,0.0220258128288135,0.004));
#8071=CARTESIAN_POINT('',(0.0066229577403209,0.0220258128288135,0.0025));
#8072=CARTESIAN_POINT('',(0.,0.,-0.0170882614711289));
#8073=CARTESIAN_POINT('',(0.,0.,0.0045));
#8074=CARTESIAN_POINT('',(-0.0066229577403209,-0.0220258128288135,0.0045));
#8075=CARTESIAN_POINT('',(-0.0220258128288135,-0.0066229577403209,0.0045));
#8076=CARTESIAN_POINT('',(-0.0220258128288135,-0.0066229577403209,0.0025));
#8077=CARTESIAN_POINT('',(-0.0220258128288135,-0.0066229577403209,0.004));
#8078=CARTESIAN_POINT('',(0.,0.,0.004));
#8079=CARTESIAN_POINT('',(-0.00662295774032082,-0.0220258128288135,0.004));
#8080=CARTESIAN_POINT('',(-0.00662295774032089,-0.0220258128288135,0.0025));
#8081=CARTESIAN_POINT('',(0.,0.,-0.0170882614711289));
#8082=CARTESIAN_POINT('',(0.,0.,0.004));
#8083=CARTESIAN_POINT('',(0.0066229577403209,-0.0220258128288135,0.004));
#8084=CARTESIAN_POINT('',(0.0220258128288135,-0.00662295774032082,0.004));
#8085=CARTESIAN_POINT('',(0.0220258128288135,-0.0066229577403209,0.0025));
#8086=CARTESIAN_POINT('',(0.0220258128288135,-0.0066229577403209,0.0045));
#8087=CARTESIAN_POINT('',(0.,0.,0.0045));
#8088=CARTESIAN_POINT('',(0.0066229577403209,-0.0220258128288135,0.0045));
#8089=CARTESIAN_POINT('',(0.0066229577403209,-0.0220258128288135,0.0025));
#8090=CARTESIAN_POINT('',(-0.02375,0.,0.004));
#8091=CARTESIAN_POINT('',(0.0208134928339591,3.7269970995428E-17,0.004));
#8092=CARTESIAN_POINT('',(0.0231548880968366,0.00631277729869945,0.004));
#8093=CARTESIAN_POINT('',(0.,0.,0.004));
#8094=CARTESIAN_POINT('',(0.00631277729869946,0.0231548880968366,0.004));
#8095=CARTESIAN_POINT('',(3.59955121265187E-17,0.0208134928339591,0.004));
#8096=CARTESIAN_POINT('',(-0.02375,0.,0.004));
#8097=CARTESIAN_POINT('',(0.,0.,0.004));
#8098=CARTESIAN_POINT('',(-0.00631277729869945,0.0231548880968366,0.004));
#8099=CARTESIAN_POINT('',(-0.0231548880968366,0.00631277729869937,0.004));
#8100=CARTESIAN_POINT('',(-0.0208134928339591,3.21721355197911E-17,0.004));
#8101=CARTESIAN_POINT('',(-0.0220258128288135,0.00662295774032081,0.004));
#8102=CARTESIAN_POINT('',(0.,0.,0.004));
#8103=CARTESIAN_POINT('',(-0.00662295774032089,0.0220258128288135,0.004));
#8104=CARTESIAN_POINT('',(-3.59955121265187E-17,0.0208134928339591,0.004));
#8105=CARTESIAN_POINT('',(-0.02375,0.,0.004));
#8106=CARTESIAN_POINT('',(0.,0.,0.004));
#8107=CARTESIAN_POINT('',(0.00631277729869945,-0.0231548880968366,0.004));
#8108=CARTESIAN_POINT('',(0.0231548880968366,-0.00631277729869937,0.004));
#8109=CARTESIAN_POINT('',(0.0208134928339591,-3.47210532576095E-17,0.004));
#8110=CARTESIAN_POINT('',(3.85444298643372E-17,-0.0208134928339591,0.004));
#8111=CARTESIAN_POINT('',(0.,0.,-0.0170882614711289));
#8112=CARTESIAN_POINT('',(0.,0.,0.0035));
#8113=CARTESIAN_POINT('',(0.00606496538105552,0.0237374428893805,0.0035));
#8114=CARTESIAN_POINT('',(0.0237374428893805,0.00606496538105552,0.0035));
#8115=CARTESIAN_POINT('',(0.0237374428893805,0.00606496538105552,0.0025));
#8116=CARTESIAN_POINT('',(0.0237374428893805,0.00606496538105552,0.003));
#8117=CARTESIAN_POINT('',(0.,0.,0.003));
#8118=CARTESIAN_POINT('',(0.00606496538105552,0.0237374428893805,0.003));
#8119=CARTESIAN_POINT('',(0.00606496538105552,0.0237374428893805,0.0025));
#8120=CARTESIAN_POINT('',(0.,0.,-0.0170882614711289));
#8121=CARTESIAN_POINT('',(0.,0.,0.0035));
#8122=CARTESIAN_POINT('',(-0.00606496538105543,-0.0237374428893805,0.0035));
#8123=CARTESIAN_POINT('',(-0.0237374428893805,-0.00606496538105552,0.0035));
#8124=CARTESIAN_POINT('',(-0.0237374428893805,-0.00606496538105552,0.0025));
#8125=CARTESIAN_POINT('',(-0.0237374428893805,-0.00606496538105553,0.003));
#8126=CARTESIAN_POINT('',(0.,0.,0.003));
#8127=CARTESIAN_POINT('',(-0.00606496538105544,-0.0237374428893805,0.003));
#8128=CARTESIAN_POINT('',(-0.00606496538105552,-0.0237374428893805,0.0025));
#8129=CARTESIAN_POINT('',(0.,0.,-0.0170882614711289));
#8130=CARTESIAN_POINT('',(0.,0.,0.003));
#8131=CARTESIAN_POINT('',(0.00606496538105553,-0.0237374428893805,0.003));
#8132=CARTESIAN_POINT('',(0.0237374428893805,-0.00606496538105544,0.003));
#8133=CARTESIAN_POINT('',(0.0237374428893805,-0.00606496538105552,0.0025));
#8134=CARTESIAN_POINT('',(0.0237374428893805,-0.00606496538105544,0.0035));
#8135=CARTESIAN_POINT('',(0.,0.,0.0035));
#8136=CARTESIAN_POINT('',(0.00606496538105552,-0.0237374428893805,0.0035));
#8137=CARTESIAN_POINT('',(0.00606496538105552,-0.0237374428893805,0.0025));
#8138=CARTESIAN_POINT('',(-0.02525,0.,0.003));
#8139=CARTESIAN_POINT('',(0.0208134928339591,3.7269970995428E-17,0.003));
#8140=CARTESIAN_POINT('',(0.0249385867915327,0.00532136155896121,0.003));
#8141=CARTESIAN_POINT('',(0.,0.,0.003));
#8142=CARTESIAN_POINT('',(0.00532136155896121,0.0249385867915327,0.003));
#8143=CARTESIAN_POINT('',(3.59955121265187E-17,0.0208134928339591,0.003));
#8144=CARTESIAN_POINT('',(-0.02525,0.,0.003));
#8145=CARTESIAN_POINT('',(0.,0.,0.003));
#8146=CARTESIAN_POINT('',(-0.00532136155896121,0.0249385867915327,0.003));
#8147=CARTESIAN_POINT('',(-0.0249385867915328,0.00532136155896112,0.003));
#8148=CARTESIAN_POINT('',(-0.0208134928339591,3.21721355197911E-17,0.003));
#8149=CARTESIAN_POINT('',(-0.0237374428893805,0.00606496538105544,0.003));
#8150=CARTESIAN_POINT('',(0.,0.,0.003));
#8151=CARTESIAN_POINT('',(-0.00606496538105552,0.0237374428893805,0.003));
#8152=CARTESIAN_POINT('',(-3.59955121265187E-17,0.0208134928339591,0.003));
#8153=CARTESIAN_POINT('',(-0.02525,0.,0.003));
#8154=CARTESIAN_POINT('',(0.,0.,0.003));
#8155=CARTESIAN_POINT('',(0.00532136155896122,-0.0249385867915327,0.003));
#8156=CARTESIAN_POINT('',(0.0249385867915328,-0.00532136155896112,0.003));
#8157=CARTESIAN_POINT('',(0.0208134928339591,-3.47210532576095E-17,0.003));
#8158=CARTESIAN_POINT('',(3.85444298643372E-17,-0.0208134928339591,0.003));
#8159=CARTESIAN_POINT('',(0.,0.,-0.0170882614711289));
#8160=CARTESIAN_POINT('',(-0.0255571759011411,0.00477815445105439,0.0025));
#8161=CARTESIAN_POINT('',(-0.0255571758958195,0.00477815447951861,0.0025));
#8162=CARTESIAN_POINT('',(-0.0255571759011411,0.00477815445105431,0.002));
#8163=CARTESIAN_POINT('',(0.,0.,0.0025));
#8164=CARTESIAN_POINT('',(-0.0047781544510544,0.0255571759011411,0.0025));
#8165=CARTESIAN_POINT('',(-0.0047781544510544,0.0255571759011411,0.0025));
#8166=CARTESIAN_POINT('',(-0.0047781544510544,0.0255571759011411,0.002));
#8167=CARTESIAN_POINT('',(0.,0.,0.002));
#8168=CARTESIAN_POINT('',(0.,0.,-0.0170882614711289));
#8169=CARTESIAN_POINT('',(0.,0.,0.0025));
#8170=CARTESIAN_POINT('',(-0.00477815447951862,-0.0255571758958195,0.0025));
#8171=CARTESIAN_POINT('',(-0.0255571758958167,-0.00477815447953346,0.0025));
#8172=CARTESIAN_POINT('',(-0.0255571759011411,-0.0047781544510544,0.0025));
#8173=CARTESIAN_POINT('',(-0.0255571759011411,-0.0047781544510544,0.002));
#8174=CARTESIAN_POINT('',(0.,0.,0.002));
#8175=CARTESIAN_POINT('',(-0.00477815445105431,-0.0255571759011411,0.002));
#8176=CARTESIAN_POINT('',(-0.00477815445105439,-0.0255571759011411,0.0025));
#8177=CARTESIAN_POINT('',(0.,0.,-0.0170882614711289));
#8178=CARTESIAN_POINT('',(0.,0.,0.0025));
#8179=CARTESIAN_POINT('',(0.0255571758958195,-0.00477815447951862,0.0025));
#8180=CARTESIAN_POINT('',(0.00477815447953352,-0.0255571758958167,0.0025));
#8181=CARTESIAN_POINT('',(0.0047781544510544,-0.0255571759011411,0.0025));
#8182=CARTESIAN_POINT('',(0.0047781544510544,-0.0255571759011411,0.002));
#8183=CARTESIAN_POINT('',(0.,0.,0.002));
#8184=CARTESIAN_POINT('',(0.0255571759011411,-0.00477815445105431,0.002));
#8185=CARTESIAN_POINT('',(0.0255571759011411,-0.0047781544510544,0.0025));
#8186=CARTESIAN_POINT('',(-0.02675,0.,0.002));
#8187=CARTESIAN_POINT('',(0.,0.,0.002));
#8188=CARTESIAN_POINT('',(0.0255571759011411,0.0047781544510544,0.002));
#8189=CARTESIAN_POINT('',(0.0047781544510544,0.0255571759011411,0.002));
#8190=CARTESIAN_POINT('',(0.0208134928339591,3.7269970995428E-17,0.002));
#8191=CARTESIAN_POINT('',(0.0268303884374225,0.0030216313966172,0.002));
#8192=CARTESIAN_POINT('',(0.,0.,0.002));
#8193=CARTESIAN_POINT('',(0.00302163139661721,0.0268303884374225,0.002));
#8194=CARTESIAN_POINT('',(3.59955121265187E-17,0.0208134928339591,0.002));
#8195=CARTESIAN_POINT('',(-0.02675,0.,0.002));
#8196=CARTESIAN_POINT('',(0.,0.,0.002));
#8197=CARTESIAN_POINT('',(-0.00302163139661685,0.0268303884374226,0.002));
#8198=CARTESIAN_POINT('',(-0.0268303884374225,0.0030216313966171,0.002));
#8199=CARTESIAN_POINT('',(-0.0208134928339591,3.21721355197911E-17,0.002));
#8200=CARTESIAN_POINT('',(-3.59955121265187E-17,0.0208134928339591,0.002));
#8201=CARTESIAN_POINT('',(-0.02675,0.,0.002));
#8202=CARTESIAN_POINT('',(0.,0.,0.002));
#8203=CARTESIAN_POINT('',(0.0030216313966172,-0.0268303884374225,0.002));
#8204=CARTESIAN_POINT('',(0.0268303884374225,-0.0030216313966171,0.002));
#8205=CARTESIAN_POINT('',(0.0208134928339591,-3.47210532576095E-17,0.002));
#8206=CARTESIAN_POINT('',(3.85444298643372E-17,-0.0208134928339591,0.002));
#8207=CARTESIAN_POINT('',(0.,0.,-0.0170882614711289));
#8208=CARTESIAN_POINT('',(-0.0274850118640955,0.000907812111908516,0.0025));
#8209=CARTESIAN_POINT('',(-0.0274850118576597,0.000907812306761537,0.0015));
#8210=CARTESIAN_POINT('',(-0.0274850118640955,0.000907812111908421,0.001));
#8211=CARTESIAN_POINT('',(0.,0.,0.0015));
#8212=CARTESIAN_POINT('',(-0.000907812111908567,0.0274850118640955,0.0015));
#8213=CARTESIAN_POINT('',(-0.000907812111908521,0.0274850118640955,0.0025));
#8214=CARTESIAN_POINT('',(-0.000907812111908521,0.0274850118640955,0.001));
#8215=CARTESIAN_POINT('',(0.,0.,0.001));
#8216=CARTESIAN_POINT('',(0.,0.,-0.0170882614711289));
#8217=CARTESIAN_POINT('',(0.,0.,0.0015));
#8218=CARTESIAN_POINT('',(-0.000907812306761539,-0.0274850118576597,0.0015));
#8219=CARTESIAN_POINT('',(-0.0274850118576595,-0.000907812306767508,0.0015));
#8220=CARTESIAN_POINT('',(-0.0274850118640955,-0.000907812111908526,0.0025));
#8221=CARTESIAN_POINT('',(-0.0274850118640955,-0.000907812111908526,0.001));
#8222=CARTESIAN_POINT('',(0.,0.,0.001));
#8223=CARTESIAN_POINT('',(-0.000907812111908422,-0.0274850118640955,0.001));
#8224=CARTESIAN_POINT('',(-0.000907812111908517,-0.0274850118640955,0.0025));
#8225=CARTESIAN_POINT('',(0.,0.,-0.0170882614711289));
#8226=CARTESIAN_POINT('',(0.,0.,0.0015));
#8227=CARTESIAN_POINT('',(0.0274850118576597,-0.000907812306761545,0.0015));
#8228=CARTESIAN_POINT('',(0.00090781230676751,-0.0274850118576595,0.0015));
#8229=CARTESIAN_POINT('',(0.000907812111908524,-0.0274850118640955,0.0025));
#8230=CARTESIAN_POINT('',(0.000907812111908524,-0.0274850118640955,0.001));
#8231=CARTESIAN_POINT('',(0.,0.,0.001));
#8232=CARTESIAN_POINT('',(0.0274850118640955,-0.000907812111908424,0.001));
#8233=CARTESIAN_POINT('',(0.0274850118640955,-0.000907812111908519,0.0025));
#8234=CARTESIAN_POINT('',(0.,0.,0.0015));
#8235=CARTESIAN_POINT('',(-0.0274850118640955,0.000907812111908742,0.00150000003773201));
#8236=CARTESIAN_POINT('',(-0.0274850118591183,0.000907812148486694,0.0015499187050642));
#8237=CARTESIAN_POINT('',(-0.0274710739262657,0.00100861169655915,0.0016068909932417));
#8238=CARTESIAN_POINT('',(-0.027443952536485,0.00117583174418432,0.00168036471670263));
#8239=CARTESIAN_POINT('',(-0.0273994398396924,0.00140935393402014,0.00175117599474455));
#8240=CARTESIAN_POINT('',(-0.0273351633919214,0.0016813878144323,0.00182104227371282));
#8241=CARTESIAN_POINT('',(-0.0272328957007518,0.00204657826375449,0.00190017717969818));
#8242=CARTESIAN_POINT('',(-0.0270741810608777,0.00249947144952586,0.00197429167629301));
#8243=CARTESIAN_POINT('',(-0.0269169799616989,0.0028492039581484,0.00199999999999999));
#8244=CARTESIAN_POINT('',(-0.0268303884374226,0.00302163139661712,0.002));
#8245=CARTESIAN_POINT('',(-0.000907812111908748,0.0274850118640955,0.00149999999999996));
#8246=CARTESIAN_POINT('',(-0.000907812111908714,0.0274850118640955,0.00154991867530042));
#8247=CARTESIAN_POINT('',(-0.00100861166956673,0.0274710739303982,0.00160689098110512));
#8248=CARTESIAN_POINT('',(-0.00117583171261146,0.0274439525420254,0.00168036470531118));
#8249=CARTESIAN_POINT('',(-0.00140935390889743,0.0273994398451861,0.00175117598814432));
#8250=CARTESIAN_POINT('',(-0.00168138779268996,0.0273351633975634,0.00182104226856674));
#8251=CARTESIAN_POINT('',(-0.00204657824809968,0.0272328957059142,0.00190017717693841));
#8252=CARTESIAN_POINT('',(-0.00249947144117706,0.0270741810644789,0.00197429167547746));
#8253=CARTESIAN_POINT('',(-0.00284920395543292,0.0269169799630626,0.00199999999999998));
#8254=CARTESIAN_POINT('',(-0.0030216313966169,0.0268303884374227,0.002));
#8255=CARTESIAN_POINT('',(0.,0.,0.0015));
#8256=CARTESIAN_POINT('',(-0.0274850118640955,-0.000907812111908755,0.00150000003773316));
#8257=CARTESIAN_POINT('',(-0.0274850118591181,-0.000907812148487825,0.00154991870506511));
#8258=CARTESIAN_POINT('',(-0.0274710739262656,-0.00100861169655999,0.00160689099324208));
#8259=CARTESIAN_POINT('',(-0.0274439525364848,-0.00117583174418531,0.00168036471670297));
#8260=CARTESIAN_POINT('',(-0.0273994398396922,-0.00140935393402093,0.00175117599474476));
#8261=CARTESIAN_POINT('',(-0.0273351633919212,-0.00168138781443301,0.00182104227371298));
#8262=CARTESIAN_POINT('',(-0.0272328957007516,-0.00204657826375502,0.00190017717969827));
#8263=CARTESIAN_POINT('',(-0.0270741810608776,-0.00249947144952619,0.00197429167629304));
#8264=CARTESIAN_POINT('',(-0.0269169799616988,-0.00284920395814856,0.002));
#8265=CARTESIAN_POINT('',(-0.0268303884374226,-0.00302163139661721,0.002));
#8266=CARTESIAN_POINT('',(-0.0268303884374225,-0.00302163139661721,0.002));
#8267=CARTESIAN_POINT('',(-0.000907812111908743,-0.0274850118640955,0.00150000003773201));
#8268=CARTESIAN_POINT('',(-0.000907812148486695,-0.0274850118591183,0.0015499187050642));
#8269=CARTESIAN_POINT('',(-0.00100861169655915,-0.0274710739262657,0.0016068909932417));
#8270=CARTESIAN_POINT('',(-0.00117583174418432,-0.027443952536485,0.00168036471670263));
#8271=CARTESIAN_POINT('',(-0.00140935393402014,-0.0273994398396924,0.00175117599474455));
#8272=CARTESIAN_POINT('',(-0.00168138781443231,-0.0273351633919214,0.00182104227371282));
#8273=CARTESIAN_POINT('',(-0.00204657826375449,-0.0272328957007518,0.00190017717969818));
#8274=CARTESIAN_POINT('',(-0.00249947144952586,-0.0270741810608777,0.00197429167629301));
#8275=CARTESIAN_POINT('',(-0.0028492039581484,-0.0269169799616989,0.00199999999999999));
#8276=CARTESIAN_POINT('',(-0.00302163139661712,-0.0268303884374226,0.002));
#8277=CARTESIAN_POINT('',(-0.0030216313966171,-0.0268303884374225,0.002));
#8278=CARTESIAN_POINT('',(0.,0.,0.002));
#8279=CARTESIAN_POINT('',(0.,0.,0.0015));
#8280=CARTESIAN_POINT('',(0.000907812111908753,-0.0274850118640955,0.00150000003773316));
#8281=CARTESIAN_POINT('',(0.000907812148487824,-0.0274850118591181,0.00154991870506511));
#8282=CARTESIAN_POINT('',(0.00100861169655999,-0.0274710739262656,0.00160689099324207));
#8283=CARTESIAN_POINT('',(0.00117583174418531,-0.0274439525364848,0.00168036471670297));
#8284=CARTESIAN_POINT('',(0.00140935393402093,-0.0273994398396922,0.00175117599474476));
#8285=CARTESIAN_POINT('',(0.00168138781443301,-0.0273351633919212,0.00182104227371298));
#8286=CARTESIAN_POINT('',(0.00204657826375502,-0.0272328957007516,0.00190017717969827));
#8287=CARTESIAN_POINT('',(0.00249947144952619,-0.0270741810608776,0.00197429167629304));
#8288=CARTESIAN_POINT('',(0.00284920395814856,-0.0269169799616988,0.002));
#8289=CARTESIAN_POINT('',(0.00302163139661721,-0.0268303884374226,0.002));
#8290=CARTESIAN_POINT('',(0.0274850118640955,-0.000907812111908745,0.00150000003773201));
#8291=CARTESIAN_POINT('',(0.0274850118591183,-0.000907812148486698,0.0015499187050642));
#8292=CARTESIAN_POINT('',(0.0274710739262657,-0.00100861169655915,0.0016068909932417));
#8293=CARTESIAN_POINT('',(0.027443952536485,-0.00117583174418432,0.00168036471670263));
#8294=CARTESIAN_POINT('',(0.0273994398396924,-0.00140935393402014,0.00175117599474455));
#8295=CARTESIAN_POINT('',(0.0273351633919214,-0.00168138781443231,0.00182104227371282));
#8296=CARTESIAN_POINT('',(0.0272328957007518,-0.00204657826375449,0.00190017717969818));
#8297=CARTESIAN_POINT('',(0.0270741810608777,-0.00249947144952586,0.00197429167629301));
#8298=CARTESIAN_POINT('',(0.0269169799616989,-0.0028492039581484,0.00199999999999999));
#8299=CARTESIAN_POINT('',(0.0268303884374226,-0.00302163139661713,0.002));
#8300=CARTESIAN_POINT('',(0.,0.,0.0025));
#8301=CARTESIAN_POINT('',(-0.0255571759011411,0.00477815445105444,0.0025000000049517));
#8302=CARTESIAN_POINT('',(-0.0255571758989369,0.00477815445324275,0.00267817298461651));
#8303=CARTESIAN_POINT('',(-0.0253379488220097,0.00499524812802793,0.00293663866208081));
#8304=CARTESIAN_POINT('',(-0.0250771749590745,0.00521392867619553,0.00299999999999998));
#8305=CARTESIAN_POINT('',(-0.0249385867915328,0.00532136155896117,0.003));
#8306=CARTESIAN_POINT('',(-0.00477815445105444,0.0255571759011411,0.00249999999999999));
#8307=CARTESIAN_POINT('',(-0.00477815445105444,0.0255571759011411,0.0026781729811363));
#8308=CARTESIAN_POINT('',(-0.00499524812644939,0.0253379488238199,0.00293663866170029));
#8309=CARTESIAN_POINT('',(-0.00521392867569796,0.0250771749597164,0.003));
#8310=CARTESIAN_POINT('',(-0.00532136155896124,0.0249385867915327,0.003));
#8311=CARTESIAN_POINT('',(0.,0.,0.0025));
#8312=CARTESIAN_POINT('',(-0.0255571759011411,-0.00477815445105445,0.00250000000495429));
#8313=CARTESIAN_POINT('',(-0.0255571758989358,-0.0047781544532439,0.00267817298461835));
#8314=CARTESIAN_POINT('',(-0.0253379488220088,-0.00499524812802879,0.00293663866208104));
#8315=CARTESIAN_POINT('',(-0.0250771749590741,-0.00521392867619585,0.003));
#8316=CARTESIAN_POINT('',(-0.0249385867915327,-0.00532136155896124,0.003));
#8317=CARTESIAN_POINT('',(-0.0249385867915327,-0.00532136155896122,0.003));
#8318=CARTESIAN_POINT('',(-0.00477815445105444,-0.0255571759011411,0.0025000000049517));
#8319=CARTESIAN_POINT('',(-0.00477815445324276,-0.0255571758989369,0.00267817298461652));
#8320=CARTESIAN_POINT('',(-0.00499524812802793,-0.0253379488220098,0.00293663866208081));
#8321=CARTESIAN_POINT('',(-0.00521392867619553,-0.0250771749590745,0.00299999999999998));
#8322=CARTESIAN_POINT('',(-0.00532136155896118,-0.0249385867915328,0.003));
#8323=CARTESIAN_POINT('',(-0.00532136155896112,-0.0249385867915328,0.003));
#8324=CARTESIAN_POINT('',(0.,0.,0.003));
#8325=CARTESIAN_POINT('',(0.,0.,0.0025));
#8326=CARTESIAN_POINT('',(0.00477815445105444,-0.0255571759011411,0.0025000000049543));
#8327=CARTESIAN_POINT('',(0.00477815445324391,-0.0255571758989358,0.00267817298461836));
#8328=CARTESIAN_POINT('',(0.0049952481280288,-0.0253379488220088,0.00293663866208103));
#8329=CARTESIAN_POINT('',(0.00521392867619584,-0.0250771749590741,0.003));
#8330=CARTESIAN_POINT('',(0.00532136155896124,-0.0249385867915327,0.003));
#8331=CARTESIAN_POINT('',(0.0255571759011411,-0.00477815445105444,0.0025000000049517));
#8332=CARTESIAN_POINT('',(0.0255571758989369,-0.00477815445324276,0.00267817298461652));
#8333=CARTESIAN_POINT('',(0.0253379488220098,-0.00499524812802793,0.00293663866208081));
#8334=CARTESIAN_POINT('',(0.0250771749590745,-0.00521392867619553,0.00299999999999998));
#8335=CARTESIAN_POINT('',(0.0249385867915328,-0.00532136155896118,0.003));
#8336=CARTESIAN_POINT('',(0.,0.,0.0035));
#8337=CARTESIAN_POINT('',(0.0237374428893804,0.00606496538105555,0.00349999999999999));
#8338=CARTESIAN_POINT('',(0.0237374428893804,0.00606496538105555,0.00365048595485323));
#8339=CARTESIAN_POINT('',(0.0235702087956803,0.00614680634998589,0.00391853849261607));
#8340=CARTESIAN_POINT('',(0.0232939393972831,0.00626120347615558,0.004));
#8341=CARTESIAN_POINT('',(0.0231548880968366,0.00631277729869948,0.00400000000000001));
#8342=CARTESIAN_POINT('',(0.00606496538105555,0.0237374428893804,0.00349999999999999));
#8343=CARTESIAN_POINT('',(0.00606496538105555,0.0237374428893804,0.00365048595485323));
#8344=CARTESIAN_POINT('',(0.00614680634998589,0.0235702087956803,0.00391853849261607));
#8345=CARTESIAN_POINT('',(0.00626120347615558,0.023293939397283,0.00400000000000001));
#8346=CARTESIAN_POINT('',(0.00631277729869948,0.0231548880968366,0.00400000000000001));
#8347=CARTESIAN_POINT('',(0.,0.,0.0035));
#8348=CARTESIAN_POINT('',(-0.0237374428893804,0.00606496538105555,0.00349999999999998));
#8349=CARTESIAN_POINT('',(-0.0237374428893804,0.00606496538105554,0.00365048595485322));
#8350=CARTESIAN_POINT('',(-0.0235702087956803,0.00614680634998587,0.00391853849261605));
#8351=CARTESIAN_POINT('',(-0.0232939393972831,0.00626120347615557,0.004));
#8352=CARTESIAN_POINT('',(-0.0231548880968366,0.00631277729869946,0.00400000000000001));
#8353=CARTESIAN_POINT('',(-0.0237374428893805,0.00606496538105543,0.0035));
#8354=CARTESIAN_POINT('',(-0.00606496538105555,0.0237374428893804,0.00349999999999999));
#8355=CARTESIAN_POINT('',(-0.00606496538105555,0.0237374428893804,0.00365048595485323));
#8356=CARTESIAN_POINT('',(-0.00614680634998589,0.0235702087956803,0.00391853849261607));
#8357=CARTESIAN_POINT('',(-0.00626120347615558,0.0232939393972831,0.004));
#8358=CARTESIAN_POINT('',(-0.00631277729869948,0.0231548880968366,0.00400000000000001));
#8359=CARTESIAN_POINT('',(-0.00606496538105552,0.0237374428893805,0.0035));
#8360=CARTESIAN_POINT('',(0.,0.,0.0035));
#8361=CARTESIAN_POINT('',(0.,0.,0.0035));
#8362=CARTESIAN_POINT('',(0.0237374428893804,-0.00606496538105555,0.00349999999999998));
#8363=CARTESIAN_POINT('',(0.0237374428893804,-0.00606496538105555,0.00365048595485322));
#8364=CARTESIAN_POINT('',(0.0235702087956803,-0.00614680634998588,0.00391853849261606));
#8365=CARTESIAN_POINT('',(0.0232939393972831,-0.00626120347615557,0.004));
#8366=CARTESIAN_POINT('',(0.0231548880968366,-0.00631277729869946,0.00400000000000001));
#8367=CARTESIAN_POINT('',(0.00606496538105556,-0.0237374428893804,0.00349999999999999));
#8368=CARTESIAN_POINT('',(0.00606496538105556,-0.0237374428893804,0.00365048595485323));
#8369=CARTESIAN_POINT('',(0.00614680634998589,-0.0235702087956803,0.00391853849261607));
#8370=CARTESIAN_POINT('',(0.00626120347615558,-0.0232939393972831,0.00400000000000001));
#8371=CARTESIAN_POINT('',(0.00631277729869948,-0.0231548880968366,0.00400000000000001));
#8372=CARTESIAN_POINT('',(0.,0.,0.0045));
#8373=CARTESIAN_POINT('',(0.0220258128288135,0.00662295774032094,0.0045));
#8374=CARTESIAN_POINT('',(0.0220258128288134,0.00662295774032094,0.00477793931982117));
#8375=CARTESIAN_POINT('',(0.0217552194127675,0.00667258028305304,0.00500000000001399));
#8376=CARTESIAN_POINT('',(0.0214792923533366,0.00670000000000115,0.00500000000001534));
#8377=CARTESIAN_POINT('',(0.0214792923533342,0.0067,0.005));
#8378=CARTESIAN_POINT('',(0.00662295774032093,0.0220258128288135,0.0045));
#8379=CARTESIAN_POINT('',(0.00662295774032093,0.0220258128288135,0.00477793931982117));
#8380=CARTESIAN_POINT('',(0.00667258028305304,0.0217552194127675,0.00500000000001399));
#8381=CARTESIAN_POINT('',(0.00670000000000115,0.0214792923533366,0.00500000000001534));
#8382=CARTESIAN_POINT('',(0.0067,0.0214792923533342,0.005));
#8383=CARTESIAN_POINT('',(0.,0.,0.005));
#8384=CARTESIAN_POINT('',(0.,0.,0.0045));
#8385=CARTESIAN_POINT('',(0.0220258128288135,-0.00662295774032093,0.0045));
#8386=CARTESIAN_POINT('',(0.0220258128288134,-0.00662295774032093,0.00477793931982117));
#8387=CARTESIAN_POINT('',(0.0217552194127675,-0.00667258028305304,0.00500000000001399));
#8388=CARTESIAN_POINT('',(0.0214792923533366,-0.00670000000000115,0.00500000000001534));
#8389=CARTESIAN_POINT('',(0.0214792923533342,-0.0067,0.005));
#8390=CARTESIAN_POINT('',(0.,0.,0.005));
#8391=CARTESIAN_POINT('',(0.0067,-0.0214792923533342,0.005));
#8392=CARTESIAN_POINT('',(0.00662295774032094,-0.0220258128288135,0.0045));
#8393=CARTESIAN_POINT('',(0.00662295774032094,-0.0220258128288134,0.00477793931982117));
#8394=CARTESIAN_POINT('',(0.00667258028305304,-0.0217552194127675,0.00500000000001399));
#8395=CARTESIAN_POINT('',(0.00670000000000115,-0.0214792923533366,0.00500000000001534));
#8396=CARTESIAN_POINT('',(0.,0.,0.0045));
#8397=CARTESIAN_POINT('',(-0.0220258128288134,-0.00662295774032094,0.0045));
#8398=CARTESIAN_POINT('',(-0.0220258128288134,-0.00662295774032094,0.00477793931982117));
#8399=CARTESIAN_POINT('',(-0.0217552194127675,-0.00667258028305304,0.00500000000001399));
#8400=CARTESIAN_POINT('',(-0.0214792923533366,-0.00670000000000115,0.00500000000001534));
#8401=CARTESIAN_POINT('',(-0.0214792923533342,-0.0067,0.005));
#8402=CARTESIAN_POINT('',(-0.00662295774032093,-0.0220258128288135,0.0045));
#8403=CARTESIAN_POINT('',(-0.00662295774032093,-0.0220258128288134,0.00477793931982117));
#8404=CARTESIAN_POINT('',(-0.00667258028305304,-0.0217552194127675,0.00500000000001399));
#8405=CARTESIAN_POINT('',(-0.00670000000000115,-0.0214792923533366,0.00500000000001534));
#8406=CARTESIAN_POINT('',(-0.0067,-0.0214792923533342,0.005));
#8407=CARTESIAN_POINT('',(0.,0.,0.005));
#8408=CARTESIAN_POINT('',(0.,0.,0.0045));
#8409=CARTESIAN_POINT('',(-0.0220258128288134,0.00662295774032093,0.0045));
#8410=CARTESIAN_POINT('',(-0.0220258128288134,0.00662295774032093,0.00477793931982117));
#8411=CARTESIAN_POINT('',(-0.0217552194127675,0.00667258028305304,0.00500000000001399));
#8412=CARTESIAN_POINT('',(-0.0214792923533366,0.00670000000000114,0.00500000000001534));
#8413=CARTESIAN_POINT('',(-0.0220258128288135,0.0066229577403209,0.0045));
#8414=CARTESIAN_POINT('',(-0.0214792923533342,0.0067,0.005));
#8415=CARTESIAN_POINT('',(0.,0.,0.005));
#8416=CARTESIAN_POINT('',(-0.0067,0.0214792923533342,0.005));
#8417=CARTESIAN_POINT('',(-0.00662295774032093,0.0220258128288135,0.0045));
#8418=CARTESIAN_POINT('',(-0.00662295774032093,0.0220258128288135,0.00477793931982117));
#8419=CARTESIAN_POINT('',(-0.00667258028305304,0.0217552194127675,0.00500000000001399));
#8420=CARTESIAN_POINT('',(-0.00670000000000115,0.0214792923533366,0.00500000000001534));
#8421=CARTESIAN_POINT('',(-0.0066229577403209,0.0220258128288135,0.0045));
#8422=CARTESIAN_POINT('',(0.,0.,0.0045));
#8423=CARTESIAN_POINT('',(-0.02225,0.,0.005));
#8424=CARTESIAN_POINT('',(0.,0.,0.005));
#8425=CARTESIAN_POINT('',(0.0215,0.,0.005));
#8426=CARTESIAN_POINT('',(0.,0.,0.005));
#8427=CARTESIAN_POINT('',(0.,0.,0.005));
#8428=CARTESIAN_POINT('',(0.,0.,0.005));
#8429=CARTESIAN_POINT('',(0.,0.,0.005));
#8430=CARTESIAN_POINT('',(0.,0.,-0.0170882614711289));
#8431=CARTESIAN_POINT('',(-0.0220258128288135,0.00662295774032089,0.0025));
#8432=CARTESIAN_POINT('',(-0.0066229577403209,0.0220258128288135,0.0025));
#8433=CARTESIAN_POINT('',(-0.02375,0.,0.004));
#8434=CARTESIAN_POINT('',(-0.0208134928339591,-3.98188887332464E-17,0.004));
#8435=CARTESIAN_POINT('',(-0.0231548880968366,-0.00631277729869945,0.004));
#8436=CARTESIAN_POINT('',(0.,0.,0.004));
#8437=CARTESIAN_POINT('',(-0.00631277729869937,-0.0231548880968366,0.004));
#8438=CARTESIAN_POINT('',(-3.34465943887003E-17,-0.0208134928339591,0.004));
#8439=CARTESIAN_POINT('',(0.,0.,-0.0170882614711289));
#8440=CARTESIAN_POINT('',(-0.0237374428893805,0.00606496538105551,0.0025));
#8441=CARTESIAN_POINT('',(-0.00606496538105552,0.0237374428893805,0.0025));
#8442=CARTESIAN_POINT('',(-0.02525,0.,0.003));
#8443=CARTESIAN_POINT('',(-0.0208134928339591,-3.98188887332464E-17,0.003));
#8444=CARTESIAN_POINT('',(-3.34465943887003E-17,-0.0208134928339591,0.003));
#8445=CARTESIAN_POINT('',(0.,0.,-0.0170882614711289));
#8446=CARTESIAN_POINT('',(0.,0.,0.0025));
#8447=CARTESIAN_POINT('',(0.0047781544510544,0.0255571759011411,0.0025));
#8448=CARTESIAN_POINT('',(0.0255571758958167,0.00477815447953345,0.0025));
#8449=CARTESIAN_POINT('',(0.0255571759011411,0.0047781544510544,0.0025));
#8450=CARTESIAN_POINT('',(0.0047781544510544,0.0255571759011411,0.0025));
#8451=CARTESIAN_POINT('',(-0.02675,0.,0.002));
#8452=CARTESIAN_POINT('',(-0.0208134928339591,-3.98188887332464E-17,0.002));
#8453=CARTESIAN_POINT('',(-3.34465943887003E-17,-0.0208134928339591,0.002));
#8454=CARTESIAN_POINT('',(0.,0.,-0.0170882614711289));
#8455=CARTESIAN_POINT('',(0.,0.,0.0015));
#8456=CARTESIAN_POINT('',(0.000907812111908567,0.0274850118640955,0.0015));
#8457=CARTESIAN_POINT('',(0.0274850118576595,0.000907812306767509,0.0015));
#8458=CARTESIAN_POINT('',(0.0274850118640955,0.000907812111908523,0.0025));
#8459=CARTESIAN_POINT('',(0.0274850118640955,0.000907812111908522,0.001));
#8460=CARTESIAN_POINT('',(0.,0.,0.001));
#8461=CARTESIAN_POINT('',(0.000907812111908518,0.0274850118640955,0.001));
#8462=CARTESIAN_POINT('',(0.000907812111908521,0.0274850118640955,0.0025));
#8463=CARTESIAN_POINT('',(-0.02825,0.,0.001));
#8464=CARTESIAN_POINT('',(0.,0.,0.001));
#8465=CARTESIAN_POINT('',(-0.0285,0.,0.001));
#8466=CARTESIAN_POINT('',(-0.0208134928339591,-3.98188887332464E-17,0.001));
#8467=CARTESIAN_POINT('',(-3.59955121265187E-17,0.0208134928339591,0.001));
#8468=CARTESIAN_POINT('',(0.0208134928339591,3.7269970995428E-17,0.001));
#8469=CARTESIAN_POINT('',(3.85444298643372E-17,-0.0208134928339591,0.001));
#8470=CARTESIAN_POINT('',(0.,0.,0.0015));
#8471=CARTESIAN_POINT('',(0.0274850118640955,0.000907812111908751,0.00150000003773316));
#8472=CARTESIAN_POINT('',(0.0274850118591181,0.000907812148487822,0.00154991870506511));
#8473=CARTESIAN_POINT('',(0.0274710739262656,0.00100861169655999,0.00160689099324207));
#8474=CARTESIAN_POINT('',(0.0274439525364848,0.00117583174418531,0.00168036471670297));
#8475=CARTESIAN_POINT('',(0.0273994398396922,0.00140935393402093,0.00175117599474476));
#8476=CARTESIAN_POINT('',(0.0273351633919212,0.00168138781443301,0.00182104227371298));
#8477=CARTESIAN_POINT('',(0.0272328957007516,0.00204657826375502,0.00190017717969827));
#8478=CARTESIAN_POINT('',(0.0270741810608776,0.00249947144952618,0.00197429167629304));
#8479=CARTESIAN_POINT('',(0.0269169799616988,0.00284920395814856,0.002));
#8480=CARTESIAN_POINT('',(0.0268303884374226,0.00302163139661721,0.002));
#8481=CARTESIAN_POINT('',(0.000907812111908748,0.0274850118640955,0.00149999999999996));
#8482=CARTESIAN_POINT('',(0.000907812111908714,0.0274850118640955,0.00154991867530042));
#8483=CARTESIAN_POINT('',(0.00100861166956676,0.0274710739303982,0.00160689098110513));
#8484=CARTESIAN_POINT('',(0.0011758317126115,0.0274439525420254,0.0016803647053112));
#8485=CARTESIAN_POINT('',(0.00140935390889751,0.0273994398451861,0.00175117598814434));
#8486=CARTESIAN_POINT('',(0.00168138779269008,0.0273351633975634,0.00182104226856677));
#8487=CARTESIAN_POINT('',(0.00204657824809986,0.0272328957059142,0.00190017717693845));
#8488=CARTESIAN_POINT('',(0.0024994714411773,0.0270741810644788,0.00197429167547749));
#8489=CARTESIAN_POINT('',(0.00284920395543321,0.0269169799630625,0.002));
#8490=CARTESIAN_POINT('',(0.00302163139661721,0.0268303884374226,0.002));
#8491=CARTESIAN_POINT('',(0.,0.,0.0025));
#8492=CARTESIAN_POINT('',(0.0255571759011411,0.00477815445105444,0.00250000000495429));
#8493=CARTESIAN_POINT('',(0.0255571758989358,0.0047781544532439,0.00267817298461835));
#8494=CARTESIAN_POINT('',(0.0253379488220088,0.00499524812802879,0.00293663866208103));
#8495=CARTESIAN_POINT('',(0.0250771749590741,0.00521392867619584,0.003));
#8496=CARTESIAN_POINT('',(0.0249385867915327,0.00532136155896124,0.003));
#8497=CARTESIAN_POINT('',(0.00477815445105444,0.0255571759011411,0.00249999999999999));
#8498=CARTESIAN_POINT('',(0.00477815445105444,0.0255571759011411,0.0026781729811363));
#8499=CARTESIAN_POINT('',(0.00499524812644939,0.0253379488238199,0.00293663866170029));
#8500=CARTESIAN_POINT('',(0.00521392867569796,0.0250771749597164,0.003));
#8501=CARTESIAN_POINT('',(0.00532136155896124,0.0249385867915327,0.003));
#8502=CARTESIAN_POINT('',(0.,0.,0.0035));
#8503=CARTESIAN_POINT('',(-0.0237374428893804,-0.00606496538105555,0.00349999999999999));
#8504=CARTESIAN_POINT('',(-0.0237374428893804,-0.00606496538105555,0.00365048595485323));
#8505=CARTESIAN_POINT('',(-0.0235702087956803,-0.00614680634998589,0.00391853849261607));
#8506=CARTESIAN_POINT('',(-0.023293939397283,-0.00626120347615558,0.004));
#8507=CARTESIAN_POINT('',(-0.0231548880968366,-0.00631277729869948,0.00400000000000001));
#8508=CARTESIAN_POINT('',(-0.00606496538105555,-0.0237374428893804,0.00349999999999998));
#8509=CARTESIAN_POINT('',(-0.00606496538105554,-0.0237374428893804,0.00365048595485322));
#8510=CARTESIAN_POINT('',(-0.00614680634998587,-0.0235702087956803,0.00391853849261605));
#8511=CARTESIAN_POINT('',(-0.00626120347615557,-0.0232939393972831,0.004));
#8512=CARTESIAN_POINT('',(-0.00631277729869946,-0.0231548880968366,0.00400000000000001));
#8513=CARTESIAN_POINT('',(0.,0.,-0.0170882614711289));
#8514=CARTESIAN_POINT('',(0.,0.,0.00425));
#8515=CARTESIAN_POINT('',(0.02225,0.,0.00425));
#8516=CARTESIAN_POINT('',(0.,0.,-0.005));
#8517=CARTESIAN_POINT('',(0.02225,0.,-0.005));
#8518=CARTESIAN_POINT('',(-0.021125,0.,0.00425));
#8519=CARTESIAN_POINT('',(0.,0.,0.00425));
#8520=CARTESIAN_POINT('',(0.02,0.,0.00425));
#8521=CARTESIAN_POINT('',(0.,0.,-0.0170882614711289));
#8522=CARTESIAN_POINT('',(0.,0.,0.006));
#8523=CARTESIAN_POINT('',(0.02,0.,0.006));
#8524=CARTESIAN_POINT('',(-0.02075,0.,0.006));
#8525=CARTESIAN_POINT('',(0.,0.,0.006));
#8526=CARTESIAN_POINT('',(-0.021,0.,0.006));
#8527=CARTESIAN_POINT('',(0.,0.,-0.0170882614711289));
#8528=CARTESIAN_POINT('',(0.,0.,0.0055));
#8529=CARTESIAN_POINT('',(-0.0215,0.,0.0055));
#8530=CARTESIAN_POINT('',(0.,0.,0.0005));
#8531=CARTESIAN_POINT('',(0.,0.,0.0005));
#8532=CARTESIAN_POINT('',(0.,0.,0.0055));
#8533=CARTESIAN_POINT('',(-3.59955121265187E-17,0.0208134928339591,-2.00000000000027E-6));
#8534=CARTESIAN_POINT('',(0.0067,0.0214792923533342,0.0055));
#8535=CARTESIAN_POINT('',(0.0067,0.0214792923533342,0.0055));
#8536=CARTESIAN_POINT('',(-0.0067,0.0214792923533342,0.0055));
#8537=CARTESIAN_POINT('',(-0.0067,0.0214792923533342,0.0055));
#8538=CARTESIAN_POINT('',(-3.59955121265187E-17,0.0208134928339591,0.0055));
#8539=CARTESIAN_POINT('',(-0.00611638574945669,0.0236282955559707,0.0055));
#8540=CARTESIAN_POINT('',(-0.00611638574945669,0.0236282955559707,0.006));
#8541=CARTESIAN_POINT('',(-0.00611638574945669,0.0236282955559707,0.006));
#8542=CARTESIAN_POINT('',(1.30104260698261E-17,0.0208134928339591,0.006));
#8543=CARTESIAN_POINT('',(-0.00524010716189475,0.025041325130995,0.006));
#8544=CARTESIAN_POINT('',(-0.00524010716189475,0.025041325130995,0.0065));
#8545=CARTESIAN_POINT('',(-0.00524010716189475,0.025041325130995,0.0065));
#8546=CARTESIAN_POINT('',(6.15826833971767E-17,0.0208134928339591,0.0065));
#8547=CARTESIAN_POINT('',(-0.00392243914683457,0.026285947506168,0.0065));
#8548=CARTESIAN_POINT('',(-0.00392243914683457,0.026285947506168,0.007));
#8549=CARTESIAN_POINT('',(-0.00392243914683457,0.026285947506168,0.007));
#8550=CARTESIAN_POINT('',(4.77048955893622E-18,0.0208134928339591,0.007));
#8551=CARTESIAN_POINT('',(-0.00206000627337569,0.0272236147636616,0.007));
#8552=CARTESIAN_POINT('',(-0.00206000627337569,0.0272236147636616,0.0075));
#8553=CARTESIAN_POINT('',(-0.00206000627337569,0.0272236147636616,0.0075));
#8554=CARTESIAN_POINT('',(1.57555627642666E-17,0.0208134928339591,0.0075));
#8555=CARTESIAN_POINT('',(0.00206000627337569,0.0272236147636616,0.0075));
#8556=CARTESIAN_POINT('',(0.00206000627337569,0.0272236147636616,0.0075));
#8557=CARTESIAN_POINT('',(0.00206000627337569,0.0272236147636616,0.007));
#8558=CARTESIAN_POINT('',(-4.77048955893622E-18,0.0208134928339591,0.007));
#8559=CARTESIAN_POINT('',(0.00392243914683457,0.026285947506168,0.007));
#8560=CARTESIAN_POINT('',(0.00392243914683457,0.026285947506168,0.007));
#8561=CARTESIAN_POINT('',(0.00392243914683457,0.026285947506168,0.0065));
#8562=CARTESIAN_POINT('',(-6.15826833971767E-17,0.0208134928339591,0.0065));
#8563=CARTESIAN_POINT('',(0.00524010716189475,0.025041325130995,0.0065));
#8564=CARTESIAN_POINT('',(0.00524010716189475,0.025041325130995,0.0065));
#8565=CARTESIAN_POINT('',(0.00524010716189475,0.025041325130995,0.006));
#8566=CARTESIAN_POINT('',(-1.30104260698261E-17,0.0208134928339591,0.006));
#8567=CARTESIAN_POINT('',(0.00611638574945669,0.0236282955559707,0.006));
#8568=CARTESIAN_POINT('',(0.00611638574945669,0.0236282955559707,0.006));
#8569=CARTESIAN_POINT('',(0.00611638574945669,0.0236282955559707,0.0055));
#8570=CARTESIAN_POINT('',(3.59955121265187E-17,0.0208134928339591,0.0055));
#8571=CARTESIAN_POINT('',(-0.00142530044112034,0.0248548603498243,0.0075));
#8572=CARTESIAN_POINT('',(-0.00142530044112034,0.0248548603498243,0.007));
#8573=CARTESIAN_POINT('',(-0.000790594608864981,0.0224861059359871,0.007));
#8574=CARTESIAN_POINT('',(-0.000790594608864981,0.0224861059359871,0.0075));
#8575=CARTESIAN_POINT('',(-0.000790594608864981,0.0224861059359871,0.0075));
#8576=CARTESIAN_POINT('',(-0.00142530044112034,0.0248548603498243,0.0075));
#8577=CARTESIAN_POINT('',(0.,0.,0.0075));
#8578=CARTESIAN_POINT('',(0.,0.,0.0055));
#8579=CARTESIAN_POINT('',(0.00364682281142434,0.0222024927290175,0.0055));
#8580=CARTESIAN_POINT('',(0.00364682281142434,0.0222024927290175,0.006));
#8581=CARTESIAN_POINT('',(0.00364682281142434,0.0222024927290175,0.006));
#8582=CARTESIAN_POINT('',(0.,0.,0.006));
#8583=CARTESIAN_POINT('',(0.00255342416665742,0.0223546421359218,0.006));
#8584=CARTESIAN_POINT('',(0.00255342416665742,0.0223546421359218,0.0065));
#8585=CARTESIAN_POINT('',(0.00255342416665742,0.0223546421359218,0.0065));
#8586=CARTESIAN_POINT('',(0.,0.,0.0065));
#8587=CARTESIAN_POINT('',(0.00169951094052415,0.0224357229115319,0.0065));
#8588=CARTESIAN_POINT('',(0.00169951094052415,0.0224357229115319,0.007));
#8589=CARTESIAN_POINT('',(0.00169951094052415,0.0224357229115319,0.007));
#8590=CARTESIAN_POINT('',(0.,0.,0.007));
#8591=CARTESIAN_POINT('',(0.000790594608864981,0.0224861059359871,0.007));
#8592=CARTESIAN_POINT('',(0.000790594608864981,0.0224861059359871,0.0075));
#8593=CARTESIAN_POINT('',(0.000790594608864981,0.0224861059359871,0.0075));
#8594=CARTESIAN_POINT('',(0.,0.,0.0075));
#8595=CARTESIAN_POINT('',(0.,0.,0.007));
#8596=CARTESIAN_POINT('',(-0.00169951094052415,0.0224357229115319,0.007));
#8597=CARTESIAN_POINT('',(-0.00169951094052415,0.0224357229115319,0.007));
#8598=CARTESIAN_POINT('',(-0.00169951094052415,0.0224357229115319,0.0065));
#8599=CARTESIAN_POINT('',(0.,0.,0.0065));
#8600=CARTESIAN_POINT('',(-0.00255342416665742,0.0223546421359218,0.0065));
#8601=CARTESIAN_POINT('',(-0.00255342416665742,0.0223546421359218,0.0065));
#8602=CARTESIAN_POINT('',(-0.00255342416665742,0.0223546421359218,0.006));
#8603=CARTESIAN_POINT('',(0.,0.,0.006));
#8604=CARTESIAN_POINT('',(-0.00364682281142434,0.0222024927290175,0.006));
#8605=CARTESIAN_POINT('',(-0.00364682281142434,0.0222024927290175,0.006));
#8606=CARTESIAN_POINT('',(-0.00364682281142434,0.0222024927290175,0.0055));
#8607=CARTESIAN_POINT('',(0.,0.,0.0055));
#8608=CARTESIAN_POINT('',(0.,0.0075160660804216,0.0075));
#8609=CARTESIAN_POINT('',(0.00142530044112034,0.0248548603498243,0.0075));
#8610=CARTESIAN_POINT('',(-0.00281097504367937,0.0243608352088499,0.007));
#8611=CARTESIAN_POINT('',(-0.00281097504367937,0.0243608352088499,0.0065));
#8612=CARTESIAN_POINT('',(-0.00281097504367937,0.0243608352088499,0.007));
#8613=CARTESIAN_POINT('',(0.,0.0075160660804216,0.007));
#8614=CARTESIAN_POINT('',(-0.00389676566427609,0.0236979836334584,0.0065));
#8615=CARTESIAN_POINT('',(-0.00389676566427609,0.0236979836334584,0.006));
#8616=CARTESIAN_POINT('',(-0.00389676566427609,0.0236979836334584,0.0065));
#8617=CARTESIAN_POINT('',(0.,0.0075160660804216,0.0065));
#8618=CARTESIAN_POINT('',(-0.00488160428044052,0.022915394142494,0.006));
#8619=CARTESIAN_POINT('',(-0.00488160428044052,0.022915394142494,0.0055));
#8620=CARTESIAN_POINT('',(-0.00488160428044052,0.022915394142494,0.006));
#8621=CARTESIAN_POINT('',(0.,0.0075160660804216,0.006));
#8622=CARTESIAN_POINT('',(0.,0.0075160660804216,0.0055));
#8623=CARTESIAN_POINT('',(0.00142530044112034,0.0248548603498243,0.0075));
#8624=CARTESIAN_POINT('',(0.00142530044112034,0.0248548603498243,0.007));
#8625=CARTESIAN_POINT('',(0.00281097504367937,0.0243608352088499,0.007));
#8626=CARTESIAN_POINT('',(0.00281097504367937,0.0243608352088499,0.0065));
#8627=CARTESIAN_POINT('',(0.00281097504367937,0.0243608352088499,0.007));
#8628=CARTESIAN_POINT('',(0.,0.0075160660804216,0.007));
#8629=CARTESIAN_POINT('',(0.00389676566427609,0.0236979836334584,0.0065));
#8630=CARTESIAN_POINT('',(0.00389676566427609,0.0236979836334584,0.006));
#8631=CARTESIAN_POINT('',(0.00389676566427609,0.0236979836334584,0.0065));
#8632=CARTESIAN_POINT('',(0.,0.0075160660804216,0.0065));
#8633=CARTESIAN_POINT('',(0.00488160428044052,0.022915394142494,0.006));
#8634=CARTESIAN_POINT('',(0.00488160428044052,0.022915394142494,0.0055));
#8635=CARTESIAN_POINT('',(0.00488160428044052,0.022915394142494,0.006));
#8636=CARTESIAN_POINT('',(0.,0.0075160660804216,0.006));
#8637=CARTESIAN_POINT('',(0.,0.0075160660804216,0.0055));
#8638=CARTESIAN_POINT('',(9.20452626756831E-19,-0.0075160660804216,0.0055));
#8639=CARTESIAN_POINT('',(0.,0.,0.0055));
#8640=CARTESIAN_POINT('',(-0.00364682281142434,-0.0222024927290175,0.0055));
#8641=CARTESIAN_POINT('',(-0.0067,-0.0214792923533342,0.0055));
#8642=CARTESIAN_POINT('',(-3.34465943887003E-17,-0.0208134928339591,0.0055));
#8643=CARTESIAN_POINT('',(-0.00611638574945668,-0.0236282955559707,0.0055));
#8644=CARTESIAN_POINT('',(-0.00488160428044052,-0.022915394142494,0.0055));
#8645=CARTESIAN_POINT('',(-0.00488160428044052,-0.022915394142494,0.006));
#8646=CARTESIAN_POINT('',(-0.00364682281142434,-0.0222024927290175,0.006));
#8647=CARTESIAN_POINT('',(-0.00364682281142434,-0.0222024927290175,0.006));
#8648=CARTESIAN_POINT('',(-0.00611638574945668,-0.0236282955559707,0.006));
#8649=CARTESIAN_POINT('',(-0.00611638574945668,-0.0236282955559707,0.006));
#8650=CARTESIAN_POINT('',(-0.00488160428044052,-0.022915394142494,0.006));
#8651=CARTESIAN_POINT('',(9.20452626756831E-19,-0.0075160660804216,0.006));
#8652=CARTESIAN_POINT('',(-0.00389676566427609,-0.0236979836334584,0.006));
#8653=CARTESIAN_POINT('',(-0.00524010716189475,-0.025041325130995,0.006));
#8654=CARTESIAN_POINT('',(-0.00255342416665742,-0.0223546421359218,0.006));
#8655=CARTESIAN_POINT('',(0.,0.,0.006));
#8656=CARTESIAN_POINT('',(1.55593438076445E-17,-0.0208134928339591,0.006));
#8657=CARTESIAN_POINT('',(-0.00389676566427609,-0.0236979836334584,0.0065));
#8658=CARTESIAN_POINT('',(-0.00524010716189475,-0.025041325130995,0.0065));
#8659=CARTESIAN_POINT('',(-0.00524010716189475,-0.025041325130995,0.0065));
#8660=CARTESIAN_POINT('',(-0.00389676566427609,-0.0236979836334584,0.0065));
#8661=CARTESIAN_POINT('',(-0.00255342416665742,-0.0223546421359218,0.0065));
#8662=CARTESIAN_POINT('',(-0.00255342416665742,-0.0223546421359218,0.0065));
#8663=CARTESIAN_POINT('',(9.20452626756831E-19,-0.0075160660804216,0.0065));
#8664=CARTESIAN_POINT('',(-0.00281097504367937,-0.0243608352088499,0.0065));
#8665=CARTESIAN_POINT('',(-0.00392243914683457,-0.026285947506168,0.0065));
#8666=CARTESIAN_POINT('',(-0.00169951094052415,-0.0224357229115319,0.0065));
#8667=CARTESIAN_POINT('',(0.,0.,0.0065));
#8668=CARTESIAN_POINT('',(6.41316011349951E-17,-0.0208134928339591,0.0065));
#8669=CARTESIAN_POINT('',(-0.00281097504367937,-0.0243608352088499,0.007));
#8670=CARTESIAN_POINT('',(-0.00392243914683457,-0.026285947506168,0.007));
#8671=CARTESIAN_POINT('',(-0.00392243914683457,-0.026285947506168,0.007));
#8672=CARTESIAN_POINT('',(-0.00281097504367937,-0.0243608352088499,0.007));
#8673=CARTESIAN_POINT('',(-0.00169951094052415,-0.0224357229115319,0.007));
#8674=CARTESIAN_POINT('',(-0.00169951094052415,-0.0224357229115319,0.007));
#8675=CARTESIAN_POINT('',(9.20452626756831E-19,-0.0075160660804216,0.007));
#8676=CARTESIAN_POINT('',(7.31940729675466E-18,-0.0208134928339591,0.007));
#8677=CARTESIAN_POINT('',(-0.00206000627337569,-0.0272236147636616,0.007));
#8678=CARTESIAN_POINT('',(-0.00142530044112034,-0.0248548603498243,0.007));
#8679=CARTESIAN_POINT('',(-0.000790594608864978,-0.0224861059359871,0.007));
#8680=CARTESIAN_POINT('',(0.,0.,0.007));
#8681=CARTESIAN_POINT('',(-0.00142530044112034,-0.0248548603498243,0.0075));
#8682=CARTESIAN_POINT('',(-0.00206000627337569,-0.0272236147636616,0.0075));
#8683=CARTESIAN_POINT('',(-0.00206000627337569,-0.0272236147636616,0.0075));
#8684=CARTESIAN_POINT('',(-0.00142530044112034,-0.0248548603498243,0.0075));
#8685=CARTESIAN_POINT('',(-0.000790594608864978,-0.0224861059359871,0.0075));
#8686=CARTESIAN_POINT('',(-0.000790594608864978,-0.0224861059359871,0.0075));
#8687=CARTESIAN_POINT('',(9.20452626756831E-19,-0.0075160660804216,0.0075));
#8688=CARTESIAN_POINT('',(0.,0.,0.0075));
#8689=CARTESIAN_POINT('',(0.000790594608864983,-0.0224861059359871,0.0075));
#8690=CARTESIAN_POINT('',(-1.32066450264481E-17,-0.0208134928339591,0.0075));
#8691=CARTESIAN_POINT('',(0.0020600062733757,-0.0272236147636616,0.0075));
#8692=CARTESIAN_POINT('',(0.00142530044112034,-0.0248548603498243,0.0075));
#8693=CARTESIAN_POINT('',(0.00142530044112034,-0.0248548603498243,0.0075));
#8694=CARTESIAN_POINT('',(0.0020600062733757,-0.0272236147636616,0.0075));
#8695=CARTESIAN_POINT('',(0.0020600062733757,-0.0272236147636616,0.007));
#8696=CARTESIAN_POINT('',(0.00142530044112034,-0.0248548603498243,0.007));
#8697=CARTESIAN_POINT('',(0.000790594608864983,-0.0224861059359871,0.007));
#8698=CARTESIAN_POINT('',(0.000790594608864983,-0.0224861059359871,0.0075));
#8699=CARTESIAN_POINT('',(9.20452626756831E-19,-0.0075160660804216,0.007));
#8700=CARTESIAN_POINT('',(-2.22157182111777E-18,-0.0208134928339591,0.007));
#8701=CARTESIAN_POINT('',(0.00392243914683458,-0.026285947506168,0.007));
#8702=CARTESIAN_POINT('',(0.00281097504367937,-0.0243608352088499,0.007));
#8703=CARTESIAN_POINT('',(0.00169951094052416,-0.0224357229115319,0.007));
#8704=CARTESIAN_POINT('',(0.,0.,0.007));
#8705=CARTESIAN_POINT('',(0.00281097504367937,-0.0243608352088499,0.007));
#8706=CARTESIAN_POINT('',(0.00392243914683458,-0.026285947506168,0.007));
#8707=CARTESIAN_POINT('',(0.00392243914683458,-0.026285947506168,0.0065));
#8708=CARTESIAN_POINT('',(0.00281097504367937,-0.0243608352088499,0.0065));
#8709=CARTESIAN_POINT('',(0.00169951094052416,-0.0224357229115319,0.0065));
#8710=CARTESIAN_POINT('',(0.00169951094052416,-0.0224357229115319,0.007));
#8711=CARTESIAN_POINT('',(9.20452626756831E-19,-0.0075160660804216,0.0065));
#8712=CARTESIAN_POINT('',(-5.90337656593582E-17,-0.0208134928339591,0.0065));
#8713=CARTESIAN_POINT('',(0.00524010716189476,-0.025041325130995,0.0065));
#8714=CARTESIAN_POINT('',(0.00389676566427609,-0.0236979836334584,0.0065));
#8715=CARTESIAN_POINT('',(0.00255342416665743,-0.0223546421359218,0.0065));
#8716=CARTESIAN_POINT('',(0.,0.,0.0065));
#8717=CARTESIAN_POINT('',(0.00389676566427609,-0.0236979836334584,0.0065));
#8718=CARTESIAN_POINT('',(0.00524010716189476,-0.025041325130995,0.0065));
#8719=CARTESIAN_POINT('',(0.00524010716189476,-0.025041325130995,0.006));
#8720=CARTESIAN_POINT('',(0.00389676566427609,-0.0236979836334584,0.006));
#8721=CARTESIAN_POINT('',(0.00255342416665743,-0.0223546421359218,0.006));
#8722=CARTESIAN_POINT('',(0.00255342416665743,-0.0223546421359218,0.0065));
#8723=CARTESIAN_POINT('',(9.20452626756831E-19,-0.0075160660804216,0.006));
#8724=CARTESIAN_POINT('',(-1.04615083320076E-17,-0.0208134928339591,0.006));
#8725=CARTESIAN_POINT('',(0.00611638574945669,-0.0236282955559707,0.006));
#8726=CARTESIAN_POINT('',(0.00488160428044052,-0.022915394142494,0.006));
#8727=CARTESIAN_POINT('',(0.00364682281142434,-0.0222024927290175,0.006));
#8728=CARTESIAN_POINT('',(0.,0.,0.006));
#8729=CARTESIAN_POINT('',(0.00488160428044052,-0.022915394142494,0.006));
#8730=CARTESIAN_POINT('',(0.00488160428044052,-0.022915394142494,0.0055));
#8731=CARTESIAN_POINT('',(0.00364682281142434,-0.0222024927290175,0.0055));
#8732=CARTESIAN_POINT('',(0.00611638574945669,-0.0236282955559707,0.0055));
#8733=CARTESIAN_POINT('',(0.00364682281142434,-0.0222024927290175,0.006));
#8734=CARTESIAN_POINT('',(0.00611638574945669,-0.0236282955559707,0.006));
#8735=CARTESIAN_POINT('',(9.20452626756831E-19,-0.0075160660804216,0.0055));
#8736=CARTESIAN_POINT('',(0.,0.,0.0055));
#8737=CARTESIAN_POINT('',(0.0067,-0.0214792923533342,0.0055));
#8738=CARTESIAN_POINT('',(3.85444298643372E-17,-0.0208134928339591,0.0055));
#8739=CARTESIAN_POINT('',(3.85444298643372E-17,-0.0208134928339591,-2.00000000000027E-6));
#8740=CARTESIAN_POINT('',(-0.0067,-0.0214792923533342,0.0055));
#8741=CARTESIAN_POINT('',(0.0067,-0.0214792923533342,0.0055));
#8742=CARTESIAN_POINT('',(0.,0.,0.0075));
#8743=CARTESIAN_POINT('',(-0.0075160660804216,-1.38067894013525E-18,0.0055));
#8744=CARTESIAN_POINT('',(0.,0.,0.0055));
#8745=CARTESIAN_POINT('',(-0.0222024927290175,0.00364682281142434,0.0055));
#8746=CARTESIAN_POINT('',(-0.0214792923533342,0.0067,0.0055));
#8747=CARTESIAN_POINT('',(-0.0208134928339591,3.21721355197911E-17,0.0055));
#8748=CARTESIAN_POINT('',(-0.0236282955559707,0.00611638574945668,0.0055));
#8749=CARTESIAN_POINT('',(-0.022915394142494,0.00488160428044052,0.0055));
#8750=CARTESIAN_POINT('',(-0.022915394142494,0.00488160428044052,0.006));
#8751=CARTESIAN_POINT('',(-0.0222024927290175,0.00364682281142434,0.006));
#8752=CARTESIAN_POINT('',(-0.0222024927290175,0.00364682281142434,0.006));
#8753=CARTESIAN_POINT('',(-0.0236282955559707,0.00611638574945668,0.006));
#8754=CARTESIAN_POINT('',(-0.0236282955559707,0.00611638574945668,0.006));
#8755=CARTESIAN_POINT('',(-0.022915394142494,0.00488160428044052,0.006));
#8756=CARTESIAN_POINT('',(-0.0075160660804216,-1.38067894013525E-18,0.006));
#8757=CARTESIAN_POINT('',(-0.0236979836334584,0.00389676566427609,0.006));
#8758=CARTESIAN_POINT('',(-0.025041325130995,0.00524010716189475,0.006));
#8759=CARTESIAN_POINT('',(-0.0223546421359218,0.00255342416665742,0.006));
#8760=CARTESIAN_POINT('',(0.,0.,0.006));
#8761=CARTESIAN_POINT('',(-0.0208134928339591,-1.68338026765537E-17,0.006));
#8762=CARTESIAN_POINT('',(-0.0236979836334584,0.00389676566427609,0.0065));
#8763=CARTESIAN_POINT('',(-0.025041325130995,0.00524010716189475,0.0065));
#8764=CARTESIAN_POINT('',(-0.025041325130995,0.00524010716189475,0.0065));
#8765=CARTESIAN_POINT('',(-0.0236979836334584,0.00389676566427609,0.0065));
#8766=CARTESIAN_POINT('',(-0.0223546421359218,0.00255342416665742,0.0065));
#8767=CARTESIAN_POINT('',(-0.0223546421359218,0.00255342416665742,0.0065));
#8768=CARTESIAN_POINT('',(-0.0075160660804216,-1.38067894013525E-18,0.0065));
#8769=CARTESIAN_POINT('',(-0.0243608352088499,0.00281097504367937,0.0065));
#8770=CARTESIAN_POINT('',(-0.026285947506168,0.00392243914683457,0.0065));
#8771=CARTESIAN_POINT('',(-0.0224357229115319,0.00169951094052415,0.0065));
#8772=CARTESIAN_POINT('',(0.,0.,0.0065));
#8773=CARTESIAN_POINT('',(-0.0208134928339591,-6.54060600039043E-17,0.0065));
#8774=CARTESIAN_POINT('',(-0.0243608352088499,0.00281097504367937,0.007));
#8775=CARTESIAN_POINT('',(-0.026285947506168,0.00392243914683457,0.007));
#8776=CARTESIAN_POINT('',(-0.026285947506168,0.00392243914683457,0.007));
#8777=CARTESIAN_POINT('',(-0.0243608352088499,0.00281097504367937,0.007));
#8778=CARTESIAN_POINT('',(-0.0224357229115319,0.00169951094052415,0.007));
#8779=CARTESIAN_POINT('',(-0.0224357229115319,0.00169951094052415,0.007));
#8780=CARTESIAN_POINT('',(-0.0075160660804216,-1.38067894013525E-18,0.007));
#8781=CARTESIAN_POINT('',(-0.0208134928339591,-8.59386616566388E-18,0.007));
#8782=CARTESIAN_POINT('',(-0.0272236147636616,0.00206000627337569,0.007));
#8783=CARTESIAN_POINT('',(-0.0248548603498243,0.00142530044112033,0.007));
#8784=CARTESIAN_POINT('',(-0.0224861059359871,0.000790594608864976,0.007));
#8785=CARTESIAN_POINT('',(0.,0.,0.007));
#8786=CARTESIAN_POINT('',(-0.0248548603498243,0.00142530044112033,0.0075));
#8787=CARTESIAN_POINT('',(-0.0272236147636616,0.00206000627337569,0.0075));
#8788=CARTESIAN_POINT('',(-0.0272236147636616,0.00206000627337569,0.0075));
#8789=CARTESIAN_POINT('',(-0.0248548603498243,0.00142530044112033,0.0075));
#8790=CARTESIAN_POINT('',(-0.0224861059359871,0.000790594608864976,0.0075));
#8791=CARTESIAN_POINT('',(-0.0224861059359871,0.000790594608864976,0.0075));
#8792=CARTESIAN_POINT('',(-0.0075160660804216,-1.38067894013525E-18,0.0075));
#8793=CARTESIAN_POINT('',(0.,0.,0.0075));
#8794=CARTESIAN_POINT('',(-0.0224861059359871,-0.000790594608864985,0.0075));
#8795=CARTESIAN_POINT('',(-0.0208134928339591,1.19321861575389E-17,0.0075));
#8796=CARTESIAN_POINT('',(-0.0272236147636616,-0.0020600062733757,0.0075));
#8797=CARTESIAN_POINT('',(-0.0248548603498243,-0.00142530044112034,0.0075));
#8798=CARTESIAN_POINT('',(-0.0248548603498243,-0.00142530044112034,0.0075));
#8799=CARTESIAN_POINT('',(-0.0272236147636616,-0.0020600062733757,0.0075));
#8800=CARTESIAN_POINT('',(-0.0272236147636616,-0.0020600062733757,0.007));
#8801=CARTESIAN_POINT('',(-0.0248548603498243,-0.00142530044112034,0.007));
#8802=CARTESIAN_POINT('',(-0.0224861059359871,-0.000790594608864985,0.007));
#8803=CARTESIAN_POINT('',(-0.0224861059359871,-0.000790594608864985,0.0075));
#8804=CARTESIAN_POINT('',(-0.0075160660804216,-1.38067894013525E-18,0.007));
#8805=CARTESIAN_POINT('',(-0.0208134928339591,9.47112952208554E-19,0.007));
#8806=CARTESIAN_POINT('',(-0.026285947506168,-0.00392243914683458,0.007));
#8807=CARTESIAN_POINT('',(-0.0243608352088499,-0.00281097504367937,0.007));
#8808=CARTESIAN_POINT('',(-0.0224357229115319,-0.00169951094052416,0.007));
#8809=CARTESIAN_POINT('',(0.,0.,0.007));
#8810=CARTESIAN_POINT('',(-0.0243608352088499,-0.00281097504367937,0.007));
#8811=CARTESIAN_POINT('',(-0.026285947506168,-0.00392243914683458,0.007));
#8812=CARTESIAN_POINT('',(-0.026285947506168,-0.00392243914683458,0.0065));
#8813=CARTESIAN_POINT('',(-0.0243608352088499,-0.00281097504367937,0.0065));
#8814=CARTESIAN_POINT('',(-0.0224357229115319,-0.00169951094052416,0.0065));
#8815=CARTESIAN_POINT('',(-0.0224357229115319,-0.00169951094052416,0.007));
#8816=CARTESIAN_POINT('',(-0.0075160660804216,-1.38067894013525E-18,0.0065));
#8817=CARTESIAN_POINT('',(-0.0208134928339591,5.7759306790449E-17,0.0065));
#8818=CARTESIAN_POINT('',(-0.025041325130995,-0.00524010716189476,0.0065));
#8819=CARTESIAN_POINT('',(-0.0236979836334584,-0.00389676566427609,0.0065));
#8820=CARTESIAN_POINT('',(-0.0223546421359218,-0.00255342416665743,0.0065));
#8821=CARTESIAN_POINT('',(0.,0.,0.0065));
#8822=CARTESIAN_POINT('',(-0.0236979836334584,-0.00389676566427609,0.0065));
#8823=CARTESIAN_POINT('',(-0.025041325130995,-0.00524010716189476,0.0065));
#8824=CARTESIAN_POINT('',(-0.025041325130995,-0.00524010716189476,0.006));
#8825=CARTESIAN_POINT('',(-0.0236979836334584,-0.00389676566427609,0.006));
#8826=CARTESIAN_POINT('',(-0.0223546421359218,-0.00255342416665743,0.006));
#8827=CARTESIAN_POINT('',(-0.0223546421359218,-0.00255342416665743,0.0065));
#8828=CARTESIAN_POINT('',(-0.0075160660804216,-1.38067894013525E-18,0.006));
#8829=CARTESIAN_POINT('',(-0.0208134928339591,9.18704946309838E-18,0.006));
#8830=CARTESIAN_POINT('',(-0.0236282955559707,-0.00611638574945669,0.006));
#8831=CARTESIAN_POINT('',(-0.022915394142494,-0.00488160428044053,0.006));
#8832=CARTESIAN_POINT('',(-0.0222024927290175,-0.00364682281142434,0.006));
#8833=CARTESIAN_POINT('',(0.,0.,0.006));
#8834=CARTESIAN_POINT('',(-0.022915394142494,-0.00488160428044053,0.006));
#8835=CARTESIAN_POINT('',(-0.022915394142494,-0.00488160428044053,0.0055));
#8836=CARTESIAN_POINT('',(-0.0222024927290175,-0.00364682281142434,0.0055));
#8837=CARTESIAN_POINT('',(-0.0236282955559707,-0.00611638574945669,0.0055));
#8838=CARTESIAN_POINT('',(-0.0222024927290175,-0.00364682281142434,0.006));
#8839=CARTESIAN_POINT('',(-0.0236282955559707,-0.00611638574945669,0.006));
#8840=CARTESIAN_POINT('',(-0.0075160660804216,-1.38067894013525E-18,0.0055));
#8841=CARTESIAN_POINT('',(0.,0.,0.0055));
#8842=CARTESIAN_POINT('',(-0.0214792923533342,-0.0067,0.0055));
#8843=CARTESIAN_POINT('',(-0.0208134928339591,-3.98188887332464E-17,0.0055));
#8844=CARTESIAN_POINT('',(-0.0208134928339591,-3.98188887332464E-17,-2.00000000000027E-6));
#8845=CARTESIAN_POINT('',(-0.0214792923533342,0.0067,0.0055));
#8846=CARTESIAN_POINT('',(-0.0214792923533342,-0.0067,0.0055));
#8847=CARTESIAN_POINT('',(0.,0.,0.0075));
#8848=CARTESIAN_POINT('',(0.0208134928339591,3.7269970995428E-17,-2.00000000000027E-6));
#8849=CARTESIAN_POINT('',(0.0214792923533342,-0.0067,0.0055));
#8850=CARTESIAN_POINT('',(0.0214792923533342,-0.0067,0.0055));
#8851=CARTESIAN_POINT('',(0.0214792923533342,0.0067,0.0055));
#8852=CARTESIAN_POINT('',(0.0214792923533342,0.0067,0.0055));
#8853=CARTESIAN_POINT('',(0.0208134928339591,3.7269970995428E-17,0.0055));
#8854=CARTESIAN_POINT('',(0.0236282955559707,0.00611638574945669,0.0055));
#8855=CARTESIAN_POINT('',(0.0236282955559707,0.00611638574945669,0.006));
#8856=CARTESIAN_POINT('',(0.0236282955559707,0.00611638574945669,0.006));
#8857=CARTESIAN_POINT('',(0.0208134928339591,-1.17359672009168E-17,0.006));
#8858=CARTESIAN_POINT('',(0.025041325130995,0.00524010716189476,0.006));
#8859=CARTESIAN_POINT('',(0.025041325130995,0.00524010716189476,0.0065));
#8860=CARTESIAN_POINT('',(0.025041325130995,0.00524010716189476,0.0065));
#8861=CARTESIAN_POINT('',(0.0208134928339591,-6.03082245282674E-17,0.0065));
#8862=CARTESIAN_POINT('',(0.026285947506168,0.00392243914683457,0.0065));
#8863=CARTESIAN_POINT('',(0.026285947506168,0.00392243914683457,0.007));
#8864=CARTESIAN_POINT('',(0.026285947506168,0.00392243914683457,0.007));
#8865=CARTESIAN_POINT('',(0.0208134928339591,-3.496030690027E-18,0.007));
#8866=CARTESIAN_POINT('',(0.0272236147636616,0.0020600062733757,0.007));
#8867=CARTESIAN_POINT('',(0.0272236147636616,0.0020600062733757,0.0075));
#8868=CARTESIAN_POINT('',(0.0272236147636616,0.0020600062733757,0.0075));
#8869=CARTESIAN_POINT('',(0.0208134928339591,-1.44811038953573E-17,0.0075));
#8870=CARTESIAN_POINT('',(0.0272236147636616,-0.00206000627337569,0.0075));
#8871=CARTESIAN_POINT('',(0.0272236147636616,-0.00206000627337569,0.0075));
#8872=CARTESIAN_POINT('',(0.0272236147636616,-0.00206000627337569,0.007));
#8873=CARTESIAN_POINT('',(0.0208134928339591,6.04494842784544E-18,0.007));
#8874=CARTESIAN_POINT('',(0.026285947506168,-0.00392243914683457,0.007));
#8875=CARTESIAN_POINT('',(0.026285947506168,-0.00392243914683457,0.007));
#8876=CARTESIAN_POINT('',(0.026285947506168,-0.00392243914683457,0.0065));
#8877=CARTESIAN_POINT('',(0.0208134928339591,6.28571422660859E-17,0.0065));
#8878=CARTESIAN_POINT('',(0.025041325130995,-0.00524010716189475,0.0065));
#8879=CARTESIAN_POINT('',(0.025041325130995,-0.00524010716189475,0.0065));
#8880=CARTESIAN_POINT('',(0.025041325130995,-0.00524010716189475,0.006));
#8881=CARTESIAN_POINT('',(0.0208134928339591,1.42848849387353E-17,0.006));
#8882=CARTESIAN_POINT('',(0.0236282955559707,-0.00611638574945669,0.006));
#8883=CARTESIAN_POINT('',(0.0236282955559707,-0.00611638574945669,0.006));
#8884=CARTESIAN_POINT('',(0.0236282955559707,-0.00611638574945669,0.0055));
#8885=CARTESIAN_POINT('',(0.0208134928339591,-3.47210532576095E-17,0.0055));
#8886=CARTESIAN_POINT('',(0.0248548603498243,0.00142530044112034,0.0075));
#8887=CARTESIAN_POINT('',(0.0248548603498243,0.00142530044112034,0.007));
#8888=CARTESIAN_POINT('',(0.0224861059359871,0.000790594608864982,0.007));
#8889=CARTESIAN_POINT('',(0.0224861059359871,0.000790594608864982,0.0075));
#8890=CARTESIAN_POINT('',(0.0224861059359871,0.000790594608864982,0.0075));
#8891=CARTESIAN_POINT('',(0.0248548603498243,0.00142530044112034,0.0075));
#8892=CARTESIAN_POINT('',(0.,0.,0.0075));
#8893=CARTESIAN_POINT('',(0.,0.,0.0055));
#8894=CARTESIAN_POINT('',(0.0222024927290175,-0.00364682281142434,0.0055));
#8895=CARTESIAN_POINT('',(0.0222024927290175,-0.00364682281142434,0.006));
#8896=CARTESIAN_POINT('',(0.0222024927290175,-0.00364682281142434,0.006));
#8897=CARTESIAN_POINT('',(0.,0.,0.006));
#8898=CARTESIAN_POINT('',(0.0223546421359218,-0.00255342416665742,0.006));
#8899=CARTESIAN_POINT('',(0.0223546421359218,-0.00255342416665742,0.0065));
#8900=CARTESIAN_POINT('',(0.0223546421359218,-0.00255342416665742,0.0065));
#8901=CARTESIAN_POINT('',(0.,0.,0.0065));
#8902=CARTESIAN_POINT('',(0.0224357229115319,-0.00169951094052415,0.0065));
#8903=CARTESIAN_POINT('',(0.0224357229115319,-0.00169951094052415,0.007));
#8904=CARTESIAN_POINT('',(0.0224357229115319,-0.00169951094052415,0.007));
#8905=CARTESIAN_POINT('',(0.,0.,0.007));
#8906=CARTESIAN_POINT('',(0.0224861059359871,-0.000790594608864979,0.007));
#8907=CARTESIAN_POINT('',(0.0224861059359871,-0.000790594608864979,0.0075));
#8908=CARTESIAN_POINT('',(0.0224861059359871,-0.000790594608864979,0.0075));
#8909=CARTESIAN_POINT('',(0.,0.,0.0075));
#8910=CARTESIAN_POINT('',(0.,0.,0.007));
#8911=CARTESIAN_POINT('',(0.0224357229115319,0.00169951094052416,0.007));
#8912=CARTESIAN_POINT('',(0.0224357229115319,0.00169951094052416,0.007));
#8913=CARTESIAN_POINT('',(0.0224357229115319,0.00169951094052416,0.0065));
#8914=CARTESIAN_POINT('',(0.,0.,0.0065));
#8915=CARTESIAN_POINT('',(0.0223546421359218,0.00255342416665742,0.0065));
#8916=CARTESIAN_POINT('',(0.0223546421359218,0.00255342416665742,0.0065));
#8917=CARTESIAN_POINT('',(0.0223546421359218,0.00255342416665742,0.006));
#8918=CARTESIAN_POINT('',(0.,0.,0.006));
#8919=CARTESIAN_POINT('',(0.0222024927290175,0.00364682281142434,0.006));
#8920=CARTESIAN_POINT('',(0.0222024927290175,0.00364682281142434,0.006));
#8921=CARTESIAN_POINT('',(0.0222024927290175,0.00364682281142434,0.0055));
#8922=CARTESIAN_POINT('',(0.,0.,0.0055));
#8923=CARTESIAN_POINT('',(0.0075160660804216,4.60226313378415E-19,0.0075));
#8924=CARTESIAN_POINT('',(0.0248548603498243,-0.00142530044112034,0.0075));
#8925=CARTESIAN_POINT('',(0.0243608352088499,0.00281097504367937,0.007));
#8926=CARTESIAN_POINT('',(0.0243608352088499,0.00281097504367937,0.0065));
#8927=CARTESIAN_POINT('',(0.0243608352088499,0.00281097504367937,0.007));
#8928=CARTESIAN_POINT('',(0.0075160660804216,4.60226313378415E-19,0.007));
#8929=CARTESIAN_POINT('',(0.0236979836334584,0.00389676566427609,0.0065));
#8930=CARTESIAN_POINT('',(0.0236979836334584,0.00389676566427609,0.006));
#8931=CARTESIAN_POINT('',(0.0236979836334584,0.00389676566427609,0.0065));
#8932=CARTESIAN_POINT('',(0.0075160660804216,4.60226313378415E-19,0.0065));
#8933=CARTESIAN_POINT('',(0.022915394142494,0.00488160428044052,0.006));
#8934=CARTESIAN_POINT('',(0.022915394142494,0.00488160428044052,0.0055));
#8935=CARTESIAN_POINT('',(0.022915394142494,0.00488160428044052,0.006));
#8936=CARTESIAN_POINT('',(0.0075160660804216,4.60226313378415E-19,0.006));
#8937=CARTESIAN_POINT('',(0.0075160660804216,4.60226313378415E-19,0.0055));
#8938=CARTESIAN_POINT('',(0.0248548603498243,-0.00142530044112034,0.0075));
#8939=CARTESIAN_POINT('',(0.0248548603498243,-0.00142530044112034,0.007));
#8940=CARTESIAN_POINT('',(0.0243608352088499,-0.00281097504367937,0.007));
#8941=CARTESIAN_POINT('',(0.0243608352088499,-0.00281097504367937,0.0065));
#8942=CARTESIAN_POINT('',(0.0243608352088499,-0.00281097504367937,0.007));
#8943=CARTESIAN_POINT('',(0.0075160660804216,4.60226313378415E-19,0.007));
#8944=CARTESIAN_POINT('',(0.0236979836334584,-0.00389676566427609,0.0065));
#8945=CARTESIAN_POINT('',(0.0236979836334584,-0.00389676566427609,0.006));
#8946=CARTESIAN_POINT('',(0.0236979836334584,-0.00389676566427609,0.0065));
#8947=CARTESIAN_POINT('',(0.0075160660804216,4.60226313378415E-19,0.0065));
#8948=CARTESIAN_POINT('',(0.022915394142494,-0.00488160428044052,0.006));
#8949=CARTESIAN_POINT('',(0.022915394142494,-0.00488160428044052,0.0055));
#8950=CARTESIAN_POINT('',(0.022915394142494,-0.00488160428044052,0.006));
#8951=CARTESIAN_POINT('',(0.0075160660804216,4.60226313378415E-19,0.006));
#8952=CARTESIAN_POINT('',(0.0075160660804216,4.60226313378415E-19,0.0055));
#8953=CARTESIAN_POINT('',(-0.025625,0.,-0.005));
#8954=CARTESIAN_POINT('',(-0.031,-0.0700323879818266,-0.005));
#8955=CARTESIAN_POINT('',(-0.031,-0.0705323879818266,-0.005));
#8956=CARTESIAN_POINT('',(-0.0305,-0.0705323879818266,-0.005));
#8957=CARTESIAN_POINT('',(-0.0305,-0.0700323879818266,-0.005));
#8958=CARTESIAN_POINT('',(-0.0155,-0.0700323879818266,-0.005));
#8959=CARTESIAN_POINT('',(-0.0170466989055276,-0.0699147284030914,-0.005));
#8960=CARTESIAN_POINT('',(-0.0235933978110552,-0.0699147284030914,-0.005));
#8961=CARTESIAN_POINT('',(-0.0235933978110552,-0.0663344822824001,-0.005));
#8962=CARTESIAN_POINT('',(-0.0185,-0.0562823879818266,-0.005));
#8963=CARTESIAN_POINT('',(-0.0185,-0.0375323879818266,-0.005));
#8964=CARTESIAN_POINT('',(-0.016,-0.0375323879818266,-0.005));
#8965=CARTESIAN_POINT('',(-0.016,-0.0350323879818266,-0.005));
#8966=CARTESIAN_POINT('',(-0.01525,-0.0350323879818266,-0.005));
#8967=CARTESIAN_POINT('',(-0.012,-0.0305323879818265,-0.005));
#8968=CARTESIAN_POINT('',(-0.012,-0.0280323879818265,-0.005));
#8969=CARTESIAN_POINT('',(-0.01125,-0.0280323879818265,-0.005));
#8970=CARTESIAN_POINT('',(0.01125,-0.0280323879818265,-0.005));
#8971=CARTESIAN_POINT('',(0.012,-0.0280323879818265,-0.005));
#8972=CARTESIAN_POINT('',(0.012,-0.0305323879818265,-0.005));
#8973=CARTESIAN_POINT('',(0.01525,-0.0350323879818266,-0.005));
#8974=CARTESIAN_POINT('',(0.016,-0.0350323879818266,-0.005));
#8975=CARTESIAN_POINT('',(0.016,-0.0375323879818266,-0.005));
#8976=CARTESIAN_POINT('',(0.0105,-0.0645671414998326,-0.005));
#8977=CARTESIAN_POINT('',(0.0235933978110552,-0.0627542361617088,-0.005));
#8978=CARTESIAN_POINT('',(0.0235933978110552,-0.0663344822824001,-0.005));
#8979=CARTESIAN_POINT('',(0.0235933978110552,-0.0699147284030914,-0.005));
#8980=CARTESIAN_POINT('',(0.0170466989055276,-0.0699147284030914,-0.005));
#8981=CARTESIAN_POINT('',(0.0155,-0.0700323879818266,-0.005));
#8982=CARTESIAN_POINT('',(0.0305,-0.0700323879818266,-0.005));
#8983=CARTESIAN_POINT('',(0.0305,-0.0705323879818266,-0.005));
#8984=CARTESIAN_POINT('',(0.031,-0.0705323879818266,-0.005));
#8985=CARTESIAN_POINT('',(0.031,-0.0700323879818266,-0.005));
#8986=CARTESIAN_POINT('',(0.031,-0.0715323879818266,-0.005));
#8987=CARTESIAN_POINT('',(0.032,-0.0715323879818266,-0.005));
#8988=CARTESIAN_POINT('',(0.0325,-0.0715323879818266,-0.005));
#8989=CARTESIAN_POINT('',(0.0325,-0.0720323879818266,-0.005));
#8990=CARTESIAN_POINT('',(0.033,-0.0720323879818266,-0.005));
#8991=CARTESIAN_POINT('',(0.033,-0.0715323879818266,-0.005));
#8992=CARTESIAN_POINT('',(0.0345,-0.0735323879818266,-0.005));
#8993=CARTESIAN_POINT('',(0.035,-0.0735323879818266,-0.005));
#8994=CARTESIAN_POINT('',(0.035,-0.0730323879818266,-0.005));
#8995=CARTESIAN_POINT('',(0.035,-0.0750323879818266,-0.005));
#8996=CARTESIAN_POINT('',(-0.0165,-0.0750323879818266,-0.005));
#8997=CARTESIAN_POINT('',(-0.035,-0.0750323879818266,-0.005));
#8998=CARTESIAN_POINT('',(-0.035,-0.0730323879818266,-0.005));
#8999=CARTESIAN_POINT('',(-0.035,-0.0735323879818266,-0.005));
#9000=CARTESIAN_POINT('',(-0.0345,-0.0735323879818266,-0.005));
#9001=CARTESIAN_POINT('',(-0.033,-0.0715323879818266,-0.005));
#9002=CARTESIAN_POINT('',(-0.033,-0.0720323879818266,-0.005));
#9003=CARTESIAN_POINT('',(-0.0325,-0.0720323879818266,-0.005));
#9004=CARTESIAN_POINT('',(-0.01525,-0.0350323879818266,0.));
#9005=CARTESIAN_POINT('',(-0.016,-0.0350323879818266,0.));
#9006=CARTESIAN_POINT('',(-0.016,-0.0350323879818266,0.));
#9007=CARTESIAN_POINT('',(-0.01525,-0.0350323879818266,0.));
#9008=CARTESIAN_POINT('',(-0.012,-0.0305323879818265,0.));
#9009=CARTESIAN_POINT('',(-0.012,-0.0305323879818265,0.001));
#9010=CARTESIAN_POINT('',(-0.012,-0.0280323879818265,0.001));
#9011=CARTESIAN_POINT('',(-0.012,-0.0280323879818265,0.));
#9012=CARTESIAN_POINT('',(-0.01125,-0.0280323879818265,0.));
#9013=CARTESIAN_POINT('',(-0.01125,-0.0280323879818265,0.001));
#9014=CARTESIAN_POINT('',(-0.0165,-0.0750323879818266,0.));
#9015=CARTESIAN_POINT('',(0.035,-0.0750323879818266,-4.33680868994202E-18));
#9016=CARTESIAN_POINT('',(0.035,-0.0750323879818266,0.005));
#9017=CARTESIAN_POINT('',(-0.0175,-0.0750323879818266,0.005));
#9018=CARTESIAN_POINT('',(-0.035,-0.0750323879818266,0.005));
#9019=CARTESIAN_POINT('',(-0.035,-0.0750323879818266,-4.33680868994202E-18));
#9020=CARTESIAN_POINT('',(-0.0185,-0.0562823879818266,0.));
#9021=CARTESIAN_POINT('',(-0.0185,-0.0375323879818266,0.));
#9022=CARTESIAN_POINT('',(-0.0185,-0.0375323879818266,0.));
#9023=CARTESIAN_POINT('',(-0.0185,-0.0375323879818266,0.));
#9024=CARTESIAN_POINT('',(-0.016,-0.0375323879818266,0.));
#9025=CARTESIAN_POINT('',(-0.016,-0.0375323879818266,0.));
#9026=CARTESIAN_POINT('',(-0.0105,-0.0515323879818266,0.001));
#9027=CARTESIAN_POINT('',(-0.0105,-0.0515323879818265,0.0015));
#9028=CARTESIAN_POINT('',(-0.0105,-0.0515323879818265,0.00176414874920238));
#9029=CARTESIAN_POINT('',(-0.0105,-0.0517683913788518,0.002));
#9030=CARTESIAN_POINT('',(-0.0105,-0.0520325378897532,0.002));
#9031=CARTESIAN_POINT('',(-0.0105,-0.0520325378897532,0.002));
#9032=CARTESIAN_POINT('',(-0.0105,-0.0515323879818266,0.002));
#9033=CARTESIAN_POINT('',(-0.0105,-0.0699147284030914,0.002));
#9034=CARTESIAN_POINT('',(-0.0105,-0.0699147284030914,0.002));
#9035=CARTESIAN_POINT('',(-0.0170466989055276,-0.0699147284030914,-0.005002));
#9036=CARTESIAN_POINT('',(-0.0170466989055276,-0.0699147284030914,0.002));
#9037=CARTESIAN_POINT('',(-0.0230933978110552,-0.0699147284030914,0.002));
#9038=CARTESIAN_POINT('',(-0.0230933978110552,-0.0699147284030914,0.0015));
#9039=CARTESIAN_POINT('',(-0.0235933978110552,-0.0699147284030914,0.0015));
#9040=CARTESIAN_POINT('',(-0.0235933978110552,-0.0699147284030914,-0.005002));
#9041=CARTESIAN_POINT('',(-0.0235933978110552,-0.0663344822824001,-0.005002));
#9042=CARTESIAN_POINT('',(-0.0235933978110552,-0.0663344822824001,0.0015));
#9043=CARTESIAN_POINT('',(-0.0175052369931667,-0.0515323879818266,0.001));
#9044=CARTESIAN_POINT('',(-0.0113925511302656,-0.0654904606157964,0.002));
#9045=CARTESIAN_POINT('',(-0.0113925511302656,-0.0654904606157964,0.001));
#9046=CARTESIAN_POINT('',(-0.0117267444838261,-0.0655733161247115,0.001));
#9047=CARTESIAN_POINT('',(-0.0110583577767059,-0.0654076051068814,0.001));
#9048=CARTESIAN_POINT('',(-0.0117267444838261,-0.0655733161247115,0.002));
#9049=CARTESIAN_POINT('',(-0.0117267444838261,-0.0655733161247115,0.002));
#9050=CARTESIAN_POINT('',(-0.0113925511302656,-0.0654904606157964,0.002));
#9051=CARTESIAN_POINT('',(-0.0110583577767059,-0.0654076051068814,0.002));
#9052=CARTESIAN_POINT('',(-0.0110583577767059,-0.0654076051068814,0.002));
#9053=CARTESIAN_POINT('',(-0.0131138756603719,-0.0595649908990324,0.002));
#9054=CARTESIAN_POINT('',(-0.0131138756603719,-0.0595649908990324,0.001));
#9055=CARTESIAN_POINT('',(-0.0145010068369185,-0.0535566656733534,0.001));
#9056=CARTESIAN_POINT('',(-0.0145010068369185,-0.0535566656733534,0.002));
#9057=CARTESIAN_POINT('',(-0.0145010068369185,-0.0535566656733534,0.002));
#9058=CARTESIAN_POINT('',(-0.0131138756603719,-0.0595649908990324,0.002));
#9059=CARTESIAN_POINT('',(-0.0112869248384109,-0.0627859411328346,0.002));
#9060=CARTESIAN_POINT('',(-0.0112869248384109,-0.0627859411328346,0.001));
#9061=CARTESIAN_POINT('',(-0.0110583577767059,-0.0530157003119328,0.001));
#9062=CARTESIAN_POINT('',(-0.0110583577767059,-0.0530157003119328,0.002));
#9063=CARTESIAN_POINT('',(-0.0110583577767059,-0.0530157003119328,0.002));
#9064=CARTESIAN_POINT('',(-0.0112869248384109,-0.0627859411328346,0.002));
#9065=CARTESIAN_POINT('',(-0.0137489220267382,-0.0598178935810776,0.002));
#9066=CARTESIAN_POINT('',(-0.0137489220267382,-0.0598178935810776,0.001));
#9067=CARTESIAN_POINT('',(-0.0152417806427258,-0.0538303647076103,0.001));
#9068=CARTESIAN_POINT('',(-0.0122560634107508,-0.0658054224545449,0.001));
#9069=CARTESIAN_POINT('',(-0.0122560634107508,-0.0658054224545449,0.002));
#9070=CARTESIAN_POINT('',(-0.0122560634107508,-0.0658054224545449,0.002));
#9071=CARTESIAN_POINT('',(-0.0137489220267382,-0.0598178935810776,0.002));
#9072=CARTESIAN_POINT('',(-0.0152417806427258,-0.0538303647076103,0.002));
#9073=CARTESIAN_POINT('',(-0.0152417806427258,-0.0538303647076103,0.002));
#9074=CARTESIAN_POINT('',(-0.0124877348231553,-0.0659521554080222,0.002));
#9075=CARTESIAN_POINT('',(-0.0124877348231553,-0.0659521554080222,0.001));
#9076=CARTESIAN_POINT('',(-0.01271940623556,-0.0660988883614994,0.001));
#9077=CARTESIAN_POINT('',(-0.01271940623556,-0.0660988883614994,0.002));
#9078=CARTESIAN_POINT('',(-0.01271940623556,-0.0660988883614994,0.002));
#9079=CARTESIAN_POINT('',(-0.0124877348231553,-0.0659521554080222,0.002));
#9080=CARTESIAN_POINT('',(-0.0153232002780222,-0.060760319433558,0.002));
#9081=CARTESIAN_POINT('',(-0.0153232002780222,-0.060760319433558,0.001));
#9082=CARTESIAN_POINT('',(-0.0179269943204843,-0.0554217505056166,0.001));
#9083=CARTESIAN_POINT('',(-0.0179269943204843,-0.0554217505056166,0.002));
#9084=CARTESIAN_POINT('',(-0.0179269943204843,-0.0554217505056166,0.002));
#9085=CARTESIAN_POINT('',(-0.0153232002780222,-0.060760319433558,0.002));
#9086=CARTESIAN_POINT('',(-0.016623460679775,-0.062099814246685,0.002));
#9087=CARTESIAN_POINT('',(-0.016623460679775,-0.062099814246685,0.001));
#9088=CARTESIAN_POINT('',(-0.0199309144078011,-0.0575474947326349,0.001));
#9089=CARTESIAN_POINT('',(-0.0133160069517489,-0.0666521337607351,0.001));
#9090=CARTESIAN_POINT('',(-0.0133160069517489,-0.0666521337607351,0.002));
#9091=CARTESIAN_POINT('',(-0.0133160069517489,-0.0666521337607351,0.002));
#9092=CARTESIAN_POINT('',(-0.016623460679775,-0.062099814246685,0.002));
#9093=CARTESIAN_POINT('',(-0.0199309144078011,-0.0575474947326349,0.002));
#9094=CARTESIAN_POINT('',(-0.0199309144078011,-0.0575474947326349,0.002));
#9095=CARTESIAN_POINT('',(-0.0134156576654492,-0.0667777619080478,0.002));
#9096=CARTESIAN_POINT('',(-0.0134156576654492,-0.0667777619080478,0.001));
#9097=CARTESIAN_POINT('',(-0.0135153083791495,-0.0669033900553605,0.001));
#9098=CARTESIAN_POINT('',(-0.0135153083791495,-0.0669033900553605,0.002));
#9099=CARTESIAN_POINT('',(-0.0135153083791495,-0.0669033900553605,0.002));
#9100=CARTESIAN_POINT('',(-0.0134156576654492,-0.0667777619080478,0.002));
#9101=CARTESIAN_POINT('',(-0.0173720449249519,-0.0634307688717287,0.002));
#9102=CARTESIAN_POINT('',(-0.0173720449249519,-0.0634307688717287,0.001));
#9103=CARTESIAN_POINT('',(-0.0212287814707543,-0.059958147688097,0.001));
#9104=CARTESIAN_POINT('',(-0.0212287814707543,-0.059958147688097,0.002));
#9105=CARTESIAN_POINT('',(-0.0212287814707543,-0.059958147688097,0.002));
#9106=CARTESIAN_POINT('',(-0.0173720449249519,-0.0634307688717287,0.002));
#9107=CARTESIAN_POINT('',(-0.0176490431797224,-0.0640594638337162,0.002));
#9108=CARTESIAN_POINT('',(-0.0176490431797224,-0.0640594638337162,0.001));
#9109=CARTESIAN_POINT('',(-0.0215038070451773,-0.0607671844692087,0.001));
#9110=CARTESIAN_POINT('',(-0.0137942793142675,-0.0673517431982237,0.001));
#9111=CARTESIAN_POINT('',(-0.0137942793142675,-0.0673517431982237,0.002));
#9112=CARTESIAN_POINT('',(-0.0137942793142675,-0.0673517431982237,0.002));
#9113=CARTESIAN_POINT('',(-0.0176490431797224,-0.0640594638337162,0.002));
#9114=CARTESIAN_POINT('',(-0.0215038070451773,-0.0607671844692087,0.002));
#9115=CARTESIAN_POINT('',(-0.0215038070451773,-0.0607671844692087,0.002));
#9116=CARTESIAN_POINT('',(-0.0138280812353887,-0.0674190464580959,0.002));
#9117=CARTESIAN_POINT('',(-0.0138280812353887,-0.0674190464580959,0.001));
#9118=CARTESIAN_POINT('',(-0.01386188315651,-0.067486349717968,0.001));
#9119=CARTESIAN_POINT('',(-0.01386188315651,-0.067486349717968,0.002));
#9120=CARTESIAN_POINT('',(-0.01386188315651,-0.067486349717968,0.002));
#9121=CARTESIAN_POINT('',(-0.0138280812353887,-0.0674190464580959,0.002));
#9122=CARTESIAN_POINT('',(-0.0178786504869721,-0.0651202929398384,0.002));
#9123=CARTESIAN_POINT('',(-0.0178786504869721,-0.0651202929398384,0.001));
#9124=CARTESIAN_POINT('',(-0.0218954178174342,-0.0627542361617088,0.001));
#9125=CARTESIAN_POINT('',(-0.0218954178174342,-0.0627542361617088,0.002));
#9126=CARTESIAN_POINT('',(-0.0218954178174342,-0.0627542361617088,0.002));
#9127=CARTESIAN_POINT('',(-0.0178786504869721,-0.0651202929398384,0.002));
#9128=CARTESIAN_POINT('',(-0.0179339089679466,-0.0656529086948007,0.002));
#9129=CARTESIAN_POINT('',(-0.0179339089679466,-0.0656529086948007,0.001));
#9130=CARTESIAN_POINT('',(-0.0218954178174342,-0.0635636510043503,0.001));
#9131=CARTESIAN_POINT('',(-0.0139724001184589,-0.0677421663852511,0.001));
#9132=CARTESIAN_POINT('',(-0.0139724001184589,-0.0677421663852511,0.002));
#9133=CARTESIAN_POINT('',(-0.0139724001184589,-0.0677421663852511,0.002));
#9134=CARTESIAN_POINT('',(-0.0179339089679466,-0.0656529086948007,0.002));
#9135=CARTESIAN_POINT('',(-0.0218954178174342,-0.0635636510043503,0.002));
#9136=CARTESIAN_POINT('',(-0.0218954178174342,-0.0635636510043503,0.002));
#9137=CARTESIAN_POINT('',(-0.0140493988033269,-0.0679906495975302,0.002));
#9138=CARTESIAN_POINT('',(-0.0140493988033269,-0.0679906495975302,0.001));
#9139=CARTESIAN_POINT('',(-0.0141263974881949,-0.0682391328098092,0.001));
#9140=CARTESIAN_POINT('',(-0.0141263974881949,-0.0682391328098092,0.002));
#9141=CARTESIAN_POINT('',(-0.0141263974881949,-0.0682391328098092,0.002));
#9142=CARTESIAN_POINT('',(-0.0140493988033269,-0.0679906495975302,0.002));
#9143=CARTESIAN_POINT('',(-0.0180109076528145,-0.0672253338494036,0.002));
#9144=CARTESIAN_POINT('',(-0.0180109076528145,-0.0672253338494036,0.001));
#9145=CARTESIAN_POINT('',(-0.0218954178174342,-0.0662115348889979,0.001));
#9146=CARTESIAN_POINT('',(-0.0218954178174342,-0.0662115348889979,0.002));
#9147=CARTESIAN_POINT('',(-0.0218954178174342,-0.0662115348889979,0.002));
#9148=CARTESIAN_POINT('',(-0.0180109076528145,-0.0672253338494036,0.002));
#9149=CARTESIAN_POINT('',(-0.0180594670409932,-0.0689854306521754,0.002));
#9150=CARTESIAN_POINT('',(-0.0180594670409932,-0.0689854306521754,0.001));
#9151=CARTESIAN_POINT('',(-0.0218954178174342,-0.0689854306521754,0.001));
#9152=CARTESIAN_POINT('',(-0.0142235162645523,-0.0689854306521754,0.001));
#9153=CARTESIAN_POINT('',(-0.0218954178174342,-0.0689854306521754,0.002));
#9154=CARTESIAN_POINT('',(-0.0218954178174342,-0.0689854306521754,0.002));
#9155=CARTESIAN_POINT('',(-0.0180594670409932,-0.0689854306521754,0.002));
#9156=CARTESIAN_POINT('',(-0.0142235162645523,-0.0689854306521754,0.002));
#9157=CARTESIAN_POINT('',(-0.0142235162645523,-0.0689854306521754,0.002));
#9158=CARTESIAN_POINT('',(-0.0218954178174342,-0.0678196129663903,0.002));
#9159=CARTESIAN_POINT('',(-0.0218954178174342,-0.0678196129663903,0.001));
#9160=CARTESIAN_POINT('',(-0.0218954178174342,-0.0666537952806052,0.001));
#9161=CARTESIAN_POINT('',(-0.0218954178174342,-0.0666537952806052,0.002));
#9162=CARTESIAN_POINT('',(-0.0218954178174342,-0.0666537952806052,0.002));
#9163=CARTESIAN_POINT('',(-0.0218954178174342,-0.0678196129663903,0.002));
#9164=CARTESIAN_POINT('',(-0.0180342934108269,-0.067562541824685,0.002));
#9165=CARTESIAN_POINT('',(-0.0180342934108269,-0.067562541824685,0.001));
#9166=CARTESIAN_POINT('',(-0.0141731690042196,-0.0684712883687648,0.001));
#9167=CARTESIAN_POINT('',(-0.0141731690042196,-0.0684712883687648,0.002));
#9168=CARTESIAN_POINT('',(-0.0141731690042196,-0.0684712883687648,0.002));
#9169=CARTESIAN_POINT('',(-0.0180342934108269,-0.067562541824685,0.002));
#9170=CARTESIAN_POINT('',(-0.0130489858262106,-0.0605914928224667,0.002));
#9171=CARTESIAN_POINT('',(-0.0130489858262106,-0.0605914928224667,0.001));
#9172=CARTESIAN_POINT('',(-0.0130489858262106,-0.0605914928224667,0.002));
#9173=CARTESIAN_POINT('',(-0.014359794645849,-0.0621016243970972,0.002));
#9174=CARTESIAN_POINT('',(-0.014359794645849,-0.0621016243970972,0.001));
#9175=CARTESIAN_POINT('',(-0.014359794645849,-0.0621016243970972,0.002));
#9176=CARTESIAN_POINT('',(-0.0166584150123574,-0.0627542361617088,0.002));
#9177=CARTESIAN_POINT('',(-0.0166584150123574,-0.0627542361617088,0.001));
#9178=CARTESIAN_POINT('',(-0.0166584150123574,-0.0627542361617088,0.002));
#9179=CARTESIAN_POINT('',(-0.0218954178174342,-0.0648875929466741,0.002));
#9180=CARTESIAN_POINT('',(-0.0218954178174342,-0.0648875929466741,0.001));
#9181=CARTESIAN_POINT('',(-0.0218954178174342,-0.0648875929466741,0.002));
#9182=CARTESIAN_POINT('',(-0.0141983426343859,-0.0687283595104701,0.002));
#9183=CARTESIAN_POINT('',(-0.0141983426343859,-0.0687283595104701,0.001));
#9184=CARTESIAN_POINT('',(-0.0141983426343859,-0.0687283595104701,0.002));
#9185=CARTESIAN_POINT('',(-0.0110583577767059,-0.0592116527094071,0.002));
#9186=CARTESIAN_POINT('',(-0.0110583577767059,-0.0592116527094071,0.001));
#9187=CARTESIAN_POINT('',(-0.0110583577767059,-0.0592116527094071,0.002));
#9188=CARTESIAN_POINT('',(-0.0175052369931667,-0.0515323879818266,0.002));
#9189=CARTESIAN_POINT('',(-0.0108094424150477,-0.064420801409562,0.002));
#9190=CARTESIAN_POINT('',(-0.0230933978110552,-0.0627870121106148,0.002));
#9191=CARTESIAN_POINT('',(-0.0230933978110552,-0.0515323879818266,0.002));
#9192=CARTESIAN_POINT('',(0.,-0.0230161939909132,0.001));
#9193=CARTESIAN_POINT('',(0.,-0.0230161939909132,0.001));
#9194=CARTESIAN_POINT('',(0.,-0.0230161939909132,0.001));
#9195=CARTESIAN_POINT('',(0.,-0.0230161939909132,0.001));
#9196=CARTESIAN_POINT('',(0.,-0.0230161939909132,0.001));
#9197=CARTESIAN_POINT('',(0.,-0.0230161939909132,0.001));
#9198=CARTESIAN_POINT('',(0.,0.,0.0015));
#9199=CARTESIAN_POINT('',(0.008,-0.0278747197295327,0.002));
#9200=CARTESIAN_POINT('',(0.00825928114966061,-0.0278003064540842,0.002));
#9201=CARTESIAN_POINT('',(0.00850000000000015,-0.0277263412660236,0.00177008436464157));
#9202=CARTESIAN_POINT('',(0.00850000000000016,-0.0277263412660236,0.00150000000000003));
#9203=CARTESIAN_POINT('',(-0.0105,-0.0270323879818266,0.001));
#9204=CARTESIAN_POINT('',(-0.0105,-0.0270323879818266,0.00127337231318409));
#9205=CARTESIAN_POINT('',(-0.0102561649537832,-0.0271272106304746,0.0015));
#9206=CARTESIAN_POINT('',(-0.01,-0.0272213151776324,0.0015));
#9207=CARTESIAN_POINT('',(-0.0085,-0.0277263412660236,0.0015));
#9208=CARTESIAN_POINT('',(-0.0085,-0.0277263412660236,0.00176986101030043));
#9209=CARTESIAN_POINT('',(-0.00825909997683424,-0.0278003584503957,0.002));
#9210=CARTESIAN_POINT('',(-0.008,-0.0278747197295327,0.002));
#9211=CARTESIAN_POINT('',(-0.00534138317886997,-0.0285038528226709,0.002));
#9212=CARTESIAN_POINT('',(-0.00534138317886997,-0.0285038528226709,0.00226619465592659));
#9213=CARTESIAN_POINT('',(-0.0051037298167128,-0.0285486031341327,0.00249999999999999));
#9214=CARTESIAN_POINT('',(-0.00484138317886998,-0.0285930237805545,0.0025));
#9215=CARTESIAN_POINT('',(0.00534138317886997,-0.0285038528226709,0.0025));
#9216=CARTESIAN_POINT('',(0.00534138317886997,-0.0285038528226709,0.00223329713891669));
#9217=CARTESIAN_POINT('',(0.00558028336601015,-0.0284592953815323,0.002));
#9218=CARTESIAN_POINT('',(0.00584138317886997,-0.0284056023093617,0.002));
#9219=CARTESIAN_POINT('',(-0.0175,-0.0730323879818266,0.005));
#9220=CARTESIAN_POINT('',(0.035,-0.0730323879818266,0.005));
#9221=CARTESIAN_POINT('',(0.035,-0.0735323879818266,0.005));
#9222=CARTESIAN_POINT('',(-0.035,-0.0735323879818266,0.005));
#9223=CARTESIAN_POINT('',(-0.035,-0.0735323879818266,0.005));
#9224=CARTESIAN_POINT('',(-0.035,-0.0730323879818266,0.005));
#9225=CARTESIAN_POINT('',(-0.035,-0.0730323879818266,-4.33680868994202E-18));
#9226=CARTESIAN_POINT('',(-0.035,-0.0735323879818266,-4.33680868994202E-18));
#9227=CARTESIAN_POINT('',(-0.0165,-0.0715323879818266,0.003));
#9228=CARTESIAN_POINT('',(0.033,-0.0715323879818266,0.003));
#9229=CARTESIAN_POINT('',(0.033,-0.0720323879818266,0.003));
#9230=CARTESIAN_POINT('',(-0.033,-0.0720323879818266,0.003));
#9231=CARTESIAN_POINT('',(-0.033,-0.0720323879818266,0.003));
#9232=CARTESIAN_POINT('',(-0.033,-0.0715323879818266,0.003));
#9233=CARTESIAN_POINT('',(-0.033,-0.0715323879818266,-0.001));
#9234=CARTESIAN_POINT('',(-0.033,-0.0720323879818266,-0.001));
#9235=CARTESIAN_POINT('',(-0.0175,-0.0715323879818266,-1.7347234759768E-18));
#9236=CARTESIAN_POINT('',(0.00584138317886997,-0.0715323879818266,0.0025));
#9237=CARTESIAN_POINT('',(0.033,-0.0715323879818266,0.0025));
#9238=CARTESIAN_POINT('',(0.0325,-0.0715323879818266,0.0025));
#9239=CARTESIAN_POINT('',(0.0325,-0.0715323879818266,-0.005));
#9240=CARTESIAN_POINT('',(0.031,-0.0715323879818266,-0.002));
#9241=CARTESIAN_POINT('',(0.008,-0.0715323879818266,0.0015));
#9242=CARTESIAN_POINT('',(-0.031,-0.0700323879818266,-0.002));
#9243=CARTESIAN_POINT('',(-0.031,-0.0705323879818266,-0.002));
#9244=CARTESIAN_POINT('',(-0.0175,-0.0700323879818266,-1.7347234759768E-18));
#9245=CARTESIAN_POINT('',(-0.0305,-0.0700323879818266,-1.7347234759768E-18));
#9246=CARTESIAN_POINT('',(-0.0305,-0.0700323879818266,0.0005));
#9247=CARTESIAN_POINT('',(-0.0175,-0.0700323879818266,0.0005));
#9248=CARTESIAN_POINT('',(-0.0175,-0.0454434359062993,0.0005));
#9249=CARTESIAN_POINT('',(-0.0175,-0.0375323879818266,0.0005));
#9250=CARTESIAN_POINT('',(-0.0175,-0.0375323879818266,0.0005));
#9251=CARTESIAN_POINT('',(-0.0175,-0.0454434359062993,0.0005));
#9252=CARTESIAN_POINT('',(-0.016,-0.0375323879818266,0.0005));
#9253=CARTESIAN_POINT('',(-0.016,-0.0360323879818265,0.0005));
#9254=CARTESIAN_POINT('',(-0.016,-0.0360323879818265,0.0005));
#9255=CARTESIAN_POINT('',(-0.016,-0.0375323879818266,0.0005));
#9256=CARTESIAN_POINT('',(-0.01525,-0.0360323879818265,0.0005));
#9257=CARTESIAN_POINT('',(-0.01525,-0.0360323879818265,0.0005));
#9258=CARTESIAN_POINT('',(-0.0165,-0.0445384984483021,0.0005));
#9259=CARTESIAN_POINT('',(-0.0165,-0.0355323879818265,0.0005));
#9260=CARTESIAN_POINT('',(-0.016,-0.0355323879818265,0.0005));
#9261=CARTESIAN_POINT('',(-0.016,-0.0375323879818266,0.0005));
#9262=CARTESIAN_POINT('',(-0.018,-0.0375323879818266,0.0005));
#9263=CARTESIAN_POINT('',(-0.018,-0.0540446089147777,0.0005));
#9264=CARTESIAN_POINT('',(-0.01125,-0.0290323879818266,0.0015));
#9265=CARTESIAN_POINT('',(-0.01,-0.0290323879818266,0.001));
#9266=CARTESIAN_POINT('',(-0.012,-0.0290323879818266,0.0015));
#9267=CARTESIAN_POINT('',(-0.0135,-0.04117247193407,0.0015));
#9268=CARTESIAN_POINT('',(-0.0135,-0.0305323879818265,0.0015));
#9269=CARTESIAN_POINT('',(-0.012,-0.0305323879818265,0.0015));
#9270=CARTESIAN_POINT('',(0.01525,-0.0350323879818266,0.));
#9271=CARTESIAN_POINT('',(0.016,-0.0350323879818266,0.));
#9272=CARTESIAN_POINT('',(0.016,-0.0350323879818266,0.));
#9273=CARTESIAN_POINT('',(0.016,-0.0350323879818266,0.));
#9274=CARTESIAN_POINT('',(0.016,-0.0375323879818266,0.));
#9275=CARTESIAN_POINT('',(0.016,-0.0375323879818266,0.));
#9276=CARTESIAN_POINT('',(0.01125,-0.0280323879818265,0.));
#9277=CARTESIAN_POINT('',(0.012,-0.0280323879818265,0.001));
#9278=CARTESIAN_POINT('',(0.012,-0.0280323879818265,0.001));
#9279=CARTESIAN_POINT('',(0.012,-0.0280323879818265,0.));
#9280=CARTESIAN_POINT('',(0.012,-0.0305323879818265,0.));
#9281=CARTESIAN_POINT('',(0.012,-0.0305323879818265,0.001));
#9282=CARTESIAN_POINT('',(0.,-0.0230161939909132,0.));
#9283=CARTESIAN_POINT('',(0.0105,-0.0645671414998326,0.));
#9284=CARTESIAN_POINT('',(0.0175,-0.053354483830772,0.));
#9285=CARTESIAN_POINT('',(0.0175,-0.0454434359062993,0.));
#9286=CARTESIAN_POINT('',(0.0175,-0.0375323879818266,0.));
#9287=CARTESIAN_POINT('',(0.016,-0.0375323879818266,0.));
#9288=CARTESIAN_POINT('',(0.016,-0.0360323879818265,0.));
#9289=CARTESIAN_POINT('',(0.01525,-0.0360323879818265,0.));
#9290=CARTESIAN_POINT('',(0.0105,-0.0515323879818266,0.001));
#9291=CARTESIAN_POINT('',(0.0105,-0.0515323879818266,0.002));
#9292=CARTESIAN_POINT('',(0.0105,-0.0520325378897532,0.002));
#9293=CARTESIAN_POINT('',(0.0105,-0.0699147284030914,0.002));
#9294=CARTESIAN_POINT('',(0.0105,-0.0520325378897532,0.002));
#9295=CARTESIAN_POINT('',(0.0105,-0.051768390035466,0.002));
#9296=CARTESIAN_POINT('',(0.0105,-0.0515323879818265,0.00176415012451319));
#9297=CARTESIAN_POINT('',(0.0105,-0.0515323879818265,0.0015));
#9298=CARTESIAN_POINT('',(0.0105,-0.0699147284030914,0.002));
#9299=CARTESIAN_POINT('',(0.0235933978110552,-0.0663344822824001,-0.005002));
#9300=CARTESIAN_POINT('',(0.0235933978110552,-0.0627542361617088,0.002));
#9301=CARTESIAN_POINT('',(0.0235933978110552,-0.0627542361617088,0.0015));
#9302=CARTESIAN_POINT('',(0.0235933978110552,-0.0627542361617088,0.001));
#9303=CARTESIAN_POINT('',(0.0235933978110552,-0.0699147284030914,0.0015));
#9304=CARTESIAN_POINT('',(0.0235933978110552,-0.0699147284030914,0.0015));
#9305=CARTESIAN_POINT('',(0.0235933978110552,-0.0699147284030914,-0.005002));
#9306=CARTESIAN_POINT('',(0.0235933978110552,-0.0627542361617088,-0.005002));
#9307=CARTESIAN_POINT('',(0.0170466989055276,-0.0699147284030914,-0.005002));
#9308=CARTESIAN_POINT('',(0.0230933978110552,-0.0699147284030914,0.0015));
#9309=CARTESIAN_POINT('',(0.0230933978110552,-0.0699147284030914,0.002));
#9310=CARTESIAN_POINT('',(0.0170466989055276,-0.0699147284030914,0.002));
#9311=CARTESIAN_POINT('',(0.0105,-0.0645671414998326,-0.005002));
#9312=CARTESIAN_POINT('',(0.0185,-0.0540446089147777,0.));
#9313=CARTESIAN_POINT('',(0.0185,-0.0540446089147777,0.000148023078131132));
#9314=CARTESIAN_POINT('',(0.018360901580977,-0.0539381200862016,0.000416939518740753));
#9315=CARTESIAN_POINT('',(0.0181213148967969,-0.0537661713505817,0.0005));
#9316=CARTESIAN_POINT('',(0.018,-0.0536825794046658,0.0005));
#9317=CARTESIAN_POINT('',(0.018,-0.0536825794046658,0.0005));
#9318=CARTESIAN_POINT('',(0.0105,-0.0645671414998326,0.0005));
#9319=CARTESIAN_POINT('',(0.0175,-0.053354483830772,0.0005));
#9320=CARTESIAN_POINT('',(0.0175,-0.053354483830772,0.0005));
#9321=CARTESIAN_POINT('',(0.0145,-0.0519685823757286,0.001));
#9322=CARTESIAN_POINT('',(0.0145,-0.0519685823757286,0.00126977853914473));
#9323=CARTESIAN_POINT('',(0.0142598634361234,-0.0518919791962143,0.0015));
#9324=CARTESIAN_POINT('',(0.014,-0.051820624642136,0.0015));
#9325=CARTESIAN_POINT('',(0.0202084820520128,-0.0555966862020627,0.0015));
#9326=CARTESIAN_POINT('',(0.0202084820520128,-0.0555966862020627,0.001));
#9327=CARTESIAN_POINT('',(0.0105,-0.0645671414998326,0.001));
#9328=CARTESIAN_POINT('',(0.0175052369931667,-0.0515323879818266,0.001));
#9329=CARTESIAN_POINT('',(0.0108094424150477,-0.064420801409562,0.001));
#9330=CARTESIAN_POINT('',(0.0113925511302656,-0.0654904606157964,0.002));
#9331=CARTESIAN_POINT('',(0.0113925511302656,-0.0654904606157964,0.001));
#9332=CARTESIAN_POINT('',(0.0117267444838261,-0.0655733161247115,0.001));
#9333=CARTESIAN_POINT('',(0.0110583577767059,-0.0654076051068814,0.001));
#9334=CARTESIAN_POINT('',(0.0110583577767059,-0.0654076051068814,0.002));
#9335=CARTESIAN_POINT('',(0.0110583577767059,-0.0654076051068814,0.002));
#9336=CARTESIAN_POINT('',(0.0113925511302656,-0.0654904606157964,0.002));
#9337=CARTESIAN_POINT('',(0.0117267444838261,-0.0655733161247115,0.002));
#9338=CARTESIAN_POINT('',(0.0117267444838261,-0.0655733161247115,0.002));
#9339=CARTESIAN_POINT('',(0.0110583577767059,-0.0592116527094071,0.002));
#9340=CARTESIAN_POINT('',(0.0110583577767059,-0.0592116527094071,0.001));
#9341=CARTESIAN_POINT('',(0.0110583577767059,-0.0530157003119328,0.001));
#9342=CARTESIAN_POINT('',(0.0110583577767059,-0.0530157003119328,0.002));
#9343=CARTESIAN_POINT('',(0.0110583577767059,-0.0530157003119328,0.002));
#9344=CARTESIAN_POINT('',(0.0110583577767059,-0.0592116527094071,0.002));
#9345=CARTESIAN_POINT('',(0.0112869248384109,-0.0627859411328346,0.002));
#9346=CARTESIAN_POINT('',(0.0112869248384109,-0.0627859411328346,0.001));
#9347=CARTESIAN_POINT('',(0.0145010068369185,-0.0535566656733534,0.001));
#9348=CARTESIAN_POINT('',(0.0145010068369185,-0.0535566656733534,0.002));
#9349=CARTESIAN_POINT('',(0.0145010068369185,-0.0535566656733534,0.002));
#9350=CARTESIAN_POINT('',(0.0112869248384109,-0.0627859411328346,0.002));
#9351=CARTESIAN_POINT('',(0.0137489220267382,-0.0598178935810776,0.002));
#9352=CARTESIAN_POINT('',(0.0137489220267382,-0.0598178935810776,0.001));
#9353=CARTESIAN_POINT('',(0.0152417806427258,-0.0538303647076103,0.001));
#9354=CARTESIAN_POINT('',(0.0122560634107508,-0.0658054224545449,0.001));
#9355=CARTESIAN_POINT('',(0.0152417806427258,-0.0538303647076103,0.002));
#9356=CARTESIAN_POINT('',(0.0152417806427258,-0.0538303647076103,0.002));
#9357=CARTESIAN_POINT('',(0.0137489220267382,-0.0598178935810776,0.002));
#9358=CARTESIAN_POINT('',(0.0122560634107508,-0.0658054224545449,0.002));
#9359=CARTESIAN_POINT('',(0.0122560634107508,-0.0658054224545449,0.002));
#9360=CARTESIAN_POINT('',(0.0130489858262106,-0.0605914928224667,0.002));
#9361=CARTESIAN_POINT('',(0.0130489858262106,-0.0605914928224667,0.001));
#9362=CARTESIAN_POINT('',(0.0179269943204843,-0.0554217505056166,0.001));
#9363=CARTESIAN_POINT('',(0.0179269943204843,-0.0554217505056166,0.002));
#9364=CARTESIAN_POINT('',(0.0179269943204843,-0.0554217505056166,0.002));
#9365=CARTESIAN_POINT('',(0.0130489858262106,-0.0605914928224667,0.002));
#9366=CARTESIAN_POINT('',(0.0153232002780222,-0.060760319433558,0.002));
#9367=CARTESIAN_POINT('',(0.0153232002780222,-0.060760319433558,0.001));
#9368=CARTESIAN_POINT('',(0.01271940623556,-0.0660988883614995,0.001));
#9369=CARTESIAN_POINT('',(0.01271940623556,-0.0660988883614994,0.002));
#9370=CARTESIAN_POINT('',(0.01271940623556,-0.0660988883614994,0.002));
#9371=CARTESIAN_POINT('',(0.0153232002780222,-0.060760319433558,0.002));
#9372=CARTESIAN_POINT('',(0.016623460679775,-0.062099814246685,0.002));
#9373=CARTESIAN_POINT('',(0.016623460679775,-0.062099814246685,0.001));
#9374=CARTESIAN_POINT('',(0.0199309144078011,-0.0575474947326349,0.001));
#9375=CARTESIAN_POINT('',(0.0133160069517489,-0.0666521337607351,0.001));
#9376=CARTESIAN_POINT('',(0.0199309144078011,-0.0575474947326349,0.002));
#9377=CARTESIAN_POINT('',(0.0199309144078011,-0.0575474947326349,0.002));
#9378=CARTESIAN_POINT('',(0.016623460679775,-0.062099814246685,0.002));
#9379=CARTESIAN_POINT('',(0.0133160069517489,-0.0666521337607351,0.002));
#9380=CARTESIAN_POINT('',(0.0133160069517489,-0.0666521337607351,0.002));
#9381=CARTESIAN_POINT('',(0.014359794645849,-0.0621016243970972,0.002));
#9382=CARTESIAN_POINT('',(0.014359794645849,-0.0621016243970972,0.001));
#9383=CARTESIAN_POINT('',(0.0212287814707543,-0.059958147688097,0.001));
#9384=CARTESIAN_POINT('',(0.0212287814707543,-0.059958147688097,0.002));
#9385=CARTESIAN_POINT('',(0.0212287814707543,-0.059958147688097,0.002));
#9386=CARTESIAN_POINT('',(0.014359794645849,-0.0621016243970972,0.002));
#9387=CARTESIAN_POINT('',(0.0173720449249519,-0.0634307688717287,0.002));
#9388=CARTESIAN_POINT('',(0.0173720449249519,-0.0634307688717287,0.001));
#9389=CARTESIAN_POINT('',(0.0135153083791494,-0.0669033900553605,0.001));
#9390=CARTESIAN_POINT('',(0.0135153083791495,-0.0669033900553605,0.002));
#9391=CARTESIAN_POINT('',(0.0135153083791495,-0.0669033900553605,0.002));
#9392=CARTESIAN_POINT('',(0.0173720449249519,-0.0634307688717287,0.002));
#9393=CARTESIAN_POINT('',(0.0176490431797224,-0.0640594638337162,0.002));
#9394=CARTESIAN_POINT('',(0.0176490431797224,-0.0640594638337162,0.001));
#9395=CARTESIAN_POINT('',(0.0215038070451773,-0.0607671844692087,0.001));
#9396=CARTESIAN_POINT('',(0.0137942793142675,-0.0673517431982237,0.001));
#9397=CARTESIAN_POINT('',(0.0215038070451773,-0.0607671844692087,0.002));
#9398=CARTESIAN_POINT('',(0.0215038070451773,-0.0607671844692087,0.002));
#9399=CARTESIAN_POINT('',(0.0176490431797224,-0.0640594638337162,0.002));
#9400=CARTESIAN_POINT('',(0.0137942793142675,-0.0673517431982237,0.002));
#9401=CARTESIAN_POINT('',(0.0137942793142675,-0.0673517431982237,0.002));
#9402=CARTESIAN_POINT('',(0.0166584150123574,-0.0627542361617088,0.002));
#9403=CARTESIAN_POINT('',(0.0166584150123574,-0.0627542361617088,0.001));
#9404=CARTESIAN_POINT('',(0.0218954178174342,-0.0627542361617088,0.001));
#9405=CARTESIAN_POINT('',(0.0218954178174342,-0.0627542361617088,0.002));
#9406=CARTESIAN_POINT('',(0.0218954178174342,-0.0627542361617088,0.002));
#9407=CARTESIAN_POINT('',(0.0166584150123574,-0.0627542361617088,0.002));
#9408=CARTESIAN_POINT('',(0.0178786504869721,-0.0651202929398384,0.002));
#9409=CARTESIAN_POINT('',(0.0178786504869721,-0.0651202929398384,0.001));
#9410=CARTESIAN_POINT('',(0.0138618831565099,-0.067486349717968,0.001));
#9411=CARTESIAN_POINT('',(0.01386188315651,-0.067486349717968,0.002));
#9412=CARTESIAN_POINT('',(0.01386188315651,-0.067486349717968,0.002));
#9413=CARTESIAN_POINT('',(0.0178786504869721,-0.0651202929398384,0.002));
#9414=CARTESIAN_POINT('',(0.0179339089679466,-0.0656529086948007,0.002));
#9415=CARTESIAN_POINT('',(0.0179339089679466,-0.0656529086948007,0.001));
#9416=CARTESIAN_POINT('',(0.0218954178174342,-0.0635636510043503,0.001));
#9417=CARTESIAN_POINT('',(0.0139724001184589,-0.0677421663852511,0.001));
#9418=CARTESIAN_POINT('',(0.0218954178174342,-0.0635636510043503,0.002));
#9419=CARTESIAN_POINT('',(0.0218954178174342,-0.0635636510043503,0.002));
#9420=CARTESIAN_POINT('',(0.0179339089679466,-0.0656529086948007,0.002));
#9421=CARTESIAN_POINT('',(0.0139724001184589,-0.0677421663852511,0.002));
#9422=CARTESIAN_POINT('',(0.0139724001184589,-0.0677421663852511,0.002));
#9423=CARTESIAN_POINT('',(0.0218954178174342,-0.0648875929466741,0.002));
#9424=CARTESIAN_POINT('',(0.0218954178174342,-0.0648875929466741,0.001));
#9425=CARTESIAN_POINT('',(0.0218954178174342,-0.0662115348889979,0.001));
#9426=CARTESIAN_POINT('',(0.0218954178174342,-0.0662115348889979,0.002));
#9427=CARTESIAN_POINT('',(0.0218954178174342,-0.0662115348889979,0.002));
#9428=CARTESIAN_POINT('',(0.0218954178174342,-0.0648875929466741,0.002));
#9429=CARTESIAN_POINT('',(0.0180109076528145,-0.0672253338494036,0.002));
#9430=CARTESIAN_POINT('',(0.0180109076528145,-0.0672253338494036,0.001));
#9431=CARTESIAN_POINT('',(0.0141263974881948,-0.0682391328098092,0.001));
#9432=CARTESIAN_POINT('',(0.0141263974881949,-0.0682391328098092,0.002));
#9433=CARTESIAN_POINT('',(0.0141263974881949,-0.0682391328098092,0.002));
#9434=CARTESIAN_POINT('',(0.0180109076528145,-0.0672253338494036,0.002));
#9435=CARTESIAN_POINT('',(0.0180594670409932,-0.0689854306521754,0.002));
#9436=CARTESIAN_POINT('',(0.0180594670409932,-0.0689854306521754,0.001));
#9437=CARTESIAN_POINT('',(0.0218954178174342,-0.0689854306521754,0.001));
#9438=CARTESIAN_POINT('',(0.0142235162645523,-0.0689854306521754,0.001));
#9439=CARTESIAN_POINT('',(0.0142235162645523,-0.0689854306521754,0.002));
#9440=CARTESIAN_POINT('',(0.0142235162645523,-0.0689854306521754,0.002));
#9441=CARTESIAN_POINT('',(0.0180594670409932,-0.0689854306521754,0.002));
#9442=CARTESIAN_POINT('',(0.0218954178174342,-0.0689854306521754,0.002));
#9443=CARTESIAN_POINT('',(0.0218954178174342,-0.0689854306521754,0.002));
#9444=CARTESIAN_POINT('',(0.0141983426343859,-0.0687283595104701,0.002));
#9445=CARTESIAN_POINT('',(0.0141983426343859,-0.0687283595104701,0.001));
#9446=CARTESIAN_POINT('',(0.0141731690042196,-0.0684712883687648,0.001));
#9447=CARTESIAN_POINT('',(0.0141731690042196,-0.0684712883687648,0.002));
#9448=CARTESIAN_POINT('',(0.0141731690042196,-0.0684712883687648,0.002));
#9449=CARTESIAN_POINT('',(0.0141983426343859,-0.0687283595104701,0.002));
#9450=CARTESIAN_POINT('',(0.0180342934108269,-0.067562541824685,0.002));
#9451=CARTESIAN_POINT('',(0.0180342934108269,-0.067562541824685,0.001));
#9452=CARTESIAN_POINT('',(0.0218954178174342,-0.0666537952806052,0.001));
#9453=CARTESIAN_POINT('',(0.0218954178174342,-0.0666537952806052,0.002));
#9454=CARTESIAN_POINT('',(0.0218954178174342,-0.0666537952806052,0.002));
#9455=CARTESIAN_POINT('',(0.0180342934108269,-0.067562541824685,0.002));
#9456=CARTESIAN_POINT('',(0.0108094424150477,-0.064420801409562,0.002));
#9457=CARTESIAN_POINT('',(0.0108094424150477,-0.064420801409562,0.0015));
#9458=CARTESIAN_POINT('',(0.0124877348231553,-0.0659521554080222,0.002));
#9459=CARTESIAN_POINT('',(0.0124877348231553,-0.0659521554080222,0.001));
#9460=CARTESIAN_POINT('',(0.0124877348231553,-0.0659521554080222,0.002));
#9461=CARTESIAN_POINT('',(0.0134156576654492,-0.0667777619080478,0.002));
#9462=CARTESIAN_POINT('',(0.0134156576654492,-0.0667777619080478,0.001));
#9463=CARTESIAN_POINT('',(0.0134156576654492,-0.0667777619080478,0.002));
#9464=CARTESIAN_POINT('',(0.0138280812353887,-0.0674190464580959,0.002));
#9465=CARTESIAN_POINT('',(0.0138280812353887,-0.0674190464580959,0.001));
#9466=CARTESIAN_POINT('',(0.0138280812353887,-0.0674190464580959,0.002));
#9467=CARTESIAN_POINT('',(0.0140493988033269,-0.0679906495975302,0.002));
#9468=CARTESIAN_POINT('',(0.0140493988033269,-0.0679906495975302,0.001));
#9469=CARTESIAN_POINT('',(0.0140493988033269,-0.0679906495975302,0.002));
#9470=CARTESIAN_POINT('',(0.0218954178174342,-0.0678196129663903,0.002));
#9471=CARTESIAN_POINT('',(0.0218954178174342,-0.0678196129663903,0.001));
#9472=CARTESIAN_POINT('',(0.0218954178174342,-0.0678196129663903,0.002));
#9473=CARTESIAN_POINT('',(0.0131138756603719,-0.0595649908990324,0.002));
#9474=CARTESIAN_POINT('',(0.0131138756603719,-0.0595649908990324,0.001));
#9475=CARTESIAN_POINT('',(0.0131138756603719,-0.0595649908990324,0.002));
#9476=CARTESIAN_POINT('',(0.0175052369931667,-0.0515323879818266,0.002));
#9477=CARTESIAN_POINT('',(0.0230933978110552,-0.0627542361617088,0.002));
#9478=CARTESIAN_POINT('',(0.0230933978110552,-0.0627870121106148,0.002));
#9479=CARTESIAN_POINT('',(0.0108094424150477,-0.064420801409562,0.002));
#9480=CARTESIAN_POINT('',(0.,-0.0230161939909132,0.001));
#9481=CARTESIAN_POINT('',(0.,-0.0230161939909132,0.001));
#9482=CARTESIAN_POINT('',(0.,-0.0230161939909132,0.001));
#9483=CARTESIAN_POINT('',(0.,-0.0230161939909132,0.001));
#9484=CARTESIAN_POINT('',(0.,-0.0230161939909132,0.001));
#9485=CARTESIAN_POINT('',(0.,-0.0230161939909132,0.001));
#9486=CARTESIAN_POINT('',(0.035,-0.0730323879818266,-4.33680868994202E-18));
#9487=CARTESIAN_POINT('',(0.035,-0.0735323879818266,0.005));
#9488=CARTESIAN_POINT('',(0.033,-0.0715323879818266,-0.001));
#9489=CARTESIAN_POINT('',(0.033,-0.0720323879818266,0.003));
#9490=CARTESIAN_POINT('',(0.031,-0.0700323879818266,-0.002));
#9491=CARTESIAN_POINT('',(0.031,-0.0705323879818266,0.000999999999999988));
#9492=CARTESIAN_POINT('',(0.0175,-0.0700323879818266,-1.7347234759768E-18));
#9493=CARTESIAN_POINT('',(0.0175,-0.0700323879818266,0.0005));
#9494=CARTESIAN_POINT('',(0.0305,-0.0700323879818266,0.0005));
#9495=CARTESIAN_POINT('',(0.0305,-0.0700323879818266,-0.005));
#9496=CARTESIAN_POINT('',(0.01525,-0.0360323879818265,0.0005));
#9497=CARTESIAN_POINT('',(0.016,-0.0360323879818265,0.0005));
#9498=CARTESIAN_POINT('',(0.016,-0.0360323879818265,0.0005));
#9499=CARTESIAN_POINT('',(0.01525,-0.0360323879818265,0.0005));
#9500=CARTESIAN_POINT('',(0.016,-0.0375323879818266,0.0005));
#9501=CARTESIAN_POINT('',(0.0175,-0.0375323879818266,0.0005));
#9502=CARTESIAN_POINT('',(0.0175,-0.0375323879818266,0.0005));
#9503=CARTESIAN_POINT('',(0.016,-0.0375323879818266,0.0005));
#9504=CARTESIAN_POINT('',(0.0175,-0.0454434359062993,0.0005));
#9505=CARTESIAN_POINT('',(0.0175,-0.0454434359062993,0.0005));
#9506=CARTESIAN_POINT('',(0.0165,-0.0445384984483021,0.0005));
#9507=CARTESIAN_POINT('',(0.016,-0.0375323879818266,0.0005));
#9508=CARTESIAN_POINT('',(0.018,-0.0375323879818266,0.0005));
#9509=CARTESIAN_POINT('',(0.016,-0.0355323879818265,0.0005));
#9510=CARTESIAN_POINT('',(0.0145,-0.0355323879818265,0.0005));
#9511=CARTESIAN_POINT('',(0.018,-0.0445384984483021,0.0005));
#9512=CARTESIAN_POINT('',(0.01125,-0.0290323879818266,0.0015));
#9513=CARTESIAN_POINT('',(0.011,-0.0290323879818266,0.0015));
#9514=CARTESIAN_POINT('',(0.012,-0.0290323879818266,0.0015));
#9515=CARTESIAN_POINT('',(0.012,-0.0305323879818265,0.0015));
#9516=CARTESIAN_POINT('',(0.0135,-0.0305323879818265,0.0015));
#9517=CARTESIAN_POINT('',(0.0135,-0.04117247193407,0.0015));
#9518=CARTESIAN_POINT('',(0.018,-0.0562823879818266,0.));
#9519=CARTESIAN_POINT('',(0.018,-0.0375323879818266,0.));
#9520=CARTESIAN_POINT('',(0.016,-0.0375323879818266,0.));
#9521=CARTESIAN_POINT('',(0.016,-0.0355323879818265,0.));
#9522=CARTESIAN_POINT('',(0.0165,-0.0355323879818265,0.));
#9523=CARTESIAN_POINT('',(0.00525,-0.0285323879818265,0.001));
#9524=CARTESIAN_POINT('',(0.012,-0.0285323879818265,0.001));
#9525=CARTESIAN_POINT('',(0.012,-0.0305323879818265,0.001));
#9526=CARTESIAN_POINT('',(0.014,-0.0305323879818265,0.001));
#9527=CARTESIAN_POINT('',(0.014,-0.0327823879818266,0.001));
#9528=CARTESIAN_POINT('',(-0.018,-0.0445384984483021,0.));
#9529=CARTESIAN_POINT('',(-0.018,-0.0375323879818266,0.));
#9530=CARTESIAN_POINT('',(-0.016,-0.0375323879818266,0.));
#9531=CARTESIAN_POINT('',(-0.016,-0.0355323879818265,0.));
#9532=CARTESIAN_POINT('',(-0.01525,-0.0355323879818265,0.));
#9533=CARTESIAN_POINT('',(-0.014,-0.0510323879818266,0.001));
#9534=CARTESIAN_POINT('',(-0.014,-0.0305323879818265,0.001));
#9535=CARTESIAN_POINT('',(-0.012,-0.0305323879818265,0.001));
#9536=CARTESIAN_POINT('',(-0.012,-0.0285323879818265,0.001));
#9537=CARTESIAN_POINT('',(-0.01,-0.0510323879818266,0.001));
#9538=CARTESIAN_POINT('',(-0.01,-0.0285323879818265,0.001));
#9539=CARTESIAN_POINT('',(-0.01125,-0.0285323879818265,0.001));
#9540=CARTESIAN_POINT('',(0.011,-0.0230161939909132,0.0015));
#9541=CARTESIAN_POINT('',(0.008,-0.0513793646239251,0.0015));
#9542=CARTESIAN_POINT('',(0.00584138317886997,-0.0510323879818266,0.0025));
#9543=CARTESIAN_POINT('',(-0.00484138317886997,-0.0230161939909132,0.002));
#9544=CARTESIAN_POINT('',(-0.008,-0.0510323879818266,0.0015));
#9545=CARTESIAN_POINT('',(-0.01,-0.0510323879818266,0.001));
#9546=CARTESIAN_POINT('',(0.,-0.0705323879818266,0.0005));
#9547=CARTESIAN_POINT('',(-0.0305,-0.0705323879818266,0.0005));
#9548=CARTESIAN_POINT('',(-0.0305,-0.0705323879818266,-1.7347234759768E-18));
#9549=CARTESIAN_POINT('',(0.0175,-0.0705323879818266,0.0005));
#9550=CARTESIAN_POINT('',(0.0305,-0.0705323879818266,0.0005));
#9551=CARTESIAN_POINT('',(0.0305,-0.0705323879818266,-0.002));
#9552=CARTESIAN_POINT('',(0.0325,-0.0720323879818266,-0.001));
#9553=CARTESIAN_POINT('',(0.0325,-0.0720323879818266,0.0025));
#9554=CARTESIAN_POINT('',(-0.0325,-0.0720323879818266,-1.7347234759768E-18));
#9555=CARTESIAN_POINT('',(-0.0325,-0.0720323879818266,0.0025));
#9556=CARTESIAN_POINT('',(-0.0165,-0.0720323879818266,0.0025));
#9557=CARTESIAN_POINT('',(-0.0345,-0.0735323879818266,-1.7347234759768E-18));
#9558=CARTESIAN_POINT('',(-0.0345,-0.0735323879818266,0.0045));
#9559=CARTESIAN_POINT('',(-0.0175,-0.0735323879818266,0.0045));
#9560=CARTESIAN_POINT('',(0.0345,-0.0735323879818266,0.0045));
#9561=CARTESIAN_POINT('',(0.0345,-0.0735323879818266,-4.33680868994202E-18));
#9562=CARTESIAN_POINT('',(0.0230933978110552,-0.0663344822824001,0.0015));
#9563=CARTESIAN_POINT('',(0.0235933978110552,-0.0627542361617088,0.0015));
#9564=CARTESIAN_POINT('',(0.0235933978110552,-0.0627542361617088,0.00176440874749702));
#9565=CARTESIAN_POINT('',(0.0233535009388277,-0.0627697951160499,0.002));
#9566=CARTESIAN_POINT('',(0.0230933978110552,-0.0627870121106148,0.002));
#9567=CARTESIAN_POINT('',(0.0108094424150477,-0.064420801409562,0.0015));
#9568=CARTESIAN_POINT('',(-0.0108094424150477,-0.064420801409562,0.0015));
#9569=CARTESIAN_POINT('',(-0.0235933978110552,-0.0627542361617088,0.0015));
#9570=CARTESIAN_POINT('',(-0.0235933978110552,-0.0627542361617088,0.00176440874749702));
#9571=CARTESIAN_POINT('',(-0.0233535009388275,-0.0627697951160478,0.00199999999999998));
#9572=CARTESIAN_POINT('',(-0.0230933978110552,-0.0627870121106148,0.002));
#9573=CARTESIAN_POINT('',(-0.0230933978110552,-0.0515323879818266,0.0015));
#9574=MECHANICAL_DESIGN_GEOMETRIC_PRESENTATION_REPRESENTATION('',(#5525),
#9575);
#9575=(
GEOMETRIC_REPRESENTATION_CONTEXT(3)
GLOBAL_UNCERTAINTY_ASSIGNED_CONTEXT((#9576))
GLOBAL_UNIT_ASSIGNED_CONTEXT((#9579,#9578,#9577))
REPRESENTATION_CONTEXT('Body','TOP_LEVEL_ASSEMBLY_PART')
);
#9576=UNCERTAINTY_MEASURE_WITH_UNIT(LENGTH_MEASURE(2.E-5),#9579,
'DISTANCE_ACCURACY_VALUE','Maximum Tolerance applied to model');
#9577=(
NAMED_UNIT(*)
SI_UNIT($,.STERADIAN.)
SOLID_ANGLE_UNIT()
);
#9578=(
NAMED_UNIT(*)
PLANE_ANGLE_UNIT()
SI_UNIT($,.RADIAN.)
);
#9579=(
LENGTH_UNIT()
NAMED_UNIT(*)
SI_UNIT($,.METRE.)
);
#9580=PRODUCT_DEFINITION_SHAPE('','',#9581);
#9581=PRODUCT_DEFINITION('','',#9583,#9582);
#9582=PRODUCT_DEFINITION_CONTEXT('',#9589,'design');
#9583=PRODUCT_DEFINITION_FORMATION_WITH_SPECIFIED_SOURCE('','',#9585,
 .NOT_KNOWN.);
#9584=PRODUCT_RELATED_PRODUCT_CATEGORY('','',(#9585));
#9585=PRODUCT('Body','Body','Body',(#9587));
#9586=PRODUCT_CATEGORY('','');
#9587=PRODUCT_CONTEXT('',#9589,'mechanical');
#9588=APPLICATION_PROTOCOL_DEFINITION('international standard',
'ap242_managed_model_based_3d_engineering',2020,#9589);
#9589=APPLICATION_CONTEXT('managed model based 3d engineering');
ENDSEC;
END-ISO-10303-21;
