ISO-10303-21;
HEADER;
/* Generated by software containing ST-Developer
 * from STEP Tools, Inc. (www.steptools.com) 
 */
/* OPTION: using custom renumber hook */

FILE_DESCRIPTION(
/* description */ ('STEP AP242 Edition 2',
'CAx-IF Rec.Pracs.---Representation and Presentation of Product Manufa
cturing Information (PMI)---4.0---2014-10-13',
'CAx-IF Rec.Pracs.---3D Tessellated Geometry---0.4---2014-09-14','2;1',
'CAx-IF Rec.Pracs.---User Defined Attributes---1.5---2016-08-15'),
/* implementation_level */ '2;1');

FILE_NAME(
/* name */ 'psArtDeco - Body',
/* time_stamp */ '2026-08-12T20:14:44Z',
/* author */ (''),
/* organization */ (''),
/* preprocessor_version */ 'ST-DEVELOPER v20',
/* originating_system */ 'ONSHAPE BY PTC INC, 1.219',
/* authorisation */ '  ');

FILE_SCHEMA (('AP242_MANAGED_MODEL_BASED_3D_ENGINEERING_MIM_LF { 1 0 10303 442 3 1 4 }'));
ENDSEC;

DATA;
#10=SHAPE_REPRESENTATION_RELATIONSHIP('','',#5996,#11);
#11=ADVANCED_BREP_SHAPE_REPRESENTATION('',(#5994),#10465);
#12=SPHERICAL_SURFACE('',#6602,0.0005);
#13=SPHERICAL_SURFACE('',#6612,0.0005);
#14=SPHERICAL_SURFACE('',#6618,0.0005);
#15=SPHERICAL_SURFACE('',#6624,0.0005);
#16=SPHERICAL_SURFACE('',#6630,0.0005);
#17=SPHERICAL_SURFACE('',#6640,0.0005);
#18=ELLIPSE('',#6528,0.000707106781186548,0.0005);
#19=ELLIPSE('',#6537,0.000707106781186547,0.0005);
#20=ELLIPSE('',#6541,0.000707106781186547,0.0005);
#21=ELLIPSE('',#6546,0.000707106781186548,0.0005);
#22=ELLIPSE('',#6549,0.000707106781186547,0.0005);
#23=ELLIPSE('',#6553,0.000707106781186548,0.0005);
#24=ELLIPSE('',#6555,0.000707106781186548,0.0005);
#25=ELLIPSE('',#6572,0.000707106781186548,0.0005);
#26=ELLIPSE('',#6578,0.000707106781186548,0.0005);
#27=ELLIPSE('',#6583,0.000707106781186548,0.0005);
#28=ELLIPSE('',#6593,0.000707106781186548,0.0005);
#29=ELLIPSE('',#6595,0.000707106781186548,0.0005);
#30=ELLIPSE('',#6606,0.000707106781186548,0.0005);
#31=ELLIPSE('',#6611,0.000707106781186548,0.0005);
#32=ELLIPSE('',#6617,0.000707106781186548,0.0005);
#33=ELLIPSE('',#6623,0.000707106781186548,0.0005);
#34=ELLIPSE('',#6629,0.000707106781186548,0.0005);
#35=ELLIPSE('',#6633,0.000707106781186548,0.0005);
#36=ELLIPSE('',#6635,0.000707106781186548,0.0005);
#37=ELLIPSE('',#6643,0.000707106781186548,0.0005);
#38=ELLIPSE('',#6645,0.000707106781186548,0.0005);
#39=TOROIDAL_SURFACE('',#6146,0.027,0.0005);
#40=TOROIDAL_SURFACE('',#6147,0.027,0.0005);
#41=TOROIDAL_SURFACE('',#6149,0.027,0.0005);
#42=TOROIDAL_SURFACE('',#6150,0.0255,0.0005);
#43=TOROIDAL_SURFACE('',#6151,0.0255,0.0005);
#44=TOROIDAL_SURFACE('',#6153,0.0255,0.0005);
#45=TOROIDAL_SURFACE('',#6154,0.024,0.0005);
#46=TOROIDAL_SURFACE('',#6155,0.024,0.0005);
#47=TOROIDAL_SURFACE('',#6157,0.024,0.0005);
#48=TOROIDAL_SURFACE('',#6158,0.0225,0.0005);
#49=TOROIDAL_SURFACE('',#6160,0.0225,0.0005);
#50=TOROIDAL_SURFACE('',#6162,0.0225,0.0005);
#51=TOROIDAL_SURFACE('',#6164,0.0225,0.0005);
#52=TOROIDAL_SURFACE('',#6196,0.027,0.0005);
#53=TOROIDAL_SURFACE('',#6197,0.0255,0.0005);
#54=TOROIDAL_SURFACE('',#6198,0.024,0.0005);
#55=TOROIDAL_SURFACE('',#6211,0.0285,0.0005);
#56=TOROIDAL_SURFACE('',#6213,0.021,0.0005);
#57=TOROIDAL_SURFACE('',#6510,0.002,0.0005);
#58=TOROIDAL_SURFACE('',#6515,0.002,0.0005);
#59=TOROIDAL_SURFACE('',#6520,0.002,0.0005);
#60=TOROIDAL_SURFACE('',#6525,0.002,0.0005);
#61=TOROIDAL_SURFACE('',#6559,0.0123921276480053,0.0005);
#62=TOROIDAL_SURFACE('',#6560,0.0123921276480053,0.0005);
#63=TOROIDAL_SURFACE('',#6574,0.002,0.0005);
#64=TOROIDAL_SURFACE('',#6579,0.0285,0.0005);
#65=TOROIDAL_SURFACE('',#6584,0.002,0.0005);
#66=TOROIDAL_SURFACE('',#6589,0.002,0.0005);
#67=TOROIDAL_SURFACE('',#6591,0.012718308969136,0.0005);
#68=TOROIDAL_SURFACE('',#6600,0.002,0.0005);
#69=TOROIDAL_SURFACE('',#6607,0.012718308969136,0.0005);
#70=TOROIDAL_SURFACE('',#6639,0.02275,0.0005);
#71=PLANE('',#6004);
#72=PLANE('',#6008);
#73=PLANE('',#6010);
#74=PLANE('',#6012);
#75=PLANE('',#6014);
#76=PLANE('',#6020);
#77=PLANE('',#6022);
#78=PLANE('',#6023);
#79=PLANE('',#6024);
#80=PLANE('',#6030);
#81=PLANE('',#6032);
#82=PLANE('',#6033);
#83=PLANE('',#6035);
#84=PLANE('',#6038);
#85=PLANE('',#6042);
#86=PLANE('',#6050);
#87=PLANE('',#6055);
#88=PLANE('',#6057);
#89=PLANE('',#6058);
#90=PLANE('',#6060);
#91=PLANE('',#6069);
#92=PLANE('',#6080);
#93=PLANE('',#6084);
#94=PLANE('',#6089);
#95=PLANE('',#6102);
#96=PLANE('',#6106);
#97=PLANE('',#6111);
#98=PLANE('',#6124);
#99=PLANE('',#6129);
#100=PLANE('',#6133);
#101=PLANE('',#6167);
#102=PLANE('',#6174);
#103=PLANE('',#6179);
#104=PLANE('',#6184);
#105=PLANE('',#6190);
#106=PLANE('',#6203);
#107=PLANE('',#6207);
#108=PLANE('',#6224);
#109=PLANE('',#6235);
#110=PLANE('',#6236);
#111=PLANE('',#6237);
#112=PLANE('',#6238);
#113=PLANE('',#6239);
#114=PLANE('',#6240);
#115=PLANE('',#6241);
#116=PLANE('',#6242);
#117=PLANE('',#6243);
#118=PLANE('',#6244);
#119=PLANE('',#6245);
#120=PLANE('',#6246);
#121=PLANE('',#6247);
#122=PLANE('',#6248);
#123=PLANE('',#6249);
#124=PLANE('',#6250);
#125=PLANE('',#6251);
#126=PLANE('',#6254);
#127=PLANE('',#6255);
#128=PLANE('',#6258);
#129=PLANE('',#6259);
#130=PLANE('',#6262);
#131=PLANE('',#6263);
#132=PLANE('',#6266);
#133=PLANE('',#6267);
#134=PLANE('',#6270);
#135=PLANE('',#6271);
#136=PLANE('',#6274);
#137=PLANE('',#6275);
#138=PLANE('',#6278);
#139=PLANE('',#6279);
#140=PLANE('',#6282);
#141=PLANE('',#6283);
#142=PLANE('',#6288);
#143=PLANE('',#6291);
#144=PLANE('',#6292);
#145=PLANE('',#6295);
#146=PLANE('',#6296);
#147=PLANE('',#6299);
#148=PLANE('',#6300);
#149=PLANE('',#6303);
#150=PLANE('',#6304);
#151=PLANE('',#6307);
#152=PLANE('',#6308);
#153=PLANE('',#6311);
#154=PLANE('',#6312);
#155=PLANE('',#6315);
#156=PLANE('',#6316);
#157=PLANE('',#6319);
#158=PLANE('',#6320);
#159=PLANE('',#6335);
#160=PLANE('',#6346);
#161=PLANE('',#6347);
#162=PLANE('',#6348);
#163=PLANE('',#6349);
#164=PLANE('',#6350);
#165=PLANE('',#6351);
#166=PLANE('',#6352);
#167=PLANE('',#6353);
#168=PLANE('',#6354);
#169=PLANE('',#6355);
#170=PLANE('',#6356);
#171=PLANE('',#6357);
#172=PLANE('',#6358);
#173=PLANE('',#6359);
#174=PLANE('',#6360);
#175=PLANE('',#6361);
#176=PLANE('',#6362);
#177=PLANE('',#6371);
#178=PLANE('',#6375);
#179=PLANE('',#6376);
#180=PLANE('',#6379);
#181=PLANE('',#6383);
#182=PLANE('',#6384);
#183=PLANE('',#6385);
#184=PLANE('',#6388);
#185=PLANE('',#6389);
#186=PLANE('',#6390);
#187=PLANE('',#6391);
#188=PLANE('',#6392);
#189=PLANE('',#6393);
#190=PLANE('',#6394);
#191=PLANE('',#6395);
#192=PLANE('',#6396);
#193=PLANE('',#6397);
#194=PLANE('',#6398);
#195=PLANE('',#6399);
#196=PLANE('',#6400);
#197=PLANE('',#6401);
#198=PLANE('',#6402);
#199=PLANE('',#6409);
#200=PLANE('',#6410);
#201=PLANE('',#6411);
#202=PLANE('',#6412);
#203=PLANE('',#6413);
#204=PLANE('',#6414);
#205=PLANE('',#6415);
#206=PLANE('',#6416);
#207=PLANE('',#6417);
#208=PLANE('',#6419);
#209=PLANE('',#6420);
#210=PLANE('',#6421);
#211=PLANE('',#6422);
#212=PLANE('',#6423);
#213=PLANE('',#6427);
#214=PLANE('',#6428);
#215=PLANE('',#6429);
#216=PLANE('',#6430);
#217=PLANE('',#6433);
#218=PLANE('',#6434);
#219=PLANE('',#6436);
#220=PLANE('',#6438);
#221=PLANE('',#6440);
#222=PLANE('',#6444);
#223=PLANE('',#6448);
#224=PLANE('',#6455);
#225=PLANE('',#6457);
#226=PLANE('',#6458);
#227=PLANE('',#6461);
#228=PLANE('',#6464);
#229=PLANE('',#6465);
#230=PLANE('',#6468);
#231=PLANE('',#6469);
#232=PLANE('',#6472);
#233=PLANE('',#6473);
#234=PLANE('',#6474);
#235=PLANE('',#6475);
#236=PLANE('',#6476);
#237=PLANE('',#6477);
#238=PLANE('',#6478);
#239=PLANE('',#6481);
#240=PLANE('',#6482);
#241=PLANE('',#6483);
#242=PLANE('',#6484);
#243=PLANE('',#6485);
#244=PLANE('',#6486);
#245=PLANE('',#6487);
#246=PLANE('',#6488);
#247=PLANE('',#6489);
#248=PLANE('',#6490);
#249=PLANE('',#6491);
#250=PLANE('',#6492);
#251=PLANE('',#6493);
#252=PLANE('',#6494);
#253=PLANE('',#6495);
#254=PLANE('',#6496);
#255=PLANE('',#6497);
#256=PLANE('',#6498);
#257=PLANE('',#6501);
#258=PLANE('',#6502);
#259=PLANE('',#6504);
#260=PLANE('',#6507);
#261=PLANE('',#6562);
#262=PLANE('',#6563);
#263=PLANE('',#6564);
#264=PLANE('',#6567);
#265=PLANE('',#6570);
#266=B_SPLINE_CURVE_WITH_KNOTS('',3,(#8468,#8469,#8470,#8471),
 .UNSPECIFIED.,.F.,.F.,(4,4),(0.,0.000781101196074467),.UNSPECIFIED.);
#267=B_SPLINE_CURVE_WITH_KNOTS('',3,(#8598,#8599,#8600,#8601),
 .UNSPECIFIED.,.F.,.F.,(4,4),(0.,0.000781197569980181),.UNSPECIFIED.);
#268=B_SPLINE_CURVE_WITH_KNOTS('',3,(#8722,#8723,#8724,#8725),
 .UNSPECIFIED.,.F.,.F.,(4,4),(0.,0.000781523915368412),.UNSPECIFIED.);
#269=B_SPLINE_CURVE_WITH_KNOTS('',3,(#8755,#8756,#8757,#8758),
 .UNSPECIFIED.,.F.,.F.,(4,4),(0.,0.000797607487735538),.UNSPECIFIED.);
#270=B_SPLINE_CURVE_WITH_KNOTS('',3,(#8765,#8766,#8767,#8768,#8769),
 .UNSPECIFIED.,.F.,.F.,(4,1,4),(0.,0.000436283912763318,0.000872567825526636),
 .UNSPECIFIED.);
#271=B_SPLINE_CURVE_WITH_KNOTS('',3,(#8798,#8799,#8800,#8801),
 .UNSPECIFIED.,.F.,.F.,(4,4),(0.,0.000781197374641847),.UNSPECIFIED.);
#272=B_SPLINE_CURVE_WITH_KNOTS('',3,(#9046,#9047,#9048,#9049,#9050,#9051,
#9052,#9053,#9054,#9055),.UNSPECIFIED.,.F.,.F.,(4,1,1,1,1,1,1,4),(1.96281018440038E-7,
0.000147195925179289,0.000294195569340138,0.000588194857661836,0.000882194145983534,
0.00117619343430523,0.00176419201094863,0.00235219058759202),
 .UNSPECIFIED.);
#273=B_SPLINE_CURVE_WITH_KNOTS('',3,(#9056,#9057,#9058,#9059,#9060,#9061,
#9062,#9063,#9064,#9065),.UNSPECIFIED.,.F.,.F.,(4,1,1,1,1,1,1,4),(1.96243980884818E-7,
0.000147195890456565,0.000294195536932245,0.000588194829883605,0.000882194122834965,
0.00117619341578632,0.00176419200168904,0.00235219058759176),
 .UNSPECIFIED.);
#274=B_SPLINE_CURVE_WITH_KNOTS('',3,(#9067,#9068,#9069,#9070,#9071,#9072,
#9073,#9074,#9075,#9076),.UNSPECIFIED.,.F.,.F.,(4,1,1,1,1,1,1,4),(1.96281019573019E-7,
0.000147195925180357,0.000294195569341141,0.000588194857662708,0.000882194145984276,
0.00117619343430584,0.00176419201094898,0.00235219058759211),
 .UNSPECIFIED.);
#275=B_SPLINE_CURVE_WITH_KNOTS('',3,(#9078,#9079,#9080,#9081,#9082,#9083,
#9084,#9085,#9086,#9087),.UNSPECIFIED.,.F.,.F.,(4,1,1,1,1,1,1,4),(1.96281018440251E-7,
0.000147195925179289,0.000294195569340137,0.000588194857661834,0.000882194145983531,
0.00117619343430523,0.00176419201094862,0.00235219058759202),
 .UNSPECIFIED.);
#276=B_SPLINE_CURVE_WITH_KNOTS('',3,(#9091,#9092,#9093,#9094,#9095,#9096,
#9097,#9098,#9099,#9100),.UNSPECIFIED.,.F.,.F.,(4,1,1,1,1,1,1,4),(1.96281019573911E-7,
0.000147195925180358,0.000294195569341141,0.000588194857662708,0.000882194145984276,
0.00117619343430584,0.00176419201094898,0.00235219058759211),
 .UNSPECIFIED.);
#277=B_SPLINE_CURVE_WITH_KNOTS('',3,(#9101,#9102,#9103,#9104,#9105,#9106,
#9107,#9108,#9109,#9110),.UNSPECIFIED.,.F.,.F.,(4,1,1,1,1,1,1,4),(1.9628101844091E-7,
0.00014719592517929,0.000294195569340139,0.000588194857661836,0.000882194145983534,
0.00117619343430523,0.00176419201094863,0.00235219058759202),
 .UNSPECIFIED.);
#278=B_SPLINE_CURVE_WITH_KNOTS('',3,(#9112,#9113,#9114,#9115,#9116),
 .UNSPECIFIED.,.F.,.F.,(4,1,4),(1.9579779946325E-7,0.000523509332420283,
0.0010468228670411),.UNSPECIFIED.);
#279=B_SPLINE_CURVE_WITH_KNOTS('',3,(#9117,#9118,#9119,#9120,#9121),
 .UNSPECIFIED.,.F.,.F.,(4,1,4),(1.95792951557211E-7,0.000523509329996374,
0.00104682286704119),.UNSPECIFIED.);
#280=B_SPLINE_CURVE_WITH_KNOTS('',3,(#9123,#9124,#9125,#9126,#9127),
 .UNSPECIFIED.,.F.,.F.,(4,1,4),(1.9579780199319E-7,0.000523509332421592,
0.00104682286704119),.UNSPECIFIED.);
#281=B_SPLINE_CURVE_WITH_KNOTS('',3,(#9129,#9130,#9131,#9132,#9133),
 .UNSPECIFIED.,.F.,.F.,(4,1,4),(1.95797799464948E-7,0.000523509332420287,
0.00104682286704111),.UNSPECIFIED.);
#282=B_SPLINE_CURVE_WITH_KNOTS('',3,(#9137,#9138,#9139,#9140,#9141),
 .UNSPECIFIED.,.F.,.F.,(4,1,4),(1.95797802003582E-7,0.000523509332421603,
0.0010468228670412),.UNSPECIFIED.);
#283=B_SPLINE_CURVE_WITH_KNOTS('',3,(#9142,#9143,#9144,#9145,#9146),
 .UNSPECIFIED.,.F.,.F.,(4,1,4),(1.95797799464948E-7,0.000523509332420289,
0.00104682286704111),.UNSPECIFIED.);
#284=B_SPLINE_CURVE_WITH_KNOTS('',3,(#9148,#9149,#9150,#9151,#9152),
 .UNSPECIFIED.,.F.,.F.,(4,1,4),(1.96711203913944E-7,0.000444252090681893,
0.000888307470159872),.UNSPECIFIED.);
#285=B_SPLINE_CURVE_WITH_KNOTS('',3,(#9153,#9154,#9155,#9156,#9157),
 .UNSPECIFIED.,.F.,.F.,(4,1,4),(1.96711203913944E-7,0.000444252090681895,
0.000888307470159877),.UNSPECIFIED.);
#286=B_SPLINE_CURVE_WITH_KNOTS('',3,(#9159,#9160,#9161,#9162,#9163),
 .UNSPECIFIED.,.F.,.F.,(4,1,4),(1.96711203899373E-7,0.000444252090681869,
0.000888307470159839),.UNSPECIFIED.);
#287=B_SPLINE_CURVE_WITH_KNOTS('',3,(#9165,#9166,#9167,#9168,#9169),
 .UNSPECIFIED.,.F.,.F.,(4,1,4),(1.96711203913944E-7,0.000444252090681894,
0.000888307470159873),.UNSPECIFIED.);
#288=B_SPLINE_CURVE_WITH_KNOTS('',3,(#9173,#9174,#9175,#9176,#9177),
 .UNSPECIFIED.,.F.,.F.,(4,1,4),(1.96711203900226E-7,0.000444252090681871,
0.000888307470159841),.UNSPECIFIED.);
#289=B_SPLINE_CURVE_WITH_KNOTS('',3,(#9178,#9179,#9180,#9181,#9182),
 .UNSPECIFIED.,.F.,.F.,(4,1,4),(1.96711203913517E-7,0.00044425209068189,
0.000888307470159867),.UNSPECIFIED.);
#290=B_SPLINE_CURVE_WITH_KNOTS('',3,(#9184,#9185,#9186,#9187),
 .UNSPECIFIED.,.F.,.F.,(4,4),(1.96998668303931E-7,0.000821534429494536),
 .UNSPECIFIED.);
#291=B_SPLINE_CURVE_WITH_KNOTS('',3,(#9189,#9190,#9191,#9192),
 .UNSPECIFIED.,.F.,.F.,(4,4),(1.96998668303931E-7,0.000821534429494536),
 .UNSPECIFIED.);
#292=B_SPLINE_CURVE_WITH_KNOTS('',3,(#9196,#9197,#9198,#9199),
 .UNSPECIFIED.,.F.,.F.,(4,4),(1.96998668303931E-7,0.000821534429494538),
 .UNSPECIFIED.);
#293=B_SPLINE_CURVE_WITH_KNOTS('',3,(#9203,#9204,#9205,#9206),
 .UNSPECIFIED.,.F.,.F.,(4,4),(1.96998668303931E-7,0.000821534429494536),
 .UNSPECIFIED.);
#294=B_SPLINE_CURVE_WITH_KNOTS('',3,(#9208,#9209,#9210,#9211),
 .UNSPECIFIED.,.F.,.F.,(4,4),(1.96998668303931E-7,0.000821534429494537),
 .UNSPECIFIED.);
#295=B_SPLINE_CURVE_WITH_KNOTS('',3,(#9213,#9214,#9215,#9216),
 .UNSPECIFIED.,.F.,.F.,(4,4),(1.96998668303931E-7,0.000821534429494538),
 .UNSPECIFIED.);
#296=B_SPLINE_CURVE_WITH_KNOTS('',3,(#9220,#9221,#9222,#9223),
 .UNSPECIFIED.,.F.,.F.,(4,4),(1.96998668303931E-7,0.000821534429494539),
 .UNSPECIFIED.);
#297=B_SPLINE_CURVE_WITH_KNOTS('',3,(#9228,#9229,#9230,#9231),
 .UNSPECIFIED.,.F.,.F.,(4,4),(1.96998668303931E-7,0.000821534429494536),
 .UNSPECIFIED.);
#298=B_SPLINE_CURVE_WITH_KNOTS('',3,(#9282,#9283,#9284,#9285,#9286,#9287,
#9288,#9289,#9290,#9291),.UNSPECIFIED.,.F.,.F.,(4,1,1,1,1,1,1,4),(1.96281019574124E-7,
0.000147195925180358,0.000294195569341143,0.000588194857662711,0.000882194145984279,
0.00117619343430585,0.00176419201094898,0.00235219058759212),
 .UNSPECIFIED.);
#299=B_SPLINE_CURVE_WITH_KNOTS('',3,(#9292,#9293,#9294,#9295,#9296,#9297,
#9298,#9299,#9300,#9301),.UNSPECIFIED.,.F.,.F.,(4,1,1,1,1,1,1,4),(1.96243980884818E-7,
0.000147195890456587,0.000294195536932289,0.000588194829883694,0.000882194122835098,
0.0011761934157865,0.00176419200168931,0.00235219058759212),
 .UNSPECIFIED.);
#300=B_SPLINE_CURVE_WITH_KNOTS('',3,(#9303,#9304,#9305,#9306,#9307),
 .UNSPECIFIED.,.F.,.F.,(4,1,4),(1.9579780199319E-7,0.00052350933242159,
0.00104682286704119),.UNSPECIFIED.);
#301=B_SPLINE_CURVE_WITH_KNOTS('',3,(#9308,#9309,#9310,#9311,#9312),
 .UNSPECIFIED.,.F.,.F.,(4,1,4),(1.95792951557211E-7,0.000523509329996374,
0.00104682286704119),.UNSPECIFIED.);
#302=B_SPLINE_CURVE_WITH_KNOTS('',3,(#9314,#9315,#9316,#9317,#9318),
 .UNSPECIFIED.,.F.,.F.,(4,1,4),(1.96711203913517E-7,0.000444252090681889,
0.000888307470159865),.UNSPECIFIED.);
#303=B_SPLINE_CURVE_WITH_KNOTS('',3,(#9319,#9320,#9321,#9322,#9323),
 .UNSPECIFIED.,.F.,.F.,(4,1,4),(1.96711203899373E-7,0.000444252090681869,
0.000888307470159839),.UNSPECIFIED.);
#304=B_SPLINE_CURVE_WITH_KNOTS('',3,(#9992,#9993,#9994,#9995),
 .UNSPECIFIED.,.F.,.F.,(4,4),(0.,0.000797877604262168),.UNSPECIFIED.);
#305=B_SPLINE_CURVE_WITH_KNOTS('',3,(#9996,#9997,#9998,#9999),
 .UNSPECIFIED.,.F.,.F.,(4,4),(0.,0.000808103159814825),.UNSPECIFIED.);
#306=B_SPLINE_CURVE_WITH_KNOTS('',3,(#10000,#10001,#10002,#10003),
 .UNSPECIFIED.,.F.,.F.,(4,4),(0.,0.000797862384364293),.UNSPECIFIED.);
#307=B_SPLINE_CURVE_WITH_KNOTS('',3,(#10004,#10005,#10006,#10007),
 .UNSPECIFIED.,.F.,.F.,(4,4),(1.01243818276329E-17,0.000787163172761645),
 .UNSPECIFIED.);
#308=B_SPLINE_CURVE_WITH_KNOTS('',3,(#10008,#10009,#10010,#10011),
 .UNSPECIFIED.,.F.,.F.,(4,4),(1.01243818276329E-17,0.000788677455311365),
 .UNSPECIFIED.);
#309=B_SPLINE_CURVE_WITH_KNOTS('',3,(#10109,#10110,#10111,#10112,#10113),
 .UNSPECIFIED.,.F.,.F.,(4,1,4),(1.67958790013977E-18,0.000436955214586845,
0.000873910429173689),.UNSPECIFIED.);
#310=B_SPLINE_CURVE_WITH_KNOTS('',3,(#10118,#10119,#10120,#10121),
 .UNSPECIFIED.,.F.,.F.,(4,4),(0.,0.000797590101817526),.UNSPECIFIED.);
#311=B_SPLINE_CURVE_WITH_KNOTS('',3,(#10326,#10327,#10328,#10329),
 .UNSPECIFIED.,.F.,.F.,(4,4),(0.,0.000781958170560865),.UNSPECIFIED.);
#312=B_SPLINE_CURVE_WITH_KNOTS('',3,(#10332,#10333,#10334,#10335),
 .UNSPECIFIED.,.F.,.F.,(4,4),(0.,0.000781958170560865),.UNSPECIFIED.);
#313=B_SPLINE_CURVE_WITH_KNOTS('',3,(#10358,#10359,#10360,#10361,#10362),
 .UNSPECIFIED.,.F.,.F.,(4,1,4),(0.,0.000433721563348809,0.000867443126697618),
 .UNSPECIFIED.);
#314=B_SPLINE_CURVE_WITH_KNOTS('',3,(#10366,#10367,#10368,#10369,#10370),
 .UNSPECIFIED.,.F.,.F.,(4,1,4),(0.,0.000433721563348815,0.000867443126697631),
 .UNSPECIFIED.);
#315=B_SPLINE_CURVE_WITH_KNOTS('',3,(#10380,#10381,#10382,#10383),
 .UNSPECIFIED.,.F.,.F.,(4,4),(0.,0.000828473224795101),.UNSPECIFIED.);
#316=B_SPLINE_CURVE_WITH_KNOTS('',3,(#10387,#10388,#10389,#10390),
 .UNSPECIFIED.,.F.,.F.,(4,4),(0.,0.000782062309872455),.UNSPECIFIED.);
#317=B_SPLINE_CURVE_WITH_KNOTS('',3,(#10404,#10405,#10406,#10407),
 .UNSPECIFIED.,.F.,.F.,(4,4),(0.,0.000828473224795097),.UNSPECIFIED.);
#318=B_SPLINE_CURVE_WITH_KNOTS('',3,(#10411,#10412,#10413,#10414),
 .UNSPECIFIED.,.F.,.F.,(4,4),(0.,0.000782062309872455),.UNSPECIFIED.);
#319=B_SPLINE_CURVE_WITH_KNOTS('',3,(#10444,#10445,#10446,#10447,#10448),
 .UNSPECIFIED.,.F.,.F.,(4,1,4),(0.,0.000433937699835545,0.000867875399671091),
 .UNSPECIFIED.);
#320=B_SPLINE_CURVE_WITH_KNOTS('',3,(#10452,#10453,#10454,#10455,#10456),
 .UNSPECIFIED.,.F.,.F.,(4,1,4),(0.,0.000433937699835549,0.000867875399671098),
 .UNSPECIFIED.);
#321=CIRCLE('',#5999,0.0128921276480053);
#322=CIRCLE('',#6000,0.0128921276480053);
#323=CIRCLE('',#6002,0.0128921276480053);
#324=CIRCLE('',#6003,0.0128921276480053);
#325=CIRCLE('',#6005,0.0005);
#326=CIRCLE('',#6006,0.0005);
#327=CIRCLE('',#6007,0.0005);
#328=CIRCLE('',#6009,0.0005);
#329=CIRCLE('',#6011,0.0005);
#330=CIRCLE('',#6013,0.029);
#331=CIRCLE('',#6015,0.029);
#332=CIRCLE('',#6016,0.0015);
#333=CIRCLE('',#6017,0.0128921276480053);
#334=CIRCLE('',#6018,0.013218308969136);
#335=CIRCLE('',#6019,0.002);
#336=CIRCLE('',#6021,0.029);
#337=CIRCLE('',#6025,0.00523700280507674);
#338=CIRCLE('',#6026,0.00719565649560554);
#339=CIRCLE('',#6027,0.00710782684741534);
#340=CIRCLE('',#6028,0.0097729140280736);
#341=CIRCLE('',#6029,0.0123921276480053);
#342=CIRCLE('',#6031,0.0015);
#343=CIRCLE('',#6034,0.0005);
#344=CIRCLE('',#6036,0.0015);
#345=CIRCLE('',#6037,0.0128921276480053);
#346=CIRCLE('',#6040,0.0128921276480053);
#347=CIRCLE('',#6041,0.0128921276480053);
#348=CIRCLE('',#6043,0.0005);
#349=CIRCLE('',#6045,0.013218308969136);
#350=CIRCLE('',#6046,0.013218308969136);
#351=CIRCLE('',#6047,0.013218308969136);
#352=CIRCLE('',#6048,0.013218308969136);
#353=CIRCLE('',#6049,0.013218308969136);
#354=CIRCLE('',#6051,0.029);
#355=CIRCLE('',#6052,0.002);
#356=CIRCLE('',#6053,0.0128921276480053);
#357=CIRCLE('',#6054,0.0015);
#358=CIRCLE('',#6056,0.029);
#359=CIRCLE('',#6059,0.0005);
#360=CIRCLE('',#6061,0.00523700280507674);
#361=CIRCLE('',#6062,0.00719565649560554);
#362=CIRCLE('',#6063,0.00710782684741534);
#363=CIRCLE('',#6064,0.0097729140280736);
#364=CIRCLE('',#6065,0.0123921276480053);
#365=CIRCLE('',#6067,0.029);
#366=CIRCLE('',#6068,0.029);
#367=CIRCLE('',#6070,0.0015);
#368=CIRCLE('',#6072,0.023);
#369=CIRCLE('',#6073,0.023);
#370=CIRCLE('',#6075,0.023);
#371=CIRCLE('',#6076,0.023);
#372=CIRCLE('',#6078,0.023);
#373=CIRCLE('',#6079,0.023);
#374=CIRCLE('',#6081,0.006733);
#375=CIRCLE('',#6082,0.024);
#376=CIRCLE('',#6083,0.006733);
#377=CIRCLE('',#6085,0.024);
#378=CIRCLE('',#6086,0.006733);
#379=CIRCLE('',#6087,0.023);
#380=CIRCLE('',#6088,0.006733);
#381=CIRCLE('',#6090,0.024);
#382=CIRCLE('',#6091,0.006733);
#383=CIRCLE('',#6092,0.006733);
#384=CIRCLE('',#6094,0.0245);
#385=CIRCLE('',#6095,0.0245);
#386=CIRCLE('',#6097,0.0245);
#387=CIRCLE('',#6098,0.0245);
#388=CIRCLE('',#6100,0.0245);
#389=CIRCLE('',#6101,0.0245);
#390=CIRCLE('',#6103,0.006733);
#391=CIRCLE('',#6104,0.0255);
#392=CIRCLE('',#6105,0.006733);
#393=CIRCLE('',#6107,0.0255);
#394=CIRCLE('',#6108,0.006733);
#395=CIRCLE('',#6109,0.0245);
#396=CIRCLE('',#6110,0.006733);
#397=CIRCLE('',#6112,0.0255);
#398=CIRCLE('',#6113,0.006733);
#399=CIRCLE('',#6114,0.006733);
#400=CIRCLE('',#6116,0.026);
#401=CIRCLE('',#6117,0.026);
#402=CIRCLE('',#6119,0.026);
#403=CIRCLE('',#6120,0.026);
#404=CIRCLE('',#6122,0.026);
#405=CIRCLE('',#6123,0.026);
#406=CIRCLE('',#6125,0.026);
#407=CIRCLE('',#6126,0.006733);
#408=CIRCLE('',#6127,0.027);
#409=CIRCLE('',#6128,0.006733);
#410=CIRCLE('',#6130,0.027);
#411=CIRCLE('',#6131,0.006733);
#412=CIRCLE('',#6132,0.006733);
#413=CIRCLE('',#6134,0.027);
#414=CIRCLE('',#6135,0.006733);
#415=CIRCLE('',#6136,0.006733);
#416=CIRCLE('',#6138,0.0275);
#417=CIRCLE('',#6139,0.0275);
#418=CIRCLE('',#6141,0.0275);
#419=CIRCLE('',#6142,0.0275);
#420=CIRCLE('',#6144,0.0275);
#421=CIRCLE('',#6145,0.0275);
#422=CIRCLE('',#6148,0.027);
#423=CIRCLE('',#6152,0.0255);
#424=CIRCLE('',#6156,0.0245);
#425=CIRCLE('',#6159,0.0225);
#426=CIRCLE('',#6161,0.0225);
#427=CIRCLE('',#6163,0.0225);
#428=CIRCLE('',#6165,0.0225);
#429=CIRCLE('',#6166,0.023);
#430=CIRCLE('',#6168,0.0215);
#431=CIRCLE('',#6169,0.0225);
#432=CIRCLE('',#6170,0.0225);
#433=CIRCLE('',#6171,0.0225);
#434=CIRCLE('',#6172,0.0225);
#435=CIRCLE('',#6175,0.006733);
#436=CIRCLE('',#6176,0.024);
#437=CIRCLE('',#6177,0.006733);
#438=CIRCLE('',#6180,0.006733);
#439=CIRCLE('',#6181,0.006733);
#440=CIRCLE('',#6183,0.026);
#441=CIRCLE('',#6185,0.006733);
#442=CIRCLE('',#6186,0.006733);
#443=CIRCLE('',#6188,0.0275);
#444=CIRCLE('',#6189,0.0275);
#445=CIRCLE('',#6191,0.0285);
#446=CIRCLE('',#6192,0.006733);
#447=CIRCLE('',#6193,0.006733);
#448=CIRCLE('',#6194,0.006733);
#449=CIRCLE('',#6195,0.006733);
#450=CIRCLE('',#6200,0.02225);
#451=CIRCLE('',#6201,0.02225);
#452=CIRCLE('',#6202,0.02225);
#453=CIRCLE('',#6204,0.02);
#454=CIRCLE('',#6206,0.02);
#455=CIRCLE('',#6208,0.021);
#456=CIRCLE('',#6210,0.0215);
#457=CIRCLE('',#6212,0.029);
#458=CIRCLE('',#6215,0.006733);
#459=CIRCLE('',#6216,0.006733);
#460=CIRCLE('',#6217,0.00673300000000009);
#461=CIRCLE('',#6218,0.006733);
#462=CIRCLE('',#6219,0.006733);
#463=CIRCLE('',#6220,0.006733);
#464=CIRCLE('',#6221,0.00673300000000009);
#465=CIRCLE('',#6222,0.006733);
#466=CIRCLE('',#6223,0.006733);
#467=CIRCLE('',#6226,0.0225);
#468=CIRCLE('',#6227,0.0225);
#469=CIRCLE('',#6228,0.0225);
#470=CIRCLE('',#6229,0.0225);
#471=CIRCLE('',#6230,0.0225);
#472=CIRCLE('',#6231,0.0225);
#473=CIRCLE('',#6232,0.0225);
#474=CIRCLE('',#6233,0.0225);
#475=CIRCLE('',#6234,0.0225);
#476=CIRCLE('',#6252,0.0225);
#477=CIRCLE('',#6253,0.006733);
#478=CIRCLE('',#6256,0.0225);
#479=CIRCLE('',#6257,0.006733);
#480=CIRCLE('',#6260,0.0225);
#481=CIRCLE('',#6261,0.00673300000000009);
#482=CIRCLE('',#6264,0.006733);
#483=CIRCLE('',#6265,0.0225);
#484=CIRCLE('',#6268,0.0225);
#485=CIRCLE('',#6269,0.006733);
#486=CIRCLE('',#6272,0.006733);
#487=CIRCLE('',#6273,0.0225);
#488=CIRCLE('',#6276,0.00673300000000009);
#489=CIRCLE('',#6277,0.0225);
#490=CIRCLE('',#6280,0.006733);
#491=CIRCLE('',#6281,0.0225);
#492=CIRCLE('',#6284,0.0225);
#493=CIRCLE('',#6285,0.006733);
#494=CIRCLE('',#6289,0.0225);
#495=CIRCLE('',#6290,0.006733);
#496=CIRCLE('',#6293,0.0225);
#497=CIRCLE('',#6294,0.006733);
#498=CIRCLE('',#6297,0.0225);
#499=CIRCLE('',#6298,0.00673300000000009);
#500=CIRCLE('',#6301,0.006733);
#501=CIRCLE('',#6302,0.0225);
#502=CIRCLE('',#6305,0.0225);
#503=CIRCLE('',#6306,0.006733);
#504=CIRCLE('',#6309,0.006733);
#505=CIRCLE('',#6310,0.0225);
#506=CIRCLE('',#6313,0.00673300000000009);
#507=CIRCLE('',#6314,0.0225);
#508=CIRCLE('',#6317,0.006733);
#509=CIRCLE('',#6318,0.0225);
#510=CIRCLE('',#6321,0.0225);
#511=CIRCLE('',#6322,0.006733);
#512=CIRCLE('',#6326,0.006733);
#513=CIRCLE('',#6327,0.006733);
#514=CIRCLE('',#6328,0.00673300000000009);
#515=CIRCLE('',#6329,0.006733);
#516=CIRCLE('',#6330,0.006733);
#517=CIRCLE('',#6331,0.006733);
#518=CIRCLE('',#6332,0.00673300000000009);
#519=CIRCLE('',#6333,0.006733);
#520=CIRCLE('',#6334,0.006733);
#521=CIRCLE('',#6337,0.0225);
#522=CIRCLE('',#6338,0.0225);
#523=CIRCLE('',#6339,0.0225);
#524=CIRCLE('',#6340,0.0225);
#525=CIRCLE('',#6341,0.0225);
#526=CIRCLE('',#6342,0.0225);
#527=CIRCLE('',#6343,0.0225);
#528=CIRCLE('',#6344,0.0225);
#529=CIRCLE('',#6345,0.0225);
#530=CIRCLE('',#6363,0.02275);
#531=CIRCLE('',#6364,0.012718308969136);
#532=CIRCLE('',#6365,0.002);
#533=CIRCLE('',#6366,0.002);
#534=CIRCLE('',#6367,0.0285);
#535=CIRCLE('',#6368,0.002);
#536=CIRCLE('',#6369,0.002);
#537=CIRCLE('',#6370,0.012718308969136);
#538=CIRCLE('',#6373,0.0025);
#539=CIRCLE('',#6374,0.0025);
#540=CIRCLE('',#6377,0.002);
#541=CIRCLE('',#6378,0.002);
#542=CIRCLE('',#6381,0.0025);
#543=CIRCLE('',#6382,0.0025);
#544=CIRCLE('',#6387,0.0097729140280736);
#545=CIRCLE('',#6404,0.00710782684741534);
#546=CIRCLE('',#6406,0.00719565649560554);
#547=CIRCLE('',#6408,0.00523700280507674);
#548=CIRCLE('',#6424,0.0005);
#549=CIRCLE('',#6425,0.0005);
#550=CIRCLE('',#6426,0.0005);
#551=CIRCLE('',#6432,0.0015);
#552=CIRCLE('',#6435,0.002);
#553=CIRCLE('',#6437,0.0005);
#554=CIRCLE('',#6442,0.0025);
#555=CIRCLE('',#6443,0.0025);
#556=CIRCLE('',#6446,0.0025);
#557=CIRCLE('',#6447,0.0025);
#558=CIRCLE('',#6449,0.013218308969136);
#559=CIRCLE('',#6450,0.0015);
#560=CIRCLE('',#6452,0.013218308969136);
#561=CIRCLE('',#6453,0.013218308969136);
#562=CIRCLE('',#6454,0.013218308969136);
#563=CIRCLE('',#6456,0.0128921276480053);
#564=CIRCLE('',#6460,0.0097729140280736);
#565=CIRCLE('',#6463,0.00710782684741534);
#566=CIRCLE('',#6467,0.00719565649560554);
#567=CIRCLE('',#6471,0.00523700280507674);
#568=CIRCLE('',#6480,0.0128921276480053);
#569=CIRCLE('',#6500,0.0015);
#570=CIRCLE('',#6503,0.002);
#571=CIRCLE('',#6505,0.0005);
#572=CIRCLE('',#6509,0.0005);
#573=CIRCLE('',#6511,0.0005);
#574=CIRCLE('',#6514,0.0005);
#575=CIRCLE('',#6516,0.0005);
#576=CIRCLE('',#6519,0.0005);
#577=CIRCLE('',#6521,0.0005);
#578=CIRCLE('',#6524,0.0005);
#579=CIRCLE('',#6526,0.0005);
#580=CIRCLE('',#6539,0.0005);
#581=CIRCLE('',#6543,0.0005);
#582=CIRCLE('',#6545,0.0005);
#583=CIRCLE('',#6548,0.0005);
#584=CIRCLE('',#6552,0.0005);
#585=CIRCLE('',#6557,0.0005);
#586=CIRCLE('',#6566,0.002);
#587=CIRCLE('',#6569,0.002);
#588=CIRCLE('',#6573,0.0005);
#589=CIRCLE('',#6575,0.0005);
#590=CIRCLE('',#6581,0.0005);
#591=CIRCLE('',#6585,0.0005);
#592=CIRCLE('',#6587,0.0005);
#593=CIRCLE('',#6590,0.0005);
#594=CIRCLE('',#6597,0.0005);
#595=CIRCLE('',#6599,0.0005);
#596=CIRCLE('',#6601,0.0005);
#597=CIRCLE('',#6603,0.0005);
#598=CIRCLE('',#6609,0.0005);
#599=CIRCLE('',#6613,0.0005);
#600=CIRCLE('',#6615,0.0005);
#601=CIRCLE('',#6619,0.0005);
#602=CIRCLE('',#6621,0.0005);
#603=CIRCLE('',#6625,0.0005);
#604=CIRCLE('',#6627,0.0005);
#605=CIRCLE('',#6631,0.0005);
#606=CIRCLE('',#6638,0.0005);
#607=CIRCLE('',#6641,0.0005);
#608=ORIENTED_EDGE('',*,*,#2354,.F.);
#609=ORIENTED_EDGE('',*,*,#2355,.T.);
#610=ORIENTED_EDGE('',*,*,#2356,.T.);
#611=ORIENTED_EDGE('',*,*,#2357,.T.);
#612=ORIENTED_EDGE('',*,*,#2358,.T.);
#613=ORIENTED_EDGE('',*,*,#2359,.T.);
#614=ORIENTED_EDGE('',*,*,#2360,.T.);
#615=ORIENTED_EDGE('',*,*,#2361,.F.);
#616=ORIENTED_EDGE('',*,*,#2362,.F.);
#617=ORIENTED_EDGE('',*,*,#2363,.T.);
#618=ORIENTED_EDGE('',*,*,#2364,.T.);
#619=ORIENTED_EDGE('',*,*,#2365,.T.);
#620=ORIENTED_EDGE('',*,*,#2366,.T.);
#621=ORIENTED_EDGE('',*,*,#2367,.F.);
#622=ORIENTED_EDGE('',*,*,#2368,.T.);
#623=ORIENTED_EDGE('',*,*,#2369,.F.);
#624=ORIENTED_EDGE('',*,*,#2370,.F.);
#625=ORIENTED_EDGE('',*,*,#2371,.F.);
#626=ORIENTED_EDGE('',*,*,#2372,.T.);
#627=ORIENTED_EDGE('',*,*,#2373,.F.);
#628=ORIENTED_EDGE('',*,*,#2374,.T.);
#629=ORIENTED_EDGE('',*,*,#2375,.T.);
#630=ORIENTED_EDGE('',*,*,#2376,.T.);
#631=ORIENTED_EDGE('',*,*,#2377,.F.);
#632=ORIENTED_EDGE('',*,*,#2378,.F.);
#633=ORIENTED_EDGE('',*,*,#2379,.T.);
#634=ORIENTED_EDGE('',*,*,#2380,.T.);
#635=ORIENTED_EDGE('',*,*,#2381,.F.);
#636=ORIENTED_EDGE('',*,*,#2382,.T.);
#637=ORIENTED_EDGE('',*,*,#2383,.T.);
#638=ORIENTED_EDGE('',*,*,#2384,.F.);
#639=ORIENTED_EDGE('',*,*,#2385,.T.);
#640=ORIENTED_EDGE('',*,*,#2386,.F.);
#641=ORIENTED_EDGE('',*,*,#2387,.F.);
#642=ORIENTED_EDGE('',*,*,#2388,.T.);
#643=ORIENTED_EDGE('',*,*,#2389,.T.);
#644=ORIENTED_EDGE('',*,*,#2390,.T.);
#645=ORIENTED_EDGE('',*,*,#2391,.T.);
#646=ORIENTED_EDGE('',*,*,#2392,.F.);
#647=ORIENTED_EDGE('',*,*,#2393,.T.);
#648=ORIENTED_EDGE('',*,*,#2379,.F.);
#649=ORIENTED_EDGE('',*,*,#2394,.F.);
#650=ORIENTED_EDGE('',*,*,#2395,.T.);
#651=ORIENTED_EDGE('',*,*,#2396,.F.);
#652=ORIENTED_EDGE('',*,*,#2397,.F.);
#653=ORIENTED_EDGE('',*,*,#2398,.F.);
#654=ORIENTED_EDGE('',*,*,#2399,.T.);
#655=ORIENTED_EDGE('',*,*,#2400,.T.);
#656=ORIENTED_EDGE('',*,*,#2401,.F.);
#657=ORIENTED_EDGE('',*,*,#2402,.T.);
#658=ORIENTED_EDGE('',*,*,#2403,.F.);
#659=ORIENTED_EDGE('',*,*,#2404,.T.);
#660=ORIENTED_EDGE('',*,*,#2405,.T.);
#661=ORIENTED_EDGE('',*,*,#2406,.F.);
#662=ORIENTED_EDGE('',*,*,#2407,.T.);
#663=ORIENTED_EDGE('',*,*,#2408,.F.);
#664=ORIENTED_EDGE('',*,*,#2409,.T.);
#665=ORIENTED_EDGE('',*,*,#2410,.T.);
#666=ORIENTED_EDGE('',*,*,#2411,.T.);
#667=ORIENTED_EDGE('',*,*,#2412,.T.);
#668=ORIENTED_EDGE('',*,*,#2413,.T.);
#669=ORIENTED_EDGE('',*,*,#2414,.F.);
#670=ORIENTED_EDGE('',*,*,#2415,.T.);
#671=ORIENTED_EDGE('',*,*,#2416,.T.);
#672=ORIENTED_EDGE('',*,*,#2417,.T.);
#673=ORIENTED_EDGE('',*,*,#2418,.F.);
#674=ORIENTED_EDGE('',*,*,#2419,.T.);
#675=ORIENTED_EDGE('',*,*,#2397,.T.);
#676=ORIENTED_EDGE('',*,*,#2420,.F.);
#677=ORIENTED_EDGE('',*,*,#2421,.T.);
#678=ORIENTED_EDGE('',*,*,#2422,.F.);
#679=ORIENTED_EDGE('',*,*,#2423,.F.);
#680=ORIENTED_EDGE('',*,*,#2424,.F.);
#681=ORIENTED_EDGE('',*,*,#2425,.F.);
#682=ORIENTED_EDGE('',*,*,#2426,.F.);
#683=ORIENTED_EDGE('',*,*,#2427,.F.);
#684=ORIENTED_EDGE('',*,*,#2428,.F.);
#685=ORIENTED_EDGE('',*,*,#2429,.F.);
#686=ORIENTED_EDGE('',*,*,#2430,.T.);
#687=ORIENTED_EDGE('',*,*,#2431,.F.);
#688=ORIENTED_EDGE('',*,*,#2432,.F.);
#689=ORIENTED_EDGE('',*,*,#2433,.F.);
#690=ORIENTED_EDGE('',*,*,#2434,.T.);
#691=ORIENTED_EDGE('',*,*,#2435,.F.);
#692=ORIENTED_EDGE('',*,*,#2436,.F.);
#693=ORIENTED_EDGE('',*,*,#2437,.F.);
#694=ORIENTED_EDGE('',*,*,#2438,.T.);
#695=ORIENTED_EDGE('',*,*,#2439,.F.);
#696=ORIENTED_EDGE('',*,*,#2440,.F.);
#697=ORIENTED_EDGE('',*,*,#2441,.T.);
#698=ORIENTED_EDGE('',*,*,#2442,.T.);
#699=ORIENTED_EDGE('',*,*,#2443,.T.);
#700=ORIENTED_EDGE('',*,*,#2444,.T.);
#701=ORIENTED_EDGE('',*,*,#2445,.T.);
#702=ORIENTED_EDGE('',*,*,#2446,.T.);
#703=ORIENTED_EDGE('',*,*,#2418,.T.);
#704=ORIENTED_EDGE('',*,*,#2447,.T.);
#705=ORIENTED_EDGE('',*,*,#2448,.F.);
#706=ORIENTED_EDGE('',*,*,#2449,.T.);
#707=ORIENTED_EDGE('',*,*,#2361,.T.);
#708=ORIENTED_EDGE('',*,*,#2450,.T.);
#709=ORIENTED_EDGE('',*,*,#2451,.F.);
#710=ORIENTED_EDGE('',*,*,#2452,.T.);
#711=ORIENTED_EDGE('',*,*,#2453,.T.);
#712=ORIENTED_EDGE('',*,*,#2454,.F.);
#713=ORIENTED_EDGE('',*,*,#2455,.T.);
#714=ORIENTED_EDGE('',*,*,#2456,.T.);
#715=ORIENTED_EDGE('',*,*,#2457,.T.);
#716=ORIENTED_EDGE('',*,*,#2458,.F.);
#717=ORIENTED_EDGE('',*,*,#2459,.T.);
#718=ORIENTED_EDGE('',*,*,#2460,.T.);
#719=ORIENTED_EDGE('',*,*,#2461,.F.);
#720=ORIENTED_EDGE('',*,*,#2462,.F.);
#721=ORIENTED_EDGE('',*,*,#2463,.F.);
#722=ORIENTED_EDGE('',*,*,#2464,.T.);
#723=ORIENTED_EDGE('',*,*,#2465,.F.);
#724=ORIENTED_EDGE('',*,*,#2466,.T.);
#725=ORIENTED_EDGE('',*,*,#2467,.T.);
#726=ORIENTED_EDGE('',*,*,#2468,.F.);
#727=ORIENTED_EDGE('',*,*,#2469,.F.);
#728=ORIENTED_EDGE('',*,*,#2470,.T.);
#729=ORIENTED_EDGE('',*,*,#2471,.T.);
#730=ORIENTED_EDGE('',*,*,#2472,.F.);
#731=ORIENTED_EDGE('',*,*,#2473,.T.);
#732=ORIENTED_EDGE('',*,*,#2474,.T.);
#733=ORIENTED_EDGE('',*,*,#2475,.F.);
#734=ORIENTED_EDGE('',*,*,#2476,.T.);
#735=ORIENTED_EDGE('',*,*,#2477,.F.);
#736=ORIENTED_EDGE('',*,*,#2478,.T.);
#737=ORIENTED_EDGE('',*,*,#2469,.T.);
#738=ORIENTED_EDGE('',*,*,#2479,.T.);
#739=ORIENTED_EDGE('',*,*,#2480,.T.);
#740=ORIENTED_EDGE('',*,*,#2481,.F.);
#741=ORIENTED_EDGE('',*,*,#2482,.T.);
#742=ORIENTED_EDGE('',*,*,#2483,.T.);
#743=ORIENTED_EDGE('',*,*,#2484,.T.);
#744=ORIENTED_EDGE('',*,*,#2485,.T.);
#745=ORIENTED_EDGE('',*,*,#2486,.T.);
#746=ORIENTED_EDGE('',*,*,#2487,.T.);
#747=ORIENTED_EDGE('',*,*,#2488,.F.);
#748=ORIENTED_EDGE('',*,*,#2489,.T.);
#749=ORIENTED_EDGE('',*,*,#2490,.T.);
#750=ORIENTED_EDGE('',*,*,#2491,.F.);
#751=ORIENTED_EDGE('',*,*,#2356,.F.);
#752=ORIENTED_EDGE('',*,*,#2492,.F.);
#753=ORIENTED_EDGE('',*,*,#2493,.T.);
#754=ORIENTED_EDGE('',*,*,#2486,.F.);
#755=ORIENTED_EDGE('',*,*,#2494,.F.);
#756=ORIENTED_EDGE('',*,*,#2495,.F.);
#757=ORIENTED_EDGE('',*,*,#2496,.F.);
#758=ORIENTED_EDGE('',*,*,#2497,.T.);
#759=ORIENTED_EDGE('',*,*,#2498,.T.);
#760=ORIENTED_EDGE('',*,*,#2477,.T.);
#761=ORIENTED_EDGE('',*,*,#2499,.T.);
#762=ORIENTED_EDGE('',*,*,#2369,.T.);
#763=ORIENTED_EDGE('',*,*,#2500,.F.);
#764=ORIENTED_EDGE('',*,*,#2501,.T.);
#765=ORIENTED_EDGE('',*,*,#2502,.T.);
#766=ORIENTED_EDGE('',*,*,#2503,.T.);
#767=ORIENTED_EDGE('',*,*,#2504,.T.);
#768=ORIENTED_EDGE('',*,*,#2505,.T.);
#769=ORIENTED_EDGE('',*,*,#2492,.T.);
#770=ORIENTED_EDGE('',*,*,#2506,.F.);
#771=ORIENTED_EDGE('',*,*,#2507,.T.);
#772=ORIENTED_EDGE('',*,*,#2508,.F.);
#773=ORIENTED_EDGE('',*,*,#2509,.F.);
#774=ORIENTED_EDGE('',*,*,#2510,.T.);
#775=ORIENTED_EDGE('',*,*,#2511,.T.);
#776=ORIENTED_EDGE('',*,*,#2367,.T.);
#777=ORIENTED_EDGE('',*,*,#2512,.F.);
#778=ORIENTED_EDGE('',*,*,#2499,.F.);
#779=ORIENTED_EDGE('',*,*,#2513,.T.);
#780=ORIENTED_EDGE('',*,*,#2514,.T.);
#781=ORIENTED_EDGE('',*,*,#2370,.T.);
#782=ORIENTED_EDGE('',*,*,#2490,.F.);
#783=ORIENTED_EDGE('',*,*,#2515,.T.);
#784=ORIENTED_EDGE('',*,*,#2516,.T.);
#785=ORIENTED_EDGE('',*,*,#2517,.T.);
#786=ORIENTED_EDGE('',*,*,#2518,.F.);
#787=ORIENTED_EDGE('',*,*,#2373,.T.);
#788=ORIENTED_EDGE('',*,*,#2519,.T.);
#789=ORIENTED_EDGE('',*,*,#2354,.T.);
#790=ORIENTED_EDGE('',*,*,#2520,.F.);
#791=ORIENTED_EDGE('',*,*,#2521,.T.);
#792=ORIENTED_EDGE('',*,*,#2522,.T.);
#793=ORIENTED_EDGE('',*,*,#2523,.T.);
#794=ORIENTED_EDGE('',*,*,#2524,.T.);
#795=ORIENTED_EDGE('',*,*,#2525,.T.);
#796=ORIENTED_EDGE('',*,*,#2526,.T.);
#797=ORIENTED_EDGE('',*,*,#2527,.T.);
#798=ORIENTED_EDGE('',*,*,#2528,.T.);
#799=ORIENTED_EDGE('',*,*,#2529,.T.);
#800=ORIENTED_EDGE('',*,*,#2530,.T.);
#801=ORIENTED_EDGE('',*,*,#2531,.F.);
#802=ORIENTED_EDGE('',*,*,#2532,.T.);
#803=ORIENTED_EDGE('',*,*,#2533,.T.);
#804=ORIENTED_EDGE('',*,*,#2534,.T.);
#805=ORIENTED_EDGE('',*,*,#2535,.F.);
#806=ORIENTED_EDGE('',*,*,#2536,.T.);
#807=ORIENTED_EDGE('',*,*,#2537,.T.);
#808=ORIENTED_EDGE('',*,*,#2538,.T.);
#809=ORIENTED_EDGE('',*,*,#2539,.F.);
#810=ORIENTED_EDGE('',*,*,#2540,.F.);
#811=ORIENTED_EDGE('',*,*,#2541,.F.);
#812=ORIENTED_EDGE('',*,*,#2542,.F.);
#813=ORIENTED_EDGE('',*,*,#2543,.F.);
#814=ORIENTED_EDGE('',*,*,#2544,.T.);
#815=ORIENTED_EDGE('',*,*,#2545,.T.);
#816=ORIENTED_EDGE('',*,*,#2371,.T.);
#817=ORIENTED_EDGE('',*,*,#2514,.F.);
#818=ORIENTED_EDGE('',*,*,#2377,.T.);
#819=ORIENTED_EDGE('',*,*,#2546,.T.);
#820=ORIENTED_EDGE('',*,*,#2470,.F.);
#821=ORIENTED_EDGE('',*,*,#2547,.T.);
#822=ORIENTED_EDGE('',*,*,#2485,.F.);
#823=ORIENTED_EDGE('',*,*,#2548,.T.);
#824=ORIENTED_EDGE('',*,*,#2549,.T.);
#825=ORIENTED_EDGE('',*,*,#2550,.F.);
#826=ORIENTED_EDGE('',*,*,#2494,.T.);
#827=ORIENTED_EDGE('',*,*,#2551,.T.);
#828=ORIENTED_EDGE('',*,*,#2552,.T.);
#829=ORIENTED_EDGE('',*,*,#2553,.T.);
#830=ORIENTED_EDGE('',*,*,#2554,.F.);
#831=ORIENTED_EDGE('',*,*,#2555,.T.);
#832=ORIENTED_EDGE('',*,*,#2556,.T.);
#833=ORIENTED_EDGE('',*,*,#2557,.T.);
#834=ORIENTED_EDGE('',*,*,#2558,.F.);
#835=ORIENTED_EDGE('',*,*,#2559,.T.);
#836=ORIENTED_EDGE('',*,*,#2560,.F.);
#837=ORIENTED_EDGE('',*,*,#2561,.T.);
#838=ORIENTED_EDGE('',*,*,#2562,.T.);
#839=ORIENTED_EDGE('',*,*,#2553,.F.);
#840=ORIENTED_EDGE('',*,*,#2563,.T.);
#841=ORIENTED_EDGE('',*,*,#2564,.T.);
#842=ORIENTED_EDGE('',*,*,#2565,.F.);
#843=ORIENTED_EDGE('',*,*,#2566,.T.);
#844=ORIENTED_EDGE('',*,*,#2567,.F.);
#845=ORIENTED_EDGE('',*,*,#2568,.F.);
#846=ORIENTED_EDGE('',*,*,#2569,.T.);
#847=ORIENTED_EDGE('',*,*,#2570,.T.);
#848=ORIENTED_EDGE('',*,*,#2571,.F.);
#849=ORIENTED_EDGE('',*,*,#2559,.F.);
#850=ORIENTED_EDGE('',*,*,#2572,.T.);
#851=ORIENTED_EDGE('',*,*,#2573,.T.);
#852=ORIENTED_EDGE('',*,*,#2574,.T.);
#853=ORIENTED_EDGE('',*,*,#2575,.T.);
#854=ORIENTED_EDGE('',*,*,#2576,.F.);
#855=ORIENTED_EDGE('',*,*,#2577,.T.);
#856=ORIENTED_EDGE('',*,*,#2578,.T.);
#857=ORIENTED_EDGE('',*,*,#2579,.T.);
#858=ORIENTED_EDGE('',*,*,#2580,.F.);
#859=ORIENTED_EDGE('',*,*,#2581,.T.);
#860=ORIENTED_EDGE('',*,*,#2582,.F.);
#861=ORIENTED_EDGE('',*,*,#2583,.T.);
#862=ORIENTED_EDGE('',*,*,#2584,.T.);
#863=ORIENTED_EDGE('',*,*,#2575,.F.);
#864=ORIENTED_EDGE('',*,*,#2585,.T.);
#865=ORIENTED_EDGE('',*,*,#2586,.T.);
#866=ORIENTED_EDGE('',*,*,#2587,.F.);
#867=ORIENTED_EDGE('',*,*,#2588,.T.);
#868=ORIENTED_EDGE('',*,*,#2589,.F.);
#869=ORIENTED_EDGE('',*,*,#2590,.F.);
#870=ORIENTED_EDGE('',*,*,#2591,.T.);
#871=ORIENTED_EDGE('',*,*,#2592,.T.);
#872=ORIENTED_EDGE('',*,*,#2593,.F.);
#873=ORIENTED_EDGE('',*,*,#2581,.F.);
#874=ORIENTED_EDGE('',*,*,#2594,.T.);
#875=ORIENTED_EDGE('',*,*,#2595,.F.);
#876=ORIENTED_EDGE('',*,*,#2596,.T.);
#877=ORIENTED_EDGE('',*,*,#2597,.T.);
#878=ORIENTED_EDGE('',*,*,#2598,.T.);
#879=ORIENTED_EDGE('',*,*,#2599,.T.);
#880=ORIENTED_EDGE('',*,*,#2600,.T.);
#881=ORIENTED_EDGE('',*,*,#2601,.T.);
#882=ORIENTED_EDGE('',*,*,#2602,.F.);
#883=ORIENTED_EDGE('',*,*,#2603,.T.);
#884=ORIENTED_EDGE('',*,*,#2604,.T.);
#885=ORIENTED_EDGE('',*,*,#2605,.T.);
#886=ORIENTED_EDGE('',*,*,#2606,.F.);
#887=ORIENTED_EDGE('',*,*,#2607,.F.);
#888=ORIENTED_EDGE('',*,*,#2608,.T.);
#889=ORIENTED_EDGE('',*,*,#2609,.T.);
#890=ORIENTED_EDGE('',*,*,#2610,.F.);
#891=ORIENTED_EDGE('',*,*,#2611,.T.);
#892=ORIENTED_EDGE('',*,*,#2612,.F.);
#893=ORIENTED_EDGE('',*,*,#2598,.F.);
#894=ORIENTED_EDGE('',*,*,#2613,.T.);
#895=ORIENTED_EDGE('',*,*,#2614,.T.);
#896=ORIENTED_EDGE('',*,*,#2615,.F.);
#897=ORIENTED_EDGE('',*,*,#2605,.F.);
#898=ORIENTED_EDGE('',*,*,#2616,.T.);
#899=ORIENTED_EDGE('',*,*,#2617,.F.);
#900=ORIENTED_EDGE('',*,*,#2618,.T.);
#901=ORIENTED_EDGE('',*,*,#2619,.T.);
#902=ORIENTED_EDGE('',*,*,#2620,.T.);
#903=ORIENTED_EDGE('',*,*,#2621,.T.);
#904=ORIENTED_EDGE('',*,*,#2622,.T.);
#905=ORIENTED_EDGE('',*,*,#2623,.T.);
#906=ORIENTED_EDGE('',*,*,#2624,.F.);
#907=ORIENTED_EDGE('',*,*,#2625,.T.);
#908=ORIENTED_EDGE('',*,*,#2626,.T.);
#909=ORIENTED_EDGE('',*,*,#2627,.T.);
#910=ORIENTED_EDGE('',*,*,#2628,.F.);
#911=ORIENTED_EDGE('',*,*,#2618,.F.);
#912=ORIENTED_EDGE('',*,*,#2629,.T.);
#913=ORIENTED_EDGE('',*,*,#2611,.F.);
#914=ORIENTED_EDGE('',*,*,#2630,.F.);
#915=ORIENTED_EDGE('',*,*,#2631,.F.);
#916=ORIENTED_EDGE('',*,*,#2621,.F.);
#917=ORIENTED_EDGE('',*,*,#2632,.T.);
#918=ORIENTED_EDGE('',*,*,#2633,.F.);
#919=ORIENTED_EDGE('',*,*,#2634,.F.);
#920=ORIENTED_EDGE('',*,*,#2625,.F.);
#921=ORIENTED_EDGE('',*,*,#2635,.T.);
#922=ORIENTED_EDGE('',*,*,#2614,.F.);
#923=ORIENTED_EDGE('',*,*,#2596,.F.);
#924=ORIENTED_EDGE('',*,*,#2636,.T.);
#925=ORIENTED_EDGE('',*,*,#2588,.F.);
#926=ORIENTED_EDGE('',*,*,#2637,.F.);
#927=ORIENTED_EDGE('',*,*,#2638,.F.);
#928=ORIENTED_EDGE('',*,*,#2599,.F.);
#929=ORIENTED_EDGE('',*,*,#2639,.T.);
#930=ORIENTED_EDGE('',*,*,#2640,.F.);
#931=ORIENTED_EDGE('',*,*,#2641,.F.);
#932=ORIENTED_EDGE('',*,*,#2603,.F.);
#933=ORIENTED_EDGE('',*,*,#2642,.T.);
#934=ORIENTED_EDGE('',*,*,#2592,.F.);
#935=ORIENTED_EDGE('',*,*,#2643,.F.);
#936=ORIENTED_EDGE('',*,*,#2573,.F.);
#937=ORIENTED_EDGE('',*,*,#2644,.T.);
#938=ORIENTED_EDGE('',*,*,#2564,.F.);
#939=ORIENTED_EDGE('',*,*,#2645,.T.);
#940=ORIENTED_EDGE('',*,*,#2566,.F.);
#941=ORIENTED_EDGE('',*,*,#2646,.F.);
#942=ORIENTED_EDGE('',*,*,#2647,.F.);
#943=ORIENTED_EDGE('',*,*,#2648,.T.);
#944=ORIENTED_EDGE('',*,*,#2570,.F.);
#945=ORIENTED_EDGE('',*,*,#2649,.F.);
#946=ORIENTED_EDGE('',*,*,#2583,.F.);
#947=ORIENTED_EDGE('',*,*,#2650,.F.);
#948=ORIENTED_EDGE('',*,*,#2551,.F.);
#949=ORIENTED_EDGE('',*,*,#2651,.T.);
#950=ORIENTED_EDGE('',*,*,#2652,.F.);
#951=ORIENTED_EDGE('',*,*,#2653,.T.);
#952=ORIENTED_EDGE('',*,*,#2654,.F.);
#953=ORIENTED_EDGE('',*,*,#2655,.F.);
#954=ORIENTED_EDGE('',*,*,#2561,.F.);
#955=ORIENTED_EDGE('',*,*,#2656,.F.);
#956=ORIENTED_EDGE('',*,*,#2555,.F.);
#957=ORIENTED_EDGE('',*,*,#2657,.T.);
#958=ORIENTED_EDGE('',*,*,#2658,.F.);
#959=ORIENTED_EDGE('',*,*,#2659,.T.);
#960=ORIENTED_EDGE('',*,*,#2660,.F.);
#961=ORIENTED_EDGE('',*,*,#2661,.F.);
#962=ORIENTED_EDGE('',*,*,#2662,.F.);
#963=ORIENTED_EDGE('',*,*,#2663,.F.);
#964=ORIENTED_EDGE('',*,*,#2660,.T.);
#965=ORIENTED_EDGE('',*,*,#2664,.T.);
#966=ORIENTED_EDGE('',*,*,#2658,.T.);
#967=ORIENTED_EDGE('',*,*,#2665,.T.);
#968=ORIENTED_EDGE('',*,*,#2654,.T.);
#969=ORIENTED_EDGE('',*,*,#2666,.T.);
#970=ORIENTED_EDGE('',*,*,#2652,.T.);
#971=ORIENTED_EDGE('',*,*,#2667,.T.);
#972=ORIENTED_EDGE('',*,*,#2568,.T.);
#973=ORIENTED_EDGE('',*,*,#2668,.F.);
#974=ORIENTED_EDGE('',*,*,#2662,.T.);
#975=ORIENTED_EDGE('',*,*,#2669,.T.);
#976=ORIENTED_EDGE('',*,*,#2557,.F.);
#977=ORIENTED_EDGE('',*,*,#2670,.T.);
#978=ORIENTED_EDGE('',*,*,#2671,.T.);
#979=ORIENTED_EDGE('',*,*,#2672,.F.);
#980=ORIENTED_EDGE('',*,*,#2590,.T.);
#981=ORIENTED_EDGE('',*,*,#2673,.F.);
#982=ORIENTED_EDGE('',*,*,#2647,.T.);
#983=ORIENTED_EDGE('',*,*,#2674,.T.);
#984=ORIENTED_EDGE('',*,*,#2579,.F.);
#985=ORIENTED_EDGE('',*,*,#2675,.T.);
#986=ORIENTED_EDGE('',*,*,#2640,.T.);
#987=ORIENTED_EDGE('',*,*,#2676,.F.);
#988=ORIENTED_EDGE('',*,*,#2677,.T.);
#989=ORIENTED_EDGE('',*,*,#2678,.T.);
#990=ORIENTED_EDGE('',*,*,#2607,.T.);
#991=ORIENTED_EDGE('',*,*,#2679,.F.);
#992=ORIENTED_EDGE('',*,*,#2601,.F.);
#993=ORIENTED_EDGE('',*,*,#2680,.T.);
#994=ORIENTED_EDGE('',*,*,#2633,.T.);
#995=ORIENTED_EDGE('',*,*,#2681,.F.);
#996=ORIENTED_EDGE('',*,*,#2682,.T.);
#997=ORIENTED_EDGE('',*,*,#2683,.T.);
#998=ORIENTED_EDGE('',*,*,#2684,.T.);
#999=ORIENTED_EDGE('',*,*,#2685,.F.);
#1000=ORIENTED_EDGE('',*,*,#2686,.T.);
#1001=ORIENTED_EDGE('',*,*,#2623,.F.);
#1002=ORIENTED_EDGE('',*,*,#2687,.T.);
#1003=ORIENTED_EDGE('',*,*,#2620,.F.);
#1004=ORIENTED_EDGE('',*,*,#2688,.T.);
#1005=ORIENTED_EDGE('',*,*,#2684,.F.);
#1006=ORIENTED_EDGE('',*,*,#2689,.T.);
#1007=ORIENTED_EDGE('',*,*,#2627,.F.);
#1008=ORIENTED_EDGE('',*,*,#2690,.T.);
#1009=ORIENTED_EDGE('',*,*,#2691,.F.);
#1010=ORIENTED_EDGE('',*,*,#2682,.F.);
#1011=ORIENTED_EDGE('',*,*,#2692,.T.);
#1012=ORIENTED_EDGE('',*,*,#2609,.F.);
#1013=ORIENTED_EDGE('',*,*,#2693,.F.);
#1014=ORIENTED_EDGE('',*,*,#2677,.F.);
#1015=ORIENTED_EDGE('',*,*,#2694,.T.);
#1016=ORIENTED_EDGE('',*,*,#2586,.F.);
#1017=ORIENTED_EDGE('',*,*,#2695,.F.);
#1018=ORIENTED_EDGE('',*,*,#2577,.F.);
#1019=ORIENTED_EDGE('',*,*,#2696,.T.);
#1020=ORIENTED_EDGE('',*,*,#2671,.F.);
#1021=ORIENTED_EDGE('',*,*,#2697,.T.);
#1022=ORIENTED_EDGE('',*,*,#2698,.T.);
#1023=ORIENTED_EDGE('',*,*,#2699,.F.);
#1024=ORIENTED_EDGE('',*,*,#2700,.F.);
#1025=ORIENTED_EDGE('',*,*,#2701,.T.);
#1026=ORIENTED_EDGE('',*,*,#2701,.F.);
#1027=ORIENTED_EDGE('',*,*,#2702,.T.);
#1028=ORIENTED_EDGE('',*,*,#2702,.F.);
#1029=ORIENTED_EDGE('',*,*,#2703,.T.);
#1030=ORIENTED_EDGE('',*,*,#2704,.T.);
#1031=ORIENTED_EDGE('',*,*,#2703,.F.);
#1032=ORIENTED_EDGE('',*,*,#2705,.T.);
#1033=ORIENTED_EDGE('',*,*,#2663,.T.);
#1034=ORIENTED_EDGE('',*,*,#2706,.F.);
#1035=ORIENTED_EDGE('',*,*,#2547,.F.);
#1036=ORIENTED_EDGE('',*,*,#2686,.F.);
#1037=ORIENTED_EDGE('',*,*,#2705,.F.);
#1038=ORIENTED_EDGE('',*,*,#2704,.F.);
#1039=ORIENTED_EDGE('',*,*,#2707,.T.);
#1040=ORIENTED_EDGE('',*,*,#2651,.F.);
#1041=ORIENTED_EDGE('',*,*,#2554,.T.);
#1042=ORIENTED_EDGE('',*,*,#2565,.T.);
#1043=ORIENTED_EDGE('',*,*,#2644,.F.);
#1044=ORIENTED_EDGE('',*,*,#2576,.T.);
#1045=ORIENTED_EDGE('',*,*,#2587,.T.);
#1046=ORIENTED_EDGE('',*,*,#2694,.F.);
#1047=ORIENTED_EDGE('',*,*,#2679,.T.);
#1048=ORIENTED_EDGE('',*,*,#2610,.T.);
#1049=ORIENTED_EDGE('',*,*,#2692,.F.);
#1050=ORIENTED_EDGE('',*,*,#2685,.T.);
#1051=ORIENTED_EDGE('',*,*,#2688,.F.);
#1052=ORIENTED_EDGE('',*,*,#2619,.F.);
#1053=ORIENTED_EDGE('',*,*,#2630,.T.);
#1054=ORIENTED_EDGE('',*,*,#2613,.F.);
#1055=ORIENTED_EDGE('',*,*,#2597,.F.);
#1056=ORIENTED_EDGE('',*,*,#2637,.T.);
#1057=ORIENTED_EDGE('',*,*,#2591,.F.);
#1058=ORIENTED_EDGE('',*,*,#2674,.F.);
#1059=ORIENTED_EDGE('',*,*,#2646,.T.);
#1060=ORIENTED_EDGE('',*,*,#2569,.F.);
#1061=ORIENTED_EDGE('',*,*,#2669,.F.);
#1062=ORIENTED_EDGE('',*,*,#2661,.T.);
#1063=ORIENTED_EDGE('',*,*,#2708,.F.);
#1064=ORIENTED_EDGE('',*,*,#2709,.F.);
#1065=ORIENTED_EDGE('',*,*,#2710,.F.);
#1066=ORIENTED_EDGE('',*,*,#2711,.F.);
#1067=ORIENTED_EDGE('',*,*,#2712,.F.);
#1068=ORIENTED_EDGE('',*,*,#2713,.F.);
#1069=ORIENTED_EDGE('',*,*,#2714,.F.);
#1070=ORIENTED_EDGE('',*,*,#2715,.F.);
#1071=ORIENTED_EDGE('',*,*,#2716,.F.);
#1072=ORIENTED_EDGE('',*,*,#2717,.F.);
#1073=ORIENTED_EDGE('',*,*,#2718,.T.);
#1074=ORIENTED_EDGE('',*,*,#2719,.T.);
#1075=ORIENTED_EDGE('',*,*,#2720,.T.);
#1076=ORIENTED_EDGE('',*,*,#2721,.T.);
#1077=ORIENTED_EDGE('',*,*,#2722,.T.);
#1078=ORIENTED_EDGE('',*,*,#2723,.T.);
#1079=ORIENTED_EDGE('',*,*,#2724,.T.);
#1080=ORIENTED_EDGE('',*,*,#2725,.T.);
#1081=ORIENTED_EDGE('',*,*,#2716,.T.);
#1082=ORIENTED_EDGE('',*,*,#2726,.T.);
#1083=ORIENTED_EDGE('',*,*,#2727,.F.);
#1084=ORIENTED_EDGE('',*,*,#2728,.F.);
#1085=ORIENTED_EDGE('',*,*,#2667,.F.);
#1086=ORIENTED_EDGE('',*,*,#2707,.F.);
#1087=ORIENTED_EDGE('',*,*,#2729,.F.);
#1088=ORIENTED_EDGE('',*,*,#2730,.F.);
#1089=ORIENTED_EDGE('',*,*,#2731,.F.);
#1090=ORIENTED_EDGE('',*,*,#2732,.F.);
#1091=ORIENTED_EDGE('',*,*,#2733,.F.);
#1092=ORIENTED_EDGE('',*,*,#2734,.F.);
#1093=ORIENTED_EDGE('',*,*,#2735,.F.);
#1094=ORIENTED_EDGE('',*,*,#2736,.F.);
#1095=ORIENTED_EDGE('',*,*,#2737,.T.);
#1096=ORIENTED_EDGE('',*,*,#2727,.T.);
#1097=ORIENTED_EDGE('',*,*,#2738,.T.);
#1098=ORIENTED_EDGE('',*,*,#2739,.T.);
#1099=ORIENTED_EDGE('',*,*,#2740,.T.);
#1100=ORIENTED_EDGE('',*,*,#2741,.T.);
#1101=ORIENTED_EDGE('',*,*,#2742,.T.);
#1102=ORIENTED_EDGE('',*,*,#2743,.T.);
#1103=ORIENTED_EDGE('',*,*,#2744,.T.);
#1104=ORIENTED_EDGE('',*,*,#2708,.T.);
#1105=ORIENTED_EDGE('',*,*,#2737,.F.);
#1106=ORIENTED_EDGE('',*,*,#2745,.F.);
#1107=ORIENTED_EDGE('',*,*,#2717,.T.);
#1108=ORIENTED_EDGE('',*,*,#2728,.T.);
#1109=ORIENTED_EDGE('',*,*,#2714,.T.);
#1110=ORIENTED_EDGE('',*,*,#2746,.T.);
#1111=ORIENTED_EDGE('',*,*,#2739,.F.);
#1112=ORIENTED_EDGE('',*,*,#2747,.F.);
#1113=ORIENTED_EDGE('',*,*,#2715,.T.);
#1114=ORIENTED_EDGE('',*,*,#2747,.T.);
#1115=ORIENTED_EDGE('',*,*,#2738,.F.);
#1116=ORIENTED_EDGE('',*,*,#2726,.F.);
#1117=ORIENTED_EDGE('',*,*,#2712,.T.);
#1118=ORIENTED_EDGE('',*,*,#2748,.T.);
#1119=ORIENTED_EDGE('',*,*,#2741,.F.);
#1120=ORIENTED_EDGE('',*,*,#2749,.F.);
#1121=ORIENTED_EDGE('',*,*,#2746,.F.);
#1122=ORIENTED_EDGE('',*,*,#2713,.T.);
#1123=ORIENTED_EDGE('',*,*,#2749,.T.);
#1124=ORIENTED_EDGE('',*,*,#2740,.F.);
#1125=ORIENTED_EDGE('',*,*,#2750,.F.);
#1126=ORIENTED_EDGE('',*,*,#2743,.F.);
#1127=ORIENTED_EDGE('',*,*,#2751,.T.);
#1128=ORIENTED_EDGE('',*,*,#2710,.T.);
#1129=ORIENTED_EDGE('',*,*,#2748,.F.);
#1130=ORIENTED_EDGE('',*,*,#2711,.T.);
#1131=ORIENTED_EDGE('',*,*,#2751,.F.);
#1132=ORIENTED_EDGE('',*,*,#2742,.F.);
#1133=ORIENTED_EDGE('',*,*,#2744,.F.);
#1134=ORIENTED_EDGE('',*,*,#2750,.T.);
#1135=ORIENTED_EDGE('',*,*,#2709,.T.);
#1136=ORIENTED_EDGE('',*,*,#2752,.F.);
#1137=ORIENTED_EDGE('',*,*,#2718,.F.);
#1138=ORIENTED_EDGE('',*,*,#2745,.T.);
#1139=ORIENTED_EDGE('',*,*,#2736,.T.);
#1140=ORIENTED_EDGE('',*,*,#2753,.F.);
#1141=ORIENTED_EDGE('',*,*,#2720,.F.);
#1142=ORIENTED_EDGE('',*,*,#2754,.T.);
#1143=ORIENTED_EDGE('',*,*,#2734,.T.);
#1144=ORIENTED_EDGE('',*,*,#2719,.F.);
#1145=ORIENTED_EDGE('',*,*,#2752,.T.);
#1146=ORIENTED_EDGE('',*,*,#2735,.T.);
#1147=ORIENTED_EDGE('',*,*,#2754,.F.);
#1148=ORIENTED_EDGE('',*,*,#2755,.F.);
#1149=ORIENTED_EDGE('',*,*,#2722,.F.);
#1150=ORIENTED_EDGE('',*,*,#2756,.T.);
#1151=ORIENTED_EDGE('',*,*,#2732,.T.);
#1152=ORIENTED_EDGE('',*,*,#2753,.T.);
#1153=ORIENTED_EDGE('',*,*,#2733,.T.);
#1154=ORIENTED_EDGE('',*,*,#2756,.F.);
#1155=ORIENTED_EDGE('',*,*,#2721,.F.);
#1156=ORIENTED_EDGE('',*,*,#2730,.T.);
#1157=ORIENTED_EDGE('',*,*,#2757,.T.);
#1158=ORIENTED_EDGE('',*,*,#2724,.F.);
#1159=ORIENTED_EDGE('',*,*,#2758,.F.);
#1160=ORIENTED_EDGE('',*,*,#2755,.T.);
#1161=ORIENTED_EDGE('',*,*,#2731,.T.);
#1162=ORIENTED_EDGE('',*,*,#2758,.T.);
#1163=ORIENTED_EDGE('',*,*,#2723,.F.);
#1164=ORIENTED_EDGE('',*,*,#2729,.T.);
#1165=ORIENTED_EDGE('',*,*,#2725,.F.);
#1166=ORIENTED_EDGE('',*,*,#2757,.F.);
#1167=ORIENTED_EDGE('',*,*,#2759,.T.);
#1168=ORIENTED_EDGE('',*,*,#2760,.F.);
#1169=ORIENTED_EDGE('',*,*,#2761,.F.);
#1170=ORIENTED_EDGE('',*,*,#2762,.T.);
#1171=ORIENTED_EDGE('',*,*,#2761,.T.);
#1172=ORIENTED_EDGE('',*,*,#2763,.F.);
#1173=ORIENTED_EDGE('',*,*,#2764,.F.);
#1174=ORIENTED_EDGE('',*,*,#2765,.T.);
#1175=ORIENTED_EDGE('',*,*,#2766,.T.);
#1176=ORIENTED_EDGE('',*,*,#2764,.T.);
#1177=ORIENTED_EDGE('',*,*,#2767,.F.);
#1178=ORIENTED_EDGE('',*,*,#2765,.F.);
#1179=ORIENTED_EDGE('',*,*,#2768,.F.);
#1180=ORIENTED_EDGE('',*,*,#2769,.T.);
#1181=ORIENTED_EDGE('',*,*,#2770,.T.);
#1182=ORIENTED_EDGE('',*,*,#2771,.T.);
#1183=ORIENTED_EDGE('',*,*,#2772,.T.);
#1184=ORIENTED_EDGE('',*,*,#2769,.F.);
#1185=ORIENTED_EDGE('',*,*,#2773,.F.);
#1186=ORIENTED_EDGE('',*,*,#2771,.F.);
#1187=ORIENTED_EDGE('',*,*,#2774,.F.);
#1188=ORIENTED_EDGE('',*,*,#2775,.T.);
#1189=ORIENTED_EDGE('',*,*,#2776,.T.);
#1190=ORIENTED_EDGE('',*,*,#2777,.F.);
#1191=ORIENTED_EDGE('',*,*,#2778,.T.);
#1192=ORIENTED_EDGE('',*,*,#2779,.T.);
#1193=ORIENTED_EDGE('',*,*,#2775,.F.);
#1194=ORIENTED_EDGE('',*,*,#2778,.F.);
#1195=ORIENTED_EDGE('',*,*,#2780,.F.);
#1196=ORIENTED_EDGE('',*,*,#2781,.T.);
#1197=ORIENTED_EDGE('',*,*,#2782,.T.);
#1198=ORIENTED_EDGE('',*,*,#2783,.F.);
#1199=ORIENTED_EDGE('',*,*,#2781,.F.);
#1200=ORIENTED_EDGE('',*,*,#2784,.T.);
#1201=ORIENTED_EDGE('',*,*,#2785,.T.);
#1202=ORIENTED_EDGE('',*,*,#2786,.T.);
#1203=ORIENTED_EDGE('',*,*,#2787,.T.);
#1204=ORIENTED_EDGE('',*,*,#2788,.F.);
#1205=ORIENTED_EDGE('',*,*,#2785,.F.);
#1206=ORIENTED_EDGE('',*,*,#2789,.T.);
#1207=ORIENTED_EDGE('',*,*,#2790,.T.);
#1208=ORIENTED_EDGE('',*,*,#2791,.F.);
#1209=ORIENTED_EDGE('',*,*,#2787,.F.);
#1210=ORIENTED_EDGE('',*,*,#2792,.T.);
#1211=ORIENTED_EDGE('',*,*,#2793,.T.);
#1212=ORIENTED_EDGE('',*,*,#2794,.F.);
#1213=ORIENTED_EDGE('',*,*,#2790,.F.);
#1214=ORIENTED_EDGE('',*,*,#2793,.F.);
#1215=ORIENTED_EDGE('',*,*,#2795,.T.);
#1216=ORIENTED_EDGE('',*,*,#2796,.T.);
#1217=ORIENTED_EDGE('',*,*,#2797,.F.);
#1218=ORIENTED_EDGE('',*,*,#2798,.T.);
#1219=ORIENTED_EDGE('',*,*,#2799,.T.);
#1220=ORIENTED_EDGE('',*,*,#2800,.F.);
#1221=ORIENTED_EDGE('',*,*,#2796,.F.);
#1222=ORIENTED_EDGE('',*,*,#2799,.F.);
#1223=ORIENTED_EDGE('',*,*,#2801,.T.);
#1224=ORIENTED_EDGE('',*,*,#2802,.F.);
#1225=ORIENTED_EDGE('',*,*,#2803,.F.);
#1226=ORIENTED_EDGE('',*,*,#2804,.F.);
#1227=ORIENTED_EDGE('',*,*,#2805,.F.);
#1228=ORIENTED_EDGE('',*,*,#2802,.T.);
#1229=ORIENTED_EDGE('',*,*,#2806,.T.);
#1230=ORIENTED_EDGE('',*,*,#2807,.F.);
#1231=ORIENTED_EDGE('',*,*,#2804,.T.);
#1232=ORIENTED_EDGE('',*,*,#2808,.T.);
#1233=ORIENTED_EDGE('',*,*,#2809,.T.);
#1234=ORIENTED_EDGE('',*,*,#2657,.F.);
#1235=ORIENTED_EDGE('',*,*,#2558,.T.);
#1236=ORIENTED_EDGE('',*,*,#2672,.T.);
#1237=ORIENTED_EDGE('',*,*,#2696,.F.);
#1238=ORIENTED_EDGE('',*,*,#2580,.T.);
#1239=ORIENTED_EDGE('',*,*,#2676,.T.);
#1240=ORIENTED_EDGE('',*,*,#2639,.F.);
#1241=ORIENTED_EDGE('',*,*,#2602,.T.);
#1242=ORIENTED_EDGE('',*,*,#2681,.T.);
#1243=ORIENTED_EDGE('',*,*,#2632,.F.);
#1244=ORIENTED_EDGE('',*,*,#2624,.T.);
#1245=ORIENTED_EDGE('',*,*,#2690,.F.);
#1246=ORIENTED_EDGE('',*,*,#2626,.F.);
#1247=ORIENTED_EDGE('',*,*,#2634,.T.);
#1248=ORIENTED_EDGE('',*,*,#2616,.F.);
#1249=ORIENTED_EDGE('',*,*,#2604,.F.);
#1250=ORIENTED_EDGE('',*,*,#2641,.T.);
#1251=ORIENTED_EDGE('',*,*,#2594,.F.);
#1252=ORIENTED_EDGE('',*,*,#2584,.F.);
#1253=ORIENTED_EDGE('',*,*,#2649,.T.);
#1254=ORIENTED_EDGE('',*,*,#2572,.F.);
#1255=ORIENTED_EDGE('',*,*,#2562,.F.);
#1256=ORIENTED_EDGE('',*,*,#2655,.T.);
#1257=ORIENTED_EDGE('',*,*,#2810,.F.);
#1258=ORIENTED_EDGE('',*,*,#2808,.F.);
#1259=ORIENTED_EDGE('',*,*,#2806,.F.);
#1260=ORIENTED_EDGE('',*,*,#2801,.F.);
#1261=ORIENTED_EDGE('',*,*,#2798,.F.);
#1262=ORIENTED_EDGE('',*,*,#2795,.F.);
#1263=ORIENTED_EDGE('',*,*,#2792,.F.);
#1264=ORIENTED_EDGE('',*,*,#2789,.F.);
#1265=ORIENTED_EDGE('',*,*,#2786,.F.);
#1266=ORIENTED_EDGE('',*,*,#2784,.F.);
#1267=ORIENTED_EDGE('',*,*,#2780,.T.);
#1268=ORIENTED_EDGE('',*,*,#2777,.T.);
#1269=ORIENTED_EDGE('',*,*,#2774,.T.);
#1270=ORIENTED_EDGE('',*,*,#2773,.T.);
#1271=ORIENTED_EDGE('',*,*,#2768,.T.);
#1272=ORIENTED_EDGE('',*,*,#2767,.T.);
#1273=ORIENTED_EDGE('',*,*,#2763,.T.);
#1274=ORIENTED_EDGE('',*,*,#2760,.T.);
#1275=ORIENTED_EDGE('',*,*,#2665,.F.);
#1276=ORIENTED_EDGE('',*,*,#2809,.F.);
#1277=ORIENTED_EDGE('',*,*,#2759,.F.);
#1278=ORIENTED_EDGE('',*,*,#2762,.F.);
#1279=ORIENTED_EDGE('',*,*,#2766,.F.);
#1280=ORIENTED_EDGE('',*,*,#2770,.F.);
#1281=ORIENTED_EDGE('',*,*,#2772,.F.);
#1282=ORIENTED_EDGE('',*,*,#2776,.F.);
#1283=ORIENTED_EDGE('',*,*,#2779,.F.);
#1284=ORIENTED_EDGE('',*,*,#2782,.F.);
#1285=ORIENTED_EDGE('',*,*,#2783,.T.);
#1286=ORIENTED_EDGE('',*,*,#2788,.T.);
#1287=ORIENTED_EDGE('',*,*,#2791,.T.);
#1288=ORIENTED_EDGE('',*,*,#2794,.T.);
#1289=ORIENTED_EDGE('',*,*,#2797,.T.);
#1290=ORIENTED_EDGE('',*,*,#2800,.T.);
#1291=ORIENTED_EDGE('',*,*,#2803,.T.);
#1292=ORIENTED_EDGE('',*,*,#2805,.T.);
#1293=ORIENTED_EDGE('',*,*,#2807,.T.);
#1294=ORIENTED_EDGE('',*,*,#2810,.T.);
#1295=ORIENTED_EDGE('',*,*,#2811,.T.);
#1296=ORIENTED_EDGE('',*,*,#2812,.F.);
#1297=ORIENTED_EDGE('',*,*,#2813,.F.);
#1298=ORIENTED_EDGE('',*,*,#2814,.T.);
#1299=ORIENTED_EDGE('',*,*,#2813,.T.);
#1300=ORIENTED_EDGE('',*,*,#2815,.F.);
#1301=ORIENTED_EDGE('',*,*,#2816,.F.);
#1302=ORIENTED_EDGE('',*,*,#2817,.T.);
#1303=ORIENTED_EDGE('',*,*,#2818,.T.);
#1304=ORIENTED_EDGE('',*,*,#2816,.T.);
#1305=ORIENTED_EDGE('',*,*,#2819,.F.);
#1306=ORIENTED_EDGE('',*,*,#2817,.F.);
#1307=ORIENTED_EDGE('',*,*,#2820,.F.);
#1308=ORIENTED_EDGE('',*,*,#2821,.T.);
#1309=ORIENTED_EDGE('',*,*,#2822,.T.);
#1310=ORIENTED_EDGE('',*,*,#2823,.T.);
#1311=ORIENTED_EDGE('',*,*,#2824,.T.);
#1312=ORIENTED_EDGE('',*,*,#2821,.F.);
#1313=ORIENTED_EDGE('',*,*,#2825,.F.);
#1314=ORIENTED_EDGE('',*,*,#2823,.F.);
#1315=ORIENTED_EDGE('',*,*,#2826,.F.);
#1316=ORIENTED_EDGE('',*,*,#2827,.T.);
#1317=ORIENTED_EDGE('',*,*,#2828,.T.);
#1318=ORIENTED_EDGE('',*,*,#2829,.F.);
#1319=ORIENTED_EDGE('',*,*,#2830,.T.);
#1320=ORIENTED_EDGE('',*,*,#2831,.T.);
#1321=ORIENTED_EDGE('',*,*,#2827,.F.);
#1322=ORIENTED_EDGE('',*,*,#2830,.F.);
#1323=ORIENTED_EDGE('',*,*,#2832,.F.);
#1324=ORIENTED_EDGE('',*,*,#2833,.T.);
#1325=ORIENTED_EDGE('',*,*,#2834,.T.);
#1326=ORIENTED_EDGE('',*,*,#2835,.F.);
#1327=ORIENTED_EDGE('',*,*,#2833,.F.);
#1328=ORIENTED_EDGE('',*,*,#2836,.T.);
#1329=ORIENTED_EDGE('',*,*,#2837,.T.);
#1330=ORIENTED_EDGE('',*,*,#2838,.T.);
#1331=ORIENTED_EDGE('',*,*,#2839,.T.);
#1332=ORIENTED_EDGE('',*,*,#2840,.F.);
#1333=ORIENTED_EDGE('',*,*,#2837,.F.);
#1334=ORIENTED_EDGE('',*,*,#2841,.T.);
#1335=ORIENTED_EDGE('',*,*,#2842,.T.);
#1336=ORIENTED_EDGE('',*,*,#2843,.F.);
#1337=ORIENTED_EDGE('',*,*,#2839,.F.);
#1338=ORIENTED_EDGE('',*,*,#2844,.T.);
#1339=ORIENTED_EDGE('',*,*,#2845,.T.);
#1340=ORIENTED_EDGE('',*,*,#2846,.F.);
#1341=ORIENTED_EDGE('',*,*,#2842,.F.);
#1342=ORIENTED_EDGE('',*,*,#2845,.F.);
#1343=ORIENTED_EDGE('',*,*,#2847,.T.);
#1344=ORIENTED_EDGE('',*,*,#2848,.T.);
#1345=ORIENTED_EDGE('',*,*,#2849,.F.);
#1346=ORIENTED_EDGE('',*,*,#2850,.T.);
#1347=ORIENTED_EDGE('',*,*,#2851,.T.);
#1348=ORIENTED_EDGE('',*,*,#2852,.F.);
#1349=ORIENTED_EDGE('',*,*,#2848,.F.);
#1350=ORIENTED_EDGE('',*,*,#2851,.F.);
#1351=ORIENTED_EDGE('',*,*,#2853,.T.);
#1352=ORIENTED_EDGE('',*,*,#2854,.F.);
#1353=ORIENTED_EDGE('',*,*,#2855,.F.);
#1354=ORIENTED_EDGE('',*,*,#2856,.F.);
#1355=ORIENTED_EDGE('',*,*,#2857,.F.);
#1356=ORIENTED_EDGE('',*,*,#2854,.T.);
#1357=ORIENTED_EDGE('',*,*,#2858,.T.);
#1358=ORIENTED_EDGE('',*,*,#2859,.F.);
#1359=ORIENTED_EDGE('',*,*,#2856,.T.);
#1360=ORIENTED_EDGE('',*,*,#2860,.T.);
#1361=ORIENTED_EDGE('',*,*,#2861,.T.);
#1362=ORIENTED_EDGE('',*,*,#2659,.F.);
#1363=ORIENTED_EDGE('',*,*,#2668,.T.);
#1364=ORIENTED_EDGE('',*,*,#2567,.T.);
#1365=ORIENTED_EDGE('',*,*,#2645,.F.);
#1366=ORIENTED_EDGE('',*,*,#2673,.T.);
#1367=ORIENTED_EDGE('',*,*,#2589,.T.);
#1368=ORIENTED_EDGE('',*,*,#2636,.F.);
#1369=ORIENTED_EDGE('',*,*,#2595,.T.);
#1370=ORIENTED_EDGE('',*,*,#2612,.T.);
#1371=ORIENTED_EDGE('',*,*,#2629,.F.);
#1372=ORIENTED_EDGE('',*,*,#2617,.T.);
#1373=ORIENTED_EDGE('',*,*,#2687,.F.);
#1374=ORIENTED_EDGE('',*,*,#2622,.F.);
#1375=ORIENTED_EDGE('',*,*,#2631,.T.);
#1376=ORIENTED_EDGE('',*,*,#2680,.F.);
#1377=ORIENTED_EDGE('',*,*,#2600,.F.);
#1378=ORIENTED_EDGE('',*,*,#2638,.T.);
#1379=ORIENTED_EDGE('',*,*,#2675,.F.);
#1380=ORIENTED_EDGE('',*,*,#2578,.F.);
#1381=ORIENTED_EDGE('',*,*,#2695,.T.);
#1382=ORIENTED_EDGE('',*,*,#2670,.F.);
#1383=ORIENTED_EDGE('',*,*,#2556,.F.);
#1384=ORIENTED_EDGE('',*,*,#2656,.T.);
#1385=ORIENTED_EDGE('',*,*,#2862,.F.);
#1386=ORIENTED_EDGE('',*,*,#2860,.F.);
#1387=ORIENTED_EDGE('',*,*,#2858,.F.);
#1388=ORIENTED_EDGE('',*,*,#2853,.F.);
#1389=ORIENTED_EDGE('',*,*,#2850,.F.);
#1390=ORIENTED_EDGE('',*,*,#2847,.F.);
#1391=ORIENTED_EDGE('',*,*,#2844,.F.);
#1392=ORIENTED_EDGE('',*,*,#2841,.F.);
#1393=ORIENTED_EDGE('',*,*,#2838,.F.);
#1394=ORIENTED_EDGE('',*,*,#2836,.F.);
#1395=ORIENTED_EDGE('',*,*,#2832,.T.);
#1396=ORIENTED_EDGE('',*,*,#2829,.T.);
#1397=ORIENTED_EDGE('',*,*,#2826,.T.);
#1398=ORIENTED_EDGE('',*,*,#2825,.T.);
#1399=ORIENTED_EDGE('',*,*,#2820,.T.);
#1400=ORIENTED_EDGE('',*,*,#2819,.T.);
#1401=ORIENTED_EDGE('',*,*,#2815,.T.);
#1402=ORIENTED_EDGE('',*,*,#2812,.T.);
#1403=ORIENTED_EDGE('',*,*,#2664,.F.);
#1404=ORIENTED_EDGE('',*,*,#2861,.F.);
#1405=ORIENTED_EDGE('',*,*,#2811,.F.);
#1406=ORIENTED_EDGE('',*,*,#2814,.F.);
#1407=ORIENTED_EDGE('',*,*,#2818,.F.);
#1408=ORIENTED_EDGE('',*,*,#2822,.F.);
#1409=ORIENTED_EDGE('',*,*,#2824,.F.);
#1410=ORIENTED_EDGE('',*,*,#2828,.F.);
#1411=ORIENTED_EDGE('',*,*,#2831,.F.);
#1412=ORIENTED_EDGE('',*,*,#2834,.F.);
#1413=ORIENTED_EDGE('',*,*,#2835,.T.);
#1414=ORIENTED_EDGE('',*,*,#2840,.T.);
#1415=ORIENTED_EDGE('',*,*,#2843,.T.);
#1416=ORIENTED_EDGE('',*,*,#2846,.T.);
#1417=ORIENTED_EDGE('',*,*,#2849,.T.);
#1418=ORIENTED_EDGE('',*,*,#2852,.T.);
#1419=ORIENTED_EDGE('',*,*,#2855,.T.);
#1420=ORIENTED_EDGE('',*,*,#2857,.T.);
#1421=ORIENTED_EDGE('',*,*,#2859,.T.);
#1422=ORIENTED_EDGE('',*,*,#2862,.T.);
#1423=ORIENTED_EDGE('',*,*,#2863,.T.);
#1424=ORIENTED_EDGE('',*,*,#2653,.F.);
#1425=ORIENTED_EDGE('',*,*,#2560,.T.);
#1426=ORIENTED_EDGE('',*,*,#2571,.T.);
#1427=ORIENTED_EDGE('',*,*,#2648,.F.);
#1428=ORIENTED_EDGE('',*,*,#2582,.T.);
#1429=ORIENTED_EDGE('',*,*,#2593,.T.);
#1430=ORIENTED_EDGE('',*,*,#2642,.F.);
#1431=ORIENTED_EDGE('',*,*,#2606,.T.);
#1432=ORIENTED_EDGE('',*,*,#2615,.T.);
#1433=ORIENTED_EDGE('',*,*,#2635,.F.);
#1434=ORIENTED_EDGE('',*,*,#2628,.T.);
#1435=ORIENTED_EDGE('',*,*,#2689,.F.);
#1436=ORIENTED_EDGE('',*,*,#2683,.F.);
#1437=ORIENTED_EDGE('',*,*,#2691,.T.);
#1438=ORIENTED_EDGE('',*,*,#2608,.F.);
#1439=ORIENTED_EDGE('',*,*,#2678,.F.);
#1440=ORIENTED_EDGE('',*,*,#2693,.T.);
#1441=ORIENTED_EDGE('',*,*,#2585,.F.);
#1442=ORIENTED_EDGE('',*,*,#2574,.F.);
#1443=ORIENTED_EDGE('',*,*,#2643,.T.);
#1444=ORIENTED_EDGE('',*,*,#2563,.F.);
#1445=ORIENTED_EDGE('',*,*,#2552,.F.);
#1446=ORIENTED_EDGE('',*,*,#2650,.T.);
#1447=ORIENTED_EDGE('',*,*,#2864,.F.);
#1448=ORIENTED_EDGE('',*,*,#2865,.F.);
#1449=ORIENTED_EDGE('',*,*,#2866,.F.);
#1450=ORIENTED_EDGE('',*,*,#2867,.F.);
#1451=ORIENTED_EDGE('',*,*,#2868,.F.);
#1452=ORIENTED_EDGE('',*,*,#2869,.F.);
#1453=ORIENTED_EDGE('',*,*,#2870,.F.);
#1454=ORIENTED_EDGE('',*,*,#2871,.F.);
#1455=ORIENTED_EDGE('',*,*,#2872,.F.);
#1456=ORIENTED_EDGE('',*,*,#2873,.F.);
#1457=ORIENTED_EDGE('',*,*,#2874,.T.);
#1458=ORIENTED_EDGE('',*,*,#2875,.T.);
#1459=ORIENTED_EDGE('',*,*,#2876,.T.);
#1460=ORIENTED_EDGE('',*,*,#2877,.T.);
#1461=ORIENTED_EDGE('',*,*,#2878,.T.);
#1462=ORIENTED_EDGE('',*,*,#2879,.T.);
#1463=ORIENTED_EDGE('',*,*,#2880,.T.);
#1464=ORIENTED_EDGE('',*,*,#2881,.T.);
#1465=ORIENTED_EDGE('',*,*,#2872,.T.);
#1466=ORIENTED_EDGE('',*,*,#2882,.T.);
#1467=ORIENTED_EDGE('',*,*,#2883,.F.);
#1468=ORIENTED_EDGE('',*,*,#2884,.F.);
#1469=ORIENTED_EDGE('',*,*,#2666,.F.);
#1470=ORIENTED_EDGE('',*,*,#2863,.F.);
#1471=ORIENTED_EDGE('',*,*,#2885,.F.);
#1472=ORIENTED_EDGE('',*,*,#2886,.F.);
#1473=ORIENTED_EDGE('',*,*,#2887,.F.);
#1474=ORIENTED_EDGE('',*,*,#2888,.F.);
#1475=ORIENTED_EDGE('',*,*,#2889,.F.);
#1476=ORIENTED_EDGE('',*,*,#2890,.F.);
#1477=ORIENTED_EDGE('',*,*,#2891,.F.);
#1478=ORIENTED_EDGE('',*,*,#2892,.F.);
#1479=ORIENTED_EDGE('',*,*,#2893,.T.);
#1480=ORIENTED_EDGE('',*,*,#2883,.T.);
#1481=ORIENTED_EDGE('',*,*,#2894,.T.);
#1482=ORIENTED_EDGE('',*,*,#2895,.T.);
#1483=ORIENTED_EDGE('',*,*,#2896,.T.);
#1484=ORIENTED_EDGE('',*,*,#2897,.T.);
#1485=ORIENTED_EDGE('',*,*,#2898,.T.);
#1486=ORIENTED_EDGE('',*,*,#2899,.T.);
#1487=ORIENTED_EDGE('',*,*,#2900,.T.);
#1488=ORIENTED_EDGE('',*,*,#2864,.T.);
#1489=ORIENTED_EDGE('',*,*,#2893,.F.);
#1490=ORIENTED_EDGE('',*,*,#2901,.F.);
#1491=ORIENTED_EDGE('',*,*,#2873,.T.);
#1492=ORIENTED_EDGE('',*,*,#2884,.T.);
#1493=ORIENTED_EDGE('',*,*,#2870,.T.);
#1494=ORIENTED_EDGE('',*,*,#2902,.T.);
#1495=ORIENTED_EDGE('',*,*,#2895,.F.);
#1496=ORIENTED_EDGE('',*,*,#2903,.F.);
#1497=ORIENTED_EDGE('',*,*,#2871,.T.);
#1498=ORIENTED_EDGE('',*,*,#2903,.T.);
#1499=ORIENTED_EDGE('',*,*,#2894,.F.);
#1500=ORIENTED_EDGE('',*,*,#2882,.F.);
#1501=ORIENTED_EDGE('',*,*,#2868,.T.);
#1502=ORIENTED_EDGE('',*,*,#2904,.T.);
#1503=ORIENTED_EDGE('',*,*,#2897,.F.);
#1504=ORIENTED_EDGE('',*,*,#2905,.F.);
#1505=ORIENTED_EDGE('',*,*,#2902,.F.);
#1506=ORIENTED_EDGE('',*,*,#2869,.T.);
#1507=ORIENTED_EDGE('',*,*,#2905,.T.);
#1508=ORIENTED_EDGE('',*,*,#2896,.F.);
#1509=ORIENTED_EDGE('',*,*,#2906,.F.);
#1510=ORIENTED_EDGE('',*,*,#2899,.F.);
#1511=ORIENTED_EDGE('',*,*,#2907,.T.);
#1512=ORIENTED_EDGE('',*,*,#2866,.T.);
#1513=ORIENTED_EDGE('',*,*,#2904,.F.);
#1514=ORIENTED_EDGE('',*,*,#2867,.T.);
#1515=ORIENTED_EDGE('',*,*,#2907,.F.);
#1516=ORIENTED_EDGE('',*,*,#2898,.F.);
#1517=ORIENTED_EDGE('',*,*,#2900,.F.);
#1518=ORIENTED_EDGE('',*,*,#2906,.T.);
#1519=ORIENTED_EDGE('',*,*,#2865,.T.);
#1520=ORIENTED_EDGE('',*,*,#2908,.F.);
#1521=ORIENTED_EDGE('',*,*,#2874,.F.);
#1522=ORIENTED_EDGE('',*,*,#2901,.T.);
#1523=ORIENTED_EDGE('',*,*,#2892,.T.);
#1524=ORIENTED_EDGE('',*,*,#2909,.F.);
#1525=ORIENTED_EDGE('',*,*,#2876,.F.);
#1526=ORIENTED_EDGE('',*,*,#2910,.T.);
#1527=ORIENTED_EDGE('',*,*,#2890,.T.);
#1528=ORIENTED_EDGE('',*,*,#2875,.F.);
#1529=ORIENTED_EDGE('',*,*,#2908,.T.);
#1530=ORIENTED_EDGE('',*,*,#2891,.T.);
#1531=ORIENTED_EDGE('',*,*,#2910,.F.);
#1532=ORIENTED_EDGE('',*,*,#2911,.F.);
#1533=ORIENTED_EDGE('',*,*,#2878,.F.);
#1534=ORIENTED_EDGE('',*,*,#2912,.T.);
#1535=ORIENTED_EDGE('',*,*,#2888,.T.);
#1536=ORIENTED_EDGE('',*,*,#2909,.T.);
#1537=ORIENTED_EDGE('',*,*,#2889,.T.);
#1538=ORIENTED_EDGE('',*,*,#2912,.F.);
#1539=ORIENTED_EDGE('',*,*,#2877,.F.);
#1540=ORIENTED_EDGE('',*,*,#2886,.T.);
#1541=ORIENTED_EDGE('',*,*,#2913,.T.);
#1542=ORIENTED_EDGE('',*,*,#2880,.F.);
#1543=ORIENTED_EDGE('',*,*,#2914,.F.);
#1544=ORIENTED_EDGE('',*,*,#2911,.T.);
#1545=ORIENTED_EDGE('',*,*,#2887,.T.);
#1546=ORIENTED_EDGE('',*,*,#2914,.T.);
#1547=ORIENTED_EDGE('',*,*,#2879,.F.);
#1548=ORIENTED_EDGE('',*,*,#2885,.T.);
#1549=ORIENTED_EDGE('',*,*,#2881,.F.);
#1550=ORIENTED_EDGE('',*,*,#2913,.F.);
#1551=ORIENTED_EDGE('',*,*,#2915,.T.);
#1552=ORIENTED_EDGE('',*,*,#2916,.T.);
#1553=ORIENTED_EDGE('',*,*,#2917,.T.);
#1554=ORIENTED_EDGE('',*,*,#2918,.T.);
#1555=ORIENTED_EDGE('',*,*,#2919,.T.);
#1556=ORIENTED_EDGE('',*,*,#2920,.T.);
#1557=ORIENTED_EDGE('',*,*,#2921,.T.);
#1558=ORIENTED_EDGE('',*,*,#2922,.T.);
#1559=ORIENTED_EDGE('',*,*,#2923,.T.);
#1560=ORIENTED_EDGE('',*,*,#2924,.T.);
#1561=ORIENTED_EDGE('',*,*,#2925,.T.);
#1562=ORIENTED_EDGE('',*,*,#2926,.T.);
#1563=ORIENTED_EDGE('',*,*,#2927,.T.);
#1564=ORIENTED_EDGE('',*,*,#2928,.T.);
#1565=ORIENTED_EDGE('',*,*,#2929,.T.);
#1566=ORIENTED_EDGE('',*,*,#2930,.T.);
#1567=ORIENTED_EDGE('',*,*,#2931,.T.);
#1568=ORIENTED_EDGE('',*,*,#2932,.T.);
#1569=ORIENTED_EDGE('',*,*,#2933,.T.);
#1570=ORIENTED_EDGE('',*,*,#2934,.T.);
#1571=ORIENTED_EDGE('',*,*,#2935,.T.);
#1572=ORIENTED_EDGE('',*,*,#2936,.T.);
#1573=ORIENTED_EDGE('',*,*,#2937,.T.);
#1574=ORIENTED_EDGE('',*,*,#2938,.T.);
#1575=ORIENTED_EDGE('',*,*,#2939,.T.);
#1576=ORIENTED_EDGE('',*,*,#2940,.T.);
#1577=ORIENTED_EDGE('',*,*,#2941,.T.);
#1578=ORIENTED_EDGE('',*,*,#2942,.T.);
#1579=ORIENTED_EDGE('',*,*,#2943,.T.);
#1580=ORIENTED_EDGE('',*,*,#2944,.T.);
#1581=ORIENTED_EDGE('',*,*,#2945,.T.);
#1582=ORIENTED_EDGE('',*,*,#2946,.T.);
#1583=ORIENTED_EDGE('',*,*,#2947,.T.);
#1584=ORIENTED_EDGE('',*,*,#2948,.T.);
#1585=ORIENTED_EDGE('',*,*,#2949,.T.);
#1586=ORIENTED_EDGE('',*,*,#2950,.T.);
#1587=ORIENTED_EDGE('',*,*,#2481,.T.);
#1588=ORIENTED_EDGE('',*,*,#2951,.T.);
#1589=ORIENTED_EDGE('',*,*,#2952,.F.);
#1590=ORIENTED_EDGE('',*,*,#2953,.T.);
#1591=ORIENTED_EDGE('',*,*,#2954,.T.);
#1592=ORIENTED_EDGE('',*,*,#2955,.T.);
#1593=ORIENTED_EDGE('',*,*,#2479,.F.);
#1594=ORIENTED_EDGE('',*,*,#2956,.T.);
#1595=ORIENTED_EDGE('',*,*,#2472,.T.);
#1596=ORIENTED_EDGE('',*,*,#2957,.T.);
#1597=ORIENTED_EDGE('',*,*,#2954,.F.);
#1598=ORIENTED_EDGE('',*,*,#2958,.T.);
#1599=ORIENTED_EDGE('',*,*,#2959,.F.);
#1600=ORIENTED_EDGE('',*,*,#2960,.F.);
#1601=ORIENTED_EDGE('',*,*,#2961,.T.);
#1602=ORIENTED_EDGE('',*,*,#2962,.T.);
#1603=ORIENTED_EDGE('',*,*,#2963,.T.);
#1604=ORIENTED_EDGE('',*,*,#2964,.T.);
#1605=ORIENTED_EDGE('',*,*,#2965,.F.);
#1606=ORIENTED_EDGE('',*,*,#2966,.T.);
#1607=ORIENTED_EDGE('',*,*,#2967,.F.);
#1608=ORIENTED_EDGE('',*,*,#2968,.T.);
#1609=ORIENTED_EDGE('',*,*,#2969,.T.);
#1610=ORIENTED_EDGE('',*,*,#2970,.T.);
#1611=ORIENTED_EDGE('',*,*,#2488,.T.);
#1612=ORIENTED_EDGE('',*,*,#2971,.T.);
#1613=ORIENTED_EDGE('',*,*,#2952,.T.);
#1614=ORIENTED_EDGE('',*,*,#2972,.T.);
#1615=ORIENTED_EDGE('',*,*,#2969,.F.);
#1616=ORIENTED_EDGE('',*,*,#2973,.T.);
#1617=ORIENTED_EDGE('',*,*,#2357,.F.);
#1618=ORIENTED_EDGE('',*,*,#2491,.T.);
#1619=ORIENTED_EDGE('',*,*,#2974,.F.);
#1620=ORIENTED_EDGE('',*,*,#2975,.F.);
#1621=ORIENTED_EDGE('',*,*,#2540,.T.);
#1622=ORIENTED_EDGE('',*,*,#2976,.T.);
#1623=ORIENTED_EDGE('',*,*,#2977,.F.);
#1624=ORIENTED_EDGE('',*,*,#2978,.F.);
#1625=ORIENTED_EDGE('',*,*,#2541,.T.);
#1626=ORIENTED_EDGE('',*,*,#2975,.T.);
#1627=ORIENTED_EDGE('',*,*,#2979,.F.);
#1628=ORIENTED_EDGE('',*,*,#2980,.F.);
#1629=ORIENTED_EDGE('',*,*,#2542,.T.);
#1630=ORIENTED_EDGE('',*,*,#2978,.T.);
#1631=ORIENTED_EDGE('',*,*,#2981,.T.);
#1632=ORIENTED_EDGE('',*,*,#2982,.F.);
#1633=ORIENTED_EDGE('',*,*,#2536,.F.);
#1634=ORIENTED_EDGE('',*,*,#2983,.T.);
#1635=ORIENTED_EDGE('',*,*,#2984,.T.);
#1636=ORIENTED_EDGE('',*,*,#2985,.F.);
#1637=ORIENTED_EDGE('',*,*,#2537,.F.);
#1638=ORIENTED_EDGE('',*,*,#2982,.T.);
#1639=ORIENTED_EDGE('',*,*,#2986,.T.);
#1640=ORIENTED_EDGE('',*,*,#2987,.F.);
#1641=ORIENTED_EDGE('',*,*,#2538,.F.);
#1642=ORIENTED_EDGE('',*,*,#2985,.T.);
#1643=ORIENTED_EDGE('',*,*,#2988,.T.);
#1644=ORIENTED_EDGE('',*,*,#2989,.F.);
#1645=ORIENTED_EDGE('',*,*,#2532,.F.);
#1646=ORIENTED_EDGE('',*,*,#2990,.T.);
#1647=ORIENTED_EDGE('',*,*,#2991,.T.);
#1648=ORIENTED_EDGE('',*,*,#2992,.F.);
#1649=ORIENTED_EDGE('',*,*,#2533,.F.);
#1650=ORIENTED_EDGE('',*,*,#2989,.T.);
#1651=ORIENTED_EDGE('',*,*,#2993,.T.);
#1652=ORIENTED_EDGE('',*,*,#2994,.F.);
#1653=ORIENTED_EDGE('',*,*,#2534,.F.);
#1654=ORIENTED_EDGE('',*,*,#2992,.T.);
#1655=ORIENTED_EDGE('',*,*,#2995,.T.);
#1656=ORIENTED_EDGE('',*,*,#2996,.F.);
#1657=ORIENTED_EDGE('',*,*,#2528,.F.);
#1658=ORIENTED_EDGE('',*,*,#2997,.T.);
#1659=ORIENTED_EDGE('',*,*,#2998,.T.);
#1660=ORIENTED_EDGE('',*,*,#2999,.F.);
#1661=ORIENTED_EDGE('',*,*,#2529,.F.);
#1662=ORIENTED_EDGE('',*,*,#2996,.T.);
#1663=ORIENTED_EDGE('',*,*,#3000,.T.);
#1664=ORIENTED_EDGE('',*,*,#3001,.F.);
#1665=ORIENTED_EDGE('',*,*,#2530,.F.);
#1666=ORIENTED_EDGE('',*,*,#2999,.T.);
#1667=ORIENTED_EDGE('',*,*,#3002,.T.);
#1668=ORIENTED_EDGE('',*,*,#3003,.F.);
#1669=ORIENTED_EDGE('',*,*,#2524,.F.);
#1670=ORIENTED_EDGE('',*,*,#3004,.T.);
#1671=ORIENTED_EDGE('',*,*,#3005,.T.);
#1672=ORIENTED_EDGE('',*,*,#3006,.F.);
#1673=ORIENTED_EDGE('',*,*,#2525,.F.);
#1674=ORIENTED_EDGE('',*,*,#3003,.T.);
#1675=ORIENTED_EDGE('',*,*,#3007,.T.);
#1676=ORIENTED_EDGE('',*,*,#3008,.F.);
#1677=ORIENTED_EDGE('',*,*,#2526,.F.);
#1678=ORIENTED_EDGE('',*,*,#3006,.T.);
#1679=ORIENTED_EDGE('',*,*,#3009,.F.);
#1680=ORIENTED_EDGE('',*,*,#3010,.F.);
#1681=ORIENTED_EDGE('',*,*,#2520,.T.);
#1682=ORIENTED_EDGE('',*,*,#3011,.T.);
#1683=ORIENTED_EDGE('',*,*,#3012,.T.);
#1684=ORIENTED_EDGE('',*,*,#3013,.F.);
#1685=ORIENTED_EDGE('',*,*,#2521,.F.);
#1686=ORIENTED_EDGE('',*,*,#3010,.T.);
#1687=ORIENTED_EDGE('',*,*,#3014,.T.);
#1688=ORIENTED_EDGE('',*,*,#3015,.F.);
#1689=ORIENTED_EDGE('',*,*,#2522,.F.);
#1690=ORIENTED_EDGE('',*,*,#3013,.T.);
#1691=ORIENTED_EDGE('',*,*,#3016,.F.);
#1692=ORIENTED_EDGE('',*,*,#2983,.F.);
#1693=ORIENTED_EDGE('',*,*,#2539,.T.);
#1694=ORIENTED_EDGE('',*,*,#2987,.T.);
#1695=ORIENTED_EDGE('',*,*,#3017,.F.);
#1696=ORIENTED_EDGE('',*,*,#2990,.F.);
#1697=ORIENTED_EDGE('',*,*,#2535,.T.);
#1698=ORIENTED_EDGE('',*,*,#2994,.T.);
#1699=ORIENTED_EDGE('',*,*,#3018,.F.);
#1700=ORIENTED_EDGE('',*,*,#2997,.F.);
#1701=ORIENTED_EDGE('',*,*,#2531,.T.);
#1702=ORIENTED_EDGE('',*,*,#3001,.T.);
#1703=ORIENTED_EDGE('',*,*,#3019,.T.);
#1704=ORIENTED_EDGE('',*,*,#3004,.F.);
#1705=ORIENTED_EDGE('',*,*,#2527,.F.);
#1706=ORIENTED_EDGE('',*,*,#3008,.T.);
#1707=ORIENTED_EDGE('',*,*,#3020,.T.);
#1708=ORIENTED_EDGE('',*,*,#3011,.F.);
#1709=ORIENTED_EDGE('',*,*,#2523,.F.);
#1710=ORIENTED_EDGE('',*,*,#3015,.T.);
#1711=ORIENTED_EDGE('',*,*,#3021,.F.);
#1712=ORIENTED_EDGE('',*,*,#2976,.F.);
#1713=ORIENTED_EDGE('',*,*,#2543,.T.);
#1714=ORIENTED_EDGE('',*,*,#2980,.T.);
#1715=ORIENTED_EDGE('',*,*,#2981,.F.);
#1716=ORIENTED_EDGE('',*,*,#3016,.T.);
#1717=ORIENTED_EDGE('',*,*,#2986,.F.);
#1718=ORIENTED_EDGE('',*,*,#2984,.F.);
#1719=ORIENTED_EDGE('',*,*,#2988,.F.);
#1720=ORIENTED_EDGE('',*,*,#3017,.T.);
#1721=ORIENTED_EDGE('',*,*,#2993,.F.);
#1722=ORIENTED_EDGE('',*,*,#2991,.F.);
#1723=ORIENTED_EDGE('',*,*,#2995,.F.);
#1724=ORIENTED_EDGE('',*,*,#3018,.T.);
#1725=ORIENTED_EDGE('',*,*,#3000,.F.);
#1726=ORIENTED_EDGE('',*,*,#2998,.F.);
#1727=ORIENTED_EDGE('',*,*,#3019,.F.);
#1728=ORIENTED_EDGE('',*,*,#3007,.F.);
#1729=ORIENTED_EDGE('',*,*,#3005,.F.);
#1730=ORIENTED_EDGE('',*,*,#3002,.F.);
#1731=ORIENTED_EDGE('',*,*,#3020,.F.);
#1732=ORIENTED_EDGE('',*,*,#3014,.F.);
#1733=ORIENTED_EDGE('',*,*,#3012,.F.);
#1734=ORIENTED_EDGE('',*,*,#3009,.T.);
#1735=ORIENTED_EDGE('',*,*,#2977,.T.);
#1736=ORIENTED_EDGE('',*,*,#2974,.T.);
#1737=ORIENTED_EDGE('',*,*,#3021,.T.);
#1738=ORIENTED_EDGE('',*,*,#2979,.T.);
#1739=ORIENTED_EDGE('',*,*,#2408,.T.);
#1740=ORIENTED_EDGE('',*,*,#3022,.T.);
#1741=ORIENTED_EDGE('',*,*,#2394,.T.);
#1742=ORIENTED_EDGE('',*,*,#2378,.T.);
#1743=ORIENTED_EDGE('',*,*,#2706,.T.);
#1744=ORIENTED_EDGE('',*,*,#2474,.F.);
#1745=ORIENTED_EDGE('',*,*,#3023,.T.);
#1746=ORIENTED_EDGE('',*,*,#2501,.F.);
#1747=ORIENTED_EDGE('',*,*,#3024,.T.);
#1748=ORIENTED_EDGE('',*,*,#2510,.F.);
#1749=ORIENTED_EDGE('',*,*,#3025,.T.);
#1750=ORIENTED_EDGE('',*,*,#2389,.F.);
#1751=ORIENTED_EDGE('',*,*,#3026,.T.);
#1752=ORIENTED_EDGE('',*,*,#3027,.F.);
#1753=ORIENTED_EDGE('',*,*,#3028,.T.);
#1754=ORIENTED_EDGE('',*,*,#3029,.T.);
#1755=ORIENTED_EDGE('',*,*,#2964,.F.);
#1756=ORIENTED_EDGE('',*,*,#3030,.T.);
#1757=ORIENTED_EDGE('',*,*,#3031,.T.);
#1758=ORIENTED_EDGE('',*,*,#2965,.T.);
#1759=ORIENTED_EDGE('',*,*,#3029,.F.);
#1760=ORIENTED_EDGE('',*,*,#3032,.F.);
#1761=ORIENTED_EDGE('',*,*,#3033,.T.);
#1762=ORIENTED_EDGE('',*,*,#3034,.T.);
#1763=ORIENTED_EDGE('',*,*,#2413,.F.);
#1764=ORIENTED_EDGE('',*,*,#3035,.T.);
#1765=ORIENTED_EDGE('',*,*,#3036,.T.);
#1766=ORIENTED_EDGE('',*,*,#2414,.T.);
#1767=ORIENTED_EDGE('',*,*,#3034,.F.);
#1768=ORIENTED_EDGE('',*,*,#3037,.T.);
#1769=ORIENTED_EDGE('',*,*,#3038,.T.);
#1770=ORIENTED_EDGE('',*,*,#3039,.T.);
#1771=ORIENTED_EDGE('',*,*,#3040,.F.);
#1772=ORIENTED_EDGE('',*,*,#2386,.T.);
#1773=ORIENTED_EDGE('',*,*,#3041,.T.);
#1774=ORIENTED_EDGE('',*,*,#2447,.F.);
#1775=ORIENTED_EDGE('',*,*,#2420,.T.);
#1776=ORIENTED_EDGE('',*,*,#2396,.T.);
#1777=ORIENTED_EDGE('',*,*,#3042,.T.);
#1778=ORIENTED_EDGE('',*,*,#2406,.T.);
#1779=ORIENTED_EDGE('',*,*,#3043,.T.);
#1780=ORIENTED_EDGE('',*,*,#3044,.T.);
#1781=ORIENTED_EDGE('',*,*,#3045,.T.);
#1782=ORIENTED_EDGE('',*,*,#3046,.T.);
#1783=ORIENTED_EDGE('',*,*,#2362,.T.);
#1784=ORIENTED_EDGE('',*,*,#3047,.F.);
#1785=ORIENTED_EDGE('',*,*,#2518,.T.);
#1786=ORIENTED_EDGE('',*,*,#3048,.T.);
#1787=ORIENTED_EDGE('',*,*,#3047,.T.);
#1788=ORIENTED_EDGE('',*,*,#2374,.F.);
#1789=ORIENTED_EDGE('',*,*,#2516,.F.);
#1790=ORIENTED_EDGE('',*,*,#3049,.T.);
#1791=ORIENTED_EDGE('',*,*,#3050,.T.);
#1792=ORIENTED_EDGE('',*,*,#3051,.T.);
#1793=ORIENTED_EDGE('',*,*,#2550,.T.);
#1794=ORIENTED_EDGE('',*,*,#3052,.F.);
#1795=ORIENTED_EDGE('',*,*,#3053,.F.);
#1796=ORIENTED_EDGE('',*,*,#2495,.T.);
#1797=ORIENTED_EDGE('',*,*,#2549,.F.);
#1798=ORIENTED_EDGE('',*,*,#3054,.F.);
#1799=ORIENTED_EDGE('',*,*,#3055,.T.);
#1800=ORIENTED_EDGE('',*,*,#3052,.T.);
#1801=ORIENTED_EDGE('',*,*,#2548,.F.);
#1802=ORIENTED_EDGE('',*,*,#2484,.F.);
#1803=ORIENTED_EDGE('',*,*,#3056,.T.);
#1804=ORIENTED_EDGE('',*,*,#3054,.T.);
#1805=ORIENTED_EDGE('',*,*,#2483,.F.);
#1806=ORIENTED_EDGE('',*,*,#3057,.T.);
#1807=ORIENTED_EDGE('',*,*,#3058,.T.);
#1808=ORIENTED_EDGE('',*,*,#3059,.T.);
#1809=ORIENTED_EDGE('',*,*,#2496,.T.);
#1810=ORIENTED_EDGE('',*,*,#3053,.T.);
#1811=ORIENTED_EDGE('',*,*,#3055,.F.);
#1812=ORIENTED_EDGE('',*,*,#3056,.F.);
#1813=ORIENTED_EDGE('',*,*,#2466,.F.);
#1814=ORIENTED_EDGE('',*,*,#3060,.T.);
#1815=ORIENTED_EDGE('',*,*,#2509,.T.);
#1816=ORIENTED_EDGE('',*,*,#3061,.T.);
#1817=ORIENTED_EDGE('',*,*,#2468,.T.);
#1818=ORIENTED_EDGE('',*,*,#3062,.F.);
#1819=ORIENTED_EDGE('',*,*,#2507,.F.);
#1820=ORIENTED_EDGE('',*,*,#2475,.T.);
#1821=ORIENTED_EDGE('',*,*,#2467,.F.);
#1822=ORIENTED_EDGE('',*,*,#3061,.F.);
#1823=ORIENTED_EDGE('',*,*,#2508,.T.);
#1824=ORIENTED_EDGE('',*,*,#3062,.T.);
#1825=ORIENTED_EDGE('',*,*,#3063,.T.);
#1826=ORIENTED_EDGE('',*,*,#3064,.T.);
#1827=ORIENTED_EDGE('',*,*,#2456,.F.);
#1828=ORIENTED_EDGE('',*,*,#3065,.T.);
#1829=ORIENTED_EDGE('',*,*,#2454,.T.);
#1830=ORIENTED_EDGE('',*,*,#3066,.T.);
#1831=ORIENTED_EDGE('',*,*,#3063,.F.);
#1832=ORIENTED_EDGE('',*,*,#3067,.T.);
#1833=ORIENTED_EDGE('',*,*,#3068,.T.);
#1834=ORIENTED_EDGE('',*,*,#3069,.T.);
#1835=ORIENTED_EDGE('',*,*,#2375,.F.);
#1836=ORIENTED_EDGE('',*,*,#3070,.T.);
#1837=ORIENTED_EDGE('',*,*,#2458,.T.);
#1838=ORIENTED_EDGE('',*,*,#3071,.T.);
#1839=ORIENTED_EDGE('',*,*,#3068,.F.);
#1840=ORIENTED_EDGE('',*,*,#3072,.T.);
#1841=ORIENTED_EDGE('',*,*,#3073,.F.);
#1842=ORIENTED_EDGE('',*,*,#3074,.T.);
#1843=ORIENTED_EDGE('',*,*,#3075,.F.);
#1844=ORIENTED_EDGE('',*,*,#3076,.F.);
#1845=ORIENTED_EDGE('',*,*,#2461,.T.);
#1846=ORIENTED_EDGE('',*,*,#2383,.F.);
#1847=ORIENTED_EDGE('',*,*,#3077,.T.);
#1848=ORIENTED_EDGE('',*,*,#2452,.F.);
#1849=ORIENTED_EDGE('',*,*,#3078,.T.);
#1850=ORIENTED_EDGE('',*,*,#3079,.T.);
#1851=ORIENTED_EDGE('',*,*,#3080,.T.);
#1852=ORIENTED_EDGE('',*,*,#3073,.T.);
#1853=ORIENTED_EDGE('',*,*,#2460,.F.);
#1854=ORIENTED_EDGE('',*,*,#3081,.T.);
#1855=ORIENTED_EDGE('',*,*,#2403,.T.);
#1856=ORIENTED_EDGE('',*,*,#3082,.T.);
#1857=ORIENTED_EDGE('',*,*,#3083,.T.);
#1858=ORIENTED_EDGE('',*,*,#3083,.F.);
#1859=ORIENTED_EDGE('',*,*,#3084,.T.);
#1860=ORIENTED_EDGE('',*,*,#3085,.T.);
#1861=ORIENTED_EDGE('',*,*,#3086,.F.);
#1862=ORIENTED_EDGE('',*,*,#2441,.F.);
#1863=ORIENTED_EDGE('',*,*,#3087,.T.);
#1864=ORIENTED_EDGE('',*,*,#3088,.T.);
#1865=ORIENTED_EDGE('',*,*,#3089,.F.);
#1866=ORIENTED_EDGE('',*,*,#2442,.F.);
#1867=ORIENTED_EDGE('',*,*,#3086,.T.);
#1868=ORIENTED_EDGE('',*,*,#3090,.T.);
#1869=ORIENTED_EDGE('',*,*,#3091,.F.);
#1870=ORIENTED_EDGE('',*,*,#2443,.F.);
#1871=ORIENTED_EDGE('',*,*,#3089,.T.);
#1872=ORIENTED_EDGE('',*,*,#3092,.F.);
#1873=ORIENTED_EDGE('',*,*,#3093,.F.);
#1874=ORIENTED_EDGE('',*,*,#2437,.T.);
#1875=ORIENTED_EDGE('',*,*,#3094,.T.);
#1876=ORIENTED_EDGE('',*,*,#3095,.T.);
#1877=ORIENTED_EDGE('',*,*,#3096,.F.);
#1878=ORIENTED_EDGE('',*,*,#2438,.F.);
#1879=ORIENTED_EDGE('',*,*,#3093,.T.);
#1880=ORIENTED_EDGE('',*,*,#3097,.F.);
#1881=ORIENTED_EDGE('',*,*,#3098,.F.);
#1882=ORIENTED_EDGE('',*,*,#2439,.T.);
#1883=ORIENTED_EDGE('',*,*,#3096,.T.);
#1884=ORIENTED_EDGE('',*,*,#3099,.F.);
#1885=ORIENTED_EDGE('',*,*,#3100,.F.);
#1886=ORIENTED_EDGE('',*,*,#2433,.T.);
#1887=ORIENTED_EDGE('',*,*,#3101,.T.);
#1888=ORIENTED_EDGE('',*,*,#3102,.T.);
#1889=ORIENTED_EDGE('',*,*,#3103,.F.);
#1890=ORIENTED_EDGE('',*,*,#2434,.F.);
#1891=ORIENTED_EDGE('',*,*,#3100,.T.);
#1892=ORIENTED_EDGE('',*,*,#3104,.F.);
#1893=ORIENTED_EDGE('',*,*,#3105,.F.);
#1894=ORIENTED_EDGE('',*,*,#2435,.T.);
#1895=ORIENTED_EDGE('',*,*,#3103,.T.);
#1896=ORIENTED_EDGE('',*,*,#3106,.F.);
#1897=ORIENTED_EDGE('',*,*,#3107,.F.);
#1898=ORIENTED_EDGE('',*,*,#2429,.T.);
#1899=ORIENTED_EDGE('',*,*,#3108,.T.);
#1900=ORIENTED_EDGE('',*,*,#3109,.T.);
#1901=ORIENTED_EDGE('',*,*,#3110,.F.);
#1902=ORIENTED_EDGE('',*,*,#2430,.F.);
#1903=ORIENTED_EDGE('',*,*,#3107,.T.);
#1904=ORIENTED_EDGE('',*,*,#3111,.F.);
#1905=ORIENTED_EDGE('',*,*,#3112,.F.);
#1906=ORIENTED_EDGE('',*,*,#2431,.T.);
#1907=ORIENTED_EDGE('',*,*,#3110,.T.);
#1908=ORIENTED_EDGE('',*,*,#3113,.F.);
#1909=ORIENTED_EDGE('',*,*,#3114,.F.);
#1910=ORIENTED_EDGE('',*,*,#2425,.T.);
#1911=ORIENTED_EDGE('',*,*,#3115,.T.);
#1912=ORIENTED_EDGE('',*,*,#3116,.F.);
#1913=ORIENTED_EDGE('',*,*,#3117,.F.);
#1914=ORIENTED_EDGE('',*,*,#2426,.T.);
#1915=ORIENTED_EDGE('',*,*,#3114,.T.);
#1916=ORIENTED_EDGE('',*,*,#3118,.F.);
#1917=ORIENTED_EDGE('',*,*,#3119,.F.);
#1918=ORIENTED_EDGE('',*,*,#2427,.T.);
#1919=ORIENTED_EDGE('',*,*,#3117,.T.);
#1920=ORIENTED_EDGE('',*,*,#3120,.T.);
#1921=ORIENTED_EDGE('',*,*,#3121,.F.);
#1922=ORIENTED_EDGE('',*,*,#2421,.F.);
#1923=ORIENTED_EDGE('',*,*,#3122,.T.);
#1924=ORIENTED_EDGE('',*,*,#3123,.F.);
#1925=ORIENTED_EDGE('',*,*,#3124,.F.);
#1926=ORIENTED_EDGE('',*,*,#2422,.T.);
#1927=ORIENTED_EDGE('',*,*,#3121,.T.);
#1928=ORIENTED_EDGE('',*,*,#3125,.F.);
#1929=ORIENTED_EDGE('',*,*,#3126,.F.);
#1930=ORIENTED_EDGE('',*,*,#2423,.T.);
#1931=ORIENTED_EDGE('',*,*,#3124,.T.);
#1932=ORIENTED_EDGE('',*,*,#3082,.F.);
#1933=ORIENTED_EDGE('',*,*,#3127,.T.);
#1934=ORIENTED_EDGE('',*,*,#2384,.T.);
#1935=ORIENTED_EDGE('',*,*,#3084,.F.);
#1936=ORIENTED_EDGE('',*,*,#3128,.F.);
#1937=ORIENTED_EDGE('',*,*,#3094,.F.);
#1938=ORIENTED_EDGE('',*,*,#2440,.T.);
#1939=ORIENTED_EDGE('',*,*,#3098,.T.);
#1940=ORIENTED_EDGE('',*,*,#3129,.F.);
#1941=ORIENTED_EDGE('',*,*,#3101,.F.);
#1942=ORIENTED_EDGE('',*,*,#2436,.T.);
#1943=ORIENTED_EDGE('',*,*,#3105,.T.);
#1944=ORIENTED_EDGE('',*,*,#3130,.F.);
#1945=ORIENTED_EDGE('',*,*,#3108,.F.);
#1946=ORIENTED_EDGE('',*,*,#2432,.T.);
#1947=ORIENTED_EDGE('',*,*,#3112,.T.);
#1948=ORIENTED_EDGE('',*,*,#3131,.F.);
#1949=ORIENTED_EDGE('',*,*,#3115,.F.);
#1950=ORIENTED_EDGE('',*,*,#2428,.T.);
#1951=ORIENTED_EDGE('',*,*,#3119,.T.);
#1952=ORIENTED_EDGE('',*,*,#3132,.F.);
#1953=ORIENTED_EDGE('',*,*,#3122,.F.);
#1954=ORIENTED_EDGE('',*,*,#2424,.T.);
#1955=ORIENTED_EDGE('',*,*,#3126,.T.);
#1956=ORIENTED_EDGE('',*,*,#3133,.T.);
#1957=ORIENTED_EDGE('',*,*,#3087,.F.);
#1958=ORIENTED_EDGE('',*,*,#2444,.F.);
#1959=ORIENTED_EDGE('',*,*,#3091,.T.);
#1960=ORIENTED_EDGE('',*,*,#3085,.F.);
#1961=ORIENTED_EDGE('',*,*,#3133,.F.);
#1962=ORIENTED_EDGE('',*,*,#3090,.F.);
#1963=ORIENTED_EDGE('',*,*,#3088,.F.);
#1964=ORIENTED_EDGE('',*,*,#3125,.T.);
#1965=ORIENTED_EDGE('',*,*,#3123,.T.);
#1966=ORIENTED_EDGE('',*,*,#3120,.F.);
#1967=ORIENTED_EDGE('',*,*,#3132,.T.);
#1968=ORIENTED_EDGE('',*,*,#3118,.T.);
#1969=ORIENTED_EDGE('',*,*,#3116,.T.);
#1970=ORIENTED_EDGE('',*,*,#3113,.T.);
#1971=ORIENTED_EDGE('',*,*,#3131,.T.);
#1972=ORIENTED_EDGE('',*,*,#3109,.F.);
#1973=ORIENTED_EDGE('',*,*,#3106,.T.);
#1974=ORIENTED_EDGE('',*,*,#3130,.T.);
#1975=ORIENTED_EDGE('',*,*,#3111,.T.);
#1976=ORIENTED_EDGE('',*,*,#3102,.F.);
#1977=ORIENTED_EDGE('',*,*,#3099,.T.);
#1978=ORIENTED_EDGE('',*,*,#3129,.T.);
#1979=ORIENTED_EDGE('',*,*,#3104,.T.);
#1980=ORIENTED_EDGE('',*,*,#3095,.F.);
#1981=ORIENTED_EDGE('',*,*,#3092,.T.);
#1982=ORIENTED_EDGE('',*,*,#3128,.T.);
#1983=ORIENTED_EDGE('',*,*,#3097,.T.);
#1984=ORIENTED_EDGE('',*,*,#2963,.F.);
#1985=ORIENTED_EDGE('',*,*,#3134,.T.);
#1986=ORIENTED_EDGE('',*,*,#3135,.T.);
#1987=ORIENTED_EDGE('',*,*,#3027,.T.);
#1988=ORIENTED_EDGE('',*,*,#2412,.F.);
#1989=ORIENTED_EDGE('',*,*,#3136,.T.);
#1990=ORIENTED_EDGE('',*,*,#3137,.T.);
#1991=ORIENTED_EDGE('',*,*,#3032,.T.);
#1992=ORIENTED_EDGE('',*,*,#3039,.F.);
#1993=ORIENTED_EDGE('',*,*,#3138,.T.);
#1994=ORIENTED_EDGE('',*,*,#3139,.T.);
#1995=ORIENTED_EDGE('',*,*,#3140,.T.);
#1996=ORIENTED_EDGE('',*,*,#3140,.F.);
#1997=ORIENTED_EDGE('',*,*,#3141,.T.);
#1998=ORIENTED_EDGE('',*,*,#2387,.T.);
#1999=ORIENTED_EDGE('',*,*,#3040,.T.);
#2000=ORIENTED_EDGE('',*,*,#3142,.T.);
#2001=ORIENTED_EDGE('',*,*,#3143,.T.);
#2002=ORIENTED_EDGE('',*,*,#2381,.T.);
#2003=ORIENTED_EDGE('',*,*,#3144,.T.);
#2004=ORIENTED_EDGE('',*,*,#3076,.T.);
#2005=ORIENTED_EDGE('',*,*,#3145,.F.);
#2006=ORIENTED_EDGE('',*,*,#3146,.F.);
#2007=ORIENTED_EDGE('',*,*,#2462,.T.);
#2008=ORIENTED_EDGE('',*,*,#3075,.T.);
#2009=ORIENTED_EDGE('',*,*,#3147,.F.);
#2010=ORIENTED_EDGE('',*,*,#3148,.F.);
#2011=ORIENTED_EDGE('',*,*,#3145,.T.);
#2012=ORIENTED_EDGE('',*,*,#3074,.F.);
#2013=ORIENTED_EDGE('',*,*,#3080,.F.);
#2014=ORIENTED_EDGE('',*,*,#3149,.T.);
#2015=ORIENTED_EDGE('',*,*,#3147,.T.);
#2016=ORIENTED_EDGE('',*,*,#3150,.T.);
#2017=ORIENTED_EDGE('',*,*,#3151,.T.);
#2018=ORIENTED_EDGE('',*,*,#2463,.T.);
#2019=ORIENTED_EDGE('',*,*,#3146,.T.);
#2020=ORIENTED_EDGE('',*,*,#3148,.T.);
#2021=ORIENTED_EDGE('',*,*,#3149,.F.);
#2022=ORIENTED_EDGE('',*,*,#3079,.F.);
#2023=ORIENTED_EDGE('',*,*,#3152,.T.);
#2024=ORIENTED_EDGE('',*,*,#2399,.F.);
#2025=ORIENTED_EDGE('',*,*,#3153,.T.);
#2026=ORIENTED_EDGE('',*,*,#2448,.T.);
#2027=ORIENTED_EDGE('',*,*,#3154,.F.);
#2028=ORIENTED_EDGE('',*,*,#2451,.T.);
#2029=ORIENTED_EDGE('',*,*,#3155,.F.);
#2030=ORIENTED_EDGE('',*,*,#2400,.F.);
#2031=ORIENTED_EDGE('',*,*,#3154,.T.);
#2032=ORIENTED_EDGE('',*,*,#2450,.F.);
#2033=ORIENTED_EDGE('',*,*,#2360,.F.);
#2034=ORIENTED_EDGE('',*,*,#2401,.T.);
#2035=ORIENTED_EDGE('',*,*,#3155,.T.);
#2036=ORIENTED_EDGE('',*,*,#3078,.F.);
#2037=ORIENTED_EDGE('',*,*,#2455,.F.);
#2038=ORIENTED_EDGE('',*,*,#3156,.F.);
#2039=ORIENTED_EDGE('',*,*,#3152,.F.);
#2040=ORIENTED_EDGE('',*,*,#3156,.T.);
#2041=ORIENTED_EDGE('',*,*,#3067,.F.);
#2042=ORIENTED_EDGE('',*,*,#3157,.F.);
#2043=ORIENTED_EDGE('',*,*,#3150,.F.);
#2044=ORIENTED_EDGE('',*,*,#3157,.T.);
#2045=ORIENTED_EDGE('',*,*,#3065,.F.);
#2046=ORIENTED_EDGE('',*,*,#2464,.F.);
#2047=ORIENTED_EDGE('',*,*,#3151,.F.);
#2048=ORIENTED_EDGE('',*,*,#2380,.F.);
#2049=ORIENTED_EDGE('',*,*,#2393,.F.);
#2050=ORIENTED_EDGE('',*,*,#3158,.F.);
#2051=ORIENTED_EDGE('',*,*,#3070,.F.);
#2052=ORIENTED_EDGE('',*,*,#3158,.T.);
#2053=ORIENTED_EDGE('',*,*,#2405,.F.);
#2054=ORIENTED_EDGE('',*,*,#3159,.F.);
#2055=ORIENTED_EDGE('',*,*,#3072,.F.);
#2056=ORIENTED_EDGE('',*,*,#3159,.T.);
#2057=ORIENTED_EDGE('',*,*,#2404,.F.);
#2058=ORIENTED_EDGE('',*,*,#3081,.F.);
#2059=ORIENTED_EDGE('',*,*,#2459,.F.);
#2060=ORIENTED_EDGE('',*,*,#2497,.F.);
#2061=ORIENTED_EDGE('',*,*,#3059,.F.);
#2062=ORIENTED_EDGE('',*,*,#3160,.F.);
#2063=ORIENTED_EDGE('',*,*,#2971,.F.);
#2064=ORIENTED_EDGE('',*,*,#3160,.T.);
#2065=ORIENTED_EDGE('',*,*,#3058,.F.);
#2066=ORIENTED_EDGE('',*,*,#3161,.F.);
#2067=ORIENTED_EDGE('',*,*,#2973,.F.);
#2068=ORIENTED_EDGE('',*,*,#3161,.T.);
#2069=ORIENTED_EDGE('',*,*,#3057,.F.);
#2070=ORIENTED_EDGE('',*,*,#2482,.F.);
#2071=ORIENTED_EDGE('',*,*,#2953,.F.);
#2072=ORIENTED_EDGE('',*,*,#2493,.F.);
#2073=ORIENTED_EDGE('',*,*,#2505,.F.);
#2074=ORIENTED_EDGE('',*,*,#3162,.F.);
#2075=ORIENTED_EDGE('',*,*,#2487,.F.);
#2076=ORIENTED_EDGE('',*,*,#3162,.T.);
#2077=ORIENTED_EDGE('',*,*,#2504,.F.);
#2078=ORIENTED_EDGE('',*,*,#3163,.F.);
#2079=ORIENTED_EDGE('',*,*,#2956,.F.);
#2080=ORIENTED_EDGE('',*,*,#3023,.F.);
#2081=ORIENTED_EDGE('',*,*,#2473,.F.);
#2082=ORIENTED_EDGE('',*,*,#3164,.F.);
#2083=ORIENTED_EDGE('',*,*,#2502,.F.);
#2084=ORIENTED_EDGE('',*,*,#3163,.T.);
#2085=ORIENTED_EDGE('',*,*,#2503,.F.);
#2086=ORIENTED_EDGE('',*,*,#3164,.T.);
#2087=ORIENTED_EDGE('',*,*,#2958,.F.);
#2088=ORIENTED_EDGE('',*,*,#3153,.F.);
#2089=ORIENTED_EDGE('',*,*,#2398,.T.);
#2090=ORIENTED_EDGE('',*,*,#2358,.F.);
#2091=ORIENTED_EDGE('',*,*,#2449,.F.);
#2092=ORIENTED_EDGE('',*,*,#3022,.F.);
#2093=ORIENTED_EDGE('',*,*,#2407,.F.);
#2094=ORIENTED_EDGE('',*,*,#3042,.F.);
#2095=ORIENTED_EDGE('',*,*,#2395,.F.);
#2096=ORIENTED_EDGE('',*,*,#3026,.F.);
#2097=ORIENTED_EDGE('',*,*,#2392,.T.);
#2098=ORIENTED_EDGE('',*,*,#3043,.F.);
#2099=ORIENTED_EDGE('',*,*,#2409,.F.);
#2100=ORIENTED_EDGE('',*,*,#3025,.F.);
#2101=ORIENTED_EDGE('',*,*,#2512,.T.);
#2102=ORIENTED_EDGE('',*,*,#2366,.F.);
#2103=ORIENTED_EDGE('',*,*,#2390,.F.);
#2104=ORIENTED_EDGE('',*,*,#3024,.F.);
#2105=ORIENTED_EDGE('',*,*,#2500,.T.);
#2106=ORIENTED_EDGE('',*,*,#2368,.F.);
#2107=ORIENTED_EDGE('',*,*,#2511,.F.);
#2108=ORIENTED_EDGE('',*,*,#3060,.F.);
#2109=ORIENTED_EDGE('',*,*,#2465,.T.);
#2110=ORIENTED_EDGE('',*,*,#2478,.F.);
#2111=ORIENTED_EDGE('',*,*,#2498,.F.);
#2112=ORIENTED_EDGE('',*,*,#2517,.F.);
#2113=ORIENTED_EDGE('',*,*,#3051,.F.);
#2114=ORIENTED_EDGE('',*,*,#3165,.F.);
#2115=ORIENTED_EDGE('',*,*,#3048,.F.);
#2116=ORIENTED_EDGE('',*,*,#3050,.F.);
#2117=ORIENTED_EDGE('',*,*,#3166,.T.);
#2118=ORIENTED_EDGE('',*,*,#3045,.F.);
#2119=ORIENTED_EDGE('',*,*,#3165,.T.);
#2120=ORIENTED_EDGE('',*,*,#2388,.F.);
#2121=ORIENTED_EDGE('',*,*,#3141,.F.);
#2122=ORIENTED_EDGE('',*,*,#3167,.F.);
#2123=ORIENTED_EDGE('',*,*,#3144,.F.);
#2124=ORIENTED_EDGE('',*,*,#3139,.F.);
#2125=ORIENTED_EDGE('',*,*,#3168,.T.);
#2126=ORIENTED_EDGE('',*,*,#3142,.F.);
#2127=ORIENTED_EDGE('',*,*,#3167,.T.);
#2128=ORIENTED_EDGE('',*,*,#3137,.F.);
#2129=ORIENTED_EDGE('',*,*,#3169,.T.);
#2130=ORIENTED_EDGE('',*,*,#3037,.F.);
#2131=ORIENTED_EDGE('',*,*,#3170,.F.);
#2132=ORIENTED_EDGE('',*,*,#2364,.F.);
#2133=ORIENTED_EDGE('',*,*,#3171,.T.);
#2134=ORIENTED_EDGE('',*,*,#3035,.F.);
#2135=ORIENTED_EDGE('',*,*,#3172,.F.);
#2136=ORIENTED_EDGE('',*,*,#2391,.F.);
#2137=ORIENTED_EDGE('',*,*,#2365,.F.);
#2138=ORIENTED_EDGE('',*,*,#3172,.T.);
#2139=ORIENTED_EDGE('',*,*,#3033,.F.);
#2140=ORIENTED_EDGE('',*,*,#3170,.T.);
#2141=ORIENTED_EDGE('',*,*,#3044,.F.);
#2142=ORIENTED_EDGE('',*,*,#2416,.F.);
#2143=ORIENTED_EDGE('',*,*,#3173,.T.);
#2144=ORIENTED_EDGE('',*,*,#3030,.F.);
#2145=ORIENTED_EDGE('',*,*,#3174,.F.);
#2146=ORIENTED_EDGE('',*,*,#3174,.T.);
#2147=ORIENTED_EDGE('',*,*,#3028,.F.);
#2148=ORIENTED_EDGE('',*,*,#3175,.F.);
#2149=ORIENTED_EDGE('',*,*,#2417,.F.);
#2150=ORIENTED_EDGE('',*,*,#3135,.F.);
#2151=ORIENTED_EDGE('',*,*,#3176,.T.);
#2152=ORIENTED_EDGE('',*,*,#2410,.F.);
#2153=ORIENTED_EDGE('',*,*,#3175,.T.);
#2154=ORIENTED_EDGE('',*,*,#3041,.F.);
#2155=ORIENTED_EDGE('',*,*,#2385,.F.);
#2156=ORIENTED_EDGE('',*,*,#3177,.F.);
#2157=ORIENTED_EDGE('',*,*,#2445,.F.);
#2158=ORIENTED_EDGE('',*,*,#2419,.F.);
#2159=ORIENTED_EDGE('',*,*,#2446,.F.);
#2160=ORIENTED_EDGE('',*,*,#3177,.T.);
#2161=ORIENTED_EDGE('',*,*,#3127,.F.);
#2162=ORIENTED_EDGE('',*,*,#2402,.F.);
#2163=ORIENTED_EDGE('',*,*,#2359,.F.);
#2164=ORIENTED_EDGE('',*,*,#2506,.T.);
#2165=ORIENTED_EDGE('',*,*,#2355,.F.);
#2166=ORIENTED_EDGE('',*,*,#3178,.F.);
#2167=ORIENTED_EDGE('',*,*,#2544,.F.);
#2168=ORIENTED_EDGE('',*,*,#2513,.F.);
#2169=ORIENTED_EDGE('',*,*,#2476,.F.);
#2170=ORIENTED_EDGE('',*,*,#3178,.T.);
#2171=ORIENTED_EDGE('',*,*,#2519,.F.);
#2172=ORIENTED_EDGE('',*,*,#2372,.F.);
#2173=ORIENTED_EDGE('',*,*,#2545,.F.);
#2174=ORIENTED_EDGE('',*,*,#2967,.T.);
#2175=ORIENTED_EDGE('',*,*,#3179,.T.);
#2176=ORIENTED_EDGE('',*,*,#2697,.F.);
#2177=ORIENTED_EDGE('',*,*,#3180,.F.);
#2178=ORIENTED_EDGE('',*,*,#2699,.T.);
#2179=ORIENTED_EDGE('',*,*,#3181,.T.);
#2180=ORIENTED_EDGE('',*,*,#2961,.F.);
#2181=ORIENTED_EDGE('',*,*,#3182,.T.);
#2182=ORIENTED_EDGE('',*,*,#2700,.T.);
#2183=ORIENTED_EDGE('',*,*,#3182,.F.);
#2184=ORIENTED_EDGE('',*,*,#2968,.F.);
#2185=ORIENTED_EDGE('',*,*,#3180,.T.);
#2186=ORIENTED_EDGE('',*,*,#3183,.F.);
#2187=ORIENTED_EDGE('',*,*,#2960,.T.);
#2188=ORIENTED_EDGE('',*,*,#3183,.T.);
#2189=ORIENTED_EDGE('',*,*,#3184,.F.);
#2190=ORIENTED_EDGE('',*,*,#2959,.T.);
#2191=ORIENTED_EDGE('',*,*,#3184,.T.);
#2192=ORIENTED_EDGE('',*,*,#3185,.F.);
#2193=ORIENTED_EDGE('',*,*,#2936,.F.);
#2194=ORIENTED_EDGE('',*,*,#3186,.F.);
#2195=ORIENTED_EDGE('',*,*,#2957,.F.);
#2196=ORIENTED_EDGE('',*,*,#3186,.T.);
#2197=ORIENTED_EDGE('',*,*,#2935,.F.);
#2198=ORIENTED_EDGE('',*,*,#3187,.F.);
#2199=ORIENTED_EDGE('',*,*,#2955,.F.);
#2200=ORIENTED_EDGE('',*,*,#3185,.T.);
#2201=ORIENTED_EDGE('',*,*,#2471,.F.);
#2202=ORIENTED_EDGE('',*,*,#3188,.F.);
#2203=ORIENTED_EDGE('',*,*,#2937,.F.);
#2204=ORIENTED_EDGE('',*,*,#3187,.T.);
#2205=ORIENTED_EDGE('',*,*,#2934,.F.);
#2206=ORIENTED_EDGE('',*,*,#3189,.F.);
#2207=ORIENTED_EDGE('',*,*,#2480,.F.);
#2208=ORIENTED_EDGE('',*,*,#3188,.T.);
#2209=ORIENTED_EDGE('',*,*,#2546,.F.);
#2210=ORIENTED_EDGE('',*,*,#3190,.F.);
#2211=ORIENTED_EDGE('',*,*,#2938,.F.);
#2212=ORIENTED_EDGE('',*,*,#3189,.T.);
#2213=ORIENTED_EDGE('',*,*,#2933,.F.);
#2214=ORIENTED_EDGE('',*,*,#3191,.F.);
#2215=ORIENTED_EDGE('',*,*,#2951,.F.);
#2216=ORIENTED_EDGE('',*,*,#3190,.T.);
#2217=ORIENTED_EDGE('',*,*,#2376,.F.);
#2218=ORIENTED_EDGE('',*,*,#3192,.F.);
#2219=ORIENTED_EDGE('',*,*,#2939,.F.);
#2220=ORIENTED_EDGE('',*,*,#3191,.T.);
#2221=ORIENTED_EDGE('',*,*,#2932,.F.);
#2222=ORIENTED_EDGE('',*,*,#3193,.F.);
#2223=ORIENTED_EDGE('',*,*,#2972,.F.);
#2224=ORIENTED_EDGE('',*,*,#3192,.T.);
#2225=ORIENTED_EDGE('',*,*,#3069,.F.);
#2226=ORIENTED_EDGE('',*,*,#3194,.F.);
#2227=ORIENTED_EDGE('',*,*,#2940,.F.);
#2228=ORIENTED_EDGE('',*,*,#3193,.T.);
#2229=ORIENTED_EDGE('',*,*,#2931,.F.);
#2230=ORIENTED_EDGE('',*,*,#3195,.F.);
#2231=ORIENTED_EDGE('',*,*,#2970,.F.);
#2232=ORIENTED_EDGE('',*,*,#3194,.T.);
#2233=ORIENTED_EDGE('',*,*,#3071,.F.);
#2234=ORIENTED_EDGE('',*,*,#3196,.F.);
#2235=ORIENTED_EDGE('',*,*,#2941,.F.);
#2236=ORIENTED_EDGE('',*,*,#3195,.T.);
#2237=ORIENTED_EDGE('',*,*,#2930,.F.);
#2238=ORIENTED_EDGE('',*,*,#3197,.F.);
#2239=ORIENTED_EDGE('',*,*,#2489,.F.);
#2240=ORIENTED_EDGE('',*,*,#3196,.T.);
#2241=ORIENTED_EDGE('',*,*,#2457,.F.);
#2242=ORIENTED_EDGE('',*,*,#3198,.F.);
#2243=ORIENTED_EDGE('',*,*,#2942,.F.);
#2244=ORIENTED_EDGE('',*,*,#3197,.T.);
#2245=ORIENTED_EDGE('',*,*,#2929,.F.);
#2246=ORIENTED_EDGE('',*,*,#3199,.F.);
#2247=ORIENTED_EDGE('',*,*,#2515,.F.);
#2248=ORIENTED_EDGE('',*,*,#3198,.T.);
#2249=ORIENTED_EDGE('',*,*,#3064,.F.);
#2250=ORIENTED_EDGE('',*,*,#3200,.F.);
#2251=ORIENTED_EDGE('',*,*,#2943,.F.);
#2252=ORIENTED_EDGE('',*,*,#3199,.T.);
#2253=ORIENTED_EDGE('',*,*,#2928,.F.);
#2254=ORIENTED_EDGE('',*,*,#3201,.F.);
#2255=ORIENTED_EDGE('',*,*,#3049,.F.);
#2256=ORIENTED_EDGE('',*,*,#3200,.T.);
#2257=ORIENTED_EDGE('',*,*,#3066,.F.);
#2258=ORIENTED_EDGE('',*,*,#3202,.F.);
#2259=ORIENTED_EDGE('',*,*,#2944,.F.);
#2260=ORIENTED_EDGE('',*,*,#3166,.F.);
#2261=ORIENTED_EDGE('',*,*,#3201,.T.);
#2262=ORIENTED_EDGE('',*,*,#3203,.F.);
#2263=ORIENTED_EDGE('',*,*,#3202,.T.);
#2264=ORIENTED_EDGE('',*,*,#2453,.F.);
#2265=ORIENTED_EDGE('',*,*,#3204,.F.);
#2266=ORIENTED_EDGE('',*,*,#2945,.F.);
#2267=ORIENTED_EDGE('',*,*,#3203,.T.);
#2268=ORIENTED_EDGE('',*,*,#2927,.F.);
#2269=ORIENTED_EDGE('',*,*,#3205,.F.);
#2270=ORIENTED_EDGE('',*,*,#3046,.F.);
#2271=ORIENTED_EDGE('',*,*,#3204,.T.);
#2272=ORIENTED_EDGE('',*,*,#3077,.F.);
#2273=ORIENTED_EDGE('',*,*,#3206,.F.);
#2274=ORIENTED_EDGE('',*,*,#2946,.F.);
#2275=ORIENTED_EDGE('',*,*,#3205,.T.);
#2276=ORIENTED_EDGE('',*,*,#2926,.F.);
#2277=ORIENTED_EDGE('',*,*,#3207,.F.);
#2278=ORIENTED_EDGE('',*,*,#2363,.F.);
#2279=ORIENTED_EDGE('',*,*,#3206,.T.);
#2280=ORIENTED_EDGE('',*,*,#2382,.F.);
#2281=ORIENTED_EDGE('',*,*,#3208,.F.);
#2282=ORIENTED_EDGE('',*,*,#2947,.F.);
#2283=ORIENTED_EDGE('',*,*,#3171,.F.);
#2284=ORIENTED_EDGE('',*,*,#3207,.T.);
#2285=ORIENTED_EDGE('',*,*,#3209,.F.);
#2286=ORIENTED_EDGE('',*,*,#3208,.T.);
#2287=ORIENTED_EDGE('',*,*,#3143,.F.);
#2288=ORIENTED_EDGE('',*,*,#3210,.F.);
#2289=ORIENTED_EDGE('',*,*,#2948,.F.);
#2290=ORIENTED_EDGE('',*,*,#3209,.T.);
#2291=ORIENTED_EDGE('',*,*,#2925,.F.);
#2292=ORIENTED_EDGE('',*,*,#3211,.F.);
#2293=ORIENTED_EDGE('',*,*,#3036,.F.);
#2294=ORIENTED_EDGE('',*,*,#3210,.T.);
#2295=ORIENTED_EDGE('',*,*,#3168,.F.);
#2296=ORIENTED_EDGE('',*,*,#3212,.F.);
#2297=ORIENTED_EDGE('',*,*,#3211,.T.);
#2298=ORIENTED_EDGE('',*,*,#2924,.F.);
#2299=ORIENTED_EDGE('',*,*,#3213,.F.);
#2300=ORIENTED_EDGE('',*,*,#2415,.F.);
#2301=ORIENTED_EDGE('',*,*,#3212,.T.);
#2302=ORIENTED_EDGE('',*,*,#3138,.F.);
#2303=ORIENTED_EDGE('',*,*,#3214,.F.);
#2304=ORIENTED_EDGE('',*,*,#2949,.F.);
#2305=ORIENTED_EDGE('',*,*,#3173,.F.);
#2306=ORIENTED_EDGE('',*,*,#3213,.T.);
#2307=ORIENTED_EDGE('',*,*,#3215,.F.);
#2308=ORIENTED_EDGE('',*,*,#3214,.T.);
#2309=ORIENTED_EDGE('',*,*,#3038,.F.);
#2310=ORIENTED_EDGE('',*,*,#3216,.F.);
#2311=ORIENTED_EDGE('',*,*,#2950,.F.);
#2312=ORIENTED_EDGE('',*,*,#3215,.T.);
#2313=ORIENTED_EDGE('',*,*,#2923,.F.);
#2314=ORIENTED_EDGE('',*,*,#3217,.F.);
#2315=ORIENTED_EDGE('',*,*,#3031,.F.);
#2316=ORIENTED_EDGE('',*,*,#3216,.T.);
#2317=ORIENTED_EDGE('',*,*,#3169,.F.);
#2318=ORIENTED_EDGE('',*,*,#3218,.F.);
#2319=ORIENTED_EDGE('',*,*,#3217,.T.);
#2320=ORIENTED_EDGE('',*,*,#2922,.F.);
#2321=ORIENTED_EDGE('',*,*,#3219,.F.);
#2322=ORIENTED_EDGE('',*,*,#2966,.F.);
#2323=ORIENTED_EDGE('',*,*,#3218,.T.);
#2324=ORIENTED_EDGE('',*,*,#3136,.F.);
#2325=ORIENTED_EDGE('',*,*,#3220,.F.);
#2326=ORIENTED_EDGE('',*,*,#2915,.F.);
#2327=ORIENTED_EDGE('',*,*,#3219,.T.);
#2328=ORIENTED_EDGE('',*,*,#2921,.F.);
#2329=ORIENTED_EDGE('',*,*,#3221,.F.);
#2330=ORIENTED_EDGE('',*,*,#3179,.F.);
#2331=ORIENTED_EDGE('',*,*,#3220,.T.);
#2332=ORIENTED_EDGE('',*,*,#2411,.F.);
#2333=ORIENTED_EDGE('',*,*,#3222,.F.);
#2334=ORIENTED_EDGE('',*,*,#2916,.F.);
#2335=ORIENTED_EDGE('',*,*,#3221,.T.);
#2336=ORIENTED_EDGE('',*,*,#2920,.F.);
#2337=ORIENTED_EDGE('',*,*,#3223,.F.);
#2338=ORIENTED_EDGE('',*,*,#2698,.F.);
#2339=ORIENTED_EDGE('',*,*,#3222,.T.);
#2340=ORIENTED_EDGE('',*,*,#3176,.F.);
#2341=ORIENTED_EDGE('',*,*,#3224,.F.);
#2342=ORIENTED_EDGE('',*,*,#3223,.T.);
#2343=ORIENTED_EDGE('',*,*,#2919,.F.);
#2344=ORIENTED_EDGE('',*,*,#3225,.F.);
#2345=ORIENTED_EDGE('',*,*,#3181,.F.);
#2346=ORIENTED_EDGE('',*,*,#3224,.T.);
#2347=ORIENTED_EDGE('',*,*,#3134,.F.);
#2348=ORIENTED_EDGE('',*,*,#3226,.F.);
#2349=ORIENTED_EDGE('',*,*,#2917,.F.);
#2350=ORIENTED_EDGE('',*,*,#3225,.T.);
#2351=ORIENTED_EDGE('',*,*,#2918,.F.);
#2352=ORIENTED_EDGE('',*,*,#3226,.T.);
#2353=ORIENTED_EDGE('',*,*,#2962,.F.);
#2354=EDGE_CURVE('',#3227,#3228,#3784,.T.);
#2355=EDGE_CURVE('',#3227,#3229,#321,.F.);
#2356=EDGE_CURVE('',#3229,#3230,#3785,.T.);
#2357=EDGE_CURVE('',#3230,#3228,#322,.T.);
#2358=EDGE_CURVE('',#3231,#3232,#266,.T.);
#2359=EDGE_CURVE('',#3232,#3233,#323,.F.);
#2360=EDGE_CURVE('',#3233,#3234,#3786,.T.);
#2361=EDGE_CURVE('',#3231,#3234,#324,.T.);
#2362=EDGE_CURVE('',#3235,#3236,#3787,.T.);
#2363=EDGE_CURVE('',#3235,#3237,#3788,.T.);
#2364=EDGE_CURVE('',#3237,#3238,#3789,.T.);
#2365=EDGE_CURVE('',#3238,#3239,#3790,.F.);
#2366=EDGE_CURVE('',#3239,#3240,#325,.T.);
#2367=EDGE_CURVE('',#3241,#3240,#3791,.T.);
#2368=EDGE_CURVE('',#3241,#3242,#326,.T.);
#2369=EDGE_CURVE('',#3243,#3242,#3792,.T.);
#2370=EDGE_CURVE('',#3244,#3243,#3793,.T.);
#2371=EDGE_CURVE('',#3245,#3244,#3794,.T.);
#2372=EDGE_CURVE('',#3245,#3246,#327,.T.);
#2373=EDGE_CURVE('',#3247,#3246,#3795,.T.);
#2374=EDGE_CURVE('',#3247,#3236,#3796,.T.);
#2375=EDGE_CURVE('',#3248,#3249,#3797,.T.);
#2376=EDGE_CURVE('',#3249,#3250,#3798,.F.);
#2377=EDGE_CURVE('',#3251,#3250,#3799,.T.);
#2378=EDGE_CURVE('',#3252,#3251,#3800,.T.);
#2379=EDGE_CURVE('',#3252,#3253,#3801,.T.);
#2380=EDGE_CURVE('',#3253,#3248,#328,.F.);
#2381=EDGE_CURVE('',#3254,#3255,#3802,.T.);
#2382=EDGE_CURVE('',#3254,#3256,#3803,.F.);
#2383=EDGE_CURVE('',#3256,#3257,#3804,.T.);
#2384=EDGE_CURVE('',#3258,#3257,#3805,.T.);
#2385=EDGE_CURVE('',#3258,#3259,#3806,.T.);
#2386=EDGE_CURVE('',#3260,#3259,#3807,.T.);
#2387=EDGE_CURVE('',#3261,#3260,#3808,.T.);
#2388=EDGE_CURVE('',#3261,#3255,#329,.T.);
#2389=EDGE_CURVE('',#3262,#3263,#330,.T.);
#2390=EDGE_CURVE('',#3263,#3239,#3809,.T.);
#2391=EDGE_CURVE('',#3239,#3264,#3810,.T.);
#2392=EDGE_CURVE('',#3262,#3264,#3811,.T.);
#2393=EDGE_CURVE('',#3265,#3253,#3812,.T.);
#2394=EDGE_CURVE('',#3266,#3252,#331,.T.);
#2395=EDGE_CURVE('',#3266,#3267,#3813,.T.);
#2396=EDGE_CURVE('',#3268,#3267,#3814,.T.);
#2397=EDGE_CURVE('',#3232,#3268,#3815,.T.);
#2398=EDGE_CURVE('',#3269,#3232,#3816,.T.);
#2399=EDGE_CURVE('',#3269,#3270,#3817,.T.);
#2400=EDGE_CURVE('',#3270,#3271,#332,.T.);
#2401=EDGE_CURVE('',#3233,#3271,#3818,.T.);
#2402=EDGE_CURVE('',#3233,#3272,#333,.T.);
#2403=EDGE_CURVE('',#3273,#3272,#334,.T.);
#2404=EDGE_CURVE('',#3273,#3274,#3819,.F.);
#2405=EDGE_CURVE('',#3274,#3265,#335,.T.);
#2406=EDGE_CURVE('',#3275,#3276,#3820,.T.);
#2407=EDGE_CURVE('',#3275,#3277,#3821,.F.);
#2408=EDGE_CURVE('',#3278,#3277,#336,.T.);
#2409=EDGE_CURVE('',#3278,#3276,#3822,.T.);
#2410=EDGE_CURVE('',#3279,#3280,#3823,.F.);
#2411=EDGE_CURVE('',#3280,#3281,#3824,.F.);
#2412=EDGE_CURVE('',#3281,#3282,#3825,.T.);
#2413=EDGE_CURVE('',#3282,#3283,#3826,.T.);
#2414=EDGE_CURVE('',#3284,#3283,#3827,.T.);
#2415=EDGE_CURVE('',#3284,#3285,#3828,.T.);
#2416=EDGE_CURVE('',#3285,#3286,#3829,.T.);
#2417=EDGE_CURVE('',#3286,#3279,#3830,.F.);
#2418=EDGE_CURVE('',#3287,#3288,#3831,.T.);
#2419=EDGE_CURVE('',#3287,#3232,#267,.T.);
#2420=EDGE_CURVE('',#3288,#3268,#3832,.T.);
#2421=EDGE_CURVE('',#3289,#3290,#3833,.T.);
#2422=EDGE_CURVE('',#3291,#3290,#3834,.T.);
#2423=EDGE_CURVE('',#3292,#3291,#3835,.T.);
#2424=EDGE_CURVE('',#3289,#3292,#3836,.T.);
#2425=EDGE_CURVE('',#3293,#3294,#3837,.T.);
#2426=EDGE_CURVE('',#3295,#3293,#3838,.T.);
#2427=EDGE_CURVE('',#3296,#3295,#3839,.T.);
#2428=EDGE_CURVE('',#3294,#3296,#3840,.T.);
#2429=EDGE_CURVE('',#3297,#3298,#3841,.T.);
#2430=EDGE_CURVE('',#3297,#3299,#337,.T.);
#2431=EDGE_CURVE('',#3300,#3299,#3842,.T.);
#2432=EDGE_CURVE('',#3298,#3300,#3843,.T.);
#2433=EDGE_CURVE('',#3301,#3302,#3844,.T.);
#2434=EDGE_CURVE('',#3301,#3303,#338,.T.);
#2435=EDGE_CURVE('',#3304,#3303,#3845,.T.);
#2436=EDGE_CURVE('',#3302,#3304,#3846,.T.);
#2437=EDGE_CURVE('',#3305,#3306,#3847,.T.);
#2438=EDGE_CURVE('',#3305,#3307,#339,.T.);
#2439=EDGE_CURVE('',#3308,#3307,#3848,.T.);
#2440=EDGE_CURVE('',#3306,#3308,#3849,.T.);
#2441=EDGE_CURVE('',#3309,#3310,#3850,.T.);
#2442=EDGE_CURVE('',#3310,#3311,#3851,.T.);
#2443=EDGE_CURVE('',#3311,#3312,#340,.T.);
#2444=EDGE_CURVE('',#3312,#3309,#3852,.T.);
#2445=EDGE_CURVE('',#3313,#3314,#3853,.F.);
#2446=EDGE_CURVE('',#3314,#3287,#341,.T.);
#2447=EDGE_CURVE('',#3288,#3313,#3854,.T.);
#2448=EDGE_CURVE('',#3315,#3316,#3855,.T.);
#2449=EDGE_CURVE('',#3315,#3231,#3856,.T.);
#2450=EDGE_CURVE('',#3234,#3317,#3857,.T.);
#2451=EDGE_CURVE('',#3316,#3317,#342,.T.);
#2452=EDGE_CURVE('',#3318,#3319,#3858,.F.);
#2453=EDGE_CURVE('',#3319,#3320,#3859,.F.);
#2454=EDGE_CURVE('',#3321,#3320,#3860,.T.);
#2455=EDGE_CURVE('',#3321,#3318,#3861,.T.);
#2456=EDGE_CURVE('',#3322,#3323,#3862,.T.);
#2457=EDGE_CURVE('',#3323,#3324,#3863,.F.);
#2458=EDGE_CURVE('',#3325,#3324,#3864,.T.);
#2459=EDGE_CURVE('',#3325,#3326,#3865,.T.);
#2460=EDGE_CURVE('',#3326,#3327,#3866,.F.);
#2461=EDGE_CURVE('',#3328,#3327,#3867,.T.);
#2462=EDGE_CURVE('',#3329,#3328,#3868,.T.);
#2463=EDGE_CURVE('',#3330,#3329,#3869,.T.);
#2464=EDGE_CURVE('',#3330,#3322,#343,.F.);
#2465=EDGE_CURVE('',#3331,#3332,#3870,.T.);
#2466=EDGE_CURVE('',#3331,#3333,#3871,.T.);
#2467=EDGE_CURVE('',#3333,#3334,#344,.T.);
#2468=EDGE_CURVE('',#3335,#3334,#3872,.T.);
#2469=EDGE_CURVE('',#3332,#3335,#345,.T.);
#2470=EDGE_CURVE('',#3336,#3337,#3873,.T.);
#2471=EDGE_CURVE('',#3337,#3338,#3874,.T.);
#2472=EDGE_CURVE('',#3339,#3338,#3875,.T.);
#2473=EDGE_CURVE('',#3339,#3340,#3876,.F.);
#2474=EDGE_CURVE('',#3340,#3336,#3877,.T.);
#2475=EDGE_CURVE('',#3341,#3335,#3878,.T.);
#2476=EDGE_CURVE('',#3341,#3342,#346,.F.);
#2477=EDGE_CURVE('',#3343,#3342,#347,.T.);
#2478=EDGE_CURVE('',#3343,#3332,#268,.T.);
#2479=EDGE_CURVE('',#3344,#3345,#3879,.T.);
#2480=EDGE_CURVE('',#3345,#3346,#3880,.T.);
#2481=EDGE_CURVE('',#3347,#3346,#3881,.T.);
#2482=EDGE_CURVE('',#3347,#3348,#348,.T.);
#2483=EDGE_CURVE('',#3348,#3349,#3882,.T.);
#2484=EDGE_CURVE('',#3349,#3350,#3883,.T.);
#2485=EDGE_CURVE('',#3350,#3351,#3884,.T.);
#2486=EDGE_CURVE('',#3351,#3352,#3885,.T.);
#2487=EDGE_CURVE('',#3352,#3344,#3886,.F.);
#2488=EDGE_CURVE('',#3353,#3354,#3887,.T.);
#2489=EDGE_CURVE('',#3353,#3355,#349,.F.);
#2490=EDGE_CURVE('',#3355,#3228,#3888,.T.);
#2491=EDGE_CURVE('',#3230,#3228,#350,.T.);
#2492=EDGE_CURVE('',#3356,#3229,#351,.T.);
#2493=EDGE_CURVE('',#3356,#3352,#269,.T.);
#2494=EDGE_CURVE('',#3357,#3351,#352,.T.);
#2495=EDGE_CURVE('',#3358,#3357,#3889,.T.);
#2496=EDGE_CURVE('',#3359,#3358,#353,.F.);
#2497=EDGE_CURVE('',#3359,#3354,#270,.T.);
#2498=EDGE_CURVE('',#3360,#3343,#3890,.T.);
#2499=EDGE_CURVE('',#3342,#3243,#3891,.T.);
#2500=EDGE_CURVE('',#3361,#3242,#3892,.T.);
#2501=EDGE_CURVE('',#3361,#3362,#354,.T.);
#2502=EDGE_CURVE('',#3362,#3363,#3893,.T.);
#2503=EDGE_CURVE('',#3363,#3364,#3894,.F.);
#2504=EDGE_CURVE('',#3364,#3365,#355,.T.);
#2505=EDGE_CURVE('',#3365,#3356,#3895,.T.);
#2506=EDGE_CURVE('',#3341,#3229,#356,.T.);
#2507=EDGE_CURVE('',#3341,#3366,#3896,.T.);
#2508=EDGE_CURVE('',#3367,#3366,#357,.T.);
#2509=EDGE_CURVE('',#3360,#3367,#3897,.T.);
#2510=EDGE_CURVE('',#3368,#3369,#358,.T.);
#2511=EDGE_CURVE('',#3369,#3241,#3898,.T.);
#2512=EDGE_CURVE('',#3368,#3240,#3899,.T.);
#2513=EDGE_CURVE('',#3342,#3370,#271,.T.);
#2514=EDGE_CURVE('',#3370,#3244,#3900,.T.);
#2515=EDGE_CURVE('',#3355,#3371,#3901,.T.);
#2516=EDGE_CURVE('',#3371,#3372,#3902,.T.);
#2517=EDGE_CURVE('',#3372,#3373,#359,.F.);
#2518=EDGE_CURVE('',#3247,#3373,#3903,.T.);
#2519=EDGE_CURVE('',#3246,#3227,#3904,.F.);
#2520=EDGE_CURVE('',#3374,#3375,#3905,.T.);
#2521=EDGE_CURVE('',#3374,#3376,#3906,.T.);
#2522=EDGE_CURVE('',#3376,#3377,#3907,.T.);
#2523=EDGE_CURVE('',#3377,#3375,#3908,.T.);
#2524=EDGE_CURVE('',#3378,#3379,#3909,.T.);
#2525=EDGE_CURVE('',#3379,#3380,#3910,.T.);
#2526=EDGE_CURVE('',#3380,#3381,#3911,.T.);
#2527=EDGE_CURVE('',#3381,#3378,#3912,.T.);
#2528=EDGE_CURVE('',#3382,#3383,#3913,.T.);
#2529=EDGE_CURVE('',#3383,#3384,#3914,.T.);
#2530=EDGE_CURVE('',#3384,#3385,#3915,.T.);
#2531=EDGE_CURVE('',#3382,#3385,#360,.T.);
#2532=EDGE_CURVE('',#3386,#3387,#3916,.T.);
#2533=EDGE_CURVE('',#3387,#3388,#3917,.T.);
#2534=EDGE_CURVE('',#3388,#3389,#3918,.T.);
#2535=EDGE_CURVE('',#3386,#3389,#361,.T.);
#2536=EDGE_CURVE('',#3390,#3391,#3919,.T.);
#2537=EDGE_CURVE('',#3391,#3392,#3920,.T.);
#2538=EDGE_CURVE('',#3392,#3393,#3921,.T.);
#2539=EDGE_CURVE('',#3390,#3393,#362,.T.);
#2540=EDGE_CURVE('',#3394,#3395,#3922,.T.);
#2541=EDGE_CURVE('',#3396,#3394,#3923,.T.);
#2542=EDGE_CURVE('',#3397,#3396,#363,.T.);
#2543=EDGE_CURVE('',#3395,#3397,#3924,.T.);
#2544=EDGE_CURVE('',#3370,#3398,#364,.T.);
#2545=EDGE_CURVE('',#3398,#3245,#3925,.T.);
#2546=EDGE_CURVE('',#3250,#3337,#365,.F.);
#2547=EDGE_CURVE('',#3336,#3251,#366,.T.);
#2548=EDGE_CURVE('',#3350,#3399,#3926,.T.);
#2549=EDGE_CURVE('',#3399,#3400,#367,.T.);
#2550=EDGE_CURVE('',#3357,#3400,#3927,.T.);
#2551=EDGE_CURVE('',#3401,#3402,#368,.T.);
#2552=EDGE_CURVE('',#3402,#3403,#3928,.F.);
#2553=EDGE_CURVE('',#3403,#3404,#369,.T.);
#2554=EDGE_CURVE('',#3401,#3404,#3929,.F.);
#2555=EDGE_CURVE('',#3405,#3406,#370,.T.);
#2556=EDGE_CURVE('',#3406,#3407,#3930,.F.);
#2557=EDGE_CURVE('',#3407,#3408,#371,.T.);
#2558=EDGE_CURVE('',#3405,#3408,#3931,.F.);
#2559=EDGE_CURVE('',#3409,#3410,#372,.T.);
#2560=EDGE_CURVE('',#3411,#3410,#3932,.F.);
#2561=EDGE_CURVE('',#3411,#3412,#373,.T.);
#2562=EDGE_CURVE('',#3412,#3409,#3933,.F.);
#2563=EDGE_CURVE('',#3403,#3413,#374,.T.);
#2564=EDGE_CURVE('',#3413,#3414,#375,.F.);
#2565=EDGE_CURVE('',#3404,#3414,#376,.F.);
#2566=EDGE_CURVE('',#3415,#3416,#377,.F.);
#2567=EDGE_CURVE('',#3417,#3416,#378,.F.);
#2568=EDGE_CURVE('',#3418,#3417,#379,.T.);
#2569=EDGE_CURVE('',#3418,#3415,#380,.T.);
#2570=EDGE_CURVE('',#3419,#3420,#381,.F.);
#2571=EDGE_CURVE('',#3410,#3420,#382,.F.);
#2572=EDGE_CURVE('',#3409,#3419,#383,.T.);
#2573=EDGE_CURVE('',#3421,#3422,#384,.T.);
#2574=EDGE_CURVE('',#3422,#3423,#3934,.F.);
#2575=EDGE_CURVE('',#3423,#3424,#385,.T.);
#2576=EDGE_CURVE('',#3421,#3424,#3935,.F.);
#2577=EDGE_CURVE('',#3425,#3426,#386,.T.);
#2578=EDGE_CURVE('',#3426,#3427,#3936,.F.);
#2579=EDGE_CURVE('',#3427,#3428,#387,.T.);
#2580=EDGE_CURVE('',#3425,#3428,#3937,.F.);
#2581=EDGE_CURVE('',#3429,#3430,#388,.T.);
#2582=EDGE_CURVE('',#3431,#3430,#3938,.F.);
#2583=EDGE_CURVE('',#3431,#3432,#389,.T.);
#2584=EDGE_CURVE('',#3432,#3429,#3939,.F.);
#2585=EDGE_CURVE('',#3423,#3433,#390,.T.);
#2586=EDGE_CURVE('',#3433,#3434,#391,.F.);
#2587=EDGE_CURVE('',#3424,#3434,#392,.F.);
#2588=EDGE_CURVE('',#3435,#3436,#393,.F.);
#2589=EDGE_CURVE('',#3437,#3436,#394,.F.);
#2590=EDGE_CURVE('',#3438,#3437,#395,.T.);
#2591=EDGE_CURVE('',#3438,#3435,#396,.T.);
#2592=EDGE_CURVE('',#3439,#3440,#397,.F.);
#2593=EDGE_CURVE('',#3430,#3440,#398,.F.);
#2594=EDGE_CURVE('',#3429,#3439,#399,.T.);
#2595=EDGE_CURVE('',#3441,#3442,#3940,.F.);
#2596=EDGE_CURVE('',#3441,#3443,#400,.T.);
#2597=EDGE_CURVE('',#3443,#3444,#3941,.F.);
#2598=EDGE_CURVE('',#3444,#3442,#401,.T.);
#2599=EDGE_CURVE('',#3445,#3446,#402,.T.);
#2600=EDGE_CURVE('',#3446,#3447,#3942,.F.);
#2601=EDGE_CURVE('',#3447,#3448,#403,.T.);
#2602=EDGE_CURVE('',#3445,#3448,#3943,.F.);
#2603=EDGE_CURVE('',#3449,#3450,#404,.T.);
#2604=EDGE_CURVE('',#3450,#3451,#3944,.F.);
#2605=EDGE_CURVE('',#3451,#3452,#405,.T.);
#2606=EDGE_CURVE('',#3449,#3452,#3945,.F.);
#2607=EDGE_CURVE('',#3453,#3454,#406,.T.);
#2608=EDGE_CURVE('',#3453,#3455,#407,.T.);
#2609=EDGE_CURVE('',#3455,#3456,#408,.F.);
#2610=EDGE_CURVE('',#3454,#3456,#409,.F.);
#2611=EDGE_CURVE('',#3457,#3458,#410,.F.);
#2612=EDGE_CURVE('',#3442,#3458,#411,.F.);
#2613=EDGE_CURVE('',#3444,#3457,#412,.T.);
#2614=EDGE_CURVE('',#3459,#3460,#413,.F.);
#2615=EDGE_CURVE('',#3452,#3460,#414,.F.);
#2616=EDGE_CURVE('',#3451,#3459,#415,.T.);
#2617=EDGE_CURVE('',#3461,#3462,#3946,.F.);
#2618=EDGE_CURVE('',#3461,#3463,#416,.T.);
#2619=EDGE_CURVE('',#3463,#3464,#3947,.F.);
#2620=EDGE_CURVE('',#3464,#3462,#417,.T.);
#2621=EDGE_CURVE('',#3465,#3466,#418,.T.);
#2622=EDGE_CURVE('',#3466,#3467,#3948,.F.);
#2623=EDGE_CURVE('',#3467,#3468,#419,.T.);
#2624=EDGE_CURVE('',#3465,#3468,#3949,.F.);
#2625=EDGE_CURVE('',#3469,#3470,#420,.T.);
#2626=EDGE_CURVE('',#3470,#3471,#3950,.F.);
#2627=EDGE_CURVE('',#3471,#3472,#421,.T.);
#2628=EDGE_CURVE('',#3469,#3472,#3951,.F.);
#2629=EDGE_CURVE('',#3461,#3458,#272,.T.);
#2630=EDGE_CURVE('',#3463,#3457,#273,.T.);
#2631=EDGE_CURVE('',#3466,#3473,#274,.T.);
#2632=EDGE_CURVE('',#3465,#3474,#275,.T.);
#2633=EDGE_CURVE('',#3473,#3474,#422,.F.);
#2634=EDGE_CURVE('',#3470,#3459,#276,.T.);
#2635=EDGE_CURVE('',#3469,#3460,#277,.T.);
#2636=EDGE_CURVE('',#3441,#3436,#278,.T.);
#2637=EDGE_CURVE('',#3443,#3435,#279,.T.);
#2638=EDGE_CURVE('',#3446,#3475,#280,.T.);
#2639=EDGE_CURVE('',#3445,#3476,#281,.T.);
#2640=EDGE_CURVE('',#3475,#3476,#423,.F.);
#2641=EDGE_CURVE('',#3450,#3439,#282,.T.);
#2642=EDGE_CURVE('',#3449,#3440,#283,.T.);
#2643=EDGE_CURVE('',#3422,#3413,#284,.T.);
#2644=EDGE_CURVE('',#3421,#3414,#285,.T.);
#2645=EDGE_CURVE('',#3477,#3416,#286,.T.);
#2646=EDGE_CURVE('',#3478,#3415,#287,.T.);
#2647=EDGE_CURVE('',#3477,#3478,#424,.T.);
#2648=EDGE_CURVE('',#3431,#3420,#288,.T.);
#2649=EDGE_CURVE('',#3432,#3419,#289,.T.);
#2650=EDGE_CURVE('',#3402,#3479,#290,.T.);
#2651=EDGE_CURVE('',#3401,#3480,#291,.T.);
#2652=EDGE_CURVE('',#3479,#3480,#425,.F.);
#2653=EDGE_CURVE('',#3411,#3481,#292,.T.);
#2654=EDGE_CURVE('',#3482,#3481,#426,.F.);
#2655=EDGE_CURVE('',#3412,#3482,#293,.T.);
#2656=EDGE_CURVE('',#3406,#3483,#294,.T.);
#2657=EDGE_CURVE('',#3405,#3484,#295,.T.);
#2658=EDGE_CURVE('',#3483,#3484,#427,.F.);
#2659=EDGE_CURVE('',#3485,#3486,#296,.T.);
#2660=EDGE_CURVE('',#3487,#3486,#428,.F.);
#2661=EDGE_CURVE('',#3488,#3487,#297,.T.);
#2662=EDGE_CURVE('',#3485,#3488,#429,.T.);
#2663=EDGE_CURVE('',#3489,#3489,#430,.T.);
#2664=EDGE_CURVE('',#3486,#3483,#431,.F.);
#2665=EDGE_CURVE('',#3484,#3482,#432,.F.);
#2666=EDGE_CURVE('',#3481,#3479,#433,.F.);
#2667=EDGE_CURVE('',#3480,#3487,#434,.F.);
#2668=EDGE_CURVE('',#3485,#3417,#3952,.F.);
#2669=EDGE_CURVE('',#3488,#3418,#3953,.F.);
#2670=EDGE_CURVE('',#3407,#3490,#435,.T.);
#2671=EDGE_CURVE('',#3490,#3491,#436,.F.);
#2672=EDGE_CURVE('',#3408,#3491,#437,.F.);
#2673=EDGE_CURVE('',#3477,#3437,#3954,.F.);
#2674=EDGE_CURVE('',#3478,#3438,#3955,.F.);
#2675=EDGE_CURVE('',#3427,#3475,#438,.T.);
#2676=EDGE_CURVE('',#3428,#3476,#439,.F.);
#2677=EDGE_CURVE('',#3492,#3493,#440,.T.);
#2678=EDGE_CURVE('',#3493,#3453,#3956,.F.);
#2679=EDGE_CURVE('',#3492,#3454,#3957,.F.);
#2680=EDGE_CURVE('',#3447,#3473,#441,.T.);
#2681=EDGE_CURVE('',#3448,#3474,#442,.F.);
#2682=EDGE_CURVE('',#3494,#3495,#443,.T.);
#2683=EDGE_CURVE('',#3495,#3496,#3958,.F.);
#2684=EDGE_CURVE('',#3496,#3497,#444,.T.);
#2685=EDGE_CURVE('',#3494,#3497,#3959,.F.);
#2686=EDGE_CURVE('',#3498,#3498,#445,.F.);
#2687=EDGE_CURVE('',#3467,#3462,#446,.T.);
#2688=EDGE_CURVE('',#3464,#3497,#447,.T.);
#2689=EDGE_CURVE('',#3496,#3472,#448,.T.);
#2690=EDGE_CURVE('',#3471,#3468,#449,.T.);
#2691=EDGE_CURVE('',#3495,#3455,#298,.T.);
#2692=EDGE_CURVE('',#3494,#3456,#299,.T.);
#2693=EDGE_CURVE('',#3493,#3433,#300,.T.);
#2694=EDGE_CURVE('',#3492,#3434,#301,.T.);
#2695=EDGE_CURVE('',#3426,#3490,#302,.T.);
#2696=EDGE_CURVE('',#3425,#3491,#303,.T.);
#2697=EDGE_CURVE('',#3499,#3500,#3960,.F.);
#2698=EDGE_CURVE('',#3500,#3501,#450,.T.);
#2699=EDGE_CURVE('',#3502,#3501,#3961,.F.);
#2700=EDGE_CURVE('',#3499,#3502,#451,.F.);
#2701=EDGE_CURVE('',#3503,#3503,#452,.T.);
#2702=EDGE_CURVE('',#3504,#3504,#453,.T.);
#2703=EDGE_CURVE('',#3505,#3505,#454,.T.);
#2704=EDGE_CURVE('',#3506,#3506,#455,.F.);
#2705=EDGE_CURVE('',#3507,#3507,#456,.T.);
#2706=EDGE_CURVE('',#3251,#3336,#457,.T.);
#2707=EDGE_CURVE('',#3508,#3480,#3962,.T.);
#2708=EDGE_CURVE('',#3509,#3487,#3963,.T.);
#2709=EDGE_CURVE('',#3510,#3509,#458,.T.);
#2710=EDGE_CURVE('',#3511,#3510,#3964,.T.);
#2711=EDGE_CURVE('',#3512,#3511,#459,.T.);
#2712=EDGE_CURVE('',#3513,#3512,#3965,.T.);
#2713=EDGE_CURVE('',#3514,#3513,#460,.T.);
#2714=EDGE_CURVE('',#3515,#3514,#3966,.T.);
#2715=EDGE_CURVE('',#3516,#3515,#461,.T.);
#2716=EDGE_CURVE('',#3517,#3516,#3967,.T.);
#2717=EDGE_CURVE('',#3518,#3517,#462,.T.);
#2718=EDGE_CURVE('',#3518,#3519,#3968,.T.);
#2719=EDGE_CURVE('',#3519,#3520,#463,.T.);
#2720=EDGE_CURVE('',#3520,#3521,#3969,.T.);
#2721=EDGE_CURVE('',#3521,#3522,#464,.T.);
#2722=EDGE_CURVE('',#3522,#3523,#3970,.T.);
#2723=EDGE_CURVE('',#3523,#3524,#465,.T.);
#2724=EDGE_CURVE('',#3524,#3525,#3971,.T.);
#2725=EDGE_CURVE('',#3525,#3508,#466,.T.);
#2726=EDGE_CURVE('',#3516,#3526,#3972,.T.);
#2727=EDGE_CURVE('',#3527,#3526,#3973,.T.);
#2728=EDGE_CURVE('',#3517,#3527,#3974,.T.);
#2729=EDGE_CURVE('',#3528,#3508,#467,.F.);
#2730=EDGE_CURVE('',#3529,#3528,#3975,.T.);
#2731=EDGE_CURVE('',#3530,#3529,#468,.F.);
#2732=EDGE_CURVE('',#3531,#3530,#3976,.T.);
#2733=EDGE_CURVE('',#3532,#3531,#469,.F.);
#2734=EDGE_CURVE('',#3533,#3532,#3977,.T.);
#2735=EDGE_CURVE('',#3534,#3533,#470,.F.);
#2736=EDGE_CURVE('',#3535,#3534,#3978,.T.);
#2737=EDGE_CURVE('',#3535,#3527,#471,.F.);
#2738=EDGE_CURVE('',#3526,#3536,#472,.F.);
#2739=EDGE_CURVE('',#3536,#3537,#3979,.T.);
#2740=EDGE_CURVE('',#3537,#3538,#473,.F.);
#2741=EDGE_CURVE('',#3538,#3539,#3980,.T.);
#2742=EDGE_CURVE('',#3539,#3540,#474,.F.);
#2743=EDGE_CURVE('',#3540,#3541,#3981,.T.);
#2744=EDGE_CURVE('',#3541,#3509,#475,.F.);
#2745=EDGE_CURVE('',#3518,#3535,#3982,.T.);
#2746=EDGE_CURVE('',#3514,#3537,#3983,.T.);
#2747=EDGE_CURVE('',#3515,#3536,#3984,.T.);
#2748=EDGE_CURVE('',#3512,#3539,#3985,.T.);
#2749=EDGE_CURVE('',#3513,#3538,#3986,.T.);
#2750=EDGE_CURVE('',#3541,#3510,#3987,.T.);
#2751=EDGE_CURVE('',#3540,#3511,#3988,.T.);
#2752=EDGE_CURVE('',#3519,#3534,#3989,.T.);
#2753=EDGE_CURVE('',#3521,#3532,#3990,.T.);
#2754=EDGE_CURVE('',#3520,#3533,#3991,.T.);
#2755=EDGE_CURVE('',#3523,#3530,#3992,.T.);
#2756=EDGE_CURVE('',#3522,#3531,#3993,.T.);
#2757=EDGE_CURVE('',#3528,#3525,#3994,.T.);
#2758=EDGE_CURVE('',#3529,#3524,#3995,.T.);
#2759=EDGE_CURVE('',#3542,#3543,#476,.F.);
#2760=EDGE_CURVE('',#3544,#3543,#477,.T.);
#2761=EDGE_CURVE('',#3542,#3544,#3996,.T.);
#2762=EDGE_CURVE('',#3545,#3542,#3997,.T.);
#2763=EDGE_CURVE('',#3546,#3544,#3998,.T.);
#2764=EDGE_CURVE('',#3545,#3546,#3999,.T.);
#2765=EDGE_CURVE('',#3547,#3548,#4000,.T.);
#2766=EDGE_CURVE('',#3548,#3545,#478,.F.);
#2767=EDGE_CURVE('',#3547,#3546,#479,.T.);
#2768=EDGE_CURVE('',#3549,#3547,#4001,.T.);
#2769=EDGE_CURVE('',#3549,#3550,#4002,.T.);
#2770=EDGE_CURVE('',#3550,#3548,#4003,.T.);
#2771=EDGE_CURVE('',#3551,#3552,#4004,.T.);
#2772=EDGE_CURVE('',#3552,#3550,#480,.F.);
#2773=EDGE_CURVE('',#3551,#3549,#481,.T.);
#2774=EDGE_CURVE('',#3553,#3551,#4005,.T.);
#2775=EDGE_CURVE('',#3553,#3554,#4006,.T.);
#2776=EDGE_CURVE('',#3554,#3552,#4007,.T.);
#2777=EDGE_CURVE('',#3555,#3553,#482,.T.);
#2778=EDGE_CURVE('',#3555,#3556,#4008,.T.);
#2779=EDGE_CURVE('',#3556,#3554,#483,.F.);
#2780=EDGE_CURVE('',#3557,#3555,#4009,.T.);
#2781=EDGE_CURVE('',#3557,#3558,#4010,.T.);
#2782=EDGE_CURVE('',#3558,#3556,#4011,.T.);
#2783=EDGE_CURVE('',#3558,#3559,#484,.F.);
#2784=EDGE_CURVE('',#3557,#3560,#485,.T.);
#2785=EDGE_CURVE('',#3560,#3559,#4012,.T.);
#2786=EDGE_CURVE('',#3560,#3561,#4013,.T.);
#2787=EDGE_CURVE('',#3561,#3562,#4014,.T.);
#2788=EDGE_CURVE('',#3559,#3562,#4015,.T.);
#2789=EDGE_CURVE('',#3561,#3563,#486,.T.);
#2790=EDGE_CURVE('',#3563,#3564,#4016,.T.);
#2791=EDGE_CURVE('',#3562,#3564,#487,.F.);
#2792=EDGE_CURVE('',#3563,#3565,#4017,.T.);
#2793=EDGE_CURVE('',#3565,#3566,#4018,.T.);
#2794=EDGE_CURVE('',#3564,#3566,#4019,.T.);
#2795=EDGE_CURVE('',#3565,#3567,#488,.T.);
#2796=EDGE_CURVE('',#3567,#3568,#4020,.T.);
#2797=EDGE_CURVE('',#3566,#3568,#489,.F.);
#2798=EDGE_CURVE('',#3567,#3569,#4021,.T.);
#2799=EDGE_CURVE('',#3569,#3570,#4022,.T.);
#2800=EDGE_CURVE('',#3568,#3570,#4023,.T.);
#2801=EDGE_CURVE('',#3569,#3571,#490,.T.);
#2802=EDGE_CURVE('',#3572,#3571,#4024,.T.);
#2803=EDGE_CURVE('',#3570,#3572,#491,.F.);
#2804=EDGE_CURVE('',#3573,#3574,#4025,.T.);
#2805=EDGE_CURVE('',#3572,#3573,#4026,.T.);
#2806=EDGE_CURVE('',#3571,#3574,#4027,.T.);
#2807=EDGE_CURVE('',#3573,#3575,#492,.F.);
#2808=EDGE_CURVE('',#3574,#3575,#493,.T.);
#2809=EDGE_CURVE('',#3543,#3484,#4028,.T.);
#2810=EDGE_CURVE('',#3575,#3482,#4029,.T.);
#2811=EDGE_CURVE('',#3576,#3577,#494,.F.);
#2812=EDGE_CURVE('',#3578,#3577,#495,.T.);
#2813=EDGE_CURVE('',#3576,#3578,#4030,.T.);
#2814=EDGE_CURVE('',#3579,#3576,#4031,.T.);
#2815=EDGE_CURVE('',#3580,#3578,#4032,.T.);
#2816=EDGE_CURVE('',#3579,#3580,#4033,.T.);
#2817=EDGE_CURVE('',#3581,#3582,#4034,.T.);
#2818=EDGE_CURVE('',#3582,#3579,#496,.F.);
#2819=EDGE_CURVE('',#3581,#3580,#497,.T.);
#2820=EDGE_CURVE('',#3583,#3581,#4035,.T.);
#2821=EDGE_CURVE('',#3583,#3584,#4036,.T.);
#2822=EDGE_CURVE('',#3584,#3582,#4037,.T.);
#2823=EDGE_CURVE('',#3585,#3586,#4038,.T.);
#2824=EDGE_CURVE('',#3586,#3584,#498,.F.);
#2825=EDGE_CURVE('',#3585,#3583,#499,.T.);
#2826=EDGE_CURVE('',#3587,#3585,#4039,.T.);
#2827=EDGE_CURVE('',#3587,#3588,#4040,.T.);
#2828=EDGE_CURVE('',#3588,#3586,#4041,.T.);
#2829=EDGE_CURVE('',#3589,#3587,#500,.T.);
#2830=EDGE_CURVE('',#3589,#3590,#4042,.T.);
#2831=EDGE_CURVE('',#3590,#3588,#501,.F.);
#2832=EDGE_CURVE('',#3591,#3589,#4043,.T.);
#2833=EDGE_CURVE('',#3591,#3592,#4044,.T.);
#2834=EDGE_CURVE('',#3592,#3590,#4045,.T.);
#2835=EDGE_CURVE('',#3592,#3593,#502,.F.);
#2836=EDGE_CURVE('',#3591,#3594,#503,.T.);
#2837=EDGE_CURVE('',#3594,#3593,#4046,.T.);
#2838=EDGE_CURVE('',#3594,#3595,#4047,.T.);
#2839=EDGE_CURVE('',#3595,#3596,#4048,.T.);
#2840=EDGE_CURVE('',#3593,#3596,#4049,.T.);
#2841=EDGE_CURVE('',#3595,#3597,#504,.T.);
#2842=EDGE_CURVE('',#3597,#3598,#4050,.T.);
#2843=EDGE_CURVE('',#3596,#3598,#505,.F.);
#2844=EDGE_CURVE('',#3597,#3599,#4051,.T.);
#2845=EDGE_CURVE('',#3599,#3600,#4052,.T.);
#2846=EDGE_CURVE('',#3598,#3600,#4053,.T.);
#2847=EDGE_CURVE('',#3599,#3601,#506,.T.);
#2848=EDGE_CURVE('',#3601,#3602,#4054,.T.);
#2849=EDGE_CURVE('',#3600,#3602,#507,.F.);
#2850=EDGE_CURVE('',#3601,#3603,#4055,.T.);
#2851=EDGE_CURVE('',#3603,#3604,#4056,.T.);
#2852=EDGE_CURVE('',#3602,#3604,#4057,.T.);
#2853=EDGE_CURVE('',#3603,#3605,#508,.T.);
#2854=EDGE_CURVE('',#3606,#3605,#4058,.T.);
#2855=EDGE_CURVE('',#3604,#3606,#509,.F.);
#2856=EDGE_CURVE('',#3607,#3608,#4059,.T.);
#2857=EDGE_CURVE('',#3606,#3607,#4060,.T.);
#2858=EDGE_CURVE('',#3605,#3608,#4061,.T.);
#2859=EDGE_CURVE('',#3607,#3609,#510,.F.);
#2860=EDGE_CURVE('',#3608,#3609,#511,.T.);
#2861=EDGE_CURVE('',#3577,#3486,#4062,.T.);
#2862=EDGE_CURVE('',#3609,#3483,#4063,.T.);
#2863=EDGE_CURVE('',#3610,#3481,#4064,.T.);
#2864=EDGE_CURVE('',#3611,#3479,#4065,.T.);
#2865=EDGE_CURVE('',#3612,#3611,#512,.T.);
#2866=EDGE_CURVE('',#3613,#3612,#4066,.T.);
#2867=EDGE_CURVE('',#3614,#3613,#513,.T.);
#2868=EDGE_CURVE('',#3615,#3614,#4067,.T.);
#2869=EDGE_CURVE('',#3616,#3615,#514,.T.);
#2870=EDGE_CURVE('',#3617,#3616,#4068,.T.);
#2871=EDGE_CURVE('',#3618,#3617,#515,.T.);
#2872=EDGE_CURVE('',#3619,#3618,#4069,.T.);
#2873=EDGE_CURVE('',#3620,#3619,#516,.T.);
#2874=EDGE_CURVE('',#3620,#3621,#4070,.T.);
#2875=EDGE_CURVE('',#3621,#3622,#517,.T.);
#2876=EDGE_CURVE('',#3622,#3623,#4071,.T.);
#2877=EDGE_CURVE('',#3623,#3624,#518,.T.);
#2878=EDGE_CURVE('',#3624,#3625,#4072,.T.);
#2879=EDGE_CURVE('',#3625,#3626,#519,.T.);
#2880=EDGE_CURVE('',#3626,#3627,#4073,.T.);
#2881=EDGE_CURVE('',#3627,#3610,#520,.T.);
#2882=EDGE_CURVE('',#3618,#3628,#4074,.T.);
#2883=EDGE_CURVE('',#3629,#3628,#4075,.T.);
#2884=EDGE_CURVE('',#3619,#3629,#4076,.T.);
#2885=EDGE_CURVE('',#3630,#3610,#521,.F.);
#2886=EDGE_CURVE('',#3631,#3630,#4077,.T.);
#2887=EDGE_CURVE('',#3632,#3631,#522,.F.);
#2888=EDGE_CURVE('',#3633,#3632,#4078,.T.);
#2889=EDGE_CURVE('',#3634,#3633,#523,.F.);
#2890=EDGE_CURVE('',#3635,#3634,#4079,.T.);
#2891=EDGE_CURVE('',#3636,#3635,#524,.F.);
#2892=EDGE_CURVE('',#3637,#3636,#4080,.T.);
#2893=EDGE_CURVE('',#3637,#3629,#525,.F.);
#2894=EDGE_CURVE('',#3628,#3638,#526,.F.);
#2895=EDGE_CURVE('',#3638,#3639,#4081,.T.);
#2896=EDGE_CURVE('',#3639,#3640,#527,.F.);
#2897=EDGE_CURVE('',#3640,#3641,#4082,.T.);
#2898=EDGE_CURVE('',#3641,#3642,#528,.F.);
#2899=EDGE_CURVE('',#3642,#3643,#4083,.T.);
#2900=EDGE_CURVE('',#3643,#3611,#529,.F.);
#2901=EDGE_CURVE('',#3620,#3637,#4084,.T.);
#2902=EDGE_CURVE('',#3616,#3639,#4085,.T.);
#2903=EDGE_CURVE('',#3617,#3638,#4086,.T.);
#2904=EDGE_CURVE('',#3614,#3641,#4087,.T.);
#2905=EDGE_CURVE('',#3615,#3640,#4088,.T.);
#2906=EDGE_CURVE('',#3643,#3612,#4089,.T.);
#2907=EDGE_CURVE('',#3642,#3613,#4090,.T.);
#2908=EDGE_CURVE('',#3621,#3636,#4091,.T.);
#2909=EDGE_CURVE('',#3623,#3634,#4092,.T.);
#2910=EDGE_CURVE('',#3622,#3635,#4093,.T.);
#2911=EDGE_CURVE('',#3625,#3632,#4094,.T.);
#2912=EDGE_CURVE('',#3624,#3633,#4095,.T.);
#2913=EDGE_CURVE('',#3630,#3627,#4096,.T.);
#2914=EDGE_CURVE('',#3631,#3626,#4097,.T.);
#2915=EDGE_CURVE('',#3644,#3645,#4098,.T.);
#2916=EDGE_CURVE('',#3645,#3646,#4099,.T.);
#2917=EDGE_CURVE('',#3646,#3647,#4100,.T.);
#2918=EDGE_CURVE('',#3647,#3648,#4101,.F.);
#2919=EDGE_CURVE('',#3648,#3649,#4102,.T.);
#2920=EDGE_CURVE('',#3649,#3650,#530,.F.);
#2921=EDGE_CURVE('',#3650,#3651,#4103,.F.);
#2922=EDGE_CURVE('',#3651,#3652,#4104,.F.);
#2923=EDGE_CURVE('',#3652,#3653,#4105,.F.);
#2924=EDGE_CURVE('',#3653,#3654,#4106,.F.);
#2925=EDGE_CURVE('',#3654,#3655,#4107,.F.);
#2926=EDGE_CURVE('',#3655,#3656,#4108,.F.);
#2927=EDGE_CURVE('',#3656,#3657,#4109,.F.);
#2928=EDGE_CURVE('',#3657,#3658,#4110,.F.);
#2929=EDGE_CURVE('',#3658,#3659,#4111,.F.);
#2930=EDGE_CURVE('',#3659,#3660,#531,.T.);
#2931=EDGE_CURVE('',#3660,#3661,#4112,.F.);
#2932=EDGE_CURVE('',#3661,#3662,#532,.T.);
#2933=EDGE_CURVE('',#3662,#3663,#4113,.T.);
#2934=EDGE_CURVE('',#3663,#3664,#4114,.F.);
#2935=EDGE_CURVE('',#3664,#3665,#533,.T.);
#2936=EDGE_CURVE('',#3665,#3666,#4115,.T.);
#2937=EDGE_CURVE('',#3666,#3667,#4116,.F.);
#2938=EDGE_CURVE('',#3667,#3668,#534,.T.);
#2939=EDGE_CURVE('',#3668,#3669,#4117,.T.);
#2940=EDGE_CURVE('',#3669,#3670,#4118,.F.);
#2941=EDGE_CURVE('',#3670,#3671,#535,.T.);
#2942=EDGE_CURVE('',#3671,#3672,#4119,.T.);
#2943=EDGE_CURVE('',#3672,#3673,#4120,.F.);
#2944=EDGE_CURVE('',#3673,#3674,#536,.T.);
#2945=EDGE_CURVE('',#3674,#3675,#4121,.T.);
#2946=EDGE_CURVE('',#3675,#3676,#537,.T.);
#2947=EDGE_CURVE('',#3676,#3677,#4122,.T.);
#2948=EDGE_CURVE('',#3677,#3678,#4123,.T.);
#2949=EDGE_CURVE('',#3678,#3679,#4124,.T.);
#2950=EDGE_CURVE('',#3679,#3644,#4125,.T.);
#2951=EDGE_CURVE('',#3346,#3680,#4126,.F.);
#2952=EDGE_CURVE('',#3681,#3680,#4127,.T.);
#2953=EDGE_CURVE('',#3681,#3347,#4128,.T.);
#2954=EDGE_CURVE('',#3682,#3683,#4129,.T.);
#2955=EDGE_CURVE('',#3683,#3345,#538,.F.);
#2956=EDGE_CURVE('',#3344,#3682,#539,.F.);
#2957=EDGE_CURVE('',#3338,#3683,#4130,.F.);
#2958=EDGE_CURVE('',#3682,#3339,#4131,.T.);
#2959=EDGE_CURVE('',#3684,#3684,#540,.T.);
#2960=EDGE_CURVE('',#3685,#3685,#541,.T.);
#2961=EDGE_CURVE('',#3686,#3687,#4132,.T.);
#2962=EDGE_CURVE('',#3687,#3688,#4133,.T.);
#2963=EDGE_CURVE('',#3688,#3689,#4134,.T.);
#2964=EDGE_CURVE('',#3689,#3690,#4135,.T.);
#2965=EDGE_CURVE('',#3691,#3690,#4136,.T.);
#2966=EDGE_CURVE('',#3691,#3692,#4137,.T.);
#2967=EDGE_CURVE('',#3693,#3692,#4138,.T.);
#2968=EDGE_CURVE('',#3693,#3686,#4139,.T.);
#2969=EDGE_CURVE('',#3694,#3695,#4140,.T.);
#2970=EDGE_CURVE('',#3695,#3353,#4141,.T.);
#2971=EDGE_CURVE('',#3354,#3694,#4142,.F.);
#2972=EDGE_CURVE('',#3680,#3695,#542,.F.);
#2973=EDGE_CURVE('',#3694,#3681,#543,.F.);
#2974=EDGE_CURVE('',#3696,#3697,#4143,.T.);
#2975=EDGE_CURVE('',#3394,#3696,#4144,.T.);
#2976=EDGE_CURVE('',#3395,#3697,#4145,.T.);
#2977=EDGE_CURVE('',#3698,#3696,#4146,.T.);
#2978=EDGE_CURVE('',#3396,#3698,#4147,.T.);
#2979=EDGE_CURVE('',#3699,#3698,#544,.T.);
#2980=EDGE_CURVE('',#3397,#3699,#4148,.T.);
#2981=EDGE_CURVE('',#3700,#3701,#4149,.T.);
#2982=EDGE_CURVE('',#3391,#3701,#4150,.T.);
#2983=EDGE_CURVE('',#3390,#3700,#4151,.T.);
#2984=EDGE_CURVE('',#3701,#3702,#4152,.T.);
#2985=EDGE_CURVE('',#3392,#3702,#4153,.T.);
#2986=EDGE_CURVE('',#3702,#3703,#4154,.T.);
#2987=EDGE_CURVE('',#3393,#3703,#4155,.T.);
#2988=EDGE_CURVE('',#3704,#3705,#4156,.T.);
#2989=EDGE_CURVE('',#3387,#3705,#4157,.T.);
#2990=EDGE_CURVE('',#3386,#3704,#4158,.T.);
#2991=EDGE_CURVE('',#3705,#3706,#4159,.T.);
#2992=EDGE_CURVE('',#3388,#3706,#4160,.T.);
#2993=EDGE_CURVE('',#3706,#3707,#4161,.T.);
#2994=EDGE_CURVE('',#3389,#3707,#4162,.T.);
#2995=EDGE_CURVE('',#3708,#3709,#4163,.T.);
#2996=EDGE_CURVE('',#3383,#3709,#4164,.T.);
#2997=EDGE_CURVE('',#3382,#3708,#4165,.T.);
#2998=EDGE_CURVE('',#3709,#3710,#4166,.T.);
#2999=EDGE_CURVE('',#3384,#3710,#4167,.T.);
#3000=EDGE_CURVE('',#3710,#3711,#4168,.T.);
#3001=EDGE_CURVE('',#3385,#3711,#4169,.T.);
#3002=EDGE_CURVE('',#3712,#3713,#4170,.T.);
#3003=EDGE_CURVE('',#3379,#3713,#4171,.T.);
#3004=EDGE_CURVE('',#3378,#3712,#4172,.T.);
#3005=EDGE_CURVE('',#3713,#3714,#4173,.T.);
#3006=EDGE_CURVE('',#3380,#3714,#4174,.T.);
#3007=EDGE_CURVE('',#3714,#3715,#4175,.T.);
#3008=EDGE_CURVE('',#3381,#3715,#4176,.T.);
#3009=EDGE_CURVE('',#3716,#3717,#4177,.T.);
#3010=EDGE_CURVE('',#3374,#3716,#4178,.T.);
#3011=EDGE_CURVE('',#3375,#3717,#4179,.T.);
#3012=EDGE_CURVE('',#3716,#3718,#4180,.T.);
#3013=EDGE_CURVE('',#3376,#3718,#4181,.T.);
#3014=EDGE_CURVE('',#3718,#3719,#4182,.T.);
#3015=EDGE_CURVE('',#3377,#3719,#4183,.T.);
#3016=EDGE_CURVE('',#3700,#3703,#545,.T.);
#3017=EDGE_CURVE('',#3704,#3707,#546,.T.);
#3018=EDGE_CURVE('',#3708,#3711,#547,.T.);
#3019=EDGE_CURVE('',#3715,#3712,#4184,.T.);
#3020=EDGE_CURVE('',#3719,#3717,#4185,.T.);
#3021=EDGE_CURVE('',#3697,#3699,#4186,.T.);
#3022=EDGE_CURVE('',#3277,#3266,#304,.T.);
#3023=EDGE_CURVE('',#3340,#3362,#305,.T.);
#3024=EDGE_CURVE('',#3361,#3369,#306,.T.);
#3025=EDGE_CURVE('',#3368,#3263,#307,.T.);
#3026=EDGE_CURVE('',#3262,#3278,#308,.T.);
#3027=EDGE_CURVE('',#3720,#3689,#4187,.T.);
#3028=EDGE_CURVE('',#3720,#3721,#4188,.T.);
#3029=EDGE_CURVE('',#3721,#3690,#4189,.T.);
#3030=EDGE_CURVE('',#3721,#3722,#4190,.F.);
#3031=EDGE_CURVE('',#3722,#3691,#4191,.T.);
#3032=EDGE_CURVE('',#3723,#3282,#4192,.T.);
#3033=EDGE_CURVE('',#3723,#3724,#4193,.T.);
#3034=EDGE_CURVE('',#3724,#3283,#4194,.T.);
#3035=EDGE_CURVE('',#3724,#3725,#4195,.F.);
#3036=EDGE_CURVE('',#3725,#3284,#4196,.T.);
#3037=EDGE_CURVE('',#3726,#3727,#4197,.F.);
#3038=EDGE_CURVE('',#3727,#3728,#4198,.F.);
#3039=EDGE_CURVE('',#3728,#3729,#4199,.T.);
#3040=EDGE_CURVE('',#3260,#3729,#4200,.T.);
#3041=EDGE_CURVE('',#3259,#3313,#548,.T.);
#3042=EDGE_CURVE('',#3267,#3275,#549,.T.);
#3043=EDGE_CURVE('',#3276,#3264,#550,.F.);
#3044=EDGE_CURVE('',#3264,#3726,#4201,.F.);
#3045=EDGE_CURVE('',#3730,#3731,#4202,.F.);
#3046=EDGE_CURVE('',#3731,#3235,#4203,.T.);
#3047=EDGE_CURVE('',#3730,#3236,#4204,.T.);
#3048=EDGE_CURVE('',#3373,#3730,#4205,.T.);
#3049=EDGE_CURVE('',#3371,#3732,#4206,.T.);
#3050=EDGE_CURVE('',#3732,#3733,#4207,.T.);
#3051=EDGE_CURVE('',#3733,#3372,#4208,.F.);
#3052=EDGE_CURVE('',#3734,#3400,#4209,.T.);
#3053=EDGE_CURVE('',#3358,#3734,#4210,.T.);
#3054=EDGE_CURVE('',#3735,#3399,#4211,.T.);
#3055=EDGE_CURVE('',#3735,#3734,#551,.T.);
#3056=EDGE_CURVE('',#3349,#3735,#4212,.T.);
#3057=EDGE_CURVE('',#3348,#3736,#4213,.F.);
#3058=EDGE_CURVE('',#3736,#3737,#552,.T.);
#3059=EDGE_CURVE('',#3737,#3359,#4214,.T.);
#3060=EDGE_CURVE('',#3331,#3360,#553,.F.);
#3061=EDGE_CURVE('',#3367,#3333,#4215,.T.);
#3062=EDGE_CURVE('',#3366,#3334,#4216,.T.);
#3063=EDGE_CURVE('',#3738,#3739,#4217,.T.);
#3064=EDGE_CURVE('',#3739,#3323,#4218,.T.);
#3065=EDGE_CURVE('',#3322,#3738,#4219,.F.);
#3066=EDGE_CURVE('',#3320,#3739,#554,.F.);
#3067=EDGE_CURVE('',#3738,#3321,#555,.F.);
#3068=EDGE_CURVE('',#3740,#3741,#4220,.T.);
#3069=EDGE_CURVE('',#3741,#3249,#4221,.T.);
#3070=EDGE_CURVE('',#3248,#3740,#4222,.F.);
#3071=EDGE_CURVE('',#3324,#3741,#556,.F.);
#3072=EDGE_CURVE('',#3740,#3325,#557,.F.);
#3073=EDGE_CURVE('',#3742,#3327,#558,.F.);
#3074=EDGE_CURVE('',#3742,#3743,#4223,.T.);
#3075=EDGE_CURVE('',#3744,#3743,#559,.T.);
#3076=EDGE_CURVE('',#3328,#3744,#4224,.T.);
#3077=EDGE_CURVE('',#3256,#3319,#560,.F.);
#3078=EDGE_CURVE('',#3318,#3745,#309,.T.);
#3079=EDGE_CURVE('',#3745,#3746,#561,.T.);
#3080=EDGE_CURVE('',#3746,#3742,#4225,.T.);
#3081=EDGE_CURVE('',#3326,#3273,#310,.T.);
#3082=EDGE_CURVE('',#3272,#3747,#4226,.T.);
#3083=EDGE_CURVE('',#3747,#3257,#562,.T.);
#3084=EDGE_CURVE('',#3747,#3257,#563,.T.);
#3085=EDGE_CURVE('',#3748,#3749,#4227,.T.);
#3086=EDGE_CURVE('',#3310,#3749,#4228,.T.);
#3087=EDGE_CURVE('',#3309,#3748,#4229,.T.);
#3088=EDGE_CURVE('',#3749,#3750,#4230,.T.);
#3089=EDGE_CURVE('',#3311,#3750,#4231,.T.);
#3090=EDGE_CURVE('',#3750,#3751,#564,.T.);
#3091=EDGE_CURVE('',#3312,#3751,#4232,.T.);
#3092=EDGE_CURVE('',#3752,#3753,#4233,.T.);
#3093=EDGE_CURVE('',#3305,#3752,#4234,.T.);
#3094=EDGE_CURVE('',#3306,#3753,#4235,.T.);
#3095=EDGE_CURVE('',#3752,#3754,#565,.T.);
#3096=EDGE_CURVE('',#3307,#3754,#4236,.T.);
#3097=EDGE_CURVE('',#3755,#3754,#4237,.T.);
#3098=EDGE_CURVE('',#3308,#3755,#4238,.T.);
#3099=EDGE_CURVE('',#3756,#3757,#4239,.T.);
#3100=EDGE_CURVE('',#3301,#3756,#4240,.T.);
#3101=EDGE_CURVE('',#3302,#3757,#4241,.T.);
#3102=EDGE_CURVE('',#3756,#3758,#566,.T.);
#3103=EDGE_CURVE('',#3303,#3758,#4242,.T.);
#3104=EDGE_CURVE('',#3759,#3758,#4243,.T.);
#3105=EDGE_CURVE('',#3304,#3759,#4244,.T.);
#3106=EDGE_CURVE('',#3760,#3761,#4245,.T.);
#3107=EDGE_CURVE('',#3297,#3760,#4246,.T.);
#3108=EDGE_CURVE('',#3298,#3761,#4247,.T.);
#3109=EDGE_CURVE('',#3760,#3762,#567,.T.);
#3110=EDGE_CURVE('',#3299,#3762,#4248,.T.);
#3111=EDGE_CURVE('',#3763,#3762,#4249,.T.);
#3112=EDGE_CURVE('',#3300,#3763,#4250,.T.);
#3113=EDGE_CURVE('',#3764,#3765,#4251,.T.);
#3114=EDGE_CURVE('',#3293,#3764,#4252,.T.);
#3115=EDGE_CURVE('',#3294,#3765,#4253,.T.);
#3116=EDGE_CURVE('',#3766,#3764,#4254,.T.);
#3117=EDGE_CURVE('',#3295,#3766,#4255,.T.);
#3118=EDGE_CURVE('',#3767,#3766,#4256,.T.);
#3119=EDGE_CURVE('',#3296,#3767,#4257,.T.);
#3120=EDGE_CURVE('',#3768,#3769,#4258,.T.);
#3121=EDGE_CURVE('',#3290,#3769,#4259,.T.);
#3122=EDGE_CURVE('',#3289,#3768,#4260,.T.);
#3123=EDGE_CURVE('',#3770,#3769,#4261,.T.);
#3124=EDGE_CURVE('',#3291,#3770,#4262,.T.);
#3125=EDGE_CURVE('',#3771,#3770,#4263,.T.);
#3126=EDGE_CURVE('',#3292,#3771,#4264,.T.);
#3127=EDGE_CURVE('',#3272,#3258,#568,.F.);
#3128=EDGE_CURVE('',#3753,#3755,#4265,.T.);
#3129=EDGE_CURVE('',#3757,#3759,#4266,.T.);
#3130=EDGE_CURVE('',#3761,#3763,#4267,.T.);
#3131=EDGE_CURVE('',#3765,#3767,#4268,.T.);
#3132=EDGE_CURVE('',#3768,#3771,#4269,.T.);
#3133=EDGE_CURVE('',#3751,#3748,#4270,.T.);
#3134=EDGE_CURVE('',#3688,#3772,#4271,.F.);
#3135=EDGE_CURVE('',#3772,#3720,#4272,.T.);
#3136=EDGE_CURVE('',#3281,#3773,#4273,.F.);
#3137=EDGE_CURVE('',#3773,#3723,#4274,.T.);
#3138=EDGE_CURVE('',#3728,#3774,#4275,.F.);
#3139=EDGE_CURVE('',#3774,#3775,#4276,.T.);
#3140=EDGE_CURVE('',#3775,#3729,#4277,.T.);
#3141=EDGE_CURVE('',#3775,#3261,#4278,.F.);
#3142=EDGE_CURVE('',#3776,#3777,#4279,.F.);
#3143=EDGE_CURVE('',#3777,#3254,#4280,.F.);
#3144=EDGE_CURVE('',#3255,#3776,#4281,.T.);
#3145=EDGE_CURVE('',#3778,#3744,#4282,.T.);
#3146=EDGE_CURVE('',#3329,#3778,#4283,.T.);
#3147=EDGE_CURVE('',#3779,#3743,#4284,.T.);
#3148=EDGE_CURVE('',#3778,#3779,#569,.T.);
#3149=EDGE_CURVE('',#3746,#3779,#4285,.T.);
#3150=EDGE_CURVE('',#3780,#3781,#570,.T.);
#3151=EDGE_CURVE('',#3781,#3330,#4286,.T.);
#3152=EDGE_CURVE('',#3745,#3780,#4287,.F.);
#3153=EDGE_CURVE('',#3269,#3315,#571,.F.);
#3154=EDGE_CURVE('',#3270,#3316,#4288,.T.);
#3155=EDGE_CURVE('',#3271,#3317,#4289,.T.);
#3156=EDGE_CURVE('',#3780,#3321,#572,.T.);
#3157=EDGE_CURVE('',#3781,#3738,#573,.T.);
#3158=EDGE_CURVE('',#3740,#3265,#574,.T.);
#3159=EDGE_CURVE('',#3325,#3274,#575,.T.);
#3160=EDGE_CURVE('',#3694,#3737,#576,.T.);
#3161=EDGE_CURVE('',#3681,#3736,#577,.T.);
#3162=EDGE_CURVE('',#3344,#3365,#578,.T.);
#3163=EDGE_CURVE('',#3682,#3364,#579,.T.);
#3164=EDGE_CURVE('',#3363,#3339,#18,.F.);
#3165=EDGE_CURVE('',#3730,#3733,#19,.F.);
#3166=EDGE_CURVE('',#3732,#3731,#580,.T.);
#3167=EDGE_CURVE('',#3776,#3775,#20,.T.);
#3168=EDGE_CURVE('',#3774,#3777,#581,.F.);
#3169=EDGE_CURVE('',#3773,#3727,#582,.F.);
#3170=EDGE_CURVE('',#3723,#3726,#21,.F.);
#3171=EDGE_CURVE('',#3237,#3725,#583,.T.);
#3172=EDGE_CURVE('',#3238,#3724,#22,.T.);
#3173=EDGE_CURVE('',#3285,#3722,#584,.T.);
#3174=EDGE_CURVE('',#3286,#3721,#23,.T.);
#3175=EDGE_CURVE('',#3279,#3720,#24,.T.);
#3176=EDGE_CURVE('',#3772,#3280,#585,.F.);
#3177=EDGE_CURVE('',#3314,#3258,#311,.F.);
#3178=EDGE_CURVE('',#3398,#3227,#312,.F.);
#3179=EDGE_CURVE('',#3692,#3500,#4290,.T.);
#3180=EDGE_CURVE('',#3693,#3499,#4291,.T.);
#3181=EDGE_CURVE('',#3501,#3687,#4292,.F.);
#3182=EDGE_CURVE('',#3686,#3502,#4293,.T.);
#3183=EDGE_CURVE('',#3782,#3782,#586,.T.);
#3184=EDGE_CURVE('',#3783,#3783,#587,.T.);
#3185=EDGE_CURVE('',#3666,#3338,#25,.T.);
#3186=EDGE_CURVE('',#3683,#3665,#588,.T.);
#3187=EDGE_CURVE('',#3345,#3664,#589,.T.);
#3188=EDGE_CURVE('',#3667,#3337,#313,.F.);
#3189=EDGE_CURVE('',#3346,#3663,#26,.F.);
#3190=EDGE_CURVE('',#3668,#3250,#314,.F.);
#3191=EDGE_CURVE('',#3680,#3662,#590,.T.);
#3192=EDGE_CURVE('',#3669,#3249,#27,.T.);
#3193=EDGE_CURVE('',#3695,#3661,#591,.T.);
#3194=EDGE_CURVE('',#3670,#3741,#592,.T.);
#3195=EDGE_CURVE('',#3353,#3660,#315,.T.);
#3196=EDGE_CURVE('',#3671,#3324,#593,.T.);
#3197=EDGE_CURVE('',#3355,#3659,#316,.T.);
#3198=EDGE_CURVE('',#3672,#3323,#28,.T.);
#3199=EDGE_CURVE('',#3371,#3658,#29,.F.);
#3200=EDGE_CURVE('',#3673,#3739,#594,.T.);
#3201=EDGE_CURVE('',#3732,#3657,#595,.T.);
#3202=EDGE_CURVE('',#3674,#3320,#596,.T.);
#3203=EDGE_CURVE('',#3731,#3657,#597,.T.);
#3204=EDGE_CURVE('',#3675,#3319,#317,.F.);
#3205=EDGE_CURVE('',#3235,#3656,#30,.F.);
#3206=EDGE_CURVE('',#3676,#3256,#318,.F.);
#3207=EDGE_CURVE('',#3237,#3655,#598,.T.);
#3208=EDGE_CURVE('',#3677,#3254,#31,.F.);
#3209=EDGE_CURVE('',#3725,#3655,#599,.T.);
#3210=EDGE_CURVE('',#3678,#3777,#600,.T.);
#3211=EDGE_CURVE('',#3284,#3654,#32,.F.);
#3212=EDGE_CURVE('',#3678,#3774,#601,.T.);
#3213=EDGE_CURVE('',#3285,#3653,#602,.T.);
#3214=EDGE_CURVE('',#3679,#3728,#33,.T.);
#3215=EDGE_CURVE('',#3722,#3653,#603,.T.);
#3216=EDGE_CURVE('',#3644,#3727,#604,.T.);
#3217=EDGE_CURVE('',#3691,#3652,#34,.F.);
#3218=EDGE_CURVE('',#3644,#3773,#605,.T.);
#3219=EDGE_CURVE('',#3692,#3651,#35,.F.);
#3220=EDGE_CURVE('',#3645,#3281,#36,.T.);
#3221=EDGE_CURVE('',#3500,#3650,#319,.T.);
#3222=EDGE_CURVE('',#3646,#3280,#606,.T.);
#3223=EDGE_CURVE('',#3501,#3649,#320,.T.);
#3224=EDGE_CURVE('',#3646,#3772,#607,.T.);
#3225=EDGE_CURVE('',#3687,#3648,#37,.F.);
#3226=EDGE_CURVE('',#3647,#3688,#38,.T.);
#3227=VERTEX_POINT('',#8460);
#3228=VERTEX_POINT('',#8461);
#3229=VERTEX_POINT('',#8463);
#3230=VERTEX_POINT('',#8465);
#3231=VERTEX_POINT('',#8472);
#3232=VERTEX_POINT('',#8473);
#3233=VERTEX_POINT('',#8475);
#3234=VERTEX_POINT('',#8477);
#3235=VERTEX_POINT('',#8481);
#3236=VERTEX_POINT('',#8482);
#3237=VERTEX_POINT('',#8484);
#3238=VERTEX_POINT('',#8486);
#3239=VERTEX_POINT('',#8488);
#3240=VERTEX_POINT('',#8490);
#3241=VERTEX_POINT('',#8492);
#3242=VERTEX_POINT('',#8494);
#3243=VERTEX_POINT('',#8496);
#3244=VERTEX_POINT('',#8498);
#3245=VERTEX_POINT('',#8500);
#3246=VERTEX_POINT('',#8502);
#3247=VERTEX_POINT('',#8504);
#3248=VERTEX_POINT('',#8508);
#3249=VERTEX_POINT('',#8509);
#3250=VERTEX_POINT('',#8511);
#3251=VERTEX_POINT('',#8513);
#3252=VERTEX_POINT('',#8515);
#3253=VERTEX_POINT('',#8517);
#3254=VERTEX_POINT('',#8521);
#3255=VERTEX_POINT('',#8522);
#3256=VERTEX_POINT('',#8524);
#3257=VERTEX_POINT('',#8526);
#3258=VERTEX_POINT('',#8528);
#3259=VERTEX_POINT('',#8530);
#3260=VERTEX_POINT('',#8532);
#3261=VERTEX_POINT('',#8534);
#3262=VERTEX_POINT('',#8538);
#3263=VERTEX_POINT('',#8539);
#3264=VERTEX_POINT('',#8542);
#3265=VERTEX_POINT('',#8546);
#3266=VERTEX_POINT('',#8548);
#3267=VERTEX_POINT('',#8550);
#3268=VERTEX_POINT('',#8552);
#3269=VERTEX_POINT('',#8555);
#3270=VERTEX_POINT('',#8557);
#3271=VERTEX_POINT('',#8559);
#3272=VERTEX_POINT('',#8562);
#3273=VERTEX_POINT('',#8564);
#3274=VERTEX_POINT('',#8566);
#3275=VERTEX_POINT('',#8570);
#3276=VERTEX_POINT('',#8571);
#3277=VERTEX_POINT('',#8573);
#3278=VERTEX_POINT('',#8575);
#3279=VERTEX_POINT('',#8579);
#3280=VERTEX_POINT('',#8580);
#3281=VERTEX_POINT('',#8582);
#3282=VERTEX_POINT('',#8584);
#3283=VERTEX_POINT('',#8586);
#3284=VERTEX_POINT('',#8588);
#3285=VERTEX_POINT('',#8590);
#3286=VERTEX_POINT('',#8592);
#3287=VERTEX_POINT('',#8596);
#3288=VERTEX_POINT('',#8597);
#3289=VERTEX_POINT('',#8605);
#3290=VERTEX_POINT('',#8606);
#3291=VERTEX_POINT('',#8608);
#3292=VERTEX_POINT('',#8610);
#3293=VERTEX_POINT('',#8613);
#3294=VERTEX_POINT('',#8614);
#3295=VERTEX_POINT('',#8616);
#3296=VERTEX_POINT('',#8618);
#3297=VERTEX_POINT('',#8621);
#3298=VERTEX_POINT('',#8622);
#3299=VERTEX_POINT('',#8624);
#3300=VERTEX_POINT('',#8626);
#3301=VERTEX_POINT('',#8629);
#3302=VERTEX_POINT('',#8630);
#3303=VERTEX_POINT('',#8632);
#3304=VERTEX_POINT('',#8634);
#3305=VERTEX_POINT('',#8637);
#3306=VERTEX_POINT('',#8638);
#3307=VERTEX_POINT('',#8640);
#3308=VERTEX_POINT('',#8642);
#3309=VERTEX_POINT('',#8645);
#3310=VERTEX_POINT('',#8646);
#3311=VERTEX_POINT('',#8648);
#3312=VERTEX_POINT('',#8650);
#3313=VERTEX_POINT('',#8653);
#3314=VERTEX_POINT('',#8654);
#3315=VERTEX_POINT('',#8659);
#3316=VERTEX_POINT('',#8660);
#3317=VERTEX_POINT('',#8663);
#3318=VERTEX_POINT('',#8667);
#3319=VERTEX_POINT('',#8668);
#3320=VERTEX_POINT('',#8670);
#3321=VERTEX_POINT('',#8672);
#3322=VERTEX_POINT('',#8676);
#3323=VERTEX_POINT('',#8677);
#3324=VERTEX_POINT('',#8679);
#3325=VERTEX_POINT('',#8681);
#3326=VERTEX_POINT('',#8683);
#3327=VERTEX_POINT('',#8685);
#3328=VERTEX_POINT('',#8687);
#3329=VERTEX_POINT('',#8689);
#3330=VERTEX_POINT('',#8691);
#3331=VERTEX_POINT('',#8695);
#3332=VERTEX_POINT('',#8696);
#3333=VERTEX_POINT('',#8698);
#3334=VERTEX_POINT('',#8700);
#3335=VERTEX_POINT('',#8702);
#3336=VERTEX_POINT('',#8706);
#3337=VERTEX_POINT('',#8707);
#3338=VERTEX_POINT('',#8709);
#3339=VERTEX_POINT('',#8711);
#3340=VERTEX_POINT('',#8713);
#3341=VERTEX_POINT('',#8717);
#3342=VERTEX_POINT('',#8719);
#3343=VERTEX_POINT('',#8721);
#3344=VERTEX_POINT('',#8728);
#3345=VERTEX_POINT('',#8729);
#3346=VERTEX_POINT('',#8731);
#3347=VERTEX_POINT('',#8733);
#3348=VERTEX_POINT('',#8735);
#3349=VERTEX_POINT('',#8737);
#3350=VERTEX_POINT('',#8739);
#3351=VERTEX_POINT('',#8741);
#3352=VERTEX_POINT('',#8743);
#3353=VERTEX_POINT('',#8747);
#3354=VERTEX_POINT('',#8748);
#3355=VERTEX_POINT('',#8750);
#3356=VERTEX_POINT('',#8754);
#3357=VERTEX_POINT('',#8760);
#3358=VERTEX_POINT('',#8762);
#3359=VERTEX_POINT('',#8764);
#3360=VERTEX_POINT('',#8772);
#3361=VERTEX_POINT('',#8775);
#3362=VERTEX_POINT('',#8777);
#3363=VERTEX_POINT('',#8779);
#3364=VERTEX_POINT('',#8781);
#3365=VERTEX_POINT('',#8783);
#3366=VERTEX_POINT('',#8787);
#3367=VERTEX_POINT('',#8789);
#3368=VERTEX_POINT('',#8793);
#3369=VERTEX_POINT('',#8794);
#3370=VERTEX_POINT('',#8802);
#3371=VERTEX_POINT('',#8806);
#3372=VERTEX_POINT('',#8808);
#3373=VERTEX_POINT('',#8810);
#3374=VERTEX_POINT('',#8815);
#3375=VERTEX_POINT('',#8816);
#3376=VERTEX_POINT('',#8818);
#3377=VERTEX_POINT('',#8820);
#3378=VERTEX_POINT('',#8823);
#3379=VERTEX_POINT('',#8824);
#3380=VERTEX_POINT('',#8826);
#3381=VERTEX_POINT('',#8828);
#3382=VERTEX_POINT('',#8831);
#3383=VERTEX_POINT('',#8832);
#3384=VERTEX_POINT('',#8834);
#3385=VERTEX_POINT('',#8836);
#3386=VERTEX_POINT('',#8839);
#3387=VERTEX_POINT('',#8840);
#3388=VERTEX_POINT('',#8842);
#3389=VERTEX_POINT('',#8844);
#3390=VERTEX_POINT('',#8847);
#3391=VERTEX_POINT('',#8848);
#3392=VERTEX_POINT('',#8850);
#3393=VERTEX_POINT('',#8852);
#3394=VERTEX_POINT('',#8855);
#3395=VERTEX_POINT('',#8856);
#3396=VERTEX_POINT('',#8858);
#3397=VERTEX_POINT('',#8860);
#3398=VERTEX_POINT('',#8863);
#3399=VERTEX_POINT('',#8870);
#3400=VERTEX_POINT('',#8872);
#3401=VERTEX_POINT('',#8876);
#3402=VERTEX_POINT('',#8877);
#3403=VERTEX_POINT('',#8879);
#3404=VERTEX_POINT('',#8881);
#3405=VERTEX_POINT('',#8885);
#3406=VERTEX_POINT('',#8886);
#3407=VERTEX_POINT('',#8888);
#3408=VERTEX_POINT('',#8890);
#3409=VERTEX_POINT('',#8894);
#3410=VERTEX_POINT('',#8895);
#3411=VERTEX_POINT('',#8897);
#3412=VERTEX_POINT('',#8899);
#3413=VERTEX_POINT('',#8903);
#3414=VERTEX_POINT('',#8905);
#3415=VERTEX_POINT('',#8909);
#3416=VERTEX_POINT('',#8910);
#3417=VERTEX_POINT('',#8912);
#3418=VERTEX_POINT('',#8914);
#3419=VERTEX_POINT('',#8918);
#3420=VERTEX_POINT('',#8919);
#3421=VERTEX_POINT('',#8924);
#3422=VERTEX_POINT('',#8925);
#3423=VERTEX_POINT('',#8927);
#3424=VERTEX_POINT('',#8929);
#3425=VERTEX_POINT('',#8933);
#3426=VERTEX_POINT('',#8934);
#3427=VERTEX_POINT('',#8936);
#3428=VERTEX_POINT('',#8938);
#3429=VERTEX_POINT('',#8942);
#3430=VERTEX_POINT('',#8943);
#3431=VERTEX_POINT('',#8945);
#3432=VERTEX_POINT('',#8947);
#3433=VERTEX_POINT('',#8951);
#3434=VERTEX_POINT('',#8953);
#3435=VERTEX_POINT('',#8957);
#3436=VERTEX_POINT('',#8958);
#3437=VERTEX_POINT('',#8960);
#3438=VERTEX_POINT('',#8962);
#3439=VERTEX_POINT('',#8966);
#3440=VERTEX_POINT('',#8967);
#3441=VERTEX_POINT('',#8972);
#3442=VERTEX_POINT('',#8973);
#3443=VERTEX_POINT('',#8975);
#3444=VERTEX_POINT('',#8977);
#3445=VERTEX_POINT('',#8981);
#3446=VERTEX_POINT('',#8982);
#3447=VERTEX_POINT('',#8984);
#3448=VERTEX_POINT('',#8986);
#3449=VERTEX_POINT('',#8990);
#3450=VERTEX_POINT('',#8991);
#3451=VERTEX_POINT('',#8993);
#3452=VERTEX_POINT('',#8995);
#3453=VERTEX_POINT('',#8999);
#3454=VERTEX_POINT('',#9000);
#3455=VERTEX_POINT('',#9002);
#3456=VERTEX_POINT('',#9004);
#3457=VERTEX_POINT('',#9008);
#3458=VERTEX_POINT('',#9009);
#3459=VERTEX_POINT('',#9014);
#3460=VERTEX_POINT('',#9015);
#3461=VERTEX_POINT('',#9020);
#3462=VERTEX_POINT('',#9021);
#3463=VERTEX_POINT('',#9023);
#3464=VERTEX_POINT('',#9025);
#3465=VERTEX_POINT('',#9029);
#3466=VERTEX_POINT('',#9030);
#3467=VERTEX_POINT('',#9032);
#3468=VERTEX_POINT('',#9034);
#3469=VERTEX_POINT('',#9038);
#3470=VERTEX_POINT('',#9039);
#3471=VERTEX_POINT('',#9041);
#3472=VERTEX_POINT('',#9043);
#3473=VERTEX_POINT('',#9077);
#3474=VERTEX_POINT('',#9088);
#3475=VERTEX_POINT('',#9128);
#3476=VERTEX_POINT('',#9134);
#3477=VERTEX_POINT('',#9164);
#3478=VERTEX_POINT('',#9170);
#3479=VERTEX_POINT('',#9188);
#3480=VERTEX_POINT('',#9193);
#3481=VERTEX_POINT('',#9200);
#3482=VERTEX_POINT('',#9202);
#3483=VERTEX_POINT('',#9212);
#3484=VERTEX_POINT('',#9217);
#3485=VERTEX_POINT('',#9224);
#3486=VERTEX_POINT('',#9225);
#3487=VERTEX_POINT('',#9227);
#3488=VERTEX_POINT('',#9232);
#3489=VERTEX_POINT('',#9236);
#3490=VERTEX_POINT('',#9246);
#3491=VERTEX_POINT('',#9248);
#3492=VERTEX_POINT('',#9258);
#3493=VERTEX_POINT('',#9259);
#3494=VERTEX_POINT('',#9267);
#3495=VERTEX_POINT('',#9268);
#3496=VERTEX_POINT('',#9270);
#3497=VERTEX_POINT('',#9272);
#3498=VERTEX_POINT('',#9276);
#3499=VERTEX_POINT('',#9326);
#3500=VERTEX_POINT('',#9327);
#3501=VERTEX_POINT('',#9329);
#3502=VERTEX_POINT('',#9331);
#3503=VERTEX_POINT('',#9334);
#3504=VERTEX_POINT('',#9337);
#3505=VERTEX_POINT('',#9340);
#3506=VERTEX_POINT('',#9343);
#3507=VERTEX_POINT('',#9346);
#3508=VERTEX_POINT('',#9352);
#3509=VERTEX_POINT('',#9354);
#3510=VERTEX_POINT('',#9356);
#3511=VERTEX_POINT('',#9358);
#3512=VERTEX_POINT('',#9360);
#3513=VERTEX_POINT('',#9362);
#3514=VERTEX_POINT('',#9364);
#3515=VERTEX_POINT('',#9366);
#3516=VERTEX_POINT('',#9368);
#3517=VERTEX_POINT('',#9370);
#3518=VERTEX_POINT('',#9372);
#3519=VERTEX_POINT('',#9374);
#3520=VERTEX_POINT('',#9376);
#3521=VERTEX_POINT('',#9378);
#3522=VERTEX_POINT('',#9380);
#3523=VERTEX_POINT('',#9382);
#3524=VERTEX_POINT('',#9384);
#3525=VERTEX_POINT('',#9386);
#3526=VERTEX_POINT('',#9390);
#3527=VERTEX_POINT('',#9392);
#3528=VERTEX_POINT('',#9396);
#3529=VERTEX_POINT('',#9398);
#3530=VERTEX_POINT('',#9400);
#3531=VERTEX_POINT('',#9402);
#3532=VERTEX_POINT('',#9404);
#3533=VERTEX_POINT('',#9406);
#3534=VERTEX_POINT('',#9408);
#3535=VERTEX_POINT('',#9410);
#3536=VERTEX_POINT('',#9413);
#3537=VERTEX_POINT('',#9415);
#3538=VERTEX_POINT('',#9417);
#3539=VERTEX_POINT('',#9419);
#3540=VERTEX_POINT('',#9421);
#3541=VERTEX_POINT('',#9423);
#3542=VERTEX_POINT('',#9457);
#3543=VERTEX_POINT('',#9458);
#3544=VERTEX_POINT('',#9460);
#3545=VERTEX_POINT('',#9464);
#3546=VERTEX_POINT('',#9466);
#3547=VERTEX_POINT('',#9470);
#3548=VERTEX_POINT('',#9471);
#3549=VERTEX_POINT('',#9476);
#3550=VERTEX_POINT('',#9478);
#3551=VERTEX_POINT('',#9482);
#3552=VERTEX_POINT('',#9483);
#3553=VERTEX_POINT('',#9488);
#3554=VERTEX_POINT('',#9490);
#3555=VERTEX_POINT('',#9494);
#3556=VERTEX_POINT('',#9496);
#3557=VERTEX_POINT('',#9500);
#3558=VERTEX_POINT('',#9502);
#3559=VERTEX_POINT('',#9506);
#3560=VERTEX_POINT('',#9508);
#3561=VERTEX_POINT('',#9512);
#3562=VERTEX_POINT('',#9514);
#3563=VERTEX_POINT('',#9518);
#3564=VERTEX_POINT('',#9520);
#3565=VERTEX_POINT('',#9524);
#3566=VERTEX_POINT('',#9526);
#3567=VERTEX_POINT('',#9530);
#3568=VERTEX_POINT('',#9532);
#3569=VERTEX_POINT('',#9536);
#3570=VERTEX_POINT('',#9538);
#3571=VERTEX_POINT('',#9542);
#3572=VERTEX_POINT('',#9544);
#3573=VERTEX_POINT('',#9548);
#3574=VERTEX_POINT('',#9549);
#3575=VERTEX_POINT('',#9554);
#3576=VERTEX_POINT('',#9562);
#3577=VERTEX_POINT('',#9563);
#3578=VERTEX_POINT('',#9565);
#3579=VERTEX_POINT('',#9569);
#3580=VERTEX_POINT('',#9571);
#3581=VERTEX_POINT('',#9575);
#3582=VERTEX_POINT('',#9576);
#3583=VERTEX_POINT('',#9581);
#3584=VERTEX_POINT('',#9583);
#3585=VERTEX_POINT('',#9587);
#3586=VERTEX_POINT('',#9588);
#3587=VERTEX_POINT('',#9593);
#3588=VERTEX_POINT('',#9595);
#3589=VERTEX_POINT('',#9599);
#3590=VERTEX_POINT('',#9601);
#3591=VERTEX_POINT('',#9605);
#3592=VERTEX_POINT('',#9607);
#3593=VERTEX_POINT('',#9611);
#3594=VERTEX_POINT('',#9613);
#3595=VERTEX_POINT('',#9617);
#3596=VERTEX_POINT('',#9619);
#3597=VERTEX_POINT('',#9623);
#3598=VERTEX_POINT('',#9625);
#3599=VERTEX_POINT('',#9629);
#3600=VERTEX_POINT('',#9631);
#3601=VERTEX_POINT('',#9635);
#3602=VERTEX_POINT('',#9637);
#3603=VERTEX_POINT('',#9641);
#3604=VERTEX_POINT('',#9643);
#3605=VERTEX_POINT('',#9647);
#3606=VERTEX_POINT('',#9649);
#3607=VERTEX_POINT('',#9653);
#3608=VERTEX_POINT('',#9654);
#3609=VERTEX_POINT('',#9659);
#3610=VERTEX_POINT('',#9667);
#3611=VERTEX_POINT('',#9669);
#3612=VERTEX_POINT('',#9671);
#3613=VERTEX_POINT('',#9673);
#3614=VERTEX_POINT('',#9675);
#3615=VERTEX_POINT('',#9677);
#3616=VERTEX_POINT('',#9679);
#3617=VERTEX_POINT('',#9681);
#3618=VERTEX_POINT('',#9683);
#3619=VERTEX_POINT('',#9685);
#3620=VERTEX_POINT('',#9687);
#3621=VERTEX_POINT('',#9689);
#3622=VERTEX_POINT('',#9691);
#3623=VERTEX_POINT('',#9693);
#3624=VERTEX_POINT('',#9695);
#3625=VERTEX_POINT('',#9697);
#3626=VERTEX_POINT('',#9699);
#3627=VERTEX_POINT('',#9701);
#3628=VERTEX_POINT('',#9705);
#3629=VERTEX_POINT('',#9707);
#3630=VERTEX_POINT('',#9711);
#3631=VERTEX_POINT('',#9713);
#3632=VERTEX_POINT('',#9715);
#3633=VERTEX_POINT('',#9717);
#3634=VERTEX_POINT('',#9719);
#3635=VERTEX_POINT('',#9721);
#3636=VERTEX_POINT('',#9723);
#3637=VERTEX_POINT('',#9725);
#3638=VERTEX_POINT('',#9728);
#3639=VERTEX_POINT('',#9730);
#3640=VERTEX_POINT('',#9732);
#3641=VERTEX_POINT('',#9734);
#3642=VERTEX_POINT('',#9736);
#3643=VERTEX_POINT('',#9738);
#3644=VERTEX_POINT('',#9772);
#3645=VERTEX_POINT('',#9773);
#3646=VERTEX_POINT('',#9775);
#3647=VERTEX_POINT('',#9777);
#3648=VERTEX_POINT('',#9779);
#3649=VERTEX_POINT('',#9781);
#3650=VERTEX_POINT('',#9783);
#3651=VERTEX_POINT('',#9785);
#3652=VERTEX_POINT('',#9787);
#3653=VERTEX_POINT('',#9789);
#3654=VERTEX_POINT('',#9791);
#3655=VERTEX_POINT('',#9793);
#3656=VERTEX_POINT('',#9795);
#3657=VERTEX_POINT('',#9797);
#3658=VERTEX_POINT('',#9799);
#3659=VERTEX_POINT('',#9801);
#3660=VERTEX_POINT('',#9803);
#3661=VERTEX_POINT('',#9805);
#3662=VERTEX_POINT('',#9807);
#3663=VERTEX_POINT('',#9809);
#3664=VERTEX_POINT('',#9811);
#3665=VERTEX_POINT('',#9813);
#3666=VERTEX_POINT('',#9815);
#3667=VERTEX_POINT('',#9817);
#3668=VERTEX_POINT('',#9819);
#3669=VERTEX_POINT('',#9821);
#3670=VERTEX_POINT('',#9823);
#3671=VERTEX_POINT('',#9825);
#3672=VERTEX_POINT('',#9827);
#3673=VERTEX_POINT('',#9829);
#3674=VERTEX_POINT('',#9831);
#3675=VERTEX_POINT('',#9833);
#3676=VERTEX_POINT('',#9835);
#3677=VERTEX_POINT('',#9837);
#3678=VERTEX_POINT('',#9839);
#3679=VERTEX_POINT('',#9841);
#3680=VERTEX_POINT('',#9845);
#3681=VERTEX_POINT('',#9847);
#3682=VERTEX_POINT('',#9851);
#3683=VERTEX_POINT('',#9852);
#3684=VERTEX_POINT('',#9860);
#3685=VERTEX_POINT('',#9862);
#3686=VERTEX_POINT('',#9864);
#3687=VERTEX_POINT('',#9865);
#3688=VERTEX_POINT('',#9867);
#3689=VERTEX_POINT('',#9869);
#3690=VERTEX_POINT('',#9871);
#3691=VERTEX_POINT('',#9873);
#3692=VERTEX_POINT('',#9875);
#3693=VERTEX_POINT('',#9877);
#3694=VERTEX_POINT('',#9881);
#3695=VERTEX_POINT('',#9882);
#3696=VERTEX_POINT('',#9891);
#3697=VERTEX_POINT('',#9892);
#3698=VERTEX_POINT('',#9897);
#3699=VERTEX_POINT('',#9901);
#3700=VERTEX_POINT('',#9905);
#3701=VERTEX_POINT('',#9906);
#3702=VERTEX_POINT('',#9911);
#3703=VERTEX_POINT('',#9915);
#3704=VERTEX_POINT('',#9919);
#3705=VERTEX_POINT('',#9920);
#3706=VERTEX_POINT('',#9925);
#3707=VERTEX_POINT('',#9929);
#3708=VERTEX_POINT('',#9933);
#3709=VERTEX_POINT('',#9934);
#3710=VERTEX_POINT('',#9939);
#3711=VERTEX_POINT('',#9943);
#3712=VERTEX_POINT('',#9947);
#3713=VERTEX_POINT('',#9948);
#3714=VERTEX_POINT('',#9953);
#3715=VERTEX_POINT('',#9957);
#3716=VERTEX_POINT('',#9961);
#3717=VERTEX_POINT('',#9962);
#3718=VERTEX_POINT('',#9967);
#3719=VERTEX_POINT('',#9971);
#3720=VERTEX_POINT('',#10014);
#3721=VERTEX_POINT('',#10016);
#3722=VERTEX_POINT('',#10020);
#3723=VERTEX_POINT('',#10024);
#3724=VERTEX_POINT('',#10026);
#3725=VERTEX_POINT('',#10030);
#3726=VERTEX_POINT('',#10034);
#3727=VERTEX_POINT('',#10035);
#3728=VERTEX_POINT('',#10037);
#3729=VERTEX_POINT('',#10039);
#3730=VERTEX_POINT('',#10047);
#3731=VERTEX_POINT('',#10048);
#3732=VERTEX_POINT('',#10055);
#3733=VERTEX_POINT('',#10057);
#3734=VERTEX_POINT('',#10061);
#3735=VERTEX_POINT('',#10065);
#3736=VERTEX_POINT('',#10071);
#3737=VERTEX_POINT('',#10073);
#3738=VERTEX_POINT('',#10083);
#3739=VERTEX_POINT('',#10084);
#3740=VERTEX_POINT('',#10092);
#3741=VERTEX_POINT('',#10093);
#3742=VERTEX_POINT('',#10101);
#3743=VERTEX_POINT('',#10103);
#3744=VERTEX_POINT('',#10105);
#3745=VERTEX_POINT('',#10114);
#3746=VERTEX_POINT('',#10116);
#3747=VERTEX_POINT('',#10123);
#3748=VERTEX_POINT('',#10129);
#3749=VERTEX_POINT('',#10130);
#3750=VERTEX_POINT('',#10135);
#3751=VERTEX_POINT('',#10139);
#3752=VERTEX_POINT('',#10143);
#3753=VERTEX_POINT('',#10144);
#3754=VERTEX_POINT('',#10149);
#3755=VERTEX_POINT('',#10153);
#3756=VERTEX_POINT('',#10157);
#3757=VERTEX_POINT('',#10158);
#3758=VERTEX_POINT('',#10163);
#3759=VERTEX_POINT('',#10167);
#3760=VERTEX_POINT('',#10171);
#3761=VERTEX_POINT('',#10172);
#3762=VERTEX_POINT('',#10177);
#3763=VERTEX_POINT('',#10181);
#3764=VERTEX_POINT('',#10185);
#3765=VERTEX_POINT('',#10186);
#3766=VERTEX_POINT('',#10191);
#3767=VERTEX_POINT('',#10195);
#3768=VERTEX_POINT('',#10199);
#3769=VERTEX_POINT('',#10200);
#3770=VERTEX_POINT('',#10205);
#3771=VERTEX_POINT('',#10209);
#3772=VERTEX_POINT('',#10233);
#3773=VERTEX_POINT('',#10237);
#3774=VERTEX_POINT('',#10241);
#3775=VERTEX_POINT('',#10243);
#3776=VERTEX_POINT('',#10249);
#3777=VERTEX_POINT('',#10250);
#3778=VERTEX_POINT('',#10255);
#3779=VERTEX_POINT('',#10259);
#3780=VERTEX_POINT('',#10265);
#3781=VERTEX_POINT('',#10266);
#3782=VERTEX_POINT('',#10346);
#3783=VERTEX_POINT('',#10350);
#3784=LINE('',#8459,#4294);
#3785=LINE('',#8464,#4295);
#3786=LINE('',#8476,#4296);
#3787=LINE('',#8480,#4297);
#3788=LINE('',#8483,#4298);
#3789=LINE('',#8485,#4299);
#3790=LINE('',#8487,#4300);
#3791=LINE('',#8491,#4301);
#3792=LINE('',#8495,#4302);
#3793=LINE('',#8497,#4303);
#3794=LINE('',#8499,#4304);
#3795=LINE('',#8503,#4305);
#3796=LINE('',#8505,#4306);
#3797=LINE('',#8507,#4307);
#3798=LINE('',#8510,#4308);
#3799=LINE('',#8512,#4309);
#3800=LINE('',#8514,#4310);
#3801=LINE('',#8516,#4311);
#3802=LINE('',#8520,#4312);
#3803=LINE('',#8523,#4313);
#3804=LINE('',#8525,#4314);
#3805=LINE('',#8527,#4315);
#3806=LINE('',#8529,#4316);
#3807=LINE('',#8531,#4317);
#3808=LINE('',#8533,#4318);
#3809=LINE('',#8540,#4319);
#3810=LINE('',#8541,#4320);
#3811=LINE('',#8543,#4321);
#3812=LINE('',#8545,#4322);
#3813=LINE('',#8549,#4323);
#3814=LINE('',#8551,#4324);
#3815=LINE('',#8553,#4325);
#3816=LINE('',#8554,#4326);
#3817=LINE('',#8556,#4327);
#3818=LINE('',#8560,#4328);
#3819=LINE('',#8565,#4329);
#3820=LINE('',#8569,#4330);
#3821=LINE('',#8572,#4331);
#3822=LINE('',#8576,#4332);
#3823=LINE('',#8578,#4333);
#3824=LINE('',#8581,#4334);
#3825=LINE('',#8583,#4335);
#3826=LINE('',#8585,#4336);
#3827=LINE('',#8587,#4337);
#3828=LINE('',#8589,#4338);
#3829=LINE('',#8591,#4339);
#3830=LINE('',#8593,#4340);
#3831=LINE('',#8595,#4341);
#3832=LINE('',#8602,#4342);
#3833=LINE('',#8604,#4343);
#3834=LINE('',#8607,#4344);
#3835=LINE('',#8609,#4345);
#3836=LINE('',#8611,#4346);
#3837=LINE('',#8612,#4347);
#3838=LINE('',#8615,#4348);
#3839=LINE('',#8617,#4349);
#3840=LINE('',#8619,#4350);
#3841=LINE('',#8620,#4351);
#3842=LINE('',#8625,#4352);
#3843=LINE('',#8627,#4353);
#3844=LINE('',#8628,#4354);
#3845=LINE('',#8633,#4355);
#3846=LINE('',#8635,#4356);
#3847=LINE('',#8636,#4357);
#3848=LINE('',#8641,#4358);
#3849=LINE('',#8643,#4359);
#3850=LINE('',#8644,#4360);
#3851=LINE('',#8647,#4361);
#3852=LINE('',#8651,#4362);
#3853=LINE('',#8652,#4363);
#3854=LINE('',#8656,#4364);
#3855=LINE('',#8658,#4365);
#3856=LINE('',#8661,#4366);
#3857=LINE('',#8662,#4367);
#3858=LINE('',#8666,#4368);
#3859=LINE('',#8669,#4369);
#3860=LINE('',#8671,#4370);
#3861=LINE('',#8673,#4371);
#3862=LINE('',#8675,#4372);
#3863=LINE('',#8678,#4373);
#3864=LINE('',#8680,#4374);
#3865=LINE('',#8682,#4375);
#3866=LINE('',#8684,#4376);
#3867=LINE('',#8686,#4377);
#3868=LINE('',#8688,#4378);
#3869=LINE('',#8690,#4379);
#3870=LINE('',#8694,#4380);
#3871=LINE('',#8697,#4381);
#3872=LINE('',#8701,#4382);
#3873=LINE('',#8705,#4383);
#3874=LINE('',#8708,#4384);
#3875=LINE('',#8710,#4385);
#3876=LINE('',#8712,#4386);
#3877=LINE('',#8714,#4387);
#3878=LINE('',#8716,#4388);
#3879=LINE('',#8727,#4389);
#3880=LINE('',#8730,#4390);
#3881=LINE('',#8732,#4391);
#3882=LINE('',#8736,#4392);
#3883=LINE('',#8738,#4393);
#3884=LINE('',#8740,#4394);
#3885=LINE('',#8742,#4395);
#3886=LINE('',#8744,#4396);
#3887=LINE('',#8746,#4397);
#3888=LINE('',#8751,#4398);
#3889=LINE('',#8761,#4399);
#3890=LINE('',#8771,#4400);
#3891=LINE('',#8773,#4401);
#3892=LINE('',#8774,#4402);
#3893=LINE('',#8778,#4403);
#3894=LINE('',#8780,#4404);
#3895=LINE('',#8784,#4405);
#3896=LINE('',#8786,#4406);
#3897=LINE('',#8790,#4407);
#3898=LINE('',#8795,#4408);
#3899=LINE('',#8796,#4409);
#3900=LINE('',#8803,#4410);
#3901=LINE('',#8805,#4411);
#3902=LINE('',#8807,#4412);
#3903=LINE('',#8811,#4413);
#3904=LINE('',#8812,#4414);
#3905=LINE('',#8814,#4415);
#3906=LINE('',#8817,#4416);
#3907=LINE('',#8819,#4417);
#3908=LINE('',#8821,#4418);
#3909=LINE('',#8822,#4419);
#3910=LINE('',#8825,#4420);
#3911=LINE('',#8827,#4421);
#3912=LINE('',#8829,#4422);
#3913=LINE('',#8830,#4423);
#3914=LINE('',#8833,#4424);
#3915=LINE('',#8835,#4425);
#3916=LINE('',#8838,#4426);
#3917=LINE('',#8841,#4427);
#3918=LINE('',#8843,#4428);
#3919=LINE('',#8846,#4429);
#3920=LINE('',#8849,#4430);
#3921=LINE('',#8851,#4431);
#3922=LINE('',#8854,#4432);
#3923=LINE('',#8857,#4433);
#3924=LINE('',#8861,#4434);
#3925=LINE('',#8864,#4435);
#3926=LINE('',#8869,#4436);
#3927=LINE('',#8873,#4437);
#3928=LINE('',#8878,#4438);
#3929=LINE('',#8882,#4439);
#3930=LINE('',#8887,#4440);
#3931=LINE('',#8891,#4441);
#3932=LINE('',#8896,#4442);
#3933=LINE('',#8900,#4443);
#3934=LINE('',#8926,#4444);
#3935=LINE('',#8930,#4445);
#3936=LINE('',#8935,#4446);
#3937=LINE('',#8939,#4447);
#3938=LINE('',#8944,#4448);
#3939=LINE('',#8948,#4449);
#3940=LINE('',#8971,#4450);
#3941=LINE('',#8976,#4451);
#3942=LINE('',#8983,#4452);
#3943=LINE('',#8987,#4453);
#3944=LINE('',#8992,#4454);
#3945=LINE('',#8996,#4455);
#3946=LINE('',#9019,#4456);
#3947=LINE('',#9024,#4457);
#3948=LINE('',#9031,#4458);
#3949=LINE('',#9035,#4459);
#3950=LINE('',#9040,#4460);
#3951=LINE('',#9044,#4461);
#3952=LINE('',#9242,#4462);
#3953=LINE('',#9243,#4463);
#3954=LINE('',#9251,#4464);
#3955=LINE('',#9252,#4465);
#3956=LINE('',#9260,#4466);
#3957=LINE('',#9261,#4467);
#3958=LINE('',#9269,#4468);
#3959=LINE('',#9273,#4469);
#3960=LINE('',#9325,#4470);
#3961=LINE('',#9330,#4471);
#3962=LINE('',#9351,#4472);
#3963=LINE('',#9353,#4473);
#3964=LINE('',#9357,#4474);
#3965=LINE('',#9361,#4475);
#3966=LINE('',#9365,#4476);
#3967=LINE('',#9369,#4477);
#3968=LINE('',#9373,#4478);
#3969=LINE('',#9377,#4479);
#3970=LINE('',#9381,#4480);
#3971=LINE('',#9385,#4481);
#3972=LINE('',#9389,#4482);
#3973=LINE('',#9391,#4483);
#3974=LINE('',#9393,#4484);
#3975=LINE('',#9397,#4485);
#3976=LINE('',#9401,#4486);
#3977=LINE('',#9405,#4487);
#3978=LINE('',#9409,#4488);
#3979=LINE('',#9414,#4489);
#3980=LINE('',#9418,#4490);
#3981=LINE('',#9422,#4491);
#3982=LINE('',#9426,#4492);
#3983=LINE('',#9428,#4493);
#3984=LINE('',#9429,#4494);
#3985=LINE('',#9432,#4495);
#3986=LINE('',#9433,#4496);
#3987=LINE('',#9436,#4497);
#3988=LINE('',#9437,#4498);
#3989=LINE('',#9441,#4499);
#3990=LINE('',#9443,#4500);
#3991=LINE('',#9444,#4501);
#3992=LINE('',#9447,#4502);
#3993=LINE('',#9448,#4503);
#3994=LINE('',#9451,#4504);
#3995=LINE('',#9452,#4505);
#3996=LINE('',#9461,#4506);
#3997=LINE('',#9463,#4507);
#3998=LINE('',#9465,#4508);
#3999=LINE('',#9467,#4509);
#4000=LINE('',#9469,#4510);
#4001=LINE('',#9475,#4511);
#4002=LINE('',#9477,#4512);
#4003=LINE('',#9479,#4513);
#4004=LINE('',#9481,#4514);
#4005=LINE('',#9487,#4515);
#4006=LINE('',#9489,#4516);
#4007=LINE('',#9491,#4517);
#4008=LINE('',#9495,#4518);
#4009=LINE('',#9499,#4519);
#4010=LINE('',#9501,#4520);
#4011=LINE('',#9503,#4521);
#4012=LINE('',#9509,#4522);
#4013=LINE('',#9511,#4523);
#4014=LINE('',#9513,#4524);
#4015=LINE('',#9515,#4525);
#4016=LINE('',#9519,#4526);
#4017=LINE('',#9523,#4527);
#4018=LINE('',#9525,#4528);
#4019=LINE('',#9527,#4529);
#4020=LINE('',#9531,#4530);
#4021=LINE('',#9535,#4531);
#4022=LINE('',#9537,#4532);
#4023=LINE('',#9539,#4533);
#4024=LINE('',#9543,#4534);
#4025=LINE('',#9547,#4535);
#4026=LINE('',#9550,#4536);
#4027=LINE('',#9551,#4537);
#4028=LINE('',#9557,#4538);
#4029=LINE('',#9558,#4539);
#4030=LINE('',#9566,#4540);
#4031=LINE('',#9568,#4541);
#4032=LINE('',#9570,#4542);
#4033=LINE('',#9572,#4543);
#4034=LINE('',#9574,#4544);
#4035=LINE('',#9580,#4545);
#4036=LINE('',#9582,#4546);
#4037=LINE('',#9584,#4547);
#4038=LINE('',#9586,#4548);
#4039=LINE('',#9592,#4549);
#4040=LINE('',#9594,#4550);
#4041=LINE('',#9596,#4551);
#4042=LINE('',#9600,#4552);
#4043=LINE('',#9604,#4553);
#4044=LINE('',#9606,#4554);
#4045=LINE('',#9608,#4555);
#4046=LINE('',#9614,#4556);
#4047=LINE('',#9616,#4557);
#4048=LINE('',#9618,#4558);
#4049=LINE('',#9620,#4559);
#4050=LINE('',#9624,#4560);
#4051=LINE('',#9628,#4561);
#4052=LINE('',#9630,#4562);
#4053=LINE('',#9632,#4563);
#4054=LINE('',#9636,#4564);
#4055=LINE('',#9640,#4565);
#4056=LINE('',#9642,#4566);
#4057=LINE('',#9644,#4567);
#4058=LINE('',#9648,#4568);
#4059=LINE('',#9652,#4569);
#4060=LINE('',#9655,#4570);
#4061=LINE('',#9656,#4571);
#4062=LINE('',#9662,#4572);
#4063=LINE('',#9663,#4573);
#4064=LINE('',#9666,#4574);
#4065=LINE('',#9668,#4575);
#4066=LINE('',#9672,#4576);
#4067=LINE('',#9676,#4577);
#4068=LINE('',#9680,#4578);
#4069=LINE('',#9684,#4579);
#4070=LINE('',#9688,#4580);
#4071=LINE('',#9692,#4581);
#4072=LINE('',#9696,#4582);
#4073=LINE('',#9700,#4583);
#4074=LINE('',#9704,#4584);
#4075=LINE('',#9706,#4585);
#4076=LINE('',#9708,#4586);
#4077=LINE('',#9712,#4587);
#4078=LINE('',#9716,#4588);
#4079=LINE('',#9720,#4589);
#4080=LINE('',#9724,#4590);
#4081=LINE('',#9729,#4591);
#4082=LINE('',#9733,#4592);
#4083=LINE('',#9737,#4593);
#4084=LINE('',#9741,#4594);
#4085=LINE('',#9743,#4595);
#4086=LINE('',#9744,#4596);
#4087=LINE('',#9747,#4597);
#4088=LINE('',#9748,#4598);
#4089=LINE('',#9751,#4599);
#4090=LINE('',#9752,#4600);
#4091=LINE('',#9756,#4601);
#4092=LINE('',#9758,#4602);
#4093=LINE('',#9759,#4603);
#4094=LINE('',#9762,#4604);
#4095=LINE('',#9763,#4605);
#4096=LINE('',#9766,#4606);
#4097=LINE('',#9767,#4607);
#4098=LINE('',#9771,#4608);
#4099=LINE('',#9774,#4609);
#4100=LINE('',#9776,#4610);
#4101=LINE('',#9778,#4611);
#4102=LINE('',#9780,#4612);
#4103=LINE('',#9784,#4613);
#4104=LINE('',#9786,#4614);
#4105=LINE('',#9788,#4615);
#4106=LINE('',#9790,#4616);
#4107=LINE('',#9792,#4617);
#4108=LINE('',#9794,#4618);
#4109=LINE('',#9796,#4619);
#4110=LINE('',#9798,#4620);
#4111=LINE('',#9800,#4621);
#4112=LINE('',#9804,#4622);
#4113=LINE('',#9808,#4623);
#4114=LINE('',#9810,#4624);
#4115=LINE('',#9814,#4625);
#4116=LINE('',#9816,#4626);
#4117=LINE('',#9820,#4627);
#4118=LINE('',#9822,#4628);
#4119=LINE('',#9826,#4629);
#4120=LINE('',#9828,#4630);
#4121=LINE('',#9832,#4631);
#4122=LINE('',#9836,#4632);
#4123=LINE('',#9838,#4633);
#4124=LINE('',#9840,#4634);
#4125=LINE('',#9842,#4635);
#4126=LINE('',#9844,#4636);
#4127=LINE('',#9846,#4637);
#4128=LINE('',#9848,#4638);
#4129=LINE('',#9850,#4639);
#4130=LINE('',#9856,#4640);
#4131=LINE('',#9857,#4641);
#4132=LINE('',#9863,#4642);
#4133=LINE('',#9866,#4643);
#4134=LINE('',#9868,#4644);
#4135=LINE('',#9870,#4645);
#4136=LINE('',#9872,#4646);
#4137=LINE('',#9874,#4647);
#4138=LINE('',#9876,#4648);
#4139=LINE('',#9878,#4649);
#4140=LINE('',#9880,#4650);
#4141=LINE('',#9883,#4651);
#4142=LINE('',#9884,#4652);
#4143=LINE('',#9890,#4653);
#4144=LINE('',#9893,#4654);
#4145=LINE('',#9894,#4655);
#4146=LINE('',#9896,#4656);
#4147=LINE('',#9898,#4657);
#4148=LINE('',#9902,#4658);
#4149=LINE('',#9904,#4659);
#4150=LINE('',#9907,#4660);
#4151=LINE('',#9908,#4661);
#4152=LINE('',#9910,#4662);
#4153=LINE('',#9912,#4663);
#4154=LINE('',#9914,#4664);
#4155=LINE('',#9916,#4665);
#4156=LINE('',#9918,#4666);
#4157=LINE('',#9921,#4667);
#4158=LINE('',#9922,#4668);
#4159=LINE('',#9924,#4669);
#4160=LINE('',#9926,#4670);
#4161=LINE('',#9928,#4671);
#4162=LINE('',#9930,#4672);
#4163=LINE('',#9932,#4673);
#4164=LINE('',#9935,#4674);
#4165=LINE('',#9936,#4675);
#4166=LINE('',#9938,#4676);
#4167=LINE('',#9940,#4677);
#4168=LINE('',#9942,#4678);
#4169=LINE('',#9944,#4679);
#4170=LINE('',#9946,#4680);
#4171=LINE('',#9949,#4681);
#4172=LINE('',#9950,#4682);
#4173=LINE('',#9952,#4683);
#4174=LINE('',#9954,#4684);
#4175=LINE('',#9956,#4685);
#4176=LINE('',#9958,#4686);
#4177=LINE('',#9960,#4687);
#4178=LINE('',#9963,#4688);
#4179=LINE('',#9964,#4689);
#4180=LINE('',#9966,#4690);
#4181=LINE('',#9968,#4691);
#4182=LINE('',#9970,#4692);
#4183=LINE('',#9972,#4693);
#4184=LINE('',#9980,#4694);
#4185=LINE('',#9982,#4695);
#4186=LINE('',#9984,#4696);
#4187=LINE('',#10013,#4697);
#4188=LINE('',#10015,#4698);
#4189=LINE('',#10017,#4699);
#4190=LINE('',#10019,#4700);
#4191=LINE('',#10021,#4701);
#4192=LINE('',#10023,#4702);
#4193=LINE('',#10025,#4703);
#4194=LINE('',#10027,#4704);
#4195=LINE('',#10029,#4705);
#4196=LINE('',#10031,#4706);
#4197=LINE('',#10033,#4707);
#4198=LINE('',#10036,#4708);
#4199=LINE('',#10038,#4709);
#4200=LINE('',#10040,#4710);
#4201=LINE('',#10044,#4711);
#4202=LINE('',#10046,#4712);
#4203=LINE('',#10049,#4713);
#4204=LINE('',#10050,#4714);
#4205=LINE('',#10052,#4715);
#4206=LINE('',#10054,#4716);
#4207=LINE('',#10056,#4717);
#4208=LINE('',#10058,#4718);
#4209=LINE('',#10060,#4719);
#4210=LINE('',#10062,#4720);
#4211=LINE('',#10064,#4721);
#4212=LINE('',#10068,#4722);
#4213=LINE('',#10070,#4723);
#4214=LINE('',#10074,#4724);
#4215=LINE('',#10077,#4725);
#4216=LINE('',#10079,#4726);
#4217=LINE('',#10082,#4727);
#4218=LINE('',#10085,#4728);
#4219=LINE('',#10086,#4729);
#4220=LINE('',#10091,#4730);
#4221=LINE('',#10094,#4731);
#4222=LINE('',#10095,#4732);
#4223=LINE('',#10102,#4733);
#4224=LINE('',#10106,#4734);
#4225=LINE('',#10117,#4735);
#4226=LINE('',#10122,#4736);
#4227=LINE('',#10128,#4737);
#4228=LINE('',#10131,#4738);
#4229=LINE('',#10132,#4739);
#4230=LINE('',#10134,#4740);
#4231=LINE('',#10136,#4741);
#4232=LINE('',#10140,#4742);
#4233=LINE('',#10142,#4743);
#4234=LINE('',#10145,#4744);
#4235=LINE('',#10146,#4745);
#4236=LINE('',#10150,#4746);
#4237=LINE('',#10152,#4747);
#4238=LINE('',#10154,#4748);
#4239=LINE('',#10156,#4749);
#4240=LINE('',#10159,#4750);
#4241=LINE('',#10160,#4751);
#4242=LINE('',#10164,#4752);
#4243=LINE('',#10166,#4753);
#4244=LINE('',#10168,#4754);
#4245=LINE('',#10170,#4755);
#4246=LINE('',#10173,#4756);
#4247=LINE('',#10174,#4757);
#4248=LINE('',#10178,#4758);
#4249=LINE('',#10180,#4759);
#4250=LINE('',#10182,#4760);
#4251=LINE('',#10184,#4761);
#4252=LINE('',#10187,#4762);
#4253=LINE('',#10188,#4763);
#4254=LINE('',#10190,#4764);
#4255=LINE('',#10192,#4765);
#4256=LINE('',#10194,#4766);
#4257=LINE('',#10196,#4767);
#4258=LINE('',#10198,#4768);
#4259=LINE('',#10201,#4769);
#4260=LINE('',#10202,#4770);
#4261=LINE('',#10204,#4771);
#4262=LINE('',#10206,#4772);
#4263=LINE('',#10208,#4773);
#4264=LINE('',#10210,#4774);
#4265=LINE('',#10214,#4775);
#4266=LINE('',#10216,#4776);
#4267=LINE('',#10218,#4777);
#4268=LINE('',#10220,#4778);
#4269=LINE('',#10222,#4779);
#4270=LINE('',#10224,#4780);
#4271=LINE('',#10232,#4781);
#4272=LINE('',#10234,#4782);
#4273=LINE('',#10236,#4783);
#4274=LINE('',#10238,#4784);
#4275=LINE('',#10240,#4785);
#4276=LINE('',#10242,#4786);
#4277=LINE('',#10244,#4787);
#4278=LINE('',#10246,#4788);
#4279=LINE('',#10248,#4789);
#4280=LINE('',#10251,#4790);
#4281=LINE('',#10252,#4791);
#4282=LINE('',#10254,#4792);
#4283=LINE('',#10256,#4793);
#4284=LINE('',#10258,#4794);
#4285=LINE('',#10262,#4795);
#4286=LINE('',#10267,#4796);
#4287=LINE('',#10268,#4797);
#4288=LINE('',#10271,#4798);
#4289=LINE('',#10273,#4799);
#4290=LINE('',#10338,#4800);
#4291=LINE('',#10339,#4801);
#4292=LINE('',#10341,#4802);
#4293=LINE('',#10342,#4803);
#4294=VECTOR('',#6651,1.);
#4295=VECTOR('',#6654,1.);
#4296=VECTOR('',#6661,1.);
#4297=VECTOR('',#6666,1.);
#4298=VECTOR('',#6667,1.);
#4299=VECTOR('',#6668,1.);
#4300=VECTOR('',#6669,1.);
#4301=VECTOR('',#6672,1.);
#4302=VECTOR('',#6675,1.);
#4303=VECTOR('',#6676,1.);
#4304=VECTOR('',#6677,1.);
#4305=VECTOR('',#6680,1.);
#4306=VECTOR('',#6681,1.);
#4307=VECTOR('',#6684,1.);
#4308=VECTOR('',#6685,1.);
#4309=VECTOR('',#6686,1.);
#4310=VECTOR('',#6687,1.);
#4311=VECTOR('',#6688,1.);
#4312=VECTOR('',#6693,1.);
#4313=VECTOR('',#6694,1.);
#4314=VECTOR('',#6695,1.);
#4315=VECTOR('',#6696,1.);
#4316=VECTOR('',#6697,1.);
#4317=VECTOR('',#6698,1.);
#4318=VECTOR('',#6699,1.);
#4319=VECTOR('',#6706,1.);
#4320=VECTOR('',#6707,1.);
#4321=VECTOR('',#6708,1.);
#4322=VECTOR('',#6711,1.);
#4323=VECTOR('',#6714,1.);
#4324=VECTOR('',#6715,1.);
#4325=VECTOR('',#6716,1.);
#4326=VECTOR('',#6717,1.);
#4327=VECTOR('',#6718,1.);
#4328=VECTOR('',#6721,1.);
#4329=VECTOR('',#6726,1.);
#4330=VECTOR('',#6731,1.);
#4331=VECTOR('',#6732,1.);
#4332=VECTOR('',#6735,1.);
#4333=VECTOR('',#6738,1.);
#4334=VECTOR('',#6739,1.);
#4335=VECTOR('',#6740,1.);
#4336=VECTOR('',#6741,1.);
#4337=VECTOR('',#6742,1.);
#4338=VECTOR('',#6743,1.);
#4339=VECTOR('',#6744,1.);
#4340=VECTOR('',#6745,1.);
#4341=VECTOR('',#6748,1.);
#4342=VECTOR('',#6749,1.);
#4343=VECTOR('',#6752,1.);
#4344=VECTOR('',#6753,1.);
#4345=VECTOR('',#6754,1.);
#4346=VECTOR('',#6755,1.);
#4347=VECTOR('',#6756,1.);
#4348=VECTOR('',#6757,1.);
#4349=VECTOR('',#6758,1.);
#4350=VECTOR('',#6759,1.);
#4351=VECTOR('',#6760,1.);
#4352=VECTOR('',#6763,1.);
#4353=VECTOR('',#6764,1.);
#4354=VECTOR('',#6765,1.);
#4355=VECTOR('',#6768,1.);
#4356=VECTOR('',#6769,1.);
#4357=VECTOR('',#6770,1.);
#4358=VECTOR('',#6773,1.);
#4359=VECTOR('',#6774,1.);
#4360=VECTOR('',#6775,1.);
#4361=VECTOR('',#6776,1.);
#4362=VECTOR('',#6779,1.);
#4363=VECTOR('',#6780,1.);
#4364=VECTOR('',#6783,1.);
#4365=VECTOR('',#6786,1.);
#4366=VECTOR('',#6787,1.);
#4367=VECTOR('',#6788,1.);
#4368=VECTOR('',#6793,1.);
#4369=VECTOR('',#6794,1.);
#4370=VECTOR('',#6795,1.);
#4371=VECTOR('',#6796,1.);
#4372=VECTOR('',#6799,1.);
#4373=VECTOR('',#6800,1.);
#4374=VECTOR('',#6801,1.);
#4375=VECTOR('',#6802,1.);
#4376=VECTOR('',#6803,1.);
#4377=VECTOR('',#6804,1.);
#4378=VECTOR('',#6805,1.);
#4379=VECTOR('',#6806,1.);
#4380=VECTOR('',#6811,1.);
#4381=VECTOR('',#6812,1.);
#4382=VECTOR('',#6815,1.);
#4383=VECTOR('',#6820,1.);
#4384=VECTOR('',#6821,1.);
#4385=VECTOR('',#6822,1.);
#4386=VECTOR('',#6823,1.);
#4387=VECTOR('',#6824,1.);
#4388=VECTOR('',#6827,1.);
#4389=VECTOR('',#6834,1.);
#4390=VECTOR('',#6835,1.);
#4391=VECTOR('',#6836,1.);
#4392=VECTOR('',#6839,1.);
#4393=VECTOR('',#6840,1.);
#4394=VECTOR('',#6841,1.);
#4395=VECTOR('',#6842,1.);
#4396=VECTOR('',#6843,1.);
#4397=VECTOR('',#6846,1.);
#4398=VECTOR('',#6849,1.);
#4399=VECTOR('',#6856,1.);
#4400=VECTOR('',#6861,1.);
#4401=VECTOR('',#6862,1.);
#4402=VECTOR('',#6863,1.);
#4403=VECTOR('',#6866,1.);
#4404=VECTOR('',#6867,1.);
#4405=VECTOR('',#6870,1.);
#4406=VECTOR('',#6873,1.);
#4407=VECTOR('',#6876,1.);
#4408=VECTOR('',#6881,1.);
#4409=VECTOR('',#6882,1.);
#4410=VECTOR('',#6885,1.);
#4411=VECTOR('',#6888,1.);
#4412=VECTOR('',#6889,1.);
#4413=VECTOR('',#6892,1.);
#4414=VECTOR('',#6893,1.);
#4415=VECTOR('',#6896,1.);
#4416=VECTOR('',#6897,1.);
#4417=VECTOR('',#6898,1.);
#4418=VECTOR('',#6899,1.);
#4419=VECTOR('',#6900,1.);
#4420=VECTOR('',#6901,1.);
#4421=VECTOR('',#6902,1.);
#4422=VECTOR('',#6903,1.);
#4423=VECTOR('',#6904,1.);
#4424=VECTOR('',#6905,1.);
#4425=VECTOR('',#6906,1.);
#4426=VECTOR('',#6909,1.);
#4427=VECTOR('',#6910,1.);
#4428=VECTOR('',#6911,1.);
#4429=VECTOR('',#6914,1.);
#4430=VECTOR('',#6915,1.);
#4431=VECTOR('',#6916,1.);
#4432=VECTOR('',#6919,1.);
#4433=VECTOR('',#6920,1.);
#4434=VECTOR('',#6923,1.);
#4435=VECTOR('',#6926,1.);
#4436=VECTOR('',#6935,1.);
#4437=VECTOR('',#6938,1.);
#4438=VECTOR('',#6943,1.);
#4439=VECTOR('',#6946,1.);
#4440=VECTOR('',#6951,1.);
#4441=VECTOR('',#6954,1.);
#4442=VECTOR('',#6959,1.);
#4443=VECTOR('',#6962,1.);
#4444=VECTOR('',#6993,1.);
#4445=VECTOR('',#6996,1.);
#4446=VECTOR('',#7001,1.);
#4447=VECTOR('',#7004,1.);
#4448=VECTOR('',#7009,1.);
#4449=VECTOR('',#7012,1.);
#4450=VECTOR('',#7041,1.);
#4451=VECTOR('',#7044,1.);
#4452=VECTOR('',#7051,1.);
#4453=VECTOR('',#7054,1.);
#4454=VECTOR('',#7059,1.);
#4455=VECTOR('',#7062,1.);
#4456=VECTOR('',#7091,1.);
#4457=VECTOR('',#7094,1.);
#4458=VECTOR('',#7101,1.);
#4459=VECTOR('',#7104,1.);
#4460=VECTOR('',#7109,1.);
#4461=VECTOR('',#7112,1.);
#4462=VECTOR('',#7169,1.);
#4463=VECTOR('',#7170,1.);
#4464=VECTOR('',#7181,1.);
#4465=VECTOR('',#7182,1.);
#4466=VECTOR('',#7193,1.);
#4467=VECTOR('',#7194,1.);
#4468=VECTOR('',#7205,1.);
#4469=VECTOR('',#7208,1.);
#4470=VECTOR('',#7229,1.);
#4471=VECTOR('',#7232,1.);
#4472=VECTOR('',#7261,1.);
#4473=VECTOR('',#7262,1.);
#4474=VECTOR('',#7265,1.);
#4475=VECTOR('',#7268,1.);
#4476=VECTOR('',#7271,1.);
#4477=VECTOR('',#7274,1.);
#4478=VECTOR('',#7277,1.);
#4479=VECTOR('',#7280,1.);
#4480=VECTOR('',#7283,1.);
#4481=VECTOR('',#7286,1.);
#4482=VECTOR('',#7291,1.);
#4483=VECTOR('',#7292,1.);
#4484=VECTOR('',#7293,1.);
#4485=VECTOR('',#7298,1.);
#4486=VECTOR('',#7301,1.);
#4487=VECTOR('',#7304,1.);
#4488=VECTOR('',#7307,1.);
#4489=VECTOR('',#7312,1.);
#4490=VECTOR('',#7315,1.);
#4491=VECTOR('',#7318,1.);
#4492=VECTOR('',#7323,1.);
#4493=VECTOR('',#7326,1.);
#4494=VECTOR('',#7327,1.);
#4495=VECTOR('',#7332,1.);
#4496=VECTOR('',#7333,1.);
#4497=VECTOR('',#7338,1.);
#4498=VECTOR('',#7339,1.);
#4499=VECTOR('',#7346,1.);
#4500=VECTOR('',#7349,1.);
#4501=VECTOR('',#7350,1.);
#4502=VECTOR('',#7355,1.);
#4503=VECTOR('',#7356,1.);
#4504=VECTOR('',#7361,1.);
#4505=VECTOR('',#7362,1.);
#4506=VECTOR('',#7373,1.);
#4507=VECTOR('',#7376,1.);
#4508=VECTOR('',#7377,1.);
#4509=VECTOR('',#7378,1.);
#4510=VECTOR('',#7381,1.);
#4511=VECTOR('',#7388,1.);
#4512=VECTOR('',#7389,1.);
#4513=VECTOR('',#7390,1.);
#4514=VECTOR('',#7393,1.);
#4515=VECTOR('',#7400,1.);
#4516=VECTOR('',#7401,1.);
#4517=VECTOR('',#7402,1.);
#4518=VECTOR('',#7407,1.);
#4519=VECTOR('',#7412,1.);
#4520=VECTOR('',#7413,1.);
#4521=VECTOR('',#7414,1.);
#4522=VECTOR('',#7421,1.);
#4523=VECTOR('',#7424,1.);
#4524=VECTOR('',#7425,1.);
#4525=VECTOR('',#7426,1.);
#4526=VECTOR('',#7431,1.);
#4527=VECTOR('',#7436,1.);
#4528=VECTOR('',#7437,1.);
#4529=VECTOR('',#7438,1.);
#4530=VECTOR('',#7443,1.);
#4531=VECTOR('',#7448,1.);
#4532=VECTOR('',#7449,1.);
#4533=VECTOR('',#7450,1.);
#4534=VECTOR('',#7455,1.);
#4535=VECTOR('',#7460,1.);
#4536=VECTOR('',#7461,1.);
#4537=VECTOR('',#7462,1.);
#4538=VECTOR('',#7471,1.);
#4539=VECTOR('',#7472,1.);
#4540=VECTOR('',#7481,1.);
#4541=VECTOR('',#7484,1.);
#4542=VECTOR('',#7485,1.);
#4543=VECTOR('',#7486,1.);
#4544=VECTOR('',#7489,1.);
#4545=VECTOR('',#7496,1.);
#4546=VECTOR('',#7497,1.);
#4547=VECTOR('',#7498,1.);
#4548=VECTOR('',#7501,1.);
#4549=VECTOR('',#7508,1.);
#4550=VECTOR('',#7509,1.);
#4551=VECTOR('',#7510,1.);
#4552=VECTOR('',#7515,1.);
#4553=VECTOR('',#7520,1.);
#4554=VECTOR('',#7521,1.);
#4555=VECTOR('',#7522,1.);
#4556=VECTOR('',#7529,1.);
#4557=VECTOR('',#7532,1.);
#4558=VECTOR('',#7533,1.);
#4559=VECTOR('',#7534,1.);
#4560=VECTOR('',#7539,1.);
#4561=VECTOR('',#7544,1.);
#4562=VECTOR('',#7545,1.);
#4563=VECTOR('',#7546,1.);
#4564=VECTOR('',#7551,1.);
#4565=VECTOR('',#7556,1.);
#4566=VECTOR('',#7557,1.);
#4567=VECTOR('',#7558,1.);
#4568=VECTOR('',#7563,1.);
#4569=VECTOR('',#7568,1.);
#4570=VECTOR('',#7569,1.);
#4571=VECTOR('',#7570,1.);
#4572=VECTOR('',#7579,1.);
#4573=VECTOR('',#7580,1.);
#4574=VECTOR('',#7585,1.);
#4575=VECTOR('',#7586,1.);
#4576=VECTOR('',#7589,1.);
#4577=VECTOR('',#7592,1.);
#4578=VECTOR('',#7595,1.);
#4579=VECTOR('',#7598,1.);
#4580=VECTOR('',#7601,1.);
#4581=VECTOR('',#7604,1.);
#4582=VECTOR('',#7607,1.);
#4583=VECTOR('',#7610,1.);
#4584=VECTOR('',#7615,1.);
#4585=VECTOR('',#7616,1.);
#4586=VECTOR('',#7617,1.);
#4587=VECTOR('',#7622,1.);
#4588=VECTOR('',#7625,1.);
#4589=VECTOR('',#7628,1.);
#4590=VECTOR('',#7631,1.);
#4591=VECTOR('',#7636,1.);
#4592=VECTOR('',#7639,1.);
#4593=VECTOR('',#7642,1.);
#4594=VECTOR('',#7647,1.);
#4595=VECTOR('',#7650,1.);
#4596=VECTOR('',#7651,1.);
#4597=VECTOR('',#7656,1.);
#4598=VECTOR('',#7657,1.);
#4599=VECTOR('',#7662,1.);
#4600=VECTOR('',#7663,1.);
#4601=VECTOR('',#7670,1.);
#4602=VECTOR('',#7673,1.);
#4603=VECTOR('',#7674,1.);
#4604=VECTOR('',#7679,1.);
#4605=VECTOR('',#7680,1.);
#4606=VECTOR('',#7685,1.);
#4607=VECTOR('',#7686,1.);
#4608=VECTOR('',#7693,1.);
#4609=VECTOR('',#7694,1.);
#4610=VECTOR('',#7695,1.);
#4611=VECTOR('',#7696,1.);
#4612=VECTOR('',#7697,1.);
#4613=VECTOR('',#7700,1.);
#4614=VECTOR('',#7701,1.);
#4615=VECTOR('',#7702,1.);
#4616=VECTOR('',#7703,1.);
#4617=VECTOR('',#7704,1.);
#4618=VECTOR('',#7705,1.);
#4619=VECTOR('',#7706,1.);
#4620=VECTOR('',#7707,1.);
#4621=VECTOR('',#7708,1.);
#4622=VECTOR('',#7711,1.);
#4623=VECTOR('',#7714,1.);
#4624=VECTOR('',#7715,1.);
#4625=VECTOR('',#7718,1.);
#4626=VECTOR('',#7719,1.);
#4627=VECTOR('',#7722,1.);
#4628=VECTOR('',#7723,1.);
#4629=VECTOR('',#7726,1.);
#4630=VECTOR('',#7727,1.);
#4631=VECTOR('',#7730,1.);
#4632=VECTOR('',#7733,1.);
#4633=VECTOR('',#7734,1.);
#4634=VECTOR('',#7735,1.);
#4635=VECTOR('',#7736,1.);
#4636=VECTOR('',#7739,1.);
#4637=VECTOR('',#7740,1.);
#4638=VECTOR('',#7741,1.);
#4639=VECTOR('',#7744,1.);
#4640=VECTOR('',#7751,1.);
#4641=VECTOR('',#7752,1.);
#4642=VECTOR('',#7759,1.);
#4643=VECTOR('',#7760,1.);
#4644=VECTOR('',#7761,1.);
#4645=VECTOR('',#7762,1.);
#4646=VECTOR('',#7763,1.);
#4647=VECTOR('',#7764,1.);
#4648=VECTOR('',#7765,1.);
#4649=VECTOR('',#7766,1.);
#4650=VECTOR('',#7769,1.);
#4651=VECTOR('',#7770,1.);
#4652=VECTOR('',#7771,1.);
#4653=VECTOR('',#7782,1.);
#4654=VECTOR('',#7783,1.);
#4655=VECTOR('',#7784,1.);
#4656=VECTOR('',#7787,1.);
#4657=VECTOR('',#7788,1.);
#4658=VECTOR('',#7793,1.);
#4659=VECTOR('',#7796,1.);
#4660=VECTOR('',#7797,1.);
#4661=VECTOR('',#7798,1.);
#4662=VECTOR('',#7801,1.);
#4663=VECTOR('',#7802,1.);
#4664=VECTOR('',#7805,1.);
#4665=VECTOR('',#7806,1.);
#4666=VECTOR('',#7809,1.);
#4667=VECTOR('',#7810,1.);
#4668=VECTOR('',#7811,1.);
#4669=VECTOR('',#7814,1.);
#4670=VECTOR('',#7815,1.);
#4671=VECTOR('',#7818,1.);
#4672=VECTOR('',#7819,1.);
#4673=VECTOR('',#7822,1.);
#4674=VECTOR('',#7823,1.);
#4675=VECTOR('',#7824,1.);
#4676=VECTOR('',#7827,1.);
#4677=VECTOR('',#7828,1.);
#4678=VECTOR('',#7831,1.);
#4679=VECTOR('',#7832,1.);
#4680=VECTOR('',#7835,1.);
#4681=VECTOR('',#7836,1.);
#4682=VECTOR('',#7837,1.);
#4683=VECTOR('',#7840,1.);
#4684=VECTOR('',#7841,1.);
#4685=VECTOR('',#7844,1.);
#4686=VECTOR('',#7845,1.);
#4687=VECTOR('',#7848,1.);
#4688=VECTOR('',#7849,1.);
#4689=VECTOR('',#7850,1.);
#4690=VECTOR('',#7853,1.);
#4691=VECTOR('',#7854,1.);
#4692=VECTOR('',#7857,1.);
#4693=VECTOR('',#7858,1.);
#4694=VECTOR('',#7873,1.);
#4695=VECTOR('',#7876,1.);
#4696=VECTOR('',#7879,1.);
#4697=VECTOR('',#7896,1.);
#4698=VECTOR('',#7897,1.);
#4699=VECTOR('',#7898,1.);
#4700=VECTOR('',#7901,1.);
#4701=VECTOR('',#7902,1.);
#4702=VECTOR('',#7905,1.);
#4703=VECTOR('',#7906,1.);
#4704=VECTOR('',#7907,1.);
#4705=VECTOR('',#7910,1.);
#4706=VECTOR('',#7911,1.);
#4707=VECTOR('',#7914,1.);
#4708=VECTOR('',#7915,1.);
#4709=VECTOR('',#7916,1.);
#4710=VECTOR('',#7917,1.);
#4711=VECTOR('',#7924,1.);
#4712=VECTOR('',#7927,1.);
#4713=VECTOR('',#7928,1.);
#4714=VECTOR('',#7929,1.);
#4715=VECTOR('',#7932,1.);
#4716=VECTOR('',#7935,1.);
#4717=VECTOR('',#7936,1.);
#4718=VECTOR('',#7937,1.);
#4719=VECTOR('',#7940,1.);
#4720=VECTOR('',#7941,1.);
#4721=VECTOR('',#7944,1.);
#4722=VECTOR('',#7949,1.);
#4723=VECTOR('',#7952,1.);
#4724=VECTOR('',#7955,1.);
#4725=VECTOR('',#7960,1.);
#4726=VECTOR('',#7963,1.);
#4727=VECTOR('',#7968,1.);
#4728=VECTOR('',#7969,1.);
#4729=VECTOR('',#7970,1.);
#4730=VECTOR('',#7979,1.);
#4731=VECTOR('',#7980,1.);
#4732=VECTOR('',#7981,1.);
#4733=VECTOR('',#7992,1.);
#4734=VECTOR('',#7995,1.);
#4735=VECTOR('',#8002,1.);
#4736=VECTOR('',#8003,1.);
#4737=VECTOR('',#8012,1.);
#4738=VECTOR('',#8013,1.);
#4739=VECTOR('',#8014,1.);
#4740=VECTOR('',#8017,1.);
#4741=VECTOR('',#8018,1.);
#4742=VECTOR('',#8023,1.);
#4743=VECTOR('',#8026,1.);
#4744=VECTOR('',#8027,1.);
#4745=VECTOR('',#8028,1.);
#4746=VECTOR('',#8033,1.);
#4747=VECTOR('',#8036,1.);
#4748=VECTOR('',#8037,1.);
#4749=VECTOR('',#8040,1.);
#4750=VECTOR('',#8041,1.);
#4751=VECTOR('',#8042,1.);
#4752=VECTOR('',#8047,1.);
#4753=VECTOR('',#8050,1.);
#4754=VECTOR('',#8051,1.);
#4755=VECTOR('',#8054,1.);
#4756=VECTOR('',#8055,1.);
#4757=VECTOR('',#8056,1.);
#4758=VECTOR('',#8061,1.);
#4759=VECTOR('',#8064,1.);
#4760=VECTOR('',#8065,1.);
#4761=VECTOR('',#8068,1.);
#4762=VECTOR('',#8069,1.);
#4763=VECTOR('',#8070,1.);
#4764=VECTOR('',#8073,1.);
#4765=VECTOR('',#8074,1.);
#4766=VECTOR('',#8077,1.);
#4767=VECTOR('',#8078,1.);
#4768=VECTOR('',#8081,1.);
#4769=VECTOR('',#8082,1.);
#4770=VECTOR('',#8083,1.);
#4771=VECTOR('',#8086,1.);
#4772=VECTOR('',#8087,1.);
#4773=VECTOR('',#8090,1.);
#4774=VECTOR('',#8091,1.);
#4775=VECTOR('',#8098,1.);
#4776=VECTOR('',#8101,1.);
#4777=VECTOR('',#8104,1.);
#4778=VECTOR('',#8107,1.);
#4779=VECTOR('',#8110,1.);
#4780=VECTOR('',#8113,1.);
#4781=VECTOR('',#8128,1.);
#4782=VECTOR('',#8129,1.);
#4783=VECTOR('',#8132,1.);
#4784=VECTOR('',#8133,1.);
#4785=VECTOR('',#8136,1.);
#4786=VECTOR('',#8137,1.);
#4787=VECTOR('',#8138,1.);
#4788=VECTOR('',#8141,1.);
#4789=VECTOR('',#8144,1.);
#4790=VECTOR('',#8145,1.);
#4791=VECTOR('',#8146,1.);
#4792=VECTOR('',#8149,1.);
#4793=VECTOR('',#8150,1.);
#4794=VECTOR('',#8153,1.);
#4795=VECTOR('',#8158,1.);
#4796=VECTOR('',#8163,1.);
#4797=VECTOR('',#8164,1.);
#4798=VECTOR('',#8169,1.);
#4799=VECTOR('',#8172,1.);
#4800=VECTOR('',#8285,1.);
#4801=VECTOR('',#8286,1.);
#4802=VECTOR('',#8289,1.);
#4803=VECTOR('',#8290,1.);
#4804=EDGE_LOOP('',(#608,#609,#610,#611));
#4805=EDGE_LOOP('',(#612,#613,#614,#615));
#4806=EDGE_LOOP('',(#616,#617,#618,#619,#620,#621,#622,#623,#624,#625,#626,
#627,#628));
#4807=EDGE_LOOP('',(#629,#630,#631,#632,#633,#634));
#4808=EDGE_LOOP('',(#635,#636,#637,#638,#639,#640,#641,#642));
#4809=EDGE_LOOP('',(#643,#644,#645,#646));
#4810=EDGE_LOOP('',(#647,#648,#649,#650,#651,#652,#653,#654,#655,#656,#657,
#658,#659,#660));
#4811=EDGE_LOOP('',(#661,#662,#663,#664));
#4812=EDGE_LOOP('',(#665,#666,#667,#668,#669,#670,#671,#672));
#4813=EDGE_LOOP('',(#673,#674,#675,#676));
#4814=EDGE_LOOP('',(#677,#678,#679,#680));
#4815=EDGE_LOOP('',(#681,#682,#683,#684));
#4816=EDGE_LOOP('',(#685,#686,#687,#688));
#4817=EDGE_LOOP('',(#689,#690,#691,#692));
#4818=EDGE_LOOP('',(#693,#694,#695,#696));
#4819=EDGE_LOOP('',(#697,#698,#699,#700));
#4820=EDGE_LOOP('',(#701,#702,#703,#704));
#4821=EDGE_LOOP('',(#705,#706,#707,#708,#709));
#4822=EDGE_LOOP('',(#710,#711,#712,#713));
#4823=EDGE_LOOP('',(#714,#715,#716,#717,#718,#719,#720,#721,#722));
#4824=EDGE_LOOP('',(#723,#724,#725,#726,#727));
#4825=EDGE_LOOP('',(#728,#729,#730,#731,#732));
#4826=EDGE_LOOP('',(#733,#734,#735,#736,#737));
#4827=EDGE_LOOP('',(#738,#739,#740,#741,#742,#743,#744,#745,#746));
#4828=EDGE_LOOP('',(#747,#748,#749,#750,#751,#752,#753,#754,#755,#756,#757,
#758));
#4829=EDGE_LOOP('',(#759,#760,#761,#762,#763,#764,#765,#766,#767,#768,#769,
#770,#771,#772,#773));
#4830=EDGE_LOOP('',(#774,#775,#776,#777));
#4831=EDGE_LOOP('',(#778,#779,#780,#781));
#4832=EDGE_LOOP('',(#782,#783,#784,#785,#786,#787,#788,#789));
#4833=EDGE_LOOP('',(#790,#791,#792,#793));
#4834=EDGE_LOOP('',(#794,#795,#796,#797));
#4835=EDGE_LOOP('',(#798,#799,#800,#801));
#4836=EDGE_LOOP('',(#802,#803,#804,#805));
#4837=EDGE_LOOP('',(#806,#807,#808,#809));
#4838=EDGE_LOOP('',(#810,#811,#812,#813));
#4839=EDGE_LOOP('',(#814,#815,#816,#817));
#4840=EDGE_LOOP('',(#818,#819,#820,#821));
#4841=EDGE_LOOP('',(#822,#823,#824,#825,#826));
#4842=EDGE_LOOP('',(#827,#828,#829,#830));
#4843=EDGE_LOOP('',(#831,#832,#833,#834));
#4844=EDGE_LOOP('',(#835,#836,#837,#838));
#4845=EDGE_LOOP('',(#839,#840,#841,#842));
#4846=EDGE_LOOP('',(#843,#844,#845,#846));
#4847=EDGE_LOOP('',(#847,#848,#849,#850));
#4848=EDGE_LOOP('',(#851,#852,#853,#854));
#4849=EDGE_LOOP('',(#855,#856,#857,#858));
#4850=EDGE_LOOP('',(#859,#860,#861,#862));
#4851=EDGE_LOOP('',(#863,#864,#865,#866));
#4852=EDGE_LOOP('',(#867,#868,#869,#870));
#4853=EDGE_LOOP('',(#871,#872,#873,#874));
#4854=EDGE_LOOP('',(#875,#876,#877,#878));
#4855=EDGE_LOOP('',(#879,#880,#881,#882));
#4856=EDGE_LOOP('',(#883,#884,#885,#886));
#4857=EDGE_LOOP('',(#887,#888,#889,#890));
#4858=EDGE_LOOP('',(#891,#892,#893,#894));
#4859=EDGE_LOOP('',(#895,#896,#897,#898));
#4860=EDGE_LOOP('',(#899,#900,#901,#902));
#4861=EDGE_LOOP('',(#903,#904,#905,#906));
#4862=EDGE_LOOP('',(#907,#908,#909,#910));
#4863=EDGE_LOOP('',(#911,#912,#913,#914));
#4864=EDGE_LOOP('',(#915,#916,#917,#918));
#4865=EDGE_LOOP('',(#919,#920,#921,#922));
#4866=EDGE_LOOP('',(#923,#924,#925,#926));
#4867=EDGE_LOOP('',(#927,#928,#929,#930));
#4868=EDGE_LOOP('',(#931,#932,#933,#934));
#4869=EDGE_LOOP('',(#935,#936,#937,#938));
#4870=EDGE_LOOP('',(#939,#940,#941,#942));
#4871=EDGE_LOOP('',(#943,#944,#945,#946));
#4872=EDGE_LOOP('',(#947,#948,#949,#950));
#4873=EDGE_LOOP('',(#951,#952,#953,#954));
#4874=EDGE_LOOP('',(#955,#956,#957,#958));
#4875=EDGE_LOOP('',(#959,#960,#961,#962));
#4876=EDGE_LOOP('',(#963));
#4877=EDGE_LOOP('',(#964,#965,#966,#967,#968,#969,#970,#971));
#4878=EDGE_LOOP('',(#972,#973,#974,#975));
#4879=EDGE_LOOP('',(#976,#977,#978,#979));
#4880=EDGE_LOOP('',(#980,#981,#982,#983));
#4881=EDGE_LOOP('',(#984,#985,#986,#987));
#4882=EDGE_LOOP('',(#988,#989,#990,#991));
#4883=EDGE_LOOP('',(#992,#993,#994,#995));
#4884=EDGE_LOOP('',(#996,#997,#998,#999));
#4885=EDGE_LOOP('',(#1000));
#4886=EDGE_LOOP('',(#1001,#1002,#1003,#1004,#1005,#1006,#1007,#1008));
#4887=EDGE_LOOP('',(#1009,#1010,#1011,#1012));
#4888=EDGE_LOOP('',(#1013,#1014,#1015,#1016));
#4889=EDGE_LOOP('',(#1017,#1018,#1019,#1020));
#4890=EDGE_LOOP('',(#1021,#1022,#1023,#1024));
#4891=EDGE_LOOP('',(#1025));
#4892=EDGE_LOOP('',(#1026));
#4893=EDGE_LOOP('',(#1027));
#4894=EDGE_LOOP('',(#1028));
#4895=EDGE_LOOP('',(#1029));
#4896=EDGE_LOOP('',(#1030));
#4897=EDGE_LOOP('',(#1031));
#4898=EDGE_LOOP('',(#1032));
#4899=EDGE_LOOP('',(#1033));
#4900=EDGE_LOOP('',(#1034,#1035));
#4901=EDGE_LOOP('',(#1036));
#4902=EDGE_LOOP('',(#1037));
#4903=EDGE_LOOP('',(#1038));
#4904=EDGE_LOOP('',(#1039,#1040,#1041,#1042,#1043,#1044,#1045,#1046,#1047,
#1048,#1049,#1050,#1051,#1052,#1053,#1054,#1055,#1056,#1057,#1058,#1059,
#1060,#1061,#1062,#1063,#1064,#1065,#1066,#1067,#1068,#1069,#1070,#1071,
#1072,#1073,#1074,#1075,#1076,#1077,#1078,#1079,#1080));
#4905=EDGE_LOOP('',(#1081,#1082,#1083,#1084));
#4906=EDGE_LOOP('',(#1085,#1086,#1087,#1088,#1089,#1090,#1091,#1092,#1093,
#1094,#1095,#1096,#1097,#1098,#1099,#1100,#1101,#1102,#1103,#1104));
#4907=EDGE_LOOP('',(#1105,#1106,#1107,#1108));
#4908=EDGE_LOOP('',(#1109,#1110,#1111,#1112));
#4909=EDGE_LOOP('',(#1113,#1114,#1115,#1116));
#4910=EDGE_LOOP('',(#1117,#1118,#1119,#1120));
#4911=EDGE_LOOP('',(#1121,#1122,#1123,#1124));
#4912=EDGE_LOOP('',(#1125,#1126,#1127,#1128));
#4913=EDGE_LOOP('',(#1129,#1130,#1131,#1132));
#4914=EDGE_LOOP('',(#1133,#1134,#1135));
#4915=EDGE_LOOP('',(#1136,#1137,#1138,#1139));
#4916=EDGE_LOOP('',(#1140,#1141,#1142,#1143));
#4917=EDGE_LOOP('',(#1144,#1145,#1146,#1147));
#4918=EDGE_LOOP('',(#1148,#1149,#1150,#1151));
#4919=EDGE_LOOP('',(#1152,#1153,#1154,#1155));
#4920=EDGE_LOOP('',(#1156,#1157,#1158,#1159));
#4921=EDGE_LOOP('',(#1160,#1161,#1162,#1163));
#4922=EDGE_LOOP('',(#1164,#1165,#1166));
#4923=EDGE_LOOP('',(#1167,#1168,#1169));
#4924=EDGE_LOOP('',(#1170,#1171,#1172,#1173));
#4925=EDGE_LOOP('',(#1174,#1175,#1176,#1177));
#4926=EDGE_LOOP('',(#1178,#1179,#1180,#1181));
#4927=EDGE_LOOP('',(#1182,#1183,#1184,#1185));
#4928=EDGE_LOOP('',(#1186,#1187,#1188,#1189));
#4929=EDGE_LOOP('',(#1190,#1191,#1192,#1193));
#4930=EDGE_LOOP('',(#1194,#1195,#1196,#1197));
#4931=EDGE_LOOP('',(#1198,#1199,#1200,#1201));
#4932=EDGE_LOOP('',(#1202,#1203,#1204,#1205));
#4933=EDGE_LOOP('',(#1206,#1207,#1208,#1209));
#4934=EDGE_LOOP('',(#1210,#1211,#1212,#1213));
#4935=EDGE_LOOP('',(#1214,#1215,#1216,#1217));
#4936=EDGE_LOOP('',(#1218,#1219,#1220,#1221));
#4937=EDGE_LOOP('',(#1222,#1223,#1224,#1225));
#4938=EDGE_LOOP('',(#1226,#1227,#1228,#1229));
#4939=EDGE_LOOP('',(#1230,#1231,#1232));
#4940=EDGE_LOOP('',(#1233,#1234,#1235,#1236,#1237,#1238,#1239,#1240,#1241,
#1242,#1243,#1244,#1245,#1246,#1247,#1248,#1249,#1250,#1251,#1252,#1253,
#1254,#1255,#1256,#1257,#1258,#1259,#1260,#1261,#1262,#1263,#1264,#1265,
#1266,#1267,#1268,#1269,#1270,#1271,#1272,#1273,#1274));
#4941=EDGE_LOOP('',(#1275,#1276,#1277,#1278,#1279,#1280,#1281,#1282,#1283,
#1284,#1285,#1286,#1287,#1288,#1289,#1290,#1291,#1292,#1293,#1294));
#4942=EDGE_LOOP('',(#1295,#1296,#1297));
#4943=EDGE_LOOP('',(#1298,#1299,#1300,#1301));
#4944=EDGE_LOOP('',(#1302,#1303,#1304,#1305));
#4945=EDGE_LOOP('',(#1306,#1307,#1308,#1309));
#4946=EDGE_LOOP('',(#1310,#1311,#1312,#1313));
#4947=EDGE_LOOP('',(#1314,#1315,#1316,#1317));
#4948=EDGE_LOOP('',(#1318,#1319,#1320,#1321));
#4949=EDGE_LOOP('',(#1322,#1323,#1324,#1325));
#4950=EDGE_LOOP('',(#1326,#1327,#1328,#1329));
#4951=EDGE_LOOP('',(#1330,#1331,#1332,#1333));
#4952=EDGE_LOOP('',(#1334,#1335,#1336,#1337));
#4953=EDGE_LOOP('',(#1338,#1339,#1340,#1341));
#4954=EDGE_LOOP('',(#1342,#1343,#1344,#1345));
#4955=EDGE_LOOP('',(#1346,#1347,#1348,#1349));
#4956=EDGE_LOOP('',(#1350,#1351,#1352,#1353));
#4957=EDGE_LOOP('',(#1354,#1355,#1356,#1357));
#4958=EDGE_LOOP('',(#1358,#1359,#1360));
#4959=EDGE_LOOP('',(#1361,#1362,#1363,#1364,#1365,#1366,#1367,#1368,#1369,
#1370,#1371,#1372,#1373,#1374,#1375,#1376,#1377,#1378,#1379,#1380,#1381,
#1382,#1383,#1384,#1385,#1386,#1387,#1388,#1389,#1390,#1391,#1392,#1393,
#1394,#1395,#1396,#1397,#1398,#1399,#1400,#1401,#1402));
#4960=EDGE_LOOP('',(#1403,#1404,#1405,#1406,#1407,#1408,#1409,#1410,#1411,
#1412,#1413,#1414,#1415,#1416,#1417,#1418,#1419,#1420,#1421,#1422));
#4961=EDGE_LOOP('',(#1423,#1424,#1425,#1426,#1427,#1428,#1429,#1430,#1431,
#1432,#1433,#1434,#1435,#1436,#1437,#1438,#1439,#1440,#1441,#1442,#1443,
#1444,#1445,#1446,#1447,#1448,#1449,#1450,#1451,#1452,#1453,#1454,#1455,
#1456,#1457,#1458,#1459,#1460,#1461,#1462,#1463,#1464));
#4962=EDGE_LOOP('',(#1465,#1466,#1467,#1468));
#4963=EDGE_LOOP('',(#1469,#1470,#1471,#1472,#1473,#1474,#1475,#1476,#1477,
#1478,#1479,#1480,#1481,#1482,#1483,#1484,#1485,#1486,#1487,#1488));
#4964=EDGE_LOOP('',(#1489,#1490,#1491,#1492));
#4965=EDGE_LOOP('',(#1493,#1494,#1495,#1496));
#4966=EDGE_LOOP('',(#1497,#1498,#1499,#1500));
#4967=EDGE_LOOP('',(#1501,#1502,#1503,#1504));
#4968=EDGE_LOOP('',(#1505,#1506,#1507,#1508));
#4969=EDGE_LOOP('',(#1509,#1510,#1511,#1512));
#4970=EDGE_LOOP('',(#1513,#1514,#1515,#1516));
#4971=EDGE_LOOP('',(#1517,#1518,#1519));
#4972=EDGE_LOOP('',(#1520,#1521,#1522,#1523));
#4973=EDGE_LOOP('',(#1524,#1525,#1526,#1527));
#4974=EDGE_LOOP('',(#1528,#1529,#1530,#1531));
#4975=EDGE_LOOP('',(#1532,#1533,#1534,#1535));
#4976=EDGE_LOOP('',(#1536,#1537,#1538,#1539));
#4977=EDGE_LOOP('',(#1540,#1541,#1542,#1543));
#4978=EDGE_LOOP('',(#1544,#1545,#1546,#1547));
#4979=EDGE_LOOP('',(#1548,#1549,#1550));
#4980=EDGE_LOOP('',(#1551,#1552,#1553,#1554,#1555,#1556,#1557,#1558,#1559,
#1560,#1561,#1562,#1563,#1564,#1565,#1566,#1567,#1568,#1569,#1570,#1571,
#1572,#1573,#1574,#1575,#1576,#1577,#1578,#1579,#1580,#1581,#1582,#1583,
#1584,#1585,#1586));
#4981=EDGE_LOOP('',(#1587,#1588,#1589,#1590));
#4982=EDGE_LOOP('',(#1591,#1592,#1593,#1594));
#4983=EDGE_LOOP('',(#1595,#1596,#1597,#1598));
#4984=EDGE_LOOP('',(#1599));
#4985=EDGE_LOOP('',(#1600));
#4986=EDGE_LOOP('',(#1601,#1602,#1603,#1604,#1605,#1606,#1607,#1608));
#4987=EDGE_LOOP('',(#1609,#1610,#1611,#1612));
#4988=EDGE_LOOP('',(#1613,#1614,#1615,#1616));
#4989=EDGE_LOOP('',(#1617,#1618));
#4990=EDGE_LOOP('',(#1619,#1620,#1621,#1622));
#4991=EDGE_LOOP('',(#1623,#1624,#1625,#1626));
#4992=EDGE_LOOP('',(#1627,#1628,#1629,#1630));
#4993=EDGE_LOOP('',(#1631,#1632,#1633,#1634));
#4994=EDGE_LOOP('',(#1635,#1636,#1637,#1638));
#4995=EDGE_LOOP('',(#1639,#1640,#1641,#1642));
#4996=EDGE_LOOP('',(#1643,#1644,#1645,#1646));
#4997=EDGE_LOOP('',(#1647,#1648,#1649,#1650));
#4998=EDGE_LOOP('',(#1651,#1652,#1653,#1654));
#4999=EDGE_LOOP('',(#1655,#1656,#1657,#1658));
#5000=EDGE_LOOP('',(#1659,#1660,#1661,#1662));
#5001=EDGE_LOOP('',(#1663,#1664,#1665,#1666));
#5002=EDGE_LOOP('',(#1667,#1668,#1669,#1670));
#5003=EDGE_LOOP('',(#1671,#1672,#1673,#1674));
#5004=EDGE_LOOP('',(#1675,#1676,#1677,#1678));
#5005=EDGE_LOOP('',(#1679,#1680,#1681,#1682));
#5006=EDGE_LOOP('',(#1683,#1684,#1685,#1686));
#5007=EDGE_LOOP('',(#1687,#1688,#1689,#1690));
#5008=EDGE_LOOP('',(#1691,#1692,#1693,#1694));
#5009=EDGE_LOOP('',(#1695,#1696,#1697,#1698));
#5010=EDGE_LOOP('',(#1699,#1700,#1701,#1702));
#5011=EDGE_LOOP('',(#1703,#1704,#1705,#1706));
#5012=EDGE_LOOP('',(#1707,#1708,#1709,#1710));
#5013=EDGE_LOOP('',(#1711,#1712,#1713,#1714));
#5014=EDGE_LOOP('',(#1715,#1716,#1717,#1718));
#5015=EDGE_LOOP('',(#1719,#1720,#1721,#1722));
#5016=EDGE_LOOP('',(#1723,#1724,#1725,#1726));
#5017=EDGE_LOOP('',(#1727,#1728,#1729,#1730));
#5018=EDGE_LOOP('',(#1731,#1732,#1733,#1734));
#5019=EDGE_LOOP('',(#1735,#1736,#1737,#1738));
#5020=EDGE_LOOP('',(#1739,#1740,#1741,#1742,#1743,#1744,#1745,#1746,#1747,
#1748,#1749,#1750,#1751));
#5021=EDGE_LOOP('',(#1752,#1753,#1754,#1755));
#5022=EDGE_LOOP('',(#1756,#1757,#1758,#1759));
#5023=EDGE_LOOP('',(#1760,#1761,#1762,#1763));
#5024=EDGE_LOOP('',(#1764,#1765,#1766,#1767));
#5025=EDGE_LOOP('',(#1768,#1769,#1770,#1771,#1772,#1773,#1774,#1775,#1776,
#1777,#1778,#1779,#1780));
#5026=EDGE_LOOP('',(#1781,#1782,#1783,#1784));
#5027=EDGE_LOOP('',(#1785,#1786,#1787,#1788));
#5028=EDGE_LOOP('',(#1789,#1790,#1791,#1792));
#5029=EDGE_LOOP('',(#1793,#1794,#1795,#1796));
#5030=EDGE_LOOP('',(#1797,#1798,#1799,#1800));
#5031=EDGE_LOOP('',(#1801,#1802,#1803,#1804));
#5032=EDGE_LOOP('',(#1805,#1806,#1807,#1808,#1809,#1810,#1811,#1812));
#5033=EDGE_LOOP('',(#1813,#1814,#1815,#1816));
#5034=EDGE_LOOP('',(#1817,#1818,#1819,#1820));
#5035=EDGE_LOOP('',(#1821,#1822,#1823,#1824));
#5036=EDGE_LOOP('',(#1825,#1826,#1827,#1828));
#5037=EDGE_LOOP('',(#1829,#1830,#1831,#1832));
#5038=EDGE_LOOP('',(#1833,#1834,#1835,#1836));
#5039=EDGE_LOOP('',(#1837,#1838,#1839,#1840));
#5040=EDGE_LOOP('',(#1841,#1842,#1843,#1844,#1845));
#5041=EDGE_LOOP('',(#1846,#1847,#1848,#1849,#1850,#1851,#1852,#1853,#1854,
#1855,#1856,#1857));
#5042=EDGE_LOOP('',(#1858,#1859));
#5043=EDGE_LOOP('',(#1860,#1861,#1862,#1863));
#5044=EDGE_LOOP('',(#1864,#1865,#1866,#1867));
#5045=EDGE_LOOP('',(#1868,#1869,#1870,#1871));
#5046=EDGE_LOOP('',(#1872,#1873,#1874,#1875));
#5047=EDGE_LOOP('',(#1876,#1877,#1878,#1879));
#5048=EDGE_LOOP('',(#1880,#1881,#1882,#1883));
#5049=EDGE_LOOP('',(#1884,#1885,#1886,#1887));
#5050=EDGE_LOOP('',(#1888,#1889,#1890,#1891));
#5051=EDGE_LOOP('',(#1892,#1893,#1894,#1895));
#5052=EDGE_LOOP('',(#1896,#1897,#1898,#1899));
#5053=EDGE_LOOP('',(#1900,#1901,#1902,#1903));
#5054=EDGE_LOOP('',(#1904,#1905,#1906,#1907));
#5055=EDGE_LOOP('',(#1908,#1909,#1910,#1911));
#5056=EDGE_LOOP('',(#1912,#1913,#1914,#1915));
#5057=EDGE_LOOP('',(#1916,#1917,#1918,#1919));
#5058=EDGE_LOOP('',(#1920,#1921,#1922,#1923));
#5059=EDGE_LOOP('',(#1924,#1925,#1926,#1927));
#5060=EDGE_LOOP('',(#1928,#1929,#1930,#1931));
#5061=EDGE_LOOP('',(#1932,#1933,#1934,#1935));
#5062=EDGE_LOOP('',(#1936,#1937,#1938,#1939));
#5063=EDGE_LOOP('',(#1940,#1941,#1942,#1943));
#5064=EDGE_LOOP('',(#1944,#1945,#1946,#1947));
#5065=EDGE_LOOP('',(#1948,#1949,#1950,#1951));
#5066=EDGE_LOOP('',(#1952,#1953,#1954,#1955));
#5067=EDGE_LOOP('',(#1956,#1957,#1958,#1959));
#5068=EDGE_LOOP('',(#1960,#1961,#1962,#1963));
#5069=EDGE_LOOP('',(#1964,#1965,#1966,#1967));
#5070=EDGE_LOOP('',(#1968,#1969,#1970,#1971));
#5071=EDGE_LOOP('',(#1972,#1973,#1974,#1975));
#5072=EDGE_LOOP('',(#1976,#1977,#1978,#1979));
#5073=EDGE_LOOP('',(#1980,#1981,#1982,#1983));
#5074=EDGE_LOOP('',(#1984,#1985,#1986,#1987));
#5075=EDGE_LOOP('',(#1988,#1989,#1990,#1991));
#5076=EDGE_LOOP('',(#1992,#1993,#1994,#1995));
#5077=EDGE_LOOP('',(#1996,#1997,#1998,#1999));
#5078=EDGE_LOOP('',(#2000,#2001,#2002,#2003));
#5079=EDGE_LOOP('',(#2004,#2005,#2006,#2007));
#5080=EDGE_LOOP('',(#2008,#2009,#2010,#2011));
#5081=EDGE_LOOP('',(#2012,#2013,#2014,#2015));
#5082=EDGE_LOOP('',(#2016,#2017,#2018,#2019,#2020,#2021,#2022,#2023));
#5083=EDGE_LOOP('',(#2024,#2025,#2026,#2027));
#5084=EDGE_LOOP('',(#2028,#2029,#2030,#2031));
#5085=EDGE_LOOP('',(#2032,#2033,#2034,#2035));
#5086=EDGE_LOOP('',(#2036,#2037,#2038,#2039));
#5087=EDGE_LOOP('',(#2040,#2041,#2042,#2043));
#5088=EDGE_LOOP('',(#2044,#2045,#2046,#2047));
#5089=EDGE_LOOP('',(#2048,#2049,#2050,#2051));
#5090=EDGE_LOOP('',(#2052,#2053,#2054,#2055));
#5091=EDGE_LOOP('',(#2056,#2057,#2058,#2059));
#5092=EDGE_LOOP('',(#2060,#2061,#2062,#2063));
#5093=EDGE_LOOP('',(#2064,#2065,#2066,#2067));
#5094=EDGE_LOOP('',(#2068,#2069,#2070,#2071));
#5095=EDGE_LOOP('',(#2072,#2073,#2074,#2075));
#5096=EDGE_LOOP('',(#2076,#2077,#2078,#2079));
#5097=EDGE_LOOP('',(#2080,#2081,#2082,#2083));
#5098=EDGE_LOOP('',(#2084,#2085,#2086,#2087));
#5099=EDGE_LOOP('',(#2088,#2089,#2090,#2091));
#5100=EDGE_LOOP('',(#2092,#2093,#2094,#2095));
#5101=EDGE_LOOP('',(#2096,#2097,#2098,#2099));
#5102=EDGE_LOOP('',(#2100,#2101,#2102,#2103));
#5103=EDGE_LOOP('',(#2104,#2105,#2106,#2107));
#5104=EDGE_LOOP('',(#2108,#2109,#2110,#2111));
#5105=EDGE_LOOP('',(#2112,#2113,#2114,#2115));
#5106=EDGE_LOOP('',(#2116,#2117,#2118,#2119));
#5107=EDGE_LOOP('',(#2120,#2121,#2122,#2123));
#5108=EDGE_LOOP('',(#2124,#2125,#2126,#2127));
#5109=EDGE_LOOP('',(#2128,#2129,#2130,#2131));
#5110=EDGE_LOOP('',(#2132,#2133,#2134,#2135));
#5111=EDGE_LOOP('',(#2136,#2137,#2138,#2139,#2140,#2141));
#5112=EDGE_LOOP('',(#2142,#2143,#2144,#2145));
#5113=EDGE_LOOP('',(#2146,#2147,#2148,#2149));
#5114=EDGE_LOOP('',(#2150,#2151,#2152,#2153));
#5115=EDGE_LOOP('',(#2154,#2155,#2156,#2157));
#5116=EDGE_LOOP('',(#2158,#2159,#2160,#2161,#2162,#2163));
#5117=EDGE_LOOP('',(#2164,#2165,#2166,#2167,#2168,#2169));
#5118=EDGE_LOOP('',(#2170,#2171,#2172,#2173));
#5119=EDGE_LOOP('',(#2174,#2175,#2176,#2177));
#5120=EDGE_LOOP('',(#2178,#2179,#2180,#2181));
#5121=EDGE_LOOP('',(#2182,#2183,#2184,#2185));
#5122=EDGE_LOOP('',(#2186));
#5123=EDGE_LOOP('',(#2187));
#5124=EDGE_LOOP('',(#2188));
#5125=EDGE_LOOP('',(#2189));
#5126=EDGE_LOOP('',(#2190));
#5127=EDGE_LOOP('',(#2191));
#5128=EDGE_LOOP('',(#2192,#2193,#2194,#2195));
#5129=EDGE_LOOP('',(#2196,#2197,#2198,#2199));
#5130=EDGE_LOOP('',(#2200,#2201,#2202,#2203));
#5131=EDGE_LOOP('',(#2204,#2205,#2206,#2207));
#5132=EDGE_LOOP('',(#2208,#2209,#2210,#2211));
#5133=EDGE_LOOP('',(#2212,#2213,#2214,#2215));
#5134=EDGE_LOOP('',(#2216,#2217,#2218,#2219));
#5135=EDGE_LOOP('',(#2220,#2221,#2222,#2223));
#5136=EDGE_LOOP('',(#2224,#2225,#2226,#2227));
#5137=EDGE_LOOP('',(#2228,#2229,#2230,#2231));
#5138=EDGE_LOOP('',(#2232,#2233,#2234,#2235));
#5139=EDGE_LOOP('',(#2236,#2237,#2238,#2239));
#5140=EDGE_LOOP('',(#2240,#2241,#2242,#2243));
#5141=EDGE_LOOP('',(#2244,#2245,#2246,#2247));
#5142=EDGE_LOOP('',(#2248,#2249,#2250,#2251));
#5143=EDGE_LOOP('',(#2252,#2253,#2254,#2255));
#5144=EDGE_LOOP('',(#2256,#2257,#2258,#2259));
#5145=EDGE_LOOP('',(#2260,#2261,#2262));
#5146=EDGE_LOOP('',(#2263,#2264,#2265,#2266));
#5147=EDGE_LOOP('',(#2267,#2268,#2269,#2270));
#5148=EDGE_LOOP('',(#2271,#2272,#2273,#2274));
#5149=EDGE_LOOP('',(#2275,#2276,#2277,#2278));
#5150=EDGE_LOOP('',(#2279,#2280,#2281,#2282));
#5151=EDGE_LOOP('',(#2283,#2284,#2285));
#5152=EDGE_LOOP('',(#2286,#2287,#2288,#2289));
#5153=EDGE_LOOP('',(#2290,#2291,#2292,#2293));
#5154=EDGE_LOOP('',(#2294,#2295,#2296));
#5155=EDGE_LOOP('',(#2297,#2298,#2299,#2300));
#5156=EDGE_LOOP('',(#2301,#2302,#2303,#2304));
#5157=EDGE_LOOP('',(#2305,#2306,#2307));
#5158=EDGE_LOOP('',(#2308,#2309,#2310,#2311));
#5159=EDGE_LOOP('',(#2312,#2313,#2314,#2315));
#5160=EDGE_LOOP('',(#2316,#2317,#2318));
#5161=EDGE_LOOP('',(#2319,#2320,#2321,#2322));
#5162=EDGE_LOOP('',(#2323,#2324,#2325,#2326));
#5163=EDGE_LOOP('',(#2327,#2328,#2329,#2330));
#5164=EDGE_LOOP('',(#2331,#2332,#2333,#2334));
#5165=EDGE_LOOP('',(#2335,#2336,#2337,#2338));
#5166=EDGE_LOOP('',(#2339,#2340,#2341));
#5167=EDGE_LOOP('',(#2342,#2343,#2344,#2345));
#5168=EDGE_LOOP('',(#2346,#2347,#2348,#2349));
#5169=EDGE_LOOP('',(#2350,#2351,#2352,#2353));
#5170=FACE_BOUND('',#4804,.T.);
#5171=FACE_BOUND('',#4805,.T.);
#5172=FACE_BOUND('',#4806,.T.);
#5173=FACE_BOUND('',#4807,.T.);
#5174=FACE_BOUND('',#4808,.T.);
#5175=FACE_BOUND('',#4809,.T.);
#5176=FACE_BOUND('',#4810,.T.);
#5177=FACE_BOUND('',#4811,.T.);
#5178=FACE_BOUND('',#4812,.T.);
#5179=FACE_BOUND('',#4813,.T.);
#5180=FACE_BOUND('',#4814,.T.);
#5181=FACE_BOUND('',#4815,.T.);
#5182=FACE_BOUND('',#4816,.T.);
#5183=FACE_BOUND('',#4817,.T.);
#5184=FACE_BOUND('',#4818,.T.);
#5185=FACE_BOUND('',#4819,.T.);
#5186=FACE_BOUND('',#4820,.T.);
#5187=FACE_BOUND('',#4821,.T.);
#5188=FACE_BOUND('',#4822,.T.);
#5189=FACE_BOUND('',#4823,.T.);
#5190=FACE_BOUND('',#4824,.T.);
#5191=FACE_BOUND('',#4825,.T.);
#5192=FACE_BOUND('',#4826,.T.);
#5193=FACE_BOUND('',#4827,.T.);
#5194=FACE_BOUND('',#4828,.T.);
#5195=FACE_BOUND('',#4829,.T.);
#5196=FACE_BOUND('',#4830,.T.);
#5197=FACE_BOUND('',#4831,.T.);
#5198=FACE_BOUND('',#4832,.T.);
#5199=FACE_BOUND('',#4833,.T.);
#5200=FACE_BOUND('',#4834,.T.);
#5201=FACE_BOUND('',#4835,.T.);
#5202=FACE_BOUND('',#4836,.T.);
#5203=FACE_BOUND('',#4837,.T.);
#5204=FACE_BOUND('',#4838,.T.);
#5205=FACE_BOUND('',#4839,.T.);
#5206=FACE_BOUND('',#4840,.T.);
#5207=FACE_BOUND('',#4841,.T.);
#5208=FACE_BOUND('',#4842,.T.);
#5209=FACE_BOUND('',#4843,.T.);
#5210=FACE_BOUND('',#4844,.T.);
#5211=FACE_BOUND('',#4845,.T.);
#5212=FACE_BOUND('',#4846,.T.);
#5213=FACE_BOUND('',#4847,.T.);
#5214=FACE_BOUND('',#4848,.T.);
#5215=FACE_BOUND('',#4849,.T.);
#5216=FACE_BOUND('',#4850,.T.);
#5217=FACE_BOUND('',#4851,.T.);
#5218=FACE_BOUND('',#4852,.T.);
#5219=FACE_BOUND('',#4853,.T.);
#5220=FACE_BOUND('',#4854,.T.);
#5221=FACE_BOUND('',#4855,.T.);
#5222=FACE_BOUND('',#4856,.T.);
#5223=FACE_BOUND('',#4857,.T.);
#5224=FACE_BOUND('',#4858,.T.);
#5225=FACE_BOUND('',#4859,.T.);
#5226=FACE_BOUND('',#4860,.T.);
#5227=FACE_BOUND('',#4861,.T.);
#5228=FACE_BOUND('',#4862,.T.);
#5229=FACE_BOUND('',#4863,.T.);
#5230=FACE_BOUND('',#4864,.T.);
#5231=FACE_BOUND('',#4865,.T.);
#5232=FACE_BOUND('',#4866,.T.);
#5233=FACE_BOUND('',#4867,.T.);
#5234=FACE_BOUND('',#4868,.T.);
#5235=FACE_BOUND('',#4869,.T.);
#5236=FACE_BOUND('',#4870,.T.);
#5237=FACE_BOUND('',#4871,.T.);
#5238=FACE_BOUND('',#4872,.T.);
#5239=FACE_BOUND('',#4873,.T.);
#5240=FACE_BOUND('',#4874,.T.);
#5241=FACE_BOUND('',#4875,.T.);
#5242=FACE_BOUND('',#4876,.T.);
#5243=FACE_BOUND('',#4877,.T.);
#5244=FACE_BOUND('',#4878,.T.);
#5245=FACE_BOUND('',#4879,.T.);
#5246=FACE_BOUND('',#4880,.T.);
#5247=FACE_BOUND('',#4881,.T.);
#5248=FACE_BOUND('',#4882,.T.);
#5249=FACE_BOUND('',#4883,.T.);
#5250=FACE_BOUND('',#4884,.T.);
#5251=FACE_BOUND('',#4885,.T.);
#5252=FACE_BOUND('',#4886,.T.);
#5253=FACE_BOUND('',#4887,.T.);
#5254=FACE_BOUND('',#4888,.T.);
#5255=FACE_BOUND('',#4889,.T.);
#5256=FACE_BOUND('',#4890,.T.);
#5257=FACE_BOUND('',#4891,.T.);
#5258=FACE_BOUND('',#4892,.T.);
#5259=FACE_BOUND('',#4893,.T.);
#5260=FACE_BOUND('',#4894,.T.);
#5261=FACE_BOUND('',#4895,.T.);
#5262=FACE_BOUND('',#4896,.T.);
#5263=FACE_BOUND('',#4897,.T.);
#5264=FACE_BOUND('',#4898,.T.);
#5265=FACE_BOUND('',#4899,.T.);
#5266=FACE_BOUND('',#4900,.T.);
#5267=FACE_BOUND('',#4901,.T.);
#5268=FACE_BOUND('',#4902,.T.);
#5269=FACE_BOUND('',#4903,.T.);
#5270=FACE_BOUND('',#4904,.T.);
#5271=FACE_BOUND('',#4905,.T.);
#5272=FACE_BOUND('',#4906,.T.);
#5273=FACE_BOUND('',#4907,.T.);
#5274=FACE_BOUND('',#4908,.T.);
#5275=FACE_BOUND('',#4909,.T.);
#5276=FACE_BOUND('',#4910,.T.);
#5277=FACE_BOUND('',#4911,.T.);
#5278=FACE_BOUND('',#4912,.T.);
#5279=FACE_BOUND('',#4913,.T.);
#5280=FACE_BOUND('',#4914,.T.);
#5281=FACE_BOUND('',#4915,.T.);
#5282=FACE_BOUND('',#4916,.T.);
#5283=FACE_BOUND('',#4917,.T.);
#5284=FACE_BOUND('',#4918,.T.);
#5285=FACE_BOUND('',#4919,.T.);
#5286=FACE_BOUND('',#4920,.T.);
#5287=FACE_BOUND('',#4921,.T.);
#5288=FACE_BOUND('',#4922,.T.);
#5289=FACE_BOUND('',#4923,.T.);
#5290=FACE_BOUND('',#4924,.T.);
#5291=FACE_BOUND('',#4925,.T.);
#5292=FACE_BOUND('',#4926,.T.);
#5293=FACE_BOUND('',#4927,.T.);
#5294=FACE_BOUND('',#4928,.T.);
#5295=FACE_BOUND('',#4929,.T.);
#5296=FACE_BOUND('',#4930,.T.);
#5297=FACE_BOUND('',#4931,.T.);
#5298=FACE_BOUND('',#4932,.T.);
#5299=FACE_BOUND('',#4933,.T.);
#5300=FACE_BOUND('',#4934,.T.);
#5301=FACE_BOUND('',#4935,.T.);
#5302=FACE_BOUND('',#4936,.T.);
#5303=FACE_BOUND('',#4937,.T.);
#5304=FACE_BOUND('',#4938,.T.);
#5305=FACE_BOUND('',#4939,.T.);
#5306=FACE_BOUND('',#4940,.T.);
#5307=FACE_BOUND('',#4941,.T.);
#5308=FACE_BOUND('',#4942,.T.);
#5309=FACE_BOUND('',#4943,.T.);
#5310=FACE_BOUND('',#4944,.T.);
#5311=FACE_BOUND('',#4945,.T.);
#5312=FACE_BOUND('',#4946,.T.);
#5313=FACE_BOUND('',#4947,.T.);
#5314=FACE_BOUND('',#4948,.T.);
#5315=FACE_BOUND('',#4949,.T.);
#5316=FACE_BOUND('',#4950,.T.);
#5317=FACE_BOUND('',#4951,.T.);
#5318=FACE_BOUND('',#4952,.T.);
#5319=FACE_BOUND('',#4953,.T.);
#5320=FACE_BOUND('',#4954,.T.);
#5321=FACE_BOUND('',#4955,.T.);
#5322=FACE_BOUND('',#4956,.T.);
#5323=FACE_BOUND('',#4957,.T.);
#5324=FACE_BOUND('',#4958,.T.);
#5325=FACE_BOUND('',#4959,.T.);
#5326=FACE_BOUND('',#4960,.T.);
#5327=FACE_BOUND('',#4961,.T.);
#5328=FACE_BOUND('',#4962,.T.);
#5329=FACE_BOUND('',#4963,.T.);
#5330=FACE_BOUND('',#4964,.T.);
#5331=FACE_BOUND('',#4965,.T.);
#5332=FACE_BOUND('',#4966,.T.);
#5333=FACE_BOUND('',#4967,.T.);
#5334=FACE_BOUND('',#4968,.T.);
#5335=FACE_BOUND('',#4969,.T.);
#5336=FACE_BOUND('',#4970,.T.);
#5337=FACE_BOUND('',#4971,.T.);
#5338=FACE_BOUND('',#4972,.T.);
#5339=FACE_BOUND('',#4973,.T.);
#5340=FACE_BOUND('',#4974,.T.);
#5341=FACE_BOUND('',#4975,.T.);
#5342=FACE_BOUND('',#4976,.T.);
#5343=FACE_BOUND('',#4977,.T.);
#5344=FACE_BOUND('',#4978,.T.);
#5345=FACE_BOUND('',#4979,.T.);
#5346=FACE_BOUND('',#4980,.T.);
#5347=FACE_BOUND('',#4981,.T.);
#5348=FACE_BOUND('',#4982,.T.);
#5349=FACE_BOUND('',#4983,.T.);
#5350=FACE_BOUND('',#4984,.T.);
#5351=FACE_BOUND('',#4985,.T.);
#5352=FACE_BOUND('',#4986,.T.);
#5353=FACE_BOUND('',#4987,.T.);
#5354=FACE_BOUND('',#4988,.T.);
#5355=FACE_BOUND('',#4989,.T.);
#5356=FACE_BOUND('',#4990,.T.);
#5357=FACE_BOUND('',#4991,.T.);
#5358=FACE_BOUND('',#4992,.T.);
#5359=FACE_BOUND('',#4993,.T.);
#5360=FACE_BOUND('',#4994,.T.);
#5361=FACE_BOUND('',#4995,.T.);
#5362=FACE_BOUND('',#4996,.T.);
#5363=FACE_BOUND('',#4997,.T.);
#5364=FACE_BOUND('',#4998,.T.);
#5365=FACE_BOUND('',#4999,.T.);
#5366=FACE_BOUND('',#5000,.T.);
#5367=FACE_BOUND('',#5001,.T.);
#5368=FACE_BOUND('',#5002,.T.);
#5369=FACE_BOUND('',#5003,.T.);
#5370=FACE_BOUND('',#5004,.T.);
#5371=FACE_BOUND('',#5005,.T.);
#5372=FACE_BOUND('',#5006,.T.);
#5373=FACE_BOUND('',#5007,.T.);
#5374=FACE_BOUND('',#5008,.T.);
#5375=FACE_BOUND('',#5009,.T.);
#5376=FACE_BOUND('',#5010,.T.);
#5377=FACE_BOUND('',#5011,.T.);
#5378=FACE_BOUND('',#5012,.T.);
#5379=FACE_BOUND('',#5013,.T.);
#5380=FACE_BOUND('',#5014,.T.);
#5381=FACE_BOUND('',#5015,.T.);
#5382=FACE_BOUND('',#5016,.T.);
#5383=FACE_BOUND('',#5017,.T.);
#5384=FACE_BOUND('',#5018,.T.);
#5385=FACE_BOUND('',#5019,.T.);
#5386=FACE_BOUND('',#5020,.T.);
#5387=FACE_BOUND('',#5021,.T.);
#5388=FACE_BOUND('',#5022,.T.);
#5389=FACE_BOUND('',#5023,.T.);
#5390=FACE_BOUND('',#5024,.T.);
#5391=FACE_BOUND('',#5025,.T.);
#5392=FACE_BOUND('',#5026,.T.);
#5393=FACE_BOUND('',#5027,.T.);
#5394=FACE_BOUND('',#5028,.T.);
#5395=FACE_BOUND('',#5029,.T.);
#5396=FACE_BOUND('',#5030,.T.);
#5397=FACE_BOUND('',#5031,.T.);
#5398=FACE_BOUND('',#5032,.T.);
#5399=FACE_BOUND('',#5033,.T.);
#5400=FACE_BOUND('',#5034,.T.);
#5401=FACE_BOUND('',#5035,.T.);
#5402=FACE_BOUND('',#5036,.T.);
#5403=FACE_BOUND('',#5037,.T.);
#5404=FACE_BOUND('',#5038,.T.);
#5405=FACE_BOUND('',#5039,.T.);
#5406=FACE_BOUND('',#5040,.T.);
#5407=FACE_BOUND('',#5041,.T.);
#5408=FACE_BOUND('',#5042,.T.);
#5409=FACE_BOUND('',#5043,.T.);
#5410=FACE_BOUND('',#5044,.T.);
#5411=FACE_BOUND('',#5045,.T.);
#5412=FACE_BOUND('',#5046,.T.);
#5413=FACE_BOUND('',#5047,.T.);
#5414=FACE_BOUND('',#5048,.T.);
#5415=FACE_BOUND('',#5049,.T.);
#5416=FACE_BOUND('',#5050,.T.);
#5417=FACE_BOUND('',#5051,.T.);
#5418=FACE_BOUND('',#5052,.T.);
#5419=FACE_BOUND('',#5053,.T.);
#5420=FACE_BOUND('',#5054,.T.);
#5421=FACE_BOUND('',#5055,.T.);
#5422=FACE_BOUND('',#5056,.T.);
#5423=FACE_BOUND('',#5057,.T.);
#5424=FACE_BOUND('',#5058,.T.);
#5425=FACE_BOUND('',#5059,.T.);
#5426=FACE_BOUND('',#5060,.T.);
#5427=FACE_BOUND('',#5061,.T.);
#5428=FACE_BOUND('',#5062,.T.);
#5429=FACE_BOUND('',#5063,.T.);
#5430=FACE_BOUND('',#5064,.T.);
#5431=FACE_BOUND('',#5065,.T.);
#5432=FACE_BOUND('',#5066,.T.);
#5433=FACE_BOUND('',#5067,.T.);
#5434=FACE_BOUND('',#5068,.T.);
#5435=FACE_BOUND('',#5069,.T.);
#5436=FACE_BOUND('',#5070,.T.);
#5437=FACE_BOUND('',#5071,.T.);
#5438=FACE_BOUND('',#5072,.T.);
#5439=FACE_BOUND('',#5073,.T.);
#5440=FACE_BOUND('',#5074,.T.);
#5441=FACE_BOUND('',#5075,.T.);
#5442=FACE_BOUND('',#5076,.T.);
#5443=FACE_BOUND('',#5077,.T.);
#5444=FACE_BOUND('',#5078,.T.);
#5445=FACE_BOUND('',#5079,.T.);
#5446=FACE_BOUND('',#5080,.T.);
#5447=FACE_BOUND('',#5081,.T.);
#5448=FACE_BOUND('',#5082,.T.);
#5449=FACE_BOUND('',#5083,.T.);
#5450=FACE_BOUND('',#5084,.T.);
#5451=FACE_BOUND('',#5085,.T.);
#5452=FACE_BOUND('',#5086,.T.);
#5453=FACE_BOUND('',#5087,.T.);
#5454=FACE_BOUND('',#5088,.T.);
#5455=FACE_BOUND('',#5089,.T.);
#5456=FACE_BOUND('',#5090,.T.);
#5457=FACE_BOUND('',#5091,.T.);
#5458=FACE_BOUND('',#5092,.T.);
#5459=FACE_BOUND('',#5093,.T.);
#5460=FACE_BOUND('',#5094,.T.);
#5461=FACE_BOUND('',#5095,.T.);
#5462=FACE_BOUND('',#5096,.T.);
#5463=FACE_BOUND('',#5097,.T.);
#5464=FACE_BOUND('',#5098,.T.);
#5465=FACE_BOUND('',#5099,.T.);
#5466=FACE_BOUND('',#5100,.T.);
#5467=FACE_BOUND('',#5101,.T.);
#5468=FACE_BOUND('',#5102,.T.);
#5469=FACE_BOUND('',#5103,.T.);
#5470=FACE_BOUND('',#5104,.T.);
#5471=FACE_BOUND('',#5105,.T.);
#5472=FACE_BOUND('',#5106,.T.);
#5473=FACE_BOUND('',#5107,.T.);
#5474=FACE_BOUND('',#5108,.T.);
#5475=FACE_BOUND('',#5109,.T.);
#5476=FACE_BOUND('',#5110,.T.);
#5477=FACE_BOUND('',#5111,.T.);
#5478=FACE_BOUND('',#5112,.T.);
#5479=FACE_BOUND('',#5113,.T.);
#5480=FACE_BOUND('',#5114,.T.);
#5481=FACE_BOUND('',#5115,.T.);
#5482=FACE_BOUND('',#5116,.T.);
#5483=FACE_BOUND('',#5117,.T.);
#5484=FACE_BOUND('',#5118,.T.);
#5485=FACE_BOUND('',#5119,.T.);
#5486=FACE_BOUND('',#5120,.T.);
#5487=FACE_BOUND('',#5121,.T.);
#5488=FACE_BOUND('',#5122,.T.);
#5489=FACE_BOUND('',#5123,.T.);
#5490=FACE_BOUND('',#5124,.T.);
#5491=FACE_BOUND('',#5125,.T.);
#5492=FACE_BOUND('',#5126,.T.);
#5493=FACE_BOUND('',#5127,.T.);
#5494=FACE_BOUND('',#5128,.T.);
#5495=FACE_BOUND('',#5129,.T.);
#5496=FACE_BOUND('',#5130,.T.);
#5497=FACE_BOUND('',#5131,.T.);
#5498=FACE_BOUND('',#5132,.T.);
#5499=FACE_BOUND('',#5133,.T.);
#5500=FACE_BOUND('',#5134,.T.);
#5501=FACE_BOUND('',#5135,.T.);
#5502=FACE_BOUND('',#5136,.T.);
#5503=FACE_BOUND('',#5137,.T.);
#5504=FACE_BOUND('',#5138,.T.);
#5505=FACE_BOUND('',#5139,.T.);
#5506=FACE_BOUND('',#5140,.T.);
#5507=FACE_BOUND('',#5141,.T.);
#5508=FACE_BOUND('',#5142,.T.);
#5509=FACE_BOUND('',#5143,.T.);
#5510=FACE_BOUND('',#5144,.T.);
#5511=FACE_BOUND('',#5145,.T.);
#5512=FACE_BOUND('',#5146,.T.);
#5513=FACE_BOUND('',#5147,.T.);
#5514=FACE_BOUND('',#5148,.T.);
#5515=FACE_BOUND('',#5149,.T.);
#5516=FACE_BOUND('',#5150,.T.);
#5517=FACE_BOUND('',#5151,.T.);
#5518=FACE_BOUND('',#5152,.T.);
#5519=FACE_BOUND('',#5153,.T.);
#5520=FACE_BOUND('',#5154,.T.);
#5521=FACE_BOUND('',#5155,.T.);
#5522=FACE_BOUND('',#5156,.T.);
#5523=FACE_BOUND('',#5157,.T.);
#5524=FACE_BOUND('',#5158,.T.);
#5525=FACE_BOUND('',#5159,.T.);
#5526=FACE_BOUND('',#5160,.T.);
#5527=FACE_BOUND('',#5161,.T.);
#5528=FACE_BOUND('',#5162,.T.);
#5529=FACE_BOUND('',#5163,.T.);
#5530=FACE_BOUND('',#5164,.T.);
#5531=FACE_BOUND('',#5165,.T.);
#5532=FACE_BOUND('',#5166,.T.);
#5533=FACE_BOUND('',#5167,.T.);
#5534=FACE_BOUND('',#5168,.T.);
#5535=FACE_BOUND('',#5169,.T.);
#5536=CYLINDRICAL_SURFACE('',#5998,0.0128921276480053);
#5537=CYLINDRICAL_SURFACE('',#6001,0.0128921276480053);
#5538=CYLINDRICAL_SURFACE('',#6039,0.0128921276480053);
#5539=CYLINDRICAL_SURFACE('',#6044,0.013218308969136);
#5540=CYLINDRICAL_SURFACE('',#6066,0.029);
#5541=CYLINDRICAL_SURFACE('',#6071,0.023);
#5542=CYLINDRICAL_SURFACE('',#6074,0.023);
#5543=CYLINDRICAL_SURFACE('',#6077,0.023);
#5544=CYLINDRICAL_SURFACE('',#6093,0.0245);
#5545=CYLINDRICAL_SURFACE('',#6096,0.0245);
#5546=CYLINDRICAL_SURFACE('',#6099,0.0245);
#5547=CYLINDRICAL_SURFACE('',#6115,0.026);
#5548=CYLINDRICAL_SURFACE('',#6118,0.026);
#5549=CYLINDRICAL_SURFACE('',#6121,0.026);
#5550=CYLINDRICAL_SURFACE('',#6137,0.0275);
#5551=CYLINDRICAL_SURFACE('',#6140,0.0275);
#5552=CYLINDRICAL_SURFACE('',#6143,0.0275);
#5553=CYLINDRICAL_SURFACE('',#6173,0.023);
#5554=CYLINDRICAL_SURFACE('',#6178,0.0245);
#5555=CYLINDRICAL_SURFACE('',#6182,0.026);
#5556=CYLINDRICAL_SURFACE('',#6187,0.0275);
#5557=CYLINDRICAL_SURFACE('',#6199,0.02225);
#5558=CYLINDRICAL_SURFACE('',#6205,0.02);
#5559=CYLINDRICAL_SURFACE('',#6209,0.0215);
#5560=CYLINDRICAL_SURFACE('',#6214,0.006733);
#5561=CYLINDRICAL_SURFACE('',#6225,0.0225);
#5562=CYLINDRICAL_SURFACE('',#6286,0.006733);
#5563=CYLINDRICAL_SURFACE('',#6287,0.0225);
#5564=CYLINDRICAL_SURFACE('',#6323,0.006733);
#5565=CYLINDRICAL_SURFACE('',#6324,0.0225);
#5566=CYLINDRICAL_SURFACE('',#6325,0.006733);
#5567=CYLINDRICAL_SURFACE('',#6336,0.0225);
#5568=CYLINDRICAL_SURFACE('',#6372,0.0025);
#5569=CYLINDRICAL_SURFACE('',#6380,0.0025);
#5570=CYLINDRICAL_SURFACE('',#6386,0.0097729140280736);
#5571=CYLINDRICAL_SURFACE('',#6403,0.00710782684741534);
#5572=CYLINDRICAL_SURFACE('',#6405,0.00719565649560554);
#5573=CYLINDRICAL_SURFACE('',#6407,0.00523700280507674);
#5574=CYLINDRICAL_SURFACE('',#6418,0.029);
#5575=CYLINDRICAL_SURFACE('',#6431,0.0015);
#5576=CYLINDRICAL_SURFACE('',#6439,0.0015);
#5577=CYLINDRICAL_SURFACE('',#6441,0.0025);
#5578=CYLINDRICAL_SURFACE('',#6445,0.0025);
#5579=CYLINDRICAL_SURFACE('',#6451,0.013218308969136);
#5580=CYLINDRICAL_SURFACE('',#6459,0.0097729140280736);
#5581=CYLINDRICAL_SURFACE('',#6462,0.00710782684741534);
#5582=CYLINDRICAL_SURFACE('',#6466,0.00719565649560554);
#5583=CYLINDRICAL_SURFACE('',#6470,0.00523700280507674);
#5584=CYLINDRICAL_SURFACE('',#6479,0.0128921276480053);
#5585=CYLINDRICAL_SURFACE('',#6499,0.0015);
#5586=CYLINDRICAL_SURFACE('',#6506,0.0015);
#5587=CYLINDRICAL_SURFACE('',#6508,0.0005);
#5588=CYLINDRICAL_SURFACE('',#6512,0.0005);
#5589=CYLINDRICAL_SURFACE('',#6513,0.0005);
#5590=CYLINDRICAL_SURFACE('',#6517,0.0005);
#5591=CYLINDRICAL_SURFACE('',#6518,0.0005);
#5592=CYLINDRICAL_SURFACE('',#6522,0.0005);
#5593=CYLINDRICAL_SURFACE('',#6523,0.0005);
#5594=CYLINDRICAL_SURFACE('',#6527,0.0005);
#5595=CYLINDRICAL_SURFACE('',#6529,0.0005);
#5596=CYLINDRICAL_SURFACE('',#6530,0.0005);
#5597=CYLINDRICAL_SURFACE('',#6531,0.0005);
#5598=CYLINDRICAL_SURFACE('',#6532,0.0005);
#5599=CYLINDRICAL_SURFACE('',#6533,0.0005);
#5600=CYLINDRICAL_SURFACE('',#6534,0.0005);
#5601=CYLINDRICAL_SURFACE('',#6535,0.0005);
#5602=CYLINDRICAL_SURFACE('',#6536,0.0005);
#5603=CYLINDRICAL_SURFACE('',#6538,0.0005);
#5604=CYLINDRICAL_SURFACE('',#6540,0.0005);
#5605=CYLINDRICAL_SURFACE('',#6542,0.0005);
#5606=CYLINDRICAL_SURFACE('',#6544,0.0005);
#5607=CYLINDRICAL_SURFACE('',#6547,0.0005);
#5608=CYLINDRICAL_SURFACE('',#6550,0.0005);
#5609=CYLINDRICAL_SURFACE('',#6551,0.0005);
#5610=CYLINDRICAL_SURFACE('',#6554,0.0005);
#5611=CYLINDRICAL_SURFACE('',#6556,0.0005);
#5612=CYLINDRICAL_SURFACE('',#6558,0.0005);
#5613=CYLINDRICAL_SURFACE('',#6561,0.0005);
#5614=CYLINDRICAL_SURFACE('',#6565,0.002);
#5615=CYLINDRICAL_SURFACE('',#6568,0.002);
#5616=CYLINDRICAL_SURFACE('',#6571,0.0005);
#5617=CYLINDRICAL_SURFACE('',#6576,0.0005);
#5618=CYLINDRICAL_SURFACE('',#6577,0.0005);
#5619=CYLINDRICAL_SURFACE('',#6580,0.0005);
#5620=CYLINDRICAL_SURFACE('',#6582,0.0005);
#5621=CYLINDRICAL_SURFACE('',#6586,0.0005);
#5622=CYLINDRICAL_SURFACE('',#6588,0.0005);
#5623=CYLINDRICAL_SURFACE('',#6592,0.0005);
#5624=CYLINDRICAL_SURFACE('',#6594,0.0005);
#5625=CYLINDRICAL_SURFACE('',#6596,0.0005);
#5626=CYLINDRICAL_SURFACE('',#6598,0.0005);
#5627=CYLINDRICAL_SURFACE('',#6604,0.0005);
#5628=CYLINDRICAL_SURFACE('',#6605,0.0005);
#5629=CYLINDRICAL_SURFACE('',#6608,0.0005);
#5630=CYLINDRICAL_SURFACE('',#6610,0.0005);
#5631=CYLINDRICAL_SURFACE('',#6614,0.0005);
#5632=CYLINDRICAL_SURFACE('',#6616,0.0005);
#5633=CYLINDRICAL_SURFACE('',#6620,0.0005);
#5634=CYLINDRICAL_SURFACE('',#6622,0.0005);
#5635=CYLINDRICAL_SURFACE('',#6626,0.0005);
#5636=CYLINDRICAL_SURFACE('',#6628,0.0005);
#5637=CYLINDRICAL_SURFACE('',#6632,0.0005);
#5638=CYLINDRICAL_SURFACE('',#6634,0.0005);
#5639=CYLINDRICAL_SURFACE('',#6636,0.0005);
#5640=CYLINDRICAL_SURFACE('',#6637,0.0005);
#5641=CYLINDRICAL_SURFACE('',#6642,0.0005);
#5642=CYLINDRICAL_SURFACE('',#6644,0.0005);
#5643=CYLINDRICAL_SURFACE('',#6646,0.0005);
#5644=ADVANCED_FACE('',(#5170),#5536,.T.);
#5645=ADVANCED_FACE('',(#5171),#5537,.T.);
#5646=ADVANCED_FACE('',(#5172),#71,.F.);
#5647=ADVANCED_FACE('',(#5173),#72,.T.);
#5648=ADVANCED_FACE('',(#5174),#73,.F.);
#5649=ADVANCED_FACE('',(#5175),#74,.F.);
#5650=ADVANCED_FACE('',(#5176),#75,.T.);
#5651=ADVANCED_FACE('',(#5177),#76,.T.);
#5652=ADVANCED_FACE('',(#5178),#77,.F.);
#5653=ADVANCED_FACE('',(#5179),#78,.F.);
#5654=ADVANCED_FACE('',(#5180,#5181,#5182,#5183,#5184,#5185,#5186),#79,
 .T.);
#5655=ADVANCED_FACE('',(#5187),#80,.F.);
#5656=ADVANCED_FACE('',(#5188),#81,.T.);
#5657=ADVANCED_FACE('',(#5189),#82,.T.);
#5658=ADVANCED_FACE('',(#5190),#83,.F.);
#5659=ADVANCED_FACE('',(#5191),#84,.F.);
#5660=ADVANCED_FACE('',(#5192),#5538,.T.);
#5661=ADVANCED_FACE('',(#5193),#85,.F.);
#5662=ADVANCED_FACE('',(#5194),#5539,.T.);
#5663=ADVANCED_FACE('',(#5195),#86,.T.);
#5664=ADVANCED_FACE('',(#5196),#87,.T.);
#5665=ADVANCED_FACE('',(#5197),#88,.T.);
#5666=ADVANCED_FACE('',(#5198),#89,.T.);
#5667=ADVANCED_FACE('',(#5199,#5200,#5201,#5202,#5203,#5204,#5205),#90,
 .T.);
#5668=ADVANCED_FACE('',(#5206),#5540,.T.);
#5669=ADVANCED_FACE('',(#5207),#91,.F.);
#5670=ADVANCED_FACE('',(#5208),#5541,.T.);
#5671=ADVANCED_FACE('',(#5209),#5542,.T.);
#5672=ADVANCED_FACE('',(#5210),#5543,.T.);
#5673=ADVANCED_FACE('',(#5211),#92,.F.);
#5674=ADVANCED_FACE('',(#5212),#93,.F.);
#5675=ADVANCED_FACE('',(#5213),#94,.F.);
#5676=ADVANCED_FACE('',(#5214),#5544,.T.);
#5677=ADVANCED_FACE('',(#5215),#5545,.T.);
#5678=ADVANCED_FACE('',(#5216),#5546,.T.);
#5679=ADVANCED_FACE('',(#5217),#95,.F.);
#5680=ADVANCED_FACE('',(#5218),#96,.F.);
#5681=ADVANCED_FACE('',(#5219),#97,.F.);
#5682=ADVANCED_FACE('',(#5220),#5547,.T.);
#5683=ADVANCED_FACE('',(#5221),#5548,.T.);
#5684=ADVANCED_FACE('',(#5222),#5549,.T.);
#5685=ADVANCED_FACE('',(#5223),#98,.F.);
#5686=ADVANCED_FACE('',(#5224),#99,.F.);
#5687=ADVANCED_FACE('',(#5225),#100,.F.);
#5688=ADVANCED_FACE('',(#5226),#5550,.T.);
#5689=ADVANCED_FACE('',(#5227),#5551,.T.);
#5690=ADVANCED_FACE('',(#5228),#5552,.T.);
#5691=ADVANCED_FACE('',(#5229),#39,.T.);
#5692=ADVANCED_FACE('',(#5230),#40,.T.);
#5693=ADVANCED_FACE('',(#5231),#41,.T.);
#5694=ADVANCED_FACE('',(#5232),#42,.T.);
#5695=ADVANCED_FACE('',(#5233),#43,.T.);
#5696=ADVANCED_FACE('',(#5234),#44,.T.);
#5697=ADVANCED_FACE('',(#5235),#45,.T.);
#5698=ADVANCED_FACE('',(#5236),#46,.T.);
#5699=ADVANCED_FACE('',(#5237),#47,.T.);
#5700=ADVANCED_FACE('',(#5238),#48,.T.);
#5701=ADVANCED_FACE('',(#5239),#49,.T.);
#5702=ADVANCED_FACE('',(#5240),#50,.T.);
#5703=ADVANCED_FACE('',(#5241),#51,.T.);
#5704=ADVANCED_FACE('',(#5242,#5243),#101,.F.);
#5705=ADVANCED_FACE('',(#5244),#5553,.T.);
#5706=ADVANCED_FACE('',(#5245),#102,.F.);
#5707=ADVANCED_FACE('',(#5246),#5554,.T.);
#5708=ADVANCED_FACE('',(#5247),#103,.F.);
#5709=ADVANCED_FACE('',(#5248),#5555,.T.);
#5710=ADVANCED_FACE('',(#5249),#104,.F.);
#5711=ADVANCED_FACE('',(#5250),#5556,.T.);
#5712=ADVANCED_FACE('',(#5251,#5252),#105,.F.);
#5713=ADVANCED_FACE('',(#5253),#52,.T.);
#5714=ADVANCED_FACE('',(#5254),#53,.T.);
#5715=ADVANCED_FACE('',(#5255),#54,.T.);
#5716=ADVANCED_FACE('',(#5256,#5257),#5557,.F.);
#5717=ADVANCED_FACE('',(#5258,#5259),#106,.F.);
#5718=ADVANCED_FACE('',(#5260,#5261),#5558,.F.);
#5719=ADVANCED_FACE('',(#5262,#5263),#107,.F.);
#5720=ADVANCED_FACE('',(#5264,#5265),#5559,.T.);
#5721=ADVANCED_FACE('',(#5266,#5267),#55,.T.);
#5722=ADVANCED_FACE('',(#5268,#5269),#56,.T.);
#5723=ADVANCED_FACE('',(#5270),#5560,.T.);
#5724=ADVANCED_FACE('',(#5271),#108,.F.);
#5725=ADVANCED_FACE('',(#5272),#5561,.F.);
#5726=ADVANCED_FACE('',(#5273),#109,.T.);
#5727=ADVANCED_FACE('',(#5274),#110,.F.);
#5728=ADVANCED_FACE('',(#5275),#111,.T.);
#5729=ADVANCED_FACE('',(#5276),#112,.F.);
#5730=ADVANCED_FACE('',(#5277),#113,.T.);
#5731=ADVANCED_FACE('',(#5278),#114,.T.);
#5732=ADVANCED_FACE('',(#5279),#115,.T.);
#5733=ADVANCED_FACE('',(#5280),#116,.T.);
#5734=ADVANCED_FACE('',(#5281),#117,.T.);
#5735=ADVANCED_FACE('',(#5282),#118,.T.);
#5736=ADVANCED_FACE('',(#5283),#119,.T.);
#5737=ADVANCED_FACE('',(#5284),#120,.T.);
#5738=ADVANCED_FACE('',(#5285),#121,.T.);
#5739=ADVANCED_FACE('',(#5286),#122,.F.);
#5740=ADVANCED_FACE('',(#5287),#123,.T.);
#5741=ADVANCED_FACE('',(#5288),#124,.T.);
#5742=ADVANCED_FACE('',(#5289),#125,.T.);
#5743=ADVANCED_FACE('',(#5290),#126,.F.);
#5744=ADVANCED_FACE('',(#5291),#127,.T.);
#5745=ADVANCED_FACE('',(#5292),#128,.T.);
#5746=ADVANCED_FACE('',(#5293),#129,.T.);
#5747=ADVANCED_FACE('',(#5294),#130,.T.);
#5748=ADVANCED_FACE('',(#5295),#131,.T.);
#5749=ADVANCED_FACE('',(#5296),#132,.T.);
#5750=ADVANCED_FACE('',(#5297),#133,.T.);
#5751=ADVANCED_FACE('',(#5298),#134,.F.);
#5752=ADVANCED_FACE('',(#5299),#135,.T.);
#5753=ADVANCED_FACE('',(#5300),#136,.F.);
#5754=ADVANCED_FACE('',(#5301),#137,.T.);
#5755=ADVANCED_FACE('',(#5302),#138,.F.);
#5756=ADVANCED_FACE('',(#5303),#139,.T.);
#5757=ADVANCED_FACE('',(#5304),#140,.T.);
#5758=ADVANCED_FACE('',(#5305),#141,.T.);
#5759=ADVANCED_FACE('',(#5306),#5562,.T.);
#5760=ADVANCED_FACE('',(#5307),#5563,.F.);
#5761=ADVANCED_FACE('',(#5308),#142,.T.);
#5762=ADVANCED_FACE('',(#5309),#143,.F.);
#5763=ADVANCED_FACE('',(#5310),#144,.T.);
#5764=ADVANCED_FACE('',(#5311),#145,.T.);
#5765=ADVANCED_FACE('',(#5312),#146,.T.);
#5766=ADVANCED_FACE('',(#5313),#147,.T.);
#5767=ADVANCED_FACE('',(#5314),#148,.T.);
#5768=ADVANCED_FACE('',(#5315),#149,.T.);
#5769=ADVANCED_FACE('',(#5316),#150,.T.);
#5770=ADVANCED_FACE('',(#5317),#151,.F.);
#5771=ADVANCED_FACE('',(#5318),#152,.T.);
#5772=ADVANCED_FACE('',(#5319),#153,.F.);
#5773=ADVANCED_FACE('',(#5320),#154,.T.);
#5774=ADVANCED_FACE('',(#5321),#155,.F.);
#5775=ADVANCED_FACE('',(#5322),#156,.T.);
#5776=ADVANCED_FACE('',(#5323),#157,.T.);
#5777=ADVANCED_FACE('',(#5324),#158,.T.);
#5778=ADVANCED_FACE('',(#5325),#5564,.T.);
#5779=ADVANCED_FACE('',(#5326),#5565,.F.);
#5780=ADVANCED_FACE('',(#5327),#5566,.T.);
#5781=ADVANCED_FACE('',(#5328),#159,.F.);
#5782=ADVANCED_FACE('',(#5329),#5567,.F.);
#5783=ADVANCED_FACE('',(#5330),#160,.T.);
#5784=ADVANCED_FACE('',(#5331),#161,.F.);
#5785=ADVANCED_FACE('',(#5332),#162,.T.);
#5786=ADVANCED_FACE('',(#5333),#163,.F.);
#5787=ADVANCED_FACE('',(#5334),#164,.T.);
#5788=ADVANCED_FACE('',(#5335),#165,.T.);
#5789=ADVANCED_FACE('',(#5336),#166,.T.);
#5790=ADVANCED_FACE('',(#5337),#167,.T.);
#5791=ADVANCED_FACE('',(#5338),#168,.T.);
#5792=ADVANCED_FACE('',(#5339),#169,.T.);
#5793=ADVANCED_FACE('',(#5340),#170,.T.);
#5794=ADVANCED_FACE('',(#5341),#171,.T.);
#5795=ADVANCED_FACE('',(#5342),#172,.T.);
#5796=ADVANCED_FACE('',(#5343),#173,.F.);
#5797=ADVANCED_FACE('',(#5344),#174,.T.);
#5798=ADVANCED_FACE('',(#5345),#175,.T.);
#5799=ADVANCED_FACE('',(#5346),#176,.T.);
#5800=ADVANCED_FACE('',(#5347),#177,.T.);
#5801=ADVANCED_FACE('',(#5348),#5568,.T.);
#5802=ADVANCED_FACE('',(#5349),#178,.T.);
#5803=ADVANCED_FACE('',(#5350,#5351,#5352),#179,.F.);
#5804=ADVANCED_FACE('',(#5353),#180,.F.);
#5805=ADVANCED_FACE('',(#5354),#5569,.T.);
#5806=ADVANCED_FACE('',(#5355),#181,.F.);
#5807=ADVANCED_FACE('',(#5356),#182,.T.);
#5808=ADVANCED_FACE('',(#5357),#183,.T.);
#5809=ADVANCED_FACE('',(#5358),#5570,.F.);
#5810=ADVANCED_FACE('',(#5359),#184,.F.);
#5811=ADVANCED_FACE('',(#5360),#185,.F.);
#5812=ADVANCED_FACE('',(#5361),#186,.F.);
#5813=ADVANCED_FACE('',(#5362),#187,.F.);
#5814=ADVANCED_FACE('',(#5363),#188,.F.);
#5815=ADVANCED_FACE('',(#5364),#189,.F.);
#5816=ADVANCED_FACE('',(#5365),#190,.F.);
#5817=ADVANCED_FACE('',(#5366),#191,.F.);
#5818=ADVANCED_FACE('',(#5367),#192,.F.);
#5819=ADVANCED_FACE('',(#5368),#193,.F.);
#5820=ADVANCED_FACE('',(#5369),#194,.F.);
#5821=ADVANCED_FACE('',(#5370),#195,.F.);
#5822=ADVANCED_FACE('',(#5371),#196,.T.);
#5823=ADVANCED_FACE('',(#5372),#197,.F.);
#5824=ADVANCED_FACE('',(#5373),#198,.F.);
#5825=ADVANCED_FACE('',(#5374),#5571,.F.);
#5826=ADVANCED_FACE('',(#5375),#5572,.F.);
#5827=ADVANCED_FACE('',(#5376),#5573,.F.);
#5828=ADVANCED_FACE('',(#5377),#199,.F.);
#5829=ADVANCED_FACE('',(#5378),#200,.F.);
#5830=ADVANCED_FACE('',(#5379),#201,.T.);
#5831=ADVANCED_FACE('',(#5380),#202,.F.);
#5832=ADVANCED_FACE('',(#5381),#203,.F.);
#5833=ADVANCED_FACE('',(#5382),#204,.F.);
#5834=ADVANCED_FACE('',(#5383),#205,.F.);
#5835=ADVANCED_FACE('',(#5384),#206,.F.);
#5836=ADVANCED_FACE('',(#5385),#207,.F.);
#5837=ADVANCED_FACE('',(#5386),#5574,.F.);
#5838=ADVANCED_FACE('',(#5387),#208,.T.);
#5839=ADVANCED_FACE('',(#5388),#209,.F.);
#5840=ADVANCED_FACE('',(#5389),#210,.T.);
#5841=ADVANCED_FACE('',(#5390),#211,.F.);
#5842=ADVANCED_FACE('',(#5391),#212,.F.);
#5843=ADVANCED_FACE('',(#5392),#213,.F.);
#5844=ADVANCED_FACE('',(#5393),#214,.T.);
#5845=ADVANCED_FACE('',(#5394),#215,.F.);
#5846=ADVANCED_FACE('',(#5395),#216,.F.);
#5847=ADVANCED_FACE('',(#5396),#5575,.F.);
#5848=ADVANCED_FACE('',(#5397),#217,.T.);
#5849=ADVANCED_FACE('',(#5398),#218,.T.);
#5850=ADVANCED_FACE('',(#5399),#219,.T.);
#5851=ADVANCED_FACE('',(#5400),#220,.F.);
#5852=ADVANCED_FACE('',(#5401),#5576,.F.);
#5853=ADVANCED_FACE('',(#5402),#221,.F.);
#5854=ADVANCED_FACE('',(#5403),#5577,.T.);
#5855=ADVANCED_FACE('',(#5404),#222,.F.);
#5856=ADVANCED_FACE('',(#5405),#5578,.T.);
#5857=ADVANCED_FACE('',(#5406),#223,.F.);
#5858=ADVANCED_FACE('',(#5407),#5579,.T.);
#5859=ADVANCED_FACE('',(#5408),#224,.F.);
#5860=ADVANCED_FACE('',(#5409),#225,.F.);
#5861=ADVANCED_FACE('',(#5410),#226,.F.);
#5862=ADVANCED_FACE('',(#5411),#5580,.F.);
#5863=ADVANCED_FACE('',(#5412),#227,.T.);
#5864=ADVANCED_FACE('',(#5413),#5581,.F.);
#5865=ADVANCED_FACE('',(#5414),#228,.T.);
#5866=ADVANCED_FACE('',(#5415),#229,.T.);
#5867=ADVANCED_FACE('',(#5416),#5582,.F.);
#5868=ADVANCED_FACE('',(#5417),#230,.T.);
#5869=ADVANCED_FACE('',(#5418),#231,.T.);
#5870=ADVANCED_FACE('',(#5419),#5583,.F.);
#5871=ADVANCED_FACE('',(#5420),#232,.T.);
#5872=ADVANCED_FACE('',(#5421),#233,.T.);
#5873=ADVANCED_FACE('',(#5422),#234,.T.);
#5874=ADVANCED_FACE('',(#5423),#235,.T.);
#5875=ADVANCED_FACE('',(#5424),#236,.F.);
#5876=ADVANCED_FACE('',(#5425),#237,.T.);
#5877=ADVANCED_FACE('',(#5426),#238,.T.);
#5878=ADVANCED_FACE('',(#5427),#5584,.T.);
#5879=ADVANCED_FACE('',(#5428),#239,.T.);
#5880=ADVANCED_FACE('',(#5429),#240,.T.);
#5881=ADVANCED_FACE('',(#5430),#241,.T.);
#5882=ADVANCED_FACE('',(#5431),#242,.T.);
#5883=ADVANCED_FACE('',(#5432),#243,.T.);
#5884=ADVANCED_FACE('',(#5433),#244,.F.);
#5885=ADVANCED_FACE('',(#5434),#245,.F.);
#5886=ADVANCED_FACE('',(#5435),#246,.F.);
#5887=ADVANCED_FACE('',(#5436),#247,.F.);
#5888=ADVANCED_FACE('',(#5437),#248,.F.);
#5889=ADVANCED_FACE('',(#5438),#249,.F.);
#5890=ADVANCED_FACE('',(#5439),#250,.F.);
#5891=ADVANCED_FACE('',(#5440),#251,.T.);
#5892=ADVANCED_FACE('',(#5441),#252,.T.);
#5893=ADVANCED_FACE('',(#5442),#253,.T.);
#5894=ADVANCED_FACE('',(#5443),#254,.F.);
#5895=ADVANCED_FACE('',(#5444),#255,.F.);
#5896=ADVANCED_FACE('',(#5445),#256,.F.);
#5897=ADVANCED_FACE('',(#5446),#5585,.F.);
#5898=ADVANCED_FACE('',(#5447),#257,.T.);
#5899=ADVANCED_FACE('',(#5448),#258,.T.);
#5900=ADVANCED_FACE('',(#5449),#259,.F.);
#5901=ADVANCED_FACE('',(#5450),#5586,.F.);
#5902=ADVANCED_FACE('',(#5451),#260,.T.);
#5903=ADVANCED_FACE('',(#5452),#5587,.T.);
#5904=ADVANCED_FACE('',(#5453),#57,.T.);
#5905=ADVANCED_FACE('',(#5454),#5588,.T.);
#5906=ADVANCED_FACE('',(#5455),#5589,.T.);
#5907=ADVANCED_FACE('',(#5456),#58,.T.);
#5908=ADVANCED_FACE('',(#5457),#5590,.T.);
#5909=ADVANCED_FACE('',(#5458),#5591,.T.);
#5910=ADVANCED_FACE('',(#5459),#59,.T.);
#5911=ADVANCED_FACE('',(#5460),#5592,.T.);
#5912=ADVANCED_FACE('',(#5461),#5593,.T.);
#5913=ADVANCED_FACE('',(#5462),#60,.T.);
#5914=ADVANCED_FACE('',(#5463),#5594,.T.);
#5915=ADVANCED_FACE('',(#5464),#5595,.T.);
#5916=ADVANCED_FACE('',(#5465),#5596,.F.);
#5917=ADVANCED_FACE('',(#5466),#5597,.T.);
#5918=ADVANCED_FACE('',(#5467),#5598,.F.);
#5919=ADVANCED_FACE('',(#5468),#5599,.T.);
#5920=ADVANCED_FACE('',(#5469),#5600,.T.);
#5921=ADVANCED_FACE('',(#5470),#5601,.T.);
#5922=ADVANCED_FACE('',(#5471),#5602,.T.);
#5923=ADVANCED_FACE('',(#5472),#5603,.T.);
#5924=ADVANCED_FACE('',(#5473),#5604,.T.);
#5925=ADVANCED_FACE('',(#5474),#5605,.T.);
#5926=ADVANCED_FACE('',(#5475),#5606,.T.);
#5927=ADVANCED_FACE('',(#5476),#5607,.T.);
#5928=ADVANCED_FACE('',(#5477),#5608,.T.);
#5929=ADVANCED_FACE('',(#5478),#5609,.T.);
#5930=ADVANCED_FACE('',(#5479),#5610,.T.);
#5931=ADVANCED_FACE('',(#5480),#5611,.T.);
#5932=ADVANCED_FACE('',(#5481),#5612,.T.);
#5933=ADVANCED_FACE('',(#5482),#61,.T.);
#5934=ADVANCED_FACE('',(#5483),#62,.T.);
#5935=ADVANCED_FACE('',(#5484),#5613,.T.);
#5936=ADVANCED_FACE('',(#5485),#261,.F.);
#5937=ADVANCED_FACE('',(#5486),#262,.T.);
#5938=ADVANCED_FACE('',(#5487),#263,.T.);
#5939=ADVANCED_FACE('',(#5488,#5489),#5614,.F.);
#5940=ADVANCED_FACE('',(#5490),#264,.T.);
#5941=ADVANCED_FACE('',(#5491,#5492),#5615,.F.);
#5942=ADVANCED_FACE('',(#5493),#265,.T.);
#5943=ADVANCED_FACE('',(#5494),#5616,.T.);
#5944=ADVANCED_FACE('',(#5495),#63,.T.);
#5945=ADVANCED_FACE('',(#5496),#5617,.T.);
#5946=ADVANCED_FACE('',(#5497),#5618,.T.);
#5947=ADVANCED_FACE('',(#5498),#64,.T.);
#5948=ADVANCED_FACE('',(#5499),#5619,.T.);
#5949=ADVANCED_FACE('',(#5500),#5620,.T.);
#5950=ADVANCED_FACE('',(#5501),#65,.T.);
#5951=ADVANCED_FACE('',(#5502),#5621,.T.);
#5952=ADVANCED_FACE('',(#5503),#5622,.T.);
#5953=ADVANCED_FACE('',(#5504),#66,.T.);
#5954=ADVANCED_FACE('',(#5505),#67,.T.);
#5955=ADVANCED_FACE('',(#5506),#5623,.T.);
#5956=ADVANCED_FACE('',(#5507),#5624,.T.);
#5957=ADVANCED_FACE('',(#5508),#5625,.T.);
#5958=ADVANCED_FACE('',(#5509),#5626,.T.);
#5959=ADVANCED_FACE('',(#5510),#68,.T.);
#5960=ADVANCED_FACE('',(#5511),#12,.T.);
#5961=ADVANCED_FACE('',(#5512),#5627,.T.);
#5962=ADVANCED_FACE('',(#5513),#5628,.T.);
#5963=ADVANCED_FACE('',(#5514),#69,.T.);
#5964=ADVANCED_FACE('',(#5515),#5629,.T.);
#5965=ADVANCED_FACE('',(#5516),#5630,.T.);
#5966=ADVANCED_FACE('',(#5517),#13,.T.);
#5967=ADVANCED_FACE('',(#5518),#5631,.T.);
#5968=ADVANCED_FACE('',(#5519),#5632,.T.);
#5969=ADVANCED_FACE('',(#5520),#14,.T.);
#5970=ADVANCED_FACE('',(#5521),#5633,.T.);
#5971=ADVANCED_FACE('',(#5522),#5634,.T.);
#5972=ADVANCED_FACE('',(#5523),#15,.T.);
#5973=ADVANCED_FACE('',(#5524),#5635,.T.);
#5974=ADVANCED_FACE('',(#5525),#5636,.T.);
#5975=ADVANCED_FACE('',(#5526),#16,.T.);
#5976=ADVANCED_FACE('',(#5527),#5637,.T.);
#5977=ADVANCED_FACE('',(#5528),#5638,.T.);
#5978=ADVANCED_FACE('',(#5529),#5639,.T.);
#5979=ADVANCED_FACE('',(#5530),#5640,.T.);
#5980=ADVANCED_FACE('',(#5531),#70,.T.);
#5981=ADVANCED_FACE('',(#5532),#17,.T.);
#5982=ADVANCED_FACE('',(#5533),#5641,.T.);
#5983=ADVANCED_FACE('',(#5534),#5642,.T.);
#5984=ADVANCED_FACE('',(#5535),#5643,.T.);
#5985=CLOSED_SHELL('',(#5644,#5645,#5646,#5647,#5648,#5649,#5650,#5651,
#5652,#5653,#5654,#5655,#5656,#5657,#5658,#5659,#5660,#5661,#5662,#5663,
#5664,#5665,#5666,#5667,#5668,#5669,#5670,#5671,#5672,#5673,#5674,#5675,
#5676,#5677,#5678,#5679,#5680,#5681,#5682,#5683,#5684,#5685,#5686,#5687,
#5688,#5689,#5690,#5691,#5692,#5693,#5694,#5695,#5696,#5697,#5698,#5699,
#5700,#5701,#5702,#5703,#5704,#5705,#5706,#5707,#5708,#5709,#5710,#5711,
#5712,#5713,#5714,#5715,#5716,#5717,#5718,#5719,#5720,#5721,#5722,#5723,
#5724,#5725,#5726,#5727,#5728,#5729,#5730,#5731,#5732,#5733,#5734,#5735,
#5736,#5737,#5738,#5739,#5740,#5741,#5742,#5743,#5744,#5745,#5746,#5747,
#5748,#5749,#5750,#5751,#5752,#5753,#5754,#5755,#5756,#5757,#5758,#5759,
#5760,#5761,#5762,#5763,#5764,#5765,#5766,#5767,#5768,#5769,#5770,#5771,
#5772,#5773,#5774,#5775,#5776,#5777,#5778,#5779,#5780,#5781,#5782,#5783,
#5784,#5785,#5786,#5787,#5788,#5789,#5790,#5791,#5792,#5793,#5794,#5795,
#5796,#5797,#5798,#5799,#5800,#5801,#5802,#5803,#5804,#5805,#5806,#5807,
#5808,#5809,#5810,#5811,#5812,#5813,#5814,#5815,#5816,#5817,#5818,#5819,
#5820,#5821,#5822,#5823,#5824,#5825,#5826,#5827,#5828,#5829,#5830,#5831,
#5832,#5833,#5834,#5835,#5836,#5837,#5838,#5839,#5840,#5841,#5842,#5843,
#5844,#5845,#5846,#5847,#5848,#5849,#5850,#5851,#5852,#5853,#5854,#5855,
#5856,#5857,#5858,#5859,#5860,#5861,#5862,#5863,#5864,#5865,#5866,#5867,
#5868,#5869,#5870,#5871,#5872,#5873,#5874,#5875,#5876,#5877,#5878,#5879,
#5880,#5881,#5882,#5883,#5884,#5885,#5886,#5887,#5888,#5889,#5890,#5891,
#5892,#5893,#5894,#5895,#5896,#5897,#5898,#5899,#5900,#5901,#5902,#5903,
#5904,#5905,#5906,#5907,#5908,#5909,#5910,#5911,#5912,#5913,#5914,#5915,
#5916,#5917,#5918,#5919,#5920,#5921,#5922,#5923,#5924,#5925,#5926,#5927,
#5928,#5929,#5930,#5931,#5932,#5933,#5934,#5935,#5936,#5937,#5938,#5939,
#5940,#5941,#5942,#5943,#5944,#5945,#5946,#5947,#5948,#5949,#5950,#5951,
#5952,#5953,#5954,#5955,#5956,#5957,#5958,#5959,#5960,#5961,#5962,#5963,
#5964,#5965,#5966,#5967,#5968,#5969,#5970,#5971,#5972,#5973,#5974,#5975,
#5976,#5977,#5978,#5979,#5980,#5981,#5982,#5983,#5984));
#5986=STYLED_ITEM('',(#5987),#5994);
#5987=PRESENTATION_STYLE_ASSIGNMENT((#5988));
#5988=SURFACE_STYLE_USAGE(.BOTH.,#5989);
#5989=SURFACE_SIDE_STYLE('',(#5990));
#5990=SURFACE_STYLE_FILL_AREA(#5991);
#5991=FILL_AREA_STYLE('',(#5992));
#5992=FILL_AREA_STYLE_COLOUR('',#5993);
#5993=COLOUR_RGB('',0.615686274509804,0.811764705882353,0.929411764705882);
#5994=MANIFOLD_SOLID_BREP('Body',#5985);
#5995=SHAPE_DEFINITION_REPRESENTATION(#10470,#5996);
#5996=SHAPE_REPRESENTATION('Body',(#5997),#10465);
#5997=AXIS2_PLACEMENT_3D('',#8457,#6647,#6648);
#5998=AXIS2_PLACEMENT_3D('',#8458,#6649,#6650);
#5999=AXIS2_PLACEMENT_3D('',#8462,#6652,#6653);
#6000=AXIS2_PLACEMENT_3D('',#8466,#6655,#6656);
#6001=AXIS2_PLACEMENT_3D('',#8467,#6657,#6658);
#6002=AXIS2_PLACEMENT_3D('',#8474,#6659,#6660);
#6003=AXIS2_PLACEMENT_3D('',#8478,#6662,#6663);
#6004=AXIS2_PLACEMENT_3D('',#8479,#6664,#6665);
#6005=AXIS2_PLACEMENT_3D('',#8489,#6670,#6671);
#6006=AXIS2_PLACEMENT_3D('',#8493,#6673,#6674);
#6007=AXIS2_PLACEMENT_3D('',#8501,#6678,#6679);
#6008=AXIS2_PLACEMENT_3D('',#8506,#6682,#6683);
#6009=AXIS2_PLACEMENT_3D('',#8518,#6689,#6690);
#6010=AXIS2_PLACEMENT_3D('',#8519,#6691,#6692);
#6011=AXIS2_PLACEMENT_3D('',#8535,#6700,#6701);
#6012=AXIS2_PLACEMENT_3D('',#8536,#6702,#6703);
#6013=AXIS2_PLACEMENT_3D('',#8537,#6704,#6705);
#6014=AXIS2_PLACEMENT_3D('',#8544,#6709,#6710);
#6015=AXIS2_PLACEMENT_3D('',#8547,#6712,#6713);
#6016=AXIS2_PLACEMENT_3D('',#8558,#6719,#6720);
#6017=AXIS2_PLACEMENT_3D('',#8561,#6722,#6723);
#6018=AXIS2_PLACEMENT_3D('',#8563,#6724,#6725);
#6019=AXIS2_PLACEMENT_3D('',#8567,#6727,#6728);
#6020=AXIS2_PLACEMENT_3D('',#8568,#6729,#6730);
#6021=AXIS2_PLACEMENT_3D('',#8574,#6733,#6734);
#6022=AXIS2_PLACEMENT_3D('',#8577,#6736,#6737);
#6023=AXIS2_PLACEMENT_3D('',#8594,#6746,#6747);
#6024=AXIS2_PLACEMENT_3D('',#8603,#6750,#6751);
#6025=AXIS2_PLACEMENT_3D('',#8623,#6761,#6762);
#6026=AXIS2_PLACEMENT_3D('',#8631,#6766,#6767);
#6027=AXIS2_PLACEMENT_3D('',#8639,#6771,#6772);
#6028=AXIS2_PLACEMENT_3D('',#8649,#6777,#6778);
#6029=AXIS2_PLACEMENT_3D('',#8655,#6781,#6782);
#6030=AXIS2_PLACEMENT_3D('',#8657,#6784,#6785);
#6031=AXIS2_PLACEMENT_3D('',#8664,#6789,#6790);
#6032=AXIS2_PLACEMENT_3D('',#8665,#6791,#6792);
#6033=AXIS2_PLACEMENT_3D('',#8674,#6797,#6798);
#6034=AXIS2_PLACEMENT_3D('',#8692,#6807,#6808);
#6035=AXIS2_PLACEMENT_3D('',#8693,#6809,#6810);
#6036=AXIS2_PLACEMENT_3D('',#8699,#6813,#6814);
#6037=AXIS2_PLACEMENT_3D('',#8703,#6816,#6817);
#6038=AXIS2_PLACEMENT_3D('',#8704,#6818,#6819);
#6039=AXIS2_PLACEMENT_3D('',#8715,#6825,#6826);
#6040=AXIS2_PLACEMENT_3D('',#8718,#6828,#6829);
#6041=AXIS2_PLACEMENT_3D('',#8720,#6830,#6831);
#6042=AXIS2_PLACEMENT_3D('',#8726,#6832,#6833);
#6043=AXIS2_PLACEMENT_3D('',#8734,#6837,#6838);
#6044=AXIS2_PLACEMENT_3D('',#8745,#6844,#6845);
#6045=AXIS2_PLACEMENT_3D('',#8749,#6847,#6848);
#6046=AXIS2_PLACEMENT_3D('',#8752,#6850,#6851);
#6047=AXIS2_PLACEMENT_3D('',#8753,#6852,#6853);
#6048=AXIS2_PLACEMENT_3D('',#8759,#6854,#6855);
#6049=AXIS2_PLACEMENT_3D('',#8763,#6857,#6858);
#6050=AXIS2_PLACEMENT_3D('',#8770,#6859,#6860);
#6051=AXIS2_PLACEMENT_3D('',#8776,#6864,#6865);
#6052=AXIS2_PLACEMENT_3D('',#8782,#6868,#6869);
#6053=AXIS2_PLACEMENT_3D('',#8785,#6871,#6872);
#6054=AXIS2_PLACEMENT_3D('',#8788,#6874,#6875);
#6055=AXIS2_PLACEMENT_3D('',#8791,#6877,#6878);
#6056=AXIS2_PLACEMENT_3D('',#8792,#6879,#6880);
#6057=AXIS2_PLACEMENT_3D('',#8797,#6883,#6884);
#6058=AXIS2_PLACEMENT_3D('',#8804,#6886,#6887);
#6059=AXIS2_PLACEMENT_3D('',#8809,#6890,#6891);
#6060=AXIS2_PLACEMENT_3D('',#8813,#6894,#6895);
#6061=AXIS2_PLACEMENT_3D('',#8837,#6907,#6908);
#6062=AXIS2_PLACEMENT_3D('',#8845,#6912,#6913);
#6063=AXIS2_PLACEMENT_3D('',#8853,#6917,#6918);
#6064=AXIS2_PLACEMENT_3D('',#8859,#6921,#6922);
#6065=AXIS2_PLACEMENT_3D('',#8862,#6924,#6925);
#6066=AXIS2_PLACEMENT_3D('',#8865,#6927,#6928);
#6067=AXIS2_PLACEMENT_3D('',#8866,#6929,#6930);
#6068=AXIS2_PLACEMENT_3D('',#8867,#6931,#6932);
#6069=AXIS2_PLACEMENT_3D('',#8868,#6933,#6934);
#6070=AXIS2_PLACEMENT_3D('',#8871,#6936,#6937);
#6071=AXIS2_PLACEMENT_3D('',#8874,#6939,#6940);
#6072=AXIS2_PLACEMENT_3D('',#8875,#6941,#6942);
#6073=AXIS2_PLACEMENT_3D('',#8880,#6944,#6945);
#6074=AXIS2_PLACEMENT_3D('',#8883,#6947,#6948);
#6075=AXIS2_PLACEMENT_3D('',#8884,#6949,#6950);
#6076=AXIS2_PLACEMENT_3D('',#8889,#6952,#6953);
#6077=AXIS2_PLACEMENT_3D('',#8892,#6955,#6956);
#6078=AXIS2_PLACEMENT_3D('',#8893,#6957,#6958);
#6079=AXIS2_PLACEMENT_3D('',#8898,#6960,#6961);
#6080=AXIS2_PLACEMENT_3D('',#8901,#6963,#6964);
#6081=AXIS2_PLACEMENT_3D('',#8902,#6965,#6966);
#6082=AXIS2_PLACEMENT_3D('',#8904,#6967,#6968);
#6083=AXIS2_PLACEMENT_3D('',#8906,#6969,#6970);
#6084=AXIS2_PLACEMENT_3D('',#8907,#6971,#6972);
#6085=AXIS2_PLACEMENT_3D('',#8908,#6973,#6974);
#6086=AXIS2_PLACEMENT_3D('',#8911,#6975,#6976);
#6087=AXIS2_PLACEMENT_3D('',#8913,#6977,#6978);
#6088=AXIS2_PLACEMENT_3D('',#8915,#6979,#6980);
#6089=AXIS2_PLACEMENT_3D('',#8916,#6981,#6982);
#6090=AXIS2_PLACEMENT_3D('',#8917,#6983,#6984);
#6091=AXIS2_PLACEMENT_3D('',#8920,#6985,#6986);
#6092=AXIS2_PLACEMENT_3D('',#8921,#6987,#6988);
#6093=AXIS2_PLACEMENT_3D('',#8922,#6989,#6990);
#6094=AXIS2_PLACEMENT_3D('',#8923,#6991,#6992);
#6095=AXIS2_PLACEMENT_3D('',#8928,#6994,#6995);
#6096=AXIS2_PLACEMENT_3D('',#8931,#6997,#6998);
#6097=AXIS2_PLACEMENT_3D('',#8932,#6999,#7000);
#6098=AXIS2_PLACEMENT_3D('',#8937,#7002,#7003);
#6099=AXIS2_PLACEMENT_3D('',#8940,#7005,#7006);
#6100=AXIS2_PLACEMENT_3D('',#8941,#7007,#7008);
#6101=AXIS2_PLACEMENT_3D('',#8946,#7010,#7011);
#6102=AXIS2_PLACEMENT_3D('',#8949,#7013,#7014);
#6103=AXIS2_PLACEMENT_3D('',#8950,#7015,#7016);
#6104=AXIS2_PLACEMENT_3D('',#8952,#7017,#7018);
#6105=AXIS2_PLACEMENT_3D('',#8954,#7019,#7020);
#6106=AXIS2_PLACEMENT_3D('',#8955,#7021,#7022);
#6107=AXIS2_PLACEMENT_3D('',#8956,#7023,#7024);
#6108=AXIS2_PLACEMENT_3D('',#8959,#7025,#7026);
#6109=AXIS2_PLACEMENT_3D('',#8961,#7027,#7028);
#6110=AXIS2_PLACEMENT_3D('',#8963,#7029,#7030);
#6111=AXIS2_PLACEMENT_3D('',#8964,#7031,#7032);
#6112=AXIS2_PLACEMENT_3D('',#8965,#7033,#7034);
#6113=AXIS2_PLACEMENT_3D('',#8968,#7035,#7036);
#6114=AXIS2_PLACEMENT_3D('',#8969,#7037,#7038);
#6115=AXIS2_PLACEMENT_3D('',#8970,#7039,#7040);
#6116=AXIS2_PLACEMENT_3D('',#8974,#7042,#7043);
#6117=AXIS2_PLACEMENT_3D('',#8978,#7045,#7046);
#6118=AXIS2_PLACEMENT_3D('',#8979,#7047,#7048);
#6119=AXIS2_PLACEMENT_3D('',#8980,#7049,#7050);
#6120=AXIS2_PLACEMENT_3D('',#8985,#7052,#7053);
#6121=AXIS2_PLACEMENT_3D('',#8988,#7055,#7056);
#6122=AXIS2_PLACEMENT_3D('',#8989,#7057,#7058);
#6123=AXIS2_PLACEMENT_3D('',#8994,#7060,#7061);
#6124=AXIS2_PLACEMENT_3D('',#8997,#7063,#7064);
#6125=AXIS2_PLACEMENT_3D('',#8998,#7065,#7066);
#6126=AXIS2_PLACEMENT_3D('',#9001,#7067,#7068);
#6127=AXIS2_PLACEMENT_3D('',#9003,#7069,#7070);
#6128=AXIS2_PLACEMENT_3D('',#9005,#7071,#7072);
#6129=AXIS2_PLACEMENT_3D('',#9006,#7073,#7074);
#6130=AXIS2_PLACEMENT_3D('',#9007,#7075,#7076);
#6131=AXIS2_PLACEMENT_3D('',#9010,#7077,#7078);
#6132=AXIS2_PLACEMENT_3D('',#9011,#7079,#7080);
#6133=AXIS2_PLACEMENT_3D('',#9012,#7081,#7082);
#6134=AXIS2_PLACEMENT_3D('',#9013,#7083,#7084);
#6135=AXIS2_PLACEMENT_3D('',#9016,#7085,#7086);
#6136=AXIS2_PLACEMENT_3D('',#9017,#7087,#7088);
#6137=AXIS2_PLACEMENT_3D('',#9018,#7089,#7090);
#6138=AXIS2_PLACEMENT_3D('',#9022,#7092,#7093);
#6139=AXIS2_PLACEMENT_3D('',#9026,#7095,#7096);
#6140=AXIS2_PLACEMENT_3D('',#9027,#7097,#7098);
#6141=AXIS2_PLACEMENT_3D('',#9028,#7099,#7100);
#6142=AXIS2_PLACEMENT_3D('',#9033,#7102,#7103);
#6143=AXIS2_PLACEMENT_3D('',#9036,#7105,#7106);
#6144=AXIS2_PLACEMENT_3D('',#9037,#7107,#7108);
#6145=AXIS2_PLACEMENT_3D('',#9042,#7110,#7111);
#6146=AXIS2_PLACEMENT_3D('',#9045,#7113,#7114);
#6147=AXIS2_PLACEMENT_3D('',#9066,#7115,#7116);
#6148=AXIS2_PLACEMENT_3D('',#9089,#7117,#7118);
#6149=AXIS2_PLACEMENT_3D('',#9090,#7119,#7120);
#6150=AXIS2_PLACEMENT_3D('',#9111,#7121,#7122);
#6151=AXIS2_PLACEMENT_3D('',#9122,#7123,#7124);
#6152=AXIS2_PLACEMENT_3D('',#9135,#7125,#7126);
#6153=AXIS2_PLACEMENT_3D('',#9136,#7127,#7128);
#6154=AXIS2_PLACEMENT_3D('',#9147,#7129,#7130);
#6155=AXIS2_PLACEMENT_3D('',#9158,#7131,#7132);
#6156=AXIS2_PLACEMENT_3D('',#9171,#7133,#7134);
#6157=AXIS2_PLACEMENT_3D('',#9172,#7135,#7136);
#6158=AXIS2_PLACEMENT_3D('',#9183,#7137,#7138);
#6159=AXIS2_PLACEMENT_3D('',#9194,#7139,#7140);
#6160=AXIS2_PLACEMENT_3D('',#9195,#7141,#7142);
#6161=AXIS2_PLACEMENT_3D('',#9201,#7143,#7144);
#6162=AXIS2_PLACEMENT_3D('',#9207,#7145,#7146);
#6163=AXIS2_PLACEMENT_3D('',#9218,#7147,#7148);
#6164=AXIS2_PLACEMENT_3D('',#9219,#7149,#7150);
#6165=AXIS2_PLACEMENT_3D('',#9226,#7151,#7152);
#6166=AXIS2_PLACEMENT_3D('',#9233,#7153,#7154);
#6167=AXIS2_PLACEMENT_3D('',#9234,#7155,#7156);
#6168=AXIS2_PLACEMENT_3D('',#9235,#7157,#7158);
#6169=AXIS2_PLACEMENT_3D('',#9237,#7159,#7160);
#6170=AXIS2_PLACEMENT_3D('',#9238,#7161,#7162);
#6171=AXIS2_PLACEMENT_3D('',#9239,#7163,#7164);
#6172=AXIS2_PLACEMENT_3D('',#9240,#7165,#7166);
#6173=AXIS2_PLACEMENT_3D('',#9241,#7167,#7168);
#6174=AXIS2_PLACEMENT_3D('',#9244,#7171,#7172);
#6175=AXIS2_PLACEMENT_3D('',#9245,#7173,#7174);
#6176=AXIS2_PLACEMENT_3D('',#9247,#7175,#7176);
#6177=AXIS2_PLACEMENT_3D('',#9249,#7177,#7178);
#6178=AXIS2_PLACEMENT_3D('',#9250,#7179,#7180);
#6179=AXIS2_PLACEMENT_3D('',#9253,#7183,#7184);
#6180=AXIS2_PLACEMENT_3D('',#9254,#7185,#7186);
#6181=AXIS2_PLACEMENT_3D('',#9255,#7187,#7188);
#6182=AXIS2_PLACEMENT_3D('',#9256,#7189,#7190);
#6183=AXIS2_PLACEMENT_3D('',#9257,#7191,#7192);
#6184=AXIS2_PLACEMENT_3D('',#9262,#7195,#7196);
#6185=AXIS2_PLACEMENT_3D('',#9263,#7197,#7198);
#6186=AXIS2_PLACEMENT_3D('',#9264,#7199,#7200);
#6187=AXIS2_PLACEMENT_3D('',#9265,#7201,#7202);
#6188=AXIS2_PLACEMENT_3D('',#9266,#7203,#7204);
#6189=AXIS2_PLACEMENT_3D('',#9271,#7206,#7207);
#6190=AXIS2_PLACEMENT_3D('',#9274,#7209,#7210);
#6191=AXIS2_PLACEMENT_3D('',#9275,#7211,#7212);
#6192=AXIS2_PLACEMENT_3D('',#9277,#7213,#7214);
#6193=AXIS2_PLACEMENT_3D('',#9278,#7215,#7216);
#6194=AXIS2_PLACEMENT_3D('',#9279,#7217,#7218);
#6195=AXIS2_PLACEMENT_3D('',#9280,#7219,#7220);
#6196=AXIS2_PLACEMENT_3D('',#9281,#7221,#7222);
#6197=AXIS2_PLACEMENT_3D('',#9302,#7223,#7224);
#6198=AXIS2_PLACEMENT_3D('',#9313,#7225,#7226);
#6199=AXIS2_PLACEMENT_3D('',#9324,#7227,#7228);
#6200=AXIS2_PLACEMENT_3D('',#9328,#7230,#7231);
#6201=AXIS2_PLACEMENT_3D('',#9332,#7233,#7234);
#6202=AXIS2_PLACEMENT_3D('',#9333,#7235,#7236);
#6203=AXIS2_PLACEMENT_3D('',#9335,#7237,#7238);
#6204=AXIS2_PLACEMENT_3D('',#9336,#7239,#7240);
#6205=AXIS2_PLACEMENT_3D('',#9338,#7241,#7242);
#6206=AXIS2_PLACEMENT_3D('',#9339,#7243,#7244);
#6207=AXIS2_PLACEMENT_3D('',#9341,#7245,#7246);
#6208=AXIS2_PLACEMENT_3D('',#9342,#7247,#7248);
#6209=AXIS2_PLACEMENT_3D('',#9344,#7249,#7250);
#6210=AXIS2_PLACEMENT_3D('',#9345,#7251,#7252);
#6211=AXIS2_PLACEMENT_3D('',#9347,#7253,#7254);
#6212=AXIS2_PLACEMENT_3D('',#9348,#7255,#7256);
#6213=AXIS2_PLACEMENT_3D('',#9349,#7257,#7258);
#6214=AXIS2_PLACEMENT_3D('',#9350,#7259,#7260);
#6215=AXIS2_PLACEMENT_3D('',#9355,#7263,#7264);
#6216=AXIS2_PLACEMENT_3D('',#9359,#7266,#7267);
#6217=AXIS2_PLACEMENT_3D('',#9363,#7269,#7270);
#6218=AXIS2_PLACEMENT_3D('',#9367,#7272,#7273);
#6219=AXIS2_PLACEMENT_3D('',#9371,#7275,#7276);
#6220=AXIS2_PLACEMENT_3D('',#9375,#7278,#7279);
#6221=AXIS2_PLACEMENT_3D('',#9379,#7281,#7282);
#6222=AXIS2_PLACEMENT_3D('',#9383,#7284,#7285);
#6223=AXIS2_PLACEMENT_3D('',#9387,#7287,#7288);
#6224=AXIS2_PLACEMENT_3D('',#9388,#7289,#7290);
#6225=AXIS2_PLACEMENT_3D('',#9394,#7294,#7295);
#6226=AXIS2_PLACEMENT_3D('',#9395,#7296,#7297);
#6227=AXIS2_PLACEMENT_3D('',#9399,#7299,#7300);
#6228=AXIS2_PLACEMENT_3D('',#9403,#7302,#7303);
#6229=AXIS2_PLACEMENT_3D('',#9407,#7305,#7306);
#6230=AXIS2_PLACEMENT_3D('',#9411,#7308,#7309);
#6231=AXIS2_PLACEMENT_3D('',#9412,#7310,#7311);
#6232=AXIS2_PLACEMENT_3D('',#9416,#7313,#7314);
#6233=AXIS2_PLACEMENT_3D('',#9420,#7316,#7317);
#6234=AXIS2_PLACEMENT_3D('',#9424,#7319,#7320);
#6235=AXIS2_PLACEMENT_3D('',#9425,#7321,#7322);
#6236=AXIS2_PLACEMENT_3D('',#9427,#7324,#7325);
#6237=AXIS2_PLACEMENT_3D('',#9430,#7328,#7329);
#6238=AXIS2_PLACEMENT_3D('',#9431,#7330,#7331);
#6239=AXIS2_PLACEMENT_3D('',#9434,#7334,#7335);
#6240=AXIS2_PLACEMENT_3D('',#9435,#7336,#7337);
#6241=AXIS2_PLACEMENT_3D('',#9438,#7340,#7341);
#6242=AXIS2_PLACEMENT_3D('',#9439,#7342,#7343);
#6243=AXIS2_PLACEMENT_3D('',#9440,#7344,#7345);
#6244=AXIS2_PLACEMENT_3D('',#9442,#7347,#7348);
#6245=AXIS2_PLACEMENT_3D('',#9445,#7351,#7352);
#6246=AXIS2_PLACEMENT_3D('',#9446,#7353,#7354);
#6247=AXIS2_PLACEMENT_3D('',#9449,#7357,#7358);
#6248=AXIS2_PLACEMENT_3D('',#9450,#7359,#7360);
#6249=AXIS2_PLACEMENT_3D('',#9453,#7363,#7364);
#6250=AXIS2_PLACEMENT_3D('',#9454,#7365,#7366);
#6251=AXIS2_PLACEMENT_3D('',#9455,#7367,#7368);
#6252=AXIS2_PLACEMENT_3D('',#9456,#7369,#7370);
#6253=AXIS2_PLACEMENT_3D('',#9459,#7371,#7372);
#6254=AXIS2_PLACEMENT_3D('',#9462,#7374,#7375);
#6255=AXIS2_PLACEMENT_3D('',#9468,#7379,#7380);
#6256=AXIS2_PLACEMENT_3D('',#9472,#7382,#7383);
#6257=AXIS2_PLACEMENT_3D('',#9473,#7384,#7385);
#6258=AXIS2_PLACEMENT_3D('',#9474,#7386,#7387);
#6259=AXIS2_PLACEMENT_3D('',#9480,#7391,#7392);
#6260=AXIS2_PLACEMENT_3D('',#9484,#7394,#7395);
#6261=AXIS2_PLACEMENT_3D('',#9485,#7396,#7397);
#6262=AXIS2_PLACEMENT_3D('',#9486,#7398,#7399);
#6263=AXIS2_PLACEMENT_3D('',#9492,#7403,#7404);
#6264=AXIS2_PLACEMENT_3D('',#9493,#7405,#7406);
#6265=AXIS2_PLACEMENT_3D('',#9497,#7408,#7409);
#6266=AXIS2_PLACEMENT_3D('',#9498,#7410,#7411);
#6267=AXIS2_PLACEMENT_3D('',#9504,#7415,#7416);
#6268=AXIS2_PLACEMENT_3D('',#9505,#7417,#7418);
#6269=AXIS2_PLACEMENT_3D('',#9507,#7419,#7420);
#6270=AXIS2_PLACEMENT_3D('',#9510,#7422,#7423);
#6271=AXIS2_PLACEMENT_3D('',#9516,#7427,#7428);
#6272=AXIS2_PLACEMENT_3D('',#9517,#7429,#7430);
#6273=AXIS2_PLACEMENT_3D('',#9521,#7432,#7433);
#6274=AXIS2_PLACEMENT_3D('',#9522,#7434,#7435);
#6275=AXIS2_PLACEMENT_3D('',#9528,#7439,#7440);
#6276=AXIS2_PLACEMENT_3D('',#9529,#7441,#7442);
#6277=AXIS2_PLACEMENT_3D('',#9533,#7444,#7445);
#6278=AXIS2_PLACEMENT_3D('',#9534,#7446,#7447);
#6279=AXIS2_PLACEMENT_3D('',#9540,#7451,#7452);
#6280=AXIS2_PLACEMENT_3D('',#9541,#7453,#7454);
#6281=AXIS2_PLACEMENT_3D('',#9545,#7456,#7457);
#6282=AXIS2_PLACEMENT_3D('',#9546,#7458,#7459);
#6283=AXIS2_PLACEMENT_3D('',#9552,#7463,#7464);
#6284=AXIS2_PLACEMENT_3D('',#9553,#7465,#7466);
#6285=AXIS2_PLACEMENT_3D('',#9555,#7467,#7468);
#6286=AXIS2_PLACEMENT_3D('',#9556,#7469,#7470);
#6287=AXIS2_PLACEMENT_3D('',#9559,#7473,#7474);
#6288=AXIS2_PLACEMENT_3D('',#9560,#7475,#7476);
#6289=AXIS2_PLACEMENT_3D('',#9561,#7477,#7478);
#6290=AXIS2_PLACEMENT_3D('',#9564,#7479,#7480);
#6291=AXIS2_PLACEMENT_3D('',#9567,#7482,#7483);
#6292=AXIS2_PLACEMENT_3D('',#9573,#7487,#7488);
#6293=AXIS2_PLACEMENT_3D('',#9577,#7490,#7491);
#6294=AXIS2_PLACEMENT_3D('',#9578,#7492,#7493);
#6295=AXIS2_PLACEMENT_3D('',#9579,#7494,#7495);
#6296=AXIS2_PLACEMENT_3D('',#9585,#7499,#7500);
#6297=AXIS2_PLACEMENT_3D('',#9589,#7502,#7503);
#6298=AXIS2_PLACEMENT_3D('',#9590,#7504,#7505);
#6299=AXIS2_PLACEMENT_3D('',#9591,#7506,#7507);
#6300=AXIS2_PLACEMENT_3D('',#9597,#7511,#7512);
#6301=AXIS2_PLACEMENT_3D('',#9598,#7513,#7514);
#6302=AXIS2_PLACEMENT_3D('',#9602,#7516,#7517);
#6303=AXIS2_PLACEMENT_3D('',#9603,#7518,#7519);
#6304=AXIS2_PLACEMENT_3D('',#9609,#7523,#7524);
#6305=AXIS2_PLACEMENT_3D('',#9610,#7525,#7526);
#6306=AXIS2_PLACEMENT_3D('',#9612,#7527,#7528);
#6307=AXIS2_PLACEMENT_3D('',#9615,#7530,#7531);
#6308=AXIS2_PLACEMENT_3D('',#9621,#7535,#7536);
#6309=AXIS2_PLACEMENT_3D('',#9622,#7537,#7538);
#6310=AXIS2_PLACEMENT_3D('',#9626,#7540,#7541);
#6311=AXIS2_PLACEMENT_3D('',#9627,#7542,#7543);
#6312=AXIS2_PLACEMENT_3D('',#9633,#7547,#7548);
#6313=AXIS2_PLACEMENT_3D('',#9634,#7549,#7550);
#6314=AXIS2_PLACEMENT_3D('',#9638,#7552,#7553);
#6315=AXIS2_PLACEMENT_3D('',#9639,#7554,#7555);
#6316=AXIS2_PLACEMENT_3D('',#9645,#7559,#7560);
#6317=AXIS2_PLACEMENT_3D('',#9646,#7561,#7562);
#6318=AXIS2_PLACEMENT_3D('',#9650,#7564,#7565);
#6319=AXIS2_PLACEMENT_3D('',#9651,#7566,#7567);
#6320=AXIS2_PLACEMENT_3D('',#9657,#7571,#7572);
#6321=AXIS2_PLACEMENT_3D('',#9658,#7573,#7574);
#6322=AXIS2_PLACEMENT_3D('',#9660,#7575,#7576);
#6323=AXIS2_PLACEMENT_3D('',#9661,#7577,#7578);
#6324=AXIS2_PLACEMENT_3D('',#9664,#7581,#7582);
#6325=AXIS2_PLACEMENT_3D('',#9665,#7583,#7584);
#6326=AXIS2_PLACEMENT_3D('',#9670,#7587,#7588);
#6327=AXIS2_PLACEMENT_3D('',#9674,#7590,#7591);
#6328=AXIS2_PLACEMENT_3D('',#9678,#7593,#7594);
#6329=AXIS2_PLACEMENT_3D('',#9682,#7596,#7597);
#6330=AXIS2_PLACEMENT_3D('',#9686,#7599,#7600);
#6331=AXIS2_PLACEMENT_3D('',#9690,#7602,#7603);
#6332=AXIS2_PLACEMENT_3D('',#9694,#7605,#7606);
#6333=AXIS2_PLACEMENT_3D('',#9698,#7608,#7609);
#6334=AXIS2_PLACEMENT_3D('',#9702,#7611,#7612);
#6335=AXIS2_PLACEMENT_3D('',#9703,#7613,#7614);
#6336=AXIS2_PLACEMENT_3D('',#9709,#7618,#7619);
#6337=AXIS2_PLACEMENT_3D('',#9710,#7620,#7621);
#6338=AXIS2_PLACEMENT_3D('',#9714,#7623,#7624);
#6339=AXIS2_PLACEMENT_3D('',#9718,#7626,#7627);
#6340=AXIS2_PLACEMENT_3D('',#9722,#7629,#7630);
#6341=AXIS2_PLACEMENT_3D('',#9726,#7632,#7633);
#6342=AXIS2_PLACEMENT_3D('',#9727,#7634,#7635);
#6343=AXIS2_PLACEMENT_3D('',#9731,#7637,#7638);
#6344=AXIS2_PLACEMENT_3D('',#9735,#7640,#7641);
#6345=AXIS2_PLACEMENT_3D('',#9739,#7643,#7644);
#6346=AXIS2_PLACEMENT_3D('',#9740,#7645,#7646);
#6347=AXIS2_PLACEMENT_3D('',#9742,#7648,#7649);
#6348=AXIS2_PLACEMENT_3D('',#9745,#7652,#7653);
#6349=AXIS2_PLACEMENT_3D('',#9746,#7654,#7655);
#6350=AXIS2_PLACEMENT_3D('',#9749,#7658,#7659);
#6351=AXIS2_PLACEMENT_3D('',#9750,#7660,#7661);
#6352=AXIS2_PLACEMENT_3D('',#9753,#7664,#7665);
#6353=AXIS2_PLACEMENT_3D('',#9754,#7666,#7667);
#6354=AXIS2_PLACEMENT_3D('',#9755,#7668,#7669);
#6355=AXIS2_PLACEMENT_3D('',#9757,#7671,#7672);
#6356=AXIS2_PLACEMENT_3D('',#9760,#7675,#7676);
#6357=AXIS2_PLACEMENT_3D('',#9761,#7677,#7678);
#6358=AXIS2_PLACEMENT_3D('',#9764,#7681,#7682);
#6359=AXIS2_PLACEMENT_3D('',#9765,#7683,#7684);
#6360=AXIS2_PLACEMENT_3D('',#9768,#7687,#7688);
#6361=AXIS2_PLACEMENT_3D('',#9769,#7689,#7690);
#6362=AXIS2_PLACEMENT_3D('',#9770,#7691,#7692);
#6363=AXIS2_PLACEMENT_3D('',#9782,#7698,#7699);
#6364=AXIS2_PLACEMENT_3D('',#9802,#7709,#7710);
#6365=AXIS2_PLACEMENT_3D('',#9806,#7712,#7713);
#6366=AXIS2_PLACEMENT_3D('',#9812,#7716,#7717);
#6367=AXIS2_PLACEMENT_3D('',#9818,#7720,#7721);
#6368=AXIS2_PLACEMENT_3D('',#9824,#7724,#7725);
#6369=AXIS2_PLACEMENT_3D('',#9830,#7728,#7729);
#6370=AXIS2_PLACEMENT_3D('',#9834,#7731,#7732);
#6371=AXIS2_PLACEMENT_3D('',#9843,#7737,#7738);
#6372=AXIS2_PLACEMENT_3D('',#9849,#7742,#7743);
#6373=AXIS2_PLACEMENT_3D('',#9853,#7745,#7746);
#6374=AXIS2_PLACEMENT_3D('',#9854,#7747,#7748);
#6375=AXIS2_PLACEMENT_3D('',#9855,#7749,#7750);
#6376=AXIS2_PLACEMENT_3D('',#9858,#7753,#7754);
#6377=AXIS2_PLACEMENT_3D('',#9859,#7755,#7756);
#6378=AXIS2_PLACEMENT_3D('',#9861,#7757,#7758);
#6379=AXIS2_PLACEMENT_3D('',#9879,#7767,#7768);
#6380=AXIS2_PLACEMENT_3D('',#9885,#7772,#7773);
#6381=AXIS2_PLACEMENT_3D('',#9886,#7774,#7775);
#6382=AXIS2_PLACEMENT_3D('',#9887,#7776,#7777);
#6383=AXIS2_PLACEMENT_3D('',#9888,#7778,#7779);
#6384=AXIS2_PLACEMENT_3D('',#9889,#7780,#7781);
#6385=AXIS2_PLACEMENT_3D('',#9895,#7785,#7786);
#6386=AXIS2_PLACEMENT_3D('',#9899,#7789,#7790);
#6387=AXIS2_PLACEMENT_3D('',#9900,#7791,#7792);
#6388=AXIS2_PLACEMENT_3D('',#9903,#7794,#7795);
#6389=AXIS2_PLACEMENT_3D('',#9909,#7799,#7800);
#6390=AXIS2_PLACEMENT_3D('',#9913,#7803,#7804);
#6391=AXIS2_PLACEMENT_3D('',#9917,#7807,#7808);
#6392=AXIS2_PLACEMENT_3D('',#9923,#7812,#7813);
#6393=AXIS2_PLACEMENT_3D('',#9927,#7816,#7817);
#6394=AXIS2_PLACEMENT_3D('',#9931,#7820,#7821);
#6395=AXIS2_PLACEMENT_3D('',#9937,#7825,#7826);
#6396=AXIS2_PLACEMENT_3D('',#9941,#7829,#7830);
#6397=AXIS2_PLACEMENT_3D('',#9945,#7833,#7834);
#6398=AXIS2_PLACEMENT_3D('',#9951,#7838,#7839);
#6399=AXIS2_PLACEMENT_3D('',#9955,#7842,#7843);
#6400=AXIS2_PLACEMENT_3D('',#9959,#7846,#7847);
#6401=AXIS2_PLACEMENT_3D('',#9965,#7851,#7852);
#6402=AXIS2_PLACEMENT_3D('',#9969,#7855,#7856);
#6403=AXIS2_PLACEMENT_3D('',#9973,#7859,#7860);
#6404=AXIS2_PLACEMENT_3D('',#9974,#7861,#7862);
#6405=AXIS2_PLACEMENT_3D('',#9975,#7863,#7864);
#6406=AXIS2_PLACEMENT_3D('',#9976,#7865,#7866);
#6407=AXIS2_PLACEMENT_3D('',#9977,#7867,#7868);
#6408=AXIS2_PLACEMENT_3D('',#9978,#7869,#7870);
#6409=AXIS2_PLACEMENT_3D('',#9979,#7871,#7872);
#6410=AXIS2_PLACEMENT_3D('',#9981,#7874,#7875);
#6411=AXIS2_PLACEMENT_3D('',#9983,#7877,#7878);
#6412=AXIS2_PLACEMENT_3D('',#9985,#7880,#7881);
#6413=AXIS2_PLACEMENT_3D('',#9986,#7882,#7883);
#6414=AXIS2_PLACEMENT_3D('',#9987,#7884,#7885);
#6415=AXIS2_PLACEMENT_3D('',#9988,#7886,#7887);
#6416=AXIS2_PLACEMENT_3D('',#9989,#7888,#7889);
#6417=AXIS2_PLACEMENT_3D('',#9990,#7890,#7891);
#6418=AXIS2_PLACEMENT_3D('',#9991,#7892,#7893);
#6419=AXIS2_PLACEMENT_3D('',#10012,#7894,#7895);
#6420=AXIS2_PLACEMENT_3D('',#10018,#7899,#7900);
#6421=AXIS2_PLACEMENT_3D('',#10022,#7903,#7904);
#6422=AXIS2_PLACEMENT_3D('',#10028,#7908,#7909);
#6423=AXIS2_PLACEMENT_3D('',#10032,#7912,#7913);
#6424=AXIS2_PLACEMENT_3D('',#10041,#7918,#7919);
#6425=AXIS2_PLACEMENT_3D('',#10042,#7920,#7921);
#6426=AXIS2_PLACEMENT_3D('',#10043,#7922,#7923);
#6427=AXIS2_PLACEMENT_3D('',#10045,#7925,#7926);
#6428=AXIS2_PLACEMENT_3D('',#10051,#7930,#7931);
#6429=AXIS2_PLACEMENT_3D('',#10053,#7933,#7934);
#6430=AXIS2_PLACEMENT_3D('',#10059,#7938,#7939);
#6431=AXIS2_PLACEMENT_3D('',#10063,#7942,#7943);
#6432=AXIS2_PLACEMENT_3D('',#10066,#7945,#7946);
#6433=AXIS2_PLACEMENT_3D('',#10067,#7947,#7948);
#6434=AXIS2_PLACEMENT_3D('',#10069,#7950,#7951);
#6435=AXIS2_PLACEMENT_3D('',#10072,#7953,#7954);
#6436=AXIS2_PLACEMENT_3D('',#10075,#7956,#7957);
#6437=AXIS2_PLACEMENT_3D('',#10076,#7958,#7959);
#6438=AXIS2_PLACEMENT_3D('',#10078,#7961,#7962);
#6439=AXIS2_PLACEMENT_3D('',#10080,#7964,#7965);
#6440=AXIS2_PLACEMENT_3D('',#10081,#7966,#7967);
#6441=AXIS2_PLACEMENT_3D('',#10087,#7971,#7972);
#6442=AXIS2_PLACEMENT_3D('',#10088,#7973,#7974);
#6443=AXIS2_PLACEMENT_3D('',#10089,#7975,#7976);
#6444=AXIS2_PLACEMENT_3D('',#10090,#7977,#7978);
#6445=AXIS2_PLACEMENT_3D('',#10096,#7982,#7983);
#6446=AXIS2_PLACEMENT_3D('',#10097,#7984,#7985);
#6447=AXIS2_PLACEMENT_3D('',#10098,#7986,#7987);
#6448=AXIS2_PLACEMENT_3D('',#10099,#7988,#7989);
#6449=AXIS2_PLACEMENT_3D('',#10100,#7990,#7991);
#6450=AXIS2_PLACEMENT_3D('',#10104,#7993,#7994);
#6451=AXIS2_PLACEMENT_3D('',#10107,#7996,#7997);
#6452=AXIS2_PLACEMENT_3D('',#10108,#7998,#7999);
#6453=AXIS2_PLACEMENT_3D('',#10115,#8000,#8001);
#6454=AXIS2_PLACEMENT_3D('',#10124,#8004,#8005);
#6455=AXIS2_PLACEMENT_3D('',#10125,#8006,#8007);
#6456=AXIS2_PLACEMENT_3D('',#10126,#8008,#8009);
#6457=AXIS2_PLACEMENT_3D('',#10127,#8010,#8011);
#6458=AXIS2_PLACEMENT_3D('',#10133,#8015,#8016);
#6459=AXIS2_PLACEMENT_3D('',#10137,#8019,#8020);
#6460=AXIS2_PLACEMENT_3D('',#10138,#8021,#8022);
#6461=AXIS2_PLACEMENT_3D('',#10141,#8024,#8025);
#6462=AXIS2_PLACEMENT_3D('',#10147,#8029,#8030);
#6463=AXIS2_PLACEMENT_3D('',#10148,#8031,#8032);
#6464=AXIS2_PLACEMENT_3D('',#10151,#8034,#8035);
#6465=AXIS2_PLACEMENT_3D('',#10155,#8038,#8039);
#6466=AXIS2_PLACEMENT_3D('',#10161,#8043,#8044);
#6467=AXIS2_PLACEMENT_3D('',#10162,#8045,#8046);
#6468=AXIS2_PLACEMENT_3D('',#10165,#8048,#8049);
#6469=AXIS2_PLACEMENT_3D('',#10169,#8052,#8053);
#6470=AXIS2_PLACEMENT_3D('',#10175,#8057,#8058);
#6471=AXIS2_PLACEMENT_3D('',#10176,#8059,#8060);
#6472=AXIS2_PLACEMENT_3D('',#10179,#8062,#8063);
#6473=AXIS2_PLACEMENT_3D('',#10183,#8066,#8067);
#6474=AXIS2_PLACEMENT_3D('',#10189,#8071,#8072);
#6475=AXIS2_PLACEMENT_3D('',#10193,#8075,#8076);
#6476=AXIS2_PLACEMENT_3D('',#10197,#8079,#8080);
#6477=AXIS2_PLACEMENT_3D('',#10203,#8084,#8085);
#6478=AXIS2_PLACEMENT_3D('',#10207,#8088,#8089);
#6479=AXIS2_PLACEMENT_3D('',#10211,#8092,#8093);
#6480=AXIS2_PLACEMENT_3D('',#10212,#8094,#8095);
#6481=AXIS2_PLACEMENT_3D('',#10213,#8096,#8097);
#6482=AXIS2_PLACEMENT_3D('',#10215,#8099,#8100);
#6483=AXIS2_PLACEMENT_3D('',#10217,#8102,#8103);
#6484=AXIS2_PLACEMENT_3D('',#10219,#8105,#8106);
#6485=AXIS2_PLACEMENT_3D('',#10221,#8108,#8109);
#6486=AXIS2_PLACEMENT_3D('',#10223,#8111,#8112);
#6487=AXIS2_PLACEMENT_3D('',#10225,#8114,#8115);
#6488=AXIS2_PLACEMENT_3D('',#10226,#8116,#8117);
#6489=AXIS2_PLACEMENT_3D('',#10227,#8118,#8119);
#6490=AXIS2_PLACEMENT_3D('',#10228,#8120,#8121);
#6491=AXIS2_PLACEMENT_3D('',#10229,#8122,#8123);
#6492=AXIS2_PLACEMENT_3D('',#10230,#8124,#8125);
#6493=AXIS2_PLACEMENT_3D('',#10231,#8126,#8127);
#6494=AXIS2_PLACEMENT_3D('',#10235,#8130,#8131);
#6495=AXIS2_PLACEMENT_3D('',#10239,#8134,#8135);
#6496=AXIS2_PLACEMENT_3D('',#10245,#8139,#8140);
#6497=AXIS2_PLACEMENT_3D('',#10247,#8142,#8143);
#6498=AXIS2_PLACEMENT_3D('',#10253,#8147,#8148);
#6499=AXIS2_PLACEMENT_3D('',#10257,#8151,#8152);
#6500=AXIS2_PLACEMENT_3D('',#10260,#8154,#8155);
#6501=AXIS2_PLACEMENT_3D('',#10261,#8156,#8157);
#6502=AXIS2_PLACEMENT_3D('',#10263,#8159,#8160);
#6503=AXIS2_PLACEMENT_3D('',#10264,#8161,#8162);
#6504=AXIS2_PLACEMENT_3D('',#10269,#8165,#8166);
#6505=AXIS2_PLACEMENT_3D('',#10270,#8167,#8168);
#6506=AXIS2_PLACEMENT_3D('',#10272,#8170,#8171);
#6507=AXIS2_PLACEMENT_3D('',#10274,#8173,#8174);
#6508=AXIS2_PLACEMENT_3D('',#10275,#8175,#8176);
#6509=AXIS2_PLACEMENT_3D('',#10276,#8177,#8178);
#6510=AXIS2_PLACEMENT_3D('',#10277,#8179,#8180);
#6511=AXIS2_PLACEMENT_3D('',#10278,#8181,#8182);
#6512=AXIS2_PLACEMENT_3D('',#10279,#8183,#8184);
#6513=AXIS2_PLACEMENT_3D('',#10280,#8185,#8186);
#6514=AXIS2_PLACEMENT_3D('',#10281,#8187,#8188);
#6515=AXIS2_PLACEMENT_3D('',#10282,#8189,#8190);
#6516=AXIS2_PLACEMENT_3D('',#10283,#8191,#8192);
#6517=AXIS2_PLACEMENT_3D('',#10284,#8193,#8194);
#6518=AXIS2_PLACEMENT_3D('',#10285,#8195,#8196);
#6519=AXIS2_PLACEMENT_3D('',#10286,#8197,#8198);
#6520=AXIS2_PLACEMENT_3D('',#10287,#8199,#8200);
#6521=AXIS2_PLACEMENT_3D('',#10288,#8201,#8202);
#6522=AXIS2_PLACEMENT_3D('',#10289,#8203,#8204);
#6523=AXIS2_PLACEMENT_3D('',#10290,#8205,#8206);
#6524=AXIS2_PLACEMENT_3D('',#10291,#8207,#8208);
#6525=AXIS2_PLACEMENT_3D('',#10292,#8209,#8210);
#6526=AXIS2_PLACEMENT_3D('',#10293,#8211,#8212);
#6527=AXIS2_PLACEMENT_3D('',#10294,#8213,#8214);
#6528=AXIS2_PLACEMENT_3D('',#10295,#8215,#8216);
#6529=AXIS2_PLACEMENT_3D('',#10296,#8217,#8218);
#6530=AXIS2_PLACEMENT_3D('',#10297,#8219,#8220);
#6531=AXIS2_PLACEMENT_3D('',#10298,#8221,#8222);
#6532=AXIS2_PLACEMENT_3D('',#10299,#8223,#8224);
#6533=AXIS2_PLACEMENT_3D('',#10300,#8225,#8226);
#6534=AXIS2_PLACEMENT_3D('',#10301,#8227,#8228);
#6535=AXIS2_PLACEMENT_3D('',#10302,#8229,#8230);
#6536=AXIS2_PLACEMENT_3D('',#10303,#8231,#8232);
#6537=AXIS2_PLACEMENT_3D('',#10304,#8233,#8234);
#6538=AXIS2_PLACEMENT_3D('',#10305,#8235,#8236);
#6539=AXIS2_PLACEMENT_3D('',#10306,#8237,#8238);
#6540=AXIS2_PLACEMENT_3D('',#10307,#8239,#8240);
#6541=AXIS2_PLACEMENT_3D('',#10308,#8241,#8242);
#6542=AXIS2_PLACEMENT_3D('',#10309,#8243,#8244);
#6543=AXIS2_PLACEMENT_3D('',#10310,#8245,#8246);
#6544=AXIS2_PLACEMENT_3D('',#10311,#8247,#8248);
#6545=AXIS2_PLACEMENT_3D('',#10312,#8249,#8250);
#6546=AXIS2_PLACEMENT_3D('',#10313,#8251,#8252);
#6547=AXIS2_PLACEMENT_3D('',#10314,#8253,#8254);
#6548=AXIS2_PLACEMENT_3D('',#10315,#8255,#8256);
#6549=AXIS2_PLACEMENT_3D('',#10316,#8257,#8258);
#6550=AXIS2_PLACEMENT_3D('',#10317,#8259,#8260);
#6551=AXIS2_PLACEMENT_3D('',#10318,#8261,#8262);
#6552=AXIS2_PLACEMENT_3D('',#10319,#8263,#8264);
#6553=AXIS2_PLACEMENT_3D('',#10320,#8265,#8266);
#6554=AXIS2_PLACEMENT_3D('',#10321,#8267,#8268);
#6555=AXIS2_PLACEMENT_3D('',#10322,#8269,#8270);
#6556=AXIS2_PLACEMENT_3D('',#10323,#8271,#8272);
#6557=AXIS2_PLACEMENT_3D('',#10324,#8273,#8274);
#6558=AXIS2_PLACEMENT_3D('',#10325,#8275,#8276);
#6559=AXIS2_PLACEMENT_3D('',#10330,#8277,#8278);
#6560=AXIS2_PLACEMENT_3D('',#10331,#8279,#8280);
#6561=AXIS2_PLACEMENT_3D('',#10336,#8281,#8282);
#6562=AXIS2_PLACEMENT_3D('',#10337,#8283,#8284);
#6563=AXIS2_PLACEMENT_3D('',#10340,#8287,#8288);
#6564=AXIS2_PLACEMENT_3D('',#10343,#8291,#8292);
#6565=AXIS2_PLACEMENT_3D('',#10344,#8293,#8294);
#6566=AXIS2_PLACEMENT_3D('',#10345,#8295,#8296);
#6567=AXIS2_PLACEMENT_3D('',#10347,#8297,#8298);
#6568=AXIS2_PLACEMENT_3D('',#10348,#8299,#8300);
#6569=AXIS2_PLACEMENT_3D('',#10349,#8301,#8302);
#6570=AXIS2_PLACEMENT_3D('',#10351,#8303,#8304);
#6571=AXIS2_PLACEMENT_3D('',#10352,#8305,#8306);
#6572=AXIS2_PLACEMENT_3D('',#10353,#8307,#8308);
#6573=AXIS2_PLACEMENT_3D('',#10354,#8309,#8310);
#6574=AXIS2_PLACEMENT_3D('',#10355,#8311,#8312);
#6575=AXIS2_PLACEMENT_3D('',#10356,#8313,#8314);
#6576=AXIS2_PLACEMENT_3D('',#10357,#8315,#8316);
#6577=AXIS2_PLACEMENT_3D('',#10363,#8317,#8318);
#6578=AXIS2_PLACEMENT_3D('',#10364,#8319,#8320);
#6579=AXIS2_PLACEMENT_3D('',#10365,#8321,#8322);
#6580=AXIS2_PLACEMENT_3D('',#10371,#8323,#8324);
#6581=AXIS2_PLACEMENT_3D('',#10372,#8325,#8326);
#6582=AXIS2_PLACEMENT_3D('',#10373,#8327,#8328);
#6583=AXIS2_PLACEMENT_3D('',#10374,#8329,#8330);
#6584=AXIS2_PLACEMENT_3D('',#10375,#8331,#8332);
#6585=AXIS2_PLACEMENT_3D('',#10376,#8333,#8334);
#6586=AXIS2_PLACEMENT_3D('',#10377,#8335,#8336);
#6587=AXIS2_PLACEMENT_3D('',#10378,#8337,#8338);
#6588=AXIS2_PLACEMENT_3D('',#10379,#8339,#8340);
#6589=AXIS2_PLACEMENT_3D('',#10384,#8341,#8342);
#6590=AXIS2_PLACEMENT_3D('',#10385,#8343,#8344);
#6591=AXIS2_PLACEMENT_3D('',#10386,#8345,#8346);
#6592=AXIS2_PLACEMENT_3D('',#10391,#8347,#8348);
#6593=AXIS2_PLACEMENT_3D('',#10392,#8349,#8350);
#6594=AXIS2_PLACEMENT_3D('',#10393,#8351,#8352);
#6595=AXIS2_PLACEMENT_3D('',#10394,#8353,#8354);
#6596=AXIS2_PLACEMENT_3D('',#10395,#8355,#8356);
#6597=AXIS2_PLACEMENT_3D('',#10396,#8357,#8358);
#6598=AXIS2_PLACEMENT_3D('',#10397,#8359,#8360);
#6599=AXIS2_PLACEMENT_3D('',#10398,#8361,#8362);
#6600=AXIS2_PLACEMENT_3D('',#10399,#8363,#8364);
#6601=AXIS2_PLACEMENT_3D('',#10400,#8365,#8366);
#6602=AXIS2_PLACEMENT_3D('',#10401,#8367,#8368);
#6603=AXIS2_PLACEMENT_3D('',#10402,#8369,#8370);
#6604=AXIS2_PLACEMENT_3D('',#10403,#8371,#8372);
#6605=AXIS2_PLACEMENT_3D('',#10408,#8373,#8374);
#6606=AXIS2_PLACEMENT_3D('',#10409,#8375,#8376);
#6607=AXIS2_PLACEMENT_3D('',#10410,#8377,#8378);
#6608=AXIS2_PLACEMENT_3D('',#10415,#8379,#8380);
#6609=AXIS2_PLACEMENT_3D('',#10416,#8381,#8382);
#6610=AXIS2_PLACEMENT_3D('',#10417,#8383,#8384);
#6611=AXIS2_PLACEMENT_3D('',#10418,#8385,#8386);
#6612=AXIS2_PLACEMENT_3D('',#10419,#8387,#8388);
#6613=AXIS2_PLACEMENT_3D('',#10420,#8389,#8390);
#6614=AXIS2_PLACEMENT_3D('',#10421,#8391,#8392);
#6615=AXIS2_PLACEMENT_3D('',#10422,#8393,#8394);
#6616=AXIS2_PLACEMENT_3D('',#10423,#8395,#8396);
#6617=AXIS2_PLACEMENT_3D('',#10424,#8397,#8398);
#6618=AXIS2_PLACEMENT_3D('',#10425,#8399,#8400);
#6619=AXIS2_PLACEMENT_3D('',#10426,#8401,#8402);
#6620=AXIS2_PLACEMENT_3D('',#10427,#8403,#8404);
#6621=AXIS2_PLACEMENT_3D('',#10428,#8405,#8406);
#6622=AXIS2_PLACEMENT_3D('',#10429,#8407,#8408);
#6623=AXIS2_PLACEMENT_3D('',#10430,#8409,#8410);
#6624=AXIS2_PLACEMENT_3D('',#10431,#8411,#8412);
#6625=AXIS2_PLACEMENT_3D('',#10432,#8413,#8414);
#6626=AXIS2_PLACEMENT_3D('',#10433,#8415,#8416);
#6627=AXIS2_PLACEMENT_3D('',#10434,#8417,#8418);
#6628=AXIS2_PLACEMENT_3D('',#10435,#8419,#8420);
#6629=AXIS2_PLACEMENT_3D('',#10436,#8421,#8422);
#6630=AXIS2_PLACEMENT_3D('',#10437,#8423,#8424);
#6631=AXIS2_PLACEMENT_3D('',#10438,#8425,#8426);
#6632=AXIS2_PLACEMENT_3D('',#10439,#8427,#8428);
#6633=AXIS2_PLACEMENT_3D('',#10440,#8429,#8430);
#6634=AXIS2_PLACEMENT_3D('',#10441,#8431,#8432);
#6635=AXIS2_PLACEMENT_3D('',#10442,#8433,#8434);
#6636=AXIS2_PLACEMENT_3D('',#10443,#8435,#8436);
#6637=AXIS2_PLACEMENT_3D('',#10449,#8437,#8438);
#6638=AXIS2_PLACEMENT_3D('',#10450,#8439,#8440);
#6639=AXIS2_PLACEMENT_3D('',#10451,#8441,#8442);
#6640=AXIS2_PLACEMENT_3D('',#10457,#8443,#8444);
#6641=AXIS2_PLACEMENT_3D('',#10458,#8445,#8446);
#6642=AXIS2_PLACEMENT_3D('',#10459,#8447,#8448);
#6643=AXIS2_PLACEMENT_3D('',#10460,#8449,#8450);
#6644=AXIS2_PLACEMENT_3D('',#10461,#8451,#8452);
#6645=AXIS2_PLACEMENT_3D('',#10462,#8453,#8454);
#6646=AXIS2_PLACEMENT_3D('',#10463,#8455,#8456);
#6647=DIRECTION('',(0.,0.,1.));
#6648=DIRECTION('',(1.,0.,0.));
#6649=DIRECTION('',(0.,0.,-1.));
#6650=DIRECTION('',(-1.,0.,0.));
#6651=DIRECTION('',(0.,0.,-1.));
#6652=DIRECTION('',(0.,0.,1.));
#6653=DIRECTION('',(1.,0.,0.));
#6654=DIRECTION('',(0.,0.,-1.));
#6655=DIRECTION('',(0.,0.,1.));
#6656=DIRECTION('',(1.,0.,0.));
#6657=DIRECTION('',(0.,0.,-1.));
#6658=DIRECTION('',(-1.,0.,0.));
#6659=DIRECTION('',(0.,0.,1.));
#6660=DIRECTION('',(1.,0.,0.));
#6661=DIRECTION('',(0.,0.,-1.));
#6662=DIRECTION('',(0.,0.,-1.));
#6663=DIRECTION('',(-1.,0.,0.));
#6664=DIRECTION('',(0.,-1.,0.));
#6665=DIRECTION('',(1.,0.,0.));
#6666=DIRECTION('',(0.,0.,1.));
#6667=DIRECTION('',(-1.,0.,0.));
#6668=DIRECTION('',(0.,0.,1.));
#6669=DIRECTION('',(-1.,0.,-3.63732341737072E-16));
#6670=DIRECTION('',(0.,-1.,0.));
#6671=DIRECTION('',(0.,0.,-1.));
#6672=DIRECTION('',(1.,0.,0.));
#6673=DIRECTION('',(0.,-1.,0.));
#6674=DIRECTION('',(0.,0.,-1.));
#6675=DIRECTION('',(1.,0.,0.));
#6676=DIRECTION('',(0.,0.,-1.));
#6677=DIRECTION('',(1.,0.,0.));
#6678=DIRECTION('',(0.,-1.,0.));
#6679=DIRECTION('',(0.,0.,-1.));
#6680=DIRECTION('',(0.,0.,1.));
#6681=DIRECTION('',(-1.,0.,-3.66385561736481E-16));
#6682=DIRECTION('',(1.,0.,0.));
#6683=DIRECTION('',(0.,0.,-1.));
#6684=DIRECTION('',(0.,0.,-1.));
#6685=DIRECTION('',(0.,-1.,0.));
#6686=DIRECTION('',(0.,0.,-1.));
#6687=DIRECTION('',(0.,0.,-1.));
#6688=DIRECTION('',(0.,-1.,0.));
#6689=DIRECTION('',(1.,0.,0.));
#6690=DIRECTION('',(0.,0.,-1.));
#6691=DIRECTION('',(-1.,0.,0.));
#6692=DIRECTION('',(0.,0.,1.));
#6693=DIRECTION('',(0.,0.,1.));
#6694=DIRECTION('',(0.,-1.,0.));
#6695=DIRECTION('',(0.,0.,1.));
#6696=DIRECTION('',(0.,0.,-1.));
#6697=DIRECTION('',(0.,-1.,0.));
#6698=DIRECTION('',(0.,0.,1.));
#6699=DIRECTION('',(0.,-1.,0.));
#6700=DIRECTION('',(-1.,0.,0.));
#6701=DIRECTION('',(0.,0.,1.));
#6702=DIRECTION('',(0.,0.,-1.));
#6703=DIRECTION('',(1.,0.,0.));
#6704=DIRECTION('',(0.,0.,-1.));
#6705=DIRECTION('',(-1.,0.,0.));
#6706=DIRECTION('',(1.16872706666174E-16,-1.,0.));
#6707=DIRECTION('',(1.,0.,0.));
#6708=DIRECTION('',(-1.16872706666174E-16,-1.,0.));
#6709=DIRECTION('',(0.,0.,1.));
#6710=DIRECTION('',(-1.,0.,0.));
#6711=DIRECTION('',(-1.,0.,0.));
#6712=DIRECTION('',(0.,0.,1.));
#6713=DIRECTION('',(1.,0.,0.));
#6714=DIRECTION('',(-1.53156022361291E-16,-1.,0.));
#6715=DIRECTION('',(-1.,0.,0.));
#6716=DIRECTION('',(0.,-1.,0.));
#6717=DIRECTION('',(0.,-1.,0.));
#6718=DIRECTION('',(1.,0.,0.));
#6719=DIRECTION('',(0.,0.,-1.));
#6720=DIRECTION('',(-1.,0.,0.));
#6721=DIRECTION('',(0.,1.,0.));
#6722=DIRECTION('',(0.,0.,-1.));
#6723=DIRECTION('',(-1.,0.,0.));
#6724=DIRECTION('',(0.,0.,-1.));
#6725=DIRECTION('',(-1.,0.,0.));
#6726=DIRECTION('',(0.,-1.,0.));
#6727=DIRECTION('',(0.,0.,1.));
#6728=DIRECTION('',(1.,0.,0.));
#6729=DIRECTION('',(0.,0.,1.));
#6730=DIRECTION('',(-1.,0.,0.));
#6731=DIRECTION('',(-1.,0.,0.));
#6732=DIRECTION('',(-1.53156022361291E-16,-1.,0.));
#6733=DIRECTION('',(0.,0.,1.));
#6734=DIRECTION('',(1.,0.,0.));
#6735=DIRECTION('',(-1.16872706666174E-16,-1.,0.));
#6736=DIRECTION('',(0.,-1.,0.));
#6737=DIRECTION('',(1.,0.,0.));
#6738=DIRECTION('',(0.,0.,1.));
#6739=DIRECTION('',(1.,0.,0.));
#6740=DIRECTION('',(0.,0.,1.));
#6741=DIRECTION('',(-1.,0.,-3.63732341737072E-16));
#6742=DIRECTION('',(0.,0.,1.));
#6743=DIRECTION('',(-1.,0.,0.));
#6744=DIRECTION('',(0.,0.,1.));
#6745=DIRECTION('',(-1.,0.,0.));
#6746=DIRECTION('',(1.,0.,0.));
#6747=DIRECTION('',(0.,0.,-1.));
#6748=DIRECTION('',(0.,-1.,0.));
#6749=DIRECTION('',(0.,0.,-1.));
#6750=DIRECTION('',(0.,0.,1.));
#6751=DIRECTION('',(-1.,0.,0.));
#6752=DIRECTION('',(-1.,0.,0.));
#6753=DIRECTION('',(0.0974585982235124,-0.995239580016946,0.));
#6754=DIRECTION('',(-0.973403301273011,-0.229098260732823,0.));
#6755=DIRECTION('',(0.,1.,0.));
#6756=DIRECTION('',(-0.884526527218976,-0.466489895545379,0.));
#6757=DIRECTION('',(-1.31027156140413E-15,1.,0.));
#6758=DIRECTION('',(0.967589981275381,0.252526489967902,0.));
#6759=DIRECTION('',(0.29598966128907,-0.955191143389626,0.));
#6760=DIRECTION('',(-0.760405965600031,-0.649448048330183,0.));
#6761=DIRECTION('',(0.,0.,-1.));
#6762=DIRECTION('',(-1.,0.,0.));
#6763=DIRECTION('',(0.861629160441526,0.507538362960703,0.));
#6764=DIRECTION('',(0.448809291371976,-0.893627562230589,0.));
#6765=DIRECTION('',(-0.587785252292474,-0.809016994374947,0.));
#6766=DIRECTION('',(0.,0.,-1.));
#6767=DIRECTION('',(-1.,0.,0.));
#6768=DIRECTION('',(0.743144825477395,0.669130606358858,0.));
#6769=DIRECTION('',(0.621450590045124,-0.783453357981551,0.));
#6770=DIRECTION('',(-0.241921895599668,-0.970295726275996,0.));
#6771=DIRECTION('',(0.,0.,-1.));
#6772=DIRECTION('',(-1.,0.,0.));
#6773=DIRECTION('',(0.438371146789078,0.898794046299167,0.));
#6774=DIRECTION('',(0.844806340932599,-0.535072187952312,0.));
#6775=DIRECTION('',(-0.970614114801818,0.2406413101433,0.));
#6776=DIRECTION('',(0.,1.,0.));
#6777=DIRECTION('',(0.,0.,-1.));
#6778=DIRECTION('',(-1.,0.,0.));
#6779=DIRECTION('',(-0.224951054343866,-0.974370064785235,0.));
#6780=DIRECTION('',(0.,-1.,0.));
#6781=DIRECTION('',(0.,0.,1.));
#6782=DIRECTION('',(1.,0.,0.));
#6783=DIRECTION('',(1.,0.,0.));
#6784=DIRECTION('',(0.,0.,-1.));
#6785=DIRECTION('',(-1.,0.,0.));
#6786=DIRECTION('',(1.,0.,0.));
#6787=DIRECTION('',(0.,-1.,0.));
#6788=DIRECTION('',(0.,1.,0.));
#6789=DIRECTION('',(0.,0.,-1.));
#6790=DIRECTION('',(-1.,0.,0.));
#6791=DIRECTION('',(1.,2.01127359533543E-16,0.));
#6792=DIRECTION('',(-2.01127359533543E-16,1.,0.));
#6793=DIRECTION('',(0.,0.,1.));
#6794=DIRECTION('',(2.01127359533543E-16,-1.,0.));
#6795=DIRECTION('',(0.,0.,-1.));
#6796=DIRECTION('',(2.01127359533543E-16,-1.,0.));
#6797=DIRECTION('',(1.,0.,0.));
#6798=DIRECTION('',(0.,0.,-1.));
#6799=DIRECTION('',(0.,0.,-1.));
#6800=DIRECTION('',(0.,-1.,0.));
#6801=DIRECTION('',(0.,0.,-1.));
#6802=DIRECTION('',(0.,-1.,0.));
#6803=DIRECTION('',(0.,0.,1.));
#6804=DIRECTION('',(1.87537673078574E-16,-1.,0.));
#6805=DIRECTION('',(0.,0.,-1.));
#6806=DIRECTION('',(1.87537673078574E-16,-1.,0.));
#6807=DIRECTION('',(1.,0.,0.));
#6808=DIRECTION('',(0.,0.,-1.));
#6809=DIRECTION('',(0.,0.,-1.));
#6810=DIRECTION('',(1.,0.,0.));
#6811=DIRECTION('',(0.,-1.,0.));
#6812=DIRECTION('',(-1.,0.,0.));
#6813=DIRECTION('',(0.,0.,1.));
#6814=DIRECTION('',(1.,0.,0.));
#6815=DIRECTION('',(0.,1.,0.));
#6816=DIRECTION('',(0.,0.,1.));
#6817=DIRECTION('',(1.,0.,0.));
#6818=DIRECTION('',(1.,0.,0.));
#6819=DIRECTION('',(0.,0.,-1.));
#6820=DIRECTION('',(0.,0.,-1.));
#6821=DIRECTION('',(0.,-1.,0.));
#6822=DIRECTION('',(0.,0.,-1.));
#6823=DIRECTION('',(0.,-1.,0.));
#6824=DIRECTION('',(0.,0.,-1.));
#6825=DIRECTION('',(0.,0.,-1.));
#6826=DIRECTION('',(-1.,0.,0.));
#6827=DIRECTION('',(0.,0.,-1.));
#6828=DIRECTION('',(0.,0.,1.));
#6829=DIRECTION('',(1.,0.,0.));
#6830=DIRECTION('',(0.,0.,1.));
#6831=DIRECTION('',(1.,0.,0.));
#6832=DIRECTION('',(1.,0.,0.));
#6833=DIRECTION('',(0.,0.,-1.));
#6834=DIRECTION('',(0.,0.,-1.));
#6835=DIRECTION('',(0.,-1.,0.));
#6836=DIRECTION('',(0.,0.,-1.));
#6837=DIRECTION('',(1.,0.,0.));
#6838=DIRECTION('',(0.,0.,-1.));
#6839=DIRECTION('',(-1.87537673078574E-16,-1.,0.));
#6840=DIRECTION('',(0.,0.,-1.));
#6841=DIRECTION('',(-1.87537673078574E-16,-1.,0.));
#6842=DIRECTION('',(0.,0.,1.));
#6843=DIRECTION('',(0.,-1.,0.));
#6844=DIRECTION('',(0.,0.,1.));
#6845=DIRECTION('',(1.,0.,0.));
#6846=DIRECTION('',(0.,0.,1.));
#6847=DIRECTION('',(0.,0.,-1.));
#6848=DIRECTION('',(-1.,0.,0.));
#6849=DIRECTION('',(0.,0.,1.));
#6850=DIRECTION('',(0.,0.,1.));
#6851=DIRECTION('',(1.,0.,0.));
#6852=DIRECTION('',(0.,0.,1.));
#6853=DIRECTION('',(1.,0.,0.));
#6854=DIRECTION('',(0.,0.,-1.));
#6855=DIRECTION('',(-1.,0.,0.));
#6856=DIRECTION('',(0.,0.,-1.));
#6857=DIRECTION('',(0.,0.,1.));
#6858=DIRECTION('',(1.,0.,0.));
#6859=DIRECTION('',(0.,0.,1.));
#6860=DIRECTION('',(1.,0.,0.));
#6861=DIRECTION('',(0.,-1.,0.));
#6862=DIRECTION('',(0.,-1.,0.));
#6863=DIRECTION('',(1.53156022361291E-16,-1.,0.));
#6864=DIRECTION('',(0.,0.,-1.));
#6865=DIRECTION('',(-1.,0.,0.));
#6866=DIRECTION('',(0.,-1.,0.));
#6867=DIRECTION('',(1.,0.,0.));
#6868=DIRECTION('',(0.,0.,1.));
#6869=DIRECTION('',(1.,0.,0.));
#6870=DIRECTION('',(0.,-1.,0.));
#6871=DIRECTION('',(0.,0.,1.));
#6872=DIRECTION('',(1.,0.,0.));
#6873=DIRECTION('',(0.,1.,0.));
#6874=DIRECTION('',(0.,0.,1.));
#6875=DIRECTION('',(1.,0.,0.));
#6876=DIRECTION('',(-1.,0.,0.));
#6877=DIRECTION('',(0.,0.,1.));
#6878=DIRECTION('',(1.,0.,0.));
#6879=DIRECTION('',(0.,0.,-1.));
#6880=DIRECTION('',(-1.,0.,0.));
#6881=DIRECTION('',(1.53156022361291E-16,-1.,0.));
#6882=DIRECTION('',(1.16872706666174E-16,-1.,0.));
#6883=DIRECTION('',(1.,0.,0.));
#6884=DIRECTION('',(0.,0.,-1.));
#6885=DIRECTION('',(0.,-1.,0.));
#6886=DIRECTION('',(-1.,0.,0.));
#6887=DIRECTION('',(0.,0.,1.));
#6888=DIRECTION('',(0.,-1.,0.));
#6889=DIRECTION('',(0.,0.,1.));
#6890=DIRECTION('',(-1.,0.,0.));
#6891=DIRECTION('',(0.,0.,1.));
#6892=DIRECTION('',(0.,1.,0.));
#6893=DIRECTION('',(0.,-1.,0.));
#6894=DIRECTION('',(0.,0.,1.));
#6895=DIRECTION('',(1.,0.,0.));
#6896=DIRECTION('',(1.,0.,0.));
#6897=DIRECTION('',(0.,1.,0.));
#6898=DIRECTION('',(0.973403301273011,-0.229098260732823,0.));
#6899=DIRECTION('',(-0.0974585982235124,-0.995239580016946,0.));
#6900=DIRECTION('',(0.884526527218976,-0.466489895545379,0.));
#6901=DIRECTION('',(-0.29598966128907,-0.955191143389626,0.));
#6902=DIRECTION('',(-0.967589981275381,0.252526489967902,0.));
#6903=DIRECTION('',(1.31027156140413E-15,1.,0.));
#6904=DIRECTION('',(0.760405965600031,-0.649448048330183,0.));
#6905=DIRECTION('',(-0.448809291371976,-0.893627562230589,0.));
#6906=DIRECTION('',(-0.861629160441526,0.507538362960703,0.));
#6907=DIRECTION('',(0.,0.,1.));
#6908=DIRECTION('',(1.,0.,0.));
#6909=DIRECTION('',(0.587785252292474,-0.809016994374947,0.));
#6910=DIRECTION('',(-0.621450590045124,-0.783453357981551,0.));
#6911=DIRECTION('',(-0.743144825477395,0.669130606358858,0.));
#6912=DIRECTION('',(0.,0.,1.));
#6913=DIRECTION('',(1.,0.,0.));
#6914=DIRECTION('',(0.241921895599668,-0.970295726275996,0.));
#6915=DIRECTION('',(-0.844806340932599,-0.535072187952312,0.));
#6916=DIRECTION('',(-0.438371146789078,0.898794046299167,0.));
#6917=DIRECTION('',(0.,0.,1.));
#6918=DIRECTION('',(1.,0.,0.));
#6919=DIRECTION('',(0.970614114801818,0.2406413101433,0.));
#6920=DIRECTION('',(0.224951054343866,-0.974370064785235,0.));
#6921=DIRECTION('',(0.,0.,1.));
#6922=DIRECTION('',(1.,0.,0.));
#6923=DIRECTION('',(0.,1.,0.));
#6924=DIRECTION('',(0.,0.,1.));
#6925=DIRECTION('',(1.,0.,0.));
#6926=DIRECTION('',(0.,-1.,0.));
#6927=DIRECTION('',(0.,0.,1.));
#6928=DIRECTION('',(1.,0.,0.));
#6929=DIRECTION('',(0.,0.,-1.));
#6930=DIRECTION('',(-1.,0.,0.));
#6931=DIRECTION('',(0.,0.,-1.));
#6932=DIRECTION('',(-1.,0.,0.));
#6933=DIRECTION('',(0.,0.,-1.));
#6934=DIRECTION('',(1.,0.,0.));
#6935=DIRECTION('',(-1.,0.,0.));
#6936=DIRECTION('',(0.,0.,1.));
#6937=DIRECTION('',(1.,0.,0.));
#6938=DIRECTION('',(0.,1.,0.));
#6939=DIRECTION('',(0.,0.,1.));
#6940=DIRECTION('',(1.,0.,0.));
#6941=DIRECTION('',(0.,0.,-1.));
#6942=DIRECTION('',(-1.,0.,0.));
#6943=DIRECTION('',(0.,0.,1.));
#6944=DIRECTION('',(0.,0.,1.));
#6945=DIRECTION('',(1.,0.,0.));
#6946=DIRECTION('',(0.,0.,1.));
#6947=DIRECTION('',(0.,0.,1.));
#6948=DIRECTION('',(1.,0.,0.));
#6949=DIRECTION('',(0.,0.,-1.));
#6950=DIRECTION('',(-1.,0.,0.));
#6951=DIRECTION('',(0.,0.,1.));
#6952=DIRECTION('',(0.,0.,1.));
#6953=DIRECTION('',(1.,0.,0.));
#6954=DIRECTION('',(0.,0.,1.));
#6955=DIRECTION('',(0.,0.,1.));
#6956=DIRECTION('',(1.,0.,0.));
#6957=DIRECTION('',(0.,0.,1.));
#6958=DIRECTION('',(1.,0.,0.));
#6959=DIRECTION('',(0.,0.,1.));
#6960=DIRECTION('',(0.,0.,-1.));
#6961=DIRECTION('',(-1.,0.,0.));
#6962=DIRECTION('',(0.,0.,1.));
#6963=DIRECTION('',(0.,0.,-1.));
#6964=DIRECTION('',(-1.,0.,0.));
#6965=DIRECTION('',(0.,0.,-1.));
#6966=DIRECTION('',(-6.12323399573677E-17,1.,0.));
#6967=DIRECTION('',(0.,0.,-1.));
#6968=DIRECTION('',(-1.,0.,0.));
#6969=DIRECTION('',(0.,0.,-1.));
#6970=DIRECTION('',(-1.,0.,0.));
#6971=DIRECTION('',(0.,0.,-1.));
#6972=DIRECTION('',(-1.,0.,0.));
#6973=DIRECTION('',(0.,0.,-1.));
#6974=DIRECTION('',(-1.,0.,0.));
#6975=DIRECTION('',(0.,0.,-1.));
#6976=DIRECTION('',(1.83697019872103E-16,-1.,0.));
#6977=DIRECTION('',(0.,0.,1.));
#6978=DIRECTION('',(1.,0.,0.));
#6979=DIRECTION('',(0.,0.,-1.));
#6980=DIRECTION('',(-1.,0.,0.));
#6981=DIRECTION('',(0.,0.,-1.));
#6982=DIRECTION('',(-1.,0.,0.));
#6983=DIRECTION('',(0.,0.,-1.));
#6984=DIRECTION('',(-1.,0.,0.));
#6985=DIRECTION('',(0.,0.,-1.));
#6986=DIRECTION('',(-6.12323399573677E-17,1.,0.));
#6987=DIRECTION('',(0.,0.,-1.));
#6988=DIRECTION('',(1.,1.22464679914735E-16,0.));
#6989=DIRECTION('',(0.,0.,1.));
#6990=DIRECTION('',(1.,0.,0.));
#6991=DIRECTION('',(0.,0.,-1.));
#6992=DIRECTION('',(-1.,0.,0.));
#6993=DIRECTION('',(0.,0.,1.));
#6994=DIRECTION('',(0.,0.,1.));
#6995=DIRECTION('',(1.,0.,0.));
#6996=DIRECTION('',(0.,0.,1.));
#6997=DIRECTION('',(0.,0.,1.));
#6998=DIRECTION('',(1.,0.,0.));
#6999=DIRECTION('',(0.,0.,-1.));
#7000=DIRECTION('',(-1.,0.,0.));
#7001=DIRECTION('',(0.,0.,1.));
#7002=DIRECTION('',(0.,0.,1.));
#7003=DIRECTION('',(1.,0.,0.));
#7004=DIRECTION('',(0.,0.,1.));
#7005=DIRECTION('',(0.,0.,1.));
#7006=DIRECTION('',(1.,0.,0.));
#7007=DIRECTION('',(0.,0.,1.));
#7008=DIRECTION('',(1.,0.,0.));
#7009=DIRECTION('',(0.,0.,1.));
#7010=DIRECTION('',(0.,0.,-1.));
#7011=DIRECTION('',(-1.,0.,0.));
#7012=DIRECTION('',(0.,0.,1.));
#7013=DIRECTION('',(0.,0.,-1.));
#7014=DIRECTION('',(-1.,0.,0.));
#7015=DIRECTION('',(0.,0.,-1.));
#7016=DIRECTION('',(-6.12323399573677E-17,1.,0.));
#7017=DIRECTION('',(0.,0.,-1.));
#7018=DIRECTION('',(-1.,0.,0.));
#7019=DIRECTION('',(0.,0.,-1.));
#7020=DIRECTION('',(-1.,0.,0.));
#7021=DIRECTION('',(0.,0.,-1.));
#7022=DIRECTION('',(-1.,0.,0.));
#7023=DIRECTION('',(0.,0.,-1.));
#7024=DIRECTION('',(-1.,0.,0.));
#7025=DIRECTION('',(0.,0.,-1.));
#7026=DIRECTION('',(1.83697019872103E-16,-1.,0.));
#7027=DIRECTION('',(0.,0.,1.));
#7028=DIRECTION('',(1.,0.,0.));
#7029=DIRECTION('',(0.,0.,-1.));
#7030=DIRECTION('',(-1.,0.,0.));
#7031=DIRECTION('',(0.,0.,-1.));
#7032=DIRECTION('',(-1.,0.,0.));
#7033=DIRECTION('',(0.,0.,-1.));
#7034=DIRECTION('',(-1.,0.,0.));
#7035=DIRECTION('',(0.,0.,-1.));
#7036=DIRECTION('',(-6.12323399573677E-17,1.,0.));
#7037=DIRECTION('',(0.,0.,-1.));
#7038=DIRECTION('',(1.,1.22464679914735E-16,0.));
#7039=DIRECTION('',(0.,0.,1.));
#7040=DIRECTION('',(1.,0.,0.));
#7041=DIRECTION('',(0.,0.,1.));
#7042=DIRECTION('',(0.,0.,-1.));
#7043=DIRECTION('',(-1.,0.,0.));
#7044=DIRECTION('',(0.,0.,1.));
#7045=DIRECTION('',(0.,0.,1.));
#7046=DIRECTION('',(1.,0.,0.));
#7047=DIRECTION('',(0.,0.,1.));
#7048=DIRECTION('',(1.,0.,0.));
#7049=DIRECTION('',(0.,0.,-1.));
#7050=DIRECTION('',(-1.,0.,0.));
#7051=DIRECTION('',(0.,0.,1.));
#7052=DIRECTION('',(0.,0.,1.));
#7053=DIRECTION('',(1.,0.,0.));
#7054=DIRECTION('',(0.,0.,1.));
#7055=DIRECTION('',(0.,0.,1.));
#7056=DIRECTION('',(1.,0.,0.));
#7057=DIRECTION('',(0.,0.,-1.));
#7058=DIRECTION('',(-1.,0.,0.));
#7059=DIRECTION('',(0.,0.,1.));
#7060=DIRECTION('',(0.,0.,1.));
#7061=DIRECTION('',(1.,0.,0.));
#7062=DIRECTION('',(0.,0.,1.));
#7063=DIRECTION('',(0.,0.,-1.));
#7064=DIRECTION('',(-1.,0.,0.));
#7065=DIRECTION('',(0.,0.,1.));
#7066=DIRECTION('',(1.,0.,0.));
#7067=DIRECTION('',(0.,0.,-1.));
#7068=DIRECTION('',(-6.12323399573677E-17,1.,0.));
#7069=DIRECTION('',(0.,0.,-1.));
#7070=DIRECTION('',(-1.,0.,0.));
#7071=DIRECTION('',(0.,0.,-1.));
#7072=DIRECTION('',(-1.,0.,0.));
#7073=DIRECTION('',(0.,0.,-1.));
#7074=DIRECTION('',(-1.,0.,0.));
#7075=DIRECTION('',(0.,0.,-1.));
#7076=DIRECTION('',(-1.,0.,0.));
#7077=DIRECTION('',(0.,0.,-1.));
#7078=DIRECTION('',(1.83697019872103E-16,-1.,0.));
#7079=DIRECTION('',(0.,0.,-1.));
#7080=DIRECTION('',(-1.,0.,0.));
#7081=DIRECTION('',(0.,0.,-1.));
#7082=DIRECTION('',(-1.,0.,0.));
#7083=DIRECTION('',(0.,0.,-1.));
#7084=DIRECTION('',(-1.,0.,0.));
#7085=DIRECTION('',(0.,0.,-1.));
#7086=DIRECTION('',(-6.12323399573677E-17,1.,0.));
#7087=DIRECTION('',(0.,0.,-1.));
#7088=DIRECTION('',(1.,1.22464679914735E-16,0.));
#7089=DIRECTION('',(0.,0.,1.));
#7090=DIRECTION('',(1.,0.,0.));
#7091=DIRECTION('',(0.,0.,1.));
#7092=DIRECTION('',(0.,0.,-1.));
#7093=DIRECTION('',(-1.,0.,0.));
#7094=DIRECTION('',(0.,0.,1.));
#7095=DIRECTION('',(0.,0.,1.));
#7096=DIRECTION('',(1.,0.,0.));
#7097=DIRECTION('',(0.,0.,1.));
#7098=DIRECTION('',(1.,0.,0.));
#7099=DIRECTION('',(0.,0.,-1.));
#7100=DIRECTION('',(-1.,0.,0.));
#7101=DIRECTION('',(0.,0.,1.));
#7102=DIRECTION('',(0.,0.,1.));
#7103=DIRECTION('',(1.,0.,0.));
#7104=DIRECTION('',(0.,0.,1.));
#7105=DIRECTION('',(0.,0.,1.));
#7106=DIRECTION('',(1.,0.,0.));
#7107=DIRECTION('',(0.,0.,-1.));
#7108=DIRECTION('',(-1.,0.,0.));
#7109=DIRECTION('',(0.,0.,1.));
#7110=DIRECTION('',(0.,0.,1.));
#7111=DIRECTION('',(1.,0.,0.));
#7112=DIRECTION('',(0.,0.,1.));
#7113=DIRECTION('',(0.,0.,-1.));
#7114=DIRECTION('',(-1.,0.,0.));
#7115=DIRECTION('',(0.,0.,-1.));
#7116=DIRECTION('',(-1.,0.,0.));
#7117=DIRECTION('',(0.,0.,-1.));
#7118=DIRECTION('',(-1.,0.,0.));
#7119=DIRECTION('',(0.,0.,-1.));
#7120=DIRECTION('',(-1.,0.,0.));
#7121=DIRECTION('',(0.,0.,-1.));
#7122=DIRECTION('',(-1.,0.,0.));
#7123=DIRECTION('',(0.,0.,-1.));
#7124=DIRECTION('',(-1.,0.,0.));
#7125=DIRECTION('',(0.,0.,-1.));
#7126=DIRECTION('',(-1.,0.,0.));
#7127=DIRECTION('',(0.,0.,-1.));
#7128=DIRECTION('',(-1.,0.,0.));
#7129=DIRECTION('',(0.,0.,-1.));
#7130=DIRECTION('',(-1.,0.,0.));
#7131=DIRECTION('',(0.,0.,-1.));
#7132=DIRECTION('',(-1.,0.,0.));
#7133=DIRECTION('',(0.,0.,-1.));
#7134=DIRECTION('',(-1.,0.,0.));
#7135=DIRECTION('',(0.,0.,-1.));
#7136=DIRECTION('',(-1.,0.,0.));
#7137=DIRECTION('',(0.,0.,-1.));
#7138=DIRECTION('',(-1.,0.,0.));
#7139=DIRECTION('',(0.,0.,-1.));
#7140=DIRECTION('',(-1.,0.,0.));
#7141=DIRECTION('',(0.,0.,-1.));
#7142=DIRECTION('',(-1.,0.,0.));
#7143=DIRECTION('',(0.,0.,-1.));
#7144=DIRECTION('',(-1.,0.,0.));
#7145=DIRECTION('',(0.,0.,-1.));
#7146=DIRECTION('',(-1.,0.,0.));
#7147=DIRECTION('',(0.,0.,-1.));
#7148=DIRECTION('',(-1.,0.,0.));
#7149=DIRECTION('',(0.,0.,-1.));
#7150=DIRECTION('',(-1.,0.,0.));
#7151=DIRECTION('',(0.,0.,-1.));
#7152=DIRECTION('',(-1.,0.,0.));
#7153=DIRECTION('',(0.,0.,-1.));
#7154=DIRECTION('',(-1.,0.,0.));
#7155=DIRECTION('',(0.,0.,-1.));
#7156=DIRECTION('',(-1.,0.,0.));
#7157=DIRECTION('',(0.,0.,1.));
#7158=DIRECTION('',(1.,0.,0.));
#7159=DIRECTION('',(0.,0.,-1.));
#7160=DIRECTION('',(1.83697019872103E-16,-1.,0.));
#7161=DIRECTION('',(0.,0.,-1.));
#7162=DIRECTION('',(1.,1.22464679914735E-16,0.));
#7163=DIRECTION('',(0.,0.,-1.));
#7164=DIRECTION('',(-6.12323399573677E-17,1.,0.));
#7165=DIRECTION('',(0.,0.,-1.));
#7166=DIRECTION('',(-1.,0.,0.));
#7167=DIRECTION('',(0.,0.,1.));
#7168=DIRECTION('',(1.,0.,0.));
#7169=DIRECTION('',(0.,0.,1.));
#7170=DIRECTION('',(0.,0.,1.));
#7171=DIRECTION('',(0.,0.,-1.));
#7172=DIRECTION('',(-1.,0.,0.));
#7173=DIRECTION('',(0.,0.,-1.));
#7174=DIRECTION('',(1.83697019872103E-16,-1.,0.));
#7175=DIRECTION('',(0.,0.,-1.));
#7176=DIRECTION('',(-1.,0.,0.));
#7177=DIRECTION('',(0.,0.,-1.));
#7178=DIRECTION('',(1.,1.22464679914735E-16,0.));
#7179=DIRECTION('',(0.,0.,1.));
#7180=DIRECTION('',(1.,0.,0.));
#7181=DIRECTION('',(0.,0.,1.));
#7182=DIRECTION('',(0.,0.,1.));
#7183=DIRECTION('',(0.,0.,-1.));
#7184=DIRECTION('',(-1.,0.,0.));
#7185=DIRECTION('',(0.,0.,-1.));
#7186=DIRECTION('',(1.83697019872103E-16,-1.,0.));
#7187=DIRECTION('',(0.,0.,-1.));
#7188=DIRECTION('',(1.,1.22464679914735E-16,0.));
#7189=DIRECTION('',(0.,0.,1.));
#7190=DIRECTION('',(1.,0.,0.));
#7191=DIRECTION('',(0.,0.,-1.));
#7192=DIRECTION('',(-1.,0.,0.));
#7193=DIRECTION('',(0.,0.,1.));
#7194=DIRECTION('',(0.,0.,1.));
#7195=DIRECTION('',(0.,0.,-1.));
#7196=DIRECTION('',(-1.,0.,0.));
#7197=DIRECTION('',(0.,0.,-1.));
#7198=DIRECTION('',(1.83697019872103E-16,-1.,0.));
#7199=DIRECTION('',(0.,0.,-1.));
#7200=DIRECTION('',(1.,1.22464679914735E-16,0.));
#7201=DIRECTION('',(0.,0.,1.));
#7202=DIRECTION('',(1.,0.,0.));
#7203=DIRECTION('',(0.,0.,-1.));
#7204=DIRECTION('',(-1.,0.,0.));
#7205=DIRECTION('',(0.,0.,1.));
#7206=DIRECTION('',(0.,0.,1.));
#7207=DIRECTION('',(1.,0.,0.));
#7208=DIRECTION('',(0.,0.,1.));
#7209=DIRECTION('',(0.,0.,-1.));
#7210=DIRECTION('',(-1.,0.,0.));
#7211=DIRECTION('',(0.,0.,-1.));
#7212=DIRECTION('',(-1.,0.,0.));
#7213=DIRECTION('',(0.,0.,-1.));
#7214=DIRECTION('',(1.83697019872103E-16,-1.,0.));
#7215=DIRECTION('',(0.,0.,-1.));
#7216=DIRECTION('',(-1.,0.,0.));
#7217=DIRECTION('',(0.,0.,-1.));
#7218=DIRECTION('',(-6.12323399573677E-17,1.,0.));
#7219=DIRECTION('',(0.,0.,-1.));
#7220=DIRECTION('',(1.,1.22464679914735E-16,0.));
#7221=DIRECTION('',(0.,0.,-1.));
#7222=DIRECTION('',(-1.,0.,0.));
#7223=DIRECTION('',(0.,0.,-1.));
#7224=DIRECTION('',(-1.,0.,0.));
#7225=DIRECTION('',(0.,0.,-1.));
#7226=DIRECTION('',(-1.,0.,0.));
#7227=DIRECTION('',(0.,0.,1.));
#7228=DIRECTION('',(1.,0.,0.));
#7229=DIRECTION('',(0.,0.,1.));
#7230=DIRECTION('',(0.,0.,-1.));
#7231=DIRECTION('',(-1.,0.,0.));
#7232=DIRECTION('',(0.,0.,1.));
#7233=DIRECTION('',(0.,0.,-1.));
#7234=DIRECTION('',(-1.,0.,0.));
#7235=DIRECTION('',(0.,0.,1.));
#7236=DIRECTION('',(1.,0.,0.));
#7237=DIRECTION('',(0.,0.,1.));
#7238=DIRECTION('',(1.,0.,0.));
#7239=DIRECTION('',(0.,0.,1.));
#7240=DIRECTION('',(1.,0.,0.));
#7241=DIRECTION('',(0.,0.,1.));
#7242=DIRECTION('',(1.,0.,0.));
#7243=DIRECTION('',(0.,0.,1.));
#7244=DIRECTION('',(1.,0.,0.));
#7245=DIRECTION('',(0.,0.,-1.));
#7246=DIRECTION('',(-1.,0.,0.));
#7247=DIRECTION('',(0.,0.,-1.));
#7248=DIRECTION('',(-1.,0.,0.));
#7249=DIRECTION('',(0.,0.,1.));
#7250=DIRECTION('',(1.,0.,0.));
#7251=DIRECTION('',(0.,0.,-1.));
#7252=DIRECTION('',(-1.,0.,0.));
#7253=DIRECTION('',(0.,0.,-1.));
#7254=DIRECTION('',(-1.,0.,0.));
#7255=DIRECTION('',(0.,0.,-1.));
#7256=DIRECTION('',(-1.,0.,0.));
#7257=DIRECTION('',(0.,0.,-1.));
#7258=DIRECTION('',(-1.,0.,0.));
#7259=DIRECTION('',(0.,0.,1.));
#7260=DIRECTION('',(1.,0.,0.));
#7261=DIRECTION('',(0.,0.,-1.));
#7262=DIRECTION('',(0.,0.,-1.));
#7263=DIRECTION('',(0.,0.,1.));
#7264=DIRECTION('',(1.,0.,0.));
#7265=DIRECTION('',(0.,0.,-1.));
#7266=DIRECTION('',(0.,0.,1.));
#7267=DIRECTION('',(1.,0.,0.));
#7268=DIRECTION('',(0.,0.,-1.));
#7269=DIRECTION('',(0.,0.,1.));
#7270=DIRECTION('',(1.,0.,0.));
#7271=DIRECTION('',(0.,0.,-1.));
#7272=DIRECTION('',(0.,0.,1.));
#7273=DIRECTION('',(1.,0.,0.));
#7274=DIRECTION('',(0.,0.,-1.));
#7275=DIRECTION('',(0.,0.,1.));
#7276=DIRECTION('',(1.,0.,0.));
#7277=DIRECTION('',(0.,0.,-1.));
#7278=DIRECTION('',(0.,0.,-1.));
#7279=DIRECTION('',(-1.,0.,0.));
#7280=DIRECTION('',(0.,0.,-1.));
#7281=DIRECTION('',(0.,0.,-1.));
#7282=DIRECTION('',(-1.,0.,0.));
#7283=DIRECTION('',(0.,0.,-1.));
#7284=DIRECTION('',(0.,0.,-1.));
#7285=DIRECTION('',(-1.,0.,0.));
#7286=DIRECTION('',(0.,0.,-1.));
#7287=DIRECTION('',(0.,0.,-1.));
#7288=DIRECTION('',(-1.,0.,0.));
#7289=DIRECTION('',(0.965925826289068,0.258819045102521,0.));
#7290=DIRECTION('',(-0.258819045102521,0.965925826289068,0.));
#7291=DIRECTION('',(0.258819045102521,-0.965925826289068,0.));
#7292=DIRECTION('',(0.,0.,-1.));
#7293=DIRECTION('',(0.258819045102521,-0.965925826289068,0.));
#7294=DIRECTION('',(0.,0.,-1.));
#7295=DIRECTION('',(-1.,0.,0.));
#7296=DIRECTION('',(0.,0.,1.));
#7297=DIRECTION('',(1.,0.,0.));
#7298=DIRECTION('',(0.,0.,-1.));
#7299=DIRECTION('',(0.,0.,1.));
#7300=DIRECTION('',(1.,0.,0.));
#7301=DIRECTION('',(0.,0.,-1.));
#7302=DIRECTION('',(0.,0.,1.));
#7303=DIRECTION('',(1.,0.,0.));
#7304=DIRECTION('',(0.,0.,-1.));
#7305=DIRECTION('',(0.,0.,1.));
#7306=DIRECTION('',(1.,0.,0.));
#7307=DIRECTION('',(0.,0.,-1.));
#7308=DIRECTION('',(0.,0.,-1.));
#7309=DIRECTION('',(-1.,0.,0.));
#7310=DIRECTION('',(0.,0.,-1.));
#7311=DIRECTION('',(-1.,0.,0.));
#7312=DIRECTION('',(0.,0.,-1.));
#7313=DIRECTION('',(0.,0.,-1.));
#7314=DIRECTION('',(-1.,0.,0.));
#7315=DIRECTION('',(0.,0.,-1.));
#7316=DIRECTION('',(0.,0.,-1.));
#7317=DIRECTION('',(-1.,0.,0.));
#7318=DIRECTION('',(0.,0.,-1.));
#7319=DIRECTION('',(0.,0.,-1.));
#7320=DIRECTION('',(-1.,0.,0.));
#7321=DIRECTION('',(0.,0.,1.));
#7322=DIRECTION('',(1.,0.,0.));
#7323=DIRECTION('',(-0.258819045102521,-0.965925826289068,0.));
#7324=DIRECTION('',(0.866025403769167,0.500000000026452,0.));
#7325=DIRECTION('',(-0.500000000026452,0.866025403769167,0.));
#7326=DIRECTION('',(0.500000000026452,-0.866025403769167,0.));
#7327=DIRECTION('',(0.500000000026452,-0.866025403769167,0.));
#7328=DIRECTION('',(0.,0.,1.));
#7329=DIRECTION('',(1.,0.,0.));
#7330=DIRECTION('',(0.70710678116495,0.707106781208145,0.));
#7331=DIRECTION('',(-0.707106781208145,0.70710678116495,0.));
#7332=DIRECTION('',(0.707106781208145,-0.70710678116495,0.));
#7333=DIRECTION('',(0.707106781208145,-0.70710678116495,0.));
#7334=DIRECTION('',(0.,0.,1.));
#7335=DIRECTION('',(1.,0.,0.));
#7336=DIRECTION('',(-0.499999999973548,-0.866025403799711,0.));
#7337=DIRECTION('',(0.866025403799711,-0.499999999973548,0.));
#7338=DIRECTION('',(-0.866025403799711,0.499999999973548,0.));
#7339=DIRECTION('',(-0.866025403799711,0.499999999973548,0.));
#7340=DIRECTION('',(0.,0.,1.));
#7341=DIRECTION('',(1.,0.,0.));
#7342=DIRECTION('',(0.,0.,1.));
#7343=DIRECTION('',(1.,0.,0.));
#7344=DIRECTION('',(0.965925826289068,-0.258819045102521,0.));
#7345=DIRECTION('',(0.258819045102521,0.965925826289068,0.));
#7346=DIRECTION('',(-0.258819045102521,-0.965925826289068,0.));
#7347=DIRECTION('',(0.866025403769167,-0.500000000026452,0.));
#7348=DIRECTION('',(0.500000000026452,0.866025403769167,0.));
#7349=DIRECTION('',(-0.500000000026452,-0.866025403769167,0.));
#7350=DIRECTION('',(-0.500000000026452,-0.866025403769167,0.));
#7351=DIRECTION('',(0.,0.,1.));
#7352=DIRECTION('',(-1.,0.,0.));
#7353=DIRECTION('',(0.70710678116495,-0.707106781208145,0.));
#7354=DIRECTION('',(0.707106781208145,0.70710678116495,0.));
#7355=DIRECTION('',(-0.707106781208145,-0.70710678116495,0.));
#7356=DIRECTION('',(-0.707106781208145,-0.70710678116495,0.));
#7357=DIRECTION('',(0.,0.,1.));
#7358=DIRECTION('',(-1.,0.,0.));
#7359=DIRECTION('',(-0.499999999973548,0.866025403799711,0.));
#7360=DIRECTION('',(-0.866025403799711,-0.499999999973548,0.));
#7361=DIRECTION('',(0.866025403799711,0.499999999973548,0.));
#7362=DIRECTION('',(0.866025403799711,0.499999999973548,0.));
#7363=DIRECTION('',(0.,0.,1.));
#7364=DIRECTION('',(-1.,0.,0.));
#7365=DIRECTION('',(0.,0.,1.));
#7366=DIRECTION('',(-1.,0.,0.));
#7367=DIRECTION('',(0.,0.,1.));
#7368=DIRECTION('',(1.,1.22464679914735E-16,0.));
#7369=DIRECTION('',(0.,0.,1.));
#7370=DIRECTION('',(-1.,-1.22464679914735E-16,0.));
#7371=DIRECTION('',(0.,0.,-1.));
#7372=DIRECTION('',(1.,1.22464679914735E-16,0.));
#7373=DIRECTION('',(-0.866025403799711,-0.499999999973548,0.));
#7374=DIRECTION('',(0.499999999973548,-0.866025403799711,0.));
#7375=DIRECTION('',(0.866025403799711,0.499999999973548,0.));
#7376=DIRECTION('',(0.,0.,-1.));
#7377=DIRECTION('',(0.,0.,-1.));
#7378=DIRECTION('',(-0.866025403799711,-0.499999999973548,0.));
#7379=DIRECTION('',(0.,0.,1.));
#7380=DIRECTION('',(1.,1.22464679914735E-16,0.));
#7381=DIRECTION('',(0.707106781208145,0.70710678116495,0.));
#7382=DIRECTION('',(0.,0.,1.));
#7383=DIRECTION('',(-1.,-1.22464679914735E-16,0.));
#7384=DIRECTION('',(0.,0.,-1.));
#7385=DIRECTION('',(1.,1.22464679914735E-16,0.));
#7386=DIRECTION('',(-0.70710678116495,0.707106781208145,0.));
#7387=DIRECTION('',(-0.707106781208145,-0.70710678116495,0.));
#7388=DIRECTION('',(0.,0.,-1.));
#7389=DIRECTION('',(0.707106781208145,0.70710678116495,0.));
#7390=DIRECTION('',(0.,0.,-1.));
#7391=DIRECTION('',(0.,0.,1.));
#7392=DIRECTION('',(1.,1.22464679914735E-16,0.));
#7393=DIRECTION('',(0.500000000026452,0.866025403769167,0.));
#7394=DIRECTION('',(0.,0.,1.));
#7395=DIRECTION('',(-1.,-1.22464679914735E-16,0.));
#7396=DIRECTION('',(0.,0.,-1.));
#7397=DIRECTION('',(1.,1.22464679914735E-16,0.));
#7398=DIRECTION('',(-0.866025403769167,0.500000000026452,0.));
#7399=DIRECTION('',(-0.500000000026452,-0.866025403769167,0.));
#7400=DIRECTION('',(0.,0.,-1.));
#7401=DIRECTION('',(0.500000000026452,0.866025403769167,0.));
#7402=DIRECTION('',(0.,0.,-1.));
#7403=DIRECTION('',(0.,0.,1.));
#7404=DIRECTION('',(1.,1.22464679914735E-16,0.));
#7405=DIRECTION('',(0.,0.,-1.));
#7406=DIRECTION('',(1.,1.22464679914735E-16,0.));
#7407=DIRECTION('',(0.258819045102521,0.965925826289068,0.));
#7408=DIRECTION('',(0.,0.,1.));
#7409=DIRECTION('',(-1.,-1.22464679914735E-16,0.));
#7410=DIRECTION('',(-0.965925826289068,0.258819045102521,0.));
#7411=DIRECTION('',(-0.258819045102521,-0.965925826289068,0.));
#7412=DIRECTION('',(0.,0.,-1.));
#7413=DIRECTION('',(0.258819045102521,0.965925826289068,0.));
#7414=DIRECTION('',(0.,0.,-1.));
#7415=DIRECTION('',(0.,0.,1.));
#7416=DIRECTION('',(-1.,-1.22464679914735E-16,0.));
#7417=DIRECTION('',(0.,0.,-1.));
#7418=DIRECTION('',(1.,1.22464679914735E-16,0.));
#7419=DIRECTION('',(0.,0.,1.));
#7420=DIRECTION('',(-1.,-1.22464679914735E-16,0.));
#7421=DIRECTION('',(-0.258819045102521,0.965925826289068,0.));
#7422=DIRECTION('',(-0.965925826289068,-0.258819045102521,0.));
#7423=DIRECTION('',(0.258819045102521,-0.965925826289068,0.));
#7424=DIRECTION('',(0.,0.,-1.));
#7425=DIRECTION('',(-0.258819045102521,0.965925826289068,0.));
#7426=DIRECTION('',(0.,0.,-1.));
#7427=DIRECTION('',(0.,0.,1.));
#7428=DIRECTION('',(-1.,-1.22464679914735E-16,0.));
#7429=DIRECTION('',(0.,0.,1.));
#7430=DIRECTION('',(-1.,-1.22464679914735E-16,0.));
#7431=DIRECTION('',(-0.500000000026452,0.866025403769167,0.));
#7432=DIRECTION('',(0.,0.,-1.));
#7433=DIRECTION('',(1.,1.22464679914735E-16,0.));
#7434=DIRECTION('',(-0.866025403769167,-0.500000000026452,0.));
#7435=DIRECTION('',(0.500000000026452,-0.866025403769167,0.));
#7436=DIRECTION('',(0.,0.,-1.));
#7437=DIRECTION('',(-0.500000000026452,0.866025403769167,0.));
#7438=DIRECTION('',(0.,0.,-1.));
#7439=DIRECTION('',(0.,0.,1.));
#7440=DIRECTION('',(-1.,-1.22464679914735E-16,0.));
#7441=DIRECTION('',(0.,0.,1.));
#7442=DIRECTION('',(-1.,-1.22464679914735E-16,0.));
#7443=DIRECTION('',(-0.707106781208145,0.70710678116495,0.));
#7444=DIRECTION('',(0.,0.,-1.));
#7445=DIRECTION('',(1.,1.22464679914735E-16,0.));
#7446=DIRECTION('',(-0.70710678116495,-0.707106781208145,0.));
#7447=DIRECTION('',(0.707106781208145,-0.70710678116495,0.));
#7448=DIRECTION('',(0.,0.,-1.));
#7449=DIRECTION('',(-0.707106781208145,0.70710678116495,0.));
#7450=DIRECTION('',(0.,0.,-1.));
#7451=DIRECTION('',(0.,0.,1.));
#7452=DIRECTION('',(-1.,-1.22464679914735E-16,0.));
#7453=DIRECTION('',(0.,0.,1.));
#7454=DIRECTION('',(-1.,-1.22464679914735E-16,0.));
#7455=DIRECTION('',(0.866025403799711,-0.499999999973548,0.));
#7456=DIRECTION('',(0.,0.,-1.));
#7457=DIRECTION('',(1.,1.22464679914735E-16,0.));
#7458=DIRECTION('',(0.499999999973548,0.866025403799711,0.));
#7459=DIRECTION('',(-0.866025403799711,0.499999999973548,0.));
#7460=DIRECTION('',(0.866025403799711,-0.499999999973548,0.));
#7461=DIRECTION('',(0.,0.,-1.));
#7462=DIRECTION('',(0.,0.,-1.));
#7463=DIRECTION('',(0.,0.,1.));
#7464=DIRECTION('',(-1.,-1.22464679914735E-16,0.));
#7465=DIRECTION('',(0.,0.,-1.));
#7466=DIRECTION('',(1.,1.22464679914735E-16,0.));
#7467=DIRECTION('',(0.,0.,1.));
#7468=DIRECTION('',(-1.,-1.22464679914735E-16,0.));
#7469=DIRECTION('',(0.,0.,1.));
#7470=DIRECTION('',(-1.,-1.22464679914735E-16,0.));
#7471=DIRECTION('',(0.,0.,-1.));
#7472=DIRECTION('',(0.,0.,-1.));
#7473=DIRECTION('',(0.,0.,-1.));
#7474=DIRECTION('',(1.,1.22464679914735E-16,0.));
#7475=DIRECTION('',(0.,0.,1.));
#7476=DIRECTION('',(1.83697019872103E-16,-1.,0.));
#7477=DIRECTION('',(0.,0.,1.));
#7478=DIRECTION('',(-1.83697019872103E-16,1.,0.));
#7479=DIRECTION('',(0.,0.,-1.));
#7480=DIRECTION('',(1.83697019872103E-16,-1.,0.));
#7481=DIRECTION('',(-0.499999999973548,0.866025403799711,0.));
#7482=DIRECTION('',(-0.866025403799711,-0.499999999973548,0.));
#7483=DIRECTION('',(0.499999999973548,-0.866025403799711,0.));
#7484=DIRECTION('',(0.,0.,-1.));
#7485=DIRECTION('',(0.,0.,-1.));
#7486=DIRECTION('',(-0.499999999973548,0.866025403799711,0.));
#7487=DIRECTION('',(0.,0.,1.));
#7488=DIRECTION('',(1.83697019872103E-16,-1.,0.));
#7489=DIRECTION('',(0.70710678116495,-0.707106781208145,0.));
#7490=DIRECTION('',(0.,0.,1.));
#7491=DIRECTION('',(-1.83697019872103E-16,1.,0.));
#7492=DIRECTION('',(0.,0.,-1.));
#7493=DIRECTION('',(1.83697019872103E-16,-1.,0.));
#7494=DIRECTION('',(0.707106781208145,0.70710678116495,0.));
#7495=DIRECTION('',(-0.70710678116495,0.707106781208145,0.));
#7496=DIRECTION('',(0.,0.,-1.));
#7497=DIRECTION('',(0.70710678116495,-0.707106781208145,0.));
#7498=DIRECTION('',(0.,0.,-1.));
#7499=DIRECTION('',(0.,0.,1.));
#7500=DIRECTION('',(1.83697019872103E-16,-1.,0.));
#7501=DIRECTION('',(0.866025403769167,-0.500000000026452,0.));
#7502=DIRECTION('',(0.,0.,1.));
#7503=DIRECTION('',(-1.83697019872103E-16,1.,0.));
#7504=DIRECTION('',(0.,0.,-1.));
#7505=DIRECTION('',(1.83697019872103E-16,-1.,0.));
#7506=DIRECTION('',(0.500000000026452,0.866025403769167,0.));
#7507=DIRECTION('',(-0.866025403769167,0.500000000026452,0.));
#7508=DIRECTION('',(0.,0.,-1.));
#7509=DIRECTION('',(0.866025403769167,-0.500000000026452,0.));
#7510=DIRECTION('',(0.,0.,-1.));
#7511=DIRECTION('',(0.,0.,1.));
#7512=DIRECTION('',(1.83697019872103E-16,-1.,0.));
#7513=DIRECTION('',(0.,0.,-1.));
#7514=DIRECTION('',(1.83697019872103E-16,-1.,0.));
#7515=DIRECTION('',(0.965925826289068,-0.258819045102521,0.));
#7516=DIRECTION('',(0.,0.,1.));
#7517=DIRECTION('',(-1.83697019872103E-16,1.,0.));
#7518=DIRECTION('',(0.258819045102521,0.965925826289068,0.));
#7519=DIRECTION('',(-0.965925826289068,0.258819045102521,0.));
#7520=DIRECTION('',(0.,0.,-1.));
#7521=DIRECTION('',(0.965925826289068,-0.258819045102521,0.));
#7522=DIRECTION('',(0.,0.,-1.));
#7523=DIRECTION('',(0.,0.,1.));
#7524=DIRECTION('',(-1.83697019872103E-16,1.,0.));
#7525=DIRECTION('',(0.,0.,-1.));
#7526=DIRECTION('',(1.83697019872103E-16,-1.,0.));
#7527=DIRECTION('',(0.,0.,1.));
#7528=DIRECTION('',(-1.83697019872103E-16,1.,0.));
#7529=DIRECTION('',(0.965925826289068,0.258819045102522,0.));
#7530=DIRECTION('',(-0.258819045102522,0.965925826289068,0.));
#7531=DIRECTION('',(-0.965925826289068,-0.258819045102522,0.));
#7532=DIRECTION('',(0.,0.,-1.));
#7533=DIRECTION('',(0.965925826289068,0.258819045102522,0.));
#7534=DIRECTION('',(0.,0.,-1.));
#7535=DIRECTION('',(0.,0.,1.));
#7536=DIRECTION('',(-1.83697019872103E-16,1.,0.));
#7537=DIRECTION('',(0.,0.,1.));
#7538=DIRECTION('',(-1.83697019872103E-16,1.,0.));
#7539=DIRECTION('',(0.866025403769167,0.500000000026452,0.));
#7540=DIRECTION('',(0.,0.,-1.));
#7541=DIRECTION('',(1.83697019872103E-16,-1.,0.));
#7542=DIRECTION('',(-0.500000000026452,0.866025403769167,0.));
#7543=DIRECTION('',(-0.866025403769167,-0.500000000026452,0.));
#7544=DIRECTION('',(0.,0.,-1.));
#7545=DIRECTION('',(0.866025403769167,0.500000000026452,0.));
#7546=DIRECTION('',(0.,0.,-1.));
#7547=DIRECTION('',(0.,0.,1.));
#7548=DIRECTION('',(-1.83697019872103E-16,1.,0.));
#7549=DIRECTION('',(0.,0.,1.));
#7550=DIRECTION('',(-1.83697019872103E-16,1.,0.));
#7551=DIRECTION('',(0.70710678116495,0.707106781208145,0.));
#7552=DIRECTION('',(0.,0.,-1.));
#7553=DIRECTION('',(1.83697019872103E-16,-1.,0.));
#7554=DIRECTION('',(-0.707106781208145,0.70710678116495,0.));
#7555=DIRECTION('',(-0.70710678116495,-0.707106781208145,0.));
#7556=DIRECTION('',(0.,0.,-1.));
#7557=DIRECTION('',(0.70710678116495,0.707106781208145,0.));
#7558=DIRECTION('',(0.,0.,-1.));
#7559=DIRECTION('',(0.,0.,1.));
#7560=DIRECTION('',(-1.83697019872103E-16,1.,0.));
#7561=DIRECTION('',(0.,0.,1.));
#7562=DIRECTION('',(-1.83697019872103E-16,1.,0.));
#7563=DIRECTION('',(-0.499999999973548,-0.866025403799711,0.));
#7564=DIRECTION('',(0.,0.,-1.));
#7565=DIRECTION('',(1.83697019872103E-16,-1.,0.));
#7566=DIRECTION('',(0.866025403799711,-0.499999999973548,0.));
#7567=DIRECTION('',(0.499999999973548,0.866025403799711,0.));
#7568=DIRECTION('',(-0.499999999973548,-0.866025403799711,0.));
#7569=DIRECTION('',(0.,0.,-1.));
#7570=DIRECTION('',(0.,0.,-1.));
#7571=DIRECTION('',(0.,0.,1.));
#7572=DIRECTION('',(-1.83697019872103E-16,1.,0.));
#7573=DIRECTION('',(0.,0.,-1.));
#7574=DIRECTION('',(1.83697019872103E-16,-1.,0.));
#7575=DIRECTION('',(0.,0.,1.));
#7576=DIRECTION('',(-1.83697019872103E-16,1.,0.));
#7577=DIRECTION('',(0.,0.,1.));
#7578=DIRECTION('',(-1.83697019872103E-16,1.,0.));
#7579=DIRECTION('',(0.,0.,-1.));
#7580=DIRECTION('',(0.,0.,-1.));
#7581=DIRECTION('',(0.,0.,-1.));
#7582=DIRECTION('',(1.83697019872103E-16,-1.,0.));
#7583=DIRECTION('',(0.,0.,1.));
#7584=DIRECTION('',(6.12323399573677E-17,-1.,0.));
#7585=DIRECTION('',(0.,0.,-1.));
#7586=DIRECTION('',(0.,0.,-1.));
#7587=DIRECTION('',(0.,0.,1.));
#7588=DIRECTION('',(6.12323399573677E-17,-1.,0.));
#7589=DIRECTION('',(0.,0.,-1.));
#7590=DIRECTION('',(0.,0.,1.));
#7591=DIRECTION('',(6.12323399573677E-17,-1.,0.));
#7592=DIRECTION('',(0.,0.,-1.));
#7593=DIRECTION('',(0.,0.,1.));
#7594=DIRECTION('',(6.12323399573677E-17,-1.,0.));
#7595=DIRECTION('',(0.,0.,-1.));
#7596=DIRECTION('',(0.,0.,1.));
#7597=DIRECTION('',(6.12323399573677E-17,-1.,0.));
#7598=DIRECTION('',(0.,0.,-1.));
#7599=DIRECTION('',(0.,0.,1.));
#7600=DIRECTION('',(6.12323399573677E-17,-1.,0.));
#7601=DIRECTION('',(0.,0.,-1.));
#7602=DIRECTION('',(0.,0.,-1.));
#7603=DIRECTION('',(-6.12323399573677E-17,1.,0.));
#7604=DIRECTION('',(0.,0.,-1.));
#7605=DIRECTION('',(0.,0.,-1.));
#7606=DIRECTION('',(-6.12323399573677E-17,1.,0.));
#7607=DIRECTION('',(0.,0.,-1.));
#7608=DIRECTION('',(0.,0.,-1.));
#7609=DIRECTION('',(-6.12323399573677E-17,1.,0.));
#7610=DIRECTION('',(0.,0.,-1.));
#7611=DIRECTION('',(0.,0.,-1.));
#7612=DIRECTION('',(-6.12323399573677E-17,1.,0.));
#7613=DIRECTION('',(0.258819045102521,-0.965925826289068,0.));
#7614=DIRECTION('',(0.965925826289068,0.258819045102521,0.));
#7615=DIRECTION('',(-0.965925826289068,-0.258819045102521,0.));
#7616=DIRECTION('',(0.,0.,-1.));
#7617=DIRECTION('',(-0.965925826289068,-0.258819045102521,0.));
#7618=DIRECTION('',(0.,0.,-1.));
#7619=DIRECTION('',(-6.12323399573677E-17,1.,0.));
#7620=DIRECTION('',(0.,0.,1.));
#7621=DIRECTION('',(6.12323399573677E-17,-1.,0.));
#7622=DIRECTION('',(0.,0.,-1.));
#7623=DIRECTION('',(0.,0.,1.));
#7624=DIRECTION('',(6.12323399573677E-17,-1.,0.));
#7625=DIRECTION('',(0.,0.,-1.));
#7626=DIRECTION('',(0.,0.,1.));
#7627=DIRECTION('',(6.12323399573677E-17,-1.,0.));
#7628=DIRECTION('',(0.,0.,-1.));
#7629=DIRECTION('',(0.,0.,1.));
#7630=DIRECTION('',(6.12323399573677E-17,-1.,0.));
#7631=DIRECTION('',(0.,0.,-1.));
#7632=DIRECTION('',(0.,0.,-1.));
#7633=DIRECTION('',(-6.12323399573677E-17,1.,0.));
#7634=DIRECTION('',(0.,0.,-1.));
#7635=DIRECTION('',(-6.12323399573677E-17,1.,0.));
#7636=DIRECTION('',(0.,0.,-1.));
#7637=DIRECTION('',(0.,0.,-1.));
#7638=DIRECTION('',(-6.12323399573677E-17,1.,0.));
#7639=DIRECTION('',(0.,0.,-1.));
#7640=DIRECTION('',(0.,0.,-1.));
#7641=DIRECTION('',(-6.12323399573677E-17,1.,0.));
#7642=DIRECTION('',(0.,0.,-1.));
#7643=DIRECTION('',(0.,0.,-1.));
#7644=DIRECTION('',(-6.12323399573677E-17,1.,0.));
#7645=DIRECTION('',(0.,0.,1.));
#7646=DIRECTION('',(6.12323399573677E-17,-1.,0.));
#7647=DIRECTION('',(-0.965925826289068,0.258819045102521,0.));
#7648=DIRECTION('',(0.500000000026452,-0.866025403769167,0.));
#7649=DIRECTION('',(0.866025403769167,0.500000000026452,0.));
#7650=DIRECTION('',(-0.866025403769167,-0.500000000026452,0.));
#7651=DIRECTION('',(-0.866025403769167,-0.500000000026452,0.));
#7652=DIRECTION('',(0.,0.,1.));
#7653=DIRECTION('',(6.12323399573677E-17,-1.,0.));
#7654=DIRECTION('',(0.707106781208145,-0.70710678116495,0.));
#7655=DIRECTION('',(0.70710678116495,0.707106781208145,0.));
#7656=DIRECTION('',(-0.70710678116495,-0.707106781208145,0.));
#7657=DIRECTION('',(-0.70710678116495,-0.707106781208145,0.));
#7658=DIRECTION('',(0.,0.,1.));
#7659=DIRECTION('',(6.12323399573677E-17,-1.,0.));
#7660=DIRECTION('',(-0.866025403799711,0.499999999973548,0.));
#7661=DIRECTION('',(-0.499999999973548,-0.866025403799711,0.));
#7662=DIRECTION('',(0.499999999973548,0.866025403799711,0.));
#7663=DIRECTION('',(0.499999999973548,0.866025403799711,0.));
#7664=DIRECTION('',(0.,0.,1.));
#7665=DIRECTION('',(6.12323399573677E-17,-1.,0.));
#7666=DIRECTION('',(0.,0.,1.));
#7667=DIRECTION('',(6.12323399573677E-17,-1.,0.));
#7668=DIRECTION('',(-0.258819045102521,-0.965925826289068,0.));
#7669=DIRECTION('',(0.965925826289068,-0.258819045102521,0.));
#7670=DIRECTION('',(-0.965925826289068,0.258819045102521,0.));
#7671=DIRECTION('',(-0.500000000026452,-0.866025403769167,0.));
#7672=DIRECTION('',(0.866025403769167,-0.500000000026452,0.));
#7673=DIRECTION('',(-0.866025403769167,0.500000000026452,0.));
#7674=DIRECTION('',(-0.866025403769167,0.500000000026452,0.));
#7675=DIRECTION('',(0.,0.,1.));
#7676=DIRECTION('',(-6.12323399573677E-17,1.,0.));
#7677=DIRECTION('',(-0.707106781208145,-0.70710678116495,0.));
#7678=DIRECTION('',(0.70710678116495,-0.707106781208145,0.));
#7679=DIRECTION('',(-0.70710678116495,0.707106781208145,0.));
#7680=DIRECTION('',(-0.70710678116495,0.707106781208145,0.));
#7681=DIRECTION('',(0.,0.,1.));
#7682=DIRECTION('',(-6.12323399573677E-17,1.,0.));
#7683=DIRECTION('',(0.866025403799711,0.499999999973548,0.));
#7684=DIRECTION('',(-0.499999999973548,0.866025403799711,0.));
#7685=DIRECTION('',(0.499999999973548,-0.866025403799711,0.));
#7686=DIRECTION('',(0.499999999973548,-0.866025403799711,0.));
#7687=DIRECTION('',(0.,0.,1.));
#7688=DIRECTION('',(-6.12323399573677E-17,1.,0.));
#7689=DIRECTION('',(0.,0.,1.));
#7690=DIRECTION('',(-6.12323399573677E-17,1.,0.));
#7691=DIRECTION('',(0.,0.,-1.));
#7692=DIRECTION('',(-1.,0.,0.));
#7693=DIRECTION('',(0.,-1.,0.));
#7694=DIRECTION('',(1.,0.,0.));
#7695=DIRECTION('',(0.,-1.,0.));
#7696=DIRECTION('',(1.,0.,0.));
#7697=DIRECTION('',(6.65281832841564E-17,1.,0.));
#7698=DIRECTION('',(0.,0.,-1.));
#7699=DIRECTION('',(-1.,0.,0.));
#7700=DIRECTION('',(6.65281832841564E-17,1.,0.));
#7701=DIRECTION('',(1.,0.,0.));
#7702=DIRECTION('',(0.,-1.,0.));
#7703=DIRECTION('',(-1.,0.,0.));
#7704=DIRECTION('',(0.,-1.,0.));
#7705=DIRECTION('',(-1.,0.,0.));
#7706=DIRECTION('',(0.,-1.,0.));
#7707=DIRECTION('',(-1.,0.,0.));
#7708=DIRECTION('',(0.,-1.,0.));
#7709=DIRECTION('',(0.,0.,-1.));
#7710=DIRECTION('',(-1.,0.,0.));
#7711=DIRECTION('',(-2.01127359533543E-16,-1.,0.));
#7712=DIRECTION('',(0.,0.,-1.));
#7713=DIRECTION('',(-1.,0.,0.));
#7714=DIRECTION('',(1.,0.,0.));
#7715=DIRECTION('',(0.,-1.,0.));
#7716=DIRECTION('',(0.,0.,-1.));
#7717=DIRECTION('',(-1.,0.,0.));
#7718=DIRECTION('',(1.,0.,0.));
#7719=DIRECTION('',(0.,-1.,0.));
#7720=DIRECTION('',(0.,0.,-1.));
#7721=DIRECTION('',(-1.,0.,0.));
#7722=DIRECTION('',(0.,-1.,0.));
#7723=DIRECTION('',(-1.,0.,0.));
#7724=DIRECTION('',(0.,0.,-1.));
#7725=DIRECTION('',(-1.,0.,0.));
#7726=DIRECTION('',(0.,-1.,0.));
#7727=DIRECTION('',(-1.,0.,0.));
#7728=DIRECTION('',(0.,0.,-1.));
#7729=DIRECTION('',(-1.,0.,0.));
#7730=DIRECTION('',(2.01127359533543E-16,-1.,0.));
#7731=DIRECTION('',(0.,0.,-1.));
#7732=DIRECTION('',(-1.,0.,0.));
#7733=DIRECTION('',(0.,-1.,0.));
#7734=DIRECTION('',(1.,0.,0.));
#7735=DIRECTION('',(0.,-1.,0.));
#7736=DIRECTION('',(1.,0.,0.));
#7737=DIRECTION('',(0.,1.,0.));
#7738=DIRECTION('',(0.,0.,1.));
#7739=DIRECTION('',(1.,0.,0.));
#7740=DIRECTION('',(0.,0.,-1.));
#7741=DIRECTION('',(1.,0.,0.));
#7742=DIRECTION('',(0.,0.,-1.));
#7743=DIRECTION('',(-1.,0.,0.));
#7744=DIRECTION('',(0.,0.,-1.));
#7745=DIRECTION('',(0.,0.,-1.));
#7746=DIRECTION('',(-1.,0.,0.));
#7747=DIRECTION('',(0.,0.,1.));
#7748=DIRECTION('',(1.,0.,0.));
#7749=DIRECTION('',(0.,1.,0.));
#7750=DIRECTION('',(0.,0.,1.));
#7751=DIRECTION('',(1.,0.,0.));
#7752=DIRECTION('',(1.,0.,0.));
#7753=DIRECTION('',(0.,1.,0.));
#7754=DIRECTION('',(0.,0.,1.));
#7755=DIRECTION('',(0.,-1.,0.));
#7756=DIRECTION('',(0.,0.,-1.));
#7757=DIRECTION('',(0.,-1.,0.));
#7758=DIRECTION('',(0.,0.,-1.));
#7759=DIRECTION('',(0.,0.,-1.));
#7760=DIRECTION('',(1.,0.,0.));
#7761=DIRECTION('',(0.,0.,1.));
#7762=DIRECTION('',(-1.,0.,0.));
#7763=DIRECTION('',(0.,0.,1.));
#7764=DIRECTION('',(1.,0.,0.));
#7765=DIRECTION('',(0.,0.,-1.));
#7766=DIRECTION('',(1.,0.,0.));
#7767=DIRECTION('',(1.,-2.01127359533543E-16,0.));
#7768=DIRECTION('',(2.01127359533543E-16,1.,0.));
#7769=DIRECTION('',(0.,0.,-1.));
#7770=DIRECTION('',(-2.01127359533543E-16,-1.,0.));
#7771=DIRECTION('',(-2.01127359533543E-16,-1.,0.));
#7772=DIRECTION('',(0.,0.,-1.));
#7773=DIRECTION('',(-1.,0.,0.));
#7774=DIRECTION('',(0.,0.,-1.));
#7775=DIRECTION('',(-1.,0.,0.));
#7776=DIRECTION('',(0.,0.,1.));
#7777=DIRECTION('',(1.,0.,0.));
#7778=DIRECTION('',(0.,0.,1.));
#7779=DIRECTION('',(1.,0.,0.));
#7780=DIRECTION('',(-0.2406413101433,0.970614114801818,0.));
#7781=DIRECTION('',(-0.970614114801818,-0.2406413101433,0.));
#7782=DIRECTION('',(0.970614114801818,0.2406413101433,0.));
#7783=DIRECTION('',(0.,0.,-1.));
#7784=DIRECTION('',(0.,0.,-1.));
#7785=DIRECTION('',(0.974370064785235,0.224951054343866,0.));
#7786=DIRECTION('',(-0.224951054343866,0.974370064785235,0.));
#7787=DIRECTION('',(0.224951054343866,-0.974370064785235,0.));
#7788=DIRECTION('',(0.,0.,-1.));
#7789=DIRECTION('',(0.,0.,-1.));
#7790=DIRECTION('',(-1.,0.,0.));
#7791=DIRECTION('',(0.,0.,1.));
#7792=DIRECTION('',(1.,0.,0.));
#7793=DIRECTION('',(0.,0.,-1.));
#7794=DIRECTION('',(0.970295726275996,0.241921895599668,0.));
#7795=DIRECTION('',(-0.241921895599668,0.970295726275996,0.));
#7796=DIRECTION('',(0.241921895599668,-0.970295726275996,0.));
#7797=DIRECTION('',(0.,0.,-1.));
#7798=DIRECTION('',(0.,0.,-1.));
#7799=DIRECTION('',(0.535072187952312,-0.844806340932599,0.));
#7800=DIRECTION('',(0.844806340932599,0.535072187952312,0.));
#7801=DIRECTION('',(-0.844806340932599,-0.535072187952312,0.));
#7802=DIRECTION('',(0.,0.,-1.));
#7803=DIRECTION('',(-0.898794046299167,-0.438371146789078,0.));
#7804=DIRECTION('',(0.438371146789078,-0.898794046299167,0.));
#7805=DIRECTION('',(-0.438371146789078,0.898794046299167,0.));
#7806=DIRECTION('',(0.,0.,-1.));
#7807=DIRECTION('',(0.809016994374947,0.587785252292474,0.));
#7808=DIRECTION('',(-0.587785252292474,0.809016994374947,0.));
#7809=DIRECTION('',(0.587785252292474,-0.809016994374947,0.));
#7810=DIRECTION('',(0.,0.,-1.));
#7811=DIRECTION('',(0.,0.,-1.));
#7812=DIRECTION('',(0.783453357981551,-0.621450590045124,0.));
#7813=DIRECTION('',(0.621450590045124,0.783453357981551,0.));
#7814=DIRECTION('',(-0.621450590045124,-0.783453357981551,0.));
#7815=DIRECTION('',(0.,0.,-1.));
#7816=DIRECTION('',(-0.669130606358858,-0.743144825477394,0.));
#7817=DIRECTION('',(0.743144825477395,-0.669130606358858,0.));
#7818=DIRECTION('',(-0.743144825477395,0.669130606358858,0.));
#7819=DIRECTION('',(0.,0.,-1.));
#7820=DIRECTION('',(0.649448048330183,0.760405965600031,0.));
#7821=DIRECTION('',(-0.760405965600031,0.649448048330183,0.));
#7822=DIRECTION('',(0.760405965600031,-0.649448048330183,0.));
#7823=DIRECTION('',(0.,0.,-1.));
#7824=DIRECTION('',(0.,0.,-1.));
#7825=DIRECTION('',(0.893627562230589,-0.448809291371976,0.));
#7826=DIRECTION('',(0.448809291371976,0.893627562230589,0.));
#7827=DIRECTION('',(-0.448809291371976,-0.893627562230589,0.));
#7828=DIRECTION('',(0.,0.,-1.));
#7829=DIRECTION('',(-0.507538362960703,-0.861629160441526,0.));
#7830=DIRECTION('',(0.861629160441527,-0.507538362960703,0.));
#7831=DIRECTION('',(-0.861629160441526,0.507538362960703,0.));
#7832=DIRECTION('',(0.,0.,-1.));
#7833=DIRECTION('',(0.466489895545379,0.884526527218976,0.));
#7834=DIRECTION('',(-0.884526527218976,0.466489895545379,0.));
#7835=DIRECTION('',(0.884526527218976,-0.466489895545379,0.));
#7836=DIRECTION('',(0.,0.,-1.));
#7837=DIRECTION('',(0.,0.,-1.));
#7838=DIRECTION('',(0.955191143389626,-0.29598966128907,0.));
#7839=DIRECTION('',(0.29598966128907,0.955191143389627,0.));
#7840=DIRECTION('',(-0.29598966128907,-0.955191143389626,0.));
#7841=DIRECTION('',(0.,0.,-1.));
#7842=DIRECTION('',(-0.252526489967902,-0.967589981275381,0.));
#7843=DIRECTION('',(0.967589981275381,-0.252526489967902,0.));
#7844=DIRECTION('',(-0.967589981275381,0.252526489967902,0.));
#7845=DIRECTION('',(0.,0.,-1.));
#7846=DIRECTION('',(0.,1.,0.));
#7847=DIRECTION('',(0.,0.,1.));
#7848=DIRECTION('',(1.,0.,0.));
#7849=DIRECTION('',(0.,0.,-1.));
#7850=DIRECTION('',(0.,0.,-1.));
#7851=DIRECTION('',(-1.,0.,0.));
#7852=DIRECTION('',(0.,0.,1.));
#7853=DIRECTION('',(0.,1.,0.));
#7854=DIRECTION('',(0.,0.,-1.));
#7855=DIRECTION('',(0.229098260732823,0.973403301273011,0.));
#7856=DIRECTION('',(-0.973403301273011,0.229098260732823,0.));
#7857=DIRECTION('',(0.973403301273011,-0.229098260732823,0.));
#7858=DIRECTION('',(0.,0.,-1.));
#7859=DIRECTION('',(0.,0.,-1.));
#7860=DIRECTION('',(-1.,0.,0.));
#7861=DIRECTION('',(0.,0.,1.));
#7862=DIRECTION('',(1.,0.,0.));
#7863=DIRECTION('',(0.,0.,-1.));
#7864=DIRECTION('',(-1.,0.,0.));
#7865=DIRECTION('',(0.,0.,1.));
#7866=DIRECTION('',(1.,0.,0.));
#7867=DIRECTION('',(0.,0.,-1.));
#7868=DIRECTION('',(-1.,0.,0.));
#7869=DIRECTION('',(0.,0.,1.));
#7870=DIRECTION('',(1.,0.,0.));
#7871=DIRECTION('',(-1.,1.31027156140413E-15,0.));
#7872=DIRECTION('',(-1.31027156140413E-15,-1.,0.));
#7873=DIRECTION('',(1.31027156140413E-15,1.,0.));
#7874=DIRECTION('',(0.995239580016947,-0.0974585982235124,0.));
#7875=DIRECTION('',(0.0974585982235124,0.995239580016947,0.));
#7876=DIRECTION('',(-0.0974585982235124,-0.995239580016946,0.));
#7877=DIRECTION('',(-1.,0.,0.));
#7878=DIRECTION('',(0.,0.,1.));
#7879=DIRECTION('',(0.,1.,0.));
#7880=DIRECTION('',(0.,0.,-1.));
#7881=DIRECTION('',(1.,0.,0.));
#7882=DIRECTION('',(0.,0.,-1.));
#7883=DIRECTION('',(1.,0.,0.));
#7884=DIRECTION('',(0.,0.,-1.));
#7885=DIRECTION('',(1.,0.,0.));
#7886=DIRECTION('',(0.,0.,-1.));
#7887=DIRECTION('',(1.,0.,0.));
#7888=DIRECTION('',(0.,0.,-1.));
#7889=DIRECTION('',(1.,0.,0.));
#7890=DIRECTION('',(0.,0.,-1.));
#7891=DIRECTION('',(1.,0.,0.));
#7892=DIRECTION('',(0.,0.,-1.));
#7893=DIRECTION('',(-1.,0.,0.));
#7894=DIRECTION('',(0.,0.,1.));
#7895=DIRECTION('',(1.,0.,0.));
#7896=DIRECTION('',(0.,-1.,0.));
#7897=DIRECTION('',(-1.,0.,0.));
#7898=DIRECTION('',(0.,-1.,0.));
#7899=DIRECTION('',(1.,0.,0.));
#7900=DIRECTION('',(0.,0.,-1.));
#7901=DIRECTION('',(0.,0.,1.));
#7902=DIRECTION('',(0.,-1.,0.));
#7903=DIRECTION('',(-3.63732341737072E-16,0.,1.));
#7904=DIRECTION('',(1.,0.,3.63732341737072E-16));
#7905=DIRECTION('',(0.,-1.,0.));
#7906=DIRECTION('',(-1.,0.,-3.63732341737072E-16));
#7907=DIRECTION('',(0.,-1.,0.));
#7908=DIRECTION('',(1.,0.,0.));
#7909=DIRECTION('',(0.,0.,-1.));
#7910=DIRECTION('',(0.,0.,1.));
#7911=DIRECTION('',(0.,-1.,0.));
#7912=DIRECTION('',(0.,-1.,0.));
#7913=DIRECTION('',(1.,0.,0.));
#7914=DIRECTION('',(0.,0.,1.));
#7915=DIRECTION('',(1.,0.,0.));
#7916=DIRECTION('',(0.,0.,1.));
#7917=DIRECTION('',(1.,0.,-3.66385561736481E-16));
#7918=DIRECTION('',(0.,-1.,0.));
#7919=DIRECTION('',(0.,0.,-1.));
#7920=DIRECTION('',(0.,-1.,0.));
#7921=DIRECTION('',(0.,0.,-1.));
#7922=DIRECTION('',(0.,-1.,0.));
#7923=DIRECTION('',(0.,0.,-1.));
#7924=DIRECTION('',(-1.,0.,-3.63732341737072E-16));
#7925=DIRECTION('',(1.,0.,0.));
#7926=DIRECTION('',(0.,0.,-1.));
#7927=DIRECTION('',(0.,0.,1.));
#7928=DIRECTION('',(0.,-1.,0.));
#7929=DIRECTION('',(0.,-1.,0.));
#7930=DIRECTION('',(-3.66385561736481E-16,0.,1.));
#7931=DIRECTION('',(1.,0.,3.66385561736481E-16));
#7932=DIRECTION('',(-1.,0.,-3.66385561736481E-16));
#7933=DIRECTION('',(0.,-1.,0.));
#7934=DIRECTION('',(1.,0.,0.));
#7935=DIRECTION('',(-1.,0.,0.));
#7936=DIRECTION('',(0.,0.,1.));
#7937=DIRECTION('',(-1.,0.,-3.66385561736481E-16));
#7938=DIRECTION('',(-1.,0.,0.));
#7939=DIRECTION('',(0.,0.,1.));
#7940=DIRECTION('',(0.,0.,-1.));
#7941=DIRECTION('',(0.,1.,0.));
#7942=DIRECTION('',(0.,0.,-1.));
#7943=DIRECTION('',(-1.,0.,0.));
#7944=DIRECTION('',(0.,0.,-1.));
#7945=DIRECTION('',(0.,0.,1.));
#7946=DIRECTION('',(1.,0.,0.));
#7947=DIRECTION('',(0.,-1.,0.));
#7948=DIRECTION('',(0.,0.,-1.));
#7949=DIRECTION('',(-1.,0.,0.));
#7950=DIRECTION('',(0.,0.,1.));
#7951=DIRECTION('',(1.,0.,0.));
#7952=DIRECTION('',(1.,0.,0.));
#7953=DIRECTION('',(0.,0.,1.));
#7954=DIRECTION('',(1.,0.,0.));
#7955=DIRECTION('',(-2.01127359533543E-16,-1.,0.));
#7956=DIRECTION('',(0.,-1.,0.));
#7957=DIRECTION('',(0.,0.,-1.));
#7958=DIRECTION('',(0.,-1.,0.));
#7959=DIRECTION('',(0.,0.,-1.));
#7960=DIRECTION('',(0.,0.,-1.));
#7961=DIRECTION('',(-1.,0.,0.));
#7962=DIRECTION('',(0.,0.,1.));
#7963=DIRECTION('',(0.,0.,-1.));
#7964=DIRECTION('',(0.,0.,-1.));
#7965=DIRECTION('',(-1.,0.,0.));
#7966=DIRECTION('',(0.,-1.,0.));
#7967=DIRECTION('',(0.,0.,-1.));
#7968=DIRECTION('',(0.,0.,-1.));
#7969=DIRECTION('',(-1.,0.,0.));
#7970=DIRECTION('',(-1.,0.,0.));
#7971=DIRECTION('',(0.,0.,-1.));
#7972=DIRECTION('',(-1.,0.,0.));
#7973=DIRECTION('',(0.,0.,-1.));
#7974=DIRECTION('',(-1.,0.,0.));
#7975=DIRECTION('',(0.,0.,1.));
#7976=DIRECTION('',(1.,0.,0.));
#7977=DIRECTION('',(0.,-1.,0.));
#7978=DIRECTION('',(0.,0.,-1.));
#7979=DIRECTION('',(0.,0.,-1.));
#7980=DIRECTION('',(-1.,0.,0.));
#7981=DIRECTION('',(-1.,0.,0.));
#7982=DIRECTION('',(0.,0.,-1.));
#7983=DIRECTION('',(-1.,0.,0.));
#7984=DIRECTION('',(0.,0.,-1.));
#7985=DIRECTION('',(-1.,0.,0.));
#7986=DIRECTION('',(0.,0.,1.));
#7987=DIRECTION('',(1.,0.,0.));
#7988=DIRECTION('',(0.,0.,-1.));
#7989=DIRECTION('',(-1.,0.,0.));
#7990=DIRECTION('',(0.,0.,-1.));
#7991=DIRECTION('',(-1.,0.,0.));
#7992=DIRECTION('',(0.,1.,0.));
#7993=DIRECTION('',(0.,0.,-1.));
#7994=DIRECTION('',(-1.,0.,0.));
#7995=DIRECTION('',(1.,0.,0.));
#7996=DIRECTION('',(0.,0.,1.));
#7997=DIRECTION('',(1.,0.,0.));
#7998=DIRECTION('',(0.,0.,-1.));
#7999=DIRECTION('',(-1.,0.,0.));
#8000=DIRECTION('',(0.,0.,1.));
#8001=DIRECTION('',(1.,0.,0.));
#8002=DIRECTION('',(0.,0.,-1.));
#8003=DIRECTION('',(0.,0.,-1.));
#8004=DIRECTION('',(0.,0.,-1.));
#8005=DIRECTION('',(-1.,0.,0.));
#8006=DIRECTION('',(0.,0.,1.));
#8007=DIRECTION('',(-1.,0.,0.));
#8008=DIRECTION('',(0.,0.,-1.));
#8009=DIRECTION('',(-1.,0.,0.));
#8010=DIRECTION('',(-0.2406413101433,-0.970614114801818,0.));
#8011=DIRECTION('',(0.970614114801818,-0.2406413101433,0.));
#8012=DIRECTION('',(-0.970614114801818,0.2406413101433,0.));
#8013=DIRECTION('',(0.,0.,-1.));
#8014=DIRECTION('',(0.,0.,-1.));
#8015=DIRECTION('',(-1.,0.,0.));
#8016=DIRECTION('',(0.,0.,1.));
#8017=DIRECTION('',(0.,1.,0.));
#8018=DIRECTION('',(0.,0.,-1.));
#8019=DIRECTION('',(0.,0.,-1.));
#8020=DIRECTION('',(-1.,0.,0.));
#8021=DIRECTION('',(0.,0.,-1.));
#8022=DIRECTION('',(-1.,0.,0.));
#8023=DIRECTION('',(0.,0.,-1.));
#8024=DIRECTION('',(0.970295726275996,-0.241921895599668,0.));
#8025=DIRECTION('',(0.241921895599668,0.970295726275996,0.));
#8026=DIRECTION('',(-0.241921895599668,-0.970295726275996,0.));
#8027=DIRECTION('',(0.,0.,-1.));
#8028=DIRECTION('',(0.,0.,-1.));
#8029=DIRECTION('',(0.,0.,-1.));
#8030=DIRECTION('',(-1.,0.,0.));
#8031=DIRECTION('',(0.,0.,-1.));
#8032=DIRECTION('',(-1.,0.,0.));
#8033=DIRECTION('',(0.,0.,-1.));
#8034=DIRECTION('',(-0.898794046299167,0.438371146789078,0.));
#8035=DIRECTION('',(-0.438371146789078,-0.898794046299167,0.));
#8036=DIRECTION('',(0.438371146789078,0.898794046299167,0.));
#8037=DIRECTION('',(0.,0.,-1.));
#8038=DIRECTION('',(0.809016994374947,-0.587785252292474,0.));
#8039=DIRECTION('',(0.587785252292474,0.809016994374947,0.));
#8040=DIRECTION('',(-0.587785252292474,-0.809016994374947,0.));
#8041=DIRECTION('',(0.,0.,-1.));
#8042=DIRECTION('',(0.,0.,-1.));
#8043=DIRECTION('',(0.,0.,-1.));
#8044=DIRECTION('',(-1.,0.,0.));
#8045=DIRECTION('',(0.,0.,-1.));
#8046=DIRECTION('',(-1.,0.,0.));
#8047=DIRECTION('',(0.,0.,-1.));
#8048=DIRECTION('',(-0.669130606358858,0.743144825477394,0.));
#8049=DIRECTION('',(-0.743144825477395,-0.669130606358858,0.));
#8050=DIRECTION('',(0.743144825477395,0.669130606358858,0.));
#8051=DIRECTION('',(0.,0.,-1.));
#8052=DIRECTION('',(0.649448048330183,-0.760405965600031,0.));
#8053=DIRECTION('',(0.760405965600031,0.649448048330183,0.));
#8054=DIRECTION('',(-0.760405965600031,-0.649448048330183,0.));
#8055=DIRECTION('',(0.,0.,-1.));
#8056=DIRECTION('',(0.,0.,-1.));
#8057=DIRECTION('',(0.,0.,-1.));
#8058=DIRECTION('',(-1.,0.,0.));
#8059=DIRECTION('',(0.,0.,-1.));
#8060=DIRECTION('',(-1.,0.,0.));
#8061=DIRECTION('',(0.,0.,-1.));
#8062=DIRECTION('',(-0.507538362960703,0.861629160441526,0.));
#8063=DIRECTION('',(-0.861629160441527,-0.507538362960703,0.));
#8064=DIRECTION('',(0.861629160441526,0.507538362960703,0.));
#8065=DIRECTION('',(0.,0.,-1.));
#8066=DIRECTION('',(0.466489895545379,-0.884526527218976,0.));
#8067=DIRECTION('',(0.884526527218976,0.466489895545379,0.));
#8068=DIRECTION('',(-0.884526527218976,-0.466489895545379,0.));
#8069=DIRECTION('',(0.,0.,-1.));
#8070=DIRECTION('',(0.,0.,-1.));
#8071=DIRECTION('',(-1.,-1.31027156140413E-15,0.));
#8072=DIRECTION('',(1.31027156140413E-15,-1.,0.));
#8073=DIRECTION('',(-1.31027156140413E-15,1.,0.));
#8074=DIRECTION('',(0.,0.,-1.));
#8075=DIRECTION('',(-0.252526489967902,0.967589981275381,0.));
#8076=DIRECTION('',(-0.967589981275381,-0.252526489967902,0.));
#8077=DIRECTION('',(0.967589981275381,0.252526489967902,0.));
#8078=DIRECTION('',(0.,0.,-1.));
#8079=DIRECTION('',(0.,-1.,0.));
#8080=DIRECTION('',(0.,0.,-1.));
#8081=DIRECTION('',(-1.,0.,0.));
#8082=DIRECTION('',(0.,0.,-1.));
#8083=DIRECTION('',(0.,0.,-1.));
#8084=DIRECTION('',(0.995239580016947,0.0974585982235124,0.));
#8085=DIRECTION('',(-0.0974585982235124,0.995239580016947,0.));
#8086=DIRECTION('',(0.0974585982235124,-0.995239580016946,0.));
#8087=DIRECTION('',(0.,0.,-1.));
#8088=DIRECTION('',(0.229098260732823,-0.973403301273011,0.));
#8089=DIRECTION('',(0.973403301273011,0.229098260732823,0.));
#8090=DIRECTION('',(-0.973403301273011,-0.229098260732823,0.));
#8091=DIRECTION('',(0.,0.,-1.));
#8092=DIRECTION('',(0.,0.,-1.));
#8093=DIRECTION('',(-1.,0.,0.));
#8094=DIRECTION('',(0.,0.,1.));
#8095=DIRECTION('',(1.,0.,0.));
#8096=DIRECTION('',(0.535072187952312,0.844806340932599,0.));
#8097=DIRECTION('',(-0.844806340932599,0.535072187952312,0.));
#8098=DIRECTION('',(0.844806340932599,-0.535072187952312,0.));
#8099=DIRECTION('',(0.783453357981551,0.621450590045124,0.));
#8100=DIRECTION('',(-0.621450590045124,0.783453357981551,0.));
#8101=DIRECTION('',(0.621450590045124,-0.783453357981551,0.));
#8102=DIRECTION('',(0.893627562230589,0.448809291371976,0.));
#8103=DIRECTION('',(-0.448809291371976,0.893627562230589,0.));
#8104=DIRECTION('',(0.448809291371976,-0.893627562230589,0.));
#8105=DIRECTION('',(0.955191143389626,0.29598966128907,0.));
#8106=DIRECTION('',(-0.29598966128907,0.955191143389627,0.));
#8107=DIRECTION('',(0.29598966128907,-0.955191143389626,0.));
#8108=DIRECTION('',(-1.,0.,0.));
#8109=DIRECTION('',(0.,0.,1.));
#8110=DIRECTION('',(0.,1.,0.));
#8111=DIRECTION('',(0.974370064785235,-0.224951054343866,0.));
#8112=DIRECTION('',(0.224951054343866,0.974370064785235,0.));
#8113=DIRECTION('',(-0.224951054343866,-0.974370064785235,0.));
#8114=DIRECTION('',(0.,0.,-1.));
#8115=DIRECTION('',(-1.,0.,0.));
#8116=DIRECTION('',(0.,0.,-1.));
#8117=DIRECTION('',(-1.,0.,0.));
#8118=DIRECTION('',(0.,0.,-1.));
#8119=DIRECTION('',(-1.,0.,0.));
#8120=DIRECTION('',(0.,0.,-1.));
#8121=DIRECTION('',(-1.,0.,0.));
#8122=DIRECTION('',(0.,0.,-1.));
#8123=DIRECTION('',(-1.,0.,0.));
#8124=DIRECTION('',(0.,0.,-1.));
#8125=DIRECTION('',(-1.,0.,0.));
#8126=DIRECTION('',(1.,0.,0.));
#8127=DIRECTION('',(0.,0.,-1.));
#8128=DIRECTION('',(0.,-1.,0.));
#8129=DIRECTION('',(0.,0.,1.));
#8130=DIRECTION('',(1.,0.,0.));
#8131=DIRECTION('',(0.,0.,-1.));
#8132=DIRECTION('',(0.,-1.,0.));
#8133=DIRECTION('',(0.,0.,1.));
#8134=DIRECTION('',(1.,0.,0.));
#8135=DIRECTION('',(0.,0.,-1.));
#8136=DIRECTION('',(0.,-1.,0.));
#8137=DIRECTION('',(0.,0.,1.));
#8138=DIRECTION('',(0.,-1.,0.));
#8139=DIRECTION('',(-3.66385561736481E-16,0.,-1.));
#8140=DIRECTION('',(-1.,0.,3.66385561736481E-16));
#8141=DIRECTION('',(1.,0.,-3.66385561736481E-16));
#8142=DIRECTION('',(0.,-1.,0.));
#8143=DIRECTION('',(-1.,0.,0.));
#8144=DIRECTION('',(0.,0.,1.));
#8145=DIRECTION('',(1.,0.,0.));
#8146=DIRECTION('',(1.,0.,-3.66385561736481E-16));
#8147=DIRECTION('',(0.,1.,0.));
#8148=DIRECTION('',(0.,0.,1.));
#8149=DIRECTION('',(0.,0.,-1.));
#8150=DIRECTION('',(1.,0.,0.));
#8151=DIRECTION('',(0.,0.,-1.));
#8152=DIRECTION('',(-1.,0.,0.));
#8153=DIRECTION('',(0.,0.,-1.));
#8154=DIRECTION('',(0.,0.,-1.));
#8155=DIRECTION('',(-1.,0.,0.));
#8156=DIRECTION('',(-1.,0.,0.));
#8157=DIRECTION('',(0.,0.,1.));
#8158=DIRECTION('',(0.,1.,0.));
#8159=DIRECTION('',(0.,0.,1.));
#8160=DIRECTION('',(-1.,0.,0.));
#8161=DIRECTION('',(0.,0.,1.));
#8162=DIRECTION('',(1.,0.,0.));
#8163=DIRECTION('',(-1.,0.,0.));
#8164=DIRECTION('',(2.01127359533543E-16,-1.,0.));
#8165=DIRECTION('',(0.,1.,0.));
#8166=DIRECTION('',(0.,0.,1.));
#8167=DIRECTION('',(0.,1.,0.));
#8168=DIRECTION('',(0.,0.,1.));
#8169=DIRECTION('',(0.,0.,-1.));
#8170=DIRECTION('',(0.,0.,-1.));
#8171=DIRECTION('',(-1.,0.,0.));
#8172=DIRECTION('',(0.,0.,-1.));
#8173=DIRECTION('',(-1.,0.,0.));
#8174=DIRECTION('',(0.,0.,1.));
#8175=DIRECTION('',(2.01127359533543E-16,-1.,0.));
#8176=DIRECTION('',(1.,2.01127359533543E-16,0.));
#8177=DIRECTION('',(0.,1.,0.));
#8178=DIRECTION('',(0.,0.,1.));
#8179=DIRECTION('',(0.,0.,1.));
#8180=DIRECTION('',(1.,0.,0.));
#8181=DIRECTION('',(-1.,0.,0.));
#8182=DIRECTION('',(0.,0.,1.));
#8183=DIRECTION('',(1.,0.,0.));
#8184=DIRECTION('',(0.,0.,-1.));
#8185=DIRECTION('',(1.,0.,0.));
#8186=DIRECTION('',(0.,0.,-1.));
#8187=DIRECTION('',(1.,0.,0.));
#8188=DIRECTION('',(0.,0.,-1.));
#8189=DIRECTION('',(0.,0.,1.));
#8190=DIRECTION('',(1.,0.,0.));
#8191=DIRECTION('',(0.,-1.,0.));
#8192=DIRECTION('',(0.,0.,-1.));
#8193=DIRECTION('',(0.,-1.,0.));
#8194=DIRECTION('',(0.,0.,-1.));
#8195=DIRECTION('',(2.01127359533543E-16,1.,0.));
#8196=DIRECTION('',(-1.,2.01127359533543E-16,0.));
#8197=DIRECTION('',(0.,1.,0.));
#8198=DIRECTION('',(0.,0.,1.));
#8199=DIRECTION('',(0.,0.,1.));
#8200=DIRECTION('',(1.,0.,0.));
#8201=DIRECTION('',(1.,-6.93889390390722E-15,-6.93889390390723E-15));
#8202=DIRECTION('',(-6.93889390390723E-15,0.,-1.));
#8203=DIRECTION('',(1.,0.,0.));
#8204=DIRECTION('',(0.,0.,-1.));
#8205=DIRECTION('',(0.,1.,0.));
#8206=DIRECTION('',(0.,0.,1.));
#8207=DIRECTION('',(0.,1.,0.));
#8208=DIRECTION('',(0.,0.,1.));
#8209=DIRECTION('',(0.,0.,1.));
#8210=DIRECTION('',(1.,0.,0.));
#8211=DIRECTION('',(1.,-3.46944695195361E-15,-3.46944695195361E-15));
#8212=DIRECTION('',(-3.46944695195361E-15,0.,-1.));
#8213=DIRECTION('',(0.,1.,0.));
#8214=DIRECTION('',(0.,0.,1.));
#8215=DIRECTION('',(0.707106781186548,0.707106781186548,0.));
#8216=DIRECTION('',(0.707106781186548,-0.707106781186548,0.));
#8217=DIRECTION('',(1.,0.,0.));
#8218=DIRECTION('',(0.,0.,-1.));
#8219=DIRECTION('',(0.,-1.,0.));
#8220=DIRECTION('',(0.,0.,-1.));
#8221=DIRECTION('',(-1.53156022361291E-16,-1.,0.));
#8222=DIRECTION('',(1.,-1.53156022361291E-16,0.));
#8223=DIRECTION('',(1.16872706666174E-16,1.,0.));
#8224=DIRECTION('',(-1.,1.16872706666174E-16,0.));
#8225=DIRECTION('',(1.16872706666174E-16,-1.,0.));
#8226=DIRECTION('',(1.,1.16872706666174E-16,0.));
#8227=DIRECTION('',(-1.53156022361291E-16,1.,0.));
#8228=DIRECTION('',(-1.,-1.53156022361291E-16,0.));
#8229=DIRECTION('',(0.,1.,0.));
#8230=DIRECTION('',(0.,0.,1.));
#8231=DIRECTION('',(1.,0.,3.66385561736481E-16));
#8232=DIRECTION('',(3.66385561736481E-16,0.,-1.));
#8233=DIRECTION('',(0.707106781186547,0.,0.707106781186548));
#8234=DIRECTION('',(0.707106781186548,0.,-0.707106781186547));
#8235=DIRECTION('',(0.,0.,1.));
#8236=DIRECTION('',(1.,0.,0.));
#8237=DIRECTION('',(0.,0.,1.));
#8238=DIRECTION('',(1.,0.,0.));
#8239=DIRECTION('',(1.,0.,-3.66385561736481E-16));
#8240=DIRECTION('',(-3.66385561736481E-16,0.,-1.));
#8241=DIRECTION('',(0.707106781186547,0.,-0.707106781186548));
#8242=DIRECTION('',(0.707106781186548,0.,0.707106781186547));
#8243=DIRECTION('',(0.,0.,-1.));
#8244=DIRECTION('',(-1.,0.,0.));
#8245=DIRECTION('',(0.,0.,-1.));
#8246=DIRECTION('',(-1.,0.,0.));
#8247=DIRECTION('',(0.,0.,-1.));
#8248=DIRECTION('',(-1.,0.,0.));
#8249=DIRECTION('',(0.,0.,-1.));
#8250=DIRECTION('',(-1.,0.,0.));
#8251=DIRECTION('',(0.707106781186548,0.,-0.707106781186547));
#8252=DIRECTION('',(-0.707106781186547,0.,-0.707106781186548));
#8253=DIRECTION('',(0.,0.,1.));
#8254=DIRECTION('',(1.,0.,0.));
#8255=DIRECTION('',(0.,0.,1.));
#8256=DIRECTION('',(1.,0.,0.));
#8257=DIRECTION('',(0.707106781186547,0.,0.707106781186548));
#8258=DIRECTION('',(-0.707106781186548,0.,0.707106781186547));
#8259=DIRECTION('',(1.,0.,3.63732341737072E-16));
#8260=DIRECTION('',(3.63732341737072E-16,0.,-1.));
#8261=DIRECTION('',(0.,0.,1.));
#8262=DIRECTION('',(1.,0.,0.));
#8263=DIRECTION('',(0.,0.,1.));
#8264=DIRECTION('',(1.,0.,0.));
#8265=DIRECTION('',(0.707106781186548,0.,0.707106781186548));
#8266=DIRECTION('',(-0.707106781186548,0.,0.707106781186548));
#8267=DIRECTION('',(1.,0.,0.));
#8268=DIRECTION('',(0.,0.,-1.));
#8269=DIRECTION('',(0.707106781186548,0.,-0.707106781186548));
#8270=DIRECTION('',(0.707106781186548,0.,0.707106781186548));
#8271=DIRECTION('',(0.,0.,-1.));
#8272=DIRECTION('',(-1.,0.,0.));
#8273=DIRECTION('',(0.,0.,-1.));
#8274=DIRECTION('',(-1.,0.,0.));
#8275=DIRECTION('',(0.,1.,0.));
#8276=DIRECTION('',(0.,0.,1.));
#8277=DIRECTION('',(0.,0.,1.));
#8278=DIRECTION('',(1.,0.,0.));
#8279=DIRECTION('',(0.,0.,1.));
#8280=DIRECTION('',(1.,0.,0.));
#8281=DIRECTION('',(0.,-1.,0.));
#8282=DIRECTION('',(0.,0.,-1.));
#8283=DIRECTION('',(-1.,6.65281832841564E-17,0.));
#8284=DIRECTION('',(-6.65281832841564E-17,-1.,0.));
#8285=DIRECTION('',(6.65281832841564E-17,1.,0.));
#8286=DIRECTION('',(6.65281832841564E-17,1.,0.));
#8287=DIRECTION('',(-1.,6.65281832841564E-17,0.));
#8288=DIRECTION('',(-6.65281832841564E-17,-1.,0.));
#8289=DIRECTION('',(6.65281832841564E-17,1.,0.));
#8290=DIRECTION('',(6.65281832841564E-17,1.,0.));
#8291=DIRECTION('',(0.,0.,-1.));
#8292=DIRECTION('',(1.,0.,0.));
#8293=DIRECTION('',(0.,-1.,0.));
#8294=DIRECTION('',(0.,0.,-1.));
#8295=DIRECTION('',(0.,-1.,0.));
#8296=DIRECTION('',(0.,0.,-1.));
#8297=DIRECTION('',(0.,-1.,0.));
#8298=DIRECTION('',(1.,0.,0.));
#8299=DIRECTION('',(0.,-1.,0.));
#8300=DIRECTION('',(0.,0.,-1.));
#8301=DIRECTION('',(0.,-1.,0.));
#8302=DIRECTION('',(0.,0.,-1.));
#8303=DIRECTION('',(0.,-1.,0.));
#8304=DIRECTION('',(1.,0.,0.));
#8305=DIRECTION('',(1.,0.,0.));
#8306=DIRECTION('',(0.,0.,-1.));
#8307=DIRECTION('',(0.707106781186548,0.707106781186548,0.));
#8308=DIRECTION('',(0.707106781186548,-0.707106781186548,0.));
#8309=DIRECTION('',(-1.,0.,3.46944695195362E-15));
#8310=DIRECTION('',(3.46944695195362E-15,0.,1.));
#8311=DIRECTION('',(0.,0.,-1.));
#8312=DIRECTION('',(-1.,0.,0.));
#8313=DIRECTION('',(0.,-1.,0.));
#8314=DIRECTION('',(0.,0.,-1.));
#8315=DIRECTION('',(0.,1.,0.));
#8316=DIRECTION('',(0.,0.,1.));
#8317=DIRECTION('',(0.,1.,0.));
#8318=DIRECTION('',(0.,0.,1.));
#8319=DIRECTION('',(0.707106781186548,0.707106781186548,0.));
#8320=DIRECTION('',(0.707106781186548,-0.707106781186548,0.));
#8321=DIRECTION('',(0.,0.,-1.));
#8322=DIRECTION('',(-1.,0.,0.));
#8323=DIRECTION('',(1.,0.,0.));
#8324=DIRECTION('',(0.,0.,-1.));
#8325=DIRECTION('',(-1.,0.,6.93889390390724E-15));
#8326=DIRECTION('',(6.93889390390724E-15,0.,1.));
#8327=DIRECTION('',(0.,-1.,0.));
#8328=DIRECTION('',(0.,0.,-1.));
#8329=DIRECTION('',(0.707106781186548,-0.707106781186548,0.));
#8330=DIRECTION('',(0.707106781186548,0.707106781186548,0.));
#8331=DIRECTION('',(0.,0.,-1.));
#8332=DIRECTION('',(-1.,0.,0.));
#8333=DIRECTION('',(0.,-1.,0.));
#8334=DIRECTION('',(0.,0.,-1.));
#8335=DIRECTION('',(1.,0.,0.));
#8336=DIRECTION('',(0.,0.,-1.));
#8337=DIRECTION('',(1.,3.46944695195361E-15,0.));
#8338=DIRECTION('',(-3.46944695195361E-15,1.,0.));
#8339=DIRECTION('',(2.01127359533543E-16,1.,0.));
#8340=DIRECTION('',(-1.,2.01127359533543E-16,0.));
#8341=DIRECTION('',(0.,0.,-1.));
#8342=DIRECTION('',(-1.,0.,0.));
#8343=DIRECTION('',(0.,-1.,0.));
#8344=DIRECTION('',(0.,0.,-1.));
#8345=DIRECTION('',(0.,0.,-1.));
#8346=DIRECTION('',(-1.,0.,0.));
#8347=DIRECTION('',(0.,-1.,0.));
#8348=DIRECTION('',(0.,0.,-1.));
#8349=DIRECTION('',(0.707106781186548,-0.707106781186548,0.));
#8350=DIRECTION('',(0.707106781186548,0.707106781186548,0.));
#8351=DIRECTION('',(0.,-1.,0.));
#8352=DIRECTION('',(0.,0.,-1.));
#8353=DIRECTION('',(0.707106781186548,0.707106781186548,0.));
#8354=DIRECTION('',(0.707106781186548,-0.707106781186548,0.));
#8355=DIRECTION('',(1.,0.,0.));
#8356=DIRECTION('',(0.,0.,-1.));
#8357=DIRECTION('',(1.,6.93889390390722E-15,0.));
#8358=DIRECTION('',(-6.93889390390722E-15,1.,0.));
#8359=DIRECTION('',(1.,0.,0.));
#8360=DIRECTION('',(0.,0.,-1.));
#8361=DIRECTION('',(-1.,0.,0.));
#8362=DIRECTION('',(0.,0.,1.));
#8363=DIRECTION('',(0.,0.,-1.));
#8364=DIRECTION('',(-1.,0.,0.));
#8365=DIRECTION('',(0.,-1.,0.));
#8366=DIRECTION('',(0.,0.,-1.));
#8367=DIRECTION('',(0.,0.,-1.));
#8368=DIRECTION('',(-1.,0.,0.));
#8369=DIRECTION('',(0.,-1.,0.));
#8370=DIRECTION('',(0.,0.,-1.));
#8371=DIRECTION('',(2.01127359533543E-16,-1.,0.));
#8372=DIRECTION('',(1.,2.01127359533543E-16,0.));
#8373=DIRECTION('',(0.,1.,0.));
#8374=DIRECTION('',(0.,0.,1.));
#8375=DIRECTION('',(0.707106781186548,0.707106781186548,0.));
#8376=DIRECTION('',(-0.707106781186548,0.707106781186548,0.));
#8377=DIRECTION('',(0.,0.,-1.));
#8378=DIRECTION('',(-1.,0.,0.));
#8379=DIRECTION('',(1.,0.,0.));
#8380=DIRECTION('',(0.,0.,-1.));
#8381=DIRECTION('',(-1.,0.,0.));
#8382=DIRECTION('',(0.,0.,1.));
#8383=DIRECTION('',(0.,1.,0.));
#8384=DIRECTION('',(0.,0.,1.));
#8385=DIRECTION('',(-0.707106781186548,0.707106781186548,0.));
#8386=DIRECTION('',(-0.707106781186548,-0.707106781186548,0.));
#8387=DIRECTION('',(0.,0.,-1.));
#8388=DIRECTION('',(-1.,0.,0.));
#8389=DIRECTION('',(0.,-1.,0.));
#8390=DIRECTION('',(0.,0.,-1.));
#8391=DIRECTION('',(-1.,0.,0.));
#8392=DIRECTION('',(0.,0.,1.));
#8393=DIRECTION('',(1.,0.,0.));
#8394=DIRECTION('',(0.,0.,-1.));
#8395=DIRECTION('',(0.,1.,0.));
#8396=DIRECTION('',(0.,0.,1.));
#8397=DIRECTION('',(0.707106781186548,0.707106781186548,0.));
#8398=DIRECTION('',(-0.707106781186548,0.707106781186548,0.));
#8399=DIRECTION('',(0.,0.,-1.));
#8400=DIRECTION('',(-1.,0.,0.));
#8401=DIRECTION('',(0.,-1.,0.));
#8402=DIRECTION('',(0.,0.,-1.));
#8403=DIRECTION('',(1.,0.,0.));
#8404=DIRECTION('',(0.,0.,-1.));
#8405=DIRECTION('',(-1.,0.,0.));
#8406=DIRECTION('',(0.,0.,1.));
#8407=DIRECTION('',(0.,-1.,0.));
#8408=DIRECTION('',(0.,0.,-1.));
#8409=DIRECTION('',(0.707106781186548,-0.707106781186548,0.));
#8410=DIRECTION('',(-0.707106781186548,-0.707106781186548,0.));
#8411=DIRECTION('',(0.,0.,-1.));
#8412=DIRECTION('',(-1.,0.,0.));
#8413=DIRECTION('',(0.,-1.,0.));
#8414=DIRECTION('',(0.,0.,-1.));
#8415=DIRECTION('',(-1.,0.,0.));
#8416=DIRECTION('',(0.,0.,1.));
#8417=DIRECTION('',(1.,0.,0.));
#8418=DIRECTION('',(0.,0.,-1.));
#8419=DIRECTION('',(0.,1.,0.));
#8420=DIRECTION('',(0.,0.,1.));
#8421=DIRECTION('',(-0.707106781186548,0.707106781186548,0.));
#8422=DIRECTION('',(0.707106781186548,0.707106781186548,0.));
#8423=DIRECTION('',(0.,0.,-1.));
#8424=DIRECTION('',(-1.,0.,0.));
#8425=DIRECTION('',(0.,-1.,0.));
#8426=DIRECTION('',(0.,0.,-1.));
#8427=DIRECTION('',(-1.,0.,0.));
#8428=DIRECTION('',(0.,0.,1.));
#8429=DIRECTION('',(-0.707106781186548,-0.707106781186548,0.));
#8430=DIRECTION('',(0.707106781186548,-0.707106781186548,0.));
#8431=DIRECTION('',(0.,-1.,0.));
#8432=DIRECTION('',(0.,0.,-1.));
#8433=DIRECTION('',(0.707106781186548,-0.707106781186548,0.));
#8434=DIRECTION('',(-0.707106781186548,-0.707106781186548,0.));
#8435=DIRECTION('',(-6.65281832841564E-17,-1.,0.));
#8436=DIRECTION('',(1.,-6.65281832841564E-17,0.));
#8437=DIRECTION('',(-1.,0.,0.));
#8438=DIRECTION('',(0.,0.,1.));
#8439=DIRECTION('',(1.,0.,0.));
#8440=DIRECTION('',(0.,0.,-1.));
#8441=DIRECTION('',(0.,0.,-1.));
#8442=DIRECTION('',(-1.,0.,0.));
#8443=DIRECTION('',(0.,0.,-1.));
#8444=DIRECTION('',(-1.,0.,0.));
#8445=DIRECTION('',(0.,-1.,0.));
#8446=DIRECTION('',(0.,0.,-1.));
#8447=DIRECTION('',(6.65281832841564E-17,1.,0.));
#8448=DIRECTION('',(-1.,6.65281832841564E-17,0.));
#8449=DIRECTION('',(-0.707106781186548,0.707106781186548,0.));
#8450=DIRECTION('',(0.707106781186548,0.707106781186548,0.));
#8451=DIRECTION('',(0.,-1.,0.));
#8452=DIRECTION('',(0.,0.,-1.));
#8453=DIRECTION('',(-0.707106781186548,-0.707106781186548,0.));
#8454=DIRECTION('',(0.707106781186548,-0.707106781186548,0.));
#8455=DIRECTION('',(-1.,0.,0.));
#8456=DIRECTION('',(0.,0.,1.));
#8457=CARTESIAN_POINT('',(0.,0.,0.));
#8458=CARTESIAN_POINT('',(-0.0108094424150477,-0.064420801409562,0.002));
#8459=CARTESIAN_POINT('',(-0.0235933978110552,-0.0627542361617088,0.002));
#8460=CARTESIAN_POINT('',(-0.0235933978110552,-0.0627542361617088,0.0015));
#8461=CARTESIAN_POINT('',(-0.0235933978110552,-0.0627542361617088,0.001));
#8462=CARTESIAN_POINT('',(-0.0108094424150477,-0.064420801409562,0.0015));
#8463=CARTESIAN_POINT('',(-0.0202084820520128,-0.0555966862020627,0.0015));
#8464=CARTESIAN_POINT('',(-0.0202084820520128,-0.0555966862020627,0.0015));
#8465=CARTESIAN_POINT('',(-0.0202084820520128,-0.0555966862020627,0.001));
#8466=CARTESIAN_POINT('',(-0.0108094424150477,-0.064420801409562,0.001));
#8467=CARTESIAN_POINT('',(0.0108094424150477,-0.064420801409562,0.002));
#8468=CARTESIAN_POINT('',(0.011,-0.0515300821472679,0.001));
#8469=CARTESIAN_POINT('',(0.0107359126642599,-0.0515261782654215,0.001));
#8470=CARTESIAN_POINT('',(0.0105,-0.0515323879818265,0.0012358846089213));
#8471=CARTESIAN_POINT('',(0.0105,-0.0515323879818265,0.0015));
#8472=CARTESIAN_POINT('',(0.011,-0.0515300821472679,0.001));
#8473=CARTESIAN_POINT('',(0.0105,-0.0515323879818265,0.0015));
#8474=CARTESIAN_POINT('',(0.0108094424150477,-0.064420801409562,0.0015));
#8475=CARTESIAN_POINT('',(0.0135,-0.0518125558863134,0.0015));
#8476=CARTESIAN_POINT('',(0.0135,-0.0518125558863134,0.0015));
#8477=CARTESIAN_POINT('',(0.0135,-0.0518125558863134,0.001));
#8478=CARTESIAN_POINT('',(0.0108094424150477,-0.064420801409562,0.001));
#8479=CARTESIAN_POINT('',(-0.0165,-0.0695323879818265,-5.20417042793042E-18));
#8480=CARTESIAN_POINT('',(-0.029,-0.0695323879818265,-0.002));
#8481=CARTESIAN_POINT('',(-0.029,-0.0695323879818265,-0.0045));
#8482=CARTESIAN_POINT('',(-0.029,-0.0695323879818265,0.000999999999999989));
#8483=CARTESIAN_POINT('',(-0.0305,-0.0695323879818265,-0.0045));
#8484=CARTESIAN_POINT('',(-0.0305,-0.0695323879818265,-0.0045));
#8485=CARTESIAN_POINT('',(-0.0305,-0.0695323879818265,-5.20417042793042E-18));
#8486=CARTESIAN_POINT('',(-0.0305,-0.0695323879818265,0.0025));
#8487=CARTESIAN_POINT('',(0.031,-0.0695323879818265,0.0025));
#8488=CARTESIAN_POINT('',(-0.00484138317886997,-0.0695323879818265,0.0025));
#8489=CARTESIAN_POINT('',(-0.00484138317886997,-0.0695323879818265,0.002));
#8490=CARTESIAN_POINT('',(-0.00534138317886997,-0.0695323879818265,0.002));
#8491=CARTESIAN_POINT('',(-0.0165,-0.0695323879818265,0.002));
#8492=CARTESIAN_POINT('',(-0.008,-0.0695323879818265,0.002));
#8493=CARTESIAN_POINT('',(-0.008,-0.0695323879818265,0.0015));
#8494=CARTESIAN_POINT('',(-0.0085,-0.0695323879818265,0.0015));
#8495=CARTESIAN_POINT('',(-0.0165,-0.0695323879818265,0.0015));
#8496=CARTESIAN_POINT('',(-0.0105,-0.0695323879818265,0.0015));
#8497=CARTESIAN_POINT('',(-0.0105,-0.0695323879818265,0.001));
#8498=CARTESIAN_POINT('',(-0.0105,-0.0695323879818265,0.002));
#8499=CARTESIAN_POINT('',(-0.0175052369931667,-0.0695323879818265,0.002));
#8500=CARTESIAN_POINT('',(-0.0230933978110552,-0.0695323879818265,0.002));
#8501=CARTESIAN_POINT('',(-0.0230933978110552,-0.0695323879818265,0.0015));
#8502=CARTESIAN_POINT('',(-0.0235933978110552,-0.0695323879818265,0.0015));
#8503=CARTESIAN_POINT('',(-0.0235933978110552,-0.0695323879818265,-0.005002));
#8504=CARTESIAN_POINT('',(-0.0235933978110552,-0.0695323879818265,0.001));
#8505=CARTESIAN_POINT('',(-0.0145,-0.0695323879818265,0.001));
#8506=CARTESIAN_POINT('',(0.0105,-0.0285323879818265,0.));
#8507=CARTESIAN_POINT('',(0.0105,-0.0300323879818265,0.));
#8508=CARTESIAN_POINT('',(0.0105,-0.0300323879818265,0.001));
#8509=CARTESIAN_POINT('',(0.0105,-0.0300323879818265,-0.0045));
#8510=CARTESIAN_POINT('',(0.0105,-0.0285323879818265,-0.0045));
#8511=CARTESIAN_POINT('',(0.0105,-0.0270323879818265,-0.0045));
#8512=CARTESIAN_POINT('',(0.0105,-0.0270323879818265,0.));
#8513=CARTESIAN_POINT('',(0.0105,-0.0270323879818265,0.0005));
#8514=CARTESIAN_POINT('',(0.0105,-0.0270323879818265,0.0015));
#8515=CARTESIAN_POINT('',(0.0105,-0.0270323879818265,0.0015));
#8516=CARTESIAN_POINT('',(0.0105,-0.0285323879818265,0.0015));
#8517=CARTESIAN_POINT('',(0.0105,-0.0305323879818265,0.0015));
#8518=CARTESIAN_POINT('',(0.0105,-0.0305323879818265,0.001));
#8519=CARTESIAN_POINT('',(0.0235933978110552,-0.0663344822824001,-0.005002));
#8520=CARTESIAN_POINT('',(0.0235933978110552,-0.0680323879818265,-0.005002));
#8521=CARTESIAN_POINT('',(0.0235933978110552,-0.0680323879818265,-0.0045));
#8522=CARTESIAN_POINT('',(0.0235933978110552,-0.0680323879818265,0.000499999999999991));
#8523=CARTESIAN_POINT('',(0.0235933978110552,-0.0627542361617088,-0.0045));
#8524=CARTESIAN_POINT('',(0.0235933978110552,-0.0627542361617088,-0.0045));
#8525=CARTESIAN_POINT('',(0.0235933978110552,-0.0627542361617088,-0.005002));
#8526=CARTESIAN_POINT('',(0.0235933978110552,-0.0627542361617088,0.001));
#8527=CARTESIAN_POINT('',(0.0235933978110552,-0.0627542361617088,0.002));
#8528=CARTESIAN_POINT('',(0.0235933978110552,-0.0627542361617088,0.0015));
#8529=CARTESIAN_POINT('',(0.0235933978110552,-0.0695323879818265,0.0015));
#8530=CARTESIAN_POINT('',(0.0235933978110552,-0.0695323879818265,0.0015));
#8531=CARTESIAN_POINT('',(0.0235933978110552,-0.0695323879818265,-0.005002));
#8532=CARTESIAN_POINT('',(0.0235933978110552,-0.0695323879818265,0.001));
#8533=CARTESIAN_POINT('',(0.0235933978110552,-0.0663344822824001,0.001));
#8534=CARTESIAN_POINT('',(0.0235933978110552,-0.0685323879818265,0.001));
#8535=CARTESIAN_POINT('',(0.0235933978110552,-0.0685323879818265,0.000499999999999991));
#8536=CARTESIAN_POINT('',(0.,-0.0220161939909133,0.0025));
#8537=CARTESIAN_POINT('',(0.,0.,0.0025));
#8538=CARTESIAN_POINT('',(0.00534138317886991,-0.0285038528226709,0.0025));
#8539=CARTESIAN_POINT('',(-0.00484138317886998,-0.0285930237805545,0.0025));
#8540=CARTESIAN_POINT('',(-0.00484138317886997,-0.0220161939909133,0.0025));
#8541=CARTESIAN_POINT('',(-0.0165,-0.0695323879818265,0.0025));
#8542=CARTESIAN_POINT('',(0.00534138317886997,-0.0695323879818265,0.0025));
#8543=CARTESIAN_POINT('',(0.00534138317886997,-0.0507681204022487,0.0025));
#8544=CARTESIAN_POINT('',(0.00525,-0.0500323879818265,0.0015));
#8545=CARTESIAN_POINT('',(0.0105,-0.0305323879818265,0.0015));
#8546=CARTESIAN_POINT('',(0.012,-0.0305323879818265,0.0015));
#8547=CARTESIAN_POINT('',(0.,0.,0.0015));
#8548=CARTESIAN_POINT('',(0.0085,-0.0277263412660236,0.0015));
#8549=CARTESIAN_POINT('',(0.0085,-0.0503793646239251,0.0015));
#8550=CARTESIAN_POINT('',(0.0085,-0.0695323879818265,0.0015));
#8551=CARTESIAN_POINT('',(0.0165,-0.0695323879818265,0.0015));
#8552=CARTESIAN_POINT('',(0.0105,-0.0695323879818265,0.0015));
#8553=CARTESIAN_POINT('',(0.0105,-0.0285323879818265,0.0015));
#8554=CARTESIAN_POINT('',(0.0105,-0.0285323879818265,0.0015));
#8555=CARTESIAN_POINT('',(0.0105,-0.0310323879818265,0.0015));
#8556=CARTESIAN_POINT('',(0.01125,-0.0310323879818265,0.0015));
#8557=CARTESIAN_POINT('',(0.012,-0.0310323879818265,0.0015));
#8558=CARTESIAN_POINT('',(0.012,-0.0325323879818266,0.0015));
#8559=CARTESIAN_POINT('',(0.0135,-0.0325323879818266,0.0015));
#8560=CARTESIAN_POINT('',(0.0135,-0.04217247193407,0.0015));
#8561=CARTESIAN_POINT('',(0.0108094424150477,-0.064420801409562,0.0015));
#8562=CARTESIAN_POINT('',(0.0202084820520128,-0.0555966862020627,0.0015));
#8563=CARTESIAN_POINT('',(0.0105,-0.0645671414998326,0.0015));
#8564=CARTESIAN_POINT('',(0.014,-0.051820624642136,0.0015));
#8565=CARTESIAN_POINT('',(0.014,-0.0500323879818265,0.0015));
#8566=CARTESIAN_POINT('',(0.014,-0.0325323879818266,0.0015));
#8567=CARTESIAN_POINT('',(0.012,-0.0325323879818266,0.0015));
#8568=CARTESIAN_POINT('',(0.00525,-0.0500323879818265,0.002));
#8569=CARTESIAN_POINT('',(0.0165,-0.0695323879818265,0.002));
#8570=CARTESIAN_POINT('',(0.008,-0.0695323879818265,0.002));
#8571=CARTESIAN_POINT('',(0.00584138317886997,-0.0695323879818265,0.002));
#8572=CARTESIAN_POINT('',(0.008,-0.0500323879818265,0.002));
#8573=CARTESIAN_POINT('',(0.008,-0.0278747197295327,0.002));
#8574=CARTESIAN_POINT('',(0.,0.,0.002));
#8575=CARTESIAN_POINT('',(0.00584138317886997,-0.0284056023093617,0.002));
#8576=CARTESIAN_POINT('',(0.00584138317886997,-0.0695323879818265,0.002));
#8577=CARTESIAN_POINT('',(-0.0165,-0.0710323879818265,-5.20417042793042E-18));
#8578=CARTESIAN_POINT('',(0.0325,-0.0710323879818265,-0.005));
#8579=CARTESIAN_POINT('',(0.0325,-0.0710323879818265,0.0045));
#8580=CARTESIAN_POINT('',(0.0325,-0.0710323879818265,-0.0045));
#8581=CARTESIAN_POINT('',(0.031,-0.0710323879818265,-0.0045));
#8582=CARTESIAN_POINT('',(0.031,-0.0710323879818265,-0.0045));
#8583=CARTESIAN_POINT('',(0.031,-0.0710323879818265,-5.20417042793042E-18));
#8584=CARTESIAN_POINT('',(0.031,-0.0710323879818265,0.003));
#8585=CARTESIAN_POINT('',(-0.0165,-0.0710323879818265,0.003));
#8586=CARTESIAN_POINT('',(-0.031,-0.0710323879818265,0.003));
#8587=CARTESIAN_POINT('',(-0.031,-0.0710323879818265,-5.20417042793042E-18));
#8588=CARTESIAN_POINT('',(-0.031,-0.0710323879818265,-0.0045));
#8589=CARTESIAN_POINT('',(-0.0325,-0.0710323879818265,-0.0045));
#8590=CARTESIAN_POINT('',(-0.0325,-0.0710323879818265,-0.0045));
#8591=CARTESIAN_POINT('',(-0.0325,-0.0710323879818265,-5.20417042793042E-18));
#8592=CARTESIAN_POINT('',(-0.0325,-0.0710323879818265,0.0045));
#8593=CARTESIAN_POINT('',(0.033,-0.0710323879818265,0.0045));
#8594=CARTESIAN_POINT('',(0.0105,-0.0515323879818265,0.001));
#8595=CARTESIAN_POINT('',(0.0105,-0.0515323879818265,0.002));
#8596=CARTESIAN_POINT('',(0.0105,-0.0520325378897532,0.002));
#8597=CARTESIAN_POINT('',(0.0105,-0.0695323879818265,0.002));
#8598=CARTESIAN_POINT('',(0.0105,-0.0520325378897532,0.002));
#8599=CARTESIAN_POINT('',(0.0105,-0.051768390035466,0.002));
#8600=CARTESIAN_POINT('',(0.0105,-0.0515323879818265,0.00176415012451319));
#8601=CARTESIAN_POINT('',(0.0105,-0.0515323879818265,0.0015));
#8602=CARTESIAN_POINT('',(0.0105,-0.0695323879818265,0.001));
#8603=CARTESIAN_POINT('',(0.0175052369931667,-0.0515323879818265,0.002));
#8604=CARTESIAN_POINT('',(0.0180594670409932,-0.0689854306521754,0.002));
#8605=CARTESIAN_POINT('',(0.0218954178174342,-0.0689854306521754,0.002));
#8606=CARTESIAN_POINT('',(0.0142235162645523,-0.0689854306521754,0.002));
#8607=CARTESIAN_POINT('',(0.0141983426343859,-0.0687283595104692,0.002));
#8608=CARTESIAN_POINT('',(0.0141731690042194,-0.0684712883687629,0.002));
#8609=CARTESIAN_POINT('',(0.0180342934108267,-0.0675625418246841,0.002));
#8610=CARTESIAN_POINT('',(0.0218954178174342,-0.0666537952806052,0.002));
#8611=CARTESIAN_POINT('',(0.0218954178174342,-0.0678196129663903,0.002));
#8612=CARTESIAN_POINT('',(0.0179339089679467,-0.0656529086948006,0.002));
#8613=CARTESIAN_POINT('',(0.0218954178174342,-0.0635636510043503,0.002));
#8614=CARTESIAN_POINT('',(0.0139724001184591,-0.0677421663852509,0.002));
#8615=CARTESIAN_POINT('',(0.0218954178174342,-0.0648875929466739,0.002));
#8616=CARTESIAN_POINT('',(0.0218954178174342,-0.0662115348889976,0.002));
#8617=CARTESIAN_POINT('',(0.0180109076528146,-0.0672253338494034,0.002));
#8618=CARTESIAN_POINT('',(0.014126397488195,-0.0682391328098091,0.002));
#8619=CARTESIAN_POINT('',(0.014049398803327,-0.06799064959753,0.002));
#8620=CARTESIAN_POINT('',(0.0176490431797224,-0.0640594638337162,0.002));
#8621=CARTESIAN_POINT('',(0.0215038070451773,-0.0607671844692087,0.002));
#8622=CARTESIAN_POINT('',(0.0137942793142675,-0.0673517431982237,0.002));
#8623=CARTESIAN_POINT('',(0.0166584150123574,-0.0627542361617088,0.002));
#8624=CARTESIAN_POINT('',(0.0218954178174342,-0.0627542361617088,0.002));
#8625=CARTESIAN_POINT('',(0.0178786504869721,-0.0651202929398384,0.002));
#8626=CARTESIAN_POINT('',(0.01386188315651,-0.067486349717968,0.002));
#8627=CARTESIAN_POINT('',(0.0138280812353888,-0.0674190464580958,0.002));
#8628=CARTESIAN_POINT('',(0.0166234606797745,-0.0620998142466843,0.002));
#8629=CARTESIAN_POINT('',(0.0199309144078005,-0.0575474947326342,0.002));
#8630=CARTESIAN_POINT('',(0.0133160069517484,-0.0666521337607344,0.002));
#8631=CARTESIAN_POINT('',(0.0143597946458489,-0.0621016243970973,0.002));
#8632=CARTESIAN_POINT('',(0.0212287814707543,-0.059958147688097,0.002));
#8633=CARTESIAN_POINT('',(0.0173720449249519,-0.0634307688717287,0.002));
#8634=CARTESIAN_POINT('',(0.0135153083791495,-0.0669033900553605,0.002));
#8635=CARTESIAN_POINT('',(0.013415657665449,-0.0667777619080474,0.002));
#8636=CARTESIAN_POINT('',(0.0137489220267382,-0.0598178935810776,0.002));
#8637=CARTESIAN_POINT('',(0.0152417806427258,-0.0538303647076103,0.002));
#8638=CARTESIAN_POINT('',(0.0122560634107508,-0.0658054224545449,0.002));
#8639=CARTESIAN_POINT('',(0.0130489858262106,-0.0605914928224668,0.002));
#8640=CARTESIAN_POINT('',(0.0179269943204852,-0.0554217505056171,0.002));
#8641=CARTESIAN_POINT('',(0.015323200278023,-0.0607603194335585,0.002));
#8642=CARTESIAN_POINT('',(0.0127194062355608,-0.0660988883615,0.002));
#8643=CARTESIAN_POINT('',(0.0124877348231558,-0.0659521554080224,0.002));
#8644=CARTESIAN_POINT('',(0.0113925511302642,-0.0654904606157958,0.002));
#8645=CARTESIAN_POINT('',(0.0117267444838222,-0.0655733161247102,0.002));
#8646=CARTESIAN_POINT('',(0.0110583577767059,-0.0654076051068813,0.002));
#8647=CARTESIAN_POINT('',(0.0110583577767059,-0.0592116527094071,0.002));
#8648=CARTESIAN_POINT('',(0.0110583577767059,-0.0530157003119328,0.002));
#8649=CARTESIAN_POINT('',(0.0112869248384108,-0.0627859411328349,0.002));
#8650=CARTESIAN_POINT('',(0.0145010068369157,-0.0535566656733525,0.002));
#8651=CARTESIAN_POINT('',(0.0131138756603691,-0.0595649908990313,0.002));
#8652=CARTESIAN_POINT('',(0.0230933978110552,-0.0627542361617088,0.002));
#8653=CARTESIAN_POINT('',(0.0230933978110552,-0.0695323879818265,0.002));
#8654=CARTESIAN_POINT('',(0.0230933978110552,-0.0627870121106148,0.002));
#8655=CARTESIAN_POINT('',(0.0108094424150477,-0.064420801409562,0.002));
#8656=CARTESIAN_POINT('',(0.0175052369931667,-0.0695323879818265,0.002));
#8657=CARTESIAN_POINT('',(0.,-0.0220161939909133,0.001));
#8658=CARTESIAN_POINT('',(0.01125,-0.0310323879818265,0.001));
#8659=CARTESIAN_POINT('',(0.011,-0.0310323879818265,0.001));
#8660=CARTESIAN_POINT('',(0.012,-0.0310323879818265,0.001));
#8661=CARTESIAN_POINT('',(0.011,-0.0220161939909133,0.001));
#8662=CARTESIAN_POINT('',(0.0135,-0.04217247193407,0.001));
#8663=CARTESIAN_POINT('',(0.0135,-0.0325323879818266,0.001));
#8664=CARTESIAN_POINT('',(0.012,-0.0325323879818266,0.001));
#8665=CARTESIAN_POINT('',(0.0185,-0.0557823879818265,0.));
#8666=CARTESIAN_POINT('',(0.0185,-0.0540446089147777,-0.005002));
#8667=CARTESIAN_POINT('',(0.0185,-0.0540446089147777,-1.7347234759768E-18));
#8668=CARTESIAN_POINT('',(0.0185,-0.0540446089147777,-0.0045));
#8669=CARTESIAN_POINT('',(0.0185,-0.0557823879818265,-0.0045));
#8670=CARTESIAN_POINT('',(0.0185,-0.0385323879818266,-0.0045));
#8671=CARTESIAN_POINT('',(0.0185,-0.0385323879818266,0.));
#8672=CARTESIAN_POINT('',(0.0185,-0.0385323879818266,0.));
#8673=CARTESIAN_POINT('',(0.0185,-0.0557823879818265,0.));
#8674=CARTESIAN_POINT('',(0.0145,-0.0342823879818266,0.));
#8675=CARTESIAN_POINT('',(0.0145,-0.0360323879818265,0.));
#8676=CARTESIAN_POINT('',(0.0145,-0.0360323879818265,0.));
#8677=CARTESIAN_POINT('',(0.0145,-0.0360323879818265,-0.0045));
#8678=CARTESIAN_POINT('',(0.0145,-0.0342823879818266,-0.0045));
#8679=CARTESIAN_POINT('',(0.0145,-0.0325323879818266,-0.0045));
#8680=CARTESIAN_POINT('',(0.0145,-0.0325323879818266,0.));
#8681=CARTESIAN_POINT('',(0.0145,-0.0325323879818266,0.001));
#8682=CARTESIAN_POINT('',(0.0145,-0.0342823879818266,0.001));
#8683=CARTESIAN_POINT('',(0.0145,-0.0519685823757286,0.001));
#8684=CARTESIAN_POINT('',(0.0145,-0.0519685823757286,-0.005002));
#8685=CARTESIAN_POINT('',(0.0145,-0.0519685823757286,0.));
#8686=CARTESIAN_POINT('',(0.0145,-0.0220161939909133,0.));
#8687=CARTESIAN_POINT('',(0.0145,-0.0370323879818266,0.));
#8688=CARTESIAN_POINT('',(0.0145,-0.0370323879818266,0.0005));
#8689=CARTESIAN_POINT('',(0.0145,-0.0370323879818266,0.0005));
#8690=CARTESIAN_POINT('',(0.0145,-0.0220161939909133,0.0005));
#8691=CARTESIAN_POINT('',(0.0145,-0.0365323879818266,0.0005));
#8692=CARTESIAN_POINT('',(0.0145,-0.0365323879818266,0.));
#8693=CARTESIAN_POINT('',(0.,-0.0220161939909133,0.001));
#8694=CARTESIAN_POINT('',(-0.0105,-0.0515323879818265,0.001));
#8695=CARTESIAN_POINT('',(-0.0105,-0.0310323879818265,0.001));
#8696=CARTESIAN_POINT('',(-0.0105,-0.0515323879818265,0.001));
#8697=CARTESIAN_POINT('',(-0.01125,-0.0310323879818265,0.001));
#8698=CARTESIAN_POINT('',(-0.012,-0.0310323879818265,0.001));
#8699=CARTESIAN_POINT('',(-0.012,-0.0325323879818266,0.001));
#8700=CARTESIAN_POINT('',(-0.0135,-0.0325323879818266,0.001));
#8701=CARTESIAN_POINT('',(-0.0135,-0.04217247193407,0.001));
#8702=CARTESIAN_POINT('',(-0.0135,-0.0518125558863134,0.001));
#8703=CARTESIAN_POINT('',(-0.0108094424150477,-0.064420801409562,0.001));
#8704=CARTESIAN_POINT('',(-0.0105,-0.0285323879818265,0.));
#8705=CARTESIAN_POINT('',(-0.0105,-0.0270323879818265,0.));
#8706=CARTESIAN_POINT('',(-0.0105,-0.0270323879818265,0.0005));
#8707=CARTESIAN_POINT('',(-0.0105,-0.0270323879818265,-0.0045));
#8708=CARTESIAN_POINT('',(-0.0105,-0.0300323879818265,-0.0045));
#8709=CARTESIAN_POINT('',(-0.0105,-0.0300323879818265,-0.0045));
#8710=CARTESIAN_POINT('',(-0.0105,-0.0300323879818265,0.));
#8711=CARTESIAN_POINT('',(-0.0105,-0.0300323879818265,0.001));
#8712=CARTESIAN_POINT('',(-0.0105,-0.0270323879818265,0.001));
#8713=CARTESIAN_POINT('',(-0.0105,-0.0270323879818265,0.001));
#8714=CARTESIAN_POINT('',(-0.0105,-0.0270323879818265,0.0015));
#8715=CARTESIAN_POINT('',(-0.0108094424150477,-0.064420801409562,0.002));
#8716=CARTESIAN_POINT('',(-0.0135,-0.0518125558863134,0.0015));
#8717=CARTESIAN_POINT('',(-0.0135,-0.0518125558863134,0.0015));
#8718=CARTESIAN_POINT('',(-0.0108094424150477,-0.064420801409562,0.0015));
#8719=CARTESIAN_POINT('',(-0.0105,-0.0515323879818265,0.0015));
#8720=CARTESIAN_POINT('',(-0.0108094424150477,-0.064420801409562,0.0015));
#8721=CARTESIAN_POINT('',(-0.01,-0.0515541095942901,0.0015));
#8722=CARTESIAN_POINT('',(-0.01,-0.0515541095942901,0.0015));
#8723=CARTESIAN_POINT('',(-0.0102637304751929,-0.0515375183340169,0.0015));
#8724=CARTESIAN_POINT('',(-0.0105,-0.0515323879818265,0.00126426070456382));
#8725=CARTESIAN_POINT('',(-0.0105,-0.0515323879818265,0.001));
#8726=CARTESIAN_POINT('',(-0.0145,-0.0342823879818266,0.));
#8727=CARTESIAN_POINT('',(-0.0145,-0.0325323879818266,0.));
#8728=CARTESIAN_POINT('',(-0.0145,-0.0325323879818266,0.001));
#8729=CARTESIAN_POINT('',(-0.0145,-0.0325323879818266,-0.0045));
#8730=CARTESIAN_POINT('',(-0.0145,-0.0360323879818265,-0.0045));
#8731=CARTESIAN_POINT('',(-0.0145,-0.0360323879818265,-0.0045));
#8732=CARTESIAN_POINT('',(-0.0145,-0.0360323879818265,0.));
#8733=CARTESIAN_POINT('',(-0.0145,-0.0360323879818265,0.));
#8734=CARTESIAN_POINT('',(-0.0145,-0.0365323879818266,0.));
#8735=CARTESIAN_POINT('',(-0.0145,-0.0365323879818266,0.0005));
#8736=CARTESIAN_POINT('',(-0.0145,-0.0220161939909133,0.0005));
#8737=CARTESIAN_POINT('',(-0.0145,-0.0370323879818266,0.0005));
#8738=CARTESIAN_POINT('',(-0.0145,-0.0370323879818266,0.0005));
#8739=CARTESIAN_POINT('',(-0.0145,-0.0370323879818266,0.));
#8740=CARTESIAN_POINT('',(-0.0145,-0.0220161939909133,0.));
#8741=CARTESIAN_POINT('',(-0.0145,-0.0519685823757286,0.));
#8742=CARTESIAN_POINT('',(-0.0145,-0.0519685823757286,-0.005002));
#8743=CARTESIAN_POINT('',(-0.0145,-0.0519685823757286,0.001));
#8744=CARTESIAN_POINT('',(-0.0145,-0.0325323879818266,0.001));
#8745=CARTESIAN_POINT('',(-0.0105,-0.0645671414998326,-0.005002));
#8746=CARTESIAN_POINT('',(-0.0185,-0.0540446089147777,-0.005002));
#8747=CARTESIAN_POINT('',(-0.0185,-0.0540446089147777,-0.0045));
#8748=CARTESIAN_POINT('',(-0.0185,-0.0540446089147777,-1.7347234759768E-18));
#8749=CARTESIAN_POINT('',(-0.0105,-0.0645671414998326,-0.0045));
#8750=CARTESIAN_POINT('',(-0.0235933978110552,-0.0627542361617088,-0.0045));
#8751=CARTESIAN_POINT('',(-0.0235933978110552,-0.0627542361617088,-0.005002));
#8752=CARTESIAN_POINT('',(-0.0105,-0.0645671414998326,0.001));
#8753=CARTESIAN_POINT('',(-0.0105,-0.0645671414998326,0.0015));
#8754=CARTESIAN_POINT('',(-0.014,-0.051820624642136,0.0015));
#8755=CARTESIAN_POINT('',(-0.014,-0.051820624642136,0.0015));
#8756=CARTESIAN_POINT('',(-0.0142600497599871,-0.0518920303579183,0.0015));
#8757=CARTESIAN_POINT('',(-0.0145,-0.0519685823757286,0.00127000047684251));
#8758=CARTESIAN_POINT('',(-0.0145,-0.0519685823757286,0.00100000000000001));
#8759=CARTESIAN_POINT('',(-0.0105,-0.0645671414998326,0.));
#8760=CARTESIAN_POINT('',(-0.0175,-0.053354483830772,0.));
#8761=CARTESIAN_POINT('',(-0.0175,-0.053354483830772,0.0005));
#8762=CARTESIAN_POINT('',(-0.0175,-0.053354483830772,0.0005));
#8763=CARTESIAN_POINT('',(-0.0105,-0.0645671414998326,0.0005));
#8764=CARTESIAN_POINT('',(-0.018,-0.0536825794046658,0.0005));
#8765=CARTESIAN_POINT('',(-0.018,-0.0536825794046658,0.0005));
#8766=CARTESIAN_POINT('',(-0.0181215765330253,-0.0537663516308443,0.0005));
#8767=CARTESIAN_POINT('',(-0.018359192042556,-0.0539368679832108,0.000418036674074435));
#8768=CARTESIAN_POINT('',(-0.0185,-0.0540446089147777,0.0001486843902856));
#8769=CARTESIAN_POINT('',(-0.0185,-0.0540446089147777,-8.96273445231236E-19));
#8770=CARTESIAN_POINT('',(-0.00525,-0.0500323879818265,0.0015));
#8771=CARTESIAN_POINT('',(-0.01,-0.0515323879818265,0.0015));
#8772=CARTESIAN_POINT('',(-0.01,-0.0310323879818265,0.0015));
#8773=CARTESIAN_POINT('',(-0.0105,-0.0285323879818265,0.0015));
#8774=CARTESIAN_POINT('',(-0.0085,-0.0503793646239251,0.0015));
#8775=CARTESIAN_POINT('',(-0.0085,-0.0277263412660236,0.0015));
#8776=CARTESIAN_POINT('',(0.,0.,0.0015));
#8777=CARTESIAN_POINT('',(-0.01,-0.0272213151776324,0.0015));
#8778=CARTESIAN_POINT('',(-0.01,-0.0300323879818265,0.0015));
#8779=CARTESIAN_POINT('',(-0.01,-0.0305323879818265,0.0015));
#8780=CARTESIAN_POINT('',(-0.00525,-0.0305323879818265,0.0015));
#8781=CARTESIAN_POINT('',(-0.012,-0.0305323879818265,0.0015));
#8782=CARTESIAN_POINT('',(-0.012,-0.0325323879818266,0.0015));
#8783=CARTESIAN_POINT('',(-0.014,-0.0325323879818266,0.0015));
#8784=CARTESIAN_POINT('',(-0.014,-0.0519685823757286,0.0015));
#8785=CARTESIAN_POINT('',(-0.0108094424150477,-0.064420801409562,0.0015));
#8786=CARTESIAN_POINT('',(-0.0135,-0.04217247193407,0.0015));
#8787=CARTESIAN_POINT('',(-0.0135,-0.0325323879818266,0.0015));
#8788=CARTESIAN_POINT('',(-0.012,-0.0325323879818266,0.0015));
#8789=CARTESIAN_POINT('',(-0.012,-0.0310323879818265,0.0015));
#8790=CARTESIAN_POINT('',(-0.01125,-0.0310323879818265,0.0015));
#8791=CARTESIAN_POINT('',(-0.00525,-0.0500323879818265,0.002));
#8792=CARTESIAN_POINT('',(0.,0.,0.002));
#8793=CARTESIAN_POINT('',(-0.00534138317886991,-0.0285038528226709,0.002));
#8794=CARTESIAN_POINT('',(-0.008,-0.0278747197295327,0.002));
#8795=CARTESIAN_POINT('',(-0.008,-0.0695323879818265,0.002));
#8796=CARTESIAN_POINT('',(-0.00534138317886997,-0.0507681204022487,0.002));
#8797=CARTESIAN_POINT('',(-0.0105,-0.0515323879818265,0.001));
#8798=CARTESIAN_POINT('',(-0.0105,-0.0515323879818265,0.0015));
#8799=CARTESIAN_POINT('',(-0.0105,-0.0515323879818265,0.00176414874920238));
#8800=CARTESIAN_POINT('',(-0.0105,-0.0517683913788518,0.002));
#8801=CARTESIAN_POINT('',(-0.0105,-0.0520325378897532,0.002));
#8802=CARTESIAN_POINT('',(-0.0105,-0.0520325378897532,0.002));
#8803=CARTESIAN_POINT('',(-0.0105,-0.0515323879818265,0.002));
#8804=CARTESIAN_POINT('',(-0.0235933978110552,-0.0663344822824001,-0.005002));
#8805=CARTESIAN_POINT('',(-0.0235933978110552,-0.0663344822824001,-0.0045));
#8806=CARTESIAN_POINT('',(-0.0235933978110552,-0.0680323879818265,-0.0045));
#8807=CARTESIAN_POINT('',(-0.0235933978110552,-0.0680323879818265,-0.005002));
#8808=CARTESIAN_POINT('',(-0.0235933978110552,-0.0680323879818265,0.000499999999999991));
#8809=CARTESIAN_POINT('',(-0.0235933978110552,-0.0685323879818265,0.000499999999999991));
#8810=CARTESIAN_POINT('',(-0.0235933978110552,-0.0685323879818265,0.001));
#8811=CARTESIAN_POINT('',(-0.0235933978110552,-0.0663344822824001,0.001));
#8812=CARTESIAN_POINT('',(-0.0235933978110552,-0.0663344822824001,0.0015));
#8813=CARTESIAN_POINT('',(-0.0175052369931667,-0.0515323879818265,0.002));
#8814=CARTESIAN_POINT('',(-0.0180594670409932,-0.0689854306521754,0.002));
#8815=CARTESIAN_POINT('',(-0.0218954178174342,-0.0689854306521754,0.002));
#8816=CARTESIAN_POINT('',(-0.0142235162645523,-0.0689854306521754,0.002));
#8817=CARTESIAN_POINT('',(-0.0218954178174342,-0.0678196129663903,0.002));
#8818=CARTESIAN_POINT('',(-0.0218954178174342,-0.0666537952806052,0.002));
#8819=CARTESIAN_POINT('',(-0.0180342934108267,-0.0675625418246841,0.002));
#8820=CARTESIAN_POINT('',(-0.0141731690042194,-0.0684712883687629,0.002));
#8821=CARTESIAN_POINT('',(-0.0141983426343859,-0.0687283595104692,0.002));
#8822=CARTESIAN_POINT('',(-0.0179339089679467,-0.0656529086948006,0.002));
#8823=CARTESIAN_POINT('',(-0.0218954178174342,-0.0635636510043503,0.002));
#8824=CARTESIAN_POINT('',(-0.0139724001184591,-0.0677421663852509,0.002));
#8825=CARTESIAN_POINT('',(-0.014049398803327,-0.06799064959753,0.002));
#8826=CARTESIAN_POINT('',(-0.014126397488195,-0.0682391328098091,0.002));
#8827=CARTESIAN_POINT('',(-0.0180109076528146,-0.0672253338494034,0.002));
#8828=CARTESIAN_POINT('',(-0.0218954178174342,-0.0662115348889976,0.002));
#8829=CARTESIAN_POINT('',(-0.0218954178174342,-0.0648875929466739,0.002));
#8830=CARTESIAN_POINT('',(-0.0176490431797224,-0.0640594638337162,0.002));
#8831=CARTESIAN_POINT('',(-0.0215038070451773,-0.0607671844692087,0.002));
#8832=CARTESIAN_POINT('',(-0.0137942793142675,-0.0673517431982237,0.002));
#8833=CARTESIAN_POINT('',(-0.0138280812353888,-0.0674190464580958,0.002));
#8834=CARTESIAN_POINT('',(-0.01386188315651,-0.067486349717968,0.002));
#8835=CARTESIAN_POINT('',(-0.0178786504869721,-0.0651202929398384,0.002));
#8836=CARTESIAN_POINT('',(-0.0218954178174342,-0.0627542361617088,0.002));
#8837=CARTESIAN_POINT('',(-0.0166584150123574,-0.0627542361617088,0.002));
#8838=CARTESIAN_POINT('',(-0.0166234606797745,-0.0620998142466843,0.002));
#8839=CARTESIAN_POINT('',(-0.0199309144078005,-0.0575474947326342,0.002));
#8840=CARTESIAN_POINT('',(-0.0133160069517484,-0.0666521337607344,0.002));
#8841=CARTESIAN_POINT('',(-0.013415657665449,-0.0667777619080474,0.002));
#8842=CARTESIAN_POINT('',(-0.0135153083791495,-0.0669033900553605,0.002));
#8843=CARTESIAN_POINT('',(-0.0173720449249519,-0.0634307688717287,0.002));
#8844=CARTESIAN_POINT('',(-0.0212287814707543,-0.059958147688097,0.002));
#8845=CARTESIAN_POINT('',(-0.0143597946458489,-0.0621016243970973,0.002));
#8846=CARTESIAN_POINT('',(-0.0137489220267382,-0.0598178935810776,0.002));
#8847=CARTESIAN_POINT('',(-0.0152417806427258,-0.0538303647076103,0.002));
#8848=CARTESIAN_POINT('',(-0.0122560634107508,-0.0658054224545449,0.002));
#8849=CARTESIAN_POINT('',(-0.0124877348231558,-0.0659521554080224,0.002));
#8850=CARTESIAN_POINT('',(-0.0127194062355608,-0.0660988883615,0.002));
#8851=CARTESIAN_POINT('',(-0.015323200278023,-0.0607603194335585,0.002));
#8852=CARTESIAN_POINT('',(-0.0179269943204852,-0.0554217505056171,0.002));
#8853=CARTESIAN_POINT('',(-0.0130489858262106,-0.0605914928224668,0.002));
#8854=CARTESIAN_POINT('',(-0.0113925511302642,-0.0654904606157958,0.002));
#8855=CARTESIAN_POINT('',(-0.0117267444838222,-0.0655733161247102,0.002));
#8856=CARTESIAN_POINT('',(-0.0110583577767059,-0.0654076051068813,0.002));
#8857=CARTESIAN_POINT('',(-0.0131138756603691,-0.0595649908990313,0.002));
#8858=CARTESIAN_POINT('',(-0.0145010068369157,-0.0535566656733525,0.002));
#8859=CARTESIAN_POINT('',(-0.0112869248384108,-0.0627859411328349,0.002));
#8860=CARTESIAN_POINT('',(-0.0110583577767059,-0.0530157003119328,0.002));
#8861=CARTESIAN_POINT('',(-0.0110583577767059,-0.0592116527094071,0.002));
#8862=CARTESIAN_POINT('',(-0.0108094424150477,-0.064420801409562,0.002));
#8863=CARTESIAN_POINT('',(-0.0230933978110552,-0.0627870121106148,0.002));
#8864=CARTESIAN_POINT('',(-0.0230933978110552,-0.0515323879818265,0.002));
#8865=CARTESIAN_POINT('',(0.,0.,-0.0170882614711289));
#8866=CARTESIAN_POINT('',(0.,0.,-0.0045));
#8867=CARTESIAN_POINT('',(0.,0.,0.0005));
#8868=CARTESIAN_POINT('',(0.,-0.0220161939909133,0.));
#8869=CARTESIAN_POINT('',(-0.01525,-0.0370323879818266,0.));
#8870=CARTESIAN_POINT('',(-0.016,-0.0370323879818266,0.));
#8871=CARTESIAN_POINT('',(-0.016,-0.0385323879818266,0.));
#8872=CARTESIAN_POINT('',(-0.0175,-0.0385323879818266,0.));
#8873=CARTESIAN_POINT('',(-0.0175,-0.0459434359062993,0.));
#8874=CARTESIAN_POINT('',(0.,0.,-0.0170882614711289));
#8875=CARTESIAN_POINT('',(0.,0.,0.0045));
#8876=CARTESIAN_POINT('',(0.0066229577403209,0.0220258128288135,0.0045));
#8877=CARTESIAN_POINT('',(0.0220258128288135,0.0066229577403209,0.0045));
#8878=CARTESIAN_POINT('',(0.0220258128288135,0.0066229577403209,0.0025));
#8879=CARTESIAN_POINT('',(0.0220258128288135,0.00662295774032089,0.004));
#8880=CARTESIAN_POINT('',(0.,0.,0.004));
#8881=CARTESIAN_POINT('',(0.0066229577403209,0.0220258128288135,0.004));
#8882=CARTESIAN_POINT('',(0.0066229577403209,0.0220258128288135,0.0025));
#8883=CARTESIAN_POINT('',(0.,0.,-0.0170882614711289));
#8884=CARTESIAN_POINT('',(0.,0.,0.0045));
#8885=CARTESIAN_POINT('',(-0.0066229577403209,-0.0220258128288135,0.0045));
#8886=CARTESIAN_POINT('',(-0.0220258128288135,-0.0066229577403209,0.0045));
#8887=CARTESIAN_POINT('',(-0.0220258128288135,-0.0066229577403209,0.0025));
#8888=CARTESIAN_POINT('',(-0.0220258128288135,-0.0066229577403209,0.004));
#8889=CARTESIAN_POINT('',(0.,0.,0.004));
#8890=CARTESIAN_POINT('',(-0.00662295774032082,-0.0220258128288135,0.004));
#8891=CARTESIAN_POINT('',(-0.00662295774032089,-0.0220258128288135,0.0025));
#8892=CARTESIAN_POINT('',(0.,0.,-0.0170882614711289));
#8893=CARTESIAN_POINT('',(0.,0.,0.004));
#8894=CARTESIAN_POINT('',(0.0066229577403209,-0.0220258128288135,0.004));
#8895=CARTESIAN_POINT('',(0.0220258128288135,-0.00662295774032082,0.004));
#8896=CARTESIAN_POINT('',(0.0220258128288135,-0.0066229577403209,0.0025));
#8897=CARTESIAN_POINT('',(0.0220258128288135,-0.0066229577403209,0.0045));
#8898=CARTESIAN_POINT('',(0.,0.,0.0045));
#8899=CARTESIAN_POINT('',(0.0066229577403209,-0.0220258128288135,0.0045));
#8900=CARTESIAN_POINT('',(0.0066229577403209,-0.0220258128288135,0.0025));
#8901=CARTESIAN_POINT('',(-0.02375,0.,0.004));
#8902=CARTESIAN_POINT('',(0.0208134928339591,3.7269970995428E-17,0.004));
#8903=CARTESIAN_POINT('',(0.0231548880968366,0.00631277729869945,0.004));
#8904=CARTESIAN_POINT('',(0.,0.,0.004));
#8905=CARTESIAN_POINT('',(0.00631277729869946,0.0231548880968366,0.004));
#8906=CARTESIAN_POINT('',(3.59955121265187E-17,0.0208134928339591,0.004));
#8907=CARTESIAN_POINT('',(-0.02375,0.,0.004));
#8908=CARTESIAN_POINT('',(0.,0.,0.004));
#8909=CARTESIAN_POINT('',(-0.00631277729869945,0.0231548880968366,0.004));
#8910=CARTESIAN_POINT('',(-0.0231548880968366,0.00631277729869937,0.004));
#8911=CARTESIAN_POINT('',(-0.0208134928339591,3.21721355197911E-17,0.004));
#8912=CARTESIAN_POINT('',(-0.0220258128288135,0.00662295774032081,0.004));
#8913=CARTESIAN_POINT('',(0.,0.,0.004));
#8914=CARTESIAN_POINT('',(-0.00662295774032089,0.0220258128288135,0.004));
#8915=CARTESIAN_POINT('',(-3.59955121265187E-17,0.0208134928339591,0.004));
#8916=CARTESIAN_POINT('',(-0.02375,0.,0.004));
#8917=CARTESIAN_POINT('',(0.,0.,0.004));
#8918=CARTESIAN_POINT('',(0.00631277729869945,-0.0231548880968366,0.004));
#8919=CARTESIAN_POINT('',(0.0231548880968366,-0.00631277729869937,0.004));
#8920=CARTESIAN_POINT('',(0.0208134928339591,-3.47210532576095E-17,0.004));
#8921=CARTESIAN_POINT('',(3.85444298643372E-17,-0.0208134928339591,0.004));
#8922=CARTESIAN_POINT('',(0.,0.,-0.0170882614711289));
#8923=CARTESIAN_POINT('',(0.,0.,0.0035));
#8924=CARTESIAN_POINT('',(0.00606496538105552,0.0237374428893805,0.0035));
#8925=CARTESIAN_POINT('',(0.0237374428893805,0.00606496538105552,0.0035));
#8926=CARTESIAN_POINT('',(0.0237374428893805,0.00606496538105552,0.0025));
#8927=CARTESIAN_POINT('',(0.0237374428893805,0.00606496538105552,0.003));
#8928=CARTESIAN_POINT('',(0.,0.,0.003));
#8929=CARTESIAN_POINT('',(0.00606496538105552,0.0237374428893805,0.003));
#8930=CARTESIAN_POINT('',(0.00606496538105552,0.0237374428893805,0.0025));
#8931=CARTESIAN_POINT('',(0.,0.,-0.0170882614711289));
#8932=CARTESIAN_POINT('',(0.,0.,0.0035));
#8933=CARTESIAN_POINT('',(-0.00606496538105543,-0.0237374428893805,0.0035));
#8934=CARTESIAN_POINT('',(-0.0237374428893805,-0.00606496538105552,0.0035));
#8935=CARTESIAN_POINT('',(-0.0237374428893805,-0.00606496538105552,0.0025));
#8936=CARTESIAN_POINT('',(-0.0237374428893805,-0.00606496538105553,0.003));
#8937=CARTESIAN_POINT('',(0.,0.,0.003));
#8938=CARTESIAN_POINT('',(-0.00606496538105544,-0.0237374428893805,0.003));
#8939=CARTESIAN_POINT('',(-0.00606496538105552,-0.0237374428893805,0.0025));
#8940=CARTESIAN_POINT('',(0.,0.,-0.0170882614711289));
#8941=CARTESIAN_POINT('',(0.,0.,0.003));
#8942=CARTESIAN_POINT('',(0.00606496538105553,-0.0237374428893805,0.003));
#8943=CARTESIAN_POINT('',(0.0237374428893805,-0.00606496538105544,0.003));
#8944=CARTESIAN_POINT('',(0.0237374428893805,-0.00606496538105552,0.0025));
#8945=CARTESIAN_POINT('',(0.0237374428893805,-0.00606496538105544,0.0035));
#8946=CARTESIAN_POINT('',(0.,0.,0.0035));
#8947=CARTESIAN_POINT('',(0.00606496538105552,-0.0237374428893805,0.0035));
#8948=CARTESIAN_POINT('',(0.00606496538105552,-0.0237374428893805,0.0025));
#8949=CARTESIAN_POINT('',(-0.02525,0.,0.003));
#8950=CARTESIAN_POINT('',(0.0208134928339591,3.7269970995428E-17,0.003));
#8951=CARTESIAN_POINT('',(0.0249385867915327,0.00532136155896121,0.003));
#8952=CARTESIAN_POINT('',(0.,0.,0.003));
#8953=CARTESIAN_POINT('',(0.00532136155896121,0.0249385867915327,0.003));
#8954=CARTESIAN_POINT('',(3.59955121265187E-17,0.0208134928339591,0.003));
#8955=CARTESIAN_POINT('',(-0.02525,0.,0.003));
#8956=CARTESIAN_POINT('',(0.,0.,0.003));
#8957=CARTESIAN_POINT('',(-0.00532136155896121,0.0249385867915327,0.003));
#8958=CARTESIAN_POINT('',(-0.0249385867915328,0.00532136155896112,0.003));
#8959=CARTESIAN_POINT('',(-0.0208134928339591,3.21721355197911E-17,0.003));
#8960=CARTESIAN_POINT('',(-0.0237374428893805,0.00606496538105544,0.003));
#8961=CARTESIAN_POINT('',(0.,0.,0.003));
#8962=CARTESIAN_POINT('',(-0.00606496538105552,0.0237374428893805,0.003));
#8963=CARTESIAN_POINT('',(-3.59955121265187E-17,0.0208134928339591,0.003));
#8964=CARTESIAN_POINT('',(-0.02525,0.,0.003));
#8965=CARTESIAN_POINT('',(0.,0.,0.003));
#8966=CARTESIAN_POINT('',(0.00532136155896122,-0.0249385867915327,0.003));
#8967=CARTESIAN_POINT('',(0.0249385867915328,-0.00532136155896112,0.003));
#8968=CARTESIAN_POINT('',(0.0208134928339591,-3.47210532576095E-17,0.003));
#8969=CARTESIAN_POINT('',(3.85444298643372E-17,-0.0208134928339591,0.003));
#8970=CARTESIAN_POINT('',(0.,0.,-0.0170882614711289));
#8971=CARTESIAN_POINT('',(-0.0255571759011411,0.00477815445105439,0.0025));
#8972=CARTESIAN_POINT('',(-0.0255571758958195,0.00477815447951861,0.0025));
#8973=CARTESIAN_POINT('',(-0.0255571759011411,0.00477815445105431,0.002));
#8974=CARTESIAN_POINT('',(0.,0.,0.0025));
#8975=CARTESIAN_POINT('',(-0.0047781544510544,0.0255571759011411,0.0025));
#8976=CARTESIAN_POINT('',(-0.0047781544510544,0.0255571759011411,0.0025));
#8977=CARTESIAN_POINT('',(-0.0047781544510544,0.0255571759011411,0.002));
#8978=CARTESIAN_POINT('',(0.,0.,0.002));
#8979=CARTESIAN_POINT('',(0.,0.,-0.0170882614711289));
#8980=CARTESIAN_POINT('',(0.,0.,0.0025));
#8981=CARTESIAN_POINT('',(-0.00477815447951862,-0.0255571758958195,0.0025));
#8982=CARTESIAN_POINT('',(-0.0255571758958167,-0.00477815447953346,0.0025));
#8983=CARTESIAN_POINT('',(-0.0255571759011411,-0.0047781544510544,0.0025));
#8984=CARTESIAN_POINT('',(-0.0255571759011411,-0.0047781544510544,0.002));
#8985=CARTESIAN_POINT('',(0.,0.,0.002));
#8986=CARTESIAN_POINT('',(-0.00477815445105431,-0.0255571759011411,0.002));
#8987=CARTESIAN_POINT('',(-0.00477815445105439,-0.0255571759011411,0.0025));
#8988=CARTESIAN_POINT('',(0.,0.,-0.0170882614711289));
#8989=CARTESIAN_POINT('',(0.,0.,0.0025));
#8990=CARTESIAN_POINT('',(0.0255571758958195,-0.00477815447951862,0.0025));
#8991=CARTESIAN_POINT('',(0.00477815447953352,-0.0255571758958167,0.0025));
#8992=CARTESIAN_POINT('',(0.0047781544510544,-0.0255571759011411,0.0025));
#8993=CARTESIAN_POINT('',(0.0047781544510544,-0.0255571759011411,0.002));
#8994=CARTESIAN_POINT('',(0.,0.,0.002));
#8995=CARTESIAN_POINT('',(0.0255571759011411,-0.00477815445105431,0.002));
#8996=CARTESIAN_POINT('',(0.0255571759011411,-0.0047781544510544,0.0025));
#8997=CARTESIAN_POINT('',(-0.02675,0.,0.002));
#8998=CARTESIAN_POINT('',(0.,0.,0.002));
#8999=CARTESIAN_POINT('',(0.0255571759011411,0.0047781544510544,0.002));
#9000=CARTESIAN_POINT('',(0.0047781544510544,0.0255571759011411,0.002));
#9001=CARTESIAN_POINT('',(0.0208134928339591,3.7269970995428E-17,0.002));
#9002=CARTESIAN_POINT('',(0.0268303884374225,0.0030216313966172,0.002));
#9003=CARTESIAN_POINT('',(0.,0.,0.002));
#9004=CARTESIAN_POINT('',(0.00302163139661721,0.0268303884374225,0.002));
#9005=CARTESIAN_POINT('',(3.59955121265187E-17,0.0208134928339591,0.002));
#9006=CARTESIAN_POINT('',(-0.02675,0.,0.002));
#9007=CARTESIAN_POINT('',(0.,0.,0.002));
#9008=CARTESIAN_POINT('',(-0.00302163139661685,0.0268303884374226,0.002));
#9009=CARTESIAN_POINT('',(-0.0268303884374225,0.0030216313966171,0.002));
#9010=CARTESIAN_POINT('',(-0.0208134928339591,3.21721355197911E-17,0.002));
#9011=CARTESIAN_POINT('',(-3.59955121265187E-17,0.0208134928339591,0.002));
#9012=CARTESIAN_POINT('',(-0.02675,0.,0.002));
#9013=CARTESIAN_POINT('',(0.,0.,0.002));
#9014=CARTESIAN_POINT('',(0.0030216313966172,-0.0268303884374225,0.002));
#9015=CARTESIAN_POINT('',(0.0268303884374225,-0.0030216313966171,0.002));
#9016=CARTESIAN_POINT('',(0.0208134928339591,-3.47210532576095E-17,0.002));
#9017=CARTESIAN_POINT('',(3.85444298643372E-17,-0.0208134928339591,0.002));
#9018=CARTESIAN_POINT('',(0.,0.,-0.0170882614711289));
#9019=CARTESIAN_POINT('',(-0.0274850118640955,0.000907812111908516,0.0025));
#9020=CARTESIAN_POINT('',(-0.0274850118576597,0.000907812306761537,0.0015));
#9021=CARTESIAN_POINT('',(-0.0274850118640955,0.000907812111908421,0.001));
#9022=CARTESIAN_POINT('',(0.,0.,0.0015));
#9023=CARTESIAN_POINT('',(-0.000907812111908567,0.0274850118640955,0.0015));
#9024=CARTESIAN_POINT('',(-0.000907812111908521,0.0274850118640955,0.0025));
#9025=CARTESIAN_POINT('',(-0.000907812111908521,0.0274850118640955,0.001));
#9026=CARTESIAN_POINT('',(0.,0.,0.001));
#9027=CARTESIAN_POINT('',(0.,0.,-0.0170882614711289));
#9028=CARTESIAN_POINT('',(0.,0.,0.0015));
#9029=CARTESIAN_POINT('',(-0.000907812306761539,-0.0274850118576597,0.0015));
#9030=CARTESIAN_POINT('',(-0.0274850118576595,-0.000907812306767508,0.0015));
#9031=CARTESIAN_POINT('',(-0.0274850118640955,-0.000907812111908526,0.0025));
#9032=CARTESIAN_POINT('',(-0.0274850118640955,-0.000907812111908526,0.001));
#9033=CARTESIAN_POINT('',(0.,0.,0.001));
#9034=CARTESIAN_POINT('',(-0.000907812111908422,-0.0274850118640955,0.001));
#9035=CARTESIAN_POINT('',(-0.000907812111908517,-0.0274850118640955,0.0025));
#9036=CARTESIAN_POINT('',(0.,0.,-0.0170882614711289));
#9037=CARTESIAN_POINT('',(0.,0.,0.0015));
#9038=CARTESIAN_POINT('',(0.0274850118576597,-0.000907812306761545,0.0015));
#9039=CARTESIAN_POINT('',(0.00090781230676751,-0.0274850118576595,0.0015));
#9040=CARTESIAN_POINT('',(0.000907812111908524,-0.0274850118640955,0.0025));
#9041=CARTESIAN_POINT('',(0.000907812111908524,-0.0274850118640955,0.001));
#9042=CARTESIAN_POINT('',(0.,0.,0.001));
#9043=CARTESIAN_POINT('',(0.0274850118640955,-0.000907812111908424,0.001));
#9044=CARTESIAN_POINT('',(0.0274850118640955,-0.000907812111908519,0.0025));
#9045=CARTESIAN_POINT('',(0.,0.,0.0015));
#9046=CARTESIAN_POINT('',(-0.0274850118640955,0.000907812111908742,0.00150000003773201));
#9047=CARTESIAN_POINT('',(-0.0274850118591183,0.000907812148486694,0.0015499187050642));
#9048=CARTESIAN_POINT('',(-0.0274710739262657,0.00100861169655915,0.0016068909932417));
#9049=CARTESIAN_POINT('',(-0.027443952536485,0.00117583174418432,0.00168036471670263));
#9050=CARTESIAN_POINT('',(-0.0273994398396924,0.00140935393402014,0.00175117599474455));
#9051=CARTESIAN_POINT('',(-0.0273351633919214,0.0016813878144323,0.00182104227371282));
#9052=CARTESIAN_POINT('',(-0.0272328957007518,0.00204657826375449,0.00190017717969818));
#9053=CARTESIAN_POINT('',(-0.0270741810608777,0.00249947144952586,0.00197429167629301));
#9054=CARTESIAN_POINT('',(-0.0269169799616989,0.0028492039581484,0.00199999999999999));
#9055=CARTESIAN_POINT('',(-0.0268303884374226,0.00302163139661712,0.002));
#9056=CARTESIAN_POINT('',(-0.000907812111908748,0.0274850118640955,0.00149999999999996));
#9057=CARTESIAN_POINT('',(-0.000907812111908714,0.0274850118640955,0.00154991867530042));
#9058=CARTESIAN_POINT('',(-0.00100861166956673,0.0274710739303982,0.00160689098110512));
#9059=CARTESIAN_POINT('',(-0.00117583171261146,0.0274439525420254,0.00168036470531118));
#9060=CARTESIAN_POINT('',(-0.00140935390889743,0.0273994398451861,0.00175117598814432));
#9061=CARTESIAN_POINT('',(-0.00168138779268996,0.0273351633975634,0.00182104226856674));
#9062=CARTESIAN_POINT('',(-0.00204657824809968,0.0272328957059142,0.00190017717693841));
#9063=CARTESIAN_POINT('',(-0.00249947144117706,0.0270741810644789,0.00197429167547746));
#9064=CARTESIAN_POINT('',(-0.00284920395543292,0.0269169799630626,0.00199999999999998));
#9065=CARTESIAN_POINT('',(-0.0030216313966169,0.0268303884374227,0.002));
#9066=CARTESIAN_POINT('',(0.,0.,0.0015));
#9067=CARTESIAN_POINT('',(-0.0274850118640955,-0.000907812111908755,0.00150000003773316));
#9068=CARTESIAN_POINT('',(-0.0274850118591181,-0.000907812148487825,0.00154991870506511));
#9069=CARTESIAN_POINT('',(-0.0274710739262656,-0.00100861169655999,0.00160689099324208));
#9070=CARTESIAN_POINT('',(-0.0274439525364848,-0.00117583174418531,0.00168036471670297));
#9071=CARTESIAN_POINT('',(-0.0273994398396922,-0.00140935393402093,0.00175117599474476));
#9072=CARTESIAN_POINT('',(-0.0273351633919212,-0.00168138781443301,0.00182104227371298));
#9073=CARTESIAN_POINT('',(-0.0272328957007516,-0.00204657826375502,0.00190017717969827));
#9074=CARTESIAN_POINT('',(-0.0270741810608776,-0.00249947144952619,0.00197429167629304));
#9075=CARTESIAN_POINT('',(-0.0269169799616988,-0.00284920395814856,0.002));
#9076=CARTESIAN_POINT('',(-0.0268303884374226,-0.00302163139661721,0.002));
#9077=CARTESIAN_POINT('',(-0.0268303884374225,-0.00302163139661721,0.002));
#9078=CARTESIAN_POINT('',(-0.000907812111908743,-0.0274850118640955,0.00150000003773201));
#9079=CARTESIAN_POINT('',(-0.000907812148486695,-0.0274850118591183,0.0015499187050642));
#9080=CARTESIAN_POINT('',(-0.00100861169655915,-0.0274710739262657,0.0016068909932417));
#9081=CARTESIAN_POINT('',(-0.00117583174418432,-0.027443952536485,0.00168036471670263));
#9082=CARTESIAN_POINT('',(-0.00140935393402014,-0.0273994398396924,0.00175117599474455));
#9083=CARTESIAN_POINT('',(-0.00168138781443231,-0.0273351633919214,0.00182104227371282));
#9084=CARTESIAN_POINT('',(-0.00204657826375449,-0.0272328957007518,0.00190017717969818));
#9085=CARTESIAN_POINT('',(-0.00249947144952586,-0.0270741810608777,0.00197429167629301));
#9086=CARTESIAN_POINT('',(-0.0028492039581484,-0.0269169799616989,0.00199999999999999));
#9087=CARTESIAN_POINT('',(-0.00302163139661712,-0.0268303884374226,0.002));
#9088=CARTESIAN_POINT('',(-0.0030216313966171,-0.0268303884374225,0.002));
#9089=CARTESIAN_POINT('',(0.,0.,0.002));
#9090=CARTESIAN_POINT('',(0.,0.,0.0015));
#9091=CARTESIAN_POINT('',(0.000907812111908753,-0.0274850118640955,0.00150000003773316));
#9092=CARTESIAN_POINT('',(0.000907812148487824,-0.0274850118591181,0.00154991870506511));
#9093=CARTESIAN_POINT('',(0.00100861169655999,-0.0274710739262656,0.00160689099324207));
#9094=CARTESIAN_POINT('',(0.00117583174418531,-0.0274439525364848,0.00168036471670297));
#9095=CARTESIAN_POINT('',(0.00140935393402093,-0.0273994398396922,0.00175117599474476));
#9096=CARTESIAN_POINT('',(0.00168138781443301,-0.0273351633919212,0.00182104227371298));
#9097=CARTESIAN_POINT('',(0.00204657826375502,-0.0272328957007516,0.00190017717969827));
#9098=CARTESIAN_POINT('',(0.00249947144952619,-0.0270741810608776,0.00197429167629304));
#9099=CARTESIAN_POINT('',(0.00284920395814856,-0.0269169799616988,0.002));
#9100=CARTESIAN_POINT('',(0.00302163139661721,-0.0268303884374226,0.002));
#9101=CARTESIAN_POINT('',(0.0274850118640955,-0.000907812111908745,0.00150000003773201));
#9102=CARTESIAN_POINT('',(0.0274850118591183,-0.000907812148486698,0.0015499187050642));
#9103=CARTESIAN_POINT('',(0.0274710739262657,-0.00100861169655915,0.0016068909932417));
#9104=CARTESIAN_POINT('',(0.027443952536485,-0.00117583174418432,0.00168036471670263));
#9105=CARTESIAN_POINT('',(0.0273994398396924,-0.00140935393402014,0.00175117599474455));
#9106=CARTESIAN_POINT('',(0.0273351633919214,-0.00168138781443231,0.00182104227371282));
#9107=CARTESIAN_POINT('',(0.0272328957007518,-0.00204657826375449,0.00190017717969818));
#9108=CARTESIAN_POINT('',(0.0270741810608777,-0.00249947144952586,0.00197429167629301));
#9109=CARTESIAN_POINT('',(0.0269169799616989,-0.0028492039581484,0.00199999999999999));
#9110=CARTESIAN_POINT('',(0.0268303884374226,-0.00302163139661713,0.002));
#9111=CARTESIAN_POINT('',(0.,0.,0.0025));
#9112=CARTESIAN_POINT('',(-0.0255571759011411,0.00477815445105444,0.0025000000049517));
#9113=CARTESIAN_POINT('',(-0.0255571758989369,0.00477815445324275,0.00267817298461651));
#9114=CARTESIAN_POINT('',(-0.0253379488220097,0.00499524812802793,0.00293663866208081));
#9115=CARTESIAN_POINT('',(-0.0250771749590745,0.00521392867619553,0.00299999999999998));
#9116=CARTESIAN_POINT('',(-0.0249385867915328,0.00532136155896117,0.003));
#9117=CARTESIAN_POINT('',(-0.00477815445105444,0.0255571759011411,0.00249999999999999));
#9118=CARTESIAN_POINT('',(-0.00477815445105444,0.0255571759011411,0.0026781729811363));
#9119=CARTESIAN_POINT('',(-0.00499524812644939,0.0253379488238199,0.00293663866170029));
#9120=CARTESIAN_POINT('',(-0.00521392867569796,0.0250771749597164,0.003));
#9121=CARTESIAN_POINT('',(-0.00532136155896124,0.0249385867915327,0.003));
#9122=CARTESIAN_POINT('',(0.,0.,0.0025));
#9123=CARTESIAN_POINT('',(-0.0255571759011411,-0.00477815445105445,0.00250000000495429));
#9124=CARTESIAN_POINT('',(-0.0255571758989358,-0.0047781544532439,0.00267817298461835));
#9125=CARTESIAN_POINT('',(-0.0253379488220088,-0.00499524812802879,0.00293663866208104));
#9126=CARTESIAN_POINT('',(-0.0250771749590741,-0.00521392867619585,0.003));
#9127=CARTESIAN_POINT('',(-0.0249385867915327,-0.00532136155896124,0.003));
#9128=CARTESIAN_POINT('',(-0.0249385867915327,-0.00532136155896122,0.003));
#9129=CARTESIAN_POINT('',(-0.00477815445105444,-0.0255571759011411,0.0025000000049517));
#9130=CARTESIAN_POINT('',(-0.00477815445324276,-0.0255571758989369,0.00267817298461652));
#9131=CARTESIAN_POINT('',(-0.00499524812802793,-0.0253379488220098,0.00293663866208081));
#9132=CARTESIAN_POINT('',(-0.00521392867619553,-0.0250771749590745,0.00299999999999998));
#9133=CARTESIAN_POINT('',(-0.00532136155896118,-0.0249385867915328,0.003));
#9134=CARTESIAN_POINT('',(-0.00532136155896112,-0.0249385867915328,0.003));
#9135=CARTESIAN_POINT('',(0.,0.,0.003));
#9136=CARTESIAN_POINT('',(0.,0.,0.0025));
#9137=CARTESIAN_POINT('',(0.00477815445105444,-0.0255571759011411,0.0025000000049543));
#9138=CARTESIAN_POINT('',(0.00477815445324391,-0.0255571758989358,0.00267817298461836));
#9139=CARTESIAN_POINT('',(0.0049952481280288,-0.0253379488220088,0.00293663866208103));
#9140=CARTESIAN_POINT('',(0.00521392867619584,-0.0250771749590741,0.003));
#9141=CARTESIAN_POINT('',(0.00532136155896124,-0.0249385867915327,0.003));
#9142=CARTESIAN_POINT('',(0.0255571759011411,-0.00477815445105444,0.0025000000049517));
#9143=CARTESIAN_POINT('',(0.0255571758989369,-0.00477815445324276,0.00267817298461652));
#9144=CARTESIAN_POINT('',(0.0253379488220098,-0.00499524812802793,0.00293663866208081));
#9145=CARTESIAN_POINT('',(0.0250771749590745,-0.00521392867619553,0.00299999999999998));
#9146=CARTESIAN_POINT('',(0.0249385867915328,-0.00532136155896118,0.003));
#9147=CARTESIAN_POINT('',(0.,0.,0.0035));
#9148=CARTESIAN_POINT('',(0.0237374428893804,0.00606496538105555,0.00349999999999999));
#9149=CARTESIAN_POINT('',(0.0237374428893804,0.00606496538105555,0.00365048595485323));
#9150=CARTESIAN_POINT('',(0.0235702087956803,0.00614680634998589,0.00391853849261607));
#9151=CARTESIAN_POINT('',(0.0232939393972831,0.00626120347615558,0.004));
#9152=CARTESIAN_POINT('',(0.0231548880968366,0.00631277729869948,0.00400000000000001));
#9153=CARTESIAN_POINT('',(0.00606496538105555,0.0237374428893804,0.00349999999999999));
#9154=CARTESIAN_POINT('',(0.00606496538105555,0.0237374428893804,0.00365048595485323));
#9155=CARTESIAN_POINT('',(0.00614680634998589,0.0235702087956803,0.00391853849261607));
#9156=CARTESIAN_POINT('',(0.00626120347615558,0.023293939397283,0.00400000000000001));
#9157=CARTESIAN_POINT('',(0.00631277729869948,0.0231548880968366,0.00400000000000001));
#9158=CARTESIAN_POINT('',(0.,0.,0.0035));
#9159=CARTESIAN_POINT('',(-0.0237374428893804,0.00606496538105555,0.00349999999999998));
#9160=CARTESIAN_POINT('',(-0.0237374428893804,0.00606496538105554,0.00365048595485322));
#9161=CARTESIAN_POINT('',(-0.0235702087956803,0.00614680634998587,0.00391853849261605));
#9162=CARTESIAN_POINT('',(-0.0232939393972831,0.00626120347615557,0.004));
#9163=CARTESIAN_POINT('',(-0.0231548880968366,0.00631277729869946,0.00400000000000001));
#9164=CARTESIAN_POINT('',(-0.0237374428893805,0.00606496538105543,0.0035));
#9165=CARTESIAN_POINT('',(-0.00606496538105555,0.0237374428893804,0.00349999999999999));
#9166=CARTESIAN_POINT('',(-0.00606496538105555,0.0237374428893804,0.00365048595485323));
#9167=CARTESIAN_POINT('',(-0.00614680634998589,0.0235702087956803,0.00391853849261607));
#9168=CARTESIAN_POINT('',(-0.00626120347615558,0.0232939393972831,0.004));
#9169=CARTESIAN_POINT('',(-0.00631277729869948,0.0231548880968366,0.00400000000000001));
#9170=CARTESIAN_POINT('',(-0.00606496538105552,0.0237374428893805,0.0035));
#9171=CARTESIAN_POINT('',(0.,0.,0.0035));
#9172=CARTESIAN_POINT('',(0.,0.,0.0035));
#9173=CARTESIAN_POINT('',(0.0237374428893804,-0.00606496538105555,0.00349999999999998));
#9174=CARTESIAN_POINT('',(0.0237374428893804,-0.00606496538105555,0.00365048595485322));
#9175=CARTESIAN_POINT('',(0.0235702087956803,-0.00614680634998588,0.00391853849261606));
#9176=CARTESIAN_POINT('',(0.0232939393972831,-0.00626120347615557,0.004));
#9177=CARTESIAN_POINT('',(0.0231548880968366,-0.00631277729869946,0.00400000000000001));
#9178=CARTESIAN_POINT('',(0.00606496538105556,-0.0237374428893804,0.00349999999999999));
#9179=CARTESIAN_POINT('',(0.00606496538105556,-0.0237374428893804,0.00365048595485323));
#9180=CARTESIAN_POINT('',(0.00614680634998589,-0.0235702087956803,0.00391853849261607));
#9181=CARTESIAN_POINT('',(0.00626120347615558,-0.0232939393972831,0.00400000000000001));
#9182=CARTESIAN_POINT('',(0.00631277729869948,-0.0231548880968366,0.00400000000000001));
#9183=CARTESIAN_POINT('',(0.,0.,0.0045));
#9184=CARTESIAN_POINT('',(0.0220258128288135,0.00662295774032094,0.0045));
#9185=CARTESIAN_POINT('',(0.0220258128288134,0.00662295774032094,0.00477793931982117));
#9186=CARTESIAN_POINT('',(0.0217552194127675,0.00667258028305304,0.00500000000001399));
#9187=CARTESIAN_POINT('',(0.0214792923533366,0.00670000000000115,0.00500000000001534));
#9188=CARTESIAN_POINT('',(0.0214792923533342,0.0067,0.005));
#9189=CARTESIAN_POINT('',(0.00662295774032093,0.0220258128288135,0.0045));
#9190=CARTESIAN_POINT('',(0.00662295774032093,0.0220258128288135,0.00477793931982117));
#9191=CARTESIAN_POINT('',(0.00667258028305304,0.0217552194127675,0.00500000000001399));
#9192=CARTESIAN_POINT('',(0.00670000000000115,0.0214792923533366,0.00500000000001534));
#9193=CARTESIAN_POINT('',(0.0067,0.0214792923533342,0.005));
#9194=CARTESIAN_POINT('',(0.,0.,0.005));
#9195=CARTESIAN_POINT('',(0.,0.,0.0045));
#9196=CARTESIAN_POINT('',(0.0220258128288135,-0.00662295774032093,0.0045));
#9197=CARTESIAN_POINT('',(0.0220258128288134,-0.00662295774032093,0.00477793931982117));
#9198=CARTESIAN_POINT('',(0.0217552194127675,-0.00667258028305304,0.00500000000001399));
#9199=CARTESIAN_POINT('',(0.0214792923533366,-0.00670000000000115,0.00500000000001534));
#9200=CARTESIAN_POINT('',(0.0214792923533342,-0.0067,0.005));
#9201=CARTESIAN_POINT('',(0.,0.,0.005));
#9202=CARTESIAN_POINT('',(0.0067,-0.0214792923533342,0.005));
#9203=CARTESIAN_POINT('',(0.00662295774032094,-0.0220258128288135,0.0045));
#9204=CARTESIAN_POINT('',(0.00662295774032094,-0.0220258128288134,0.00477793931982117));
#9205=CARTESIAN_POINT('',(0.00667258028305304,-0.0217552194127675,0.00500000000001399));
#9206=CARTESIAN_POINT('',(0.00670000000000115,-0.0214792923533366,0.00500000000001534));
#9207=CARTESIAN_POINT('',(0.,0.,0.0045));
#9208=CARTESIAN_POINT('',(-0.0220258128288134,-0.00662295774032094,0.0045));
#9209=CARTESIAN_POINT('',(-0.0220258128288134,-0.00662295774032094,0.00477793931982117));
#9210=CARTESIAN_POINT('',(-0.0217552194127675,-0.00667258028305304,0.00500000000001399));
#9211=CARTESIAN_POINT('',(-0.0214792923533366,-0.00670000000000115,0.00500000000001534));
#9212=CARTESIAN_POINT('',(-0.0214792923533342,-0.0067,0.005));
#9213=CARTESIAN_POINT('',(-0.00662295774032093,-0.0220258128288135,0.0045));
#9214=CARTESIAN_POINT('',(-0.00662295774032093,-0.0220258128288134,0.00477793931982117));
#9215=CARTESIAN_POINT('',(-0.00667258028305304,-0.0217552194127675,0.00500000000001399));
#9216=CARTESIAN_POINT('',(-0.00670000000000115,-0.0214792923533366,0.00500000000001534));
#9217=CARTESIAN_POINT('',(-0.0067,-0.0214792923533342,0.005));
#9218=CARTESIAN_POINT('',(0.,0.,0.005));
#9219=CARTESIAN_POINT('',(0.,0.,0.0045));
#9220=CARTESIAN_POINT('',(-0.0220258128288134,0.00662295774032093,0.0045));
#9221=CARTESIAN_POINT('',(-0.0220258128288134,0.00662295774032093,0.00477793931982117));
#9222=CARTESIAN_POINT('',(-0.0217552194127675,0.00667258028305304,0.00500000000001399));
#9223=CARTESIAN_POINT('',(-0.0214792923533366,0.00670000000000114,0.00500000000001534));
#9224=CARTESIAN_POINT('',(-0.0220258128288135,0.0066229577403209,0.0045));
#9225=CARTESIAN_POINT('',(-0.0214792923533342,0.0067,0.005));
#9226=CARTESIAN_POINT('',(0.,0.,0.005));
#9227=CARTESIAN_POINT('',(-0.0067,0.0214792923533342,0.005));
#9228=CARTESIAN_POINT('',(-0.00662295774032093,0.0220258128288135,0.0045));
#9229=CARTESIAN_POINT('',(-0.00662295774032093,0.0220258128288135,0.00477793931982117));
#9230=CARTESIAN_POINT('',(-0.00667258028305304,0.0217552194127675,0.00500000000001399));
#9231=CARTESIAN_POINT('',(-0.00670000000000115,0.0214792923533366,0.00500000000001534));
#9232=CARTESIAN_POINT('',(-0.0066229577403209,0.0220258128288135,0.0045));
#9233=CARTESIAN_POINT('',(0.,0.,0.0045));
#9234=CARTESIAN_POINT('',(-0.02225,0.,0.005));
#9235=CARTESIAN_POINT('',(0.,0.,0.005));
#9236=CARTESIAN_POINT('',(0.0215,0.,0.005));
#9237=CARTESIAN_POINT('',(0.,0.,0.005));
#9238=CARTESIAN_POINT('',(0.,0.,0.005));
#9239=CARTESIAN_POINT('',(0.,0.,0.005));
#9240=CARTESIAN_POINT('',(0.,0.,0.005));
#9241=CARTESIAN_POINT('',(0.,0.,-0.0170882614711289));
#9242=CARTESIAN_POINT('',(-0.0220258128288135,0.00662295774032089,0.0025));
#9243=CARTESIAN_POINT('',(-0.0066229577403209,0.0220258128288135,0.0025));
#9244=CARTESIAN_POINT('',(-0.02375,0.,0.004));
#9245=CARTESIAN_POINT('',(-0.0208134928339591,-3.98188887332464E-17,0.004));
#9246=CARTESIAN_POINT('',(-0.0231548880968366,-0.00631277729869945,0.004));
#9247=CARTESIAN_POINT('',(0.,0.,0.004));
#9248=CARTESIAN_POINT('',(-0.00631277729869937,-0.0231548880968366,0.004));
#9249=CARTESIAN_POINT('',(-3.34465943887003E-17,-0.0208134928339591,0.004));
#9250=CARTESIAN_POINT('',(0.,0.,-0.0170882614711289));
#9251=CARTESIAN_POINT('',(-0.0237374428893805,0.00606496538105551,0.0025));
#9252=CARTESIAN_POINT('',(-0.00606496538105552,0.0237374428893805,0.0025));
#9253=CARTESIAN_POINT('',(-0.02525,0.,0.003));
#9254=CARTESIAN_POINT('',(-0.0208134928339591,-3.98188887332464E-17,0.003));
#9255=CARTESIAN_POINT('',(-3.34465943887003E-17,-0.0208134928339591,0.003));
#9256=CARTESIAN_POINT('',(0.,0.,-0.0170882614711289));
#9257=CARTESIAN_POINT('',(0.,0.,0.0025));
#9258=CARTESIAN_POINT('',(0.0047781544510544,0.0255571759011411,0.0025));
#9259=CARTESIAN_POINT('',(0.0255571758958167,0.00477815447953345,0.0025));
#9260=CARTESIAN_POINT('',(0.0255571759011411,0.0047781544510544,0.0025));
#9261=CARTESIAN_POINT('',(0.0047781544510544,0.0255571759011411,0.0025));
#9262=CARTESIAN_POINT('',(-0.02675,0.,0.002));
#9263=CARTESIAN_POINT('',(-0.0208134928339591,-3.98188887332464E-17,0.002));
#9264=CARTESIAN_POINT('',(-3.34465943887003E-17,-0.0208134928339591,0.002));
#9265=CARTESIAN_POINT('',(0.,0.,-0.0170882614711289));
#9266=CARTESIAN_POINT('',(0.,0.,0.0015));
#9267=CARTESIAN_POINT('',(0.000907812111908567,0.0274850118640955,0.0015));
#9268=CARTESIAN_POINT('',(0.0274850118576595,0.000907812306767509,0.0015));
#9269=CARTESIAN_POINT('',(0.0274850118640955,0.000907812111908523,0.0025));
#9270=CARTESIAN_POINT('',(0.0274850118640955,0.000907812111908522,0.001));
#9271=CARTESIAN_POINT('',(0.,0.,0.001));
#9272=CARTESIAN_POINT('',(0.000907812111908518,0.0274850118640955,0.001));
#9273=CARTESIAN_POINT('',(0.000907812111908521,0.0274850118640955,0.0025));
#9274=CARTESIAN_POINT('',(-0.02825,0.,0.001));
#9275=CARTESIAN_POINT('',(0.,0.,0.001));
#9276=CARTESIAN_POINT('',(-0.0285,0.,0.001));
#9277=CARTESIAN_POINT('',(-0.0208134928339591,-3.98188887332464E-17,0.001));
#9278=CARTESIAN_POINT('',(-3.59955121265187E-17,0.0208134928339591,0.001));
#9279=CARTESIAN_POINT('',(0.0208134928339591,3.7269970995428E-17,0.001));
#9280=CARTESIAN_POINT('',(3.85444298643372E-17,-0.0208134928339591,0.001));
#9281=CARTESIAN_POINT('',(0.,0.,0.0015));
#9282=CARTESIAN_POINT('',(0.0274850118640955,0.000907812111908751,0.00150000003773316));
#9283=CARTESIAN_POINT('',(0.0274850118591181,0.000907812148487822,0.00154991870506511));
#9284=CARTESIAN_POINT('',(0.0274710739262656,0.00100861169655999,0.00160689099324207));
#9285=CARTESIAN_POINT('',(0.0274439525364848,0.00117583174418531,0.00168036471670297));
#9286=CARTESIAN_POINT('',(0.0273994398396922,0.00140935393402093,0.00175117599474476));
#9287=CARTESIAN_POINT('',(0.0273351633919212,0.00168138781443301,0.00182104227371298));
#9288=CARTESIAN_POINT('',(0.0272328957007516,0.00204657826375502,0.00190017717969827));
#9289=CARTESIAN_POINT('',(0.0270741810608776,0.00249947144952618,0.00197429167629304));
#9290=CARTESIAN_POINT('',(0.0269169799616988,0.00284920395814856,0.002));
#9291=CARTESIAN_POINT('',(0.0268303884374226,0.00302163139661721,0.002));
#9292=CARTESIAN_POINT('',(0.000907812111908748,0.0274850118640955,0.00149999999999996));
#9293=CARTESIAN_POINT('',(0.000907812111908714,0.0274850118640955,0.00154991867530042));
#9294=CARTESIAN_POINT('',(0.00100861166956676,0.0274710739303982,0.00160689098110513));
#9295=CARTESIAN_POINT('',(0.0011758317126115,0.0274439525420254,0.0016803647053112));
#9296=CARTESIAN_POINT('',(0.00140935390889751,0.0273994398451861,0.00175117598814434));
#9297=CARTESIAN_POINT('',(0.00168138779269008,0.0273351633975634,0.00182104226856677));
#9298=CARTESIAN_POINT('',(0.00204657824809986,0.0272328957059142,0.00190017717693845));
#9299=CARTESIAN_POINT('',(0.0024994714411773,0.0270741810644788,0.00197429167547749));
#9300=CARTESIAN_POINT('',(0.00284920395543321,0.0269169799630625,0.002));
#9301=CARTESIAN_POINT('',(0.00302163139661721,0.0268303884374226,0.002));
#9302=CARTESIAN_POINT('',(0.,0.,0.0025));
#9303=CARTESIAN_POINT('',(0.0255571759011411,0.00477815445105444,0.00250000000495429));
#9304=CARTESIAN_POINT('',(0.0255571758989358,0.0047781544532439,0.00267817298461835));
#9305=CARTESIAN_POINT('',(0.0253379488220088,0.00499524812802879,0.00293663866208103));
#9306=CARTESIAN_POINT('',(0.0250771749590741,0.00521392867619584,0.003));
#9307=CARTESIAN_POINT('',(0.0249385867915327,0.00532136155896124,0.003));
#9308=CARTESIAN_POINT('',(0.00477815445105444,0.0255571759011411,0.00249999999999999));
#9309=CARTESIAN_POINT('',(0.00477815445105444,0.0255571759011411,0.0026781729811363));
#9310=CARTESIAN_POINT('',(0.00499524812644939,0.0253379488238199,0.00293663866170029));
#9311=CARTESIAN_POINT('',(0.00521392867569796,0.0250771749597164,0.003));
#9312=CARTESIAN_POINT('',(0.00532136155896124,0.0249385867915327,0.003));
#9313=CARTESIAN_POINT('',(0.,0.,0.0035));
#9314=CARTESIAN_POINT('',(-0.0237374428893804,-0.00606496538105555,0.00349999999999999));
#9315=CARTESIAN_POINT('',(-0.0237374428893804,-0.00606496538105555,0.00365048595485323));
#9316=CARTESIAN_POINT('',(-0.0235702087956803,-0.00614680634998589,0.00391853849261607));
#9317=CARTESIAN_POINT('',(-0.023293939397283,-0.00626120347615558,0.004));
#9318=CARTESIAN_POINT('',(-0.0231548880968366,-0.00631277729869948,0.00400000000000001));
#9319=CARTESIAN_POINT('',(-0.00606496538105555,-0.0237374428893804,0.00349999999999998));
#9320=CARTESIAN_POINT('',(-0.00606496538105554,-0.0237374428893804,0.00365048595485322));
#9321=CARTESIAN_POINT('',(-0.00614680634998587,-0.0235702087956803,0.00391853849261605));
#9322=CARTESIAN_POINT('',(-0.00626120347615557,-0.0232939393972831,0.004));
#9323=CARTESIAN_POINT('',(-0.00631277729869946,-0.0231548880968366,0.00400000000000001));
#9324=CARTESIAN_POINT('',(0.,0.,-0.0170882614711289));
#9325=CARTESIAN_POINT('',(-0.0076804784562811,-0.0208823550080589,-0.0170882614711289));
#9326=CARTESIAN_POINT('',(-0.0076804784562811,-0.0208823550080589,0.));
#9327=CARTESIAN_POINT('',(-0.0076804784562811,-0.0208823550080589,-0.0045));
#9328=CARTESIAN_POINT('',(0.,0.,-0.0045));
#9329=CARTESIAN_POINT('',(0.00768047845628109,-0.0208823550080589,-0.0045));
#9330=CARTESIAN_POINT('',(0.00768047845628109,-0.0208823550080589,-0.0170882614711289));
#9331=CARTESIAN_POINT('',(0.00768047845628109,-0.0208823550080589,0.));
#9332=CARTESIAN_POINT('',(0.,0.,0.));
#9333=CARTESIAN_POINT('',(0.,0.,0.00425));
#9334=CARTESIAN_POINT('',(0.02225,0.,0.00425));
#9335=CARTESIAN_POINT('',(-0.021125,0.,0.00425));
#9336=CARTESIAN_POINT('',(0.,0.,0.00425));
#9337=CARTESIAN_POINT('',(0.02,0.,0.00425));
#9338=CARTESIAN_POINT('',(0.,0.,-0.0170882614711289));
#9339=CARTESIAN_POINT('',(0.,0.,0.006));
#9340=CARTESIAN_POINT('',(0.02,0.,0.006));
#9341=CARTESIAN_POINT('',(-0.02075,0.,0.006));
#9342=CARTESIAN_POINT('',(0.,0.,0.006));
#9343=CARTESIAN_POINT('',(-0.021,0.,0.006));
#9344=CARTESIAN_POINT('',(0.,0.,-0.0170882614711289));
#9345=CARTESIAN_POINT('',(0.,0.,0.0055));
#9346=CARTESIAN_POINT('',(-0.0215,0.,0.0055));
#9347=CARTESIAN_POINT('',(0.,0.,0.0005));
#9348=CARTESIAN_POINT('',(0.,0.,0.0005));
#9349=CARTESIAN_POINT('',(0.,0.,0.0055));
#9350=CARTESIAN_POINT('',(-3.59955121265187E-17,0.0208134928339591,-2.00000000000027E-6));
#9351=CARTESIAN_POINT('',(0.0067,0.0214792923533342,0.0055));
#9352=CARTESIAN_POINT('',(0.0067,0.0214792923533342,0.0055));
#9353=CARTESIAN_POINT('',(-0.0067,0.0214792923533342,0.0055));
#9354=CARTESIAN_POINT('',(-0.0067,0.0214792923533342,0.0055));
#9355=CARTESIAN_POINT('',(-3.59955121265187E-17,0.0208134928339591,0.0055));
#9356=CARTESIAN_POINT('',(-0.00611638574945669,0.0236282955559707,0.0055));
#9357=CARTESIAN_POINT('',(-0.00611638574945669,0.0236282955559707,0.006));
#9358=CARTESIAN_POINT('',(-0.00611638574945669,0.0236282955559707,0.006));
#9359=CARTESIAN_POINT('',(1.30104260698261E-17,0.0208134928339591,0.006));
#9360=CARTESIAN_POINT('',(-0.00524010716189475,0.025041325130995,0.006));
#9361=CARTESIAN_POINT('',(-0.00524010716189475,0.025041325130995,0.0065));
#9362=CARTESIAN_POINT('',(-0.00524010716189475,0.025041325130995,0.0065));
#9363=CARTESIAN_POINT('',(6.15826833971767E-17,0.0208134928339591,0.0065));
#9364=CARTESIAN_POINT('',(-0.00392243914683457,0.026285947506168,0.0065));
#9365=CARTESIAN_POINT('',(-0.00392243914683457,0.026285947506168,0.007));
#9366=CARTESIAN_POINT('',(-0.00392243914683457,0.026285947506168,0.007));
#9367=CARTESIAN_POINT('',(4.77048955893622E-18,0.0208134928339591,0.007));
#9368=CARTESIAN_POINT('',(-0.00206000627337569,0.0272236147636616,0.007));
#9369=CARTESIAN_POINT('',(-0.00206000627337569,0.0272236147636616,0.0075));
#9370=CARTESIAN_POINT('',(-0.00206000627337569,0.0272236147636616,0.0075));
#9371=CARTESIAN_POINT('',(1.57555627642666E-17,0.0208134928339591,0.0075));
#9372=CARTESIAN_POINT('',(0.00206000627337569,0.0272236147636616,0.0075));
#9373=CARTESIAN_POINT('',(0.00206000627337569,0.0272236147636616,0.0075));
#9374=CARTESIAN_POINT('',(0.00206000627337569,0.0272236147636616,0.007));
#9375=CARTESIAN_POINT('',(-4.77048955893622E-18,0.0208134928339591,0.007));
#9376=CARTESIAN_POINT('',(0.00392243914683457,0.026285947506168,0.007));
#9377=CARTESIAN_POINT('',(0.00392243914683457,0.026285947506168,0.007));
#9378=CARTESIAN_POINT('',(0.00392243914683457,0.026285947506168,0.0065));
#9379=CARTESIAN_POINT('',(-6.15826833971767E-17,0.0208134928339591,0.0065));
#9380=CARTESIAN_POINT('',(0.00524010716189475,0.025041325130995,0.0065));
#9381=CARTESIAN_POINT('',(0.00524010716189475,0.025041325130995,0.0065));
#9382=CARTESIAN_POINT('',(0.00524010716189475,0.025041325130995,0.006));
#9383=CARTESIAN_POINT('',(-1.30104260698261E-17,0.0208134928339591,0.006));
#9384=CARTESIAN_POINT('',(0.00611638574945669,0.0236282955559707,0.006));
#9385=CARTESIAN_POINT('',(0.00611638574945669,0.0236282955559707,0.006));
#9386=CARTESIAN_POINT('',(0.00611638574945669,0.0236282955559707,0.0055));
#9387=CARTESIAN_POINT('',(3.59955121265187E-17,0.0208134928339591,0.0055));
#9388=CARTESIAN_POINT('',(-0.00142530044112034,0.0248548603498243,0.0075));
#9389=CARTESIAN_POINT('',(-0.00142530044112034,0.0248548603498243,0.007));
#9390=CARTESIAN_POINT('',(-0.000790594608864981,0.0224861059359871,0.007));
#9391=CARTESIAN_POINT('',(-0.000790594608864981,0.0224861059359871,0.0075));
#9392=CARTESIAN_POINT('',(-0.000790594608864981,0.0224861059359871,0.0075));
#9393=CARTESIAN_POINT('',(-0.00142530044112034,0.0248548603498243,0.0075));
#9394=CARTESIAN_POINT('',(0.,0.,0.0075));
#9395=CARTESIAN_POINT('',(0.,0.,0.0055));
#9396=CARTESIAN_POINT('',(0.00364682281142434,0.0222024927290175,0.0055));
#9397=CARTESIAN_POINT('',(0.00364682281142434,0.0222024927290175,0.006));
#9398=CARTESIAN_POINT('',(0.00364682281142434,0.0222024927290175,0.006));
#9399=CARTESIAN_POINT('',(0.,0.,0.006));
#9400=CARTESIAN_POINT('',(0.00255342416665742,0.0223546421359218,0.006));
#9401=CARTESIAN_POINT('',(0.00255342416665742,0.0223546421359218,0.0065));
#9402=CARTESIAN_POINT('',(0.00255342416665742,0.0223546421359218,0.0065));
#9403=CARTESIAN_POINT('',(0.,0.,0.0065));
#9404=CARTESIAN_POINT('',(0.00169951094052415,0.0224357229115319,0.0065));
#9405=CARTESIAN_POINT('',(0.00169951094052415,0.0224357229115319,0.007));
#9406=CARTESIAN_POINT('',(0.00169951094052415,0.0224357229115319,0.007));
#9407=CARTESIAN_POINT('',(0.,0.,0.007));
#9408=CARTESIAN_POINT('',(0.000790594608864981,0.0224861059359871,0.007));
#9409=CARTESIAN_POINT('',(0.000790594608864981,0.0224861059359871,0.0075));
#9410=CARTESIAN_POINT('',(0.000790594608864981,0.0224861059359871,0.0075));
#9411=CARTESIAN_POINT('',(0.,0.,0.0075));
#9412=CARTESIAN_POINT('',(0.,0.,0.007));
#9413=CARTESIAN_POINT('',(-0.00169951094052415,0.0224357229115319,0.007));
#9414=CARTESIAN_POINT('',(-0.00169951094052415,0.0224357229115319,0.007));
#9415=CARTESIAN_POINT('',(-0.00169951094052415,0.0224357229115319,0.0065));
#9416=CARTESIAN_POINT('',(0.,0.,0.0065));
#9417=CARTESIAN_POINT('',(-0.00255342416665742,0.0223546421359218,0.0065));
#9418=CARTESIAN_POINT('',(-0.00255342416665742,0.0223546421359218,0.0065));
#9419=CARTESIAN_POINT('',(-0.00255342416665742,0.0223546421359218,0.006));
#9420=CARTESIAN_POINT('',(0.,0.,0.006));
#9421=CARTESIAN_POINT('',(-0.00364682281142434,0.0222024927290175,0.006));
#9422=CARTESIAN_POINT('',(-0.00364682281142434,0.0222024927290175,0.006));
#9423=CARTESIAN_POINT('',(-0.00364682281142434,0.0222024927290175,0.0055));
#9424=CARTESIAN_POINT('',(0.,0.,0.0055));
#9425=CARTESIAN_POINT('',(0.,0.0075160660804216,0.0075));
#9426=CARTESIAN_POINT('',(0.00142530044112034,0.0248548603498243,0.0075));
#9427=CARTESIAN_POINT('',(-0.00281097504367937,0.0243608352088499,0.007));
#9428=CARTESIAN_POINT('',(-0.00281097504367937,0.0243608352088499,0.0065));
#9429=CARTESIAN_POINT('',(-0.00281097504367937,0.0243608352088499,0.007));
#9430=CARTESIAN_POINT('',(0.,0.0075160660804216,0.007));
#9431=CARTESIAN_POINT('',(-0.00389676566427609,0.0236979836334584,0.0065));
#9432=CARTESIAN_POINT('',(-0.00389676566427609,0.0236979836334584,0.006));
#9433=CARTESIAN_POINT('',(-0.00389676566427609,0.0236979836334584,0.0065));
#9434=CARTESIAN_POINT('',(0.,0.0075160660804216,0.0065));
#9435=CARTESIAN_POINT('',(-0.00488160428044052,0.022915394142494,0.006));
#9436=CARTESIAN_POINT('',(-0.00488160428044052,0.022915394142494,0.0055));
#9437=CARTESIAN_POINT('',(-0.00488160428044052,0.022915394142494,0.006));
#9438=CARTESIAN_POINT('',(0.,0.0075160660804216,0.006));
#9439=CARTESIAN_POINT('',(0.,0.0075160660804216,0.0055));
#9440=CARTESIAN_POINT('',(0.00142530044112034,0.0248548603498243,0.0075));
#9441=CARTESIAN_POINT('',(0.00142530044112034,0.0248548603498243,0.007));
#9442=CARTESIAN_POINT('',(0.00281097504367937,0.0243608352088499,0.007));
#9443=CARTESIAN_POINT('',(0.00281097504367937,0.0243608352088499,0.0065));
#9444=CARTESIAN_POINT('',(0.00281097504367937,0.0243608352088499,0.007));
#9445=CARTESIAN_POINT('',(0.,0.0075160660804216,0.007));
#9446=CARTESIAN_POINT('',(0.00389676566427609,0.0236979836334584,0.0065));
#9447=CARTESIAN_POINT('',(0.00389676566427609,0.0236979836334584,0.006));
#9448=CARTESIAN_POINT('',(0.00389676566427609,0.0236979836334584,0.0065));
#9449=CARTESIAN_POINT('',(0.,0.0075160660804216,0.0065));
#9450=CARTESIAN_POINT('',(0.00488160428044052,0.022915394142494,0.006));
#9451=CARTESIAN_POINT('',(0.00488160428044052,0.022915394142494,0.0055));
#9452=CARTESIAN_POINT('',(0.00488160428044052,0.022915394142494,0.006));
#9453=CARTESIAN_POINT('',(0.,0.0075160660804216,0.006));
#9454=CARTESIAN_POINT('',(0.,0.0075160660804216,0.0055));
#9455=CARTESIAN_POINT('',(9.20452626756831E-19,-0.0075160660804216,0.0055));
#9456=CARTESIAN_POINT('',(0.,0.,0.0055));
#9457=CARTESIAN_POINT('',(-0.00364682281142434,-0.0222024927290175,0.0055));
#9458=CARTESIAN_POINT('',(-0.0067,-0.0214792923533342,0.0055));
#9459=CARTESIAN_POINT('',(-3.34465943887003E-17,-0.0208134928339591,0.0055));
#9460=CARTESIAN_POINT('',(-0.00611638574945668,-0.0236282955559707,0.0055));
#9461=CARTESIAN_POINT('',(-0.00488160428044052,-0.022915394142494,0.0055));
#9462=CARTESIAN_POINT('',(-0.00488160428044052,-0.022915394142494,0.006));
#9463=CARTESIAN_POINT('',(-0.00364682281142434,-0.0222024927290175,0.006));
#9464=CARTESIAN_POINT('',(-0.00364682281142434,-0.0222024927290175,0.006));
#9465=CARTESIAN_POINT('',(-0.00611638574945668,-0.0236282955559707,0.006));
#9466=CARTESIAN_POINT('',(-0.00611638574945668,-0.0236282955559707,0.006));
#9467=CARTESIAN_POINT('',(-0.00488160428044052,-0.022915394142494,0.006));
#9468=CARTESIAN_POINT('',(9.20452626756831E-19,-0.0075160660804216,0.006));
#9469=CARTESIAN_POINT('',(-0.00389676566427609,-0.0236979836334584,0.006));
#9470=CARTESIAN_POINT('',(-0.00524010716189475,-0.025041325130995,0.006));
#9471=CARTESIAN_POINT('',(-0.00255342416665742,-0.0223546421359218,0.006));
#9472=CARTESIAN_POINT('',(0.,0.,0.006));
#9473=CARTESIAN_POINT('',(1.55593438076445E-17,-0.0208134928339591,0.006));
#9474=CARTESIAN_POINT('',(-0.00389676566427609,-0.0236979836334584,0.0065));
#9475=CARTESIAN_POINT('',(-0.00524010716189475,-0.025041325130995,0.0065));
#9476=CARTESIAN_POINT('',(-0.00524010716189475,-0.025041325130995,0.0065));
#9477=CARTESIAN_POINT('',(-0.00389676566427609,-0.0236979836334584,0.0065));
#9478=CARTESIAN_POINT('',(-0.00255342416665742,-0.0223546421359218,0.0065));
#9479=CARTESIAN_POINT('',(-0.00255342416665742,-0.0223546421359218,0.0065));
#9480=CARTESIAN_POINT('',(9.20452626756831E-19,-0.0075160660804216,0.0065));
#9481=CARTESIAN_POINT('',(-0.00281097504367937,-0.0243608352088499,0.0065));
#9482=CARTESIAN_POINT('',(-0.00392243914683457,-0.026285947506168,0.0065));
#9483=CARTESIAN_POINT('',(-0.00169951094052415,-0.0224357229115319,0.0065));
#9484=CARTESIAN_POINT('',(0.,0.,0.0065));
#9485=CARTESIAN_POINT('',(6.41316011349951E-17,-0.0208134928339591,0.0065));
#9486=CARTESIAN_POINT('',(-0.00281097504367937,-0.0243608352088499,0.007));
#9487=CARTESIAN_POINT('',(-0.00392243914683457,-0.026285947506168,0.007));
#9488=CARTESIAN_POINT('',(-0.00392243914683457,-0.026285947506168,0.007));
#9489=CARTESIAN_POINT('',(-0.00281097504367937,-0.0243608352088499,0.007));
#9490=CARTESIAN_POINT('',(-0.00169951094052415,-0.0224357229115319,0.007));
#9491=CARTESIAN_POINT('',(-0.00169951094052415,-0.0224357229115319,0.007));
#9492=CARTESIAN_POINT('',(9.20452626756831E-19,-0.0075160660804216,0.007));
#9493=CARTESIAN_POINT('',(7.31940729675466E-18,-0.0208134928339591,0.007));
#9494=CARTESIAN_POINT('',(-0.00206000627337569,-0.0272236147636616,0.007));
#9495=CARTESIAN_POINT('',(-0.00142530044112034,-0.0248548603498243,0.007));
#9496=CARTESIAN_POINT('',(-0.000790594608864978,-0.0224861059359871,0.007));
#9497=CARTESIAN_POINT('',(0.,0.,0.007));
#9498=CARTESIAN_POINT('',(-0.00142530044112034,-0.0248548603498243,0.0075));
#9499=CARTESIAN_POINT('',(-0.00206000627337569,-0.0272236147636616,0.0075));
#9500=CARTESIAN_POINT('',(-0.00206000627337569,-0.0272236147636616,0.0075));
#9501=CARTESIAN_POINT('',(-0.00142530044112034,-0.0248548603498243,0.0075));
#9502=CARTESIAN_POINT('',(-0.000790594608864978,-0.0224861059359871,0.0075));
#9503=CARTESIAN_POINT('',(-0.000790594608864978,-0.0224861059359871,0.0075));
#9504=CARTESIAN_POINT('',(9.20452626756831E-19,-0.0075160660804216,0.0075));
#9505=CARTESIAN_POINT('',(0.,0.,0.0075));
#9506=CARTESIAN_POINT('',(0.000790594608864983,-0.0224861059359871,0.0075));
#9507=CARTESIAN_POINT('',(-1.32066450264481E-17,-0.0208134928339591,0.0075));
#9508=CARTESIAN_POINT('',(0.0020600062733757,-0.0272236147636616,0.0075));
#9509=CARTESIAN_POINT('',(0.00142530044112034,-0.0248548603498243,0.0075));
#9510=CARTESIAN_POINT('',(0.00142530044112034,-0.0248548603498243,0.0075));
#9511=CARTESIAN_POINT('',(0.0020600062733757,-0.0272236147636616,0.0075));
#9512=CARTESIAN_POINT('',(0.0020600062733757,-0.0272236147636616,0.007));
#9513=CARTESIAN_POINT('',(0.00142530044112034,-0.0248548603498243,0.007));
#9514=CARTESIAN_POINT('',(0.000790594608864983,-0.0224861059359871,0.007));
#9515=CARTESIAN_POINT('',(0.000790594608864983,-0.0224861059359871,0.0075));
#9516=CARTESIAN_POINT('',(9.20452626756831E-19,-0.0075160660804216,0.007));
#9517=CARTESIAN_POINT('',(-2.22157182111777E-18,-0.0208134928339591,0.007));
#9518=CARTESIAN_POINT('',(0.00392243914683458,-0.026285947506168,0.007));
#9519=CARTESIAN_POINT('',(0.00281097504367937,-0.0243608352088499,0.007));
#9520=CARTESIAN_POINT('',(0.00169951094052416,-0.0224357229115319,0.007));
#9521=CARTESIAN_POINT('',(0.,0.,0.007));
#9522=CARTESIAN_POINT('',(0.00281097504367937,-0.0243608352088499,0.007));
#9523=CARTESIAN_POINT('',(0.00392243914683458,-0.026285947506168,0.007));
#9524=CARTESIAN_POINT('',(0.00392243914683458,-0.026285947506168,0.0065));
#9525=CARTESIAN_POINT('',(0.00281097504367937,-0.0243608352088499,0.0065));
#9526=CARTESIAN_POINT('',(0.00169951094052416,-0.0224357229115319,0.0065));
#9527=CARTESIAN_POINT('',(0.00169951094052416,-0.0224357229115319,0.007));
#9528=CARTESIAN_POINT('',(9.20452626756831E-19,-0.0075160660804216,0.0065));
#9529=CARTESIAN_POINT('',(-5.90337656593582E-17,-0.0208134928339591,0.0065));
#9530=CARTESIAN_POINT('',(0.00524010716189476,-0.025041325130995,0.0065));
#9531=CARTESIAN_POINT('',(0.00389676566427609,-0.0236979836334584,0.0065));
#9532=CARTESIAN_POINT('',(0.00255342416665743,-0.0223546421359218,0.0065));
#9533=CARTESIAN_POINT('',(0.,0.,0.0065));
#9534=CARTESIAN_POINT('',(0.00389676566427609,-0.0236979836334584,0.0065));
#9535=CARTESIAN_POINT('',(0.00524010716189476,-0.025041325130995,0.0065));
#9536=CARTESIAN_POINT('',(0.00524010716189476,-0.025041325130995,0.006));
#9537=CARTESIAN_POINT('',(0.00389676566427609,-0.0236979836334584,0.006));
#9538=CARTESIAN_POINT('',(0.00255342416665743,-0.0223546421359218,0.006));
#9539=CARTESIAN_POINT('',(0.00255342416665743,-0.0223546421359218,0.0065));
#9540=CARTESIAN_POINT('',(9.20452626756831E-19,-0.0075160660804216,0.006));
#9541=CARTESIAN_POINT('',(-1.04615083320076E-17,-0.0208134928339591,0.006));
#9542=CARTESIAN_POINT('',(0.00611638574945669,-0.0236282955559707,0.006));
#9543=CARTESIAN_POINT('',(0.00488160428044052,-0.022915394142494,0.006));
#9544=CARTESIAN_POINT('',(0.00364682281142434,-0.0222024927290175,0.006));
#9545=CARTESIAN_POINT('',(0.,0.,0.006));
#9546=CARTESIAN_POINT('',(0.00488160428044052,-0.022915394142494,0.006));
#9547=CARTESIAN_POINT('',(0.00488160428044052,-0.022915394142494,0.0055));
#9548=CARTESIAN_POINT('',(0.00364682281142434,-0.0222024927290175,0.0055));
#9549=CARTESIAN_POINT('',(0.00611638574945669,-0.0236282955559707,0.0055));
#9550=CARTESIAN_POINT('',(0.00364682281142434,-0.0222024927290175,0.006));
#9551=CARTESIAN_POINT('',(0.00611638574945669,-0.0236282955559707,0.006));
#9552=CARTESIAN_POINT('',(9.20452626756831E-19,-0.0075160660804216,0.0055));
#9553=CARTESIAN_POINT('',(0.,0.,0.0055));
#9554=CARTESIAN_POINT('',(0.0067,-0.0214792923533342,0.0055));
#9555=CARTESIAN_POINT('',(3.85444298643372E-17,-0.0208134928339591,0.0055));
#9556=CARTESIAN_POINT('',(3.85444298643372E-17,-0.0208134928339591,-2.00000000000027E-6));
#9557=CARTESIAN_POINT('',(-0.0067,-0.0214792923533342,0.0055));
#9558=CARTESIAN_POINT('',(0.0067,-0.0214792923533342,0.0055));
#9559=CARTESIAN_POINT('',(0.,0.,0.0075));
#9560=CARTESIAN_POINT('',(-0.0075160660804216,-1.38067894013525E-18,0.0055));
#9561=CARTESIAN_POINT('',(0.,0.,0.0055));
#9562=CARTESIAN_POINT('',(-0.0222024927290175,0.00364682281142434,0.0055));
#9563=CARTESIAN_POINT('',(-0.0214792923533342,0.0067,0.0055));
#9564=CARTESIAN_POINT('',(-0.0208134928339591,3.21721355197911E-17,0.0055));
#9565=CARTESIAN_POINT('',(-0.0236282955559707,0.00611638574945668,0.0055));
#9566=CARTESIAN_POINT('',(-0.022915394142494,0.00488160428044052,0.0055));
#9567=CARTESIAN_POINT('',(-0.022915394142494,0.00488160428044052,0.006));
#9568=CARTESIAN_POINT('',(-0.0222024927290175,0.00364682281142434,0.006));
#9569=CARTESIAN_POINT('',(-0.0222024927290175,0.00364682281142434,0.006));
#9570=CARTESIAN_POINT('',(-0.0236282955559707,0.00611638574945668,0.006));
#9571=CARTESIAN_POINT('',(-0.0236282955559707,0.00611638574945668,0.006));
#9572=CARTESIAN_POINT('',(-0.022915394142494,0.00488160428044052,0.006));
#9573=CARTESIAN_POINT('',(-0.0075160660804216,-1.38067894013525E-18,0.006));
#9574=CARTESIAN_POINT('',(-0.0236979836334584,0.00389676566427609,0.006));
#9575=CARTESIAN_POINT('',(-0.025041325130995,0.00524010716189475,0.006));
#9576=CARTESIAN_POINT('',(-0.0223546421359218,0.00255342416665742,0.006));
#9577=CARTESIAN_POINT('',(0.,0.,0.006));
#9578=CARTESIAN_POINT('',(-0.0208134928339591,-1.68338026765537E-17,0.006));
#9579=CARTESIAN_POINT('',(-0.0236979836334584,0.00389676566427609,0.0065));
#9580=CARTESIAN_POINT('',(-0.025041325130995,0.00524010716189475,0.0065));
#9581=CARTESIAN_POINT('',(-0.025041325130995,0.00524010716189475,0.0065));
#9582=CARTESIAN_POINT('',(-0.0236979836334584,0.00389676566427609,0.0065));
#9583=CARTESIAN_POINT('',(-0.0223546421359218,0.00255342416665742,0.0065));
#9584=CARTESIAN_POINT('',(-0.0223546421359218,0.00255342416665742,0.0065));
#9585=CARTESIAN_POINT('',(-0.0075160660804216,-1.38067894013525E-18,0.0065));
#9586=CARTESIAN_POINT('',(-0.0243608352088499,0.00281097504367937,0.0065));
#9587=CARTESIAN_POINT('',(-0.026285947506168,0.00392243914683457,0.0065));
#9588=CARTESIAN_POINT('',(-0.0224357229115319,0.00169951094052415,0.0065));
#9589=CARTESIAN_POINT('',(0.,0.,0.0065));
#9590=CARTESIAN_POINT('',(-0.0208134928339591,-6.54060600039043E-17,0.0065));
#9591=CARTESIAN_POINT('',(-0.0243608352088499,0.00281097504367937,0.007));
#9592=CARTESIAN_POINT('',(-0.026285947506168,0.00392243914683457,0.007));
#9593=CARTESIAN_POINT('',(-0.026285947506168,0.00392243914683457,0.007));
#9594=CARTESIAN_POINT('',(-0.0243608352088499,0.00281097504367937,0.007));
#9595=CARTESIAN_POINT('',(-0.0224357229115319,0.00169951094052415,0.007));
#9596=CARTESIAN_POINT('',(-0.0224357229115319,0.00169951094052415,0.007));
#9597=CARTESIAN_POINT('',(-0.0075160660804216,-1.38067894013525E-18,0.007));
#9598=CARTESIAN_POINT('',(-0.0208134928339591,-8.59386616566388E-18,0.007));
#9599=CARTESIAN_POINT('',(-0.0272236147636616,0.00206000627337569,0.007));
#9600=CARTESIAN_POINT('',(-0.0248548603498243,0.00142530044112033,0.007));
#9601=CARTESIAN_POINT('',(-0.0224861059359871,0.000790594608864976,0.007));
#9602=CARTESIAN_POINT('',(0.,0.,0.007));
#9603=CARTESIAN_POINT('',(-0.0248548603498243,0.00142530044112033,0.0075));
#9604=CARTESIAN_POINT('',(-0.0272236147636616,0.00206000627337569,0.0075));
#9605=CARTESIAN_POINT('',(-0.0272236147636616,0.00206000627337569,0.0075));
#9606=CARTESIAN_POINT('',(-0.0248548603498243,0.00142530044112033,0.0075));
#9607=CARTESIAN_POINT('',(-0.0224861059359871,0.000790594608864976,0.0075));
#9608=CARTESIAN_POINT('',(-0.0224861059359871,0.000790594608864976,0.0075));
#9609=CARTESIAN_POINT('',(-0.0075160660804216,-1.38067894013525E-18,0.0075));
#9610=CARTESIAN_POINT('',(0.,0.,0.0075));
#9611=CARTESIAN_POINT('',(-0.0224861059359871,-0.000790594608864985,0.0075));
#9612=CARTESIAN_POINT('',(-0.0208134928339591,1.19321861575389E-17,0.0075));
#9613=CARTESIAN_POINT('',(-0.0272236147636616,-0.0020600062733757,0.0075));
#9614=CARTESIAN_POINT('',(-0.0248548603498243,-0.00142530044112034,0.0075));
#9615=CARTESIAN_POINT('',(-0.0248548603498243,-0.00142530044112034,0.0075));
#9616=CARTESIAN_POINT('',(-0.0272236147636616,-0.0020600062733757,0.0075));
#9617=CARTESIAN_POINT('',(-0.0272236147636616,-0.0020600062733757,0.007));
#9618=CARTESIAN_POINT('',(-0.0248548603498243,-0.00142530044112034,0.007));
#9619=CARTESIAN_POINT('',(-0.0224861059359871,-0.000790594608864985,0.007));
#9620=CARTESIAN_POINT('',(-0.0224861059359871,-0.000790594608864985,0.0075));
#9621=CARTESIAN_POINT('',(-0.0075160660804216,-1.38067894013525E-18,0.007));
#9622=CARTESIAN_POINT('',(-0.0208134928339591,9.47112952208554E-19,0.007));
#9623=CARTESIAN_POINT('',(-0.026285947506168,-0.00392243914683458,0.007));
#9624=CARTESIAN_POINT('',(-0.0243608352088499,-0.00281097504367937,0.007));
#9625=CARTESIAN_POINT('',(-0.0224357229115319,-0.00169951094052416,0.007));
#9626=CARTESIAN_POINT('',(0.,0.,0.007));
#9627=CARTESIAN_POINT('',(-0.0243608352088499,-0.00281097504367937,0.007));
#9628=CARTESIAN_POINT('',(-0.026285947506168,-0.00392243914683458,0.007));
#9629=CARTESIAN_POINT('',(-0.026285947506168,-0.00392243914683458,0.0065));
#9630=CARTESIAN_POINT('',(-0.0243608352088499,-0.00281097504367937,0.0065));
#9631=CARTESIAN_POINT('',(-0.0224357229115319,-0.00169951094052416,0.0065));
#9632=CARTESIAN_POINT('',(-0.0224357229115319,-0.00169951094052416,0.007));
#9633=CARTESIAN_POINT('',(-0.0075160660804216,-1.38067894013525E-18,0.0065));
#9634=CARTESIAN_POINT('',(-0.0208134928339591,5.7759306790449E-17,0.0065));
#9635=CARTESIAN_POINT('',(-0.025041325130995,-0.00524010716189476,0.0065));
#9636=CARTESIAN_POINT('',(-0.0236979836334584,-0.00389676566427609,0.0065));
#9637=CARTESIAN_POINT('',(-0.0223546421359218,-0.00255342416665743,0.0065));
#9638=CARTESIAN_POINT('',(0.,0.,0.0065));
#9639=CARTESIAN_POINT('',(-0.0236979836334584,-0.00389676566427609,0.0065));
#9640=CARTESIAN_POINT('',(-0.025041325130995,-0.00524010716189476,0.0065));
#9641=CARTESIAN_POINT('',(-0.025041325130995,-0.00524010716189476,0.006));
#9642=CARTESIAN_POINT('',(-0.0236979836334584,-0.00389676566427609,0.006));
#9643=CARTESIAN_POINT('',(-0.0223546421359218,-0.00255342416665743,0.006));
#9644=CARTESIAN_POINT('',(-0.0223546421359218,-0.00255342416665743,0.0065));
#9645=CARTESIAN_POINT('',(-0.0075160660804216,-1.38067894013525E-18,0.006));
#9646=CARTESIAN_POINT('',(-0.0208134928339591,9.18704946309838E-18,0.006));
#9647=CARTESIAN_POINT('',(-0.0236282955559707,-0.00611638574945669,0.006));
#9648=CARTESIAN_POINT('',(-0.022915394142494,-0.00488160428044053,0.006));
#9649=CARTESIAN_POINT('',(-0.0222024927290175,-0.00364682281142434,0.006));
#9650=CARTESIAN_POINT('',(0.,0.,0.006));
#9651=CARTESIAN_POINT('',(-0.022915394142494,-0.00488160428044053,0.006));
#9652=CARTESIAN_POINT('',(-0.022915394142494,-0.00488160428044053,0.0055));
#9653=CARTESIAN_POINT('',(-0.0222024927290175,-0.00364682281142434,0.0055));
#9654=CARTESIAN_POINT('',(-0.0236282955559707,-0.00611638574945669,0.0055));
#9655=CARTESIAN_POINT('',(-0.0222024927290175,-0.00364682281142434,0.006));
#9656=CARTESIAN_POINT('',(-0.0236282955559707,-0.00611638574945669,0.006));
#9657=CARTESIAN_POINT('',(-0.0075160660804216,-1.38067894013525E-18,0.0055));
#9658=CARTESIAN_POINT('',(0.,0.,0.0055));
#9659=CARTESIAN_POINT('',(-0.0214792923533342,-0.0067,0.0055));
#9660=CARTESIAN_POINT('',(-0.0208134928339591,-3.98188887332464E-17,0.0055));
#9661=CARTESIAN_POINT('',(-0.0208134928339591,-3.98188887332464E-17,-2.00000000000027E-6));
#9662=CARTESIAN_POINT('',(-0.0214792923533342,0.0067,0.0055));
#9663=CARTESIAN_POINT('',(-0.0214792923533342,-0.0067,0.0055));
#9664=CARTESIAN_POINT('',(0.,0.,0.0075));
#9665=CARTESIAN_POINT('',(0.0208134928339591,3.7269970995428E-17,-2.00000000000027E-6));
#9666=CARTESIAN_POINT('',(0.0214792923533342,-0.0067,0.0055));
#9667=CARTESIAN_POINT('',(0.0214792923533342,-0.0067,0.0055));
#9668=CARTESIAN_POINT('',(0.0214792923533342,0.0067,0.0055));
#9669=CARTESIAN_POINT('',(0.0214792923533342,0.0067,0.0055));
#9670=CARTESIAN_POINT('',(0.0208134928339591,3.7269970995428E-17,0.0055));
#9671=CARTESIAN_POINT('',(0.0236282955559707,0.00611638574945669,0.0055));
#9672=CARTESIAN_POINT('',(0.0236282955559707,0.00611638574945669,0.006));
#9673=CARTESIAN_POINT('',(0.0236282955559707,0.00611638574945669,0.006));
#9674=CARTESIAN_POINT('',(0.0208134928339591,-1.17359672009168E-17,0.006));
#9675=CARTESIAN_POINT('',(0.025041325130995,0.00524010716189476,0.006));
#9676=CARTESIAN_POINT('',(0.025041325130995,0.00524010716189476,0.0065));
#9677=CARTESIAN_POINT('',(0.025041325130995,0.00524010716189476,0.0065));
#9678=CARTESIAN_POINT('',(0.0208134928339591,-6.03082245282674E-17,0.0065));
#9679=CARTESIAN_POINT('',(0.026285947506168,0.00392243914683457,0.0065));
#9680=CARTESIAN_POINT('',(0.026285947506168,0.00392243914683457,0.007));
#9681=CARTESIAN_POINT('',(0.026285947506168,0.00392243914683457,0.007));
#9682=CARTESIAN_POINT('',(0.0208134928339591,-3.496030690027E-18,0.007));
#9683=CARTESIAN_POINT('',(0.0272236147636616,0.0020600062733757,0.007));
#9684=CARTESIAN_POINT('',(0.0272236147636616,0.0020600062733757,0.0075));
#9685=CARTESIAN_POINT('',(0.0272236147636616,0.0020600062733757,0.0075));
#9686=CARTESIAN_POINT('',(0.0208134928339591,-1.44811038953573E-17,0.0075));
#9687=CARTESIAN_POINT('',(0.0272236147636616,-0.00206000627337569,0.0075));
#9688=CARTESIAN_POINT('',(0.0272236147636616,-0.00206000627337569,0.0075));
#9689=CARTESIAN_POINT('',(0.0272236147636616,-0.00206000627337569,0.007));
#9690=CARTESIAN_POINT('',(0.0208134928339591,6.04494842784544E-18,0.007));
#9691=CARTESIAN_POINT('',(0.026285947506168,-0.00392243914683457,0.007));
#9692=CARTESIAN_POINT('',(0.026285947506168,-0.00392243914683457,0.007));
#9693=CARTESIAN_POINT('',(0.026285947506168,-0.00392243914683457,0.0065));
#9694=CARTESIAN_POINT('',(0.0208134928339591,6.28571422660859E-17,0.0065));
#9695=CARTESIAN_POINT('',(0.025041325130995,-0.00524010716189475,0.0065));
#9696=CARTESIAN_POINT('',(0.025041325130995,-0.00524010716189475,0.0065));
#9697=CARTESIAN_POINT('',(0.025041325130995,-0.00524010716189475,0.006));
#9698=CARTESIAN_POINT('',(0.0208134928339591,1.42848849387353E-17,0.006));
#9699=CARTESIAN_POINT('',(0.0236282955559707,-0.00611638574945669,0.006));
#9700=CARTESIAN_POINT('',(0.0236282955559707,-0.00611638574945669,0.006));
#9701=CARTESIAN_POINT('',(0.0236282955559707,-0.00611638574945669,0.0055));
#9702=CARTESIAN_POINT('',(0.0208134928339591,-3.47210532576095E-17,0.0055));
#9703=CARTESIAN_POINT('',(0.0248548603498243,0.00142530044112034,0.0075));
#9704=CARTESIAN_POINT('',(0.0248548603498243,0.00142530044112034,0.007));
#9705=CARTESIAN_POINT('',(0.0224861059359871,0.000790594608864982,0.007));
#9706=CARTESIAN_POINT('',(0.0224861059359871,0.000790594608864982,0.0075));
#9707=CARTESIAN_POINT('',(0.0224861059359871,0.000790594608864982,0.0075));
#9708=CARTESIAN_POINT('',(0.0248548603498243,0.00142530044112034,0.0075));
#9709=CARTESIAN_POINT('',(0.,0.,0.0075));
#9710=CARTESIAN_POINT('',(0.,0.,0.0055));
#9711=CARTESIAN_POINT('',(0.0222024927290175,-0.00364682281142434,0.0055));
#9712=CARTESIAN_POINT('',(0.0222024927290175,-0.00364682281142434,0.006));
#9713=CARTESIAN_POINT('',(0.0222024927290175,-0.00364682281142434,0.006));
#9714=CARTESIAN_POINT('',(0.,0.,0.006));
#9715=CARTESIAN_POINT('',(0.0223546421359218,-0.00255342416665742,0.006));
#9716=CARTESIAN_POINT('',(0.0223546421359218,-0.00255342416665742,0.0065));
#9717=CARTESIAN_POINT('',(0.0223546421359218,-0.00255342416665742,0.0065));
#9718=CARTESIAN_POINT('',(0.,0.,0.0065));
#9719=CARTESIAN_POINT('',(0.0224357229115319,-0.00169951094052415,0.0065));
#9720=CARTESIAN_POINT('',(0.0224357229115319,-0.00169951094052415,0.007));
#9721=CARTESIAN_POINT('',(0.0224357229115319,-0.00169951094052415,0.007));
#9722=CARTESIAN_POINT('',(0.,0.,0.007));
#9723=CARTESIAN_POINT('',(0.0224861059359871,-0.000790594608864979,0.007));
#9724=CARTESIAN_POINT('',(0.0224861059359871,-0.000790594608864979,0.0075));
#9725=CARTESIAN_POINT('',(0.0224861059359871,-0.000790594608864979,0.0075));
#9726=CARTESIAN_POINT('',(0.,0.,0.0075));
#9727=CARTESIAN_POINT('',(0.,0.,0.007));
#9728=CARTESIAN_POINT('',(0.0224357229115319,0.00169951094052416,0.007));
#9729=CARTESIAN_POINT('',(0.0224357229115319,0.00169951094052416,0.007));
#9730=CARTESIAN_POINT('',(0.0224357229115319,0.00169951094052416,0.0065));
#9731=CARTESIAN_POINT('',(0.,0.,0.0065));
#9732=CARTESIAN_POINT('',(0.0223546421359218,0.00255342416665742,0.0065));
#9733=CARTESIAN_POINT('',(0.0223546421359218,0.00255342416665742,0.0065));
#9734=CARTESIAN_POINT('',(0.0223546421359218,0.00255342416665742,0.006));
#9735=CARTESIAN_POINT('',(0.,0.,0.006));
#9736=CARTESIAN_POINT('',(0.0222024927290175,0.00364682281142434,0.006));
#9737=CARTESIAN_POINT('',(0.0222024927290175,0.00364682281142434,0.006));
#9738=CARTESIAN_POINT('',(0.0222024927290175,0.00364682281142434,0.0055));
#9739=CARTESIAN_POINT('',(0.,0.,0.0055));
#9740=CARTESIAN_POINT('',(0.0075160660804216,4.60226313378415E-19,0.0075));
#9741=CARTESIAN_POINT('',(0.0248548603498243,-0.00142530044112034,0.0075));
#9742=CARTESIAN_POINT('',(0.0243608352088499,0.00281097504367937,0.007));
#9743=CARTESIAN_POINT('',(0.0243608352088499,0.00281097504367937,0.0065));
#9744=CARTESIAN_POINT('',(0.0243608352088499,0.00281097504367937,0.007));
#9745=CARTESIAN_POINT('',(0.0075160660804216,4.60226313378415E-19,0.007));
#9746=CARTESIAN_POINT('',(0.0236979836334584,0.00389676566427609,0.0065));
#9747=CARTESIAN_POINT('',(0.0236979836334584,0.00389676566427609,0.006));
#9748=CARTESIAN_POINT('',(0.0236979836334584,0.00389676566427609,0.0065));
#9749=CARTESIAN_POINT('',(0.0075160660804216,4.60226313378415E-19,0.0065));
#9750=CARTESIAN_POINT('',(0.022915394142494,0.00488160428044052,0.006));
#9751=CARTESIAN_POINT('',(0.022915394142494,0.00488160428044052,0.0055));
#9752=CARTESIAN_POINT('',(0.022915394142494,0.00488160428044052,0.006));
#9753=CARTESIAN_POINT('',(0.0075160660804216,4.60226313378415E-19,0.006));
#9754=CARTESIAN_POINT('',(0.0075160660804216,4.60226313378415E-19,0.0055));
#9755=CARTESIAN_POINT('',(0.0248548603498243,-0.00142530044112034,0.0075));
#9756=CARTESIAN_POINT('',(0.0248548603498243,-0.00142530044112034,0.007));
#9757=CARTESIAN_POINT('',(0.0243608352088499,-0.00281097504367937,0.007));
#9758=CARTESIAN_POINT('',(0.0243608352088499,-0.00281097504367937,0.0065));
#9759=CARTESIAN_POINT('',(0.0243608352088499,-0.00281097504367937,0.007));
#9760=CARTESIAN_POINT('',(0.0075160660804216,4.60226313378415E-19,0.007));
#9761=CARTESIAN_POINT('',(0.0236979836334584,-0.00389676566427609,0.0065));
#9762=CARTESIAN_POINT('',(0.0236979836334584,-0.00389676566427609,0.006));
#9763=CARTESIAN_POINT('',(0.0236979836334584,-0.00389676566427609,0.0065));
#9764=CARTESIAN_POINT('',(0.0075160660804216,4.60226313378415E-19,0.0065));
#9765=CARTESIAN_POINT('',(0.022915394142494,-0.00488160428044052,0.006));
#9766=CARTESIAN_POINT('',(0.022915394142494,-0.00488160428044052,0.0055));
#9767=CARTESIAN_POINT('',(0.022915394142494,-0.00488160428044052,0.006));
#9768=CARTESIAN_POINT('',(0.0075160660804216,4.60226313378415E-19,0.006));
#9769=CARTESIAN_POINT('',(0.0075160660804216,4.60226313378415E-19,0.0055));
#9770=CARTESIAN_POINT('',(-0.025625,0.,-0.005));
#9771=CARTESIAN_POINT('',(0.0305,0.,-0.005));
#9772=CARTESIAN_POINT('',(0.0305,-0.0700323879818265,-0.005));
#9773=CARTESIAN_POINT('',(0.0305,-0.0715323879818265,-0.005));
#9774=CARTESIAN_POINT('',(0.0325,-0.0715323879818265,-0.005));
#9775=CARTESIAN_POINT('',(0.0325,-0.0715323879818265,-0.005));
#9776=CARTESIAN_POINT('',(0.0325,0.,-0.005));
#9777=CARTESIAN_POINT('',(0.0325,-0.0725323879818265,-0.005));
#9778=CARTESIAN_POINT('',(0.00768047845628108,-0.0725323879818265,-0.005));
#9779=CARTESIAN_POINT('',(0.00818047845628108,-0.0725323879818265,-0.005));
#9780=CARTESIAN_POINT('',(0.00818047845628109,-2.24901706674807E-18,-0.005));
#9781=CARTESIAN_POINT('',(0.00818047845628109,-0.0212283365393127,-0.005));
#9782=CARTESIAN_POINT('',(0.,0.,-0.005));
#9783=CARTESIAN_POINT('',(-0.0081804784562811,-0.0212283365393127,-0.005));
#9784=CARTESIAN_POINT('',(-0.0081804784562811,-0.0730323879818265,-0.005));
#9785=CARTESIAN_POINT('',(-0.0081804784562811,-0.0725323879818265,-0.005));
#9786=CARTESIAN_POINT('',(-0.033,-0.0725323879818265,-0.005));
#9787=CARTESIAN_POINT('',(-0.0325,-0.0725323879818265,-0.005));
#9788=CARTESIAN_POINT('',(-0.0325,-0.0715323879818265,-0.005));
#9789=CARTESIAN_POINT('',(-0.0325,-0.0715323879818265,-0.005));
#9790=CARTESIAN_POINT('',(-0.031,-0.0715323879818265,-0.005));
#9791=CARTESIAN_POINT('',(-0.0305,-0.0715323879818265,-0.005));
#9792=CARTESIAN_POINT('',(-0.0305,-0.0700323879818265,-0.005));
#9793=CARTESIAN_POINT('',(-0.0305,-0.0700323879818265,-0.005));
#9794=CARTESIAN_POINT('',(-0.029,-0.0700323879818265,-0.005));
#9795=CARTESIAN_POINT('',(-0.0285,-0.0700323879818265,-0.005));
#9796=CARTESIAN_POINT('',(-0.0285,-0.0685323879818265,-0.005));
#9797=CARTESIAN_POINT('',(-0.0285,-0.0685323879818265,-0.005));
#9798=CARTESIAN_POINT('',(-0.0235933978110552,-0.0685323879818265,-0.005));
#9799=CARTESIAN_POINT('',(-0.0230933978110552,-0.0685323879818265,-0.005));
#9800=CARTESIAN_POINT('',(-0.0230933978110552,0.,-0.005));
#9801=CARTESIAN_POINT('',(-0.0230933978110552,-0.0627890204108973,-0.005));
#9802=CARTESIAN_POINT('',(-0.0105,-0.0645671414998326,-0.005));
#9803=CARTESIAN_POINT('',(-0.018,-0.0542955601690731,-0.005));
#9804=CARTESIAN_POINT('',(-0.018,-0.0385323879818266,-0.005));
#9805=CARTESIAN_POINT('',(-0.018,-0.0385323879818266,-0.005));
#9806=CARTESIAN_POINT('',(-0.016,-0.0385323879818266,-0.005));
#9807=CARTESIAN_POINT('',(-0.016,-0.0365323879818266,-0.005));
#9808=CARTESIAN_POINT('',(-0.025625,-0.0365323879818266,-0.005));
#9809=CARTESIAN_POINT('',(-0.014,-0.0365323879818266,-0.005));
#9810=CARTESIAN_POINT('',(-0.014,-0.0325323879818266,-0.005));
#9811=CARTESIAN_POINT('',(-0.014,-0.0325323879818266,-0.005));
#9812=CARTESIAN_POINT('',(-0.012,-0.0325323879818266,-0.005));
#9813=CARTESIAN_POINT('',(-0.012,-0.0305323879818265,-0.005));
#9814=CARTESIAN_POINT('',(-0.025625,-0.0305323879818265,-0.005));
#9815=CARTESIAN_POINT('',(-0.01,-0.0305323879818265,-0.005));
#9816=CARTESIAN_POINT('',(-0.01,-0.0270323879818265,-0.005));
#9817=CARTESIAN_POINT('',(-0.01,-0.026688012290165,-0.005));
#9818=CARTESIAN_POINT('',(0.,0.,-0.005));
#9819=CARTESIAN_POINT('',(0.01,-0.026688012290165,-0.005));
#9820=CARTESIAN_POINT('',(0.01,0.,-0.005));
#9821=CARTESIAN_POINT('',(0.01,-0.0305323879818265,-0.005));
#9822=CARTESIAN_POINT('',(0.012,-0.0305323879818265,-0.005));
#9823=CARTESIAN_POINT('',(0.012,-0.0305323879818265,-0.005));
#9824=CARTESIAN_POINT('',(0.012,-0.0325323879818266,-0.005));
#9825=CARTESIAN_POINT('',(0.014,-0.0325323879818266,-0.005));
#9826=CARTESIAN_POINT('',(0.014,0.,-0.005));
#9827=CARTESIAN_POINT('',(0.014,-0.0365323879818266,-0.005));
#9828=CARTESIAN_POINT('',(0.016,-0.0365323879818266,-0.005));
#9829=CARTESIAN_POINT('',(0.016,-0.0365323879818266,-0.005));
#9830=CARTESIAN_POINT('',(0.016,-0.0385323879818266,-0.005));
#9831=CARTESIAN_POINT('',(0.018,-0.0385323879818266,-0.005));
#9832=CARTESIAN_POINT('',(0.018,8.77418105965081E-18,-0.005));
#9833=CARTESIAN_POINT('',(0.018,-0.0542955601690731,-0.005));
#9834=CARTESIAN_POINT('',(0.0105,-0.0645671414998326,-0.005));
#9835=CARTESIAN_POINT('',(0.0230933978110552,-0.0627890204108973,-0.005));
#9836=CARTESIAN_POINT('',(0.0230933978110552,-0.0680323879818265,-0.005));
#9837=CARTESIAN_POINT('',(0.0230933978110552,-0.0685323879818265,-0.005));
#9838=CARTESIAN_POINT('',(0.0285,-0.0685323879818265,-0.005));
#9839=CARTESIAN_POINT('',(0.0285,-0.0685323879818265,-0.005));
#9840=CARTESIAN_POINT('',(0.0285,0.,-0.005));
#9841=CARTESIAN_POINT('',(0.0285,-0.0700323879818265,-0.005));
#9842=CARTESIAN_POINT('',(0.0305,-0.0700323879818265,-0.005));
#9843=CARTESIAN_POINT('',(-0.01525,-0.0360323879818265,0.));
#9844=CARTESIAN_POINT('',(-0.01525,-0.0360323879818265,-0.0045));
#9845=CARTESIAN_POINT('',(-0.016,-0.0360323879818265,-0.0045));
#9846=CARTESIAN_POINT('',(-0.016,-0.0360323879818265,0.));
#9847=CARTESIAN_POINT('',(-0.016,-0.0360323879818265,0.));
#9848=CARTESIAN_POINT('',(-0.01525,-0.0360323879818265,0.));
#9849=CARTESIAN_POINT('',(-0.012,-0.0325323879818266,0.));
#9850=CARTESIAN_POINT('',(-0.012,-0.0300323879818265,0.));
#9851=CARTESIAN_POINT('',(-0.012,-0.0300323879818265,0.001));
#9852=CARTESIAN_POINT('',(-0.012,-0.0300323879818265,-0.0045));
#9853=CARTESIAN_POINT('',(-0.012,-0.0325323879818266,-0.0045));
#9854=CARTESIAN_POINT('',(-0.012,-0.0325323879818266,0.001));
#9855=CARTESIAN_POINT('',(-0.01125,-0.0300323879818265,0.));
#9856=CARTESIAN_POINT('',(-0.01125,-0.0300323879818265,-0.0045));
#9857=CARTESIAN_POINT('',(-0.01125,-0.0300323879818265,0.001));
#9858=CARTESIAN_POINT('',(-0.0165,-0.0730323879818265,0.));
#9859=CARTESIAN_POINT('',(-0.018,-0.0730323879818265,-0.00125));
#9860=CARTESIAN_POINT('',(-0.018,-0.0730323879818265,-0.00325));
#9861=CARTESIAN_POINT('',(0.018,-0.0730323879818265,-0.00125));
#9862=CARTESIAN_POINT('',(0.018,-0.0730323879818265,-0.00325));
#9863=CARTESIAN_POINT('',(0.00768047845628109,-0.0730323879818265,0.));
#9864=CARTESIAN_POINT('',(0.00768047845628109,-0.0730323879818265,0.));
#9865=CARTESIAN_POINT('',(0.00768047845628109,-0.0730323879818265,-0.0045));
#9866=CARTESIAN_POINT('',(0.033,-0.0730323879818265,-0.0045));
#9867=CARTESIAN_POINT('',(0.033,-0.0730323879818265,-0.0045));
#9868=CARTESIAN_POINT('',(0.033,-0.0730323879818265,-9.54097911787244E-18));
#9869=CARTESIAN_POINT('',(0.033,-0.0730323879818265,0.005));
#9870=CARTESIAN_POINT('',(-0.0165,-0.0730323879818265,0.005));
#9871=CARTESIAN_POINT('',(-0.033,-0.0730323879818265,0.005));
#9872=CARTESIAN_POINT('',(-0.033,-0.0730323879818265,-9.54097911787244E-18));
#9873=CARTESIAN_POINT('',(-0.033,-0.0730323879818265,-0.0045));
#9874=CARTESIAN_POINT('',(-0.0076804784562811,-0.0730323879818265,-0.0045));
#9875=CARTESIAN_POINT('',(-0.0076804784562811,-0.0730323879818265,-0.0045));
#9876=CARTESIAN_POINT('',(-0.0076804784562811,-0.0730323879818265,0.));
#9877=CARTESIAN_POINT('',(-0.0076804784562811,-0.0730323879818265,0.));
#9878=CARTESIAN_POINT('',(-0.0165,-0.0730323879818265,0.));
#9879=CARTESIAN_POINT('',(-0.0185,-0.0557823879818265,0.));
#9880=CARTESIAN_POINT('',(-0.0185,-0.0385323879818266,0.));
#9881=CARTESIAN_POINT('',(-0.0185,-0.0385323879818266,0.));
#9882=CARTESIAN_POINT('',(-0.0185,-0.0385323879818266,-0.0045));
#9883=CARTESIAN_POINT('',(-0.0185,-0.0540446089147777,-0.0045));
#9884=CARTESIAN_POINT('',(-0.0185,-0.0385323879818266,0.));
#9885=CARTESIAN_POINT('',(-0.016,-0.0385323879818266,0.));
#9886=CARTESIAN_POINT('',(-0.016,-0.0385323879818266,-0.0045));
#9887=CARTESIAN_POINT('',(-0.016,-0.0385323879818266,0.));
#9888=CARTESIAN_POINT('',(-0.0175052369931667,-0.0515323879818265,0.001));
#9889=CARTESIAN_POINT('',(-0.0113925511302642,-0.0654904606157958,0.002));
#9890=CARTESIAN_POINT('',(-0.0113925511302642,-0.0654904606157958,0.001));
#9891=CARTESIAN_POINT('',(-0.0117267444838222,-0.0655733161247102,0.001));
#9892=CARTESIAN_POINT('',(-0.0110583577767059,-0.0654076051068813,0.001));
#9893=CARTESIAN_POINT('',(-0.0117267444838222,-0.0655733161247102,0.002));
#9894=CARTESIAN_POINT('',(-0.0110583577767059,-0.0654076051068813,0.002));
#9895=CARTESIAN_POINT('',(-0.0131138756603691,-0.0595649908990313,0.002));
#9896=CARTESIAN_POINT('',(-0.0131138756603691,-0.0595649908990313,0.001));
#9897=CARTESIAN_POINT('',(-0.0145010068369157,-0.0535566656733525,0.001));
#9898=CARTESIAN_POINT('',(-0.0145010068369157,-0.0535566656733525,0.002));
#9899=CARTESIAN_POINT('',(-0.0112869248384108,-0.0627859411328349,0.002));
#9900=CARTESIAN_POINT('',(-0.0112869248384108,-0.0627859411328349,0.001));
#9901=CARTESIAN_POINT('',(-0.0110583577767059,-0.0530157003119328,0.001));
#9902=CARTESIAN_POINT('',(-0.0110583577767059,-0.0530157003119328,0.002));
#9903=CARTESIAN_POINT('',(-0.0137489220267382,-0.0598178935810776,0.002));
#9904=CARTESIAN_POINT('',(-0.0137489220267382,-0.0598178935810776,0.001));
#9905=CARTESIAN_POINT('',(-0.0152417806427258,-0.0538303647076103,0.001));
#9906=CARTESIAN_POINT('',(-0.0122560634107508,-0.0658054224545449,0.001));
#9907=CARTESIAN_POINT('',(-0.0122560634107508,-0.0658054224545449,0.002));
#9908=CARTESIAN_POINT('',(-0.0152417806427258,-0.0538303647076103,0.002));
#9909=CARTESIAN_POINT('',(-0.0124877348231558,-0.0659521554080224,0.002));
#9910=CARTESIAN_POINT('',(-0.0124877348231558,-0.0659521554080224,0.001));
#9911=CARTESIAN_POINT('',(-0.0127194062355608,-0.0660988883615,0.001));
#9912=CARTESIAN_POINT('',(-0.0127194062355608,-0.0660988883615,0.002));
#9913=CARTESIAN_POINT('',(-0.015323200278023,-0.0607603194335585,0.002));
#9914=CARTESIAN_POINT('',(-0.015323200278023,-0.0607603194335585,0.001));
#9915=CARTESIAN_POINT('',(-0.0179269943204852,-0.0554217505056171,0.001));
#9916=CARTESIAN_POINT('',(-0.0179269943204852,-0.0554217505056171,0.002));
#9917=CARTESIAN_POINT('',(-0.0166234606797745,-0.0620998142466843,0.002));
#9918=CARTESIAN_POINT('',(-0.0166234606797745,-0.0620998142466843,0.001));
#9919=CARTESIAN_POINT('',(-0.0199309144078005,-0.0575474947326342,0.001));
#9920=CARTESIAN_POINT('',(-0.0133160069517484,-0.0666521337607344,0.001));
#9921=CARTESIAN_POINT('',(-0.0133160069517484,-0.0666521337607344,0.002));
#9922=CARTESIAN_POINT('',(-0.0199309144078005,-0.0575474947326342,0.002));
#9923=CARTESIAN_POINT('',(-0.013415657665449,-0.0667777619080474,0.002));
#9924=CARTESIAN_POINT('',(-0.013415657665449,-0.0667777619080474,0.001));
#9925=CARTESIAN_POINT('',(-0.0135153083791495,-0.0669033900553605,0.001));
#9926=CARTESIAN_POINT('',(-0.0135153083791495,-0.0669033900553605,0.002));
#9927=CARTESIAN_POINT('',(-0.0173720449249519,-0.0634307688717287,0.002));
#9928=CARTESIAN_POINT('',(-0.0173720449249519,-0.0634307688717287,0.001));
#9929=CARTESIAN_POINT('',(-0.0212287814707543,-0.059958147688097,0.001));
#9930=CARTESIAN_POINT('',(-0.0212287814707543,-0.059958147688097,0.002));
#9931=CARTESIAN_POINT('',(-0.0176490431797224,-0.0640594638337162,0.002));
#9932=CARTESIAN_POINT('',(-0.0176490431797224,-0.0640594638337162,0.001));
#9933=CARTESIAN_POINT('',(-0.0215038070451773,-0.0607671844692087,0.001));
#9934=CARTESIAN_POINT('',(-0.0137942793142675,-0.0673517431982237,0.001));
#9935=CARTESIAN_POINT('',(-0.0137942793142675,-0.0673517431982237,0.002));
#9936=CARTESIAN_POINT('',(-0.0215038070451773,-0.0607671844692087,0.002));
#9937=CARTESIAN_POINT('',(-0.0138280812353888,-0.0674190464580958,0.002));
#9938=CARTESIAN_POINT('',(-0.0138280812353888,-0.0674190464580958,0.001));
#9939=CARTESIAN_POINT('',(-0.01386188315651,-0.067486349717968,0.001));
#9940=CARTESIAN_POINT('',(-0.01386188315651,-0.067486349717968,0.002));
#9941=CARTESIAN_POINT('',(-0.0178786504869721,-0.0651202929398384,0.002));
#9942=CARTESIAN_POINT('',(-0.0178786504869721,-0.0651202929398384,0.001));
#9943=CARTESIAN_POINT('',(-0.0218954178174342,-0.0627542361617088,0.001));
#9944=CARTESIAN_POINT('',(-0.0218954178174342,-0.0627542361617088,0.002));
#9945=CARTESIAN_POINT('',(-0.0179339089679467,-0.0656529086948006,0.002));
#9946=CARTESIAN_POINT('',(-0.0179339089679467,-0.0656529086948006,0.001));
#9947=CARTESIAN_POINT('',(-0.0218954178174342,-0.0635636510043503,0.001));
#9948=CARTESIAN_POINT('',(-0.0139724001184591,-0.0677421663852509,0.001));
#9949=CARTESIAN_POINT('',(-0.0139724001184591,-0.0677421663852509,0.002));
#9950=CARTESIAN_POINT('',(-0.0218954178174342,-0.0635636510043503,0.002));
#9951=CARTESIAN_POINT('',(-0.014049398803327,-0.06799064959753,0.002));
#9952=CARTESIAN_POINT('',(-0.014049398803327,-0.06799064959753,0.001));
#9953=CARTESIAN_POINT('',(-0.014126397488195,-0.0682391328098091,0.001));
#9954=CARTESIAN_POINT('',(-0.014126397488195,-0.0682391328098091,0.002));
#9955=CARTESIAN_POINT('',(-0.0180109076528146,-0.0672253338494034,0.002));
#9956=CARTESIAN_POINT('',(-0.0180109076528146,-0.0672253338494034,0.001));
#9957=CARTESIAN_POINT('',(-0.0218954178174342,-0.0662115348889976,0.001));
#9958=CARTESIAN_POINT('',(-0.0218954178174342,-0.0662115348889976,0.002));
#9959=CARTESIAN_POINT('',(-0.0180594670409932,-0.0689854306521754,0.002));
#9960=CARTESIAN_POINT('',(-0.0180594670409932,-0.0689854306521754,0.001));
#9961=CARTESIAN_POINT('',(-0.0218954178174342,-0.0689854306521754,0.001));
#9962=CARTESIAN_POINT('',(-0.0142235162645523,-0.0689854306521754,0.001));
#9963=CARTESIAN_POINT('',(-0.0218954178174342,-0.0689854306521754,0.002));
#9964=CARTESIAN_POINT('',(-0.0142235162645523,-0.0689854306521754,0.002));
#9965=CARTESIAN_POINT('',(-0.0218954178174342,-0.0678196129663903,0.002));
#9966=CARTESIAN_POINT('',(-0.0218954178174342,-0.0678196129663903,0.001));
#9967=CARTESIAN_POINT('',(-0.0218954178174342,-0.0666537952806052,0.001));
#9968=CARTESIAN_POINT('',(-0.0218954178174342,-0.0666537952806052,0.002));
#9969=CARTESIAN_POINT('',(-0.0180342934108267,-0.0675625418246841,0.002));
#9970=CARTESIAN_POINT('',(-0.0180342934108267,-0.0675625418246841,0.001));
#9971=CARTESIAN_POINT('',(-0.0141731690042194,-0.0684712883687629,0.001));
#9972=CARTESIAN_POINT('',(-0.0141731690042194,-0.0684712883687629,0.002));
#9973=CARTESIAN_POINT('',(-0.0130489858262106,-0.0605914928224668,0.002));
#9974=CARTESIAN_POINT('',(-0.0130489858262106,-0.0605914928224668,0.001));
#9975=CARTESIAN_POINT('',(-0.0143597946458489,-0.0621016243970973,0.002));
#9976=CARTESIAN_POINT('',(-0.0143597946458489,-0.0621016243970973,0.001));
#9977=CARTESIAN_POINT('',(-0.0166584150123574,-0.0627542361617088,0.002));
#9978=CARTESIAN_POINT('',(-0.0166584150123574,-0.0627542361617088,0.001));
#9979=CARTESIAN_POINT('',(-0.0218954178174342,-0.0648875929466739,0.002));
#9980=CARTESIAN_POINT('',(-0.0218954178174342,-0.0648875929466739,0.001));
#9981=CARTESIAN_POINT('',(-0.0141983426343859,-0.0687283595104692,0.002));
#9982=CARTESIAN_POINT('',(-0.0141983426343859,-0.0687283595104692,0.001));
#9983=CARTESIAN_POINT('',(-0.0110583577767059,-0.0592116527094071,0.002));
#9984=CARTESIAN_POINT('',(-0.0110583577767059,-0.0592116527094071,0.001));
#9985=CARTESIAN_POINT('',(0.,-0.0220161939909133,0.001));
#9986=CARTESIAN_POINT('',(0.,-0.0220161939909133,0.001));
#9987=CARTESIAN_POINT('',(0.,-0.0220161939909133,0.001));
#9988=CARTESIAN_POINT('',(0.,-0.0220161939909133,0.001));
#9989=CARTESIAN_POINT('',(0.,-0.0220161939909133,0.001));
#9990=CARTESIAN_POINT('',(0.,-0.0220161939909133,0.001));
#9991=CARTESIAN_POINT('',(0.,0.,0.0015));
#9992=CARTESIAN_POINT('',(0.008,-0.0278747197295327,0.002));
#9993=CARTESIAN_POINT('',(0.00825928114966061,-0.0278003064540842,0.002));
#9994=CARTESIAN_POINT('',(0.00850000000000015,-0.0277263412660236,0.00177008436464157));
#9995=CARTESIAN_POINT('',(0.00850000000000016,-0.0277263412660236,0.00150000000000003));
#9996=CARTESIAN_POINT('',(-0.0105,-0.0270323879818266,0.001));
#9997=CARTESIAN_POINT('',(-0.0105,-0.0270323879818266,0.00127337231318409));
#9998=CARTESIAN_POINT('',(-0.0102561649537832,-0.0271272106304746,0.0015));
#9999=CARTESIAN_POINT('',(-0.01,-0.0272213151776324,0.0015));
#10000=CARTESIAN_POINT('',(-0.0085,-0.0277263412660236,0.0015));
#10001=CARTESIAN_POINT('',(-0.0085,-0.0277263412660236,0.00176986101030043));
#10002=CARTESIAN_POINT('',(-0.00825909997683424,-0.0278003584503957,0.002));
#10003=CARTESIAN_POINT('',(-0.008,-0.0278747197295327,0.002));
#10004=CARTESIAN_POINT('',(-0.00534138317886997,-0.0285038528226709,0.002));
#10005=CARTESIAN_POINT('',(-0.00534138317886997,-0.0285038528226709,0.00226619465592659));
#10006=CARTESIAN_POINT('',(-0.0051037298167128,-0.0285486031341327,0.00249999999999999));
#10007=CARTESIAN_POINT('',(-0.00484138317886998,-0.0285930237805545,0.0025));
#10008=CARTESIAN_POINT('',(0.00534138317886997,-0.0285038528226709,0.0025));
#10009=CARTESIAN_POINT('',(0.00534138317886997,-0.0285038528226709,0.00223329713891669));
#10010=CARTESIAN_POINT('',(0.00558028336601015,-0.0284592953815323,0.002));
#10011=CARTESIAN_POINT('',(0.00584138317886997,-0.0284056023093617,0.002));
#10012=CARTESIAN_POINT('',(-0.0165,-0.0710323879818265,0.005));
#10013=CARTESIAN_POINT('',(0.033,-0.0710323879818265,0.005));
#10014=CARTESIAN_POINT('',(0.033,-0.0715323879818265,0.005));
#10015=CARTESIAN_POINT('',(-0.033,-0.0715323879818265,0.005));
#10016=CARTESIAN_POINT('',(-0.033,-0.0715323879818265,0.005));
#10017=CARTESIAN_POINT('',(-0.033,-0.0710323879818265,0.005));
#10018=CARTESIAN_POINT('',(-0.033,-0.0710323879818265,-9.54097911787244E-18));
#10019=CARTESIAN_POINT('',(-0.033,-0.0715323879818265,-9.54097911787244E-18));
#10020=CARTESIAN_POINT('',(-0.033,-0.0715323879818265,-0.0045));
#10021=CARTESIAN_POINT('',(-0.033,-0.0730323879818265,-0.0045));
#10022=CARTESIAN_POINT('',(-0.0155,-0.0695323879818265,0.003));
#10023=CARTESIAN_POINT('',(0.031,-0.0695323879818265,0.003));
#10024=CARTESIAN_POINT('',(0.031,-0.0700323879818265,0.003));
#10025=CARTESIAN_POINT('',(-0.031,-0.0700323879818265,0.003));
#10026=CARTESIAN_POINT('',(-0.031,-0.0700323879818265,0.003));
#10027=CARTESIAN_POINT('',(-0.031,-0.0695323879818265,0.003));
#10028=CARTESIAN_POINT('',(-0.031,-0.0695323879818265,-0.001));
#10029=CARTESIAN_POINT('',(-0.031,-0.0700323879818265,-0.001));
#10030=CARTESIAN_POINT('',(-0.031,-0.0700323879818265,-0.0045));
#10031=CARTESIAN_POINT('',(-0.031,-0.0710323879818265,-0.0045));
#10032=CARTESIAN_POINT('',(-0.0165,-0.0695323879818265,-5.20417042793042E-18));
#10033=CARTESIAN_POINT('',(0.0305,-0.0695323879818265,-0.005));
#10034=CARTESIAN_POINT('',(0.0305,-0.0695323879818265,0.0025));
#10035=CARTESIAN_POINT('',(0.0305,-0.0695323879818265,-0.0045));
#10036=CARTESIAN_POINT('',(0.029,-0.0695323879818265,-0.0045));
#10037=CARTESIAN_POINT('',(0.029,-0.0695323879818265,-0.0045));
#10038=CARTESIAN_POINT('',(0.029,-0.0695323879818265,-0.002));
#10039=CARTESIAN_POINT('',(0.029,-0.0695323879818265,0.000999999999999989));
#10040=CARTESIAN_POINT('',(0.0145,-0.0695323879818265,0.001));
#10041=CARTESIAN_POINT('',(0.0230933978110552,-0.0695323879818265,0.0015));
#10042=CARTESIAN_POINT('',(0.008,-0.0695323879818265,0.0015));
#10043=CARTESIAN_POINT('',(0.00584138317886997,-0.0695323879818265,0.0025));
#10044=CARTESIAN_POINT('',(0.031,-0.0695323879818265,0.0025));
#10045=CARTESIAN_POINT('',(-0.029,-0.0680323879818265,-0.002));
#10046=CARTESIAN_POINT('',(-0.029,-0.0685323879818265,-0.002));
#10047=CARTESIAN_POINT('',(-0.029,-0.0685323879818265,0.000999999999999989));
#10048=CARTESIAN_POINT('',(-0.029,-0.0685323879818265,-0.0045));
#10049=CARTESIAN_POINT('',(-0.029,-0.0695323879818265,-0.0045));
#10050=CARTESIAN_POINT('',(-0.029,-0.0680323879818265,0.000999999999999989));
#10051=CARTESIAN_POINT('',(-0.0145,-0.0680323879818265,0.001));
#10052=CARTESIAN_POINT('',(-0.029,-0.0685323879818265,0.000999999999999989));
#10053=CARTESIAN_POINT('',(-0.0165,-0.0680323879818265,-5.20417042793042E-18));
#10054=CARTESIAN_POINT('',(-0.0285,-0.0680323879818265,-0.0045));
#10055=CARTESIAN_POINT('',(-0.0285,-0.0680323879818265,-0.0045));
#10056=CARTESIAN_POINT('',(-0.0285,-0.0680323879818265,-5.20417042793042E-18));
#10057=CARTESIAN_POINT('',(-0.0285,-0.0680323879818265,0.000499999999999989));
#10058=CARTESIAN_POINT('',(-0.0235933978110552,-0.0680323879818265,0.000499999999999991));
#10059=CARTESIAN_POINT('',(-0.0175,-0.0459434359062993,0.0005));
#10060=CARTESIAN_POINT('',(-0.0175,-0.0385323879818266,0.0005));
#10061=CARTESIAN_POINT('',(-0.0175,-0.0385323879818266,0.0005));
#10062=CARTESIAN_POINT('',(-0.0175,-0.0459434359062993,0.0005));
#10063=CARTESIAN_POINT('',(-0.016,-0.0385323879818266,0.0005));
#10064=CARTESIAN_POINT('',(-0.016,-0.0370323879818266,0.0005));
#10065=CARTESIAN_POINT('',(-0.016,-0.0370323879818266,0.0005));
#10066=CARTESIAN_POINT('',(-0.016,-0.0385323879818266,0.0005));
#10067=CARTESIAN_POINT('',(-0.01525,-0.0370323879818266,0.0005));
#10068=CARTESIAN_POINT('',(-0.01525,-0.0370323879818266,0.0005));
#10069=CARTESIAN_POINT('',(-0.0165,-0.0450384984483021,0.0005));
#10070=CARTESIAN_POINT('',(-0.0165,-0.0365323879818266,0.0005));
#10071=CARTESIAN_POINT('',(-0.016,-0.0365323879818266,0.0005));
#10072=CARTESIAN_POINT('',(-0.016,-0.0385323879818266,0.0005));
#10073=CARTESIAN_POINT('',(-0.018,-0.0385323879818266,0.0005));
#10074=CARTESIAN_POINT('',(-0.018,-0.0540446089147777,0.0005));
#10075=CARTESIAN_POINT('',(-0.01125,-0.0310323879818265,0.0015));
#10076=CARTESIAN_POINT('',(-0.01,-0.0310323879818265,0.001));
#10077=CARTESIAN_POINT('',(-0.012,-0.0310323879818265,0.0015));
#10078=CARTESIAN_POINT('',(-0.0135,-0.04217247193407,0.0015));
#10079=CARTESIAN_POINT('',(-0.0135,-0.0325323879818266,0.0015));
#10080=CARTESIAN_POINT('',(-0.012,-0.0325323879818266,0.0015));
#10081=CARTESIAN_POINT('',(0.01525,-0.0360323879818265,0.));
#10082=CARTESIAN_POINT('',(0.016,-0.0360323879818265,0.));
#10083=CARTESIAN_POINT('',(0.016,-0.0360323879818265,0.));
#10084=CARTESIAN_POINT('',(0.016,-0.0360323879818265,-0.0045));
#10085=CARTESIAN_POINT('',(0.0145,-0.0360323879818265,-0.0045));
#10086=CARTESIAN_POINT('',(0.016,-0.0360323879818265,0.));
#10087=CARTESIAN_POINT('',(0.016,-0.0385323879818266,0.));
#10088=CARTESIAN_POINT('',(0.016,-0.0385323879818266,-0.0045));
#10089=CARTESIAN_POINT('',(0.016,-0.0385323879818266,0.));
#10090=CARTESIAN_POINT('',(0.01125,-0.0300323879818265,0.));
#10091=CARTESIAN_POINT('',(0.012,-0.0300323879818265,0.));
#10092=CARTESIAN_POINT('',(0.012,-0.0300323879818265,0.001));
#10093=CARTESIAN_POINT('',(0.012,-0.0300323879818265,-0.0045));
#10094=CARTESIAN_POINT('',(0.0105,-0.0300323879818265,-0.0045));
#10095=CARTESIAN_POINT('',(0.012,-0.0300323879818265,0.001));
#10096=CARTESIAN_POINT('',(0.012,-0.0325323879818266,0.));
#10097=CARTESIAN_POINT('',(0.012,-0.0325323879818266,-0.0045));
#10098=CARTESIAN_POINT('',(0.012,-0.0325323879818266,0.001));
#10099=CARTESIAN_POINT('',(0.,-0.0220161939909133,0.));
#10100=CARTESIAN_POINT('',(0.0105,-0.0645671414998326,0.));
#10101=CARTESIAN_POINT('',(0.0175,-0.053354483830772,0.));
#10102=CARTESIAN_POINT('',(0.0175,-0.0459434359062993,0.));
#10103=CARTESIAN_POINT('',(0.0175,-0.0385323879818266,0.));
#10104=CARTESIAN_POINT('',(0.016,-0.0385323879818266,0.));
#10105=CARTESIAN_POINT('',(0.016,-0.0370323879818266,0.));
#10106=CARTESIAN_POINT('',(0.01525,-0.0370323879818266,0.));
#10107=CARTESIAN_POINT('',(0.0105,-0.0645671414998326,-0.005002));
#10108=CARTESIAN_POINT('',(0.0105,-0.0645671414998326,-0.0045));
#10109=CARTESIAN_POINT('',(0.0185,-0.0540446089147777,0.));
#10110=CARTESIAN_POINT('',(0.0185,-0.0540446089147777,0.000148023078131132));
#10111=CARTESIAN_POINT('',(0.018360901580977,-0.0539381200862016,0.000416939518740753));
#10112=CARTESIAN_POINT('',(0.0181213148967969,-0.0537661713505817,0.0005));
#10113=CARTESIAN_POINT('',(0.018,-0.0536825794046658,0.0005));
#10114=CARTESIAN_POINT('',(0.018,-0.0536825794046658,0.0005));
#10115=CARTESIAN_POINT('',(0.0105,-0.0645671414998326,0.0005));
#10116=CARTESIAN_POINT('',(0.0175,-0.053354483830772,0.0005));
#10117=CARTESIAN_POINT('',(0.0175,-0.053354483830772,0.0005));
#10118=CARTESIAN_POINT('',(0.0145,-0.0519685823757286,0.001));
#10119=CARTESIAN_POINT('',(0.0145,-0.0519685823757286,0.00126977853914473));
#10120=CARTESIAN_POINT('',(0.0142598634361234,-0.0518919791962143,0.0015));
#10121=CARTESIAN_POINT('',(0.014,-0.051820624642136,0.0015));
#10122=CARTESIAN_POINT('',(0.0202084820520128,-0.0555966862020627,0.0015));
#10123=CARTESIAN_POINT('',(0.0202084820520128,-0.0555966862020627,0.001));
#10124=CARTESIAN_POINT('',(0.0105,-0.0645671414998326,0.001));
#10125=CARTESIAN_POINT('',(0.0175052369931667,-0.0515323879818265,0.001));
#10126=CARTESIAN_POINT('',(0.0108094424150477,-0.064420801409562,0.001));
#10127=CARTESIAN_POINT('',(0.0113925511302642,-0.0654904606157958,0.002));
#10128=CARTESIAN_POINT('',(0.0113925511302642,-0.0654904606157958,0.001));
#10129=CARTESIAN_POINT('',(0.0117267444838222,-0.0655733161247102,0.001));
#10130=CARTESIAN_POINT('',(0.0110583577767059,-0.0654076051068813,0.001));
#10131=CARTESIAN_POINT('',(0.0110583577767059,-0.0654076051068813,0.002));
#10132=CARTESIAN_POINT('',(0.0117267444838222,-0.0655733161247102,0.002));
#10133=CARTESIAN_POINT('',(0.0110583577767059,-0.0592116527094071,0.002));
#10134=CARTESIAN_POINT('',(0.0110583577767059,-0.0592116527094071,0.001));
#10135=CARTESIAN_POINT('',(0.0110583577767059,-0.0530157003119328,0.001));
#10136=CARTESIAN_POINT('',(0.0110583577767059,-0.0530157003119328,0.002));
#10137=CARTESIAN_POINT('',(0.0112869248384108,-0.0627859411328349,0.002));
#10138=CARTESIAN_POINT('',(0.0112869248384108,-0.0627859411328349,0.001));
#10139=CARTESIAN_POINT('',(0.0145010068369157,-0.0535566656733525,0.001));
#10140=CARTESIAN_POINT('',(0.0145010068369157,-0.0535566656733525,0.002));
#10141=CARTESIAN_POINT('',(0.0137489220267382,-0.0598178935810776,0.002));
#10142=CARTESIAN_POINT('',(0.0137489220267382,-0.0598178935810776,0.001));
#10143=CARTESIAN_POINT('',(0.0152417806427258,-0.0538303647076103,0.001));
#10144=CARTESIAN_POINT('',(0.0122560634107508,-0.0658054224545449,0.001));
#10145=CARTESIAN_POINT('',(0.0152417806427258,-0.0538303647076103,0.002));
#10146=CARTESIAN_POINT('',(0.0122560634107508,-0.0658054224545449,0.002));
#10147=CARTESIAN_POINT('',(0.0130489858262106,-0.0605914928224668,0.002));
#10148=CARTESIAN_POINT('',(0.0130489858262106,-0.0605914928224668,0.001));
#10149=CARTESIAN_POINT('',(0.0179269943204852,-0.0554217505056171,0.001));
#10150=CARTESIAN_POINT('',(0.0179269943204852,-0.0554217505056171,0.002));
#10151=CARTESIAN_POINT('',(0.015323200278023,-0.0607603194335585,0.002));
#10152=CARTESIAN_POINT('',(0.015323200278023,-0.0607603194335585,0.001));
#10153=CARTESIAN_POINT('',(0.0127194062355608,-0.0660988883614999,0.001));
#10154=CARTESIAN_POINT('',(0.0127194062355608,-0.0660988883615,0.002));
#10155=CARTESIAN_POINT('',(0.0166234606797745,-0.0620998142466843,0.002));
#10156=CARTESIAN_POINT('',(0.0166234606797745,-0.0620998142466843,0.001));
#10157=CARTESIAN_POINT('',(0.0199309144078005,-0.0575474947326342,0.001));
#10158=CARTESIAN_POINT('',(0.0133160069517484,-0.0666521337607344,0.001));
#10159=CARTESIAN_POINT('',(0.0199309144078005,-0.0575474947326342,0.002));
#10160=CARTESIAN_POINT('',(0.0133160069517484,-0.0666521337607344,0.002));
#10161=CARTESIAN_POINT('',(0.0143597946458489,-0.0621016243970973,0.002));
#10162=CARTESIAN_POINT('',(0.0143597946458489,-0.0621016243970973,0.001));
#10163=CARTESIAN_POINT('',(0.0212287814707543,-0.059958147688097,0.001));
#10164=CARTESIAN_POINT('',(0.0212287814707543,-0.059958147688097,0.002));
#10165=CARTESIAN_POINT('',(0.0173720449249519,-0.0634307688717287,0.002));
#10166=CARTESIAN_POINT('',(0.0173720449249519,-0.0634307688717287,0.001));
#10167=CARTESIAN_POINT('',(0.0135153083791496,-0.0669033900553605,0.001));
#10168=CARTESIAN_POINT('',(0.0135153083791495,-0.0669033900553605,0.002));
#10169=CARTESIAN_POINT('',(0.0176490431797224,-0.0640594638337162,0.002));
#10170=CARTESIAN_POINT('',(0.0176490431797224,-0.0640594638337162,0.001));
#10171=CARTESIAN_POINT('',(0.0215038070451773,-0.0607671844692087,0.001));
#10172=CARTESIAN_POINT('',(0.0137942793142675,-0.0673517431982237,0.001));
#10173=CARTESIAN_POINT('',(0.0215038070451773,-0.0607671844692087,0.002));
#10174=CARTESIAN_POINT('',(0.0137942793142675,-0.0673517431982237,0.002));
#10175=CARTESIAN_POINT('',(0.0166584150123574,-0.0627542361617088,0.002));
#10176=CARTESIAN_POINT('',(0.0166584150123574,-0.0627542361617088,0.001));
#10177=CARTESIAN_POINT('',(0.0218954178174342,-0.0627542361617088,0.001));
#10178=CARTESIAN_POINT('',(0.0218954178174342,-0.0627542361617088,0.002));
#10179=CARTESIAN_POINT('',(0.0178786504869721,-0.0651202929398384,0.002));
#10180=CARTESIAN_POINT('',(0.0178786504869721,-0.0651202929398384,0.001));
#10181=CARTESIAN_POINT('',(0.01386188315651,-0.067486349717968,0.001));
#10182=CARTESIAN_POINT('',(0.01386188315651,-0.067486349717968,0.002));
#10183=CARTESIAN_POINT('',(0.0179339089679467,-0.0656529086948006,0.002));
#10184=CARTESIAN_POINT('',(0.0179339089679467,-0.0656529086948006,0.001));
#10185=CARTESIAN_POINT('',(0.0218954178174342,-0.0635636510043503,0.001));
#10186=CARTESIAN_POINT('',(0.0139724001184591,-0.0677421663852509,0.001));
#10187=CARTESIAN_POINT('',(0.0218954178174342,-0.0635636510043503,0.002));
#10188=CARTESIAN_POINT('',(0.0139724001184591,-0.0677421663852509,0.002));
#10189=CARTESIAN_POINT('',(0.0218954178174342,-0.0648875929466739,0.002));
#10190=CARTESIAN_POINT('',(0.0218954178174342,-0.0648875929466739,0.001));
#10191=CARTESIAN_POINT('',(0.0218954178174342,-0.0662115348889976,0.001));
#10192=CARTESIAN_POINT('',(0.0218954178174342,-0.0662115348889976,0.002));
#10193=CARTESIAN_POINT('',(0.0180109076528146,-0.0672253338494034,0.002));
#10194=CARTESIAN_POINT('',(0.0180109076528146,-0.0672253338494034,0.001));
#10195=CARTESIAN_POINT('',(0.014126397488195,-0.0682391328098091,0.001));
#10196=CARTESIAN_POINT('',(0.014126397488195,-0.0682391328098091,0.002));
#10197=CARTESIAN_POINT('',(0.0180594670409932,-0.0689854306521754,0.002));
#10198=CARTESIAN_POINT('',(0.0180594670409932,-0.0689854306521754,0.001));
#10199=CARTESIAN_POINT('',(0.0218954178174342,-0.0689854306521754,0.001));
#10200=CARTESIAN_POINT('',(0.0142235162645523,-0.0689854306521754,0.001));
#10201=CARTESIAN_POINT('',(0.0142235162645523,-0.0689854306521754,0.002));
#10202=CARTESIAN_POINT('',(0.0218954178174342,-0.0689854306521754,0.002));
#10203=CARTESIAN_POINT('',(0.0141983426343859,-0.0687283595104692,0.002));
#10204=CARTESIAN_POINT('',(0.0141983426343859,-0.0687283595104692,0.001));
#10205=CARTESIAN_POINT('',(0.0141731690042194,-0.0684712883687629,0.001));
#10206=CARTESIAN_POINT('',(0.0141731690042194,-0.0684712883687629,0.002));
#10207=CARTESIAN_POINT('',(0.0180342934108267,-0.0675625418246841,0.002));
#10208=CARTESIAN_POINT('',(0.0180342934108267,-0.0675625418246841,0.001));
#10209=CARTESIAN_POINT('',(0.0218954178174342,-0.0666537952806052,0.001));
#10210=CARTESIAN_POINT('',(0.0218954178174342,-0.0666537952806052,0.002));
#10211=CARTESIAN_POINT('',(0.0108094424150477,-0.064420801409562,0.002));
#10212=CARTESIAN_POINT('',(0.0108094424150477,-0.064420801409562,0.0015));
#10213=CARTESIAN_POINT('',(0.0124877348231558,-0.0659521554080224,0.002));
#10214=CARTESIAN_POINT('',(0.0124877348231558,-0.0659521554080224,0.001));
#10215=CARTESIAN_POINT('',(0.013415657665449,-0.0667777619080474,0.002));
#10216=CARTESIAN_POINT('',(0.013415657665449,-0.0667777619080474,0.001));
#10217=CARTESIAN_POINT('',(0.0138280812353888,-0.0674190464580958,0.002));
#10218=CARTESIAN_POINT('',(0.0138280812353888,-0.0674190464580958,0.001));
#10219=CARTESIAN_POINT('',(0.014049398803327,-0.06799064959753,0.002));
#10220=CARTESIAN_POINT('',(0.014049398803327,-0.06799064959753,0.001));
#10221=CARTESIAN_POINT('',(0.0218954178174342,-0.0678196129663903,0.002));
#10222=CARTESIAN_POINT('',(0.0218954178174342,-0.0678196129663903,0.001));
#10223=CARTESIAN_POINT('',(0.0131138756603691,-0.0595649908990313,0.002));
#10224=CARTESIAN_POINT('',(0.0131138756603691,-0.0595649908990313,0.001));
#10225=CARTESIAN_POINT('',(0.,-0.0220161939909133,0.001));
#10226=CARTESIAN_POINT('',(0.,-0.0220161939909133,0.001));
#10227=CARTESIAN_POINT('',(0.,-0.0220161939909133,0.001));
#10228=CARTESIAN_POINT('',(0.,-0.0220161939909133,0.001));
#10229=CARTESIAN_POINT('',(0.,-0.0220161939909133,0.001));
#10230=CARTESIAN_POINT('',(0.,-0.0220161939909133,0.001));
#10231=CARTESIAN_POINT('',(0.033,-0.0710323879818265,-9.54097911787244E-18));
#10232=CARTESIAN_POINT('',(0.033,-0.0710323879818265,-0.0045));
#10233=CARTESIAN_POINT('',(0.033,-0.0715323879818265,-0.0045));
#10234=CARTESIAN_POINT('',(0.033,-0.0715323879818265,0.005));
#10235=CARTESIAN_POINT('',(0.031,-0.0695323879818265,-0.001));
#10236=CARTESIAN_POINT('',(0.031,-0.0695323879818265,-0.0045));
#10237=CARTESIAN_POINT('',(0.031,-0.0700323879818265,-0.0045));
#10238=CARTESIAN_POINT('',(0.031,-0.0700323879818265,0.003));
#10239=CARTESIAN_POINT('',(0.029,-0.0680323879818265,-0.002));
#10240=CARTESIAN_POINT('',(0.029,-0.0680323879818265,-0.0045));
#10241=CARTESIAN_POINT('',(0.029,-0.0685323879818265,-0.0045));
#10242=CARTESIAN_POINT('',(0.029,-0.0685323879818265,0.000999999999999989));
#10243=CARTESIAN_POINT('',(0.029,-0.0685323879818265,0.000999999999999989));
#10244=CARTESIAN_POINT('',(0.029,-0.0680323879818265,0.000999999999999989));
#10245=CARTESIAN_POINT('',(0.0145,-0.0680323879818265,0.001));
#10246=CARTESIAN_POINT('',(0.0145,-0.0685323879818265,0.001));
#10247=CARTESIAN_POINT('',(0.0165,-0.0680323879818265,-5.20417042793042E-18));
#10248=CARTESIAN_POINT('',(0.0285,-0.0680323879818265,-0.005));
#10249=CARTESIAN_POINT('',(0.0285,-0.0680323879818265,0.000499999999999989));
#10250=CARTESIAN_POINT('',(0.0285,-0.0680323879818265,-0.0045));
#10251=CARTESIAN_POINT('',(0.0235933978110552,-0.0680323879818265,-0.0045));
#10252=CARTESIAN_POINT('',(0.0165,-0.0680323879818265,0.000499999999999993));
#10253=CARTESIAN_POINT('',(0.01525,-0.0370323879818266,0.0005));
#10254=CARTESIAN_POINT('',(0.016,-0.0370323879818266,0.0005));
#10255=CARTESIAN_POINT('',(0.016,-0.0370323879818266,0.0005));
#10256=CARTESIAN_POINT('',(0.01525,-0.0370323879818266,0.0005));
#10257=CARTESIAN_POINT('',(0.016,-0.0385323879818266,0.0005));
#10258=CARTESIAN_POINT('',(0.0175,-0.0385323879818266,0.0005));
#10259=CARTESIAN_POINT('',(0.0175,-0.0385323879818266,0.0005));
#10260=CARTESIAN_POINT('',(0.016,-0.0385323879818266,0.0005));
#10261=CARTESIAN_POINT('',(0.0175,-0.0459434359062993,0.0005));
#10262=CARTESIAN_POINT('',(0.0175,-0.0459434359062993,0.0005));
#10263=CARTESIAN_POINT('',(0.0165,-0.0450384984483021,0.0005));
#10264=CARTESIAN_POINT('',(0.016,-0.0385323879818266,0.0005));
#10265=CARTESIAN_POINT('',(0.018,-0.0385323879818266,0.0005));
#10266=CARTESIAN_POINT('',(0.016,-0.0365323879818266,0.0005));
#10267=CARTESIAN_POINT('',(0.0145,-0.0365323879818266,0.0005));
#10268=CARTESIAN_POINT('',(0.018,-0.0450384984483021,0.0005));
#10269=CARTESIAN_POINT('',(0.01125,-0.0310323879818265,0.0015));
#10270=CARTESIAN_POINT('',(0.011,-0.0310323879818265,0.0015));
#10271=CARTESIAN_POINT('',(0.012,-0.0310323879818265,0.0015));
#10272=CARTESIAN_POINT('',(0.012,-0.0325323879818266,0.0015));
#10273=CARTESIAN_POINT('',(0.0135,-0.0325323879818266,0.0015));
#10274=CARTESIAN_POINT('',(0.0135,-0.04217247193407,0.0015));
#10275=CARTESIAN_POINT('',(0.018,-0.0557823879818265,0.));
#10276=CARTESIAN_POINT('',(0.018,-0.0385323879818266,0.));
#10277=CARTESIAN_POINT('',(0.016,-0.0385323879818266,0.));
#10278=CARTESIAN_POINT('',(0.016,-0.0365323879818266,0.));
#10279=CARTESIAN_POINT('',(0.0165,-0.0365323879818266,0.));
#10280=CARTESIAN_POINT('',(0.00525,-0.0305323879818265,0.001));
#10281=CARTESIAN_POINT('',(0.012,-0.0305323879818265,0.001));
#10282=CARTESIAN_POINT('',(0.012,-0.0325323879818266,0.001));
#10283=CARTESIAN_POINT('',(0.014,-0.0325323879818266,0.001));
#10284=CARTESIAN_POINT('',(0.014,-0.0342823879818266,0.001));
#10285=CARTESIAN_POINT('',(-0.018,-0.0450384984483021,0.));
#10286=CARTESIAN_POINT('',(-0.018,-0.0385323879818266,0.));
#10287=CARTESIAN_POINT('',(-0.016,-0.0385323879818266,0.));
#10288=CARTESIAN_POINT('',(-0.016,-0.0365323879818266,0.));
#10289=CARTESIAN_POINT('',(-0.01525,-0.0365323879818266,0.));
#10290=CARTESIAN_POINT('',(-0.014,-0.0500323879818265,0.001));
#10291=CARTESIAN_POINT('',(-0.014,-0.0325323879818266,0.001));
#10292=CARTESIAN_POINT('',(-0.012,-0.0325323879818266,0.001));
#10293=CARTESIAN_POINT('',(-0.012,-0.0305323879818265,0.001));
#10294=CARTESIAN_POINT('',(-0.01,-0.0500323879818265,0.001));
#10295=CARTESIAN_POINT('',(-0.01,-0.0305323879818265,0.001));
#10296=CARTESIAN_POINT('',(-0.01125,-0.0305323879818265,0.001));
#10297=CARTESIAN_POINT('',(0.011,-0.0220161939909133,0.0015));
#10298=CARTESIAN_POINT('',(0.008,-0.0503793646239251,0.0015));
#10299=CARTESIAN_POINT('',(0.00584138317886997,-0.0500323879818265,0.0025));
#10300=CARTESIAN_POINT('',(-0.00484138317886997,-0.0220161939909133,0.002));
#10301=CARTESIAN_POINT('',(-0.008,-0.0500323879818265,0.0015));
#10302=CARTESIAN_POINT('',(-0.01,-0.0500323879818265,0.001));
#10303=CARTESIAN_POINT('',(-0.0145,-0.0685323879818265,0.000499999999999994));
#10304=CARTESIAN_POINT('',(-0.0285,-0.0685323879818265,0.000499999999999989));
#10305=CARTESIAN_POINT('',(-0.0285,-0.0685323879818265,-5.20417042793042E-18));
#10306=CARTESIAN_POINT('',(-0.0285,-0.0685323879818265,-0.0045));
#10307=CARTESIAN_POINT('',(0.0165,-0.0685323879818265,0.000499999999999993));
#10308=CARTESIAN_POINT('',(0.0285,-0.0685323879818265,0.000499999999999989));
#10309=CARTESIAN_POINT('',(0.0285,-0.0685323879818265,-0.002));
#10310=CARTESIAN_POINT('',(0.0285,-0.0685323879818265,-0.0045));
#10311=CARTESIAN_POINT('',(0.0305,-0.0700323879818265,-0.001));
#10312=CARTESIAN_POINT('',(0.0305,-0.0700323879818265,-0.0045));
#10313=CARTESIAN_POINT('',(0.0305,-0.0700323879818265,0.0025));
#10314=CARTESIAN_POINT('',(-0.0305,-0.0700323879818265,-5.20417042793042E-18));
#10315=CARTESIAN_POINT('',(-0.0305,-0.0700323879818265,-0.0045));
#10316=CARTESIAN_POINT('',(-0.0305,-0.0700323879818265,0.0025));
#10317=CARTESIAN_POINT('',(-0.0155,-0.0700323879818265,0.0025));
#10318=CARTESIAN_POINT('',(-0.0325,-0.0715323879818265,-5.20417042793042E-18));
#10319=CARTESIAN_POINT('',(-0.0325,-0.0715323879818265,-0.0045));
#10320=CARTESIAN_POINT('',(-0.0325,-0.0715323879818265,0.0045));
#10321=CARTESIAN_POINT('',(-0.0165,-0.0715323879818265,0.0045));
#10322=CARTESIAN_POINT('',(0.0325,-0.0715323879818265,0.0045));
#10323=CARTESIAN_POINT('',(0.0325,-0.0715323879818265,-9.54097911787244E-18));
#10324=CARTESIAN_POINT('',(0.0325,-0.0715323879818265,-0.0045));
#10325=CARTESIAN_POINT('',(0.0230933978110552,-0.0663344822824001,0.0015));
#10326=CARTESIAN_POINT('',(0.0235933978110552,-0.0627542361617088,0.0015));
#10327=CARTESIAN_POINT('',(0.0235933978110552,-0.0627542361617088,0.00176440874749702));
#10328=CARTESIAN_POINT('',(0.0233535009388277,-0.0627697951160499,0.002));
#10329=CARTESIAN_POINT('',(0.0230933978110552,-0.0627870121106148,0.002));
#10330=CARTESIAN_POINT('',(0.0108094424150477,-0.064420801409562,0.0015));
#10331=CARTESIAN_POINT('',(-0.0108094424150477,-0.064420801409562,0.0015));
#10332=CARTESIAN_POINT('',(-0.0235933978110552,-0.0627542361617088,0.0015));
#10333=CARTESIAN_POINT('',(-0.0235933978110552,-0.0627542361617088,0.00176440874749702));
#10334=CARTESIAN_POINT('',(-0.0233535009388275,-0.0627697951160478,0.00199999999999998));
#10335=CARTESIAN_POINT('',(-0.0230933978110552,-0.0627870121106148,0.002));
#10336=CARTESIAN_POINT('',(-0.0230933978110552,-0.0515323879818265,0.0015));
#10337=CARTESIAN_POINT('',(-0.0076804784562811,-0.0469573714949427,0.));
#10338=CARTESIAN_POINT('',(-0.0076804784562811,-0.0208823550080589,-0.0045));
#10339=CARTESIAN_POINT('',(-0.0076804784562811,-0.0469573714949427,0.));
#10340=CARTESIAN_POINT('',(0.00768047845628109,-0.0469573714949427,0.));
#10341=CARTESIAN_POINT('',(0.00768047845628109,-0.0469573714949427,-0.0045));
#10342=CARTESIAN_POINT('',(0.00768047845628109,-0.0469573714949427,0.));
#10343=CARTESIAN_POINT('',(0.,-0.0220161939909133,0.));
#10344=CARTESIAN_POINT('',(0.018,-0.0680323879818265,-0.00125));
#10345=CARTESIAN_POINT('',(0.018,-0.0680323879818265,-0.00125));
#10346=CARTESIAN_POINT('',(0.018,-0.0680323879818265,-0.00325));
#10347=CARTESIAN_POINT('',(0.00174044214189052,-0.0680323879818265,-9.54097911787244E-18));
#10348=CARTESIAN_POINT('',(-0.018,-0.0680323879818265,-0.00125));
#10349=CARTESIAN_POINT('',(-0.018,-0.0680323879818265,-0.00125));
#10350=CARTESIAN_POINT('',(-0.018,-0.0680323879818265,-0.00325));
#10351=CARTESIAN_POINT('',(0.00174044214189052,-0.0680323879818265,-9.54097911787244E-18));
#10352=CARTESIAN_POINT('',(-0.025625,-0.0305323879818265,-0.0045));
#10353=CARTESIAN_POINT('',(-0.01,-0.0305323879818265,-0.0045));
#10354=CARTESIAN_POINT('',(-0.012,-0.0305323879818265,-0.0045));
#10355=CARTESIAN_POINT('',(-0.012,-0.0325323879818266,-0.0045));
#10356=CARTESIAN_POINT('',(-0.014,-0.0325323879818266,-0.0045));
#10357=CARTESIAN_POINT('',(-0.01,-0.0285323879818265,-0.0045));
#10358=CARTESIAN_POINT('',(-0.0105,-0.0270323879818265,-0.0045));
#10359=CARTESIAN_POINT('',(-0.0105,-0.0270323879818265,-0.00464686351152927));
#10360=CARTESIAN_POINT('',(-0.0103622727397005,-0.0269382376944112,-0.0049174068837519));
#10361=CARTESIAN_POINT('',(-0.0101188206065178,-0.0267703740928287,-0.005));
#10362=CARTESIAN_POINT('',(-0.01,-0.026688012290165,-0.005));
#10363=CARTESIAN_POINT('',(-0.014,-0.0342823879818266,-0.0045));
#10364=CARTESIAN_POINT('',(-0.014,-0.0365323879818266,-0.0045));
#10365=CARTESIAN_POINT('',(0.,0.,-0.0045));
#10366=CARTESIAN_POINT('',(0.0105,-0.0270323879818265,-0.0045));
#10367=CARTESIAN_POINT('',(0.0105,-0.0270323879818265,-0.00464686351152927));
#10368=CARTESIAN_POINT('',(0.0103622727397005,-0.0269382376944112,-0.0049174068837519));
#10369=CARTESIAN_POINT('',(0.0101188206065178,-0.0267703740928287,-0.005));
#10370=CARTESIAN_POINT('',(0.01,-0.026688012290165,-0.005));
#10371=CARTESIAN_POINT('',(-0.025625,-0.0365323879818266,-0.0045));
#10372=CARTESIAN_POINT('',(-0.016,-0.0365323879818266,-0.0045));
#10373=CARTESIAN_POINT('',(0.01,0.,-0.0045));
#10374=CARTESIAN_POINT('',(0.01,-0.0305323879818265,-0.0045));
#10375=CARTESIAN_POINT('',(-0.016,-0.0385323879818266,-0.0045));
#10376=CARTESIAN_POINT('',(-0.018,-0.0385323879818266,-0.0045));
#10377=CARTESIAN_POINT('',(0.01125,-0.0305323879818265,-0.0045));
#10378=CARTESIAN_POINT('',(0.012,-0.0305323879818265,-0.0045));
#10379=CARTESIAN_POINT('',(-0.018,-0.0557823879818265,-0.0045));
#10380=CARTESIAN_POINT('',(-0.0185,-0.0540446089147777,-0.0045));
#10381=CARTESIAN_POINT('',(-0.0185,-0.0540446089147777,-0.00478033689432653));
#10382=CARTESIAN_POINT('',(-0.0182462142158136,-0.054170488783399,-0.005));
#10383=CARTESIAN_POINT('',(-0.018,-0.0542955601690731,-0.005));
#10384=CARTESIAN_POINT('',(0.012,-0.0325323879818266,-0.0045));
#10385=CARTESIAN_POINT('',(0.014,-0.0325323879818266,-0.0045));
#10386=CARTESIAN_POINT('',(-0.0105,-0.0645671414998326,-0.0045));
#10387=CARTESIAN_POINT('',(-0.0235933978110552,-0.0627542361617088,-0.0045));
#10388=CARTESIAN_POINT('',(-0.0235933978110552,-0.0627542361617088,-0.00476444436536519));
#10389=CARTESIAN_POINT('',(-0.0233534631066644,-0.0627707553955567,-0.005));
#10390=CARTESIAN_POINT('',(-0.0230933978110552,-0.0627890204108973,-0.005));
#10391=CARTESIAN_POINT('',(0.014,0.,-0.0045));
#10392=CARTESIAN_POINT('',(0.014,-0.0365323879818266,-0.0045));
#10393=CARTESIAN_POINT('',(-0.0230933978110552,-0.0663344822824001,-0.0045));
#10394=CARTESIAN_POINT('',(-0.0230933978110552,-0.0685323879818265,-0.0045));
#10395=CARTESIAN_POINT('',(0.01525,-0.0365323879818266,-0.0045));
#10396=CARTESIAN_POINT('',(0.016,-0.0365323879818266,-0.0045));
#10397=CARTESIAN_POINT('',(-0.0165,-0.0685323879818265,-0.0045));
#10398=CARTESIAN_POINT('',(-0.0285,-0.0685323879818265,-0.0045));
#10399=CARTESIAN_POINT('',(0.016,-0.0385323879818266,-0.0045));
#10400=CARTESIAN_POINT('',(0.018,-0.0385323879818266,-0.0045));
#10401=CARTESIAN_POINT('',(-0.0285,-0.0685323879818265,-0.0045));
#10402=CARTESIAN_POINT('',(-0.0285,-0.0685323879818265,-0.0045));
#10403=CARTESIAN_POINT('',(0.018,8.77418105965081E-18,-0.0045));
#10404=CARTESIAN_POINT('',(0.0185,-0.0540446089147777,-0.0045));
#10405=CARTESIAN_POINT('',(0.0185,-0.0540446089147777,-0.00478033689432653));
#10406=CARTESIAN_POINT('',(0.0182462142158136,-0.054170488783399,-0.00499999999999999));
#10407=CARTESIAN_POINT('',(0.018,-0.0542955601690731,-0.005));
#10408=CARTESIAN_POINT('',(-0.0285,-0.0680323879818265,-0.0045));
#10409=CARTESIAN_POINT('',(-0.0285,-0.0700323879818265,-0.0045));
#10410=CARTESIAN_POINT('',(0.0105,-0.0645671414998326,-0.0045));
#10411=CARTESIAN_POINT('',(0.0235933978110552,-0.0627542361617088,-0.0045));
#10412=CARTESIAN_POINT('',(0.0235933978110552,-0.0627542361617088,-0.00476444436536519));
#10413=CARTESIAN_POINT('',(0.0233534631066644,-0.0627707553955567,-0.005));
#10414=CARTESIAN_POINT('',(0.0230933978110552,-0.0627890204108973,-0.005));
#10415=CARTESIAN_POINT('',(-0.0165,-0.0700323879818265,-0.0045));
#10416=CARTESIAN_POINT('',(-0.0305,-0.0700323879818265,-0.0045));
#10417=CARTESIAN_POINT('',(0.0230933978110552,0.,-0.0045));
#10418=CARTESIAN_POINT('',(0.0230933978110552,-0.0685323879818265,-0.0045));
#10419=CARTESIAN_POINT('',(-0.0305,-0.0700323879818265,-0.0045));
#10420=CARTESIAN_POINT('',(-0.0305,-0.0700323879818265,-0.0045));
#10421=CARTESIAN_POINT('',(-0.025625,-0.0685323879818265,-0.0045));
#10422=CARTESIAN_POINT('',(0.0285,-0.0685323879818265,-0.0045));
#10423=CARTESIAN_POINT('',(-0.0305,-0.0695323879818265,-0.0045));
#10424=CARTESIAN_POINT('',(-0.0305,-0.0715323879818265,-0.0045));
#10425=CARTESIAN_POINT('',(0.0285,-0.0685323879818265,-0.0045));
#10426=CARTESIAN_POINT('',(0.0285,-0.0685323879818265,-0.0045));
#10427=CARTESIAN_POINT('',(-0.0165,-0.0715323879818265,-0.0045));
#10428=CARTESIAN_POINT('',(-0.0325,-0.0715323879818265,-0.0045));
#10429=CARTESIAN_POINT('',(0.0285,0.,-0.0045));
#10430=CARTESIAN_POINT('',(0.0285,-0.0700323879818265,-0.0045));
#10431=CARTESIAN_POINT('',(-0.0325,-0.0715323879818265,-0.0045));
#10432=CARTESIAN_POINT('',(-0.0325,-0.0715323879818265,-0.0045));
#10433=CARTESIAN_POINT('',(-0.025625,-0.0700323879818265,-0.0045));
#10434=CARTESIAN_POINT('',(0.0305,-0.0700323879818265,-0.0045));
#10435=CARTESIAN_POINT('',(-0.0325,-0.0710323879818265,-0.0045));
#10436=CARTESIAN_POINT('',(-0.0325,-0.0725323879818265,-0.0045));
#10437=CARTESIAN_POINT('',(0.0305,-0.0700323879818265,-0.0045));
#10438=CARTESIAN_POINT('',(0.0305,-0.0700323879818265,-0.0045));
#10439=CARTESIAN_POINT('',(-0.0165,-0.0725323879818265,-0.0045));
#10440=CARTESIAN_POINT('',(-0.0081804784562811,-0.0725323879818265,-0.0045));
#10441=CARTESIAN_POINT('',(0.0305,0.,-0.0045));
#10442=CARTESIAN_POINT('',(0.0305,-0.0715323879818265,-0.0045));
#10443=CARTESIAN_POINT('',(-0.0081804784562811,-0.0469573714949427,-0.0045));
#10444=CARTESIAN_POINT('',(-0.0076804784562811,-0.0208823550080589,-0.0045));
#10445=CARTESIAN_POINT('',(-0.0076804784562811,-0.0208823550080589,-0.00464694836965177));
#10446=CARTESIAN_POINT('',(-0.00781807918760342,-0.0209784924991829,-0.00491705133384885));
#10447=CARTESIAN_POINT('',(-0.00806122051239542,-0.0211464818729009,-0.005));
#10448=CARTESIAN_POINT('',(-0.0081804784562811,-0.0212283365393127,-0.005));
#10449=CARTESIAN_POINT('',(-0.025625,-0.0715323879818265,-0.0045));
#10450=CARTESIAN_POINT('',(0.0325,-0.0715323879818265,-0.0045));
#10451=CARTESIAN_POINT('',(0.,0.,-0.0045));
#10452=CARTESIAN_POINT('',(0.00768047845628109,-0.0208823550080589,-0.0045));
#10453=CARTESIAN_POINT('',(0.00768047845628109,-0.0208823550080589,-0.00464694836965177));
#10454=CARTESIAN_POINT('',(0.00781807918760341,-0.0209784924991829,-0.00491705133384885));
#10455=CARTESIAN_POINT('',(0.00806122051239541,-0.0211464818729009,-0.005));
#10456=CARTESIAN_POINT('',(0.00818047845628109,-0.0212283365393128,-0.005));
#10457=CARTESIAN_POINT('',(0.0325,-0.0715323879818265,-0.0045));
#10458=CARTESIAN_POINT('',(0.0325,-0.0715323879818265,-0.0045));
#10459=CARTESIAN_POINT('',(0.00818047845628109,-2.24901706674807E-18,-0.0045));
#10460=CARTESIAN_POINT('',(0.00818047845628108,-0.0725323879818265,-0.0045));
#10461=CARTESIAN_POINT('',(0.0325,0.,-0.0045));
#10462=CARTESIAN_POINT('',(0.0325,-0.0725323879818265,-0.0045));
#10463=CARTESIAN_POINT('',(-0.0165,-0.0725323879818265,-0.0045));
#10464=MECHANICAL_DESIGN_GEOMETRIC_PRESENTATION_REPRESENTATION('',(#5986),
#10465);
#10465=(
GEOMETRIC_REPRESENTATION_CONTEXT(3)
GLOBAL_UNCERTAINTY_ASSIGNED_CONTEXT((#10466))
GLOBAL_UNIT_ASSIGNED_CONTEXT((#10469,#10468,#10467))
REPRESENTATION_CONTEXT('Body','TOP_LEVEL_ASSEMBLY_PART')
);
#10466=UNCERTAINTY_MEASURE_WITH_UNIT(LENGTH_MEASURE(2.E-5),#10469,
'DISTANCE_ACCURACY_VALUE','Maximum Tolerance applied to model');
#10467=(
NAMED_UNIT(*)
SI_UNIT($,.STERADIAN.)
SOLID_ANGLE_UNIT()
);
#10468=(
NAMED_UNIT(*)
PLANE_ANGLE_UNIT()
SI_UNIT($,.RADIAN.)
);
#10469=(
LENGTH_UNIT()
NAMED_UNIT(*)
SI_UNIT($,.METRE.)
);
#10470=PRODUCT_DEFINITION_SHAPE('','',#10471);
#10471=PRODUCT_DEFINITION('','',#10473,#10472);
#10472=PRODUCT_DEFINITION_CONTEXT('',#10479,'design');
#10473=PRODUCT_DEFINITION_FORMATION_WITH_SPECIFIED_SOURCE('','',#10475,
 .NOT_KNOWN.);
#10474=PRODUCT_RELATED_PRODUCT_CATEGORY('','',(#10475));
#10475=PRODUCT('Body','Body','Body',(#10477));
#10476=PRODUCT_CATEGORY('','');
#10477=PRODUCT_CONTEXT('',#10479,'mechanical');
#10478=APPLICATION_PROTOCOL_DEFINITION('international standard',
'ap242_managed_model_based_3d_engineering',2020,#10479);
#10479=APPLICATION_CONTEXT('managed model based 3d engineering');
ENDSEC;
END-ISO-10303-21;
