ISO-10303-21;
HEADER;
/* Generated by software containing ST-Developer
 * from STEP Tools, Inc. (www.steptools.com) 
 */
/* OPTION: using custom renumber hook */

FILE_DESCRIPTION(
/* description */ ('STEP AP242 Edition 2',
'CAx-IF Rec.Pracs.---Representation and Presentation of Product Manufa
cturing Information (PMI)---4.0---2014-10-13',
'CAx-IF Rec.Pracs.---3D Tessellated Geometry---0.4---2014-09-14','2;1',
'CAx-IF Rec.Pracs.---User Defined Attributes---1.5---2016-08-15'),
/* implementation_level */ '2;1');

FILE_NAME(
/* name */ 'psArtDeco - Body',
/* time_stamp */ '2026-08-11T23:25:22Z',
/* author */ (''),
/* organization */ (''),
/* preprocessor_version */ 'ST-DEVELOPER v20',
/* originating_system */ 'ONSHAPE BY PTC INC, 1.219',
/* authorisation */ '  ');

FILE_SCHEMA (('AP242_MANAGED_MODEL_BASED_3D_ENGINEERING_MIM_LF { 1 0 10303 442 3 1 4 }'));
ENDSEC;

DATA;
#10=SHAPE_REPRESENTATION_RELATIONSHIP('','',#5452,#11);
#11=ADVANCED_BREP_SHAPE_REPRESENTATION('',(#5450),#9457);
#12=ELLIPSE('',#5982,0.000707106781186548,0.0005);
#13=ELLIPSE('',#5991,0.000707106781186547,0.0005);
#14=ELLIPSE('',#5994,0.000707106781186547,0.0005);
#15=ELLIPSE('',#5997,0.000707106781186548,0.0005);
#16=ELLIPSE('',#5999,0.000707106781186547,0.0005);
#17=ELLIPSE('',#6002,0.000707106781186548,0.0005);
#18=ELLIPSE('',#6004,0.000707106781186548,0.0005);
#19=TOROIDAL_SURFACE('',#5602,0.027,0.0005);
#20=TOROIDAL_SURFACE('',#5603,0.027,0.0005);
#21=TOROIDAL_SURFACE('',#5605,0.027,0.0005);
#22=TOROIDAL_SURFACE('',#5606,0.0255,0.0005);
#23=TOROIDAL_SURFACE('',#5607,0.0255,0.0005);
#24=TOROIDAL_SURFACE('',#5609,0.0255,0.0005);
#25=TOROIDAL_SURFACE('',#5610,0.024,0.0005);
#26=TOROIDAL_SURFACE('',#5611,0.024,0.0005);
#27=TOROIDAL_SURFACE('',#5613,0.024,0.0005);
#28=TOROIDAL_SURFACE('',#5614,0.0225,0.0005);
#29=TOROIDAL_SURFACE('',#5616,0.0225,0.0005);
#30=TOROIDAL_SURFACE('',#5618,0.0225,0.0005);
#31=TOROIDAL_SURFACE('',#5620,0.0225,0.0005);
#32=TOROIDAL_SURFACE('',#5652,0.027,0.0005);
#33=TOROIDAL_SURFACE('',#5653,0.0255,0.0005);
#34=TOROIDAL_SURFACE('',#5654,0.024,0.0005);
#35=TOROIDAL_SURFACE('',#5667,0.0285,0.0005);
#36=TOROIDAL_SURFACE('',#5669,0.021,0.0005);
#37=TOROIDAL_SURFACE('',#5964,0.002,0.0005);
#38=TOROIDAL_SURFACE('',#5969,0.002,0.0005);
#39=TOROIDAL_SURFACE('',#5974,0.002,0.0005);
#40=TOROIDAL_SURFACE('',#5979,0.002,0.0005);
#41=TOROIDAL_SURFACE('',#6007,0.0123921276480053,0.0005);
#42=TOROIDAL_SURFACE('',#6008,0.0123921276480053,0.0005);
#43=PLANE('',#5460);
#44=PLANE('',#5464);
#45=PLANE('',#5466);
#46=PLANE('',#5468);
#47=PLANE('',#5470);
#48=PLANE('',#5476);
#49=PLANE('',#5478);
#50=PLANE('',#5479);
#51=PLANE('',#5480);
#52=PLANE('',#5486);
#53=PLANE('',#5488);
#54=PLANE('',#5489);
#55=PLANE('',#5491);
#56=PLANE('',#5494);
#57=PLANE('',#5498);
#58=PLANE('',#5506);
#59=PLANE('',#5511);
#60=PLANE('',#5513);
#61=PLANE('',#5514);
#62=PLANE('',#5516);
#63=PLANE('',#5525);
#64=PLANE('',#5536);
#65=PLANE('',#5540);
#66=PLANE('',#5545);
#67=PLANE('',#5558);
#68=PLANE('',#5562);
#69=PLANE('',#5567);
#70=PLANE('',#5580);
#71=PLANE('',#5585);
#72=PLANE('',#5589);
#73=PLANE('',#5623);
#74=PLANE('',#5630);
#75=PLANE('',#5635);
#76=PLANE('',#5640);
#77=PLANE('',#5646);
#78=PLANE('',#5659);
#79=PLANE('',#5663);
#80=PLANE('',#5680);
#81=PLANE('',#5691);
#82=PLANE('',#5692);
#83=PLANE('',#5693);
#84=PLANE('',#5694);
#85=PLANE('',#5695);
#86=PLANE('',#5696);
#87=PLANE('',#5697);
#88=PLANE('',#5698);
#89=PLANE('',#5699);
#90=PLANE('',#5700);
#91=PLANE('',#5701);
#92=PLANE('',#5702);
#93=PLANE('',#5703);
#94=PLANE('',#5704);
#95=PLANE('',#5705);
#96=PLANE('',#5706);
#97=PLANE('',#5707);
#98=PLANE('',#5710);
#99=PLANE('',#5711);
#100=PLANE('',#5714);
#101=PLANE('',#5715);
#102=PLANE('',#5718);
#103=PLANE('',#5719);
#104=PLANE('',#5722);
#105=PLANE('',#5723);
#106=PLANE('',#5726);
#107=PLANE('',#5727);
#108=PLANE('',#5730);
#109=PLANE('',#5731);
#110=PLANE('',#5734);
#111=PLANE('',#5735);
#112=PLANE('',#5738);
#113=PLANE('',#5739);
#114=PLANE('',#5744);
#115=PLANE('',#5747);
#116=PLANE('',#5748);
#117=PLANE('',#5751);
#118=PLANE('',#5752);
#119=PLANE('',#5755);
#120=PLANE('',#5756);
#121=PLANE('',#5759);
#122=PLANE('',#5760);
#123=PLANE('',#5763);
#124=PLANE('',#5764);
#125=PLANE('',#5767);
#126=PLANE('',#5768);
#127=PLANE('',#5771);
#128=PLANE('',#5772);
#129=PLANE('',#5775);
#130=PLANE('',#5776);
#131=PLANE('',#5791);
#132=PLANE('',#5802);
#133=PLANE('',#5803);
#134=PLANE('',#5804);
#135=PLANE('',#5805);
#136=PLANE('',#5806);
#137=PLANE('',#5807);
#138=PLANE('',#5808);
#139=PLANE('',#5809);
#140=PLANE('',#5810);
#141=PLANE('',#5811);
#142=PLANE('',#5812);
#143=PLANE('',#5813);
#144=PLANE('',#5814);
#145=PLANE('',#5815);
#146=PLANE('',#5816);
#147=PLANE('',#5817);
#148=PLANE('',#5818);
#149=PLANE('',#5830);
#150=PLANE('',#5833);
#151=PLANE('',#5834);
#152=PLANE('',#5837);
#153=PLANE('',#5840);
#154=PLANE('',#5841);
#155=PLANE('',#5842);
#156=PLANE('',#5845);
#157=PLANE('',#5846);
#158=PLANE('',#5847);
#159=PLANE('',#5848);
#160=PLANE('',#5849);
#161=PLANE('',#5850);
#162=PLANE('',#5851);
#163=PLANE('',#5852);
#164=PLANE('',#5853);
#165=PLANE('',#5854);
#166=PLANE('',#5855);
#167=PLANE('',#5856);
#168=PLANE('',#5857);
#169=PLANE('',#5858);
#170=PLANE('',#5859);
#171=PLANE('',#5866);
#172=PLANE('',#5867);
#173=PLANE('',#5868);
#174=PLANE('',#5869);
#175=PLANE('',#5870);
#176=PLANE('',#5871);
#177=PLANE('',#5872);
#178=PLANE('',#5873);
#179=PLANE('',#5874);
#180=PLANE('',#5876);
#181=PLANE('',#5877);
#182=PLANE('',#5878);
#183=PLANE('',#5879);
#184=PLANE('',#5880);
#185=PLANE('',#5884);
#186=PLANE('',#5885);
#187=PLANE('',#5886);
#188=PLANE('',#5887);
#189=PLANE('',#5890);
#190=PLANE('',#5891);
#191=PLANE('',#5893);
#192=PLANE('',#5895);
#193=PLANE('',#5897);
#194=PLANE('',#5900);
#195=PLANE('',#5903);
#196=PLANE('',#5909);
#197=PLANE('',#5911);
#198=PLANE('',#5912);
#199=PLANE('',#5915);
#200=PLANE('',#5918);
#201=PLANE('',#5919);
#202=PLANE('',#5922);
#203=PLANE('',#5923);
#204=PLANE('',#5926);
#205=PLANE('',#5927);
#206=PLANE('',#5928);
#207=PLANE('',#5929);
#208=PLANE('',#5930);
#209=PLANE('',#5931);
#210=PLANE('',#5932);
#211=PLANE('',#5935);
#212=PLANE('',#5936);
#213=PLANE('',#5937);
#214=PLANE('',#5938);
#215=PLANE('',#5939);
#216=PLANE('',#5940);
#217=PLANE('',#5941);
#218=PLANE('',#5942);
#219=PLANE('',#5943);
#220=PLANE('',#5944);
#221=PLANE('',#5945);
#222=PLANE('',#5946);
#223=PLANE('',#5947);
#224=PLANE('',#5948);
#225=PLANE('',#5949);
#226=PLANE('',#5950);
#227=PLANE('',#5951);
#228=PLANE('',#5952);
#229=PLANE('',#5955);
#230=PLANE('',#5956);
#231=PLANE('',#5958);
#232=PLANE('',#5961);
#233=PLANE('',#6010);
#234=PLANE('',#6011);
#235=PLANE('',#6012);
#236=PLANE('',#6015);
#237=PLANE('',#6018);
#238=B_SPLINE_CURVE_WITH_KNOTS('',3,(#7644,#7645,#7646,#7647),
 .UNSPECIFIED.,.F.,.F.,(4,4),(0.,0.000781101196074467),.UNSPECIFIED.);
#239=B_SPLINE_CURVE_WITH_KNOTS('',3,(#7774,#7775,#7776,#7777),
 .UNSPECIFIED.,.F.,.F.,(4,4),(0.,0.000781197569980181),.UNSPECIFIED.);
#240=B_SPLINE_CURVE_WITH_KNOTS('',3,(#7898,#7899,#7900,#7901),
 .UNSPECIFIED.,.F.,.F.,(4,4),(0.,0.000781523915368412),.UNSPECIFIED.);
#241=B_SPLINE_CURVE_WITH_KNOTS('',3,(#7928,#7929,#7930,#7931,#7932),
 .UNSPECIFIED.,.F.,.F.,(4,1,4),(0.,0.000436283912763318,0.000872567825526636),
 .UNSPECIFIED.);
#242=B_SPLINE_CURVE_WITH_KNOTS('',3,(#7942,#7943,#7944,#7945),
 .UNSPECIFIED.,.F.,.F.,(4,4),(0.,0.000797607487735538),.UNSPECIFIED.);
#243=B_SPLINE_CURVE_WITH_KNOTS('',3,(#7974,#7975,#7976,#7977),
 .UNSPECIFIED.,.F.,.F.,(4,4),(0.,0.000781197374641847),.UNSPECIFIED.);
#244=B_SPLINE_CURVE_WITH_KNOTS('',3,(#8222,#8223,#8224,#8225,#8226,#8227,
#8228,#8229,#8230,#8231),.UNSPECIFIED.,.F.,.F.,(4,1,1,1,1,1,1,4),(1.96281018440038E-7,
0.000147195925179289,0.000294195569340138,0.000588194857661836,0.000882194145983534,
0.00117619343430523,0.00176419201094863,0.00235219058759202),
 .UNSPECIFIED.);
#245=B_SPLINE_CURVE_WITH_KNOTS('',3,(#8232,#8233,#8234,#8235,#8236,#8237,
#8238,#8239,#8240,#8241),.UNSPECIFIED.,.F.,.F.,(4,1,1,1,1,1,1,4),(1.96243980884818E-7,
0.000147195890456565,0.000294195536932245,0.000588194829883605,0.000882194122834965,
0.00117619341578632,0.00176419200168904,0.00235219058759176),
 .UNSPECIFIED.);
#246=B_SPLINE_CURVE_WITH_KNOTS('',3,(#8243,#8244,#8245,#8246,#8247,#8248,
#8249,#8250,#8251,#8252),.UNSPECIFIED.,.F.,.F.,(4,1,1,1,1,1,1,4),(1.96281019573019E-7,
0.000147195925180357,0.000294195569341141,0.000588194857662708,0.000882194145984276,
0.00117619343430584,0.00176419201094898,0.00235219058759211),
 .UNSPECIFIED.);
#247=B_SPLINE_CURVE_WITH_KNOTS('',3,(#8254,#8255,#8256,#8257,#8258,#8259,
#8260,#8261,#8262,#8263),.UNSPECIFIED.,.F.,.F.,(4,1,1,1,1,1,1,4),(1.96281018440251E-7,
0.000147195925179289,0.000294195569340137,0.000588194857661834,0.000882194145983531,
0.00117619343430523,0.00176419201094862,0.00235219058759202),
 .UNSPECIFIED.);
#248=B_SPLINE_CURVE_WITH_KNOTS('',3,(#8267,#8268,#8269,#8270,#8271,#8272,
#8273,#8274,#8275,#8276),.UNSPECIFIED.,.F.,.F.,(4,1,1,1,1,1,1,4),(1.96281019573911E-7,
0.000147195925180358,0.000294195569341141,0.000588194857662708,0.000882194145984276,
0.00117619343430584,0.00176419201094898,0.00235219058759211),
 .UNSPECIFIED.);
#249=B_SPLINE_CURVE_WITH_KNOTS('',3,(#8277,#8278,#8279,#8280,#8281,#8282,
#8283,#8284,#8285,#8286),.UNSPECIFIED.,.F.,.F.,(4,1,1,1,1,1,1,4),(1.9628101844091E-7,
0.00014719592517929,0.000294195569340139,0.000588194857661836,0.000882194145983534,
0.00117619343430523,0.00176419201094863,0.00235219058759202),
 .UNSPECIFIED.);
#250=B_SPLINE_CURVE_WITH_KNOTS('',3,(#8288,#8289,#8290,#8291,#8292),
 .UNSPECIFIED.,.F.,.F.,(4,1,4),(1.9579779946325E-7,0.000523509332420283,
0.0010468228670411),.UNSPECIFIED.);
#251=B_SPLINE_CURVE_WITH_KNOTS('',3,(#8293,#8294,#8295,#8296,#8297),
 .UNSPECIFIED.,.F.,.F.,(4,1,4),(1.95792951557211E-7,0.000523509329996374,
0.00104682286704119),.UNSPECIFIED.);
#252=B_SPLINE_CURVE_WITH_KNOTS('',3,(#8299,#8300,#8301,#8302,#8303),
 .UNSPECIFIED.,.F.,.F.,(4,1,4),(1.9579780199319E-7,0.000523509332421592,
0.00104682286704119),.UNSPECIFIED.);
#253=B_SPLINE_CURVE_WITH_KNOTS('',3,(#8305,#8306,#8307,#8308,#8309),
 .UNSPECIFIED.,.F.,.F.,(4,1,4),(1.95797799464948E-7,0.000523509332420287,
0.00104682286704111),.UNSPECIFIED.);
#254=B_SPLINE_CURVE_WITH_KNOTS('',3,(#8313,#8314,#8315,#8316,#8317),
 .UNSPECIFIED.,.F.,.F.,(4,1,4),(1.95797802003582E-7,0.000523509332421603,
0.0010468228670412),.UNSPECIFIED.);
#255=B_SPLINE_CURVE_WITH_KNOTS('',3,(#8318,#8319,#8320,#8321,#8322),
 .UNSPECIFIED.,.F.,.F.,(4,1,4),(1.95797799464948E-7,0.000523509332420289,
0.00104682286704111),.UNSPECIFIED.);
#256=B_SPLINE_CURVE_WITH_KNOTS('',3,(#8324,#8325,#8326,#8327,#8328),
 .UNSPECIFIED.,.F.,.F.,(4,1,4),(1.96711203913944E-7,0.000444252090681893,
0.000888307470159872),.UNSPECIFIED.);
#257=B_SPLINE_CURVE_WITH_KNOTS('',3,(#8329,#8330,#8331,#8332,#8333),
 .UNSPECIFIED.,.F.,.F.,(4,1,4),(1.96711203913944E-7,0.000444252090681895,
0.000888307470159877),.UNSPECIFIED.);
#258=B_SPLINE_CURVE_WITH_KNOTS('',3,(#8335,#8336,#8337,#8338,#8339),
 .UNSPECIFIED.,.F.,.F.,(4,1,4),(1.96711203899373E-7,0.000444252090681869,
0.000888307470159839),.UNSPECIFIED.);
#259=B_SPLINE_CURVE_WITH_KNOTS('',3,(#8341,#8342,#8343,#8344,#8345),
 .UNSPECIFIED.,.F.,.F.,(4,1,4),(1.96711203913944E-7,0.000444252090681894,
0.000888307470159873),.UNSPECIFIED.);
#260=B_SPLINE_CURVE_WITH_KNOTS('',3,(#8349,#8350,#8351,#8352,#8353),
 .UNSPECIFIED.,.F.,.F.,(4,1,4),(1.96711203900226E-7,0.000444252090681871,
0.000888307470159841),.UNSPECIFIED.);
#261=B_SPLINE_CURVE_WITH_KNOTS('',3,(#8354,#8355,#8356,#8357,#8358),
 .UNSPECIFIED.,.F.,.F.,(4,1,4),(1.96711203913517E-7,0.00044425209068189,
0.000888307470159867),.UNSPECIFIED.);
#262=B_SPLINE_CURVE_WITH_KNOTS('',3,(#8360,#8361,#8362,#8363),
 .UNSPECIFIED.,.F.,.F.,(4,4),(1.96998668303931E-7,0.000821534429494536),
 .UNSPECIFIED.);
#263=B_SPLINE_CURVE_WITH_KNOTS('',3,(#8365,#8366,#8367,#8368),
 .UNSPECIFIED.,.F.,.F.,(4,4),(1.96998668303931E-7,0.000821534429494536),
 .UNSPECIFIED.);
#264=B_SPLINE_CURVE_WITH_KNOTS('',3,(#8372,#8373,#8374,#8375),
 .UNSPECIFIED.,.F.,.F.,(4,4),(1.96998668303931E-7,0.000821534429494538),
 .UNSPECIFIED.);
#265=B_SPLINE_CURVE_WITH_KNOTS('',3,(#8379,#8380,#8381,#8382),
 .UNSPECIFIED.,.F.,.F.,(4,4),(1.96998668303931E-7,0.000821534429494536),
 .UNSPECIFIED.);
#266=B_SPLINE_CURVE_WITH_KNOTS('',3,(#8384,#8385,#8386,#8387),
 .UNSPECIFIED.,.F.,.F.,(4,4),(1.96998668303931E-7,0.000821534429494537),
 .UNSPECIFIED.);
#267=B_SPLINE_CURVE_WITH_KNOTS('',3,(#8389,#8390,#8391,#8392),
 .UNSPECIFIED.,.F.,.F.,(4,4),(1.96998668303931E-7,0.000821534429494538),
 .UNSPECIFIED.);
#268=B_SPLINE_CURVE_WITH_KNOTS('',3,(#8396,#8397,#8398,#8399),
 .UNSPECIFIED.,.F.,.F.,(4,4),(1.96998668303931E-7,0.000821534429494539),
 .UNSPECIFIED.);
#269=B_SPLINE_CURVE_WITH_KNOTS('',3,(#8404,#8405,#8406,#8407),
 .UNSPECIFIED.,.F.,.F.,(4,4),(1.96998668303931E-7,0.000821534429494536),
 .UNSPECIFIED.);
#270=B_SPLINE_CURVE_WITH_KNOTS('',3,(#8458,#8459,#8460,#8461,#8462,#8463,
#8464,#8465,#8466,#8467),.UNSPECIFIED.,.F.,.F.,(4,1,1,1,1,1,1,4),(1.96281019574124E-7,
0.000147195925180358,0.000294195569341143,0.000588194857662711,0.000882194145984279,
0.00117619343430585,0.00176419201094898,0.00235219058759212),
 .UNSPECIFIED.);
#271=B_SPLINE_CURVE_WITH_KNOTS('',3,(#8468,#8469,#8470,#8471,#8472,#8473,
#8474,#8475,#8476,#8477),.UNSPECIFIED.,.F.,.F.,(4,1,1,1,1,1,1,4),(1.96243980884818E-7,
0.000147195890456587,0.000294195536932289,0.000588194829883694,0.000882194122835098,
0.0011761934157865,0.00176419200168931,0.00235219058759212),
 .UNSPECIFIED.);
#272=B_SPLINE_CURVE_WITH_KNOTS('',3,(#8479,#8480,#8481,#8482,#8483),
 .UNSPECIFIED.,.F.,.F.,(4,1,4),(1.9579780199319E-7,0.00052350933242159,
0.00104682286704119),.UNSPECIFIED.);
#273=B_SPLINE_CURVE_WITH_KNOTS('',3,(#8484,#8485,#8486,#8487,#8488),
 .UNSPECIFIED.,.F.,.F.,(4,1,4),(1.95792951557211E-7,0.000523509329996374,
0.00104682286704119),.UNSPECIFIED.);
#274=B_SPLINE_CURVE_WITH_KNOTS('',3,(#8490,#8491,#8492,#8493,#8494),
 .UNSPECIFIED.,.F.,.F.,(4,1,4),(1.96711203913517E-7,0.000444252090681889,
0.000888307470159865),.UNSPECIFIED.);
#275=B_SPLINE_CURVE_WITH_KNOTS('',3,(#8495,#8496,#8497,#8498,#8499),
 .UNSPECIFIED.,.F.,.F.,(4,1,4),(1.96711203899373E-7,0.000444252090681869,
0.000888307470159839),.UNSPECIFIED.);
#276=B_SPLINE_CURVE_WITH_KNOTS('',3,(#9130,#9131,#9132,#9133),
 .UNSPECIFIED.,.F.,.F.,(4,4),(0.,0.000797877604262168),.UNSPECIFIED.);
#277=B_SPLINE_CURVE_WITH_KNOTS('',3,(#9134,#9135,#9136,#9137),
 .UNSPECIFIED.,.F.,.F.,(4,4),(0.,0.000808103159814825),.UNSPECIFIED.);
#278=B_SPLINE_CURVE_WITH_KNOTS('',3,(#9138,#9139,#9140,#9141),
 .UNSPECIFIED.,.F.,.F.,(4,4),(0.,0.000797862384364293),.UNSPECIFIED.);
#279=B_SPLINE_CURVE_WITH_KNOTS('',3,(#9142,#9143,#9144,#9145),
 .UNSPECIFIED.,.F.,.F.,(4,4),(1.01243818276329E-17,0.000787163172761645),
 .UNSPECIFIED.);
#280=B_SPLINE_CURVE_WITH_KNOTS('',3,(#9146,#9147,#9148,#9149),
 .UNSPECIFIED.,.F.,.F.,(4,4),(1.01243818276329E-17,0.000788677455311365),
 .UNSPECIFIED.);
#281=B_SPLINE_CURVE_WITH_KNOTS('',3,(#9229,#9230,#9231,#9232,#9233),
 .UNSPECIFIED.,.F.,.F.,(4,1,4),(1.67958790013977E-18,0.000436955214586845,
0.000873910429173689),.UNSPECIFIED.);
#282=B_SPLINE_CURVE_WITH_KNOTS('',3,(#9238,#9239,#9240,#9241),
 .UNSPECIFIED.,.F.,.F.,(4,4),(0.,0.000797590101817526),.UNSPECIFIED.);
#283=B_SPLINE_CURVE_WITH_KNOTS('',3,(#9432,#9433,#9434,#9435),
 .UNSPECIFIED.,.F.,.F.,(4,4),(0.,0.000781958170560865),.UNSPECIFIED.);
#284=B_SPLINE_CURVE_WITH_KNOTS('',3,(#9438,#9439,#9440,#9441),
 .UNSPECIFIED.,.F.,.F.,(4,4),(0.,0.000781958170560865),.UNSPECIFIED.);
#285=CIRCLE('',#5455,0.0128921276480053);
#286=CIRCLE('',#5456,0.0128921276480053);
#287=CIRCLE('',#5458,0.0128921276480053);
#288=CIRCLE('',#5459,0.0128921276480053);
#289=CIRCLE('',#5461,0.0005);
#290=CIRCLE('',#5462,0.0005);
#291=CIRCLE('',#5463,0.0005);
#292=CIRCLE('',#5465,0.0005);
#293=CIRCLE('',#5467,0.0005);
#294=CIRCLE('',#5469,0.029);
#295=CIRCLE('',#5471,0.029);
#296=CIRCLE('',#5472,0.0015);
#297=CIRCLE('',#5473,0.0128921276480053);
#298=CIRCLE('',#5474,0.013218308969136);
#299=CIRCLE('',#5475,0.002);
#300=CIRCLE('',#5477,0.029);
#301=CIRCLE('',#5481,0.00523700280507674);
#302=CIRCLE('',#5482,0.00719565649560554);
#303=CIRCLE('',#5483,0.00710782684741534);
#304=CIRCLE('',#5484,0.0097729140280736);
#305=CIRCLE('',#5485,0.0123921276480053);
#306=CIRCLE('',#5487,0.0015);
#307=CIRCLE('',#5490,0.0005);
#308=CIRCLE('',#5492,0.0015);
#309=CIRCLE('',#5493,0.0128921276480053);
#310=CIRCLE('',#5496,0.0128921276480053);
#311=CIRCLE('',#5497,0.0128921276480053);
#312=CIRCLE('',#5499,0.0005);
#313=CIRCLE('',#5501,0.013218308969136);
#314=CIRCLE('',#5502,0.013218308969136);
#315=CIRCLE('',#5503,0.013218308969136);
#316=CIRCLE('',#5504,0.013218308969136);
#317=CIRCLE('',#5505,0.013218308969136);
#318=CIRCLE('',#5507,0.029);
#319=CIRCLE('',#5508,0.002);
#320=CIRCLE('',#5509,0.0128921276480053);
#321=CIRCLE('',#5510,0.0015);
#322=CIRCLE('',#5512,0.029);
#323=CIRCLE('',#5515,0.0005);
#324=CIRCLE('',#5517,0.00523700280507674);
#325=CIRCLE('',#5518,0.00719565649560554);
#326=CIRCLE('',#5519,0.00710782684741534);
#327=CIRCLE('',#5520,0.0097729140280736);
#328=CIRCLE('',#5521,0.0123921276480053);
#329=CIRCLE('',#5523,0.029);
#330=CIRCLE('',#5524,0.029);
#331=CIRCLE('',#5526,0.0015);
#332=CIRCLE('',#5528,0.023);
#333=CIRCLE('',#5529,0.023);
#334=CIRCLE('',#5531,0.023);
#335=CIRCLE('',#5532,0.023);
#336=CIRCLE('',#5534,0.023);
#337=CIRCLE('',#5535,0.023);
#338=CIRCLE('',#5537,0.006733);
#339=CIRCLE('',#5538,0.024);
#340=CIRCLE('',#5539,0.006733);
#341=CIRCLE('',#5541,0.024);
#342=CIRCLE('',#5542,0.006733);
#343=CIRCLE('',#5543,0.023);
#344=CIRCLE('',#5544,0.006733);
#345=CIRCLE('',#5546,0.024);
#346=CIRCLE('',#5547,0.006733);
#347=CIRCLE('',#5548,0.006733);
#348=CIRCLE('',#5550,0.0245);
#349=CIRCLE('',#5551,0.0245);
#350=CIRCLE('',#5553,0.0245);
#351=CIRCLE('',#5554,0.0245);
#352=CIRCLE('',#5556,0.0245);
#353=CIRCLE('',#5557,0.0245);
#354=CIRCLE('',#5559,0.006733);
#355=CIRCLE('',#5560,0.0255);
#356=CIRCLE('',#5561,0.006733);
#357=CIRCLE('',#5563,0.0255);
#358=CIRCLE('',#5564,0.006733);
#359=CIRCLE('',#5565,0.0245);
#360=CIRCLE('',#5566,0.006733);
#361=CIRCLE('',#5568,0.0255);
#362=CIRCLE('',#5569,0.006733);
#363=CIRCLE('',#5570,0.006733);
#364=CIRCLE('',#5572,0.026);
#365=CIRCLE('',#5573,0.026);
#366=CIRCLE('',#5575,0.026);
#367=CIRCLE('',#5576,0.026);
#368=CIRCLE('',#5578,0.026);
#369=CIRCLE('',#5579,0.026);
#370=CIRCLE('',#5581,0.026);
#371=CIRCLE('',#5582,0.006733);
#372=CIRCLE('',#5583,0.027);
#373=CIRCLE('',#5584,0.006733);
#374=CIRCLE('',#5586,0.027);
#375=CIRCLE('',#5587,0.006733);
#376=CIRCLE('',#5588,0.006733);
#377=CIRCLE('',#5590,0.027);
#378=CIRCLE('',#5591,0.006733);
#379=CIRCLE('',#5592,0.006733);
#380=CIRCLE('',#5594,0.0275);
#381=CIRCLE('',#5595,0.0275);
#382=CIRCLE('',#5597,0.0275);
#383=CIRCLE('',#5598,0.0275);
#384=CIRCLE('',#5600,0.0275);
#385=CIRCLE('',#5601,0.0275);
#386=CIRCLE('',#5604,0.027);
#387=CIRCLE('',#5608,0.0255);
#388=CIRCLE('',#5612,0.0245);
#389=CIRCLE('',#5615,0.0225);
#390=CIRCLE('',#5617,0.0225);
#391=CIRCLE('',#5619,0.0225);
#392=CIRCLE('',#5621,0.0225);
#393=CIRCLE('',#5622,0.023);
#394=CIRCLE('',#5624,0.0215);
#395=CIRCLE('',#5625,0.0225);
#396=CIRCLE('',#5626,0.0225);
#397=CIRCLE('',#5627,0.0225);
#398=CIRCLE('',#5628,0.0225);
#399=CIRCLE('',#5631,0.006733);
#400=CIRCLE('',#5632,0.024);
#401=CIRCLE('',#5633,0.006733);
#402=CIRCLE('',#5636,0.006733);
#403=CIRCLE('',#5637,0.006733);
#404=CIRCLE('',#5639,0.026);
#405=CIRCLE('',#5641,0.006733);
#406=CIRCLE('',#5642,0.006733);
#407=CIRCLE('',#5644,0.0275);
#408=CIRCLE('',#5645,0.0275);
#409=CIRCLE('',#5647,0.0285);
#410=CIRCLE('',#5648,0.006733);
#411=CIRCLE('',#5649,0.006733);
#412=CIRCLE('',#5650,0.006733);
#413=CIRCLE('',#5651,0.006733);
#414=CIRCLE('',#5656,0.02225);
#415=CIRCLE('',#5657,0.02225);
#416=CIRCLE('',#5658,0.02225);
#417=CIRCLE('',#5660,0.02);
#418=CIRCLE('',#5662,0.02);
#419=CIRCLE('',#5664,0.021);
#420=CIRCLE('',#5666,0.0215);
#421=CIRCLE('',#5668,0.029);
#422=CIRCLE('',#5671,0.006733);
#423=CIRCLE('',#5672,0.006733);
#424=CIRCLE('',#5673,0.00673300000000009);
#425=CIRCLE('',#5674,0.006733);
#426=CIRCLE('',#5675,0.006733);
#427=CIRCLE('',#5676,0.006733);
#428=CIRCLE('',#5677,0.00673300000000009);
#429=CIRCLE('',#5678,0.006733);
#430=CIRCLE('',#5679,0.006733);
#431=CIRCLE('',#5682,0.0225);
#432=CIRCLE('',#5683,0.0225);
#433=CIRCLE('',#5684,0.0225);
#434=CIRCLE('',#5685,0.0225);
#435=CIRCLE('',#5686,0.0225);
#436=CIRCLE('',#5687,0.0225);
#437=CIRCLE('',#5688,0.0225);
#438=CIRCLE('',#5689,0.0225);
#439=CIRCLE('',#5690,0.0225);
#440=CIRCLE('',#5708,0.0225);
#441=CIRCLE('',#5709,0.006733);
#442=CIRCLE('',#5712,0.0225);
#443=CIRCLE('',#5713,0.006733);
#444=CIRCLE('',#5716,0.0225);
#445=CIRCLE('',#5717,0.00673300000000009);
#446=CIRCLE('',#5720,0.006733);
#447=CIRCLE('',#5721,0.0225);
#448=CIRCLE('',#5724,0.0225);
#449=CIRCLE('',#5725,0.006733);
#450=CIRCLE('',#5728,0.006733);
#451=CIRCLE('',#5729,0.0225);
#452=CIRCLE('',#5732,0.00673300000000009);
#453=CIRCLE('',#5733,0.0225);
#454=CIRCLE('',#5736,0.006733);
#455=CIRCLE('',#5737,0.0225);
#456=CIRCLE('',#5740,0.0225);
#457=CIRCLE('',#5741,0.006733);
#458=CIRCLE('',#5745,0.0225);
#459=CIRCLE('',#5746,0.006733);
#460=CIRCLE('',#5749,0.0225);
#461=CIRCLE('',#5750,0.006733);
#462=CIRCLE('',#5753,0.0225);
#463=CIRCLE('',#5754,0.00673300000000009);
#464=CIRCLE('',#5757,0.006733);
#465=CIRCLE('',#5758,0.0225);
#466=CIRCLE('',#5761,0.0225);
#467=CIRCLE('',#5762,0.006733);
#468=CIRCLE('',#5765,0.006733);
#469=CIRCLE('',#5766,0.0225);
#470=CIRCLE('',#5769,0.00673300000000009);
#471=CIRCLE('',#5770,0.0225);
#472=CIRCLE('',#5773,0.006733);
#473=CIRCLE('',#5774,0.0225);
#474=CIRCLE('',#5777,0.0225);
#475=CIRCLE('',#5778,0.006733);
#476=CIRCLE('',#5782,0.006733);
#477=CIRCLE('',#5783,0.006733);
#478=CIRCLE('',#5784,0.00673300000000009);
#479=CIRCLE('',#5785,0.006733);
#480=CIRCLE('',#5786,0.006733);
#481=CIRCLE('',#5787,0.006733);
#482=CIRCLE('',#5788,0.00673300000000009);
#483=CIRCLE('',#5789,0.006733);
#484=CIRCLE('',#5790,0.006733);
#485=CIRCLE('',#5793,0.0225);
#486=CIRCLE('',#5794,0.0225);
#487=CIRCLE('',#5795,0.0225);
#488=CIRCLE('',#5796,0.0225);
#489=CIRCLE('',#5797,0.0225);
#490=CIRCLE('',#5798,0.0225);
#491=CIRCLE('',#5799,0.0225);
#492=CIRCLE('',#5800,0.0225);
#493=CIRCLE('',#5801,0.0225);
#494=CIRCLE('',#5819,0.0005);
#495=CIRCLE('',#5820,0.0005);
#496=CIRCLE('',#5821,0.0005);
#497=CIRCLE('',#5822,0.0025);
#498=CIRCLE('',#5823,0.0025);
#499=CIRCLE('',#5824,0.0025);
#500=CIRCLE('',#5825,0.0025);
#501=CIRCLE('',#5826,0.013218308969136);
#502=CIRCLE('',#5827,0.0005);
#503=CIRCLE('',#5828,0.0005);
#504=CIRCLE('',#5829,0.0005);
#505=CIRCLE('',#5832,0.0025);
#506=CIRCLE('',#5835,0.002);
#507=CIRCLE('',#5836,0.002);
#508=CIRCLE('',#5839,0.0025);
#509=CIRCLE('',#5844,0.0097729140280736);
#510=CIRCLE('',#5861,0.00710782684741534);
#511=CIRCLE('',#5863,0.00719565649560554);
#512=CIRCLE('',#5865,0.00523700280507674);
#513=CIRCLE('',#5881,0.0005);
#514=CIRCLE('',#5882,0.0005);
#515=CIRCLE('',#5883,0.0005);
#516=CIRCLE('',#5889,0.0015);
#517=CIRCLE('',#5892,0.002);
#518=CIRCLE('',#5894,0.0005);
#519=CIRCLE('',#5899,0.0025);
#520=CIRCLE('',#5902,0.0025);
#521=CIRCLE('',#5904,0.013218308969136);
#522=CIRCLE('',#5905,0.0015);
#523=CIRCLE('',#5907,0.013218308969136);
#524=CIRCLE('',#5908,0.013218308969136);
#525=CIRCLE('',#5910,0.0128921276480053);
#526=CIRCLE('',#5914,0.0097729140280736);
#527=CIRCLE('',#5917,0.00710782684741534);
#528=CIRCLE('',#5921,0.00719565649560554);
#529=CIRCLE('',#5925,0.00523700280507674);
#530=CIRCLE('',#5934,0.0128921276480053);
#531=CIRCLE('',#5954,0.0015);
#532=CIRCLE('',#5957,0.002);
#533=CIRCLE('',#5959,0.0005);
#534=CIRCLE('',#5963,0.0005);
#535=CIRCLE('',#5965,0.0005);
#536=CIRCLE('',#5968,0.0005);
#537=CIRCLE('',#5970,0.0005);
#538=CIRCLE('',#5973,0.0005);
#539=CIRCLE('',#5975,0.0005);
#540=CIRCLE('',#5978,0.0005);
#541=CIRCLE('',#5980,0.0005);
#542=CIRCLE('',#6014,0.002);
#543=CIRCLE('',#6017,0.002);
#544=ORIENTED_EDGE('',*,*,#2134,.F.);
#545=ORIENTED_EDGE('',*,*,#2135,.T.);
#546=ORIENTED_EDGE('',*,*,#2136,.T.);
#547=ORIENTED_EDGE('',*,*,#2137,.T.);
#548=ORIENTED_EDGE('',*,*,#2138,.T.);
#549=ORIENTED_EDGE('',*,*,#2139,.T.);
#550=ORIENTED_EDGE('',*,*,#2140,.T.);
#551=ORIENTED_EDGE('',*,*,#2141,.F.);
#552=ORIENTED_EDGE('',*,*,#2142,.T.);
#553=ORIENTED_EDGE('',*,*,#2143,.T.);
#554=ORIENTED_EDGE('',*,*,#2144,.T.);
#555=ORIENTED_EDGE('',*,*,#2145,.F.);
#556=ORIENTED_EDGE('',*,*,#2146,.T.);
#557=ORIENTED_EDGE('',*,*,#2147,.F.);
#558=ORIENTED_EDGE('',*,*,#2148,.F.);
#559=ORIENTED_EDGE('',*,*,#2149,.F.);
#560=ORIENTED_EDGE('',*,*,#2150,.T.);
#561=ORIENTED_EDGE('',*,*,#2151,.F.);
#562=ORIENTED_EDGE('',*,*,#2152,.T.);
#563=ORIENTED_EDGE('',*,*,#2153,.F.);
#564=ORIENTED_EDGE('',*,*,#2154,.T.);
#565=ORIENTED_EDGE('',*,*,#2155,.T.);
#566=ORIENTED_EDGE('',*,*,#2156,.T.);
#567=ORIENTED_EDGE('',*,*,#2157,.T.);
#568=ORIENTED_EDGE('',*,*,#2158,.F.);
#569=ORIENTED_EDGE('',*,*,#2159,.F.);
#570=ORIENTED_EDGE('',*,*,#2160,.F.);
#571=ORIENTED_EDGE('',*,*,#2161,.F.);
#572=ORIENTED_EDGE('',*,*,#2162,.T.);
#573=ORIENTED_EDGE('',*,*,#2163,.F.);
#574=ORIENTED_EDGE('',*,*,#2164,.F.);
#575=ORIENTED_EDGE('',*,*,#2165,.T.);
#576=ORIENTED_EDGE('',*,*,#2166,.F.);
#577=ORIENTED_EDGE('',*,*,#2167,.F.);
#578=ORIENTED_EDGE('',*,*,#2168,.T.);
#579=ORIENTED_EDGE('',*,*,#2169,.T.);
#580=ORIENTED_EDGE('',*,*,#2170,.T.);
#581=ORIENTED_EDGE('',*,*,#2171,.T.);
#582=ORIENTED_EDGE('',*,*,#2172,.F.);
#583=ORIENTED_EDGE('',*,*,#2173,.T.);
#584=ORIENTED_EDGE('',*,*,#2155,.F.);
#585=ORIENTED_EDGE('',*,*,#2174,.F.);
#586=ORIENTED_EDGE('',*,*,#2175,.T.);
#587=ORIENTED_EDGE('',*,*,#2176,.F.);
#588=ORIENTED_EDGE('',*,*,#2177,.F.);
#589=ORIENTED_EDGE('',*,*,#2178,.F.);
#590=ORIENTED_EDGE('',*,*,#2179,.T.);
#591=ORIENTED_EDGE('',*,*,#2180,.T.);
#592=ORIENTED_EDGE('',*,*,#2181,.F.);
#593=ORIENTED_EDGE('',*,*,#2182,.T.);
#594=ORIENTED_EDGE('',*,*,#2183,.F.);
#595=ORIENTED_EDGE('',*,*,#2184,.T.);
#596=ORIENTED_EDGE('',*,*,#2185,.T.);
#597=ORIENTED_EDGE('',*,*,#2186,.F.);
#598=ORIENTED_EDGE('',*,*,#2187,.T.);
#599=ORIENTED_EDGE('',*,*,#2188,.F.);
#600=ORIENTED_EDGE('',*,*,#2189,.T.);
#601=ORIENTED_EDGE('',*,*,#2190,.T.);
#602=ORIENTED_EDGE('',*,*,#2191,.T.);
#603=ORIENTED_EDGE('',*,*,#2192,.F.);
#604=ORIENTED_EDGE('',*,*,#2193,.T.);
#605=ORIENTED_EDGE('',*,*,#2194,.T.);
#606=ORIENTED_EDGE('',*,*,#2195,.F.);
#607=ORIENTED_EDGE('',*,*,#2196,.T.);
#608=ORIENTED_EDGE('',*,*,#2197,.T.);
#609=ORIENTED_EDGE('',*,*,#2198,.F.);
#610=ORIENTED_EDGE('',*,*,#2199,.T.);
#611=ORIENTED_EDGE('',*,*,#2177,.T.);
#612=ORIENTED_EDGE('',*,*,#2200,.F.);
#613=ORIENTED_EDGE('',*,*,#2201,.T.);
#614=ORIENTED_EDGE('',*,*,#2202,.F.);
#615=ORIENTED_EDGE('',*,*,#2203,.F.);
#616=ORIENTED_EDGE('',*,*,#2204,.F.);
#617=ORIENTED_EDGE('',*,*,#2205,.F.);
#618=ORIENTED_EDGE('',*,*,#2206,.F.);
#619=ORIENTED_EDGE('',*,*,#2207,.F.);
#620=ORIENTED_EDGE('',*,*,#2208,.F.);
#621=ORIENTED_EDGE('',*,*,#2209,.F.);
#622=ORIENTED_EDGE('',*,*,#2210,.T.);
#623=ORIENTED_EDGE('',*,*,#2211,.F.);
#624=ORIENTED_EDGE('',*,*,#2212,.F.);
#625=ORIENTED_EDGE('',*,*,#2213,.F.);
#626=ORIENTED_EDGE('',*,*,#2214,.T.);
#627=ORIENTED_EDGE('',*,*,#2215,.F.);
#628=ORIENTED_EDGE('',*,*,#2216,.F.);
#629=ORIENTED_EDGE('',*,*,#2217,.F.);
#630=ORIENTED_EDGE('',*,*,#2218,.T.);
#631=ORIENTED_EDGE('',*,*,#2219,.F.);
#632=ORIENTED_EDGE('',*,*,#2220,.F.);
#633=ORIENTED_EDGE('',*,*,#2221,.T.);
#634=ORIENTED_EDGE('',*,*,#2222,.T.);
#635=ORIENTED_EDGE('',*,*,#2223,.T.);
#636=ORIENTED_EDGE('',*,*,#2224,.T.);
#637=ORIENTED_EDGE('',*,*,#2225,.T.);
#638=ORIENTED_EDGE('',*,*,#2226,.T.);
#639=ORIENTED_EDGE('',*,*,#2198,.T.);
#640=ORIENTED_EDGE('',*,*,#2227,.T.);
#641=ORIENTED_EDGE('',*,*,#2228,.F.);
#642=ORIENTED_EDGE('',*,*,#2229,.T.);
#643=ORIENTED_EDGE('',*,*,#2141,.T.);
#644=ORIENTED_EDGE('',*,*,#2230,.T.);
#645=ORIENTED_EDGE('',*,*,#2231,.F.);
#646=ORIENTED_EDGE('',*,*,#2232,.F.);
#647=ORIENTED_EDGE('',*,*,#2233,.T.);
#648=ORIENTED_EDGE('',*,*,#2234,.T.);
#649=ORIENTED_EDGE('',*,*,#2235,.F.);
#650=ORIENTED_EDGE('',*,*,#2236,.F.);
#651=ORIENTED_EDGE('',*,*,#2237,.T.);
#652=ORIENTED_EDGE('',*,*,#2238,.T.);
#653=ORIENTED_EDGE('',*,*,#2239,.F.);
#654=ORIENTED_EDGE('',*,*,#2240,.F.);
#655=ORIENTED_EDGE('',*,*,#2241,.F.);
#656=ORIENTED_EDGE('',*,*,#2242,.T.);
#657=ORIENTED_EDGE('',*,*,#2243,.T.);
#658=ORIENTED_EDGE('',*,*,#2244,.F.);
#659=ORIENTED_EDGE('',*,*,#2245,.F.);
#660=ORIENTED_EDGE('',*,*,#2246,.T.);
#661=ORIENTED_EDGE('',*,*,#2247,.T.);
#662=ORIENTED_EDGE('',*,*,#2248,.F.);
#663=ORIENTED_EDGE('',*,*,#2249,.F.);
#664=ORIENTED_EDGE('',*,*,#2250,.F.);
#665=ORIENTED_EDGE('',*,*,#2251,.T.);
#666=ORIENTED_EDGE('',*,*,#2252,.T.);
#667=ORIENTED_EDGE('',*,*,#2253,.T.);
#668=ORIENTED_EDGE('',*,*,#2254,.T.);
#669=ORIENTED_EDGE('',*,*,#2255,.F.);
#670=ORIENTED_EDGE('',*,*,#2256,.T.);
#671=ORIENTED_EDGE('',*,*,#2257,.F.);
#672=ORIENTED_EDGE('',*,*,#2258,.T.);
#673=ORIENTED_EDGE('',*,*,#2249,.T.);
#674=ORIENTED_EDGE('',*,*,#2259,.T.);
#675=ORIENTED_EDGE('',*,*,#2260,.T.);
#676=ORIENTED_EDGE('',*,*,#2261,.T.);
#677=ORIENTED_EDGE('',*,*,#2262,.T.);
#678=ORIENTED_EDGE('',*,*,#2263,.F.);
#679=ORIENTED_EDGE('',*,*,#2264,.T.);
#680=ORIENTED_EDGE('',*,*,#2265,.T.);
#681=ORIENTED_EDGE('',*,*,#2266,.T.);
#682=ORIENTED_EDGE('',*,*,#2267,.T.);
#683=ORIENTED_EDGE('',*,*,#2268,.F.);
#684=ORIENTED_EDGE('',*,*,#2269,.F.);
#685=ORIENTED_EDGE('',*,*,#2270,.F.);
#686=ORIENTED_EDGE('',*,*,#2271,.T.);
#687=ORIENTED_EDGE('',*,*,#2272,.F.);
#688=ORIENTED_EDGE('',*,*,#2273,.T.);
#689=ORIENTED_EDGE('',*,*,#2274,.T.);
#690=ORIENTED_EDGE('',*,*,#2275,.F.);
#691=ORIENTED_EDGE('',*,*,#2136,.F.);
#692=ORIENTED_EDGE('',*,*,#2276,.F.);
#693=ORIENTED_EDGE('',*,*,#2277,.T.);
#694=ORIENTED_EDGE('',*,*,#2259,.F.);
#695=ORIENTED_EDGE('',*,*,#2278,.T.);
#696=ORIENTED_EDGE('',*,*,#2257,.T.);
#697=ORIENTED_EDGE('',*,*,#2279,.T.);
#698=ORIENTED_EDGE('',*,*,#2147,.T.);
#699=ORIENTED_EDGE('',*,*,#2280,.F.);
#700=ORIENTED_EDGE('',*,*,#2281,.T.);
#701=ORIENTED_EDGE('',*,*,#2282,.T.);
#702=ORIENTED_EDGE('',*,*,#2283,.T.);
#703=ORIENTED_EDGE('',*,*,#2284,.T.);
#704=ORIENTED_EDGE('',*,*,#2285,.T.);
#705=ORIENTED_EDGE('',*,*,#2276,.T.);
#706=ORIENTED_EDGE('',*,*,#2286,.F.);
#707=ORIENTED_EDGE('',*,*,#2287,.T.);
#708=ORIENTED_EDGE('',*,*,#2288,.F.);
#709=ORIENTED_EDGE('',*,*,#2289,.F.);
#710=ORIENTED_EDGE('',*,*,#2290,.T.);
#711=ORIENTED_EDGE('',*,*,#2291,.T.);
#712=ORIENTED_EDGE('',*,*,#2145,.T.);
#713=ORIENTED_EDGE('',*,*,#2292,.F.);
#714=ORIENTED_EDGE('',*,*,#2279,.F.);
#715=ORIENTED_EDGE('',*,*,#2293,.T.);
#716=ORIENTED_EDGE('',*,*,#2294,.T.);
#717=ORIENTED_EDGE('',*,*,#2148,.T.);
#718=ORIENTED_EDGE('',*,*,#2151,.T.);
#719=ORIENTED_EDGE('',*,*,#2295,.T.);
#720=ORIENTED_EDGE('',*,*,#2134,.T.);
#721=ORIENTED_EDGE('',*,*,#2274,.F.);
#722=ORIENTED_EDGE('',*,*,#2296,.T.);
#723=ORIENTED_EDGE('',*,*,#2297,.T.);
#724=ORIENTED_EDGE('',*,*,#2298,.T.);
#725=ORIENTED_EDGE('',*,*,#2299,.F.);
#726=ORIENTED_EDGE('',*,*,#2300,.F.);
#727=ORIENTED_EDGE('',*,*,#2301,.T.);
#728=ORIENTED_EDGE('',*,*,#2302,.T.);
#729=ORIENTED_EDGE('',*,*,#2303,.T.);
#730=ORIENTED_EDGE('',*,*,#2304,.T.);
#731=ORIENTED_EDGE('',*,*,#2305,.T.);
#732=ORIENTED_EDGE('',*,*,#2306,.T.);
#733=ORIENTED_EDGE('',*,*,#2307,.T.);
#734=ORIENTED_EDGE('',*,*,#2308,.T.);
#735=ORIENTED_EDGE('',*,*,#2309,.T.);
#736=ORIENTED_EDGE('',*,*,#2310,.T.);
#737=ORIENTED_EDGE('',*,*,#2311,.F.);
#738=ORIENTED_EDGE('',*,*,#2312,.T.);
#739=ORIENTED_EDGE('',*,*,#2313,.T.);
#740=ORIENTED_EDGE('',*,*,#2314,.T.);
#741=ORIENTED_EDGE('',*,*,#2315,.F.);
#742=ORIENTED_EDGE('',*,*,#2316,.T.);
#743=ORIENTED_EDGE('',*,*,#2317,.T.);
#744=ORIENTED_EDGE('',*,*,#2318,.T.);
#745=ORIENTED_EDGE('',*,*,#2319,.F.);
#746=ORIENTED_EDGE('',*,*,#2320,.F.);
#747=ORIENTED_EDGE('',*,*,#2321,.F.);
#748=ORIENTED_EDGE('',*,*,#2322,.F.);
#749=ORIENTED_EDGE('',*,*,#2323,.F.);
#750=ORIENTED_EDGE('',*,*,#2324,.T.);
#751=ORIENTED_EDGE('',*,*,#2325,.T.);
#752=ORIENTED_EDGE('',*,*,#2149,.T.);
#753=ORIENTED_EDGE('',*,*,#2294,.F.);
#754=ORIENTED_EDGE('',*,*,#2326,.T.);
#755=ORIENTED_EDGE('',*,*,#2159,.T.);
#756=ORIENTED_EDGE('',*,*,#2327,.T.);
#757=ORIENTED_EDGE('',*,*,#2253,.F.);
#758=ORIENTED_EDGE('',*,*,#2267,.F.);
#759=ORIENTED_EDGE('',*,*,#2328,.T.);
#760=ORIENTED_EDGE('',*,*,#2329,.T.);
#761=ORIENTED_EDGE('',*,*,#2330,.F.);
#762=ORIENTED_EDGE('',*,*,#2268,.T.);
#763=ORIENTED_EDGE('',*,*,#2331,.T.);
#764=ORIENTED_EDGE('',*,*,#2332,.T.);
#765=ORIENTED_EDGE('',*,*,#2333,.T.);
#766=ORIENTED_EDGE('',*,*,#2334,.F.);
#767=ORIENTED_EDGE('',*,*,#2335,.T.);
#768=ORIENTED_EDGE('',*,*,#2336,.T.);
#769=ORIENTED_EDGE('',*,*,#2337,.T.);
#770=ORIENTED_EDGE('',*,*,#2338,.F.);
#771=ORIENTED_EDGE('',*,*,#2339,.T.);
#772=ORIENTED_EDGE('',*,*,#2340,.F.);
#773=ORIENTED_EDGE('',*,*,#2341,.T.);
#774=ORIENTED_EDGE('',*,*,#2342,.T.);
#775=ORIENTED_EDGE('',*,*,#2333,.F.);
#776=ORIENTED_EDGE('',*,*,#2343,.T.);
#777=ORIENTED_EDGE('',*,*,#2344,.T.);
#778=ORIENTED_EDGE('',*,*,#2345,.F.);
#779=ORIENTED_EDGE('',*,*,#2346,.T.);
#780=ORIENTED_EDGE('',*,*,#2347,.F.);
#781=ORIENTED_EDGE('',*,*,#2348,.F.);
#782=ORIENTED_EDGE('',*,*,#2349,.T.);
#783=ORIENTED_EDGE('',*,*,#2350,.T.);
#784=ORIENTED_EDGE('',*,*,#2351,.F.);
#785=ORIENTED_EDGE('',*,*,#2339,.F.);
#786=ORIENTED_EDGE('',*,*,#2352,.T.);
#787=ORIENTED_EDGE('',*,*,#2353,.T.);
#788=ORIENTED_EDGE('',*,*,#2354,.T.);
#789=ORIENTED_EDGE('',*,*,#2355,.T.);
#790=ORIENTED_EDGE('',*,*,#2356,.F.);
#791=ORIENTED_EDGE('',*,*,#2357,.T.);
#792=ORIENTED_EDGE('',*,*,#2358,.T.);
#793=ORIENTED_EDGE('',*,*,#2359,.T.);
#794=ORIENTED_EDGE('',*,*,#2360,.F.);
#795=ORIENTED_EDGE('',*,*,#2361,.T.);
#796=ORIENTED_EDGE('',*,*,#2362,.F.);
#797=ORIENTED_EDGE('',*,*,#2363,.T.);
#798=ORIENTED_EDGE('',*,*,#2364,.T.);
#799=ORIENTED_EDGE('',*,*,#2355,.F.);
#800=ORIENTED_EDGE('',*,*,#2365,.T.);
#801=ORIENTED_EDGE('',*,*,#2366,.T.);
#802=ORIENTED_EDGE('',*,*,#2367,.F.);
#803=ORIENTED_EDGE('',*,*,#2368,.T.);
#804=ORIENTED_EDGE('',*,*,#2369,.F.);
#805=ORIENTED_EDGE('',*,*,#2370,.F.);
#806=ORIENTED_EDGE('',*,*,#2371,.T.);
#807=ORIENTED_EDGE('',*,*,#2372,.T.);
#808=ORIENTED_EDGE('',*,*,#2373,.F.);
#809=ORIENTED_EDGE('',*,*,#2361,.F.);
#810=ORIENTED_EDGE('',*,*,#2374,.T.);
#811=ORIENTED_EDGE('',*,*,#2375,.F.);
#812=ORIENTED_EDGE('',*,*,#2376,.T.);
#813=ORIENTED_EDGE('',*,*,#2377,.T.);
#814=ORIENTED_EDGE('',*,*,#2378,.T.);
#815=ORIENTED_EDGE('',*,*,#2379,.T.);
#816=ORIENTED_EDGE('',*,*,#2380,.T.);
#817=ORIENTED_EDGE('',*,*,#2381,.T.);
#818=ORIENTED_EDGE('',*,*,#2382,.F.);
#819=ORIENTED_EDGE('',*,*,#2383,.T.);
#820=ORIENTED_EDGE('',*,*,#2384,.T.);
#821=ORIENTED_EDGE('',*,*,#2385,.T.);
#822=ORIENTED_EDGE('',*,*,#2386,.F.);
#823=ORIENTED_EDGE('',*,*,#2387,.F.);
#824=ORIENTED_EDGE('',*,*,#2388,.T.);
#825=ORIENTED_EDGE('',*,*,#2389,.T.);
#826=ORIENTED_EDGE('',*,*,#2390,.F.);
#827=ORIENTED_EDGE('',*,*,#2391,.T.);
#828=ORIENTED_EDGE('',*,*,#2392,.F.);
#829=ORIENTED_EDGE('',*,*,#2378,.F.);
#830=ORIENTED_EDGE('',*,*,#2393,.T.);
#831=ORIENTED_EDGE('',*,*,#2394,.T.);
#832=ORIENTED_EDGE('',*,*,#2395,.F.);
#833=ORIENTED_EDGE('',*,*,#2385,.F.);
#834=ORIENTED_EDGE('',*,*,#2396,.T.);
#835=ORIENTED_EDGE('',*,*,#2397,.F.);
#836=ORIENTED_EDGE('',*,*,#2398,.T.);
#837=ORIENTED_EDGE('',*,*,#2399,.T.);
#838=ORIENTED_EDGE('',*,*,#2400,.T.);
#839=ORIENTED_EDGE('',*,*,#2401,.T.);
#840=ORIENTED_EDGE('',*,*,#2402,.T.);
#841=ORIENTED_EDGE('',*,*,#2403,.T.);
#842=ORIENTED_EDGE('',*,*,#2404,.F.);
#843=ORIENTED_EDGE('',*,*,#2405,.T.);
#844=ORIENTED_EDGE('',*,*,#2406,.T.);
#845=ORIENTED_EDGE('',*,*,#2407,.T.);
#846=ORIENTED_EDGE('',*,*,#2408,.F.);
#847=ORIENTED_EDGE('',*,*,#2398,.F.);
#848=ORIENTED_EDGE('',*,*,#2409,.T.);
#849=ORIENTED_EDGE('',*,*,#2391,.F.);
#850=ORIENTED_EDGE('',*,*,#2410,.F.);
#851=ORIENTED_EDGE('',*,*,#2411,.F.);
#852=ORIENTED_EDGE('',*,*,#2401,.F.);
#853=ORIENTED_EDGE('',*,*,#2412,.T.);
#854=ORIENTED_EDGE('',*,*,#2413,.F.);
#855=ORIENTED_EDGE('',*,*,#2414,.F.);
#856=ORIENTED_EDGE('',*,*,#2405,.F.);
#857=ORIENTED_EDGE('',*,*,#2415,.T.);
#858=ORIENTED_EDGE('',*,*,#2394,.F.);
#859=ORIENTED_EDGE('',*,*,#2376,.F.);
#860=ORIENTED_EDGE('',*,*,#2416,.T.);
#861=ORIENTED_EDGE('',*,*,#2368,.F.);
#862=ORIENTED_EDGE('',*,*,#2417,.F.);
#863=ORIENTED_EDGE('',*,*,#2418,.F.);
#864=ORIENTED_EDGE('',*,*,#2379,.F.);
#865=ORIENTED_EDGE('',*,*,#2419,.T.);
#866=ORIENTED_EDGE('',*,*,#2420,.F.);
#867=ORIENTED_EDGE('',*,*,#2421,.F.);
#868=ORIENTED_EDGE('',*,*,#2383,.F.);
#869=ORIENTED_EDGE('',*,*,#2422,.T.);
#870=ORIENTED_EDGE('',*,*,#2372,.F.);
#871=ORIENTED_EDGE('',*,*,#2423,.F.);
#872=ORIENTED_EDGE('',*,*,#2353,.F.);
#873=ORIENTED_EDGE('',*,*,#2424,.T.);
#874=ORIENTED_EDGE('',*,*,#2344,.F.);
#875=ORIENTED_EDGE('',*,*,#2425,.T.);
#876=ORIENTED_EDGE('',*,*,#2346,.F.);
#877=ORIENTED_EDGE('',*,*,#2426,.F.);
#878=ORIENTED_EDGE('',*,*,#2427,.F.);
#879=ORIENTED_EDGE('',*,*,#2428,.T.);
#880=ORIENTED_EDGE('',*,*,#2350,.F.);
#881=ORIENTED_EDGE('',*,*,#2429,.F.);
#882=ORIENTED_EDGE('',*,*,#2363,.F.);
#883=ORIENTED_EDGE('',*,*,#2430,.F.);
#884=ORIENTED_EDGE('',*,*,#2331,.F.);
#885=ORIENTED_EDGE('',*,*,#2431,.T.);
#886=ORIENTED_EDGE('',*,*,#2432,.F.);
#887=ORIENTED_EDGE('',*,*,#2433,.T.);
#888=ORIENTED_EDGE('',*,*,#2434,.F.);
#889=ORIENTED_EDGE('',*,*,#2435,.F.);
#890=ORIENTED_EDGE('',*,*,#2341,.F.);
#891=ORIENTED_EDGE('',*,*,#2436,.F.);
#892=ORIENTED_EDGE('',*,*,#2335,.F.);
#893=ORIENTED_EDGE('',*,*,#2437,.T.);
#894=ORIENTED_EDGE('',*,*,#2438,.F.);
#895=ORIENTED_EDGE('',*,*,#2439,.T.);
#896=ORIENTED_EDGE('',*,*,#2440,.F.);
#897=ORIENTED_EDGE('',*,*,#2441,.F.);
#898=ORIENTED_EDGE('',*,*,#2442,.F.);
#899=ORIENTED_EDGE('',*,*,#2443,.F.);
#900=ORIENTED_EDGE('',*,*,#2440,.T.);
#901=ORIENTED_EDGE('',*,*,#2444,.T.);
#902=ORIENTED_EDGE('',*,*,#2438,.T.);
#903=ORIENTED_EDGE('',*,*,#2445,.T.);
#904=ORIENTED_EDGE('',*,*,#2434,.T.);
#905=ORIENTED_EDGE('',*,*,#2446,.T.);
#906=ORIENTED_EDGE('',*,*,#2432,.T.);
#907=ORIENTED_EDGE('',*,*,#2447,.T.);
#908=ORIENTED_EDGE('',*,*,#2348,.T.);
#909=ORIENTED_EDGE('',*,*,#2448,.F.);
#910=ORIENTED_EDGE('',*,*,#2442,.T.);
#911=ORIENTED_EDGE('',*,*,#2449,.T.);
#912=ORIENTED_EDGE('',*,*,#2337,.F.);
#913=ORIENTED_EDGE('',*,*,#2450,.T.);
#914=ORIENTED_EDGE('',*,*,#2451,.T.);
#915=ORIENTED_EDGE('',*,*,#2452,.F.);
#916=ORIENTED_EDGE('',*,*,#2370,.T.);
#917=ORIENTED_EDGE('',*,*,#2453,.F.);
#918=ORIENTED_EDGE('',*,*,#2427,.T.);
#919=ORIENTED_EDGE('',*,*,#2454,.T.);
#920=ORIENTED_EDGE('',*,*,#2359,.F.);
#921=ORIENTED_EDGE('',*,*,#2455,.T.);
#922=ORIENTED_EDGE('',*,*,#2420,.T.);
#923=ORIENTED_EDGE('',*,*,#2456,.F.);
#924=ORIENTED_EDGE('',*,*,#2457,.T.);
#925=ORIENTED_EDGE('',*,*,#2458,.T.);
#926=ORIENTED_EDGE('',*,*,#2387,.T.);
#927=ORIENTED_EDGE('',*,*,#2459,.F.);
#928=ORIENTED_EDGE('',*,*,#2381,.F.);
#929=ORIENTED_EDGE('',*,*,#2460,.T.);
#930=ORIENTED_EDGE('',*,*,#2413,.T.);
#931=ORIENTED_EDGE('',*,*,#2461,.F.);
#932=ORIENTED_EDGE('',*,*,#2462,.T.);
#933=ORIENTED_EDGE('',*,*,#2463,.T.);
#934=ORIENTED_EDGE('',*,*,#2464,.T.);
#935=ORIENTED_EDGE('',*,*,#2465,.F.);
#936=ORIENTED_EDGE('',*,*,#2466,.T.);
#937=ORIENTED_EDGE('',*,*,#2403,.F.);
#938=ORIENTED_EDGE('',*,*,#2467,.T.);
#939=ORIENTED_EDGE('',*,*,#2400,.F.);
#940=ORIENTED_EDGE('',*,*,#2468,.T.);
#941=ORIENTED_EDGE('',*,*,#2464,.F.);
#942=ORIENTED_EDGE('',*,*,#2469,.T.);
#943=ORIENTED_EDGE('',*,*,#2407,.F.);
#944=ORIENTED_EDGE('',*,*,#2470,.T.);
#945=ORIENTED_EDGE('',*,*,#2471,.F.);
#946=ORIENTED_EDGE('',*,*,#2462,.F.);
#947=ORIENTED_EDGE('',*,*,#2472,.T.);
#948=ORIENTED_EDGE('',*,*,#2389,.F.);
#949=ORIENTED_EDGE('',*,*,#2473,.F.);
#950=ORIENTED_EDGE('',*,*,#2457,.F.);
#951=ORIENTED_EDGE('',*,*,#2474,.T.);
#952=ORIENTED_EDGE('',*,*,#2366,.F.);
#953=ORIENTED_EDGE('',*,*,#2475,.F.);
#954=ORIENTED_EDGE('',*,*,#2357,.F.);
#955=ORIENTED_EDGE('',*,*,#2476,.T.);
#956=ORIENTED_EDGE('',*,*,#2451,.F.);
#957=ORIENTED_EDGE('',*,*,#2477,.F.);
#958=ORIENTED_EDGE('',*,*,#2478,.T.);
#959=ORIENTED_EDGE('',*,*,#2479,.F.);
#960=ORIENTED_EDGE('',*,*,#2480,.F.);
#961=ORIENTED_EDGE('',*,*,#2481,.T.);
#962=ORIENTED_EDGE('',*,*,#2481,.F.);
#963=ORIENTED_EDGE('',*,*,#2482,.T.);
#964=ORIENTED_EDGE('',*,*,#2482,.F.);
#965=ORIENTED_EDGE('',*,*,#2483,.T.);
#966=ORIENTED_EDGE('',*,*,#2484,.T.);
#967=ORIENTED_EDGE('',*,*,#2483,.F.);
#968=ORIENTED_EDGE('',*,*,#2485,.T.);
#969=ORIENTED_EDGE('',*,*,#2443,.T.);
#970=ORIENTED_EDGE('',*,*,#2486,.F.);
#971=ORIENTED_EDGE('',*,*,#2326,.F.);
#972=ORIENTED_EDGE('',*,*,#2466,.F.);
#973=ORIENTED_EDGE('',*,*,#2485,.F.);
#974=ORIENTED_EDGE('',*,*,#2484,.F.);
#975=ORIENTED_EDGE('',*,*,#2487,.T.);
#976=ORIENTED_EDGE('',*,*,#2431,.F.);
#977=ORIENTED_EDGE('',*,*,#2334,.T.);
#978=ORIENTED_EDGE('',*,*,#2345,.T.);
#979=ORIENTED_EDGE('',*,*,#2424,.F.);
#980=ORIENTED_EDGE('',*,*,#2356,.T.);
#981=ORIENTED_EDGE('',*,*,#2367,.T.);
#982=ORIENTED_EDGE('',*,*,#2474,.F.);
#983=ORIENTED_EDGE('',*,*,#2459,.T.);
#984=ORIENTED_EDGE('',*,*,#2390,.T.);
#985=ORIENTED_EDGE('',*,*,#2472,.F.);
#986=ORIENTED_EDGE('',*,*,#2465,.T.);
#987=ORIENTED_EDGE('',*,*,#2468,.F.);
#988=ORIENTED_EDGE('',*,*,#2399,.F.);
#989=ORIENTED_EDGE('',*,*,#2410,.T.);
#990=ORIENTED_EDGE('',*,*,#2393,.F.);
#991=ORIENTED_EDGE('',*,*,#2377,.F.);
#992=ORIENTED_EDGE('',*,*,#2417,.T.);
#993=ORIENTED_EDGE('',*,*,#2371,.F.);
#994=ORIENTED_EDGE('',*,*,#2454,.F.);
#995=ORIENTED_EDGE('',*,*,#2426,.T.);
#996=ORIENTED_EDGE('',*,*,#2349,.F.);
#997=ORIENTED_EDGE('',*,*,#2449,.F.);
#998=ORIENTED_EDGE('',*,*,#2441,.T.);
#999=ORIENTED_EDGE('',*,*,#2488,.F.);
#1000=ORIENTED_EDGE('',*,*,#2489,.F.);
#1001=ORIENTED_EDGE('',*,*,#2490,.F.);
#1002=ORIENTED_EDGE('',*,*,#2491,.F.);
#1003=ORIENTED_EDGE('',*,*,#2492,.F.);
#1004=ORIENTED_EDGE('',*,*,#2493,.F.);
#1005=ORIENTED_EDGE('',*,*,#2494,.F.);
#1006=ORIENTED_EDGE('',*,*,#2495,.F.);
#1007=ORIENTED_EDGE('',*,*,#2496,.F.);
#1008=ORIENTED_EDGE('',*,*,#2497,.F.);
#1009=ORIENTED_EDGE('',*,*,#2498,.T.);
#1010=ORIENTED_EDGE('',*,*,#2499,.T.);
#1011=ORIENTED_EDGE('',*,*,#2500,.T.);
#1012=ORIENTED_EDGE('',*,*,#2501,.T.);
#1013=ORIENTED_EDGE('',*,*,#2502,.T.);
#1014=ORIENTED_EDGE('',*,*,#2503,.T.);
#1015=ORIENTED_EDGE('',*,*,#2504,.T.);
#1016=ORIENTED_EDGE('',*,*,#2505,.T.);
#1017=ORIENTED_EDGE('',*,*,#2496,.T.);
#1018=ORIENTED_EDGE('',*,*,#2506,.T.);
#1019=ORIENTED_EDGE('',*,*,#2507,.F.);
#1020=ORIENTED_EDGE('',*,*,#2508,.F.);
#1021=ORIENTED_EDGE('',*,*,#2447,.F.);
#1022=ORIENTED_EDGE('',*,*,#2487,.F.);
#1023=ORIENTED_EDGE('',*,*,#2509,.F.);
#1024=ORIENTED_EDGE('',*,*,#2510,.F.);
#1025=ORIENTED_EDGE('',*,*,#2511,.F.);
#1026=ORIENTED_EDGE('',*,*,#2512,.F.);
#1027=ORIENTED_EDGE('',*,*,#2513,.F.);
#1028=ORIENTED_EDGE('',*,*,#2514,.F.);
#1029=ORIENTED_EDGE('',*,*,#2515,.F.);
#1030=ORIENTED_EDGE('',*,*,#2516,.F.);
#1031=ORIENTED_EDGE('',*,*,#2517,.T.);
#1032=ORIENTED_EDGE('',*,*,#2507,.T.);
#1033=ORIENTED_EDGE('',*,*,#2518,.T.);
#1034=ORIENTED_EDGE('',*,*,#2519,.T.);
#1035=ORIENTED_EDGE('',*,*,#2520,.T.);
#1036=ORIENTED_EDGE('',*,*,#2521,.T.);
#1037=ORIENTED_EDGE('',*,*,#2522,.T.);
#1038=ORIENTED_EDGE('',*,*,#2523,.T.);
#1039=ORIENTED_EDGE('',*,*,#2524,.T.);
#1040=ORIENTED_EDGE('',*,*,#2488,.T.);
#1041=ORIENTED_EDGE('',*,*,#2517,.F.);
#1042=ORIENTED_EDGE('',*,*,#2525,.F.);
#1043=ORIENTED_EDGE('',*,*,#2497,.T.);
#1044=ORIENTED_EDGE('',*,*,#2508,.T.);
#1045=ORIENTED_EDGE('',*,*,#2494,.T.);
#1046=ORIENTED_EDGE('',*,*,#2526,.T.);
#1047=ORIENTED_EDGE('',*,*,#2519,.F.);
#1048=ORIENTED_EDGE('',*,*,#2527,.F.);
#1049=ORIENTED_EDGE('',*,*,#2495,.T.);
#1050=ORIENTED_EDGE('',*,*,#2527,.T.);
#1051=ORIENTED_EDGE('',*,*,#2518,.F.);
#1052=ORIENTED_EDGE('',*,*,#2506,.F.);
#1053=ORIENTED_EDGE('',*,*,#2492,.T.);
#1054=ORIENTED_EDGE('',*,*,#2528,.T.);
#1055=ORIENTED_EDGE('',*,*,#2521,.F.);
#1056=ORIENTED_EDGE('',*,*,#2529,.F.);
#1057=ORIENTED_EDGE('',*,*,#2526,.F.);
#1058=ORIENTED_EDGE('',*,*,#2493,.T.);
#1059=ORIENTED_EDGE('',*,*,#2529,.T.);
#1060=ORIENTED_EDGE('',*,*,#2520,.F.);
#1061=ORIENTED_EDGE('',*,*,#2530,.F.);
#1062=ORIENTED_EDGE('',*,*,#2523,.F.);
#1063=ORIENTED_EDGE('',*,*,#2531,.T.);
#1064=ORIENTED_EDGE('',*,*,#2490,.T.);
#1065=ORIENTED_EDGE('',*,*,#2528,.F.);
#1066=ORIENTED_EDGE('',*,*,#2491,.T.);
#1067=ORIENTED_EDGE('',*,*,#2531,.F.);
#1068=ORIENTED_EDGE('',*,*,#2522,.F.);
#1069=ORIENTED_EDGE('',*,*,#2524,.F.);
#1070=ORIENTED_EDGE('',*,*,#2530,.T.);
#1071=ORIENTED_EDGE('',*,*,#2489,.T.);
#1072=ORIENTED_EDGE('',*,*,#2532,.F.);
#1073=ORIENTED_EDGE('',*,*,#2498,.F.);
#1074=ORIENTED_EDGE('',*,*,#2525,.T.);
#1075=ORIENTED_EDGE('',*,*,#2516,.T.);
#1076=ORIENTED_EDGE('',*,*,#2533,.F.);
#1077=ORIENTED_EDGE('',*,*,#2500,.F.);
#1078=ORIENTED_EDGE('',*,*,#2534,.T.);
#1079=ORIENTED_EDGE('',*,*,#2514,.T.);
#1080=ORIENTED_EDGE('',*,*,#2499,.F.);
#1081=ORIENTED_EDGE('',*,*,#2532,.T.);
#1082=ORIENTED_EDGE('',*,*,#2515,.T.);
#1083=ORIENTED_EDGE('',*,*,#2534,.F.);
#1084=ORIENTED_EDGE('',*,*,#2535,.F.);
#1085=ORIENTED_EDGE('',*,*,#2502,.F.);
#1086=ORIENTED_EDGE('',*,*,#2536,.T.);
#1087=ORIENTED_EDGE('',*,*,#2512,.T.);
#1088=ORIENTED_EDGE('',*,*,#2533,.T.);
#1089=ORIENTED_EDGE('',*,*,#2513,.T.);
#1090=ORIENTED_EDGE('',*,*,#2536,.F.);
#1091=ORIENTED_EDGE('',*,*,#2501,.F.);
#1092=ORIENTED_EDGE('',*,*,#2510,.T.);
#1093=ORIENTED_EDGE('',*,*,#2537,.T.);
#1094=ORIENTED_EDGE('',*,*,#2504,.F.);
#1095=ORIENTED_EDGE('',*,*,#2538,.F.);
#1096=ORIENTED_EDGE('',*,*,#2535,.T.);
#1097=ORIENTED_EDGE('',*,*,#2511,.T.);
#1098=ORIENTED_EDGE('',*,*,#2538,.T.);
#1099=ORIENTED_EDGE('',*,*,#2503,.F.);
#1100=ORIENTED_EDGE('',*,*,#2509,.T.);
#1101=ORIENTED_EDGE('',*,*,#2505,.F.);
#1102=ORIENTED_EDGE('',*,*,#2537,.F.);
#1103=ORIENTED_EDGE('',*,*,#2539,.T.);
#1104=ORIENTED_EDGE('',*,*,#2540,.F.);
#1105=ORIENTED_EDGE('',*,*,#2541,.F.);
#1106=ORIENTED_EDGE('',*,*,#2542,.T.);
#1107=ORIENTED_EDGE('',*,*,#2541,.T.);
#1108=ORIENTED_EDGE('',*,*,#2543,.F.);
#1109=ORIENTED_EDGE('',*,*,#2544,.F.);
#1110=ORIENTED_EDGE('',*,*,#2545,.T.);
#1111=ORIENTED_EDGE('',*,*,#2546,.T.);
#1112=ORIENTED_EDGE('',*,*,#2544,.T.);
#1113=ORIENTED_EDGE('',*,*,#2547,.F.);
#1114=ORIENTED_EDGE('',*,*,#2545,.F.);
#1115=ORIENTED_EDGE('',*,*,#2548,.F.);
#1116=ORIENTED_EDGE('',*,*,#2549,.T.);
#1117=ORIENTED_EDGE('',*,*,#2550,.T.);
#1118=ORIENTED_EDGE('',*,*,#2551,.T.);
#1119=ORIENTED_EDGE('',*,*,#2552,.T.);
#1120=ORIENTED_EDGE('',*,*,#2549,.F.);
#1121=ORIENTED_EDGE('',*,*,#2553,.F.);
#1122=ORIENTED_EDGE('',*,*,#2551,.F.);
#1123=ORIENTED_EDGE('',*,*,#2554,.F.);
#1124=ORIENTED_EDGE('',*,*,#2555,.T.);
#1125=ORIENTED_EDGE('',*,*,#2556,.T.);
#1126=ORIENTED_EDGE('',*,*,#2557,.F.);
#1127=ORIENTED_EDGE('',*,*,#2558,.T.);
#1128=ORIENTED_EDGE('',*,*,#2559,.T.);
#1129=ORIENTED_EDGE('',*,*,#2555,.F.);
#1130=ORIENTED_EDGE('',*,*,#2558,.F.);
#1131=ORIENTED_EDGE('',*,*,#2560,.F.);
#1132=ORIENTED_EDGE('',*,*,#2561,.T.);
#1133=ORIENTED_EDGE('',*,*,#2562,.T.);
#1134=ORIENTED_EDGE('',*,*,#2563,.F.);
#1135=ORIENTED_EDGE('',*,*,#2561,.F.);
#1136=ORIENTED_EDGE('',*,*,#2564,.T.);
#1137=ORIENTED_EDGE('',*,*,#2565,.T.);
#1138=ORIENTED_EDGE('',*,*,#2566,.T.);
#1139=ORIENTED_EDGE('',*,*,#2567,.T.);
#1140=ORIENTED_EDGE('',*,*,#2568,.F.);
#1141=ORIENTED_EDGE('',*,*,#2565,.F.);
#1142=ORIENTED_EDGE('',*,*,#2569,.T.);
#1143=ORIENTED_EDGE('',*,*,#2570,.T.);
#1144=ORIENTED_EDGE('',*,*,#2571,.F.);
#1145=ORIENTED_EDGE('',*,*,#2567,.F.);
#1146=ORIENTED_EDGE('',*,*,#2572,.T.);
#1147=ORIENTED_EDGE('',*,*,#2573,.T.);
#1148=ORIENTED_EDGE('',*,*,#2574,.F.);
#1149=ORIENTED_EDGE('',*,*,#2570,.F.);
#1150=ORIENTED_EDGE('',*,*,#2573,.F.);
#1151=ORIENTED_EDGE('',*,*,#2575,.T.);
#1152=ORIENTED_EDGE('',*,*,#2576,.T.);
#1153=ORIENTED_EDGE('',*,*,#2577,.F.);
#1154=ORIENTED_EDGE('',*,*,#2578,.T.);
#1155=ORIENTED_EDGE('',*,*,#2579,.T.);
#1156=ORIENTED_EDGE('',*,*,#2580,.F.);
#1157=ORIENTED_EDGE('',*,*,#2576,.F.);
#1158=ORIENTED_EDGE('',*,*,#2579,.F.);
#1159=ORIENTED_EDGE('',*,*,#2581,.T.);
#1160=ORIENTED_EDGE('',*,*,#2582,.F.);
#1161=ORIENTED_EDGE('',*,*,#2583,.F.);
#1162=ORIENTED_EDGE('',*,*,#2584,.F.);
#1163=ORIENTED_EDGE('',*,*,#2585,.F.);
#1164=ORIENTED_EDGE('',*,*,#2582,.T.);
#1165=ORIENTED_EDGE('',*,*,#2586,.T.);
#1166=ORIENTED_EDGE('',*,*,#2587,.F.);
#1167=ORIENTED_EDGE('',*,*,#2584,.T.);
#1168=ORIENTED_EDGE('',*,*,#2588,.T.);
#1169=ORIENTED_EDGE('',*,*,#2589,.T.);
#1170=ORIENTED_EDGE('',*,*,#2437,.F.);
#1171=ORIENTED_EDGE('',*,*,#2338,.T.);
#1172=ORIENTED_EDGE('',*,*,#2452,.T.);
#1173=ORIENTED_EDGE('',*,*,#2476,.F.);
#1174=ORIENTED_EDGE('',*,*,#2360,.T.);
#1175=ORIENTED_EDGE('',*,*,#2456,.T.);
#1176=ORIENTED_EDGE('',*,*,#2419,.F.);
#1177=ORIENTED_EDGE('',*,*,#2382,.T.);
#1178=ORIENTED_EDGE('',*,*,#2461,.T.);
#1179=ORIENTED_EDGE('',*,*,#2412,.F.);
#1180=ORIENTED_EDGE('',*,*,#2404,.T.);
#1181=ORIENTED_EDGE('',*,*,#2470,.F.);
#1182=ORIENTED_EDGE('',*,*,#2406,.F.);
#1183=ORIENTED_EDGE('',*,*,#2414,.T.);
#1184=ORIENTED_EDGE('',*,*,#2396,.F.);
#1185=ORIENTED_EDGE('',*,*,#2384,.F.);
#1186=ORIENTED_EDGE('',*,*,#2421,.T.);
#1187=ORIENTED_EDGE('',*,*,#2374,.F.);
#1188=ORIENTED_EDGE('',*,*,#2364,.F.);
#1189=ORIENTED_EDGE('',*,*,#2429,.T.);
#1190=ORIENTED_EDGE('',*,*,#2352,.F.);
#1191=ORIENTED_EDGE('',*,*,#2342,.F.);
#1192=ORIENTED_EDGE('',*,*,#2435,.T.);
#1193=ORIENTED_EDGE('',*,*,#2590,.F.);
#1194=ORIENTED_EDGE('',*,*,#2588,.F.);
#1195=ORIENTED_EDGE('',*,*,#2586,.F.);
#1196=ORIENTED_EDGE('',*,*,#2581,.F.);
#1197=ORIENTED_EDGE('',*,*,#2578,.F.);
#1198=ORIENTED_EDGE('',*,*,#2575,.F.);
#1199=ORIENTED_EDGE('',*,*,#2572,.F.);
#1200=ORIENTED_EDGE('',*,*,#2569,.F.);
#1201=ORIENTED_EDGE('',*,*,#2566,.F.);
#1202=ORIENTED_EDGE('',*,*,#2564,.F.);
#1203=ORIENTED_EDGE('',*,*,#2560,.T.);
#1204=ORIENTED_EDGE('',*,*,#2557,.T.);
#1205=ORIENTED_EDGE('',*,*,#2554,.T.);
#1206=ORIENTED_EDGE('',*,*,#2553,.T.);
#1207=ORIENTED_EDGE('',*,*,#2548,.T.);
#1208=ORIENTED_EDGE('',*,*,#2547,.T.);
#1209=ORIENTED_EDGE('',*,*,#2543,.T.);
#1210=ORIENTED_EDGE('',*,*,#2540,.T.);
#1211=ORIENTED_EDGE('',*,*,#2445,.F.);
#1212=ORIENTED_EDGE('',*,*,#2589,.F.);
#1213=ORIENTED_EDGE('',*,*,#2539,.F.);
#1214=ORIENTED_EDGE('',*,*,#2542,.F.);
#1215=ORIENTED_EDGE('',*,*,#2546,.F.);
#1216=ORIENTED_EDGE('',*,*,#2550,.F.);
#1217=ORIENTED_EDGE('',*,*,#2552,.F.);
#1218=ORIENTED_EDGE('',*,*,#2556,.F.);
#1219=ORIENTED_EDGE('',*,*,#2559,.F.);
#1220=ORIENTED_EDGE('',*,*,#2562,.F.);
#1221=ORIENTED_EDGE('',*,*,#2563,.T.);
#1222=ORIENTED_EDGE('',*,*,#2568,.T.);
#1223=ORIENTED_EDGE('',*,*,#2571,.T.);
#1224=ORIENTED_EDGE('',*,*,#2574,.T.);
#1225=ORIENTED_EDGE('',*,*,#2577,.T.);
#1226=ORIENTED_EDGE('',*,*,#2580,.T.);
#1227=ORIENTED_EDGE('',*,*,#2583,.T.);
#1228=ORIENTED_EDGE('',*,*,#2585,.T.);
#1229=ORIENTED_EDGE('',*,*,#2587,.T.);
#1230=ORIENTED_EDGE('',*,*,#2590,.T.);
#1231=ORIENTED_EDGE('',*,*,#2591,.T.);
#1232=ORIENTED_EDGE('',*,*,#2592,.F.);
#1233=ORIENTED_EDGE('',*,*,#2593,.F.);
#1234=ORIENTED_EDGE('',*,*,#2594,.T.);
#1235=ORIENTED_EDGE('',*,*,#2593,.T.);
#1236=ORIENTED_EDGE('',*,*,#2595,.F.);
#1237=ORIENTED_EDGE('',*,*,#2596,.F.);
#1238=ORIENTED_EDGE('',*,*,#2597,.T.);
#1239=ORIENTED_EDGE('',*,*,#2598,.T.);
#1240=ORIENTED_EDGE('',*,*,#2596,.T.);
#1241=ORIENTED_EDGE('',*,*,#2599,.F.);
#1242=ORIENTED_EDGE('',*,*,#2597,.F.);
#1243=ORIENTED_EDGE('',*,*,#2600,.F.);
#1244=ORIENTED_EDGE('',*,*,#2601,.T.);
#1245=ORIENTED_EDGE('',*,*,#2602,.T.);
#1246=ORIENTED_EDGE('',*,*,#2603,.T.);
#1247=ORIENTED_EDGE('',*,*,#2604,.T.);
#1248=ORIENTED_EDGE('',*,*,#2601,.F.);
#1249=ORIENTED_EDGE('',*,*,#2605,.F.);
#1250=ORIENTED_EDGE('',*,*,#2603,.F.);
#1251=ORIENTED_EDGE('',*,*,#2606,.F.);
#1252=ORIENTED_EDGE('',*,*,#2607,.T.);
#1253=ORIENTED_EDGE('',*,*,#2608,.T.);
#1254=ORIENTED_EDGE('',*,*,#2609,.F.);
#1255=ORIENTED_EDGE('',*,*,#2610,.T.);
#1256=ORIENTED_EDGE('',*,*,#2611,.T.);
#1257=ORIENTED_EDGE('',*,*,#2607,.F.);
#1258=ORIENTED_EDGE('',*,*,#2610,.F.);
#1259=ORIENTED_EDGE('',*,*,#2612,.F.);
#1260=ORIENTED_EDGE('',*,*,#2613,.T.);
#1261=ORIENTED_EDGE('',*,*,#2614,.T.);
#1262=ORIENTED_EDGE('',*,*,#2615,.F.);
#1263=ORIENTED_EDGE('',*,*,#2613,.F.);
#1264=ORIENTED_EDGE('',*,*,#2616,.T.);
#1265=ORIENTED_EDGE('',*,*,#2617,.T.);
#1266=ORIENTED_EDGE('',*,*,#2618,.T.);
#1267=ORIENTED_EDGE('',*,*,#2619,.T.);
#1268=ORIENTED_EDGE('',*,*,#2620,.F.);
#1269=ORIENTED_EDGE('',*,*,#2617,.F.);
#1270=ORIENTED_EDGE('',*,*,#2621,.T.);
#1271=ORIENTED_EDGE('',*,*,#2622,.T.);
#1272=ORIENTED_EDGE('',*,*,#2623,.F.);
#1273=ORIENTED_EDGE('',*,*,#2619,.F.);
#1274=ORIENTED_EDGE('',*,*,#2624,.T.);
#1275=ORIENTED_EDGE('',*,*,#2625,.T.);
#1276=ORIENTED_EDGE('',*,*,#2626,.F.);
#1277=ORIENTED_EDGE('',*,*,#2622,.F.);
#1278=ORIENTED_EDGE('',*,*,#2625,.F.);
#1279=ORIENTED_EDGE('',*,*,#2627,.T.);
#1280=ORIENTED_EDGE('',*,*,#2628,.T.);
#1281=ORIENTED_EDGE('',*,*,#2629,.F.);
#1282=ORIENTED_EDGE('',*,*,#2630,.T.);
#1283=ORIENTED_EDGE('',*,*,#2631,.T.);
#1284=ORIENTED_EDGE('',*,*,#2632,.F.);
#1285=ORIENTED_EDGE('',*,*,#2628,.F.);
#1286=ORIENTED_EDGE('',*,*,#2631,.F.);
#1287=ORIENTED_EDGE('',*,*,#2633,.T.);
#1288=ORIENTED_EDGE('',*,*,#2634,.F.);
#1289=ORIENTED_EDGE('',*,*,#2635,.F.);
#1290=ORIENTED_EDGE('',*,*,#2636,.F.);
#1291=ORIENTED_EDGE('',*,*,#2637,.F.);
#1292=ORIENTED_EDGE('',*,*,#2634,.T.);
#1293=ORIENTED_EDGE('',*,*,#2638,.T.);
#1294=ORIENTED_EDGE('',*,*,#2639,.F.);
#1295=ORIENTED_EDGE('',*,*,#2636,.T.);
#1296=ORIENTED_EDGE('',*,*,#2640,.T.);
#1297=ORIENTED_EDGE('',*,*,#2641,.T.);
#1298=ORIENTED_EDGE('',*,*,#2439,.F.);
#1299=ORIENTED_EDGE('',*,*,#2448,.T.);
#1300=ORIENTED_EDGE('',*,*,#2347,.T.);
#1301=ORIENTED_EDGE('',*,*,#2425,.F.);
#1302=ORIENTED_EDGE('',*,*,#2453,.T.);
#1303=ORIENTED_EDGE('',*,*,#2369,.T.);
#1304=ORIENTED_EDGE('',*,*,#2416,.F.);
#1305=ORIENTED_EDGE('',*,*,#2375,.T.);
#1306=ORIENTED_EDGE('',*,*,#2392,.T.);
#1307=ORIENTED_EDGE('',*,*,#2409,.F.);
#1308=ORIENTED_EDGE('',*,*,#2397,.T.);
#1309=ORIENTED_EDGE('',*,*,#2467,.F.);
#1310=ORIENTED_EDGE('',*,*,#2402,.F.);
#1311=ORIENTED_EDGE('',*,*,#2411,.T.);
#1312=ORIENTED_EDGE('',*,*,#2460,.F.);
#1313=ORIENTED_EDGE('',*,*,#2380,.F.);
#1314=ORIENTED_EDGE('',*,*,#2418,.T.);
#1315=ORIENTED_EDGE('',*,*,#2455,.F.);
#1316=ORIENTED_EDGE('',*,*,#2358,.F.);
#1317=ORIENTED_EDGE('',*,*,#2475,.T.);
#1318=ORIENTED_EDGE('',*,*,#2450,.F.);
#1319=ORIENTED_EDGE('',*,*,#2336,.F.);
#1320=ORIENTED_EDGE('',*,*,#2436,.T.);
#1321=ORIENTED_EDGE('',*,*,#2642,.F.);
#1322=ORIENTED_EDGE('',*,*,#2640,.F.);
#1323=ORIENTED_EDGE('',*,*,#2638,.F.);
#1324=ORIENTED_EDGE('',*,*,#2633,.F.);
#1325=ORIENTED_EDGE('',*,*,#2630,.F.);
#1326=ORIENTED_EDGE('',*,*,#2627,.F.);
#1327=ORIENTED_EDGE('',*,*,#2624,.F.);
#1328=ORIENTED_EDGE('',*,*,#2621,.F.);
#1329=ORIENTED_EDGE('',*,*,#2618,.F.);
#1330=ORIENTED_EDGE('',*,*,#2616,.F.);
#1331=ORIENTED_EDGE('',*,*,#2612,.T.);
#1332=ORIENTED_EDGE('',*,*,#2609,.T.);
#1333=ORIENTED_EDGE('',*,*,#2606,.T.);
#1334=ORIENTED_EDGE('',*,*,#2605,.T.);
#1335=ORIENTED_EDGE('',*,*,#2600,.T.);
#1336=ORIENTED_EDGE('',*,*,#2599,.T.);
#1337=ORIENTED_EDGE('',*,*,#2595,.T.);
#1338=ORIENTED_EDGE('',*,*,#2592,.T.);
#1339=ORIENTED_EDGE('',*,*,#2444,.F.);
#1340=ORIENTED_EDGE('',*,*,#2641,.F.);
#1341=ORIENTED_EDGE('',*,*,#2591,.F.);
#1342=ORIENTED_EDGE('',*,*,#2594,.F.);
#1343=ORIENTED_EDGE('',*,*,#2598,.F.);
#1344=ORIENTED_EDGE('',*,*,#2602,.F.);
#1345=ORIENTED_EDGE('',*,*,#2604,.F.);
#1346=ORIENTED_EDGE('',*,*,#2608,.F.);
#1347=ORIENTED_EDGE('',*,*,#2611,.F.);
#1348=ORIENTED_EDGE('',*,*,#2614,.F.);
#1349=ORIENTED_EDGE('',*,*,#2615,.T.);
#1350=ORIENTED_EDGE('',*,*,#2620,.T.);
#1351=ORIENTED_EDGE('',*,*,#2623,.T.);
#1352=ORIENTED_EDGE('',*,*,#2626,.T.);
#1353=ORIENTED_EDGE('',*,*,#2629,.T.);
#1354=ORIENTED_EDGE('',*,*,#2632,.T.);
#1355=ORIENTED_EDGE('',*,*,#2635,.T.);
#1356=ORIENTED_EDGE('',*,*,#2637,.T.);
#1357=ORIENTED_EDGE('',*,*,#2639,.T.);
#1358=ORIENTED_EDGE('',*,*,#2642,.T.);
#1359=ORIENTED_EDGE('',*,*,#2643,.T.);
#1360=ORIENTED_EDGE('',*,*,#2433,.F.);
#1361=ORIENTED_EDGE('',*,*,#2340,.T.);
#1362=ORIENTED_EDGE('',*,*,#2351,.T.);
#1363=ORIENTED_EDGE('',*,*,#2428,.F.);
#1364=ORIENTED_EDGE('',*,*,#2362,.T.);
#1365=ORIENTED_EDGE('',*,*,#2373,.T.);
#1366=ORIENTED_EDGE('',*,*,#2422,.F.);
#1367=ORIENTED_EDGE('',*,*,#2386,.T.);
#1368=ORIENTED_EDGE('',*,*,#2395,.T.);
#1369=ORIENTED_EDGE('',*,*,#2415,.F.);
#1370=ORIENTED_EDGE('',*,*,#2408,.T.);
#1371=ORIENTED_EDGE('',*,*,#2469,.F.);
#1372=ORIENTED_EDGE('',*,*,#2463,.F.);
#1373=ORIENTED_EDGE('',*,*,#2471,.T.);
#1374=ORIENTED_EDGE('',*,*,#2388,.F.);
#1375=ORIENTED_EDGE('',*,*,#2458,.F.);
#1376=ORIENTED_EDGE('',*,*,#2473,.T.);
#1377=ORIENTED_EDGE('',*,*,#2365,.F.);
#1378=ORIENTED_EDGE('',*,*,#2354,.F.);
#1379=ORIENTED_EDGE('',*,*,#2423,.T.);
#1380=ORIENTED_EDGE('',*,*,#2343,.F.);
#1381=ORIENTED_EDGE('',*,*,#2332,.F.);
#1382=ORIENTED_EDGE('',*,*,#2430,.T.);
#1383=ORIENTED_EDGE('',*,*,#2644,.F.);
#1384=ORIENTED_EDGE('',*,*,#2645,.F.);
#1385=ORIENTED_EDGE('',*,*,#2646,.F.);
#1386=ORIENTED_EDGE('',*,*,#2647,.F.);
#1387=ORIENTED_EDGE('',*,*,#2648,.F.);
#1388=ORIENTED_EDGE('',*,*,#2649,.F.);
#1389=ORIENTED_EDGE('',*,*,#2650,.F.);
#1390=ORIENTED_EDGE('',*,*,#2651,.F.);
#1391=ORIENTED_EDGE('',*,*,#2652,.F.);
#1392=ORIENTED_EDGE('',*,*,#2653,.F.);
#1393=ORIENTED_EDGE('',*,*,#2654,.T.);
#1394=ORIENTED_EDGE('',*,*,#2655,.T.);
#1395=ORIENTED_EDGE('',*,*,#2656,.T.);
#1396=ORIENTED_EDGE('',*,*,#2657,.T.);
#1397=ORIENTED_EDGE('',*,*,#2658,.T.);
#1398=ORIENTED_EDGE('',*,*,#2659,.T.);
#1399=ORIENTED_EDGE('',*,*,#2660,.T.);
#1400=ORIENTED_EDGE('',*,*,#2661,.T.);
#1401=ORIENTED_EDGE('',*,*,#2652,.T.);
#1402=ORIENTED_EDGE('',*,*,#2662,.T.);
#1403=ORIENTED_EDGE('',*,*,#2663,.F.);
#1404=ORIENTED_EDGE('',*,*,#2664,.F.);
#1405=ORIENTED_EDGE('',*,*,#2446,.F.);
#1406=ORIENTED_EDGE('',*,*,#2643,.F.);
#1407=ORIENTED_EDGE('',*,*,#2665,.F.);
#1408=ORIENTED_EDGE('',*,*,#2666,.F.);
#1409=ORIENTED_EDGE('',*,*,#2667,.F.);
#1410=ORIENTED_EDGE('',*,*,#2668,.F.);
#1411=ORIENTED_EDGE('',*,*,#2669,.F.);
#1412=ORIENTED_EDGE('',*,*,#2670,.F.);
#1413=ORIENTED_EDGE('',*,*,#2671,.F.);
#1414=ORIENTED_EDGE('',*,*,#2672,.F.);
#1415=ORIENTED_EDGE('',*,*,#2673,.T.);
#1416=ORIENTED_EDGE('',*,*,#2663,.T.);
#1417=ORIENTED_EDGE('',*,*,#2674,.T.);
#1418=ORIENTED_EDGE('',*,*,#2675,.T.);
#1419=ORIENTED_EDGE('',*,*,#2676,.T.);
#1420=ORIENTED_EDGE('',*,*,#2677,.T.);
#1421=ORIENTED_EDGE('',*,*,#2678,.T.);
#1422=ORIENTED_EDGE('',*,*,#2679,.T.);
#1423=ORIENTED_EDGE('',*,*,#2680,.T.);
#1424=ORIENTED_EDGE('',*,*,#2644,.T.);
#1425=ORIENTED_EDGE('',*,*,#2673,.F.);
#1426=ORIENTED_EDGE('',*,*,#2681,.F.);
#1427=ORIENTED_EDGE('',*,*,#2653,.T.);
#1428=ORIENTED_EDGE('',*,*,#2664,.T.);
#1429=ORIENTED_EDGE('',*,*,#2650,.T.);
#1430=ORIENTED_EDGE('',*,*,#2682,.T.);
#1431=ORIENTED_EDGE('',*,*,#2675,.F.);
#1432=ORIENTED_EDGE('',*,*,#2683,.F.);
#1433=ORIENTED_EDGE('',*,*,#2651,.T.);
#1434=ORIENTED_EDGE('',*,*,#2683,.T.);
#1435=ORIENTED_EDGE('',*,*,#2674,.F.);
#1436=ORIENTED_EDGE('',*,*,#2662,.F.);
#1437=ORIENTED_EDGE('',*,*,#2648,.T.);
#1438=ORIENTED_EDGE('',*,*,#2684,.T.);
#1439=ORIENTED_EDGE('',*,*,#2677,.F.);
#1440=ORIENTED_EDGE('',*,*,#2685,.F.);
#1441=ORIENTED_EDGE('',*,*,#2682,.F.);
#1442=ORIENTED_EDGE('',*,*,#2649,.T.);
#1443=ORIENTED_EDGE('',*,*,#2685,.T.);
#1444=ORIENTED_EDGE('',*,*,#2676,.F.);
#1445=ORIENTED_EDGE('',*,*,#2686,.F.);
#1446=ORIENTED_EDGE('',*,*,#2679,.F.);
#1447=ORIENTED_EDGE('',*,*,#2687,.T.);
#1448=ORIENTED_EDGE('',*,*,#2646,.T.);
#1449=ORIENTED_EDGE('',*,*,#2684,.F.);
#1450=ORIENTED_EDGE('',*,*,#2647,.T.);
#1451=ORIENTED_EDGE('',*,*,#2687,.F.);
#1452=ORIENTED_EDGE('',*,*,#2678,.F.);
#1453=ORIENTED_EDGE('',*,*,#2680,.F.);
#1454=ORIENTED_EDGE('',*,*,#2686,.T.);
#1455=ORIENTED_EDGE('',*,*,#2645,.T.);
#1456=ORIENTED_EDGE('',*,*,#2688,.F.);
#1457=ORIENTED_EDGE('',*,*,#2654,.F.);
#1458=ORIENTED_EDGE('',*,*,#2681,.T.);
#1459=ORIENTED_EDGE('',*,*,#2672,.T.);
#1460=ORIENTED_EDGE('',*,*,#2689,.F.);
#1461=ORIENTED_EDGE('',*,*,#2656,.F.);
#1462=ORIENTED_EDGE('',*,*,#2690,.T.);
#1463=ORIENTED_EDGE('',*,*,#2670,.T.);
#1464=ORIENTED_EDGE('',*,*,#2655,.F.);
#1465=ORIENTED_EDGE('',*,*,#2688,.T.);
#1466=ORIENTED_EDGE('',*,*,#2671,.T.);
#1467=ORIENTED_EDGE('',*,*,#2690,.F.);
#1468=ORIENTED_EDGE('',*,*,#2691,.F.);
#1469=ORIENTED_EDGE('',*,*,#2658,.F.);
#1470=ORIENTED_EDGE('',*,*,#2692,.T.);
#1471=ORIENTED_EDGE('',*,*,#2668,.T.);
#1472=ORIENTED_EDGE('',*,*,#2689,.T.);
#1473=ORIENTED_EDGE('',*,*,#2669,.T.);
#1474=ORIENTED_EDGE('',*,*,#2692,.F.);
#1475=ORIENTED_EDGE('',*,*,#2657,.F.);
#1476=ORIENTED_EDGE('',*,*,#2666,.T.);
#1477=ORIENTED_EDGE('',*,*,#2693,.T.);
#1478=ORIENTED_EDGE('',*,*,#2660,.F.);
#1479=ORIENTED_EDGE('',*,*,#2694,.F.);
#1480=ORIENTED_EDGE('',*,*,#2691,.T.);
#1481=ORIENTED_EDGE('',*,*,#2667,.T.);
#1482=ORIENTED_EDGE('',*,*,#2694,.T.);
#1483=ORIENTED_EDGE('',*,*,#2659,.F.);
#1484=ORIENTED_EDGE('',*,*,#2665,.T.);
#1485=ORIENTED_EDGE('',*,*,#2661,.F.);
#1486=ORIENTED_EDGE('',*,*,#2693,.F.);
#1487=ORIENTED_EDGE('',*,*,#2695,.F.);
#1488=ORIENTED_EDGE('',*,*,#2696,.F.);
#1489=ORIENTED_EDGE('',*,*,#2697,.F.);
#1490=ORIENTED_EDGE('',*,*,#2698,.T.);
#1491=ORIENTED_EDGE('',*,*,#2196,.F.);
#1492=ORIENTED_EDGE('',*,*,#2699,.F.);
#1493=ORIENTED_EDGE('',*,*,#2700,.T.);
#1494=ORIENTED_EDGE('',*,*,#2154,.F.);
#1495=ORIENTED_EDGE('',*,*,#2701,.F.);
#1496=ORIENTED_EDGE('',*,*,#2702,.T.);
#1497=ORIENTED_EDGE('',*,*,#2703,.F.);
#1498=ORIENTED_EDGE('',*,*,#2296,.F.);
#1499=ORIENTED_EDGE('',*,*,#2273,.F.);
#1500=ORIENTED_EDGE('',*,*,#2704,.F.);
#1501=ORIENTED_EDGE('',*,*,#2705,.T.);
#1502=ORIENTED_EDGE('',*,*,#2706,.T.);
#1503=ORIENTED_EDGE('',*,*,#2262,.F.);
#1504=ORIENTED_EDGE('',*,*,#2707,.T.);
#1505=ORIENTED_EDGE('',*,*,#2708,.T.);
#1506=ORIENTED_EDGE('',*,*,#2254,.F.);
#1507=ORIENTED_EDGE('',*,*,#2327,.F.);
#1508=ORIENTED_EDGE('',*,*,#2158,.T.);
#1509=ORIENTED_EDGE('',*,*,#2709,.F.);
#1510=ORIENTED_EDGE('',*,*,#2710,.F.);
#1511=ORIENTED_EDGE('',*,*,#2244,.T.);
#1512=ORIENTED_EDGE('',*,*,#2711,.F.);
#1513=ORIENTED_EDGE('',*,*,#2712,.F.);
#1514=ORIENTED_EDGE('',*,*,#2235,.T.);
#1515=ORIENTED_EDGE('',*,*,#2713,.T.);
#1516=ORIENTED_EDGE('',*,*,#2167,.T.);
#1517=ORIENTED_EDGE('',*,*,#2714,.T.);
#1518=ORIENTED_EDGE('',*,*,#2715,.T.);
#1519=ORIENTED_EDGE('',*,*,#2716,.T.);
#1520=ORIENTED_EDGE('',*,*,#2717,.T.);
#1521=ORIENTED_EDGE('',*,*,#2718,.T.);
#1522=ORIENTED_EDGE('',*,*,#2719,.T.);
#1523=ORIENTED_EDGE('',*,*,#2192,.T.);
#1524=ORIENTED_EDGE('',*,*,#2720,.T.);
#1525=ORIENTED_EDGE('',*,*,#2721,.T.);
#1526=ORIENTED_EDGE('',*,*,#2722,.F.);
#1527=ORIENTED_EDGE('',*,*,#2723,.T.);
#1528=ORIENTED_EDGE('',*,*,#2479,.T.);
#1529=ORIENTED_EDGE('',*,*,#2724,.F.);
#1530=ORIENTED_EDGE('',*,*,#2725,.T.);
#1531=ORIENTED_EDGE('',*,*,#2263,.T.);
#1532=ORIENTED_EDGE('',*,*,#2706,.F.);
#1533=ORIENTED_EDGE('',*,*,#2261,.F.);
#1534=ORIENTED_EDGE('',*,*,#2726,.T.);
#1535=ORIENTED_EDGE('',*,*,#2727,.T.);
#1536=ORIENTED_EDGE('',*,*,#2707,.F.);
#1537=ORIENTED_EDGE('',*,*,#2727,.F.);
#1538=ORIENTED_EDGE('',*,*,#2728,.T.);
#1539=ORIENTED_EDGE('',*,*,#2250,.T.);
#1540=ORIENTED_EDGE('',*,*,#2708,.F.);
#1541=ORIENTED_EDGE('',*,*,#2729,.F.);
#1542=ORIENTED_EDGE('',*,*,#2730,.F.);
#1543=ORIENTED_EDGE('',*,*,#2731,.T.);
#1544=ORIENTED_EDGE('',*,*,#2732,.T.);
#1545=ORIENTED_EDGE('',*,*,#2722,.T.);
#1546=ORIENTED_EDGE('',*,*,#2733,.T.);
#1547=ORIENTED_EDGE('',*,*,#2734,.T.);
#1548=ORIENTED_EDGE('',*,*,#2735,.F.);
#1549=ORIENTED_EDGE('',*,*,#2696,.T.);
#1550=ORIENTED_EDGE('',*,*,#2736,.F.);
#1551=ORIENTED_EDGE('',*,*,#2272,.T.);
#1552=ORIENTED_EDGE('',*,*,#2737,.T.);
#1553=ORIENTED_EDGE('',*,*,#2738,.T.);
#1554=ORIENTED_EDGE('',*,*,#2704,.T.);
#1555=ORIENTED_EDGE('',*,*,#2738,.F.);
#1556=ORIENTED_EDGE('',*,*,#2739,.T.);
#1557=ORIENTED_EDGE('',*,*,#2724,.T.);
#1558=ORIENTED_EDGE('',*,*,#2705,.F.);
#1559=ORIENTED_EDGE('',*,*,#2137,.F.);
#1560=ORIENTED_EDGE('',*,*,#2275,.T.);
#1561=ORIENTED_EDGE('',*,*,#2740,.F.);
#1562=ORIENTED_EDGE('',*,*,#2741,.F.);
#1563=ORIENTED_EDGE('',*,*,#2320,.T.);
#1564=ORIENTED_EDGE('',*,*,#2742,.T.);
#1565=ORIENTED_EDGE('',*,*,#2743,.F.);
#1566=ORIENTED_EDGE('',*,*,#2744,.F.);
#1567=ORIENTED_EDGE('',*,*,#2321,.T.);
#1568=ORIENTED_EDGE('',*,*,#2741,.T.);
#1569=ORIENTED_EDGE('',*,*,#2745,.F.);
#1570=ORIENTED_EDGE('',*,*,#2746,.F.);
#1571=ORIENTED_EDGE('',*,*,#2322,.T.);
#1572=ORIENTED_EDGE('',*,*,#2744,.T.);
#1573=ORIENTED_EDGE('',*,*,#2747,.T.);
#1574=ORIENTED_EDGE('',*,*,#2748,.F.);
#1575=ORIENTED_EDGE('',*,*,#2316,.F.);
#1576=ORIENTED_EDGE('',*,*,#2749,.T.);
#1577=ORIENTED_EDGE('',*,*,#2750,.T.);
#1578=ORIENTED_EDGE('',*,*,#2751,.F.);
#1579=ORIENTED_EDGE('',*,*,#2317,.F.);
#1580=ORIENTED_EDGE('',*,*,#2748,.T.);
#1581=ORIENTED_EDGE('',*,*,#2752,.T.);
#1582=ORIENTED_EDGE('',*,*,#2753,.F.);
#1583=ORIENTED_EDGE('',*,*,#2318,.F.);
#1584=ORIENTED_EDGE('',*,*,#2751,.T.);
#1585=ORIENTED_EDGE('',*,*,#2754,.T.);
#1586=ORIENTED_EDGE('',*,*,#2755,.F.);
#1587=ORIENTED_EDGE('',*,*,#2312,.F.);
#1588=ORIENTED_EDGE('',*,*,#2756,.T.);
#1589=ORIENTED_EDGE('',*,*,#2757,.T.);
#1590=ORIENTED_EDGE('',*,*,#2758,.F.);
#1591=ORIENTED_EDGE('',*,*,#2313,.F.);
#1592=ORIENTED_EDGE('',*,*,#2755,.T.);
#1593=ORIENTED_EDGE('',*,*,#2759,.T.);
#1594=ORIENTED_EDGE('',*,*,#2760,.F.);
#1595=ORIENTED_EDGE('',*,*,#2314,.F.);
#1596=ORIENTED_EDGE('',*,*,#2758,.T.);
#1597=ORIENTED_EDGE('',*,*,#2761,.T.);
#1598=ORIENTED_EDGE('',*,*,#2762,.F.);
#1599=ORIENTED_EDGE('',*,*,#2308,.F.);
#1600=ORIENTED_EDGE('',*,*,#2763,.T.);
#1601=ORIENTED_EDGE('',*,*,#2764,.T.);
#1602=ORIENTED_EDGE('',*,*,#2765,.F.);
#1603=ORIENTED_EDGE('',*,*,#2309,.F.);
#1604=ORIENTED_EDGE('',*,*,#2762,.T.);
#1605=ORIENTED_EDGE('',*,*,#2766,.T.);
#1606=ORIENTED_EDGE('',*,*,#2767,.F.);
#1607=ORIENTED_EDGE('',*,*,#2310,.F.);
#1608=ORIENTED_EDGE('',*,*,#2765,.T.);
#1609=ORIENTED_EDGE('',*,*,#2768,.T.);
#1610=ORIENTED_EDGE('',*,*,#2769,.F.);
#1611=ORIENTED_EDGE('',*,*,#2304,.F.);
#1612=ORIENTED_EDGE('',*,*,#2770,.T.);
#1613=ORIENTED_EDGE('',*,*,#2771,.T.);
#1614=ORIENTED_EDGE('',*,*,#2772,.F.);
#1615=ORIENTED_EDGE('',*,*,#2305,.F.);
#1616=ORIENTED_EDGE('',*,*,#2769,.T.);
#1617=ORIENTED_EDGE('',*,*,#2773,.T.);
#1618=ORIENTED_EDGE('',*,*,#2774,.F.);
#1619=ORIENTED_EDGE('',*,*,#2306,.F.);
#1620=ORIENTED_EDGE('',*,*,#2772,.T.);
#1621=ORIENTED_EDGE('',*,*,#2775,.F.);
#1622=ORIENTED_EDGE('',*,*,#2776,.F.);
#1623=ORIENTED_EDGE('',*,*,#2300,.T.);
#1624=ORIENTED_EDGE('',*,*,#2777,.T.);
#1625=ORIENTED_EDGE('',*,*,#2778,.T.);
#1626=ORIENTED_EDGE('',*,*,#2779,.F.);
#1627=ORIENTED_EDGE('',*,*,#2301,.F.);
#1628=ORIENTED_EDGE('',*,*,#2776,.T.);
#1629=ORIENTED_EDGE('',*,*,#2780,.T.);
#1630=ORIENTED_EDGE('',*,*,#2781,.F.);
#1631=ORIENTED_EDGE('',*,*,#2302,.F.);
#1632=ORIENTED_EDGE('',*,*,#2779,.T.);
#1633=ORIENTED_EDGE('',*,*,#2782,.F.);
#1634=ORIENTED_EDGE('',*,*,#2749,.F.);
#1635=ORIENTED_EDGE('',*,*,#2319,.T.);
#1636=ORIENTED_EDGE('',*,*,#2753,.T.);
#1637=ORIENTED_EDGE('',*,*,#2783,.F.);
#1638=ORIENTED_EDGE('',*,*,#2756,.F.);
#1639=ORIENTED_EDGE('',*,*,#2315,.T.);
#1640=ORIENTED_EDGE('',*,*,#2760,.T.);
#1641=ORIENTED_EDGE('',*,*,#2784,.F.);
#1642=ORIENTED_EDGE('',*,*,#2763,.F.);
#1643=ORIENTED_EDGE('',*,*,#2311,.T.);
#1644=ORIENTED_EDGE('',*,*,#2767,.T.);
#1645=ORIENTED_EDGE('',*,*,#2785,.T.);
#1646=ORIENTED_EDGE('',*,*,#2770,.F.);
#1647=ORIENTED_EDGE('',*,*,#2307,.F.);
#1648=ORIENTED_EDGE('',*,*,#2774,.T.);
#1649=ORIENTED_EDGE('',*,*,#2786,.T.);
#1650=ORIENTED_EDGE('',*,*,#2777,.F.);
#1651=ORIENTED_EDGE('',*,*,#2303,.F.);
#1652=ORIENTED_EDGE('',*,*,#2781,.T.);
#1653=ORIENTED_EDGE('',*,*,#2787,.F.);
#1654=ORIENTED_EDGE('',*,*,#2742,.F.);
#1655=ORIENTED_EDGE('',*,*,#2323,.T.);
#1656=ORIENTED_EDGE('',*,*,#2746,.T.);
#1657=ORIENTED_EDGE('',*,*,#2747,.F.);
#1658=ORIENTED_EDGE('',*,*,#2782,.T.);
#1659=ORIENTED_EDGE('',*,*,#2752,.F.);
#1660=ORIENTED_EDGE('',*,*,#2750,.F.);
#1661=ORIENTED_EDGE('',*,*,#2754,.F.);
#1662=ORIENTED_EDGE('',*,*,#2783,.T.);
#1663=ORIENTED_EDGE('',*,*,#2759,.F.);
#1664=ORIENTED_EDGE('',*,*,#2757,.F.);
#1665=ORIENTED_EDGE('',*,*,#2761,.F.);
#1666=ORIENTED_EDGE('',*,*,#2784,.T.);
#1667=ORIENTED_EDGE('',*,*,#2766,.F.);
#1668=ORIENTED_EDGE('',*,*,#2764,.F.);
#1669=ORIENTED_EDGE('',*,*,#2785,.F.);
#1670=ORIENTED_EDGE('',*,*,#2773,.F.);
#1671=ORIENTED_EDGE('',*,*,#2771,.F.);
#1672=ORIENTED_EDGE('',*,*,#2768,.F.);
#1673=ORIENTED_EDGE('',*,*,#2786,.F.);
#1674=ORIENTED_EDGE('',*,*,#2780,.F.);
#1675=ORIENTED_EDGE('',*,*,#2778,.F.);
#1676=ORIENTED_EDGE('',*,*,#2775,.T.);
#1677=ORIENTED_EDGE('',*,*,#2743,.T.);
#1678=ORIENTED_EDGE('',*,*,#2740,.T.);
#1679=ORIENTED_EDGE('',*,*,#2787,.T.);
#1680=ORIENTED_EDGE('',*,*,#2745,.T.);
#1681=ORIENTED_EDGE('',*,*,#2188,.T.);
#1682=ORIENTED_EDGE('',*,*,#2788,.T.);
#1683=ORIENTED_EDGE('',*,*,#2174,.T.);
#1684=ORIENTED_EDGE('',*,*,#2160,.T.);
#1685=ORIENTED_EDGE('',*,*,#2486,.T.);
#1686=ORIENTED_EDGE('',*,*,#2252,.F.);
#1687=ORIENTED_EDGE('',*,*,#2789,.T.);
#1688=ORIENTED_EDGE('',*,*,#2281,.F.);
#1689=ORIENTED_EDGE('',*,*,#2790,.T.);
#1690=ORIENTED_EDGE('',*,*,#2290,.F.);
#1691=ORIENTED_EDGE('',*,*,#2791,.T.);
#1692=ORIENTED_EDGE('',*,*,#2169,.F.);
#1693=ORIENTED_EDGE('',*,*,#2792,.T.);
#1694=ORIENTED_EDGE('',*,*,#2793,.F.);
#1695=ORIENTED_EDGE('',*,*,#2794,.T.);
#1696=ORIENTED_EDGE('',*,*,#2795,.T.);
#1697=ORIENTED_EDGE('',*,*,#2734,.F.);
#1698=ORIENTED_EDGE('',*,*,#2795,.F.);
#1699=ORIENTED_EDGE('',*,*,#2796,.T.);
#1700=ORIENTED_EDGE('',*,*,#2697,.T.);
#1701=ORIENTED_EDGE('',*,*,#2735,.T.);
#1702=ORIENTED_EDGE('',*,*,#2797,.F.);
#1703=ORIENTED_EDGE('',*,*,#2798,.T.);
#1704=ORIENTED_EDGE('',*,*,#2799,.T.);
#1705=ORIENTED_EDGE('',*,*,#2194,.F.);
#1706=ORIENTED_EDGE('',*,*,#2799,.F.);
#1707=ORIENTED_EDGE('',*,*,#2800,.T.);
#1708=ORIENTED_EDGE('',*,*,#2699,.T.);
#1709=ORIENTED_EDGE('',*,*,#2195,.T.);
#1710=ORIENTED_EDGE('',*,*,#2186,.T.);
#1711=ORIENTED_EDGE('',*,*,#2801,.T.);
#1712=ORIENTED_EDGE('',*,*,#2802,.T.);
#1713=ORIENTED_EDGE('',*,*,#2803,.T.);
#1714=ORIENTED_EDGE('',*,*,#2717,.F.);
#1715=ORIENTED_EDGE('',*,*,#2804,.T.);
#1716=ORIENTED_EDGE('',*,*,#2805,.F.);
#1717=ORIENTED_EDGE('',*,*,#2163,.T.);
#1718=ORIENTED_EDGE('',*,*,#2806,.T.);
#1719=ORIENTED_EDGE('',*,*,#2227,.F.);
#1720=ORIENTED_EDGE('',*,*,#2200,.T.);
#1721=ORIENTED_EDGE('',*,*,#2176,.T.);
#1722=ORIENTED_EDGE('',*,*,#2807,.T.);
#1723=ORIENTED_EDGE('',*,*,#2808,.F.);
#1724=ORIENTED_EDGE('',*,*,#2809,.T.);
#1725=ORIENTED_EDGE('',*,*,#2701,.T.);
#1726=ORIENTED_EDGE('',*,*,#2153,.T.);
#1727=ORIENTED_EDGE('',*,*,#2299,.T.);
#1728=ORIENTED_EDGE('',*,*,#2810,.T.);
#1729=ORIENTED_EDGE('',*,*,#2808,.T.);
#1730=ORIENTED_EDGE('',*,*,#2152,.F.);
#1731=ORIENTED_EDGE('',*,*,#2703,.T.);
#1732=ORIENTED_EDGE('',*,*,#2811,.T.);
#1733=ORIENTED_EDGE('',*,*,#2812,.T.);
#1734=ORIENTED_EDGE('',*,*,#2297,.F.);
#1735=ORIENTED_EDGE('',*,*,#2330,.T.);
#1736=ORIENTED_EDGE('',*,*,#2813,.F.);
#1737=ORIENTED_EDGE('',*,*,#2814,.F.);
#1738=ORIENTED_EDGE('',*,*,#2269,.T.);
#1739=ORIENTED_EDGE('',*,*,#2329,.F.);
#1740=ORIENTED_EDGE('',*,*,#2815,.F.);
#1741=ORIENTED_EDGE('',*,*,#2816,.T.);
#1742=ORIENTED_EDGE('',*,*,#2813,.T.);
#1743=ORIENTED_EDGE('',*,*,#2328,.F.);
#1744=ORIENTED_EDGE('',*,*,#2266,.F.);
#1745=ORIENTED_EDGE('',*,*,#2817,.T.);
#1746=ORIENTED_EDGE('',*,*,#2815,.T.);
#1747=ORIENTED_EDGE('',*,*,#2265,.F.);
#1748=ORIENTED_EDGE('',*,*,#2818,.T.);
#1749=ORIENTED_EDGE('',*,*,#2819,.T.);
#1750=ORIENTED_EDGE('',*,*,#2820,.T.);
#1751=ORIENTED_EDGE('',*,*,#2270,.T.);
#1752=ORIENTED_EDGE('',*,*,#2814,.T.);
#1753=ORIENTED_EDGE('',*,*,#2816,.F.);
#1754=ORIENTED_EDGE('',*,*,#2817,.F.);
#1755=ORIENTED_EDGE('',*,*,#2246,.F.);
#1756=ORIENTED_EDGE('',*,*,#2821,.T.);
#1757=ORIENTED_EDGE('',*,*,#2289,.T.);
#1758=ORIENTED_EDGE('',*,*,#2822,.T.);
#1759=ORIENTED_EDGE('',*,*,#2248,.T.);
#1760=ORIENTED_EDGE('',*,*,#2823,.F.);
#1761=ORIENTED_EDGE('',*,*,#2287,.F.);
#1762=ORIENTED_EDGE('',*,*,#2255,.T.);
#1763=ORIENTED_EDGE('',*,*,#2247,.F.);
#1764=ORIENTED_EDGE('',*,*,#2822,.F.);
#1765=ORIENTED_EDGE('',*,*,#2288,.T.);
#1766=ORIENTED_EDGE('',*,*,#2823,.T.);
#1767=ORIENTED_EDGE('',*,*,#2243,.F.);
#1768=ORIENTED_EDGE('',*,*,#2824,.T.);
#1769=ORIENTED_EDGE('',*,*,#2825,.T.);
#1770=ORIENTED_EDGE('',*,*,#2711,.T.);
#1771=ORIENTED_EDGE('',*,*,#2825,.F.);
#1772=ORIENTED_EDGE('',*,*,#2826,.T.);
#1773=ORIENTED_EDGE('',*,*,#2232,.T.);
#1774=ORIENTED_EDGE('',*,*,#2712,.T.);
#1775=ORIENTED_EDGE('',*,*,#2157,.F.);
#1776=ORIENTED_EDGE('',*,*,#2827,.T.);
#1777=ORIENTED_EDGE('',*,*,#2828,.T.);
#1778=ORIENTED_EDGE('',*,*,#2709,.T.);
#1779=ORIENTED_EDGE('',*,*,#2828,.F.);
#1780=ORIENTED_EDGE('',*,*,#2829,.T.);
#1781=ORIENTED_EDGE('',*,*,#2236,.T.);
#1782=ORIENTED_EDGE('',*,*,#2710,.T.);
#1783=ORIENTED_EDGE('',*,*,#2830,.F.);
#1784=ORIENTED_EDGE('',*,*,#2831,.T.);
#1785=ORIENTED_EDGE('',*,*,#2832,.F.);
#1786=ORIENTED_EDGE('',*,*,#2833,.F.);
#1787=ORIENTED_EDGE('',*,*,#2239,.T.);
#1788=ORIENTED_EDGE('',*,*,#2234,.F.);
#1789=ORIENTED_EDGE('',*,*,#2834,.T.);
#1790=ORIENTED_EDGE('',*,*,#2835,.T.);
#1791=ORIENTED_EDGE('',*,*,#2836,.T.);
#1792=ORIENTED_EDGE('',*,*,#2830,.T.);
#1793=ORIENTED_EDGE('',*,*,#2238,.F.);
#1794=ORIENTED_EDGE('',*,*,#2837,.T.);
#1795=ORIENTED_EDGE('',*,*,#2183,.T.);
#1796=ORIENTED_EDGE('',*,*,#2838,.T.);
#1797=ORIENTED_EDGE('',*,*,#2839,.T.);
#1798=ORIENTED_EDGE('',*,*,#2168,.F.);
#1799=ORIENTED_EDGE('',*,*,#2713,.F.);
#1800=ORIENTED_EDGE('',*,*,#2839,.F.);
#1801=ORIENTED_EDGE('',*,*,#2840,.T.);
#1802=ORIENTED_EDGE('',*,*,#2841,.T.);
#1803=ORIENTED_EDGE('',*,*,#2842,.F.);
#1804=ORIENTED_EDGE('',*,*,#2221,.F.);
#1805=ORIENTED_EDGE('',*,*,#2843,.T.);
#1806=ORIENTED_EDGE('',*,*,#2844,.T.);
#1807=ORIENTED_EDGE('',*,*,#2845,.F.);
#1808=ORIENTED_EDGE('',*,*,#2222,.F.);
#1809=ORIENTED_EDGE('',*,*,#2842,.T.);
#1810=ORIENTED_EDGE('',*,*,#2846,.T.);
#1811=ORIENTED_EDGE('',*,*,#2847,.F.);
#1812=ORIENTED_EDGE('',*,*,#2223,.F.);
#1813=ORIENTED_EDGE('',*,*,#2845,.T.);
#1814=ORIENTED_EDGE('',*,*,#2848,.F.);
#1815=ORIENTED_EDGE('',*,*,#2849,.F.);
#1816=ORIENTED_EDGE('',*,*,#2217,.T.);
#1817=ORIENTED_EDGE('',*,*,#2850,.T.);
#1818=ORIENTED_EDGE('',*,*,#2851,.T.);
#1819=ORIENTED_EDGE('',*,*,#2852,.F.);
#1820=ORIENTED_EDGE('',*,*,#2218,.F.);
#1821=ORIENTED_EDGE('',*,*,#2849,.T.);
#1822=ORIENTED_EDGE('',*,*,#2853,.F.);
#1823=ORIENTED_EDGE('',*,*,#2854,.F.);
#1824=ORIENTED_EDGE('',*,*,#2219,.T.);
#1825=ORIENTED_EDGE('',*,*,#2852,.T.);
#1826=ORIENTED_EDGE('',*,*,#2855,.F.);
#1827=ORIENTED_EDGE('',*,*,#2856,.F.);
#1828=ORIENTED_EDGE('',*,*,#2213,.T.);
#1829=ORIENTED_EDGE('',*,*,#2857,.T.);
#1830=ORIENTED_EDGE('',*,*,#2858,.T.);
#1831=ORIENTED_EDGE('',*,*,#2859,.F.);
#1832=ORIENTED_EDGE('',*,*,#2214,.F.);
#1833=ORIENTED_EDGE('',*,*,#2856,.T.);
#1834=ORIENTED_EDGE('',*,*,#2860,.F.);
#1835=ORIENTED_EDGE('',*,*,#2861,.F.);
#1836=ORIENTED_EDGE('',*,*,#2215,.T.);
#1837=ORIENTED_EDGE('',*,*,#2859,.T.);
#1838=ORIENTED_EDGE('',*,*,#2862,.F.);
#1839=ORIENTED_EDGE('',*,*,#2863,.F.);
#1840=ORIENTED_EDGE('',*,*,#2209,.T.);
#1841=ORIENTED_EDGE('',*,*,#2864,.T.);
#1842=ORIENTED_EDGE('',*,*,#2865,.T.);
#1843=ORIENTED_EDGE('',*,*,#2866,.F.);
#1844=ORIENTED_EDGE('',*,*,#2210,.F.);
#1845=ORIENTED_EDGE('',*,*,#2863,.T.);
#1846=ORIENTED_EDGE('',*,*,#2867,.F.);
#1847=ORIENTED_EDGE('',*,*,#2868,.F.);
#1848=ORIENTED_EDGE('',*,*,#2211,.T.);
#1849=ORIENTED_EDGE('',*,*,#2866,.T.);
#1850=ORIENTED_EDGE('',*,*,#2869,.F.);
#1851=ORIENTED_EDGE('',*,*,#2870,.F.);
#1852=ORIENTED_EDGE('',*,*,#2205,.T.);
#1853=ORIENTED_EDGE('',*,*,#2871,.T.);
#1854=ORIENTED_EDGE('',*,*,#2872,.F.);
#1855=ORIENTED_EDGE('',*,*,#2873,.F.);
#1856=ORIENTED_EDGE('',*,*,#2206,.T.);
#1857=ORIENTED_EDGE('',*,*,#2870,.T.);
#1858=ORIENTED_EDGE('',*,*,#2874,.F.);
#1859=ORIENTED_EDGE('',*,*,#2875,.F.);
#1860=ORIENTED_EDGE('',*,*,#2207,.T.);
#1861=ORIENTED_EDGE('',*,*,#2873,.T.);
#1862=ORIENTED_EDGE('',*,*,#2876,.T.);
#1863=ORIENTED_EDGE('',*,*,#2877,.F.);
#1864=ORIENTED_EDGE('',*,*,#2201,.F.);
#1865=ORIENTED_EDGE('',*,*,#2878,.T.);
#1866=ORIENTED_EDGE('',*,*,#2879,.F.);
#1867=ORIENTED_EDGE('',*,*,#2880,.F.);
#1868=ORIENTED_EDGE('',*,*,#2202,.T.);
#1869=ORIENTED_EDGE('',*,*,#2877,.T.);
#1870=ORIENTED_EDGE('',*,*,#2881,.F.);
#1871=ORIENTED_EDGE('',*,*,#2882,.F.);
#1872=ORIENTED_EDGE('',*,*,#2203,.T.);
#1873=ORIENTED_EDGE('',*,*,#2880,.T.);
#1874=ORIENTED_EDGE('',*,*,#2838,.F.);
#1875=ORIENTED_EDGE('',*,*,#2883,.T.);
#1876=ORIENTED_EDGE('',*,*,#2161,.T.);
#1877=ORIENTED_EDGE('',*,*,#2840,.F.);
#1878=ORIENTED_EDGE('',*,*,#2884,.F.);
#1879=ORIENTED_EDGE('',*,*,#2850,.F.);
#1880=ORIENTED_EDGE('',*,*,#2220,.T.);
#1881=ORIENTED_EDGE('',*,*,#2854,.T.);
#1882=ORIENTED_EDGE('',*,*,#2885,.F.);
#1883=ORIENTED_EDGE('',*,*,#2857,.F.);
#1884=ORIENTED_EDGE('',*,*,#2216,.T.);
#1885=ORIENTED_EDGE('',*,*,#2861,.T.);
#1886=ORIENTED_EDGE('',*,*,#2886,.F.);
#1887=ORIENTED_EDGE('',*,*,#2864,.F.);
#1888=ORIENTED_EDGE('',*,*,#2212,.T.);
#1889=ORIENTED_EDGE('',*,*,#2868,.T.);
#1890=ORIENTED_EDGE('',*,*,#2887,.F.);
#1891=ORIENTED_EDGE('',*,*,#2871,.F.);
#1892=ORIENTED_EDGE('',*,*,#2208,.T.);
#1893=ORIENTED_EDGE('',*,*,#2875,.T.);
#1894=ORIENTED_EDGE('',*,*,#2888,.F.);
#1895=ORIENTED_EDGE('',*,*,#2878,.F.);
#1896=ORIENTED_EDGE('',*,*,#2204,.T.);
#1897=ORIENTED_EDGE('',*,*,#2882,.T.);
#1898=ORIENTED_EDGE('',*,*,#2889,.T.);
#1899=ORIENTED_EDGE('',*,*,#2843,.F.);
#1900=ORIENTED_EDGE('',*,*,#2224,.F.);
#1901=ORIENTED_EDGE('',*,*,#2847,.T.);
#1902=ORIENTED_EDGE('',*,*,#2841,.F.);
#1903=ORIENTED_EDGE('',*,*,#2889,.F.);
#1904=ORIENTED_EDGE('',*,*,#2846,.F.);
#1905=ORIENTED_EDGE('',*,*,#2844,.F.);
#1906=ORIENTED_EDGE('',*,*,#2881,.T.);
#1907=ORIENTED_EDGE('',*,*,#2879,.T.);
#1908=ORIENTED_EDGE('',*,*,#2876,.F.);
#1909=ORIENTED_EDGE('',*,*,#2888,.T.);
#1910=ORIENTED_EDGE('',*,*,#2874,.T.);
#1911=ORIENTED_EDGE('',*,*,#2872,.T.);
#1912=ORIENTED_EDGE('',*,*,#2869,.T.);
#1913=ORIENTED_EDGE('',*,*,#2887,.T.);
#1914=ORIENTED_EDGE('',*,*,#2865,.F.);
#1915=ORIENTED_EDGE('',*,*,#2862,.T.);
#1916=ORIENTED_EDGE('',*,*,#2886,.T.);
#1917=ORIENTED_EDGE('',*,*,#2867,.T.);
#1918=ORIENTED_EDGE('',*,*,#2858,.F.);
#1919=ORIENTED_EDGE('',*,*,#2855,.T.);
#1920=ORIENTED_EDGE('',*,*,#2885,.T.);
#1921=ORIENTED_EDGE('',*,*,#2860,.T.);
#1922=ORIENTED_EDGE('',*,*,#2851,.F.);
#1923=ORIENTED_EDGE('',*,*,#2848,.T.);
#1924=ORIENTED_EDGE('',*,*,#2884,.T.);
#1925=ORIENTED_EDGE('',*,*,#2853,.T.);
#1926=ORIENTED_EDGE('',*,*,#2721,.F.);
#1927=ORIENTED_EDGE('',*,*,#2890,.T.);
#1928=ORIENTED_EDGE('',*,*,#2793,.T.);
#1929=ORIENTED_EDGE('',*,*,#2733,.F.);
#1930=ORIENTED_EDGE('',*,*,#2719,.F.);
#1931=ORIENTED_EDGE('',*,*,#2891,.T.);
#1932=ORIENTED_EDGE('',*,*,#2797,.T.);
#1933=ORIENTED_EDGE('',*,*,#2193,.F.);
#1934=ORIENTED_EDGE('',*,*,#2716,.F.);
#1935=ORIENTED_EDGE('',*,*,#2892,.T.);
#1936=ORIENTED_EDGE('',*,*,#2893,.T.);
#1937=ORIENTED_EDGE('',*,*,#2804,.F.);
#1938=ORIENTED_EDGE('',*,*,#2893,.F.);
#1939=ORIENTED_EDGE('',*,*,#2894,.T.);
#1940=ORIENTED_EDGE('',*,*,#2164,.T.);
#1941=ORIENTED_EDGE('',*,*,#2805,.T.);
#1942=ORIENTED_EDGE('',*,*,#2895,.T.);
#1943=ORIENTED_EDGE('',*,*,#2896,.T.);
#1944=ORIENTED_EDGE('',*,*,#2714,.F.);
#1945=ORIENTED_EDGE('',*,*,#2166,.T.);
#1946=ORIENTED_EDGE('',*,*,#2833,.T.);
#1947=ORIENTED_EDGE('',*,*,#2897,.F.);
#1948=ORIENTED_EDGE('',*,*,#2898,.F.);
#1949=ORIENTED_EDGE('',*,*,#2240,.T.);
#1950=ORIENTED_EDGE('',*,*,#2832,.T.);
#1951=ORIENTED_EDGE('',*,*,#2899,.F.);
#1952=ORIENTED_EDGE('',*,*,#2900,.F.);
#1953=ORIENTED_EDGE('',*,*,#2897,.T.);
#1954=ORIENTED_EDGE('',*,*,#2831,.F.);
#1955=ORIENTED_EDGE('',*,*,#2836,.F.);
#1956=ORIENTED_EDGE('',*,*,#2901,.T.);
#1957=ORIENTED_EDGE('',*,*,#2899,.T.);
#1958=ORIENTED_EDGE('',*,*,#2902,.T.);
#1959=ORIENTED_EDGE('',*,*,#2903,.T.);
#1960=ORIENTED_EDGE('',*,*,#2241,.T.);
#1961=ORIENTED_EDGE('',*,*,#2898,.T.);
#1962=ORIENTED_EDGE('',*,*,#2900,.T.);
#1963=ORIENTED_EDGE('',*,*,#2901,.F.);
#1964=ORIENTED_EDGE('',*,*,#2835,.F.);
#1965=ORIENTED_EDGE('',*,*,#2904,.T.);
#1966=ORIENTED_EDGE('',*,*,#2179,.F.);
#1967=ORIENTED_EDGE('',*,*,#2905,.T.);
#1968=ORIENTED_EDGE('',*,*,#2228,.T.);
#1969=ORIENTED_EDGE('',*,*,#2906,.F.);
#1970=ORIENTED_EDGE('',*,*,#2231,.T.);
#1971=ORIENTED_EDGE('',*,*,#2907,.F.);
#1972=ORIENTED_EDGE('',*,*,#2180,.F.);
#1973=ORIENTED_EDGE('',*,*,#2906,.T.);
#1974=ORIENTED_EDGE('',*,*,#2230,.F.);
#1975=ORIENTED_EDGE('',*,*,#2140,.F.);
#1976=ORIENTED_EDGE('',*,*,#2181,.T.);
#1977=ORIENTED_EDGE('',*,*,#2907,.T.);
#1978=ORIENTED_EDGE('',*,*,#2834,.F.);
#1979=ORIENTED_EDGE('',*,*,#2233,.F.);
#1980=ORIENTED_EDGE('',*,*,#2908,.F.);
#1981=ORIENTED_EDGE('',*,*,#2904,.F.);
#1982=ORIENTED_EDGE('',*,*,#2908,.T.);
#1983=ORIENTED_EDGE('',*,*,#2826,.F.);
#1984=ORIENTED_EDGE('',*,*,#2909,.F.);
#1985=ORIENTED_EDGE('',*,*,#2902,.F.);
#1986=ORIENTED_EDGE('',*,*,#2909,.T.);
#1987=ORIENTED_EDGE('',*,*,#2824,.F.);
#1988=ORIENTED_EDGE('',*,*,#2242,.F.);
#1989=ORIENTED_EDGE('',*,*,#2903,.F.);
#1990=ORIENTED_EDGE('',*,*,#2156,.F.);
#1991=ORIENTED_EDGE('',*,*,#2173,.F.);
#1992=ORIENTED_EDGE('',*,*,#2910,.F.);
#1993=ORIENTED_EDGE('',*,*,#2827,.F.);
#1994=ORIENTED_EDGE('',*,*,#2910,.T.);
#1995=ORIENTED_EDGE('',*,*,#2185,.F.);
#1996=ORIENTED_EDGE('',*,*,#2911,.F.);
#1997=ORIENTED_EDGE('',*,*,#2829,.F.);
#1998=ORIENTED_EDGE('',*,*,#2911,.T.);
#1999=ORIENTED_EDGE('',*,*,#2184,.F.);
#2000=ORIENTED_EDGE('',*,*,#2837,.F.);
#2001=ORIENTED_EDGE('',*,*,#2237,.F.);
#2002=ORIENTED_EDGE('',*,*,#2271,.F.);
#2003=ORIENTED_EDGE('',*,*,#2820,.F.);
#2004=ORIENTED_EDGE('',*,*,#2912,.F.);
#2005=ORIENTED_EDGE('',*,*,#2737,.F.);
#2006=ORIENTED_EDGE('',*,*,#2912,.T.);
#2007=ORIENTED_EDGE('',*,*,#2819,.F.);
#2008=ORIENTED_EDGE('',*,*,#2913,.F.);
#2009=ORIENTED_EDGE('',*,*,#2739,.F.);
#2010=ORIENTED_EDGE('',*,*,#2913,.T.);
#2011=ORIENTED_EDGE('',*,*,#2818,.F.);
#2012=ORIENTED_EDGE('',*,*,#2264,.F.);
#2013=ORIENTED_EDGE('',*,*,#2725,.F.);
#2014=ORIENTED_EDGE('',*,*,#2277,.F.);
#2015=ORIENTED_EDGE('',*,*,#2285,.F.);
#2016=ORIENTED_EDGE('',*,*,#2914,.F.);
#2017=ORIENTED_EDGE('',*,*,#2260,.F.);
#2018=ORIENTED_EDGE('',*,*,#2914,.T.);
#2019=ORIENTED_EDGE('',*,*,#2284,.F.);
#2020=ORIENTED_EDGE('',*,*,#2915,.F.);
#2021=ORIENTED_EDGE('',*,*,#2726,.F.);
#2022=ORIENTED_EDGE('',*,*,#2789,.F.);
#2023=ORIENTED_EDGE('',*,*,#2251,.F.);
#2024=ORIENTED_EDGE('',*,*,#2916,.F.);
#2025=ORIENTED_EDGE('',*,*,#2282,.F.);
#2026=ORIENTED_EDGE('',*,*,#2915,.T.);
#2027=ORIENTED_EDGE('',*,*,#2283,.F.);
#2028=ORIENTED_EDGE('',*,*,#2916,.T.);
#2029=ORIENTED_EDGE('',*,*,#2728,.F.);
#2030=ORIENTED_EDGE('',*,*,#2905,.F.);
#2031=ORIENTED_EDGE('',*,*,#2178,.T.);
#2032=ORIENTED_EDGE('',*,*,#2138,.F.);
#2033=ORIENTED_EDGE('',*,*,#2229,.F.);
#2034=ORIENTED_EDGE('',*,*,#2788,.F.);
#2035=ORIENTED_EDGE('',*,*,#2187,.F.);
#2036=ORIENTED_EDGE('',*,*,#2807,.F.);
#2037=ORIENTED_EDGE('',*,*,#2175,.F.);
#2038=ORIENTED_EDGE('',*,*,#2792,.F.);
#2039=ORIENTED_EDGE('',*,*,#2172,.T.);
#2040=ORIENTED_EDGE('',*,*,#2801,.F.);
#2041=ORIENTED_EDGE('',*,*,#2189,.F.);
#2042=ORIENTED_EDGE('',*,*,#2791,.F.);
#2043=ORIENTED_EDGE('',*,*,#2292,.T.);
#2044=ORIENTED_EDGE('',*,*,#2144,.F.);
#2045=ORIENTED_EDGE('',*,*,#2170,.F.);
#2046=ORIENTED_EDGE('',*,*,#2790,.F.);
#2047=ORIENTED_EDGE('',*,*,#2280,.T.);
#2048=ORIENTED_EDGE('',*,*,#2146,.F.);
#2049=ORIENTED_EDGE('',*,*,#2291,.F.);
#2050=ORIENTED_EDGE('',*,*,#2821,.F.);
#2051=ORIENTED_EDGE('',*,*,#2245,.T.);
#2052=ORIENTED_EDGE('',*,*,#2258,.F.);
#2053=ORIENTED_EDGE('',*,*,#2278,.F.);
#2054=ORIENTED_EDGE('',*,*,#2298,.F.);
#2055=ORIENTED_EDGE('',*,*,#2812,.F.);
#2056=ORIENTED_EDGE('',*,*,#2917,.F.);
#2057=ORIENTED_EDGE('',*,*,#2810,.F.);
#2058=ORIENTED_EDGE('',*,*,#2702,.F.);
#2059=ORIENTED_EDGE('',*,*,#2809,.F.);
#2060=ORIENTED_EDGE('',*,*,#2917,.T.);
#2061=ORIENTED_EDGE('',*,*,#2811,.F.);
#2062=ORIENTED_EDGE('',*,*,#2165,.F.);
#2063=ORIENTED_EDGE('',*,*,#2894,.F.);
#2064=ORIENTED_EDGE('',*,*,#2918,.F.);
#2065=ORIENTED_EDGE('',*,*,#2895,.F.);
#2066=ORIENTED_EDGE('',*,*,#2715,.F.);
#2067=ORIENTED_EDGE('',*,*,#2896,.F.);
#2068=ORIENTED_EDGE('',*,*,#2918,.T.);
#2069=ORIENTED_EDGE('',*,*,#2892,.F.);
#2070=ORIENTED_EDGE('',*,*,#2718,.F.);
#2071=ORIENTED_EDGE('',*,*,#2803,.F.);
#2072=ORIENTED_EDGE('',*,*,#2919,.F.);
#2073=ORIENTED_EDGE('',*,*,#2891,.F.);
#2074=ORIENTED_EDGE('',*,*,#2700,.F.);
#2075=ORIENTED_EDGE('',*,*,#2800,.F.);
#2076=ORIENTED_EDGE('',*,*,#2920,.F.);
#2077=ORIENTED_EDGE('',*,*,#2142,.F.);
#2078=ORIENTED_EDGE('',*,*,#2171,.F.);
#2079=ORIENTED_EDGE('',*,*,#2143,.F.);
#2080=ORIENTED_EDGE('',*,*,#2920,.T.);
#2081=ORIENTED_EDGE('',*,*,#2798,.F.);
#2082=ORIENTED_EDGE('',*,*,#2919,.T.);
#2083=ORIENTED_EDGE('',*,*,#2802,.F.);
#2084=ORIENTED_EDGE('',*,*,#2698,.F.);
#2085=ORIENTED_EDGE('',*,*,#2796,.F.);
#2086=ORIENTED_EDGE('',*,*,#2921,.F.);
#2087=ORIENTED_EDGE('',*,*,#2197,.F.);
#2088=ORIENTED_EDGE('',*,*,#2921,.T.);
#2089=ORIENTED_EDGE('',*,*,#2794,.F.);
#2090=ORIENTED_EDGE('',*,*,#2922,.F.);
#2091=ORIENTED_EDGE('',*,*,#2190,.F.);
#2092=ORIENTED_EDGE('',*,*,#2720,.F.);
#2093=ORIENTED_EDGE('',*,*,#2191,.F.);
#2094=ORIENTED_EDGE('',*,*,#2922,.T.);
#2095=ORIENTED_EDGE('',*,*,#2890,.F.);
#2096=ORIENTED_EDGE('',*,*,#2806,.F.);
#2097=ORIENTED_EDGE('',*,*,#2162,.F.);
#2098=ORIENTED_EDGE('',*,*,#2923,.F.);
#2099=ORIENTED_EDGE('',*,*,#2225,.F.);
#2100=ORIENTED_EDGE('',*,*,#2199,.F.);
#2101=ORIENTED_EDGE('',*,*,#2226,.F.);
#2102=ORIENTED_EDGE('',*,*,#2923,.T.);
#2103=ORIENTED_EDGE('',*,*,#2883,.F.);
#2104=ORIENTED_EDGE('',*,*,#2182,.F.);
#2105=ORIENTED_EDGE('',*,*,#2139,.F.);
#2106=ORIENTED_EDGE('',*,*,#2286,.T.);
#2107=ORIENTED_EDGE('',*,*,#2135,.F.);
#2108=ORIENTED_EDGE('',*,*,#2924,.F.);
#2109=ORIENTED_EDGE('',*,*,#2324,.F.);
#2110=ORIENTED_EDGE('',*,*,#2293,.F.);
#2111=ORIENTED_EDGE('',*,*,#2256,.F.);
#2112=ORIENTED_EDGE('',*,*,#2924,.T.);
#2113=ORIENTED_EDGE('',*,*,#2295,.F.);
#2114=ORIENTED_EDGE('',*,*,#2150,.F.);
#2115=ORIENTED_EDGE('',*,*,#2325,.F.);
#2116=ORIENTED_EDGE('',*,*,#2477,.T.);
#2117=ORIENTED_EDGE('',*,*,#2925,.F.);
#2118=ORIENTED_EDGE('',*,*,#2731,.F.);
#2119=ORIENTED_EDGE('',*,*,#2926,.T.);
#2120=ORIENTED_EDGE('',*,*,#2695,.T.);
#2121=ORIENTED_EDGE('',*,*,#2478,.F.);
#2122=ORIENTED_EDGE('',*,*,#2926,.F.);
#2123=ORIENTED_EDGE('',*,*,#2736,.T.);
#2124=ORIENTED_EDGE('',*,*,#2723,.F.);
#2125=ORIENTED_EDGE('',*,*,#2732,.F.);
#2126=ORIENTED_EDGE('',*,*,#2925,.T.);
#2127=ORIENTED_EDGE('',*,*,#2480,.T.);
#2128=ORIENTED_EDGE('',*,*,#2927,.F.);
#2129=ORIENTED_EDGE('',*,*,#2730,.T.);
#2130=ORIENTED_EDGE('',*,*,#2927,.T.);
#2131=ORIENTED_EDGE('',*,*,#2928,.F.);
#2132=ORIENTED_EDGE('',*,*,#2729,.T.);
#2133=ORIENTED_EDGE('',*,*,#2928,.T.);
#2134=EDGE_CURVE('',#2929,#2930,#3450,.T.);
#2135=EDGE_CURVE('',#2929,#2931,#285,.F.);
#2136=EDGE_CURVE('',#2931,#2932,#3451,.T.);
#2137=EDGE_CURVE('',#2932,#2930,#286,.T.);
#2138=EDGE_CURVE('',#2933,#2934,#238,.T.);
#2139=EDGE_CURVE('',#2934,#2935,#287,.F.);
#2140=EDGE_CURVE('',#2935,#2936,#3452,.T.);
#2141=EDGE_CURVE('',#2933,#2936,#288,.T.);
#2142=EDGE_CURVE('',#2937,#2938,#3453,.T.);
#2143=EDGE_CURVE('',#2938,#2939,#3454,.F.);
#2144=EDGE_CURVE('',#2939,#2940,#289,.T.);
#2145=EDGE_CURVE('',#2941,#2940,#3455,.T.);
#2146=EDGE_CURVE('',#2941,#2942,#290,.T.);
#2147=EDGE_CURVE('',#2943,#2942,#3456,.T.);
#2148=EDGE_CURVE('',#2944,#2943,#3457,.T.);
#2149=EDGE_CURVE('',#2945,#2944,#3458,.T.);
#2150=EDGE_CURVE('',#2945,#2946,#291,.T.);
#2151=EDGE_CURVE('',#2947,#2946,#3459,.T.);
#2152=EDGE_CURVE('',#2947,#2948,#3460,.T.);
#2153=EDGE_CURVE('',#2949,#2948,#3461,.T.);
#2154=EDGE_CURVE('',#2949,#2937,#3462,.T.);
#2155=EDGE_CURVE('',#2950,#2951,#3463,.T.);
#2156=EDGE_CURVE('',#2951,#2952,#292,.F.);
#2157=EDGE_CURVE('',#2952,#2953,#3464,.T.);
#2158=EDGE_CURVE('',#2954,#2953,#3465,.T.);
#2159=EDGE_CURVE('',#2955,#2954,#3466,.T.);
#2160=EDGE_CURVE('',#2950,#2955,#3467,.T.);
#2161=EDGE_CURVE('',#2956,#2957,#3468,.T.);
#2162=EDGE_CURVE('',#2956,#2958,#3469,.T.);
#2163=EDGE_CURVE('',#2959,#2958,#3470,.T.);
#2164=EDGE_CURVE('',#2960,#2959,#3471,.T.);
#2165=EDGE_CURVE('',#2960,#2961,#293,.T.);
#2166=EDGE_CURVE('',#2962,#2961,#3472,.T.);
#2167=EDGE_CURVE('',#2963,#2962,#3473,.T.);
#2168=EDGE_CURVE('',#2963,#2957,#3474,.T.);
#2169=EDGE_CURVE('',#2964,#2965,#294,.T.);
#2170=EDGE_CURVE('',#2965,#2939,#3475,.T.);
#2171=EDGE_CURVE('',#2939,#2966,#3476,.T.);
#2172=EDGE_CURVE('',#2964,#2966,#3477,.T.);
#2173=EDGE_CURVE('',#2967,#2951,#3478,.T.);
#2174=EDGE_CURVE('',#2968,#2950,#295,.T.);
#2175=EDGE_CURVE('',#2968,#2969,#3479,.T.);
#2176=EDGE_CURVE('',#2970,#2969,#3480,.T.);
#2177=EDGE_CURVE('',#2934,#2970,#3481,.T.);
#2178=EDGE_CURVE('',#2971,#2934,#3482,.T.);
#2179=EDGE_CURVE('',#2971,#2972,#3483,.T.);
#2180=EDGE_CURVE('',#2972,#2973,#296,.T.);
#2181=EDGE_CURVE('',#2935,#2973,#3484,.T.);
#2182=EDGE_CURVE('',#2935,#2974,#297,.T.);
#2183=EDGE_CURVE('',#2975,#2974,#298,.T.);
#2184=EDGE_CURVE('',#2975,#2976,#3485,.F.);
#2185=EDGE_CURVE('',#2976,#2967,#299,.T.);
#2186=EDGE_CURVE('',#2977,#2978,#3486,.T.);
#2187=EDGE_CURVE('',#2977,#2979,#3487,.F.);
#2188=EDGE_CURVE('',#2980,#2979,#300,.T.);
#2189=EDGE_CURVE('',#2980,#2978,#3488,.T.);
#2190=EDGE_CURVE('',#2981,#2982,#3489,.F.);
#2191=EDGE_CURVE('',#2982,#2983,#3490,.F.);
#2192=EDGE_CURVE('',#2984,#2983,#3491,.T.);
#2193=EDGE_CURVE('',#2984,#2985,#3492,.T.);
#2194=EDGE_CURVE('',#2985,#2986,#3493,.T.);
#2195=EDGE_CURVE('',#2987,#2986,#3494,.T.);
#2196=EDGE_CURVE('',#2987,#2988,#3495,.T.);
#2197=EDGE_CURVE('',#2988,#2981,#3496,.T.);
#2198=EDGE_CURVE('',#2989,#2990,#3497,.T.);
#2199=EDGE_CURVE('',#2989,#2934,#239,.T.);
#2200=EDGE_CURVE('',#2990,#2970,#3498,.T.);
#2201=EDGE_CURVE('',#2991,#2992,#3499,.T.);
#2202=EDGE_CURVE('',#2993,#2992,#3500,.T.);
#2203=EDGE_CURVE('',#2994,#2993,#3501,.T.);
#2204=EDGE_CURVE('',#2991,#2994,#3502,.T.);
#2205=EDGE_CURVE('',#2995,#2996,#3503,.T.);
#2206=EDGE_CURVE('',#2997,#2995,#3504,.T.);
#2207=EDGE_CURVE('',#2998,#2997,#3505,.T.);
#2208=EDGE_CURVE('',#2996,#2998,#3506,.T.);
#2209=EDGE_CURVE('',#2999,#3000,#3507,.T.);
#2210=EDGE_CURVE('',#2999,#3001,#301,.T.);
#2211=EDGE_CURVE('',#3002,#3001,#3508,.T.);
#2212=EDGE_CURVE('',#3000,#3002,#3509,.T.);
#2213=EDGE_CURVE('',#3003,#3004,#3510,.T.);
#2214=EDGE_CURVE('',#3003,#3005,#302,.T.);
#2215=EDGE_CURVE('',#3006,#3005,#3511,.T.);
#2216=EDGE_CURVE('',#3004,#3006,#3512,.T.);
#2217=EDGE_CURVE('',#3007,#3008,#3513,.T.);
#2218=EDGE_CURVE('',#3007,#3009,#303,.T.);
#2219=EDGE_CURVE('',#3010,#3009,#3514,.T.);
#2220=EDGE_CURVE('',#3008,#3010,#3515,.T.);
#2221=EDGE_CURVE('',#3011,#3012,#3516,.T.);
#2222=EDGE_CURVE('',#3012,#3013,#3517,.T.);
#2223=EDGE_CURVE('',#3013,#3014,#304,.T.);
#2224=EDGE_CURVE('',#3014,#3011,#3518,.T.);
#2225=EDGE_CURVE('',#3015,#3016,#3519,.F.);
#2226=EDGE_CURVE('',#3016,#2989,#305,.T.);
#2227=EDGE_CURVE('',#2990,#3015,#3520,.T.);
#2228=EDGE_CURVE('',#3017,#3018,#3521,.T.);
#2229=EDGE_CURVE('',#3017,#2933,#3522,.T.);
#2230=EDGE_CURVE('',#2936,#3019,#3523,.T.);
#2231=EDGE_CURVE('',#3018,#3019,#306,.T.);
#2232=EDGE_CURVE('',#3020,#3021,#3524,.T.);
#2233=EDGE_CURVE('',#3020,#3022,#3525,.T.);
#2234=EDGE_CURVE('',#3022,#3023,#3526,.F.);
#2235=EDGE_CURVE('',#3021,#3023,#3527,.T.);
#2236=EDGE_CURVE('',#3024,#3025,#3528,.T.);
#2237=EDGE_CURVE('',#3024,#3026,#3529,.T.);
#2238=EDGE_CURVE('',#3026,#3027,#3530,.F.);
#2239=EDGE_CURVE('',#3028,#3027,#3531,.T.);
#2240=EDGE_CURVE('',#3029,#3028,#3532,.T.);
#2241=EDGE_CURVE('',#3030,#3029,#3533,.T.);
#2242=EDGE_CURVE('',#3030,#3031,#307,.F.);
#2243=EDGE_CURVE('',#3031,#3032,#3534,.T.);
#2244=EDGE_CURVE('',#3025,#3032,#3535,.T.);
#2245=EDGE_CURVE('',#3033,#3034,#3536,.T.);
#2246=EDGE_CURVE('',#3033,#3035,#3537,.T.);
#2247=EDGE_CURVE('',#3035,#3036,#308,.T.);
#2248=EDGE_CURVE('',#3037,#3036,#3538,.T.);
#2249=EDGE_CURVE('',#3034,#3037,#309,.T.);
#2250=EDGE_CURVE('',#3038,#3039,#3539,.T.);
#2251=EDGE_CURVE('',#3038,#3040,#3540,.F.);
#2252=EDGE_CURVE('',#3040,#3041,#3541,.T.);
#2253=EDGE_CURVE('',#3041,#3042,#3542,.T.);
#2254=EDGE_CURVE('',#3042,#3039,#3543,.T.);
#2255=EDGE_CURVE('',#3043,#3037,#3544,.T.);
#2256=EDGE_CURVE('',#3043,#3044,#310,.F.);
#2257=EDGE_CURVE('',#3045,#3044,#311,.T.);
#2258=EDGE_CURVE('',#3045,#3034,#240,.T.);
#2259=EDGE_CURVE('',#3046,#3047,#3545,.T.);
#2260=EDGE_CURVE('',#3047,#3048,#3546,.F.);
#2261=EDGE_CURVE('',#3048,#3049,#3547,.T.);
#2262=EDGE_CURVE('',#3049,#3050,#3548,.T.);
#2263=EDGE_CURVE('',#3051,#3050,#3549,.T.);
#2264=EDGE_CURVE('',#3051,#3052,#312,.T.);
#2265=EDGE_CURVE('',#3052,#3053,#3550,.T.);
#2266=EDGE_CURVE('',#3053,#3054,#3551,.T.);
#2267=EDGE_CURVE('',#3054,#3046,#3552,.T.);
#2268=EDGE_CURVE('',#3055,#3046,#313,.T.);
#2269=EDGE_CURVE('',#3056,#3055,#3553,.T.);
#2270=EDGE_CURVE('',#3057,#3056,#314,.F.);
#2271=EDGE_CURVE('',#3057,#3058,#241,.T.);
#2272=EDGE_CURVE('',#3059,#3058,#3554,.T.);
#2273=EDGE_CURVE('',#3059,#3060,#315,.F.);
#2274=EDGE_CURVE('',#3060,#2930,#3555,.T.);
#2275=EDGE_CURVE('',#2932,#2930,#316,.T.);
#2276=EDGE_CURVE('',#3061,#2931,#317,.T.);
#2277=EDGE_CURVE('',#3061,#3047,#242,.T.);
#2278=EDGE_CURVE('',#3062,#3045,#3556,.T.);
#2279=EDGE_CURVE('',#3044,#2943,#3557,.T.);
#2280=EDGE_CURVE('',#3063,#2942,#3558,.T.);
#2281=EDGE_CURVE('',#3063,#3064,#318,.T.);
#2282=EDGE_CURVE('',#3064,#3065,#3559,.T.);
#2283=EDGE_CURVE('',#3065,#3066,#3560,.F.);
#2284=EDGE_CURVE('',#3066,#3067,#319,.T.);
#2285=EDGE_CURVE('',#3067,#3061,#3561,.T.);
#2286=EDGE_CURVE('',#3043,#2931,#320,.T.);
#2287=EDGE_CURVE('',#3043,#3068,#3562,.T.);
#2288=EDGE_CURVE('',#3069,#3068,#321,.T.);
#2289=EDGE_CURVE('',#3062,#3069,#3563,.T.);
#2290=EDGE_CURVE('',#3070,#3071,#322,.T.);
#2291=EDGE_CURVE('',#3071,#2941,#3564,.T.);
#2292=EDGE_CURVE('',#3070,#2940,#3565,.T.);
#2293=EDGE_CURVE('',#3044,#3072,#243,.T.);
#2294=EDGE_CURVE('',#3072,#2944,#3566,.T.);
#2295=EDGE_CURVE('',#2946,#2929,#3567,.F.);
#2296=EDGE_CURVE('',#3060,#3073,#3568,.T.);
#2297=EDGE_CURVE('',#3073,#3074,#3569,.T.);
#2298=EDGE_CURVE('',#3074,#3075,#323,.F.);
#2299=EDGE_CURVE('',#2947,#3075,#3570,.T.);
#2300=EDGE_CURVE('',#3076,#3077,#3571,.T.);
#2301=EDGE_CURVE('',#3076,#3078,#3572,.T.);
#2302=EDGE_CURVE('',#3078,#3079,#3573,.T.);
#2303=EDGE_CURVE('',#3079,#3077,#3574,.T.);
#2304=EDGE_CURVE('',#3080,#3081,#3575,.T.);
#2305=EDGE_CURVE('',#3081,#3082,#3576,.T.);
#2306=EDGE_CURVE('',#3082,#3083,#3577,.T.);
#2307=EDGE_CURVE('',#3083,#3080,#3578,.T.);
#2308=EDGE_CURVE('',#3084,#3085,#3579,.T.);
#2309=EDGE_CURVE('',#3085,#3086,#3580,.T.);
#2310=EDGE_CURVE('',#3086,#3087,#3581,.T.);
#2311=EDGE_CURVE('',#3084,#3087,#324,.T.);
#2312=EDGE_CURVE('',#3088,#3089,#3582,.T.);
#2313=EDGE_CURVE('',#3089,#3090,#3583,.T.);
#2314=EDGE_CURVE('',#3090,#3091,#3584,.T.);
#2315=EDGE_CURVE('',#3088,#3091,#325,.T.);
#2316=EDGE_CURVE('',#3092,#3093,#3585,.T.);
#2317=EDGE_CURVE('',#3093,#3094,#3586,.T.);
#2318=EDGE_CURVE('',#3094,#3095,#3587,.T.);
#2319=EDGE_CURVE('',#3092,#3095,#326,.T.);
#2320=EDGE_CURVE('',#3096,#3097,#3588,.T.);
#2321=EDGE_CURVE('',#3098,#3096,#3589,.T.);
#2322=EDGE_CURVE('',#3099,#3098,#327,.T.);
#2323=EDGE_CURVE('',#3097,#3099,#3590,.T.);
#2324=EDGE_CURVE('',#3072,#3100,#328,.T.);
#2325=EDGE_CURVE('',#3100,#2945,#3591,.T.);
#2326=EDGE_CURVE('',#3041,#2955,#329,.T.);
#2327=EDGE_CURVE('',#2954,#3042,#330,.T.);
#2328=EDGE_CURVE('',#3054,#3101,#3592,.T.);
#2329=EDGE_CURVE('',#3101,#3102,#331,.T.);
#2330=EDGE_CURVE('',#3055,#3102,#3593,.T.);
#2331=EDGE_CURVE('',#3103,#3104,#332,.T.);
#2332=EDGE_CURVE('',#3104,#3105,#3594,.F.);
#2333=EDGE_CURVE('',#3105,#3106,#333,.T.);
#2334=EDGE_CURVE('',#3103,#3106,#3595,.F.);
#2335=EDGE_CURVE('',#3107,#3108,#334,.T.);
#2336=EDGE_CURVE('',#3108,#3109,#3596,.F.);
#2337=EDGE_CURVE('',#3109,#3110,#335,.T.);
#2338=EDGE_CURVE('',#3107,#3110,#3597,.F.);
#2339=EDGE_CURVE('',#3111,#3112,#336,.T.);
#2340=EDGE_CURVE('',#3113,#3112,#3598,.F.);
#2341=EDGE_CURVE('',#3113,#3114,#337,.T.);
#2342=EDGE_CURVE('',#3114,#3111,#3599,.F.);
#2343=EDGE_CURVE('',#3105,#3115,#338,.T.);
#2344=EDGE_CURVE('',#3115,#3116,#339,.F.);
#2345=EDGE_CURVE('',#3106,#3116,#340,.F.);
#2346=EDGE_CURVE('',#3117,#3118,#341,.F.);
#2347=EDGE_CURVE('',#3119,#3118,#342,.F.);
#2348=EDGE_CURVE('',#3120,#3119,#343,.T.);
#2349=EDGE_CURVE('',#3120,#3117,#344,.T.);
#2350=EDGE_CURVE('',#3121,#3122,#345,.F.);
#2351=EDGE_CURVE('',#3112,#3122,#346,.F.);
#2352=EDGE_CURVE('',#3111,#3121,#347,.T.);
#2353=EDGE_CURVE('',#3123,#3124,#348,.T.);
#2354=EDGE_CURVE('',#3124,#3125,#3600,.F.);
#2355=EDGE_CURVE('',#3125,#3126,#349,.T.);
#2356=EDGE_CURVE('',#3123,#3126,#3601,.F.);
#2357=EDGE_CURVE('',#3127,#3128,#350,.T.);
#2358=EDGE_CURVE('',#3128,#3129,#3602,.F.);
#2359=EDGE_CURVE('',#3129,#3130,#351,.T.);
#2360=EDGE_CURVE('',#3127,#3130,#3603,.F.);
#2361=EDGE_CURVE('',#3131,#3132,#352,.T.);
#2362=EDGE_CURVE('',#3133,#3132,#3604,.F.);
#2363=EDGE_CURVE('',#3133,#3134,#353,.T.);
#2364=EDGE_CURVE('',#3134,#3131,#3605,.F.);
#2365=EDGE_CURVE('',#3125,#3135,#354,.T.);
#2366=EDGE_CURVE('',#3135,#3136,#355,.F.);
#2367=EDGE_CURVE('',#3126,#3136,#356,.F.);
#2368=EDGE_CURVE('',#3137,#3138,#357,.F.);
#2369=EDGE_CURVE('',#3139,#3138,#358,.F.);
#2370=EDGE_CURVE('',#3140,#3139,#359,.T.);
#2371=EDGE_CURVE('',#3140,#3137,#360,.T.);
#2372=EDGE_CURVE('',#3141,#3142,#361,.F.);
#2373=EDGE_CURVE('',#3132,#3142,#362,.F.);
#2374=EDGE_CURVE('',#3131,#3141,#363,.T.);
#2375=EDGE_CURVE('',#3143,#3144,#3606,.F.);
#2376=EDGE_CURVE('',#3143,#3145,#364,.T.);
#2377=EDGE_CURVE('',#3145,#3146,#3607,.F.);
#2378=EDGE_CURVE('',#3146,#3144,#365,.T.);
#2379=EDGE_CURVE('',#3147,#3148,#366,.T.);
#2380=EDGE_CURVE('',#3148,#3149,#3608,.F.);
#2381=EDGE_CURVE('',#3149,#3150,#367,.T.);
#2382=EDGE_CURVE('',#3147,#3150,#3609,.F.);
#2383=EDGE_CURVE('',#3151,#3152,#368,.T.);
#2384=EDGE_CURVE('',#3152,#3153,#3610,.F.);
#2385=EDGE_CURVE('',#3153,#3154,#369,.T.);
#2386=EDGE_CURVE('',#3151,#3154,#3611,.F.);
#2387=EDGE_CURVE('',#3155,#3156,#370,.T.);
#2388=EDGE_CURVE('',#3155,#3157,#371,.T.);
#2389=EDGE_CURVE('',#3157,#3158,#372,.F.);
#2390=EDGE_CURVE('',#3156,#3158,#373,.F.);
#2391=EDGE_CURVE('',#3159,#3160,#374,.F.);
#2392=EDGE_CURVE('',#3144,#3160,#375,.F.);
#2393=EDGE_CURVE('',#3146,#3159,#376,.T.);
#2394=EDGE_CURVE('',#3161,#3162,#377,.F.);
#2395=EDGE_CURVE('',#3154,#3162,#378,.F.);
#2396=EDGE_CURVE('',#3153,#3161,#379,.T.);
#2397=EDGE_CURVE('',#3163,#3164,#3612,.F.);
#2398=EDGE_CURVE('',#3163,#3165,#380,.T.);
#2399=EDGE_CURVE('',#3165,#3166,#3613,.F.);
#2400=EDGE_CURVE('',#3166,#3164,#381,.T.);
#2401=EDGE_CURVE('',#3167,#3168,#382,.T.);
#2402=EDGE_CURVE('',#3168,#3169,#3614,.F.);
#2403=EDGE_CURVE('',#3169,#3170,#383,.T.);
#2404=EDGE_CURVE('',#3167,#3170,#3615,.F.);
#2405=EDGE_CURVE('',#3171,#3172,#384,.T.);
#2406=EDGE_CURVE('',#3172,#3173,#3616,.F.);
#2407=EDGE_CURVE('',#3173,#3174,#385,.T.);
#2408=EDGE_CURVE('',#3171,#3174,#3617,.F.);
#2409=EDGE_CURVE('',#3163,#3160,#244,.T.);
#2410=EDGE_CURVE('',#3165,#3159,#245,.T.);
#2411=EDGE_CURVE('',#3168,#3175,#246,.T.);
#2412=EDGE_CURVE('',#3167,#3176,#247,.T.);
#2413=EDGE_CURVE('',#3175,#3176,#386,.F.);
#2414=EDGE_CURVE('',#3172,#3161,#248,.T.);
#2415=EDGE_CURVE('',#3171,#3162,#249,.T.);
#2416=EDGE_CURVE('',#3143,#3138,#250,.T.);
#2417=EDGE_CURVE('',#3145,#3137,#251,.T.);
#2418=EDGE_CURVE('',#3148,#3177,#252,.T.);
#2419=EDGE_CURVE('',#3147,#3178,#253,.T.);
#2420=EDGE_CURVE('',#3177,#3178,#387,.F.);
#2421=EDGE_CURVE('',#3152,#3141,#254,.T.);
#2422=EDGE_CURVE('',#3151,#3142,#255,.T.);
#2423=EDGE_CURVE('',#3124,#3115,#256,.T.);
#2424=EDGE_CURVE('',#3123,#3116,#257,.T.);
#2425=EDGE_CURVE('',#3179,#3118,#258,.T.);
#2426=EDGE_CURVE('',#3180,#3117,#259,.T.);
#2427=EDGE_CURVE('',#3179,#3180,#388,.T.);
#2428=EDGE_CURVE('',#3133,#3122,#260,.T.);
#2429=EDGE_CURVE('',#3134,#3121,#261,.T.);
#2430=EDGE_CURVE('',#3104,#3181,#262,.T.);
#2431=EDGE_CURVE('',#3103,#3182,#263,.T.);
#2432=EDGE_CURVE('',#3181,#3182,#389,.F.);
#2433=EDGE_CURVE('',#3113,#3183,#264,.T.);
#2434=EDGE_CURVE('',#3184,#3183,#390,.F.);
#2435=EDGE_CURVE('',#3114,#3184,#265,.T.);
#2436=EDGE_CURVE('',#3108,#3185,#266,.T.);
#2437=EDGE_CURVE('',#3107,#3186,#267,.T.);
#2438=EDGE_CURVE('',#3185,#3186,#391,.F.);
#2439=EDGE_CURVE('',#3187,#3188,#268,.T.);
#2440=EDGE_CURVE('',#3189,#3188,#392,.F.);
#2441=EDGE_CURVE('',#3190,#3189,#269,.T.);
#2442=EDGE_CURVE('',#3187,#3190,#393,.T.);
#2443=EDGE_CURVE('',#3191,#3191,#394,.T.);
#2444=EDGE_CURVE('',#3188,#3185,#395,.F.);
#2445=EDGE_CURVE('',#3186,#3184,#396,.F.);
#2446=EDGE_CURVE('',#3183,#3181,#397,.F.);
#2447=EDGE_CURVE('',#3182,#3189,#398,.F.);
#2448=EDGE_CURVE('',#3187,#3119,#3618,.F.);
#2449=EDGE_CURVE('',#3190,#3120,#3619,.F.);
#2450=EDGE_CURVE('',#3109,#3192,#399,.T.);
#2451=EDGE_CURVE('',#3192,#3193,#400,.F.);
#2452=EDGE_CURVE('',#3110,#3193,#401,.F.);
#2453=EDGE_CURVE('',#3179,#3139,#3620,.F.);
#2454=EDGE_CURVE('',#3180,#3140,#3621,.F.);
#2455=EDGE_CURVE('',#3129,#3177,#402,.T.);
#2456=EDGE_CURVE('',#3130,#3178,#403,.F.);
#2457=EDGE_CURVE('',#3194,#3195,#404,.T.);
#2458=EDGE_CURVE('',#3195,#3155,#3622,.F.);
#2459=EDGE_CURVE('',#3194,#3156,#3623,.F.);
#2460=EDGE_CURVE('',#3149,#3175,#405,.T.);
#2461=EDGE_CURVE('',#3150,#3176,#406,.F.);
#2462=EDGE_CURVE('',#3196,#3197,#407,.T.);
#2463=EDGE_CURVE('',#3197,#3198,#3624,.F.);
#2464=EDGE_CURVE('',#3198,#3199,#408,.T.);
#2465=EDGE_CURVE('',#3196,#3199,#3625,.F.);
#2466=EDGE_CURVE('',#3200,#3200,#409,.F.);
#2467=EDGE_CURVE('',#3169,#3164,#410,.T.);
#2468=EDGE_CURVE('',#3166,#3199,#411,.T.);
#2469=EDGE_CURVE('',#3198,#3174,#412,.T.);
#2470=EDGE_CURVE('',#3173,#3170,#413,.T.);
#2471=EDGE_CURVE('',#3197,#3157,#270,.T.);
#2472=EDGE_CURVE('',#3196,#3158,#271,.T.);
#2473=EDGE_CURVE('',#3195,#3135,#272,.T.);
#2474=EDGE_CURVE('',#3194,#3136,#273,.T.);
#2475=EDGE_CURVE('',#3128,#3192,#274,.T.);
#2476=EDGE_CURVE('',#3127,#3193,#275,.T.);
#2477=EDGE_CURVE('',#3201,#3202,#414,.F.);
#2478=EDGE_CURVE('',#3201,#3203,#3626,.T.);
#2479=EDGE_CURVE('',#3204,#3203,#415,.T.);
#2480=EDGE_CURVE('',#3202,#3204,#3627,.T.);
#2481=EDGE_CURVE('',#3205,#3205,#416,.T.);
#2482=EDGE_CURVE('',#3206,#3206,#417,.T.);
#2483=EDGE_CURVE('',#3207,#3207,#418,.T.);
#2484=EDGE_CURVE('',#3208,#3208,#419,.F.);
#2485=EDGE_CURVE('',#3209,#3209,#420,.T.);
#2486=EDGE_CURVE('',#2955,#3041,#421,.T.);
#2487=EDGE_CURVE('',#3210,#3182,#3628,.T.);
#2488=EDGE_CURVE('',#3211,#3189,#3629,.T.);
#2489=EDGE_CURVE('',#3212,#3211,#422,.T.);
#2490=EDGE_CURVE('',#3213,#3212,#3630,.T.);
#2491=EDGE_CURVE('',#3214,#3213,#423,.T.);
#2492=EDGE_CURVE('',#3215,#3214,#3631,.T.);
#2493=EDGE_CURVE('',#3216,#3215,#424,.T.);
#2494=EDGE_CURVE('',#3217,#3216,#3632,.T.);
#2495=EDGE_CURVE('',#3218,#3217,#425,.T.);
#2496=EDGE_CURVE('',#3219,#3218,#3633,.T.);
#2497=EDGE_CURVE('',#3220,#3219,#426,.T.);
#2498=EDGE_CURVE('',#3220,#3221,#3634,.T.);
#2499=EDGE_CURVE('',#3221,#3222,#427,.T.);
#2500=EDGE_CURVE('',#3222,#3223,#3635,.T.);
#2501=EDGE_CURVE('',#3223,#3224,#428,.T.);
#2502=EDGE_CURVE('',#3224,#3225,#3636,.T.);
#2503=EDGE_CURVE('',#3225,#3226,#429,.T.);
#2504=EDGE_CURVE('',#3226,#3227,#3637,.T.);
#2505=EDGE_CURVE('',#3227,#3210,#430,.T.);
#2506=EDGE_CURVE('',#3218,#3228,#3638,.T.);
#2507=EDGE_CURVE('',#3229,#3228,#3639,.T.);
#2508=EDGE_CURVE('',#3219,#3229,#3640,.T.);
#2509=EDGE_CURVE('',#3230,#3210,#431,.F.);
#2510=EDGE_CURVE('',#3231,#3230,#3641,.T.);
#2511=EDGE_CURVE('',#3232,#3231,#432,.F.);
#2512=EDGE_CURVE('',#3233,#3232,#3642,.T.);
#2513=EDGE_CURVE('',#3234,#3233,#433,.F.);
#2514=EDGE_CURVE('',#3235,#3234,#3643,.T.);
#2515=EDGE_CURVE('',#3236,#3235,#434,.F.);
#2516=EDGE_CURVE('',#3237,#3236,#3644,.T.);
#2517=EDGE_CURVE('',#3237,#3229,#435,.F.);
#2518=EDGE_CURVE('',#3228,#3238,#436,.F.);
#2519=EDGE_CURVE('',#3238,#3239,#3645,.T.);
#2520=EDGE_CURVE('',#3239,#3240,#437,.F.);
#2521=EDGE_CURVE('',#3240,#3241,#3646,.T.);
#2522=EDGE_CURVE('',#3241,#3242,#438,.F.);
#2523=EDGE_CURVE('',#3242,#3243,#3647,.T.);
#2524=EDGE_CURVE('',#3243,#3211,#439,.F.);
#2525=EDGE_CURVE('',#3220,#3237,#3648,.T.);
#2526=EDGE_CURVE('',#3216,#3239,#3649,.T.);
#2527=EDGE_CURVE('',#3217,#3238,#3650,.T.);
#2528=EDGE_CURVE('',#3214,#3241,#3651,.T.);
#2529=EDGE_CURVE('',#3215,#3240,#3652,.T.);
#2530=EDGE_CURVE('',#3243,#3212,#3653,.T.);
#2531=EDGE_CURVE('',#3242,#3213,#3654,.T.);
#2532=EDGE_CURVE('',#3221,#3236,#3655,.T.);
#2533=EDGE_CURVE('',#3223,#3234,#3656,.T.);
#2534=EDGE_CURVE('',#3222,#3235,#3657,.T.);
#2535=EDGE_CURVE('',#3225,#3232,#3658,.T.);
#2536=EDGE_CURVE('',#3224,#3233,#3659,.T.);
#2537=EDGE_CURVE('',#3230,#3227,#3660,.T.);
#2538=EDGE_CURVE('',#3231,#3226,#3661,.T.);
#2539=EDGE_CURVE('',#3244,#3245,#440,.F.);
#2540=EDGE_CURVE('',#3246,#3245,#441,.T.);
#2541=EDGE_CURVE('',#3244,#3246,#3662,.T.);
#2542=EDGE_CURVE('',#3247,#3244,#3663,.T.);
#2543=EDGE_CURVE('',#3248,#3246,#3664,.T.);
#2544=EDGE_CURVE('',#3247,#3248,#3665,.T.);
#2545=EDGE_CURVE('',#3249,#3250,#3666,.T.);
#2546=EDGE_CURVE('',#3250,#3247,#442,.F.);
#2547=EDGE_CURVE('',#3249,#3248,#443,.T.);
#2548=EDGE_CURVE('',#3251,#3249,#3667,.T.);
#2549=EDGE_CURVE('',#3251,#3252,#3668,.T.);
#2550=EDGE_CURVE('',#3252,#3250,#3669,.T.);
#2551=EDGE_CURVE('',#3253,#3254,#3670,.T.);
#2552=EDGE_CURVE('',#3254,#3252,#444,.F.);
#2553=EDGE_CURVE('',#3253,#3251,#445,.T.);
#2554=EDGE_CURVE('',#3255,#3253,#3671,.T.);
#2555=EDGE_CURVE('',#3255,#3256,#3672,.T.);
#2556=EDGE_CURVE('',#3256,#3254,#3673,.T.);
#2557=EDGE_CURVE('',#3257,#3255,#446,.T.);
#2558=EDGE_CURVE('',#3257,#3258,#3674,.T.);
#2559=EDGE_CURVE('',#3258,#3256,#447,.F.);
#2560=EDGE_CURVE('',#3259,#3257,#3675,.T.);
#2561=EDGE_CURVE('',#3259,#3260,#3676,.T.);
#2562=EDGE_CURVE('',#3260,#3258,#3677,.T.);
#2563=EDGE_CURVE('',#3260,#3261,#448,.F.);
#2564=EDGE_CURVE('',#3259,#3262,#449,.T.);
#2565=EDGE_CURVE('',#3262,#3261,#3678,.T.);
#2566=EDGE_CURVE('',#3262,#3263,#3679,.T.);
#2567=EDGE_CURVE('',#3263,#3264,#3680,.T.);
#2568=EDGE_CURVE('',#3261,#3264,#3681,.T.);
#2569=EDGE_CURVE('',#3263,#3265,#450,.T.);
#2570=EDGE_CURVE('',#3265,#3266,#3682,.T.);
#2571=EDGE_CURVE('',#3264,#3266,#451,.F.);
#2572=EDGE_CURVE('',#3265,#3267,#3683,.T.);
#2573=EDGE_CURVE('',#3267,#3268,#3684,.T.);
#2574=EDGE_CURVE('',#3266,#3268,#3685,.T.);
#2575=EDGE_CURVE('',#3267,#3269,#452,.T.);
#2576=EDGE_CURVE('',#3269,#3270,#3686,.T.);
#2577=EDGE_CURVE('',#3268,#3270,#453,.F.);
#2578=EDGE_CURVE('',#3269,#3271,#3687,.T.);
#2579=EDGE_CURVE('',#3271,#3272,#3688,.T.);
#2580=EDGE_CURVE('',#3270,#3272,#3689,.T.);
#2581=EDGE_CURVE('',#3271,#3273,#454,.T.);
#2582=EDGE_CURVE('',#3274,#3273,#3690,.T.);
#2583=EDGE_CURVE('',#3272,#3274,#455,.F.);
#2584=EDGE_CURVE('',#3275,#3276,#3691,.T.);
#2585=EDGE_CURVE('',#3274,#3275,#3692,.T.);
#2586=EDGE_CURVE('',#3273,#3276,#3693,.T.);
#2587=EDGE_CURVE('',#3275,#3277,#456,.F.);
#2588=EDGE_CURVE('',#3276,#3277,#457,.T.);
#2589=EDGE_CURVE('',#3245,#3186,#3694,.T.);
#2590=EDGE_CURVE('',#3277,#3184,#3695,.T.);
#2591=EDGE_CURVE('',#3278,#3279,#458,.F.);
#2592=EDGE_CURVE('',#3280,#3279,#459,.T.);
#2593=EDGE_CURVE('',#3278,#3280,#3696,.T.);
#2594=EDGE_CURVE('',#3281,#3278,#3697,.T.);
#2595=EDGE_CURVE('',#3282,#3280,#3698,.T.);
#2596=EDGE_CURVE('',#3281,#3282,#3699,.T.);
#2597=EDGE_CURVE('',#3283,#3284,#3700,.T.);
#2598=EDGE_CURVE('',#3284,#3281,#460,.F.);
#2599=EDGE_CURVE('',#3283,#3282,#461,.T.);
#2600=EDGE_CURVE('',#3285,#3283,#3701,.T.);
#2601=EDGE_CURVE('',#3285,#3286,#3702,.T.);
#2602=EDGE_CURVE('',#3286,#3284,#3703,.T.);
#2603=EDGE_CURVE('',#3287,#3288,#3704,.T.);
#2604=EDGE_CURVE('',#3288,#3286,#462,.F.);
#2605=EDGE_CURVE('',#3287,#3285,#463,.T.);
#2606=EDGE_CURVE('',#3289,#3287,#3705,.T.);
#2607=EDGE_CURVE('',#3289,#3290,#3706,.T.);
#2608=EDGE_CURVE('',#3290,#3288,#3707,.T.);
#2609=EDGE_CURVE('',#3291,#3289,#464,.T.);
#2610=EDGE_CURVE('',#3291,#3292,#3708,.T.);
#2611=EDGE_CURVE('',#3292,#3290,#465,.F.);
#2612=EDGE_CURVE('',#3293,#3291,#3709,.T.);
#2613=EDGE_CURVE('',#3293,#3294,#3710,.T.);
#2614=EDGE_CURVE('',#3294,#3292,#3711,.T.);
#2615=EDGE_CURVE('',#3294,#3295,#466,.F.);
#2616=EDGE_CURVE('',#3293,#3296,#467,.T.);
#2617=EDGE_CURVE('',#3296,#3295,#3712,.T.);
#2618=EDGE_CURVE('',#3296,#3297,#3713,.T.);
#2619=EDGE_CURVE('',#3297,#3298,#3714,.T.);
#2620=EDGE_CURVE('',#3295,#3298,#3715,.T.);
#2621=EDGE_CURVE('',#3297,#3299,#468,.T.);
#2622=EDGE_CURVE('',#3299,#3300,#3716,.T.);
#2623=EDGE_CURVE('',#3298,#3300,#469,.F.);
#2624=EDGE_CURVE('',#3299,#3301,#3717,.T.);
#2625=EDGE_CURVE('',#3301,#3302,#3718,.T.);
#2626=EDGE_CURVE('',#3300,#3302,#3719,.T.);
#2627=EDGE_CURVE('',#3301,#3303,#470,.T.);
#2628=EDGE_CURVE('',#3303,#3304,#3720,.T.);
#2629=EDGE_CURVE('',#3302,#3304,#471,.F.);
#2630=EDGE_CURVE('',#3303,#3305,#3721,.T.);
#2631=EDGE_CURVE('',#3305,#3306,#3722,.T.);
#2632=EDGE_CURVE('',#3304,#3306,#3723,.T.);
#2633=EDGE_CURVE('',#3305,#3307,#472,.T.);
#2634=EDGE_CURVE('',#3308,#3307,#3724,.T.);
#2635=EDGE_CURVE('',#3306,#3308,#473,.F.);
#2636=EDGE_CURVE('',#3309,#3310,#3725,.T.);
#2637=EDGE_CURVE('',#3308,#3309,#3726,.T.);
#2638=EDGE_CURVE('',#3307,#3310,#3727,.T.);
#2639=EDGE_CURVE('',#3309,#3311,#474,.F.);
#2640=EDGE_CURVE('',#3310,#3311,#475,.T.);
#2641=EDGE_CURVE('',#3279,#3188,#3728,.T.);
#2642=EDGE_CURVE('',#3311,#3185,#3729,.T.);
#2643=EDGE_CURVE('',#3312,#3183,#3730,.T.);
#2644=EDGE_CURVE('',#3313,#3181,#3731,.T.);
#2645=EDGE_CURVE('',#3314,#3313,#476,.T.);
#2646=EDGE_CURVE('',#3315,#3314,#3732,.T.);
#2647=EDGE_CURVE('',#3316,#3315,#477,.T.);
#2648=EDGE_CURVE('',#3317,#3316,#3733,.T.);
#2649=EDGE_CURVE('',#3318,#3317,#478,.T.);
#2650=EDGE_CURVE('',#3319,#3318,#3734,.T.);
#2651=EDGE_CURVE('',#3320,#3319,#479,.T.);
#2652=EDGE_CURVE('',#3321,#3320,#3735,.T.);
#2653=EDGE_CURVE('',#3322,#3321,#480,.T.);
#2654=EDGE_CURVE('',#3322,#3323,#3736,.T.);
#2655=EDGE_CURVE('',#3323,#3324,#481,.T.);
#2656=EDGE_CURVE('',#3324,#3325,#3737,.T.);
#2657=EDGE_CURVE('',#3325,#3326,#482,.T.);
#2658=EDGE_CURVE('',#3326,#3327,#3738,.T.);
#2659=EDGE_CURVE('',#3327,#3328,#483,.T.);
#2660=EDGE_CURVE('',#3328,#3329,#3739,.T.);
#2661=EDGE_CURVE('',#3329,#3312,#484,.T.);
#2662=EDGE_CURVE('',#3320,#3330,#3740,.T.);
#2663=EDGE_CURVE('',#3331,#3330,#3741,.T.);
#2664=EDGE_CURVE('',#3321,#3331,#3742,.T.);
#2665=EDGE_CURVE('',#3332,#3312,#485,.F.);
#2666=EDGE_CURVE('',#3333,#3332,#3743,.T.);
#2667=EDGE_CURVE('',#3334,#3333,#486,.F.);
#2668=EDGE_CURVE('',#3335,#3334,#3744,.T.);
#2669=EDGE_CURVE('',#3336,#3335,#487,.F.);
#2670=EDGE_CURVE('',#3337,#3336,#3745,.T.);
#2671=EDGE_CURVE('',#3338,#3337,#488,.F.);
#2672=EDGE_CURVE('',#3339,#3338,#3746,.T.);
#2673=EDGE_CURVE('',#3339,#3331,#489,.F.);
#2674=EDGE_CURVE('',#3330,#3340,#490,.F.);
#2675=EDGE_CURVE('',#3340,#3341,#3747,.T.);
#2676=EDGE_CURVE('',#3341,#3342,#491,.F.);
#2677=EDGE_CURVE('',#3342,#3343,#3748,.T.);
#2678=EDGE_CURVE('',#3343,#3344,#492,.F.);
#2679=EDGE_CURVE('',#3344,#3345,#3749,.T.);
#2680=EDGE_CURVE('',#3345,#3313,#493,.F.);
#2681=EDGE_CURVE('',#3322,#3339,#3750,.T.);
#2682=EDGE_CURVE('',#3318,#3341,#3751,.T.);
#2683=EDGE_CURVE('',#3319,#3340,#3752,.T.);
#2684=EDGE_CURVE('',#3316,#3343,#3753,.T.);
#2685=EDGE_CURVE('',#3317,#3342,#3754,.T.);
#2686=EDGE_CURVE('',#3345,#3314,#3755,.T.);
#2687=EDGE_CURVE('',#3344,#3315,#3756,.T.);
#2688=EDGE_CURVE('',#3323,#3338,#3757,.T.);
#2689=EDGE_CURVE('',#3325,#3336,#3758,.T.);
#2690=EDGE_CURVE('',#3324,#3337,#3759,.T.);
#2691=EDGE_CURVE('',#3327,#3334,#3760,.T.);
#2692=EDGE_CURVE('',#3326,#3335,#3761,.T.);
#2693=EDGE_CURVE('',#3332,#3329,#3762,.T.);
#2694=EDGE_CURVE('',#3333,#3328,#3763,.T.);
#2695=EDGE_CURVE('',#3346,#3203,#3764,.T.);
#2696=EDGE_CURVE('',#3347,#3346,#3765,.T.);
#2697=EDGE_CURVE('',#3348,#3347,#3766,.T.);
#2698=EDGE_CURVE('',#3348,#2988,#494,.T.);
#2699=EDGE_CURVE('',#3349,#2987,#3767,.T.);
#2700=EDGE_CURVE('',#3349,#2937,#495,.T.);
#2701=EDGE_CURVE('',#3350,#2949,#3768,.T.);
#2702=EDGE_CURVE('',#3350,#3351,#496,.T.);
#2703=EDGE_CURVE('',#3073,#3351,#3769,.T.);
#2704=EDGE_CURVE('',#3352,#3059,#3770,.T.);
#2705=EDGE_CURVE('',#3352,#3353,#497,.T.);
#2706=EDGE_CURVE('',#3353,#3050,#3771,.T.);
#2707=EDGE_CURVE('',#3049,#3354,#498,.T.);
#2708=EDGE_CURVE('',#3354,#3039,#3772,.T.);
#2709=EDGE_CURVE('',#3355,#2953,#3773,.T.);
#2710=EDGE_CURVE('',#3025,#3355,#499,.T.);
#2711=EDGE_CURVE('',#3356,#3032,#3774,.T.);
#2712=EDGE_CURVE('',#3021,#3356,#500,.T.);
#2713=EDGE_CURVE('',#3023,#2963,#501,.T.);
#2714=EDGE_CURVE('',#2962,#3357,#3775,.T.);
#2715=EDGE_CURVE('',#3357,#3358,#502,.T.);
#2716=EDGE_CURVE('',#3358,#3359,#3776,.T.);
#2717=EDGE_CURVE('',#3359,#3360,#3777,.T.);
#2718=EDGE_CURVE('',#3360,#3361,#503,.T.);
#2719=EDGE_CURVE('',#3361,#2984,#3778,.T.);
#2720=EDGE_CURVE('',#2983,#3362,#504,.T.);
#2721=EDGE_CURVE('',#3362,#3363,#3779,.T.);
#2722=EDGE_CURVE('',#3364,#3363,#3780,.T.);
#2723=EDGE_CURVE('',#3364,#3204,#3781,.T.);
#2724=EDGE_CURVE('',#3365,#3353,#3782,.T.);
#2725=EDGE_CURVE('',#3365,#3051,#3783,.T.);
#2726=EDGE_CURVE('',#3048,#3366,#505,.F.);
#2727=EDGE_CURVE('',#3366,#3354,#3784,.T.);
#2728=EDGE_CURVE('',#3366,#3038,#3785,.T.);
#2729=EDGE_CURVE('',#3367,#3367,#506,.T.);
#2730=EDGE_CURVE('',#3368,#3368,#507,.T.);
#2731=EDGE_CURVE('',#3369,#3370,#3786,.T.);
#2732=EDGE_CURVE('',#3370,#3364,#3787,.T.);
#2733=EDGE_CURVE('',#3363,#3371,#3788,.T.);
#2734=EDGE_CURVE('',#3371,#3372,#3789,.T.);
#2735=EDGE_CURVE('',#3347,#3372,#3790,.T.);
#2736=EDGE_CURVE('',#3369,#3346,#3791,.T.);
#2737=EDGE_CURVE('',#3058,#3373,#3792,.F.);
#2738=EDGE_CURVE('',#3373,#3352,#3793,.T.);
#2739=EDGE_CURVE('',#3373,#3365,#508,.F.);
#2740=EDGE_CURVE('',#3374,#3375,#3794,.T.);
#2741=EDGE_CURVE('',#3096,#3374,#3795,.T.);
#2742=EDGE_CURVE('',#3097,#3375,#3796,.T.);
#2743=EDGE_CURVE('',#3376,#3374,#3797,.T.);
#2744=EDGE_CURVE('',#3098,#3376,#3798,.T.);
#2745=EDGE_CURVE('',#3377,#3376,#509,.T.);
#2746=EDGE_CURVE('',#3099,#3377,#3799,.T.);
#2747=EDGE_CURVE('',#3378,#3379,#3800,.T.);
#2748=EDGE_CURVE('',#3093,#3379,#3801,.T.);
#2749=EDGE_CURVE('',#3092,#3378,#3802,.T.);
#2750=EDGE_CURVE('',#3379,#3380,#3803,.T.);
#2751=EDGE_CURVE('',#3094,#3380,#3804,.T.);
#2752=EDGE_CURVE('',#3380,#3381,#3805,.T.);
#2753=EDGE_CURVE('',#3095,#3381,#3806,.T.);
#2754=EDGE_CURVE('',#3382,#3383,#3807,.T.);
#2755=EDGE_CURVE('',#3089,#3383,#3808,.T.);
#2756=EDGE_CURVE('',#3088,#3382,#3809,.T.);
#2757=EDGE_CURVE('',#3383,#3384,#3810,.T.);
#2758=EDGE_CURVE('',#3090,#3384,#3811,.T.);
#2759=EDGE_CURVE('',#3384,#3385,#3812,.T.);
#2760=EDGE_CURVE('',#3091,#3385,#3813,.T.);
#2761=EDGE_CURVE('',#3386,#3387,#3814,.T.);
#2762=EDGE_CURVE('',#3085,#3387,#3815,.T.);
#2763=EDGE_CURVE('',#3084,#3386,#3816,.T.);
#2764=EDGE_CURVE('',#3387,#3388,#3817,.T.);
#2765=EDGE_CURVE('',#3086,#3388,#3818,.T.);
#2766=EDGE_CURVE('',#3388,#3389,#3819,.T.);
#2767=EDGE_CURVE('',#3087,#3389,#3820,.T.);
#2768=EDGE_CURVE('',#3390,#3391,#3821,.T.);
#2769=EDGE_CURVE('',#3081,#3391,#3822,.T.);
#2770=EDGE_CURVE('',#3080,#3390,#3823,.T.);
#2771=EDGE_CURVE('',#3391,#3392,#3824,.T.);
#2772=EDGE_CURVE('',#3082,#3392,#3825,.T.);
#2773=EDGE_CURVE('',#3392,#3393,#3826,.T.);
#2774=EDGE_CURVE('',#3083,#3393,#3827,.T.);
#2775=EDGE_CURVE('',#3394,#3395,#3828,.T.);
#2776=EDGE_CURVE('',#3076,#3394,#3829,.T.);
#2777=EDGE_CURVE('',#3077,#3395,#3830,.T.);
#2778=EDGE_CURVE('',#3394,#3396,#3831,.T.);
#2779=EDGE_CURVE('',#3078,#3396,#3832,.T.);
#2780=EDGE_CURVE('',#3396,#3397,#3833,.T.);
#2781=EDGE_CURVE('',#3079,#3397,#3834,.T.);
#2782=EDGE_CURVE('',#3378,#3381,#510,.T.);
#2783=EDGE_CURVE('',#3382,#3385,#511,.T.);
#2784=EDGE_CURVE('',#3386,#3389,#512,.T.);
#2785=EDGE_CURVE('',#3393,#3390,#3835,.T.);
#2786=EDGE_CURVE('',#3397,#3395,#3836,.T.);
#2787=EDGE_CURVE('',#3375,#3377,#3837,.T.);
#2788=EDGE_CURVE('',#2979,#2968,#276,.T.);
#2789=EDGE_CURVE('',#3040,#3064,#277,.T.);
#2790=EDGE_CURVE('',#3063,#3071,#278,.T.);
#2791=EDGE_CURVE('',#3070,#2965,#279,.T.);
#2792=EDGE_CURVE('',#2964,#2980,#280,.T.);
#2793=EDGE_CURVE('',#3398,#3371,#3838,.T.);
#2794=EDGE_CURVE('',#3398,#3399,#3839,.T.);
#2795=EDGE_CURVE('',#3399,#3372,#3840,.T.);
#2796=EDGE_CURVE('',#3399,#3348,#3841,.F.);
#2797=EDGE_CURVE('',#3400,#2985,#3842,.T.);
#2798=EDGE_CURVE('',#3400,#3401,#3843,.T.);
#2799=EDGE_CURVE('',#3401,#2986,#3844,.T.);
#2800=EDGE_CURVE('',#3401,#3349,#3845,.F.);
#2801=EDGE_CURVE('',#2978,#2966,#513,.F.);
#2802=EDGE_CURVE('',#2966,#3402,#3846,.F.);
#2803=EDGE_CURVE('',#3402,#3360,#3847,.F.);
#2804=EDGE_CURVE('',#3359,#3403,#3848,.T.);
#2805=EDGE_CURVE('',#2959,#3403,#3849,.T.);
#2806=EDGE_CURVE('',#2958,#3015,#514,.T.);
#2807=EDGE_CURVE('',#2969,#2977,#515,.T.);
#2808=EDGE_CURVE('',#3404,#2948,#3850,.T.);
#2809=EDGE_CURVE('',#3404,#3350,#3851,.F.);
#2810=EDGE_CURVE('',#3075,#3404,#3852,.T.);
#2811=EDGE_CURVE('',#3351,#3405,#3853,.T.);
#2812=EDGE_CURVE('',#3405,#3074,#3854,.F.);
#2813=EDGE_CURVE('',#3406,#3102,#3855,.T.);
#2814=EDGE_CURVE('',#3056,#3406,#3856,.T.);
#2815=EDGE_CURVE('',#3407,#3101,#3857,.T.);
#2816=EDGE_CURVE('',#3407,#3406,#516,.T.);
#2817=EDGE_CURVE('',#3053,#3407,#3858,.T.);
#2818=EDGE_CURVE('',#3052,#3408,#3859,.F.);
#2819=EDGE_CURVE('',#3408,#3409,#517,.T.);
#2820=EDGE_CURVE('',#3409,#3057,#3860,.T.);
#2821=EDGE_CURVE('',#3033,#3062,#518,.F.);
#2822=EDGE_CURVE('',#3069,#3035,#3861,.T.);
#2823=EDGE_CURVE('',#3068,#3036,#3862,.T.);
#2824=EDGE_CURVE('',#3031,#3410,#3863,.F.);
#2825=EDGE_CURVE('',#3410,#3356,#3864,.T.);
#2826=EDGE_CURVE('',#3410,#3020,#519,.F.);
#2827=EDGE_CURVE('',#2952,#3411,#3865,.F.);
#2828=EDGE_CURVE('',#3411,#3355,#3866,.T.);
#2829=EDGE_CURVE('',#3411,#3024,#520,.F.);
#2830=EDGE_CURVE('',#3412,#3027,#521,.F.);
#2831=EDGE_CURVE('',#3412,#3413,#3867,.T.);
#2832=EDGE_CURVE('',#3414,#3413,#522,.T.);
#2833=EDGE_CURVE('',#3028,#3414,#3868,.T.);
#2834=EDGE_CURVE('',#3022,#3415,#281,.T.);
#2835=EDGE_CURVE('',#3415,#3416,#523,.T.);
#2836=EDGE_CURVE('',#3416,#3412,#3869,.T.);
#2837=EDGE_CURVE('',#3026,#2975,#282,.T.);
#2838=EDGE_CURVE('',#2974,#3417,#3870,.T.);
#2839=EDGE_CURVE('',#3417,#2957,#524,.T.);
#2840=EDGE_CURVE('',#3417,#2957,#525,.T.);
#2841=EDGE_CURVE('',#3418,#3419,#3871,.T.);
#2842=EDGE_CURVE('',#3012,#3419,#3872,.T.);
#2843=EDGE_CURVE('',#3011,#3418,#3873,.T.);
#2844=EDGE_CURVE('',#3419,#3420,#3874,.T.);
#2845=EDGE_CURVE('',#3013,#3420,#3875,.T.);
#2846=EDGE_CURVE('',#3420,#3421,#526,.T.);
#2847=EDGE_CURVE('',#3014,#3421,#3876,.T.);
#2848=EDGE_CURVE('',#3422,#3423,#3877,.T.);
#2849=EDGE_CURVE('',#3007,#3422,#3878,.T.);
#2850=EDGE_CURVE('',#3008,#3423,#3879,.T.);
#2851=EDGE_CURVE('',#3422,#3424,#527,.T.);
#2852=EDGE_CURVE('',#3009,#3424,#3880,.T.);
#2853=EDGE_CURVE('',#3425,#3424,#3881,.T.);
#2854=EDGE_CURVE('',#3010,#3425,#3882,.T.);
#2855=EDGE_CURVE('',#3426,#3427,#3883,.T.);
#2856=EDGE_CURVE('',#3003,#3426,#3884,.T.);
#2857=EDGE_CURVE('',#3004,#3427,#3885,.T.);
#2858=EDGE_CURVE('',#3426,#3428,#528,.T.);
#2859=EDGE_CURVE('',#3005,#3428,#3886,.T.);
#2860=EDGE_CURVE('',#3429,#3428,#3887,.T.);
#2861=EDGE_CURVE('',#3006,#3429,#3888,.T.);
#2862=EDGE_CURVE('',#3430,#3431,#3889,.T.);
#2863=EDGE_CURVE('',#2999,#3430,#3890,.T.);
#2864=EDGE_CURVE('',#3000,#3431,#3891,.T.);
#2865=EDGE_CURVE('',#3430,#3432,#529,.T.);
#2866=EDGE_CURVE('',#3001,#3432,#3892,.T.);
#2867=EDGE_CURVE('',#3433,#3432,#3893,.T.);
#2868=EDGE_CURVE('',#3002,#3433,#3894,.T.);
#2869=EDGE_CURVE('',#3434,#3435,#3895,.T.);
#2870=EDGE_CURVE('',#2995,#3434,#3896,.T.);
#2871=EDGE_CURVE('',#2996,#3435,#3897,.T.);
#2872=EDGE_CURVE('',#3436,#3434,#3898,.T.);
#2873=EDGE_CURVE('',#2997,#3436,#3899,.T.);
#2874=EDGE_CURVE('',#3437,#3436,#3900,.T.);
#2875=EDGE_CURVE('',#2998,#3437,#3901,.T.);
#2876=EDGE_CURVE('',#3438,#3439,#3902,.T.);
#2877=EDGE_CURVE('',#2992,#3439,#3903,.T.);
#2878=EDGE_CURVE('',#2991,#3438,#3904,.T.);
#2879=EDGE_CURVE('',#3440,#3439,#3905,.T.);
#2880=EDGE_CURVE('',#2993,#3440,#3906,.T.);
#2881=EDGE_CURVE('',#3441,#3440,#3907,.T.);
#2882=EDGE_CURVE('',#2994,#3441,#3908,.T.);
#2883=EDGE_CURVE('',#2974,#2956,#530,.F.);
#2884=EDGE_CURVE('',#3423,#3425,#3909,.T.);
#2885=EDGE_CURVE('',#3427,#3429,#3910,.T.);
#2886=EDGE_CURVE('',#3431,#3433,#3911,.T.);
#2887=EDGE_CURVE('',#3435,#3437,#3912,.T.);
#2888=EDGE_CURVE('',#3438,#3441,#3913,.T.);
#2889=EDGE_CURVE('',#3421,#3418,#3914,.T.);
#2890=EDGE_CURVE('',#3362,#3398,#3915,.T.);
#2891=EDGE_CURVE('',#3361,#3400,#3916,.T.);
#2892=EDGE_CURVE('',#3358,#3442,#3917,.T.);
#2893=EDGE_CURVE('',#3442,#3403,#3918,.T.);
#2894=EDGE_CURVE('',#3442,#2960,#3919,.F.);
#2895=EDGE_CURVE('',#2961,#3443,#3920,.T.);
#2896=EDGE_CURVE('',#3443,#3357,#3921,.F.);
#2897=EDGE_CURVE('',#3444,#3414,#3922,.T.);
#2898=EDGE_CURVE('',#3029,#3444,#3923,.T.);
#2899=EDGE_CURVE('',#3445,#3413,#3924,.T.);
#2900=EDGE_CURVE('',#3444,#3445,#531,.T.);
#2901=EDGE_CURVE('',#3416,#3445,#3925,.T.);
#2902=EDGE_CURVE('',#3446,#3447,#532,.T.);
#2903=EDGE_CURVE('',#3447,#3030,#3926,.T.);
#2904=EDGE_CURVE('',#3415,#3446,#3927,.F.);
#2905=EDGE_CURVE('',#2971,#3017,#533,.F.);
#2906=EDGE_CURVE('',#2972,#3018,#3928,.T.);
#2907=EDGE_CURVE('',#2973,#3019,#3929,.T.);
#2908=EDGE_CURVE('',#3446,#3020,#534,.T.);
#2909=EDGE_CURVE('',#3447,#3410,#535,.T.);
#2910=EDGE_CURVE('',#3411,#2967,#536,.T.);
#2911=EDGE_CURVE('',#3024,#2976,#537,.T.);
#2912=EDGE_CURVE('',#3373,#3409,#538,.T.);
#2913=EDGE_CURVE('',#3365,#3408,#539,.T.);
#2914=EDGE_CURVE('',#3048,#3067,#540,.T.);
#2915=EDGE_CURVE('',#3366,#3066,#541,.T.);
#2916=EDGE_CURVE('',#3065,#3038,#12,.F.);
#2917=EDGE_CURVE('',#3404,#3405,#13,.F.);
#2918=EDGE_CURVE('',#3443,#3442,#14,.T.);
#2919=EDGE_CURVE('',#3400,#3402,#15,.F.);
#2920=EDGE_CURVE('',#2938,#3401,#16,.T.);
#2921=EDGE_CURVE('',#2981,#3399,#17,.T.);
#2922=EDGE_CURVE('',#2982,#3398,#18,.T.);
#2923=EDGE_CURVE('',#3016,#2956,#283,.F.);
#2924=EDGE_CURVE('',#3100,#2929,#284,.F.);
#2925=EDGE_CURVE('',#3370,#3202,#3930,.T.);
#2926=EDGE_CURVE('',#3369,#3201,#3931,.T.);
#2927=EDGE_CURVE('',#3448,#3448,#542,.T.);
#2928=EDGE_CURVE('',#3449,#3449,#543,.T.);
#2929=VERTEX_POINT('',#7636);
#2930=VERTEX_POINT('',#7637);
#2931=VERTEX_POINT('',#7639);
#2932=VERTEX_POINT('',#7641);
#2933=VERTEX_POINT('',#7648);
#2934=VERTEX_POINT('',#7649);
#2935=VERTEX_POINT('',#7651);
#2936=VERTEX_POINT('',#7653);
#2937=VERTEX_POINT('',#7657);
#2938=VERTEX_POINT('',#7658);
#2939=VERTEX_POINT('',#7660);
#2940=VERTEX_POINT('',#7662);
#2941=VERTEX_POINT('',#7664);
#2942=VERTEX_POINT('',#7666);
#2943=VERTEX_POINT('',#7668);
#2944=VERTEX_POINT('',#7670);
#2945=VERTEX_POINT('',#7672);
#2946=VERTEX_POINT('',#7674);
#2947=VERTEX_POINT('',#7676);
#2948=VERTEX_POINT('',#7678);
#2949=VERTEX_POINT('',#7680);
#2950=VERTEX_POINT('',#7684);
#2951=VERTEX_POINT('',#7685);
#2952=VERTEX_POINT('',#7687);
#2953=VERTEX_POINT('',#7689);
#2954=VERTEX_POINT('',#7691);
#2955=VERTEX_POINT('',#7693);
#2956=VERTEX_POINT('',#7697);
#2957=VERTEX_POINT('',#7698);
#2958=VERTEX_POINT('',#7700);
#2959=VERTEX_POINT('',#7702);
#2960=VERTEX_POINT('',#7704);
#2961=VERTEX_POINT('',#7706);
#2962=VERTEX_POINT('',#7708);
#2963=VERTEX_POINT('',#7710);
#2964=VERTEX_POINT('',#7714);
#2965=VERTEX_POINT('',#7715);
#2966=VERTEX_POINT('',#7718);
#2967=VERTEX_POINT('',#7722);
#2968=VERTEX_POINT('',#7724);
#2969=VERTEX_POINT('',#7726);
#2970=VERTEX_POINT('',#7728);
#2971=VERTEX_POINT('',#7731);
#2972=VERTEX_POINT('',#7733);
#2973=VERTEX_POINT('',#7735);
#2974=VERTEX_POINT('',#7738);
#2975=VERTEX_POINT('',#7740);
#2976=VERTEX_POINT('',#7742);
#2977=VERTEX_POINT('',#7746);
#2978=VERTEX_POINT('',#7747);
#2979=VERTEX_POINT('',#7749);
#2980=VERTEX_POINT('',#7751);
#2981=VERTEX_POINT('',#7755);
#2982=VERTEX_POINT('',#7756);
#2983=VERTEX_POINT('',#7758);
#2984=VERTEX_POINT('',#7760);
#2985=VERTEX_POINT('',#7762);
#2986=VERTEX_POINT('',#7764);
#2987=VERTEX_POINT('',#7766);
#2988=VERTEX_POINT('',#7768);
#2989=VERTEX_POINT('',#7772);
#2990=VERTEX_POINT('',#7773);
#2991=VERTEX_POINT('',#7781);
#2992=VERTEX_POINT('',#7782);
#2993=VERTEX_POINT('',#7784);
#2994=VERTEX_POINT('',#7786);
#2995=VERTEX_POINT('',#7789);
#2996=VERTEX_POINT('',#7790);
#2997=VERTEX_POINT('',#7792);
#2998=VERTEX_POINT('',#7794);
#2999=VERTEX_POINT('',#7797);
#3000=VERTEX_POINT('',#7798);
#3001=VERTEX_POINT('',#7800);
#3002=VERTEX_POINT('',#7802);
#3003=VERTEX_POINT('',#7805);
#3004=VERTEX_POINT('',#7806);
#3005=VERTEX_POINT('',#7808);
#3006=VERTEX_POINT('',#7810);
#3007=VERTEX_POINT('',#7813);
#3008=VERTEX_POINT('',#7814);
#3009=VERTEX_POINT('',#7816);
#3010=VERTEX_POINT('',#7818);
#3011=VERTEX_POINT('',#7821);
#3012=VERTEX_POINT('',#7822);
#3013=VERTEX_POINT('',#7824);
#3014=VERTEX_POINT('',#7826);
#3015=VERTEX_POINT('',#7829);
#3016=VERTEX_POINT('',#7830);
#3017=VERTEX_POINT('',#7835);
#3018=VERTEX_POINT('',#7836);
#3019=VERTEX_POINT('',#7839);
#3020=VERTEX_POINT('',#7843);
#3021=VERTEX_POINT('',#7844);
#3022=VERTEX_POINT('',#7846);
#3023=VERTEX_POINT('',#7848);
#3024=VERTEX_POINT('',#7852);
#3025=VERTEX_POINT('',#7853);
#3026=VERTEX_POINT('',#7855);
#3027=VERTEX_POINT('',#7857);
#3028=VERTEX_POINT('',#7859);
#3029=VERTEX_POINT('',#7861);
#3030=VERTEX_POINT('',#7863);
#3031=VERTEX_POINT('',#7865);
#3032=VERTEX_POINT('',#7867);
#3033=VERTEX_POINT('',#7871);
#3034=VERTEX_POINT('',#7872);
#3035=VERTEX_POINT('',#7874);
#3036=VERTEX_POINT('',#7876);
#3037=VERTEX_POINT('',#7878);
#3038=VERTEX_POINT('',#7882);
#3039=VERTEX_POINT('',#7883);
#3040=VERTEX_POINT('',#7885);
#3041=VERTEX_POINT('',#7887);
#3042=VERTEX_POINT('',#7889);
#3043=VERTEX_POINT('',#7893);
#3044=VERTEX_POINT('',#7895);
#3045=VERTEX_POINT('',#7897);
#3046=VERTEX_POINT('',#7904);
#3047=VERTEX_POINT('',#7905);
#3048=VERTEX_POINT('',#7907);
#3049=VERTEX_POINT('',#7909);
#3050=VERTEX_POINT('',#7911);
#3051=VERTEX_POINT('',#7913);
#3052=VERTEX_POINT('',#7915);
#3053=VERTEX_POINT('',#7917);
#3054=VERTEX_POINT('',#7919);
#3055=VERTEX_POINT('',#7923);
#3056=VERTEX_POINT('',#7925);
#3057=VERTEX_POINT('',#7927);
#3058=VERTEX_POINT('',#7933);
#3059=VERTEX_POINT('',#7935);
#3060=VERTEX_POINT('',#7937);
#3061=VERTEX_POINT('',#7941);
#3062=VERTEX_POINT('',#7948);
#3063=VERTEX_POINT('',#7951);
#3064=VERTEX_POINT('',#7953);
#3065=VERTEX_POINT('',#7955);
#3066=VERTEX_POINT('',#7957);
#3067=VERTEX_POINT('',#7959);
#3068=VERTEX_POINT('',#7963);
#3069=VERTEX_POINT('',#7965);
#3070=VERTEX_POINT('',#7969);
#3071=VERTEX_POINT('',#7970);
#3072=VERTEX_POINT('',#7978);
#3073=VERTEX_POINT('',#7983);
#3074=VERTEX_POINT('',#7985);
#3075=VERTEX_POINT('',#7987);
#3076=VERTEX_POINT('',#7991);
#3077=VERTEX_POINT('',#7992);
#3078=VERTEX_POINT('',#7994);
#3079=VERTEX_POINT('',#7996);
#3080=VERTEX_POINT('',#7999);
#3081=VERTEX_POINT('',#8000);
#3082=VERTEX_POINT('',#8002);
#3083=VERTEX_POINT('',#8004);
#3084=VERTEX_POINT('',#8007);
#3085=VERTEX_POINT('',#8008);
#3086=VERTEX_POINT('',#8010);
#3087=VERTEX_POINT('',#8012);
#3088=VERTEX_POINT('',#8015);
#3089=VERTEX_POINT('',#8016);
#3090=VERTEX_POINT('',#8018);
#3091=VERTEX_POINT('',#8020);
#3092=VERTEX_POINT('',#8023);
#3093=VERTEX_POINT('',#8024);
#3094=VERTEX_POINT('',#8026);
#3095=VERTEX_POINT('',#8028);
#3096=VERTEX_POINT('',#8031);
#3097=VERTEX_POINT('',#8032);
#3098=VERTEX_POINT('',#8034);
#3099=VERTEX_POINT('',#8036);
#3100=VERTEX_POINT('',#8039);
#3101=VERTEX_POINT('',#8046);
#3102=VERTEX_POINT('',#8048);
#3103=VERTEX_POINT('',#8052);
#3104=VERTEX_POINT('',#8053);
#3105=VERTEX_POINT('',#8055);
#3106=VERTEX_POINT('',#8057);
#3107=VERTEX_POINT('',#8061);
#3108=VERTEX_POINT('',#8062);
#3109=VERTEX_POINT('',#8064);
#3110=VERTEX_POINT('',#8066);
#3111=VERTEX_POINT('',#8070);
#3112=VERTEX_POINT('',#8071);
#3113=VERTEX_POINT('',#8073);
#3114=VERTEX_POINT('',#8075);
#3115=VERTEX_POINT('',#8079);
#3116=VERTEX_POINT('',#8081);
#3117=VERTEX_POINT('',#8085);
#3118=VERTEX_POINT('',#8086);
#3119=VERTEX_POINT('',#8088);
#3120=VERTEX_POINT('',#8090);
#3121=VERTEX_POINT('',#8094);
#3122=VERTEX_POINT('',#8095);
#3123=VERTEX_POINT('',#8100);
#3124=VERTEX_POINT('',#8101);
#3125=VERTEX_POINT('',#8103);
#3126=VERTEX_POINT('',#8105);
#3127=VERTEX_POINT('',#8109);
#3128=VERTEX_POINT('',#8110);
#3129=VERTEX_POINT('',#8112);
#3130=VERTEX_POINT('',#8114);
#3131=VERTEX_POINT('',#8118);
#3132=VERTEX_POINT('',#8119);
#3133=VERTEX_POINT('',#8121);
#3134=VERTEX_POINT('',#8123);
#3135=VERTEX_POINT('',#8127);
#3136=VERTEX_POINT('',#8129);
#3137=VERTEX_POINT('',#8133);
#3138=VERTEX_POINT('',#8134);
#3139=VERTEX_POINT('',#8136);
#3140=VERTEX_POINT('',#8138);
#3141=VERTEX_POINT('',#8142);
#3142=VERTEX_POINT('',#8143);
#3143=VERTEX_POINT('',#8148);
#3144=VERTEX_POINT('',#8149);
#3145=VERTEX_POINT('',#8151);
#3146=VERTEX_POINT('',#8153);
#3147=VERTEX_POINT('',#8157);
#3148=VERTEX_POINT('',#8158);
#3149=VERTEX_POINT('',#8160);
#3150=VERTEX_POINT('',#8162);
#3151=VERTEX_POINT('',#8166);
#3152=VERTEX_POINT('',#8167);
#3153=VERTEX_POINT('',#8169);
#3154=VERTEX_POINT('',#8171);
#3155=VERTEX_POINT('',#8175);
#3156=VERTEX_POINT('',#8176);
#3157=VERTEX_POINT('',#8178);
#3158=VERTEX_POINT('',#8180);
#3159=VERTEX_POINT('',#8184);
#3160=VERTEX_POINT('',#8185);
#3161=VERTEX_POINT('',#8190);
#3162=VERTEX_POINT('',#8191);
#3163=VERTEX_POINT('',#8196);
#3164=VERTEX_POINT('',#8197);
#3165=VERTEX_POINT('',#8199);
#3166=VERTEX_POINT('',#8201);
#3167=VERTEX_POINT('',#8205);
#3168=VERTEX_POINT('',#8206);
#3169=VERTEX_POINT('',#8208);
#3170=VERTEX_POINT('',#8210);
#3171=VERTEX_POINT('',#8214);
#3172=VERTEX_POINT('',#8215);
#3173=VERTEX_POINT('',#8217);
#3174=VERTEX_POINT('',#8219);
#3175=VERTEX_POINT('',#8253);
#3176=VERTEX_POINT('',#8264);
#3177=VERTEX_POINT('',#8304);
#3178=VERTEX_POINT('',#8310);
#3179=VERTEX_POINT('',#8340);
#3180=VERTEX_POINT('',#8346);
#3181=VERTEX_POINT('',#8364);
#3182=VERTEX_POINT('',#8369);
#3183=VERTEX_POINT('',#8376);
#3184=VERTEX_POINT('',#8378);
#3185=VERTEX_POINT('',#8388);
#3186=VERTEX_POINT('',#8393);
#3187=VERTEX_POINT('',#8400);
#3188=VERTEX_POINT('',#8401);
#3189=VERTEX_POINT('',#8403);
#3190=VERTEX_POINT('',#8408);
#3191=VERTEX_POINT('',#8412);
#3192=VERTEX_POINT('',#8422);
#3193=VERTEX_POINT('',#8424);
#3194=VERTEX_POINT('',#8434);
#3195=VERTEX_POINT('',#8435);
#3196=VERTEX_POINT('',#8443);
#3197=VERTEX_POINT('',#8444);
#3198=VERTEX_POINT('',#8446);
#3199=VERTEX_POINT('',#8448);
#3200=VERTEX_POINT('',#8452);
#3201=VERTEX_POINT('',#8502);
#3202=VERTEX_POINT('',#8503);
#3203=VERTEX_POINT('',#8505);
#3204=VERTEX_POINT('',#8507);
#3205=VERTEX_POINT('',#8510);
#3206=VERTEX_POINT('',#8513);
#3207=VERTEX_POINT('',#8516);
#3208=VERTEX_POINT('',#8519);
#3209=VERTEX_POINT('',#8522);
#3210=VERTEX_POINT('',#8528);
#3211=VERTEX_POINT('',#8530);
#3212=VERTEX_POINT('',#8532);
#3213=VERTEX_POINT('',#8534);
#3214=VERTEX_POINT('',#8536);
#3215=VERTEX_POINT('',#8538);
#3216=VERTEX_POINT('',#8540);
#3217=VERTEX_POINT('',#8542);
#3218=VERTEX_POINT('',#8544);
#3219=VERTEX_POINT('',#8546);
#3220=VERTEX_POINT('',#8548);
#3221=VERTEX_POINT('',#8550);
#3222=VERTEX_POINT('',#8552);
#3223=VERTEX_POINT('',#8554);
#3224=VERTEX_POINT('',#8556);
#3225=VERTEX_POINT('',#8558);
#3226=VERTEX_POINT('',#8560);
#3227=VERTEX_POINT('',#8562);
#3228=VERTEX_POINT('',#8566);
#3229=VERTEX_POINT('',#8568);
#3230=VERTEX_POINT('',#8572);
#3231=VERTEX_POINT('',#8574);
#3232=VERTEX_POINT('',#8576);
#3233=VERTEX_POINT('',#8578);
#3234=VERTEX_POINT('',#8580);
#3235=VERTEX_POINT('',#8582);
#3236=VERTEX_POINT('',#8584);
#3237=VERTEX_POINT('',#8586);
#3238=VERTEX_POINT('',#8589);
#3239=VERTEX_POINT('',#8591);
#3240=VERTEX_POINT('',#8593);
#3241=VERTEX_POINT('',#8595);
#3242=VERTEX_POINT('',#8597);
#3243=VERTEX_POINT('',#8599);
#3244=VERTEX_POINT('',#8633);
#3245=VERTEX_POINT('',#8634);
#3246=VERTEX_POINT('',#8636);
#3247=VERTEX_POINT('',#8640);
#3248=VERTEX_POINT('',#8642);
#3249=VERTEX_POINT('',#8646);
#3250=VERTEX_POINT('',#8647);
#3251=VERTEX_POINT('',#8652);
#3252=VERTEX_POINT('',#8654);
#3253=VERTEX_POINT('',#8658);
#3254=VERTEX_POINT('',#8659);
#3255=VERTEX_POINT('',#8664);
#3256=VERTEX_POINT('',#8666);
#3257=VERTEX_POINT('',#8670);
#3258=VERTEX_POINT('',#8672);
#3259=VERTEX_POINT('',#8676);
#3260=VERTEX_POINT('',#8678);
#3261=VERTEX_POINT('',#8682);
#3262=VERTEX_POINT('',#8684);
#3263=VERTEX_POINT('',#8688);
#3264=VERTEX_POINT('',#8690);
#3265=VERTEX_POINT('',#8694);
#3266=VERTEX_POINT('',#8696);
#3267=VERTEX_POINT('',#8700);
#3268=VERTEX_POINT('',#8702);
#3269=VERTEX_POINT('',#8706);
#3270=VERTEX_POINT('',#8708);
#3271=VERTEX_POINT('',#8712);
#3272=VERTEX_POINT('',#8714);
#3273=VERTEX_POINT('',#8718);
#3274=VERTEX_POINT('',#8720);
#3275=VERTEX_POINT('',#8724);
#3276=VERTEX_POINT('',#8725);
#3277=VERTEX_POINT('',#8730);
#3278=VERTEX_POINT('',#8738);
#3279=VERTEX_POINT('',#8739);
#3280=VERTEX_POINT('',#8741);
#3281=VERTEX_POINT('',#8745);
#3282=VERTEX_POINT('',#8747);
#3283=VERTEX_POINT('',#8751);
#3284=VERTEX_POINT('',#8752);
#3285=VERTEX_POINT('',#8757);
#3286=VERTEX_POINT('',#8759);
#3287=VERTEX_POINT('',#8763);
#3288=VERTEX_POINT('',#8764);
#3289=VERTEX_POINT('',#8769);
#3290=VERTEX_POINT('',#8771);
#3291=VERTEX_POINT('',#8775);
#3292=VERTEX_POINT('',#8777);
#3293=VERTEX_POINT('',#8781);
#3294=VERTEX_POINT('',#8783);
#3295=VERTEX_POINT('',#8787);
#3296=VERTEX_POINT('',#8789);
#3297=VERTEX_POINT('',#8793);
#3298=VERTEX_POINT('',#8795);
#3299=VERTEX_POINT('',#8799);
#3300=VERTEX_POINT('',#8801);
#3301=VERTEX_POINT('',#8805);
#3302=VERTEX_POINT('',#8807);
#3303=VERTEX_POINT('',#8811);
#3304=VERTEX_POINT('',#8813);
#3305=VERTEX_POINT('',#8817);
#3306=VERTEX_POINT('',#8819);
#3307=VERTEX_POINT('',#8823);
#3308=VERTEX_POINT('',#8825);
#3309=VERTEX_POINT('',#8829);
#3310=VERTEX_POINT('',#8830);
#3311=VERTEX_POINT('',#8835);
#3312=VERTEX_POINT('',#8843);
#3313=VERTEX_POINT('',#8845);
#3314=VERTEX_POINT('',#8847);
#3315=VERTEX_POINT('',#8849);
#3316=VERTEX_POINT('',#8851);
#3317=VERTEX_POINT('',#8853);
#3318=VERTEX_POINT('',#8855);
#3319=VERTEX_POINT('',#8857);
#3320=VERTEX_POINT('',#8859);
#3321=VERTEX_POINT('',#8861);
#3322=VERTEX_POINT('',#8863);
#3323=VERTEX_POINT('',#8865);
#3324=VERTEX_POINT('',#8867);
#3325=VERTEX_POINT('',#8869);
#3326=VERTEX_POINT('',#8871);
#3327=VERTEX_POINT('',#8873);
#3328=VERTEX_POINT('',#8875);
#3329=VERTEX_POINT('',#8877);
#3330=VERTEX_POINT('',#8881);
#3331=VERTEX_POINT('',#8883);
#3332=VERTEX_POINT('',#8887);
#3333=VERTEX_POINT('',#8889);
#3334=VERTEX_POINT('',#8891);
#3335=VERTEX_POINT('',#8893);
#3336=VERTEX_POINT('',#8895);
#3337=VERTEX_POINT('',#8897);
#3338=VERTEX_POINT('',#8899);
#3339=VERTEX_POINT('',#8901);
#3340=VERTEX_POINT('',#8904);
#3341=VERTEX_POINT('',#8906);
#3342=VERTEX_POINT('',#8908);
#3343=VERTEX_POINT('',#8910);
#3344=VERTEX_POINT('',#8912);
#3345=VERTEX_POINT('',#8914);
#3346=VERTEX_POINT('',#8948);
#3347=VERTEX_POINT('',#8950);
#3348=VERTEX_POINT('',#8952);
#3349=VERTEX_POINT('',#8955);
#3350=VERTEX_POINT('',#8958);
#3351=VERTEX_POINT('',#8960);
#3352=VERTEX_POINT('',#8963);
#3353=VERTEX_POINT('',#8965);
#3354=VERTEX_POINT('',#8968);
#3355=VERTEX_POINT('',#8971);
#3356=VERTEX_POINT('',#8974);
#3357=VERTEX_POINT('',#8978);
#3358=VERTEX_POINT('',#8980);
#3359=VERTEX_POINT('',#8982);
#3360=VERTEX_POINT('',#8984);
#3361=VERTEX_POINT('',#8986);
#3362=VERTEX_POINT('',#8989);
#3363=VERTEX_POINT('',#8991);
#3364=VERTEX_POINT('',#8993);
#3365=VERTEX_POINT('',#8997);
#3366=VERTEX_POINT('',#9001);
#3367=VERTEX_POINT('',#9007);
#3368=VERTEX_POINT('',#9009);
#3369=VERTEX_POINT('',#9011);
#3370=VERTEX_POINT('',#9012);
#3371=VERTEX_POINT('',#9015);
#3372=VERTEX_POINT('',#9017);
#3373=VERTEX_POINT('',#9022);
#3374=VERTEX_POINT('',#9029);
#3375=VERTEX_POINT('',#9030);
#3376=VERTEX_POINT('',#9035);
#3377=VERTEX_POINT('',#9039);
#3378=VERTEX_POINT('',#9043);
#3379=VERTEX_POINT('',#9044);
#3380=VERTEX_POINT('',#9049);
#3381=VERTEX_POINT('',#9053);
#3382=VERTEX_POINT('',#9057);
#3383=VERTEX_POINT('',#9058);
#3384=VERTEX_POINT('',#9063);
#3385=VERTEX_POINT('',#9067);
#3386=VERTEX_POINT('',#9071);
#3387=VERTEX_POINT('',#9072);
#3388=VERTEX_POINT('',#9077);
#3389=VERTEX_POINT('',#9081);
#3390=VERTEX_POINT('',#9085);
#3391=VERTEX_POINT('',#9086);
#3392=VERTEX_POINT('',#9091);
#3393=VERTEX_POINT('',#9095);
#3394=VERTEX_POINT('',#9099);
#3395=VERTEX_POINT('',#9100);
#3396=VERTEX_POINT('',#9105);
#3397=VERTEX_POINT('',#9109);
#3398=VERTEX_POINT('',#9152);
#3399=VERTEX_POINT('',#9154);
#3400=VERTEX_POINT('',#9160);
#3401=VERTEX_POINT('',#9162);
#3402=VERTEX_POINT('',#9169);
#3403=VERTEX_POINT('',#9172);
#3404=VERTEX_POINT('',#9178);
#3405=VERTEX_POINT('',#9184);
#3406=VERTEX_POINT('',#9188);
#3407=VERTEX_POINT('',#9192);
#3408=VERTEX_POINT('',#9198);
#3409=VERTEX_POINT('',#9200);
#3410=VERTEX_POINT('',#9210);
#3411=VERTEX_POINT('',#9216);
#3412=VERTEX_POINT('',#9222);
#3413=VERTEX_POINT('',#9224);
#3414=VERTEX_POINT('',#9226);
#3415=VERTEX_POINT('',#9234);
#3416=VERTEX_POINT('',#9236);
#3417=VERTEX_POINT('',#9243);
#3418=VERTEX_POINT('',#9249);
#3419=VERTEX_POINT('',#9250);
#3420=VERTEX_POINT('',#9255);
#3421=VERTEX_POINT('',#9259);
#3422=VERTEX_POINT('',#9263);
#3423=VERTEX_POINT('',#9264);
#3424=VERTEX_POINT('',#9269);
#3425=VERTEX_POINT('',#9273);
#3426=VERTEX_POINT('',#9277);
#3427=VERTEX_POINT('',#9278);
#3428=VERTEX_POINT('',#9283);
#3429=VERTEX_POINT('',#9287);
#3430=VERTEX_POINT('',#9291);
#3431=VERTEX_POINT('',#9292);
#3432=VERTEX_POINT('',#9297);
#3433=VERTEX_POINT('',#9301);
#3434=VERTEX_POINT('',#9305);
#3435=VERTEX_POINT('',#9306);
#3436=VERTEX_POINT('',#9311);
#3437=VERTEX_POINT('',#9315);
#3438=VERTEX_POINT('',#9319);
#3439=VERTEX_POINT('',#9320);
#3440=VERTEX_POINT('',#9325);
#3441=VERTEX_POINT('',#9329);
#3442=VERTEX_POINT('',#9357);
#3443=VERTEX_POINT('',#9363);
#3444=VERTEX_POINT('',#9367);
#3445=VERTEX_POINT('',#9371);
#3446=VERTEX_POINT('',#9377);
#3447=VERTEX_POINT('',#9378);
#3448=VERTEX_POINT('',#9450);
#3449=VERTEX_POINT('',#9454);
#3450=LINE('',#7635,#3932);
#3451=LINE('',#7640,#3933);
#3452=LINE('',#7652,#3934);
#3453=LINE('',#7656,#3935);
#3454=LINE('',#7659,#3936);
#3455=LINE('',#7663,#3937);
#3456=LINE('',#7667,#3938);
#3457=LINE('',#7669,#3939);
#3458=LINE('',#7671,#3940);
#3459=LINE('',#7675,#3941);
#3460=LINE('',#7677,#3942);
#3461=LINE('',#7679,#3943);
#3462=LINE('',#7681,#3944);
#3463=LINE('',#7683,#3945);
#3464=LINE('',#7688,#3946);
#3465=LINE('',#7690,#3947);
#3466=LINE('',#7692,#3948);
#3467=LINE('',#7694,#3949);
#3468=LINE('',#7696,#3950);
#3469=LINE('',#7699,#3951);
#3470=LINE('',#7701,#3952);
#3471=LINE('',#7703,#3953);
#3472=LINE('',#7707,#3954);
#3473=LINE('',#7709,#3955);
#3474=LINE('',#7711,#3956);
#3475=LINE('',#7716,#3957);
#3476=LINE('',#7717,#3958);
#3477=LINE('',#7719,#3959);
#3478=LINE('',#7721,#3960);
#3479=LINE('',#7725,#3961);
#3480=LINE('',#7727,#3962);
#3481=LINE('',#7729,#3963);
#3482=LINE('',#7730,#3964);
#3483=LINE('',#7732,#3965);
#3484=LINE('',#7736,#3966);
#3485=LINE('',#7741,#3967);
#3486=LINE('',#7745,#3968);
#3487=LINE('',#7748,#3969);
#3488=LINE('',#7752,#3970);
#3489=LINE('',#7754,#3971);
#3490=LINE('',#7757,#3972);
#3491=LINE('',#7759,#3973);
#3492=LINE('',#7761,#3974);
#3493=LINE('',#7763,#3975);
#3494=LINE('',#7765,#3976);
#3495=LINE('',#7767,#3977);
#3496=LINE('',#7769,#3978);
#3497=LINE('',#7771,#3979);
#3498=LINE('',#7778,#3980);
#3499=LINE('',#7780,#3981);
#3500=LINE('',#7783,#3982);
#3501=LINE('',#7785,#3983);
#3502=LINE('',#7787,#3984);
#3503=LINE('',#7788,#3985);
#3504=LINE('',#7791,#3986);
#3505=LINE('',#7793,#3987);
#3506=LINE('',#7795,#3988);
#3507=LINE('',#7796,#3989);
#3508=LINE('',#7801,#3990);
#3509=LINE('',#7803,#3991);
#3510=LINE('',#7804,#3992);
#3511=LINE('',#7809,#3993);
#3512=LINE('',#7811,#3994);
#3513=LINE('',#7812,#3995);
#3514=LINE('',#7817,#3996);
#3515=LINE('',#7819,#3997);
#3516=LINE('',#7820,#3998);
#3517=LINE('',#7823,#3999);
#3518=LINE('',#7827,#4000);
#3519=LINE('',#7828,#4001);
#3520=LINE('',#7832,#4002);
#3521=LINE('',#7834,#4003);
#3522=LINE('',#7837,#4004);
#3523=LINE('',#7838,#4005);
#3524=LINE('',#7842,#4006);
#3525=LINE('',#7845,#4007);
#3526=LINE('',#7847,#4008);
#3527=LINE('',#7849,#4009);
#3528=LINE('',#7851,#4010);
#3529=LINE('',#7854,#4011);
#3530=LINE('',#7856,#4012);
#3531=LINE('',#7858,#4013);
#3532=LINE('',#7860,#4014);
#3533=LINE('',#7862,#4015);
#3534=LINE('',#7866,#4016);
#3535=LINE('',#7868,#4017);
#3536=LINE('',#7870,#4018);
#3537=LINE('',#7873,#4019);
#3538=LINE('',#7877,#4020);
#3539=LINE('',#7881,#4021);
#3540=LINE('',#7884,#4022);
#3541=LINE('',#7886,#4023);
#3542=LINE('',#7888,#4024);
#3543=LINE('',#7890,#4025);
#3544=LINE('',#7892,#4026);
#3545=LINE('',#7903,#4027);
#3546=LINE('',#7906,#4028);
#3547=LINE('',#7908,#4029);
#3548=LINE('',#7910,#4030);
#3549=LINE('',#7912,#4031);
#3550=LINE('',#7916,#4032);
#3551=LINE('',#7918,#4033);
#3552=LINE('',#7920,#4034);
#3553=LINE('',#7924,#4035);
#3554=LINE('',#7934,#4036);
#3555=LINE('',#7938,#4037);
#3556=LINE('',#7947,#4038);
#3557=LINE('',#7949,#4039);
#3558=LINE('',#7950,#4040);
#3559=LINE('',#7954,#4041);
#3560=LINE('',#7956,#4042);
#3561=LINE('',#7960,#4043);
#3562=LINE('',#7962,#4044);
#3563=LINE('',#7966,#4045);
#3564=LINE('',#7971,#4046);
#3565=LINE('',#7972,#4047);
#3566=LINE('',#7979,#4048);
#3567=LINE('',#7981,#4049);
#3568=LINE('',#7982,#4050);
#3569=LINE('',#7984,#4051);
#3570=LINE('',#7988,#4052);
#3571=LINE('',#7990,#4053);
#3572=LINE('',#7993,#4054);
#3573=LINE('',#7995,#4055);
#3574=LINE('',#7997,#4056);
#3575=LINE('',#7998,#4057);
#3576=LINE('',#8001,#4058);
#3577=LINE('',#8003,#4059);
#3578=LINE('',#8005,#4060);
#3579=LINE('',#8006,#4061);
#3580=LINE('',#8009,#4062);
#3581=LINE('',#8011,#4063);
#3582=LINE('',#8014,#4064);
#3583=LINE('',#8017,#4065);
#3584=LINE('',#8019,#4066);
#3585=LINE('',#8022,#4067);
#3586=LINE('',#8025,#4068);
#3587=LINE('',#8027,#4069);
#3588=LINE('',#8030,#4070);
#3589=LINE('',#8033,#4071);
#3590=LINE('',#8037,#4072);
#3591=LINE('',#8040,#4073);
#3592=LINE('',#8045,#4074);
#3593=LINE('',#8049,#4075);
#3594=LINE('',#8054,#4076);
#3595=LINE('',#8058,#4077);
#3596=LINE('',#8063,#4078);
#3597=LINE('',#8067,#4079);
#3598=LINE('',#8072,#4080);
#3599=LINE('',#8076,#4081);
#3600=LINE('',#8102,#4082);
#3601=LINE('',#8106,#4083);
#3602=LINE('',#8111,#4084);
#3603=LINE('',#8115,#4085);
#3604=LINE('',#8120,#4086);
#3605=LINE('',#8124,#4087);
#3606=LINE('',#8147,#4088);
#3607=LINE('',#8152,#4089);
#3608=LINE('',#8159,#4090);
#3609=LINE('',#8163,#4091);
#3610=LINE('',#8168,#4092);
#3611=LINE('',#8172,#4093);
#3612=LINE('',#8195,#4094);
#3613=LINE('',#8200,#4095);
#3614=LINE('',#8207,#4096);
#3615=LINE('',#8211,#4097);
#3616=LINE('',#8216,#4098);
#3617=LINE('',#8220,#4099);
#3618=LINE('',#8418,#4100);
#3619=LINE('',#8419,#4101);
#3620=LINE('',#8427,#4102);
#3621=LINE('',#8428,#4103);
#3622=LINE('',#8436,#4104);
#3623=LINE('',#8437,#4105);
#3624=LINE('',#8445,#4106);
#3625=LINE('',#8449,#4107);
#3626=LINE('',#8504,#4108);
#3627=LINE('',#8508,#4109);
#3628=LINE('',#8527,#4110);
#3629=LINE('',#8529,#4111);
#3630=LINE('',#8533,#4112);
#3631=LINE('',#8537,#4113);
#3632=LINE('',#8541,#4114);
#3633=LINE('',#8545,#4115);
#3634=LINE('',#8549,#4116);
#3635=LINE('',#8553,#4117);
#3636=LINE('',#8557,#4118);
#3637=LINE('',#8561,#4119);
#3638=LINE('',#8565,#4120);
#3639=LINE('',#8567,#4121);
#3640=LINE('',#8569,#4122);
#3641=LINE('',#8573,#4123);
#3642=LINE('',#8577,#4124);
#3643=LINE('',#8581,#4125);
#3644=LINE('',#8585,#4126);
#3645=LINE('',#8590,#4127);
#3646=LINE('',#8594,#4128);
#3647=LINE('',#8598,#4129);
#3648=LINE('',#8602,#4130);
#3649=LINE('',#8604,#4131);
#3650=LINE('',#8605,#4132);
#3651=LINE('',#8608,#4133);
#3652=LINE('',#8609,#4134);
#3653=LINE('',#8612,#4135);
#3654=LINE('',#8613,#4136);
#3655=LINE('',#8617,#4137);
#3656=LINE('',#8619,#4138);
#3657=LINE('',#8620,#4139);
#3658=LINE('',#8623,#4140);
#3659=LINE('',#8624,#4141);
#3660=LINE('',#8627,#4142);
#3661=LINE('',#8628,#4143);
#3662=LINE('',#8637,#4144);
#3663=LINE('',#8639,#4145);
#3664=LINE('',#8641,#4146);
#3665=LINE('',#8643,#4147);
#3666=LINE('',#8645,#4148);
#3667=LINE('',#8651,#4149);
#3668=LINE('',#8653,#4150);
#3669=LINE('',#8655,#4151);
#3670=LINE('',#8657,#4152);
#3671=LINE('',#8663,#4153);
#3672=LINE('',#8665,#4154);
#3673=LINE('',#8667,#4155);
#3674=LINE('',#8671,#4156);
#3675=LINE('',#8675,#4157);
#3676=LINE('',#8677,#4158);
#3677=LINE('',#8679,#4159);
#3678=LINE('',#8685,#4160);
#3679=LINE('',#8687,#4161);
#3680=LINE('',#8689,#4162);
#3681=LINE('',#8691,#4163);
#3682=LINE('',#8695,#4164);
#3683=LINE('',#8699,#4165);
#3684=LINE('',#8701,#4166);
#3685=LINE('',#8703,#4167);
#3686=LINE('',#8707,#4168);
#3687=LINE('',#8711,#4169);
#3688=LINE('',#8713,#4170);
#3689=LINE('',#8715,#4171);
#3690=LINE('',#8719,#4172);
#3691=LINE('',#8723,#4173);
#3692=LINE('',#8726,#4174);
#3693=LINE('',#8727,#4175);
#3694=LINE('',#8733,#4176);
#3695=LINE('',#8734,#4177);
#3696=LINE('',#8742,#4178);
#3697=LINE('',#8744,#4179);
#3698=LINE('',#8746,#4180);
#3699=LINE('',#8748,#4181);
#3700=LINE('',#8750,#4182);
#3701=LINE('',#8756,#4183);
#3702=LINE('',#8758,#4184);
#3703=LINE('',#8760,#4185);
#3704=LINE('',#8762,#4186);
#3705=LINE('',#8768,#4187);
#3706=LINE('',#8770,#4188);
#3707=LINE('',#8772,#4189);
#3708=LINE('',#8776,#4190);
#3709=LINE('',#8780,#4191);
#3710=LINE('',#8782,#4192);
#3711=LINE('',#8784,#4193);
#3712=LINE('',#8790,#4194);
#3713=LINE('',#8792,#4195);
#3714=LINE('',#8794,#4196);
#3715=LINE('',#8796,#4197);
#3716=LINE('',#8800,#4198);
#3717=LINE('',#8804,#4199);
#3718=LINE('',#8806,#4200);
#3719=LINE('',#8808,#4201);
#3720=LINE('',#8812,#4202);
#3721=LINE('',#8816,#4203);
#3722=LINE('',#8818,#4204);
#3723=LINE('',#8820,#4205);
#3724=LINE('',#8824,#4206);
#3725=LINE('',#8828,#4207);
#3726=LINE('',#8831,#4208);
#3727=LINE('',#8832,#4209);
#3728=LINE('',#8838,#4210);
#3729=LINE('',#8839,#4211);
#3730=LINE('',#8842,#4212);
#3731=LINE('',#8844,#4213);
#3732=LINE('',#8848,#4214);
#3733=LINE('',#8852,#4215);
#3734=LINE('',#8856,#4216);
#3735=LINE('',#8860,#4217);
#3736=LINE('',#8864,#4218);
#3737=LINE('',#8868,#4219);
#3738=LINE('',#8872,#4220);
#3739=LINE('',#8876,#4221);
#3740=LINE('',#8880,#4222);
#3741=LINE('',#8882,#4223);
#3742=LINE('',#8884,#4224);
#3743=LINE('',#8888,#4225);
#3744=LINE('',#8892,#4226);
#3745=LINE('',#8896,#4227);
#3746=LINE('',#8900,#4228);
#3747=LINE('',#8905,#4229);
#3748=LINE('',#8909,#4230);
#3749=LINE('',#8913,#4231);
#3750=LINE('',#8917,#4232);
#3751=LINE('',#8919,#4233);
#3752=LINE('',#8920,#4234);
#3753=LINE('',#8923,#4235);
#3754=LINE('',#8924,#4236);
#3755=LINE('',#8927,#4237);
#3756=LINE('',#8928,#4238);
#3757=LINE('',#8932,#4239);
#3758=LINE('',#8934,#4240);
#3759=LINE('',#8935,#4241);
#3760=LINE('',#8938,#4242);
#3761=LINE('',#8939,#4243);
#3762=LINE('',#8942,#4244);
#3763=LINE('',#8943,#4245);
#3764=LINE('',#8947,#4246);
#3765=LINE('',#8949,#4247);
#3766=LINE('',#8951,#4248);
#3767=LINE('',#8954,#4249);
#3768=LINE('',#8957,#4250);
#3769=LINE('',#8961,#4251);
#3770=LINE('',#8962,#4252);
#3771=LINE('',#8966,#4253);
#3772=LINE('',#8969,#4254);
#3773=LINE('',#8970,#4255);
#3774=LINE('',#8973,#4256);
#3775=LINE('',#8977,#4257);
#3776=LINE('',#8981,#4258);
#3777=LINE('',#8983,#4259);
#3778=LINE('',#8987,#4260);
#3779=LINE('',#8990,#4261);
#3780=LINE('',#8992,#4262);
#3781=LINE('',#8994,#4263);
#3782=LINE('',#8996,#4264);
#3783=LINE('',#8998,#4265);
#3784=LINE('',#9002,#4266);
#3785=LINE('',#9004,#4267);
#3786=LINE('',#9010,#4268);
#3787=LINE('',#9013,#4269);
#3788=LINE('',#9014,#4270);
#3789=LINE('',#9016,#4271);
#3790=LINE('',#9018,#4272);
#3791=LINE('',#9019,#4273);
#3792=LINE('',#9021,#4274);
#3793=LINE('',#9023,#4275);
#3794=LINE('',#9028,#4276);
#3795=LINE('',#9031,#4277);
#3796=LINE('',#9032,#4278);
#3797=LINE('',#9034,#4279);
#3798=LINE('',#9036,#4280);
#3799=LINE('',#9040,#4281);
#3800=LINE('',#9042,#4282);
#3801=LINE('',#9045,#4283);
#3802=LINE('',#9046,#4284);
#3803=LINE('',#9048,#4285);
#3804=LINE('',#9050,#4286);
#3805=LINE('',#9052,#4287);
#3806=LINE('',#9054,#4288);
#3807=LINE('',#9056,#4289);
#3808=LINE('',#9059,#4290);
#3809=LINE('',#9060,#4291);
#3810=LINE('',#9062,#4292);
#3811=LINE('',#9064,#4293);
#3812=LINE('',#9066,#4294);
#3813=LINE('',#9068,#4295);
#3814=LINE('',#9070,#4296);
#3815=LINE('',#9073,#4297);
#3816=LINE('',#9074,#4298);
#3817=LINE('',#9076,#4299);
#3818=LINE('',#9078,#4300);
#3819=LINE('',#9080,#4301);
#3820=LINE('',#9082,#4302);
#3821=LINE('',#9084,#4303);
#3822=LINE('',#9087,#4304);
#3823=LINE('',#9088,#4305);
#3824=LINE('',#9090,#4306);
#3825=LINE('',#9092,#4307);
#3826=LINE('',#9094,#4308);
#3827=LINE('',#9096,#4309);
#3828=LINE('',#9098,#4310);
#3829=LINE('',#9101,#4311);
#3830=LINE('',#9102,#4312);
#3831=LINE('',#9104,#4313);
#3832=LINE('',#9106,#4314);
#3833=LINE('',#9108,#4315);
#3834=LINE('',#9110,#4316);
#3835=LINE('',#9118,#4317);
#3836=LINE('',#9120,#4318);
#3837=LINE('',#9122,#4319);
#3838=LINE('',#9151,#4320);
#3839=LINE('',#9153,#4321);
#3840=LINE('',#9155,#4322);
#3841=LINE('',#9157,#4323);
#3842=LINE('',#9159,#4324);
#3843=LINE('',#9161,#4325);
#3844=LINE('',#9163,#4326);
#3845=LINE('',#9165,#4327);
#3846=LINE('',#9168,#4328);
#3847=LINE('',#9170,#4329);
#3848=LINE('',#9171,#4330);
#3849=LINE('',#9173,#4331);
#3850=LINE('',#9177,#4332);
#3851=LINE('',#9179,#4333);
#3852=LINE('',#9181,#4334);
#3853=LINE('',#9183,#4335);
#3854=LINE('',#9185,#4336);
#3855=LINE('',#9187,#4337);
#3856=LINE('',#9189,#4338);
#3857=LINE('',#9191,#4339);
#3858=LINE('',#9195,#4340);
#3859=LINE('',#9197,#4341);
#3860=LINE('',#9201,#4342);
#3861=LINE('',#9204,#4343);
#3862=LINE('',#9206,#4344);
#3863=LINE('',#9209,#4345);
#3864=LINE('',#9211,#4346);
#3865=LINE('',#9215,#4347);
#3866=LINE('',#9217,#4348);
#3867=LINE('',#9223,#4349);
#3868=LINE('',#9227,#4350);
#3869=LINE('',#9237,#4351);
#3870=LINE('',#9242,#4352);
#3871=LINE('',#9248,#4353);
#3872=LINE('',#9251,#4354);
#3873=LINE('',#9252,#4355);
#3874=LINE('',#9254,#4356);
#3875=LINE('',#9256,#4357);
#3876=LINE('',#9260,#4358);
#3877=LINE('',#9262,#4359);
#3878=LINE('',#9265,#4360);
#3879=LINE('',#9266,#4361);
#3880=LINE('',#9270,#4362);
#3881=LINE('',#9272,#4363);
#3882=LINE('',#9274,#4364);
#3883=LINE('',#9276,#4365);
#3884=LINE('',#9279,#4366);
#3885=LINE('',#9280,#4367);
#3886=LINE('',#9284,#4368);
#3887=LINE('',#9286,#4369);
#3888=LINE('',#9288,#4370);
#3889=LINE('',#9290,#4371);
#3890=LINE('',#9293,#4372);
#3891=LINE('',#9294,#4373);
#3892=LINE('',#9298,#4374);
#3893=LINE('',#9300,#4375);
#3894=LINE('',#9302,#4376);
#3895=LINE('',#9304,#4377);
#3896=LINE('',#9307,#4378);
#3897=LINE('',#9308,#4379);
#3898=LINE('',#9310,#4380);
#3899=LINE('',#9312,#4381);
#3900=LINE('',#9314,#4382);
#3901=LINE('',#9316,#4383);
#3902=LINE('',#9318,#4384);
#3903=LINE('',#9321,#4385);
#3904=LINE('',#9322,#4386);
#3905=LINE('',#9324,#4387);
#3906=LINE('',#9326,#4388);
#3907=LINE('',#9328,#4389);
#3908=LINE('',#9330,#4390);
#3909=LINE('',#9334,#4391);
#3910=LINE('',#9336,#4392);
#3911=LINE('',#9338,#4393);
#3912=LINE('',#9340,#4394);
#3913=LINE('',#9342,#4395);
#3914=LINE('',#9344,#4396);
#3915=LINE('',#9352,#4397);
#3916=LINE('',#9354,#4398);
#3917=LINE('',#9356,#4399);
#3918=LINE('',#9358,#4400);
#3919=LINE('',#9360,#4401);
#3920=LINE('',#9362,#4402);
#3921=LINE('',#9364,#4403);
#3922=LINE('',#9366,#4404);
#3923=LINE('',#9368,#4405);
#3924=LINE('',#9370,#4406);
#3925=LINE('',#9374,#4407);
#3926=LINE('',#9379,#4408);
#3927=LINE('',#9380,#4409);
#3928=LINE('',#9383,#4410);
#3929=LINE('',#9385,#4411);
#3930=LINE('',#9444,#4412);
#3931=LINE('',#9445,#4413);
#3932=VECTOR('',#6023,1.);
#3933=VECTOR('',#6026,1.);
#3934=VECTOR('',#6033,1.);
#3935=VECTOR('',#6038,1.);
#3936=VECTOR('',#6039,1.);
#3937=VECTOR('',#6042,1.);
#3938=VECTOR('',#6045,1.);
#3939=VECTOR('',#6046,1.);
#3940=VECTOR('',#6047,1.);
#3941=VECTOR('',#6050,1.);
#3942=VECTOR('',#6051,1.);
#3943=VECTOR('',#6052,1.);
#3944=VECTOR('',#6053,1.);
#3945=VECTOR('',#6056,1.);
#3946=VECTOR('',#6059,1.);
#3947=VECTOR('',#6060,1.);
#3948=VECTOR('',#6061,1.);
#3949=VECTOR('',#6062,1.);
#3950=VECTOR('',#6065,1.);
#3951=VECTOR('',#6066,1.);
#3952=VECTOR('',#6067,1.);
#3953=VECTOR('',#6068,1.);
#3954=VECTOR('',#6071,1.);
#3955=VECTOR('',#6072,1.);
#3956=VECTOR('',#6073,1.);
#3957=VECTOR('',#6078,1.);
#3958=VECTOR('',#6079,1.);
#3959=VECTOR('',#6080,1.);
#3960=VECTOR('',#6083,1.);
#3961=VECTOR('',#6086,1.);
#3962=VECTOR('',#6087,1.);
#3963=VECTOR('',#6088,1.);
#3964=VECTOR('',#6089,1.);
#3965=VECTOR('',#6090,1.);
#3966=VECTOR('',#6093,1.);
#3967=VECTOR('',#6098,1.);
#3968=VECTOR('',#6103,1.);
#3969=VECTOR('',#6104,1.);
#3970=VECTOR('',#6107,1.);
#3971=VECTOR('',#6110,1.);
#3972=VECTOR('',#6111,1.);
#3973=VECTOR('',#6112,1.);
#3974=VECTOR('',#6113,1.);
#3975=VECTOR('',#6114,1.);
#3976=VECTOR('',#6115,1.);
#3977=VECTOR('',#6116,1.);
#3978=VECTOR('',#6117,1.);
#3979=VECTOR('',#6120,1.);
#3980=VECTOR('',#6121,1.);
#3981=VECTOR('',#6124,1.);
#3982=VECTOR('',#6125,1.);
#3983=VECTOR('',#6126,1.);
#3984=VECTOR('',#6127,1.);
#3985=VECTOR('',#6128,1.);
#3986=VECTOR('',#6129,1.);
#3987=VECTOR('',#6130,1.);
#3988=VECTOR('',#6131,1.);
#3989=VECTOR('',#6132,1.);
#3990=VECTOR('',#6135,1.);
#3991=VECTOR('',#6136,1.);
#3992=VECTOR('',#6137,1.);
#3993=VECTOR('',#6140,1.);
#3994=VECTOR('',#6141,1.);
#3995=VECTOR('',#6142,1.);
#3996=VECTOR('',#6145,1.);
#3997=VECTOR('',#6146,1.);
#3998=VECTOR('',#6147,1.);
#3999=VECTOR('',#6148,1.);
#4000=VECTOR('',#6151,1.);
#4001=VECTOR('',#6152,1.);
#4002=VECTOR('',#6155,1.);
#4003=VECTOR('',#6158,1.);
#4004=VECTOR('',#6159,1.);
#4005=VECTOR('',#6160,1.);
#4006=VECTOR('',#6165,1.);
#4007=VECTOR('',#6166,1.);
#4008=VECTOR('',#6167,1.);
#4009=VECTOR('',#6168,1.);
#4010=VECTOR('',#6171,1.);
#4011=VECTOR('',#6172,1.);
#4012=VECTOR('',#6173,1.);
#4013=VECTOR('',#6174,1.);
#4014=VECTOR('',#6175,1.);
#4015=VECTOR('',#6176,1.);
#4016=VECTOR('',#6179,1.);
#4017=VECTOR('',#6180,1.);
#4018=VECTOR('',#6183,1.);
#4019=VECTOR('',#6184,1.);
#4020=VECTOR('',#6187,1.);
#4021=VECTOR('',#6192,1.);
#4022=VECTOR('',#6193,1.);
#4023=VECTOR('',#6194,1.);
#4024=VECTOR('',#6195,1.);
#4025=VECTOR('',#6196,1.);
#4026=VECTOR('',#6199,1.);
#4027=VECTOR('',#6206,1.);
#4028=VECTOR('',#6207,1.);
#4029=VECTOR('',#6208,1.);
#4030=VECTOR('',#6209,1.);
#4031=VECTOR('',#6210,1.);
#4032=VECTOR('',#6213,1.);
#4033=VECTOR('',#6214,1.);
#4034=VECTOR('',#6215,1.);
#4035=VECTOR('',#6220,1.);
#4036=VECTOR('',#6223,1.);
#4037=VECTOR('',#6226,1.);
#4038=VECTOR('',#6233,1.);
#4039=VECTOR('',#6234,1.);
#4040=VECTOR('',#6235,1.);
#4041=VECTOR('',#6238,1.);
#4042=VECTOR('',#6239,1.);
#4043=VECTOR('',#6242,1.);
#4044=VECTOR('',#6245,1.);
#4045=VECTOR('',#6248,1.);
#4046=VECTOR('',#6253,1.);
#4047=VECTOR('',#6254,1.);
#4048=VECTOR('',#6257,1.);
#4049=VECTOR('',#6260,1.);
#4050=VECTOR('',#6261,1.);
#4051=VECTOR('',#6262,1.);
#4052=VECTOR('',#6265,1.);
#4053=VECTOR('',#6268,1.);
#4054=VECTOR('',#6269,1.);
#4055=VECTOR('',#6270,1.);
#4056=VECTOR('',#6271,1.);
#4057=VECTOR('',#6272,1.);
#4058=VECTOR('',#6273,1.);
#4059=VECTOR('',#6274,1.);
#4060=VECTOR('',#6275,1.);
#4061=VECTOR('',#6276,1.);
#4062=VECTOR('',#6277,1.);
#4063=VECTOR('',#6278,1.);
#4064=VECTOR('',#6281,1.);
#4065=VECTOR('',#6282,1.);
#4066=VECTOR('',#6283,1.);
#4067=VECTOR('',#6286,1.);
#4068=VECTOR('',#6287,1.);
#4069=VECTOR('',#6288,1.);
#4070=VECTOR('',#6291,1.);
#4071=VECTOR('',#6292,1.);
#4072=VECTOR('',#6295,1.);
#4073=VECTOR('',#6298,1.);
#4074=VECTOR('',#6307,1.);
#4075=VECTOR('',#6310,1.);
#4076=VECTOR('',#6315,1.);
#4077=VECTOR('',#6318,1.);
#4078=VECTOR('',#6323,1.);
#4079=VECTOR('',#6326,1.);
#4080=VECTOR('',#6331,1.);
#4081=VECTOR('',#6334,1.);
#4082=VECTOR('',#6365,1.);
#4083=VECTOR('',#6368,1.);
#4084=VECTOR('',#6373,1.);
#4085=VECTOR('',#6376,1.);
#4086=VECTOR('',#6381,1.);
#4087=VECTOR('',#6384,1.);
#4088=VECTOR('',#6413,1.);
#4089=VECTOR('',#6416,1.);
#4090=VECTOR('',#6423,1.);
#4091=VECTOR('',#6426,1.);
#4092=VECTOR('',#6431,1.);
#4093=VECTOR('',#6434,1.);
#4094=VECTOR('',#6463,1.);
#4095=VECTOR('',#6466,1.);
#4096=VECTOR('',#6473,1.);
#4097=VECTOR('',#6476,1.);
#4098=VECTOR('',#6481,1.);
#4099=VECTOR('',#6484,1.);
#4100=VECTOR('',#6541,1.);
#4101=VECTOR('',#6542,1.);
#4102=VECTOR('',#6553,1.);
#4103=VECTOR('',#6554,1.);
#4104=VECTOR('',#6565,1.);
#4105=VECTOR('',#6566,1.);
#4106=VECTOR('',#6577,1.);
#4107=VECTOR('',#6580,1.);
#4108=VECTOR('',#6603,1.);
#4109=VECTOR('',#6606,1.);
#4110=VECTOR('',#6633,1.);
#4111=VECTOR('',#6634,1.);
#4112=VECTOR('',#6637,1.);
#4113=VECTOR('',#6640,1.);
#4114=VECTOR('',#6643,1.);
#4115=VECTOR('',#6646,1.);
#4116=VECTOR('',#6649,1.);
#4117=VECTOR('',#6652,1.);
#4118=VECTOR('',#6655,1.);
#4119=VECTOR('',#6658,1.);
#4120=VECTOR('',#6663,1.);
#4121=VECTOR('',#6664,1.);
#4122=VECTOR('',#6665,1.);
#4123=VECTOR('',#6670,1.);
#4124=VECTOR('',#6673,1.);
#4125=VECTOR('',#6676,1.);
#4126=VECTOR('',#6679,1.);
#4127=VECTOR('',#6684,1.);
#4128=VECTOR('',#6687,1.);
#4129=VECTOR('',#6690,1.);
#4130=VECTOR('',#6695,1.);
#4131=VECTOR('',#6698,1.);
#4132=VECTOR('',#6699,1.);
#4133=VECTOR('',#6704,1.);
#4134=VECTOR('',#6705,1.);
#4135=VECTOR('',#6710,1.);
#4136=VECTOR('',#6711,1.);
#4137=VECTOR('',#6718,1.);
#4138=VECTOR('',#6721,1.);
#4139=VECTOR('',#6722,1.);
#4140=VECTOR('',#6727,1.);
#4141=VECTOR('',#6728,1.);
#4142=VECTOR('',#6733,1.);
#4143=VECTOR('',#6734,1.);
#4144=VECTOR('',#6745,1.);
#4145=VECTOR('',#6748,1.);
#4146=VECTOR('',#6749,1.);
#4147=VECTOR('',#6750,1.);
#4148=VECTOR('',#6753,1.);
#4149=VECTOR('',#6760,1.);
#4150=VECTOR('',#6761,1.);
#4151=VECTOR('',#6762,1.);
#4152=VECTOR('',#6765,1.);
#4153=VECTOR('',#6772,1.);
#4154=VECTOR('',#6773,1.);
#4155=VECTOR('',#6774,1.);
#4156=VECTOR('',#6779,1.);
#4157=VECTOR('',#6784,1.);
#4158=VECTOR('',#6785,1.);
#4159=VECTOR('',#6786,1.);
#4160=VECTOR('',#6793,1.);
#4161=VECTOR('',#6796,1.);
#4162=VECTOR('',#6797,1.);
#4163=VECTOR('',#6798,1.);
#4164=VECTOR('',#6803,1.);
#4165=VECTOR('',#6808,1.);
#4166=VECTOR('',#6809,1.);
#4167=VECTOR('',#6810,1.);
#4168=VECTOR('',#6815,1.);
#4169=VECTOR('',#6820,1.);
#4170=VECTOR('',#6821,1.);
#4171=VECTOR('',#6822,1.);
#4172=VECTOR('',#6827,1.);
#4173=VECTOR('',#6832,1.);
#4174=VECTOR('',#6833,1.);
#4175=VECTOR('',#6834,1.);
#4176=VECTOR('',#6843,1.);
#4177=VECTOR('',#6844,1.);
#4178=VECTOR('',#6853,1.);
#4179=VECTOR('',#6856,1.);
#4180=VECTOR('',#6857,1.);
#4181=VECTOR('',#6858,1.);
#4182=VECTOR('',#6861,1.);
#4183=VECTOR('',#6868,1.);
#4184=VECTOR('',#6869,1.);
#4185=VECTOR('',#6870,1.);
#4186=VECTOR('',#6873,1.);
#4187=VECTOR('',#6880,1.);
#4188=VECTOR('',#6881,1.);
#4189=VECTOR('',#6882,1.);
#4190=VECTOR('',#6887,1.);
#4191=VECTOR('',#6892,1.);
#4192=VECTOR('',#6893,1.);
#4193=VECTOR('',#6894,1.);
#4194=VECTOR('',#6901,1.);
#4195=VECTOR('',#6904,1.);
#4196=VECTOR('',#6905,1.);
#4197=VECTOR('',#6906,1.);
#4198=VECTOR('',#6911,1.);
#4199=VECTOR('',#6916,1.);
#4200=VECTOR('',#6917,1.);
#4201=VECTOR('',#6918,1.);
#4202=VECTOR('',#6923,1.);
#4203=VECTOR('',#6928,1.);
#4204=VECTOR('',#6929,1.);
#4205=VECTOR('',#6930,1.);
#4206=VECTOR('',#6935,1.);
#4207=VECTOR('',#6940,1.);
#4208=VECTOR('',#6941,1.);
#4209=VECTOR('',#6942,1.);
#4210=VECTOR('',#6951,1.);
#4211=VECTOR('',#6952,1.);
#4212=VECTOR('',#6957,1.);
#4213=VECTOR('',#6958,1.);
#4214=VECTOR('',#6961,1.);
#4215=VECTOR('',#6964,1.);
#4216=VECTOR('',#6967,1.);
#4217=VECTOR('',#6970,1.);
#4218=VECTOR('',#6973,1.);
#4219=VECTOR('',#6976,1.);
#4220=VECTOR('',#6979,1.);
#4221=VECTOR('',#6982,1.);
#4222=VECTOR('',#6987,1.);
#4223=VECTOR('',#6988,1.);
#4224=VECTOR('',#6989,1.);
#4225=VECTOR('',#6994,1.);
#4226=VECTOR('',#6997,1.);
#4227=VECTOR('',#7000,1.);
#4228=VECTOR('',#7003,1.);
#4229=VECTOR('',#7008,1.);
#4230=VECTOR('',#7011,1.);
#4231=VECTOR('',#7014,1.);
#4232=VECTOR('',#7019,1.);
#4233=VECTOR('',#7022,1.);
#4234=VECTOR('',#7023,1.);
#4235=VECTOR('',#7028,1.);
#4236=VECTOR('',#7029,1.);
#4237=VECTOR('',#7034,1.);
#4238=VECTOR('',#7035,1.);
#4239=VECTOR('',#7042,1.);
#4240=VECTOR('',#7045,1.);
#4241=VECTOR('',#7046,1.);
#4242=VECTOR('',#7051,1.);
#4243=VECTOR('',#7052,1.);
#4244=VECTOR('',#7057,1.);
#4245=VECTOR('',#7058,1.);
#4246=VECTOR('',#7065,1.);
#4247=VECTOR('',#7066,1.);
#4248=VECTOR('',#7067,1.);
#4249=VECTOR('',#7070,1.);
#4250=VECTOR('',#7073,1.);
#4251=VECTOR('',#7076,1.);
#4252=VECTOR('',#7077,1.);
#4253=VECTOR('',#7080,1.);
#4254=VECTOR('',#7083,1.);
#4255=VECTOR('',#7084,1.);
#4256=VECTOR('',#7087,1.);
#4257=VECTOR('',#7092,1.);
#4258=VECTOR('',#7095,1.);
#4259=VECTOR('',#7096,1.);
#4260=VECTOR('',#7099,1.);
#4261=VECTOR('',#7102,1.);
#4262=VECTOR('',#7103,1.);
#4263=VECTOR('',#7104,1.);
#4264=VECTOR('',#7107,1.);
#4265=VECTOR('',#7108,1.);
#4266=VECTOR('',#7113,1.);
#4267=VECTOR('',#7116,1.);
#4268=VECTOR('',#7123,1.);
#4269=VECTOR('',#7124,1.);
#4270=VECTOR('',#7125,1.);
#4271=VECTOR('',#7126,1.);
#4272=VECTOR('',#7127,1.);
#4273=VECTOR('',#7128,1.);
#4274=VECTOR('',#7131,1.);
#4275=VECTOR('',#7132,1.);
#4276=VECTOR('',#7141,1.);
#4277=VECTOR('',#7142,1.);
#4278=VECTOR('',#7143,1.);
#4279=VECTOR('',#7146,1.);
#4280=VECTOR('',#7147,1.);
#4281=VECTOR('',#7152,1.);
#4282=VECTOR('',#7155,1.);
#4283=VECTOR('',#7156,1.);
#4284=VECTOR('',#7157,1.);
#4285=VECTOR('',#7160,1.);
#4286=VECTOR('',#7161,1.);
#4287=VECTOR('',#7164,1.);
#4288=VECTOR('',#7165,1.);
#4289=VECTOR('',#7168,1.);
#4290=VECTOR('',#7169,1.);
#4291=VECTOR('',#7170,1.);
#4292=VECTOR('',#7173,1.);
#4293=VECTOR('',#7174,1.);
#4294=VECTOR('',#7177,1.);
#4295=VECTOR('',#7178,1.);
#4296=VECTOR('',#7181,1.);
#4297=VECTOR('',#7182,1.);
#4298=VECTOR('',#7183,1.);
#4299=VECTOR('',#7186,1.);
#4300=VECTOR('',#7187,1.);
#4301=VECTOR('',#7190,1.);
#4302=VECTOR('',#7191,1.);
#4303=VECTOR('',#7194,1.);
#4304=VECTOR('',#7195,1.);
#4305=VECTOR('',#7196,1.);
#4306=VECTOR('',#7199,1.);
#4307=VECTOR('',#7200,1.);
#4308=VECTOR('',#7203,1.);
#4309=VECTOR('',#7204,1.);
#4310=VECTOR('',#7207,1.);
#4311=VECTOR('',#7208,1.);
#4312=VECTOR('',#7209,1.);
#4313=VECTOR('',#7212,1.);
#4314=VECTOR('',#7213,1.);
#4315=VECTOR('',#7216,1.);
#4316=VECTOR('',#7217,1.);
#4317=VECTOR('',#7232,1.);
#4318=VECTOR('',#7235,1.);
#4319=VECTOR('',#7238,1.);
#4320=VECTOR('',#7255,1.);
#4321=VECTOR('',#7256,1.);
#4322=VECTOR('',#7257,1.);
#4323=VECTOR('',#7260,1.);
#4324=VECTOR('',#7263,1.);
#4325=VECTOR('',#7264,1.);
#4326=VECTOR('',#7265,1.);
#4327=VECTOR('',#7268,1.);
#4328=VECTOR('',#7273,1.);
#4329=VECTOR('',#7274,1.);
#4330=VECTOR('',#7275,1.);
#4331=VECTOR('',#7276,1.);
#4332=VECTOR('',#7283,1.);
#4333=VECTOR('',#7284,1.);
#4334=VECTOR('',#7287,1.);
#4335=VECTOR('',#7290,1.);
#4336=VECTOR('',#7291,1.);
#4337=VECTOR('',#7294,1.);
#4338=VECTOR('',#7295,1.);
#4339=VECTOR('',#7298,1.);
#4340=VECTOR('',#7303,1.);
#4341=VECTOR('',#7306,1.);
#4342=VECTOR('',#7309,1.);
#4343=VECTOR('',#7314,1.);
#4344=VECTOR('',#7317,1.);
#4345=VECTOR('',#7322,1.);
#4346=VECTOR('',#7323,1.);
#4347=VECTOR('',#7330,1.);
#4348=VECTOR('',#7331,1.);
#4349=VECTOR('',#7340,1.);
#4350=VECTOR('',#7343,1.);
#4351=VECTOR('',#7348,1.);
#4352=VECTOR('',#7349,1.);
#4353=VECTOR('',#7358,1.);
#4354=VECTOR('',#7359,1.);
#4355=VECTOR('',#7360,1.);
#4356=VECTOR('',#7363,1.);
#4357=VECTOR('',#7364,1.);
#4358=VECTOR('',#7369,1.);
#4359=VECTOR('',#7372,1.);
#4360=VECTOR('',#7373,1.);
#4361=VECTOR('',#7374,1.);
#4362=VECTOR('',#7379,1.);
#4363=VECTOR('',#7382,1.);
#4364=VECTOR('',#7383,1.);
#4365=VECTOR('',#7386,1.);
#4366=VECTOR('',#7387,1.);
#4367=VECTOR('',#7388,1.);
#4368=VECTOR('',#7393,1.);
#4369=VECTOR('',#7396,1.);
#4370=VECTOR('',#7397,1.);
#4371=VECTOR('',#7400,1.);
#4372=VECTOR('',#7401,1.);
#4373=VECTOR('',#7402,1.);
#4374=VECTOR('',#7407,1.);
#4375=VECTOR('',#7410,1.);
#4376=VECTOR('',#7411,1.);
#4377=VECTOR('',#7414,1.);
#4378=VECTOR('',#7415,1.);
#4379=VECTOR('',#7416,1.);
#4380=VECTOR('',#7419,1.);
#4381=VECTOR('',#7420,1.);
#4382=VECTOR('',#7423,1.);
#4383=VECTOR('',#7424,1.);
#4384=VECTOR('',#7427,1.);
#4385=VECTOR('',#7428,1.);
#4386=VECTOR('',#7429,1.);
#4387=VECTOR('',#7432,1.);
#4388=VECTOR('',#7433,1.);
#4389=VECTOR('',#7436,1.);
#4390=VECTOR('',#7437,1.);
#4391=VECTOR('',#7444,1.);
#4392=VECTOR('',#7447,1.);
#4393=VECTOR('',#7450,1.);
#4394=VECTOR('',#7453,1.);
#4395=VECTOR('',#7456,1.);
#4396=VECTOR('',#7459,1.);
#4397=VECTOR('',#7474,1.);
#4398=VECTOR('',#7477,1.);
#4399=VECTOR('',#7480,1.);
#4400=VECTOR('',#7481,1.);
#4401=VECTOR('',#7484,1.);
#4402=VECTOR('',#7487,1.);
#4403=VECTOR('',#7488,1.);
#4404=VECTOR('',#7491,1.);
#4405=VECTOR('',#7492,1.);
#4406=VECTOR('',#7495,1.);
#4407=VECTOR('',#7500,1.);
#4408=VECTOR('',#7505,1.);
#4409=VECTOR('',#7506,1.);
#4410=VECTOR('',#7511,1.);
#4411=VECTOR('',#7514,1.);
#4412=VECTOR('',#7615,1.);
#4413=VECTOR('',#7616,1.);
#4414=EDGE_LOOP('',(#544,#545,#546,#547));
#4415=EDGE_LOOP('',(#548,#549,#550,#551));
#4416=EDGE_LOOP('',(#552,#553,#554,#555,#556,#557,#558,#559,#560,#561,#562,
#563,#564));
#4417=EDGE_LOOP('',(#565,#566,#567,#568,#569,#570));
#4418=EDGE_LOOP('',(#571,#572,#573,#574,#575,#576,#577,#578));
#4419=EDGE_LOOP('',(#579,#580,#581,#582));
#4420=EDGE_LOOP('',(#583,#584,#585,#586,#587,#588,#589,#590,#591,#592,#593,
#594,#595,#596));
#4421=EDGE_LOOP('',(#597,#598,#599,#600));
#4422=EDGE_LOOP('',(#601,#602,#603,#604,#605,#606,#607,#608));
#4423=EDGE_LOOP('',(#609,#610,#611,#612));
#4424=EDGE_LOOP('',(#613,#614,#615,#616));
#4425=EDGE_LOOP('',(#617,#618,#619,#620));
#4426=EDGE_LOOP('',(#621,#622,#623,#624));
#4427=EDGE_LOOP('',(#625,#626,#627,#628));
#4428=EDGE_LOOP('',(#629,#630,#631,#632));
#4429=EDGE_LOOP('',(#633,#634,#635,#636));
#4430=EDGE_LOOP('',(#637,#638,#639,#640));
#4431=EDGE_LOOP('',(#641,#642,#643,#644,#645));
#4432=EDGE_LOOP('',(#646,#647,#648,#649));
#4433=EDGE_LOOP('',(#650,#651,#652,#653,#654,#655,#656,#657,#658));
#4434=EDGE_LOOP('',(#659,#660,#661,#662,#663));
#4435=EDGE_LOOP('',(#664,#665,#666,#667,#668));
#4436=EDGE_LOOP('',(#669,#670,#671,#672,#673));
#4437=EDGE_LOOP('',(#674,#675,#676,#677,#678,#679,#680,#681,#682));
#4438=EDGE_LOOP('',(#683,#684,#685,#686,#687,#688,#689,#690,#691,#692,#693,
#694));
#4439=EDGE_LOOP('',(#695,#696,#697,#698,#699,#700,#701,#702,#703,#704,#705,
#706,#707,#708,#709));
#4440=EDGE_LOOP('',(#710,#711,#712,#713));
#4441=EDGE_LOOP('',(#714,#715,#716,#717));
#4442=EDGE_LOOP('',(#718,#719,#720,#721,#722,#723,#724,#725));
#4443=EDGE_LOOP('',(#726,#727,#728,#729));
#4444=EDGE_LOOP('',(#730,#731,#732,#733));
#4445=EDGE_LOOP('',(#734,#735,#736,#737));
#4446=EDGE_LOOP('',(#738,#739,#740,#741));
#4447=EDGE_LOOP('',(#742,#743,#744,#745));
#4448=EDGE_LOOP('',(#746,#747,#748,#749));
#4449=EDGE_LOOP('',(#750,#751,#752,#753));
#4450=EDGE_LOOP('',(#754,#755,#756,#757));
#4451=EDGE_LOOP('',(#758,#759,#760,#761,#762));
#4452=EDGE_LOOP('',(#763,#764,#765,#766));
#4453=EDGE_LOOP('',(#767,#768,#769,#770));
#4454=EDGE_LOOP('',(#771,#772,#773,#774));
#4455=EDGE_LOOP('',(#775,#776,#777,#778));
#4456=EDGE_LOOP('',(#779,#780,#781,#782));
#4457=EDGE_LOOP('',(#783,#784,#785,#786));
#4458=EDGE_LOOP('',(#787,#788,#789,#790));
#4459=EDGE_LOOP('',(#791,#792,#793,#794));
#4460=EDGE_LOOP('',(#795,#796,#797,#798));
#4461=EDGE_LOOP('',(#799,#800,#801,#802));
#4462=EDGE_LOOP('',(#803,#804,#805,#806));
#4463=EDGE_LOOP('',(#807,#808,#809,#810));
#4464=EDGE_LOOP('',(#811,#812,#813,#814));
#4465=EDGE_LOOP('',(#815,#816,#817,#818));
#4466=EDGE_LOOP('',(#819,#820,#821,#822));
#4467=EDGE_LOOP('',(#823,#824,#825,#826));
#4468=EDGE_LOOP('',(#827,#828,#829,#830));
#4469=EDGE_LOOP('',(#831,#832,#833,#834));
#4470=EDGE_LOOP('',(#835,#836,#837,#838));
#4471=EDGE_LOOP('',(#839,#840,#841,#842));
#4472=EDGE_LOOP('',(#843,#844,#845,#846));
#4473=EDGE_LOOP('',(#847,#848,#849,#850));
#4474=EDGE_LOOP('',(#851,#852,#853,#854));
#4475=EDGE_LOOP('',(#855,#856,#857,#858));
#4476=EDGE_LOOP('',(#859,#860,#861,#862));
#4477=EDGE_LOOP('',(#863,#864,#865,#866));
#4478=EDGE_LOOP('',(#867,#868,#869,#870));
#4479=EDGE_LOOP('',(#871,#872,#873,#874));
#4480=EDGE_LOOP('',(#875,#876,#877,#878));
#4481=EDGE_LOOP('',(#879,#880,#881,#882));
#4482=EDGE_LOOP('',(#883,#884,#885,#886));
#4483=EDGE_LOOP('',(#887,#888,#889,#890));
#4484=EDGE_LOOP('',(#891,#892,#893,#894));
#4485=EDGE_LOOP('',(#895,#896,#897,#898));
#4486=EDGE_LOOP('',(#899));
#4487=EDGE_LOOP('',(#900,#901,#902,#903,#904,#905,#906,#907));
#4488=EDGE_LOOP('',(#908,#909,#910,#911));
#4489=EDGE_LOOP('',(#912,#913,#914,#915));
#4490=EDGE_LOOP('',(#916,#917,#918,#919));
#4491=EDGE_LOOP('',(#920,#921,#922,#923));
#4492=EDGE_LOOP('',(#924,#925,#926,#927));
#4493=EDGE_LOOP('',(#928,#929,#930,#931));
#4494=EDGE_LOOP('',(#932,#933,#934,#935));
#4495=EDGE_LOOP('',(#936));
#4496=EDGE_LOOP('',(#937,#938,#939,#940,#941,#942,#943,#944));
#4497=EDGE_LOOP('',(#945,#946,#947,#948));
#4498=EDGE_LOOP('',(#949,#950,#951,#952));
#4499=EDGE_LOOP('',(#953,#954,#955,#956));
#4500=EDGE_LOOP('',(#957,#958,#959,#960));
#4501=EDGE_LOOP('',(#961));
#4502=EDGE_LOOP('',(#962));
#4503=EDGE_LOOP('',(#963));
#4504=EDGE_LOOP('',(#964));
#4505=EDGE_LOOP('',(#965));
#4506=EDGE_LOOP('',(#966));
#4507=EDGE_LOOP('',(#967));
#4508=EDGE_LOOP('',(#968));
#4509=EDGE_LOOP('',(#969));
#4510=EDGE_LOOP('',(#970,#971));
#4511=EDGE_LOOP('',(#972));
#4512=EDGE_LOOP('',(#973));
#4513=EDGE_LOOP('',(#974));
#4514=EDGE_LOOP('',(#975,#976,#977,#978,#979,#980,#981,#982,#983,#984,#985,
#986,#987,#988,#989,#990,#991,#992,#993,#994,#995,#996,#997,#998,#999,#1000,
#1001,#1002,#1003,#1004,#1005,#1006,#1007,#1008,#1009,#1010,#1011,#1012,
#1013,#1014,#1015,#1016));
#4515=EDGE_LOOP('',(#1017,#1018,#1019,#1020));
#4516=EDGE_LOOP('',(#1021,#1022,#1023,#1024,#1025,#1026,#1027,#1028,#1029,
#1030,#1031,#1032,#1033,#1034,#1035,#1036,#1037,#1038,#1039,#1040));
#4517=EDGE_LOOP('',(#1041,#1042,#1043,#1044));
#4518=EDGE_LOOP('',(#1045,#1046,#1047,#1048));
#4519=EDGE_LOOP('',(#1049,#1050,#1051,#1052));
#4520=EDGE_LOOP('',(#1053,#1054,#1055,#1056));
#4521=EDGE_LOOP('',(#1057,#1058,#1059,#1060));
#4522=EDGE_LOOP('',(#1061,#1062,#1063,#1064));
#4523=EDGE_LOOP('',(#1065,#1066,#1067,#1068));
#4524=EDGE_LOOP('',(#1069,#1070,#1071));
#4525=EDGE_LOOP('',(#1072,#1073,#1074,#1075));
#4526=EDGE_LOOP('',(#1076,#1077,#1078,#1079));
#4527=EDGE_LOOP('',(#1080,#1081,#1082,#1083));
#4528=EDGE_LOOP('',(#1084,#1085,#1086,#1087));
#4529=EDGE_LOOP('',(#1088,#1089,#1090,#1091));
#4530=EDGE_LOOP('',(#1092,#1093,#1094,#1095));
#4531=EDGE_LOOP('',(#1096,#1097,#1098,#1099));
#4532=EDGE_LOOP('',(#1100,#1101,#1102));
#4533=EDGE_LOOP('',(#1103,#1104,#1105));
#4534=EDGE_LOOP('',(#1106,#1107,#1108,#1109));
#4535=EDGE_LOOP('',(#1110,#1111,#1112,#1113));
#4536=EDGE_LOOP('',(#1114,#1115,#1116,#1117));
#4537=EDGE_LOOP('',(#1118,#1119,#1120,#1121));
#4538=EDGE_LOOP('',(#1122,#1123,#1124,#1125));
#4539=EDGE_LOOP('',(#1126,#1127,#1128,#1129));
#4540=EDGE_LOOP('',(#1130,#1131,#1132,#1133));
#4541=EDGE_LOOP('',(#1134,#1135,#1136,#1137));
#4542=EDGE_LOOP('',(#1138,#1139,#1140,#1141));
#4543=EDGE_LOOP('',(#1142,#1143,#1144,#1145));
#4544=EDGE_LOOP('',(#1146,#1147,#1148,#1149));
#4545=EDGE_LOOP('',(#1150,#1151,#1152,#1153));
#4546=EDGE_LOOP('',(#1154,#1155,#1156,#1157));
#4547=EDGE_LOOP('',(#1158,#1159,#1160,#1161));
#4548=EDGE_LOOP('',(#1162,#1163,#1164,#1165));
#4549=EDGE_LOOP('',(#1166,#1167,#1168));
#4550=EDGE_LOOP('',(#1169,#1170,#1171,#1172,#1173,#1174,#1175,#1176,#1177,
#1178,#1179,#1180,#1181,#1182,#1183,#1184,#1185,#1186,#1187,#1188,#1189,
#1190,#1191,#1192,#1193,#1194,#1195,#1196,#1197,#1198,#1199,#1200,#1201,
#1202,#1203,#1204,#1205,#1206,#1207,#1208,#1209,#1210));
#4551=EDGE_LOOP('',(#1211,#1212,#1213,#1214,#1215,#1216,#1217,#1218,#1219,
#1220,#1221,#1222,#1223,#1224,#1225,#1226,#1227,#1228,#1229,#1230));
#4552=EDGE_LOOP('',(#1231,#1232,#1233));
#4553=EDGE_LOOP('',(#1234,#1235,#1236,#1237));
#4554=EDGE_LOOP('',(#1238,#1239,#1240,#1241));
#4555=EDGE_LOOP('',(#1242,#1243,#1244,#1245));
#4556=EDGE_LOOP('',(#1246,#1247,#1248,#1249));
#4557=EDGE_LOOP('',(#1250,#1251,#1252,#1253));
#4558=EDGE_LOOP('',(#1254,#1255,#1256,#1257));
#4559=EDGE_LOOP('',(#1258,#1259,#1260,#1261));
#4560=EDGE_LOOP('',(#1262,#1263,#1264,#1265));
#4561=EDGE_LOOP('',(#1266,#1267,#1268,#1269));
#4562=EDGE_LOOP('',(#1270,#1271,#1272,#1273));
#4563=EDGE_LOOP('',(#1274,#1275,#1276,#1277));
#4564=EDGE_LOOP('',(#1278,#1279,#1280,#1281));
#4565=EDGE_LOOP('',(#1282,#1283,#1284,#1285));
#4566=EDGE_LOOP('',(#1286,#1287,#1288,#1289));
#4567=EDGE_LOOP('',(#1290,#1291,#1292,#1293));
#4568=EDGE_LOOP('',(#1294,#1295,#1296));
#4569=EDGE_LOOP('',(#1297,#1298,#1299,#1300,#1301,#1302,#1303,#1304,#1305,
#1306,#1307,#1308,#1309,#1310,#1311,#1312,#1313,#1314,#1315,#1316,#1317,
#1318,#1319,#1320,#1321,#1322,#1323,#1324,#1325,#1326,#1327,#1328,#1329,
#1330,#1331,#1332,#1333,#1334,#1335,#1336,#1337,#1338));
#4570=EDGE_LOOP('',(#1339,#1340,#1341,#1342,#1343,#1344,#1345,#1346,#1347,
#1348,#1349,#1350,#1351,#1352,#1353,#1354,#1355,#1356,#1357,#1358));
#4571=EDGE_LOOP('',(#1359,#1360,#1361,#1362,#1363,#1364,#1365,#1366,#1367,
#1368,#1369,#1370,#1371,#1372,#1373,#1374,#1375,#1376,#1377,#1378,#1379,
#1380,#1381,#1382,#1383,#1384,#1385,#1386,#1387,#1388,#1389,#1390,#1391,
#1392,#1393,#1394,#1395,#1396,#1397,#1398,#1399,#1400));
#4572=EDGE_LOOP('',(#1401,#1402,#1403,#1404));
#4573=EDGE_LOOP('',(#1405,#1406,#1407,#1408,#1409,#1410,#1411,#1412,#1413,
#1414,#1415,#1416,#1417,#1418,#1419,#1420,#1421,#1422,#1423,#1424));
#4574=EDGE_LOOP('',(#1425,#1426,#1427,#1428));
#4575=EDGE_LOOP('',(#1429,#1430,#1431,#1432));
#4576=EDGE_LOOP('',(#1433,#1434,#1435,#1436));
#4577=EDGE_LOOP('',(#1437,#1438,#1439,#1440));
#4578=EDGE_LOOP('',(#1441,#1442,#1443,#1444));
#4579=EDGE_LOOP('',(#1445,#1446,#1447,#1448));
#4580=EDGE_LOOP('',(#1449,#1450,#1451,#1452));
#4581=EDGE_LOOP('',(#1453,#1454,#1455));
#4582=EDGE_LOOP('',(#1456,#1457,#1458,#1459));
#4583=EDGE_LOOP('',(#1460,#1461,#1462,#1463));
#4584=EDGE_LOOP('',(#1464,#1465,#1466,#1467));
#4585=EDGE_LOOP('',(#1468,#1469,#1470,#1471));
#4586=EDGE_LOOP('',(#1472,#1473,#1474,#1475));
#4587=EDGE_LOOP('',(#1476,#1477,#1478,#1479));
#4588=EDGE_LOOP('',(#1480,#1481,#1482,#1483));
#4589=EDGE_LOOP('',(#1484,#1485,#1486));
#4590=EDGE_LOOP('',(#1487,#1488,#1489,#1490,#1491,#1492,#1493,#1494,#1495,
#1496,#1497,#1498,#1499,#1500,#1501,#1502,#1503,#1504,#1505,#1506,#1507,
#1508,#1509,#1510,#1511,#1512,#1513,#1514,#1515,#1516,#1517,#1518,#1519,
#1520,#1521,#1522,#1523,#1524,#1525,#1526,#1527,#1528));
#4591=EDGE_LOOP('',(#1529,#1530,#1531,#1532));
#4592=EDGE_LOOP('',(#1533,#1534,#1535,#1536));
#4593=EDGE_LOOP('',(#1537,#1538,#1539,#1540));
#4594=EDGE_LOOP('',(#1541));
#4595=EDGE_LOOP('',(#1542));
#4596=EDGE_LOOP('',(#1543,#1544,#1545,#1546,#1547,#1548,#1549,#1550));
#4597=EDGE_LOOP('',(#1551,#1552,#1553,#1554));
#4598=EDGE_LOOP('',(#1555,#1556,#1557,#1558));
#4599=EDGE_LOOP('',(#1559,#1560));
#4600=EDGE_LOOP('',(#1561,#1562,#1563,#1564));
#4601=EDGE_LOOP('',(#1565,#1566,#1567,#1568));
#4602=EDGE_LOOP('',(#1569,#1570,#1571,#1572));
#4603=EDGE_LOOP('',(#1573,#1574,#1575,#1576));
#4604=EDGE_LOOP('',(#1577,#1578,#1579,#1580));
#4605=EDGE_LOOP('',(#1581,#1582,#1583,#1584));
#4606=EDGE_LOOP('',(#1585,#1586,#1587,#1588));
#4607=EDGE_LOOP('',(#1589,#1590,#1591,#1592));
#4608=EDGE_LOOP('',(#1593,#1594,#1595,#1596));
#4609=EDGE_LOOP('',(#1597,#1598,#1599,#1600));
#4610=EDGE_LOOP('',(#1601,#1602,#1603,#1604));
#4611=EDGE_LOOP('',(#1605,#1606,#1607,#1608));
#4612=EDGE_LOOP('',(#1609,#1610,#1611,#1612));
#4613=EDGE_LOOP('',(#1613,#1614,#1615,#1616));
#4614=EDGE_LOOP('',(#1617,#1618,#1619,#1620));
#4615=EDGE_LOOP('',(#1621,#1622,#1623,#1624));
#4616=EDGE_LOOP('',(#1625,#1626,#1627,#1628));
#4617=EDGE_LOOP('',(#1629,#1630,#1631,#1632));
#4618=EDGE_LOOP('',(#1633,#1634,#1635,#1636));
#4619=EDGE_LOOP('',(#1637,#1638,#1639,#1640));
#4620=EDGE_LOOP('',(#1641,#1642,#1643,#1644));
#4621=EDGE_LOOP('',(#1645,#1646,#1647,#1648));
#4622=EDGE_LOOP('',(#1649,#1650,#1651,#1652));
#4623=EDGE_LOOP('',(#1653,#1654,#1655,#1656));
#4624=EDGE_LOOP('',(#1657,#1658,#1659,#1660));
#4625=EDGE_LOOP('',(#1661,#1662,#1663,#1664));
#4626=EDGE_LOOP('',(#1665,#1666,#1667,#1668));
#4627=EDGE_LOOP('',(#1669,#1670,#1671,#1672));
#4628=EDGE_LOOP('',(#1673,#1674,#1675,#1676));
#4629=EDGE_LOOP('',(#1677,#1678,#1679,#1680));
#4630=EDGE_LOOP('',(#1681,#1682,#1683,#1684,#1685,#1686,#1687,#1688,#1689,
#1690,#1691,#1692,#1693));
#4631=EDGE_LOOP('',(#1694,#1695,#1696,#1697));
#4632=EDGE_LOOP('',(#1698,#1699,#1700,#1701));
#4633=EDGE_LOOP('',(#1702,#1703,#1704,#1705));
#4634=EDGE_LOOP('',(#1706,#1707,#1708,#1709));
#4635=EDGE_LOOP('',(#1710,#1711,#1712,#1713,#1714,#1715,#1716,#1717,#1718,
#1719,#1720,#1721,#1722));
#4636=EDGE_LOOP('',(#1723,#1724,#1725,#1726));
#4637=EDGE_LOOP('',(#1727,#1728,#1729,#1730));
#4638=EDGE_LOOP('',(#1731,#1732,#1733,#1734));
#4639=EDGE_LOOP('',(#1735,#1736,#1737,#1738));
#4640=EDGE_LOOP('',(#1739,#1740,#1741,#1742));
#4641=EDGE_LOOP('',(#1743,#1744,#1745,#1746));
#4642=EDGE_LOOP('',(#1747,#1748,#1749,#1750,#1751,#1752,#1753,#1754));
#4643=EDGE_LOOP('',(#1755,#1756,#1757,#1758));
#4644=EDGE_LOOP('',(#1759,#1760,#1761,#1762));
#4645=EDGE_LOOP('',(#1763,#1764,#1765,#1766));
#4646=EDGE_LOOP('',(#1767,#1768,#1769,#1770));
#4647=EDGE_LOOP('',(#1771,#1772,#1773,#1774));
#4648=EDGE_LOOP('',(#1775,#1776,#1777,#1778));
#4649=EDGE_LOOP('',(#1779,#1780,#1781,#1782));
#4650=EDGE_LOOP('',(#1783,#1784,#1785,#1786,#1787));
#4651=EDGE_LOOP('',(#1788,#1789,#1790,#1791,#1792,#1793,#1794,#1795,#1796,
#1797,#1798,#1799));
#4652=EDGE_LOOP('',(#1800,#1801));
#4653=EDGE_LOOP('',(#1802,#1803,#1804,#1805));
#4654=EDGE_LOOP('',(#1806,#1807,#1808,#1809));
#4655=EDGE_LOOP('',(#1810,#1811,#1812,#1813));
#4656=EDGE_LOOP('',(#1814,#1815,#1816,#1817));
#4657=EDGE_LOOP('',(#1818,#1819,#1820,#1821));
#4658=EDGE_LOOP('',(#1822,#1823,#1824,#1825));
#4659=EDGE_LOOP('',(#1826,#1827,#1828,#1829));
#4660=EDGE_LOOP('',(#1830,#1831,#1832,#1833));
#4661=EDGE_LOOP('',(#1834,#1835,#1836,#1837));
#4662=EDGE_LOOP('',(#1838,#1839,#1840,#1841));
#4663=EDGE_LOOP('',(#1842,#1843,#1844,#1845));
#4664=EDGE_LOOP('',(#1846,#1847,#1848,#1849));
#4665=EDGE_LOOP('',(#1850,#1851,#1852,#1853));
#4666=EDGE_LOOP('',(#1854,#1855,#1856,#1857));
#4667=EDGE_LOOP('',(#1858,#1859,#1860,#1861));
#4668=EDGE_LOOP('',(#1862,#1863,#1864,#1865));
#4669=EDGE_LOOP('',(#1866,#1867,#1868,#1869));
#4670=EDGE_LOOP('',(#1870,#1871,#1872,#1873));
#4671=EDGE_LOOP('',(#1874,#1875,#1876,#1877));
#4672=EDGE_LOOP('',(#1878,#1879,#1880,#1881));
#4673=EDGE_LOOP('',(#1882,#1883,#1884,#1885));
#4674=EDGE_LOOP('',(#1886,#1887,#1888,#1889));
#4675=EDGE_LOOP('',(#1890,#1891,#1892,#1893));
#4676=EDGE_LOOP('',(#1894,#1895,#1896,#1897));
#4677=EDGE_LOOP('',(#1898,#1899,#1900,#1901));
#4678=EDGE_LOOP('',(#1902,#1903,#1904,#1905));
#4679=EDGE_LOOP('',(#1906,#1907,#1908,#1909));
#4680=EDGE_LOOP('',(#1910,#1911,#1912,#1913));
#4681=EDGE_LOOP('',(#1914,#1915,#1916,#1917));
#4682=EDGE_LOOP('',(#1918,#1919,#1920,#1921));
#4683=EDGE_LOOP('',(#1922,#1923,#1924,#1925));
#4684=EDGE_LOOP('',(#1926,#1927,#1928,#1929));
#4685=EDGE_LOOP('',(#1930,#1931,#1932,#1933));
#4686=EDGE_LOOP('',(#1934,#1935,#1936,#1937));
#4687=EDGE_LOOP('',(#1938,#1939,#1940,#1941));
#4688=EDGE_LOOP('',(#1942,#1943,#1944,#1945));
#4689=EDGE_LOOP('',(#1946,#1947,#1948,#1949));
#4690=EDGE_LOOP('',(#1950,#1951,#1952,#1953));
#4691=EDGE_LOOP('',(#1954,#1955,#1956,#1957));
#4692=EDGE_LOOP('',(#1958,#1959,#1960,#1961,#1962,#1963,#1964,#1965));
#4693=EDGE_LOOP('',(#1966,#1967,#1968,#1969));
#4694=EDGE_LOOP('',(#1970,#1971,#1972,#1973));
#4695=EDGE_LOOP('',(#1974,#1975,#1976,#1977));
#4696=EDGE_LOOP('',(#1978,#1979,#1980,#1981));
#4697=EDGE_LOOP('',(#1982,#1983,#1984,#1985));
#4698=EDGE_LOOP('',(#1986,#1987,#1988,#1989));
#4699=EDGE_LOOP('',(#1990,#1991,#1992,#1993));
#4700=EDGE_LOOP('',(#1994,#1995,#1996,#1997));
#4701=EDGE_LOOP('',(#1998,#1999,#2000,#2001));
#4702=EDGE_LOOP('',(#2002,#2003,#2004,#2005));
#4703=EDGE_LOOP('',(#2006,#2007,#2008,#2009));
#4704=EDGE_LOOP('',(#2010,#2011,#2012,#2013));
#4705=EDGE_LOOP('',(#2014,#2015,#2016,#2017));
#4706=EDGE_LOOP('',(#2018,#2019,#2020,#2021));
#4707=EDGE_LOOP('',(#2022,#2023,#2024,#2025));
#4708=EDGE_LOOP('',(#2026,#2027,#2028,#2029));
#4709=EDGE_LOOP('',(#2030,#2031,#2032,#2033));
#4710=EDGE_LOOP('',(#2034,#2035,#2036,#2037));
#4711=EDGE_LOOP('',(#2038,#2039,#2040,#2041));
#4712=EDGE_LOOP('',(#2042,#2043,#2044,#2045));
#4713=EDGE_LOOP('',(#2046,#2047,#2048,#2049));
#4714=EDGE_LOOP('',(#2050,#2051,#2052,#2053));
#4715=EDGE_LOOP('',(#2054,#2055,#2056,#2057));
#4716=EDGE_LOOP('',(#2058,#2059,#2060,#2061));
#4717=EDGE_LOOP('',(#2062,#2063,#2064,#2065));
#4718=EDGE_LOOP('',(#2066,#2067,#2068,#2069));
#4719=EDGE_LOOP('',(#2070,#2071,#2072,#2073));
#4720=EDGE_LOOP('',(#2074,#2075,#2076,#2077));
#4721=EDGE_LOOP('',(#2078,#2079,#2080,#2081,#2082,#2083));
#4722=EDGE_LOOP('',(#2084,#2085,#2086,#2087));
#4723=EDGE_LOOP('',(#2088,#2089,#2090,#2091));
#4724=EDGE_LOOP('',(#2092,#2093,#2094,#2095));
#4725=EDGE_LOOP('',(#2096,#2097,#2098,#2099));
#4726=EDGE_LOOP('',(#2100,#2101,#2102,#2103,#2104,#2105));
#4727=EDGE_LOOP('',(#2106,#2107,#2108,#2109,#2110,#2111));
#4728=EDGE_LOOP('',(#2112,#2113,#2114,#2115));
#4729=EDGE_LOOP('',(#2116,#2117,#2118,#2119));
#4730=EDGE_LOOP('',(#2120,#2121,#2122,#2123));
#4731=EDGE_LOOP('',(#2124,#2125,#2126,#2127));
#4732=EDGE_LOOP('',(#2128));
#4733=EDGE_LOOP('',(#2129));
#4734=EDGE_LOOP('',(#2130));
#4735=EDGE_LOOP('',(#2131));
#4736=EDGE_LOOP('',(#2132));
#4737=EDGE_LOOP('',(#2133));
#4738=FACE_BOUND('',#4414,.T.);
#4739=FACE_BOUND('',#4415,.T.);
#4740=FACE_BOUND('',#4416,.T.);
#4741=FACE_BOUND('',#4417,.T.);
#4742=FACE_BOUND('',#4418,.T.);
#4743=FACE_BOUND('',#4419,.T.);
#4744=FACE_BOUND('',#4420,.T.);
#4745=FACE_BOUND('',#4421,.T.);
#4746=FACE_BOUND('',#4422,.T.);
#4747=FACE_BOUND('',#4423,.T.);
#4748=FACE_BOUND('',#4424,.T.);
#4749=FACE_BOUND('',#4425,.T.);
#4750=FACE_BOUND('',#4426,.T.);
#4751=FACE_BOUND('',#4427,.T.);
#4752=FACE_BOUND('',#4428,.T.);
#4753=FACE_BOUND('',#4429,.T.);
#4754=FACE_BOUND('',#4430,.T.);
#4755=FACE_BOUND('',#4431,.T.);
#4756=FACE_BOUND('',#4432,.T.);
#4757=FACE_BOUND('',#4433,.T.);
#4758=FACE_BOUND('',#4434,.T.);
#4759=FACE_BOUND('',#4435,.T.);
#4760=FACE_BOUND('',#4436,.T.);
#4761=FACE_BOUND('',#4437,.T.);
#4762=FACE_BOUND('',#4438,.T.);
#4763=FACE_BOUND('',#4439,.T.);
#4764=FACE_BOUND('',#4440,.T.);
#4765=FACE_BOUND('',#4441,.T.);
#4766=FACE_BOUND('',#4442,.T.);
#4767=FACE_BOUND('',#4443,.T.);
#4768=FACE_BOUND('',#4444,.T.);
#4769=FACE_BOUND('',#4445,.T.);
#4770=FACE_BOUND('',#4446,.T.);
#4771=FACE_BOUND('',#4447,.T.);
#4772=FACE_BOUND('',#4448,.T.);
#4773=FACE_BOUND('',#4449,.T.);
#4774=FACE_BOUND('',#4450,.T.);
#4775=FACE_BOUND('',#4451,.T.);
#4776=FACE_BOUND('',#4452,.T.);
#4777=FACE_BOUND('',#4453,.T.);
#4778=FACE_BOUND('',#4454,.T.);
#4779=FACE_BOUND('',#4455,.T.);
#4780=FACE_BOUND('',#4456,.T.);
#4781=FACE_BOUND('',#4457,.T.);
#4782=FACE_BOUND('',#4458,.T.);
#4783=FACE_BOUND('',#4459,.T.);
#4784=FACE_BOUND('',#4460,.T.);
#4785=FACE_BOUND('',#4461,.T.);
#4786=FACE_BOUND('',#4462,.T.);
#4787=FACE_BOUND('',#4463,.T.);
#4788=FACE_BOUND('',#4464,.T.);
#4789=FACE_BOUND('',#4465,.T.);
#4790=FACE_BOUND('',#4466,.T.);
#4791=FACE_BOUND('',#4467,.T.);
#4792=FACE_BOUND('',#4468,.T.);
#4793=FACE_BOUND('',#4469,.T.);
#4794=FACE_BOUND('',#4470,.T.);
#4795=FACE_BOUND('',#4471,.T.);
#4796=FACE_BOUND('',#4472,.T.);
#4797=FACE_BOUND('',#4473,.T.);
#4798=FACE_BOUND('',#4474,.T.);
#4799=FACE_BOUND('',#4475,.T.);
#4800=FACE_BOUND('',#4476,.T.);
#4801=FACE_BOUND('',#4477,.T.);
#4802=FACE_BOUND('',#4478,.T.);
#4803=FACE_BOUND('',#4479,.T.);
#4804=FACE_BOUND('',#4480,.T.);
#4805=FACE_BOUND('',#4481,.T.);
#4806=FACE_BOUND('',#4482,.T.);
#4807=FACE_BOUND('',#4483,.T.);
#4808=FACE_BOUND('',#4484,.T.);
#4809=FACE_BOUND('',#4485,.T.);
#4810=FACE_BOUND('',#4486,.T.);
#4811=FACE_BOUND('',#4487,.T.);
#4812=FACE_BOUND('',#4488,.T.);
#4813=FACE_BOUND('',#4489,.T.);
#4814=FACE_BOUND('',#4490,.T.);
#4815=FACE_BOUND('',#4491,.T.);
#4816=FACE_BOUND('',#4492,.T.);
#4817=FACE_BOUND('',#4493,.T.);
#4818=FACE_BOUND('',#4494,.T.);
#4819=FACE_BOUND('',#4495,.T.);
#4820=FACE_BOUND('',#4496,.T.);
#4821=FACE_BOUND('',#4497,.T.);
#4822=FACE_BOUND('',#4498,.T.);
#4823=FACE_BOUND('',#4499,.T.);
#4824=FACE_BOUND('',#4500,.T.);
#4825=FACE_BOUND('',#4501,.T.);
#4826=FACE_BOUND('',#4502,.T.);
#4827=FACE_BOUND('',#4503,.T.);
#4828=FACE_BOUND('',#4504,.T.);
#4829=FACE_BOUND('',#4505,.T.);
#4830=FACE_BOUND('',#4506,.T.);
#4831=FACE_BOUND('',#4507,.T.);
#4832=FACE_BOUND('',#4508,.T.);
#4833=FACE_BOUND('',#4509,.T.);
#4834=FACE_BOUND('',#4510,.T.);
#4835=FACE_BOUND('',#4511,.T.);
#4836=FACE_BOUND('',#4512,.T.);
#4837=FACE_BOUND('',#4513,.T.);
#4838=FACE_BOUND('',#4514,.T.);
#4839=FACE_BOUND('',#4515,.T.);
#4840=FACE_BOUND('',#4516,.T.);
#4841=FACE_BOUND('',#4517,.T.);
#4842=FACE_BOUND('',#4518,.T.);
#4843=FACE_BOUND('',#4519,.T.);
#4844=FACE_BOUND('',#4520,.T.);
#4845=FACE_BOUND('',#4521,.T.);
#4846=FACE_BOUND('',#4522,.T.);
#4847=FACE_BOUND('',#4523,.T.);
#4848=FACE_BOUND('',#4524,.T.);
#4849=FACE_BOUND('',#4525,.T.);
#4850=FACE_BOUND('',#4526,.T.);
#4851=FACE_BOUND('',#4527,.T.);
#4852=FACE_BOUND('',#4528,.T.);
#4853=FACE_BOUND('',#4529,.T.);
#4854=FACE_BOUND('',#4530,.T.);
#4855=FACE_BOUND('',#4531,.T.);
#4856=FACE_BOUND('',#4532,.T.);
#4857=FACE_BOUND('',#4533,.T.);
#4858=FACE_BOUND('',#4534,.T.);
#4859=FACE_BOUND('',#4535,.T.);
#4860=FACE_BOUND('',#4536,.T.);
#4861=FACE_BOUND('',#4537,.T.);
#4862=FACE_BOUND('',#4538,.T.);
#4863=FACE_BOUND('',#4539,.T.);
#4864=FACE_BOUND('',#4540,.T.);
#4865=FACE_BOUND('',#4541,.T.);
#4866=FACE_BOUND('',#4542,.T.);
#4867=FACE_BOUND('',#4543,.T.);
#4868=FACE_BOUND('',#4544,.T.);
#4869=FACE_BOUND('',#4545,.T.);
#4870=FACE_BOUND('',#4546,.T.);
#4871=FACE_BOUND('',#4547,.T.);
#4872=FACE_BOUND('',#4548,.T.);
#4873=FACE_BOUND('',#4549,.T.);
#4874=FACE_BOUND('',#4550,.T.);
#4875=FACE_BOUND('',#4551,.T.);
#4876=FACE_BOUND('',#4552,.T.);
#4877=FACE_BOUND('',#4553,.T.);
#4878=FACE_BOUND('',#4554,.T.);
#4879=FACE_BOUND('',#4555,.T.);
#4880=FACE_BOUND('',#4556,.T.);
#4881=FACE_BOUND('',#4557,.T.);
#4882=FACE_BOUND('',#4558,.T.);
#4883=FACE_BOUND('',#4559,.T.);
#4884=FACE_BOUND('',#4560,.T.);
#4885=FACE_BOUND('',#4561,.T.);
#4886=FACE_BOUND('',#4562,.T.);
#4887=FACE_BOUND('',#4563,.T.);
#4888=FACE_BOUND('',#4564,.T.);
#4889=FACE_BOUND('',#4565,.T.);
#4890=FACE_BOUND('',#4566,.T.);
#4891=FACE_BOUND('',#4567,.T.);
#4892=FACE_BOUND('',#4568,.T.);
#4893=FACE_BOUND('',#4569,.T.);
#4894=FACE_BOUND('',#4570,.T.);
#4895=FACE_BOUND('',#4571,.T.);
#4896=FACE_BOUND('',#4572,.T.);
#4897=FACE_BOUND('',#4573,.T.);
#4898=FACE_BOUND('',#4574,.T.);
#4899=FACE_BOUND('',#4575,.T.);
#4900=FACE_BOUND('',#4576,.T.);
#4901=FACE_BOUND('',#4577,.T.);
#4902=FACE_BOUND('',#4578,.T.);
#4903=FACE_BOUND('',#4579,.T.);
#4904=FACE_BOUND('',#4580,.T.);
#4905=FACE_BOUND('',#4581,.T.);
#4906=FACE_BOUND('',#4582,.T.);
#4907=FACE_BOUND('',#4583,.T.);
#4908=FACE_BOUND('',#4584,.T.);
#4909=FACE_BOUND('',#4585,.T.);
#4910=FACE_BOUND('',#4586,.T.);
#4911=FACE_BOUND('',#4587,.T.);
#4912=FACE_BOUND('',#4588,.T.);
#4913=FACE_BOUND('',#4589,.T.);
#4914=FACE_BOUND('',#4590,.T.);
#4915=FACE_BOUND('',#4591,.T.);
#4916=FACE_BOUND('',#4592,.T.);
#4917=FACE_BOUND('',#4593,.T.);
#4918=FACE_BOUND('',#4594,.T.);
#4919=FACE_BOUND('',#4595,.T.);
#4920=FACE_BOUND('',#4596,.T.);
#4921=FACE_BOUND('',#4597,.T.);
#4922=FACE_BOUND('',#4598,.T.);
#4923=FACE_BOUND('',#4599,.T.);
#4924=FACE_BOUND('',#4600,.T.);
#4925=FACE_BOUND('',#4601,.T.);
#4926=FACE_BOUND('',#4602,.T.);
#4927=FACE_BOUND('',#4603,.T.);
#4928=FACE_BOUND('',#4604,.T.);
#4929=FACE_BOUND('',#4605,.T.);
#4930=FACE_BOUND('',#4606,.T.);
#4931=FACE_BOUND('',#4607,.T.);
#4932=FACE_BOUND('',#4608,.T.);
#4933=FACE_BOUND('',#4609,.T.);
#4934=FACE_BOUND('',#4610,.T.);
#4935=FACE_BOUND('',#4611,.T.);
#4936=FACE_BOUND('',#4612,.T.);
#4937=FACE_BOUND('',#4613,.T.);
#4938=FACE_BOUND('',#4614,.T.);
#4939=FACE_BOUND('',#4615,.T.);
#4940=FACE_BOUND('',#4616,.T.);
#4941=FACE_BOUND('',#4617,.T.);
#4942=FACE_BOUND('',#4618,.T.);
#4943=FACE_BOUND('',#4619,.T.);
#4944=FACE_BOUND('',#4620,.T.);
#4945=FACE_BOUND('',#4621,.T.);
#4946=FACE_BOUND('',#4622,.T.);
#4947=FACE_BOUND('',#4623,.T.);
#4948=FACE_BOUND('',#4624,.T.);
#4949=FACE_BOUND('',#4625,.T.);
#4950=FACE_BOUND('',#4626,.T.);
#4951=FACE_BOUND('',#4627,.T.);
#4952=FACE_BOUND('',#4628,.T.);
#4953=FACE_BOUND('',#4629,.T.);
#4954=FACE_BOUND('',#4630,.T.);
#4955=FACE_BOUND('',#4631,.T.);
#4956=FACE_BOUND('',#4632,.T.);
#4957=FACE_BOUND('',#4633,.T.);
#4958=FACE_BOUND('',#4634,.T.);
#4959=FACE_BOUND('',#4635,.T.);
#4960=FACE_BOUND('',#4636,.T.);
#4961=FACE_BOUND('',#4637,.T.);
#4962=FACE_BOUND('',#4638,.T.);
#4963=FACE_BOUND('',#4639,.T.);
#4964=FACE_BOUND('',#4640,.T.);
#4965=FACE_BOUND('',#4641,.T.);
#4966=FACE_BOUND('',#4642,.T.);
#4967=FACE_BOUND('',#4643,.T.);
#4968=FACE_BOUND('',#4644,.T.);
#4969=FACE_BOUND('',#4645,.T.);
#4970=FACE_BOUND('',#4646,.T.);
#4971=FACE_BOUND('',#4647,.T.);
#4972=FACE_BOUND('',#4648,.T.);
#4973=FACE_BOUND('',#4649,.T.);
#4974=FACE_BOUND('',#4650,.T.);
#4975=FACE_BOUND('',#4651,.T.);
#4976=FACE_BOUND('',#4652,.T.);
#4977=FACE_BOUND('',#4653,.T.);
#4978=FACE_BOUND('',#4654,.T.);
#4979=FACE_BOUND('',#4655,.T.);
#4980=FACE_BOUND('',#4656,.T.);
#4981=FACE_BOUND('',#4657,.T.);
#4982=FACE_BOUND('',#4658,.T.);
#4983=FACE_BOUND('',#4659,.T.);
#4984=FACE_BOUND('',#4660,.T.);
#4985=FACE_BOUND('',#4661,.T.);
#4986=FACE_BOUND('',#4662,.T.);
#4987=FACE_BOUND('',#4663,.T.);
#4988=FACE_BOUND('',#4664,.T.);
#4989=FACE_BOUND('',#4665,.T.);
#4990=FACE_BOUND('',#4666,.T.);
#4991=FACE_BOUND('',#4667,.T.);
#4992=FACE_BOUND('',#4668,.T.);
#4993=FACE_BOUND('',#4669,.T.);
#4994=FACE_BOUND('',#4670,.T.);
#4995=FACE_BOUND('',#4671,.T.);
#4996=FACE_BOUND('',#4672,.T.);
#4997=FACE_BOUND('',#4673,.T.);
#4998=FACE_BOUND('',#4674,.T.);
#4999=FACE_BOUND('',#4675,.T.);
#5000=FACE_BOUND('',#4676,.T.);
#5001=FACE_BOUND('',#4677,.T.);
#5002=FACE_BOUND('',#4678,.T.);
#5003=FACE_BOUND('',#4679,.T.);
#5004=FACE_BOUND('',#4680,.T.);
#5005=FACE_BOUND('',#4681,.T.);
#5006=FACE_BOUND('',#4682,.T.);
#5007=FACE_BOUND('',#4683,.T.);
#5008=FACE_BOUND('',#4684,.T.);
#5009=FACE_BOUND('',#4685,.T.);
#5010=FACE_BOUND('',#4686,.T.);
#5011=FACE_BOUND('',#4687,.T.);
#5012=FACE_BOUND('',#4688,.T.);
#5013=FACE_BOUND('',#4689,.T.);
#5014=FACE_BOUND('',#4690,.T.);
#5015=FACE_BOUND('',#4691,.T.);
#5016=FACE_BOUND('',#4692,.T.);
#5017=FACE_BOUND('',#4693,.T.);
#5018=FACE_BOUND('',#4694,.T.);
#5019=FACE_BOUND('',#4695,.T.);
#5020=FACE_BOUND('',#4696,.T.);
#5021=FACE_BOUND('',#4697,.T.);
#5022=FACE_BOUND('',#4698,.T.);
#5023=FACE_BOUND('',#4699,.T.);
#5024=FACE_BOUND('',#4700,.T.);
#5025=FACE_BOUND('',#4701,.T.);
#5026=FACE_BOUND('',#4702,.T.);
#5027=FACE_BOUND('',#4703,.T.);
#5028=FACE_BOUND('',#4704,.T.);
#5029=FACE_BOUND('',#4705,.T.);
#5030=FACE_BOUND('',#4706,.T.);
#5031=FACE_BOUND('',#4707,.T.);
#5032=FACE_BOUND('',#4708,.T.);
#5033=FACE_BOUND('',#4709,.T.);
#5034=FACE_BOUND('',#4710,.T.);
#5035=FACE_BOUND('',#4711,.T.);
#5036=FACE_BOUND('',#4712,.T.);
#5037=FACE_BOUND('',#4713,.T.);
#5038=FACE_BOUND('',#4714,.T.);
#5039=FACE_BOUND('',#4715,.T.);
#5040=FACE_BOUND('',#4716,.T.);
#5041=FACE_BOUND('',#4717,.T.);
#5042=FACE_BOUND('',#4718,.T.);
#5043=FACE_BOUND('',#4719,.T.);
#5044=FACE_BOUND('',#4720,.T.);
#5045=FACE_BOUND('',#4721,.T.);
#5046=FACE_BOUND('',#4722,.T.);
#5047=FACE_BOUND('',#4723,.T.);
#5048=FACE_BOUND('',#4724,.T.);
#5049=FACE_BOUND('',#4725,.T.);
#5050=FACE_BOUND('',#4726,.T.);
#5051=FACE_BOUND('',#4727,.T.);
#5052=FACE_BOUND('',#4728,.T.);
#5053=FACE_BOUND('',#4729,.T.);
#5054=FACE_BOUND('',#4730,.T.);
#5055=FACE_BOUND('',#4731,.T.);
#5056=FACE_BOUND('',#4732,.T.);
#5057=FACE_BOUND('',#4733,.T.);
#5058=FACE_BOUND('',#4734,.T.);
#5059=FACE_BOUND('',#4735,.T.);
#5060=FACE_BOUND('',#4736,.T.);
#5061=FACE_BOUND('',#4737,.T.);
#5062=CYLINDRICAL_SURFACE('',#5454,0.0128921276480053);
#5063=CYLINDRICAL_SURFACE('',#5457,0.0128921276480053);
#5064=CYLINDRICAL_SURFACE('',#5495,0.0128921276480053);
#5065=CYLINDRICAL_SURFACE('',#5500,0.013218308969136);
#5066=CYLINDRICAL_SURFACE('',#5522,0.029);
#5067=CYLINDRICAL_SURFACE('',#5527,0.023);
#5068=CYLINDRICAL_SURFACE('',#5530,0.023);
#5069=CYLINDRICAL_SURFACE('',#5533,0.023);
#5070=CYLINDRICAL_SURFACE('',#5549,0.0245);
#5071=CYLINDRICAL_SURFACE('',#5552,0.0245);
#5072=CYLINDRICAL_SURFACE('',#5555,0.0245);
#5073=CYLINDRICAL_SURFACE('',#5571,0.026);
#5074=CYLINDRICAL_SURFACE('',#5574,0.026);
#5075=CYLINDRICAL_SURFACE('',#5577,0.026);
#5076=CYLINDRICAL_SURFACE('',#5593,0.0275);
#5077=CYLINDRICAL_SURFACE('',#5596,0.0275);
#5078=CYLINDRICAL_SURFACE('',#5599,0.0275);
#5079=CYLINDRICAL_SURFACE('',#5629,0.023);
#5080=CYLINDRICAL_SURFACE('',#5634,0.0245);
#5081=CYLINDRICAL_SURFACE('',#5638,0.026);
#5082=CYLINDRICAL_SURFACE('',#5643,0.0275);
#5083=CYLINDRICAL_SURFACE('',#5655,0.02225);
#5084=CYLINDRICAL_SURFACE('',#5661,0.02);
#5085=CYLINDRICAL_SURFACE('',#5665,0.0215);
#5086=CYLINDRICAL_SURFACE('',#5670,0.006733);
#5087=CYLINDRICAL_SURFACE('',#5681,0.0225);
#5088=CYLINDRICAL_SURFACE('',#5742,0.006733);
#5089=CYLINDRICAL_SURFACE('',#5743,0.0225);
#5090=CYLINDRICAL_SURFACE('',#5779,0.006733);
#5091=CYLINDRICAL_SURFACE('',#5780,0.0225);
#5092=CYLINDRICAL_SURFACE('',#5781,0.006733);
#5093=CYLINDRICAL_SURFACE('',#5792,0.0225);
#5094=CYLINDRICAL_SURFACE('',#5831,0.0025);
#5095=CYLINDRICAL_SURFACE('',#5838,0.0025);
#5096=CYLINDRICAL_SURFACE('',#5843,0.0097729140280736);
#5097=CYLINDRICAL_SURFACE('',#5860,0.00710782684741534);
#5098=CYLINDRICAL_SURFACE('',#5862,0.00719565649560554);
#5099=CYLINDRICAL_SURFACE('',#5864,0.00523700280507674);
#5100=CYLINDRICAL_SURFACE('',#5875,0.029);
#5101=CYLINDRICAL_SURFACE('',#5888,0.0015);
#5102=CYLINDRICAL_SURFACE('',#5896,0.0015);
#5103=CYLINDRICAL_SURFACE('',#5898,0.0025);
#5104=CYLINDRICAL_SURFACE('',#5901,0.0025);
#5105=CYLINDRICAL_SURFACE('',#5906,0.013218308969136);
#5106=CYLINDRICAL_SURFACE('',#5913,0.0097729140280736);
#5107=CYLINDRICAL_SURFACE('',#5916,0.00710782684741534);
#5108=CYLINDRICAL_SURFACE('',#5920,0.00719565649560554);
#5109=CYLINDRICAL_SURFACE('',#5924,0.00523700280507674);
#5110=CYLINDRICAL_SURFACE('',#5933,0.0128921276480053);
#5111=CYLINDRICAL_SURFACE('',#5953,0.0015);
#5112=CYLINDRICAL_SURFACE('',#5960,0.0015);
#5113=CYLINDRICAL_SURFACE('',#5962,0.0005);
#5114=CYLINDRICAL_SURFACE('',#5966,0.0005);
#5115=CYLINDRICAL_SURFACE('',#5967,0.0005);
#5116=CYLINDRICAL_SURFACE('',#5971,0.0005);
#5117=CYLINDRICAL_SURFACE('',#5972,0.0005);
#5118=CYLINDRICAL_SURFACE('',#5976,0.0005);
#5119=CYLINDRICAL_SURFACE('',#5977,0.0005);
#5120=CYLINDRICAL_SURFACE('',#5981,0.0005);
#5121=CYLINDRICAL_SURFACE('',#5983,0.0005);
#5122=CYLINDRICAL_SURFACE('',#5984,0.0005);
#5123=CYLINDRICAL_SURFACE('',#5985,0.0005);
#5124=CYLINDRICAL_SURFACE('',#5986,0.0005);
#5125=CYLINDRICAL_SURFACE('',#5987,0.0005);
#5126=CYLINDRICAL_SURFACE('',#5988,0.0005);
#5127=CYLINDRICAL_SURFACE('',#5989,0.0005);
#5128=CYLINDRICAL_SURFACE('',#5990,0.0005);
#5129=CYLINDRICAL_SURFACE('',#5992,0.0005);
#5130=CYLINDRICAL_SURFACE('',#5993,0.0005);
#5131=CYLINDRICAL_SURFACE('',#5995,0.0005);
#5132=CYLINDRICAL_SURFACE('',#5996,0.0005);
#5133=CYLINDRICAL_SURFACE('',#5998,0.0005);
#5134=CYLINDRICAL_SURFACE('',#6000,0.0005);
#5135=CYLINDRICAL_SURFACE('',#6001,0.0005);
#5136=CYLINDRICAL_SURFACE('',#6003,0.0005);
#5137=CYLINDRICAL_SURFACE('',#6005,0.0005);
#5138=CYLINDRICAL_SURFACE('',#6006,0.0005);
#5139=CYLINDRICAL_SURFACE('',#6009,0.0005);
#5140=CYLINDRICAL_SURFACE('',#6013,0.002);
#5141=CYLINDRICAL_SURFACE('',#6016,0.002);
#5142=ADVANCED_FACE('',(#4738),#5062,.T.);
#5143=ADVANCED_FACE('',(#4739),#5063,.T.);
#5144=ADVANCED_FACE('',(#4740),#43,.F.);
#5145=ADVANCED_FACE('',(#4741),#44,.T.);
#5146=ADVANCED_FACE('',(#4742),#45,.F.);
#5147=ADVANCED_FACE('',(#4743),#46,.F.);
#5148=ADVANCED_FACE('',(#4744),#47,.T.);
#5149=ADVANCED_FACE('',(#4745),#48,.T.);
#5150=ADVANCED_FACE('',(#4746),#49,.F.);
#5151=ADVANCED_FACE('',(#4747),#50,.F.);
#5152=ADVANCED_FACE('',(#4748,#4749,#4750,#4751,#4752,#4753,#4754),#51,
 .T.);
#5153=ADVANCED_FACE('',(#4755),#52,.F.);
#5154=ADVANCED_FACE('',(#4756),#53,.T.);
#5155=ADVANCED_FACE('',(#4757),#54,.T.);
#5156=ADVANCED_FACE('',(#4758),#55,.F.);
#5157=ADVANCED_FACE('',(#4759),#56,.F.);
#5158=ADVANCED_FACE('',(#4760),#5064,.T.);
#5159=ADVANCED_FACE('',(#4761),#57,.F.);
#5160=ADVANCED_FACE('',(#4762),#5065,.T.);
#5161=ADVANCED_FACE('',(#4763),#58,.T.);
#5162=ADVANCED_FACE('',(#4764),#59,.T.);
#5163=ADVANCED_FACE('',(#4765),#60,.T.);
#5164=ADVANCED_FACE('',(#4766),#61,.T.);
#5165=ADVANCED_FACE('',(#4767,#4768,#4769,#4770,#4771,#4772,#4773),#62,
 .T.);
#5166=ADVANCED_FACE('',(#4774),#5066,.T.);
#5167=ADVANCED_FACE('',(#4775),#63,.F.);
#5168=ADVANCED_FACE('',(#4776),#5067,.T.);
#5169=ADVANCED_FACE('',(#4777),#5068,.T.);
#5170=ADVANCED_FACE('',(#4778),#5069,.T.);
#5171=ADVANCED_FACE('',(#4779),#64,.F.);
#5172=ADVANCED_FACE('',(#4780),#65,.F.);
#5173=ADVANCED_FACE('',(#4781),#66,.F.);
#5174=ADVANCED_FACE('',(#4782),#5070,.T.);
#5175=ADVANCED_FACE('',(#4783),#5071,.T.);
#5176=ADVANCED_FACE('',(#4784),#5072,.T.);
#5177=ADVANCED_FACE('',(#4785),#67,.F.);
#5178=ADVANCED_FACE('',(#4786),#68,.F.);
#5179=ADVANCED_FACE('',(#4787),#69,.F.);
#5180=ADVANCED_FACE('',(#4788),#5073,.T.);
#5181=ADVANCED_FACE('',(#4789),#5074,.T.);
#5182=ADVANCED_FACE('',(#4790),#5075,.T.);
#5183=ADVANCED_FACE('',(#4791),#70,.F.);
#5184=ADVANCED_FACE('',(#4792),#71,.F.);
#5185=ADVANCED_FACE('',(#4793),#72,.F.);
#5186=ADVANCED_FACE('',(#4794),#5076,.T.);
#5187=ADVANCED_FACE('',(#4795),#5077,.T.);
#5188=ADVANCED_FACE('',(#4796),#5078,.T.);
#5189=ADVANCED_FACE('',(#4797),#19,.T.);
#5190=ADVANCED_FACE('',(#4798),#20,.T.);
#5191=ADVANCED_FACE('',(#4799),#21,.T.);
#5192=ADVANCED_FACE('',(#4800),#22,.T.);
#5193=ADVANCED_FACE('',(#4801),#23,.T.);
#5194=ADVANCED_FACE('',(#4802),#24,.T.);
#5195=ADVANCED_FACE('',(#4803),#25,.T.);
#5196=ADVANCED_FACE('',(#4804),#26,.T.);
#5197=ADVANCED_FACE('',(#4805),#27,.T.);
#5198=ADVANCED_FACE('',(#4806),#28,.T.);
#5199=ADVANCED_FACE('',(#4807),#29,.T.);
#5200=ADVANCED_FACE('',(#4808),#30,.T.);
#5201=ADVANCED_FACE('',(#4809),#31,.T.);
#5202=ADVANCED_FACE('',(#4810,#4811),#73,.F.);
#5203=ADVANCED_FACE('',(#4812),#5079,.T.);
#5204=ADVANCED_FACE('',(#4813),#74,.F.);
#5205=ADVANCED_FACE('',(#4814),#5080,.T.);
#5206=ADVANCED_FACE('',(#4815),#75,.F.);
#5207=ADVANCED_FACE('',(#4816),#5081,.T.);
#5208=ADVANCED_FACE('',(#4817),#76,.F.);
#5209=ADVANCED_FACE('',(#4818),#5082,.T.);
#5210=ADVANCED_FACE('',(#4819,#4820),#77,.F.);
#5211=ADVANCED_FACE('',(#4821),#32,.T.);
#5212=ADVANCED_FACE('',(#4822),#33,.T.);
#5213=ADVANCED_FACE('',(#4823),#34,.T.);
#5214=ADVANCED_FACE('',(#4824,#4825),#5083,.F.);
#5215=ADVANCED_FACE('',(#4826,#4827),#78,.F.);
#5216=ADVANCED_FACE('',(#4828,#4829),#5084,.F.);
#5217=ADVANCED_FACE('',(#4830,#4831),#79,.F.);
#5218=ADVANCED_FACE('',(#4832,#4833),#5085,.T.);
#5219=ADVANCED_FACE('',(#4834,#4835),#35,.T.);
#5220=ADVANCED_FACE('',(#4836,#4837),#36,.T.);
#5221=ADVANCED_FACE('',(#4838),#5086,.T.);
#5222=ADVANCED_FACE('',(#4839),#80,.F.);
#5223=ADVANCED_FACE('',(#4840),#5087,.F.);
#5224=ADVANCED_FACE('',(#4841),#81,.T.);
#5225=ADVANCED_FACE('',(#4842),#82,.F.);
#5226=ADVANCED_FACE('',(#4843),#83,.T.);
#5227=ADVANCED_FACE('',(#4844),#84,.F.);
#5228=ADVANCED_FACE('',(#4845),#85,.T.);
#5229=ADVANCED_FACE('',(#4846),#86,.T.);
#5230=ADVANCED_FACE('',(#4847),#87,.T.);
#5231=ADVANCED_FACE('',(#4848),#88,.T.);
#5232=ADVANCED_FACE('',(#4849),#89,.T.);
#5233=ADVANCED_FACE('',(#4850),#90,.T.);
#5234=ADVANCED_FACE('',(#4851),#91,.T.);
#5235=ADVANCED_FACE('',(#4852),#92,.T.);
#5236=ADVANCED_FACE('',(#4853),#93,.T.);
#5237=ADVANCED_FACE('',(#4854),#94,.F.);
#5238=ADVANCED_FACE('',(#4855),#95,.T.);
#5239=ADVANCED_FACE('',(#4856),#96,.T.);
#5240=ADVANCED_FACE('',(#4857),#97,.T.);
#5241=ADVANCED_FACE('',(#4858),#98,.F.);
#5242=ADVANCED_FACE('',(#4859),#99,.T.);
#5243=ADVANCED_FACE('',(#4860),#100,.T.);
#5244=ADVANCED_FACE('',(#4861),#101,.T.);
#5245=ADVANCED_FACE('',(#4862),#102,.T.);
#5246=ADVANCED_FACE('',(#4863),#103,.T.);
#5247=ADVANCED_FACE('',(#4864),#104,.T.);
#5248=ADVANCED_FACE('',(#4865),#105,.T.);
#5249=ADVANCED_FACE('',(#4866),#106,.F.);
#5250=ADVANCED_FACE('',(#4867),#107,.T.);
#5251=ADVANCED_FACE('',(#4868),#108,.F.);
#5252=ADVANCED_FACE('',(#4869),#109,.T.);
#5253=ADVANCED_FACE('',(#4870),#110,.F.);
#5254=ADVANCED_FACE('',(#4871),#111,.T.);
#5255=ADVANCED_FACE('',(#4872),#112,.T.);
#5256=ADVANCED_FACE('',(#4873),#113,.T.);
#5257=ADVANCED_FACE('',(#4874),#5088,.T.);
#5258=ADVANCED_FACE('',(#4875),#5089,.F.);
#5259=ADVANCED_FACE('',(#4876),#114,.T.);
#5260=ADVANCED_FACE('',(#4877),#115,.F.);
#5261=ADVANCED_FACE('',(#4878),#116,.T.);
#5262=ADVANCED_FACE('',(#4879),#117,.T.);
#5263=ADVANCED_FACE('',(#4880),#118,.T.);
#5264=ADVANCED_FACE('',(#4881),#119,.T.);
#5265=ADVANCED_FACE('',(#4882),#120,.T.);
#5266=ADVANCED_FACE('',(#4883),#121,.T.);
#5267=ADVANCED_FACE('',(#4884),#122,.T.);
#5268=ADVANCED_FACE('',(#4885),#123,.F.);
#5269=ADVANCED_FACE('',(#4886),#124,.T.);
#5270=ADVANCED_FACE('',(#4887),#125,.F.);
#5271=ADVANCED_FACE('',(#4888),#126,.T.);
#5272=ADVANCED_FACE('',(#4889),#127,.F.);
#5273=ADVANCED_FACE('',(#4890),#128,.T.);
#5274=ADVANCED_FACE('',(#4891),#129,.T.);
#5275=ADVANCED_FACE('',(#4892),#130,.T.);
#5276=ADVANCED_FACE('',(#4893),#5090,.T.);
#5277=ADVANCED_FACE('',(#4894),#5091,.F.);
#5278=ADVANCED_FACE('',(#4895),#5092,.T.);
#5279=ADVANCED_FACE('',(#4896),#131,.F.);
#5280=ADVANCED_FACE('',(#4897),#5093,.F.);
#5281=ADVANCED_FACE('',(#4898),#132,.T.);
#5282=ADVANCED_FACE('',(#4899),#133,.F.);
#5283=ADVANCED_FACE('',(#4900),#134,.T.);
#5284=ADVANCED_FACE('',(#4901),#135,.F.);
#5285=ADVANCED_FACE('',(#4902),#136,.T.);
#5286=ADVANCED_FACE('',(#4903),#137,.T.);
#5287=ADVANCED_FACE('',(#4904),#138,.T.);
#5288=ADVANCED_FACE('',(#4905),#139,.T.);
#5289=ADVANCED_FACE('',(#4906),#140,.T.);
#5290=ADVANCED_FACE('',(#4907),#141,.T.);
#5291=ADVANCED_FACE('',(#4908),#142,.T.);
#5292=ADVANCED_FACE('',(#4909),#143,.T.);
#5293=ADVANCED_FACE('',(#4910),#144,.T.);
#5294=ADVANCED_FACE('',(#4911),#145,.F.);
#5295=ADVANCED_FACE('',(#4912),#146,.T.);
#5296=ADVANCED_FACE('',(#4913),#147,.T.);
#5297=ADVANCED_FACE('',(#4914),#148,.T.);
#5298=ADVANCED_FACE('',(#4915),#149,.T.);
#5299=ADVANCED_FACE('',(#4916),#5094,.T.);
#5300=ADVANCED_FACE('',(#4917),#150,.T.);
#5301=ADVANCED_FACE('',(#4918,#4919,#4920),#151,.F.);
#5302=ADVANCED_FACE('',(#4921),#152,.F.);
#5303=ADVANCED_FACE('',(#4922),#5095,.T.);
#5304=ADVANCED_FACE('',(#4923),#153,.F.);
#5305=ADVANCED_FACE('',(#4924),#154,.T.);
#5306=ADVANCED_FACE('',(#4925),#155,.T.);
#5307=ADVANCED_FACE('',(#4926),#5096,.F.);
#5308=ADVANCED_FACE('',(#4927),#156,.F.);
#5309=ADVANCED_FACE('',(#4928),#157,.F.);
#5310=ADVANCED_FACE('',(#4929),#158,.F.);
#5311=ADVANCED_FACE('',(#4930),#159,.F.);
#5312=ADVANCED_FACE('',(#4931),#160,.F.);
#5313=ADVANCED_FACE('',(#4932),#161,.F.);
#5314=ADVANCED_FACE('',(#4933),#162,.F.);
#5315=ADVANCED_FACE('',(#4934),#163,.F.);
#5316=ADVANCED_FACE('',(#4935),#164,.F.);
#5317=ADVANCED_FACE('',(#4936),#165,.F.);
#5318=ADVANCED_FACE('',(#4937),#166,.F.);
#5319=ADVANCED_FACE('',(#4938),#167,.F.);
#5320=ADVANCED_FACE('',(#4939),#168,.T.);
#5321=ADVANCED_FACE('',(#4940),#169,.F.);
#5322=ADVANCED_FACE('',(#4941),#170,.F.);
#5323=ADVANCED_FACE('',(#4942),#5097,.F.);
#5324=ADVANCED_FACE('',(#4943),#5098,.F.);
#5325=ADVANCED_FACE('',(#4944),#5099,.F.);
#5326=ADVANCED_FACE('',(#4945),#171,.F.);
#5327=ADVANCED_FACE('',(#4946),#172,.F.);
#5328=ADVANCED_FACE('',(#4947),#173,.T.);
#5329=ADVANCED_FACE('',(#4948),#174,.F.);
#5330=ADVANCED_FACE('',(#4949),#175,.F.);
#5331=ADVANCED_FACE('',(#4950),#176,.F.);
#5332=ADVANCED_FACE('',(#4951),#177,.F.);
#5333=ADVANCED_FACE('',(#4952),#178,.F.);
#5334=ADVANCED_FACE('',(#4953),#179,.F.);
#5335=ADVANCED_FACE('',(#4954),#5100,.F.);
#5336=ADVANCED_FACE('',(#4955),#180,.T.);
#5337=ADVANCED_FACE('',(#4956),#181,.F.);
#5338=ADVANCED_FACE('',(#4957),#182,.T.);
#5339=ADVANCED_FACE('',(#4958),#183,.F.);
#5340=ADVANCED_FACE('',(#4959),#184,.F.);
#5341=ADVANCED_FACE('',(#4960),#185,.F.);
#5342=ADVANCED_FACE('',(#4961),#186,.T.);
#5343=ADVANCED_FACE('',(#4962),#187,.F.);
#5344=ADVANCED_FACE('',(#4963),#188,.F.);
#5345=ADVANCED_FACE('',(#4964),#5101,.F.);
#5346=ADVANCED_FACE('',(#4965),#189,.T.);
#5347=ADVANCED_FACE('',(#4966),#190,.T.);
#5348=ADVANCED_FACE('',(#4967),#191,.T.);
#5349=ADVANCED_FACE('',(#4968),#192,.F.);
#5350=ADVANCED_FACE('',(#4969),#5102,.F.);
#5351=ADVANCED_FACE('',(#4970),#193,.F.);
#5352=ADVANCED_FACE('',(#4971),#5103,.T.);
#5353=ADVANCED_FACE('',(#4972),#194,.F.);
#5354=ADVANCED_FACE('',(#4973),#5104,.T.);
#5355=ADVANCED_FACE('',(#4974),#195,.F.);
#5356=ADVANCED_FACE('',(#4975),#5105,.T.);
#5357=ADVANCED_FACE('',(#4976),#196,.F.);
#5358=ADVANCED_FACE('',(#4977),#197,.F.);
#5359=ADVANCED_FACE('',(#4978),#198,.F.);
#5360=ADVANCED_FACE('',(#4979),#5106,.F.);
#5361=ADVANCED_FACE('',(#4980),#199,.T.);
#5362=ADVANCED_FACE('',(#4981),#5107,.F.);
#5363=ADVANCED_FACE('',(#4982),#200,.T.);
#5364=ADVANCED_FACE('',(#4983),#201,.T.);
#5365=ADVANCED_FACE('',(#4984),#5108,.F.);
#5366=ADVANCED_FACE('',(#4985),#202,.T.);
#5367=ADVANCED_FACE('',(#4986),#203,.T.);
#5368=ADVANCED_FACE('',(#4987),#5109,.F.);
#5369=ADVANCED_FACE('',(#4988),#204,.T.);
#5370=ADVANCED_FACE('',(#4989),#205,.T.);
#5371=ADVANCED_FACE('',(#4990),#206,.T.);
#5372=ADVANCED_FACE('',(#4991),#207,.T.);
#5373=ADVANCED_FACE('',(#4992),#208,.F.);
#5374=ADVANCED_FACE('',(#4993),#209,.T.);
#5375=ADVANCED_FACE('',(#4994),#210,.T.);
#5376=ADVANCED_FACE('',(#4995),#5110,.T.);
#5377=ADVANCED_FACE('',(#4996),#211,.T.);
#5378=ADVANCED_FACE('',(#4997),#212,.T.);
#5379=ADVANCED_FACE('',(#4998),#213,.T.);
#5380=ADVANCED_FACE('',(#4999),#214,.T.);
#5381=ADVANCED_FACE('',(#5000),#215,.T.);
#5382=ADVANCED_FACE('',(#5001),#216,.F.);
#5383=ADVANCED_FACE('',(#5002),#217,.F.);
#5384=ADVANCED_FACE('',(#5003),#218,.F.);
#5385=ADVANCED_FACE('',(#5004),#219,.F.);
#5386=ADVANCED_FACE('',(#5005),#220,.F.);
#5387=ADVANCED_FACE('',(#5006),#221,.F.);
#5388=ADVANCED_FACE('',(#5007),#222,.F.);
#5389=ADVANCED_FACE('',(#5008),#223,.T.);
#5390=ADVANCED_FACE('',(#5009),#224,.T.);
#5391=ADVANCED_FACE('',(#5010),#225,.T.);
#5392=ADVANCED_FACE('',(#5011),#226,.F.);
#5393=ADVANCED_FACE('',(#5012),#227,.F.);
#5394=ADVANCED_FACE('',(#5013),#228,.F.);
#5395=ADVANCED_FACE('',(#5014),#5111,.F.);
#5396=ADVANCED_FACE('',(#5015),#229,.T.);
#5397=ADVANCED_FACE('',(#5016),#230,.T.);
#5398=ADVANCED_FACE('',(#5017),#231,.F.);
#5399=ADVANCED_FACE('',(#5018),#5112,.F.);
#5400=ADVANCED_FACE('',(#5019),#232,.T.);
#5401=ADVANCED_FACE('',(#5020),#5113,.T.);
#5402=ADVANCED_FACE('',(#5021),#37,.T.);
#5403=ADVANCED_FACE('',(#5022),#5114,.T.);
#5404=ADVANCED_FACE('',(#5023),#5115,.T.);
#5405=ADVANCED_FACE('',(#5024),#38,.T.);
#5406=ADVANCED_FACE('',(#5025),#5116,.T.);
#5407=ADVANCED_FACE('',(#5026),#5117,.T.);
#5408=ADVANCED_FACE('',(#5027),#39,.T.);
#5409=ADVANCED_FACE('',(#5028),#5118,.T.);
#5410=ADVANCED_FACE('',(#5029),#5119,.T.);
#5411=ADVANCED_FACE('',(#5030),#40,.T.);
#5412=ADVANCED_FACE('',(#5031),#5120,.T.);
#5413=ADVANCED_FACE('',(#5032),#5121,.T.);
#5414=ADVANCED_FACE('',(#5033),#5122,.F.);
#5415=ADVANCED_FACE('',(#5034),#5123,.T.);
#5416=ADVANCED_FACE('',(#5035),#5124,.F.);
#5417=ADVANCED_FACE('',(#5036),#5125,.T.);
#5418=ADVANCED_FACE('',(#5037),#5126,.T.);
#5419=ADVANCED_FACE('',(#5038),#5127,.T.);
#5420=ADVANCED_FACE('',(#5039),#5128,.T.);
#5421=ADVANCED_FACE('',(#5040),#5129,.T.);
#5422=ADVANCED_FACE('',(#5041),#5130,.T.);
#5423=ADVANCED_FACE('',(#5042),#5131,.T.);
#5424=ADVANCED_FACE('',(#5043),#5132,.T.);
#5425=ADVANCED_FACE('',(#5044),#5133,.T.);
#5426=ADVANCED_FACE('',(#5045),#5134,.T.);
#5427=ADVANCED_FACE('',(#5046),#5135,.T.);
#5428=ADVANCED_FACE('',(#5047),#5136,.T.);
#5429=ADVANCED_FACE('',(#5048),#5137,.T.);
#5430=ADVANCED_FACE('',(#5049),#5138,.T.);
#5431=ADVANCED_FACE('',(#5050),#41,.T.);
#5432=ADVANCED_FACE('',(#5051),#42,.T.);
#5433=ADVANCED_FACE('',(#5052),#5139,.T.);
#5434=ADVANCED_FACE('',(#5053),#233,.T.);
#5435=ADVANCED_FACE('',(#5054),#234,.F.);
#5436=ADVANCED_FACE('',(#5055),#235,.T.);
#5437=ADVANCED_FACE('',(#5056,#5057),#5140,.F.);
#5438=ADVANCED_FACE('',(#5058),#236,.T.);
#5439=ADVANCED_FACE('',(#5059,#5060),#5141,.F.);
#5440=ADVANCED_FACE('',(#5061),#237,.T.);
#5441=CLOSED_SHELL('',(#5142,#5143,#5144,#5145,#5146,#5147,#5148,#5149,
#5150,#5151,#5152,#5153,#5154,#5155,#5156,#5157,#5158,#5159,#5160,#5161,
#5162,#5163,#5164,#5165,#5166,#5167,#5168,#5169,#5170,#5171,#5172,#5173,
#5174,#5175,#5176,#5177,#5178,#5179,#5180,#5181,#5182,#5183,#5184,#5185,
#5186,#5187,#5188,#5189,#5190,#5191,#5192,#5193,#5194,#5195,#5196,#5197,
#5198,#5199,#5200,#5201,#5202,#5203,#5204,#5205,#5206,#5207,#5208,#5209,
#5210,#5211,#5212,#5213,#5214,#5215,#5216,#5217,#5218,#5219,#5220,#5221,
#5222,#5223,#5224,#5225,#5226,#5227,#5228,#5229,#5230,#5231,#5232,#5233,
#5234,#5235,#5236,#5237,#5238,#5239,#5240,#5241,#5242,#5243,#5244,#5245,
#5246,#5247,#5248,#5249,#5250,#5251,#5252,#5253,#5254,#5255,#5256,#5257,
#5258,#5259,#5260,#5261,#5262,#5263,#5264,#5265,#5266,#5267,#5268,#5269,
#5270,#5271,#5272,#5273,#5274,#5275,#5276,#5277,#5278,#5279,#5280,#5281,
#5282,#5283,#5284,#5285,#5286,#5287,#5288,#5289,#5290,#5291,#5292,#5293,
#5294,#5295,#5296,#5297,#5298,#5299,#5300,#5301,#5302,#5303,#5304,#5305,
#5306,#5307,#5308,#5309,#5310,#5311,#5312,#5313,#5314,#5315,#5316,#5317,
#5318,#5319,#5320,#5321,#5322,#5323,#5324,#5325,#5326,#5327,#5328,#5329,
#5330,#5331,#5332,#5333,#5334,#5335,#5336,#5337,#5338,#5339,#5340,#5341,
#5342,#5343,#5344,#5345,#5346,#5347,#5348,#5349,#5350,#5351,#5352,#5353,
#5354,#5355,#5356,#5357,#5358,#5359,#5360,#5361,#5362,#5363,#5364,#5365,
#5366,#5367,#5368,#5369,#5370,#5371,#5372,#5373,#5374,#5375,#5376,#5377,
#5378,#5379,#5380,#5381,#5382,#5383,#5384,#5385,#5386,#5387,#5388,#5389,
#5390,#5391,#5392,#5393,#5394,#5395,#5396,#5397,#5398,#5399,#5400,#5401,
#5402,#5403,#5404,#5405,#5406,#5407,#5408,#5409,#5410,#5411,#5412,#5413,
#5414,#5415,#5416,#5417,#5418,#5419,#5420,#5421,#5422,#5423,#5424,#5425,
#5426,#5427,#5428,#5429,#5430,#5431,#5432,#5433,#5434,#5435,#5436,#5437,
#5438,#5439,#5440));
#5442=STYLED_ITEM('',(#5443),#5450);
#5443=PRESENTATION_STYLE_ASSIGNMENT((#5444));
#5444=SURFACE_STYLE_USAGE(.BOTH.,#5445);
#5445=SURFACE_SIDE_STYLE('',(#5446));
#5446=SURFACE_STYLE_FILL_AREA(#5447);
#5447=FILL_AREA_STYLE('',(#5448));
#5448=FILL_AREA_STYLE_COLOUR('',#5449);
#5449=COLOUR_RGB('',0.615686274509804,0.811764705882353,0.929411764705882);
#5450=MANIFOLD_SOLID_BREP('Body',#5441);
#5451=SHAPE_DEFINITION_REPRESENTATION(#9462,#5452);
#5452=SHAPE_REPRESENTATION('Body',(#5453),#9457);
#5453=AXIS2_PLACEMENT_3D('',#7633,#6019,#6020);
#5454=AXIS2_PLACEMENT_3D('',#7634,#6021,#6022);
#5455=AXIS2_PLACEMENT_3D('',#7638,#6024,#6025);
#5456=AXIS2_PLACEMENT_3D('',#7642,#6027,#6028);
#5457=AXIS2_PLACEMENT_3D('',#7643,#6029,#6030);
#5458=AXIS2_PLACEMENT_3D('',#7650,#6031,#6032);
#5459=AXIS2_PLACEMENT_3D('',#7654,#6034,#6035);
#5460=AXIS2_PLACEMENT_3D('',#7655,#6036,#6037);
#5461=AXIS2_PLACEMENT_3D('',#7661,#6040,#6041);
#5462=AXIS2_PLACEMENT_3D('',#7665,#6043,#6044);
#5463=AXIS2_PLACEMENT_3D('',#7673,#6048,#6049);
#5464=AXIS2_PLACEMENT_3D('',#7682,#6054,#6055);
#5465=AXIS2_PLACEMENT_3D('',#7686,#6057,#6058);
#5466=AXIS2_PLACEMENT_3D('',#7695,#6063,#6064);
#5467=AXIS2_PLACEMENT_3D('',#7705,#6069,#6070);
#5468=AXIS2_PLACEMENT_3D('',#7712,#6074,#6075);
#5469=AXIS2_PLACEMENT_3D('',#7713,#6076,#6077);
#5470=AXIS2_PLACEMENT_3D('',#7720,#6081,#6082);
#5471=AXIS2_PLACEMENT_3D('',#7723,#6084,#6085);
#5472=AXIS2_PLACEMENT_3D('',#7734,#6091,#6092);
#5473=AXIS2_PLACEMENT_3D('',#7737,#6094,#6095);
#5474=AXIS2_PLACEMENT_3D('',#7739,#6096,#6097);
#5475=AXIS2_PLACEMENT_3D('',#7743,#6099,#6100);
#5476=AXIS2_PLACEMENT_3D('',#7744,#6101,#6102);
#5477=AXIS2_PLACEMENT_3D('',#7750,#6105,#6106);
#5478=AXIS2_PLACEMENT_3D('',#7753,#6108,#6109);
#5479=AXIS2_PLACEMENT_3D('',#7770,#6118,#6119);
#5480=AXIS2_PLACEMENT_3D('',#7779,#6122,#6123);
#5481=AXIS2_PLACEMENT_3D('',#7799,#6133,#6134);
#5482=AXIS2_PLACEMENT_3D('',#7807,#6138,#6139);
#5483=AXIS2_PLACEMENT_3D('',#7815,#6143,#6144);
#5484=AXIS2_PLACEMENT_3D('',#7825,#6149,#6150);
#5485=AXIS2_PLACEMENT_3D('',#7831,#6153,#6154);
#5486=AXIS2_PLACEMENT_3D('',#7833,#6156,#6157);
#5487=AXIS2_PLACEMENT_3D('',#7840,#6161,#6162);
#5488=AXIS2_PLACEMENT_3D('',#7841,#6163,#6164);
#5489=AXIS2_PLACEMENT_3D('',#7850,#6169,#6170);
#5490=AXIS2_PLACEMENT_3D('',#7864,#6177,#6178);
#5491=AXIS2_PLACEMENT_3D('',#7869,#6181,#6182);
#5492=AXIS2_PLACEMENT_3D('',#7875,#6185,#6186);
#5493=AXIS2_PLACEMENT_3D('',#7879,#6188,#6189);
#5494=AXIS2_PLACEMENT_3D('',#7880,#6190,#6191);
#5495=AXIS2_PLACEMENT_3D('',#7891,#6197,#6198);
#5496=AXIS2_PLACEMENT_3D('',#7894,#6200,#6201);
#5497=AXIS2_PLACEMENT_3D('',#7896,#6202,#6203);
#5498=AXIS2_PLACEMENT_3D('',#7902,#6204,#6205);
#5499=AXIS2_PLACEMENT_3D('',#7914,#6211,#6212);
#5500=AXIS2_PLACEMENT_3D('',#7921,#6216,#6217);
#5501=AXIS2_PLACEMENT_3D('',#7922,#6218,#6219);
#5502=AXIS2_PLACEMENT_3D('',#7926,#6221,#6222);
#5503=AXIS2_PLACEMENT_3D('',#7936,#6224,#6225);
#5504=AXIS2_PLACEMENT_3D('',#7939,#6227,#6228);
#5505=AXIS2_PLACEMENT_3D('',#7940,#6229,#6230);
#5506=AXIS2_PLACEMENT_3D('',#7946,#6231,#6232);
#5507=AXIS2_PLACEMENT_3D('',#7952,#6236,#6237);
#5508=AXIS2_PLACEMENT_3D('',#7958,#6240,#6241);
#5509=AXIS2_PLACEMENT_3D('',#7961,#6243,#6244);
#5510=AXIS2_PLACEMENT_3D('',#7964,#6246,#6247);
#5511=AXIS2_PLACEMENT_3D('',#7967,#6249,#6250);
#5512=AXIS2_PLACEMENT_3D('',#7968,#6251,#6252);
#5513=AXIS2_PLACEMENT_3D('',#7973,#6255,#6256);
#5514=AXIS2_PLACEMENT_3D('',#7980,#6258,#6259);
#5515=AXIS2_PLACEMENT_3D('',#7986,#6263,#6264);
#5516=AXIS2_PLACEMENT_3D('',#7989,#6266,#6267);
#5517=AXIS2_PLACEMENT_3D('',#8013,#6279,#6280);
#5518=AXIS2_PLACEMENT_3D('',#8021,#6284,#6285);
#5519=AXIS2_PLACEMENT_3D('',#8029,#6289,#6290);
#5520=AXIS2_PLACEMENT_3D('',#8035,#6293,#6294);
#5521=AXIS2_PLACEMENT_3D('',#8038,#6296,#6297);
#5522=AXIS2_PLACEMENT_3D('',#8041,#6299,#6300);
#5523=AXIS2_PLACEMENT_3D('',#8042,#6301,#6302);
#5524=AXIS2_PLACEMENT_3D('',#8043,#6303,#6304);
#5525=AXIS2_PLACEMENT_3D('',#8044,#6305,#6306);
#5526=AXIS2_PLACEMENT_3D('',#8047,#6308,#6309);
#5527=AXIS2_PLACEMENT_3D('',#8050,#6311,#6312);
#5528=AXIS2_PLACEMENT_3D('',#8051,#6313,#6314);
#5529=AXIS2_PLACEMENT_3D('',#8056,#6316,#6317);
#5530=AXIS2_PLACEMENT_3D('',#8059,#6319,#6320);
#5531=AXIS2_PLACEMENT_3D('',#8060,#6321,#6322);
#5532=AXIS2_PLACEMENT_3D('',#8065,#6324,#6325);
#5533=AXIS2_PLACEMENT_3D('',#8068,#6327,#6328);
#5534=AXIS2_PLACEMENT_3D('',#8069,#6329,#6330);
#5535=AXIS2_PLACEMENT_3D('',#8074,#6332,#6333);
#5536=AXIS2_PLACEMENT_3D('',#8077,#6335,#6336);
#5537=AXIS2_PLACEMENT_3D('',#8078,#6337,#6338);
#5538=AXIS2_PLACEMENT_3D('',#8080,#6339,#6340);
#5539=AXIS2_PLACEMENT_3D('',#8082,#6341,#6342);
#5540=AXIS2_PLACEMENT_3D('',#8083,#6343,#6344);
#5541=AXIS2_PLACEMENT_3D('',#8084,#6345,#6346);
#5542=AXIS2_PLACEMENT_3D('',#8087,#6347,#6348);
#5543=AXIS2_PLACEMENT_3D('',#8089,#6349,#6350);
#5544=AXIS2_PLACEMENT_3D('',#8091,#6351,#6352);
#5545=AXIS2_PLACEMENT_3D('',#8092,#6353,#6354);
#5546=AXIS2_PLACEMENT_3D('',#8093,#6355,#6356);
#5547=AXIS2_PLACEMENT_3D('',#8096,#6357,#6358);
#5548=AXIS2_PLACEMENT_3D('',#8097,#6359,#6360);
#5549=AXIS2_PLACEMENT_3D('',#8098,#6361,#6362);
#5550=AXIS2_PLACEMENT_3D('',#8099,#6363,#6364);
#5551=AXIS2_PLACEMENT_3D('',#8104,#6366,#6367);
#5552=AXIS2_PLACEMENT_3D('',#8107,#6369,#6370);
#5553=AXIS2_PLACEMENT_3D('',#8108,#6371,#6372);
#5554=AXIS2_PLACEMENT_3D('',#8113,#6374,#6375);
#5555=AXIS2_PLACEMENT_3D('',#8116,#6377,#6378);
#5556=AXIS2_PLACEMENT_3D('',#8117,#6379,#6380);
#5557=AXIS2_PLACEMENT_3D('',#8122,#6382,#6383);
#5558=AXIS2_PLACEMENT_3D('',#8125,#6385,#6386);
#5559=AXIS2_PLACEMENT_3D('',#8126,#6387,#6388);
#5560=AXIS2_PLACEMENT_3D('',#8128,#6389,#6390);
#5561=AXIS2_PLACEMENT_3D('',#8130,#6391,#6392);
#5562=AXIS2_PLACEMENT_3D('',#8131,#6393,#6394);
#5563=AXIS2_PLACEMENT_3D('',#8132,#6395,#6396);
#5564=AXIS2_PLACEMENT_3D('',#8135,#6397,#6398);
#5565=AXIS2_PLACEMENT_3D('',#8137,#6399,#6400);
#5566=AXIS2_PLACEMENT_3D('',#8139,#6401,#6402);
#5567=AXIS2_PLACEMENT_3D('',#8140,#6403,#6404);
#5568=AXIS2_PLACEMENT_3D('',#8141,#6405,#6406);
#5569=AXIS2_PLACEMENT_3D('',#8144,#6407,#6408);
#5570=AXIS2_PLACEMENT_3D('',#8145,#6409,#6410);
#5571=AXIS2_PLACEMENT_3D('',#8146,#6411,#6412);
#5572=AXIS2_PLACEMENT_3D('',#8150,#6414,#6415);
#5573=AXIS2_PLACEMENT_3D('',#8154,#6417,#6418);
#5574=AXIS2_PLACEMENT_3D('',#8155,#6419,#6420);
#5575=AXIS2_PLACEMENT_3D('',#8156,#6421,#6422);
#5576=AXIS2_PLACEMENT_3D('',#8161,#6424,#6425);
#5577=AXIS2_PLACEMENT_3D('',#8164,#6427,#6428);
#5578=AXIS2_PLACEMENT_3D('',#8165,#6429,#6430);
#5579=AXIS2_PLACEMENT_3D('',#8170,#6432,#6433);
#5580=AXIS2_PLACEMENT_3D('',#8173,#6435,#6436);
#5581=AXIS2_PLACEMENT_3D('',#8174,#6437,#6438);
#5582=AXIS2_PLACEMENT_3D('',#8177,#6439,#6440);
#5583=AXIS2_PLACEMENT_3D('',#8179,#6441,#6442);
#5584=AXIS2_PLACEMENT_3D('',#8181,#6443,#6444);
#5585=AXIS2_PLACEMENT_3D('',#8182,#6445,#6446);
#5586=AXIS2_PLACEMENT_3D('',#8183,#6447,#6448);
#5587=AXIS2_PLACEMENT_3D('',#8186,#6449,#6450);
#5588=AXIS2_PLACEMENT_3D('',#8187,#6451,#6452);
#5589=AXIS2_PLACEMENT_3D('',#8188,#6453,#6454);
#5590=AXIS2_PLACEMENT_3D('',#8189,#6455,#6456);
#5591=AXIS2_PLACEMENT_3D('',#8192,#6457,#6458);
#5592=AXIS2_PLACEMENT_3D('',#8193,#6459,#6460);
#5593=AXIS2_PLACEMENT_3D('',#8194,#6461,#6462);
#5594=AXIS2_PLACEMENT_3D('',#8198,#6464,#6465);
#5595=AXIS2_PLACEMENT_3D('',#8202,#6467,#6468);
#5596=AXIS2_PLACEMENT_3D('',#8203,#6469,#6470);
#5597=AXIS2_PLACEMENT_3D('',#8204,#6471,#6472);
#5598=AXIS2_PLACEMENT_3D('',#8209,#6474,#6475);
#5599=AXIS2_PLACEMENT_3D('',#8212,#6477,#6478);
#5600=AXIS2_PLACEMENT_3D('',#8213,#6479,#6480);
#5601=AXIS2_PLACEMENT_3D('',#8218,#6482,#6483);
#5602=AXIS2_PLACEMENT_3D('',#8221,#6485,#6486);
#5603=AXIS2_PLACEMENT_3D('',#8242,#6487,#6488);
#5604=AXIS2_PLACEMENT_3D('',#8265,#6489,#6490);
#5605=AXIS2_PLACEMENT_3D('',#8266,#6491,#6492);
#5606=AXIS2_PLACEMENT_3D('',#8287,#6493,#6494);
#5607=AXIS2_PLACEMENT_3D('',#8298,#6495,#6496);
#5608=AXIS2_PLACEMENT_3D('',#8311,#6497,#6498);
#5609=AXIS2_PLACEMENT_3D('',#8312,#6499,#6500);
#5610=AXIS2_PLACEMENT_3D('',#8323,#6501,#6502);
#5611=AXIS2_PLACEMENT_3D('',#8334,#6503,#6504);
#5612=AXIS2_PLACEMENT_3D('',#8347,#6505,#6506);
#5613=AXIS2_PLACEMENT_3D('',#8348,#6507,#6508);
#5614=AXIS2_PLACEMENT_3D('',#8359,#6509,#6510);
#5615=AXIS2_PLACEMENT_3D('',#8370,#6511,#6512);
#5616=AXIS2_PLACEMENT_3D('',#8371,#6513,#6514);
#5617=AXIS2_PLACEMENT_3D('',#8377,#6515,#6516);
#5618=AXIS2_PLACEMENT_3D('',#8383,#6517,#6518);
#5619=AXIS2_PLACEMENT_3D('',#8394,#6519,#6520);
#5620=AXIS2_PLACEMENT_3D('',#8395,#6521,#6522);
#5621=AXIS2_PLACEMENT_3D('',#8402,#6523,#6524);
#5622=AXIS2_PLACEMENT_3D('',#8409,#6525,#6526);
#5623=AXIS2_PLACEMENT_3D('',#8410,#6527,#6528);
#5624=AXIS2_PLACEMENT_3D('',#8411,#6529,#6530);
#5625=AXIS2_PLACEMENT_3D('',#8413,#6531,#6532);
#5626=AXIS2_PLACEMENT_3D('',#8414,#6533,#6534);
#5627=AXIS2_PLACEMENT_3D('',#8415,#6535,#6536);
#5628=AXIS2_PLACEMENT_3D('',#8416,#6537,#6538);
#5629=AXIS2_PLACEMENT_3D('',#8417,#6539,#6540);
#5630=AXIS2_PLACEMENT_3D('',#8420,#6543,#6544);
#5631=AXIS2_PLACEMENT_3D('',#8421,#6545,#6546);
#5632=AXIS2_PLACEMENT_3D('',#8423,#6547,#6548);
#5633=AXIS2_PLACEMENT_3D('',#8425,#6549,#6550);
#5634=AXIS2_PLACEMENT_3D('',#8426,#6551,#6552);
#5635=AXIS2_PLACEMENT_3D('',#8429,#6555,#6556);
#5636=AXIS2_PLACEMENT_3D('',#8430,#6557,#6558);
#5637=AXIS2_PLACEMENT_3D('',#8431,#6559,#6560);
#5638=AXIS2_PLACEMENT_3D('',#8432,#6561,#6562);
#5639=AXIS2_PLACEMENT_3D('',#8433,#6563,#6564);
#5640=AXIS2_PLACEMENT_3D('',#8438,#6567,#6568);
#5641=AXIS2_PLACEMENT_3D('',#8439,#6569,#6570);
#5642=AXIS2_PLACEMENT_3D('',#8440,#6571,#6572);
#5643=AXIS2_PLACEMENT_3D('',#8441,#6573,#6574);
#5644=AXIS2_PLACEMENT_3D('',#8442,#6575,#6576);
#5645=AXIS2_PLACEMENT_3D('',#8447,#6578,#6579);
#5646=AXIS2_PLACEMENT_3D('',#8450,#6581,#6582);
#5647=AXIS2_PLACEMENT_3D('',#8451,#6583,#6584);
#5648=AXIS2_PLACEMENT_3D('',#8453,#6585,#6586);
#5649=AXIS2_PLACEMENT_3D('',#8454,#6587,#6588);
#5650=AXIS2_PLACEMENT_3D('',#8455,#6589,#6590);
#5651=AXIS2_PLACEMENT_3D('',#8456,#6591,#6592);
#5652=AXIS2_PLACEMENT_3D('',#8457,#6593,#6594);
#5653=AXIS2_PLACEMENT_3D('',#8478,#6595,#6596);
#5654=AXIS2_PLACEMENT_3D('',#8489,#6597,#6598);
#5655=AXIS2_PLACEMENT_3D('',#8500,#6599,#6600);
#5656=AXIS2_PLACEMENT_3D('',#8501,#6601,#6602);
#5657=AXIS2_PLACEMENT_3D('',#8506,#6604,#6605);
#5658=AXIS2_PLACEMENT_3D('',#8509,#6607,#6608);
#5659=AXIS2_PLACEMENT_3D('',#8511,#6609,#6610);
#5660=AXIS2_PLACEMENT_3D('',#8512,#6611,#6612);
#5661=AXIS2_PLACEMENT_3D('',#8514,#6613,#6614);
#5662=AXIS2_PLACEMENT_3D('',#8515,#6615,#6616);
#5663=AXIS2_PLACEMENT_3D('',#8517,#6617,#6618);
#5664=AXIS2_PLACEMENT_3D('',#8518,#6619,#6620);
#5665=AXIS2_PLACEMENT_3D('',#8520,#6621,#6622);
#5666=AXIS2_PLACEMENT_3D('',#8521,#6623,#6624);
#5667=AXIS2_PLACEMENT_3D('',#8523,#6625,#6626);
#5668=AXIS2_PLACEMENT_3D('',#8524,#6627,#6628);
#5669=AXIS2_PLACEMENT_3D('',#8525,#6629,#6630);
#5670=AXIS2_PLACEMENT_3D('',#8526,#6631,#6632);
#5671=AXIS2_PLACEMENT_3D('',#8531,#6635,#6636);
#5672=AXIS2_PLACEMENT_3D('',#8535,#6638,#6639);
#5673=AXIS2_PLACEMENT_3D('',#8539,#6641,#6642);
#5674=AXIS2_PLACEMENT_3D('',#8543,#6644,#6645);
#5675=AXIS2_PLACEMENT_3D('',#8547,#6647,#6648);
#5676=AXIS2_PLACEMENT_3D('',#8551,#6650,#6651);
#5677=AXIS2_PLACEMENT_3D('',#8555,#6653,#6654);
#5678=AXIS2_PLACEMENT_3D('',#8559,#6656,#6657);
#5679=AXIS2_PLACEMENT_3D('',#8563,#6659,#6660);
#5680=AXIS2_PLACEMENT_3D('',#8564,#6661,#6662);
#5681=AXIS2_PLACEMENT_3D('',#8570,#6666,#6667);
#5682=AXIS2_PLACEMENT_3D('',#8571,#6668,#6669);
#5683=AXIS2_PLACEMENT_3D('',#8575,#6671,#6672);
#5684=AXIS2_PLACEMENT_3D('',#8579,#6674,#6675);
#5685=AXIS2_PLACEMENT_3D('',#8583,#6677,#6678);
#5686=AXIS2_PLACEMENT_3D('',#8587,#6680,#6681);
#5687=AXIS2_PLACEMENT_3D('',#8588,#6682,#6683);
#5688=AXIS2_PLACEMENT_3D('',#8592,#6685,#6686);
#5689=AXIS2_PLACEMENT_3D('',#8596,#6688,#6689);
#5690=AXIS2_PLACEMENT_3D('',#8600,#6691,#6692);
#5691=AXIS2_PLACEMENT_3D('',#8601,#6693,#6694);
#5692=AXIS2_PLACEMENT_3D('',#8603,#6696,#6697);
#5693=AXIS2_PLACEMENT_3D('',#8606,#6700,#6701);
#5694=AXIS2_PLACEMENT_3D('',#8607,#6702,#6703);
#5695=AXIS2_PLACEMENT_3D('',#8610,#6706,#6707);
#5696=AXIS2_PLACEMENT_3D('',#8611,#6708,#6709);
#5697=AXIS2_PLACEMENT_3D('',#8614,#6712,#6713);
#5698=AXIS2_PLACEMENT_3D('',#8615,#6714,#6715);
#5699=AXIS2_PLACEMENT_3D('',#8616,#6716,#6717);
#5700=AXIS2_PLACEMENT_3D('',#8618,#6719,#6720);
#5701=AXIS2_PLACEMENT_3D('',#8621,#6723,#6724);
#5702=AXIS2_PLACEMENT_3D('',#8622,#6725,#6726);
#5703=AXIS2_PLACEMENT_3D('',#8625,#6729,#6730);
#5704=AXIS2_PLACEMENT_3D('',#8626,#6731,#6732);
#5705=AXIS2_PLACEMENT_3D('',#8629,#6735,#6736);
#5706=AXIS2_PLACEMENT_3D('',#8630,#6737,#6738);
#5707=AXIS2_PLACEMENT_3D('',#8631,#6739,#6740);
#5708=AXIS2_PLACEMENT_3D('',#8632,#6741,#6742);
#5709=AXIS2_PLACEMENT_3D('',#8635,#6743,#6744);
#5710=AXIS2_PLACEMENT_3D('',#8638,#6746,#6747);
#5711=AXIS2_PLACEMENT_3D('',#8644,#6751,#6752);
#5712=AXIS2_PLACEMENT_3D('',#8648,#6754,#6755);
#5713=AXIS2_PLACEMENT_3D('',#8649,#6756,#6757);
#5714=AXIS2_PLACEMENT_3D('',#8650,#6758,#6759);
#5715=AXIS2_PLACEMENT_3D('',#8656,#6763,#6764);
#5716=AXIS2_PLACEMENT_3D('',#8660,#6766,#6767);
#5717=AXIS2_PLACEMENT_3D('',#8661,#6768,#6769);
#5718=AXIS2_PLACEMENT_3D('',#8662,#6770,#6771);
#5719=AXIS2_PLACEMENT_3D('',#8668,#6775,#6776);
#5720=AXIS2_PLACEMENT_3D('',#8669,#6777,#6778);
#5721=AXIS2_PLACEMENT_3D('',#8673,#6780,#6781);
#5722=AXIS2_PLACEMENT_3D('',#8674,#6782,#6783);
#5723=AXIS2_PLACEMENT_3D('',#8680,#6787,#6788);
#5724=AXIS2_PLACEMENT_3D('',#8681,#6789,#6790);
#5725=AXIS2_PLACEMENT_3D('',#8683,#6791,#6792);
#5726=AXIS2_PLACEMENT_3D('',#8686,#6794,#6795);
#5727=AXIS2_PLACEMENT_3D('',#8692,#6799,#6800);
#5728=AXIS2_PLACEMENT_3D('',#8693,#6801,#6802);
#5729=AXIS2_PLACEMENT_3D('',#8697,#6804,#6805);
#5730=AXIS2_PLACEMENT_3D('',#8698,#6806,#6807);
#5731=AXIS2_PLACEMENT_3D('',#8704,#6811,#6812);
#5732=AXIS2_PLACEMENT_3D('',#8705,#6813,#6814);
#5733=AXIS2_PLACEMENT_3D('',#8709,#6816,#6817);
#5734=AXIS2_PLACEMENT_3D('',#8710,#6818,#6819);
#5735=AXIS2_PLACEMENT_3D('',#8716,#6823,#6824);
#5736=AXIS2_PLACEMENT_3D('',#8717,#6825,#6826);
#5737=AXIS2_PLACEMENT_3D('',#8721,#6828,#6829);
#5738=AXIS2_PLACEMENT_3D('',#8722,#6830,#6831);
#5739=AXIS2_PLACEMENT_3D('',#8728,#6835,#6836);
#5740=AXIS2_PLACEMENT_3D('',#8729,#6837,#6838);
#5741=AXIS2_PLACEMENT_3D('',#8731,#6839,#6840);
#5742=AXIS2_PLACEMENT_3D('',#8732,#6841,#6842);
#5743=AXIS2_PLACEMENT_3D('',#8735,#6845,#6846);
#5744=AXIS2_PLACEMENT_3D('',#8736,#6847,#6848);
#5745=AXIS2_PLACEMENT_3D('',#8737,#6849,#6850);
#5746=AXIS2_PLACEMENT_3D('',#8740,#6851,#6852);
#5747=AXIS2_PLACEMENT_3D('',#8743,#6854,#6855);
#5748=AXIS2_PLACEMENT_3D('',#8749,#6859,#6860);
#5749=AXIS2_PLACEMENT_3D('',#8753,#6862,#6863);
#5750=AXIS2_PLACEMENT_3D('',#8754,#6864,#6865);
#5751=AXIS2_PLACEMENT_3D('',#8755,#6866,#6867);
#5752=AXIS2_PLACEMENT_3D('',#8761,#6871,#6872);
#5753=AXIS2_PLACEMENT_3D('',#8765,#6874,#6875);
#5754=AXIS2_PLACEMENT_3D('',#8766,#6876,#6877);
#5755=AXIS2_PLACEMENT_3D('',#8767,#6878,#6879);
#5756=AXIS2_PLACEMENT_3D('',#8773,#6883,#6884);
#5757=AXIS2_PLACEMENT_3D('',#8774,#6885,#6886);
#5758=AXIS2_PLACEMENT_3D('',#8778,#6888,#6889);
#5759=AXIS2_PLACEMENT_3D('',#8779,#6890,#6891);
#5760=AXIS2_PLACEMENT_3D('',#8785,#6895,#6896);
#5761=AXIS2_PLACEMENT_3D('',#8786,#6897,#6898);
#5762=AXIS2_PLACEMENT_3D('',#8788,#6899,#6900);
#5763=AXIS2_PLACEMENT_3D('',#8791,#6902,#6903);
#5764=AXIS2_PLACEMENT_3D('',#8797,#6907,#6908);
#5765=AXIS2_PLACEMENT_3D('',#8798,#6909,#6910);
#5766=AXIS2_PLACEMENT_3D('',#8802,#6912,#6913);
#5767=AXIS2_PLACEMENT_3D('',#8803,#6914,#6915);
#5768=AXIS2_PLACEMENT_3D('',#8809,#6919,#6920);
#5769=AXIS2_PLACEMENT_3D('',#8810,#6921,#6922);
#5770=AXIS2_PLACEMENT_3D('',#8814,#6924,#6925);
#5771=AXIS2_PLACEMENT_3D('',#8815,#6926,#6927);
#5772=AXIS2_PLACEMENT_3D('',#8821,#6931,#6932);
#5773=AXIS2_PLACEMENT_3D('',#8822,#6933,#6934);
#5774=AXIS2_PLACEMENT_3D('',#8826,#6936,#6937);
#5775=AXIS2_PLACEMENT_3D('',#8827,#6938,#6939);
#5776=AXIS2_PLACEMENT_3D('',#8833,#6943,#6944);
#5777=AXIS2_PLACEMENT_3D('',#8834,#6945,#6946);
#5778=AXIS2_PLACEMENT_3D('',#8836,#6947,#6948);
#5779=AXIS2_PLACEMENT_3D('',#8837,#6949,#6950);
#5780=AXIS2_PLACEMENT_3D('',#8840,#6953,#6954);
#5781=AXIS2_PLACEMENT_3D('',#8841,#6955,#6956);
#5782=AXIS2_PLACEMENT_3D('',#8846,#6959,#6960);
#5783=AXIS2_PLACEMENT_3D('',#8850,#6962,#6963);
#5784=AXIS2_PLACEMENT_3D('',#8854,#6965,#6966);
#5785=AXIS2_PLACEMENT_3D('',#8858,#6968,#6969);
#5786=AXIS2_PLACEMENT_3D('',#8862,#6971,#6972);
#5787=AXIS2_PLACEMENT_3D('',#8866,#6974,#6975);
#5788=AXIS2_PLACEMENT_3D('',#8870,#6977,#6978);
#5789=AXIS2_PLACEMENT_3D('',#8874,#6980,#6981);
#5790=AXIS2_PLACEMENT_3D('',#8878,#6983,#6984);
#5791=AXIS2_PLACEMENT_3D('',#8879,#6985,#6986);
#5792=AXIS2_PLACEMENT_3D('',#8885,#6990,#6991);
#5793=AXIS2_PLACEMENT_3D('',#8886,#6992,#6993);
#5794=AXIS2_PLACEMENT_3D('',#8890,#6995,#6996);
#5795=AXIS2_PLACEMENT_3D('',#8894,#6998,#6999);
#5796=AXIS2_PLACEMENT_3D('',#8898,#7001,#7002);
#5797=AXIS2_PLACEMENT_3D('',#8902,#7004,#7005);
#5798=AXIS2_PLACEMENT_3D('',#8903,#7006,#7007);
#5799=AXIS2_PLACEMENT_3D('',#8907,#7009,#7010);
#5800=AXIS2_PLACEMENT_3D('',#8911,#7012,#7013);
#5801=AXIS2_PLACEMENT_3D('',#8915,#7015,#7016);
#5802=AXIS2_PLACEMENT_3D('',#8916,#7017,#7018);
#5803=AXIS2_PLACEMENT_3D('',#8918,#7020,#7021);
#5804=AXIS2_PLACEMENT_3D('',#8921,#7024,#7025);
#5805=AXIS2_PLACEMENT_3D('',#8922,#7026,#7027);
#5806=AXIS2_PLACEMENT_3D('',#8925,#7030,#7031);
#5807=AXIS2_PLACEMENT_3D('',#8926,#7032,#7033);
#5808=AXIS2_PLACEMENT_3D('',#8929,#7036,#7037);
#5809=AXIS2_PLACEMENT_3D('',#8930,#7038,#7039);
#5810=AXIS2_PLACEMENT_3D('',#8931,#7040,#7041);
#5811=AXIS2_PLACEMENT_3D('',#8933,#7043,#7044);
#5812=AXIS2_PLACEMENT_3D('',#8936,#7047,#7048);
#5813=AXIS2_PLACEMENT_3D('',#8937,#7049,#7050);
#5814=AXIS2_PLACEMENT_3D('',#8940,#7053,#7054);
#5815=AXIS2_PLACEMENT_3D('',#8941,#7055,#7056);
#5816=AXIS2_PLACEMENT_3D('',#8944,#7059,#7060);
#5817=AXIS2_PLACEMENT_3D('',#8945,#7061,#7062);
#5818=AXIS2_PLACEMENT_3D('',#8946,#7063,#7064);
#5819=AXIS2_PLACEMENT_3D('',#8953,#7068,#7069);
#5820=AXIS2_PLACEMENT_3D('',#8956,#7071,#7072);
#5821=AXIS2_PLACEMENT_3D('',#8959,#7074,#7075);
#5822=AXIS2_PLACEMENT_3D('',#8964,#7078,#7079);
#5823=AXIS2_PLACEMENT_3D('',#8967,#7081,#7082);
#5824=AXIS2_PLACEMENT_3D('',#8972,#7085,#7086);
#5825=AXIS2_PLACEMENT_3D('',#8975,#7088,#7089);
#5826=AXIS2_PLACEMENT_3D('',#8976,#7090,#7091);
#5827=AXIS2_PLACEMENT_3D('',#8979,#7093,#7094);
#5828=AXIS2_PLACEMENT_3D('',#8985,#7097,#7098);
#5829=AXIS2_PLACEMENT_3D('',#8988,#7100,#7101);
#5830=AXIS2_PLACEMENT_3D('',#8995,#7105,#7106);
#5831=AXIS2_PLACEMENT_3D('',#8999,#7109,#7110);
#5832=AXIS2_PLACEMENT_3D('',#9000,#7111,#7112);
#5833=AXIS2_PLACEMENT_3D('',#9003,#7114,#7115);
#5834=AXIS2_PLACEMENT_3D('',#9005,#7117,#7118);
#5835=AXIS2_PLACEMENT_3D('',#9006,#7119,#7120);
#5836=AXIS2_PLACEMENT_3D('',#9008,#7121,#7122);
#5837=AXIS2_PLACEMENT_3D('',#9020,#7129,#7130);
#5838=AXIS2_PLACEMENT_3D('',#9024,#7133,#7134);
#5839=AXIS2_PLACEMENT_3D('',#9025,#7135,#7136);
#5840=AXIS2_PLACEMENT_3D('',#9026,#7137,#7138);
#5841=AXIS2_PLACEMENT_3D('',#9027,#7139,#7140);
#5842=AXIS2_PLACEMENT_3D('',#9033,#7144,#7145);
#5843=AXIS2_PLACEMENT_3D('',#9037,#7148,#7149);
#5844=AXIS2_PLACEMENT_3D('',#9038,#7150,#7151);
#5845=AXIS2_PLACEMENT_3D('',#9041,#7153,#7154);
#5846=AXIS2_PLACEMENT_3D('',#9047,#7158,#7159);
#5847=AXIS2_PLACEMENT_3D('',#9051,#7162,#7163);
#5848=AXIS2_PLACEMENT_3D('',#9055,#7166,#7167);
#5849=AXIS2_PLACEMENT_3D('',#9061,#7171,#7172);
#5850=AXIS2_PLACEMENT_3D('',#9065,#7175,#7176);
#5851=AXIS2_PLACEMENT_3D('',#9069,#7179,#7180);
#5852=AXIS2_PLACEMENT_3D('',#9075,#7184,#7185);
#5853=AXIS2_PLACEMENT_3D('',#9079,#7188,#7189);
#5854=AXIS2_PLACEMENT_3D('',#9083,#7192,#7193);
#5855=AXIS2_PLACEMENT_3D('',#9089,#7197,#7198);
#5856=AXIS2_PLACEMENT_3D('',#9093,#7201,#7202);
#5857=AXIS2_PLACEMENT_3D('',#9097,#7205,#7206);
#5858=AXIS2_PLACEMENT_3D('',#9103,#7210,#7211);
#5859=AXIS2_PLACEMENT_3D('',#9107,#7214,#7215);
#5860=AXIS2_PLACEMENT_3D('',#9111,#7218,#7219);
#5861=AXIS2_PLACEMENT_3D('',#9112,#7220,#7221);
#5862=AXIS2_PLACEMENT_3D('',#9113,#7222,#7223);
#5863=AXIS2_PLACEMENT_3D('',#9114,#7224,#7225);
#5864=AXIS2_PLACEMENT_3D('',#9115,#7226,#7227);
#5865=AXIS2_PLACEMENT_3D('',#9116,#7228,#7229);
#5866=AXIS2_PLACEMENT_3D('',#9117,#7230,#7231);
#5867=AXIS2_PLACEMENT_3D('',#9119,#7233,#7234);
#5868=AXIS2_PLACEMENT_3D('',#9121,#7236,#7237);
#5869=AXIS2_PLACEMENT_3D('',#9123,#7239,#7240);
#5870=AXIS2_PLACEMENT_3D('',#9124,#7241,#7242);
#5871=AXIS2_PLACEMENT_3D('',#9125,#7243,#7244);
#5872=AXIS2_PLACEMENT_3D('',#9126,#7245,#7246);
#5873=AXIS2_PLACEMENT_3D('',#9127,#7247,#7248);
#5874=AXIS2_PLACEMENT_3D('',#9128,#7249,#7250);
#5875=AXIS2_PLACEMENT_3D('',#9129,#7251,#7252);
#5876=AXIS2_PLACEMENT_3D('',#9150,#7253,#7254);
#5877=AXIS2_PLACEMENT_3D('',#9156,#7258,#7259);
#5878=AXIS2_PLACEMENT_3D('',#9158,#7261,#7262);
#5879=AXIS2_PLACEMENT_3D('',#9164,#7266,#7267);
#5880=AXIS2_PLACEMENT_3D('',#9166,#7269,#7270);
#5881=AXIS2_PLACEMENT_3D('',#9167,#7271,#7272);
#5882=AXIS2_PLACEMENT_3D('',#9174,#7277,#7278);
#5883=AXIS2_PLACEMENT_3D('',#9175,#7279,#7280);
#5884=AXIS2_PLACEMENT_3D('',#9176,#7281,#7282);
#5885=AXIS2_PLACEMENT_3D('',#9180,#7285,#7286);
#5886=AXIS2_PLACEMENT_3D('',#9182,#7288,#7289);
#5887=AXIS2_PLACEMENT_3D('',#9186,#7292,#7293);
#5888=AXIS2_PLACEMENT_3D('',#9190,#7296,#7297);
#5889=AXIS2_PLACEMENT_3D('',#9193,#7299,#7300);
#5890=AXIS2_PLACEMENT_3D('',#9194,#7301,#7302);
#5891=AXIS2_PLACEMENT_3D('',#9196,#7304,#7305);
#5892=AXIS2_PLACEMENT_3D('',#9199,#7307,#7308);
#5893=AXIS2_PLACEMENT_3D('',#9202,#7310,#7311);
#5894=AXIS2_PLACEMENT_3D('',#9203,#7312,#7313);
#5895=AXIS2_PLACEMENT_3D('',#9205,#7315,#7316);
#5896=AXIS2_PLACEMENT_3D('',#9207,#7318,#7319);
#5897=AXIS2_PLACEMENT_3D('',#9208,#7320,#7321);
#5898=AXIS2_PLACEMENT_3D('',#9212,#7324,#7325);
#5899=AXIS2_PLACEMENT_3D('',#9213,#7326,#7327);
#5900=AXIS2_PLACEMENT_3D('',#9214,#7328,#7329);
#5901=AXIS2_PLACEMENT_3D('',#9218,#7332,#7333);
#5902=AXIS2_PLACEMENT_3D('',#9219,#7334,#7335);
#5903=AXIS2_PLACEMENT_3D('',#9220,#7336,#7337);
#5904=AXIS2_PLACEMENT_3D('',#9221,#7338,#7339);
#5905=AXIS2_PLACEMENT_3D('',#9225,#7341,#7342);
#5906=AXIS2_PLACEMENT_3D('',#9228,#7344,#7345);
#5907=AXIS2_PLACEMENT_3D('',#9235,#7346,#7347);
#5908=AXIS2_PLACEMENT_3D('',#9244,#7350,#7351);
#5909=AXIS2_PLACEMENT_3D('',#9245,#7352,#7353);
#5910=AXIS2_PLACEMENT_3D('',#9246,#7354,#7355);
#5911=AXIS2_PLACEMENT_3D('',#9247,#7356,#7357);
#5912=AXIS2_PLACEMENT_3D('',#9253,#7361,#7362);
#5913=AXIS2_PLACEMENT_3D('',#9257,#7365,#7366);
#5914=AXIS2_PLACEMENT_3D('',#9258,#7367,#7368);
#5915=AXIS2_PLACEMENT_3D('',#9261,#7370,#7371);
#5916=AXIS2_PLACEMENT_3D('',#9267,#7375,#7376);
#5917=AXIS2_PLACEMENT_3D('',#9268,#7377,#7378);
#5918=AXIS2_PLACEMENT_3D('',#9271,#7380,#7381);
#5919=AXIS2_PLACEMENT_3D('',#9275,#7384,#7385);
#5920=AXIS2_PLACEMENT_3D('',#9281,#7389,#7390);
#5921=AXIS2_PLACEMENT_3D('',#9282,#7391,#7392);
#5922=AXIS2_PLACEMENT_3D('',#9285,#7394,#7395);
#5923=AXIS2_PLACEMENT_3D('',#9289,#7398,#7399);
#5924=AXIS2_PLACEMENT_3D('',#9295,#7403,#7404);
#5925=AXIS2_PLACEMENT_3D('',#9296,#7405,#7406);
#5926=AXIS2_PLACEMENT_3D('',#9299,#7408,#7409);
#5927=AXIS2_PLACEMENT_3D('',#9303,#7412,#7413);
#5928=AXIS2_PLACEMENT_3D('',#9309,#7417,#7418);
#5929=AXIS2_PLACEMENT_3D('',#9313,#7421,#7422);
#5930=AXIS2_PLACEMENT_3D('',#9317,#7425,#7426);
#5931=AXIS2_PLACEMENT_3D('',#9323,#7430,#7431);
#5932=AXIS2_PLACEMENT_3D('',#9327,#7434,#7435);
#5933=AXIS2_PLACEMENT_3D('',#9331,#7438,#7439);
#5934=AXIS2_PLACEMENT_3D('',#9332,#7440,#7441);
#5935=AXIS2_PLACEMENT_3D('',#9333,#7442,#7443);
#5936=AXIS2_PLACEMENT_3D('',#9335,#7445,#7446);
#5937=AXIS2_PLACEMENT_3D('',#9337,#7448,#7449);
#5938=AXIS2_PLACEMENT_3D('',#9339,#7451,#7452);
#5939=AXIS2_PLACEMENT_3D('',#9341,#7454,#7455);
#5940=AXIS2_PLACEMENT_3D('',#9343,#7457,#7458);
#5941=AXIS2_PLACEMENT_3D('',#9345,#7460,#7461);
#5942=AXIS2_PLACEMENT_3D('',#9346,#7462,#7463);
#5943=AXIS2_PLACEMENT_3D('',#9347,#7464,#7465);
#5944=AXIS2_PLACEMENT_3D('',#9348,#7466,#7467);
#5945=AXIS2_PLACEMENT_3D('',#9349,#7468,#7469);
#5946=AXIS2_PLACEMENT_3D('',#9350,#7470,#7471);
#5947=AXIS2_PLACEMENT_3D('',#9351,#7472,#7473);
#5948=AXIS2_PLACEMENT_3D('',#9353,#7475,#7476);
#5949=AXIS2_PLACEMENT_3D('',#9355,#7478,#7479);
#5950=AXIS2_PLACEMENT_3D('',#9359,#7482,#7483);
#5951=AXIS2_PLACEMENT_3D('',#9361,#7485,#7486);
#5952=AXIS2_PLACEMENT_3D('',#9365,#7489,#7490);
#5953=AXIS2_PLACEMENT_3D('',#9369,#7493,#7494);
#5954=AXIS2_PLACEMENT_3D('',#9372,#7496,#7497);
#5955=AXIS2_PLACEMENT_3D('',#9373,#7498,#7499);
#5956=AXIS2_PLACEMENT_3D('',#9375,#7501,#7502);
#5957=AXIS2_PLACEMENT_3D('',#9376,#7503,#7504);
#5958=AXIS2_PLACEMENT_3D('',#9381,#7507,#7508);
#5959=AXIS2_PLACEMENT_3D('',#9382,#7509,#7510);
#5960=AXIS2_PLACEMENT_3D('',#9384,#7512,#7513);
#5961=AXIS2_PLACEMENT_3D('',#9386,#7515,#7516);
#5962=AXIS2_PLACEMENT_3D('',#9387,#7517,#7518);
#5963=AXIS2_PLACEMENT_3D('',#9388,#7519,#7520);
#5964=AXIS2_PLACEMENT_3D('',#9389,#7521,#7522);
#5965=AXIS2_PLACEMENT_3D('',#9390,#7523,#7524);
#5966=AXIS2_PLACEMENT_3D('',#9391,#7525,#7526);
#5967=AXIS2_PLACEMENT_3D('',#9392,#7527,#7528);
#5968=AXIS2_PLACEMENT_3D('',#9393,#7529,#7530);
#5969=AXIS2_PLACEMENT_3D('',#9394,#7531,#7532);
#5970=AXIS2_PLACEMENT_3D('',#9395,#7533,#7534);
#5971=AXIS2_PLACEMENT_3D('',#9396,#7535,#7536);
#5972=AXIS2_PLACEMENT_3D('',#9397,#7537,#7538);
#5973=AXIS2_PLACEMENT_3D('',#9398,#7539,#7540);
#5974=AXIS2_PLACEMENT_3D('',#9399,#7541,#7542);
#5975=AXIS2_PLACEMENT_3D('',#9400,#7543,#7544);
#5976=AXIS2_PLACEMENT_3D('',#9401,#7545,#7546);
#5977=AXIS2_PLACEMENT_3D('',#9402,#7547,#7548);
#5978=AXIS2_PLACEMENT_3D('',#9403,#7549,#7550);
#5979=AXIS2_PLACEMENT_3D('',#9404,#7551,#7552);
#5980=AXIS2_PLACEMENT_3D('',#9405,#7553,#7554);
#5981=AXIS2_PLACEMENT_3D('',#9406,#7555,#7556);
#5982=AXIS2_PLACEMENT_3D('',#9407,#7557,#7558);
#5983=AXIS2_PLACEMENT_3D('',#9408,#7559,#7560);
#5984=AXIS2_PLACEMENT_3D('',#9409,#7561,#7562);
#5985=AXIS2_PLACEMENT_3D('',#9410,#7563,#7564);
#5986=AXIS2_PLACEMENT_3D('',#9411,#7565,#7566);
#5987=AXIS2_PLACEMENT_3D('',#9412,#7567,#7568);
#5988=AXIS2_PLACEMENT_3D('',#9413,#7569,#7570);
#5989=AXIS2_PLACEMENT_3D('',#9414,#7571,#7572);
#5990=AXIS2_PLACEMENT_3D('',#9415,#7573,#7574);
#5991=AXIS2_PLACEMENT_3D('',#9416,#7575,#7576);
#5992=AXIS2_PLACEMENT_3D('',#9417,#7577,#7578);
#5993=AXIS2_PLACEMENT_3D('',#9418,#7579,#7580);
#5994=AXIS2_PLACEMENT_3D('',#9419,#7581,#7582);
#5995=AXIS2_PLACEMENT_3D('',#9420,#7583,#7584);
#5996=AXIS2_PLACEMENT_3D('',#9421,#7585,#7586);
#5997=AXIS2_PLACEMENT_3D('',#9422,#7587,#7588);
#5998=AXIS2_PLACEMENT_3D('',#9423,#7589,#7590);
#5999=AXIS2_PLACEMENT_3D('',#9424,#7591,#7592);
#6000=AXIS2_PLACEMENT_3D('',#9425,#7593,#7594);
#6001=AXIS2_PLACEMENT_3D('',#9426,#7595,#7596);
#6002=AXIS2_PLACEMENT_3D('',#9427,#7597,#7598);
#6003=AXIS2_PLACEMENT_3D('',#9428,#7599,#7600);
#6004=AXIS2_PLACEMENT_3D('',#9429,#7601,#7602);
#6005=AXIS2_PLACEMENT_3D('',#9430,#7603,#7604);
#6006=AXIS2_PLACEMENT_3D('',#9431,#7605,#7606);
#6007=AXIS2_PLACEMENT_3D('',#9436,#7607,#7608);
#6008=AXIS2_PLACEMENT_3D('',#9437,#7609,#7610);
#6009=AXIS2_PLACEMENT_3D('',#9442,#7611,#7612);
#6010=AXIS2_PLACEMENT_3D('',#9443,#7613,#7614);
#6011=AXIS2_PLACEMENT_3D('',#9446,#7617,#7618);
#6012=AXIS2_PLACEMENT_3D('',#9447,#7619,#7620);
#6013=AXIS2_PLACEMENT_3D('',#9448,#7621,#7622);
#6014=AXIS2_PLACEMENT_3D('',#9449,#7623,#7624);
#6015=AXIS2_PLACEMENT_3D('',#9451,#7625,#7626);
#6016=AXIS2_PLACEMENT_3D('',#9452,#7627,#7628);
#6017=AXIS2_PLACEMENT_3D('',#9453,#7629,#7630);
#6018=AXIS2_PLACEMENT_3D('',#9455,#7631,#7632);
#6019=DIRECTION('',(0.,0.,1.));
#6020=DIRECTION('',(1.,0.,0.));
#6021=DIRECTION('',(0.,0.,-1.));
#6022=DIRECTION('',(-1.,0.,0.));
#6023=DIRECTION('',(0.,0.,-1.));
#6024=DIRECTION('',(0.,0.,1.));
#6025=DIRECTION('',(1.,0.,0.));
#6026=DIRECTION('',(0.,0.,-1.));
#6027=DIRECTION('',(0.,0.,1.));
#6028=DIRECTION('',(1.,0.,0.));
#6029=DIRECTION('',(0.,0.,-1.));
#6030=DIRECTION('',(-1.,0.,0.));
#6031=DIRECTION('',(0.,0.,1.));
#6032=DIRECTION('',(1.,0.,0.));
#6033=DIRECTION('',(0.,0.,-1.));
#6034=DIRECTION('',(0.,0.,-1.));
#6035=DIRECTION('',(-1.,0.,0.));
#6036=DIRECTION('',(0.,-1.,0.));
#6037=DIRECTION('',(1.,0.,0.));
#6038=DIRECTION('',(0.,0.,1.));
#6039=DIRECTION('',(-1.,0.,-3.67971646419323E-16));
#6040=DIRECTION('',(0.,-1.,0.));
#6041=DIRECTION('',(0.,0.,-1.));
#6042=DIRECTION('',(1.,0.,0.));
#6043=DIRECTION('',(0.,-1.,0.));
#6044=DIRECTION('',(0.,0.,-1.));
#6045=DIRECTION('',(1.,0.,0.));
#6046=DIRECTION('',(0.,0.,-1.));
#6047=DIRECTION('',(1.,0.,0.));
#6048=DIRECTION('',(0.,-1.,0.));
#6049=DIRECTION('',(0.,0.,-1.));
#6050=DIRECTION('',(0.,0.,1.));
#6051=DIRECTION('',(-1.,0.,-3.63732341737072E-16));
#6052=DIRECTION('',(0.,0.,1.));
#6053=DIRECTION('',(-1.,0.,0.));
#6054=DIRECTION('',(1.,0.,0.));
#6055=DIRECTION('',(0.,0.,-1.));
#6056=DIRECTION('',(0.,-1.,0.));
#6057=DIRECTION('',(1.,0.,0.));
#6058=DIRECTION('',(0.,0.,-1.));
#6059=DIRECTION('',(0.,0.,-1.));
#6060=DIRECTION('',(0.,-1.,0.));
#6061=DIRECTION('',(0.,0.,-1.));
#6062=DIRECTION('',(0.,0.,-1.));
#6063=DIRECTION('',(-1.,0.,0.));
#6064=DIRECTION('',(0.,0.,1.));
#6065=DIRECTION('',(0.,0.,-1.));
#6066=DIRECTION('',(0.,-1.,0.));
#6067=DIRECTION('',(0.,0.,1.));
#6068=DIRECTION('',(0.,-1.,0.));
#6069=DIRECTION('',(-1.,0.,0.));
#6070=DIRECTION('',(0.,0.,1.));
#6071=DIRECTION('',(0.,0.,1.));
#6072=DIRECTION('',(0.,-1.,0.));
#6073=DIRECTION('',(0.,0.,1.));
#6074=DIRECTION('',(0.,0.,-1.));
#6075=DIRECTION('',(1.,0.,0.));
#6076=DIRECTION('',(0.,0.,-1.));
#6077=DIRECTION('',(-1.,0.,0.));
#6078=DIRECTION('',(1.16872706666174E-16,-1.,0.));
#6079=DIRECTION('',(1.,0.,0.));
#6080=DIRECTION('',(-1.16872706666174E-16,-1.,0.));
#6081=DIRECTION('',(0.,0.,1.));
#6082=DIRECTION('',(-1.,0.,0.));
#6083=DIRECTION('',(-1.,0.,0.));
#6084=DIRECTION('',(0.,0.,1.));
#6085=DIRECTION('',(1.,0.,0.));
#6086=DIRECTION('',(-1.53156022361291E-16,-1.,0.));
#6087=DIRECTION('',(-1.,0.,0.));
#6088=DIRECTION('',(0.,-1.,0.));
#6089=DIRECTION('',(0.,-1.,0.));
#6090=DIRECTION('',(1.,0.,0.));
#6091=DIRECTION('',(0.,0.,-1.));
#6092=DIRECTION('',(-1.,0.,0.));
#6093=DIRECTION('',(0.,1.,0.));
#6094=DIRECTION('',(0.,0.,-1.));
#6095=DIRECTION('',(-1.,0.,0.));
#6096=DIRECTION('',(0.,0.,-1.));
#6097=DIRECTION('',(-1.,0.,0.));
#6098=DIRECTION('',(0.,-1.,0.));
#6099=DIRECTION('',(0.,0.,1.));
#6100=DIRECTION('',(1.,0.,0.));
#6101=DIRECTION('',(0.,0.,1.));
#6102=DIRECTION('',(-1.,0.,0.));
#6103=DIRECTION('',(-1.,0.,0.));
#6104=DIRECTION('',(-1.53156022361291E-16,-1.,0.));
#6105=DIRECTION('',(0.,0.,1.));
#6106=DIRECTION('',(1.,0.,0.));
#6107=DIRECTION('',(-1.16872706666174E-16,-1.,0.));
#6108=DIRECTION('',(0.,-1.,0.));
#6109=DIRECTION('',(1.,0.,0.));
#6110=DIRECTION('',(-1.,0.,0.));
#6111=DIRECTION('',(0.,0.,1.));
#6112=DIRECTION('',(1.,0.,0.));
#6113=DIRECTION('',(0.,0.,1.));
#6114=DIRECTION('',(-1.,0.,-3.67971646419323E-16));
#6115=DIRECTION('',(0.,0.,1.));
#6116=DIRECTION('',(-1.,0.,0.));
#6117=DIRECTION('',(0.,0.,1.));
#6118=DIRECTION('',(1.,0.,0.));
#6119=DIRECTION('',(0.,0.,-1.));
#6120=DIRECTION('',(0.,-1.,0.));
#6121=DIRECTION('',(0.,0.,-1.));
#6122=DIRECTION('',(0.,0.,1.));
#6123=DIRECTION('',(-1.,0.,0.));
#6124=DIRECTION('',(-1.,0.,0.));
#6125=DIRECTION('',(0.0974585982235124,-0.995239580016946,0.));
#6126=DIRECTION('',(-0.973403301273011,-0.229098260732823,0.));
#6127=DIRECTION('',(0.,1.,0.));
#6128=DIRECTION('',(-0.884526527218976,-0.466489895545379,0.));
#6129=DIRECTION('',(-1.31027156140413E-15,1.,0.));
#6130=DIRECTION('',(0.967589981275381,0.252526489967902,0.));
#6131=DIRECTION('',(0.29598966128907,-0.955191143389626,0.));
#6132=DIRECTION('',(-0.760405965600031,-0.649448048330183,0.));
#6133=DIRECTION('',(0.,0.,-1.));
#6134=DIRECTION('',(-1.,0.,0.));
#6135=DIRECTION('',(0.861629160441526,0.507538362960703,0.));
#6136=DIRECTION('',(0.448809291371976,-0.893627562230589,0.));
#6137=DIRECTION('',(-0.587785252292474,-0.809016994374947,0.));
#6138=DIRECTION('',(0.,0.,-1.));
#6139=DIRECTION('',(-1.,0.,0.));
#6140=DIRECTION('',(0.743144825477395,0.669130606358858,0.));
#6141=DIRECTION('',(0.621450590045124,-0.783453357981551,0.));
#6142=DIRECTION('',(-0.241921895599668,-0.970295726275996,0.));
#6143=DIRECTION('',(0.,0.,-1.));
#6144=DIRECTION('',(-1.,0.,0.));
#6145=DIRECTION('',(0.438371146789078,0.898794046299167,0.));
#6146=DIRECTION('',(0.844806340932599,-0.535072187952312,0.));
#6147=DIRECTION('',(-0.970614114801818,0.2406413101433,0.));
#6148=DIRECTION('',(0.,1.,0.));
#6149=DIRECTION('',(0.,0.,-1.));
#6150=DIRECTION('',(-1.,0.,0.));
#6151=DIRECTION('',(-0.224951054343866,-0.974370064785235,0.));
#6152=DIRECTION('',(0.,-1.,0.));
#6153=DIRECTION('',(0.,0.,1.));
#6154=DIRECTION('',(1.,0.,0.));
#6155=DIRECTION('',(1.,0.,0.));
#6156=DIRECTION('',(0.,0.,-1.));
#6157=DIRECTION('',(-1.,0.,0.));
#6158=DIRECTION('',(1.,0.,0.));
#6159=DIRECTION('',(0.,-1.,0.));
#6160=DIRECTION('',(0.,1.,0.));
#6161=DIRECTION('',(0.,0.,-1.));
#6162=DIRECTION('',(-1.,0.,0.));
#6163=DIRECTION('',(1.,2.01127359533543E-16,0.));
#6164=DIRECTION('',(-2.01127359533543E-16,1.,0.));
#6165=DIRECTION('',(0.,0.,-1.));
#6166=DIRECTION('',(2.01127359533543E-16,-1.,0.));
#6167=DIRECTION('',(0.,0.,1.));
#6168=DIRECTION('',(2.01127359533543E-16,-1.,0.));
#6169=DIRECTION('',(1.,0.,0.));
#6170=DIRECTION('',(0.,0.,-1.));
#6171=DIRECTION('',(0.,0.,-1.));
#6172=DIRECTION('',(0.,-1.,0.));
#6173=DIRECTION('',(0.,0.,1.));
#6174=DIRECTION('',(1.87537673078574E-16,-1.,0.));
#6175=DIRECTION('',(0.,0.,-1.));
#6176=DIRECTION('',(1.87537673078574E-16,-1.,0.));
#6177=DIRECTION('',(1.,0.,0.));
#6178=DIRECTION('',(0.,0.,-1.));
#6179=DIRECTION('',(0.,0.,-1.));
#6180=DIRECTION('',(0.,-1.,0.));
#6181=DIRECTION('',(0.,0.,-1.));
#6182=DIRECTION('',(1.,0.,0.));
#6183=DIRECTION('',(0.,-1.,0.));
#6184=DIRECTION('',(-1.,0.,0.));
#6185=DIRECTION('',(0.,0.,1.));
#6186=DIRECTION('',(1.,0.,0.));
#6187=DIRECTION('',(0.,1.,0.));
#6188=DIRECTION('',(0.,0.,1.));
#6189=DIRECTION('',(1.,0.,0.));
#6190=DIRECTION('',(1.,0.,0.));
#6191=DIRECTION('',(0.,0.,-1.));
#6192=DIRECTION('',(0.,0.,-1.));
#6193=DIRECTION('',(0.,-1.,0.));
#6194=DIRECTION('',(0.,0.,-1.));
#6195=DIRECTION('',(0.,0.,-1.));
#6196=DIRECTION('',(0.,-1.,0.));
#6197=DIRECTION('',(0.,0.,-1.));
#6198=DIRECTION('',(-1.,0.,0.));
#6199=DIRECTION('',(0.,0.,-1.));
#6200=DIRECTION('',(0.,0.,1.));
#6201=DIRECTION('',(1.,0.,0.));
#6202=DIRECTION('',(0.,0.,1.));
#6203=DIRECTION('',(1.,0.,0.));
#6204=DIRECTION('',(1.,0.,0.));
#6205=DIRECTION('',(0.,0.,-1.));
#6206=DIRECTION('',(0.,0.,1.));
#6207=DIRECTION('',(0.,-1.,0.));
#6208=DIRECTION('',(0.,0.,-1.));
#6209=DIRECTION('',(0.,-1.,0.));
#6210=DIRECTION('',(0.,0.,-1.));
#6211=DIRECTION('',(1.,0.,0.));
#6212=DIRECTION('',(0.,0.,-1.));
#6213=DIRECTION('',(-1.87537673078574E-16,-1.,0.));
#6214=DIRECTION('',(0.,0.,-1.));
#6215=DIRECTION('',(-1.87537673078574E-16,-1.,0.));
#6216=DIRECTION('',(0.,0.,1.));
#6217=DIRECTION('',(1.,0.,0.));
#6218=DIRECTION('',(0.,0.,-1.));
#6219=DIRECTION('',(-1.,0.,0.));
#6220=DIRECTION('',(0.,0.,-1.));
#6221=DIRECTION('',(0.,0.,1.));
#6222=DIRECTION('',(1.,0.,0.));
#6223=DIRECTION('',(0.,0.,1.));
#6224=DIRECTION('',(0.,0.,-1.));
#6225=DIRECTION('',(-1.,0.,0.));
#6226=DIRECTION('',(0.,0.,1.));
#6227=DIRECTION('',(0.,0.,1.));
#6228=DIRECTION('',(1.,0.,0.));
#6229=DIRECTION('',(0.,0.,1.));
#6230=DIRECTION('',(1.,0.,0.));
#6231=DIRECTION('',(0.,0.,1.));
#6232=DIRECTION('',(1.,0.,0.));
#6233=DIRECTION('',(0.,-1.,0.));
#6234=DIRECTION('',(0.,-1.,0.));
#6235=DIRECTION('',(1.53156022361291E-16,-1.,0.));
#6236=DIRECTION('',(0.,0.,-1.));
#6237=DIRECTION('',(-1.,0.,0.));
#6238=DIRECTION('',(0.,-1.,0.));
#6239=DIRECTION('',(1.,0.,0.));
#6240=DIRECTION('',(0.,0.,1.));
#6241=DIRECTION('',(1.,0.,0.));
#6242=DIRECTION('',(0.,-1.,0.));
#6243=DIRECTION('',(0.,0.,1.));
#6244=DIRECTION('',(1.,0.,0.));
#6245=DIRECTION('',(0.,1.,0.));
#6246=DIRECTION('',(0.,0.,1.));
#6247=DIRECTION('',(1.,0.,0.));
#6248=DIRECTION('',(-1.,0.,0.));
#6249=DIRECTION('',(0.,0.,1.));
#6250=DIRECTION('',(1.,0.,0.));
#6251=DIRECTION('',(0.,0.,-1.));
#6252=DIRECTION('',(-1.,0.,0.));
#6253=DIRECTION('',(1.53156022361291E-16,-1.,0.));
#6254=DIRECTION('',(1.16872706666174E-16,-1.,0.));
#6255=DIRECTION('',(1.,0.,0.));
#6256=DIRECTION('',(0.,0.,-1.));
#6257=DIRECTION('',(0.,-1.,0.));
#6258=DIRECTION('',(-1.,0.,0.));
#6259=DIRECTION('',(0.,0.,1.));
#6260=DIRECTION('',(0.,-1.,0.));
#6261=DIRECTION('',(0.,-1.,0.));
#6262=DIRECTION('',(0.,0.,1.));
#6263=DIRECTION('',(-1.,0.,0.));
#6264=DIRECTION('',(0.,0.,1.));
#6265=DIRECTION('',(0.,1.,0.));
#6266=DIRECTION('',(0.,0.,1.));
#6267=DIRECTION('',(1.,0.,0.));
#6268=DIRECTION('',(1.,0.,0.));
#6269=DIRECTION('',(0.,1.,0.));
#6270=DIRECTION('',(0.973403301273011,-0.229098260732823,0.));
#6271=DIRECTION('',(-0.0974585982235124,-0.995239580016946,0.));
#6272=DIRECTION('',(0.884526527218976,-0.466489895545379,0.));
#6273=DIRECTION('',(-0.29598966128907,-0.955191143389626,0.));
#6274=DIRECTION('',(-0.967589981275381,0.252526489967902,0.));
#6275=DIRECTION('',(1.31027156140413E-15,1.,0.));
#6276=DIRECTION('',(0.760405965600031,-0.649448048330183,0.));
#6277=DIRECTION('',(-0.448809291371976,-0.893627562230589,0.));
#6278=DIRECTION('',(-0.861629160441526,0.507538362960703,0.));
#6279=DIRECTION('',(0.,0.,1.));
#6280=DIRECTION('',(1.,0.,0.));
#6281=DIRECTION('',(0.587785252292474,-0.809016994374947,0.));
#6282=DIRECTION('',(-0.621450590045124,-0.783453357981551,0.));
#6283=DIRECTION('',(-0.743144825477395,0.669130606358858,0.));
#6284=DIRECTION('',(0.,0.,1.));
#6285=DIRECTION('',(1.,0.,0.));
#6286=DIRECTION('',(0.241921895599668,-0.970295726275996,0.));
#6287=DIRECTION('',(-0.844806340932599,-0.535072187952312,0.));
#6288=DIRECTION('',(-0.438371146789078,0.898794046299167,0.));
#6289=DIRECTION('',(0.,0.,1.));
#6290=DIRECTION('',(1.,0.,0.));
#6291=DIRECTION('',(0.970614114801818,0.2406413101433,0.));
#6292=DIRECTION('',(0.224951054343866,-0.974370064785235,0.));
#6293=DIRECTION('',(0.,0.,1.));
#6294=DIRECTION('',(1.,0.,0.));
#6295=DIRECTION('',(0.,1.,0.));
#6296=DIRECTION('',(0.,0.,1.));
#6297=DIRECTION('',(1.,0.,0.));
#6298=DIRECTION('',(0.,-1.,0.));
#6299=DIRECTION('',(0.,0.,1.));
#6300=DIRECTION('',(1.,0.,0.));
#6301=DIRECTION('',(0.,0.,-1.));
#6302=DIRECTION('',(-1.,0.,0.));
#6303=DIRECTION('',(0.,0.,1.));
#6304=DIRECTION('',(1.,0.,0.));
#6305=DIRECTION('',(0.,0.,-1.));
#6306=DIRECTION('',(1.,0.,0.));
#6307=DIRECTION('',(-1.,0.,0.));
#6308=DIRECTION('',(0.,0.,1.));
#6309=DIRECTION('',(1.,0.,0.));
#6310=DIRECTION('',(0.,1.,0.));
#6311=DIRECTION('',(0.,0.,1.));
#6312=DIRECTION('',(1.,0.,0.));
#6313=DIRECTION('',(0.,0.,-1.));
#6314=DIRECTION('',(-1.,0.,0.));
#6315=DIRECTION('',(0.,0.,1.));
#6316=DIRECTION('',(0.,0.,1.));
#6317=DIRECTION('',(1.,0.,0.));
#6318=DIRECTION('',(0.,0.,1.));
#6319=DIRECTION('',(0.,0.,1.));
#6320=DIRECTION('',(1.,0.,0.));
#6321=DIRECTION('',(0.,0.,-1.));
#6322=DIRECTION('',(-1.,0.,0.));
#6323=DIRECTION('',(0.,0.,1.));
#6324=DIRECTION('',(0.,0.,1.));
#6325=DIRECTION('',(1.,0.,0.));
#6326=DIRECTION('',(0.,0.,1.));
#6327=DIRECTION('',(0.,0.,1.));
#6328=DIRECTION('',(1.,0.,0.));
#6329=DIRECTION('',(0.,0.,1.));
#6330=DIRECTION('',(1.,0.,0.));
#6331=DIRECTION('',(0.,0.,1.));
#6332=DIRECTION('',(0.,0.,-1.));
#6333=DIRECTION('',(-1.,0.,0.));
#6334=DIRECTION('',(0.,0.,1.));
#6335=DIRECTION('',(0.,0.,-1.));
#6336=DIRECTION('',(-1.,0.,0.));
#6337=DIRECTION('',(0.,0.,-1.));
#6338=DIRECTION('',(-6.12323399573677E-17,1.,0.));
#6339=DIRECTION('',(0.,0.,-1.));
#6340=DIRECTION('',(-1.,0.,0.));
#6341=DIRECTION('',(0.,0.,-1.));
#6342=DIRECTION('',(-1.,0.,0.));
#6343=DIRECTION('',(0.,0.,-1.));
#6344=DIRECTION('',(-1.,0.,0.));
#6345=DIRECTION('',(0.,0.,-1.));
#6346=DIRECTION('',(-1.,0.,0.));
#6347=DIRECTION('',(0.,0.,-1.));
#6348=DIRECTION('',(1.83697019872103E-16,-1.,0.));
#6349=DIRECTION('',(0.,0.,1.));
#6350=DIRECTION('',(1.,0.,0.));
#6351=DIRECTION('',(0.,0.,-1.));
#6352=DIRECTION('',(-1.,0.,0.));
#6353=DIRECTION('',(0.,0.,-1.));
#6354=DIRECTION('',(-1.,0.,0.));
#6355=DIRECTION('',(0.,0.,-1.));
#6356=DIRECTION('',(-1.,0.,0.));
#6357=DIRECTION('',(0.,0.,-1.));
#6358=DIRECTION('',(-6.12323399573677E-17,1.,0.));
#6359=DIRECTION('',(0.,0.,-1.));
#6360=DIRECTION('',(1.,1.22464679914735E-16,0.));
#6361=DIRECTION('',(0.,0.,1.));
#6362=DIRECTION('',(1.,0.,0.));
#6363=DIRECTION('',(0.,0.,-1.));
#6364=DIRECTION('',(-1.,0.,0.));
#6365=DIRECTION('',(0.,0.,1.));
#6366=DIRECTION('',(0.,0.,1.));
#6367=DIRECTION('',(1.,0.,0.));
#6368=DIRECTION('',(0.,0.,1.));
#6369=DIRECTION('',(0.,0.,1.));
#6370=DIRECTION('',(1.,0.,0.));
#6371=DIRECTION('',(0.,0.,-1.));
#6372=DIRECTION('',(-1.,0.,0.));
#6373=DIRECTION('',(0.,0.,1.));
#6374=DIRECTION('',(0.,0.,1.));
#6375=DIRECTION('',(1.,0.,0.));
#6376=DIRECTION('',(0.,0.,1.));
#6377=DIRECTION('',(0.,0.,1.));
#6378=DIRECTION('',(1.,0.,0.));
#6379=DIRECTION('',(0.,0.,1.));
#6380=DIRECTION('',(1.,0.,0.));
#6381=DIRECTION('',(0.,0.,1.));
#6382=DIRECTION('',(0.,0.,-1.));
#6383=DIRECTION('',(-1.,0.,0.));
#6384=DIRECTION('',(0.,0.,1.));
#6385=DIRECTION('',(0.,0.,-1.));
#6386=DIRECTION('',(-1.,0.,0.));
#6387=DIRECTION('',(0.,0.,-1.));
#6388=DIRECTION('',(-6.12323399573677E-17,1.,0.));
#6389=DIRECTION('',(0.,0.,-1.));
#6390=DIRECTION('',(-1.,0.,0.));
#6391=DIRECTION('',(0.,0.,-1.));
#6392=DIRECTION('',(-1.,0.,0.));
#6393=DIRECTION('',(0.,0.,-1.));
#6394=DIRECTION('',(-1.,0.,0.));
#6395=DIRECTION('',(0.,0.,-1.));
#6396=DIRECTION('',(-1.,0.,0.));
#6397=DIRECTION('',(0.,0.,-1.));
#6398=DIRECTION('',(1.83697019872103E-16,-1.,0.));
#6399=DIRECTION('',(0.,0.,1.));
#6400=DIRECTION('',(1.,0.,0.));
#6401=DIRECTION('',(0.,0.,-1.));
#6402=DIRECTION('',(-1.,0.,0.));
#6403=DIRECTION('',(0.,0.,-1.));
#6404=DIRECTION('',(-1.,0.,0.));
#6405=DIRECTION('',(0.,0.,-1.));
#6406=DIRECTION('',(-1.,0.,0.));
#6407=DIRECTION('',(0.,0.,-1.));
#6408=DIRECTION('',(-6.12323399573677E-17,1.,0.));
#6409=DIRECTION('',(0.,0.,-1.));
#6410=DIRECTION('',(1.,1.22464679914735E-16,0.));
#6411=DIRECTION('',(0.,0.,1.));
#6412=DIRECTION('',(1.,0.,0.));
#6413=DIRECTION('',(0.,0.,1.));
#6414=DIRECTION('',(0.,0.,-1.));
#6415=DIRECTION('',(-1.,0.,0.));
#6416=DIRECTION('',(0.,0.,1.));
#6417=DIRECTION('',(0.,0.,1.));
#6418=DIRECTION('',(1.,0.,0.));
#6419=DIRECTION('',(0.,0.,1.));
#6420=DIRECTION('',(1.,0.,0.));
#6421=DIRECTION('',(0.,0.,-1.));
#6422=DIRECTION('',(-1.,0.,0.));
#6423=DIRECTION('',(0.,0.,1.));
#6424=DIRECTION('',(0.,0.,1.));
#6425=DIRECTION('',(1.,0.,0.));
#6426=DIRECTION('',(0.,0.,1.));
#6427=DIRECTION('',(0.,0.,1.));
#6428=DIRECTION('',(1.,0.,0.));
#6429=DIRECTION('',(0.,0.,-1.));
#6430=DIRECTION('',(-1.,0.,0.));
#6431=DIRECTION('',(0.,0.,1.));
#6432=DIRECTION('',(0.,0.,1.));
#6433=DIRECTION('',(1.,0.,0.));
#6434=DIRECTION('',(0.,0.,1.));
#6435=DIRECTION('',(0.,0.,-1.));
#6436=DIRECTION('',(-1.,0.,0.));
#6437=DIRECTION('',(0.,0.,1.));
#6438=DIRECTION('',(1.,0.,0.));
#6439=DIRECTION('',(0.,0.,-1.));
#6440=DIRECTION('',(-6.12323399573677E-17,1.,0.));
#6441=DIRECTION('',(0.,0.,-1.));
#6442=DIRECTION('',(-1.,0.,0.));
#6443=DIRECTION('',(0.,0.,-1.));
#6444=DIRECTION('',(-1.,0.,0.));
#6445=DIRECTION('',(0.,0.,-1.));
#6446=DIRECTION('',(-1.,0.,0.));
#6447=DIRECTION('',(0.,0.,-1.));
#6448=DIRECTION('',(-1.,0.,0.));
#6449=DIRECTION('',(0.,0.,-1.));
#6450=DIRECTION('',(1.83697019872103E-16,-1.,0.));
#6451=DIRECTION('',(0.,0.,-1.));
#6452=DIRECTION('',(-1.,0.,0.));
#6453=DIRECTION('',(0.,0.,-1.));
#6454=DIRECTION('',(-1.,0.,0.));
#6455=DIRECTION('',(0.,0.,-1.));
#6456=DIRECTION('',(-1.,0.,0.));
#6457=DIRECTION('',(0.,0.,-1.));
#6458=DIRECTION('',(-6.12323399573677E-17,1.,0.));
#6459=DIRECTION('',(0.,0.,-1.));
#6460=DIRECTION('',(1.,1.22464679914735E-16,0.));
#6461=DIRECTION('',(0.,0.,1.));
#6462=DIRECTION('',(1.,0.,0.));
#6463=DIRECTION('',(0.,0.,1.));
#6464=DIRECTION('',(0.,0.,-1.));
#6465=DIRECTION('',(-1.,0.,0.));
#6466=DIRECTION('',(0.,0.,1.));
#6467=DIRECTION('',(0.,0.,1.));
#6468=DIRECTION('',(1.,0.,0.));
#6469=DIRECTION('',(0.,0.,1.));
#6470=DIRECTION('',(1.,0.,0.));
#6471=DIRECTION('',(0.,0.,-1.));
#6472=DIRECTION('',(-1.,0.,0.));
#6473=DIRECTION('',(0.,0.,1.));
#6474=DIRECTION('',(0.,0.,1.));
#6475=DIRECTION('',(1.,0.,0.));
#6476=DIRECTION('',(0.,0.,1.));
#6477=DIRECTION('',(0.,0.,1.));
#6478=DIRECTION('',(1.,0.,0.));
#6479=DIRECTION('',(0.,0.,-1.));
#6480=DIRECTION('',(-1.,0.,0.));
#6481=DIRECTION('',(0.,0.,1.));
#6482=DIRECTION('',(0.,0.,1.));
#6483=DIRECTION('',(1.,0.,0.));
#6484=DIRECTION('',(0.,0.,1.));
#6485=DIRECTION('',(0.,0.,-1.));
#6486=DIRECTION('',(-1.,0.,0.));
#6487=DIRECTION('',(0.,0.,-1.));
#6488=DIRECTION('',(-1.,0.,0.));
#6489=DIRECTION('',(0.,0.,-1.));
#6490=DIRECTION('',(-1.,0.,0.));
#6491=DIRECTION('',(0.,0.,-1.));
#6492=DIRECTION('',(-1.,0.,0.));
#6493=DIRECTION('',(0.,0.,-1.));
#6494=DIRECTION('',(-1.,0.,0.));
#6495=DIRECTION('',(0.,0.,-1.));
#6496=DIRECTION('',(-1.,0.,0.));
#6497=DIRECTION('',(0.,0.,-1.));
#6498=DIRECTION('',(-1.,0.,0.));
#6499=DIRECTION('',(0.,0.,-1.));
#6500=DIRECTION('',(-1.,0.,0.));
#6501=DIRECTION('',(0.,0.,-1.));
#6502=DIRECTION('',(-1.,0.,0.));
#6503=DIRECTION('',(0.,0.,-1.));
#6504=DIRECTION('',(-1.,0.,0.));
#6505=DIRECTION('',(0.,0.,-1.));
#6506=DIRECTION('',(-1.,0.,0.));
#6507=DIRECTION('',(0.,0.,-1.));
#6508=DIRECTION('',(-1.,0.,0.));
#6509=DIRECTION('',(0.,0.,-1.));
#6510=DIRECTION('',(-1.,0.,0.));
#6511=DIRECTION('',(0.,0.,-1.));
#6512=DIRECTION('',(-1.,0.,0.));
#6513=DIRECTION('',(0.,0.,-1.));
#6514=DIRECTION('',(-1.,0.,0.));
#6515=DIRECTION('',(0.,0.,-1.));
#6516=DIRECTION('',(-1.,0.,0.));
#6517=DIRECTION('',(0.,0.,-1.));
#6518=DIRECTION('',(-1.,0.,0.));
#6519=DIRECTION('',(0.,0.,-1.));
#6520=DIRECTION('',(-1.,0.,0.));
#6521=DIRECTION('',(0.,0.,-1.));
#6522=DIRECTION('',(-1.,0.,0.));
#6523=DIRECTION('',(0.,0.,-1.));
#6524=DIRECTION('',(-1.,0.,0.));
#6525=DIRECTION('',(0.,0.,-1.));
#6526=DIRECTION('',(-1.,0.,0.));
#6527=DIRECTION('',(0.,0.,-1.));
#6528=DIRECTION('',(-1.,0.,0.));
#6529=DIRECTION('',(0.,0.,1.));
#6530=DIRECTION('',(1.,0.,0.));
#6531=DIRECTION('',(0.,0.,-1.));
#6532=DIRECTION('',(1.83697019872103E-16,-1.,0.));
#6533=DIRECTION('',(0.,0.,-1.));
#6534=DIRECTION('',(1.,1.22464679914735E-16,0.));
#6535=DIRECTION('',(0.,0.,-1.));
#6536=DIRECTION('',(-6.12323399573677E-17,1.,0.));
#6537=DIRECTION('',(0.,0.,-1.));
#6538=DIRECTION('',(-1.,0.,0.));
#6539=DIRECTION('',(0.,0.,1.));
#6540=DIRECTION('',(1.,0.,0.));
#6541=DIRECTION('',(0.,0.,1.));
#6542=DIRECTION('',(0.,0.,1.));
#6543=DIRECTION('',(0.,0.,-1.));
#6544=DIRECTION('',(-1.,0.,0.));
#6545=DIRECTION('',(0.,0.,-1.));
#6546=DIRECTION('',(1.83697019872103E-16,-1.,0.));
#6547=DIRECTION('',(0.,0.,-1.));
#6548=DIRECTION('',(-1.,0.,0.));
#6549=DIRECTION('',(0.,0.,-1.));
#6550=DIRECTION('',(1.,1.22464679914735E-16,0.));
#6551=DIRECTION('',(0.,0.,1.));
#6552=DIRECTION('',(1.,0.,0.));
#6553=DIRECTION('',(0.,0.,1.));
#6554=DIRECTION('',(0.,0.,1.));
#6555=DIRECTION('',(0.,0.,-1.));
#6556=DIRECTION('',(-1.,0.,0.));
#6557=DIRECTION('',(0.,0.,-1.));
#6558=DIRECTION('',(1.83697019872103E-16,-1.,0.));
#6559=DIRECTION('',(0.,0.,-1.));
#6560=DIRECTION('',(1.,1.22464679914735E-16,0.));
#6561=DIRECTION('',(0.,0.,1.));
#6562=DIRECTION('',(1.,0.,0.));
#6563=DIRECTION('',(0.,0.,-1.));
#6564=DIRECTION('',(-1.,0.,0.));
#6565=DIRECTION('',(0.,0.,1.));
#6566=DIRECTION('',(0.,0.,1.));
#6567=DIRECTION('',(0.,0.,-1.));
#6568=DIRECTION('',(-1.,0.,0.));
#6569=DIRECTION('',(0.,0.,-1.));
#6570=DIRECTION('',(1.83697019872103E-16,-1.,0.));
#6571=DIRECTION('',(0.,0.,-1.));
#6572=DIRECTION('',(1.,1.22464679914735E-16,0.));
#6573=DIRECTION('',(0.,0.,1.));
#6574=DIRECTION('',(1.,0.,0.));
#6575=DIRECTION('',(0.,0.,-1.));
#6576=DIRECTION('',(-1.,0.,0.));
#6577=DIRECTION('',(0.,0.,1.));
#6578=DIRECTION('',(0.,0.,1.));
#6579=DIRECTION('',(1.,0.,0.));
#6580=DIRECTION('',(0.,0.,1.));
#6581=DIRECTION('',(0.,0.,-1.));
#6582=DIRECTION('',(-1.,0.,0.));
#6583=DIRECTION('',(0.,0.,-1.));
#6584=DIRECTION('',(-1.,0.,0.));
#6585=DIRECTION('',(0.,0.,-1.));
#6586=DIRECTION('',(1.83697019872103E-16,-1.,0.));
#6587=DIRECTION('',(0.,0.,-1.));
#6588=DIRECTION('',(-1.,0.,0.));
#6589=DIRECTION('',(0.,0.,-1.));
#6590=DIRECTION('',(-6.12323399573677E-17,1.,0.));
#6591=DIRECTION('',(0.,0.,-1.));
#6592=DIRECTION('',(1.,1.22464679914735E-16,0.));
#6593=DIRECTION('',(0.,0.,-1.));
#6594=DIRECTION('',(-1.,0.,0.));
#6595=DIRECTION('',(0.,0.,-1.));
#6596=DIRECTION('',(-1.,0.,0.));
#6597=DIRECTION('',(0.,0.,-1.));
#6598=DIRECTION('',(-1.,0.,0.));
#6599=DIRECTION('',(0.,0.,1.));
#6600=DIRECTION('',(1.,0.,0.));
#6601=DIRECTION('',(0.,0.,-1.));
#6602=DIRECTION('',(-1.,0.,0.));
#6603=DIRECTION('',(0.,0.,-1.));
#6604=DIRECTION('',(0.,0.,1.));
#6605=DIRECTION('',(1.,0.,0.));
#6606=DIRECTION('',(0.,0.,-1.));
#6607=DIRECTION('',(0.,0.,1.));
#6608=DIRECTION('',(1.,0.,0.));
#6609=DIRECTION('',(0.,0.,1.));
#6610=DIRECTION('',(1.,0.,0.));
#6611=DIRECTION('',(0.,0.,1.));
#6612=DIRECTION('',(1.,0.,0.));
#6613=DIRECTION('',(0.,0.,1.));
#6614=DIRECTION('',(1.,0.,0.));
#6615=DIRECTION('',(0.,0.,1.));
#6616=DIRECTION('',(1.,0.,0.));
#6617=DIRECTION('',(0.,0.,-1.));
#6618=DIRECTION('',(-1.,0.,0.));
#6619=DIRECTION('',(0.,0.,-1.));
#6620=DIRECTION('',(-1.,0.,0.));
#6621=DIRECTION('',(0.,0.,1.));
#6622=DIRECTION('',(1.,0.,0.));
#6623=DIRECTION('',(0.,0.,-1.));
#6624=DIRECTION('',(-1.,0.,0.));
#6625=DIRECTION('',(0.,0.,-1.));
#6626=DIRECTION('',(-1.,0.,0.));
#6627=DIRECTION('',(0.,0.,-1.));
#6628=DIRECTION('',(-1.,0.,0.));
#6629=DIRECTION('',(0.,0.,-1.));
#6630=DIRECTION('',(-1.,0.,0.));
#6631=DIRECTION('',(0.,0.,1.));
#6632=DIRECTION('',(1.,0.,0.));
#6633=DIRECTION('',(0.,0.,-1.));
#6634=DIRECTION('',(0.,0.,-1.));
#6635=DIRECTION('',(0.,0.,1.));
#6636=DIRECTION('',(1.,0.,0.));
#6637=DIRECTION('',(0.,0.,-1.));
#6638=DIRECTION('',(0.,0.,1.));
#6639=DIRECTION('',(1.,0.,0.));
#6640=DIRECTION('',(0.,0.,-1.));
#6641=DIRECTION('',(0.,0.,1.));
#6642=DIRECTION('',(1.,0.,0.));
#6643=DIRECTION('',(0.,0.,-1.));
#6644=DIRECTION('',(0.,0.,1.));
#6645=DIRECTION('',(1.,0.,0.));
#6646=DIRECTION('',(0.,0.,-1.));
#6647=DIRECTION('',(0.,0.,1.));
#6648=DIRECTION('',(1.,0.,0.));
#6649=DIRECTION('',(0.,0.,-1.));
#6650=DIRECTION('',(0.,0.,-1.));
#6651=DIRECTION('',(-1.,0.,0.));
#6652=DIRECTION('',(0.,0.,-1.));
#6653=DIRECTION('',(0.,0.,-1.));
#6654=DIRECTION('',(-1.,0.,0.));
#6655=DIRECTION('',(0.,0.,-1.));
#6656=DIRECTION('',(0.,0.,-1.));
#6657=DIRECTION('',(-1.,0.,0.));
#6658=DIRECTION('',(0.,0.,-1.));
#6659=DIRECTION('',(0.,0.,-1.));
#6660=DIRECTION('',(-1.,0.,0.));
#6661=DIRECTION('',(0.965925826289068,0.258819045102521,0.));
#6662=DIRECTION('',(-0.258819045102521,0.965925826289068,0.));
#6663=DIRECTION('',(0.258819045102521,-0.965925826289068,0.));
#6664=DIRECTION('',(0.,0.,-1.));
#6665=DIRECTION('',(0.258819045102521,-0.965925826289068,0.));
#6666=DIRECTION('',(0.,0.,-1.));
#6667=DIRECTION('',(-1.,0.,0.));
#6668=DIRECTION('',(0.,0.,1.));
#6669=DIRECTION('',(1.,0.,0.));
#6670=DIRECTION('',(0.,0.,-1.));
#6671=DIRECTION('',(0.,0.,1.));
#6672=DIRECTION('',(1.,0.,0.));
#6673=DIRECTION('',(0.,0.,-1.));
#6674=DIRECTION('',(0.,0.,1.));
#6675=DIRECTION('',(1.,0.,0.));
#6676=DIRECTION('',(0.,0.,-1.));
#6677=DIRECTION('',(0.,0.,1.));
#6678=DIRECTION('',(1.,0.,0.));
#6679=DIRECTION('',(0.,0.,-1.));
#6680=DIRECTION('',(0.,0.,-1.));
#6681=DIRECTION('',(-1.,0.,0.));
#6682=DIRECTION('',(0.,0.,-1.));
#6683=DIRECTION('',(-1.,0.,0.));
#6684=DIRECTION('',(0.,0.,-1.));
#6685=DIRECTION('',(0.,0.,-1.));
#6686=DIRECTION('',(-1.,0.,0.));
#6687=DIRECTION('',(0.,0.,-1.));
#6688=DIRECTION('',(0.,0.,-1.));
#6689=DIRECTION('',(-1.,0.,0.));
#6690=DIRECTION('',(0.,0.,-1.));
#6691=DIRECTION('',(0.,0.,-1.));
#6692=DIRECTION('',(-1.,0.,0.));
#6693=DIRECTION('',(0.,0.,1.));
#6694=DIRECTION('',(1.,0.,0.));
#6695=DIRECTION('',(-0.258819045102521,-0.965925826289068,0.));
#6696=DIRECTION('',(0.866025403769167,0.500000000026452,0.));
#6697=DIRECTION('',(-0.500000000026452,0.866025403769167,0.));
#6698=DIRECTION('',(0.500000000026452,-0.866025403769167,0.));
#6699=DIRECTION('',(0.500000000026452,-0.866025403769167,0.));
#6700=DIRECTION('',(0.,0.,1.));
#6701=DIRECTION('',(1.,0.,0.));
#6702=DIRECTION('',(0.70710678116495,0.707106781208145,0.));
#6703=DIRECTION('',(-0.707106781208145,0.70710678116495,0.));
#6704=DIRECTION('',(0.707106781208145,-0.70710678116495,0.));
#6705=DIRECTION('',(0.707106781208145,-0.70710678116495,0.));
#6706=DIRECTION('',(0.,0.,1.));
#6707=DIRECTION('',(1.,0.,0.));
#6708=DIRECTION('',(-0.499999999973548,-0.866025403799711,0.));
#6709=DIRECTION('',(0.866025403799711,-0.499999999973548,0.));
#6710=DIRECTION('',(-0.866025403799711,0.499999999973548,0.));
#6711=DIRECTION('',(-0.866025403799711,0.499999999973548,0.));
#6712=DIRECTION('',(0.,0.,1.));
#6713=DIRECTION('',(1.,0.,0.));
#6714=DIRECTION('',(0.,0.,1.));
#6715=DIRECTION('',(1.,0.,0.));
#6716=DIRECTION('',(0.965925826289068,-0.258819045102521,0.));
#6717=DIRECTION('',(0.258819045102521,0.965925826289068,0.));
#6718=DIRECTION('',(-0.258819045102521,-0.965925826289068,0.));
#6719=DIRECTION('',(0.866025403769167,-0.500000000026452,0.));
#6720=DIRECTION('',(0.500000000026452,0.866025403769167,0.));
#6721=DIRECTION('',(-0.500000000026452,-0.866025403769167,0.));
#6722=DIRECTION('',(-0.500000000026452,-0.866025403769167,0.));
#6723=DIRECTION('',(0.,0.,1.));
#6724=DIRECTION('',(-1.,0.,0.));
#6725=DIRECTION('',(0.70710678116495,-0.707106781208145,0.));
#6726=DIRECTION('',(0.707106781208145,0.70710678116495,0.));
#6727=DIRECTION('',(-0.707106781208145,-0.70710678116495,0.));
#6728=DIRECTION('',(-0.707106781208145,-0.70710678116495,0.));
#6729=DIRECTION('',(0.,0.,1.));
#6730=DIRECTION('',(-1.,0.,0.));
#6731=DIRECTION('',(-0.499999999973548,0.866025403799711,0.));
#6732=DIRECTION('',(-0.866025403799711,-0.499999999973548,0.));
#6733=DIRECTION('',(0.866025403799711,0.499999999973548,0.));
#6734=DIRECTION('',(0.866025403799711,0.499999999973548,0.));
#6735=DIRECTION('',(0.,0.,1.));
#6736=DIRECTION('',(-1.,0.,0.));
#6737=DIRECTION('',(0.,0.,1.));
#6738=DIRECTION('',(-1.,0.,0.));
#6739=DIRECTION('',(0.,0.,1.));
#6740=DIRECTION('',(1.,1.22464679914735E-16,0.));
#6741=DIRECTION('',(0.,0.,1.));
#6742=DIRECTION('',(-1.,-1.22464679914735E-16,0.));
#6743=DIRECTION('',(0.,0.,-1.));
#6744=DIRECTION('',(1.,1.22464679914735E-16,0.));
#6745=DIRECTION('',(-0.866025403799711,-0.499999999973548,0.));
#6746=DIRECTION('',(0.499999999973548,-0.866025403799711,0.));
#6747=DIRECTION('',(0.866025403799711,0.499999999973548,0.));
#6748=DIRECTION('',(0.,0.,-1.));
#6749=DIRECTION('',(0.,0.,-1.));
#6750=DIRECTION('',(-0.866025403799711,-0.499999999973548,0.));
#6751=DIRECTION('',(0.,0.,1.));
#6752=DIRECTION('',(1.,1.22464679914735E-16,0.));
#6753=DIRECTION('',(0.707106781208145,0.70710678116495,0.));
#6754=DIRECTION('',(0.,0.,1.));
#6755=DIRECTION('',(-1.,-1.22464679914735E-16,0.));
#6756=DIRECTION('',(0.,0.,-1.));
#6757=DIRECTION('',(1.,1.22464679914735E-16,0.));
#6758=DIRECTION('',(-0.70710678116495,0.707106781208145,0.));
#6759=DIRECTION('',(-0.707106781208145,-0.70710678116495,0.));
#6760=DIRECTION('',(0.,0.,-1.));
#6761=DIRECTION('',(0.707106781208145,0.70710678116495,0.));
#6762=DIRECTION('',(0.,0.,-1.));
#6763=DIRECTION('',(0.,0.,1.));
#6764=DIRECTION('',(1.,1.22464679914735E-16,0.));
#6765=DIRECTION('',(0.500000000026452,0.866025403769167,0.));
#6766=DIRECTION('',(0.,0.,1.));
#6767=DIRECTION('',(-1.,-1.22464679914735E-16,0.));
#6768=DIRECTION('',(0.,0.,-1.));
#6769=DIRECTION('',(1.,1.22464679914735E-16,0.));
#6770=DIRECTION('',(-0.866025403769167,0.500000000026452,0.));
#6771=DIRECTION('',(-0.500000000026452,-0.866025403769167,0.));
#6772=DIRECTION('',(0.,0.,-1.));
#6773=DIRECTION('',(0.500000000026452,0.866025403769167,0.));
#6774=DIRECTION('',(0.,0.,-1.));
#6775=DIRECTION('',(0.,0.,1.));
#6776=DIRECTION('',(1.,1.22464679914735E-16,0.));
#6777=DIRECTION('',(0.,0.,-1.));
#6778=DIRECTION('',(1.,1.22464679914735E-16,0.));
#6779=DIRECTION('',(0.258819045102521,0.965925826289068,0.));
#6780=DIRECTION('',(0.,0.,1.));
#6781=DIRECTION('',(-1.,-1.22464679914735E-16,0.));
#6782=DIRECTION('',(-0.965925826289068,0.258819045102521,0.));
#6783=DIRECTION('',(-0.258819045102521,-0.965925826289068,0.));
#6784=DIRECTION('',(0.,0.,-1.));
#6785=DIRECTION('',(0.258819045102521,0.965925826289068,0.));
#6786=DIRECTION('',(0.,0.,-1.));
#6787=DIRECTION('',(0.,0.,1.));
#6788=DIRECTION('',(-1.,-1.22464679914735E-16,0.));
#6789=DIRECTION('',(0.,0.,-1.));
#6790=DIRECTION('',(1.,1.22464679914735E-16,0.));
#6791=DIRECTION('',(0.,0.,1.));
#6792=DIRECTION('',(-1.,-1.22464679914735E-16,0.));
#6793=DIRECTION('',(-0.258819045102521,0.965925826289068,0.));
#6794=DIRECTION('',(-0.965925826289068,-0.258819045102521,0.));
#6795=DIRECTION('',(0.258819045102521,-0.965925826289068,0.));
#6796=DIRECTION('',(0.,0.,-1.));
#6797=DIRECTION('',(-0.258819045102521,0.965925826289068,0.));
#6798=DIRECTION('',(0.,0.,-1.));
#6799=DIRECTION('',(0.,0.,1.));
#6800=DIRECTION('',(-1.,-1.22464679914735E-16,0.));
#6801=DIRECTION('',(0.,0.,1.));
#6802=DIRECTION('',(-1.,-1.22464679914735E-16,0.));
#6803=DIRECTION('',(-0.500000000026452,0.866025403769167,0.));
#6804=DIRECTION('',(0.,0.,-1.));
#6805=DIRECTION('',(1.,1.22464679914735E-16,0.));
#6806=DIRECTION('',(-0.866025403769167,-0.500000000026452,0.));
#6807=DIRECTION('',(0.500000000026452,-0.866025403769167,0.));
#6808=DIRECTION('',(0.,0.,-1.));
#6809=DIRECTION('',(-0.500000000026452,0.866025403769167,0.));
#6810=DIRECTION('',(0.,0.,-1.));
#6811=DIRECTION('',(0.,0.,1.));
#6812=DIRECTION('',(-1.,-1.22464679914735E-16,0.));
#6813=DIRECTION('',(0.,0.,1.));
#6814=DIRECTION('',(-1.,-1.22464679914735E-16,0.));
#6815=DIRECTION('',(-0.707106781208145,0.70710678116495,0.));
#6816=DIRECTION('',(0.,0.,-1.));
#6817=DIRECTION('',(1.,1.22464679914735E-16,0.));
#6818=DIRECTION('',(-0.70710678116495,-0.707106781208145,0.));
#6819=DIRECTION('',(0.707106781208145,-0.70710678116495,0.));
#6820=DIRECTION('',(0.,0.,-1.));
#6821=DIRECTION('',(-0.707106781208145,0.70710678116495,0.));
#6822=DIRECTION('',(0.,0.,-1.));
#6823=DIRECTION('',(0.,0.,1.));
#6824=DIRECTION('',(-1.,-1.22464679914735E-16,0.));
#6825=DIRECTION('',(0.,0.,1.));
#6826=DIRECTION('',(-1.,-1.22464679914735E-16,0.));
#6827=DIRECTION('',(0.866025403799711,-0.499999999973548,0.));
#6828=DIRECTION('',(0.,0.,-1.));
#6829=DIRECTION('',(1.,1.22464679914735E-16,0.));
#6830=DIRECTION('',(0.499999999973548,0.866025403799711,0.));
#6831=DIRECTION('',(-0.866025403799711,0.499999999973548,0.));
#6832=DIRECTION('',(0.866025403799711,-0.499999999973548,0.));
#6833=DIRECTION('',(0.,0.,-1.));
#6834=DIRECTION('',(0.,0.,-1.));
#6835=DIRECTION('',(0.,0.,1.));
#6836=DIRECTION('',(-1.,-1.22464679914735E-16,0.));
#6837=DIRECTION('',(0.,0.,-1.));
#6838=DIRECTION('',(1.,1.22464679914735E-16,0.));
#6839=DIRECTION('',(0.,0.,1.));
#6840=DIRECTION('',(-1.,-1.22464679914735E-16,0.));
#6841=DIRECTION('',(0.,0.,1.));
#6842=DIRECTION('',(-1.,-1.22464679914735E-16,0.));
#6843=DIRECTION('',(0.,0.,-1.));
#6844=DIRECTION('',(0.,0.,-1.));
#6845=DIRECTION('',(0.,0.,-1.));
#6846=DIRECTION('',(1.,1.22464679914735E-16,0.));
#6847=DIRECTION('',(0.,0.,1.));
#6848=DIRECTION('',(1.83697019872103E-16,-1.,0.));
#6849=DIRECTION('',(0.,0.,1.));
#6850=DIRECTION('',(-1.83697019872103E-16,1.,0.));
#6851=DIRECTION('',(0.,0.,-1.));
#6852=DIRECTION('',(1.83697019872103E-16,-1.,0.));
#6853=DIRECTION('',(-0.499999999973548,0.866025403799711,0.));
#6854=DIRECTION('',(-0.866025403799711,-0.499999999973548,0.));
#6855=DIRECTION('',(0.499999999973548,-0.866025403799711,0.));
#6856=DIRECTION('',(0.,0.,-1.));
#6857=DIRECTION('',(0.,0.,-1.));
#6858=DIRECTION('',(-0.499999999973548,0.866025403799711,0.));
#6859=DIRECTION('',(0.,0.,1.));
#6860=DIRECTION('',(1.83697019872103E-16,-1.,0.));
#6861=DIRECTION('',(0.70710678116495,-0.707106781208145,0.));
#6862=DIRECTION('',(0.,0.,1.));
#6863=DIRECTION('',(-1.83697019872103E-16,1.,0.));
#6864=DIRECTION('',(0.,0.,-1.));
#6865=DIRECTION('',(1.83697019872103E-16,-1.,0.));
#6866=DIRECTION('',(0.707106781208145,0.70710678116495,0.));
#6867=DIRECTION('',(-0.70710678116495,0.707106781208145,0.));
#6868=DIRECTION('',(0.,0.,-1.));
#6869=DIRECTION('',(0.70710678116495,-0.707106781208145,0.));
#6870=DIRECTION('',(0.,0.,-1.));
#6871=DIRECTION('',(0.,0.,1.));
#6872=DIRECTION('',(1.83697019872103E-16,-1.,0.));
#6873=DIRECTION('',(0.866025403769167,-0.500000000026452,0.));
#6874=DIRECTION('',(0.,0.,1.));
#6875=DIRECTION('',(-1.83697019872103E-16,1.,0.));
#6876=DIRECTION('',(0.,0.,-1.));
#6877=DIRECTION('',(1.83697019872103E-16,-1.,0.));
#6878=DIRECTION('',(0.500000000026452,0.866025403769167,0.));
#6879=DIRECTION('',(-0.866025403769167,0.500000000026452,0.));
#6880=DIRECTION('',(0.,0.,-1.));
#6881=DIRECTION('',(0.866025403769167,-0.500000000026452,0.));
#6882=DIRECTION('',(0.,0.,-1.));
#6883=DIRECTION('',(0.,0.,1.));
#6884=DIRECTION('',(1.83697019872103E-16,-1.,0.));
#6885=DIRECTION('',(0.,0.,-1.));
#6886=DIRECTION('',(1.83697019872103E-16,-1.,0.));
#6887=DIRECTION('',(0.965925826289068,-0.258819045102521,0.));
#6888=DIRECTION('',(0.,0.,1.));
#6889=DIRECTION('',(-1.83697019872103E-16,1.,0.));
#6890=DIRECTION('',(0.258819045102521,0.965925826289068,0.));
#6891=DIRECTION('',(-0.965925826289068,0.258819045102521,0.));
#6892=DIRECTION('',(0.,0.,-1.));
#6893=DIRECTION('',(0.965925826289068,-0.258819045102521,0.));
#6894=DIRECTION('',(0.,0.,-1.));
#6895=DIRECTION('',(0.,0.,1.));
#6896=DIRECTION('',(-1.83697019872103E-16,1.,0.));
#6897=DIRECTION('',(0.,0.,-1.));
#6898=DIRECTION('',(1.83697019872103E-16,-1.,0.));
#6899=DIRECTION('',(0.,0.,1.));
#6900=DIRECTION('',(-1.83697019872103E-16,1.,0.));
#6901=DIRECTION('',(0.965925826289068,0.258819045102522,0.));
#6902=DIRECTION('',(-0.258819045102522,0.965925826289068,0.));
#6903=DIRECTION('',(-0.965925826289068,-0.258819045102522,0.));
#6904=DIRECTION('',(0.,0.,-1.));
#6905=DIRECTION('',(0.965925826289068,0.258819045102522,0.));
#6906=DIRECTION('',(0.,0.,-1.));
#6907=DIRECTION('',(0.,0.,1.));
#6908=DIRECTION('',(-1.83697019872103E-16,1.,0.));
#6909=DIRECTION('',(0.,0.,1.));
#6910=DIRECTION('',(-1.83697019872103E-16,1.,0.));
#6911=DIRECTION('',(0.866025403769167,0.500000000026452,0.));
#6912=DIRECTION('',(0.,0.,-1.));
#6913=DIRECTION('',(1.83697019872103E-16,-1.,0.));
#6914=DIRECTION('',(-0.500000000026452,0.866025403769167,0.));
#6915=DIRECTION('',(-0.866025403769167,-0.500000000026452,0.));
#6916=DIRECTION('',(0.,0.,-1.));
#6917=DIRECTION('',(0.866025403769167,0.500000000026452,0.));
#6918=DIRECTION('',(0.,0.,-1.));
#6919=DIRECTION('',(0.,0.,1.));
#6920=DIRECTION('',(-1.83697019872103E-16,1.,0.));
#6921=DIRECTION('',(0.,0.,1.));
#6922=DIRECTION('',(-1.83697019872103E-16,1.,0.));
#6923=DIRECTION('',(0.70710678116495,0.707106781208145,0.));
#6924=DIRECTION('',(0.,0.,-1.));
#6925=DIRECTION('',(1.83697019872103E-16,-1.,0.));
#6926=DIRECTION('',(-0.707106781208145,0.70710678116495,0.));
#6927=DIRECTION('',(-0.70710678116495,-0.707106781208145,0.));
#6928=DIRECTION('',(0.,0.,-1.));
#6929=DIRECTION('',(0.70710678116495,0.707106781208145,0.));
#6930=DIRECTION('',(0.,0.,-1.));
#6931=DIRECTION('',(0.,0.,1.));
#6932=DIRECTION('',(-1.83697019872103E-16,1.,0.));
#6933=DIRECTION('',(0.,0.,1.));
#6934=DIRECTION('',(-1.83697019872103E-16,1.,0.));
#6935=DIRECTION('',(-0.499999999973548,-0.866025403799711,0.));
#6936=DIRECTION('',(0.,0.,-1.));
#6937=DIRECTION('',(1.83697019872103E-16,-1.,0.));
#6938=DIRECTION('',(0.866025403799711,-0.499999999973548,0.));
#6939=DIRECTION('',(0.499999999973548,0.866025403799711,0.));
#6940=DIRECTION('',(-0.499999999973548,-0.866025403799711,0.));
#6941=DIRECTION('',(0.,0.,-1.));
#6942=DIRECTION('',(0.,0.,-1.));
#6943=DIRECTION('',(0.,0.,1.));
#6944=DIRECTION('',(-1.83697019872103E-16,1.,0.));
#6945=DIRECTION('',(0.,0.,-1.));
#6946=DIRECTION('',(1.83697019872103E-16,-1.,0.));
#6947=DIRECTION('',(0.,0.,1.));
#6948=DIRECTION('',(-1.83697019872103E-16,1.,0.));
#6949=DIRECTION('',(0.,0.,1.));
#6950=DIRECTION('',(-1.83697019872103E-16,1.,0.));
#6951=DIRECTION('',(0.,0.,-1.));
#6952=DIRECTION('',(0.,0.,-1.));
#6953=DIRECTION('',(0.,0.,-1.));
#6954=DIRECTION('',(1.83697019872103E-16,-1.,0.));
#6955=DIRECTION('',(0.,0.,1.));
#6956=DIRECTION('',(6.12323399573677E-17,-1.,0.));
#6957=DIRECTION('',(0.,0.,-1.));
#6958=DIRECTION('',(0.,0.,-1.));
#6959=DIRECTION('',(0.,0.,1.));
#6960=DIRECTION('',(6.12323399573677E-17,-1.,0.));
#6961=DIRECTION('',(0.,0.,-1.));
#6962=DIRECTION('',(0.,0.,1.));
#6963=DIRECTION('',(6.12323399573677E-17,-1.,0.));
#6964=DIRECTION('',(0.,0.,-1.));
#6965=DIRECTION('',(0.,0.,1.));
#6966=DIRECTION('',(6.12323399573677E-17,-1.,0.));
#6967=DIRECTION('',(0.,0.,-1.));
#6968=DIRECTION('',(0.,0.,1.));
#6969=DIRECTION('',(6.12323399573677E-17,-1.,0.));
#6970=DIRECTION('',(0.,0.,-1.));
#6971=DIRECTION('',(0.,0.,1.));
#6972=DIRECTION('',(6.12323399573677E-17,-1.,0.));
#6973=DIRECTION('',(0.,0.,-1.));
#6974=DIRECTION('',(0.,0.,-1.));
#6975=DIRECTION('',(-6.12323399573677E-17,1.,0.));
#6976=DIRECTION('',(0.,0.,-1.));
#6977=DIRECTION('',(0.,0.,-1.));
#6978=DIRECTION('',(-6.12323399573677E-17,1.,0.));
#6979=DIRECTION('',(0.,0.,-1.));
#6980=DIRECTION('',(0.,0.,-1.));
#6981=DIRECTION('',(-6.12323399573677E-17,1.,0.));
#6982=DIRECTION('',(0.,0.,-1.));
#6983=DIRECTION('',(0.,0.,-1.));
#6984=DIRECTION('',(-6.12323399573677E-17,1.,0.));
#6985=DIRECTION('',(0.258819045102521,-0.965925826289068,0.));
#6986=DIRECTION('',(0.965925826289068,0.258819045102521,0.));
#6987=DIRECTION('',(-0.965925826289068,-0.258819045102521,0.));
#6988=DIRECTION('',(0.,0.,-1.));
#6989=DIRECTION('',(-0.965925826289068,-0.258819045102521,0.));
#6990=DIRECTION('',(0.,0.,-1.));
#6991=DIRECTION('',(-6.12323399573677E-17,1.,0.));
#6992=DIRECTION('',(0.,0.,1.));
#6993=DIRECTION('',(6.12323399573677E-17,-1.,0.));
#6994=DIRECTION('',(0.,0.,-1.));
#6995=DIRECTION('',(0.,0.,1.));
#6996=DIRECTION('',(6.12323399573677E-17,-1.,0.));
#6997=DIRECTION('',(0.,0.,-1.));
#6998=DIRECTION('',(0.,0.,1.));
#6999=DIRECTION('',(6.12323399573677E-17,-1.,0.));
#7000=DIRECTION('',(0.,0.,-1.));
#7001=DIRECTION('',(0.,0.,1.));
#7002=DIRECTION('',(6.12323399573677E-17,-1.,0.));
#7003=DIRECTION('',(0.,0.,-1.));
#7004=DIRECTION('',(0.,0.,-1.));
#7005=DIRECTION('',(-6.12323399573677E-17,1.,0.));
#7006=DIRECTION('',(0.,0.,-1.));
#7007=DIRECTION('',(-6.12323399573677E-17,1.,0.));
#7008=DIRECTION('',(0.,0.,-1.));
#7009=DIRECTION('',(0.,0.,-1.));
#7010=DIRECTION('',(-6.12323399573677E-17,1.,0.));
#7011=DIRECTION('',(0.,0.,-1.));
#7012=DIRECTION('',(0.,0.,-1.));
#7013=DIRECTION('',(-6.12323399573677E-17,1.,0.));
#7014=DIRECTION('',(0.,0.,-1.));
#7015=DIRECTION('',(0.,0.,-1.));
#7016=DIRECTION('',(-6.12323399573677E-17,1.,0.));
#7017=DIRECTION('',(0.,0.,1.));
#7018=DIRECTION('',(6.12323399573677E-17,-1.,0.));
#7019=DIRECTION('',(-0.965925826289068,0.258819045102521,0.));
#7020=DIRECTION('',(0.500000000026452,-0.866025403769167,0.));
#7021=DIRECTION('',(0.866025403769167,0.500000000026452,0.));
#7022=DIRECTION('',(-0.866025403769167,-0.500000000026452,0.));
#7023=DIRECTION('',(-0.866025403769167,-0.500000000026452,0.));
#7024=DIRECTION('',(0.,0.,1.));
#7025=DIRECTION('',(6.12323399573677E-17,-1.,0.));
#7026=DIRECTION('',(0.707106781208145,-0.70710678116495,0.));
#7027=DIRECTION('',(0.70710678116495,0.707106781208145,0.));
#7028=DIRECTION('',(-0.70710678116495,-0.707106781208145,0.));
#7029=DIRECTION('',(-0.70710678116495,-0.707106781208145,0.));
#7030=DIRECTION('',(0.,0.,1.));
#7031=DIRECTION('',(6.12323399573677E-17,-1.,0.));
#7032=DIRECTION('',(-0.866025403799711,0.499999999973548,0.));
#7033=DIRECTION('',(-0.499999999973548,-0.866025403799711,0.));
#7034=DIRECTION('',(0.499999999973548,0.866025403799711,0.));
#7035=DIRECTION('',(0.499999999973548,0.866025403799711,0.));
#7036=DIRECTION('',(0.,0.,1.));
#7037=DIRECTION('',(6.12323399573677E-17,-1.,0.));
#7038=DIRECTION('',(0.,0.,1.));
#7039=DIRECTION('',(6.12323399573677E-17,-1.,0.));
#7040=DIRECTION('',(-0.258819045102521,-0.965925826289068,0.));
#7041=DIRECTION('',(0.965925826289068,-0.258819045102521,0.));
#7042=DIRECTION('',(-0.965925826289068,0.258819045102521,0.));
#7043=DIRECTION('',(-0.500000000026452,-0.866025403769167,0.));
#7044=DIRECTION('',(0.866025403769167,-0.500000000026452,0.));
#7045=DIRECTION('',(-0.866025403769167,0.500000000026452,0.));
#7046=DIRECTION('',(-0.866025403769167,0.500000000026452,0.));
#7047=DIRECTION('',(0.,0.,1.));
#7048=DIRECTION('',(-6.12323399573677E-17,1.,0.));
#7049=DIRECTION('',(-0.707106781208145,-0.70710678116495,0.));
#7050=DIRECTION('',(0.70710678116495,-0.707106781208145,0.));
#7051=DIRECTION('',(-0.70710678116495,0.707106781208145,0.));
#7052=DIRECTION('',(-0.70710678116495,0.707106781208145,0.));
#7053=DIRECTION('',(0.,0.,1.));
#7054=DIRECTION('',(-6.12323399573677E-17,1.,0.));
#7055=DIRECTION('',(0.866025403799711,0.499999999973548,0.));
#7056=DIRECTION('',(-0.499999999973548,0.866025403799711,0.));
#7057=DIRECTION('',(0.499999999973548,-0.866025403799711,0.));
#7058=DIRECTION('',(0.499999999973548,-0.866025403799711,0.));
#7059=DIRECTION('',(0.,0.,1.));
#7060=DIRECTION('',(-6.12323399573677E-17,1.,0.));
#7061=DIRECTION('',(0.,0.,1.));
#7062=DIRECTION('',(-6.12323399573677E-17,1.,0.));
#7063=DIRECTION('',(0.,0.,-1.));
#7064=DIRECTION('',(-1.,0.,0.));
#7065=DIRECTION('',(6.65281832841564E-17,1.,0.));
#7066=DIRECTION('',(1.,0.,0.));
#7067=DIRECTION('',(0.,-1.,0.));
#7068=DIRECTION('',(0.,0.,-1.));
#7069=DIRECTION('',(-1.,0.,0.));
#7070=DIRECTION('',(0.,-1.,0.));
#7071=DIRECTION('',(0.,0.,-1.));
#7072=DIRECTION('',(-1.,0.,0.));
#7073=DIRECTION('',(0.,-1.,0.));
#7074=DIRECTION('',(0.,0.,-1.));
#7075=DIRECTION('',(-1.,0.,0.));
#7076=DIRECTION('',(-1.,0.,0.));
#7077=DIRECTION('',(-2.01127359533543E-16,-1.,0.));
#7078=DIRECTION('',(0.,0.,-1.));
#7079=DIRECTION('',(-1.,0.,0.));
#7080=DIRECTION('',(1.,0.,0.));
#7081=DIRECTION('',(0.,0.,-1.));
#7082=DIRECTION('',(-1.,0.,0.));
#7083=DIRECTION('',(1.,0.,0.));
#7084=DIRECTION('',(-1.,0.,0.));
#7085=DIRECTION('',(0.,0.,1.));
#7086=DIRECTION('',(1.,0.,0.));
#7087=DIRECTION('',(-1.,0.,0.));
#7088=DIRECTION('',(0.,0.,1.));
#7089=DIRECTION('',(1.,0.,0.));
#7090=DIRECTION('',(0.,0.,-1.));
#7091=DIRECTION('',(-1.,0.,0.));
#7092=DIRECTION('',(1.,0.,0.));
#7093=DIRECTION('',(0.,0.,-1.));
#7094=DIRECTION('',(-1.,0.,0.));
#7095=DIRECTION('',(0.,-1.,0.));
#7096=DIRECTION('',(1.,0.,0.));
#7097=DIRECTION('',(0.,0.,-1.));
#7098=DIRECTION('',(-1.,0.,0.));
#7099=DIRECTION('',(0.,-1.,0.));
#7100=DIRECTION('',(0.,0.,-1.));
#7101=DIRECTION('',(-1.,0.,0.));
#7102=DIRECTION('',(0.,-1.,0.));
#7103=DIRECTION('',(1.,0.,0.));
#7104=DIRECTION('',(6.65281832841564E-17,1.,0.));
#7105=DIRECTION('',(0.,1.,0.));
#7106=DIRECTION('',(0.,0.,1.));
#7107=DIRECTION('',(0.,0.,-1.));
#7108=DIRECTION('',(1.,0.,0.));
#7109=DIRECTION('',(0.,0.,-1.));
#7110=DIRECTION('',(-1.,0.,0.));
#7111=DIRECTION('',(0.,0.,1.));
#7112=DIRECTION('',(1.,0.,0.));
#7113=DIRECTION('',(0.,0.,-1.));
#7114=DIRECTION('',(0.,1.,0.));
#7115=DIRECTION('',(0.,0.,1.));
#7116=DIRECTION('',(1.,0.,0.));
#7117=DIRECTION('',(0.,1.,0.));
#7118=DIRECTION('',(0.,0.,1.));
#7119=DIRECTION('',(0.,-1.,0.));
#7120=DIRECTION('',(0.,0.,-1.));
#7121=DIRECTION('',(0.,-1.,0.));
#7122=DIRECTION('',(0.,0.,-1.));
#7123=DIRECTION('',(1.,0.,0.));
#7124=DIRECTION('',(0.,0.,-1.));
#7125=DIRECTION('',(0.,0.,1.));
#7126=DIRECTION('',(-1.,0.,0.));
#7127=DIRECTION('',(0.,0.,1.));
#7128=DIRECTION('',(0.,0.,-1.));
#7129=DIRECTION('',(1.,-2.01127359533543E-16,0.));
#7130=DIRECTION('',(2.01127359533543E-16,1.,0.));
#7131=DIRECTION('',(-2.01127359533543E-16,-1.,0.));
#7132=DIRECTION('',(0.,0.,-1.));
#7133=DIRECTION('',(0.,0.,-1.));
#7134=DIRECTION('',(-1.,0.,0.));
#7135=DIRECTION('',(0.,0.,1.));
#7136=DIRECTION('',(1.,0.,0.));
#7137=DIRECTION('',(0.,0.,1.));
#7138=DIRECTION('',(1.,0.,0.));
#7139=DIRECTION('',(-0.2406413101433,0.970614114801818,0.));
#7140=DIRECTION('',(-0.970614114801818,-0.2406413101433,0.));
#7141=DIRECTION('',(0.970614114801818,0.2406413101433,0.));
#7142=DIRECTION('',(0.,0.,-1.));
#7143=DIRECTION('',(0.,0.,-1.));
#7144=DIRECTION('',(0.974370064785235,0.224951054343866,0.));
#7145=DIRECTION('',(-0.224951054343866,0.974370064785235,0.));
#7146=DIRECTION('',(0.224951054343866,-0.974370064785235,0.));
#7147=DIRECTION('',(0.,0.,-1.));
#7148=DIRECTION('',(0.,0.,-1.));
#7149=DIRECTION('',(-1.,0.,0.));
#7150=DIRECTION('',(0.,0.,1.));
#7151=DIRECTION('',(1.,0.,0.));
#7152=DIRECTION('',(0.,0.,-1.));
#7153=DIRECTION('',(0.970295726275996,0.241921895599668,0.));
#7154=DIRECTION('',(-0.241921895599668,0.970295726275996,0.));
#7155=DIRECTION('',(0.241921895599668,-0.970295726275996,0.));
#7156=DIRECTION('',(0.,0.,-1.));
#7157=DIRECTION('',(0.,0.,-1.));
#7158=DIRECTION('',(0.535072187952312,-0.844806340932599,0.));
#7159=DIRECTION('',(0.844806340932599,0.535072187952312,0.));
#7160=DIRECTION('',(-0.844806340932599,-0.535072187952312,0.));
#7161=DIRECTION('',(0.,0.,-1.));
#7162=DIRECTION('',(-0.898794046299167,-0.438371146789078,0.));
#7163=DIRECTION('',(0.438371146789078,-0.898794046299167,0.));
#7164=DIRECTION('',(-0.438371146789078,0.898794046299167,0.));
#7165=DIRECTION('',(0.,0.,-1.));
#7166=DIRECTION('',(0.809016994374947,0.587785252292474,0.));
#7167=DIRECTION('',(-0.587785252292474,0.809016994374947,0.));
#7168=DIRECTION('',(0.587785252292474,-0.809016994374947,0.));
#7169=DIRECTION('',(0.,0.,-1.));
#7170=DIRECTION('',(0.,0.,-1.));
#7171=DIRECTION('',(0.783453357981551,-0.621450590045124,0.));
#7172=DIRECTION('',(0.621450590045124,0.783453357981551,0.));
#7173=DIRECTION('',(-0.621450590045124,-0.783453357981551,0.));
#7174=DIRECTION('',(0.,0.,-1.));
#7175=DIRECTION('',(-0.669130606358858,-0.743144825477394,0.));
#7176=DIRECTION('',(0.743144825477395,-0.669130606358858,0.));
#7177=DIRECTION('',(-0.743144825477395,0.669130606358858,0.));
#7178=DIRECTION('',(0.,0.,-1.));
#7179=DIRECTION('',(0.649448048330183,0.760405965600031,0.));
#7180=DIRECTION('',(-0.760405965600031,0.649448048330183,0.));
#7181=DIRECTION('',(0.760405965600031,-0.649448048330183,0.));
#7182=DIRECTION('',(0.,0.,-1.));
#7183=DIRECTION('',(0.,0.,-1.));
#7184=DIRECTION('',(0.893627562230589,-0.448809291371976,0.));
#7185=DIRECTION('',(0.448809291371976,0.893627562230589,0.));
#7186=DIRECTION('',(-0.448809291371976,-0.893627562230589,0.));
#7187=DIRECTION('',(0.,0.,-1.));
#7188=DIRECTION('',(-0.507538362960703,-0.861629160441526,0.));
#7189=DIRECTION('',(0.861629160441527,-0.507538362960703,0.));
#7190=DIRECTION('',(-0.861629160441526,0.507538362960703,0.));
#7191=DIRECTION('',(0.,0.,-1.));
#7192=DIRECTION('',(0.466489895545379,0.884526527218976,0.));
#7193=DIRECTION('',(-0.884526527218976,0.466489895545379,0.));
#7194=DIRECTION('',(0.884526527218976,-0.466489895545379,0.));
#7195=DIRECTION('',(0.,0.,-1.));
#7196=DIRECTION('',(0.,0.,-1.));
#7197=DIRECTION('',(0.955191143389626,-0.29598966128907,0.));
#7198=DIRECTION('',(0.29598966128907,0.955191143389627,0.));
#7199=DIRECTION('',(-0.29598966128907,-0.955191143389626,0.));
#7200=DIRECTION('',(0.,0.,-1.));
#7201=DIRECTION('',(-0.252526489967902,-0.967589981275381,0.));
#7202=DIRECTION('',(0.967589981275381,-0.252526489967902,0.));
#7203=DIRECTION('',(-0.967589981275381,0.252526489967902,0.));
#7204=DIRECTION('',(0.,0.,-1.));
#7205=DIRECTION('',(0.,1.,0.));
#7206=DIRECTION('',(0.,0.,1.));
#7207=DIRECTION('',(1.,0.,0.));
#7208=DIRECTION('',(0.,0.,-1.));
#7209=DIRECTION('',(0.,0.,-1.));
#7210=DIRECTION('',(-1.,0.,0.));
#7211=DIRECTION('',(0.,0.,1.));
#7212=DIRECTION('',(0.,1.,0.));
#7213=DIRECTION('',(0.,0.,-1.));
#7214=DIRECTION('',(0.229098260732823,0.973403301273011,0.));
#7215=DIRECTION('',(-0.973403301273011,0.229098260732823,0.));
#7216=DIRECTION('',(0.973403301273011,-0.229098260732823,0.));
#7217=DIRECTION('',(0.,0.,-1.));
#7218=DIRECTION('',(0.,0.,-1.));
#7219=DIRECTION('',(-1.,0.,0.));
#7220=DIRECTION('',(0.,0.,1.));
#7221=DIRECTION('',(1.,0.,0.));
#7222=DIRECTION('',(0.,0.,-1.));
#7223=DIRECTION('',(-1.,0.,0.));
#7224=DIRECTION('',(0.,0.,1.));
#7225=DIRECTION('',(1.,0.,0.));
#7226=DIRECTION('',(0.,0.,-1.));
#7227=DIRECTION('',(-1.,0.,0.));
#7228=DIRECTION('',(0.,0.,1.));
#7229=DIRECTION('',(1.,0.,0.));
#7230=DIRECTION('',(-1.,1.31027156140413E-15,0.));
#7231=DIRECTION('',(-1.31027156140413E-15,-1.,0.));
#7232=DIRECTION('',(1.31027156140413E-15,1.,0.));
#7233=DIRECTION('',(0.995239580016947,-0.0974585982235124,0.));
#7234=DIRECTION('',(0.0974585982235124,0.995239580016947,0.));
#7235=DIRECTION('',(-0.0974585982235124,-0.995239580016946,0.));
#7236=DIRECTION('',(-1.,0.,0.));
#7237=DIRECTION('',(0.,0.,1.));
#7238=DIRECTION('',(0.,1.,0.));
#7239=DIRECTION('',(0.,0.,-1.));
#7240=DIRECTION('',(1.,0.,0.));
#7241=DIRECTION('',(0.,0.,-1.));
#7242=DIRECTION('',(1.,0.,0.));
#7243=DIRECTION('',(0.,0.,-1.));
#7244=DIRECTION('',(1.,0.,0.));
#7245=DIRECTION('',(0.,0.,-1.));
#7246=DIRECTION('',(1.,0.,0.));
#7247=DIRECTION('',(0.,0.,-1.));
#7248=DIRECTION('',(1.,0.,0.));
#7249=DIRECTION('',(0.,0.,-1.));
#7250=DIRECTION('',(1.,0.,0.));
#7251=DIRECTION('',(0.,0.,-1.));
#7252=DIRECTION('',(-1.,0.,0.));
#7253=DIRECTION('',(0.,0.,1.));
#7254=DIRECTION('',(1.,0.,0.));
#7255=DIRECTION('',(0.,-1.,0.));
#7256=DIRECTION('',(-1.,0.,0.));
#7257=DIRECTION('',(0.,-1.,0.));
#7258=DIRECTION('',(1.,0.,0.));
#7259=DIRECTION('',(0.,0.,-1.));
#7260=DIRECTION('',(0.,0.,1.));
#7261=DIRECTION('',(-3.67971646419323E-16,0.,1.));
#7262=DIRECTION('',(1.,0.,3.67971646419323E-16));
#7263=DIRECTION('',(0.,-1.,0.));
#7264=DIRECTION('',(-1.,0.,-3.67971646419323E-16));
#7265=DIRECTION('',(0.,-1.,0.));
#7266=DIRECTION('',(1.,0.,0.));
#7267=DIRECTION('',(0.,0.,-1.));
#7268=DIRECTION('',(0.,0.,1.));
#7269=DIRECTION('',(0.,-1.,0.));
#7270=DIRECTION('',(1.,0.,0.));
#7271=DIRECTION('',(0.,-1.,0.));
#7272=DIRECTION('',(0.,0.,-1.));
#7273=DIRECTION('',(-1.,0.,-3.67971646419323E-16));
#7274=DIRECTION('',(0.,0.,1.));
#7275=DIRECTION('',(0.,0.,1.));
#7276=DIRECTION('',(1.,0.,-3.63732341737072E-16));
#7277=DIRECTION('',(0.,-1.,0.));
#7278=DIRECTION('',(0.,0.,-1.));
#7279=DIRECTION('',(0.,-1.,0.));
#7280=DIRECTION('',(0.,0.,-1.));
#7281=DIRECTION('',(1.,0.,0.));
#7282=DIRECTION('',(0.,0.,-1.));
#7283=DIRECTION('',(0.,-1.,0.));
#7284=DIRECTION('',(0.,0.,1.));
#7285=DIRECTION('',(-3.63732341737072E-16,0.,1.));
#7286=DIRECTION('',(1.,0.,3.63732341737072E-16));
#7287=DIRECTION('',(-1.,0.,-3.63732341737072E-16));
#7288=DIRECTION('',(0.,-1.,0.));
#7289=DIRECTION('',(1.,0.,0.));
#7290=DIRECTION('',(0.,0.,1.));
#7291=DIRECTION('',(-1.,0.,-3.63732341737072E-16));
#7292=DIRECTION('',(-1.,0.,0.));
#7293=DIRECTION('',(0.,0.,1.));
#7294=DIRECTION('',(0.,0.,-1.));
#7295=DIRECTION('',(0.,1.,0.));
#7296=DIRECTION('',(0.,0.,-1.));
#7297=DIRECTION('',(-1.,0.,0.));
#7298=DIRECTION('',(0.,0.,-1.));
#7299=DIRECTION('',(0.,0.,1.));
#7300=DIRECTION('',(1.,0.,0.));
#7301=DIRECTION('',(0.,-1.,0.));
#7302=DIRECTION('',(0.,0.,-1.));
#7303=DIRECTION('',(-1.,0.,0.));
#7304=DIRECTION('',(0.,0.,1.));
#7305=DIRECTION('',(1.,0.,0.));
#7306=DIRECTION('',(1.,0.,0.));
#7307=DIRECTION('',(0.,0.,1.));
#7308=DIRECTION('',(1.,0.,0.));
#7309=DIRECTION('',(-2.01127359533543E-16,-1.,0.));
#7310=DIRECTION('',(0.,-1.,0.));
#7311=DIRECTION('',(0.,0.,-1.));
#7312=DIRECTION('',(0.,-1.,0.));
#7313=DIRECTION('',(0.,0.,-1.));
#7314=DIRECTION('',(0.,0.,-1.));
#7315=DIRECTION('',(-1.,0.,0.));
#7316=DIRECTION('',(0.,0.,1.));
#7317=DIRECTION('',(0.,0.,-1.));
#7318=DIRECTION('',(0.,0.,-1.));
#7319=DIRECTION('',(-1.,0.,0.));
#7320=DIRECTION('',(0.,-1.,0.));
#7321=DIRECTION('',(0.,0.,-1.));
#7322=DIRECTION('',(-1.,0.,0.));
#7323=DIRECTION('',(0.,0.,-1.));
#7324=DIRECTION('',(0.,0.,-1.));
#7325=DIRECTION('',(-1.,0.,0.));
#7326=DIRECTION('',(0.,0.,1.));
#7327=DIRECTION('',(1.,0.,0.));
#7328=DIRECTION('',(0.,-1.,0.));
#7329=DIRECTION('',(0.,0.,-1.));
#7330=DIRECTION('',(-1.,0.,0.));
#7331=DIRECTION('',(0.,0.,-1.));
#7332=DIRECTION('',(0.,0.,-1.));
#7333=DIRECTION('',(-1.,0.,0.));
#7334=DIRECTION('',(0.,0.,1.));
#7335=DIRECTION('',(1.,0.,0.));
#7336=DIRECTION('',(0.,0.,-1.));
#7337=DIRECTION('',(-1.,0.,0.));
#7338=DIRECTION('',(0.,0.,-1.));
#7339=DIRECTION('',(-1.,0.,0.));
#7340=DIRECTION('',(0.,1.,0.));
#7341=DIRECTION('',(0.,0.,-1.));
#7342=DIRECTION('',(-1.,0.,0.));
#7343=DIRECTION('',(1.,0.,0.));
#7344=DIRECTION('',(0.,0.,1.));
#7345=DIRECTION('',(1.,0.,0.));
#7346=DIRECTION('',(0.,0.,1.));
#7347=DIRECTION('',(1.,0.,0.));
#7348=DIRECTION('',(0.,0.,-1.));
#7349=DIRECTION('',(0.,0.,-1.));
#7350=DIRECTION('',(0.,0.,-1.));
#7351=DIRECTION('',(-1.,0.,0.));
#7352=DIRECTION('',(0.,0.,1.));
#7353=DIRECTION('',(-1.,0.,0.));
#7354=DIRECTION('',(0.,0.,-1.));
#7355=DIRECTION('',(-1.,0.,0.));
#7356=DIRECTION('',(-0.2406413101433,-0.970614114801818,0.));
#7357=DIRECTION('',(0.970614114801818,-0.2406413101433,0.));
#7358=DIRECTION('',(-0.970614114801818,0.2406413101433,0.));
#7359=DIRECTION('',(0.,0.,-1.));
#7360=DIRECTION('',(0.,0.,-1.));
#7361=DIRECTION('',(-1.,0.,0.));
#7362=DIRECTION('',(0.,0.,1.));
#7363=DIRECTION('',(0.,1.,0.));
#7364=DIRECTION('',(0.,0.,-1.));
#7365=DIRECTION('',(0.,0.,-1.));
#7366=DIRECTION('',(-1.,0.,0.));
#7367=DIRECTION('',(0.,0.,-1.));
#7368=DIRECTION('',(-1.,0.,0.));
#7369=DIRECTION('',(0.,0.,-1.));
#7370=DIRECTION('',(0.970295726275996,-0.241921895599668,0.));
#7371=DIRECTION('',(0.241921895599668,0.970295726275996,0.));
#7372=DIRECTION('',(-0.241921895599668,-0.970295726275996,0.));
#7373=DIRECTION('',(0.,0.,-1.));
#7374=DIRECTION('',(0.,0.,-1.));
#7375=DIRECTION('',(0.,0.,-1.));
#7376=DIRECTION('',(-1.,0.,0.));
#7377=DIRECTION('',(0.,0.,-1.));
#7378=DIRECTION('',(-1.,0.,0.));
#7379=DIRECTION('',(0.,0.,-1.));
#7380=DIRECTION('',(-0.898794046299167,0.438371146789078,0.));
#7381=DIRECTION('',(-0.438371146789078,-0.898794046299167,0.));
#7382=DIRECTION('',(0.438371146789078,0.898794046299167,0.));
#7383=DIRECTION('',(0.,0.,-1.));
#7384=DIRECTION('',(0.809016994374947,-0.587785252292474,0.));
#7385=DIRECTION('',(0.587785252292474,0.809016994374947,0.));
#7386=DIRECTION('',(-0.587785252292474,-0.809016994374947,0.));
#7387=DIRECTION('',(0.,0.,-1.));
#7388=DIRECTION('',(0.,0.,-1.));
#7389=DIRECTION('',(0.,0.,-1.));
#7390=DIRECTION('',(-1.,0.,0.));
#7391=DIRECTION('',(0.,0.,-1.));
#7392=DIRECTION('',(-1.,0.,0.));
#7393=DIRECTION('',(0.,0.,-1.));
#7394=DIRECTION('',(-0.669130606358858,0.743144825477394,0.));
#7395=DIRECTION('',(-0.743144825477395,-0.669130606358858,0.));
#7396=DIRECTION('',(0.743144825477395,0.669130606358858,0.));
#7397=DIRECTION('',(0.,0.,-1.));
#7398=DIRECTION('',(0.649448048330183,-0.760405965600031,0.));
#7399=DIRECTION('',(0.760405965600031,0.649448048330183,0.));
#7400=DIRECTION('',(-0.760405965600031,-0.649448048330183,0.));
#7401=DIRECTION('',(0.,0.,-1.));
#7402=DIRECTION('',(0.,0.,-1.));
#7403=DIRECTION('',(0.,0.,-1.));
#7404=DIRECTION('',(-1.,0.,0.));
#7405=DIRECTION('',(0.,0.,-1.));
#7406=DIRECTION('',(-1.,0.,0.));
#7407=DIRECTION('',(0.,0.,-1.));
#7408=DIRECTION('',(-0.507538362960703,0.861629160441526,0.));
#7409=DIRECTION('',(-0.861629160441527,-0.507538362960703,0.));
#7410=DIRECTION('',(0.861629160441526,0.507538362960703,0.));
#7411=DIRECTION('',(0.,0.,-1.));
#7412=DIRECTION('',(0.466489895545379,-0.884526527218976,0.));
#7413=DIRECTION('',(0.884526527218976,0.466489895545379,0.));
#7414=DIRECTION('',(-0.884526527218976,-0.466489895545379,0.));
#7415=DIRECTION('',(0.,0.,-1.));
#7416=DIRECTION('',(0.,0.,-1.));
#7417=DIRECTION('',(-1.,-1.31027156140413E-15,0.));
#7418=DIRECTION('',(1.31027156140413E-15,-1.,0.));
#7419=DIRECTION('',(-1.31027156140413E-15,1.,0.));
#7420=DIRECTION('',(0.,0.,-1.));
#7421=DIRECTION('',(-0.252526489967902,0.967589981275381,0.));
#7422=DIRECTION('',(-0.967589981275381,-0.252526489967902,0.));
#7423=DIRECTION('',(0.967589981275381,0.252526489967902,0.));
#7424=DIRECTION('',(0.,0.,-1.));
#7425=DIRECTION('',(0.,-1.,0.));
#7426=DIRECTION('',(0.,0.,-1.));
#7427=DIRECTION('',(-1.,0.,0.));
#7428=DIRECTION('',(0.,0.,-1.));
#7429=DIRECTION('',(0.,0.,-1.));
#7430=DIRECTION('',(0.995239580016947,0.0974585982235124,0.));
#7431=DIRECTION('',(-0.0974585982235124,0.995239580016947,0.));
#7432=DIRECTION('',(0.0974585982235124,-0.995239580016946,0.));
#7433=DIRECTION('',(0.,0.,-1.));
#7434=DIRECTION('',(0.229098260732823,-0.973403301273011,0.));
#7435=DIRECTION('',(0.973403301273011,0.229098260732823,0.));
#7436=DIRECTION('',(-0.973403301273011,-0.229098260732823,0.));
#7437=DIRECTION('',(0.,0.,-1.));
#7438=DIRECTION('',(0.,0.,-1.));
#7439=DIRECTION('',(-1.,0.,0.));
#7440=DIRECTION('',(0.,0.,1.));
#7441=DIRECTION('',(1.,0.,0.));
#7442=DIRECTION('',(0.535072187952312,0.844806340932599,0.));
#7443=DIRECTION('',(-0.844806340932599,0.535072187952312,0.));
#7444=DIRECTION('',(0.844806340932599,-0.535072187952312,0.));
#7445=DIRECTION('',(0.783453357981551,0.621450590045124,0.));
#7446=DIRECTION('',(-0.621450590045124,0.783453357981551,0.));
#7447=DIRECTION('',(0.621450590045124,-0.783453357981551,0.));
#7448=DIRECTION('',(0.893627562230589,0.448809291371976,0.));
#7449=DIRECTION('',(-0.448809291371976,0.893627562230589,0.));
#7450=DIRECTION('',(0.448809291371976,-0.893627562230589,0.));
#7451=DIRECTION('',(0.955191143389626,0.29598966128907,0.));
#7452=DIRECTION('',(-0.29598966128907,0.955191143389627,0.));
#7453=DIRECTION('',(0.29598966128907,-0.955191143389626,0.));
#7454=DIRECTION('',(-1.,0.,0.));
#7455=DIRECTION('',(0.,0.,1.));
#7456=DIRECTION('',(0.,1.,0.));
#7457=DIRECTION('',(0.974370064785235,-0.224951054343866,0.));
#7458=DIRECTION('',(0.224951054343866,0.974370064785235,0.));
#7459=DIRECTION('',(-0.224951054343866,-0.974370064785235,0.));
#7460=DIRECTION('',(0.,0.,-1.));
#7461=DIRECTION('',(-1.,0.,0.));
#7462=DIRECTION('',(0.,0.,-1.));
#7463=DIRECTION('',(-1.,0.,0.));
#7464=DIRECTION('',(0.,0.,-1.));
#7465=DIRECTION('',(-1.,0.,0.));
#7466=DIRECTION('',(0.,0.,-1.));
#7467=DIRECTION('',(-1.,0.,0.));
#7468=DIRECTION('',(0.,0.,-1.));
#7469=DIRECTION('',(-1.,0.,0.));
#7470=DIRECTION('',(0.,0.,-1.));
#7471=DIRECTION('',(-1.,0.,0.));
#7472=DIRECTION('',(1.,0.,0.));
#7473=DIRECTION('',(0.,0.,-1.));
#7474=DIRECTION('',(0.,0.,1.));
#7475=DIRECTION('',(1.,0.,0.));
#7476=DIRECTION('',(0.,0.,-1.));
#7477=DIRECTION('',(0.,0.,1.));
#7478=DIRECTION('',(1.,0.,0.));
#7479=DIRECTION('',(0.,0.,-1.));
#7480=DIRECTION('',(0.,0.,1.));
#7481=DIRECTION('',(0.,-1.,0.));
#7482=DIRECTION('',(-3.63732341737072E-16,0.,-1.));
#7483=DIRECTION('',(-1.,0.,3.63732341737072E-16));
#7484=DIRECTION('',(1.,0.,-3.63732341737072E-16));
#7485=DIRECTION('',(0.,-1.,0.));
#7486=DIRECTION('',(-1.,0.,0.));
#7487=DIRECTION('',(1.,0.,-3.63732341737072E-16));
#7488=DIRECTION('',(0.,0.,1.));
#7489=DIRECTION('',(0.,1.,0.));
#7490=DIRECTION('',(0.,0.,1.));
#7491=DIRECTION('',(0.,0.,-1.));
#7492=DIRECTION('',(1.,0.,0.));
#7493=DIRECTION('',(0.,0.,-1.));
#7494=DIRECTION('',(-1.,0.,0.));
#7495=DIRECTION('',(0.,0.,-1.));
#7496=DIRECTION('',(0.,0.,-1.));
#7497=DIRECTION('',(-1.,0.,0.));
#7498=DIRECTION('',(-1.,0.,0.));
#7499=DIRECTION('',(0.,0.,1.));
#7500=DIRECTION('',(0.,1.,0.));
#7501=DIRECTION('',(0.,0.,1.));
#7502=DIRECTION('',(-1.,0.,0.));
#7503=DIRECTION('',(0.,0.,1.));
#7504=DIRECTION('',(1.,0.,0.));
#7505=DIRECTION('',(-1.,0.,0.));
#7506=DIRECTION('',(2.01127359533543E-16,-1.,0.));
#7507=DIRECTION('',(0.,1.,0.));
#7508=DIRECTION('',(0.,0.,1.));
#7509=DIRECTION('',(0.,1.,0.));
#7510=DIRECTION('',(0.,0.,1.));
#7511=DIRECTION('',(0.,0.,-1.));
#7512=DIRECTION('',(0.,0.,-1.));
#7513=DIRECTION('',(-1.,0.,0.));
#7514=DIRECTION('',(0.,0.,-1.));
#7515=DIRECTION('',(-1.,0.,0.));
#7516=DIRECTION('',(0.,0.,1.));
#7517=DIRECTION('',(2.01127359533543E-16,-1.,0.));
#7518=DIRECTION('',(1.,2.01127359533543E-16,0.));
#7519=DIRECTION('',(0.,1.,0.));
#7520=DIRECTION('',(0.,0.,1.));
#7521=DIRECTION('',(0.,0.,1.));
#7522=DIRECTION('',(1.,0.,0.));
#7523=DIRECTION('',(-1.,0.,0.));
#7524=DIRECTION('',(0.,0.,1.));
#7525=DIRECTION('',(1.,0.,0.));
#7526=DIRECTION('',(0.,0.,-1.));
#7527=DIRECTION('',(1.,0.,0.));
#7528=DIRECTION('',(0.,0.,-1.));
#7529=DIRECTION('',(1.,0.,0.));
#7530=DIRECTION('',(0.,0.,-1.));
#7531=DIRECTION('',(0.,0.,1.));
#7532=DIRECTION('',(1.,0.,0.));
#7533=DIRECTION('',(0.,-1.,0.));
#7534=DIRECTION('',(0.,0.,-1.));
#7535=DIRECTION('',(0.,-1.,0.));
#7536=DIRECTION('',(0.,0.,-1.));
#7537=DIRECTION('',(2.01127359533543E-16,1.,0.));
#7538=DIRECTION('',(-1.,2.01127359533543E-16,0.));
#7539=DIRECTION('',(0.,1.,0.));
#7540=DIRECTION('',(0.,0.,1.));
#7541=DIRECTION('',(0.,0.,1.));
#7542=DIRECTION('',(1.,0.,0.));
#7543=DIRECTION('',(1.,-6.93889390390722E-15,-6.93889390390723E-15));
#7544=DIRECTION('',(-6.93889390390723E-15,0.,-1.));
#7545=DIRECTION('',(1.,0.,0.));
#7546=DIRECTION('',(0.,0.,-1.));
#7547=DIRECTION('',(0.,1.,0.));
#7548=DIRECTION('',(0.,0.,1.));
#7549=DIRECTION('',(0.,1.,0.));
#7550=DIRECTION('',(0.,0.,1.));
#7551=DIRECTION('',(0.,0.,1.));
#7552=DIRECTION('',(1.,0.,0.));
#7553=DIRECTION('',(1.,-3.46944695195361E-15,-3.46944695195361E-15));
#7554=DIRECTION('',(-3.46944695195361E-15,0.,-1.));
#7555=DIRECTION('',(0.,1.,0.));
#7556=DIRECTION('',(0.,0.,1.));
#7557=DIRECTION('',(0.707106781186548,0.707106781186548,0.));
#7558=DIRECTION('',(0.707106781186548,-0.707106781186548,0.));
#7559=DIRECTION('',(1.,0.,0.));
#7560=DIRECTION('',(0.,0.,-1.));
#7561=DIRECTION('',(0.,-1.,0.));
#7562=DIRECTION('',(0.,0.,-1.));
#7563=DIRECTION('',(-1.53156022361291E-16,-1.,0.));
#7564=DIRECTION('',(1.,-1.53156022361291E-16,0.));
#7565=DIRECTION('',(1.16872706666174E-16,1.,0.));
#7566=DIRECTION('',(-1.,1.16872706666174E-16,0.));
#7567=DIRECTION('',(1.16872706666174E-16,-1.,0.));
#7568=DIRECTION('',(1.,1.16872706666174E-16,0.));
#7569=DIRECTION('',(-1.53156022361291E-16,1.,0.));
#7570=DIRECTION('',(-1.,-1.53156022361291E-16,0.));
#7571=DIRECTION('',(0.,1.,0.));
#7572=DIRECTION('',(0.,0.,1.));
#7573=DIRECTION('',(1.,0.,3.63732341737072E-16));
#7574=DIRECTION('',(3.63732341737072E-16,0.,-1.));
#7575=DIRECTION('',(0.707106781186547,0.,0.707106781186548));
#7576=DIRECTION('',(0.707106781186548,0.,-0.707106781186547));
#7577=DIRECTION('',(0.,0.,1.));
#7578=DIRECTION('',(1.,0.,0.));
#7579=DIRECTION('',(1.,0.,-3.63732341737072E-16));
#7580=DIRECTION('',(-3.63732341737072E-16,0.,-1.));
#7581=DIRECTION('',(0.707106781186547,0.,-0.707106781186548));
#7582=DIRECTION('',(0.707106781186548,0.,0.707106781186547));
#7583=DIRECTION('',(0.,0.,-1.));
#7584=DIRECTION('',(-1.,0.,0.));
#7585=DIRECTION('',(0.,0.,-1.));
#7586=DIRECTION('',(-1.,0.,0.));
#7587=DIRECTION('',(0.707106781186548,0.,-0.707106781186547));
#7588=DIRECTION('',(-0.707106781186547,0.,-0.707106781186548));
#7589=DIRECTION('',(0.,0.,1.));
#7590=DIRECTION('',(1.,0.,0.));
#7591=DIRECTION('',(0.707106781186547,0.,0.707106781186548));
#7592=DIRECTION('',(-0.707106781186548,0.,0.707106781186547));
#7593=DIRECTION('',(1.,0.,3.67971646419323E-16));
#7594=DIRECTION('',(3.67971646419323E-16,0.,-1.));
#7595=DIRECTION('',(0.,0.,1.));
#7596=DIRECTION('',(1.,0.,0.));
#7597=DIRECTION('',(0.707106781186548,0.,0.707106781186548));
#7598=DIRECTION('',(-0.707106781186548,0.,0.707106781186548));
#7599=DIRECTION('',(1.,0.,0.));
#7600=DIRECTION('',(0.,0.,-1.));
#7601=DIRECTION('',(0.707106781186548,0.,-0.707106781186548));
#7602=DIRECTION('',(0.707106781186548,0.,0.707106781186548));
#7603=DIRECTION('',(0.,0.,-1.));
#7604=DIRECTION('',(-1.,0.,0.));
#7605=DIRECTION('',(0.,1.,0.));
#7606=DIRECTION('',(0.,0.,1.));
#7607=DIRECTION('',(0.,0.,1.));
#7608=DIRECTION('',(1.,0.,0.));
#7609=DIRECTION('',(0.,0.,1.));
#7610=DIRECTION('',(1.,0.,0.));
#7611=DIRECTION('',(0.,-1.,0.));
#7612=DIRECTION('',(0.,0.,-1.));
#7613=DIRECTION('',(0.,0.,-1.));
#7614=DIRECTION('',(1.,0.,0.));
#7615=DIRECTION('',(6.65281832841564E-17,1.,0.));
#7616=DIRECTION('',(6.65281832841564E-17,1.,0.));
#7617=DIRECTION('',(-1.,6.65281832841564E-17,0.));
#7618=DIRECTION('',(-6.65281832841564E-17,-1.,0.));
#7619=DIRECTION('',(-1.,6.65281832841564E-17,0.));
#7620=DIRECTION('',(-6.65281832841564E-17,-1.,0.));
#7621=DIRECTION('',(0.,-1.,0.));
#7622=DIRECTION('',(0.,0.,-1.));
#7623=DIRECTION('',(0.,-1.,0.));
#7624=DIRECTION('',(0.,0.,-1.));
#7625=DIRECTION('',(0.,-1.,0.));
#7626=DIRECTION('',(1.,0.,0.));
#7627=DIRECTION('',(0.,-1.,0.));
#7628=DIRECTION('',(0.,0.,-1.));
#7629=DIRECTION('',(0.,-1.,0.));
#7630=DIRECTION('',(0.,0.,-1.));
#7631=DIRECTION('',(0.,-1.,0.));
#7632=DIRECTION('',(1.,0.,0.));
#7633=CARTESIAN_POINT('',(0.,0.,0.));
#7634=CARTESIAN_POINT('',(-0.0108094424150477,-0.064420801409562,0.002));
#7635=CARTESIAN_POINT('',(-0.0235933978110552,-0.0627542361617088,0.002));
#7636=CARTESIAN_POINT('',(-0.0235933978110552,-0.0627542361617088,0.0015));
#7637=CARTESIAN_POINT('',(-0.0235933978110552,-0.0627542361617088,0.001));
#7638=CARTESIAN_POINT('',(-0.0108094424150477,-0.064420801409562,0.0015));
#7639=CARTESIAN_POINT('',(-0.0202084820520128,-0.0555966862020627,0.0015));
#7640=CARTESIAN_POINT('',(-0.0202084820520128,-0.0555966862020627,0.0015));
#7641=CARTESIAN_POINT('',(-0.0202084820520128,-0.0555966862020627,0.001));
#7642=CARTESIAN_POINT('',(-0.0108094424150477,-0.064420801409562,0.001));
#7643=CARTESIAN_POINT('',(0.0108094424150477,-0.064420801409562,0.002));
#7644=CARTESIAN_POINT('',(0.011,-0.0515300821472679,0.001));
#7645=CARTESIAN_POINT('',(0.0107359126642599,-0.0515261782654215,0.001));
#7646=CARTESIAN_POINT('',(0.0105,-0.0515323879818265,0.0012358846089213));
#7647=CARTESIAN_POINT('',(0.0105,-0.0515323879818265,0.0015));
#7648=CARTESIAN_POINT('',(0.011,-0.0515300821472679,0.001));
#7649=CARTESIAN_POINT('',(0.0105,-0.0515323879818265,0.0015));
#7650=CARTESIAN_POINT('',(0.0108094424150477,-0.064420801409562,0.0015));
#7651=CARTESIAN_POINT('',(0.0135,-0.0518125558863134,0.0015));
#7652=CARTESIAN_POINT('',(0.0135,-0.0518125558863134,0.0015));
#7653=CARTESIAN_POINT('',(0.0135,-0.0518125558863134,0.001));
#7654=CARTESIAN_POINT('',(0.0108094424150477,-0.064420801409562,0.001));
#7655=CARTESIAN_POINT('',(-0.0175,-0.0695323879818265,-1.7347234759768E-18));
#7656=CARTESIAN_POINT('',(-0.0325,-0.0695323879818265,-1.7347234759768E-18));
#7657=CARTESIAN_POINT('',(-0.0325,-0.0695323879818265,-0.005));
#7658=CARTESIAN_POINT('',(-0.0325,-0.0695323879818265,0.0025));
#7659=CARTESIAN_POINT('',(0.033,-0.0695323879818265,0.0025));
#7660=CARTESIAN_POINT('',(-0.00484138317886997,-0.0695323879818265,0.0025));
#7661=CARTESIAN_POINT('',(-0.00484138317886997,-0.0695323879818265,0.002));
#7662=CARTESIAN_POINT('',(-0.00534138317886997,-0.0695323879818265,0.002));
#7663=CARTESIAN_POINT('',(-0.0165,-0.0695323879818265,0.002));
#7664=CARTESIAN_POINT('',(-0.008,-0.0695323879818265,0.002));
#7665=CARTESIAN_POINT('',(-0.008,-0.0695323879818265,0.0015));
#7666=CARTESIAN_POINT('',(-0.0085,-0.0695323879818265,0.0015));
#7667=CARTESIAN_POINT('',(-0.0165,-0.0695323879818265,0.0015));
#7668=CARTESIAN_POINT('',(-0.0105,-0.0695323879818265,0.0015));
#7669=CARTESIAN_POINT('',(-0.0105,-0.0695323879818265,0.001));
#7670=CARTESIAN_POINT('',(-0.0105,-0.0695323879818265,0.002));
#7671=CARTESIAN_POINT('',(-0.0175052369931667,-0.0695323879818265,0.002));
#7672=CARTESIAN_POINT('',(-0.0230933978110552,-0.0695323879818265,0.002));
#7673=CARTESIAN_POINT('',(-0.0230933978110552,-0.0695323879818265,0.0015));
#7674=CARTESIAN_POINT('',(-0.0235933978110552,-0.0695323879818265,0.0015));
#7675=CARTESIAN_POINT('',(-0.0235933978110552,-0.0695323879818265,-0.005002));
#7676=CARTESIAN_POINT('',(-0.0235933978110552,-0.0695323879818265,0.001));
#7677=CARTESIAN_POINT('',(-0.0155,-0.0695323879818265,0.001));
#7678=CARTESIAN_POINT('',(-0.031,-0.0695323879818265,0.000999999999999988));
#7679=CARTESIAN_POINT('',(-0.031,-0.0695323879818265,-0.002));
#7680=CARTESIAN_POINT('',(-0.031,-0.0695323879818265,-0.005));
#7681=CARTESIAN_POINT('',(-0.032,-0.0695323879818265,-0.005));
#7682=CARTESIAN_POINT('',(0.0105,-0.0285323879818265,0.));
#7683=CARTESIAN_POINT('',(0.0105,-0.0285323879818265,0.0015));
#7684=CARTESIAN_POINT('',(0.0105,-0.0270323879818265,0.0015));
#7685=CARTESIAN_POINT('',(0.0105,-0.0305323879818265,0.0015));
#7686=CARTESIAN_POINT('',(0.0105,-0.0305323879818265,0.001));
#7687=CARTESIAN_POINT('',(0.0105,-0.0300323879818265,0.001));
#7688=CARTESIAN_POINT('',(0.0105,-0.0300323879818265,0.));
#7689=CARTESIAN_POINT('',(0.0105,-0.0300323879818265,-0.005));
#7690=CARTESIAN_POINT('',(0.0105,-0.0285323879818265,-0.005));
#7691=CARTESIAN_POINT('',(0.0105,-0.0270323879818265,-0.005));
#7692=CARTESIAN_POINT('',(0.0105,-0.0270323879818265,0.));
#7693=CARTESIAN_POINT('',(0.0105,-0.0270323879818265,0.0005));
#7694=CARTESIAN_POINT('',(0.0105,-0.0270323879818265,0.0015));
#7695=CARTESIAN_POINT('',(0.0235933978110552,-0.0663344822824001,-0.005002));
#7696=CARTESIAN_POINT('',(0.0235933978110552,-0.0627542361617088,0.002));
#7697=CARTESIAN_POINT('',(0.0235933978110552,-0.0627542361617088,0.0015));
#7698=CARTESIAN_POINT('',(0.0235933978110552,-0.0627542361617088,0.001));
#7699=CARTESIAN_POINT('',(0.0235933978110552,-0.0695323879818265,0.0015));
#7700=CARTESIAN_POINT('',(0.0235933978110552,-0.0695323879818265,0.0015));
#7701=CARTESIAN_POINT('',(0.0235933978110552,-0.0695323879818265,-0.005002));
#7702=CARTESIAN_POINT('',(0.0235933978110552,-0.0695323879818265,0.001));
#7703=CARTESIAN_POINT('',(0.0235933978110552,-0.0663344822824001,0.001));
#7704=CARTESIAN_POINT('',(0.0235933978110552,-0.0685323879818265,0.001));
#7705=CARTESIAN_POINT('',(0.0235933978110552,-0.0685323879818265,0.000499999999999991));
#7706=CARTESIAN_POINT('',(0.0235933978110552,-0.0680323879818265,0.000499999999999991));
#7707=CARTESIAN_POINT('',(0.0235933978110552,-0.0680323879818265,-0.005002));
#7708=CARTESIAN_POINT('',(0.0235933978110552,-0.0680323879818265,-0.005));
#7709=CARTESIAN_POINT('',(0.0235933978110552,-0.0663344822824001,-0.005));
#7710=CARTESIAN_POINT('',(0.0235933978110552,-0.0627542361617088,-0.005));
#7711=CARTESIAN_POINT('',(0.0235933978110552,-0.0627542361617088,-0.005002));
#7712=CARTESIAN_POINT('',(0.,-0.0220161939909133,0.0025));
#7713=CARTESIAN_POINT('',(0.,0.,0.0025));
#7714=CARTESIAN_POINT('',(0.00534138317886991,-0.0285038528226709,0.0025));
#7715=CARTESIAN_POINT('',(-0.00484138317886998,-0.0285930237805545,0.0025));
#7716=CARTESIAN_POINT('',(-0.00484138317886997,-0.0220161939909133,0.0025));
#7717=CARTESIAN_POINT('',(-0.0165,-0.0695323879818265,0.0025));
#7718=CARTESIAN_POINT('',(0.00534138317886997,-0.0695323879818265,0.0025));
#7719=CARTESIAN_POINT('',(0.00534138317886997,-0.0507681204022487,0.0025));
#7720=CARTESIAN_POINT('',(0.00525,-0.0500323879818265,0.0015));
#7721=CARTESIAN_POINT('',(0.0105,-0.0305323879818265,0.0015));
#7722=CARTESIAN_POINT('',(0.012,-0.0305323879818265,0.0015));
#7723=CARTESIAN_POINT('',(0.,0.,0.0015));
#7724=CARTESIAN_POINT('',(0.0085,-0.0277263412660236,0.0015));
#7725=CARTESIAN_POINT('',(0.0085,-0.0503793646239251,0.0015));
#7726=CARTESIAN_POINT('',(0.0085,-0.0695323879818265,0.0015));
#7727=CARTESIAN_POINT('',(0.0165,-0.0695323879818265,0.0015));
#7728=CARTESIAN_POINT('',(0.0105,-0.0695323879818265,0.0015));
#7729=CARTESIAN_POINT('',(0.0105,-0.0285323879818265,0.0015));
#7730=CARTESIAN_POINT('',(0.0105,-0.0285323879818265,0.0015));
#7731=CARTESIAN_POINT('',(0.0105,-0.0310323879818265,0.0015));
#7732=CARTESIAN_POINT('',(0.01125,-0.0310323879818265,0.0015));
#7733=CARTESIAN_POINT('',(0.012,-0.0310323879818265,0.0015));
#7734=CARTESIAN_POINT('',(0.012,-0.0325323879818266,0.0015));
#7735=CARTESIAN_POINT('',(0.0135,-0.0325323879818266,0.0015));
#7736=CARTESIAN_POINT('',(0.0135,-0.04217247193407,0.0015));
#7737=CARTESIAN_POINT('',(0.0108094424150477,-0.064420801409562,0.0015));
#7738=CARTESIAN_POINT('',(0.0202084820520128,-0.0555966862020627,0.0015));
#7739=CARTESIAN_POINT('',(0.0105,-0.0645671414998326,0.0015));
#7740=CARTESIAN_POINT('',(0.014,-0.051820624642136,0.0015));
#7741=CARTESIAN_POINT('',(0.014,-0.0500323879818265,0.0015));
#7742=CARTESIAN_POINT('',(0.014,-0.0325323879818266,0.0015));
#7743=CARTESIAN_POINT('',(0.012,-0.0325323879818266,0.0015));
#7744=CARTESIAN_POINT('',(0.00525,-0.0500323879818265,0.002));
#7745=CARTESIAN_POINT('',(0.0165,-0.0695323879818265,0.002));
#7746=CARTESIAN_POINT('',(0.008,-0.0695323879818265,0.002));
#7747=CARTESIAN_POINT('',(0.00584138317886997,-0.0695323879818265,0.002));
#7748=CARTESIAN_POINT('',(0.008,-0.0500323879818265,0.002));
#7749=CARTESIAN_POINT('',(0.008,-0.0278747197295327,0.002));
#7750=CARTESIAN_POINT('',(0.,0.,0.002));
#7751=CARTESIAN_POINT('',(0.00584138317886997,-0.0284056023093617,0.002));
#7752=CARTESIAN_POINT('',(0.00584138317886997,-0.0695323879818265,0.002));
#7753=CARTESIAN_POINT('',(-0.0175,-0.0710323879818265,-1.7347234759768E-18));
#7754=CARTESIAN_POINT('',(0.035,-0.0710323879818265,0.0045));
#7755=CARTESIAN_POINT('',(-0.0345,-0.0710323879818265,0.0045));
#7756=CARTESIAN_POINT('',(0.0345,-0.0710323879818265,0.0045));
#7757=CARTESIAN_POINT('',(0.0345,-0.0710323879818265,-0.005));
#7758=CARTESIAN_POINT('',(0.0345,-0.0710323879818265,-0.005));
#7759=CARTESIAN_POINT('',(0.034,-0.0710323879818265,-0.005));
#7760=CARTESIAN_POINT('',(0.033,-0.0710323879818265,-0.005));
#7761=CARTESIAN_POINT('',(0.033,-0.0710323879818265,-1.7347234759768E-18));
#7762=CARTESIAN_POINT('',(0.033,-0.0710323879818265,0.003));
#7763=CARTESIAN_POINT('',(-0.0175,-0.0710323879818265,0.003));
#7764=CARTESIAN_POINT('',(-0.033,-0.0710323879818265,0.003));
#7765=CARTESIAN_POINT('',(-0.033,-0.0710323879818265,-1.7347234759768E-18));
#7766=CARTESIAN_POINT('',(-0.033,-0.0710323879818265,-0.005));
#7767=CARTESIAN_POINT('',(-0.034,-0.0710323879818265,-0.005));
#7768=CARTESIAN_POINT('',(-0.0345,-0.0710323879818265,-0.005));
#7769=CARTESIAN_POINT('',(-0.0345,-0.0710323879818265,-1.7347234759768E-18));
#7770=CARTESIAN_POINT('',(0.0105,-0.0515323879818265,0.001));
#7771=CARTESIAN_POINT('',(0.0105,-0.0515323879818265,0.002));
#7772=CARTESIAN_POINT('',(0.0105,-0.0520325378897532,0.002));
#7773=CARTESIAN_POINT('',(0.0105,-0.0695323879818265,0.002));
#7774=CARTESIAN_POINT('',(0.0105,-0.0520325378897532,0.002));
#7775=CARTESIAN_POINT('',(0.0105,-0.051768390035466,0.002));
#7776=CARTESIAN_POINT('',(0.0105,-0.0515323879818265,0.00176415012451319));
#7777=CARTESIAN_POINT('',(0.0105,-0.0515323879818265,0.0015));
#7778=CARTESIAN_POINT('',(0.0105,-0.0695323879818265,0.001));
#7779=CARTESIAN_POINT('',(0.0175052369931667,-0.0515323879818265,0.002));
#7780=CARTESIAN_POINT('',(0.0180594670409932,-0.0689854306521754,0.002));
#7781=CARTESIAN_POINT('',(0.0218954178174342,-0.0689854306521754,0.002));
#7782=CARTESIAN_POINT('',(0.0142235162645523,-0.0689854306521754,0.002));
#7783=CARTESIAN_POINT('',(0.0141983426343859,-0.0687283595104692,0.002));
#7784=CARTESIAN_POINT('',(0.0141731690042194,-0.0684712883687629,0.002));
#7785=CARTESIAN_POINT('',(0.0180342934108267,-0.0675625418246841,0.002));
#7786=CARTESIAN_POINT('',(0.0218954178174342,-0.0666537952806052,0.002));
#7787=CARTESIAN_POINT('',(0.0218954178174342,-0.0678196129663903,0.002));
#7788=CARTESIAN_POINT('',(0.0179339089679467,-0.0656529086948006,0.002));
#7789=CARTESIAN_POINT('',(0.0218954178174342,-0.0635636510043503,0.002));
#7790=CARTESIAN_POINT('',(0.0139724001184591,-0.0677421663852509,0.002));
#7791=CARTESIAN_POINT('',(0.0218954178174342,-0.0648875929466739,0.002));
#7792=CARTESIAN_POINT('',(0.0218954178174342,-0.0662115348889976,0.002));
#7793=CARTESIAN_POINT('',(0.0180109076528146,-0.0672253338494034,0.002));
#7794=CARTESIAN_POINT('',(0.014126397488195,-0.0682391328098091,0.002));
#7795=CARTESIAN_POINT('',(0.014049398803327,-0.06799064959753,0.002));
#7796=CARTESIAN_POINT('',(0.0176490431797224,-0.0640594638337162,0.002));
#7797=CARTESIAN_POINT('',(0.0215038070451773,-0.0607671844692087,0.002));
#7798=CARTESIAN_POINT('',(0.0137942793142675,-0.0673517431982237,0.002));
#7799=CARTESIAN_POINT('',(0.0166584150123574,-0.0627542361617088,0.002));
#7800=CARTESIAN_POINT('',(0.0218954178174342,-0.0627542361617088,0.002));
#7801=CARTESIAN_POINT('',(0.0178786504869721,-0.0651202929398384,0.002));
#7802=CARTESIAN_POINT('',(0.01386188315651,-0.067486349717968,0.002));
#7803=CARTESIAN_POINT('',(0.0138280812353888,-0.0674190464580958,0.002));
#7804=CARTESIAN_POINT('',(0.0166234606797745,-0.0620998142466843,0.002));
#7805=CARTESIAN_POINT('',(0.0199309144078005,-0.0575474947326342,0.002));
#7806=CARTESIAN_POINT('',(0.0133160069517484,-0.0666521337607344,0.002));
#7807=CARTESIAN_POINT('',(0.0143597946458489,-0.0621016243970973,0.002));
#7808=CARTESIAN_POINT('',(0.0212287814707543,-0.059958147688097,0.002));
#7809=CARTESIAN_POINT('',(0.0173720449249519,-0.0634307688717287,0.002));
#7810=CARTESIAN_POINT('',(0.0135153083791495,-0.0669033900553605,0.002));
#7811=CARTESIAN_POINT('',(0.013415657665449,-0.0667777619080474,0.002));
#7812=CARTESIAN_POINT('',(0.0137489220267382,-0.0598178935810776,0.002));
#7813=CARTESIAN_POINT('',(0.0152417806427258,-0.0538303647076103,0.002));
#7814=CARTESIAN_POINT('',(0.0122560634107508,-0.0658054224545449,0.002));
#7815=CARTESIAN_POINT('',(0.0130489858262106,-0.0605914928224668,0.002));
#7816=CARTESIAN_POINT('',(0.0179269943204852,-0.0554217505056171,0.002));
#7817=CARTESIAN_POINT('',(0.015323200278023,-0.0607603194335585,0.002));
#7818=CARTESIAN_POINT('',(0.0127194062355608,-0.0660988883615,0.002));
#7819=CARTESIAN_POINT('',(0.0124877348231558,-0.0659521554080224,0.002));
#7820=CARTESIAN_POINT('',(0.0113925511302642,-0.0654904606157958,0.002));
#7821=CARTESIAN_POINT('',(0.0117267444838222,-0.0655733161247102,0.002));
#7822=CARTESIAN_POINT('',(0.0110583577767059,-0.0654076051068813,0.002));
#7823=CARTESIAN_POINT('',(0.0110583577767059,-0.0592116527094071,0.002));
#7824=CARTESIAN_POINT('',(0.0110583577767059,-0.0530157003119328,0.002));
#7825=CARTESIAN_POINT('',(0.0112869248384108,-0.0627859411328349,0.002));
#7826=CARTESIAN_POINT('',(0.0145010068369157,-0.0535566656733525,0.002));
#7827=CARTESIAN_POINT('',(0.0131138756603691,-0.0595649908990313,0.002));
#7828=CARTESIAN_POINT('',(0.0230933978110552,-0.0627542361617088,0.002));
#7829=CARTESIAN_POINT('',(0.0230933978110552,-0.0695323879818265,0.002));
#7830=CARTESIAN_POINT('',(0.0230933978110552,-0.0627870121106148,0.002));
#7831=CARTESIAN_POINT('',(0.0108094424150477,-0.064420801409562,0.002));
#7832=CARTESIAN_POINT('',(0.0175052369931667,-0.0695323879818265,0.002));
#7833=CARTESIAN_POINT('',(0.,-0.0220161939909133,0.001));
#7834=CARTESIAN_POINT('',(0.01125,-0.0310323879818265,0.001));
#7835=CARTESIAN_POINT('',(0.011,-0.0310323879818265,0.001));
#7836=CARTESIAN_POINT('',(0.012,-0.0310323879818265,0.001));
#7837=CARTESIAN_POINT('',(0.011,-0.0220161939909133,0.001));
#7838=CARTESIAN_POINT('',(0.0135,-0.04217247193407,0.001));
#7839=CARTESIAN_POINT('',(0.0135,-0.0325323879818266,0.001));
#7840=CARTESIAN_POINT('',(0.012,-0.0325323879818266,0.001));
#7841=CARTESIAN_POINT('',(0.0185,-0.0557823879818265,0.));
#7842=CARTESIAN_POINT('',(0.0185,-0.0385323879818266,0.));
#7843=CARTESIAN_POINT('',(0.0185,-0.0385323879818266,0.));
#7844=CARTESIAN_POINT('',(0.0185,-0.0385323879818266,-0.005));
#7845=CARTESIAN_POINT('',(0.0185,-0.0557823879818265,0.));
#7846=CARTESIAN_POINT('',(0.0185,-0.0540446089147777,-1.7347234759768E-18));
#7847=CARTESIAN_POINT('',(0.0185,-0.0540446089147777,-0.005002));
#7848=CARTESIAN_POINT('',(0.0185,-0.0540446089147777,-0.005));
#7849=CARTESIAN_POINT('',(0.0185,-0.0557823879818265,-0.005));
#7850=CARTESIAN_POINT('',(0.0145,-0.0342823879818266,0.));
#7851=CARTESIAN_POINT('',(0.0145,-0.0325323879818266,0.));
#7852=CARTESIAN_POINT('',(0.0145,-0.0325323879818266,0.001));
#7853=CARTESIAN_POINT('',(0.0145,-0.0325323879818266,-0.005));
#7854=CARTESIAN_POINT('',(0.0145,-0.0342823879818266,0.001));
#7855=CARTESIAN_POINT('',(0.0145,-0.0519685823757286,0.001));
#7856=CARTESIAN_POINT('',(0.0145,-0.0519685823757286,-0.005002));
#7857=CARTESIAN_POINT('',(0.0145,-0.0519685823757286,0.));
#7858=CARTESIAN_POINT('',(0.0145,-0.0220161939909133,0.));
#7859=CARTESIAN_POINT('',(0.0145,-0.0370323879818266,0.));
#7860=CARTESIAN_POINT('',(0.0145,-0.0370323879818266,0.0005));
#7861=CARTESIAN_POINT('',(0.0145,-0.0370323879818266,0.0005));
#7862=CARTESIAN_POINT('',(0.0145,-0.0220161939909133,0.0005));
#7863=CARTESIAN_POINT('',(0.0145,-0.0365323879818266,0.0005));
#7864=CARTESIAN_POINT('',(0.0145,-0.0365323879818266,0.));
#7865=CARTESIAN_POINT('',(0.0145,-0.0360323879818265,0.));
#7866=CARTESIAN_POINT('',(0.0145,-0.0360323879818265,0.));
#7867=CARTESIAN_POINT('',(0.0145,-0.0360323879818265,-0.005));
#7868=CARTESIAN_POINT('',(0.0145,-0.0342823879818266,-0.005));
#7869=CARTESIAN_POINT('',(0.,-0.0220161939909133,0.001));
#7870=CARTESIAN_POINT('',(-0.0105,-0.0515323879818265,0.001));
#7871=CARTESIAN_POINT('',(-0.0105,-0.0310323879818265,0.001));
#7872=CARTESIAN_POINT('',(-0.0105,-0.0515323879818265,0.001));
#7873=CARTESIAN_POINT('',(-0.01125,-0.0310323879818265,0.001));
#7874=CARTESIAN_POINT('',(-0.012,-0.0310323879818265,0.001));
#7875=CARTESIAN_POINT('',(-0.012,-0.0325323879818266,0.001));
#7876=CARTESIAN_POINT('',(-0.0135,-0.0325323879818266,0.001));
#7877=CARTESIAN_POINT('',(-0.0135,-0.04217247193407,0.001));
#7878=CARTESIAN_POINT('',(-0.0135,-0.0518125558863134,0.001));
#7879=CARTESIAN_POINT('',(-0.0108094424150477,-0.064420801409562,0.001));
#7880=CARTESIAN_POINT('',(-0.0105,-0.0285323879818265,0.));
#7881=CARTESIAN_POINT('',(-0.0105,-0.0300323879818265,0.));
#7882=CARTESIAN_POINT('',(-0.0105,-0.0300323879818265,0.001));
#7883=CARTESIAN_POINT('',(-0.0105,-0.0300323879818265,-0.005));
#7884=CARTESIAN_POINT('',(-0.0105,-0.0270323879818265,0.001));
#7885=CARTESIAN_POINT('',(-0.0105,-0.0270323879818265,0.001));
#7886=CARTESIAN_POINT('',(-0.0105,-0.0270323879818265,0.0015));
#7887=CARTESIAN_POINT('',(-0.0105,-0.0270323879818265,0.0005));
#7888=CARTESIAN_POINT('',(-0.0105,-0.0270323879818265,0.));
#7889=CARTESIAN_POINT('',(-0.0105,-0.0270323879818265,-0.005));
#7890=CARTESIAN_POINT('',(-0.0105,-0.0285323879818265,-0.005));
#7891=CARTESIAN_POINT('',(-0.0108094424150477,-0.064420801409562,0.002));
#7892=CARTESIAN_POINT('',(-0.0135,-0.0518125558863134,0.0015));
#7893=CARTESIAN_POINT('',(-0.0135,-0.0518125558863134,0.0015));
#7894=CARTESIAN_POINT('',(-0.0108094424150477,-0.064420801409562,0.0015));
#7895=CARTESIAN_POINT('',(-0.0105,-0.0515323879818265,0.0015));
#7896=CARTESIAN_POINT('',(-0.0108094424150477,-0.064420801409562,0.0015));
#7897=CARTESIAN_POINT('',(-0.01,-0.0515541095942901,0.0015));
#7898=CARTESIAN_POINT('',(-0.01,-0.0515541095942901,0.0015));
#7899=CARTESIAN_POINT('',(-0.0102637304751929,-0.0515375183340169,0.0015));
#7900=CARTESIAN_POINT('',(-0.0105,-0.0515323879818265,0.00126426070456382));
#7901=CARTESIAN_POINT('',(-0.0105,-0.0515323879818265,0.001));
#7902=CARTESIAN_POINT('',(-0.0145,-0.0342823879818266,0.));
#7903=CARTESIAN_POINT('',(-0.0145,-0.0519685823757286,-0.005002));
#7904=CARTESIAN_POINT('',(-0.0145,-0.0519685823757286,0.));
#7905=CARTESIAN_POINT('',(-0.0145,-0.0519685823757286,0.001));
#7906=CARTESIAN_POINT('',(-0.0145,-0.0325323879818266,0.001));
#7907=CARTESIAN_POINT('',(-0.0145,-0.0325323879818266,0.001));
#7908=CARTESIAN_POINT('',(-0.0145,-0.0325323879818266,0.));
#7909=CARTESIAN_POINT('',(-0.0145,-0.0325323879818266,-0.005));
#7910=CARTESIAN_POINT('',(-0.0145,-0.0342823879818266,-0.005));
#7911=CARTESIAN_POINT('',(-0.0145,-0.0360323879818265,-0.005));
#7912=CARTESIAN_POINT('',(-0.0145,-0.0360323879818265,0.));
#7913=CARTESIAN_POINT('',(-0.0145,-0.0360323879818265,0.));
#7914=CARTESIAN_POINT('',(-0.0145,-0.0365323879818266,0.));
#7915=CARTESIAN_POINT('',(-0.0145,-0.0365323879818266,0.0005));
#7916=CARTESIAN_POINT('',(-0.0145,-0.0220161939909133,0.0005));
#7917=CARTESIAN_POINT('',(-0.0145,-0.0370323879818266,0.0005));
#7918=CARTESIAN_POINT('',(-0.0145,-0.0370323879818266,0.0005));
#7919=CARTESIAN_POINT('',(-0.0145,-0.0370323879818266,0.));
#7920=CARTESIAN_POINT('',(-0.0145,-0.0220161939909133,0.));
#7921=CARTESIAN_POINT('',(-0.0105,-0.0645671414998326,-0.005002));
#7922=CARTESIAN_POINT('',(-0.0105,-0.0645671414998326,0.));
#7923=CARTESIAN_POINT('',(-0.0175,-0.053354483830772,0.));
#7924=CARTESIAN_POINT('',(-0.0175,-0.053354483830772,0.0005));
#7925=CARTESIAN_POINT('',(-0.0175,-0.053354483830772,0.0005));
#7926=CARTESIAN_POINT('',(-0.0105,-0.0645671414998326,0.0005));
#7927=CARTESIAN_POINT('',(-0.018,-0.0536825794046658,0.0005));
#7928=CARTESIAN_POINT('',(-0.018,-0.0536825794046658,0.0005));
#7929=CARTESIAN_POINT('',(-0.0181215765330253,-0.0537663516308443,0.0005));
#7930=CARTESIAN_POINT('',(-0.018359192042556,-0.0539368679832108,0.000418036674074435));
#7931=CARTESIAN_POINT('',(-0.0185,-0.0540446089147777,0.0001486843902856));
#7932=CARTESIAN_POINT('',(-0.0185,-0.0540446089147777,-8.96273445231236E-19));
#7933=CARTESIAN_POINT('',(-0.0185,-0.0540446089147777,-1.7347234759768E-18));
#7934=CARTESIAN_POINT('',(-0.0185,-0.0540446089147777,-0.005002));
#7935=CARTESIAN_POINT('',(-0.0185,-0.0540446089147777,-0.005));
#7936=CARTESIAN_POINT('',(-0.0105,-0.0645671414998326,-0.005));
#7937=CARTESIAN_POINT('',(-0.0235933978110552,-0.0627542361617088,-0.005));
#7938=CARTESIAN_POINT('',(-0.0235933978110552,-0.0627542361617088,-0.005002));
#7939=CARTESIAN_POINT('',(-0.0105,-0.0645671414998326,0.001));
#7940=CARTESIAN_POINT('',(-0.0105,-0.0645671414998326,0.0015));
#7941=CARTESIAN_POINT('',(-0.014,-0.051820624642136,0.0015));
#7942=CARTESIAN_POINT('',(-0.014,-0.051820624642136,0.0015));
#7943=CARTESIAN_POINT('',(-0.0142600497599871,-0.0518920303579183,0.0015));
#7944=CARTESIAN_POINT('',(-0.0145,-0.0519685823757286,0.00127000047684251));
#7945=CARTESIAN_POINT('',(-0.0145,-0.0519685823757286,0.00100000000000001));
#7946=CARTESIAN_POINT('',(-0.00525,-0.0500323879818265,0.0015));
#7947=CARTESIAN_POINT('',(-0.01,-0.0515323879818265,0.0015));
#7948=CARTESIAN_POINT('',(-0.01,-0.0310323879818265,0.0015));
#7949=CARTESIAN_POINT('',(-0.0105,-0.0285323879818265,0.0015));
#7950=CARTESIAN_POINT('',(-0.0085,-0.0503793646239251,0.0015));
#7951=CARTESIAN_POINT('',(-0.0085,-0.0277263412660236,0.0015));
#7952=CARTESIAN_POINT('',(0.,0.,0.0015));
#7953=CARTESIAN_POINT('',(-0.01,-0.0272213151776324,0.0015));
#7954=CARTESIAN_POINT('',(-0.01,-0.0300323879818265,0.0015));
#7955=CARTESIAN_POINT('',(-0.01,-0.0305323879818265,0.0015));
#7956=CARTESIAN_POINT('',(-0.00525,-0.0305323879818265,0.0015));
#7957=CARTESIAN_POINT('',(-0.012,-0.0305323879818265,0.0015));
#7958=CARTESIAN_POINT('',(-0.012,-0.0325323879818266,0.0015));
#7959=CARTESIAN_POINT('',(-0.014,-0.0325323879818266,0.0015));
#7960=CARTESIAN_POINT('',(-0.014,-0.0519685823757286,0.0015));
#7961=CARTESIAN_POINT('',(-0.0108094424150477,-0.064420801409562,0.0015));
#7962=CARTESIAN_POINT('',(-0.0135,-0.04217247193407,0.0015));
#7963=CARTESIAN_POINT('',(-0.0135,-0.0325323879818266,0.0015));
#7964=CARTESIAN_POINT('',(-0.012,-0.0325323879818266,0.0015));
#7965=CARTESIAN_POINT('',(-0.012,-0.0310323879818265,0.0015));
#7966=CARTESIAN_POINT('',(-0.01125,-0.0310323879818265,0.0015));
#7967=CARTESIAN_POINT('',(-0.00525,-0.0500323879818265,0.002));
#7968=CARTESIAN_POINT('',(0.,0.,0.002));
#7969=CARTESIAN_POINT('',(-0.00534138317886991,-0.0285038528226709,0.002));
#7970=CARTESIAN_POINT('',(-0.008,-0.0278747197295327,0.002));
#7971=CARTESIAN_POINT('',(-0.008,-0.0695323879818265,0.002));
#7972=CARTESIAN_POINT('',(-0.00534138317886997,-0.0507681204022487,0.002));
#7973=CARTESIAN_POINT('',(-0.0105,-0.0515323879818265,0.001));
#7974=CARTESIAN_POINT('',(-0.0105,-0.0515323879818265,0.0015));
#7975=CARTESIAN_POINT('',(-0.0105,-0.0515323879818265,0.00176414874920238));
#7976=CARTESIAN_POINT('',(-0.0105,-0.0517683913788518,0.002));
#7977=CARTESIAN_POINT('',(-0.0105,-0.0520325378897532,0.002));
#7978=CARTESIAN_POINT('',(-0.0105,-0.0520325378897532,0.002));
#7979=CARTESIAN_POINT('',(-0.0105,-0.0515323879818265,0.002));
#7980=CARTESIAN_POINT('',(-0.0235933978110552,-0.0663344822824001,-0.005002));
#7981=CARTESIAN_POINT('',(-0.0235933978110552,-0.0663344822824001,0.0015));
#7982=CARTESIAN_POINT('',(-0.0235933978110552,-0.0663344822824001,-0.005));
#7983=CARTESIAN_POINT('',(-0.0235933978110552,-0.0680323879818265,-0.005));
#7984=CARTESIAN_POINT('',(-0.0235933978110552,-0.0680323879818265,-0.005002));
#7985=CARTESIAN_POINT('',(-0.0235933978110552,-0.0680323879818265,0.000499999999999991));
#7986=CARTESIAN_POINT('',(-0.0235933978110552,-0.0685323879818265,0.000499999999999991));
#7987=CARTESIAN_POINT('',(-0.0235933978110552,-0.0685323879818265,0.001));
#7988=CARTESIAN_POINT('',(-0.0235933978110552,-0.0663344822824001,0.001));
#7989=CARTESIAN_POINT('',(-0.0175052369931667,-0.0515323879818265,0.002));
#7990=CARTESIAN_POINT('',(-0.0180594670409932,-0.0689854306521754,0.002));
#7991=CARTESIAN_POINT('',(-0.0218954178174342,-0.0689854306521754,0.002));
#7992=CARTESIAN_POINT('',(-0.0142235162645523,-0.0689854306521754,0.002));
#7993=CARTESIAN_POINT('',(-0.0218954178174342,-0.0678196129663903,0.002));
#7994=CARTESIAN_POINT('',(-0.0218954178174342,-0.0666537952806052,0.002));
#7995=CARTESIAN_POINT('',(-0.0180342934108267,-0.0675625418246841,0.002));
#7996=CARTESIAN_POINT('',(-0.0141731690042194,-0.0684712883687629,0.002));
#7997=CARTESIAN_POINT('',(-0.0141983426343859,-0.0687283595104692,0.002));
#7998=CARTESIAN_POINT('',(-0.0179339089679467,-0.0656529086948006,0.002));
#7999=CARTESIAN_POINT('',(-0.0218954178174342,-0.0635636510043503,0.002));
#8000=CARTESIAN_POINT('',(-0.0139724001184591,-0.0677421663852509,0.002));
#8001=CARTESIAN_POINT('',(-0.014049398803327,-0.06799064959753,0.002));
#8002=CARTESIAN_POINT('',(-0.014126397488195,-0.0682391328098091,0.002));
#8003=CARTESIAN_POINT('',(-0.0180109076528146,-0.0672253338494034,0.002));
#8004=CARTESIAN_POINT('',(-0.0218954178174342,-0.0662115348889976,0.002));
#8005=CARTESIAN_POINT('',(-0.0218954178174342,-0.0648875929466739,0.002));
#8006=CARTESIAN_POINT('',(-0.0176490431797224,-0.0640594638337162,0.002));
#8007=CARTESIAN_POINT('',(-0.0215038070451773,-0.0607671844692087,0.002));
#8008=CARTESIAN_POINT('',(-0.0137942793142675,-0.0673517431982237,0.002));
#8009=CARTESIAN_POINT('',(-0.0138280812353888,-0.0674190464580958,0.002));
#8010=CARTESIAN_POINT('',(-0.01386188315651,-0.067486349717968,0.002));
#8011=CARTESIAN_POINT('',(-0.0178786504869721,-0.0651202929398384,0.002));
#8012=CARTESIAN_POINT('',(-0.0218954178174342,-0.0627542361617088,0.002));
#8013=CARTESIAN_POINT('',(-0.0166584150123574,-0.0627542361617088,0.002));
#8014=CARTESIAN_POINT('',(-0.0166234606797745,-0.0620998142466843,0.002));
#8015=CARTESIAN_POINT('',(-0.0199309144078005,-0.0575474947326342,0.002));
#8016=CARTESIAN_POINT('',(-0.0133160069517484,-0.0666521337607344,0.002));
#8017=CARTESIAN_POINT('',(-0.013415657665449,-0.0667777619080474,0.002));
#8018=CARTESIAN_POINT('',(-0.0135153083791495,-0.0669033900553605,0.002));
#8019=CARTESIAN_POINT('',(-0.0173720449249519,-0.0634307688717287,0.002));
#8020=CARTESIAN_POINT('',(-0.0212287814707543,-0.059958147688097,0.002));
#8021=CARTESIAN_POINT('',(-0.0143597946458489,-0.0621016243970973,0.002));
#8022=CARTESIAN_POINT('',(-0.0137489220267382,-0.0598178935810776,0.002));
#8023=CARTESIAN_POINT('',(-0.0152417806427258,-0.0538303647076103,0.002));
#8024=CARTESIAN_POINT('',(-0.0122560634107508,-0.0658054224545449,0.002));
#8025=CARTESIAN_POINT('',(-0.0124877348231558,-0.0659521554080224,0.002));
#8026=CARTESIAN_POINT('',(-0.0127194062355608,-0.0660988883615,0.002));
#8027=CARTESIAN_POINT('',(-0.015323200278023,-0.0607603194335585,0.002));
#8028=CARTESIAN_POINT('',(-0.0179269943204852,-0.0554217505056171,0.002));
#8029=CARTESIAN_POINT('',(-0.0130489858262106,-0.0605914928224668,0.002));
#8030=CARTESIAN_POINT('',(-0.0113925511302642,-0.0654904606157958,0.002));
#8031=CARTESIAN_POINT('',(-0.0117267444838222,-0.0655733161247102,0.002));
#8032=CARTESIAN_POINT('',(-0.0110583577767059,-0.0654076051068813,0.002));
#8033=CARTESIAN_POINT('',(-0.0131138756603691,-0.0595649908990313,0.002));
#8034=CARTESIAN_POINT('',(-0.0145010068369157,-0.0535566656733525,0.002));
#8035=CARTESIAN_POINT('',(-0.0112869248384108,-0.0627859411328349,0.002));
#8036=CARTESIAN_POINT('',(-0.0110583577767059,-0.0530157003119328,0.002));
#8037=CARTESIAN_POINT('',(-0.0110583577767059,-0.0592116527094071,0.002));
#8038=CARTESIAN_POINT('',(-0.0108094424150477,-0.064420801409562,0.002));
#8039=CARTESIAN_POINT('',(-0.0230933978110552,-0.0627870121106148,0.002));
#8040=CARTESIAN_POINT('',(-0.0230933978110552,-0.0515323879818265,0.002));
#8041=CARTESIAN_POINT('',(0.,0.,-0.0170882614711289));
#8042=CARTESIAN_POINT('',(0.,0.,0.0005));
#8043=CARTESIAN_POINT('',(0.,0.,-0.005));
#8044=CARTESIAN_POINT('',(0.,-0.0220161939909133,0.));
#8045=CARTESIAN_POINT('',(-0.01525,-0.0370323879818266,0.));
#8046=CARTESIAN_POINT('',(-0.016,-0.0370323879818266,0.));
#8047=CARTESIAN_POINT('',(-0.016,-0.0385323879818266,0.));
#8048=CARTESIAN_POINT('',(-0.0175,-0.0385323879818266,0.));
#8049=CARTESIAN_POINT('',(-0.0175,-0.0459434359062993,0.));
#8050=CARTESIAN_POINT('',(0.,0.,-0.0170882614711289));
#8051=CARTESIAN_POINT('',(0.,0.,0.0045));
#8052=CARTESIAN_POINT('',(0.0066229577403209,0.0220258128288135,0.0045));
#8053=CARTESIAN_POINT('',(0.0220258128288135,0.0066229577403209,0.0045));
#8054=CARTESIAN_POINT('',(0.0220258128288135,0.0066229577403209,0.0025));
#8055=CARTESIAN_POINT('',(0.0220258128288135,0.00662295774032089,0.004));
#8056=CARTESIAN_POINT('',(0.,0.,0.004));
#8057=CARTESIAN_POINT('',(0.0066229577403209,0.0220258128288135,0.004));
#8058=CARTESIAN_POINT('',(0.0066229577403209,0.0220258128288135,0.0025));
#8059=CARTESIAN_POINT('',(0.,0.,-0.0170882614711289));
#8060=CARTESIAN_POINT('',(0.,0.,0.0045));
#8061=CARTESIAN_POINT('',(-0.0066229577403209,-0.0220258128288135,0.0045));
#8062=CARTESIAN_POINT('',(-0.0220258128288135,-0.0066229577403209,0.0045));
#8063=CARTESIAN_POINT('',(-0.0220258128288135,-0.0066229577403209,0.0025));
#8064=CARTESIAN_POINT('',(-0.0220258128288135,-0.0066229577403209,0.004));
#8065=CARTESIAN_POINT('',(0.,0.,0.004));
#8066=CARTESIAN_POINT('',(-0.00662295774032082,-0.0220258128288135,0.004));
#8067=CARTESIAN_POINT('',(-0.00662295774032089,-0.0220258128288135,0.0025));
#8068=CARTESIAN_POINT('',(0.,0.,-0.0170882614711289));
#8069=CARTESIAN_POINT('',(0.,0.,0.004));
#8070=CARTESIAN_POINT('',(0.0066229577403209,-0.0220258128288135,0.004));
#8071=CARTESIAN_POINT('',(0.0220258128288135,-0.00662295774032082,0.004));
#8072=CARTESIAN_POINT('',(0.0220258128288135,-0.0066229577403209,0.0025));
#8073=CARTESIAN_POINT('',(0.0220258128288135,-0.0066229577403209,0.0045));
#8074=CARTESIAN_POINT('',(0.,0.,0.0045));
#8075=CARTESIAN_POINT('',(0.0066229577403209,-0.0220258128288135,0.0045));
#8076=CARTESIAN_POINT('',(0.0066229577403209,-0.0220258128288135,0.0025));
#8077=CARTESIAN_POINT('',(-0.02375,0.,0.004));
#8078=CARTESIAN_POINT('',(0.0208134928339591,3.7269970995428E-17,0.004));
#8079=CARTESIAN_POINT('',(0.0231548880968366,0.00631277729869945,0.004));
#8080=CARTESIAN_POINT('',(0.,0.,0.004));
#8081=CARTESIAN_POINT('',(0.00631277729869946,0.0231548880968366,0.004));
#8082=CARTESIAN_POINT('',(3.59955121265187E-17,0.0208134928339591,0.004));
#8083=CARTESIAN_POINT('',(-0.02375,0.,0.004));
#8084=CARTESIAN_POINT('',(0.,0.,0.004));
#8085=CARTESIAN_POINT('',(-0.00631277729869945,0.0231548880968366,0.004));
#8086=CARTESIAN_POINT('',(-0.0231548880968366,0.00631277729869937,0.004));
#8087=CARTESIAN_POINT('',(-0.0208134928339591,3.21721355197911E-17,0.004));
#8088=CARTESIAN_POINT('',(-0.0220258128288135,0.00662295774032081,0.004));
#8089=CARTESIAN_POINT('',(0.,0.,0.004));
#8090=CARTESIAN_POINT('',(-0.00662295774032089,0.0220258128288135,0.004));
#8091=CARTESIAN_POINT('',(-3.59955121265187E-17,0.0208134928339591,0.004));
#8092=CARTESIAN_POINT('',(-0.02375,0.,0.004));
#8093=CARTESIAN_POINT('',(0.,0.,0.004));
#8094=CARTESIAN_POINT('',(0.00631277729869945,-0.0231548880968366,0.004));
#8095=CARTESIAN_POINT('',(0.0231548880968366,-0.00631277729869937,0.004));
#8096=CARTESIAN_POINT('',(0.0208134928339591,-3.47210532576095E-17,0.004));
#8097=CARTESIAN_POINT('',(3.85444298643372E-17,-0.0208134928339591,0.004));
#8098=CARTESIAN_POINT('',(0.,0.,-0.0170882614711289));
#8099=CARTESIAN_POINT('',(0.,0.,0.0035));
#8100=CARTESIAN_POINT('',(0.00606496538105552,0.0237374428893805,0.0035));
#8101=CARTESIAN_POINT('',(0.0237374428893805,0.00606496538105552,0.0035));
#8102=CARTESIAN_POINT('',(0.0237374428893805,0.00606496538105552,0.0025));
#8103=CARTESIAN_POINT('',(0.0237374428893805,0.00606496538105552,0.003));
#8104=CARTESIAN_POINT('',(0.,0.,0.003));
#8105=CARTESIAN_POINT('',(0.00606496538105552,0.0237374428893805,0.003));
#8106=CARTESIAN_POINT('',(0.00606496538105552,0.0237374428893805,0.0025));
#8107=CARTESIAN_POINT('',(0.,0.,-0.0170882614711289));
#8108=CARTESIAN_POINT('',(0.,0.,0.0035));
#8109=CARTESIAN_POINT('',(-0.00606496538105543,-0.0237374428893805,0.0035));
#8110=CARTESIAN_POINT('',(-0.0237374428893805,-0.00606496538105552,0.0035));
#8111=CARTESIAN_POINT('',(-0.0237374428893805,-0.00606496538105552,0.0025));
#8112=CARTESIAN_POINT('',(-0.0237374428893805,-0.00606496538105553,0.003));
#8113=CARTESIAN_POINT('',(0.,0.,0.003));
#8114=CARTESIAN_POINT('',(-0.00606496538105544,-0.0237374428893805,0.003));
#8115=CARTESIAN_POINT('',(-0.00606496538105552,-0.0237374428893805,0.0025));
#8116=CARTESIAN_POINT('',(0.,0.,-0.0170882614711289));
#8117=CARTESIAN_POINT('',(0.,0.,0.003));
#8118=CARTESIAN_POINT('',(0.00606496538105553,-0.0237374428893805,0.003));
#8119=CARTESIAN_POINT('',(0.0237374428893805,-0.00606496538105544,0.003));
#8120=CARTESIAN_POINT('',(0.0237374428893805,-0.00606496538105552,0.0025));
#8121=CARTESIAN_POINT('',(0.0237374428893805,-0.00606496538105544,0.0035));
#8122=CARTESIAN_POINT('',(0.,0.,0.0035));
#8123=CARTESIAN_POINT('',(0.00606496538105552,-0.0237374428893805,0.0035));
#8124=CARTESIAN_POINT('',(0.00606496538105552,-0.0237374428893805,0.0025));
#8125=CARTESIAN_POINT('',(-0.02525,0.,0.003));
#8126=CARTESIAN_POINT('',(0.0208134928339591,3.7269970995428E-17,0.003));
#8127=CARTESIAN_POINT('',(0.0249385867915327,0.00532136155896121,0.003));
#8128=CARTESIAN_POINT('',(0.,0.,0.003));
#8129=CARTESIAN_POINT('',(0.00532136155896121,0.0249385867915327,0.003));
#8130=CARTESIAN_POINT('',(3.59955121265187E-17,0.0208134928339591,0.003));
#8131=CARTESIAN_POINT('',(-0.02525,0.,0.003));
#8132=CARTESIAN_POINT('',(0.,0.,0.003));
#8133=CARTESIAN_POINT('',(-0.00532136155896121,0.0249385867915327,0.003));
#8134=CARTESIAN_POINT('',(-0.0249385867915328,0.00532136155896112,0.003));
#8135=CARTESIAN_POINT('',(-0.0208134928339591,3.21721355197911E-17,0.003));
#8136=CARTESIAN_POINT('',(-0.0237374428893805,0.00606496538105544,0.003));
#8137=CARTESIAN_POINT('',(0.,0.,0.003));
#8138=CARTESIAN_POINT('',(-0.00606496538105552,0.0237374428893805,0.003));
#8139=CARTESIAN_POINT('',(-3.59955121265187E-17,0.0208134928339591,0.003));
#8140=CARTESIAN_POINT('',(-0.02525,0.,0.003));
#8141=CARTESIAN_POINT('',(0.,0.,0.003));
#8142=CARTESIAN_POINT('',(0.00532136155896122,-0.0249385867915327,0.003));
#8143=CARTESIAN_POINT('',(0.0249385867915328,-0.00532136155896112,0.003));
#8144=CARTESIAN_POINT('',(0.0208134928339591,-3.47210532576095E-17,0.003));
#8145=CARTESIAN_POINT('',(3.85444298643372E-17,-0.0208134928339591,0.003));
#8146=CARTESIAN_POINT('',(0.,0.,-0.0170882614711289));
#8147=CARTESIAN_POINT('',(-0.0255571759011411,0.00477815445105439,0.0025));
#8148=CARTESIAN_POINT('',(-0.0255571758958195,0.00477815447951861,0.0025));
#8149=CARTESIAN_POINT('',(-0.0255571759011411,0.00477815445105431,0.002));
#8150=CARTESIAN_POINT('',(0.,0.,0.0025));
#8151=CARTESIAN_POINT('',(-0.0047781544510544,0.0255571759011411,0.0025));
#8152=CARTESIAN_POINT('',(-0.0047781544510544,0.0255571759011411,0.0025));
#8153=CARTESIAN_POINT('',(-0.0047781544510544,0.0255571759011411,0.002));
#8154=CARTESIAN_POINT('',(0.,0.,0.002));
#8155=CARTESIAN_POINT('',(0.,0.,-0.0170882614711289));
#8156=CARTESIAN_POINT('',(0.,0.,0.0025));
#8157=CARTESIAN_POINT('',(-0.00477815447951862,-0.0255571758958195,0.0025));
#8158=CARTESIAN_POINT('',(-0.0255571758958167,-0.00477815447953346,0.0025));
#8159=CARTESIAN_POINT('',(-0.0255571759011411,-0.0047781544510544,0.0025));
#8160=CARTESIAN_POINT('',(-0.0255571759011411,-0.0047781544510544,0.002));
#8161=CARTESIAN_POINT('',(0.,0.,0.002));
#8162=CARTESIAN_POINT('',(-0.00477815445105431,-0.0255571759011411,0.002));
#8163=CARTESIAN_POINT('',(-0.00477815445105439,-0.0255571759011411,0.0025));
#8164=CARTESIAN_POINT('',(0.,0.,-0.0170882614711289));
#8165=CARTESIAN_POINT('',(0.,0.,0.0025));
#8166=CARTESIAN_POINT('',(0.0255571758958195,-0.00477815447951862,0.0025));
#8167=CARTESIAN_POINT('',(0.00477815447953352,-0.0255571758958167,0.0025));
#8168=CARTESIAN_POINT('',(0.0047781544510544,-0.0255571759011411,0.0025));
#8169=CARTESIAN_POINT('',(0.0047781544510544,-0.0255571759011411,0.002));
#8170=CARTESIAN_POINT('',(0.,0.,0.002));
#8171=CARTESIAN_POINT('',(0.0255571759011411,-0.00477815445105431,0.002));
#8172=CARTESIAN_POINT('',(0.0255571759011411,-0.0047781544510544,0.0025));
#8173=CARTESIAN_POINT('',(-0.02675,0.,0.002));
#8174=CARTESIAN_POINT('',(0.,0.,0.002));
#8175=CARTESIAN_POINT('',(0.0255571759011411,0.0047781544510544,0.002));
#8176=CARTESIAN_POINT('',(0.0047781544510544,0.0255571759011411,0.002));
#8177=CARTESIAN_POINT('',(0.0208134928339591,3.7269970995428E-17,0.002));
#8178=CARTESIAN_POINT('',(0.0268303884374225,0.0030216313966172,0.002));
#8179=CARTESIAN_POINT('',(0.,0.,0.002));
#8180=CARTESIAN_POINT('',(0.00302163139661721,0.0268303884374225,0.002));
#8181=CARTESIAN_POINT('',(3.59955121265187E-17,0.0208134928339591,0.002));
#8182=CARTESIAN_POINT('',(-0.02675,0.,0.002));
#8183=CARTESIAN_POINT('',(0.,0.,0.002));
#8184=CARTESIAN_POINT('',(-0.00302163139661685,0.0268303884374226,0.002));
#8185=CARTESIAN_POINT('',(-0.0268303884374225,0.0030216313966171,0.002));
#8186=CARTESIAN_POINT('',(-0.0208134928339591,3.21721355197911E-17,0.002));
#8187=CARTESIAN_POINT('',(-3.59955121265187E-17,0.0208134928339591,0.002));
#8188=CARTESIAN_POINT('',(-0.02675,0.,0.002));
#8189=CARTESIAN_POINT('',(0.,0.,0.002));
#8190=CARTESIAN_POINT('',(0.0030216313966172,-0.0268303884374225,0.002));
#8191=CARTESIAN_POINT('',(0.0268303884374225,-0.0030216313966171,0.002));
#8192=CARTESIAN_POINT('',(0.0208134928339591,-3.47210532576095E-17,0.002));
#8193=CARTESIAN_POINT('',(3.85444298643372E-17,-0.0208134928339591,0.002));
#8194=CARTESIAN_POINT('',(0.,0.,-0.0170882614711289));
#8195=CARTESIAN_POINT('',(-0.0274850118640955,0.000907812111908516,0.0025));
#8196=CARTESIAN_POINT('',(-0.0274850118576597,0.000907812306761537,0.0015));
#8197=CARTESIAN_POINT('',(-0.0274850118640955,0.000907812111908421,0.001));
#8198=CARTESIAN_POINT('',(0.,0.,0.0015));
#8199=CARTESIAN_POINT('',(-0.000907812111908567,0.0274850118640955,0.0015));
#8200=CARTESIAN_POINT('',(-0.000907812111908521,0.0274850118640955,0.0025));
#8201=CARTESIAN_POINT('',(-0.000907812111908521,0.0274850118640955,0.001));
#8202=CARTESIAN_POINT('',(0.,0.,0.001));
#8203=CARTESIAN_POINT('',(0.,0.,-0.0170882614711289));
#8204=CARTESIAN_POINT('',(0.,0.,0.0015));
#8205=CARTESIAN_POINT('',(-0.000907812306761539,-0.0274850118576597,0.0015));
#8206=CARTESIAN_POINT('',(-0.0274850118576595,-0.000907812306767508,0.0015));
#8207=CARTESIAN_POINT('',(-0.0274850118640955,-0.000907812111908526,0.0025));
#8208=CARTESIAN_POINT('',(-0.0274850118640955,-0.000907812111908526,0.001));
#8209=CARTESIAN_POINT('',(0.,0.,0.001));
#8210=CARTESIAN_POINT('',(-0.000907812111908422,-0.0274850118640955,0.001));
#8211=CARTESIAN_POINT('',(-0.000907812111908517,-0.0274850118640955,0.0025));
#8212=CARTESIAN_POINT('',(0.,0.,-0.0170882614711289));
#8213=CARTESIAN_POINT('',(0.,0.,0.0015));
#8214=CARTESIAN_POINT('',(0.0274850118576597,-0.000907812306761545,0.0015));
#8215=CARTESIAN_POINT('',(0.00090781230676751,-0.0274850118576595,0.0015));
#8216=CARTESIAN_POINT('',(0.000907812111908524,-0.0274850118640955,0.0025));
#8217=CARTESIAN_POINT('',(0.000907812111908524,-0.0274850118640955,0.001));
#8218=CARTESIAN_POINT('',(0.,0.,0.001));
#8219=CARTESIAN_POINT('',(0.0274850118640955,-0.000907812111908424,0.001));
#8220=CARTESIAN_POINT('',(0.0274850118640955,-0.000907812111908519,0.0025));
#8221=CARTESIAN_POINT('',(0.,0.,0.0015));
#8222=CARTESIAN_POINT('',(-0.0274850118640955,0.000907812111908742,0.00150000003773201));
#8223=CARTESIAN_POINT('',(-0.0274850118591183,0.000907812148486694,0.0015499187050642));
#8224=CARTESIAN_POINT('',(-0.0274710739262657,0.00100861169655915,0.0016068909932417));
#8225=CARTESIAN_POINT('',(-0.027443952536485,0.00117583174418432,0.00168036471670263));
#8226=CARTESIAN_POINT('',(-0.0273994398396924,0.00140935393402014,0.00175117599474455));
#8227=CARTESIAN_POINT('',(-0.0273351633919214,0.0016813878144323,0.00182104227371282));
#8228=CARTESIAN_POINT('',(-0.0272328957007518,0.00204657826375449,0.00190017717969818));
#8229=CARTESIAN_POINT('',(-0.0270741810608777,0.00249947144952586,0.00197429167629301));
#8230=CARTESIAN_POINT('',(-0.0269169799616989,0.0028492039581484,0.00199999999999999));
#8231=CARTESIAN_POINT('',(-0.0268303884374226,0.00302163139661712,0.002));
#8232=CARTESIAN_POINT('',(-0.000907812111908748,0.0274850118640955,0.00149999999999996));
#8233=CARTESIAN_POINT('',(-0.000907812111908714,0.0274850118640955,0.00154991867530042));
#8234=CARTESIAN_POINT('',(-0.00100861166956673,0.0274710739303982,0.00160689098110512));
#8235=CARTESIAN_POINT('',(-0.00117583171261146,0.0274439525420254,0.00168036470531118));
#8236=CARTESIAN_POINT('',(-0.00140935390889743,0.0273994398451861,0.00175117598814432));
#8237=CARTESIAN_POINT('',(-0.00168138779268996,0.0273351633975634,0.00182104226856674));
#8238=CARTESIAN_POINT('',(-0.00204657824809968,0.0272328957059142,0.00190017717693841));
#8239=CARTESIAN_POINT('',(-0.00249947144117706,0.0270741810644789,0.00197429167547746));
#8240=CARTESIAN_POINT('',(-0.00284920395543292,0.0269169799630626,0.00199999999999998));
#8241=CARTESIAN_POINT('',(-0.0030216313966169,0.0268303884374227,0.002));
#8242=CARTESIAN_POINT('',(0.,0.,0.0015));
#8243=CARTESIAN_POINT('',(-0.0274850118640955,-0.000907812111908755,0.00150000003773316));
#8244=CARTESIAN_POINT('',(-0.0274850118591181,-0.000907812148487825,0.00154991870506511));
#8245=CARTESIAN_POINT('',(-0.0274710739262656,-0.00100861169655999,0.00160689099324208));
#8246=CARTESIAN_POINT('',(-0.0274439525364848,-0.00117583174418531,0.00168036471670297));
#8247=CARTESIAN_POINT('',(-0.0273994398396922,-0.00140935393402093,0.00175117599474476));
#8248=CARTESIAN_POINT('',(-0.0273351633919212,-0.00168138781443301,0.00182104227371298));
#8249=CARTESIAN_POINT('',(-0.0272328957007516,-0.00204657826375502,0.00190017717969827));
#8250=CARTESIAN_POINT('',(-0.0270741810608776,-0.00249947144952619,0.00197429167629304));
#8251=CARTESIAN_POINT('',(-0.0269169799616988,-0.00284920395814856,0.002));
#8252=CARTESIAN_POINT('',(-0.0268303884374226,-0.00302163139661721,0.002));
#8253=CARTESIAN_POINT('',(-0.0268303884374225,-0.00302163139661721,0.002));
#8254=CARTESIAN_POINT('',(-0.000907812111908743,-0.0274850118640955,0.00150000003773201));
#8255=CARTESIAN_POINT('',(-0.000907812148486695,-0.0274850118591183,0.0015499187050642));
#8256=CARTESIAN_POINT('',(-0.00100861169655915,-0.0274710739262657,0.0016068909932417));
#8257=CARTESIAN_POINT('',(-0.00117583174418432,-0.027443952536485,0.00168036471670263));
#8258=CARTESIAN_POINT('',(-0.00140935393402014,-0.0273994398396924,0.00175117599474455));
#8259=CARTESIAN_POINT('',(-0.00168138781443231,-0.0273351633919214,0.00182104227371282));
#8260=CARTESIAN_POINT('',(-0.00204657826375449,-0.0272328957007518,0.00190017717969818));
#8261=CARTESIAN_POINT('',(-0.00249947144952586,-0.0270741810608777,0.00197429167629301));
#8262=CARTESIAN_POINT('',(-0.0028492039581484,-0.0269169799616989,0.00199999999999999));
#8263=CARTESIAN_POINT('',(-0.00302163139661712,-0.0268303884374226,0.002));
#8264=CARTESIAN_POINT('',(-0.0030216313966171,-0.0268303884374225,0.002));
#8265=CARTESIAN_POINT('',(0.,0.,0.002));
#8266=CARTESIAN_POINT('',(0.,0.,0.0015));
#8267=CARTESIAN_POINT('',(0.000907812111908753,-0.0274850118640955,0.00150000003773316));
#8268=CARTESIAN_POINT('',(0.000907812148487824,-0.0274850118591181,0.00154991870506511));
#8269=CARTESIAN_POINT('',(0.00100861169655999,-0.0274710739262656,0.00160689099324207));
#8270=CARTESIAN_POINT('',(0.00117583174418531,-0.0274439525364848,0.00168036471670297));
#8271=CARTESIAN_POINT('',(0.00140935393402093,-0.0273994398396922,0.00175117599474476));
#8272=CARTESIAN_POINT('',(0.00168138781443301,-0.0273351633919212,0.00182104227371298));
#8273=CARTESIAN_POINT('',(0.00204657826375502,-0.0272328957007516,0.00190017717969827));
#8274=CARTESIAN_POINT('',(0.00249947144952619,-0.0270741810608776,0.00197429167629304));
#8275=CARTESIAN_POINT('',(0.00284920395814856,-0.0269169799616988,0.002));
#8276=CARTESIAN_POINT('',(0.00302163139661721,-0.0268303884374226,0.002));
#8277=CARTESIAN_POINT('',(0.0274850118640955,-0.000907812111908745,0.00150000003773201));
#8278=CARTESIAN_POINT('',(0.0274850118591183,-0.000907812148486698,0.0015499187050642));
#8279=CARTESIAN_POINT('',(0.0274710739262657,-0.00100861169655915,0.0016068909932417));
#8280=CARTESIAN_POINT('',(0.027443952536485,-0.00117583174418432,0.00168036471670263));
#8281=CARTESIAN_POINT('',(0.0273994398396924,-0.00140935393402014,0.00175117599474455));
#8282=CARTESIAN_POINT('',(0.0273351633919214,-0.00168138781443231,0.00182104227371282));
#8283=CARTESIAN_POINT('',(0.0272328957007518,-0.00204657826375449,0.00190017717969818));
#8284=CARTESIAN_POINT('',(0.0270741810608777,-0.00249947144952586,0.00197429167629301));
#8285=CARTESIAN_POINT('',(0.0269169799616989,-0.0028492039581484,0.00199999999999999));
#8286=CARTESIAN_POINT('',(0.0268303884374226,-0.00302163139661713,0.002));
#8287=CARTESIAN_POINT('',(0.,0.,0.0025));
#8288=CARTESIAN_POINT('',(-0.0255571759011411,0.00477815445105444,0.0025000000049517));
#8289=CARTESIAN_POINT('',(-0.0255571758989369,0.00477815445324275,0.00267817298461651));
#8290=CARTESIAN_POINT('',(-0.0253379488220097,0.00499524812802793,0.00293663866208081));
#8291=CARTESIAN_POINT('',(-0.0250771749590745,0.00521392867619553,0.00299999999999998));
#8292=CARTESIAN_POINT('',(-0.0249385867915328,0.00532136155896117,0.003));
#8293=CARTESIAN_POINT('',(-0.00477815445105444,0.0255571759011411,0.00249999999999999));
#8294=CARTESIAN_POINT('',(-0.00477815445105444,0.0255571759011411,0.0026781729811363));
#8295=CARTESIAN_POINT('',(-0.00499524812644939,0.0253379488238199,0.00293663866170029));
#8296=CARTESIAN_POINT('',(-0.00521392867569796,0.0250771749597164,0.003));
#8297=CARTESIAN_POINT('',(-0.00532136155896124,0.0249385867915327,0.003));
#8298=CARTESIAN_POINT('',(0.,0.,0.0025));
#8299=CARTESIAN_POINT('',(-0.0255571759011411,-0.00477815445105445,0.00250000000495429));
#8300=CARTESIAN_POINT('',(-0.0255571758989358,-0.0047781544532439,0.00267817298461835));
#8301=CARTESIAN_POINT('',(-0.0253379488220088,-0.00499524812802879,0.00293663866208104));
#8302=CARTESIAN_POINT('',(-0.0250771749590741,-0.00521392867619585,0.003));
#8303=CARTESIAN_POINT('',(-0.0249385867915327,-0.00532136155896124,0.003));
#8304=CARTESIAN_POINT('',(-0.0249385867915327,-0.00532136155896122,0.003));
#8305=CARTESIAN_POINT('',(-0.00477815445105444,-0.0255571759011411,0.0025000000049517));
#8306=CARTESIAN_POINT('',(-0.00477815445324276,-0.0255571758989369,0.00267817298461652));
#8307=CARTESIAN_POINT('',(-0.00499524812802793,-0.0253379488220098,0.00293663866208081));
#8308=CARTESIAN_POINT('',(-0.00521392867619553,-0.0250771749590745,0.00299999999999998));
#8309=CARTESIAN_POINT('',(-0.00532136155896118,-0.0249385867915328,0.003));
#8310=CARTESIAN_POINT('',(-0.00532136155896112,-0.0249385867915328,0.003));
#8311=CARTESIAN_POINT('',(0.,0.,0.003));
#8312=CARTESIAN_POINT('',(0.,0.,0.0025));
#8313=CARTESIAN_POINT('',(0.00477815445105444,-0.0255571759011411,0.0025000000049543));
#8314=CARTESIAN_POINT('',(0.00477815445324391,-0.0255571758989358,0.00267817298461836));
#8315=CARTESIAN_POINT('',(0.0049952481280288,-0.0253379488220088,0.00293663866208103));
#8316=CARTESIAN_POINT('',(0.00521392867619584,-0.0250771749590741,0.003));
#8317=CARTESIAN_POINT('',(0.00532136155896124,-0.0249385867915327,0.003));
#8318=CARTESIAN_POINT('',(0.0255571759011411,-0.00477815445105444,0.0025000000049517));
#8319=CARTESIAN_POINT('',(0.0255571758989369,-0.00477815445324276,0.00267817298461652));
#8320=CARTESIAN_POINT('',(0.0253379488220098,-0.00499524812802793,0.00293663866208081));
#8321=CARTESIAN_POINT('',(0.0250771749590745,-0.00521392867619553,0.00299999999999998));
#8322=CARTESIAN_POINT('',(0.0249385867915328,-0.00532136155896118,0.003));
#8323=CARTESIAN_POINT('',(0.,0.,0.0035));
#8324=CARTESIAN_POINT('',(0.0237374428893804,0.00606496538105555,0.00349999999999999));
#8325=CARTESIAN_POINT('',(0.0237374428893804,0.00606496538105555,0.00365048595485323));
#8326=CARTESIAN_POINT('',(0.0235702087956803,0.00614680634998589,0.00391853849261607));
#8327=CARTESIAN_POINT('',(0.0232939393972831,0.00626120347615558,0.004));
#8328=CARTESIAN_POINT('',(0.0231548880968366,0.00631277729869948,0.00400000000000001));
#8329=CARTESIAN_POINT('',(0.00606496538105555,0.0237374428893804,0.00349999999999999));
#8330=CARTESIAN_POINT('',(0.00606496538105555,0.0237374428893804,0.00365048595485323));
#8331=CARTESIAN_POINT('',(0.00614680634998589,0.0235702087956803,0.00391853849261607));
#8332=CARTESIAN_POINT('',(0.00626120347615558,0.023293939397283,0.00400000000000001));
#8333=CARTESIAN_POINT('',(0.00631277729869948,0.0231548880968366,0.00400000000000001));
#8334=CARTESIAN_POINT('',(0.,0.,0.0035));
#8335=CARTESIAN_POINT('',(-0.0237374428893804,0.00606496538105555,0.00349999999999998));
#8336=CARTESIAN_POINT('',(-0.0237374428893804,0.00606496538105554,0.00365048595485322));
#8337=CARTESIAN_POINT('',(-0.0235702087956803,0.00614680634998587,0.00391853849261605));
#8338=CARTESIAN_POINT('',(-0.0232939393972831,0.00626120347615557,0.004));
#8339=CARTESIAN_POINT('',(-0.0231548880968366,0.00631277729869946,0.00400000000000001));
#8340=CARTESIAN_POINT('',(-0.0237374428893805,0.00606496538105543,0.0035));
#8341=CARTESIAN_POINT('',(-0.00606496538105555,0.0237374428893804,0.00349999999999999));
#8342=CARTESIAN_POINT('',(-0.00606496538105555,0.0237374428893804,0.00365048595485323));
#8343=CARTESIAN_POINT('',(-0.00614680634998589,0.0235702087956803,0.00391853849261607));
#8344=CARTESIAN_POINT('',(-0.00626120347615558,0.0232939393972831,0.004));
#8345=CARTESIAN_POINT('',(-0.00631277729869948,0.0231548880968366,0.00400000000000001));
#8346=CARTESIAN_POINT('',(-0.00606496538105552,0.0237374428893805,0.0035));
#8347=CARTESIAN_POINT('',(0.,0.,0.0035));
#8348=CARTESIAN_POINT('',(0.,0.,0.0035));
#8349=CARTESIAN_POINT('',(0.0237374428893804,-0.00606496538105555,0.00349999999999998));
#8350=CARTESIAN_POINT('',(0.0237374428893804,-0.00606496538105555,0.00365048595485322));
#8351=CARTESIAN_POINT('',(0.0235702087956803,-0.00614680634998588,0.00391853849261606));
#8352=CARTESIAN_POINT('',(0.0232939393972831,-0.00626120347615557,0.004));
#8353=CARTESIAN_POINT('',(0.0231548880968366,-0.00631277729869946,0.00400000000000001));
#8354=CARTESIAN_POINT('',(0.00606496538105556,-0.0237374428893804,0.00349999999999999));
#8355=CARTESIAN_POINT('',(0.00606496538105556,-0.0237374428893804,0.00365048595485323));
#8356=CARTESIAN_POINT('',(0.00614680634998589,-0.0235702087956803,0.00391853849261607));
#8357=CARTESIAN_POINT('',(0.00626120347615558,-0.0232939393972831,0.00400000000000001));
#8358=CARTESIAN_POINT('',(0.00631277729869948,-0.0231548880968366,0.00400000000000001));
#8359=CARTESIAN_POINT('',(0.,0.,0.0045));
#8360=CARTESIAN_POINT('',(0.0220258128288135,0.00662295774032094,0.0045));
#8361=CARTESIAN_POINT('',(0.0220258128288134,0.00662295774032094,0.00477793931982117));
#8362=CARTESIAN_POINT('',(0.0217552194127675,0.00667258028305304,0.00500000000001399));
#8363=CARTESIAN_POINT('',(0.0214792923533366,0.00670000000000115,0.00500000000001534));
#8364=CARTESIAN_POINT('',(0.0214792923533342,0.0067,0.005));
#8365=CARTESIAN_POINT('',(0.00662295774032093,0.0220258128288135,0.0045));
#8366=CARTESIAN_POINT('',(0.00662295774032093,0.0220258128288135,0.00477793931982117));
#8367=CARTESIAN_POINT('',(0.00667258028305304,0.0217552194127675,0.00500000000001399));
#8368=CARTESIAN_POINT('',(0.00670000000000115,0.0214792923533366,0.00500000000001534));
#8369=CARTESIAN_POINT('',(0.0067,0.0214792923533342,0.005));
#8370=CARTESIAN_POINT('',(0.,0.,0.005));
#8371=CARTESIAN_POINT('',(0.,0.,0.0045));
#8372=CARTESIAN_POINT('',(0.0220258128288135,-0.00662295774032093,0.0045));
#8373=CARTESIAN_POINT('',(0.0220258128288134,-0.00662295774032093,0.00477793931982117));
#8374=CARTESIAN_POINT('',(0.0217552194127675,-0.00667258028305304,0.00500000000001399));
#8375=CARTESIAN_POINT('',(0.0214792923533366,-0.00670000000000115,0.00500000000001534));
#8376=CARTESIAN_POINT('',(0.0214792923533342,-0.0067,0.005));
#8377=CARTESIAN_POINT('',(0.,0.,0.005));
#8378=CARTESIAN_POINT('',(0.0067,-0.0214792923533342,0.005));
#8379=CARTESIAN_POINT('',(0.00662295774032094,-0.0220258128288135,0.0045));
#8380=CARTESIAN_POINT('',(0.00662295774032094,-0.0220258128288134,0.00477793931982117));
#8381=CARTESIAN_POINT('',(0.00667258028305304,-0.0217552194127675,0.00500000000001399));
#8382=CARTESIAN_POINT('',(0.00670000000000115,-0.0214792923533366,0.00500000000001534));
#8383=CARTESIAN_POINT('',(0.,0.,0.0045));
#8384=CARTESIAN_POINT('',(-0.0220258128288134,-0.00662295774032094,0.0045));
#8385=CARTESIAN_POINT('',(-0.0220258128288134,-0.00662295774032094,0.00477793931982117));
#8386=CARTESIAN_POINT('',(-0.0217552194127675,-0.00667258028305304,0.00500000000001399));
#8387=CARTESIAN_POINT('',(-0.0214792923533366,-0.00670000000000115,0.00500000000001534));
#8388=CARTESIAN_POINT('',(-0.0214792923533342,-0.0067,0.005));
#8389=CARTESIAN_POINT('',(-0.00662295774032093,-0.0220258128288135,0.0045));
#8390=CARTESIAN_POINT('',(-0.00662295774032093,-0.0220258128288134,0.00477793931982117));
#8391=CARTESIAN_POINT('',(-0.00667258028305304,-0.0217552194127675,0.00500000000001399));
#8392=CARTESIAN_POINT('',(-0.00670000000000115,-0.0214792923533366,0.00500000000001534));
#8393=CARTESIAN_POINT('',(-0.0067,-0.0214792923533342,0.005));
#8394=CARTESIAN_POINT('',(0.,0.,0.005));
#8395=CARTESIAN_POINT('',(0.,0.,0.0045));
#8396=CARTESIAN_POINT('',(-0.0220258128288134,0.00662295774032093,0.0045));
#8397=CARTESIAN_POINT('',(-0.0220258128288134,0.00662295774032093,0.00477793931982117));
#8398=CARTESIAN_POINT('',(-0.0217552194127675,0.00667258028305304,0.00500000000001399));
#8399=CARTESIAN_POINT('',(-0.0214792923533366,0.00670000000000114,0.00500000000001534));
#8400=CARTESIAN_POINT('',(-0.0220258128288135,0.0066229577403209,0.0045));
#8401=CARTESIAN_POINT('',(-0.0214792923533342,0.0067,0.005));
#8402=CARTESIAN_POINT('',(0.,0.,0.005));
#8403=CARTESIAN_POINT('',(-0.0067,0.0214792923533342,0.005));
#8404=CARTESIAN_POINT('',(-0.00662295774032093,0.0220258128288135,0.0045));
#8405=CARTESIAN_POINT('',(-0.00662295774032093,0.0220258128288135,0.00477793931982117));
#8406=CARTESIAN_POINT('',(-0.00667258028305304,0.0217552194127675,0.00500000000001399));
#8407=CARTESIAN_POINT('',(-0.00670000000000115,0.0214792923533366,0.00500000000001534));
#8408=CARTESIAN_POINT('',(-0.0066229577403209,0.0220258128288135,0.0045));
#8409=CARTESIAN_POINT('',(0.,0.,0.0045));
#8410=CARTESIAN_POINT('',(-0.02225,0.,0.005));
#8411=CARTESIAN_POINT('',(0.,0.,0.005));
#8412=CARTESIAN_POINT('',(0.0215,0.,0.005));
#8413=CARTESIAN_POINT('',(0.,0.,0.005));
#8414=CARTESIAN_POINT('',(0.,0.,0.005));
#8415=CARTESIAN_POINT('',(0.,0.,0.005));
#8416=CARTESIAN_POINT('',(0.,0.,0.005));
#8417=CARTESIAN_POINT('',(0.,0.,-0.0170882614711289));
#8418=CARTESIAN_POINT('',(-0.0220258128288135,0.00662295774032089,0.0025));
#8419=CARTESIAN_POINT('',(-0.0066229577403209,0.0220258128288135,0.0025));
#8420=CARTESIAN_POINT('',(-0.02375,0.,0.004));
#8421=CARTESIAN_POINT('',(-0.0208134928339591,-3.98188887332464E-17,0.004));
#8422=CARTESIAN_POINT('',(-0.0231548880968366,-0.00631277729869945,0.004));
#8423=CARTESIAN_POINT('',(0.,0.,0.004));
#8424=CARTESIAN_POINT('',(-0.00631277729869937,-0.0231548880968366,0.004));
#8425=CARTESIAN_POINT('',(-3.34465943887003E-17,-0.0208134928339591,0.004));
#8426=CARTESIAN_POINT('',(0.,0.,-0.0170882614711289));
#8427=CARTESIAN_POINT('',(-0.0237374428893805,0.00606496538105551,0.0025));
#8428=CARTESIAN_POINT('',(-0.00606496538105552,0.0237374428893805,0.0025));
#8429=CARTESIAN_POINT('',(-0.02525,0.,0.003));
#8430=CARTESIAN_POINT('',(-0.0208134928339591,-3.98188887332464E-17,0.003));
#8431=CARTESIAN_POINT('',(-3.34465943887003E-17,-0.0208134928339591,0.003));
#8432=CARTESIAN_POINT('',(0.,0.,-0.0170882614711289));
#8433=CARTESIAN_POINT('',(0.,0.,0.0025));
#8434=CARTESIAN_POINT('',(0.0047781544510544,0.0255571759011411,0.0025));
#8435=CARTESIAN_POINT('',(0.0255571758958167,0.00477815447953345,0.0025));
#8436=CARTESIAN_POINT('',(0.0255571759011411,0.0047781544510544,0.0025));
#8437=CARTESIAN_POINT('',(0.0047781544510544,0.0255571759011411,0.0025));
#8438=CARTESIAN_POINT('',(-0.02675,0.,0.002));
#8439=CARTESIAN_POINT('',(-0.0208134928339591,-3.98188887332464E-17,0.002));
#8440=CARTESIAN_POINT('',(-3.34465943887003E-17,-0.0208134928339591,0.002));
#8441=CARTESIAN_POINT('',(0.,0.,-0.0170882614711289));
#8442=CARTESIAN_POINT('',(0.,0.,0.0015));
#8443=CARTESIAN_POINT('',(0.000907812111908567,0.0274850118640955,0.0015));
#8444=CARTESIAN_POINT('',(0.0274850118576595,0.000907812306767509,0.0015));
#8445=CARTESIAN_POINT('',(0.0274850118640955,0.000907812111908523,0.0025));
#8446=CARTESIAN_POINT('',(0.0274850118640955,0.000907812111908522,0.001));
#8447=CARTESIAN_POINT('',(0.,0.,0.001));
#8448=CARTESIAN_POINT('',(0.000907812111908518,0.0274850118640955,0.001));
#8449=CARTESIAN_POINT('',(0.000907812111908521,0.0274850118640955,0.0025));
#8450=CARTESIAN_POINT('',(-0.02825,0.,0.001));
#8451=CARTESIAN_POINT('',(0.,0.,0.001));
#8452=CARTESIAN_POINT('',(-0.0285,0.,0.001));
#8453=CARTESIAN_POINT('',(-0.0208134928339591,-3.98188887332464E-17,0.001));
#8454=CARTESIAN_POINT('',(-3.59955121265187E-17,0.0208134928339591,0.001));
#8455=CARTESIAN_POINT('',(0.0208134928339591,3.7269970995428E-17,0.001));
#8456=CARTESIAN_POINT('',(3.85444298643372E-17,-0.0208134928339591,0.001));
#8457=CARTESIAN_POINT('',(0.,0.,0.0015));
#8458=CARTESIAN_POINT('',(0.0274850118640955,0.000907812111908751,0.00150000003773316));
#8459=CARTESIAN_POINT('',(0.0274850118591181,0.000907812148487822,0.00154991870506511));
#8460=CARTESIAN_POINT('',(0.0274710739262656,0.00100861169655999,0.00160689099324207));
#8461=CARTESIAN_POINT('',(0.0274439525364848,0.00117583174418531,0.00168036471670297));
#8462=CARTESIAN_POINT('',(0.0273994398396922,0.00140935393402093,0.00175117599474476));
#8463=CARTESIAN_POINT('',(0.0273351633919212,0.00168138781443301,0.00182104227371298));
#8464=CARTESIAN_POINT('',(0.0272328957007516,0.00204657826375502,0.00190017717969827));
#8465=CARTESIAN_POINT('',(0.0270741810608776,0.00249947144952618,0.00197429167629304));
#8466=CARTESIAN_POINT('',(0.0269169799616988,0.00284920395814856,0.002));
#8467=CARTESIAN_POINT('',(0.0268303884374226,0.00302163139661721,0.002));
#8468=CARTESIAN_POINT('',(0.000907812111908748,0.0274850118640955,0.00149999999999996));
#8469=CARTESIAN_POINT('',(0.000907812111908714,0.0274850118640955,0.00154991867530042));
#8470=CARTESIAN_POINT('',(0.00100861166956676,0.0274710739303982,0.00160689098110513));
#8471=CARTESIAN_POINT('',(0.0011758317126115,0.0274439525420254,0.0016803647053112));
#8472=CARTESIAN_POINT('',(0.00140935390889751,0.0273994398451861,0.00175117598814434));
#8473=CARTESIAN_POINT('',(0.00168138779269008,0.0273351633975634,0.00182104226856677));
#8474=CARTESIAN_POINT('',(0.00204657824809986,0.0272328957059142,0.00190017717693845));
#8475=CARTESIAN_POINT('',(0.0024994714411773,0.0270741810644788,0.00197429167547749));
#8476=CARTESIAN_POINT('',(0.00284920395543321,0.0269169799630625,0.002));
#8477=CARTESIAN_POINT('',(0.00302163139661721,0.0268303884374226,0.002));
#8478=CARTESIAN_POINT('',(0.,0.,0.0025));
#8479=CARTESIAN_POINT('',(0.0255571759011411,0.00477815445105444,0.00250000000495429));
#8480=CARTESIAN_POINT('',(0.0255571758989358,0.0047781544532439,0.00267817298461835));
#8481=CARTESIAN_POINT('',(0.0253379488220088,0.00499524812802879,0.00293663866208103));
#8482=CARTESIAN_POINT('',(0.0250771749590741,0.00521392867619584,0.003));
#8483=CARTESIAN_POINT('',(0.0249385867915327,0.00532136155896124,0.003));
#8484=CARTESIAN_POINT('',(0.00477815445105444,0.0255571759011411,0.00249999999999999));
#8485=CARTESIAN_POINT('',(0.00477815445105444,0.0255571759011411,0.0026781729811363));
#8486=CARTESIAN_POINT('',(0.00499524812644939,0.0253379488238199,0.00293663866170029));
#8487=CARTESIAN_POINT('',(0.00521392867569796,0.0250771749597164,0.003));
#8488=CARTESIAN_POINT('',(0.00532136155896124,0.0249385867915327,0.003));
#8489=CARTESIAN_POINT('',(0.,0.,0.0035));
#8490=CARTESIAN_POINT('',(-0.0237374428893804,-0.00606496538105555,0.00349999999999999));
#8491=CARTESIAN_POINT('',(-0.0237374428893804,-0.00606496538105555,0.00365048595485323));
#8492=CARTESIAN_POINT('',(-0.0235702087956803,-0.00614680634998589,0.00391853849261607));
#8493=CARTESIAN_POINT('',(-0.023293939397283,-0.00626120347615558,0.004));
#8494=CARTESIAN_POINT('',(-0.0231548880968366,-0.00631277729869948,0.00400000000000001));
#8495=CARTESIAN_POINT('',(-0.00606496538105555,-0.0237374428893804,0.00349999999999998));
#8496=CARTESIAN_POINT('',(-0.00606496538105554,-0.0237374428893804,0.00365048595485322));
#8497=CARTESIAN_POINT('',(-0.00614680634998587,-0.0235702087956803,0.00391853849261605));
#8498=CARTESIAN_POINT('',(-0.00626120347615557,-0.0232939393972831,0.004));
#8499=CARTESIAN_POINT('',(-0.00631277729869946,-0.0231548880968366,0.00400000000000001));
#8500=CARTESIAN_POINT('',(0.,0.,-0.0170882614711289));
#8501=CARTESIAN_POINT('',(0.,0.,0.));
#8502=CARTESIAN_POINT('',(-0.0076804784562811,-0.0208823550080589,0.));
#8503=CARTESIAN_POINT('',(0.00768047845628109,-0.0208823550080589,0.));
#8504=CARTESIAN_POINT('',(-0.0076804784562811,-0.0208823550080589,0.));
#8505=CARTESIAN_POINT('',(-0.0076804784562811,-0.0208823550080589,-0.005));
#8506=CARTESIAN_POINT('',(0.,0.,-0.005));
#8507=CARTESIAN_POINT('',(0.00768047845628109,-0.0208823550080589,-0.005));
#8508=CARTESIAN_POINT('',(0.00768047845628109,-0.0208823550080589,0.));
#8509=CARTESIAN_POINT('',(0.,0.,0.00425));
#8510=CARTESIAN_POINT('',(0.02225,0.,0.00425));
#8511=CARTESIAN_POINT('',(-0.021125,0.,0.00425));
#8512=CARTESIAN_POINT('',(0.,0.,0.00425));
#8513=CARTESIAN_POINT('',(0.02,0.,0.00425));
#8514=CARTESIAN_POINT('',(0.,0.,-0.0170882614711289));
#8515=CARTESIAN_POINT('',(0.,0.,0.006));
#8516=CARTESIAN_POINT('',(0.02,0.,0.006));
#8517=CARTESIAN_POINT('',(-0.02075,0.,0.006));
#8518=CARTESIAN_POINT('',(0.,0.,0.006));
#8519=CARTESIAN_POINT('',(-0.021,0.,0.006));
#8520=CARTESIAN_POINT('',(0.,0.,-0.0170882614711289));
#8521=CARTESIAN_POINT('',(0.,0.,0.0055));
#8522=CARTESIAN_POINT('',(-0.0215,0.,0.0055));
#8523=CARTESIAN_POINT('',(0.,0.,0.0005));
#8524=CARTESIAN_POINT('',(0.,0.,0.0005));
#8525=CARTESIAN_POINT('',(0.,0.,0.0055));
#8526=CARTESIAN_POINT('',(-3.59955121265187E-17,0.0208134928339591,-2.00000000000027E-6));
#8527=CARTESIAN_POINT('',(0.0067,0.0214792923533342,0.0055));
#8528=CARTESIAN_POINT('',(0.0067,0.0214792923533342,0.0055));
#8529=CARTESIAN_POINT('',(-0.0067,0.0214792923533342,0.0055));
#8530=CARTESIAN_POINT('',(-0.0067,0.0214792923533342,0.0055));
#8531=CARTESIAN_POINT('',(-3.59955121265187E-17,0.0208134928339591,0.0055));
#8532=CARTESIAN_POINT('',(-0.00611638574945669,0.0236282955559707,0.0055));
#8533=CARTESIAN_POINT('',(-0.00611638574945669,0.0236282955559707,0.006));
#8534=CARTESIAN_POINT('',(-0.00611638574945669,0.0236282955559707,0.006));
#8535=CARTESIAN_POINT('',(1.30104260698261E-17,0.0208134928339591,0.006));
#8536=CARTESIAN_POINT('',(-0.00524010716189475,0.025041325130995,0.006));
#8537=CARTESIAN_POINT('',(-0.00524010716189475,0.025041325130995,0.0065));
#8538=CARTESIAN_POINT('',(-0.00524010716189475,0.025041325130995,0.0065));
#8539=CARTESIAN_POINT('',(6.15826833971767E-17,0.0208134928339591,0.0065));
#8540=CARTESIAN_POINT('',(-0.00392243914683457,0.026285947506168,0.0065));
#8541=CARTESIAN_POINT('',(-0.00392243914683457,0.026285947506168,0.007));
#8542=CARTESIAN_POINT('',(-0.00392243914683457,0.026285947506168,0.007));
#8543=CARTESIAN_POINT('',(4.77048955893622E-18,0.0208134928339591,0.007));
#8544=CARTESIAN_POINT('',(-0.00206000627337569,0.0272236147636616,0.007));
#8545=CARTESIAN_POINT('',(-0.00206000627337569,0.0272236147636616,0.0075));
#8546=CARTESIAN_POINT('',(-0.00206000627337569,0.0272236147636616,0.0075));
#8547=CARTESIAN_POINT('',(1.57555627642666E-17,0.0208134928339591,0.0075));
#8548=CARTESIAN_POINT('',(0.00206000627337569,0.0272236147636616,0.0075));
#8549=CARTESIAN_POINT('',(0.00206000627337569,0.0272236147636616,0.0075));
#8550=CARTESIAN_POINT('',(0.00206000627337569,0.0272236147636616,0.007));
#8551=CARTESIAN_POINT('',(-4.77048955893622E-18,0.0208134928339591,0.007));
#8552=CARTESIAN_POINT('',(0.00392243914683457,0.026285947506168,0.007));
#8553=CARTESIAN_POINT('',(0.00392243914683457,0.026285947506168,0.007));
#8554=CARTESIAN_POINT('',(0.00392243914683457,0.026285947506168,0.0065));
#8555=CARTESIAN_POINT('',(-6.15826833971767E-17,0.0208134928339591,0.0065));
#8556=CARTESIAN_POINT('',(0.00524010716189475,0.025041325130995,0.0065));
#8557=CARTESIAN_POINT('',(0.00524010716189475,0.025041325130995,0.0065));
#8558=CARTESIAN_POINT('',(0.00524010716189475,0.025041325130995,0.006));
#8559=CARTESIAN_POINT('',(-1.30104260698261E-17,0.0208134928339591,0.006));
#8560=CARTESIAN_POINT('',(0.00611638574945669,0.0236282955559707,0.006));
#8561=CARTESIAN_POINT('',(0.00611638574945669,0.0236282955559707,0.006));
#8562=CARTESIAN_POINT('',(0.00611638574945669,0.0236282955559707,0.0055));
#8563=CARTESIAN_POINT('',(3.59955121265187E-17,0.0208134928339591,0.0055));
#8564=CARTESIAN_POINT('',(-0.00142530044112034,0.0248548603498243,0.0075));
#8565=CARTESIAN_POINT('',(-0.00142530044112034,0.0248548603498243,0.007));
#8566=CARTESIAN_POINT('',(-0.000790594608864981,0.0224861059359871,0.007));
#8567=CARTESIAN_POINT('',(-0.000790594608864981,0.0224861059359871,0.0075));
#8568=CARTESIAN_POINT('',(-0.000790594608864981,0.0224861059359871,0.0075));
#8569=CARTESIAN_POINT('',(-0.00142530044112034,0.0248548603498243,0.0075));
#8570=CARTESIAN_POINT('',(0.,0.,0.0075));
#8571=CARTESIAN_POINT('',(0.,0.,0.0055));
#8572=CARTESIAN_POINT('',(0.00364682281142434,0.0222024927290175,0.0055));
#8573=CARTESIAN_POINT('',(0.00364682281142434,0.0222024927290175,0.006));
#8574=CARTESIAN_POINT('',(0.00364682281142434,0.0222024927290175,0.006));
#8575=CARTESIAN_POINT('',(0.,0.,0.006));
#8576=CARTESIAN_POINT('',(0.00255342416665742,0.0223546421359218,0.006));
#8577=CARTESIAN_POINT('',(0.00255342416665742,0.0223546421359218,0.0065));
#8578=CARTESIAN_POINT('',(0.00255342416665742,0.0223546421359218,0.0065));
#8579=CARTESIAN_POINT('',(0.,0.,0.0065));
#8580=CARTESIAN_POINT('',(0.00169951094052415,0.0224357229115319,0.0065));
#8581=CARTESIAN_POINT('',(0.00169951094052415,0.0224357229115319,0.007));
#8582=CARTESIAN_POINT('',(0.00169951094052415,0.0224357229115319,0.007));
#8583=CARTESIAN_POINT('',(0.,0.,0.007));
#8584=CARTESIAN_POINT('',(0.000790594608864981,0.0224861059359871,0.007));
#8585=CARTESIAN_POINT('',(0.000790594608864981,0.0224861059359871,0.0075));
#8586=CARTESIAN_POINT('',(0.000790594608864981,0.0224861059359871,0.0075));
#8587=CARTESIAN_POINT('',(0.,0.,0.0075));
#8588=CARTESIAN_POINT('',(0.,0.,0.007));
#8589=CARTESIAN_POINT('',(-0.00169951094052415,0.0224357229115319,0.007));
#8590=CARTESIAN_POINT('',(-0.00169951094052415,0.0224357229115319,0.007));
#8591=CARTESIAN_POINT('',(-0.00169951094052415,0.0224357229115319,0.0065));
#8592=CARTESIAN_POINT('',(0.,0.,0.0065));
#8593=CARTESIAN_POINT('',(-0.00255342416665742,0.0223546421359218,0.0065));
#8594=CARTESIAN_POINT('',(-0.00255342416665742,0.0223546421359218,0.0065));
#8595=CARTESIAN_POINT('',(-0.00255342416665742,0.0223546421359218,0.006));
#8596=CARTESIAN_POINT('',(0.,0.,0.006));
#8597=CARTESIAN_POINT('',(-0.00364682281142434,0.0222024927290175,0.006));
#8598=CARTESIAN_POINT('',(-0.00364682281142434,0.0222024927290175,0.006));
#8599=CARTESIAN_POINT('',(-0.00364682281142434,0.0222024927290175,0.0055));
#8600=CARTESIAN_POINT('',(0.,0.,0.0055));
#8601=CARTESIAN_POINT('',(0.,0.0075160660804216,0.0075));
#8602=CARTESIAN_POINT('',(0.00142530044112034,0.0248548603498243,0.0075));
#8603=CARTESIAN_POINT('',(-0.00281097504367937,0.0243608352088499,0.007));
#8604=CARTESIAN_POINT('',(-0.00281097504367937,0.0243608352088499,0.0065));
#8605=CARTESIAN_POINT('',(-0.00281097504367937,0.0243608352088499,0.007));
#8606=CARTESIAN_POINT('',(0.,0.0075160660804216,0.007));
#8607=CARTESIAN_POINT('',(-0.00389676566427609,0.0236979836334584,0.0065));
#8608=CARTESIAN_POINT('',(-0.00389676566427609,0.0236979836334584,0.006));
#8609=CARTESIAN_POINT('',(-0.00389676566427609,0.0236979836334584,0.0065));
#8610=CARTESIAN_POINT('',(0.,0.0075160660804216,0.0065));
#8611=CARTESIAN_POINT('',(-0.00488160428044052,0.022915394142494,0.006));
#8612=CARTESIAN_POINT('',(-0.00488160428044052,0.022915394142494,0.0055));
#8613=CARTESIAN_POINT('',(-0.00488160428044052,0.022915394142494,0.006));
#8614=CARTESIAN_POINT('',(0.,0.0075160660804216,0.006));
#8615=CARTESIAN_POINT('',(0.,0.0075160660804216,0.0055));
#8616=CARTESIAN_POINT('',(0.00142530044112034,0.0248548603498243,0.0075));
#8617=CARTESIAN_POINT('',(0.00142530044112034,0.0248548603498243,0.007));
#8618=CARTESIAN_POINT('',(0.00281097504367937,0.0243608352088499,0.007));
#8619=CARTESIAN_POINT('',(0.00281097504367937,0.0243608352088499,0.0065));
#8620=CARTESIAN_POINT('',(0.00281097504367937,0.0243608352088499,0.007));
#8621=CARTESIAN_POINT('',(0.,0.0075160660804216,0.007));
#8622=CARTESIAN_POINT('',(0.00389676566427609,0.0236979836334584,0.0065));
#8623=CARTESIAN_POINT('',(0.00389676566427609,0.0236979836334584,0.006));
#8624=CARTESIAN_POINT('',(0.00389676566427609,0.0236979836334584,0.0065));
#8625=CARTESIAN_POINT('',(0.,0.0075160660804216,0.0065));
#8626=CARTESIAN_POINT('',(0.00488160428044052,0.022915394142494,0.006));
#8627=CARTESIAN_POINT('',(0.00488160428044052,0.022915394142494,0.0055));
#8628=CARTESIAN_POINT('',(0.00488160428044052,0.022915394142494,0.006));
#8629=CARTESIAN_POINT('',(0.,0.0075160660804216,0.006));
#8630=CARTESIAN_POINT('',(0.,0.0075160660804216,0.0055));
#8631=CARTESIAN_POINT('',(9.20452626756831E-19,-0.0075160660804216,0.0055));
#8632=CARTESIAN_POINT('',(0.,0.,0.0055));
#8633=CARTESIAN_POINT('',(-0.00364682281142434,-0.0222024927290175,0.0055));
#8634=CARTESIAN_POINT('',(-0.0067,-0.0214792923533342,0.0055));
#8635=CARTESIAN_POINT('',(-3.34465943887003E-17,-0.0208134928339591,0.0055));
#8636=CARTESIAN_POINT('',(-0.00611638574945668,-0.0236282955559707,0.0055));
#8637=CARTESIAN_POINT('',(-0.00488160428044052,-0.022915394142494,0.0055));
#8638=CARTESIAN_POINT('',(-0.00488160428044052,-0.022915394142494,0.006));
#8639=CARTESIAN_POINT('',(-0.00364682281142434,-0.0222024927290175,0.006));
#8640=CARTESIAN_POINT('',(-0.00364682281142434,-0.0222024927290175,0.006));
#8641=CARTESIAN_POINT('',(-0.00611638574945668,-0.0236282955559707,0.006));
#8642=CARTESIAN_POINT('',(-0.00611638574945668,-0.0236282955559707,0.006));
#8643=CARTESIAN_POINT('',(-0.00488160428044052,-0.022915394142494,0.006));
#8644=CARTESIAN_POINT('',(9.20452626756831E-19,-0.0075160660804216,0.006));
#8645=CARTESIAN_POINT('',(-0.00389676566427609,-0.0236979836334584,0.006));
#8646=CARTESIAN_POINT('',(-0.00524010716189475,-0.025041325130995,0.006));
#8647=CARTESIAN_POINT('',(-0.00255342416665742,-0.0223546421359218,0.006));
#8648=CARTESIAN_POINT('',(0.,0.,0.006));
#8649=CARTESIAN_POINT('',(1.55593438076445E-17,-0.0208134928339591,0.006));
#8650=CARTESIAN_POINT('',(-0.00389676566427609,-0.0236979836334584,0.0065));
#8651=CARTESIAN_POINT('',(-0.00524010716189475,-0.025041325130995,0.0065));
#8652=CARTESIAN_POINT('',(-0.00524010716189475,-0.025041325130995,0.0065));
#8653=CARTESIAN_POINT('',(-0.00389676566427609,-0.0236979836334584,0.0065));
#8654=CARTESIAN_POINT('',(-0.00255342416665742,-0.0223546421359218,0.0065));
#8655=CARTESIAN_POINT('',(-0.00255342416665742,-0.0223546421359218,0.0065));
#8656=CARTESIAN_POINT('',(9.20452626756831E-19,-0.0075160660804216,0.0065));
#8657=CARTESIAN_POINT('',(-0.00281097504367937,-0.0243608352088499,0.0065));
#8658=CARTESIAN_POINT('',(-0.00392243914683457,-0.026285947506168,0.0065));
#8659=CARTESIAN_POINT('',(-0.00169951094052415,-0.0224357229115319,0.0065));
#8660=CARTESIAN_POINT('',(0.,0.,0.0065));
#8661=CARTESIAN_POINT('',(6.41316011349951E-17,-0.0208134928339591,0.0065));
#8662=CARTESIAN_POINT('',(-0.00281097504367937,-0.0243608352088499,0.007));
#8663=CARTESIAN_POINT('',(-0.00392243914683457,-0.026285947506168,0.007));
#8664=CARTESIAN_POINT('',(-0.00392243914683457,-0.026285947506168,0.007));
#8665=CARTESIAN_POINT('',(-0.00281097504367937,-0.0243608352088499,0.007));
#8666=CARTESIAN_POINT('',(-0.00169951094052415,-0.0224357229115319,0.007));
#8667=CARTESIAN_POINT('',(-0.00169951094052415,-0.0224357229115319,0.007));
#8668=CARTESIAN_POINT('',(9.20452626756831E-19,-0.0075160660804216,0.007));
#8669=CARTESIAN_POINT('',(7.31940729675466E-18,-0.0208134928339591,0.007));
#8670=CARTESIAN_POINT('',(-0.00206000627337569,-0.0272236147636616,0.007));
#8671=CARTESIAN_POINT('',(-0.00142530044112034,-0.0248548603498243,0.007));
#8672=CARTESIAN_POINT('',(-0.000790594608864978,-0.0224861059359871,0.007));
#8673=CARTESIAN_POINT('',(0.,0.,0.007));
#8674=CARTESIAN_POINT('',(-0.00142530044112034,-0.0248548603498243,0.0075));
#8675=CARTESIAN_POINT('',(-0.00206000627337569,-0.0272236147636616,0.0075));
#8676=CARTESIAN_POINT('',(-0.00206000627337569,-0.0272236147636616,0.0075));
#8677=CARTESIAN_POINT('',(-0.00142530044112034,-0.0248548603498243,0.0075));
#8678=CARTESIAN_POINT('',(-0.000790594608864978,-0.0224861059359871,0.0075));
#8679=CARTESIAN_POINT('',(-0.000790594608864978,-0.0224861059359871,0.0075));
#8680=CARTESIAN_POINT('',(9.20452626756831E-19,-0.0075160660804216,0.0075));
#8681=CARTESIAN_POINT('',(0.,0.,0.0075));
#8682=CARTESIAN_POINT('',(0.000790594608864983,-0.0224861059359871,0.0075));
#8683=CARTESIAN_POINT('',(-1.32066450264481E-17,-0.0208134928339591,0.0075));
#8684=CARTESIAN_POINT('',(0.0020600062733757,-0.0272236147636616,0.0075));
#8685=CARTESIAN_POINT('',(0.00142530044112034,-0.0248548603498243,0.0075));
#8686=CARTESIAN_POINT('',(0.00142530044112034,-0.0248548603498243,0.0075));
#8687=CARTESIAN_POINT('',(0.0020600062733757,-0.0272236147636616,0.0075));
#8688=CARTESIAN_POINT('',(0.0020600062733757,-0.0272236147636616,0.007));
#8689=CARTESIAN_POINT('',(0.00142530044112034,-0.0248548603498243,0.007));
#8690=CARTESIAN_POINT('',(0.000790594608864983,-0.0224861059359871,0.007));
#8691=CARTESIAN_POINT('',(0.000790594608864983,-0.0224861059359871,0.0075));
#8692=CARTESIAN_POINT('',(9.20452626756831E-19,-0.0075160660804216,0.007));
#8693=CARTESIAN_POINT('',(-2.22157182111777E-18,-0.0208134928339591,0.007));
#8694=CARTESIAN_POINT('',(0.00392243914683458,-0.026285947506168,0.007));
#8695=CARTESIAN_POINT('',(0.00281097504367937,-0.0243608352088499,0.007));
#8696=CARTESIAN_POINT('',(0.00169951094052416,-0.0224357229115319,0.007));
#8697=CARTESIAN_POINT('',(0.,0.,0.007));
#8698=CARTESIAN_POINT('',(0.00281097504367937,-0.0243608352088499,0.007));
#8699=CARTESIAN_POINT('',(0.00392243914683458,-0.026285947506168,0.007));
#8700=CARTESIAN_POINT('',(0.00392243914683458,-0.026285947506168,0.0065));
#8701=CARTESIAN_POINT('',(0.00281097504367937,-0.0243608352088499,0.0065));
#8702=CARTESIAN_POINT('',(0.00169951094052416,-0.0224357229115319,0.0065));
#8703=CARTESIAN_POINT('',(0.00169951094052416,-0.0224357229115319,0.007));
#8704=CARTESIAN_POINT('',(9.20452626756831E-19,-0.0075160660804216,0.0065));
#8705=CARTESIAN_POINT('',(-5.90337656593582E-17,-0.0208134928339591,0.0065));
#8706=CARTESIAN_POINT('',(0.00524010716189476,-0.025041325130995,0.0065));
#8707=CARTESIAN_POINT('',(0.00389676566427609,-0.0236979836334584,0.0065));
#8708=CARTESIAN_POINT('',(0.00255342416665743,-0.0223546421359218,0.0065));
#8709=CARTESIAN_POINT('',(0.,0.,0.0065));
#8710=CARTESIAN_POINT('',(0.00389676566427609,-0.0236979836334584,0.0065));
#8711=CARTESIAN_POINT('',(0.00524010716189476,-0.025041325130995,0.0065));
#8712=CARTESIAN_POINT('',(0.00524010716189476,-0.025041325130995,0.006));
#8713=CARTESIAN_POINT('',(0.00389676566427609,-0.0236979836334584,0.006));
#8714=CARTESIAN_POINT('',(0.00255342416665743,-0.0223546421359218,0.006));
#8715=CARTESIAN_POINT('',(0.00255342416665743,-0.0223546421359218,0.0065));
#8716=CARTESIAN_POINT('',(9.20452626756831E-19,-0.0075160660804216,0.006));
#8717=CARTESIAN_POINT('',(-1.04615083320076E-17,-0.0208134928339591,0.006));
#8718=CARTESIAN_POINT('',(0.00611638574945669,-0.0236282955559707,0.006));
#8719=CARTESIAN_POINT('',(0.00488160428044052,-0.022915394142494,0.006));
#8720=CARTESIAN_POINT('',(0.00364682281142434,-0.0222024927290175,0.006));
#8721=CARTESIAN_POINT('',(0.,0.,0.006));
#8722=CARTESIAN_POINT('',(0.00488160428044052,-0.022915394142494,0.006));
#8723=CARTESIAN_POINT('',(0.00488160428044052,-0.022915394142494,0.0055));
#8724=CARTESIAN_POINT('',(0.00364682281142434,-0.0222024927290175,0.0055));
#8725=CARTESIAN_POINT('',(0.00611638574945669,-0.0236282955559707,0.0055));
#8726=CARTESIAN_POINT('',(0.00364682281142434,-0.0222024927290175,0.006));
#8727=CARTESIAN_POINT('',(0.00611638574945669,-0.0236282955559707,0.006));
#8728=CARTESIAN_POINT('',(9.20452626756831E-19,-0.0075160660804216,0.0055));
#8729=CARTESIAN_POINT('',(0.,0.,0.0055));
#8730=CARTESIAN_POINT('',(0.0067,-0.0214792923533342,0.0055));
#8731=CARTESIAN_POINT('',(3.85444298643372E-17,-0.0208134928339591,0.0055));
#8732=CARTESIAN_POINT('',(3.85444298643372E-17,-0.0208134928339591,-2.00000000000027E-6));
#8733=CARTESIAN_POINT('',(-0.0067,-0.0214792923533342,0.0055));
#8734=CARTESIAN_POINT('',(0.0067,-0.0214792923533342,0.0055));
#8735=CARTESIAN_POINT('',(0.,0.,0.0075));
#8736=CARTESIAN_POINT('',(-0.0075160660804216,-1.38067894013525E-18,0.0055));
#8737=CARTESIAN_POINT('',(0.,0.,0.0055));
#8738=CARTESIAN_POINT('',(-0.0222024927290175,0.00364682281142434,0.0055));
#8739=CARTESIAN_POINT('',(-0.0214792923533342,0.0067,0.0055));
#8740=CARTESIAN_POINT('',(-0.0208134928339591,3.21721355197911E-17,0.0055));
#8741=CARTESIAN_POINT('',(-0.0236282955559707,0.00611638574945668,0.0055));
#8742=CARTESIAN_POINT('',(-0.022915394142494,0.00488160428044052,0.0055));
#8743=CARTESIAN_POINT('',(-0.022915394142494,0.00488160428044052,0.006));
#8744=CARTESIAN_POINT('',(-0.0222024927290175,0.00364682281142434,0.006));
#8745=CARTESIAN_POINT('',(-0.0222024927290175,0.00364682281142434,0.006));
#8746=CARTESIAN_POINT('',(-0.0236282955559707,0.00611638574945668,0.006));
#8747=CARTESIAN_POINT('',(-0.0236282955559707,0.00611638574945668,0.006));
#8748=CARTESIAN_POINT('',(-0.022915394142494,0.00488160428044052,0.006));
#8749=CARTESIAN_POINT('',(-0.0075160660804216,-1.38067894013525E-18,0.006));
#8750=CARTESIAN_POINT('',(-0.0236979836334584,0.00389676566427609,0.006));
#8751=CARTESIAN_POINT('',(-0.025041325130995,0.00524010716189475,0.006));
#8752=CARTESIAN_POINT('',(-0.0223546421359218,0.00255342416665742,0.006));
#8753=CARTESIAN_POINT('',(0.,0.,0.006));
#8754=CARTESIAN_POINT('',(-0.0208134928339591,-1.68338026765537E-17,0.006));
#8755=CARTESIAN_POINT('',(-0.0236979836334584,0.00389676566427609,0.0065));
#8756=CARTESIAN_POINT('',(-0.025041325130995,0.00524010716189475,0.0065));
#8757=CARTESIAN_POINT('',(-0.025041325130995,0.00524010716189475,0.0065));
#8758=CARTESIAN_POINT('',(-0.0236979836334584,0.00389676566427609,0.0065));
#8759=CARTESIAN_POINT('',(-0.0223546421359218,0.00255342416665742,0.0065));
#8760=CARTESIAN_POINT('',(-0.0223546421359218,0.00255342416665742,0.0065));
#8761=CARTESIAN_POINT('',(-0.0075160660804216,-1.38067894013525E-18,0.0065));
#8762=CARTESIAN_POINT('',(-0.0243608352088499,0.00281097504367937,0.0065));
#8763=CARTESIAN_POINT('',(-0.026285947506168,0.00392243914683457,0.0065));
#8764=CARTESIAN_POINT('',(-0.0224357229115319,0.00169951094052415,0.0065));
#8765=CARTESIAN_POINT('',(0.,0.,0.0065));
#8766=CARTESIAN_POINT('',(-0.0208134928339591,-6.54060600039043E-17,0.0065));
#8767=CARTESIAN_POINT('',(-0.0243608352088499,0.00281097504367937,0.007));
#8768=CARTESIAN_POINT('',(-0.026285947506168,0.00392243914683457,0.007));
#8769=CARTESIAN_POINT('',(-0.026285947506168,0.00392243914683457,0.007));
#8770=CARTESIAN_POINT('',(-0.0243608352088499,0.00281097504367937,0.007));
#8771=CARTESIAN_POINT('',(-0.0224357229115319,0.00169951094052415,0.007));
#8772=CARTESIAN_POINT('',(-0.0224357229115319,0.00169951094052415,0.007));
#8773=CARTESIAN_POINT('',(-0.0075160660804216,-1.38067894013525E-18,0.007));
#8774=CARTESIAN_POINT('',(-0.0208134928339591,-8.59386616566388E-18,0.007));
#8775=CARTESIAN_POINT('',(-0.0272236147636616,0.00206000627337569,0.007));
#8776=CARTESIAN_POINT('',(-0.0248548603498243,0.00142530044112033,0.007));
#8777=CARTESIAN_POINT('',(-0.0224861059359871,0.000790594608864976,0.007));
#8778=CARTESIAN_POINT('',(0.,0.,0.007));
#8779=CARTESIAN_POINT('',(-0.0248548603498243,0.00142530044112033,0.0075));
#8780=CARTESIAN_POINT('',(-0.0272236147636616,0.00206000627337569,0.0075));
#8781=CARTESIAN_POINT('',(-0.0272236147636616,0.00206000627337569,0.0075));
#8782=CARTESIAN_POINT('',(-0.0248548603498243,0.00142530044112033,0.0075));
#8783=CARTESIAN_POINT('',(-0.0224861059359871,0.000790594608864976,0.0075));
#8784=CARTESIAN_POINT('',(-0.0224861059359871,0.000790594608864976,0.0075));
#8785=CARTESIAN_POINT('',(-0.0075160660804216,-1.38067894013525E-18,0.0075));
#8786=CARTESIAN_POINT('',(0.,0.,0.0075));
#8787=CARTESIAN_POINT('',(-0.0224861059359871,-0.000790594608864985,0.0075));
#8788=CARTESIAN_POINT('',(-0.0208134928339591,1.19321861575389E-17,0.0075));
#8789=CARTESIAN_POINT('',(-0.0272236147636616,-0.0020600062733757,0.0075));
#8790=CARTESIAN_POINT('',(-0.0248548603498243,-0.00142530044112034,0.0075));
#8791=CARTESIAN_POINT('',(-0.0248548603498243,-0.00142530044112034,0.0075));
#8792=CARTESIAN_POINT('',(-0.0272236147636616,-0.0020600062733757,0.0075));
#8793=CARTESIAN_POINT('',(-0.0272236147636616,-0.0020600062733757,0.007));
#8794=CARTESIAN_POINT('',(-0.0248548603498243,-0.00142530044112034,0.007));
#8795=CARTESIAN_POINT('',(-0.0224861059359871,-0.000790594608864985,0.007));
#8796=CARTESIAN_POINT('',(-0.0224861059359871,-0.000790594608864985,0.0075));
#8797=CARTESIAN_POINT('',(-0.0075160660804216,-1.38067894013525E-18,0.007));
#8798=CARTESIAN_POINT('',(-0.0208134928339591,9.47112952208554E-19,0.007));
#8799=CARTESIAN_POINT('',(-0.026285947506168,-0.00392243914683458,0.007));
#8800=CARTESIAN_POINT('',(-0.0243608352088499,-0.00281097504367937,0.007));
#8801=CARTESIAN_POINT('',(-0.0224357229115319,-0.00169951094052416,0.007));
#8802=CARTESIAN_POINT('',(0.,0.,0.007));
#8803=CARTESIAN_POINT('',(-0.0243608352088499,-0.00281097504367937,0.007));
#8804=CARTESIAN_POINT('',(-0.026285947506168,-0.00392243914683458,0.007));
#8805=CARTESIAN_POINT('',(-0.026285947506168,-0.00392243914683458,0.0065));
#8806=CARTESIAN_POINT('',(-0.0243608352088499,-0.00281097504367937,0.0065));
#8807=CARTESIAN_POINT('',(-0.0224357229115319,-0.00169951094052416,0.0065));
#8808=CARTESIAN_POINT('',(-0.0224357229115319,-0.00169951094052416,0.007));
#8809=CARTESIAN_POINT('',(-0.0075160660804216,-1.38067894013525E-18,0.0065));
#8810=CARTESIAN_POINT('',(-0.0208134928339591,5.7759306790449E-17,0.0065));
#8811=CARTESIAN_POINT('',(-0.025041325130995,-0.00524010716189476,0.0065));
#8812=CARTESIAN_POINT('',(-0.0236979836334584,-0.00389676566427609,0.0065));
#8813=CARTESIAN_POINT('',(-0.0223546421359218,-0.00255342416665743,0.0065));
#8814=CARTESIAN_POINT('',(0.,0.,0.0065));
#8815=CARTESIAN_POINT('',(-0.0236979836334584,-0.00389676566427609,0.0065));
#8816=CARTESIAN_POINT('',(-0.025041325130995,-0.00524010716189476,0.0065));
#8817=CARTESIAN_POINT('',(-0.025041325130995,-0.00524010716189476,0.006));
#8818=CARTESIAN_POINT('',(-0.0236979836334584,-0.00389676566427609,0.006));
#8819=CARTESIAN_POINT('',(-0.0223546421359218,-0.00255342416665743,0.006));
#8820=CARTESIAN_POINT('',(-0.0223546421359218,-0.00255342416665743,0.0065));
#8821=CARTESIAN_POINT('',(-0.0075160660804216,-1.38067894013525E-18,0.006));
#8822=CARTESIAN_POINT('',(-0.0208134928339591,9.18704946309838E-18,0.006));
#8823=CARTESIAN_POINT('',(-0.0236282955559707,-0.00611638574945669,0.006));
#8824=CARTESIAN_POINT('',(-0.022915394142494,-0.00488160428044053,0.006));
#8825=CARTESIAN_POINT('',(-0.0222024927290175,-0.00364682281142434,0.006));
#8826=CARTESIAN_POINT('',(0.,0.,0.006));
#8827=CARTESIAN_POINT('',(-0.022915394142494,-0.00488160428044053,0.006));
#8828=CARTESIAN_POINT('',(-0.022915394142494,-0.00488160428044053,0.0055));
#8829=CARTESIAN_POINT('',(-0.0222024927290175,-0.00364682281142434,0.0055));
#8830=CARTESIAN_POINT('',(-0.0236282955559707,-0.00611638574945669,0.0055));
#8831=CARTESIAN_POINT('',(-0.0222024927290175,-0.00364682281142434,0.006));
#8832=CARTESIAN_POINT('',(-0.0236282955559707,-0.00611638574945669,0.006));
#8833=CARTESIAN_POINT('',(-0.0075160660804216,-1.38067894013525E-18,0.0055));
#8834=CARTESIAN_POINT('',(0.,0.,0.0055));
#8835=CARTESIAN_POINT('',(-0.0214792923533342,-0.0067,0.0055));
#8836=CARTESIAN_POINT('',(-0.0208134928339591,-3.98188887332464E-17,0.0055));
#8837=CARTESIAN_POINT('',(-0.0208134928339591,-3.98188887332464E-17,-2.00000000000027E-6));
#8838=CARTESIAN_POINT('',(-0.0214792923533342,0.0067,0.0055));
#8839=CARTESIAN_POINT('',(-0.0214792923533342,-0.0067,0.0055));
#8840=CARTESIAN_POINT('',(0.,0.,0.0075));
#8841=CARTESIAN_POINT('',(0.0208134928339591,3.7269970995428E-17,-2.00000000000027E-6));
#8842=CARTESIAN_POINT('',(0.0214792923533342,-0.0067,0.0055));
#8843=CARTESIAN_POINT('',(0.0214792923533342,-0.0067,0.0055));
#8844=CARTESIAN_POINT('',(0.0214792923533342,0.0067,0.0055));
#8845=CARTESIAN_POINT('',(0.0214792923533342,0.0067,0.0055));
#8846=CARTESIAN_POINT('',(0.0208134928339591,3.7269970995428E-17,0.0055));
#8847=CARTESIAN_POINT('',(0.0236282955559707,0.00611638574945669,0.0055));
#8848=CARTESIAN_POINT('',(0.0236282955559707,0.00611638574945669,0.006));
#8849=CARTESIAN_POINT('',(0.0236282955559707,0.00611638574945669,0.006));
#8850=CARTESIAN_POINT('',(0.0208134928339591,-1.17359672009168E-17,0.006));
#8851=CARTESIAN_POINT('',(0.025041325130995,0.00524010716189476,0.006));
#8852=CARTESIAN_POINT('',(0.025041325130995,0.00524010716189476,0.0065));
#8853=CARTESIAN_POINT('',(0.025041325130995,0.00524010716189476,0.0065));
#8854=CARTESIAN_POINT('',(0.0208134928339591,-6.03082245282674E-17,0.0065));
#8855=CARTESIAN_POINT('',(0.026285947506168,0.00392243914683457,0.0065));
#8856=CARTESIAN_POINT('',(0.026285947506168,0.00392243914683457,0.007));
#8857=CARTESIAN_POINT('',(0.026285947506168,0.00392243914683457,0.007));
#8858=CARTESIAN_POINT('',(0.0208134928339591,-3.496030690027E-18,0.007));
#8859=CARTESIAN_POINT('',(0.0272236147636616,0.0020600062733757,0.007));
#8860=CARTESIAN_POINT('',(0.0272236147636616,0.0020600062733757,0.0075));
#8861=CARTESIAN_POINT('',(0.0272236147636616,0.0020600062733757,0.0075));
#8862=CARTESIAN_POINT('',(0.0208134928339591,-1.44811038953573E-17,0.0075));
#8863=CARTESIAN_POINT('',(0.0272236147636616,-0.00206000627337569,0.0075));
#8864=CARTESIAN_POINT('',(0.0272236147636616,-0.00206000627337569,0.0075));
#8865=CARTESIAN_POINT('',(0.0272236147636616,-0.00206000627337569,0.007));
#8866=CARTESIAN_POINT('',(0.0208134928339591,6.04494842784544E-18,0.007));
#8867=CARTESIAN_POINT('',(0.026285947506168,-0.00392243914683457,0.007));
#8868=CARTESIAN_POINT('',(0.026285947506168,-0.00392243914683457,0.007));
#8869=CARTESIAN_POINT('',(0.026285947506168,-0.00392243914683457,0.0065));
#8870=CARTESIAN_POINT('',(0.0208134928339591,6.28571422660859E-17,0.0065));
#8871=CARTESIAN_POINT('',(0.025041325130995,-0.00524010716189475,0.0065));
#8872=CARTESIAN_POINT('',(0.025041325130995,-0.00524010716189475,0.0065));
#8873=CARTESIAN_POINT('',(0.025041325130995,-0.00524010716189475,0.006));
#8874=CARTESIAN_POINT('',(0.0208134928339591,1.42848849387353E-17,0.006));
#8875=CARTESIAN_POINT('',(0.0236282955559707,-0.00611638574945669,0.006));
#8876=CARTESIAN_POINT('',(0.0236282955559707,-0.00611638574945669,0.006));
#8877=CARTESIAN_POINT('',(0.0236282955559707,-0.00611638574945669,0.0055));
#8878=CARTESIAN_POINT('',(0.0208134928339591,-3.47210532576095E-17,0.0055));
#8879=CARTESIAN_POINT('',(0.0248548603498243,0.00142530044112034,0.0075));
#8880=CARTESIAN_POINT('',(0.0248548603498243,0.00142530044112034,0.007));
#8881=CARTESIAN_POINT('',(0.0224861059359871,0.000790594608864982,0.007));
#8882=CARTESIAN_POINT('',(0.0224861059359871,0.000790594608864982,0.0075));
#8883=CARTESIAN_POINT('',(0.0224861059359871,0.000790594608864982,0.0075));
#8884=CARTESIAN_POINT('',(0.0248548603498243,0.00142530044112034,0.0075));
#8885=CARTESIAN_POINT('',(0.,0.,0.0075));
#8886=CARTESIAN_POINT('',(0.,0.,0.0055));
#8887=CARTESIAN_POINT('',(0.0222024927290175,-0.00364682281142434,0.0055));
#8888=CARTESIAN_POINT('',(0.0222024927290175,-0.00364682281142434,0.006));
#8889=CARTESIAN_POINT('',(0.0222024927290175,-0.00364682281142434,0.006));
#8890=CARTESIAN_POINT('',(0.,0.,0.006));
#8891=CARTESIAN_POINT('',(0.0223546421359218,-0.00255342416665742,0.006));
#8892=CARTESIAN_POINT('',(0.0223546421359218,-0.00255342416665742,0.0065));
#8893=CARTESIAN_POINT('',(0.0223546421359218,-0.00255342416665742,0.0065));
#8894=CARTESIAN_POINT('',(0.,0.,0.0065));
#8895=CARTESIAN_POINT('',(0.0224357229115319,-0.00169951094052415,0.0065));
#8896=CARTESIAN_POINT('',(0.0224357229115319,-0.00169951094052415,0.007));
#8897=CARTESIAN_POINT('',(0.0224357229115319,-0.00169951094052415,0.007));
#8898=CARTESIAN_POINT('',(0.,0.,0.007));
#8899=CARTESIAN_POINT('',(0.0224861059359871,-0.000790594608864979,0.007));
#8900=CARTESIAN_POINT('',(0.0224861059359871,-0.000790594608864979,0.0075));
#8901=CARTESIAN_POINT('',(0.0224861059359871,-0.000790594608864979,0.0075));
#8902=CARTESIAN_POINT('',(0.,0.,0.0075));
#8903=CARTESIAN_POINT('',(0.,0.,0.007));
#8904=CARTESIAN_POINT('',(0.0224357229115319,0.00169951094052416,0.007));
#8905=CARTESIAN_POINT('',(0.0224357229115319,0.00169951094052416,0.007));
#8906=CARTESIAN_POINT('',(0.0224357229115319,0.00169951094052416,0.0065));
#8907=CARTESIAN_POINT('',(0.,0.,0.0065));
#8908=CARTESIAN_POINT('',(0.0223546421359218,0.00255342416665742,0.0065));
#8909=CARTESIAN_POINT('',(0.0223546421359218,0.00255342416665742,0.0065));
#8910=CARTESIAN_POINT('',(0.0223546421359218,0.00255342416665742,0.006));
#8911=CARTESIAN_POINT('',(0.,0.,0.006));
#8912=CARTESIAN_POINT('',(0.0222024927290175,0.00364682281142434,0.006));
#8913=CARTESIAN_POINT('',(0.0222024927290175,0.00364682281142434,0.006));
#8914=CARTESIAN_POINT('',(0.0222024927290175,0.00364682281142434,0.0055));
#8915=CARTESIAN_POINT('',(0.,0.,0.0055));
#8916=CARTESIAN_POINT('',(0.0075160660804216,4.60226313378415E-19,0.0075));
#8917=CARTESIAN_POINT('',(0.0248548603498243,-0.00142530044112034,0.0075));
#8918=CARTESIAN_POINT('',(0.0243608352088499,0.00281097504367937,0.007));
#8919=CARTESIAN_POINT('',(0.0243608352088499,0.00281097504367937,0.0065));
#8920=CARTESIAN_POINT('',(0.0243608352088499,0.00281097504367937,0.007));
#8921=CARTESIAN_POINT('',(0.0075160660804216,4.60226313378415E-19,0.007));
#8922=CARTESIAN_POINT('',(0.0236979836334584,0.00389676566427609,0.0065));
#8923=CARTESIAN_POINT('',(0.0236979836334584,0.00389676566427609,0.006));
#8924=CARTESIAN_POINT('',(0.0236979836334584,0.00389676566427609,0.0065));
#8925=CARTESIAN_POINT('',(0.0075160660804216,4.60226313378415E-19,0.0065));
#8926=CARTESIAN_POINT('',(0.022915394142494,0.00488160428044052,0.006));
#8927=CARTESIAN_POINT('',(0.022915394142494,0.00488160428044052,0.0055));
#8928=CARTESIAN_POINT('',(0.022915394142494,0.00488160428044052,0.006));
#8929=CARTESIAN_POINT('',(0.0075160660804216,4.60226313378415E-19,0.006));
#8930=CARTESIAN_POINT('',(0.0075160660804216,4.60226313378415E-19,0.0055));
#8931=CARTESIAN_POINT('',(0.0248548603498243,-0.00142530044112034,0.0075));
#8932=CARTESIAN_POINT('',(0.0248548603498243,-0.00142530044112034,0.007));
#8933=CARTESIAN_POINT('',(0.0243608352088499,-0.00281097504367937,0.007));
#8934=CARTESIAN_POINT('',(0.0243608352088499,-0.00281097504367937,0.0065));
#8935=CARTESIAN_POINT('',(0.0243608352088499,-0.00281097504367937,0.007));
#8936=CARTESIAN_POINT('',(0.0075160660804216,4.60226313378415E-19,0.007));
#8937=CARTESIAN_POINT('',(0.0236979836334584,-0.00389676566427609,0.0065));
#8938=CARTESIAN_POINT('',(0.0236979836334584,-0.00389676566427609,0.006));
#8939=CARTESIAN_POINT('',(0.0236979836334584,-0.00389676566427609,0.0065));
#8940=CARTESIAN_POINT('',(0.0075160660804216,4.60226313378415E-19,0.0065));
#8941=CARTESIAN_POINT('',(0.022915394142494,-0.00488160428044052,0.006));
#8942=CARTESIAN_POINT('',(0.022915394142494,-0.00488160428044052,0.0055));
#8943=CARTESIAN_POINT('',(0.022915394142494,-0.00488160428044052,0.006));
#8944=CARTESIAN_POINT('',(0.0075160660804216,4.60226313378415E-19,0.006));
#8945=CARTESIAN_POINT('',(0.0075160660804216,4.60226313378415E-19,0.0055));
#8946=CARTESIAN_POINT('',(-0.025625,0.,-0.005));
#8947=CARTESIAN_POINT('',(-0.0076804784562811,-0.0469573714949427,-0.005));
#8948=CARTESIAN_POINT('',(-0.0076804784562811,-0.0730323879818265,-0.005));
#8949=CARTESIAN_POINT('',(-0.0165,-0.0730323879818265,-0.005));
#8950=CARTESIAN_POINT('',(-0.035,-0.0730323879818265,-0.005));
#8951=CARTESIAN_POINT('',(-0.035,-0.0710323879818265,-0.005));
#8952=CARTESIAN_POINT('',(-0.035,-0.0715323879818265,-0.005));
#8953=CARTESIAN_POINT('',(-0.0345,-0.0715323879818265,-0.005));
#8954=CARTESIAN_POINT('',(-0.033,-0.0695323879818265,-0.005));
#8955=CARTESIAN_POINT('',(-0.033,-0.0700323879818265,-0.005));
#8956=CARTESIAN_POINT('',(-0.0325,-0.0700323879818265,-0.005));
#8957=CARTESIAN_POINT('',(-0.031,-0.0680323879818265,-0.005));
#8958=CARTESIAN_POINT('',(-0.031,-0.0685323879818265,-0.005));
#8959=CARTESIAN_POINT('',(-0.0305,-0.0685323879818265,-0.005));
#8960=CARTESIAN_POINT('',(-0.0305,-0.0680323879818265,-0.005));
#8961=CARTESIAN_POINT('',(-0.0155,-0.0680323879818265,-0.005));
#8962=CARTESIAN_POINT('',(-0.0185,-0.0557823879818265,-0.005));
#8963=CARTESIAN_POINT('',(-0.0185,-0.0385323879818266,-0.005));
#8964=CARTESIAN_POINT('',(-0.016,-0.0385323879818266,-0.005));
#8965=CARTESIAN_POINT('',(-0.016,-0.0360323879818265,-0.005));
#8966=CARTESIAN_POINT('',(-0.01525,-0.0360323879818265,-0.005));
#8967=CARTESIAN_POINT('',(-0.012,-0.0325323879818266,-0.005));
#8968=CARTESIAN_POINT('',(-0.012,-0.0300323879818265,-0.005));
#8969=CARTESIAN_POINT('',(-0.01125,-0.0300323879818265,-0.005));
#8970=CARTESIAN_POINT('',(0.01125,-0.0300323879818265,-0.005));
#8971=CARTESIAN_POINT('',(0.012,-0.0300323879818265,-0.005));
#8972=CARTESIAN_POINT('',(0.012,-0.0325323879818266,-0.005));
#8973=CARTESIAN_POINT('',(0.01525,-0.0360323879818265,-0.005));
#8974=CARTESIAN_POINT('',(0.016,-0.0360323879818265,-0.005));
#8975=CARTESIAN_POINT('',(0.016,-0.0385323879818266,-0.005));
#8976=CARTESIAN_POINT('',(0.0105,-0.0645671414998326,-0.005));
#8977=CARTESIAN_POINT('',(0.0155,-0.0680323879818265,-0.005));
#8978=CARTESIAN_POINT('',(0.0305,-0.0680323879818265,-0.005));
#8979=CARTESIAN_POINT('',(0.0305,-0.0685323879818265,-0.005));
#8980=CARTESIAN_POINT('',(0.031,-0.0685323879818265,-0.005));
#8981=CARTESIAN_POINT('',(0.031,-0.0680323879818265,-0.005));
#8982=CARTESIAN_POINT('',(0.031,-0.0695323879818265,-0.005));
#8983=CARTESIAN_POINT('',(0.032,-0.0695323879818265,-0.005));
#8984=CARTESIAN_POINT('',(0.0325,-0.0695323879818265,-0.005));
#8985=CARTESIAN_POINT('',(0.0325,-0.0700323879818265,-0.005));
#8986=CARTESIAN_POINT('',(0.033,-0.0700323879818265,-0.005));
#8987=CARTESIAN_POINT('',(0.033,-0.0695323879818265,-0.005));
#8988=CARTESIAN_POINT('',(0.0345,-0.0715323879818265,-0.005));
#8989=CARTESIAN_POINT('',(0.035,-0.0715323879818265,-0.005));
#8990=CARTESIAN_POINT('',(0.035,-0.0710323879818265,-0.005));
#8991=CARTESIAN_POINT('',(0.035,-0.0730323879818265,-0.005));
#8992=CARTESIAN_POINT('',(-0.0165,-0.0730323879818265,-0.005));
#8993=CARTESIAN_POINT('',(0.00768047845628109,-0.0730323879818265,-0.005));
#8994=CARTESIAN_POINT('',(0.00768047845628109,-0.0469573714949427,-0.005));
#8995=CARTESIAN_POINT('',(-0.01525,-0.0360323879818265,0.));
#8996=CARTESIAN_POINT('',(-0.016,-0.0360323879818265,0.));
#8997=CARTESIAN_POINT('',(-0.016,-0.0360323879818265,0.));
#8998=CARTESIAN_POINT('',(-0.01525,-0.0360323879818265,0.));
#8999=CARTESIAN_POINT('',(-0.012,-0.0325323879818266,0.));
#9000=CARTESIAN_POINT('',(-0.012,-0.0325323879818266,0.001));
#9001=CARTESIAN_POINT('',(-0.012,-0.0300323879818265,0.001));
#9002=CARTESIAN_POINT('',(-0.012,-0.0300323879818265,0.));
#9003=CARTESIAN_POINT('',(-0.01125,-0.0300323879818265,0.));
#9004=CARTESIAN_POINT('',(-0.01125,-0.0300323879818265,0.001));
#9005=CARTESIAN_POINT('',(-0.0165,-0.0730323879818265,0.));
#9006=CARTESIAN_POINT('',(-0.018,-0.0730323879818265,-0.00125));
#9007=CARTESIAN_POINT('',(-0.018,-0.0730323879818265,-0.00325));
#9008=CARTESIAN_POINT('',(0.018,-0.0730323879818265,-0.00125));
#9009=CARTESIAN_POINT('',(0.018,-0.0730323879818265,-0.00325));
#9010=CARTESIAN_POINT('',(-0.0165,-0.0730323879818265,0.));
#9011=CARTESIAN_POINT('',(-0.0076804784562811,-0.0730323879818265,0.));
#9012=CARTESIAN_POINT('',(0.00768047845628109,-0.0730323879818265,0.));
#9013=CARTESIAN_POINT('',(0.00768047845628109,-0.0730323879818265,0.));
#9014=CARTESIAN_POINT('',(0.035,-0.0730323879818265,-4.33680868994202E-18));
#9015=CARTESIAN_POINT('',(0.035,-0.0730323879818265,0.005));
#9016=CARTESIAN_POINT('',(-0.0175,-0.0730323879818265,0.005));
#9017=CARTESIAN_POINT('',(-0.035,-0.0730323879818265,0.005));
#9018=CARTESIAN_POINT('',(-0.035,-0.0730323879818265,-4.33680868994202E-18));
#9019=CARTESIAN_POINT('',(-0.0076804784562811,-0.0730323879818265,0.));
#9020=CARTESIAN_POINT('',(-0.0185,-0.0557823879818265,0.));
#9021=CARTESIAN_POINT('',(-0.0185,-0.0385323879818266,0.));
#9022=CARTESIAN_POINT('',(-0.0185,-0.0385323879818266,0.));
#9023=CARTESIAN_POINT('',(-0.0185,-0.0385323879818266,0.));
#9024=CARTESIAN_POINT('',(-0.016,-0.0385323879818266,0.));
#9025=CARTESIAN_POINT('',(-0.016,-0.0385323879818266,0.));
#9026=CARTESIAN_POINT('',(-0.0175052369931667,-0.0515323879818265,0.001));
#9027=CARTESIAN_POINT('',(-0.0113925511302642,-0.0654904606157958,0.002));
#9028=CARTESIAN_POINT('',(-0.0113925511302642,-0.0654904606157958,0.001));
#9029=CARTESIAN_POINT('',(-0.0117267444838222,-0.0655733161247102,0.001));
#9030=CARTESIAN_POINT('',(-0.0110583577767059,-0.0654076051068813,0.001));
#9031=CARTESIAN_POINT('',(-0.0117267444838222,-0.0655733161247102,0.002));
#9032=CARTESIAN_POINT('',(-0.0110583577767059,-0.0654076051068813,0.002));
#9033=CARTESIAN_POINT('',(-0.0131138756603691,-0.0595649908990313,0.002));
#9034=CARTESIAN_POINT('',(-0.0131138756603691,-0.0595649908990313,0.001));
#9035=CARTESIAN_POINT('',(-0.0145010068369157,-0.0535566656733525,0.001));
#9036=CARTESIAN_POINT('',(-0.0145010068369157,-0.0535566656733525,0.002));
#9037=CARTESIAN_POINT('',(-0.0112869248384108,-0.0627859411328349,0.002));
#9038=CARTESIAN_POINT('',(-0.0112869248384108,-0.0627859411328349,0.001));
#9039=CARTESIAN_POINT('',(-0.0110583577767059,-0.0530157003119328,0.001));
#9040=CARTESIAN_POINT('',(-0.0110583577767059,-0.0530157003119328,0.002));
#9041=CARTESIAN_POINT('',(-0.0137489220267382,-0.0598178935810776,0.002));
#9042=CARTESIAN_POINT('',(-0.0137489220267382,-0.0598178935810776,0.001));
#9043=CARTESIAN_POINT('',(-0.0152417806427258,-0.0538303647076103,0.001));
#9044=CARTESIAN_POINT('',(-0.0122560634107508,-0.0658054224545449,0.001));
#9045=CARTESIAN_POINT('',(-0.0122560634107508,-0.0658054224545449,0.002));
#9046=CARTESIAN_POINT('',(-0.0152417806427258,-0.0538303647076103,0.002));
#9047=CARTESIAN_POINT('',(-0.0124877348231558,-0.0659521554080224,0.002));
#9048=CARTESIAN_POINT('',(-0.0124877348231558,-0.0659521554080224,0.001));
#9049=CARTESIAN_POINT('',(-0.0127194062355608,-0.0660988883615,0.001));
#9050=CARTESIAN_POINT('',(-0.0127194062355608,-0.0660988883615,0.002));
#9051=CARTESIAN_POINT('',(-0.015323200278023,-0.0607603194335585,0.002));
#9052=CARTESIAN_POINT('',(-0.015323200278023,-0.0607603194335585,0.001));
#9053=CARTESIAN_POINT('',(-0.0179269943204852,-0.0554217505056171,0.001));
#9054=CARTESIAN_POINT('',(-0.0179269943204852,-0.0554217505056171,0.002));
#9055=CARTESIAN_POINT('',(-0.0166234606797745,-0.0620998142466843,0.002));
#9056=CARTESIAN_POINT('',(-0.0166234606797745,-0.0620998142466843,0.001));
#9057=CARTESIAN_POINT('',(-0.0199309144078005,-0.0575474947326342,0.001));
#9058=CARTESIAN_POINT('',(-0.0133160069517484,-0.0666521337607344,0.001));
#9059=CARTESIAN_POINT('',(-0.0133160069517484,-0.0666521337607344,0.002));
#9060=CARTESIAN_POINT('',(-0.0199309144078005,-0.0575474947326342,0.002));
#9061=CARTESIAN_POINT('',(-0.013415657665449,-0.0667777619080474,0.002));
#9062=CARTESIAN_POINT('',(-0.013415657665449,-0.0667777619080474,0.001));
#9063=CARTESIAN_POINT('',(-0.0135153083791495,-0.0669033900553605,0.001));
#9064=CARTESIAN_POINT('',(-0.0135153083791495,-0.0669033900553605,0.002));
#9065=CARTESIAN_POINT('',(-0.0173720449249519,-0.0634307688717287,0.002));
#9066=CARTESIAN_POINT('',(-0.0173720449249519,-0.0634307688717287,0.001));
#9067=CARTESIAN_POINT('',(-0.0212287814707543,-0.059958147688097,0.001));
#9068=CARTESIAN_POINT('',(-0.0212287814707543,-0.059958147688097,0.002));
#9069=CARTESIAN_POINT('',(-0.0176490431797224,-0.0640594638337162,0.002));
#9070=CARTESIAN_POINT('',(-0.0176490431797224,-0.0640594638337162,0.001));
#9071=CARTESIAN_POINT('',(-0.0215038070451773,-0.0607671844692087,0.001));
#9072=CARTESIAN_POINT('',(-0.0137942793142675,-0.0673517431982237,0.001));
#9073=CARTESIAN_POINT('',(-0.0137942793142675,-0.0673517431982237,0.002));
#9074=CARTESIAN_POINT('',(-0.0215038070451773,-0.0607671844692087,0.002));
#9075=CARTESIAN_POINT('',(-0.0138280812353888,-0.0674190464580958,0.002));
#9076=CARTESIAN_POINT('',(-0.0138280812353888,-0.0674190464580958,0.001));
#9077=CARTESIAN_POINT('',(-0.01386188315651,-0.067486349717968,0.001));
#9078=CARTESIAN_POINT('',(-0.01386188315651,-0.067486349717968,0.002));
#9079=CARTESIAN_POINT('',(-0.0178786504869721,-0.0651202929398384,0.002));
#9080=CARTESIAN_POINT('',(-0.0178786504869721,-0.0651202929398384,0.001));
#9081=CARTESIAN_POINT('',(-0.0218954178174342,-0.0627542361617088,0.001));
#9082=CARTESIAN_POINT('',(-0.0218954178174342,-0.0627542361617088,0.002));
#9083=CARTESIAN_POINT('',(-0.0179339089679467,-0.0656529086948006,0.002));
#9084=CARTESIAN_POINT('',(-0.0179339089679467,-0.0656529086948006,0.001));
#9085=CARTESIAN_POINT('',(-0.0218954178174342,-0.0635636510043503,0.001));
#9086=CARTESIAN_POINT('',(-0.0139724001184591,-0.0677421663852509,0.001));
#9087=CARTESIAN_POINT('',(-0.0139724001184591,-0.0677421663852509,0.002));
#9088=CARTESIAN_POINT('',(-0.0218954178174342,-0.0635636510043503,0.002));
#9089=CARTESIAN_POINT('',(-0.014049398803327,-0.06799064959753,0.002));
#9090=CARTESIAN_POINT('',(-0.014049398803327,-0.06799064959753,0.001));
#9091=CARTESIAN_POINT('',(-0.014126397488195,-0.0682391328098091,0.001));
#9092=CARTESIAN_POINT('',(-0.014126397488195,-0.0682391328098091,0.002));
#9093=CARTESIAN_POINT('',(-0.0180109076528146,-0.0672253338494034,0.002));
#9094=CARTESIAN_POINT('',(-0.0180109076528146,-0.0672253338494034,0.001));
#9095=CARTESIAN_POINT('',(-0.0218954178174342,-0.0662115348889976,0.001));
#9096=CARTESIAN_POINT('',(-0.0218954178174342,-0.0662115348889976,0.002));
#9097=CARTESIAN_POINT('',(-0.0180594670409932,-0.0689854306521754,0.002));
#9098=CARTESIAN_POINT('',(-0.0180594670409932,-0.0689854306521754,0.001));
#9099=CARTESIAN_POINT('',(-0.0218954178174342,-0.0689854306521754,0.001));
#9100=CARTESIAN_POINT('',(-0.0142235162645523,-0.0689854306521754,0.001));
#9101=CARTESIAN_POINT('',(-0.0218954178174342,-0.0689854306521754,0.002));
#9102=CARTESIAN_POINT('',(-0.0142235162645523,-0.0689854306521754,0.002));
#9103=CARTESIAN_POINT('',(-0.0218954178174342,-0.0678196129663903,0.002));
#9104=CARTESIAN_POINT('',(-0.0218954178174342,-0.0678196129663903,0.001));
#9105=CARTESIAN_POINT('',(-0.0218954178174342,-0.0666537952806052,0.001));
#9106=CARTESIAN_POINT('',(-0.0218954178174342,-0.0666537952806052,0.002));
#9107=CARTESIAN_POINT('',(-0.0180342934108267,-0.0675625418246841,0.002));
#9108=CARTESIAN_POINT('',(-0.0180342934108267,-0.0675625418246841,0.001));
#9109=CARTESIAN_POINT('',(-0.0141731690042194,-0.0684712883687629,0.001));
#9110=CARTESIAN_POINT('',(-0.0141731690042194,-0.0684712883687629,0.002));
#9111=CARTESIAN_POINT('',(-0.0130489858262106,-0.0605914928224668,0.002));
#9112=CARTESIAN_POINT('',(-0.0130489858262106,-0.0605914928224668,0.001));
#9113=CARTESIAN_POINT('',(-0.0143597946458489,-0.0621016243970973,0.002));
#9114=CARTESIAN_POINT('',(-0.0143597946458489,-0.0621016243970973,0.001));
#9115=CARTESIAN_POINT('',(-0.0166584150123574,-0.0627542361617088,0.002));
#9116=CARTESIAN_POINT('',(-0.0166584150123574,-0.0627542361617088,0.001));
#9117=CARTESIAN_POINT('',(-0.0218954178174342,-0.0648875929466739,0.002));
#9118=CARTESIAN_POINT('',(-0.0218954178174342,-0.0648875929466739,0.001));
#9119=CARTESIAN_POINT('',(-0.0141983426343859,-0.0687283595104692,0.002));
#9120=CARTESIAN_POINT('',(-0.0141983426343859,-0.0687283595104692,0.001));
#9121=CARTESIAN_POINT('',(-0.0110583577767059,-0.0592116527094071,0.002));
#9122=CARTESIAN_POINT('',(-0.0110583577767059,-0.0592116527094071,0.001));
#9123=CARTESIAN_POINT('',(0.,-0.0220161939909133,0.001));
#9124=CARTESIAN_POINT('',(0.,-0.0220161939909133,0.001));
#9125=CARTESIAN_POINT('',(0.,-0.0220161939909133,0.001));
#9126=CARTESIAN_POINT('',(0.,-0.0220161939909133,0.001));
#9127=CARTESIAN_POINT('',(0.,-0.0220161939909133,0.001));
#9128=CARTESIAN_POINT('',(0.,-0.0220161939909133,0.001));
#9129=CARTESIAN_POINT('',(0.,0.,0.0015));
#9130=CARTESIAN_POINT('',(0.008,-0.0278747197295327,0.002));
#9131=CARTESIAN_POINT('',(0.00825928114966061,-0.0278003064540842,0.002));
#9132=CARTESIAN_POINT('',(0.00850000000000015,-0.0277263412660236,0.00177008436464157));
#9133=CARTESIAN_POINT('',(0.00850000000000016,-0.0277263412660236,0.00150000000000003));
#9134=CARTESIAN_POINT('',(-0.0105,-0.0270323879818266,0.001));
#9135=CARTESIAN_POINT('',(-0.0105,-0.0270323879818266,0.00127337231318409));
#9136=CARTESIAN_POINT('',(-0.0102561649537832,-0.0271272106304746,0.0015));
#9137=CARTESIAN_POINT('',(-0.01,-0.0272213151776324,0.0015));
#9138=CARTESIAN_POINT('',(-0.0085,-0.0277263412660236,0.0015));
#9139=CARTESIAN_POINT('',(-0.0085,-0.0277263412660236,0.00176986101030043));
#9140=CARTESIAN_POINT('',(-0.00825909997683424,-0.0278003584503957,0.002));
#9141=CARTESIAN_POINT('',(-0.008,-0.0278747197295327,0.002));
#9142=CARTESIAN_POINT('',(-0.00534138317886997,-0.0285038528226709,0.002));
#9143=CARTESIAN_POINT('',(-0.00534138317886997,-0.0285038528226709,0.00226619465592659));
#9144=CARTESIAN_POINT('',(-0.0051037298167128,-0.0285486031341327,0.00249999999999999));
#9145=CARTESIAN_POINT('',(-0.00484138317886998,-0.0285930237805545,0.0025));
#9146=CARTESIAN_POINT('',(0.00534138317886997,-0.0285038528226709,0.0025));
#9147=CARTESIAN_POINT('',(0.00534138317886997,-0.0285038528226709,0.00223329713891669));
#9148=CARTESIAN_POINT('',(0.00558028336601015,-0.0284592953815323,0.002));
#9149=CARTESIAN_POINT('',(0.00584138317886997,-0.0284056023093617,0.002));
#9150=CARTESIAN_POINT('',(-0.0175,-0.0710323879818265,0.005));
#9151=CARTESIAN_POINT('',(0.035,-0.0710323879818265,0.005));
#9152=CARTESIAN_POINT('',(0.035,-0.0715323879818265,0.005));
#9153=CARTESIAN_POINT('',(-0.035,-0.0715323879818265,0.005));
#9154=CARTESIAN_POINT('',(-0.035,-0.0715323879818265,0.005));
#9155=CARTESIAN_POINT('',(-0.035,-0.0710323879818265,0.005));
#9156=CARTESIAN_POINT('',(-0.035,-0.0710323879818265,-4.33680868994202E-18));
#9157=CARTESIAN_POINT('',(-0.035,-0.0715323879818265,-4.33680868994202E-18));
#9158=CARTESIAN_POINT('',(-0.0165,-0.0695323879818265,0.003));
#9159=CARTESIAN_POINT('',(0.033,-0.0695323879818265,0.003));
#9160=CARTESIAN_POINT('',(0.033,-0.0700323879818265,0.003));
#9161=CARTESIAN_POINT('',(-0.033,-0.0700323879818265,0.003));
#9162=CARTESIAN_POINT('',(-0.033,-0.0700323879818265,0.003));
#9163=CARTESIAN_POINT('',(-0.033,-0.0695323879818265,0.003));
#9164=CARTESIAN_POINT('',(-0.033,-0.0695323879818265,-0.001));
#9165=CARTESIAN_POINT('',(-0.033,-0.0700323879818265,-0.001));
#9166=CARTESIAN_POINT('',(-0.0175,-0.0695323879818265,-1.7347234759768E-18));
#9167=CARTESIAN_POINT('',(0.00584138317886997,-0.0695323879818265,0.0025));
#9168=CARTESIAN_POINT('',(0.033,-0.0695323879818265,0.0025));
#9169=CARTESIAN_POINT('',(0.0325,-0.0695323879818265,0.0025));
#9170=CARTESIAN_POINT('',(0.0325,-0.0695323879818265,-0.005));
#9171=CARTESIAN_POINT('',(0.031,-0.0695323879818265,-0.002));
#9172=CARTESIAN_POINT('',(0.031,-0.0695323879818265,0.000999999999999988));
#9173=CARTESIAN_POINT('',(0.0155,-0.0695323879818265,0.001));
#9174=CARTESIAN_POINT('',(0.0230933978110552,-0.0695323879818265,0.0015));
#9175=CARTESIAN_POINT('',(0.008,-0.0695323879818265,0.0015));
#9176=CARTESIAN_POINT('',(-0.031,-0.0680323879818265,-0.002));
#9177=CARTESIAN_POINT('',(-0.031,-0.0680323879818265,0.000999999999999988));
#9178=CARTESIAN_POINT('',(-0.031,-0.0685323879818265,0.000999999999999988));
#9179=CARTESIAN_POINT('',(-0.031,-0.0685323879818265,-0.002));
#9180=CARTESIAN_POINT('',(-0.0155,-0.0680323879818265,0.001));
#9181=CARTESIAN_POINT('',(-0.031,-0.0685323879818265,0.000999999999999988));
#9182=CARTESIAN_POINT('',(-0.0175,-0.0680323879818265,-1.7347234759768E-18));
#9183=CARTESIAN_POINT('',(-0.0305,-0.0680323879818265,-1.7347234759768E-18));
#9184=CARTESIAN_POINT('',(-0.0305,-0.0680323879818265,0.000499999999999988));
#9185=CARTESIAN_POINT('',(-0.0235933978110552,-0.0680323879818265,0.000499999999999991));
#9186=CARTESIAN_POINT('',(-0.0175,-0.0459434359062993,0.0005));
#9187=CARTESIAN_POINT('',(-0.0175,-0.0385323879818266,0.0005));
#9188=CARTESIAN_POINT('',(-0.0175,-0.0385323879818266,0.0005));
#9189=CARTESIAN_POINT('',(-0.0175,-0.0459434359062993,0.0005));
#9190=CARTESIAN_POINT('',(-0.016,-0.0385323879818266,0.0005));
#9191=CARTESIAN_POINT('',(-0.016,-0.0370323879818266,0.0005));
#9192=CARTESIAN_POINT('',(-0.016,-0.0370323879818266,0.0005));
#9193=CARTESIAN_POINT('',(-0.016,-0.0385323879818266,0.0005));
#9194=CARTESIAN_POINT('',(-0.01525,-0.0370323879818266,0.0005));
#9195=CARTESIAN_POINT('',(-0.01525,-0.0370323879818266,0.0005));
#9196=CARTESIAN_POINT('',(-0.0165,-0.0450384984483021,0.0005));
#9197=CARTESIAN_POINT('',(-0.0165,-0.0365323879818266,0.0005));
#9198=CARTESIAN_POINT('',(-0.016,-0.0365323879818266,0.0005));
#9199=CARTESIAN_POINT('',(-0.016,-0.0385323879818266,0.0005));
#9200=CARTESIAN_POINT('',(-0.018,-0.0385323879818266,0.0005));
#9201=CARTESIAN_POINT('',(-0.018,-0.0540446089147777,0.0005));
#9202=CARTESIAN_POINT('',(-0.01125,-0.0310323879818265,0.0015));
#9203=CARTESIAN_POINT('',(-0.01,-0.0310323879818265,0.001));
#9204=CARTESIAN_POINT('',(-0.012,-0.0310323879818265,0.0015));
#9205=CARTESIAN_POINT('',(-0.0135,-0.04217247193407,0.0015));
#9206=CARTESIAN_POINT('',(-0.0135,-0.0325323879818266,0.0015));
#9207=CARTESIAN_POINT('',(-0.012,-0.0325323879818266,0.0015));
#9208=CARTESIAN_POINT('',(0.01525,-0.0360323879818265,0.));
#9209=CARTESIAN_POINT('',(0.016,-0.0360323879818265,0.));
#9210=CARTESIAN_POINT('',(0.016,-0.0360323879818265,0.));
#9211=CARTESIAN_POINT('',(0.016,-0.0360323879818265,0.));
#9212=CARTESIAN_POINT('',(0.016,-0.0385323879818266,0.));
#9213=CARTESIAN_POINT('',(0.016,-0.0385323879818266,0.));
#9214=CARTESIAN_POINT('',(0.01125,-0.0300323879818265,0.));
#9215=CARTESIAN_POINT('',(0.012,-0.0300323879818265,0.001));
#9216=CARTESIAN_POINT('',(0.012,-0.0300323879818265,0.001));
#9217=CARTESIAN_POINT('',(0.012,-0.0300323879818265,0.));
#9218=CARTESIAN_POINT('',(0.012,-0.0325323879818266,0.));
#9219=CARTESIAN_POINT('',(0.012,-0.0325323879818266,0.001));
#9220=CARTESIAN_POINT('',(0.,-0.0220161939909133,0.));
#9221=CARTESIAN_POINT('',(0.0105,-0.0645671414998326,0.));
#9222=CARTESIAN_POINT('',(0.0175,-0.053354483830772,0.));
#9223=CARTESIAN_POINT('',(0.0175,-0.0459434359062993,0.));
#9224=CARTESIAN_POINT('',(0.0175,-0.0385323879818266,0.));
#9225=CARTESIAN_POINT('',(0.016,-0.0385323879818266,0.));
#9226=CARTESIAN_POINT('',(0.016,-0.0370323879818266,0.));
#9227=CARTESIAN_POINT('',(0.01525,-0.0370323879818266,0.));
#9228=CARTESIAN_POINT('',(0.0105,-0.0645671414998326,-0.005002));
#9229=CARTESIAN_POINT('',(0.0185,-0.0540446089147777,0.));
#9230=CARTESIAN_POINT('',(0.0185,-0.0540446089147777,0.000148023078131132));
#9231=CARTESIAN_POINT('',(0.018360901580977,-0.0539381200862016,0.000416939518740753));
#9232=CARTESIAN_POINT('',(0.0181213148967969,-0.0537661713505817,0.0005));
#9233=CARTESIAN_POINT('',(0.018,-0.0536825794046658,0.0005));
#9234=CARTESIAN_POINT('',(0.018,-0.0536825794046658,0.0005));
#9235=CARTESIAN_POINT('',(0.0105,-0.0645671414998326,0.0005));
#9236=CARTESIAN_POINT('',(0.0175,-0.053354483830772,0.0005));
#9237=CARTESIAN_POINT('',(0.0175,-0.053354483830772,0.0005));
#9238=CARTESIAN_POINT('',(0.0145,-0.0519685823757286,0.001));
#9239=CARTESIAN_POINT('',(0.0145,-0.0519685823757286,0.00126977853914473));
#9240=CARTESIAN_POINT('',(0.0142598634361234,-0.0518919791962143,0.0015));
#9241=CARTESIAN_POINT('',(0.014,-0.051820624642136,0.0015));
#9242=CARTESIAN_POINT('',(0.0202084820520128,-0.0555966862020627,0.0015));
#9243=CARTESIAN_POINT('',(0.0202084820520128,-0.0555966862020627,0.001));
#9244=CARTESIAN_POINT('',(0.0105,-0.0645671414998326,0.001));
#9245=CARTESIAN_POINT('',(0.0175052369931667,-0.0515323879818265,0.001));
#9246=CARTESIAN_POINT('',(0.0108094424150477,-0.064420801409562,0.001));
#9247=CARTESIAN_POINT('',(0.0113925511302642,-0.0654904606157958,0.002));
#9248=CARTESIAN_POINT('',(0.0113925511302642,-0.0654904606157958,0.001));
#9249=CARTESIAN_POINT('',(0.0117267444838222,-0.0655733161247102,0.001));
#9250=CARTESIAN_POINT('',(0.0110583577767059,-0.0654076051068813,0.001));
#9251=CARTESIAN_POINT('',(0.0110583577767059,-0.0654076051068813,0.002));
#9252=CARTESIAN_POINT('',(0.0117267444838222,-0.0655733161247102,0.002));
#9253=CARTESIAN_POINT('',(0.0110583577767059,-0.0592116527094071,0.002));
#9254=CARTESIAN_POINT('',(0.0110583577767059,-0.0592116527094071,0.001));
#9255=CARTESIAN_POINT('',(0.0110583577767059,-0.0530157003119328,0.001));
#9256=CARTESIAN_POINT('',(0.0110583577767059,-0.0530157003119328,0.002));
#9257=CARTESIAN_POINT('',(0.0112869248384108,-0.0627859411328349,0.002));
#9258=CARTESIAN_POINT('',(0.0112869248384108,-0.0627859411328349,0.001));
#9259=CARTESIAN_POINT('',(0.0145010068369157,-0.0535566656733525,0.001));
#9260=CARTESIAN_POINT('',(0.0145010068369157,-0.0535566656733525,0.002));
#9261=CARTESIAN_POINT('',(0.0137489220267382,-0.0598178935810776,0.002));
#9262=CARTESIAN_POINT('',(0.0137489220267382,-0.0598178935810776,0.001));
#9263=CARTESIAN_POINT('',(0.0152417806427258,-0.0538303647076103,0.001));
#9264=CARTESIAN_POINT('',(0.0122560634107508,-0.0658054224545449,0.001));
#9265=CARTESIAN_POINT('',(0.0152417806427258,-0.0538303647076103,0.002));
#9266=CARTESIAN_POINT('',(0.0122560634107508,-0.0658054224545449,0.002));
#9267=CARTESIAN_POINT('',(0.0130489858262106,-0.0605914928224668,0.002));
#9268=CARTESIAN_POINT('',(0.0130489858262106,-0.0605914928224668,0.001));
#9269=CARTESIAN_POINT('',(0.0179269943204852,-0.0554217505056171,0.001));
#9270=CARTESIAN_POINT('',(0.0179269943204852,-0.0554217505056171,0.002));
#9271=CARTESIAN_POINT('',(0.015323200278023,-0.0607603194335585,0.002));
#9272=CARTESIAN_POINT('',(0.015323200278023,-0.0607603194335585,0.001));
#9273=CARTESIAN_POINT('',(0.0127194062355608,-0.0660988883614999,0.001));
#9274=CARTESIAN_POINT('',(0.0127194062355608,-0.0660988883615,0.002));
#9275=CARTESIAN_POINT('',(0.0166234606797745,-0.0620998142466843,0.002));
#9276=CARTESIAN_POINT('',(0.0166234606797745,-0.0620998142466843,0.001));
#9277=CARTESIAN_POINT('',(0.0199309144078005,-0.0575474947326342,0.001));
#9278=CARTESIAN_POINT('',(0.0133160069517484,-0.0666521337607344,0.001));
#9279=CARTESIAN_POINT('',(0.0199309144078005,-0.0575474947326342,0.002));
#9280=CARTESIAN_POINT('',(0.0133160069517484,-0.0666521337607344,0.002));
#9281=CARTESIAN_POINT('',(0.0143597946458489,-0.0621016243970973,0.002));
#9282=CARTESIAN_POINT('',(0.0143597946458489,-0.0621016243970973,0.001));
#9283=CARTESIAN_POINT('',(0.0212287814707543,-0.059958147688097,0.001));
#9284=CARTESIAN_POINT('',(0.0212287814707543,-0.059958147688097,0.002));
#9285=CARTESIAN_POINT('',(0.0173720449249519,-0.0634307688717287,0.002));
#9286=CARTESIAN_POINT('',(0.0173720449249519,-0.0634307688717287,0.001));
#9287=CARTESIAN_POINT('',(0.0135153083791496,-0.0669033900553605,0.001));
#9288=CARTESIAN_POINT('',(0.0135153083791495,-0.0669033900553605,0.002));
#9289=CARTESIAN_POINT('',(0.0176490431797224,-0.0640594638337162,0.002));
#9290=CARTESIAN_POINT('',(0.0176490431797224,-0.0640594638337162,0.001));
#9291=CARTESIAN_POINT('',(0.0215038070451773,-0.0607671844692087,0.001));
#9292=CARTESIAN_POINT('',(0.0137942793142675,-0.0673517431982237,0.001));
#9293=CARTESIAN_POINT('',(0.0215038070451773,-0.0607671844692087,0.002));
#9294=CARTESIAN_POINT('',(0.0137942793142675,-0.0673517431982237,0.002));
#9295=CARTESIAN_POINT('',(0.0166584150123574,-0.0627542361617088,0.002));
#9296=CARTESIAN_POINT('',(0.0166584150123574,-0.0627542361617088,0.001));
#9297=CARTESIAN_POINT('',(0.0218954178174342,-0.0627542361617088,0.001));
#9298=CARTESIAN_POINT('',(0.0218954178174342,-0.0627542361617088,0.002));
#9299=CARTESIAN_POINT('',(0.0178786504869721,-0.0651202929398384,0.002));
#9300=CARTESIAN_POINT('',(0.0178786504869721,-0.0651202929398384,0.001));
#9301=CARTESIAN_POINT('',(0.01386188315651,-0.067486349717968,0.001));
#9302=CARTESIAN_POINT('',(0.01386188315651,-0.067486349717968,0.002));
#9303=CARTESIAN_POINT('',(0.0179339089679467,-0.0656529086948006,0.002));
#9304=CARTESIAN_POINT('',(0.0179339089679467,-0.0656529086948006,0.001));
#9305=CARTESIAN_POINT('',(0.0218954178174342,-0.0635636510043503,0.001));
#9306=CARTESIAN_POINT('',(0.0139724001184591,-0.0677421663852509,0.001));
#9307=CARTESIAN_POINT('',(0.0218954178174342,-0.0635636510043503,0.002));
#9308=CARTESIAN_POINT('',(0.0139724001184591,-0.0677421663852509,0.002));
#9309=CARTESIAN_POINT('',(0.0218954178174342,-0.0648875929466739,0.002));
#9310=CARTESIAN_POINT('',(0.0218954178174342,-0.0648875929466739,0.001));
#9311=CARTESIAN_POINT('',(0.0218954178174342,-0.0662115348889976,0.001));
#9312=CARTESIAN_POINT('',(0.0218954178174342,-0.0662115348889976,0.002));
#9313=CARTESIAN_POINT('',(0.0180109076528146,-0.0672253338494034,0.002));
#9314=CARTESIAN_POINT('',(0.0180109076528146,-0.0672253338494034,0.001));
#9315=CARTESIAN_POINT('',(0.014126397488195,-0.0682391328098091,0.001));
#9316=CARTESIAN_POINT('',(0.014126397488195,-0.0682391328098091,0.002));
#9317=CARTESIAN_POINT('',(0.0180594670409932,-0.0689854306521754,0.002));
#9318=CARTESIAN_POINT('',(0.0180594670409932,-0.0689854306521754,0.001));
#9319=CARTESIAN_POINT('',(0.0218954178174342,-0.0689854306521754,0.001));
#9320=CARTESIAN_POINT('',(0.0142235162645523,-0.0689854306521754,0.001));
#9321=CARTESIAN_POINT('',(0.0142235162645523,-0.0689854306521754,0.002));
#9322=CARTESIAN_POINT('',(0.0218954178174342,-0.0689854306521754,0.002));
#9323=CARTESIAN_POINT('',(0.0141983426343859,-0.0687283595104692,0.002));
#9324=CARTESIAN_POINT('',(0.0141983426343859,-0.0687283595104692,0.001));
#9325=CARTESIAN_POINT('',(0.0141731690042194,-0.0684712883687629,0.001));
#9326=CARTESIAN_POINT('',(0.0141731690042194,-0.0684712883687629,0.002));
#9327=CARTESIAN_POINT('',(0.0180342934108267,-0.0675625418246841,0.002));
#9328=CARTESIAN_POINT('',(0.0180342934108267,-0.0675625418246841,0.001));
#9329=CARTESIAN_POINT('',(0.0218954178174342,-0.0666537952806052,0.001));
#9330=CARTESIAN_POINT('',(0.0218954178174342,-0.0666537952806052,0.002));
#9331=CARTESIAN_POINT('',(0.0108094424150477,-0.064420801409562,0.002));
#9332=CARTESIAN_POINT('',(0.0108094424150477,-0.064420801409562,0.0015));
#9333=CARTESIAN_POINT('',(0.0124877348231558,-0.0659521554080224,0.002));
#9334=CARTESIAN_POINT('',(0.0124877348231558,-0.0659521554080224,0.001));
#9335=CARTESIAN_POINT('',(0.013415657665449,-0.0667777619080474,0.002));
#9336=CARTESIAN_POINT('',(0.013415657665449,-0.0667777619080474,0.001));
#9337=CARTESIAN_POINT('',(0.0138280812353888,-0.0674190464580958,0.002));
#9338=CARTESIAN_POINT('',(0.0138280812353888,-0.0674190464580958,0.001));
#9339=CARTESIAN_POINT('',(0.014049398803327,-0.06799064959753,0.002));
#9340=CARTESIAN_POINT('',(0.014049398803327,-0.06799064959753,0.001));
#9341=CARTESIAN_POINT('',(0.0218954178174342,-0.0678196129663903,0.002));
#9342=CARTESIAN_POINT('',(0.0218954178174342,-0.0678196129663903,0.001));
#9343=CARTESIAN_POINT('',(0.0131138756603691,-0.0595649908990313,0.002));
#9344=CARTESIAN_POINT('',(0.0131138756603691,-0.0595649908990313,0.001));
#9345=CARTESIAN_POINT('',(0.,-0.0220161939909133,0.001));
#9346=CARTESIAN_POINT('',(0.,-0.0220161939909133,0.001));
#9347=CARTESIAN_POINT('',(0.,-0.0220161939909133,0.001));
#9348=CARTESIAN_POINT('',(0.,-0.0220161939909133,0.001));
#9349=CARTESIAN_POINT('',(0.,-0.0220161939909133,0.001));
#9350=CARTESIAN_POINT('',(0.,-0.0220161939909133,0.001));
#9351=CARTESIAN_POINT('',(0.035,-0.0710323879818265,-4.33680868994202E-18));
#9352=CARTESIAN_POINT('',(0.035,-0.0715323879818265,0.005));
#9353=CARTESIAN_POINT('',(0.033,-0.0695323879818265,-0.001));
#9354=CARTESIAN_POINT('',(0.033,-0.0700323879818265,0.003));
#9355=CARTESIAN_POINT('',(0.031,-0.0680323879818265,-0.002));
#9356=CARTESIAN_POINT('',(0.031,-0.0685323879818265,0.000999999999999988));
#9357=CARTESIAN_POINT('',(0.031,-0.0685323879818265,0.000999999999999988));
#9358=CARTESIAN_POINT('',(0.031,-0.0680323879818265,0.000999999999999988));
#9359=CARTESIAN_POINT('',(0.0155,-0.0680323879818265,0.001));
#9360=CARTESIAN_POINT('',(0.0155,-0.0685323879818265,0.001));
#9361=CARTESIAN_POINT('',(0.0175,-0.0680323879818265,-1.7347234759768E-18));
#9362=CARTESIAN_POINT('',(0.0175,-0.0680323879818265,0.000499999999999993));
#9363=CARTESIAN_POINT('',(0.0305,-0.0680323879818265,0.000499999999999988));
#9364=CARTESIAN_POINT('',(0.0305,-0.0680323879818265,-0.005));
#9365=CARTESIAN_POINT('',(0.01525,-0.0370323879818266,0.0005));
#9366=CARTESIAN_POINT('',(0.016,-0.0370323879818266,0.0005));
#9367=CARTESIAN_POINT('',(0.016,-0.0370323879818266,0.0005));
#9368=CARTESIAN_POINT('',(0.01525,-0.0370323879818266,0.0005));
#9369=CARTESIAN_POINT('',(0.016,-0.0385323879818266,0.0005));
#9370=CARTESIAN_POINT('',(0.0175,-0.0385323879818266,0.0005));
#9371=CARTESIAN_POINT('',(0.0175,-0.0385323879818266,0.0005));
#9372=CARTESIAN_POINT('',(0.016,-0.0385323879818266,0.0005));
#9373=CARTESIAN_POINT('',(0.0175,-0.0459434359062993,0.0005));
#9374=CARTESIAN_POINT('',(0.0175,-0.0459434359062993,0.0005));
#9375=CARTESIAN_POINT('',(0.0165,-0.0450384984483021,0.0005));
#9376=CARTESIAN_POINT('',(0.016,-0.0385323879818266,0.0005));
#9377=CARTESIAN_POINT('',(0.018,-0.0385323879818266,0.0005));
#9378=CARTESIAN_POINT('',(0.016,-0.0365323879818266,0.0005));
#9379=CARTESIAN_POINT('',(0.0145,-0.0365323879818266,0.0005));
#9380=CARTESIAN_POINT('',(0.018,-0.0450384984483021,0.0005));
#9381=CARTESIAN_POINT('',(0.01125,-0.0310323879818265,0.0015));
#9382=CARTESIAN_POINT('',(0.011,-0.0310323879818265,0.0015));
#9383=CARTESIAN_POINT('',(0.012,-0.0310323879818265,0.0015));
#9384=CARTESIAN_POINT('',(0.012,-0.0325323879818266,0.0015));
#9385=CARTESIAN_POINT('',(0.0135,-0.0325323879818266,0.0015));
#9386=CARTESIAN_POINT('',(0.0135,-0.04217247193407,0.0015));
#9387=CARTESIAN_POINT('',(0.018,-0.0557823879818265,0.));
#9388=CARTESIAN_POINT('',(0.018,-0.0385323879818266,0.));
#9389=CARTESIAN_POINT('',(0.016,-0.0385323879818266,0.));
#9390=CARTESIAN_POINT('',(0.016,-0.0365323879818266,0.));
#9391=CARTESIAN_POINT('',(0.0165,-0.0365323879818266,0.));
#9392=CARTESIAN_POINT('',(0.00525,-0.0305323879818265,0.001));
#9393=CARTESIAN_POINT('',(0.012,-0.0305323879818265,0.001));
#9394=CARTESIAN_POINT('',(0.012,-0.0325323879818266,0.001));
#9395=CARTESIAN_POINT('',(0.014,-0.0325323879818266,0.001));
#9396=CARTESIAN_POINT('',(0.014,-0.0342823879818266,0.001));
#9397=CARTESIAN_POINT('',(-0.018,-0.0450384984483021,0.));
#9398=CARTESIAN_POINT('',(-0.018,-0.0385323879818266,0.));
#9399=CARTESIAN_POINT('',(-0.016,-0.0385323879818266,0.));
#9400=CARTESIAN_POINT('',(-0.016,-0.0365323879818266,0.));
#9401=CARTESIAN_POINT('',(-0.01525,-0.0365323879818266,0.));
#9402=CARTESIAN_POINT('',(-0.014,-0.0500323879818265,0.001));
#9403=CARTESIAN_POINT('',(-0.014,-0.0325323879818266,0.001));
#9404=CARTESIAN_POINT('',(-0.012,-0.0325323879818266,0.001));
#9405=CARTESIAN_POINT('',(-0.012,-0.0305323879818265,0.001));
#9406=CARTESIAN_POINT('',(-0.01,-0.0500323879818265,0.001));
#9407=CARTESIAN_POINT('',(-0.01,-0.0305323879818265,0.001));
#9408=CARTESIAN_POINT('',(-0.01125,-0.0305323879818265,0.001));
#9409=CARTESIAN_POINT('',(0.011,-0.0220161939909133,0.0015));
#9410=CARTESIAN_POINT('',(0.008,-0.0503793646239251,0.0015));
#9411=CARTESIAN_POINT('',(0.00584138317886997,-0.0500323879818265,0.0025));
#9412=CARTESIAN_POINT('',(-0.00484138317886997,-0.0220161939909133,0.002));
#9413=CARTESIAN_POINT('',(-0.008,-0.0500323879818265,0.0015));
#9414=CARTESIAN_POINT('',(-0.01,-0.0500323879818265,0.001));
#9415=CARTESIAN_POINT('',(-0.0155,-0.0685323879818265,0.000499999999999994));
#9416=CARTESIAN_POINT('',(-0.0305,-0.0685323879818265,0.000499999999999988));
#9417=CARTESIAN_POINT('',(-0.0305,-0.0685323879818265,-1.7347234759768E-18));
#9418=CARTESIAN_POINT('',(0.0175,-0.0685323879818265,0.000499999999999993));
#9419=CARTESIAN_POINT('',(0.0305,-0.0685323879818265,0.000499999999999988));
#9420=CARTESIAN_POINT('',(0.0305,-0.0685323879818265,-0.002));
#9421=CARTESIAN_POINT('',(0.0325,-0.0700323879818265,-0.001));
#9422=CARTESIAN_POINT('',(0.0325,-0.0700323879818265,0.0025));
#9423=CARTESIAN_POINT('',(-0.0325,-0.0700323879818265,-1.7347234759768E-18));
#9424=CARTESIAN_POINT('',(-0.0325,-0.0700323879818265,0.0025));
#9425=CARTESIAN_POINT('',(-0.0165,-0.0700323879818265,0.0025));
#9426=CARTESIAN_POINT('',(-0.0345,-0.0715323879818265,-1.7347234759768E-18));
#9427=CARTESIAN_POINT('',(-0.0345,-0.0715323879818265,0.0045));
#9428=CARTESIAN_POINT('',(-0.0175,-0.0715323879818265,0.0045));
#9429=CARTESIAN_POINT('',(0.0345,-0.0715323879818265,0.0045));
#9430=CARTESIAN_POINT('',(0.0345,-0.0715323879818265,-4.33680868994202E-18));
#9431=CARTESIAN_POINT('',(0.0230933978110552,-0.0663344822824001,0.0015));
#9432=CARTESIAN_POINT('',(0.0235933978110552,-0.0627542361617088,0.0015));
#9433=CARTESIAN_POINT('',(0.0235933978110552,-0.0627542361617088,0.00176440874749702));
#9434=CARTESIAN_POINT('',(0.0233535009388277,-0.0627697951160499,0.002));
#9435=CARTESIAN_POINT('',(0.0230933978110552,-0.0627870121106148,0.002));
#9436=CARTESIAN_POINT('',(0.0108094424150477,-0.064420801409562,0.0015));
#9437=CARTESIAN_POINT('',(-0.0108094424150477,-0.064420801409562,0.0015));
#9438=CARTESIAN_POINT('',(-0.0235933978110552,-0.0627542361617088,0.0015));
#9439=CARTESIAN_POINT('',(-0.0235933978110552,-0.0627542361617088,0.00176440874749702));
#9440=CARTESIAN_POINT('',(-0.0233535009388275,-0.0627697951160478,0.00199999999999998));
#9441=CARTESIAN_POINT('',(-0.0230933978110552,-0.0627870121106148,0.002));
#9442=CARTESIAN_POINT('',(-0.0230933978110552,-0.0515323879818265,0.0015));
#9443=CARTESIAN_POINT('',(0.,-0.0220161939909133,0.));
#9444=CARTESIAN_POINT('',(0.00768047845628109,-0.0469573714949427,0.));
#9445=CARTESIAN_POINT('',(-0.0076804784562811,-0.0469573714949427,0.));
#9446=CARTESIAN_POINT('',(-0.0076804784562811,-0.0469573714949427,0.));
#9447=CARTESIAN_POINT('',(0.00768047845628109,-0.0469573714949427,0.));
#9448=CARTESIAN_POINT('',(0.018,-0.0680323879818265,-0.00125));
#9449=CARTESIAN_POINT('',(0.018,-0.0680323879818265,-0.00125));
#9450=CARTESIAN_POINT('',(0.018,-0.0680323879818265,-0.00325));
#9451=CARTESIAN_POINT('',(0.00174044214189052,-0.0680323879818265,-4.33680868994202E-18));
#9452=CARTESIAN_POINT('',(-0.018,-0.0680323879818265,-0.00125));
#9453=CARTESIAN_POINT('',(-0.018,-0.0680323879818265,-0.00125));
#9454=CARTESIAN_POINT('',(-0.018,-0.0680323879818265,-0.00325));
#9455=CARTESIAN_POINT('',(0.00174044214189052,-0.0680323879818265,-4.33680868994202E-18));
#9456=MECHANICAL_DESIGN_GEOMETRIC_PRESENTATION_REPRESENTATION('',(#5442),
#9457);
#9457=(
GEOMETRIC_REPRESENTATION_CONTEXT(3)
GLOBAL_UNCERTAINTY_ASSIGNED_CONTEXT((#9458))
GLOBAL_UNIT_ASSIGNED_CONTEXT((#9461,#9460,#9459))
REPRESENTATION_CONTEXT('Body','TOP_LEVEL_ASSEMBLY_PART')
);
#9458=UNCERTAINTY_MEASURE_WITH_UNIT(LENGTH_MEASURE(2.E-5),#9461,
'DISTANCE_ACCURACY_VALUE','Maximum Tolerance applied to model');
#9459=(
NAMED_UNIT(*)
SI_UNIT($,.STERADIAN.)
SOLID_ANGLE_UNIT()
);
#9460=(
NAMED_UNIT(*)
PLANE_ANGLE_UNIT()
SI_UNIT($,.RADIAN.)
);
#9461=(
LENGTH_UNIT()
NAMED_UNIT(*)
SI_UNIT($,.METRE.)
);
#9462=PRODUCT_DEFINITION_SHAPE('','',#9463);
#9463=PRODUCT_DEFINITION('','',#9465,#9464);
#9464=PRODUCT_DEFINITION_CONTEXT('',#9471,'design');
#9465=PRODUCT_DEFINITION_FORMATION_WITH_SPECIFIED_SOURCE('','',#9467,
 .NOT_KNOWN.);
#9466=PRODUCT_RELATED_PRODUCT_CATEGORY('','',(#9467));
#9467=PRODUCT('Body','Body','Body',(#9469));
#9468=PRODUCT_CATEGORY('','');
#9469=PRODUCT_CONTEXT('',#9471,'mechanical');
#9470=APPLICATION_PROTOCOL_DEFINITION('international standard',
'ap242_managed_model_based_3d_engineering',2020,#9471);
#9471=APPLICATION_CONTEXT('managed model based 3d engineering');
ENDSEC;
END-ISO-10303-21;
