ISO-10303-21;
HEADER;
/* Generated by software containing ST-Developer
 * from STEP Tools, Inc. (www.steptools.com) 
 */
/* OPTION: using custom renumber hook */

FILE_DESCRIPTION(
/* description */ ('STEP AP242 Edition 2',
'CAx-IF Rec.Pracs.---Representation and Presentation of Product Manufa
cturing Information (PMI)---4.0---2014-10-13',
'CAx-IF Rec.Pracs.---3D Tessellated Geometry---0.4---2014-09-14','2;1',
'CAx-IF Rec.Pracs.---User Defined Attributes---1.5---2016-08-15'),
/* implementation_level */ '2;1');

FILE_NAME(
/* name */ 'psArtDeco - Base',
/* time_stamp */ '2026-08-12T20:14:52Z',
/* author */ (''),
/* organization */ (''),
/* preprocessor_version */ 'ST-DEVELOPER v20',
/* originating_system */ 'ONSHAPE BY PTC INC, 1.219',
/* authorisation */ '  ');

FILE_SCHEMA (('AP242_MANAGED_MODEL_BASED_3D_ENGINEERING_MIM_LF { 1 0 10303 442 3 1 4 }'));
ENDSEC;

DATA;
#10=SHAPE_REPRESENTATION_RELATIONSHIP('','',#1152,#11);
#11=ADVANCED_BREP_SHAPE_REPRESENTATION('',(#1150),#2046);
#12=B_SPLINE_CURVE_WITH_KNOTS('',3,(#1704,#1705,#1706,#1707,#1708),
 .UNSPECIFIED.,.F.,.F.,(4,1,4),(0.00508864428663772,0.00587006730357055,
0.00665149032050337),.UNSPECIFIED.);
#13=B_SPLINE_CURVE_WITH_KNOTS('',3,(#1710,#1711,#1712,#1713,#1714),
 .UNSPECIFIED.,.F.,.F.,(4,1,4),(0.00508864428663767,0.00587006730357049,
0.00665149032050331),.UNSPECIFIED.);
#14=B_SPLINE_CURVE_WITH_KNOTS('',3,(#1718,#1719,#1720,#1721,#1722),
 .UNSPECIFIED.,.F.,.F.,(4,1,4),(0.00359058669549198,0.00437237891667319,
0.0051541711378544),.UNSPECIFIED.);
#15=B_SPLINE_CURVE_WITH_KNOTS('',3,(#1726,#1727,#1728,#1729,#1730),
 .UNSPECIFIED.,.F.,.F.,(4,1,4),(0.0055849355741014,0.00636636683681974,
0.00714779809953808),.UNSPECIFIED.);
#16=B_SPLINE_CURVE_WITH_KNOTS('',3,(#1747,#1748,#1749,#1750,#1751),
 .UNSPECIFIED.,.F.,.F.,(4,1,4),(0.00508864428663771,0.00587006730357053,
0.00665149032050336),.UNSPECIFIED.);
#17=B_SPLINE_CURVE_WITH_KNOTS('',3,(#1752,#1753,#1754,#1755,#1756),
 .UNSPECIFIED.,.F.,.F.,(4,1,4),(0.00561623961342655,0.00639767144170601,
0.00717910326998547),.UNSPECIFIED.);
#18=B_SPLINE_CURVE_WITH_KNOTS('',3,(#1758,#1759,#1760,#1761,#1762),
 .UNSPECIFIED.,.F.,.F.,(4,1,4),(0.00558493557410147,0.00636636683681981,
0.00714779809953816),.UNSPECIFIED.);
#19=B_SPLINE_CURVE_WITH_KNOTS('',3,(#1766,#1767,#1768,#1769,#1770),
 .UNSPECIFIED.,.F.,.F.,(4,1,4),(0.00558493557410151,0.00636636683681985,
0.00714779809953819),.UNSPECIFIED.);
#20=B_SPLINE_CURVE_WITH_KNOTS('',3,(#1781,#1782,#1783,#1784,#1785),
 .UNSPECIFIED.,.F.,.F.,(4,1,4),(0.00558493557410151,0.00636636683681987,
0.00714779809953824),.UNSPECIFIED.);
#21=B_SPLINE_CURVE_WITH_KNOTS('',3,(#1789,#1790,#1791,#1792,#1793),
 .UNSPECIFIED.,.F.,.F.,(4,1,4),(0.00359058669549206,0.00437237891667328,
0.0051541711378545),.UNSPECIFIED.);
#22=B_SPLINE_CURVE_WITH_KNOTS('',3,(#1801,#1802,#1803,#1804,#1805),
 .UNSPECIFIED.,.F.,.F.,(4,1,4),(0.00561623961342654,0.00639767144170605,
0.00717910326998556),.UNSPECIFIED.);
#23=B_SPLINE_CURVE_WITH_KNOTS('',3,(#1806,#1807,#1808,#1809,#1810),
 .UNSPECIFIED.,.F.,.F.,(4,1,4),(0.00561623961342658,0.00639767144170609,
0.00717910326998559),.UNSPECIFIED.);
#24=B_SPLINE_CURVE_WITH_KNOTS('',3,(#1812,#1813,#1814,#1815,#1816),
 .UNSPECIFIED.,.F.,.F.,(4,1,4),(0.00359058669549203,0.00437237891667325,
0.00515417113785447),.UNSPECIFIED.);
#25=B_SPLINE_CURVE_WITH_KNOTS('',3,(#1817,#1818,#1819,#1820,#1821),
 .UNSPECIFIED.,.F.,.F.,(4,1,4),(0.00359058669549206,0.00437237891667328,
0.0051541711378545),.UNSPECIFIED.);
#26=B_SPLINE_CURVE_WITH_KNOTS('',3,(#1840,#1841,#1842,#1843,#1844),
 .UNSPECIFIED.,.F.,.F.,(4,1,4),(0.00561623961342658,0.00639767144170609,
0.00717910326998559),.UNSPECIFIED.);
#27=B_SPLINE_CURVE_WITH_KNOTS('',3,(#1845,#1846,#1847,#1848,#1849),
 .UNSPECIFIED.,.F.,.F.,(4,1,4),(0.00508864428663767,0.00587006730357049,
0.00665149032050331),.UNSPECIFIED.);
#28=B_SPLINE_CURVE_WITH_KNOTS('',3,(#1878,#1879,#1880,#1881,#1882),
 .UNSPECIFIED.,.F.,.F.,(4,1,4),(0.,0.000781427544807421,0.00156285508961484),
 .UNSPECIFIED.);
#29=B_SPLINE_CURVE_WITH_KNOTS('',3,(#1890,#1891,#1892,#1893,#1894),
 .UNSPECIFIED.,.F.,.F.,(4,1,4),(0.,0.000781427082722608,0.00156285416544522),
 .UNSPECIFIED.);
#30=B_SPLINE_CURVE_WITH_KNOTS('',3,(#1915,#1916,#1917,#1918,#1919),
 .UNSPECIFIED.,.F.,.F.,(4,1,4),(0.,0.000781427544807424,0.00156285508961485),
 .UNSPECIFIED.);
#31=B_SPLINE_CURVE_WITH_KNOTS('',3,(#1927,#1928,#1929,#1930,#1931),
 .UNSPECIFIED.,.F.,.F.,(4,1,4),(0.,0.000781427082722606,0.00156285416544521),
 .UNSPECIFIED.);
#32=B_SPLINE_CURVE_WITH_KNOTS('',3,(#1946,#1947,#1948,#1949,#1950),
 .UNSPECIFIED.,.F.,.F.,(4,1,4),(0.,0.000781427544807421,0.00156285508961484),
 .UNSPECIFIED.);
#33=B_SPLINE_CURVE_WITH_KNOTS('',3,(#1961,#1962,#1963,#1964,#1965),
 .UNSPECIFIED.,.F.,.F.,(4,1,4),(0.,0.000781427082722608,0.00156285416544522),
 .UNSPECIFIED.);
#34=B_SPLINE_CURVE_WITH_KNOTS('',3,(#1983,#1984,#1985,#1986,#1987),
 .UNSPECIFIED.,.F.,.F.,(4,1,4),(0.,0.000781427544807418,0.00156285508961484),
 .UNSPECIFIED.);
#35=B_SPLINE_CURVE_WITH_KNOTS('',3,(#1998,#1999,#2000,#2001,#2002),
 .UNSPECIFIED.,.F.,.F.,(4,1,4),(0.,0.000781427082722609,0.00156285416544522),
 .UNSPECIFIED.);
#36=B_SPLINE_CURVE_WITH_KNOTS('',3,(#2018,#2019,#2020,#2021),
 .UNSPECIFIED.,.F.,.F.,(4,4),(0.,0.000782782235705633),.UNSPECIFIED.);
#37=B_SPLINE_CURVE_WITH_KNOTS('',3,(#2026,#2027,#2028,#2029),
 .UNSPECIFIED.,.F.,.F.,(4,4),(0.,0.000781872499859477),.UNSPECIFIED.);
#38=TOROIDAL_SURFACE('',#1176,0.036,0.001);
#39=TOROIDAL_SURFACE('',#1178,0.035,0.00100000000000001);
#40=TOROIDAL_SURFACE('',#1185,0.036,0.001);
#41=TOROIDAL_SURFACE('',#1186,0.035,0.00100000000000001);
#42=TOROIDAL_SURFACE('',#1191,0.035,0.00100000000000001);
#43=TOROIDAL_SURFACE('',#1195,0.036,0.001);
#44=TOROIDAL_SURFACE('',#1196,0.035,0.00100000000000001);
#45=TOROIDAL_SURFACE('',#1203,0.036,0.001);
#46=TOROIDAL_SURFACE('',#1212,0.042,0.001);
#47=TOROIDAL_SURFACE('',#1222,0.036,0.001);
#48=TOROIDAL_SURFACE('',#1234,0.036,0.001);
#49=TOROIDAL_SURFACE('',#1246,0.036,0.001);
#50=TOROIDAL_SURFACE('',#1258,0.036,0.001);
#51=TOROIDAL_SURFACE('',#1276,0.0425,0.0005);
#52=LINE('',#1620,#131);
#53=LINE('',#1625,#132);
#54=LINE('',#1627,#133);
#55=LINE('',#1629,#134);
#56=LINE('',#1631,#135);
#57=LINE('',#1633,#136);
#58=LINE('',#1635,#137);
#59=LINE('',#1637,#138);
#60=LINE('',#1639,#139);
#61=LINE('',#1641,#140);
#62=LINE('',#1642,#141);
#63=LINE('',#1644,#142);
#64=LINE('',#1646,#143);
#65=LINE('',#1648,#144);
#66=LINE('',#1651,#145);
#67=LINE('',#1653,#146);
#68=LINE('',#1657,#147);
#69=LINE('',#1659,#148);
#70=LINE('',#1661,#149);
#71=LINE('',#1665,#150);
#72=LINE('',#1667,#151);
#73=LINE('',#1669,#152);
#74=LINE('',#1673,#153);
#75=LINE('',#1675,#154);
#76=LINE('',#1677,#155);
#77=LINE('',#1680,#156);
#78=LINE('',#1682,#157);
#79=LINE('',#1684,#158);
#80=LINE('',#1689,#159);
#81=LINE('',#1693,#160);
#82=LINE('',#1695,#161);
#83=LINE('',#1700,#162);
#84=LINE('',#1735,#163);
#85=LINE('',#1739,#164);
#86=LINE('',#1741,#165);
#87=LINE('',#1745,#166);
#88=LINE('',#1775,#167);
#89=LINE('',#1779,#168);
#90=LINE('',#1795,#169);
#91=LINE('',#1799,#170);
#92=LINE('',#1823,#171);
#93=LINE('',#1828,#172);
#94=LINE('',#1834,#173);
#95=LINE('',#1838,#174);
#96=LINE('',#1854,#175);
#97=LINE('',#1855,#176);
#98=LINE('',#1865,#177);
#99=LINE('',#1868,#178);
#100=LINE('',#1870,#179);
#101=LINE('',#1872,#180);
#102=LINE('',#1876,#181);
#103=LINE('',#1885,#182);
#104=LINE('',#1897,#183);
#105=LINE('',#1902,#184);
#106=LINE('',#1905,#185);
#107=LINE('',#1907,#186);
#108=LINE('',#1909,#187);
#109=LINE('',#1913,#188);
#110=LINE('',#1922,#189);
#111=LINE('',#1934,#190);
#112=LINE('',#1939,#191);
#113=LINE('',#1944,#192);
#114=LINE('',#1953,#193);
#115=LINE('',#1958,#194);
#116=LINE('',#1967,#195);
#117=LINE('',#1968,#196);
#118=LINE('',#1971,#197);
#119=LINE('',#1976,#198);
#120=LINE('',#1981,#199);
#121=LINE('',#1990,#200);
#122=LINE('',#1995,#201);
#123=LINE('',#2004,#202);
#124=LINE('',#2005,#203);
#125=LINE('',#2008,#204);
#126=LINE('',#2013,#205);
#127=LINE('',#2015,#206);
#128=LINE('',#2022,#207);
#129=LINE('',#2032,#208);
#130=LINE('',#2034,#209);
#131=VECTOR('',#1297,1.);
#132=VECTOR('',#1300,1.);
#133=VECTOR('',#1301,1.);
#134=VECTOR('',#1302,1.);
#135=VECTOR('',#1303,1.);
#136=VECTOR('',#1304,1.);
#137=VECTOR('',#1305,1.);
#138=VECTOR('',#1308,1.);
#139=VECTOR('',#1309,1.);
#140=VECTOR('',#1310,1.);
#141=VECTOR('',#1311,1.);
#142=VECTOR('',#1312,1.);
#143=VECTOR('',#1313,1.);
#144=VECTOR('',#1316,1.);
#145=VECTOR('',#1317,1.);
#146=VECTOR('',#1318,1.);
#147=VECTOR('',#1321,1.);
#148=VECTOR('',#1322,1.);
#149=VECTOR('',#1323,1.);
#150=VECTOR('',#1326,1.);
#151=VECTOR('',#1327,1.);
#152=VECTOR('',#1328,1.);
#153=VECTOR('',#1331,1.);
#154=VECTOR('',#1332,1.);
#155=VECTOR('',#1333,1.);
#156=VECTOR('',#1336,1.);
#157=VECTOR('',#1337,1.);
#158=VECTOR('',#1338,1.);
#159=VECTOR('',#1343,1.);
#160=VECTOR('',#1346,1.);
#161=VECTOR('',#1349,1.);
#162=VECTOR('',#1352,1.);
#163=VECTOR('',#1367,1.);
#164=VECTOR('',#1370,1.);
#165=VECTOR('',#1373,1.);
#166=VECTOR('',#1376,1.);
#167=VECTOR('',#1387,1.);
#168=VECTOR('',#1390,1.);
#169=VECTOR('',#1397,1.);
#170=VECTOR('',#1400,1.);
#171=VECTOR('',#1407,1.);
#172=VECTOR('',#1410,1.);
#173=VECTOR('',#1417,1.);
#174=VECTOR('',#1420,1.);
#175=VECTOR('',#1427,1.);
#176=VECTOR('',#1428,1.);
#177=VECTOR('',#1445,1.);
#178=VECTOR('',#1446,1.);
#179=VECTOR('',#1447,1.);
#180=VECTOR('',#1448,1.);
#181=VECTOR('',#1453,1.);
#182=VECTOR('',#1458,1.);
#183=VECTOR('',#1467,1.);
#184=VECTOR('',#1476,1.);
#185=VECTOR('',#1477,1.);
#186=VECTOR('',#1478,1.);
#187=VECTOR('',#1479,1.);
#188=VECTOR('',#1484,1.);
#189=VECTOR('',#1489,1.);
#190=VECTOR('',#1498,1.);
#191=VECTOR('',#1507,1.);
#192=VECTOR('',#1510,1.);
#193=VECTOR('',#1515,1.);
#194=VECTOR('',#1518,1.);
#195=VECTOR('',#1523,1.);
#196=VECTOR('',#1524,1.);
#197=VECTOR('',#1529,1.);
#198=VECTOR('',#1538,1.);
#199=VECTOR('',#1541,1.);
#200=VECTOR('',#1546,1.);
#201=VECTOR('',#1549,1.);
#202=VECTOR('',#1554,1.);
#203=VECTOR('',#1555,1.);
#204=VECTOR('',#1560,1.);
#205=VECTOR('',#1569,1.);
#206=VECTOR('',#1572,1.);
#207=VECTOR('',#1577,1.);
#208=VECTOR('',#1584,1.);
#209=VECTOR('',#1587,1.);
#210=PLANE('',#1160);
#211=PLANE('',#1164);
#212=PLANE('',#1165);
#213=PLANE('',#1206);
#214=PLANE('',#1213);
#215=PLANE('',#1214);
#216=PLANE('',#1217);
#217=PLANE('',#1220);
#218=PLANE('',#1225);
#219=PLANE('',#1226);
#220=PLANE('',#1229);
#221=PLANE('',#1232);
#222=PLANE('',#1237);
#223=PLANE('',#1240);
#224=PLANE('',#1243);
#225=PLANE('',#1244);
#226=PLANE('',#1249);
#227=PLANE('',#1252);
#228=PLANE('',#1255);
#229=PLANE('',#1256);
#230=PLANE('',#1261);
#231=PLANE('',#1262);
#232=PLANE('',#1263);
#233=PLANE('',#1264);
#234=PLANE('',#1266);
#235=PLANE('',#1268);
#236=PLANE('',#1269);
#237=PLANE('',#1272);
#238=ORIENTED_EDGE('',*,*,#566,.T.);
#239=ORIENTED_EDGE('',*,*,#567,.F.);
#240=ORIENTED_EDGE('',*,*,#568,.T.);
#241=ORIENTED_EDGE('',*,*,#569,.F.);
#242=ORIENTED_EDGE('',*,*,#570,.F.);
#243=ORIENTED_EDGE('',*,*,#571,.F.);
#244=ORIENTED_EDGE('',*,*,#572,.T.);
#245=ORIENTED_EDGE('',*,*,#573,.T.);
#246=ORIENTED_EDGE('',*,*,#574,.F.);
#247=ORIENTED_EDGE('',*,*,#575,.T.);
#248=ORIENTED_EDGE('',*,*,#576,.T.);
#249=ORIENTED_EDGE('',*,*,#577,.T.);
#250=ORIENTED_EDGE('',*,*,#578,.F.);
#251=ORIENTED_EDGE('',*,*,#579,.T.);
#252=ORIENTED_EDGE('',*,*,#580,.F.);
#253=ORIENTED_EDGE('',*,*,#581,.T.);
#254=ORIENTED_EDGE('',*,*,#582,.T.);
#255=ORIENTED_EDGE('',*,*,#579,.F.);
#256=ORIENTED_EDGE('',*,*,#583,.T.);
#257=ORIENTED_EDGE('',*,*,#584,.F.);
#258=ORIENTED_EDGE('',*,*,#585,.F.);
#259=ORIENTED_EDGE('',*,*,#575,.F.);
#260=ORIENTED_EDGE('',*,*,#568,.F.);
#261=ORIENTED_EDGE('',*,*,#566,.F.);
#262=ORIENTED_EDGE('',*,*,#586,.F.);
#263=ORIENTED_EDGE('',*,*,#587,.T.);
#264=ORIENTED_EDGE('',*,*,#588,.T.);
#265=ORIENTED_EDGE('',*,*,#589,.T.);
#266=ORIENTED_EDGE('',*,*,#590,.F.);
#267=ORIENTED_EDGE('',*,*,#591,.T.);
#268=ORIENTED_EDGE('',*,*,#592,.T.);
#269=ORIENTED_EDGE('',*,*,#593,.T.);
#270=ORIENTED_EDGE('',*,*,#594,.F.);
#271=ORIENTED_EDGE('',*,*,#595,.T.);
#272=ORIENTED_EDGE('',*,*,#596,.T.);
#273=ORIENTED_EDGE('',*,*,#597,.T.);
#274=ORIENTED_EDGE('',*,*,#598,.F.);
#275=ORIENTED_EDGE('',*,*,#599,.T.);
#276=ORIENTED_EDGE('',*,*,#600,.T.);
#277=ORIENTED_EDGE('',*,*,#601,.T.);
#278=ORIENTED_EDGE('',*,*,#584,.T.);
#279=ORIENTED_EDGE('',*,*,#602,.F.);
#280=ORIENTED_EDGE('',*,*,#603,.T.);
#281=ORIENTED_EDGE('',*,*,#604,.T.);
#282=ORIENTED_EDGE('',*,*,#605,.F.);
#283=ORIENTED_EDGE('',*,*,#606,.T.);
#284=ORIENTED_EDGE('',*,*,#607,.T.);
#285=ORIENTED_EDGE('',*,*,#608,.T.);
#286=ORIENTED_EDGE('',*,*,#609,.F.);
#287=ORIENTED_EDGE('',*,*,#610,.F.);
#288=ORIENTED_EDGE('',*,*,#611,.T.);
#289=ORIENTED_EDGE('',*,*,#612,.T.);
#290=ORIENTED_EDGE('',*,*,#613,.F.);
#291=ORIENTED_EDGE('',*,*,#612,.F.);
#292=ORIENTED_EDGE('',*,*,#614,.T.);
#293=ORIENTED_EDGE('',*,*,#615,.T.);
#294=ORIENTED_EDGE('',*,*,#616,.F.);
#295=ORIENTED_EDGE('',*,*,#617,.T.);
#296=ORIENTED_EDGE('',*,*,#618,.T.);
#297=ORIENTED_EDGE('',*,*,#589,.F.);
#298=ORIENTED_EDGE('',*,*,#619,.F.);
#299=ORIENTED_EDGE('',*,*,#620,.T.);
#300=ORIENTED_EDGE('',*,*,#621,.T.);
#301=ORIENTED_EDGE('',*,*,#622,.T.);
#302=ORIENTED_EDGE('',*,*,#617,.F.);
#303=ORIENTED_EDGE('',*,*,#623,.T.);
#304=ORIENTED_EDGE('',*,*,#624,.T.);
#305=ORIENTED_EDGE('',*,*,#625,.F.);
#306=ORIENTED_EDGE('',*,*,#624,.F.);
#307=ORIENTED_EDGE('',*,*,#626,.T.);
#308=ORIENTED_EDGE('',*,*,#605,.T.);
#309=ORIENTED_EDGE('',*,*,#627,.F.);
#310=ORIENTED_EDGE('',*,*,#628,.F.);
#311=ORIENTED_EDGE('',*,*,#629,.T.);
#312=ORIENTED_EDGE('',*,*,#630,.T.);
#313=ORIENTED_EDGE('',*,*,#593,.F.);
#314=ORIENTED_EDGE('',*,*,#631,.F.);
#315=ORIENTED_EDGE('',*,*,#632,.T.);
#316=ORIENTED_EDGE('',*,*,#633,.T.);
#317=ORIENTED_EDGE('',*,*,#634,.T.);
#318=ORIENTED_EDGE('',*,*,#635,.F.);
#319=ORIENTED_EDGE('',*,*,#636,.T.);
#320=ORIENTED_EDGE('',*,*,#637,.T.);
#321=ORIENTED_EDGE('',*,*,#597,.F.);
#322=ORIENTED_EDGE('',*,*,#629,.F.);
#323=ORIENTED_EDGE('',*,*,#638,.T.);
#324=ORIENTED_EDGE('',*,*,#639,.T.);
#325=ORIENTED_EDGE('',*,*,#640,.F.);
#326=ORIENTED_EDGE('',*,*,#639,.F.);
#327=ORIENTED_EDGE('',*,*,#641,.T.);
#328=ORIENTED_EDGE('',*,*,#619,.T.);
#329=ORIENTED_EDGE('',*,*,#642,.F.);
#330=ORIENTED_EDGE('',*,*,#610,.T.);
#331=ORIENTED_EDGE('',*,*,#643,.T.);
#332=ORIENTED_EDGE('',*,*,#601,.F.);
#333=ORIENTED_EDGE('',*,*,#644,.F.);
#334=ORIENTED_EDGE('',*,*,#645,.T.);
#335=ORIENTED_EDGE('',*,*,#646,.T.);
#336=ORIENTED_EDGE('',*,*,#647,.F.);
#337=ORIENTED_EDGE('',*,*,#648,.T.);
#338=ORIENTED_EDGE('',*,*,#649,.F.);
#339=ORIENTED_EDGE('',*,*,#636,.F.);
#340=ORIENTED_EDGE('',*,*,#650,.T.);
#341=ORIENTED_EDGE('',*,*,#651,.T.);
#342=ORIENTED_EDGE('',*,*,#652,.F.);
#343=ORIENTED_EDGE('',*,*,#651,.F.);
#344=ORIENTED_EDGE('',*,*,#653,.T.);
#345=ORIENTED_EDGE('',*,*,#631,.T.);
#346=ORIENTED_EDGE('',*,*,#654,.F.);
#347=ORIENTED_EDGE('',*,*,#655,.T.);
#348=ORIENTED_EDGE('',*,*,#656,.T.);
#349=ORIENTED_EDGE('',*,*,#615,.F.);
#350=ORIENTED_EDGE('',*,*,#657,.T.);
#351=ORIENTED_EDGE('',*,*,#658,.F.);
#352=ORIENTED_EDGE('',*,*,#633,.F.);
#353=ORIENTED_EDGE('',*,*,#659,.F.);
#354=ORIENTED_EDGE('',*,*,#621,.F.);
#355=ORIENTED_EDGE('',*,*,#660,.F.);
#356=ORIENTED_EDGE('',*,*,#607,.F.);
#357=ORIENTED_EDGE('',*,*,#661,.F.);
#358=ORIENTED_EDGE('',*,*,#655,.F.);
#359=ORIENTED_EDGE('',*,*,#662,.T.);
#360=ORIENTED_EDGE('',*,*,#649,.T.);
#361=ORIENTED_EDGE('',*,*,#662,.F.);
#362=ORIENTED_EDGE('',*,*,#663,.F.);
#363=ORIENTED_EDGE('',*,*,#664,.T.);
#364=ORIENTED_EDGE('',*,*,#665,.T.);
#365=ORIENTED_EDGE('',*,*,#666,.T.);
#366=ORIENTED_EDGE('',*,*,#665,.F.);
#367=ORIENTED_EDGE('',*,*,#667,.T.);
#368=ORIENTED_EDGE('',*,*,#668,.T.);
#369=ORIENTED_EDGE('',*,*,#669,.T.);
#370=ORIENTED_EDGE('',*,*,#657,.F.);
#371=ORIENTED_EDGE('',*,*,#614,.F.);
#372=ORIENTED_EDGE('',*,*,#611,.F.);
#373=ORIENTED_EDGE('',*,*,#644,.T.);
#374=ORIENTED_EDGE('',*,*,#600,.F.);
#375=ORIENTED_EDGE('',*,*,#670,.T.);
#376=ORIENTED_EDGE('',*,*,#671,.F.);
#377=ORIENTED_EDGE('',*,*,#672,.T.);
#378=ORIENTED_EDGE('',*,*,#663,.T.);
#379=ORIENTED_EDGE('',*,*,#673,.T.);
#380=ORIENTED_EDGE('',*,*,#598,.T.);
#381=ORIENTED_EDGE('',*,*,#637,.F.);
#382=ORIENTED_EDGE('',*,*,#652,.T.);
#383=ORIENTED_EDGE('',*,*,#654,.T.);
#384=ORIENTED_EDGE('',*,*,#634,.F.);
#385=ORIENTED_EDGE('',*,*,#674,.T.);
#386=ORIENTED_EDGE('',*,*,#671,.T.);
#387=ORIENTED_EDGE('',*,*,#675,.T.);
#388=ORIENTED_EDGE('',*,*,#668,.F.);
#389=ORIENTED_EDGE('',*,*,#676,.T.);
#390=ORIENTED_EDGE('',*,*,#674,.F.);
#391=ORIENTED_EDGE('',*,*,#658,.T.);
#392=ORIENTED_EDGE('',*,*,#669,.F.);
#393=ORIENTED_EDGE('',*,*,#675,.F.);
#394=ORIENTED_EDGE('',*,*,#667,.F.);
#395=ORIENTED_EDGE('',*,*,#664,.F.);
#396=ORIENTED_EDGE('',*,*,#672,.F.);
#397=ORIENTED_EDGE('',*,*,#676,.F.);
#398=ORIENTED_EDGE('',*,*,#670,.F.);
#399=ORIENTED_EDGE('',*,*,#599,.F.);
#400=ORIENTED_EDGE('',*,*,#673,.F.);
#401=ORIENTED_EDGE('',*,*,#666,.F.);
#402=ORIENTED_EDGE('',*,*,#677,.F.);
#403=ORIENTED_EDGE('',*,*,#678,.T.);
#404=ORIENTED_EDGE('',*,*,#679,.T.);
#405=ORIENTED_EDGE('',*,*,#680,.T.);
#406=ORIENTED_EDGE('',*,*,#679,.F.);
#407=ORIENTED_EDGE('',*,*,#681,.T.);
#408=ORIENTED_EDGE('',*,*,#682,.T.);
#409=ORIENTED_EDGE('',*,*,#683,.T.);
#410=ORIENTED_EDGE('',*,*,#632,.F.);
#411=ORIENTED_EDGE('',*,*,#653,.F.);
#412=ORIENTED_EDGE('',*,*,#650,.F.);
#413=ORIENTED_EDGE('',*,*,#635,.T.);
#414=ORIENTED_EDGE('',*,*,#596,.F.);
#415=ORIENTED_EDGE('',*,*,#684,.T.);
#416=ORIENTED_EDGE('',*,*,#685,.F.);
#417=ORIENTED_EDGE('',*,*,#686,.T.);
#418=ORIENTED_EDGE('',*,*,#677,.T.);
#419=ORIENTED_EDGE('',*,*,#687,.T.);
#420=ORIENTED_EDGE('',*,*,#594,.T.);
#421=ORIENTED_EDGE('',*,*,#630,.F.);
#422=ORIENTED_EDGE('',*,*,#640,.T.);
#423=ORIENTED_EDGE('',*,*,#642,.T.);
#424=ORIENTED_EDGE('',*,*,#622,.F.);
#425=ORIENTED_EDGE('',*,*,#688,.T.);
#426=ORIENTED_EDGE('',*,*,#685,.T.);
#427=ORIENTED_EDGE('',*,*,#689,.T.);
#428=ORIENTED_EDGE('',*,*,#682,.F.);
#429=ORIENTED_EDGE('',*,*,#690,.T.);
#430=ORIENTED_EDGE('',*,*,#688,.F.);
#431=ORIENTED_EDGE('',*,*,#659,.T.);
#432=ORIENTED_EDGE('',*,*,#683,.F.);
#433=ORIENTED_EDGE('',*,*,#689,.F.);
#434=ORIENTED_EDGE('',*,*,#681,.F.);
#435=ORIENTED_EDGE('',*,*,#678,.F.);
#436=ORIENTED_EDGE('',*,*,#686,.F.);
#437=ORIENTED_EDGE('',*,*,#690,.F.);
#438=ORIENTED_EDGE('',*,*,#684,.F.);
#439=ORIENTED_EDGE('',*,*,#595,.F.);
#440=ORIENTED_EDGE('',*,*,#687,.F.);
#441=ORIENTED_EDGE('',*,*,#680,.F.);
#442=ORIENTED_EDGE('',*,*,#691,.F.);
#443=ORIENTED_EDGE('',*,*,#692,.T.);
#444=ORIENTED_EDGE('',*,*,#693,.T.);
#445=ORIENTED_EDGE('',*,*,#694,.T.);
#446=ORIENTED_EDGE('',*,*,#620,.F.);
#447=ORIENTED_EDGE('',*,*,#641,.F.);
#448=ORIENTED_EDGE('',*,*,#638,.F.);
#449=ORIENTED_EDGE('',*,*,#628,.T.);
#450=ORIENTED_EDGE('',*,*,#592,.F.);
#451=ORIENTED_EDGE('',*,*,#695,.T.);
#452=ORIENTED_EDGE('',*,*,#696,.F.);
#453=ORIENTED_EDGE('',*,*,#697,.T.);
#454=ORIENTED_EDGE('',*,*,#698,.T.);
#455=ORIENTED_EDGE('',*,*,#699,.T.);
#456=ORIENTED_EDGE('',*,*,#590,.T.);
#457=ORIENTED_EDGE('',*,*,#618,.F.);
#458=ORIENTED_EDGE('',*,*,#625,.T.);
#459=ORIENTED_EDGE('',*,*,#627,.T.);
#460=ORIENTED_EDGE('',*,*,#608,.F.);
#461=ORIENTED_EDGE('',*,*,#700,.T.);
#462=ORIENTED_EDGE('',*,*,#698,.F.);
#463=ORIENTED_EDGE('',*,*,#701,.T.);
#464=ORIENTED_EDGE('',*,*,#691,.T.);
#465=ORIENTED_EDGE('',*,*,#702,.T.);
#466=ORIENTED_EDGE('',*,*,#696,.T.);
#467=ORIENTED_EDGE('',*,*,#703,.T.);
#468=ORIENTED_EDGE('',*,*,#693,.F.);
#469=ORIENTED_EDGE('',*,*,#704,.T.);
#470=ORIENTED_EDGE('',*,*,#700,.F.);
#471=ORIENTED_EDGE('',*,*,#660,.T.);
#472=ORIENTED_EDGE('',*,*,#694,.F.);
#473=ORIENTED_EDGE('',*,*,#703,.F.);
#474=ORIENTED_EDGE('',*,*,#692,.F.);
#475=ORIENTED_EDGE('',*,*,#701,.F.);
#476=ORIENTED_EDGE('',*,*,#697,.F.);
#477=ORIENTED_EDGE('',*,*,#704,.F.);
#478=ORIENTED_EDGE('',*,*,#695,.F.);
#479=ORIENTED_EDGE('',*,*,#591,.F.);
#480=ORIENTED_EDGE('',*,*,#699,.F.);
#481=ORIENTED_EDGE('',*,*,#702,.F.);
#482=ORIENTED_EDGE('',*,*,#705,.F.);
#483=ORIENTED_EDGE('',*,*,#706,.T.);
#484=ORIENTED_EDGE('',*,*,#707,.T.);
#485=ORIENTED_EDGE('',*,*,#708,.T.);
#486=ORIENTED_EDGE('',*,*,#606,.F.);
#487=ORIENTED_EDGE('',*,*,#626,.F.);
#488=ORIENTED_EDGE('',*,*,#623,.F.);
#489=ORIENTED_EDGE('',*,*,#616,.T.);
#490=ORIENTED_EDGE('',*,*,#588,.F.);
#491=ORIENTED_EDGE('',*,*,#709,.T.);
#492=ORIENTED_EDGE('',*,*,#710,.F.);
#493=ORIENTED_EDGE('',*,*,#711,.T.);
#494=ORIENTED_EDGE('',*,*,#712,.T.);
#495=ORIENTED_EDGE('',*,*,#713,.T.);
#496=ORIENTED_EDGE('',*,*,#586,.T.);
#497=ORIENTED_EDGE('',*,*,#643,.F.);
#498=ORIENTED_EDGE('',*,*,#609,.T.);
#499=ORIENTED_EDGE('',*,*,#613,.T.);
#500=ORIENTED_EDGE('',*,*,#656,.F.);
#501=ORIENTED_EDGE('',*,*,#714,.T.);
#502=ORIENTED_EDGE('',*,*,#712,.F.);
#503=ORIENTED_EDGE('',*,*,#715,.T.);
#504=ORIENTED_EDGE('',*,*,#705,.T.);
#505=ORIENTED_EDGE('',*,*,#716,.T.);
#506=ORIENTED_EDGE('',*,*,#710,.T.);
#507=ORIENTED_EDGE('',*,*,#717,.T.);
#508=ORIENTED_EDGE('',*,*,#707,.F.);
#509=ORIENTED_EDGE('',*,*,#718,.T.);
#510=ORIENTED_EDGE('',*,*,#714,.F.);
#511=ORIENTED_EDGE('',*,*,#661,.T.);
#512=ORIENTED_EDGE('',*,*,#708,.F.);
#513=ORIENTED_EDGE('',*,*,#717,.F.);
#514=ORIENTED_EDGE('',*,*,#706,.F.);
#515=ORIENTED_EDGE('',*,*,#715,.F.);
#516=ORIENTED_EDGE('',*,*,#711,.F.);
#517=ORIENTED_EDGE('',*,*,#718,.F.);
#518=ORIENTED_EDGE('',*,*,#709,.F.);
#519=ORIENTED_EDGE('',*,*,#587,.F.);
#520=ORIENTED_EDGE('',*,*,#713,.F.);
#521=ORIENTED_EDGE('',*,*,#716,.F.);
#522=ORIENTED_EDGE('',*,*,#578,.T.);
#523=ORIENTED_EDGE('',*,*,#719,.T.);
#524=ORIENTED_EDGE('',*,*,#602,.T.);
#525=ORIENTED_EDGE('',*,*,#583,.F.);
#526=ORIENTED_EDGE('',*,*,#585,.T.);
#527=ORIENTED_EDGE('',*,*,#604,.F.);
#528=ORIENTED_EDGE('',*,*,#720,.F.);
#529=ORIENTED_EDGE('',*,*,#576,.F.);
#530=ORIENTED_EDGE('',*,*,#720,.T.);
#531=ORIENTED_EDGE('',*,*,#603,.F.);
#532=ORIENTED_EDGE('',*,*,#719,.F.);
#533=ORIENTED_EDGE('',*,*,#577,.F.);
#534=ORIENTED_EDGE('',*,*,#574,.T.);
#535=ORIENTED_EDGE('',*,*,#721,.T.);
#536=ORIENTED_EDGE('',*,*,#645,.F.);
#537=ORIENTED_EDGE('',*,*,#722,.F.);
#538=ORIENTED_EDGE('',*,*,#723,.T.);
#539=ORIENTED_EDGE('',*,*,#580,.T.);
#540=ORIENTED_EDGE('',*,*,#647,.T.);
#541=ORIENTED_EDGE('',*,*,#724,.T.);
#542=ORIENTED_EDGE('',*,*,#572,.F.);
#543=ORIENTED_EDGE('',*,*,#582,.F.);
#544=ORIENTED_EDGE('',*,*,#725,.T.);
#545=ORIENTED_EDGE('',*,*,#726,.T.);
#546=ORIENTED_EDGE('',*,*,#726,.F.);
#547=ORIENTED_EDGE('',*,*,#727,.T.);
#548=ORIENTED_EDGE('',*,*,#722,.T.);
#549=ORIENTED_EDGE('',*,*,#648,.F.);
#550=ORIENTED_EDGE('',*,*,#728,.T.);
#551=ORIENTED_EDGE('',*,*,#569,.T.);
#552=ORIENTED_EDGE('',*,*,#728,.F.);
#553=ORIENTED_EDGE('',*,*,#570,.T.);
#554=ORIENTED_EDGE('',*,*,#729,.T.);
#555=ORIENTED_EDGE('',*,*,#567,.T.);
#556=ORIENTED_EDGE('',*,*,#729,.F.);
#557=ORIENTED_EDGE('',*,*,#571,.T.);
#558=ORIENTED_EDGE('',*,*,#725,.F.);
#559=ORIENTED_EDGE('',*,*,#581,.F.);
#560=ORIENTED_EDGE('',*,*,#723,.F.);
#561=ORIENTED_EDGE('',*,*,#727,.F.);
#562=ORIENTED_EDGE('',*,*,#721,.F.);
#563=ORIENTED_EDGE('',*,*,#573,.F.);
#564=ORIENTED_EDGE('',*,*,#724,.F.);
#565=ORIENTED_EDGE('',*,*,#646,.F.);
#566=EDGE_CURVE('',#730,#730,#840,.T.);
#567=EDGE_CURVE('',#731,#731,#841,.F.);
#568=EDGE_CURVE('',#732,#732,#842,.T.);
#569=EDGE_CURVE('',#733,#733,#843,.F.);
#570=EDGE_CURVE('',#734,#734,#844,.T.);
#571=EDGE_CURVE('',#735,#735,#845,.T.);
#572=EDGE_CURVE('',#736,#737,#52,.T.);
#573=EDGE_CURVE('',#737,#738,#846,.F.);
#574=EDGE_CURVE('',#739,#738,#53,.T.);
#575=EDGE_CURVE('',#739,#740,#54,.T.);
#576=EDGE_CURVE('',#740,#741,#55,.T.);
#577=EDGE_CURVE('',#741,#742,#56,.T.);
#578=EDGE_CURVE('',#743,#742,#57,.T.);
#579=EDGE_CURVE('',#743,#736,#58,.T.);
#580=EDGE_CURVE('',#744,#739,#59,.T.);
#581=EDGE_CURVE('',#744,#745,#60,.F.);
#582=EDGE_CURVE('',#745,#736,#61,.T.);
#583=EDGE_CURVE('',#743,#746,#62,.T.);
#584=EDGE_CURVE('',#747,#746,#63,.T.);
#585=EDGE_CURVE('',#740,#747,#64,.T.);
#586=EDGE_CURVE('',#748,#749,#65,.T.);
#587=EDGE_CURVE('',#748,#750,#66,.F.);
#588=EDGE_CURVE('',#750,#751,#67,.T.);
#589=EDGE_CURVE('',#751,#752,#847,.T.);
#590=EDGE_CURVE('',#753,#752,#68,.T.);
#591=EDGE_CURVE('',#753,#754,#69,.F.);
#592=EDGE_CURVE('',#754,#755,#70,.T.);
#593=EDGE_CURVE('',#755,#756,#848,.T.);
#594=EDGE_CURVE('',#757,#756,#71,.T.);
#595=EDGE_CURVE('',#757,#758,#72,.F.);
#596=EDGE_CURVE('',#758,#759,#73,.T.);
#597=EDGE_CURVE('',#759,#760,#849,.T.);
#598=EDGE_CURVE('',#761,#760,#74,.T.);
#599=EDGE_CURVE('',#761,#762,#75,.F.);
#600=EDGE_CURVE('',#762,#763,#76,.T.);
#601=EDGE_CURVE('',#763,#749,#850,.T.);
#602=EDGE_CURVE('',#764,#746,#77,.T.);
#603=EDGE_CURVE('',#764,#765,#78,.T.);
#604=EDGE_CURVE('',#765,#747,#79,.T.);
#605=EDGE_CURVE('',#766,#767,#851,.T.);
#606=EDGE_CURVE('',#766,#768,#80,.F.);
#607=EDGE_CURVE('',#768,#769,#852,.T.);
#608=EDGE_CURVE('',#769,#767,#81,.T.);
#609=EDGE_CURVE('',#770,#771,#82,.F.);
#610=EDGE_CURVE('',#772,#770,#853,.T.);
#611=EDGE_CURVE('',#772,#773,#83,.F.);
#612=EDGE_CURVE('',#773,#771,#854,.T.);
#613=EDGE_CURVE('',#771,#774,#12,.T.);
#614=EDGE_CURVE('',#773,#775,#13,.T.);
#615=EDGE_CURVE('',#775,#774,#855,.T.);
#616=EDGE_CURVE('',#776,#751,#14,.T.);
#617=EDGE_CURVE('',#776,#777,#856,.T.);
#618=EDGE_CURVE('',#777,#752,#15,.T.);
#619=EDGE_CURVE('',#778,#779,#857,.T.);
#620=EDGE_CURVE('',#778,#780,#84,.F.);
#621=EDGE_CURVE('',#780,#781,#858,.T.);
#622=EDGE_CURVE('',#781,#779,#85,.T.);
#623=EDGE_CURVE('',#776,#782,#86,.F.);
#624=EDGE_CURVE('',#782,#783,#859,.T.);
#625=EDGE_CURVE('',#777,#783,#87,.F.);
#626=EDGE_CURVE('',#782,#766,#16,.T.);
#627=EDGE_CURVE('',#783,#767,#17,.T.);
#628=EDGE_CURVE('',#784,#755,#18,.T.);
#629=EDGE_CURVE('',#784,#785,#860,.T.);
#630=EDGE_CURVE('',#785,#756,#19,.T.);
#631=EDGE_CURVE('',#786,#787,#861,.T.);
#632=EDGE_CURVE('',#786,#788,#88,.F.);
#633=EDGE_CURVE('',#788,#789,#862,.T.);
#634=EDGE_CURVE('',#789,#787,#89,.T.);
#635=EDGE_CURVE('',#790,#759,#20,.T.);
#636=EDGE_CURVE('',#790,#791,#863,.T.);
#637=EDGE_CURVE('',#791,#760,#21,.T.);
#638=EDGE_CURVE('',#784,#792,#90,.F.);
#639=EDGE_CURVE('',#792,#793,#864,.T.);
#640=EDGE_CURVE('',#785,#793,#91,.F.);
#641=EDGE_CURVE('',#792,#778,#22,.T.);
#642=EDGE_CURVE('',#793,#779,#23,.T.);
#643=EDGE_CURVE('',#770,#749,#24,.T.);
#644=EDGE_CURVE('',#772,#763,#25,.T.);
#645=EDGE_CURVE('',#794,#795,#92,.T.);
#646=EDGE_CURVE('',#795,#796,#865,.T.);
#647=EDGE_CURVE('',#797,#796,#93,.T.);
#648=EDGE_CURVE('',#797,#794,#866,.T.);
#649=EDGE_CURVE('',#798,#798,#867,.T.);
#650=EDGE_CURVE('',#790,#799,#94,.F.);
#651=EDGE_CURVE('',#799,#800,#868,.T.);
#652=EDGE_CURVE('',#791,#800,#95,.F.);
#653=EDGE_CURVE('',#799,#786,#26,.T.);
#654=EDGE_CURVE('',#800,#787,#27,.T.);
#655=EDGE_CURVE('',#801,#802,#869,.T.);
#656=EDGE_CURVE('',#802,#774,#96,.T.);
#657=EDGE_CURVE('',#775,#801,#97,.F.);
#658=EDGE_CURVE('',#789,#801,#870,.T.);
#659=EDGE_CURVE('',#781,#788,#871,.T.);
#660=EDGE_CURVE('',#769,#780,#872,.T.);
#661=EDGE_CURVE('',#802,#768,#873,.T.);
#662=EDGE_CURVE('',#803,#803,#874,.T.);
#663=EDGE_CURVE('',#804,#805,#98,.T.);
#664=EDGE_CURVE('',#804,#806,#99,.F.);
#665=EDGE_CURVE('',#806,#807,#100,.T.);
#666=EDGE_CURVE('',#807,#805,#101,.T.);
#667=EDGE_CURVE('',#806,#808,#875,.T.);
#668=EDGE_CURVE('',#808,#809,#102,.T.);
#669=EDGE_CURVE('',#809,#801,#28,.T.);
#670=EDGE_CURVE('',#762,#807,#876,.T.);
#671=EDGE_CURVE('',#810,#811,#103,.T.);
#672=EDGE_CURVE('',#810,#804,#877,.F.);
#673=EDGE_CURVE('',#805,#761,#878,.F.);
#674=EDGE_CURVE('',#789,#811,#29,.T.);
#675=EDGE_CURVE('',#811,#809,#879,.T.);
#676=EDGE_CURVE('',#808,#810,#104,.T.);
#677=EDGE_CURVE('',#812,#813,#105,.T.);
#678=EDGE_CURVE('',#812,#814,#106,.F.);
#679=EDGE_CURVE('',#814,#815,#107,.T.);
#680=EDGE_CURVE('',#815,#813,#108,.T.);
#681=EDGE_CURVE('',#814,#816,#880,.T.);
#682=EDGE_CURVE('',#816,#817,#109,.T.);
#683=EDGE_CURVE('',#817,#788,#30,.T.);
#684=EDGE_CURVE('',#758,#815,#881,.T.);
#685=EDGE_CURVE('',#818,#819,#110,.T.);
#686=EDGE_CURVE('',#818,#812,#882,.F.);
#687=EDGE_CURVE('',#813,#757,#883,.F.);
#688=EDGE_CURVE('',#781,#819,#31,.T.);
#689=EDGE_CURVE('',#819,#817,#884,.T.);
#690=EDGE_CURVE('',#816,#818,#111,.T.);
#691=EDGE_CURVE('',#820,#821,#112,.T.);
#692=EDGE_CURVE('',#820,#822,#885,.T.);
#693=EDGE_CURVE('',#822,#823,#113,.T.);
#694=EDGE_CURVE('',#823,#780,#32,.T.);
#695=EDGE_CURVE('',#754,#821,#886,.T.);
#696=EDGE_CURVE('',#824,#825,#114,.T.);
#697=EDGE_CURVE('',#824,#826,#887,.F.);
#698=EDGE_CURVE('',#826,#827,#115,.T.);
#699=EDGE_CURVE('',#827,#753,#888,.F.);
#700=EDGE_CURVE('',#769,#825,#33,.T.);
#701=EDGE_CURVE('',#826,#820,#116,.F.);
#702=EDGE_CURVE('',#821,#827,#117,.T.);
#703=EDGE_CURVE('',#825,#823,#889,.T.);
#704=EDGE_CURVE('',#822,#824,#118,.T.);
#705=EDGE_CURVE('',#828,#829,#119,.T.);
#706=EDGE_CURVE('',#828,#830,#890,.T.);
#707=EDGE_CURVE('',#830,#831,#120,.T.);
#708=EDGE_CURVE('',#831,#768,#34,.T.);
#709=EDGE_CURVE('',#750,#829,#891,.T.);
#710=EDGE_CURVE('',#832,#833,#121,.T.);
#711=EDGE_CURVE('',#832,#834,#892,.F.);
#712=EDGE_CURVE('',#834,#835,#122,.T.);
#713=EDGE_CURVE('',#835,#748,#893,.F.);
#714=EDGE_CURVE('',#802,#833,#35,.T.);
#715=EDGE_CURVE('',#834,#828,#123,.F.);
#716=EDGE_CURVE('',#829,#835,#124,.T.);
#717=EDGE_CURVE('',#833,#831,#894,.T.);
#718=EDGE_CURVE('',#830,#832,#125,.T.);
#719=EDGE_CURVE('',#742,#764,#126,.T.);
#720=EDGE_CURVE('',#741,#765,#127,.T.);
#721=EDGE_CURVE('',#738,#795,#36,.T.);
#722=EDGE_CURVE('',#836,#794,#128,.T.);
#723=EDGE_CURVE('',#836,#744,#895,.T.);
#724=EDGE_CURVE('',#796,#737,#37,.T.);
#725=EDGE_CURVE('',#745,#837,#896,.F.);
#726=EDGE_CURVE('',#837,#797,#129,.T.);
#727=EDGE_CURVE('',#837,#836,#130,.T.);
#728=EDGE_CURVE('',#838,#838,#897,.T.);
#729=EDGE_CURVE('',#839,#839,#898,.T.);
#730=VERTEX_POINT('',#1607);
#731=VERTEX_POINT('',#1609);
#732=VERTEX_POINT('',#1612);
#733=VERTEX_POINT('',#1614);
#734=VERTEX_POINT('',#1617);
#735=VERTEX_POINT('',#1619);
#736=VERTEX_POINT('',#1621);
#737=VERTEX_POINT('',#1622);
#738=VERTEX_POINT('',#1624);
#739=VERTEX_POINT('',#1626);
#740=VERTEX_POINT('',#1628);
#741=VERTEX_POINT('',#1630);
#742=VERTEX_POINT('',#1632);
#743=VERTEX_POINT('',#1634);
#744=VERTEX_POINT('',#1638);
#745=VERTEX_POINT('',#1640);
#746=VERTEX_POINT('',#1643);
#747=VERTEX_POINT('',#1645);
#748=VERTEX_POINT('',#1649);
#749=VERTEX_POINT('',#1650);
#750=VERTEX_POINT('',#1652);
#751=VERTEX_POINT('',#1654);
#752=VERTEX_POINT('',#1656);
#753=VERTEX_POINT('',#1658);
#754=VERTEX_POINT('',#1660);
#755=VERTEX_POINT('',#1662);
#756=VERTEX_POINT('',#1664);
#757=VERTEX_POINT('',#1666);
#758=VERTEX_POINT('',#1668);
#759=VERTEX_POINT('',#1670);
#760=VERTEX_POINT('',#1672);
#761=VERTEX_POINT('',#1674);
#762=VERTEX_POINT('',#1676);
#763=VERTEX_POINT('',#1678);
#764=VERTEX_POINT('',#1681);
#765=VERTEX_POINT('',#1683);
#766=VERTEX_POINT('',#1687);
#767=VERTEX_POINT('',#1688);
#768=VERTEX_POINT('',#1690);
#769=VERTEX_POINT('',#1692);
#770=VERTEX_POINT('',#1696);
#771=VERTEX_POINT('',#1697);
#772=VERTEX_POINT('',#1699);
#773=VERTEX_POINT('',#1701);
#774=VERTEX_POINT('',#1709);
#775=VERTEX_POINT('',#1715);
#776=VERTEX_POINT('',#1723);
#777=VERTEX_POINT('',#1725);
#778=VERTEX_POINT('',#1733);
#779=VERTEX_POINT('',#1734);
#780=VERTEX_POINT('',#1736);
#781=VERTEX_POINT('',#1738);
#782=VERTEX_POINT('',#1742);
#783=VERTEX_POINT('',#1744);
#784=VERTEX_POINT('',#1763);
#785=VERTEX_POINT('',#1765);
#786=VERTEX_POINT('',#1773);
#787=VERTEX_POINT('',#1774);
#788=VERTEX_POINT('',#1776);
#789=VERTEX_POINT('',#1778);
#790=VERTEX_POINT('',#1786);
#791=VERTEX_POINT('',#1788);
#792=VERTEX_POINT('',#1796);
#793=VERTEX_POINT('',#1798);
#794=VERTEX_POINT('',#1824);
#795=VERTEX_POINT('',#1825);
#796=VERTEX_POINT('',#1827);
#797=VERTEX_POINT('',#1829);
#798=VERTEX_POINT('',#1832);
#799=VERTEX_POINT('',#1835);
#800=VERTEX_POINT('',#1837);
#801=VERTEX_POINT('',#1852);
#802=VERTEX_POINT('',#1853);
#803=VERTEX_POINT('',#1862);
#804=VERTEX_POINT('',#1866);
#805=VERTEX_POINT('',#1867);
#806=VERTEX_POINT('',#1869);
#807=VERTEX_POINT('',#1871);
#808=VERTEX_POINT('',#1875);
#809=VERTEX_POINT('',#1877);
#810=VERTEX_POINT('',#1886);
#811=VERTEX_POINT('',#1887);
#812=VERTEX_POINT('',#1903);
#813=VERTEX_POINT('',#1904);
#814=VERTEX_POINT('',#1906);
#815=VERTEX_POINT('',#1908);
#816=VERTEX_POINT('',#1912);
#817=VERTEX_POINT('',#1914);
#818=VERTEX_POINT('',#1923);
#819=VERTEX_POINT('',#1924);
#820=VERTEX_POINT('',#1940);
#821=VERTEX_POINT('',#1941);
#822=VERTEX_POINT('',#1943);
#823=VERTEX_POINT('',#1945);
#824=VERTEX_POINT('',#1954);
#825=VERTEX_POINT('',#1955);
#826=VERTEX_POINT('',#1957);
#827=VERTEX_POINT('',#1959);
#828=VERTEX_POINT('',#1977);
#829=VERTEX_POINT('',#1978);
#830=VERTEX_POINT('',#1980);
#831=VERTEX_POINT('',#1982);
#832=VERTEX_POINT('',#1991);
#833=VERTEX_POINT('',#1992);
#834=VERTEX_POINT('',#1994);
#835=VERTEX_POINT('',#1996);
#836=VERTEX_POINT('',#2023);
#837=VERTEX_POINT('',#2031);
#838=VERTEX_POINT('',#2037);
#839=VERTEX_POINT('',#2041);
#840=CIRCLE('',#1155,0.0015);
#841=CIRCLE('',#1156,0.0015);
#842=CIRCLE('',#1158,0.0015);
#843=CIRCLE('',#1159,0.0015);
#844=CIRCLE('',#1161,0.003);
#845=CIRCLE('',#1162,0.003);
#846=CIRCLE('',#1163,0.0425);
#847=CIRCLE('',#1166,0.035);
#848=CIRCLE('',#1167,0.035);
#849=CIRCLE('',#1168,0.035);
#850=CIRCLE('',#1169,0.035);
#851=CIRCLE('',#1171,0.035);
#852=CIRCLE('',#1172,0.035);
#853=CIRCLE('',#1174,0.036);
#854=CIRCLE('',#1175,0.036);
#855=CIRCLE('',#1177,0.035);
#856=CIRCLE('',#1179,0.036);
#857=CIRCLE('',#1181,0.035);
#858=CIRCLE('',#1182,0.035);
#859=CIRCLE('',#1184,0.036);
#860=CIRCLE('',#1187,0.036);
#861=CIRCLE('',#1189,0.035);
#862=CIRCLE('',#1190,0.035);
#863=CIRCLE('',#1192,0.036);
#864=CIRCLE('',#1194,0.036);
#865=CIRCLE('',#1198,0.043);
#866=CIRCLE('',#1199,0.043);
#867=CIRCLE('',#1200,0.043);
#868=CIRCLE('',#1202,0.036);
#869=CIRCLE('',#1205,0.035);
#870=CIRCLE('',#1207,0.035);
#871=CIRCLE('',#1208,0.035);
#872=CIRCLE('',#1209,0.035);
#873=CIRCLE('',#1210,0.035);
#874=CIRCLE('',#1211,0.042);
#875=CIRCLE('',#1215,0.001);
#876=CIRCLE('',#1216,0.001);
#877=CIRCLE('',#1218,0.001);
#878=CIRCLE('',#1219,0.001);
#879=CIRCLE('',#1221,0.036);
#880=CIRCLE('',#1227,0.001);
#881=CIRCLE('',#1228,0.001);
#882=CIRCLE('',#1230,0.001);
#883=CIRCLE('',#1231,0.001);
#884=CIRCLE('',#1233,0.036);
#885=CIRCLE('',#1238,0.001);
#886=CIRCLE('',#1239,0.001);
#887=CIRCLE('',#1241,0.001);
#888=CIRCLE('',#1242,0.001);
#889=CIRCLE('',#1245,0.036);
#890=CIRCLE('',#1250,0.001);
#891=CIRCLE('',#1251,0.001);
#892=CIRCLE('',#1253,0.001);
#893=CIRCLE('',#1254,0.001);
#894=CIRCLE('',#1257,0.036);
#895=CIRCLE('',#1265,0.006);
#896=CIRCLE('',#1267,0.006);
#897=CIRCLE('',#1270,0.003);
#898=CIRCLE('',#1273,0.003);
#899=EDGE_LOOP('',(#238));
#900=EDGE_LOOP('',(#239));
#901=EDGE_LOOP('',(#240));
#902=EDGE_LOOP('',(#241));
#903=EDGE_LOOP('',(#242));
#904=EDGE_LOOP('',(#243));
#905=EDGE_LOOP('',(#244,#245,#246,#247,#248,#249,#250,#251));
#906=EDGE_LOOP('',(#252,#253,#254,#255,#256,#257,#258,#259));
#907=EDGE_LOOP('',(#260));
#908=EDGE_LOOP('',(#261));
#909=EDGE_LOOP('',(#262,#263,#264,#265,#266,#267,#268,#269,#270,#271,#272,
#273,#274,#275,#276,#277));
#910=EDGE_LOOP('',(#278,#279,#280,#281));
#911=EDGE_LOOP('',(#282,#283,#284,#285));
#912=EDGE_LOOP('',(#286,#287,#288,#289));
#913=EDGE_LOOP('',(#290,#291,#292,#293));
#914=EDGE_LOOP('',(#294,#295,#296,#297));
#915=EDGE_LOOP('',(#298,#299,#300,#301));
#916=EDGE_LOOP('',(#302,#303,#304,#305));
#917=EDGE_LOOP('',(#306,#307,#308,#309));
#918=EDGE_LOOP('',(#310,#311,#312,#313));
#919=EDGE_LOOP('',(#314,#315,#316,#317));
#920=EDGE_LOOP('',(#318,#319,#320,#321));
#921=EDGE_LOOP('',(#322,#323,#324,#325));
#922=EDGE_LOOP('',(#326,#327,#328,#329));
#923=EDGE_LOOP('',(#330,#331,#332,#333));
#924=EDGE_LOOP('',(#334,#335,#336,#337));
#925=EDGE_LOOP('',(#338));
#926=EDGE_LOOP('',(#339,#340,#341,#342));
#927=EDGE_LOOP('',(#343,#344,#345,#346));
#928=EDGE_LOOP('',(#347,#348,#349,#350));
#929=EDGE_LOOP('',(#351,#352,#353,#354,#355,#356,#357,#358));
#930=EDGE_LOOP('',(#359));
#931=EDGE_LOOP('',(#360));
#932=EDGE_LOOP('',(#361));
#933=EDGE_LOOP('',(#362,#363,#364,#365));
#934=EDGE_LOOP('',(#366,#367,#368,#369,#370,#371,#372,#373,#374,#375));
#935=EDGE_LOOP('',(#376,#377,#378,#379,#380,#381,#382,#383,#384,#385));
#936=EDGE_LOOP('',(#386,#387,#388,#389));
#937=EDGE_LOOP('',(#390,#391,#392,#393));
#938=EDGE_LOOP('',(#394,#395,#396,#397));
#939=EDGE_LOOP('',(#398,#399,#400,#401));
#940=EDGE_LOOP('',(#402,#403,#404,#405));
#941=EDGE_LOOP('',(#406,#407,#408,#409,#410,#411,#412,#413,#414,#415));
#942=EDGE_LOOP('',(#416,#417,#418,#419,#420,#421,#422,#423,#424,#425));
#943=EDGE_LOOP('',(#426,#427,#428,#429));
#944=EDGE_LOOP('',(#430,#431,#432,#433));
#945=EDGE_LOOP('',(#434,#435,#436,#437));
#946=EDGE_LOOP('',(#438,#439,#440,#441));
#947=EDGE_LOOP('',(#442,#443,#444,#445,#446,#447,#448,#449,#450,#451));
#948=EDGE_LOOP('',(#452,#453,#454,#455,#456,#457,#458,#459,#460,#461));
#949=EDGE_LOOP('',(#462,#463,#464,#465));
#950=EDGE_LOOP('',(#466,#467,#468,#469));
#951=EDGE_LOOP('',(#470,#471,#472,#473));
#952=EDGE_LOOP('',(#474,#475,#476,#477));
#953=EDGE_LOOP('',(#478,#479,#480,#481));
#954=EDGE_LOOP('',(#482,#483,#484,#485,#486,#487,#488,#489,#490,#491));
#955=EDGE_LOOP('',(#492,#493,#494,#495,#496,#497,#498,#499,#500,#501));
#956=EDGE_LOOP('',(#502,#503,#504,#505));
#957=EDGE_LOOP('',(#506,#507,#508,#509));
#958=EDGE_LOOP('',(#510,#511,#512,#513));
#959=EDGE_LOOP('',(#514,#515,#516,#517));
#960=EDGE_LOOP('',(#518,#519,#520,#521));
#961=EDGE_LOOP('',(#522,#523,#524,#525));
#962=EDGE_LOOP('',(#526,#527,#528,#529));
#963=EDGE_LOOP('',(#530,#531,#532,#533));
#964=EDGE_LOOP('',(#534,#535,#536,#537,#538,#539));
#965=EDGE_LOOP('',(#540,#541,#542,#543,#544,#545));
#966=EDGE_LOOP('',(#546,#547,#548,#549));
#967=EDGE_LOOP('',(#550));
#968=EDGE_LOOP('',(#551));
#969=EDGE_LOOP('',(#552));
#970=EDGE_LOOP('',(#553));
#971=EDGE_LOOP('',(#554));
#972=EDGE_LOOP('',(#555));
#973=EDGE_LOOP('',(#556));
#974=EDGE_LOOP('',(#557));
#975=EDGE_LOOP('',(#558,#559,#560,#561));
#976=EDGE_LOOP('',(#562,#563,#564,#565));
#977=FACE_BOUND('',#899,.T.);
#978=FACE_BOUND('',#900,.T.);
#979=FACE_BOUND('',#901,.T.);
#980=FACE_BOUND('',#902,.T.);
#981=FACE_BOUND('',#903,.T.);
#982=FACE_BOUND('',#904,.T.);
#983=FACE_BOUND('',#905,.T.);
#984=FACE_BOUND('',#906,.T.);
#985=FACE_BOUND('',#907,.T.);
#986=FACE_BOUND('',#908,.T.);
#987=FACE_BOUND('',#909,.T.);
#988=FACE_BOUND('',#910,.T.);
#989=FACE_BOUND('',#911,.T.);
#990=FACE_BOUND('',#912,.T.);
#991=FACE_BOUND('',#913,.T.);
#992=FACE_BOUND('',#914,.T.);
#993=FACE_BOUND('',#915,.T.);
#994=FACE_BOUND('',#916,.T.);
#995=FACE_BOUND('',#917,.T.);
#996=FACE_BOUND('',#918,.T.);
#997=FACE_BOUND('',#919,.T.);
#998=FACE_BOUND('',#920,.T.);
#999=FACE_BOUND('',#921,.T.);
#1000=FACE_BOUND('',#922,.T.);
#1001=FACE_BOUND('',#923,.T.);
#1002=FACE_BOUND('',#924,.T.);
#1003=FACE_BOUND('',#925,.T.);
#1004=FACE_BOUND('',#926,.T.);
#1005=FACE_BOUND('',#927,.T.);
#1006=FACE_BOUND('',#928,.T.);
#1007=FACE_BOUND('',#929,.T.);
#1008=FACE_BOUND('',#930,.T.);
#1009=FACE_BOUND('',#931,.T.);
#1010=FACE_BOUND('',#932,.T.);
#1011=FACE_BOUND('',#933,.T.);
#1012=FACE_BOUND('',#934,.T.);
#1013=FACE_BOUND('',#935,.T.);
#1014=FACE_BOUND('',#936,.T.);
#1015=FACE_BOUND('',#937,.T.);
#1016=FACE_BOUND('',#938,.T.);
#1017=FACE_BOUND('',#939,.T.);
#1018=FACE_BOUND('',#940,.T.);
#1019=FACE_BOUND('',#941,.T.);
#1020=FACE_BOUND('',#942,.T.);
#1021=FACE_BOUND('',#943,.T.);
#1022=FACE_BOUND('',#944,.T.);
#1023=FACE_BOUND('',#945,.T.);
#1024=FACE_BOUND('',#946,.T.);
#1025=FACE_BOUND('',#947,.T.);
#1026=FACE_BOUND('',#948,.T.);
#1027=FACE_BOUND('',#949,.T.);
#1028=FACE_BOUND('',#950,.T.);
#1029=FACE_BOUND('',#951,.T.);
#1030=FACE_BOUND('',#952,.T.);
#1031=FACE_BOUND('',#953,.T.);
#1032=FACE_BOUND('',#954,.T.);
#1033=FACE_BOUND('',#955,.T.);
#1034=FACE_BOUND('',#956,.T.);
#1035=FACE_BOUND('',#957,.T.);
#1036=FACE_BOUND('',#958,.T.);
#1037=FACE_BOUND('',#959,.T.);
#1038=FACE_BOUND('',#960,.T.);
#1039=FACE_BOUND('',#961,.T.);
#1040=FACE_BOUND('',#962,.T.);
#1041=FACE_BOUND('',#963,.T.);
#1042=FACE_BOUND('',#964,.T.);
#1043=FACE_BOUND('',#965,.T.);
#1044=FACE_BOUND('',#966,.T.);
#1045=FACE_BOUND('',#967,.T.);
#1046=FACE_BOUND('',#968,.T.);
#1047=FACE_BOUND('',#969,.T.);
#1048=FACE_BOUND('',#970,.T.);
#1049=FACE_BOUND('',#971,.T.);
#1050=FACE_BOUND('',#972,.T.);
#1051=FACE_BOUND('',#973,.T.);
#1052=FACE_BOUND('',#974,.T.);
#1053=FACE_BOUND('',#975,.T.);
#1054=FACE_BOUND('',#976,.T.);
#1055=CYLINDRICAL_SURFACE('',#1154,0.0015);
#1056=CYLINDRICAL_SURFACE('',#1157,0.0015);
#1057=CYLINDRICAL_SURFACE('',#1170,0.035);
#1058=CYLINDRICAL_SURFACE('',#1173,0.036);
#1059=CYLINDRICAL_SURFACE('',#1180,0.035);
#1060=CYLINDRICAL_SURFACE('',#1183,0.036);
#1061=CYLINDRICAL_SURFACE('',#1188,0.035);
#1062=CYLINDRICAL_SURFACE('',#1193,0.036);
#1063=CYLINDRICAL_SURFACE('',#1197,0.043);
#1064=CYLINDRICAL_SURFACE('',#1201,0.036);
#1065=CYLINDRICAL_SURFACE('',#1204,0.035);
#1066=CYLINDRICAL_SURFACE('',#1223,0.001);
#1067=CYLINDRICAL_SURFACE('',#1224,0.001);
#1068=CYLINDRICAL_SURFACE('',#1235,0.001);
#1069=CYLINDRICAL_SURFACE('',#1236,0.001);
#1070=CYLINDRICAL_SURFACE('',#1247,0.001);
#1071=CYLINDRICAL_SURFACE('',#1248,0.001);
#1072=CYLINDRICAL_SURFACE('',#1259,0.001);
#1073=CYLINDRICAL_SURFACE('',#1260,0.001);
#1074=CYLINDRICAL_SURFACE('',#1271,0.003);
#1075=CYLINDRICAL_SURFACE('',#1274,0.003);
#1076=CYLINDRICAL_SURFACE('',#1275,0.006);
#1077=ADVANCED_FACE('',(#977,#978),#1055,.F.);
#1078=ADVANCED_FACE('',(#979,#980),#1056,.F.);
#1079=ADVANCED_FACE('',(#981,#982,#983),#210,.F.);
#1080=ADVANCED_FACE('',(#984),#211,.T.);
#1081=ADVANCED_FACE('',(#985,#986,#987,#988),#212,.F.);
#1082=ADVANCED_FACE('',(#989),#1057,.T.);
#1083=ADVANCED_FACE('',(#990),#1058,.T.);
#1084=ADVANCED_FACE('',(#991),#38,.F.);
#1085=ADVANCED_FACE('',(#992),#39,.T.);
#1086=ADVANCED_FACE('',(#993),#1059,.T.);
#1087=ADVANCED_FACE('',(#994),#1060,.T.);
#1088=ADVANCED_FACE('',(#995),#40,.F.);
#1089=ADVANCED_FACE('',(#996),#41,.T.);
#1090=ADVANCED_FACE('',(#997),#1061,.T.);
#1091=ADVANCED_FACE('',(#998),#42,.T.);
#1092=ADVANCED_FACE('',(#999),#1062,.T.);
#1093=ADVANCED_FACE('',(#1000),#43,.F.);
#1094=ADVANCED_FACE('',(#1001),#44,.T.);
#1095=ADVANCED_FACE('',(#1002,#1003),#1063,.T.);
#1096=ADVANCED_FACE('',(#1004),#1064,.T.);
#1097=ADVANCED_FACE('',(#1005),#45,.F.);
#1098=ADVANCED_FACE('',(#1006),#1065,.T.);
#1099=ADVANCED_FACE('',(#1007,#1008),#213,.F.);
#1100=ADVANCED_FACE('',(#1009,#1010),#46,.T.);
#1101=ADVANCED_FACE('',(#1011),#214,.F.);
#1102=ADVANCED_FACE('',(#1012),#215,.T.);
#1103=ADVANCED_FACE('',(#1013),#216,.F.);
#1104=ADVANCED_FACE('',(#1014),#217,.F.);
#1105=ADVANCED_FACE('',(#1015),#47,.F.);
#1106=ADVANCED_FACE('',(#1016),#1066,.T.);
#1107=ADVANCED_FACE('',(#1017),#1067,.T.);
#1108=ADVANCED_FACE('',(#1018),#218,.F.);
#1109=ADVANCED_FACE('',(#1019),#219,.T.);
#1110=ADVANCED_FACE('',(#1020),#220,.F.);
#1111=ADVANCED_FACE('',(#1021),#221,.F.);
#1112=ADVANCED_FACE('',(#1022),#48,.F.);
#1113=ADVANCED_FACE('',(#1023),#1068,.T.);
#1114=ADVANCED_FACE('',(#1024),#1069,.T.);
#1115=ADVANCED_FACE('',(#1025),#222,.T.);
#1116=ADVANCED_FACE('',(#1026),#223,.F.);
#1117=ADVANCED_FACE('',(#1027),#224,.F.);
#1118=ADVANCED_FACE('',(#1028),#225,.F.);
#1119=ADVANCED_FACE('',(#1029),#49,.F.);
#1120=ADVANCED_FACE('',(#1030),#1070,.T.);
#1121=ADVANCED_FACE('',(#1031),#1071,.T.);
#1122=ADVANCED_FACE('',(#1032),#226,.T.);
#1123=ADVANCED_FACE('',(#1033),#227,.F.);
#1124=ADVANCED_FACE('',(#1034),#228,.F.);
#1125=ADVANCED_FACE('',(#1035),#229,.F.);
#1126=ADVANCED_FACE('',(#1036),#50,.F.);
#1127=ADVANCED_FACE('',(#1037),#1072,.T.);
#1128=ADVANCED_FACE('',(#1038),#1073,.T.);
#1129=ADVANCED_FACE('',(#1039),#230,.F.);
#1130=ADVANCED_FACE('',(#1040),#231,.T.);
#1131=ADVANCED_FACE('',(#1041),#232,.T.);
#1132=ADVANCED_FACE('',(#1042),#233,.F.);
#1133=ADVANCED_FACE('',(#1043),#234,.T.);
#1134=ADVANCED_FACE('',(#1044),#235,.T.);
#1135=ADVANCED_FACE('',(#1045,#1046),#236,.T.);
#1136=ADVANCED_FACE('',(#1047,#1048),#1074,.F.);
#1137=ADVANCED_FACE('',(#1049,#1050),#237,.T.);
#1138=ADVANCED_FACE('',(#1051,#1052),#1075,.F.);
#1139=ADVANCED_FACE('',(#1053),#1076,.T.);
#1140=ADVANCED_FACE('',(#1054),#51,.T.);
#1141=CLOSED_SHELL('',(#1077,#1078,#1079,#1080,#1081,#1082,#1083,#1084,
#1085,#1086,#1087,#1088,#1089,#1090,#1091,#1092,#1093,#1094,#1095,#1096,
#1097,#1098,#1099,#1100,#1101,#1102,#1103,#1104,#1105,#1106,#1107,#1108,
#1109,#1110,#1111,#1112,#1113,#1114,#1115,#1116,#1117,#1118,#1119,#1120,
#1121,#1122,#1123,#1124,#1125,#1126,#1127,#1128,#1129,#1130,#1131,#1132,
#1133,#1134,#1135,#1136,#1137,#1138,#1139,#1140));
#1142=STYLED_ITEM('',(#1143),#1150);
#1143=PRESENTATION_STYLE_ASSIGNMENT((#1144));
#1144=SURFACE_STYLE_USAGE(.BOTH.,#1145);
#1145=SURFACE_SIDE_STYLE('',(#1146));
#1146=SURFACE_STYLE_FILL_AREA(#1147);
#1147=FILL_AREA_STYLE('',(#1148));
#1148=FILL_AREA_STYLE_COLOUR('',#1149);
#1149=COLOUR_RGB('',0.231372549019608,0.380392156862745,0.705882352941177);
#1150=MANIFOLD_SOLID_BREP('Base',#1141);
#1151=SHAPE_DEFINITION_REPRESENTATION(#2051,#1152);
#1152=SHAPE_REPRESENTATION('Base',(#1153),#2046);
#1153=AXIS2_PLACEMENT_3D('',#1604,#1277,#1278);
#1154=AXIS2_PLACEMENT_3D('',#1605,#1279,#1280);
#1155=AXIS2_PLACEMENT_3D('',#1606,#1281,#1282);
#1156=AXIS2_PLACEMENT_3D('',#1608,#1283,#1284);
#1157=AXIS2_PLACEMENT_3D('',#1610,#1285,#1286);
#1158=AXIS2_PLACEMENT_3D('',#1611,#1287,#1288);
#1159=AXIS2_PLACEMENT_3D('',#1613,#1289,#1290);
#1160=AXIS2_PLACEMENT_3D('',#1615,#1291,#1292);
#1161=AXIS2_PLACEMENT_3D('',#1616,#1293,#1294);
#1162=AXIS2_PLACEMENT_3D('',#1618,#1295,#1296);
#1163=AXIS2_PLACEMENT_3D('',#1623,#1298,#1299);
#1164=AXIS2_PLACEMENT_3D('',#1636,#1306,#1307);
#1165=AXIS2_PLACEMENT_3D('',#1647,#1314,#1315);
#1166=AXIS2_PLACEMENT_3D('',#1655,#1319,#1320);
#1167=AXIS2_PLACEMENT_3D('',#1663,#1324,#1325);
#1168=AXIS2_PLACEMENT_3D('',#1671,#1329,#1330);
#1169=AXIS2_PLACEMENT_3D('',#1679,#1334,#1335);
#1170=AXIS2_PLACEMENT_3D('',#1685,#1339,#1340);
#1171=AXIS2_PLACEMENT_3D('',#1686,#1341,#1342);
#1172=AXIS2_PLACEMENT_3D('',#1691,#1344,#1345);
#1173=AXIS2_PLACEMENT_3D('',#1694,#1347,#1348);
#1174=AXIS2_PLACEMENT_3D('',#1698,#1350,#1351);
#1175=AXIS2_PLACEMENT_3D('',#1702,#1353,#1354);
#1176=AXIS2_PLACEMENT_3D('',#1703,#1355,#1356);
#1177=AXIS2_PLACEMENT_3D('',#1716,#1357,#1358);
#1178=AXIS2_PLACEMENT_3D('',#1717,#1359,#1360);
#1179=AXIS2_PLACEMENT_3D('',#1724,#1361,#1362);
#1180=AXIS2_PLACEMENT_3D('',#1731,#1363,#1364);
#1181=AXIS2_PLACEMENT_3D('',#1732,#1365,#1366);
#1182=AXIS2_PLACEMENT_3D('',#1737,#1368,#1369);
#1183=AXIS2_PLACEMENT_3D('',#1740,#1371,#1372);
#1184=AXIS2_PLACEMENT_3D('',#1743,#1374,#1375);
#1185=AXIS2_PLACEMENT_3D('',#1746,#1377,#1378);
#1186=AXIS2_PLACEMENT_3D('',#1757,#1379,#1380);
#1187=AXIS2_PLACEMENT_3D('',#1764,#1381,#1382);
#1188=AXIS2_PLACEMENT_3D('',#1771,#1383,#1384);
#1189=AXIS2_PLACEMENT_3D('',#1772,#1385,#1386);
#1190=AXIS2_PLACEMENT_3D('',#1777,#1388,#1389);
#1191=AXIS2_PLACEMENT_3D('',#1780,#1391,#1392);
#1192=AXIS2_PLACEMENT_3D('',#1787,#1393,#1394);
#1193=AXIS2_PLACEMENT_3D('',#1794,#1395,#1396);
#1194=AXIS2_PLACEMENT_3D('',#1797,#1398,#1399);
#1195=AXIS2_PLACEMENT_3D('',#1800,#1401,#1402);
#1196=AXIS2_PLACEMENT_3D('',#1811,#1403,#1404);
#1197=AXIS2_PLACEMENT_3D('',#1822,#1405,#1406);
#1198=AXIS2_PLACEMENT_3D('',#1826,#1408,#1409);
#1199=AXIS2_PLACEMENT_3D('',#1830,#1411,#1412);
#1200=AXIS2_PLACEMENT_3D('',#1831,#1413,#1414);
#1201=AXIS2_PLACEMENT_3D('',#1833,#1415,#1416);
#1202=AXIS2_PLACEMENT_3D('',#1836,#1418,#1419);
#1203=AXIS2_PLACEMENT_3D('',#1839,#1421,#1422);
#1204=AXIS2_PLACEMENT_3D('',#1850,#1423,#1424);
#1205=AXIS2_PLACEMENT_3D('',#1851,#1425,#1426);
#1206=AXIS2_PLACEMENT_3D('',#1856,#1429,#1430);
#1207=AXIS2_PLACEMENT_3D('',#1857,#1431,#1432);
#1208=AXIS2_PLACEMENT_3D('',#1858,#1433,#1434);
#1209=AXIS2_PLACEMENT_3D('',#1859,#1435,#1436);
#1210=AXIS2_PLACEMENT_3D('',#1860,#1437,#1438);
#1211=AXIS2_PLACEMENT_3D('',#1861,#1439,#1440);
#1212=AXIS2_PLACEMENT_3D('',#1863,#1441,#1442);
#1213=AXIS2_PLACEMENT_3D('',#1864,#1443,#1444);
#1214=AXIS2_PLACEMENT_3D('',#1873,#1449,#1450);
#1215=AXIS2_PLACEMENT_3D('',#1874,#1451,#1452);
#1216=AXIS2_PLACEMENT_3D('',#1883,#1454,#1455);
#1217=AXIS2_PLACEMENT_3D('',#1884,#1456,#1457);
#1218=AXIS2_PLACEMENT_3D('',#1888,#1459,#1460);
#1219=AXIS2_PLACEMENT_3D('',#1889,#1461,#1462);
#1220=AXIS2_PLACEMENT_3D('',#1895,#1463,#1464);
#1221=AXIS2_PLACEMENT_3D('',#1896,#1465,#1466);
#1222=AXIS2_PLACEMENT_3D('',#1898,#1468,#1469);
#1223=AXIS2_PLACEMENT_3D('',#1899,#1470,#1471);
#1224=AXIS2_PLACEMENT_3D('',#1900,#1472,#1473);
#1225=AXIS2_PLACEMENT_3D('',#1901,#1474,#1475);
#1226=AXIS2_PLACEMENT_3D('',#1910,#1480,#1481);
#1227=AXIS2_PLACEMENT_3D('',#1911,#1482,#1483);
#1228=AXIS2_PLACEMENT_3D('',#1920,#1485,#1486);
#1229=AXIS2_PLACEMENT_3D('',#1921,#1487,#1488);
#1230=AXIS2_PLACEMENT_3D('',#1925,#1490,#1491);
#1231=AXIS2_PLACEMENT_3D('',#1926,#1492,#1493);
#1232=AXIS2_PLACEMENT_3D('',#1932,#1494,#1495);
#1233=AXIS2_PLACEMENT_3D('',#1933,#1496,#1497);
#1234=AXIS2_PLACEMENT_3D('',#1935,#1499,#1500);
#1235=AXIS2_PLACEMENT_3D('',#1936,#1501,#1502);
#1236=AXIS2_PLACEMENT_3D('',#1937,#1503,#1504);
#1237=AXIS2_PLACEMENT_3D('',#1938,#1505,#1506);
#1238=AXIS2_PLACEMENT_3D('',#1942,#1508,#1509);
#1239=AXIS2_PLACEMENT_3D('',#1951,#1511,#1512);
#1240=AXIS2_PLACEMENT_3D('',#1952,#1513,#1514);
#1241=AXIS2_PLACEMENT_3D('',#1956,#1516,#1517);
#1242=AXIS2_PLACEMENT_3D('',#1960,#1519,#1520);
#1243=AXIS2_PLACEMENT_3D('',#1966,#1521,#1522);
#1244=AXIS2_PLACEMENT_3D('',#1969,#1525,#1526);
#1245=AXIS2_PLACEMENT_3D('',#1970,#1527,#1528);
#1246=AXIS2_PLACEMENT_3D('',#1972,#1530,#1531);
#1247=AXIS2_PLACEMENT_3D('',#1973,#1532,#1533);
#1248=AXIS2_PLACEMENT_3D('',#1974,#1534,#1535);
#1249=AXIS2_PLACEMENT_3D('',#1975,#1536,#1537);
#1250=AXIS2_PLACEMENT_3D('',#1979,#1539,#1540);
#1251=AXIS2_PLACEMENT_3D('',#1988,#1542,#1543);
#1252=AXIS2_PLACEMENT_3D('',#1989,#1544,#1545);
#1253=AXIS2_PLACEMENT_3D('',#1993,#1547,#1548);
#1254=AXIS2_PLACEMENT_3D('',#1997,#1550,#1551);
#1255=AXIS2_PLACEMENT_3D('',#2003,#1552,#1553);
#1256=AXIS2_PLACEMENT_3D('',#2006,#1556,#1557);
#1257=AXIS2_PLACEMENT_3D('',#2007,#1558,#1559);
#1258=AXIS2_PLACEMENT_3D('',#2009,#1561,#1562);
#1259=AXIS2_PLACEMENT_3D('',#2010,#1563,#1564);
#1260=AXIS2_PLACEMENT_3D('',#2011,#1565,#1566);
#1261=AXIS2_PLACEMENT_3D('',#2012,#1567,#1568);
#1262=AXIS2_PLACEMENT_3D('',#2014,#1570,#1571);
#1263=AXIS2_PLACEMENT_3D('',#2016,#1573,#1574);
#1264=AXIS2_PLACEMENT_3D('',#2017,#1575,#1576);
#1265=AXIS2_PLACEMENT_3D('',#2024,#1578,#1579);
#1266=AXIS2_PLACEMENT_3D('',#2025,#1580,#1581);
#1267=AXIS2_PLACEMENT_3D('',#2030,#1582,#1583);
#1268=AXIS2_PLACEMENT_3D('',#2033,#1585,#1586);
#1269=AXIS2_PLACEMENT_3D('',#2035,#1588,#1589);
#1270=AXIS2_PLACEMENT_3D('',#2036,#1590,#1591);
#1271=AXIS2_PLACEMENT_3D('',#2038,#1592,#1593);
#1272=AXIS2_PLACEMENT_3D('',#2039,#1594,#1595);
#1273=AXIS2_PLACEMENT_3D('',#2040,#1596,#1597);
#1274=AXIS2_PLACEMENT_3D('',#2042,#1598,#1599);
#1275=AXIS2_PLACEMENT_3D('',#2043,#1600,#1601);
#1276=AXIS2_PLACEMENT_3D('',#2044,#1602,#1603);
#1277=DIRECTION('',(0.,0.,1.));
#1278=DIRECTION('',(1.,0.,0.));
#1279=DIRECTION('',(-6.7762635780344E-18,1.,0.));
#1280=DIRECTION('',(-1.,-6.7762635780344E-18,0.));
#1281=DIRECTION('',(-6.7762635780344E-18,1.,0.));
#1282=DIRECTION('',(-1.,-6.7762635780344E-18,0.));
#1283=DIRECTION('',(6.7762635780344E-18,-1.,0.));
#1284=DIRECTION('',(1.,6.7762635780344E-18,0.));
#1285=DIRECTION('',(-6.7762635780344E-18,1.,0.));
#1286=DIRECTION('',(-1.,-6.7762635780344E-18,0.));
#1287=DIRECTION('',(-6.7762635780344E-18,1.,0.));
#1288=DIRECTION('',(-1.,-6.7762635780344E-18,0.));
#1289=DIRECTION('',(6.7762635780344E-18,-1.,0.));
#1290=DIRECTION('',(1.,6.7762635780344E-18,0.));
#1291=DIRECTION('',(-6.7762635780344E-18,1.,0.));
#1292=DIRECTION('',(-1.,-6.7762635780344E-18,0.));
#1293=DIRECTION('',(6.7762635780344E-18,-1.,0.));
#1294=DIRECTION('',(1.,6.7762635780344E-18,0.));
#1295=DIRECTION('',(6.7762635780344E-18,-1.,0.));
#1296=DIRECTION('',(1.,6.7762635780344E-18,0.));
#1297=DIRECTION('',(0.,0.,-1.));
#1298=DIRECTION('',(-6.7762635780344E-18,1.,0.));
#1299=DIRECTION('',(-1.,-6.7762635780344E-18,0.));
#1300=DIRECTION('',(0.,0.,-1.));
#1301=DIRECTION('',(-1.,-6.7762635780344E-18,0.));
#1302=DIRECTION('',(0.,0.,1.));
#1303=DIRECTION('',(1.,6.7762635780344E-18,0.));
#1304=DIRECTION('',(0.,0.,1.));
#1305=DIRECTION('',(-1.,-6.7762635780344E-18,0.));
#1306=DIRECTION('',(0.,0.,1.));
#1307=DIRECTION('',(1.,0.,0.));
#1308=DIRECTION('',(6.7762635780344E-18,-1.,0.));
#1309=DIRECTION('',(-1.,-6.7762635780344E-18,0.));
#1310=DIRECTION('',(6.7762635780344E-18,-1.,0.));
#1311=DIRECTION('',(-6.7762635780344E-18,1.,0.));
#1312=DIRECTION('',(1.,6.7762635780344E-18,0.));
#1313=DIRECTION('',(-6.7762635780344E-18,1.,0.));
#1314=DIRECTION('',(6.7762635780344E-18,-1.,0.));
#1315=DIRECTION('',(1.,6.7762635780344E-18,0.));
#1316=DIRECTION('',(-1.,-6.7762635780344E-18,3.91367302073692E-17));
#1317=DIRECTION('',(1.83697019872103E-16,1.24477942515279E-33,1.));
#1318=DIRECTION('',(-1.,-6.7762635780344E-18,3.91367302073692E-17));
#1319=DIRECTION('',(-6.7762635780344E-18,1.,0.));
#1320=DIRECTION('',(-1.,-6.7762635780344E-18,0.));
#1321=DIRECTION('',(-2.20956097499984E-17,-1.49725675583376E-34,1.));
#1322=DIRECTION('',(1.,6.7762635780344E-18,-1.22464679914735E-16));
#1323=DIRECTION('',(-2.20956097499984E-17,-1.49725675583376E-34,1.));
#1324=DIRECTION('',(-6.7762635780344E-18,1.,0.));
#1325=DIRECTION('',(-1.,-6.7762635780344E-18,0.));
#1326=DIRECTION('',(1.,6.7762635780344E-18,8.33279497073661E-17));
#1327=DIRECTION('',(-6.12323399573677E-17,-4.14926475050931E-34,-1.));
#1328=DIRECTION('',(1.,6.7762635780344E-18,8.33279497073661E-17));
#1329=DIRECTION('',(-6.7762635780344E-18,1.,0.));
#1330=DIRECTION('',(-1.,-6.7762635780344E-18,0.));
#1331=DIRECTION('',(1.44560289664734E-16,9.79578625685239E-34,-1.));
#1332=DIRECTION('',(-1.,-6.7762635780344E-18,0.));
#1333=DIRECTION('',(1.44560289664734E-16,9.79578625685239E-34,-1.));
#1334=DIRECTION('',(-6.7762635780344E-18,1.,0.));
#1335=DIRECTION('',(-1.,-6.7762635780344E-18,0.));
#1336=DIRECTION('',(0.,0.,-1.));
#1337=DIRECTION('',(-1.,-6.7762635780344E-18,0.));
#1338=DIRECTION('',(0.,0.,-1.));
#1339=DIRECTION('',(-6.7762635780344E-18,1.,0.));
#1340=DIRECTION('',(-1.,-6.7762635780344E-18,0.));
#1341=DIRECTION('',(-6.7762635780344E-18,1.,0.));
#1342=DIRECTION('',(-1.,-6.7762635780344E-18,0.));
#1343=DIRECTION('',(-6.7762635780344E-18,1.,0.));
#1344=DIRECTION('',(-6.7762635780344E-18,1.,0.));
#1345=DIRECTION('',(-1.,-6.7762635780344E-18,0.));
#1346=DIRECTION('',(-6.7762635780344E-18,1.,0.));
#1347=DIRECTION('',(-6.7762635780344E-18,1.,0.));
#1348=DIRECTION('',(-1.,-6.7762635780344E-18,0.));
#1349=DIRECTION('',(-6.7762635780344E-18,1.,0.));
#1350=DIRECTION('',(-6.7762635780344E-18,1.,0.));
#1351=DIRECTION('',(-1.,-6.7762635780344E-18,0.));
#1352=DIRECTION('',(-6.7762635780344E-18,1.,0.));
#1353=DIRECTION('',(-6.7762635780344E-18,1.,0.));
#1354=DIRECTION('',(-1.,-6.7762635780344E-18,0.));
#1355=DIRECTION('',(-6.7762635780344E-18,1.,0.));
#1356=DIRECTION('',(-1.,-6.7762635780344E-18,0.));
#1357=DIRECTION('',(-6.7762635780344E-18,1.,0.));
#1358=DIRECTION('',(-1.,-6.7762635780344E-18,0.));
#1359=DIRECTION('',(-6.7762635780344E-18,1.,0.));
#1360=DIRECTION('',(-1.,-6.7762635780344E-18,0.));
#1361=DIRECTION('',(-6.7762635780344E-18,1.,0.));
#1362=DIRECTION('',(-1.,-6.7762635780344E-18,0.));
#1363=DIRECTION('',(-6.7762635780344E-18,1.,0.));
#1364=DIRECTION('',(-1.,-6.7762635780344E-18,0.));
#1365=DIRECTION('',(-6.7762635780344E-18,1.,0.));
#1366=DIRECTION('',(-1.,-6.7762635780344E-18,0.));
#1367=DIRECTION('',(-6.7762635780344E-18,1.,0.));
#1368=DIRECTION('',(-6.7762635780344E-18,1.,0.));
#1369=DIRECTION('',(-1.,-6.7762635780344E-18,0.));
#1370=DIRECTION('',(-6.7762635780344E-18,1.,0.));
#1371=DIRECTION('',(-6.7762635780344E-18,1.,0.));
#1372=DIRECTION('',(-1.,-6.7762635780344E-18,0.));
#1373=DIRECTION('',(-6.7762635780344E-18,1.,0.));
#1374=DIRECTION('',(-6.7762635780344E-18,1.,0.));
#1375=DIRECTION('',(-1.,-6.7762635780344E-18,0.));
#1376=DIRECTION('',(-6.7762635780344E-18,1.,0.));
#1377=DIRECTION('',(-6.7762635780344E-18,1.,0.));
#1378=DIRECTION('',(-1.,-6.7762635780344E-18,0.));
#1379=DIRECTION('',(-6.7762635780344E-18,1.,0.));
#1380=DIRECTION('',(-1.,-6.7762635780344E-18,0.));
#1381=DIRECTION('',(-6.7762635780344E-18,1.,0.));
#1382=DIRECTION('',(-1.,-6.7762635780344E-18,0.));
#1383=DIRECTION('',(-6.7762635780344E-18,1.,0.));
#1384=DIRECTION('',(-1.,-6.7762635780344E-18,0.));
#1385=DIRECTION('',(-6.7762635780344E-18,1.,0.));
#1386=DIRECTION('',(-1.,-6.7762635780344E-18,0.));
#1387=DIRECTION('',(-6.7762635780344E-18,1.,0.));
#1388=DIRECTION('',(-6.7762635780344E-18,1.,0.));
#1389=DIRECTION('',(-1.,-6.7762635780344E-18,0.));
#1390=DIRECTION('',(-6.7762635780344E-18,1.,0.));
#1391=DIRECTION('',(-6.7762635780344E-18,1.,0.));
#1392=DIRECTION('',(-1.,-6.7762635780344E-18,0.));
#1393=DIRECTION('',(-6.7762635780344E-18,1.,0.));
#1394=DIRECTION('',(-1.,-6.7762635780344E-18,0.));
#1395=DIRECTION('',(-6.7762635780344E-18,1.,0.));
#1396=DIRECTION('',(-1.,-6.7762635780344E-18,0.));
#1397=DIRECTION('',(-6.7762635780344E-18,1.,0.));
#1398=DIRECTION('',(-6.7762635780344E-18,1.,0.));
#1399=DIRECTION('',(-1.,-6.7762635780344E-18,0.));
#1400=DIRECTION('',(-6.7762635780344E-18,1.,0.));
#1401=DIRECTION('',(-6.7762635780344E-18,1.,0.));
#1402=DIRECTION('',(-1.,-6.7762635780344E-18,0.));
#1403=DIRECTION('',(-6.7762635780344E-18,1.,0.));
#1404=DIRECTION('',(-1.,-6.7762635780344E-18,0.));
#1405=DIRECTION('',(-6.7762635780344E-18,1.,0.));
#1406=DIRECTION('',(-1.,-6.7762635780344E-18,0.));
#1407=DIRECTION('',(6.7762635780344E-18,-1.,0.));
#1408=DIRECTION('',(-6.7762635780344E-18,1.,0.));
#1409=DIRECTION('',(-1.,-6.7762635780344E-18,0.));
#1410=DIRECTION('',(6.7762635780344E-18,-1.,0.));
#1411=DIRECTION('',(-6.7762635780344E-18,1.,0.));
#1412=DIRECTION('',(-1.,-6.7762635780344E-18,0.));
#1413=DIRECTION('',(-6.7762635780344E-18,1.,0.));
#1414=DIRECTION('',(-1.,-6.7762635780344E-18,0.));
#1415=DIRECTION('',(-6.7762635780344E-18,1.,0.));
#1416=DIRECTION('',(-1.,-6.7762635780344E-18,0.));
#1417=DIRECTION('',(-6.7762635780344E-18,1.,0.));
#1418=DIRECTION('',(-6.7762635780344E-18,1.,0.));
#1419=DIRECTION('',(-1.,-6.7762635780344E-18,0.));
#1420=DIRECTION('',(-6.7762635780344E-18,1.,0.));
#1421=DIRECTION('',(-6.7762635780344E-18,1.,0.));
#1422=DIRECTION('',(-1.,-6.7762635780344E-18,0.));
#1423=DIRECTION('',(-6.7762635780344E-18,1.,0.));
#1424=DIRECTION('',(-1.,-6.7762635780344E-18,0.));
#1425=DIRECTION('',(-6.7762635780344E-18,1.,0.));
#1426=DIRECTION('',(-1.,-6.7762635780344E-18,0.));
#1427=DIRECTION('',(-6.7762635780344E-18,1.,0.));
#1428=DIRECTION('',(-6.7762635780344E-18,1.,0.));
#1429=DIRECTION('',(6.7762635780344E-18,-1.,0.));
#1430=DIRECTION('',(1.,6.7762635780344E-18,0.));
#1431=DIRECTION('',(-6.7762635780344E-18,1.,0.));
#1432=DIRECTION('',(-1.,-6.7762635780344E-18,0.));
#1433=DIRECTION('',(-6.7762635780344E-18,1.,0.));
#1434=DIRECTION('',(-1.,-6.7762635780344E-18,0.));
#1435=DIRECTION('',(-6.7762635780344E-18,1.,0.));
#1436=DIRECTION('',(-1.,-6.7762635780344E-18,0.));
#1437=DIRECTION('',(-6.7762635780344E-18,1.,0.));
#1438=DIRECTION('',(-1.,-6.7762635780344E-18,0.));
#1439=DIRECTION('',(-6.7762635780344E-18,1.,0.));
#1440=DIRECTION('',(-1.,-6.7762635780344E-18,0.));
#1441=DIRECTION('',(-6.7762635780344E-18,1.,0.));
#1442=DIRECTION('',(-1.,-6.7762635780344E-18,0.));
#1443=DIRECTION('',(0.,0.,-1.));
#1444=DIRECTION('',(-1.,0.,0.));
#1445=DIRECTION('',(-6.7762635780344E-18,1.,0.));
#1446=DIRECTION('',(-1.,-6.7762635780344E-18,0.));
#1447=DIRECTION('',(-6.7762635780344E-18,1.,0.));
#1448=DIRECTION('',(-1.,-6.7762635780344E-18,0.));
#1449=DIRECTION('',(1.,6.7762635780344E-18,1.44560289664734E-16));
#1450=DIRECTION('',(1.44560289664734E-16,0.,-1.));
#1451=DIRECTION('',(1.,6.7762635780344E-18,1.44560289664734E-16));
#1452=DIRECTION('',(1.44560289664734E-16,0.,-1.));
#1453=DIRECTION('',(1.44560289664734E-16,9.79578625685239E-34,-1.));
#1454=DIRECTION('',(1.,6.7762635780344E-18,1.44560289664734E-16));
#1455=DIRECTION('',(1.44560289664734E-16,0.,-1.));
#1456=DIRECTION('',(1.,6.7762635780344E-18,1.44560289664734E-16));
#1457=DIRECTION('',(1.44560289664734E-16,0.,-1.));
#1458=DIRECTION('',(1.44560289664734E-16,9.79578625685239E-34,-1.));
#1459=DIRECTION('',(1.,6.7762635780344E-18,1.44560289664734E-16));
#1460=DIRECTION('',(1.44560289664734E-16,0.,-1.));
#1461=DIRECTION('',(1.,6.7762635780344E-18,1.44560289664734E-16));
#1462=DIRECTION('',(1.44560289664734E-16,0.,-1.));
#1463=DIRECTION('',(-6.7762635780344E-18,1.,0.));
#1464=DIRECTION('',(-1.,-6.7762635780344E-18,0.));
#1465=DIRECTION('',(-6.7762635780344E-18,1.,0.));
#1466=DIRECTION('',(-1.,-6.7762635780344E-18,0.));
#1467=DIRECTION('',(-1.,-6.7762635780344E-18,0.));
#1468=DIRECTION('',(-6.7762635780344E-18,1.,0.));
#1469=DIRECTION('',(-1.,-6.7762635780344E-18,0.));
#1470=DIRECTION('',(-1.,-6.7762635780344E-18,0.));
#1471=DIRECTION('',(6.7762635780344E-18,-1.,0.));
#1472=DIRECTION('',(-1.,-6.7762635780344E-18,0.));
#1473=DIRECTION('',(6.7762635780344E-18,-1.,0.));
#1474=DIRECTION('',(1.,6.7762635780344E-18,-6.12323399573677E-17));
#1475=DIRECTION('',(-6.12323399573677E-17,0.,-1.));
#1476=DIRECTION('',(-6.7762635780344E-18,1.,0.));
#1477=DIRECTION('',(-6.12323399573677E-17,-4.14926475050931E-34,-1.));
#1478=DIRECTION('',(-6.7762635780344E-18,1.,0.));
#1479=DIRECTION('',(-6.12323399573677E-17,-4.14926475050931E-34,-1.));
#1480=DIRECTION('',(-8.33279497073662E-17,-5.64652150634308E-34,1.));
#1481=DIRECTION('',(1.,0.,8.33279497073662E-17));
#1482=DIRECTION('',(-8.33279497073662E-17,-5.64652150634308E-34,1.));
#1483=DIRECTION('',(1.,0.,8.33279497073662E-17));
#1484=DIRECTION('',(1.,6.7762635780344E-18,8.33279497073661E-17));
#1485=DIRECTION('',(-8.33279497073662E-17,-5.64652150634308E-34,1.));
#1486=DIRECTION('',(1.,0.,8.33279497073662E-17));
#1487=DIRECTION('',(-8.33279497073662E-17,-5.64652150634308E-34,1.));
#1488=DIRECTION('',(1.,0.,8.33279497073662E-17));
#1489=DIRECTION('',(1.,6.7762635780344E-18,8.33279497073661E-17));
#1490=DIRECTION('',(-8.33279497073662E-17,-5.64652150634308E-34,1.));
#1491=DIRECTION('',(1.,0.,8.33279497073662E-17));
#1492=DIRECTION('',(-8.33279497073662E-17,-5.64652150634308E-34,1.));
#1493=DIRECTION('',(1.,0.,8.33279497073662E-17));
#1494=DIRECTION('',(-6.7762635780344E-18,1.,0.));
#1495=DIRECTION('',(-6.12323399573677E-17,-7.70371977754894E-34,-1.));
#1496=DIRECTION('',(-6.7762635780344E-18,1.,0.));
#1497=DIRECTION('',(-1.,-6.7762635780344E-18,0.));
#1498=DIRECTION('',(-6.12323399573677E-17,-4.14926475050931E-34,-1.));
#1499=DIRECTION('',(-6.7762635780344E-18,1.,0.));
#1500=DIRECTION('',(-1.,-6.7762635780344E-18,0.));
#1501=DIRECTION('',(-6.12323399573677E-17,-4.14926475050931E-34,-1.));
#1502=DIRECTION('',(-1.,0.,6.12323399573677E-17));
#1503=DIRECTION('',(-6.12323399573677E-17,-4.14926475050931E-34,-1.));
#1504=DIRECTION('',(-1.,0.,6.12323399573677E-17));
#1505=DIRECTION('',(-1.,-6.7762635780344E-18,-2.20956097499984E-17));
#1506=DIRECTION('',(-2.20956097499984E-17,0.,1.));
#1507=DIRECTION('',(-6.7762635780344E-18,1.,0.));
#1508=DIRECTION('',(-1.,-6.7762635780344E-18,-2.20956097499984E-17));
#1509=DIRECTION('',(-2.20956097499984E-17,0.,1.));
#1510=DIRECTION('',(-2.20956097499984E-17,-1.49725675583376E-34,1.));
#1511=DIRECTION('',(-1.,-6.7762635780344E-18,-2.20956097499984E-17));
#1512=DIRECTION('',(-2.20956097499984E-17,0.,1.));
#1513=DIRECTION('',(-1.,-6.7762635780344E-18,-2.20956097499984E-17));
#1514=DIRECTION('',(-2.20956097499984E-17,0.,1.));
#1515=DIRECTION('',(-2.20956097499984E-17,-1.49725675583376E-34,1.));
#1516=DIRECTION('',(-1.,-6.7762635780344E-18,-2.20956097499984E-17));
#1517=DIRECTION('',(-2.20956097499984E-17,0.,1.));
#1518=DIRECTION('',(-6.7762635780344E-18,1.,0.));
#1519=DIRECTION('',(-1.,-6.7762635780344E-18,-2.20956097499984E-17));
#1520=DIRECTION('',(-2.20956097499984E-17,0.,1.));
#1521=DIRECTION('',(1.22464679914735E-16,8.29852950101862E-34,1.));
#1522=DIRECTION('',(1.,0.,-1.22464679914735E-16));
#1523=DIRECTION('',(1.,6.7762635780344E-18,-1.22464679914735E-16));
#1524=DIRECTION('',(1.,6.7762635780344E-18,-1.22464679914735E-16));
#1525=DIRECTION('',(-6.7762635780344E-18,1.,0.));
#1526=DIRECTION('',(1.,6.7762635780344E-18,-1.22464679914735E-16));
#1527=DIRECTION('',(-6.7762635780344E-18,1.,0.));
#1528=DIRECTION('',(-1.,-6.7762635780344E-18,0.));
#1529=DIRECTION('',(1.,6.7762635780344E-18,-1.22464679914735E-16));
#1530=DIRECTION('',(-6.7762635780344E-18,1.,0.));
#1531=DIRECTION('',(-1.,-6.7762635780344E-18,0.));
#1532=DIRECTION('',(1.,6.7762635780344E-18,-1.22464679914735E-16));
#1533=DIRECTION('',(-1.22464679914735E-16,0.,-1.));
#1534=DIRECTION('',(1.,6.7762635780344E-18,-1.22464679914735E-16));
#1535=DIRECTION('',(-1.22464679914735E-16,0.,-1.));
#1536=DIRECTION('',(-3.91367302073692E-17,-2.65200799467555E-34,-1.));
#1537=DIRECTION('',(-1.,0.,3.91367302073692E-17));
#1538=DIRECTION('',(-6.7762635780344E-18,1.,0.));
#1539=DIRECTION('',(-3.91367302073692E-17,-2.65200799467555E-34,-1.));
#1540=DIRECTION('',(-1.,0.,3.91367302073692E-17));
#1541=DIRECTION('',(-1.,-6.7762635780344E-18,3.91367302073692E-17));
#1542=DIRECTION('',(-3.91367302073692E-17,-2.65200799467555E-34,-1.));
#1543=DIRECTION('',(-1.,0.,3.91367302073692E-17));
#1544=DIRECTION('',(-3.91367302073692E-17,-2.65200799467555E-34,-1.));
#1545=DIRECTION('',(-1.,0.,3.91367302073692E-17));
#1546=DIRECTION('',(-1.,-6.7762635780344E-18,3.91367302073692E-17));
#1547=DIRECTION('',(-3.91367302073692E-17,-2.65200799467555E-34,-1.));
#1548=DIRECTION('',(-1.,0.,3.91367302073692E-17));
#1549=DIRECTION('',(-6.7762635780344E-18,1.,0.));
#1550=DIRECTION('',(-3.91367302073692E-17,-2.65200799467555E-34,-1.));
#1551=DIRECTION('',(-1.,0.,3.91367302073692E-17));
#1552=DIRECTION('',(-1.,-6.7762635780344E-18,1.83697019872103E-16));
#1553=DIRECTION('',(1.83697019872103E-16,0.,1.));
#1554=DIRECTION('',(1.83697019872103E-16,1.24477942515279E-33,1.));
#1555=DIRECTION('',(1.83697019872103E-16,1.24477942515279E-33,1.));
#1556=DIRECTION('',(-6.7762635780344E-18,1.,0.));
#1557=DIRECTION('',(1.83697019872103E-16,1.54074395550979E-33,1.));
#1558=DIRECTION('',(-6.7762635780344E-18,1.,0.));
#1559=DIRECTION('',(-1.,-6.7762635780344E-18,0.));
#1560=DIRECTION('',(1.83697019872103E-16,1.24477942515279E-33,1.));
#1561=DIRECTION('',(-6.7762635780344E-18,1.,0.));
#1562=DIRECTION('',(-1.,-6.7762635780344E-18,0.));
#1563=DIRECTION('',(1.83697019872103E-16,1.24477942515279E-33,1.));
#1564=DIRECTION('',(1.,0.,-1.83697019872103E-16));
#1565=DIRECTION('',(1.83697019872103E-16,1.24477942515279E-33,1.));
#1566=DIRECTION('',(1.,0.,-1.83697019872103E-16));
#1567=DIRECTION('',(1.,6.7762635780344E-18,0.));
#1568=DIRECTION('',(-6.7762635780344E-18,1.,0.));
#1569=DIRECTION('',(-6.7762635780344E-18,1.,0.));
#1570=DIRECTION('',(1.,6.7762635780344E-18,0.));
#1571=DIRECTION('',(-6.7762635780344E-18,1.,0.));
#1572=DIRECTION('',(-6.7762635780344E-18,1.,0.));
#1573=DIRECTION('',(0.,0.,-1.));
#1574=DIRECTION('',(-1.,0.,0.));
#1575=DIRECTION('',(-1.,-6.7762635780344E-18,0.));
#1576=DIRECTION('',(6.7762635780344E-18,-1.,0.));
#1577=DIRECTION('',(0.,0.,-1.));
#1578=DIRECTION('',(-1.,-6.7762635780344E-18,0.));
#1579=DIRECTION('',(6.7762635780344E-18,-1.,0.));
#1580=DIRECTION('',(-1.,-6.7762635780344E-18,0.));
#1581=DIRECTION('',(6.7762635780344E-18,-1.,0.));
#1582=DIRECTION('',(-1.,-6.7762635780344E-18,0.));
#1583=DIRECTION('',(6.7762635780344E-18,-1.,0.));
#1584=DIRECTION('',(0.,0.,-1.));
#1585=DIRECTION('',(6.7762635780344E-18,-1.,0.));
#1586=DIRECTION('',(1.,6.7762635780344E-18,0.));
#1587=DIRECTION('',(-1.,-6.7762635780344E-18,0.));
#1588=DIRECTION('',(6.7762635780344E-18,-1.,0.));
#1589=DIRECTION('',(1.,6.7762635780344E-18,0.));
#1590=DIRECTION('',(6.7762635780344E-18,-1.,0.));
#1591=DIRECTION('',(1.,6.7762635780344E-18,0.));
#1592=DIRECTION('',(6.7762635780344E-18,-1.,0.));
#1593=DIRECTION('',(1.,6.7762635780344E-18,0.));
#1594=DIRECTION('',(6.7762635780344E-18,-1.,0.));
#1595=DIRECTION('',(1.,6.7762635780344E-18,0.));
#1596=DIRECTION('',(6.7762635780344E-18,-1.,0.));
#1597=DIRECTION('',(1.,6.7762635780344E-18,0.));
#1598=DIRECTION('',(6.7762635780344E-18,-1.,0.));
#1599=DIRECTION('',(1.,6.7762635780344E-18,0.));
#1600=DIRECTION('',(-1.,-6.7762635780344E-18,0.));
#1601=DIRECTION('',(6.7762635780344E-18,-1.,0.));
#1602=DIRECTION('',(-6.7762635780344E-18,1.,0.));
#1603=DIRECTION('',(-1.,-6.7762635780344E-18,0.));
#1604=CARTESIAN_POINT('',(0.,0.,0.));
#1605=CARTESIAN_POINT('',(0.018,-0.0830343879818266,-0.00125));
#1606=CARTESIAN_POINT('',(0.018,-0.0730323879818265,-0.00125));
#1607=CARTESIAN_POINT('',(0.0165,-0.0730323879818265,-0.00125));
#1608=CARTESIAN_POINT('',(0.018,-0.0800323879818266,-0.00125));
#1609=CARTESIAN_POINT('',(0.0195,-0.0800323879818266,-0.00125));
#1610=CARTESIAN_POINT('',(-0.018,-0.0830343879818266,-0.00125));
#1611=CARTESIAN_POINT('',(-0.018,-0.0730323879818265,-0.00125));
#1612=CARTESIAN_POINT('',(-0.0195,-0.0730323879818265,-0.00125));
#1613=CARTESIAN_POINT('',(-0.018,-0.0800323879818266,-0.00125));
#1614=CARTESIAN_POINT('',(-0.0165,-0.0800323879818266,-0.00125));
#1615=CARTESIAN_POINT('',(-0.0215,-0.0830323879818266,0.));
#1616=CARTESIAN_POINT('',(-0.018,-0.0830323879818266,-0.00125));
#1617=CARTESIAN_POINT('',(-0.015,-0.0830323879818266,-0.00125));
#1618=CARTESIAN_POINT('',(0.018,-0.0830323879818266,-0.00125));
#1619=CARTESIAN_POINT('',(0.021,-0.0830323879818266,-0.00125));
#1620=CARTESIAN_POINT('',(0.00271792057901621,-0.0830323879818266,-0.0254570088067172));
#1621=CARTESIAN_POINT('',(0.00271792057901621,-0.0830323879818266,-0.008));
#1622=CARTESIAN_POINT('',(0.00271792057901621,-0.0830323879818266,-0.0424130039931878));
#1623=CARTESIAN_POINT('',(5.14868009883031E-18,-0.0830323879818266,0.));
#1624=CARTESIAN_POINT('',(-0.00397234549745917,-0.0830323879818266,-0.0423139512601792));
#1625=CARTESIAN_POINT('',(-0.00397234549745917,-0.0830323879818266,-0.0254080619816976));
#1626=CARTESIAN_POINT('',(-0.00397234549745917,-0.0830323879818266,-0.008));
#1627=CARTESIAN_POINT('',(-7.99599102208059E-19,-0.0830323879818266,-0.008));
#1628=CARTESIAN_POINT('',(-0.0076804784562811,-0.0830323879818266,-0.008));
#1629=CARTESIAN_POINT('',(-0.0076804784562811,-0.0830323879818266,-0.0025));
#1630=CARTESIAN_POINT('',(-0.0076804784562811,-0.0830323879818266,0.));
#1631=CARTESIAN_POINT('',(-7.73849300611529E-18,-0.0830323879818266,0.));
#1632=CARTESIAN_POINT('',(0.00768047845628109,-0.0830323879818266,0.));
#1633=CARTESIAN_POINT('',(0.00768047845628109,-0.0830323879818266,-0.0025));
#1634=CARTESIAN_POINT('',(0.0076804784562811,-0.0830323879818266,-0.008));
#1635=CARTESIAN_POINT('',(-7.99599102208059E-19,-0.0830323879818266,-0.008));
#1636=CARTESIAN_POINT('',(-7.99585549680903E-19,-0.0830343879818266,-0.008));
#1637=CARTESIAN_POINT('',(-0.00397234549745917,-0.0800323879818266,-0.008));
#1638=CARTESIAN_POINT('',(-0.00397234549745917,-0.0740323879818265,-0.008));
#1639=CARTESIAN_POINT('',(-8.60585474410369E-19,-0.0740323879818265,-0.008));
#1640=CARTESIAN_POINT('',(0.00271792057901621,-0.0740323879818265,-0.008));
#1641=CARTESIAN_POINT('',(0.00271792057901621,-0.0800323879818266,-0.008));
#1642=CARTESIAN_POINT('',(0.0076804784562811,-0.0830343879818266,-0.008));
#1643=CARTESIAN_POINT('',(0.0076804784562811,-0.0730323879818265,-0.008));
#1644=CARTESIAN_POINT('',(-8.67361737988404E-19,-0.0730323879818265,-0.008));
#1645=CARTESIAN_POINT('',(-0.0076804784562811,-0.0730323879818265,-0.008));
#1646=CARTESIAN_POINT('',(-0.0076804784562811,-0.0830343879818266,-0.008));
#1647=CARTESIAN_POINT('',(-0.0175,-0.0730323879818265,0.));
#1648=CARTESIAN_POINT('',(0.035,-0.0730323879818265,0.0015));
#1649=CARTESIAN_POINT('',(0.03625,-0.0730323879818265,0.0015));
#1650=CARTESIAN_POINT('',(0.0349678423698117,-0.0730323879818265,0.0015));
#1651=CARTESIAN_POINT('',(0.03625,-0.0730323879818265,-9.87371481812554E-18));
#1652=CARTESIAN_POINT('',(0.03625,-0.0730323879818265,-0.0015));
#1653=CARTESIAN_POINT('',(0.035,-0.0730323879818265,-0.0015));
#1654=CARTESIAN_POINT('',(0.0349678423698117,-0.0730323879818265,-0.0015));
#1655=CARTESIAN_POINT('',(5.08091746304996E-18,-0.0730323879818265,0.));
#1656=CARTESIAN_POINT('',(0.0015,-0.0730323879818265,-0.0349678423698117));
#1657=CARTESIAN_POINT('',(0.0015,-0.0730323879818265,-0.035));
#1658=CARTESIAN_POINT('',(0.0015,-0.0730323879818265,-0.03625));
#1659=CARTESIAN_POINT('',(-0.0175,-0.0730323879818265,-0.03625));
#1660=CARTESIAN_POINT('',(-0.0015,-0.0730323879818265,-0.03625));
#1661=CARTESIAN_POINT('',(-0.0015,-0.0730323879818265,-0.035));
#1662=CARTESIAN_POINT('',(-0.0015,-0.0730323879818265,-0.0349678423698117));
#1663=CARTESIAN_POINT('',(5.08091746304996E-18,-0.0730323879818265,0.));
#1664=CARTESIAN_POINT('',(-0.0349678423698117,-0.0730323879818265,-0.0015));
#1665=CARTESIAN_POINT('',(-0.035,-0.0730323879818265,-0.0015));
#1666=CARTESIAN_POINT('',(-0.03625,-0.0730323879818265,-0.0015));
#1667=CARTESIAN_POINT('',(-0.03625,-0.0730323879818265,1.14810637420064E-18));
#1668=CARTESIAN_POINT('',(-0.03625,-0.0730323879818265,0.0015));
#1669=CARTESIAN_POINT('',(-0.035,-0.0730323879818265,0.0015));
#1670=CARTESIAN_POINT('',(-0.0349678423698117,-0.0730323879818265,0.0015));
#1671=CARTESIAN_POINT('',(5.08091746304996E-18,-0.0730323879818265,0.));
#1672=CARTESIAN_POINT('',(-0.0015,-0.0730323879818265,0.0349678423698117));
#1673=CARTESIAN_POINT('',(-0.0015,-0.0730323879818265,0.035));
#1674=CARTESIAN_POINT('',(-0.0015,-0.0730323879818265,0.03625));
#1675=CARTESIAN_POINT('',(-0.0175,-0.0730323879818265,0.03625));
#1676=CARTESIAN_POINT('',(0.0015,-0.0730323879818265,0.03625));
#1677=CARTESIAN_POINT('',(0.0015,-0.0730323879818265,0.035));
#1678=CARTESIAN_POINT('',(0.0015,-0.0730323879818265,0.0349678423698117));
#1679=CARTESIAN_POINT('',(5.08091746304996E-18,-0.0730323879818265,0.));
#1680=CARTESIAN_POINT('',(0.00768047845628109,-0.0730323879818265,-0.0025));
#1681=CARTESIAN_POINT('',(0.00768047845628109,-0.0730323879818265,0.));
#1682=CARTESIAN_POINT('',(-7.80625564189563E-18,-0.0730323879818265,0.));
#1683=CARTESIAN_POINT('',(-0.0076804784562811,-0.0730323879818265,0.));
#1684=CARTESIAN_POINT('',(-0.0076804784562811,-0.0730323879818265,-0.0025));
#1685=CARTESIAN_POINT('',(4.92634362123101E-18,-0.0502213151776324,0.));
#1686=CARTESIAN_POINT('',(5.1080225173621E-18,-0.0770323879818265,0.));
#1687=CARTESIAN_POINT('',(0.0349678423698117,-0.0770323879818265,-0.0015));
#1688=CARTESIAN_POINT('',(0.0015,-0.0770323879818265,-0.0349678423698117));
#1689=CARTESIAN_POINT('',(0.0349678423698117,-0.0770323879818265,-0.0015));
#1690=CARTESIAN_POINT('',(0.0349678423698117,-0.0780323879818266,-0.0015));
#1691=CARTESIAN_POINT('',(5.11479878094014E-18,-0.0780323879818266,0.));
#1692=CARTESIAN_POINT('',(0.0015,-0.0780323879818266,-0.0349678423698117));
#1693=CARTESIAN_POINT('',(0.0015,-0.0780323879818266,-0.0349678423698117));
#1694=CARTESIAN_POINT('',(4.92634362123101E-18,-0.0502213151776324,0.));
#1695=CARTESIAN_POINT('',(0.0359687364248455,-0.0502213151776324,0.0015));
#1696=CARTESIAN_POINT('',(0.0359687364248455,-0.0740323879818265,0.0015));
#1697=CARTESIAN_POINT('',(0.0359687364248454,-0.0760323879818265,0.0015));
#1698=CARTESIAN_POINT('',(5.087693726628E-18,-0.0740323879818265,0.));
#1699=CARTESIAN_POINT('',(0.0015,-0.0740323879818265,0.0359687364248454));
#1700=CARTESIAN_POINT('',(0.0015,-0.0502213151776324,0.0359687364248454));
#1701=CARTESIAN_POINT('',(0.0015,-0.0760323879818265,0.0359687364248454));
#1702=CARTESIAN_POINT('',(5.10124625378407E-18,-0.0760323879818265,0.));
#1703=CARTESIAN_POINT('',(6.93889390390723E-18,-0.0770323879818265,0.));
#1704=CARTESIAN_POINT('',(0.0359687364248454,-0.0760323879818265,0.0015));
#1705=CARTESIAN_POINT('',(0.0357064753658299,-0.0760323879818265,0.0015));
#1706=CARTESIAN_POINT('',(0.0351864002223413,-0.0762476106765873,0.0015));
#1707=CARTESIAN_POINT('',(0.0349678423698117,-0.0767704143184505,0.0015));
#1708=CARTESIAN_POINT('',(0.0349678423698117,-0.0770323879818265,0.0015));
#1709=CARTESIAN_POINT('',(0.0349678423698117,-0.0770323879818265,0.0015));
#1710=CARTESIAN_POINT('',(0.0015,-0.0760323879818265,0.0359687364248454));
#1711=CARTESIAN_POINT('',(0.0015,-0.0760323879818265,0.0357064753658299));
#1712=CARTESIAN_POINT('',(0.0015,-0.0762476106765872,0.0351864002223413));
#1713=CARTESIAN_POINT('',(0.0015,-0.0767704143184505,0.0349678423698117));
#1714=CARTESIAN_POINT('',(0.0015,-0.0770323879818265,0.0349678423698117));
#1715=CARTESIAN_POINT('',(0.0015,-0.0770323879818265,0.0349678423698117));
#1716=CARTESIAN_POINT('',(5.1080225173621E-18,-0.0770323879818265,0.));
#1717=CARTESIAN_POINT('',(6.93889390390723E-18,-0.0740323879818265,0.));
#1718=CARTESIAN_POINT('',(0.0359687364248454,-0.0740323879818265,-0.0015));
#1719=CARTESIAN_POINT('',(0.0359687364248454,-0.0737712594402927,-0.0015));
#1720=CARTESIAN_POINT('',(0.0357519749011114,-0.0732482980418039,-0.0015));
#1721=CARTESIAN_POINT('',(0.0352287775662634,-0.0730323879818265,-0.0015));
#1722=CARTESIAN_POINT('',(0.0349678423698117,-0.0730323879818265,-0.0015));
#1723=CARTESIAN_POINT('',(0.0359687364248455,-0.0740323879818265,-0.0015));
#1724=CARTESIAN_POINT('',(5.087693726628E-18,-0.0740323879818265,0.));
#1725=CARTESIAN_POINT('',(0.0015,-0.0740323879818265,-0.0359687364248455));
#1726=CARTESIAN_POINT('',(0.0015,-0.0740323879818265,-0.0359687364248454));
#1727=CARTESIAN_POINT('',(0.0015,-0.0737716899656168,-0.0359687364248454));
#1728=CARTESIAN_POINT('',(0.0015,-0.0732467022945897,-0.0357506393294842));
#1729=CARTESIAN_POINT('',(0.0015,-0.0730323879818265,-0.0352286808754047));
#1730=CARTESIAN_POINT('',(0.0015,-0.0730323879818265,-0.0349678423698118));
#1731=CARTESIAN_POINT('',(4.92634362123101E-18,-0.0502213151776324,0.));
#1732=CARTESIAN_POINT('',(5.1080225173621E-18,-0.0770323879818265,0.));
#1733=CARTESIAN_POINT('',(-0.0015,-0.0770323879818265,-0.0349678423698117));
#1734=CARTESIAN_POINT('',(-0.0349678423698117,-0.0770323879818265,-0.0015));
#1735=CARTESIAN_POINT('',(-0.0015,-0.0770323879818265,-0.0349678423698117));
#1736=CARTESIAN_POINT('',(-0.0015,-0.0780323879818266,-0.0349678423698117));
#1737=CARTESIAN_POINT('',(5.11479878094014E-18,-0.0780323879818266,0.));
#1738=CARTESIAN_POINT('',(-0.0349678423698117,-0.0780323879818266,-0.0015));
#1739=CARTESIAN_POINT('',(-0.0349678423698117,-0.0780323879818266,-0.0015));
#1740=CARTESIAN_POINT('',(4.92634362123101E-18,-0.0502213151776324,0.));
#1741=CARTESIAN_POINT('',(0.0359687364248455,-0.0502213151776324,-0.0015));
#1742=CARTESIAN_POINT('',(0.0359687364248454,-0.0760323879818265,-0.0015));
#1743=CARTESIAN_POINT('',(5.10124625378407E-18,-0.0760323879818265,0.));
#1744=CARTESIAN_POINT('',(0.0015,-0.0760323879818265,-0.0359687364248454));
#1745=CARTESIAN_POINT('',(0.0015,-0.0502213151776324,-0.0359687364248454));
#1746=CARTESIAN_POINT('',(6.93889390390723E-18,-0.0770323879818265,0.));
#1747=CARTESIAN_POINT('',(0.0359687364248454,-0.0760323879818265,-0.0015));
#1748=CARTESIAN_POINT('',(0.0357064753658299,-0.0760323879818265,-0.0015));
#1749=CARTESIAN_POINT('',(0.0351864002223413,-0.0762476106765873,-0.0015));
#1750=CARTESIAN_POINT('',(0.0349678423698117,-0.0767704143184505,-0.0015));
#1751=CARTESIAN_POINT('',(0.0349678423698117,-0.0770323879818265,-0.0015));
#1752=CARTESIAN_POINT('',(0.0015,-0.0760323879818265,-0.0359687364248454));
#1753=CARTESIAN_POINT('',(0.0015,-0.0760323879818265,-0.0357075305258735));
#1754=CARTESIAN_POINT('',(0.0015,-0.0762500160655609,-0.0351831847804223));
#1755=CARTESIAN_POINT('',(0.0015,-0.0767709728203119,-0.0349678423698117));
#1756=CARTESIAN_POINT('',(0.0015,-0.0770323879818265,-0.0349678423698117));
#1757=CARTESIAN_POINT('',(6.93889390390723E-18,-0.0740323879818265,0.));
#1758=CARTESIAN_POINT('',(-0.0015,-0.0740323879818265,-0.0359687364248454));
#1759=CARTESIAN_POINT('',(-0.0015,-0.0737716899656168,-0.0359687364248454));
#1760=CARTESIAN_POINT('',(-0.0015,-0.0732467022945897,-0.0357506393294843));
#1761=CARTESIAN_POINT('',(-0.0015,-0.0730323879818265,-0.0352286808754047));
#1762=CARTESIAN_POINT('',(-0.0015,-0.0730323879818265,-0.0349678423698118));
#1763=CARTESIAN_POINT('',(-0.0015,-0.0740323879818265,-0.0359687364248454));
#1764=CARTESIAN_POINT('',(5.087693726628E-18,-0.0740323879818265,0.));
#1765=CARTESIAN_POINT('',(-0.0359687364248454,-0.0740323879818265,-0.0015));
#1766=CARTESIAN_POINT('',(-0.0359687364248454,-0.0740323879818265,-0.0015));
#1767=CARTESIAN_POINT('',(-0.0359687364248454,-0.0737716899656168,-0.0015));
#1768=CARTESIAN_POINT('',(-0.0357506393294842,-0.0732467022945897,-0.0015));
#1769=CARTESIAN_POINT('',(-0.0352286808754047,-0.0730323879818265,-0.0015));
#1770=CARTESIAN_POINT('',(-0.0349678423698117,-0.0730323879818265,-0.0015));
#1771=CARTESIAN_POINT('',(4.92634362123101E-18,-0.0502213151776324,0.));
#1772=CARTESIAN_POINT('',(5.1080225173621E-18,-0.0770323879818265,0.));
#1773=CARTESIAN_POINT('',(-0.0349678423698117,-0.0770323879818265,0.0015));
#1774=CARTESIAN_POINT('',(-0.0015,-0.0770323879818265,0.0349678423698117));
#1775=CARTESIAN_POINT('',(-0.0349678423698117,-0.0770323879818265,0.0015));
#1776=CARTESIAN_POINT('',(-0.0349678423698117,-0.0780323879818266,0.0015));
#1777=CARTESIAN_POINT('',(5.11479878094014E-18,-0.0780323879818266,0.));
#1778=CARTESIAN_POINT('',(-0.0015,-0.0780323879818266,0.0349678423698117));
#1779=CARTESIAN_POINT('',(-0.0015,-0.0780323879818266,0.0349678423698117));
#1780=CARTESIAN_POINT('',(6.93889390390723E-18,-0.0740323879818265,0.));
#1781=CARTESIAN_POINT('',(-0.0359687364248454,-0.0740323879818265,0.0015));
#1782=CARTESIAN_POINT('',(-0.0359687364248454,-0.0737716899656168,0.0015));
#1783=CARTESIAN_POINT('',(-0.0357506393294842,-0.0732467022945896,0.0015));
#1784=CARTESIAN_POINT('',(-0.0352286808754046,-0.0730323879818265,0.0015));
#1785=CARTESIAN_POINT('',(-0.0349678423698117,-0.0730323879818265,0.0015));
#1786=CARTESIAN_POINT('',(-0.0359687364248454,-0.0740323879818265,0.0015));
#1787=CARTESIAN_POINT('',(5.087693726628E-18,-0.0740323879818265,0.));
#1788=CARTESIAN_POINT('',(-0.0015,-0.0740323879818265,0.0359687364248454));
#1789=CARTESIAN_POINT('',(-0.0015,-0.0740323879818265,0.0359687364248454));
#1790=CARTESIAN_POINT('',(-0.0015,-0.0737712594402927,0.0359687364248454));
#1791=CARTESIAN_POINT('',(-0.0015,-0.0732482980418039,0.0357519749011114));
#1792=CARTESIAN_POINT('',(-0.0015,-0.0730323879818265,0.0352287775662634));
#1793=CARTESIAN_POINT('',(-0.0015,-0.0730323879818265,0.0349678423698117));
#1794=CARTESIAN_POINT('',(4.92634362123101E-18,-0.0502213151776324,0.));
#1795=CARTESIAN_POINT('',(-0.0015,-0.0502213151776324,-0.0359687364248454));
#1796=CARTESIAN_POINT('',(-0.0015,-0.0760323879818265,-0.0359687364248454));
#1797=CARTESIAN_POINT('',(5.10124625378407E-18,-0.0760323879818265,0.));
#1798=CARTESIAN_POINT('',(-0.0359687364248454,-0.0760323879818265,-0.0015));
#1799=CARTESIAN_POINT('',(-0.0359687364248454,-0.0502213151776324,-0.0015));
#1800=CARTESIAN_POINT('',(6.93889390390723E-18,-0.0770323879818265,0.));
#1801=CARTESIAN_POINT('',(-0.0015,-0.0760323879818265,-0.0359687364248454));
#1802=CARTESIAN_POINT('',(-0.0015,-0.0760323879818265,-0.0357075305258735));
#1803=CARTESIAN_POINT('',(-0.0015,-0.0762500160655608,-0.0351831847804224));
#1804=CARTESIAN_POINT('',(-0.0015,-0.0767709728203118,-0.0349678423698117));
#1805=CARTESIAN_POINT('',(-0.0015,-0.0770323879818265,-0.0349678423698117));
#1806=CARTESIAN_POINT('',(-0.0359687364248454,-0.0760323879818265,-0.0015));
#1807=CARTESIAN_POINT('',(-0.0357075305258735,-0.0760323879818265,-0.0015));
#1808=CARTESIAN_POINT('',(-0.0351831847804224,-0.0762500160655609,-0.0015));
#1809=CARTESIAN_POINT('',(-0.0349678423698117,-0.0767709728203119,-0.0015));
#1810=CARTESIAN_POINT('',(-0.0349678423698117,-0.0770323879818265,-0.0015));
#1811=CARTESIAN_POINT('',(6.93889390390723E-18,-0.0740323879818265,0.));
#1812=CARTESIAN_POINT('',(0.0359687364248454,-0.0740323879818265,0.0015));
#1813=CARTESIAN_POINT('',(0.0359687364248455,-0.0737712594402927,0.0015));
#1814=CARTESIAN_POINT('',(0.0357519749011114,-0.0732482980418039,0.0015));
#1815=CARTESIAN_POINT('',(0.0352287775662635,-0.0730323879818265,0.0015));
#1816=CARTESIAN_POINT('',(0.0349678423698118,-0.0730323879818265,0.0015));
#1817=CARTESIAN_POINT('',(0.0015,-0.0740323879818265,0.0359687364248454));
#1818=CARTESIAN_POINT('',(0.0015,-0.0737712594402927,0.0359687364248454));
#1819=CARTESIAN_POINT('',(0.0015,-0.0732482980418039,0.0357519749011114));
#1820=CARTESIAN_POINT('',(0.0015,-0.0730323879818265,0.0352287775662634));
#1821=CARTESIAN_POINT('',(0.0015,-0.0730323879818265,0.0349678423698117));
#1822=CARTESIAN_POINT('',(4.92634362123101E-18,-0.0502213151776324,0.));
#1823=CARTESIAN_POINT('',(-0.00397234549745917,-0.0800323879818266,-0.0428161239633951));
#1824=CARTESIAN_POINT('',(-0.00397234549745917,-0.0800323879818266,-0.0428161239633951));
#1825=CARTESIAN_POINT('',(-0.00397234549745917,-0.0825323879818266,-0.0428161239633951));
#1826=CARTESIAN_POINT('',(5.14529196704129E-18,-0.0825323879818266,0.));
#1827=CARTESIAN_POINT('',(0.00271792057901621,-0.0825323879818266,-0.0429140176134344));
#1828=CARTESIAN_POINT('',(0.00271792057901621,-0.0800323879818266,-0.0429140176134344));
#1829=CARTESIAN_POINT('',(0.00271792057901621,-0.0800323879818266,-0.0429140176134344));
#1830=CARTESIAN_POINT('',(5.1283513080962E-18,-0.0800323879818266,0.));
#1831=CARTESIAN_POINT('',(5.12157504451817E-18,-0.0790323879818266,0.));
#1832=CARTESIAN_POINT('',(-0.043,-0.0790323879818266,0.));
#1833=CARTESIAN_POINT('',(4.92634362123101E-18,-0.0502213151776324,0.));
#1834=CARTESIAN_POINT('',(-0.0359687364248454,-0.0502213151776324,0.0015));
#1835=CARTESIAN_POINT('',(-0.0359687364248454,-0.0760323879818265,0.0015));
#1836=CARTESIAN_POINT('',(5.10124625378407E-18,-0.0760323879818265,0.));
#1837=CARTESIAN_POINT('',(-0.0015,-0.0760323879818265,0.0359687364248454));
#1838=CARTESIAN_POINT('',(-0.0015,-0.0502213151776324,0.0359687364248454));
#1839=CARTESIAN_POINT('',(6.93889390390723E-18,-0.0770323879818265,0.));
#1840=CARTESIAN_POINT('',(-0.0359687364248454,-0.0760323879818265,0.0015));
#1841=CARTESIAN_POINT('',(-0.0357075305258735,-0.0760323879818265,0.0015));
#1842=CARTESIAN_POINT('',(-0.0351831847804224,-0.0762500160655609,0.0015));
#1843=CARTESIAN_POINT('',(-0.0349678423698117,-0.0767709728203119,0.0015));
#1844=CARTESIAN_POINT('',(-0.0349678423698117,-0.0770323879818265,0.0015));
#1845=CARTESIAN_POINT('',(-0.0015,-0.0760323879818265,0.0359687364248454));
#1846=CARTESIAN_POINT('',(-0.0015,-0.0760323879818265,0.0357064753658299));
#1847=CARTESIAN_POINT('',(-0.0015,-0.0762476106765872,0.0351864002223413));
#1848=CARTESIAN_POINT('',(-0.0015,-0.0767704143184505,0.0349678423698117));
#1849=CARTESIAN_POINT('',(-0.0015,-0.0770323879818265,0.0349678423698117));
#1850=CARTESIAN_POINT('',(4.92634362123101E-18,-0.0502213151776324,0.));
#1851=CARTESIAN_POINT('',(5.11479878094014E-18,-0.0780323879818266,0.));
#1852=CARTESIAN_POINT('',(0.0015,-0.0780323879818266,0.0349678423698117));
#1853=CARTESIAN_POINT('',(0.0349678423698117,-0.0780323879818266,0.0015));
#1854=CARTESIAN_POINT('',(0.0349678423698117,-0.0780323879818266,0.0015));
#1855=CARTESIAN_POINT('',(0.0015,-0.0770323879818265,0.0349678423698117));
#1856=CARTESIAN_POINT('',(-0.0385,-0.0780323879818266,0.));
#1857=CARTESIAN_POINT('',(5.11479878094014E-18,-0.0780323879818266,0.));
#1858=CARTESIAN_POINT('',(5.11479878094014E-18,-0.0780323879818266,0.));
#1859=CARTESIAN_POINT('',(5.11479878094014E-18,-0.0780323879818266,0.));
#1860=CARTESIAN_POINT('',(5.11479878094014E-18,-0.0780323879818266,0.));
#1861=CARTESIAN_POINT('',(5.11479878094014E-18,-0.0780323879818266,0.));
#1862=CARTESIAN_POINT('',(-0.042,-0.0780323879818266,0.));
#1863=CARTESIAN_POINT('',(6.93889390390723E-18,-0.0790323879818266,0.));
#1864=CARTESIAN_POINT('',(5.01443504774546E-18,-0.0770323879818265,0.03725));
#1865=CARTESIAN_POINT('',(-0.0015,-0.0770323879818265,0.03725));
#1866=CARTESIAN_POINT('',(-0.0015,-0.0760323879818265,0.03725));
#1867=CARTESIAN_POINT('',(-0.0015,-0.0740323879818265,0.03725));
#1868=CARTESIAN_POINT('',(5.00765878416742E-18,-0.0760323879818265,0.03725));
#1869=CARTESIAN_POINT('',(0.0015,-0.0760323879818265,0.03725));
#1870=CARTESIAN_POINT('',(0.0015,-0.0770323879818265,0.03725));
#1871=CARTESIAN_POINT('',(0.0015,-0.0740323879818265,0.03725));
#1872=CARTESIAN_POINT('',(4.99410625701136E-18,-0.0740323879818265,0.03725));
#1873=CARTESIAN_POINT('',(0.0015,-0.0770323879818265,0.035));
#1874=CARTESIAN_POINT('',(0.0015,-0.0760323879818265,0.03625));
#1875=CARTESIAN_POINT('',(0.0015,-0.0770323879818265,0.03625));
#1876=CARTESIAN_POINT('',(0.0015,-0.0770323879818265,0.035));
#1877=CARTESIAN_POINT('',(0.0015,-0.0770323879818265,0.0359687364248454));
#1878=CARTESIAN_POINT('',(0.0015,-0.0770323879818265,0.0359687364248454));
#1879=CARTESIAN_POINT('',(0.0015,-0.0770323879818265,0.0357045114792129));
#1880=CARTESIAN_POINT('',(0.0015,-0.0772494740039863,0.035186645881686));
#1881=CARTESIAN_POINT('',(0.0015,-0.077768156439754,0.0349678423698118));
#1882=CARTESIAN_POINT('',(0.0015,-0.0780323879818266,0.0349678423698118));
#1883=CARTESIAN_POINT('',(0.0015,-0.0740323879818265,0.03625));
#1884=CARTESIAN_POINT('',(-0.0015,-0.0770323879818265,0.035));
#1885=CARTESIAN_POINT('',(-0.0015,-0.0770323879818265,0.035));
#1886=CARTESIAN_POINT('',(-0.0015,-0.0770323879818265,0.03625));
#1887=CARTESIAN_POINT('',(-0.0015,-0.0770323879818265,0.0359687364248454));
#1888=CARTESIAN_POINT('',(-0.0015,-0.0760323879818265,0.03625));
#1889=CARTESIAN_POINT('',(-0.0015,-0.0740323879818265,0.03625));
#1890=CARTESIAN_POINT('',(-0.0015,-0.0780323879818266,0.0349678423698118));
#1891=CARTESIAN_POINT('',(-0.0015,-0.07776816055114,0.0349678423698118));
#1892=CARTESIAN_POINT('',(-0.0015,-0.0772504825710399,0.0351856318225415));
#1893=CARTESIAN_POINT('',(-0.0015,-0.0770323879818265,0.0357045156340002));
#1894=CARTESIAN_POINT('',(-0.0015,-0.0770323879818265,0.0359687364248454));
#1895=CARTESIAN_POINT('',(7.46088566891749E-18,-0.0770323879818265,0.00231176122964985));
#1896=CARTESIAN_POINT('',(5.1080225173621E-18,-0.0770323879818265,0.));
#1897=CARTESIAN_POINT('',(7.46088566891749E-18,-0.0770323879818265,0.03625));
#1898=CARTESIAN_POINT('',(5.11479878094014E-18,-0.0780323879818266,0.));
#1899=CARTESIAN_POINT('',(7.45410940533946E-18,-0.0760323879818265,0.03625));
#1900=CARTESIAN_POINT('',(4.99410625701136E-18,-0.0740323879818265,0.03625));
#1901=CARTESIAN_POINT('',(-0.03725,-0.0770323879818265,6.77334794614714E-18));
#1902=CARTESIAN_POINT('',(-0.03725,-0.0770323879818265,-0.0015));
#1903=CARTESIAN_POINT('',(-0.03725,-0.0760323879818265,-0.0015));
#1904=CARTESIAN_POINT('',(-0.03725,-0.0740323879818265,-0.0015));
#1905=CARTESIAN_POINT('',(-0.03725,-0.0760323879818265,6.77334794614714E-18));
#1906=CARTESIAN_POINT('',(-0.03725,-0.0760323879818265,0.0015));
#1907=CARTESIAN_POINT('',(-0.03725,-0.0770323879818265,0.0015));
#1908=CARTESIAN_POINT('',(-0.03725,-0.0740323879818265,0.0015));
#1909=CARTESIAN_POINT('',(-0.03725,-0.0740323879818265,6.77334794614714E-18));
#1910=CARTESIAN_POINT('',(-0.035,-0.0770323879818265,0.0015));
#1911=CARTESIAN_POINT('',(-0.03625,-0.0760323879818265,0.0015));
#1912=CARTESIAN_POINT('',(-0.03625,-0.0770323879818265,0.0015));
#1913=CARTESIAN_POINT('',(-0.035,-0.0770323879818265,0.0015));
#1914=CARTESIAN_POINT('',(-0.0359687364248454,-0.0770323879818265,0.0015));
#1915=CARTESIAN_POINT('',(-0.0359687364248454,-0.0770323879818265,0.0015));
#1916=CARTESIAN_POINT('',(-0.0357045114792129,-0.0770323879818265,0.0015));
#1917=CARTESIAN_POINT('',(-0.035186645881686,-0.0772494740039863,0.0015));
#1918=CARTESIAN_POINT('',(-0.0349678423698117,-0.077768156439754,0.0015));
#1919=CARTESIAN_POINT('',(-0.0349678423698117,-0.0780323879818266,0.0015));
#1920=CARTESIAN_POINT('',(-0.03625,-0.0740323879818265,0.0015));
#1921=CARTESIAN_POINT('',(-0.035,-0.0770323879818265,-0.0015));
#1922=CARTESIAN_POINT('',(-0.035,-0.0770323879818265,-0.0015));
#1923=CARTESIAN_POINT('',(-0.03625,-0.0770323879818265,-0.0015));
#1924=CARTESIAN_POINT('',(-0.0359687364248454,-0.0770323879818265,-0.0015));
#1925=CARTESIAN_POINT('',(-0.03625,-0.0760323879818265,-0.0015));
#1926=CARTESIAN_POINT('',(-0.03625,-0.0740323879818265,-0.0015));
#1927=CARTESIAN_POINT('',(-0.0349678423698117,-0.0780323879818266,-0.0015));
#1928=CARTESIAN_POINT('',(-0.0349678423698117,-0.07776816055114,-0.0015));
#1929=CARTESIAN_POINT('',(-0.0351856318225414,-0.0772504825710399,-0.0015));
#1930=CARTESIAN_POINT('',(-0.0357045156340002,-0.0770323879818265,-0.0015));
#1931=CARTESIAN_POINT('',(-0.0359687364248454,-0.0770323879818265,-0.0015));
#1932=CARTESIAN_POINT('',(-0.00231176122964985,-0.0770323879818265,7.08044845342141E-18));
#1933=CARTESIAN_POINT('',(5.1080225173621E-18,-0.0770323879818265,0.));
#1934=CARTESIAN_POINT('',(-0.03625,-0.0770323879818265,9.15856622736181E-18));
#1935=CARTESIAN_POINT('',(5.11479878094014E-18,-0.0780323879818266,0.));
#1936=CARTESIAN_POINT('',(-0.03625,-0.0760323879818265,9.15856622736181E-18));
#1937=CARTESIAN_POINT('',(-0.03625,-0.0740323879818265,6.71211560618977E-18));
#1938=CARTESIAN_POINT('',(-0.0015,-0.0770323879818265,-0.035));
#1939=CARTESIAN_POINT('',(-0.0015,-0.0770323879818265,-0.03725));
#1940=CARTESIAN_POINT('',(-0.0015,-0.0760323879818265,-0.03725));
#1941=CARTESIAN_POINT('',(-0.0015,-0.0740323879818265,-0.03725));
#1942=CARTESIAN_POINT('',(-0.0015,-0.0760323879818265,-0.03625));
#1943=CARTESIAN_POINT('',(-0.0015,-0.0770323879818265,-0.03625));
#1944=CARTESIAN_POINT('',(-0.0015,-0.0770323879818265,-0.035));
#1945=CARTESIAN_POINT('',(-0.0015,-0.0770323879818265,-0.0359687364248454));
#1946=CARTESIAN_POINT('',(-0.0015,-0.0770323879818265,-0.0359687364248454));
#1947=CARTESIAN_POINT('',(-0.0015,-0.0770323879818265,-0.0357045114792129));
#1948=CARTESIAN_POINT('',(-0.0015,-0.0772494740039863,-0.035186645881686));
#1949=CARTESIAN_POINT('',(-0.0015,-0.077768156439754,-0.0349678423698118));
#1950=CARTESIAN_POINT('',(-0.0015,-0.0780323879818266,-0.0349678423698118));
#1951=CARTESIAN_POINT('',(-0.0015,-0.0740323879818265,-0.03625));
#1952=CARTESIAN_POINT('',(0.0015,-0.0770323879818265,-0.035));
#1953=CARTESIAN_POINT('',(0.0015,-0.0770323879818265,-0.035));
#1954=CARTESIAN_POINT('',(0.0015,-0.0770323879818265,-0.03625));
#1955=CARTESIAN_POINT('',(0.0015,-0.0770323879818265,-0.0359687364248454));
#1956=CARTESIAN_POINT('',(0.0015,-0.0760323879818265,-0.03625));
#1957=CARTESIAN_POINT('',(0.0015,-0.0760323879818265,-0.03725));
#1958=CARTESIAN_POINT('',(0.0015,-0.0770323879818265,-0.03725));
#1959=CARTESIAN_POINT('',(0.0015,-0.0740323879818265,-0.03725));
#1960=CARTESIAN_POINT('',(0.0015,-0.0740323879818265,-0.03625));
#1961=CARTESIAN_POINT('',(0.0015,-0.0780323879818266,-0.0349678423698118));
#1962=CARTESIAN_POINT('',(0.0015,-0.07776816055114,-0.0349678423698118));
#1963=CARTESIAN_POINT('',(0.0015,-0.0772504825710399,-0.0351856318225415));
#1964=CARTESIAN_POINT('',(0.0015,-0.0770323879818265,-0.0357045156340002));
#1965=CARTESIAN_POINT('',(0.0015,-0.0770323879818265,-0.0359687364248454));
#1966=CARTESIAN_POINT('',(-8.53226084454882E-18,-0.0770323879818265,-0.03725));
#1967=CARTESIAN_POINT('',(-8.53903710812685E-18,-0.0760323879818265,-0.03725));
#1968=CARTESIAN_POINT('',(-8.55258963528292E-18,-0.0740323879818265,-0.03725));
#1969=CARTESIAN_POINT('',(-6.70001123792533E-18,-0.0770323879818265,-0.00231176122964985));
#1970=CARTESIAN_POINT('',(5.1080225173621E-18,-0.0770323879818265,0.));
#1971=CARTESIAN_POINT('',(-1.08562467858061E-17,-0.0770323879818265,-0.03625));
#1972=CARTESIAN_POINT('',(5.11479878094014E-18,-0.0780323879818266,0.));
#1973=CARTESIAN_POINT('',(-1.08630230493842E-17,-0.0760323879818265,-0.03625));
#1974=CARTESIAN_POINT('',(-8.43012495536819E-18,-0.0740323879818265,-0.03625));
#1975=CARTESIAN_POINT('',(0.035,-0.0770323879818265,-0.0015));
#1976=CARTESIAN_POINT('',(0.03725,-0.0770323879818265,-0.0015));
#1977=CARTESIAN_POINT('',(0.03725,-0.0760323879818265,-0.0015));
#1978=CARTESIAN_POINT('',(0.03725,-0.0740323879818265,-0.0015));
#1979=CARTESIAN_POINT('',(0.03625,-0.0760323879818265,-0.0015));
#1980=CARTESIAN_POINT('',(0.03625,-0.0770323879818265,-0.0015));
#1981=CARTESIAN_POINT('',(0.035,-0.0770323879818265,-0.0015));
#1982=CARTESIAN_POINT('',(0.0359687364248454,-0.0770323879818265,-0.0015));
#1983=CARTESIAN_POINT('',(0.0359687364248454,-0.0770323879818265,-0.0015));
#1984=CARTESIAN_POINT('',(0.0357045114792129,-0.0770323879818265,-0.0015));
#1985=CARTESIAN_POINT('',(0.035186645881686,-0.0772494740039863,-0.0015));
#1986=CARTESIAN_POINT('',(0.0349678423698117,-0.077768156439754,-0.0015));
#1987=CARTESIAN_POINT('',(0.0349678423698117,-0.0780323879818266,-0.0015));
#1988=CARTESIAN_POINT('',(0.03625,-0.0740323879818265,-0.0015));
#1989=CARTESIAN_POINT('',(0.035,-0.0770323879818265,0.0015));
#1990=CARTESIAN_POINT('',(0.035,-0.0770323879818265,0.0015));
#1991=CARTESIAN_POINT('',(0.03625,-0.0770323879818265,0.0015));
#1992=CARTESIAN_POINT('',(0.0359687364248454,-0.0770323879818265,0.0015));
#1993=CARTESIAN_POINT('',(0.03625,-0.0760323879818265,0.0015));
#1994=CARTESIAN_POINT('',(0.03725,-0.0760323879818265,0.0015));
#1995=CARTESIAN_POINT('',(0.03725,-0.0770323879818265,0.0015));
#1996=CARTESIAN_POINT('',(0.03725,-0.0740323879818265,0.0015));
#1997=CARTESIAN_POINT('',(0.03625,-0.0740323879818265,0.0015));
#1998=CARTESIAN_POINT('',(0.0349678423698118,-0.0780323879818266,0.0015));
#1999=CARTESIAN_POINT('',(0.0349678423698118,-0.07776816055114,0.0015));
#2000=CARTESIAN_POINT('',(0.0351856318225415,-0.0772504825710399,0.0015));
#2001=CARTESIAN_POINT('',(0.0357045156340002,-0.0770323879818265,0.0015));
#2002=CARTESIAN_POINT('',(0.0359687364248454,-0.0770323879818265,0.0015));
#2003=CARTESIAN_POINT('',(0.03725,-0.0770323879818265,-1.1335157272971E-17));
#2004=CARTESIAN_POINT('',(0.03725,-0.0760323879818265,-1.1335157272971E-17));
#2005=CARTESIAN_POINT('',(0.03725,-0.0740323879818265,-1.1335157272971E-17));
#2006=CARTESIAN_POINT('',(0.00231176122964986,-0.0770323879818265,-7.36355755244978E-18));
#2007=CARTESIAN_POINT('',(5.1080225173621E-18,-0.0770323879818265,0.));
#2008=CARTESIAN_POINT('',(0.03625,-0.0770323879818265,-1.3597910874271E-17));
#2009=CARTESIAN_POINT('',(5.11479878094014E-18,-0.0780323879818266,0.));
#2010=CARTESIAN_POINT('',(0.03625,-0.0760323879818265,-1.3597910874271E-17));
#2011=CARTESIAN_POINT('',(0.03625,-0.0740323879818265,-1.11514602530989E-17));
#2012=CARTESIAN_POINT('',(0.00768047845628109,-0.0830343879818266,-0.0025));
#2013=CARTESIAN_POINT('',(0.00768047845628109,-0.0830343879818266,0.));
#2014=CARTESIAN_POINT('',(-0.0076804784562811,-0.0830343879818266,-0.0025));
#2015=CARTESIAN_POINT('',(-0.0076804784562811,-0.0830343879818266,0.));
#2016=CARTESIAN_POINT('',(-7.73847945358813E-18,-0.0830343879818266,0.));
#2017=CARTESIAN_POINT('',(-0.00397234549745917,-0.0800323879818266,-0.0254080619816976));
#2018=CARTESIAN_POINT('',(-0.00397234549745917,-0.0830323879818266,-0.0423139512601792));
#2019=CARTESIAN_POINT('',(-0.00397234549745917,-0.0830323879818266,-0.0425786286301226));
#2020=CARTESIAN_POINT('',(-0.00397234549745917,-0.0827970980733431,-0.0428161239633951));
#2021=CARTESIAN_POINT('',(-0.00397234549745917,-0.0825323879818266,-0.0428161239633951));
#2022=CARTESIAN_POINT('',(-0.00397234549745917,-0.0800323879818266,-0.0254080619816976));
#2023=CARTESIAN_POINT('',(-0.00397234549745917,-0.0800323879818266,-0.014));
#2024=CARTESIAN_POINT('',(-0.00397234549745917,-0.0740323879818265,-0.014));
#2025=CARTESIAN_POINT('',(0.00271792057901621,-0.0800323879818266,-0.0254570088067172));
#2026=CARTESIAN_POINT('',(0.00271792057901621,-0.0825323879818266,-0.0429140176134345));
#2027=CARTESIAN_POINT('',(0.00271792057901621,-0.0827967676271734,-0.0429140176134345));
#2028=CARTESIAN_POINT('',(0.00271792057901621,-0.0830323879818266,-0.0426773685725465));
#2029=CARTESIAN_POINT('',(0.00271792057901621,-0.0830323879818266,-0.0424130039931878));
#2030=CARTESIAN_POINT('',(0.00271792057901621,-0.0740323879818265,-0.014));
#2031=CARTESIAN_POINT('',(0.00271792057901621,-0.0800323879818266,-0.014));
#2032=CARTESIAN_POINT('',(0.00271792057901621,-0.0800323879818266,-0.0254570088067172));
#2033=CARTESIAN_POINT('',(7.4812144596516E-18,-0.0800323879818266,0.));
#2034=CARTESIAN_POINT('',(7.4812144596516E-18,-0.0800323879818266,-0.014));
#2035=CARTESIAN_POINT('',(7.4812144596516E-18,-0.0800323879818266,4.29911932827848E-5));
#2036=CARTESIAN_POINT('',(-0.018,-0.0800323879818266,-0.00125));
#2037=CARTESIAN_POINT('',(-0.015,-0.0800323879818266,-0.00125));
#2038=CARTESIAN_POINT('',(-0.018,-0.0800323879818266,-0.00125));
#2039=CARTESIAN_POINT('',(7.4812144596516E-18,-0.0800323879818266,4.29911932827848E-5));
#2040=CARTESIAN_POINT('',(0.018,-0.0800323879818266,-0.00125));
#2041=CARTESIAN_POINT('',(0.021,-0.0800323879818266,-0.00125));
#2042=CARTESIAN_POINT('',(0.018,-0.0800323879818266,-0.00125));
#2043=CARTESIAN_POINT('',(7.44055687818339E-18,-0.0740323879818265,-0.014));
#2044=CARTESIAN_POINT('',(5.14529196704129E-18,-0.0825323879818266,0.));
#2045=MECHANICAL_DESIGN_GEOMETRIC_PRESENTATION_REPRESENTATION('',(#1142),
#2046);
#2046=(
GEOMETRIC_REPRESENTATION_CONTEXT(3)
GLOBAL_UNCERTAINTY_ASSIGNED_CONTEXT((#2047))
GLOBAL_UNIT_ASSIGNED_CONTEXT((#2050,#2049,#2048))
REPRESENTATION_CONTEXT('Base','TOP_LEVEL_ASSEMBLY_PART')
);
#2047=UNCERTAINTY_MEASURE_WITH_UNIT(LENGTH_MEASURE(2.E-5),#2050,
'DISTANCE_ACCURACY_VALUE','Maximum Tolerance applied to model');
#2048=(
NAMED_UNIT(*)
SI_UNIT($,.STERADIAN.)
SOLID_ANGLE_UNIT()
);
#2049=(
NAMED_UNIT(*)
PLANE_ANGLE_UNIT()
SI_UNIT($,.RADIAN.)
);
#2050=(
LENGTH_UNIT()
NAMED_UNIT(*)
SI_UNIT($,.METRE.)
);
#2051=PRODUCT_DEFINITION_SHAPE('','',#2052);
#2052=PRODUCT_DEFINITION('','',#2054,#2053);
#2053=PRODUCT_DEFINITION_CONTEXT('',#2060,'design');
#2054=PRODUCT_DEFINITION_FORMATION_WITH_SPECIFIED_SOURCE('','',#2056,
 .NOT_KNOWN.);
#2055=PRODUCT_RELATED_PRODUCT_CATEGORY('','',(#2056));
#2056=PRODUCT('Base','Base','Base',(#2058));
#2057=PRODUCT_CATEGORY('','');
#2058=PRODUCT_CONTEXT('',#2060,'mechanical');
#2059=APPLICATION_PROTOCOL_DEFINITION('international standard',
'ap242_managed_model_based_3d_engineering',2020,#2060);
#2060=APPLICATION_CONTEXT('managed model based 3d engineering');
ENDSEC;
END-ISO-10303-21;
